time,open,high,low,close,tick_volume,spread,real_volume,time_utc,time_broker
1782816300,24858.62,24860.2,24836.14,24843.49,402,195,0,2026-06-30 10:45:00+00:00,2026-06-30 12:45:00+02:00
1782816600,24842.5,24842.5,24805.57,24808.45,328,195,0,2026-06-30 10:50:00+00:00,2026-06-30 12:50:00+02:00
1782816900,24807.95,24820.18,24795.38,24806.99,293,195,0,2026-06-30 10:55:00+00:00,2026-06-30 12:55:00+02:00
1782817200,24808.64,24833.84,24807.49,24824.91,397,195,0,2026-06-30 11:00:00+00:00,2026-06-30 13:00:00+02:00
1782817500,24825.39,24831.81,24807.61,24814.02,364,195,0,2026-06-30 11:05:00+00:00,2026-06-30 13:05:00+02:00
1782817800,24813.52,24829.14,24811.67,24819.13,366,195,0,2026-06-30 11:10:00+00:00,2026-06-30 13:10:00+02:00
1782818100,24818.63,24842.47,24811.23,24841.45,408,195,0,2026-06-30 11:15:00+00:00,2026-06-30 13:15:00+02:00
1782818400,24840.46,24870.72,24839.46,24854.41,378,195,0,2026-06-30 11:20:00+00:00,2026-06-30 13:20:00+02:00
1782818700,24853.91,24866.22,24850.38,24861.15,273,195,0,2026-06-30 11:25:00+00:00,2026-06-30 13:25:00+02:00
1782819000,24860.65,24868.08,24837.37,24838.91,343,195,0,2026-06-30 11:30:00+00:00,2026-06-30 13:30:00+02:00
1782819300,24839.4,24839.4,24819.17,24823.2,457,195,0,2026-06-30 11:35:00+00:00,2026-06-30 13:35:00+02:00
1782819600,24822.2,24828.59,24811.88,24824.66,430,195,0,2026-06-30 11:40:00+00:00,2026-06-30 13:40:00+02:00
1782819900,24825.16,24833.96,24818.13,24820.52,332,195,0,2026-06-30 11:45:00+00:00,2026-06-30 13:45:00+02:00
1782820200,24821.52,24828.37,24805.23,24826.91,352,195,0,2026-06-30 11:50:00+00:00,2026-06-30 13:50:00+02:00
1782820500,24829.4,24830.99,24817.65,24821.1,257,195,0,2026-06-30 11:55:00+00:00,2026-06-30 13:55:00+02:00
1782820800,24820.11,24863.28,24818.13,24863.28,338,195,0,2026-06-30 12:00:00+00:00,2026-06-30 14:00:00+02:00
1782821100,24862.78,24862.79,24844.87,24849.86,290,195,0,2026-06-30 12:05:00+00:00,2026-06-30 14:05:00+02:00
1782821400,24849.36,24860.76,24843.46,24848.39,253,195,0,2026-06-30 12:10:00+00:00,2026-06-30 14:10:00+02:00
1782821700,24848.89,24859.33,24847.9,24854.63,238,195,0,2026-06-30 12:15:00+00:00,2026-06-30 14:15:00+02:00
1782822000,24855.62,24873.25,24851.6,24873.25,270,195,0,2026-06-30 12:20:00+00:00,2026-06-30 14:20:00+02:00
1782822300,24872.74,24881.17,24869.47,24875.41,279,195,0,2026-06-30 12:25:00+00:00,2026-06-30 14:25:00+02:00
1782822600,24874.92,24887.76,24864.09,24879.41,304,195,0,2026-06-30 12:30:00+00:00,2026-06-30 14:30:00+02:00
1782822900,24878.91,24897.79,24878.42,24893.92,272,195,0,2026-06-30 12:35:00+00:00,2026-06-30 14:35:00+02:00
1782823200,24894.92,24917.19,24894.91,24911.69,253,195,0,2026-06-30 12:40:00+00:00,2026-06-30 14:40:00+02:00
1782823500,24911.2,24928.24,24909.31,24925.26,258,195,0,2026-06-30 12:45:00+00:00,2026-06-30 14:45:00+02:00
1782823800,24925.75,24933.11,24908.23,24909.22,434,195,0,2026-06-30 12:50:00+00:00,2026-06-30 14:50:00+02:00
1782824100,24909.72,24920.35,24906.71,24910.2,433,195,0,2026-06-30 12:55:00+00:00,2026-06-30 14:55:00+02:00
1782824400,24909.2,24921.1,24903.35,24917.52,362,195,0,2026-06-30 13:00:00+00:00,2026-06-30 15:00:00+02:00
1782824700,24917.02,24936.24,24914.52,24934.84,320,195,0,2026-06-30 13:05:00+00:00,2026-06-30 15:05:00+02:00
1782825000,24934.34,24935.86,24921.13,24925.53,349,195,0,2026-06-30 13:10:00+00:00,2026-06-30 15:10:00+02:00
1782825300,24926.02,24957.99,24924.03,24957.51,289,195,0,2026-06-30 13:15:00+00:00,2026-06-30 15:15:00+02:00
1782825600,24956.51,24962.91,24948.05,24949.55,292,195,0,2026-06-30 13:20:00+00:00,2026-06-30 15:20:00+02:00
1782825900,24950.55,24976.97,24950.55,24974.0,256,195,0,2026-06-30 13:25:00+00:00,2026-06-30 15:25:00+02:00
1782826200,24974.5,24982.93,24968.17,24973.22,262,195,0,2026-06-30 13:30:00+00:00,2026-06-30 15:30:00+02:00
1782826500,24972.72,24978.14,24964.65,24969.91,308,195,0,2026-06-30 13:35:00+00:00,2026-06-30 15:35:00+02:00
1782826800,24969.41,24988.45,24966.46,24979.46,292,195,0,2026-06-30 13:40:00+00:00,2026-06-30 15:40:00+02:00
1782827100,24979.47,24979.47,24964.22,24967.14,257,195,0,2026-06-30 13:45:00+00:00,2026-06-30 15:45:00+02:00
1782827400,24966.65,24977.5,24955.23,24968.6,272,195,0,2026-06-30 13:50:00+00:00,2026-06-30 15:50:00+02:00
1782827700,24968.61,24984.31,24965.73,24976.98,287,195,0,2026-06-30 13:55:00+00:00,2026-06-30 15:55:00+02:00
1782828000,24978.97,24982.95,24959.59,24980.97,278,195,0,2026-06-30 14:00:00+00:00,2026-06-30 16:00:00+02:00
1782828300,24981.46,25001.46,24980.97,24995.0,325,195,0,2026-06-30 14:05:00+00:00,2026-06-30 16:05:00+02:00
1782828600,24994.5,25001.96,24987.51,24995.53,307,195,0,2026-06-30 14:10:00+00:00,2026-06-30 16:10:00+02:00
1782828900,24996.03,25013.28,24991.08,25000.79,329,195,0,2026-06-30 14:15:00+00:00,2026-06-30 16:15:00+02:00
1782829200,25000.29,25011.22,24997.32,25006.94,301,195,0,2026-06-30 14:20:00+00:00,2026-06-30 16:20:00+02:00
1782829500,25007.44,25007.94,24991.31,24993.81,332,195,0,2026-06-30 14:25:00+00:00,2026-06-30 16:25:00+02:00
1782829800,24993.31,25015.9,24993.31,25005.43,326,195,0,2026-06-30 14:30:00+00:00,2026-06-30 16:30:00+02:00
1782830100,25005.93,25019.24,25005.43,25019.23,306,195,0,2026-06-30 14:35:00+00:00,2026-06-30 16:35:00+02:00
1782830400,25018.74,25023.52,25011.06,25016.34,286,195,0,2026-06-30 14:40:00+00:00,2026-06-30 16:40:00+02:00
1782830700,25016.84,25022.0,25007.31,25012.76,314,195,0,2026-06-30 14:45:00+00:00,2026-06-30 16:45:00+02:00
1782831000,25013.26,25013.75,24998.1,25009.71,288,195,0,2026-06-30 14:50:00+00:00,2026-06-30 16:50:00+02:00
1782831300,25009.7,25010.17,24991.08,24992.51,246,195,0,2026-06-30 14:55:00+00:00,2026-06-30 16:55:00+02:00
1782831600,24992.5,24995.43,24965.83,24976.69,404,195,0,2026-06-30 15:00:00+00:00,2026-06-30 17:00:00+02:00
1782831900,24976.2,24976.2,24957.45,24963.07,377,195,0,2026-06-30 15:05:00+00:00,2026-06-30 17:05:00+02:00
1782832200,24964.06,24967.73,24956.97,24960.52,335,195,0,2026-06-30 15:10:00+00:00,2026-06-30 17:10:00+02:00
1782832500,24959.53,24962.02,24939.69,24952.47,382,195,0,2026-06-30 15:15:00+00:00,2026-06-30 17:15:00+02:00
1782832800,24952.97,24954.94,24930.84,24935.55,381,195,0,2026-06-30 15:20:00+00:00,2026-06-30 17:20:00+02:00
1782833100,24936.05,24940.52,24923.55,24924.54,367,195,0,2026-06-30 15:25:00+00:00,2026-06-30 17:25:00+02:00
1782833400,24924.05,24929.01,24895.86,24908.54,494,195,0,2026-06-30 15:30:00+00:00,2026-06-30 17:30:00+02:00
1782833700,24909.53,24918.19,24902.9,24916.37,449,195,0,2026-06-30 15:35:00+00:00,2026-06-30 17:35:00+02:00
1782834000,24915.87,24942.47,24915.69,24940.49,372,195,0,2026-06-30 15:40:00+00:00,2026-06-30 17:40:00+02:00
1782834300,24940.0,24944.0,24931.63,24941.74,360,195,0,2026-06-30 15:45:00+00:00,2026-06-30 17:45:00+02:00
1782834600,24941.25,24965.14,24937.93,24956.36,308,195,0,2026-06-30 15:50:00+00:00,2026-06-30 17:50:00+02:00
1782834900,24955.86,24955.86,24929.73,24947.98,331,195,0,2026-06-30 15:55:00+00:00,2026-06-30 17:55:00+02:00
1782835200,24948.47,24951.49,24914.87,24917.33,403,195,0,2026-06-30 16:00:00+00:00,2026-06-30 18:00:00+02:00
1782835500,24918.32,24920.79,24900.48,24903.45,414,195,0,2026-06-30 16:05:00+00:00,2026-06-30 18:05:00+02:00
1782835800,24903.95,24908.72,24890.53,24897.3,416,195,0,2026-06-30 16:10:00+00:00,2026-06-30 18:10:00+02:00
1782836100,24897.8,24908.91,24889.77,24907.37,366,195,0,2026-06-30 16:15:00+00:00,2026-06-30 18:15:00+02:00
1782836400,24908.37,24908.85,24891.5,24899.33,357,195,0,2026-06-30 16:20:00+00:00,2026-06-30 18:20:00+02:00
1782836700,24899.83,24901.82,24886.02,24892.42,411,195,0,2026-06-30 16:25:00+00:00,2026-06-30 18:25:00+02:00
1782837000,24893.91,24920.75,24880.71,24885.82,751,195,0,2026-06-30 16:30:00+00:00,2026-06-30 18:30:00+02:00
1782837300,24886.31,24914.87,24876.53,24905.8,658,195,0,2026-06-30 16:35:00+00:00,2026-06-30 18:35:00+02:00
1782837600,24904.8,24931.9,24901.82,24921.95,581,195,0,2026-06-30 16:40:00+00:00,2026-06-30 18:40:00+02:00
1782837900,24921.45,24927.41,24904.71,24915.03,596,195,0,2026-06-30 16:45:00+00:00,2026-06-30 18:45:00+02:00
1782838200,24916.03,24947.76,24916.03,24932.49,589,195,0,2026-06-30 16:50:00+00:00,2026-06-30 18:50:00+02:00
1782838500,24934.48,24948.3,24927.06,24937.08,437,195,0,2026-06-30 16:55:00+00:00,2026-06-30 18:55:00+02:00
1782838800,24938.08,24945.04,24920.87,24927.52,589,195,0,2026-06-30 17:00:00+00:00,2026-06-30 19:00:00+02:00
1782839100,24927.02,24935.67,24915.49,24917.98,550,195,0,2026-06-30 17:05:00+00:00,2026-06-30 19:05:00+02:00
1782839400,24917.49,24939.55,24906.56,24937.07,549,195,0,2026-06-30 17:10:00+00:00,2026-06-30 19:10:00+02:00
1782839700,24937.57,24955.77,24936.08,24948.4,514,195,0,2026-06-30 17:15:00+00:00,2026-06-30 19:15:00+02:00
1782840000,24948.89,24955.89,24937.51,24938.51,434,195,0,2026-06-30 17:20:00+00:00,2026-06-30 19:20:00+02:00
1782840300,24939.0,24939.39,24926.52,24930.49,454,195,0,2026-06-30 17:25:00+00:00,2026-06-30 19:25:00+02:00
1782840600,24929.99,24953.93,24928.5,24937.62,456,195,0,2026-06-30 17:30:00+00:00,2026-06-30 19:30:00+02:00
1782840900,24937.12,24948.57,24929.71,24931.77,477,195,0,2026-06-30 17:35:00+00:00,2026-06-30 19:35:00+02:00
1782841200,24930.77,24932.37,24916.89,24921.48,483,195,0,2026-06-30 17:40:00+00:00,2026-06-30 19:40:00+02:00
1782841500,24920.99,24922.98,24895.1,24904.9,512,195,0,2026-06-30 17:45:00+00:00,2026-06-30 19:45:00+02:00
1782841800,24904.41,24921.81,24900.07,24902.56,526,195,0,2026-06-30 17:50:00+00:00,2026-06-30 19:50:00+02:00
1782842100,24903.06,24922.95,24900.58,24913.62,541,195,0,2026-06-30 17:55:00+00:00,2026-06-30 19:55:00+02:00
1782842400,24913.12,24942.46,24913.12,24941.96,516,195,0,2026-06-30 18:00:00+00:00,2026-06-30 20:00:00+02:00
1782842700,24942.45,24992.76,24940.47,24988.73,477,195,0,2026-06-30 18:05:00+00:00,2026-06-30 20:05:00+02:00
1782843000,24987.24,25003.03,24978.34,24998.93,436,195,0,2026-06-30 18:10:00+00:00,2026-06-30 20:10:00+02:00
1782843300,24996.94,24997.44,24955.69,24957.68,461,195,0,2026-06-30 18:15:00+00:00,2026-06-30 20:15:00+02:00
1782843600,24957.18,24982.32,24954.65,24978.39,415,195,0,2026-06-30 18:20:00+00:00,2026-06-30 20:20:00+02:00
1782843900,24977.89,24994.75,24973.88,24979.36,454,195,0,2026-06-30 18:25:00+00:00,2026-06-30 20:25:00+02:00
1782844200,24978.37,25014.66,24959.99,25005.72,567,195,0,2026-06-30 18:30:00+00:00,2026-06-30 20:30:00+02:00
1782844500,25005.22,25008.21,24987.83,25005.22,364,195,0,2026-06-30 18:35:00+00:00,2026-06-30 20:35:00+02:00
1782844800,25004.73,25017.16,25002.24,25006.23,281,195,0,2026-06-30 18:40:00+00:00,2026-06-30 20:40:00+02:00
1782845100,25006.72,25011.7,24996.29,24996.29,234,195,0,2026-06-30 18:45:00+00:00,2026-06-30 20:45:00+02:00
1782845400,24996.29,25006.24,24992.82,25002.76,232,195,0,2026-06-30 18:50:00+00:00,2026-06-30 20:50:00+02:00
1782845700,25002.26,25002.76,24986.86,24986.86,181,195,0,2026-06-30 18:55:00+00:00,2026-06-30 20:55:00+02:00
1782846000,24987.36,24990.34,24975.93,24977.43,173,195,0,2026-06-30 19:00:00+00:00,2026-06-30 21:00:00+02:00
1782846300,24978.42,24994.33,24975.94,24981.91,188,195,0,2026-06-30 19:05:00+00:00,2026-06-30 21:05:00+02:00
1782846600,24982.4,24982.91,24977.44,24982.41,190,195,0,2026-06-30 19:10:00+00:00,2026-06-30 21:10:00+02:00
1782846900,24983.4,24993.84,24981.91,24986.39,193,195,0,2026-06-30 19:15:00+00:00,2026-06-30 21:15:00+02:00
1782847200,24985.89,24989.87,24983.41,24987.39,153,195,0,2026-06-30 19:20:00+00:00,2026-06-30 21:20:00+02:00
1782847500,24986.9,24993.86,24986.4,24987.9,138,195,0,2026-06-30 19:25:00+00:00,2026-06-30 21:25:00+02:00
1782847800,24988.39,24996.85,24987.4,24996.35,127,195,0,2026-06-30 19:30:00+00:00,2026-06-30 21:30:00+02:00
1782848100,24995.85,24996.85,24987.41,24994.87,134,195,0,2026-06-30 19:35:00+00:00,2026-06-30 21:35:00+02:00
1782848400,24995.36,25002.82,24991.89,25001.83,136,195,0,2026-06-30 19:40:00+00:00,2026-06-30 21:40:00+02:00
1782848700,25002.33,25005.32,24999.85,25002.83,99,195,0,2026-06-30 19:45:00+00:00,2026-06-30 21:45:00+02:00
1782849000,25002.33,25009.8,24997.86,25009.8,114,195,0,2026-06-30 19:50:00+00:00,2026-06-30 21:50:00+02:00
1782849300,25008.8,25012.28,25004.34,25006.82,99,195,0,2026-06-30 19:55:00+00:00,2026-06-30 21:55:00+02:00
1782849600,25007.32,25016.27,25005.83,25014.78,86,195,0,2026-06-30 20:00:00+00:00,2026-06-30 22:00:00+02:00
1782849900,25014.28,25015.78,25009.81,25010.81,113,195,0,2026-06-30 20:05:00+00:00,2026-06-30 22:05:00+02:00
1782850200,25011.31,25014.79,24996.4,24997.89,138,195,0,2026-06-30 20:10:00+00:00,2026-06-30 22:10:00+02:00
1782850500,24999.88,25005.85,24997.4,25000.88,150,195,0,2026-06-30 20:15:00+00:00,2026-06-30 22:15:00+02:00
1782850800,25001.88,25008.34,25000.88,25008.34,116,195,0,2026-06-30 20:20:00+00:00,2026-06-30 22:20:00+02:00
1782851100,25007.85,25010.83,25002.88,25009.35,102,195,0,2026-06-30 20:25:00+00:00,2026-06-30 22:25:00+02:00
1782851400,25008.85,25015.31,25004.87,25014.82,96,195,0,2026-06-30 20:30:00+00:00,2026-06-30 22:30:00+02:00
1782851700,25014.32,25016.81,25010.35,25010.85,102,195,0,2026-06-30 20:35:00+00:00,2026-06-30 22:35:00+02:00
1782852000,25011.35,25015.82,25010.85,25014.83,85,195,0,2026-06-30 20:40:00+00:00,2026-06-30 22:40:00+02:00
1782852300,25014.33,25015.33,25010.36,25010.37,90,195,0,2026-06-30 20:45:00+00:00,2026-06-30 22:45:00+02:00
1782852600,25010.37,25015.34,25008.88,25013.85,72,195,0,2026-06-30 20:50:00+00:00,2026-06-30 22:50:00+02:00
1782852900,25014.35,25019.32,25013.35,25016.34,77,195,0,2026-06-30 20:55:00+00:00,2026-06-30 22:55:00+02:00
1782853200,25015.85,25017.34,25008.89,25008.89,103,195,0,2026-06-30 21:00:00+00:00,2026-06-30 23:00:00+02:00
1782853500,25009.89,25015.36,25005.42,25014.86,100,195,0,2026-06-30 21:05:00+00:00,2026-06-30 23:05:00+02:00
1782853800,25014.37,25019.34,25013.37,25017.85,60,195,0,2026-06-30 21:10:00+00:00,2026-06-30 23:10:00+02:00
1782854100,25018.35,25027.8,25017.85,25025.81,107,195,0,2026-06-30 21:15:00+00:00,2026-06-30 23:15:00+02:00
1782854400,25025.31,25027.8,25020.35,25024.82,95,195,0,2026-06-30 21:20:00+00:00,2026-06-30 23:20:00+02:00
1782854700,25023.83,25024.83,25013.9,25014.39,132,195,0,2026-06-30 21:25:00+00:00,2026-06-30 23:25:00+02:00
1782855000,25013.4,25015.89,25009.43,25013.41,91,195,0,2026-06-30 21:30:00+00:00,2026-06-30 23:30:00+02:00
1782855300,25013.9,25021.36,25013.41,25019.87,82,195,0,2026-06-30 21:35:00+00:00,2026-06-30 23:35:00+02:00
1782855600,25020.37,25024.85,25017.39,25024.85,73,195,0,2026-06-30 21:40:00+00:00,2026-06-30 23:40:00+02:00
1782855900,25025.35,25028.34,25021.37,25027.34,99,195,0,2026-06-30 21:45:00+00:00,2026-06-30 23:45:00+02:00
1782856200,25027.84,25030.33,25025.36,25026.85,95,195,0,2026-06-30 21:50:00+00:00,2026-06-30 23:50:00+02:00
1782856500,25028.34,25035.31,25028.34,25030.83,74,195,0,2026-06-30 21:55:00+00:00,2026-06-30 23:55:00+02:00
1782856800,25030.34,25033.82,25025.37,25026.37,75,195,0,2026-06-30 22:00:00+00:00,2026-07-01 00:00:00+02:00
1782857100,25025.87,25027.37,25019.91,25026.37,77,195,0,2026-06-30 22:05:00+00:00,2026-07-01 00:05:00+02:00
1782857400,25026.87,25032.84,25024.39,25031.35,90,195,0,2026-06-30 22:10:00+00:00,2026-07-01 00:10:00+02:00
1782857700,25031.85,25042.29,25031.85,25034.34,94,195,0,2026-06-30 22:15:00+00:00,2026-07-01 00:15:00+02:00
1782858000,25034.84,25037.32,25027.88,25031.36,128,195,0,2026-06-30 22:20:00+00:00,2026-07-01 00:20:00+02:00
1782858300,25030.87,25033.35,25022.42,25022.92,99,195,0,2026-06-30 22:25:00+00:00,2026-07-01 00:25:00+02:00
1782858600,25022.42,25023.42,25016.46,25018.46,112,195,0,2026-06-30 22:30:00+00:00,2026-07-01 00:30:00+02:00
1782858900,25017.96,25021.44,25012.0,25017.47,148,195,0,2026-06-30 22:35:00+00:00,2026-07-01 00:35:00+02:00
1782859200,25016.47,25019.46,25008.03,25015.49,168,195,0,2026-06-30 22:40:00+00:00,2026-07-01 00:40:00+02:00
1782859500,25015.98,25016.98,25008.53,25010.03,194,195,0,2026-06-30 22:45:00+00:00,2026-07-01 00:45:00+02:00
1782859800,25009.53,25016.99,25003.07,25012.52,266,195,0,2026-06-30 22:50:00+00:00,2026-07-01 00:50:00+02:00
1782860100,25012.02,25023.95,25004.57,25011.03,443,195,0,2026-06-30 22:55:00+00:00,2026-07-01 00:55:00+02:00
1782860400,25012.03,25020.48,25003.08,25018.75,399,195,0,2026-06-30 23:00:00+00:00,2026-07-01 01:00:00+02:00
1782860700,25018.17,25022.23,25010.63,25014.69,195,840,0,2026-06-30 23:05:00+00:00,2026-07-01 01:05:00+02:00
1782861000,25014.11,25014.11,24996.72,25004.26,248,840,0,2026-06-30 23:10:00+00:00,2026-07-01 01:10:00+02:00
1782861300,25003.68,25008.03,24997.88,25000.79,162,840,0,2026-06-30 23:15:00+00:00,2026-07-01 01:15:00+02:00
1782861600,25000.21,25000.79,24994.41,24997.89,117,840,0,2026-06-30 23:20:00+00:00,2026-07-01 01:20:00+02:00
1782861900,24997.6,24999.35,24996.74,24997.9,57,840,0,2026-06-30 23:25:00+00:00,2026-07-01 01:25:00+02:00
1782862200,24997.32,25000.22,24995.58,24996.17,46,840,0,2026-06-30 23:30:00+00:00,2026-07-01 01:30:00+02:00
1782862500,24995.59,24997.33,24994.43,24995.59,40,840,0,2026-06-30 23:35:00+00:00,2026-07-01 01:35:00+02:00
1782862800,24995.01,24995.02,24993.28,24993.28,29,840,0,2026-06-30 23:40:00+00:00,2026-07-01 01:40:00+02:00
1782863100,24992.7,24993.86,24988.36,24990.39,55,840,0,2026-06-30 23:45:00+00:00,2026-07-01 01:45:00+02:00
1782863400,24991.55,24994.45,24988.65,24993.29,55,840,0,2026-06-30 23:50:00+00:00,2026-07-01 01:50:00+02:00
1782863700,24992.71,24997.36,24992.13,24996.2,79,840,0,2026-06-30 23:55:00+00:00,2026-07-01 01:55:00+02:00
1782867900,25004.4,25008.47,25004.4,25008.18,176,840,0,2026-07-01 01:05:00+00:00,2026-07-01 03:05:00+02:00
1782868200,25008.47,25008.47,24999.77,25006.74,146,840,0,2026-07-01 01:10:00+00:00,2026-07-01 03:10:00+02:00
1782868500,25007.03,25015.94,25006.74,25015.36,138,840,0,2026-07-01 01:15:00+00:00,2026-07-01 03:15:00+02:00
1782868800,25014.78,25017.1,25013.63,25014.79,98,840,0,2026-07-01 01:20:00+00:00,2026-07-01 03:20:00+02:00
1782869100,25013.92,25017.12,25013.05,25016.25,77,840,0,2026-07-01 01:25:00+00:00,2026-07-01 03:25:00+02:00
1782869400,25015.96,25015.96,25009.58,25009.87,110,840,0,2026-07-01 01:30:00+00:00,2026-07-01 03:30:00+02:00
1782869700,25009.58,25010.75,25007.84,25009.3,94,840,0,2026-07-01 01:35:00+00:00,2026-07-01 03:35:00+02:00
1782870000,25009.88,25011.33,25008.72,25009.6,65,840,0,2026-07-01 01:40:00+00:00,2026-07-01 03:40:00+02:00
1782870300,25009.02,25009.6,25003.22,25004.38,69,840,0,2026-07-01 01:45:00+00:00,2026-07-01 03:45:00+02:00
1782870600,25003.8,25003.8,24996.85,24998.01,76,840,0,2026-07-01 01:50:00+00:00,2026-07-01 03:50:00+02:00
1782870900,24998.3,25002.07,24998.01,25000.34,74,840,0,2026-07-01 01:55:00+00:00,2026-07-01 03:55:00+02:00
1782871200,25000.63,25003.24,24998.02,24998.89,130,840,0,2026-07-01 02:00:00+00:00,2026-07-01 04:00:00+02:00
1782871500,24999.18,25006.15,24997.45,25004.12,113,840,0,2026-07-01 02:05:00+00:00,2026-07-01 04:05:00+02:00
1782871800,25004.41,25004.41,24999.77,25001.23,78,840,0,2026-07-01 02:10:00+00:00,2026-07-01 04:10:00+02:00
1782872100,25000.94,25004.13,24998.62,25003.26,83,840,0,2026-07-01 02:15:00+00:00,2026-07-01 04:15:00+02:00
1782872400,25002.97,25005.01,25001.52,25003.85,85,840,0,2026-07-01 02:20:00+00:00,2026-07-01 04:20:00+02:00
1782872700,25003.56,25007.33,25000.96,25002.12,67,840,0,2026-07-01 02:25:00+00:00,2026-07-01 04:25:00+02:00
1782873000,25002.41,25008.5,25000.96,25007.92,107,840,0,2026-07-01 02:30:00+00:00,2026-07-01 04:30:00+02:00
1782873300,25008.21,25008.21,25002.71,25006.19,98,840,0,2026-07-01 02:35:00+00:00,2026-07-01 04:35:00+02:00
1782873600,25006.48,25006.77,25003.3,25003.88,100,840,0,2026-07-01 02:40:00+00:00,2026-07-01 04:40:00+02:00
1782873900,25004.46,25009.1,25000.69,25004.17,240,840,0,2026-07-01 02:45:00+00:00,2026-07-01 04:45:00+02:00
1782874200,25004.46,25005.62,24998.67,24999.25,169,840,0,2026-07-01 02:50:00+00:00,2026-07-01 04:50:00+02:00
1782874500,24999.83,25005.06,24996.93,25003.32,155,840,0,2026-07-01 02:55:00+00:00,2026-07-01 04:55:00+02:00
1782875700,25018.7,25020.81,25003.67,25012.87,142,195,0,2026-07-01 03:15:00+00:00,2026-07-01 05:15:00+02:00
1782876000,25010.88,25017.34,25009.88,25011.88,145,195,0,2026-07-01 03:20:00+00:00,2026-07-01 05:20:00+02:00
1782876300,25012.38,25013.37,25008.9,25010.39,124,195,0,2026-07-01 03:25:00+00:00,2026-07-01 05:25:00+02:00
1782876600,25009.9,25017.36,25004.93,25016.86,109,195,0,2026-07-01 03:30:00+00:00,2026-07-01 05:30:00+02:00
1782876900,25015.37,25018.35,25007.92,25015.38,57,195,0,2026-07-01 03:35:00+00:00,2026-07-01 05:35:00+02:00
1782877200,25015.87,25019.35,25013.89,25013.89,74,195,0,2026-07-01 03:40:00+00:00,2026-07-01 05:40:00+02:00
1782877500,25014.39,25015.39,25010.42,25013.9,61,195,0,2026-07-01 03:45:00+00:00,2026-07-01 05:45:00+02:00
1782877800,25013.4,25014.89,25005.95,25005.95,57,195,0,2026-07-01 03:50:00+00:00,2026-07-01 05:50:00+02:00
1782878100,25006.95,25010.43,25004.46,25007.45,75,195,0,2026-07-01 03:55:00+00:00,2026-07-01 05:55:00+02:00
1782878400,25007.95,25023.85,25006.96,25006.96,105,195,0,2026-07-01 04:00:00+00:00,2026-07-01 06:00:00+02:00
1782878700,25006.46,25008.95,25001.5,25002.0,72,195,0,2026-07-01 04:05:00+00:00,2026-07-01 06:05:00+02:00
1782879000,25001.0,25001.5,24990.57,24997.53,99,195,0,2026-07-01 04:10:00+00:00,2026-07-01 06:10:00+02:00
1782879300,24996.04,24998.53,24986.6,24990.58,138,195,0,2026-07-01 04:15:00+00:00,2026-07-01 06:15:00+02:00
1782879600,24991.08,24993.57,24987.1,24989.09,155,195,0,2026-07-01 04:20:00+00:00,2026-07-01 06:20:00+02:00
1782879900,24988.6,24995.07,24984.62,24992.58,101,195,0,2026-07-01 04:25:00+00:00,2026-07-01 06:25:00+02:00
1782880200,24993.08,24999.04,24984.63,24986.13,164,195,0,2026-07-01 04:30:00+00:00,2026-07-01 06:30:00+02:00
1782880500,24985.63,24990.6,24984.64,24987.13,174,195,0,2026-07-01 04:35:00+00:00,2026-07-01 06:35:00+02:00
1782880800,24985.14,24987.63,24980.67,24983.16,136,195,0,2026-07-01 04:40:00+00:00,2026-07-01 06:40:00+02:00
1782881100,24983.65,24985.64,24972.72,24977.2,108,195,0,2026-07-01 04:45:00+00:00,2026-07-01 06:45:00+02:00
1782881400,24976.21,24977.7,24972.73,24975.71,104,195,0,2026-07-01 04:50:00+00:00,2026-07-01 06:50:00+02:00
1782881700,24976.71,24980.19,24968.26,24971.75,80,195,0,2026-07-01 04:55:00+00:00,2026-07-01 06:55:00+02:00
1782882000,24973.24,24975.73,24966.78,24972.25,164,195,0,2026-07-01 05:00:00+00:00,2026-07-01 07:00:00+02:00
1782882300,24972.75,24974.24,24954.36,24960.82,169,195,0,2026-07-01 05:05:00+00:00,2026-07-01 07:05:00+02:00
1782882600,24960.33,24964.8,24952.87,24960.33,175,195,0,2026-07-01 05:10:00+00:00,2026-07-01 07:10:00+02:00
1782882900,24960.83,24969.28,24948.41,24953.38,154,195,0,2026-07-01 05:15:00+00:00,2026-07-01 07:15:00+02:00
1782883200,24952.39,24968.79,24949.41,24965.32,71,195,0,2026-07-01 05:20:00+00:00,2026-07-01 07:20:00+02:00
1782883500,24965.81,24975.76,24959.36,24971.78,88,195,0,2026-07-01 05:25:00+00:00,2026-07-01 07:25:00+02:00
1782883800,24967.81,24974.27,24965.33,24966.82,90,195,0,2026-07-01 05:30:00+00:00,2026-07-01 07:30:00+02:00
1782884100,24966.32,24978.26,24966.32,24975.77,74,195,0,2026-07-01 05:35:00+00:00,2026-07-01 07:35:00+02:00
1782884400,24975.77,24989.2,24975.28,24987.21,72,195,0,2026-07-01 05:40:00+00:00,2026-07-01 07:40:00+02:00
1782884700,24986.22,24989.2,24984.23,24987.71,59,195,0,2026-07-01 05:45:00+00:00,2026-07-01 07:45:00+02:00
1782885000,24985.23,24991.19,24981.26,24985.73,110,195,0,2026-07-01 05:50:00+00:00,2026-07-01 07:50:00+02:00
1782885300,24986.23,24988.22,24973.81,24975.3,50,195,0,2026-07-01 05:55:00+00:00,2026-07-01 07:55:00+02:00
1782885600,24976.3,24980.28,24972.82,24980.28,50,195,0,2026-07-01 06:00:00+00:00,2026-07-01 08:00:00+02:00
1782885900,24979.78,24986.75,24979.78,24986.25,30,195,0,2026-07-01 06:05:00+00:00,2026-07-01 08:05:00+02:00
1782886200,24985.75,24994.21,24985.75,24990.73,32,195,0,2026-07-01 06:10:00+00:00,2026-07-01 08:10:00+02:00
1782886500,24989.74,24990.23,24982.28,24985.77,37,195,0,2026-07-01 06:15:00+00:00,2026-07-01 08:15:00+02:00
1782886800,24984.77,24988.25,24978.81,24979.81,58,195,0,2026-07-01 06:20:00+00:00,2026-07-01 08:20:00+02:00
1782887100,24979.31,24979.81,24973.35,24976.83,65,195,0,2026-07-01 06:25:00+00:00,2026-07-01 08:25:00+02:00
1782887400,24977.33,24979.82,24969.88,24976.34,97,195,0,2026-07-01 06:30:00+00:00,2026-07-01 08:30:00+02:00
1782887700,24979.33,24990.76,24978.83,24989.27,58,195,0,2026-07-01 06:35:00+00:00,2026-07-01 08:35:00+02:00
1782888000,24990.27,24990.76,24978.34,24981.33,118,195,0,2026-07-01 06:40:00+00:00,2026-07-01 08:40:00+02:00
1782888300,24982.32,24992.76,24978.34,24992.27,69,195,0,2026-07-01 06:45:00+00:00,2026-07-01 08:45:00+02:00
1782888600,24992.76,24993.76,24992.27,24993.27,14,195,0,2026-07-01 06:50:00+00:00,2026-07-01 08:50:00+02:00
1782888900,24992.27,24995.26,24990.29,24990.79,42,195,0,2026-07-01 06:55:00+00:00,2026-07-01 08:55:00+02:00
1782889200,24990.29,24992.78,24978.37,24982.84,98,195,0,2026-07-01 07:00:00+00:00,2026-07-01 09:00:00+02:00
1782889500,24983.34,24988.81,24982.35,24982.85,66,195,0,2026-07-01 07:05:00+00:00,2026-07-01 09:05:00+02:00
1782889800,24985.33,24985.34,24977.89,24980.87,36,195,0,2026-07-01 07:10:00+00:00,2026-07-01 09:10:00+02:00
1782890100,24981.37,24982.86,24976.89,24979.38,45,195,0,2026-07-01 07:15:00+00:00,2026-07-01 09:15:00+02:00
1782890400,24979.38,24984.86,24977.4,24983.86,66,195,0,2026-07-01 07:20:00+00:00,2026-07-01 09:20:00+02:00
1782890700,24984.36,24990.33,24983.86,24988.34,46,195,0,2026-07-01 07:25:00+00:00,2026-07-01 09:25:00+02:00
1782891000,24987.85,24994.31,24987.85,24990.83,66,195,0,2026-07-01 07:30:00+00:00,2026-07-01 09:30:00+02:00
1782891300,24988.85,24989.84,24975.43,24977.92,70,195,0,2026-07-01 07:35:00+00:00,2026-07-01 09:35:00+02:00
1782891600,24977.42,24987.86,24976.93,24981.9,79,195,0,2026-07-01 07:40:00+00:00,2026-07-01 09:40:00+02:00
1782891900,24982.4,24993.34,24981.9,24992.84,103,195,0,2026-07-01 07:45:00+00:00,2026-07-01 09:45:00+02:00
1782892200,24993.34,24996.82,24990.36,24992.85,61,195,0,2026-07-01 07:50:00+00:00,2026-07-01 09:50:00+02:00
1782892500,24993.35,24994.84,24975.96,24976.45,68,195,0,2026-07-01 07:55:00+00:00,2026-07-01 09:55:00+02:00
1782892800,24976.95,24978.94,24968.51,24974.97,62,195,0,2026-07-01 08:00:00+00:00,2026-07-01 10:00:00+02:00
1782893100,24975.47,24984.92,24974.97,24980.44,99,195,0,2026-07-01 08:05:00+00:00,2026-07-01 10:05:00+02:00
1782893400,24979.45,24980.44,24972.0,24973.49,103,195,0,2026-07-01 08:10:00+00:00,2026-07-01 10:10:00+02:00
1782893700,24973.99,24978.47,24973.49,24975.49,74,195,0,2026-07-01 08:15:00+00:00,2026-07-01 10:15:00+02:00
1782894000,24975.98,24975.98,24968.04,24975.0,43,195,0,2026-07-01 08:20:00+00:00,2026-07-01 10:20:00+02:00
1782894300,24974.0,24975.0,24971.02,24973.01,60,195,0,2026-07-01 08:25:00+00:00,2026-07-01 10:25:00+02:00
1782894600,24973.51,24984.45,24970.03,24977.99,88,195,0,2026-07-01 08:30:00+00:00,2026-07-01 10:30:00+02:00
1782894900,24980.48,24985.94,24973.52,24978.49,69,195,0,2026-07-01 08:35:00+00:00,2026-07-01 10:35:00+02:00
1782895200,24978.99,24985.46,24977.5,24980.99,73,195,0,2026-07-01 08:40:00+00:00,2026-07-01 10:40:00+02:00
1782895500,24979.5,24988.94,24978.5,24981.49,82,195,0,2026-07-01 08:45:00+00:00,2026-07-01 10:45:00+02:00
1782895800,24982.98,24990.44,24982.48,24984.98,53,195,0,2026-07-01 08:50:00+00:00,2026-07-01 10:50:00+02:00
1782896100,24984.48,24997.41,24983.98,24995.92,82,195,0,2026-07-01 08:55:00+00:00,2026-07-01 10:55:00+02:00
1782896400,24995.42,25020.2,24994.36,25006.29,186,195,0,2026-07-01 09:00:00+00:00,2026-07-01 11:00:00+02:00
1782896700,25005.79,25017.72,25001.38,25003.87,129,195,0,2026-07-01 09:05:00+00:00,2026-07-01 11:05:00+02:00
1782897000,25002.88,25007.35,24986.98,24990.96,128,195,0,2026-07-01 09:10:00+00:00,2026-07-01 11:10:00+02:00
1782897300,24990.46,24994.44,24980.03,24980.03,99,195,0,2026-07-01 09:15:00+00:00,2026-07-01 11:15:00+02:00
1782897600,24979.53,24992.94,24979.03,24985.0,107,195,0,2026-07-01 09:20:00+00:00,2026-07-01 11:20:00+02:00
1782897900,24984.51,24998.43,24983.51,24996.44,97,195,0,2026-07-01 09:25:00+00:00,2026-07-01 11:25:00+02:00
1782898200,24997.44,25002.41,24983.03,24998.27,157,195,0,2026-07-01 09:30:00+00:00,2026-07-01 11:30:00+02:00
1782898500,24997.28,25008.22,24988.83,25004.74,142,195,0,2026-07-01 09:35:00+00:00,2026-07-01 11:35:00+02:00
1782898800,25004.24,25009.71,24998.28,25009.71,95,195,0,2026-07-01 09:40:00+00:00,2026-07-01 11:40:00+02:00
1782899100,25011.21,25020.16,25000.77,25019.66,127,195,0,2026-07-01 09:45:00+00:00,2026-07-01 11:45:00+02:00
1782899400,25020.16,25024.14,25008.73,25009.73,110,195,0,2026-07-01 09:50:00+00:00,2026-07-01 11:50:00+02:00
1782899700,25008.73,25022.16,24994.33,25022.16,161,195,0,2026-07-01 09:55:00+00:00,2026-07-01 11:55:00+02:00
1782900000,25022.66,25045.52,25007.75,25021.67,728,195,0,2026-07-01 10:00:00+00:00,2026-07-01 12:00:00+02:00
1782900300,25021.17,25045.95,25013.29,25015.95,664,195,0,2026-07-01 10:05:00+00:00,2026-07-01 12:05:00+02:00
1782900600,25016.45,25019.93,24957.26,24965.4,487,195,0,2026-07-01 10:10:00+00:00,2026-07-01 12:10:00+02:00
1782900900,24963.91,24974.24,24953.07,24966.28,589,195,0,2026-07-01 10:15:00+00:00,2026-07-01 12:15:00+02:00
1782901200,24965.78,24993.09,24964.26,24985.72,578,195,0,2026-07-01 10:20:00+00:00,2026-07-01 12:20:00+02:00
1782901500,24987.22,24987.71,24967.94,24976.89,483,195,0,2026-07-01 10:25:00+00:00,2026-07-01 12:25:00+02:00
1782901800,24977.38,24986.81,24957.85,24980.99,516,195,0,2026-07-01 10:30:00+00:00,2026-07-01 12:30:00+02:00
1782902100,24981.98,24999.33,24967.82,24999.27,450,195,0,2026-07-01 10:35:00+00:00,2026-07-01 12:35:00+02:00
1782902400,25000.77,25008.38,24988.38,25007.89,427,195,0,2026-07-01 10:40:00+00:00,2026-07-01 12:40:00+02:00
1782902700,25007.39,25020.47,25000.15,25019.46,377,195,0,2026-07-01 10:45:00+00:00,2026-07-01 12:45:00+02:00
1782903000,25019.96,25026.8,25013.34,25026.8,334,195,0,2026-07-01 10:50:00+00:00,2026-07-01 12:50:00+02:00
1782903300,25026.81,25051.96,25026.81,25050.97,397,195,0,2026-07-01 10:55:00+00:00,2026-07-01 12:55:00+02:00
1782903600,25050.47,25050.47,25028.45,25028.45,475,195,0,2026-07-01 11:00:00+00:00,2026-07-01 13:00:00+02:00
1782903900,25029.95,25050.14,25015.11,25048.13,425,195,0,2026-07-01 11:05:00+00:00,2026-07-01 13:05:00+02:00
1782904200,25048.63,25063.06,25035.86,25057.68,456,195,0,2026-07-01 11:10:00+00:00,2026-07-01 13:10:00+02:00
1782904500,25055.69,25079.49,25052.83,25077.01,419,195,0,2026-07-01 11:15:00+00:00,2026-07-01 13:15:00+02:00
1782904800,25076.51,25081.97,25051.31,25051.81,449,195,0,2026-07-01 11:20:00+00:00,2026-07-01 13:20:00+02:00
1782905100,25051.82,25066.94,25049.87,25064.28,455,195,0,2026-07-01 11:25:00+00:00,2026-07-01 13:25:00+02:00
1782905400,25064.78,25073.97,25046.11,25072.92,449,195,0,2026-07-01 11:30:00+00:00,2026-07-01 13:30:00+02:00
1782905700,25073.42,25093.7,25070.93,25090.71,325,195,0,2026-07-01 11:35:00+00:00,2026-07-01 13:35:00+02:00
1782906000,25089.72,25092.19,25075.78,25085.36,336,195,0,2026-07-01 11:40:00+00:00,2026-07-01 13:40:00+02:00
1782906300,25084.87,25085.36,25053.3,25053.3,421,195,0,2026-07-01 11:45:00+00:00,2026-07-01 13:45:00+02:00
1782906600,25053.29,25055.29,25044.37,25051.44,426,195,0,2026-07-01 11:50:00+00:00,2026-07-01 13:50:00+02:00
1782906900,25050.94,25068.74,25045.05,25067.17,373,195,0,2026-07-01 11:55:00+00:00,2026-07-01 13:55:00+02:00
1782907200,25067.16,25072.13,25045.98,25052.06,436,195,0,2026-07-01 12:00:00+00:00,2026-07-01 14:00:00+02:00
1782907500,25051.57,25057.14,25037.88,25051.3,461,195,0,2026-07-01 12:05:00+00:00,2026-07-01 14:05:00+02:00
1782907800,25052.3,25059.48,25037.94,25052.57,400,195,0,2026-07-01 12:10:00+00:00,2026-07-01 14:10:00+02:00
1782908100,25052.07,25055.58,25039.08,25041.06,312,195,0,2026-07-01 12:15:00+00:00,2026-07-01 14:15:00+02:00
1782908400,25041.56,25076.51,25041.56,25071.14,316,195,0,2026-07-01 12:20:00+00:00,2026-07-01 14:20:00+02:00
1782908700,25070.64,25083.15,25056.85,25083.15,321,195,0,2026-07-01 12:25:00+00:00,2026-07-01 14:25:00+02:00
1782909000,25082.65,25091.78,25073.31,25087.49,360,195,0,2026-07-01 12:30:00+00:00,2026-07-01 14:30:00+02:00
1782909300,25086.49,25090.95,25074.81,25085.03,351,195,0,2026-07-01 12:35:00+00:00,2026-07-01 14:35:00+02:00
1782909600,25084.03,25088.05,25076.86,25079.75,278,195,0,2026-07-01 12:40:00+00:00,2026-07-01 14:40:00+02:00
1782909900,25080.24,25090.98,25071.84,25081.54,300,195,0,2026-07-01 12:45:00+00:00,2026-07-01 14:45:00+02:00
1782910200,25082.03,25088.81,25074.92,25081.85,305,195,0,2026-07-01 12:50:00+00:00,2026-07-01 14:50:00+02:00
1782910500,25081.35,25082.8,25071.61,25078.85,332,195,0,2026-07-01 12:55:00+00:00,2026-07-01 14:55:00+02:00
1782910800,25079.34,25081.37,25055.09,25056.59,310,195,0,2026-07-01 13:00:00+00:00,2026-07-01 15:00:00+02:00
1782911100,25056.09,25056.58,25029.38,25053.58,340,195,0,2026-07-01 13:05:00+00:00,2026-07-01 15:05:00+02:00
1782911400,25054.07,25064.77,25042.16,25064.77,322,195,0,2026-07-01 13:10:00+00:00,2026-07-01 15:10:00+02:00
1782911700,25064.27,25079.72,25061.53,25063.5,344,195,0,2026-07-01 13:15:00+00:00,2026-07-01 15:15:00+02:00
1782912000,25064.0,25075.47,25058.64,25069.95,313,195,0,2026-07-01 13:20:00+00:00,2026-07-01 15:20:00+02:00
1782912300,25069.45,25081.37,25068.41,25079.31,260,195,0,2026-07-01 13:25:00+00:00,2026-07-01 15:25:00+02:00
1782912600,25079.8,25082.76,25070.47,25076.4,207,195,0,2026-07-01 13:30:00+00:00,2026-07-01 15:30:00+02:00
1782912900,25075.9,25078.27,25062.8,25064.79,247,195,0,2026-07-01 13:35:00+00:00,2026-07-01 15:35:00+02:00
1782913200,25065.28,25065.78,25050.36,25062.56,321,195,0,2026-07-01 13:40:00+00:00,2026-07-01 15:40:00+02:00
1782913500,25062.07,25067.36,25055.42,25062.08,291,195,0,2026-07-01 13:45:00+00:00,2026-07-01 15:45:00+02:00
1782913800,25062.57,25073.16,25057.03,25059.12,278,195,0,2026-07-01 13:50:00+00:00,2026-07-01 15:50:00+02:00
1782914100,25058.62,25073.04,25055.19,25066.87,276,195,0,2026-07-01 13:55:00+00:00,2026-07-01 15:55:00+02:00
1782914400,25067.36,25084.27,25063.89,25066.87,249,195,0,2026-07-01 14:00:00+00:00,2026-07-01 16:00:00+02:00
1782914700,25067.37,25072.84,25052.46,25053.45,242,195,0,2026-07-01 14:05:00+00:00,2026-07-01 16:05:00+02:00
1782915000,25052.97,25058.46,25047.58,25050.66,282,195,0,2026-07-01 14:10:00+00:00,2026-07-01 16:10:00+02:00
1782915300,25051.16,25063.65,25051.16,25055.04,257,195,0,2026-07-01 14:15:00+00:00,2026-07-01 16:15:00+02:00
1782915600,25055.54,25061.01,25040.46,25046.33,308,195,0,2026-07-01 14:20:00+00:00,2026-07-01 16:20:00+02:00
1782915900,25046.83,25046.83,25031.6,25037.54,268,195,0,2026-07-01 14:25:00+00:00,2026-07-01 16:25:00+02:00
1782916200,25038.04,25041.06,25014.25,25015.73,305,195,0,2026-07-01 14:30:00+00:00,2026-07-01 16:30:00+02:00
1782916500,25016.23,25019.08,25010.17,25017.33,308,195,0,2026-07-01 14:35:00+00:00,2026-07-01 16:35:00+02:00
1782916800,25017.32,25023.2,25003.29,25022.21,363,195,0,2026-07-01 14:40:00+00:00,2026-07-01 16:40:00+02:00
1782917100,25022.7,25023.21,25002.47,25005.43,333,195,0,2026-07-01 14:45:00+00:00,2026-07-01 16:45:00+02:00
1782917400,25003.94,25007.41,24987.15,24991.62,388,195,0,2026-07-01 14:50:00+00:00,2026-07-01 16:50:00+02:00
1782917700,24991.12,24995.03,24988.04,24993.86,311,195,0,2026-07-01 14:55:00+00:00,2026-07-01 16:55:00+02:00
1782918000,24993.36,25002.15,24969.75,24972.82,377,195,0,2026-07-01 15:00:00+00:00,2026-07-01 17:00:00+02:00
1782918300,24973.32,24997.8,24964.51,24997.29,382,195,0,2026-07-01 15:05:00+00:00,2026-07-01 17:05:00+02:00
1782918600,24997.78,25005.12,24987.79,24997.51,372,195,0,2026-07-01 15:10:00+00:00,2026-07-01 17:10:00+02:00
1782918900,25001.84,25014.26,24989.28,25013.25,422,195,0,2026-07-01 15:15:00+00:00,2026-07-01 17:15:00+02:00
1782919200,25013.75,25014.24,24989.39,25004.78,374,195,0,2026-07-01 15:20:00+00:00,2026-07-01 17:20:00+02:00
1782919500,25004.28,25011.99,25003.32,25009.02,324,195,0,2026-07-01 15:25:00+00:00,2026-07-01 17:25:00+02:00
1782919800,25009.03,25024.43,24994.73,24994.73,487,195,0,2026-07-01 15:30:00+00:00,2026-07-01 17:30:00+02:00
1782920100,24995.23,24997.7,24975.52,24986.86,623,195,0,2026-07-01 15:35:00+00:00,2026-07-01 17:35:00+02:00
1782920400,24987.85,25002.26,24977.74,24983.2,549,195,0,2026-07-01 15:40:00+00:00,2026-07-01 17:40:00+02:00
1782920700,24982.2,24983.69,24968.31,24969.83,522,195,0,2026-07-01 15:45:00+00:00,2026-07-01 17:45:00+02:00
1782921000,24970.33,24991.94,24964.32,24964.81,547,195,0,2026-07-01 15:50:00+00:00,2026-07-01 17:50:00+02:00
1782921300,24964.31,24966.78,24943.85,24943.85,528,195,0,2026-07-01 15:55:00+00:00,2026-07-01 17:55:00+02:00
1782921600,24943.36,24943.36,24906.38,24915.65,669,195,0,2026-07-01 16:00:00+00:00,2026-07-01 18:00:00+02:00
1782921900,24916.15,24919.12,24899.49,24900.98,553,195,0,2026-07-01 16:05:00+00:00,2026-07-01 18:05:00+02:00
1782922200,24901.47,24913.77,24884.28,24892.75,559,195,0,2026-07-01 16:10:00+00:00,2026-07-01 18:10:00+02:00
1782922500,24892.25,24944.4,24891.76,24927.25,603,195,0,2026-07-01 16:15:00+00:00,2026-07-01 18:15:00+02:00
1782922800,24927.75,24930.75,24903.49,24920.78,541,195,0,2026-07-01 16:20:00+00:00,2026-07-01 18:20:00+02:00
1782923100,24920.29,24953.4,24913.2,24952.9,626,195,0,2026-07-01 16:25:00+00:00,2026-07-01 18:25:00+02:00
1782923400,24953.4,24970.59,24923.54,24931.96,984,195,0,2026-07-01 16:30:00+00:00,2026-07-01 18:30:00+02:00
1782923700,24931.46,24956.7,24917.11,24941.78,923,195,0,2026-07-01 16:35:00+00:00,2026-07-01 18:35:00+02:00
1782924000,24941.28,24972.75,24937.8,24968.29,835,195,0,2026-07-01 16:40:00+00:00,2026-07-01 18:40:00+02:00
1782924300,24968.78,24988.26,24961.13,24978.62,835,195,0,2026-07-01 16:45:00+00:00,2026-07-01 18:45:00+02:00
1782924600,24979.12,25003.5,24977.14,24993.55,648,195,0,2026-07-01 16:50:00+00:00,2026-07-01 18:50:00+02:00
1782924900,24992.06,24998.47,24970.62,24985.44,542,195,0,2026-07-01 16:55:00+00:00,2026-07-01 18:55:00+02:00
1782925200,24984.44,25005.8,24972.24,24999.36,630,195,0,2026-07-01 17:00:00+00:00,2026-07-01 19:00:00+02:00
1782925500,24998.86,24999.37,24978.71,24984.75,541,195,0,2026-07-01 17:05:00+00:00,2026-07-01 19:05:00+02:00
1782925800,24984.76,25002.68,24982.29,24996.1,561,195,0,2026-07-01 17:10:00+00:00,2026-07-01 19:10:00+02:00
1782926100,24995.61,25013.03,24983.96,25011.55,576,195,0,2026-07-01 17:15:00+00:00,2026-07-01 19:15:00+02:00
1782926400,25010.55,25016.03,24995.27,25008.13,489,195,0,2026-07-01 17:20:00+00:00,2026-07-01 19:20:00+02:00
1782926700,25008.63,25018.51,25003.28,25005.28,400,195,0,2026-07-01 17:25:00+00:00,2026-07-01 19:25:00+02:00
1782927000,25005.78,25010.76,24987.95,24999.24,480,195,0,2026-07-01 17:30:00+00:00,2026-07-01 19:30:00+02:00
1782927300,24998.74,24999.73,24970.35,24978.25,478,195,0,2026-07-01 17:35:00+00:00,2026-07-01 19:35:00+02:00
1782927600,24978.24,24981.62,24959.03,24974.89,519,195,0,2026-07-01 17:40:00+00:00,2026-07-01 19:40:00+02:00
1782927900,24974.4,24989.66,24958.9,24982.77,598,195,0,2026-07-01 17:45:00+00:00,2026-07-01 19:45:00+02:00
1782928200,24983.27,24999.95,24980.28,24991.53,520,195,0,2026-07-01 17:50:00+00:00,2026-07-01 19:50:00+02:00
1782928500,24992.02,24994.02,24971.81,24981.76,444,195,0,2026-07-01 17:55:00+00:00,2026-07-01 19:55:00+02:00
1782928800,24981.26,25003.06,24977.27,24997.98,511,195,0,2026-07-01 18:00:00+00:00,2026-07-01 20:00:00+02:00
1782929100,24997.48,25002.79,24986.36,24998.31,499,195,0,2026-07-01 18:05:00+00:00,2026-07-01 20:05:00+02:00
1782929400,24998.8,25012.22,24998.29,25002.8,450,195,0,2026-07-01 18:10:00+00:00,2026-07-01 20:10:00+02:00
1782929700,25003.3,25020.47,25002.81,25017.0,383,195,0,2026-07-01 18:15:00+00:00,2026-07-01 20:15:00+02:00
1782930000,25016.5,25024.38,25004.91,25017.79,382,195,0,2026-07-01 18:20:00+00:00,2026-07-01 20:20:00+02:00
1782930300,25019.28,25074.38,25019.26,25074.38,430,195,0,2026-07-01 18:25:00+00:00,2026-07-01 20:25:00+02:00
1782930600,25074.87,25082.82,25045.04,25045.04,533,195,0,2026-07-01 18:30:00+00:00,2026-07-01 20:30:00+02:00
1782930900,25044.04,25052.0,25029.63,25038.64,423,195,0,2026-07-01 18:35:00+00:00,2026-07-01 20:35:00+02:00
1782931200,25037.14,25059.52,25033.17,25047.59,279,195,0,2026-07-01 18:40:00+00:00,2026-07-01 20:40:00+02:00
1782931500,25046.6,25058.53,25045.6,25049.09,280,195,0,2026-07-01 18:45:00+00:00,2026-07-01 20:45:00+02:00
1782931800,25049.58,25061.02,25044.61,25048.1,263,195,0,2026-07-01 18:50:00+00:00,2026-07-01 20:50:00+02:00
1782932100,25048.6,25056.06,25045.12,25056.06,212,195,0,2026-07-01 18:55:00+00:00,2026-07-01 20:55:00+02:00
1782932400,25056.56,25066.01,25052.08,25058.06,311,195,0,2026-07-01 19:00:00+00:00,2026-07-01 21:00:00+02:00
1782932700,25058.55,25067.01,25055.07,25062.04,198,195,0,2026-07-01 19:05:00+00:00,2026-07-01 21:05:00+02:00
1782933000,25061.99,25066.96,25058.01,25066.96,177,195,0,2026-07-01 19:10:00+00:00,2026-07-01 21:10:00+02:00
1782933300,25066.47,25071.44,25064.48,25071.44,273,195,0,2026-07-01 19:15:00+00:00,2026-07-01 21:15:00+02:00
1782933600,25072.44,25074.93,25065.48,25070.95,211,195,0,2026-07-01 19:20:00+00:00,2026-07-01 21:20:00+02:00
1782933900,25071.45,25079.41,25065.49,25075.93,178,195,0,2026-07-01 19:25:00+00:00,2026-07-01 21:25:00+02:00
1782934200,25076.43,25087.87,25075.93,25081.9,168,195,0,2026-07-01 19:30:00+00:00,2026-07-01 21:30:00+02:00
1782934500,25080.91,25083.39,25074.45,25074.95,152,195,0,2026-07-01 19:35:00+00:00,2026-07-01 21:35:00+02:00
1782934800,25075.45,25076.44,25066.0,25073.46,183,195,0,2026-07-01 19:40:00+00:00,2026-07-01 21:40:00+02:00
1782935100,25072.97,25078.44,25065.02,25065.02,161,195,0,2026-07-01 19:45:00+00:00,2026-07-01 21:45:00+02:00
1782935400,25065.52,25066.02,25048.62,25052.6,285,195,0,2026-07-01 19:50:00+00:00,2026-07-01 21:50:00+02:00
1782935700,25052.1,25054.59,25042.66,25045.15,290,195,0,2026-07-01 19:55:00+00:00,2026-07-01 21:55:00+02:00
1782936000,25045.64,25057.58,25044.65,25046.64,300,195,0,2026-07-01 20:00:00+00:00,2026-07-01 22:00:00+02:00
1782936300,25047.14,25056.1,25043.16,25054.6,244,195,0,2026-07-01 20:05:00+00:00,2026-07-01 22:05:00+02:00
1782936600,25054.6,25060.08,25049.64,25058.59,198,195,0,2026-07-01 20:10:00+00:00,2026-07-01 22:10:00+02:00
1782936900,25059.58,25070.03,25056.6,25068.04,231,195,0,2026-07-01 20:15:00+00:00,2026-07-01 22:15:00+02:00
1782937200,25068.54,25073.02,25067.55,25072.02,113,195,0,2026-07-01 20:20:00+00:00,2026-07-01 22:20:00+02:00
1782937500,25072.52,25077.49,25071.53,25074.52,85,195,0,2026-07-01 20:25:00+00:00,2026-07-01 22:25:00+02:00
1782937800,25074.02,25079.98,25065.08,25066.57,137,195,0,2026-07-01 20:30:00+00:00,2026-07-01 22:30:00+02:00
1782938100,25067.56,25072.54,25063.59,25070.05,159,195,0,2026-07-01 20:35:00+00:00,2026-07-01 22:35:00+02:00
1782938400,25069.56,25070.05,25055.15,25056.14,153,195,0,2026-07-01 20:40:00+00:00,2026-07-01 22:40:00+02:00
1782938700,25055.64,25058.13,25048.19,25050.68,110,195,0,2026-07-01 20:45:00+00:00,2026-07-01 22:45:00+02:00
1782939000,25050.18,25055.15,25045.21,25048.2,132,195,0,2026-07-01 20:50:00+00:00,2026-07-01 22:50:00+02:00
1782939300,25048.7,25049.19,25040.25,25045.22,91,195,0,2026-07-01 20:55:00+00:00,2026-07-01 22:55:00+02:00
1782939600,25044.72,25057.16,25044.23,25056.17,208,195,0,2026-07-01 21:00:00+00:00,2026-07-01 23:00:00+02:00
1782939900,25055.67,25056.17,25047.22,25050.7,148,195,0,2026-07-01 21:05:00+00:00,2026-07-01 23:05:00+02:00
1782940200,25051.7,25052.19,25036.29,25038.28,117,195,0,2026-07-01 21:10:00+00:00,2026-07-01 23:10:00+02:00
1782940500,25037.78,25046.24,25032.81,25044.75,218,195,0,2026-07-01 21:15:00+00:00,2026-07-01 23:15:00+02:00
1782940800,25045.74,25047.24,25040.28,25047.24,153,195,0,2026-07-01 21:20:00+00:00,2026-07-01 23:20:00+02:00
1782941100,25047.74,25049.23,25044.26,25044.27,122,195,0,2026-07-01 21:25:00+00:00,2026-07-01 23:25:00+02:00
1782941400,25043.77,25049.24,25040.79,25048.25,144,195,0,2026-07-01 21:30:00+00:00,2026-07-01 23:30:00+02:00
1782941700,25047.75,25051.74,25043.78,25050.74,138,195,0,2026-07-01 21:35:00+00:00,2026-07-01 23:35:00+02:00
1782942000,25050.24,25051.24,25043.29,25048.26,122,195,0,2026-07-01 21:40:00+00:00,2026-07-01 23:40:00+02:00
1782942300,25047.76,25048.76,25037.33,25043.3,187,195,0,2026-07-01 21:45:00+00:00,2026-07-01 23:45:00+02:00
1782942600,25043.79,25046.28,25036.34,25036.34,203,195,0,2026-07-01 21:50:00+00:00,2026-07-01 23:50:00+02:00
1782942900,25036.84,25042.81,25035.35,25039.83,126,195,0,2026-07-01 21:55:00+00:00,2026-07-01 23:55:00+02:00
1782943200,25039.33,25052.26,25039.33,25047.29,223,195,0,2026-07-01 22:00:00+00:00,2026-07-02 00:00:00+02:00
1782943500,25047.79,25061.22,25046.8,25059.23,218,195,0,2026-07-01 22:05:00+00:00,2026-07-02 00:05:00+02:00
1782943800,25059.73,25059.73,25052.77,25057.25,173,195,0,2026-07-01 22:10:00+00:00,2026-07-02 00:10:00+02:00
1782944100,25057.75,25062.72,25056.26,25061.73,116,195,0,2026-07-01 22:15:00+00:00,2026-07-02 00:15:00+02:00
1782944400,25060.73,25063.22,25058.75,25060.24,131,195,0,2026-07-01 22:20:00+00:00,2026-07-02 00:20:00+02:00
1782944700,25061.24,25061.24,25050.3,25054.28,168,195,0,2026-07-01 22:25:00+00:00,2026-07-02 00:25:00+02:00
1782945000,25053.29,25061.25,25052.3,25059.26,167,195,0,2026-07-01 22:30:00+00:00,2026-07-02 00:30:00+02:00
1782945300,25059.76,25059.76,25053.8,25057.78,158,195,0,2026-07-01 22:35:00+00:00,2026-07-02 00:35:00+02:00
1782945600,25056.78,25056.78,25047.84,25049.33,273,195,0,2026-07-01 22:40:00+00:00,2026-07-02 00:40:00+02:00
1782945900,25049.83,25056.79,25047.84,25051.33,122,195,0,2026-07-01 22:45:00+00:00,2026-07-02 00:45:00+02:00
1782946200,25052.32,25052.82,25039.4,25049.34,262,195,0,2026-07-01 22:50:00+00:00,2026-07-02 00:50:00+02:00
1782946500,25048.85,25053.83,25037.91,25051.84,371,195,0,2026-07-01 22:55:00+00:00,2026-07-02 00:55:00+02:00
1782946800,25050.84,25050.84,25012.3,25018.99,466,195,0,2026-07-01 23:00:00+00:00,2026-07-02 01:00:00+02:00
1782947100,25020.15,25025.68,25013.76,25021.32,293,840,0,2026-07-01 23:05:00+00:00,2026-07-02 01:05:00+02:00
1782947400,25020.74,25030.62,25020.16,25026.26,220,840,0,2026-07-01 23:10:00+00:00,2026-07-02 01:10:00+02:00
1782947700,25025.39,25027.14,25017.26,25019.01,189,840,0,2026-07-01 23:15:00+00:00,2026-07-02 01:15:00+02:00
1782948000,25018.43,25024.82,25016.68,25024.24,93,840,0,2026-07-01 23:20:00+00:00,2026-07-02 01:20:00+02:00
1782948300,25024.82,25025.99,25018.15,25019.02,115,840,0,2026-07-01 23:25:00+00:00,2026-07-02 01:25:00+02:00
1782948600,25018.44,25020.77,25011.47,25013.21,126,840,0,2026-07-01 23:30:00+00:00,2026-07-02 01:30:00+02:00
1782948900,25012.63,25013.22,25004.5,25013.22,139,840,0,2026-07-01 23:35:00+00:00,2026-07-02 01:35:00+02:00
1782949200,25013.8,25015.26,25012.64,25014.97,107,840,0,2026-07-01 23:40:00+00:00,2026-07-02 01:40:00+02:00
1782949500,25016.13,25017.29,25011.81,25013.56,92,840,0,2026-07-01 23:45:00+00:00,2026-07-02 01:45:00+02:00
1782949800,25012.98,25015.88,25009.49,25011.82,78,840,0,2026-07-01 23:50:00+00:00,2026-07-02 01:50:00+02:00
1782950100,25012.4,25021.12,25011.24,25018.8,117,840,0,2026-07-01 23:55:00+00:00,2026-07-02 01:55:00+02:00
1782954300,25030.71,25041.82,25028.08,25037.39,271,840,0,2026-07-02 01:05:00+00:00,2026-07-02 03:05:00+02:00
1782954600,25037.97,25037.97,25028.91,25028.91,123,840,0,2026-07-02 01:10:00+00:00,2026-07-02 03:10:00+02:00
1782954900,25029.2,25033.88,25028.62,25033.88,127,840,0,2026-07-02 01:15:00+00:00,2026-07-02 03:15:00+02:00
1782955200,25033.59,25042.65,25033.59,25042.36,172,840,0,2026-07-02 01:20:00+00:00,2026-07-02 03:20:00+02:00
1782955500,25042.65,25044.4,25041.19,25042.94,101,840,0,2026-07-02 01:25:00+00:00,2026-07-02 03:25:00+02:00
1782955800,25042.65,25047.32,25041.48,25046.15,119,840,0,2026-07-02 01:30:00+00:00,2026-07-02 03:30:00+02:00
1782956100,25045.57,25047.32,25043.82,25045.57,106,840,0,2026-07-02 01:35:00+00:00,2026-07-02 03:35:00+02:00
1782956400,25046.15,25047.32,25044.4,25044.99,62,840,0,2026-07-02 01:40:00+00:00,2026-07-02 03:40:00+02:00
1782956700,25045.57,25045.57,25038.85,25040.31,89,840,0,2026-07-02 01:45:00+00:00,2026-07-02 03:45:00+02:00
1782957000,25040.6,25042.06,25037.97,25040.02,92,840,0,2026-07-02 01:50:00+00:00,2026-07-02 03:50:00+02:00
1782957300,25039.73,25050.25,25039.73,25047.91,151,840,0,2026-07-02 01:55:00+00:00,2026-07-02 03:55:00+02:00
1782957600,25048.2,25048.49,25042.94,25045.32,136,840,0,2026-07-02 02:00:00+00:00,2026-07-02 04:00:00+02:00
1782957900,25045.02,25045.61,25041.23,25042.69,111,840,0,2026-07-02 02:05:00+00:00,2026-07-02 04:05:00+02:00
1782958200,25042.98,25044.73,25039.47,25040.64,120,840,0,2026-07-02 02:10:00+00:00,2026-07-02 04:10:00+02:00
1782958500,25039.47,25041.81,25038.3,25040.64,91,840,0,2026-07-02 02:15:00+00:00,2026-07-02 04:15:00+02:00
1782958800,25040.35,25042.98,25039.47,25040.64,100,840,0,2026-07-02 02:20:00+00:00,2026-07-02 04:20:00+02:00
1782959100,25040.06,25043.56,25040.06,25042.98,75,840,0,2026-07-02 02:25:00+00:00,2026-07-02 04:25:00+02:00
1782959400,25043.27,25044.15,25038.3,25038.3,80,840,0,2026-07-02 02:30:00+00:00,2026-07-02 04:30:00+02:00
1782959700,25037.72,25044.15,25035.96,25042.69,146,840,0,2026-07-02 02:35:00+00:00,2026-07-02 04:35:00+02:00
1782960000,25042.39,25044.15,25040.35,25043.56,110,840,0,2026-07-02 02:40:00+00:00,2026-07-02 04:40:00+02:00
1782960300,25043.27,25043.27,25026.03,25026.61,400,840,0,2026-07-02 02:45:00+00:00,2026-07-02 04:45:00+02:00
1782960600,25026.9,25038.3,25023.69,25035.38,337,840,0,2026-07-02 02:50:00+00:00,2026-07-02 04:50:00+02:00
1782960900,25035.96,25038.89,25033.04,25036.84,291,840,0,2026-07-02 02:55:00+00:00,2026-07-02 04:55:00+02:00
1782962100,25021.2,25021.2,24987.73,24992.23,286,195,0,2026-07-02 03:15:00+00:00,2026-07-02 05:15:00+02:00
1782962400,24992.73,25020.73,24987.73,25017.23,236,195,0,2026-07-02 03:20:00+00:00,2026-07-02 05:20:00+02:00
1782962700,25016.73,25020.23,25009.23,25019.73,134,195,0,2026-07-02 03:25:00+00:00,2026-07-02 05:25:00+02:00
1782963000,25021.23,25028.23,25015.73,25024.23,179,195,0,2026-07-02 03:30:00+00:00,2026-07-02 05:30:00+02:00
1782963300,25023.73,25031.23,25017.23,25021.23,172,195,0,2026-07-02 03:35:00+00:00,2026-07-02 05:35:00+02:00
1782963600,25020.73,25021.23,24994.23,24994.23,196,195,0,2026-07-02 03:40:00+00:00,2026-07-02 05:40:00+02:00
1782963900,24995.23,25019.23,24994.23,25016.23,230,195,0,2026-07-02 03:45:00+00:00,2026-07-02 05:45:00+02:00
1782964200,25016.73,25047.73,25012.23,25046.23,184,195,0,2026-07-02 03:50:00+00:00,2026-07-02 05:50:00+02:00
1782964500,25045.73,25051.73,25035.23,25042.23,140,195,0,2026-07-02 03:55:00+00:00,2026-07-02 05:55:00+02:00
1782964800,25042.73,25059.23,25034.23,25058.73,365,195,0,2026-07-02 04:00:00+00:00,2026-07-02 06:00:00+02:00
1782965100,25059.73,25077.73,25058.23,25073.73,162,195,0,2026-07-02 04:05:00+00:00,2026-07-02 06:05:00+02:00
1782965400,25074.23,25078.23,25071.23,25077.73,114,195,0,2026-07-02 04:10:00+00:00,2026-07-02 06:10:00+02:00
1782965700,25077.73,25079.23,25062.23,25078.23,237,195,0,2026-07-02 04:15:00+00:00,2026-07-02 06:15:00+02:00
1782966000,25077.23,25085.23,25075.23,25085.23,93,195,0,2026-07-02 04:20:00+00:00,2026-07-02 06:20:00+02:00
1782966300,25084.23,25091.23,25080.23,25089.23,173,195,0,2026-07-02 04:25:00+00:00,2026-07-02 06:25:00+02:00
1782966600,25089.73,25129.73,25087.73,25116.23,272,195,0,2026-07-02 04:30:00+00:00,2026-07-02 06:30:00+02:00
1782966900,25116.73,25127.23,25111.23,25124.73,104,195,0,2026-07-02 04:35:00+00:00,2026-07-02 06:35:00+02:00
1782967200,25122.73,25139.23,25122.23,25136.23,95,195,0,2026-07-02 04:40:00+00:00,2026-07-02 06:40:00+02:00
1782967500,25134.23,25151.73,25125.73,25144.23,125,195,0,2026-07-02 04:45:00+00:00,2026-07-02 06:45:00+02:00
1782967800,25145.23,25149.23,25134.23,25135.23,69,195,0,2026-07-02 04:50:00+00:00,2026-07-02 06:50:00+02:00
1782968100,25135.73,25137.73,25129.23,25132.73,94,195,0,2026-07-02 04:55:00+00:00,2026-07-02 06:55:00+02:00
1782968400,25132.23,25134.23,25126.73,25132.23,147,195,0,2026-07-02 05:00:00+00:00,2026-07-02 07:00:00+02:00
1782968700,25132.73,25136.73,25128.73,25135.73,89,195,0,2026-07-02 05:05:00+00:00,2026-07-02 07:05:00+02:00
1782969000,25134.73,25141.23,25130.23,25140.23,65,195,0,2026-07-02 05:10:00+00:00,2026-07-02 07:10:00+02:00
1782969300,25141.73,25150.73,25138.73,25145.73,96,195,0,2026-07-02 05:15:00+00:00,2026-07-02 07:15:00+02:00
1782969600,25145.23,25147.73,25136.23,25137.23,60,195,0,2026-07-02 05:20:00+00:00,2026-07-02 07:20:00+02:00
1782969900,25137.73,25141.23,25131.73,25133.23,110,195,0,2026-07-02 05:25:00+00:00,2026-07-02 07:25:00+02:00
1782970200,25133.73,25136.73,25125.23,25136.23,84,195,0,2026-07-02 05:30:00+00:00,2026-07-02 07:30:00+02:00
1782970500,25135.73,25137.73,25130.73,25134.23,60,195,0,2026-07-02 05:35:00+00:00,2026-07-02 07:35:00+02:00
1782970800,25133.23,25134.23,25130.23,25132.23,57,195,0,2026-07-02 05:40:00+00:00,2026-07-02 07:40:00+02:00
1782971100,25131.73,25137.23,25130.23,25132.23,26,195,0,2026-07-02 05:45:00+00:00,2026-07-02 07:45:00+02:00
1782971400,25130.23,25131.73,25127.23,25131.23,26,195,0,2026-07-02 05:50:00+00:00,2026-07-02 07:50:00+02:00
1782971700,25131.73,25136.23,25129.73,25133.73,48,195,0,2026-07-02 05:55:00+00:00,2026-07-02 07:55:00+02:00
1782972000,25132.73,25137.23,25128.23,25128.73,37,195,0,2026-07-02 06:00:00+00:00,2026-07-02 08:00:00+02:00
1782972300,25130.23,25130.23,25121.23,25122.23,74,195,0,2026-07-02 06:05:00+00:00,2026-07-02 08:05:00+02:00
1782972600,25121.73,25130.73,25121.23,25128.23,72,195,0,2026-07-02 06:10:00+00:00,2026-07-02 08:10:00+02:00
1782972900,25129.23,25132.73,25124.23,25128.23,41,195,0,2026-07-02 06:15:00+00:00,2026-07-02 08:15:00+02:00
1782973200,25128.73,25129.23,25114.23,25115.73,44,195,0,2026-07-02 06:20:00+00:00,2026-07-02 08:20:00+02:00
1782973500,25116.73,25119.23,25110.73,25118.73,78,195,0,2026-07-02 06:25:00+00:00,2026-07-02 08:25:00+02:00
1782973800,25119.23,25135.73,25117.73,25134.23,148,195,0,2026-07-02 06:30:00+00:00,2026-07-02 08:30:00+02:00
1782974100,25133.73,25134.23,25122.23,25128.23,130,195,0,2026-07-02 06:35:00+00:00,2026-07-02 08:35:00+02:00
1782974400,25127.23,25132.73,25122.23,25131.23,120,195,0,2026-07-02 06:40:00+00:00,2026-07-02 08:40:00+02:00
1782974700,25131.73,25133.23,25122.73,25125.73,117,195,0,2026-07-02 06:45:00+00:00,2026-07-02 08:45:00+02:00
1782975000,25126.23,25135.23,25123.73,25131.73,80,195,0,2026-07-02 06:50:00+00:00,2026-07-02 08:50:00+02:00
1782975300,25131.23,25141.23,25130.23,25138.73,82,195,0,2026-07-02 06:55:00+00:00,2026-07-02 08:55:00+02:00
1782975600,25140.73,25149.73,25135.23,25139.73,81,195,0,2026-07-02 07:00:00+00:00,2026-07-02 09:00:00+02:00
1782975900,25139.23,25139.23,25129.23,25131.23,70,195,0,2026-07-02 07:05:00+00:00,2026-07-02 09:05:00+02:00
1782976200,25131.73,25131.73,25114.23,25120.23,77,195,0,2026-07-02 07:10:00+00:00,2026-07-02 09:10:00+02:00
1782976500,25120.73,25120.73,25110.23,25113.73,85,195,0,2026-07-02 07:15:00+00:00,2026-07-02 09:15:00+02:00
1782976800,25114.73,25115.23,25106.73,25112.73,87,195,0,2026-07-02 07:20:00+00:00,2026-07-02 09:20:00+02:00
1782977100,25113.73,25117.23,25099.23,25114.73,104,195,0,2026-07-02 07:25:00+00:00,2026-07-02 09:25:00+02:00
1782977400,25114.23,25114.23,25093.23,25095.23,136,195,0,2026-07-02 07:30:00+00:00,2026-07-02 09:30:00+02:00
1782977700,25095.73,25095.73,25082.23,25086.73,118,195,0,2026-07-02 07:35:00+00:00,2026-07-02 09:35:00+02:00
1782978000,25085.23,25086.73,25079.73,25082.73,150,195,0,2026-07-02 07:40:00+00:00,2026-07-02 09:40:00+02:00
1782978300,25081.23,25086.73,25077.73,25085.23,119,195,0,2026-07-02 07:45:00+00:00,2026-07-02 09:45:00+02:00
1782978600,25082.73,25098.23,25082.73,25096.73,112,195,0,2026-07-02 07:50:00+00:00,2026-07-02 09:50:00+02:00
1782978900,25097.23,25106.23,25097.23,25101.23,88,195,0,2026-07-02 07:55:00+00:00,2026-07-02 09:55:00+02:00
1782979200,25100.73,25120.23,25090.73,25119.73,108,195,0,2026-07-02 08:00:00+00:00,2026-07-02 10:00:00+02:00
1782979500,25120.23,25126.23,25117.23,25124.73,99,195,0,2026-07-02 08:05:00+00:00,2026-07-02 10:05:00+02:00
1782979800,25124.23,25125.73,25112.73,25113.73,114,195,0,2026-07-02 08:10:00+00:00,2026-07-02 10:10:00+02:00
1782980100,25113.23,25113.73,25100.73,25108.23,96,195,0,2026-07-02 08:15:00+00:00,2026-07-02 10:15:00+02:00
1782980400,25108.73,25117.23,25106.73,25111.73,103,195,0,2026-07-02 08:20:00+00:00,2026-07-02 10:20:00+02:00
1782980700,25110.73,25110.73,25092.73,25093.23,140,195,0,2026-07-02 08:25:00+00:00,2026-07-02 10:25:00+02:00
1782981000,25094.23,25095.23,25079.73,25083.23,200,195,0,2026-07-02 08:30:00+00:00,2026-07-02 10:30:00+02:00
1782981300,25082.23,25083.73,25067.23,25068.23,183,195,0,2026-07-02 08:35:00+00:00,2026-07-02 10:35:00+02:00
1782981600,25067.73,25080.23,25062.23,25065.23,207,195,0,2026-07-02 08:40:00+00:00,2026-07-02 10:40:00+02:00
1782981900,25065.73,25070.23,25059.23,25065.23,133,195,0,2026-07-02 08:45:00+00:00,2026-07-02 10:45:00+02:00
1782982200,25064.73,25073.73,25064.73,25068.23,205,195,0,2026-07-02 08:50:00+00:00,2026-07-02 10:50:00+02:00
1782982500,25067.73,25075.73,25064.73,25065.73,140,195,0,2026-07-02 08:55:00+00:00,2026-07-02 10:55:00+02:00
1782982800,25065.23,25076.73,25060.73,25063.73,210,195,0,2026-07-02 09:00:00+00:00,2026-07-02 11:00:00+02:00
1782983100,25063.23,25071.73,25060.23,25060.73,177,195,0,2026-07-02 09:05:00+00:00,2026-07-02 11:05:00+02:00
1782983400,25061.23,25061.23,25039.23,25040.23,136,195,0,2026-07-02 09:10:00+00:00,2026-07-02 11:10:00+02:00
1782983700,25039.73,25048.23,25037.23,25042.23,229,195,0,2026-07-02 09:15:00+00:00,2026-07-02 11:15:00+02:00
1782984000,25042.73,25055.23,25040.23,25042.73,193,195,0,2026-07-02 09:20:00+00:00,2026-07-02 11:20:00+02:00
1782984300,25043.23,25055.23,25027.73,25029.73,213,195,0,2026-07-02 09:25:00+00:00,2026-07-02 11:25:00+02:00
1782984600,25029.23,25050.23,25029.23,25050.23,273,195,0,2026-07-02 09:30:00+00:00,2026-07-02 11:30:00+02:00
1782984900,25049.73,25070.73,25043.73,25067.73,185,195,0,2026-07-02 09:35:00+00:00,2026-07-02 11:35:00+02:00
1782985200,25067.23,25073.73,25051.73,25054.73,142,195,0,2026-07-02 09:40:00+00:00,2026-07-02 11:40:00+02:00
1782985500,25054.23,25054.73,25029.23,25030.23,246,195,0,2026-07-02 09:45:00+00:00,2026-07-02 11:45:00+02:00
1782985800,25029.73,25033.23,25018.73,25023.73,345,195,0,2026-07-02 09:50:00+00:00,2026-07-02 11:50:00+02:00
1782986100,25024.23,25032.73,24977.23,24977.23,304,195,0,2026-07-02 09:55:00+00:00,2026-07-02 11:55:00+02:00
1782986400,24977.73,25025.23,24960.73,25024.23,875,195,0,2026-07-02 10:00:00+00:00,2026-07-02 12:00:00+02:00
1782986700,25023.73,25041.73,25012.23,25033.73,705,195,0,2026-07-02 10:05:00+00:00,2026-07-02 12:05:00+02:00
1782987000,25034.73,25052.73,25023.23,25032.73,600,195,0,2026-07-02 10:10:00+00:00,2026-07-02 12:10:00+02:00
1782987300,25033.73,25073.73,25029.23,25072.23,561,195,0,2026-07-02 10:15:00+00:00,2026-07-02 12:15:00+02:00
1782987600,25072.73,25104.73,25072.23,25100.23,465,195,0,2026-07-02 10:20:00+00:00,2026-07-02 12:20:00+02:00
1782987900,25100.73,25107.23,25077.73,25087.73,477,195,0,2026-07-02 10:25:00+00:00,2026-07-02 12:25:00+02:00
1782988200,25088.23,25092.23,25072.73,25084.23,487,195,0,2026-07-02 10:30:00+00:00,2026-07-02 12:30:00+02:00
1782988500,25084.73,25113.23,25083.23,25110.73,504,195,0,2026-07-02 10:35:00+00:00,2026-07-02 12:35:00+02:00
1782988800,25109.73,25143.23,25108.23,25132.36,395,195,0,2026-07-02 10:40:00+00:00,2026-07-02 12:40:00+02:00
1782989100,25131.86,25138.75,25116.14,25119.61,519,195,0,2026-07-02 10:45:00+00:00,2026-07-02 12:45:00+02:00
1782989400,25119.12,25127.04,25089.45,25091.89,489,195,0,2026-07-02 10:50:00+00:00,2026-07-02 12:50:00+02:00
1782989700,25090.9,25112.87,25088.41,25110.35,458,195,0,2026-07-02 10:55:00+00:00,2026-07-02 12:55:00+02:00
1782990000,25108.86,25116.81,25094.56,25102.0,607,195,0,2026-07-02 11:00:00+00:00,2026-07-02 13:00:00+02:00
1782990300,25103.99,25124.36,25097.87,25121.52,577,195,0,2026-07-02 11:05:00+00:00,2026-07-02 13:05:00+02:00
1782990600,25122.02,25133.8,25110.22,25112.19,499,195,0,2026-07-02 11:10:00+00:00,2026-07-02 13:10:00+02:00
1782990900,25111.7,25118.77,25100.87,25103.26,479,195,0,2026-07-02 11:15:00+00:00,2026-07-02 13:15:00+02:00
1782991200,25104.25,25118.72,25095.99,25106.42,463,195,0,2026-07-02 11:20:00+00:00,2026-07-02 13:20:00+02:00
1782991500,25105.92,25125.57,25104.37,25107.11,422,195,0,2026-07-02 11:25:00+00:00,2026-07-02 13:25:00+02:00
1782991800,25108.11,25135.1,25099.69,25133.14,425,195,0,2026-07-02 11:30:00+00:00,2026-07-02 13:30:00+02:00
1782992100,25133.64,25160.34,25129.12,25142.47,421,195,0,2026-07-02 11:35:00+00:00,2026-07-02 13:35:00+02:00
1782992400,25142.96,25148.32,25130.6,25134.01,367,195,0,2026-07-02 11:40:00+00:00,2026-07-02 13:40:00+02:00
1782992700,25133.01,25165.59,25130.5,25165.08,374,195,0,2026-07-02 11:45:00+00:00,2026-07-02 13:45:00+02:00
1782993000,25164.59,25167.06,25147.35,25149.36,404,195,0,2026-07-02 11:50:00+00:00,2026-07-02 13:50:00+02:00
1782993300,25149.86,25161.25,25147.49,25150.43,311,195,0,2026-07-02 11:55:00+00:00,2026-07-02 13:55:00+02:00
1782993600,25149.93,25159.14,25135.95,25156.14,323,195,0,2026-07-02 12:00:00+00:00,2026-07-02 14:00:00+02:00
1782993900,25156.13,25158.12,25133.04,25153.48,429,195,0,2026-07-02 12:05:00+00:00,2026-07-02 14:05:00+02:00
1782994200,25152.98,25163.2,25147.1,25162.18,370,195,0,2026-07-02 12:10:00+00:00,2026-07-02 14:10:00+02:00
1782994500,25162.68,25187.89,25151.23,25179.74,349,195,0,2026-07-02 12:15:00+00:00,2026-07-02 14:15:00+02:00
1782994800,25180.24,25194.04,25178.25,25178.26,318,195,0,2026-07-02 12:20:00+00:00,2026-07-02 14:20:00+02:00
1782995100,25177.26,25180.16,25162.63,25177.75,316,195,0,2026-07-02 12:25:00+00:00,2026-07-02 14:25:00+02:00
1782995400,25178.74,25187.4,25174.61,25179.11,354,195,0,2026-07-02 12:30:00+00:00,2026-07-02 14:30:00+02:00
1782995700,25179.61,25187.42,25174.61,25179.39,343,195,0,2026-07-02 12:35:00+00:00,2026-07-02 14:35:00+02:00
1782996000,25178.89,25194.51,25173.46,25188.04,281,195,0,2026-07-02 12:40:00+00:00,2026-07-02 14:40:00+02:00
1782996300,25188.05,25188.05,25171.99,25173.98,316,195,0,2026-07-02 12:45:00+00:00,2026-07-02 14:45:00+02:00
1782996600,25173.49,25196.65,25173.49,25196.65,259,195,0,2026-07-02 12:50:00+00:00,2026-07-02 14:50:00+02:00
1782996900,25196.16,25200.17,25176.13,25179.61,335,195,0,2026-07-02 12:55:00+00:00,2026-07-02 14:55:00+02:00
1782997200,25181.1,25182.8,25161.45,25175.34,424,195,0,2026-07-02 13:00:00+00:00,2026-07-02 15:00:00+02:00
1782997500,25176.83,25182.2,25165.22,25165.23,328,195,0,2026-07-02 13:05:00+00:00,2026-07-02 15:05:00+02:00
1782997800,25164.73,25176.17,25164.24,25173.1,305,195,0,2026-07-02 13:10:00+00:00,2026-07-02 15:10:00+02:00
1782998100,25173.09,25194.57,25170.6,25194.54,269,195,0,2026-07-02 13:15:00+00:00,2026-07-02 15:15:00+02:00
1782998400,25194.04,25198.53,25186.52,25194.37,246,195,0,2026-07-02 13:20:00+00:00,2026-07-02 15:20:00+02:00
1782998700,25193.87,25209.6,25191.87,25209.6,286,195,0,2026-07-02 13:25:00+00:00,2026-07-02 15:25:00+02:00
1782999000,25210.1,25248.06,25210.1,25238.07,325,195,0,2026-07-02 13:30:00+00:00,2026-07-02 15:30:00+02:00
1782999300,25239.56,25253.87,25238.01,25253.86,257,195,0,2026-07-02 13:35:00+00:00,2026-07-02 15:35:00+02:00
1782999600,25254.36,25260.26,25245.97,25255.09,238,195,0,2026-07-02 13:40:00+00:00,2026-07-02 15:40:00+02:00
1782999900,25254.59,25273.16,25254.58,25261.87,271,195,0,2026-07-02 13:45:00+00:00,2026-07-02 15:45:00+02:00
1783000200,25262.37,25273.82,25249.58,25267.38,307,195,0,2026-07-02 13:50:00+00:00,2026-07-02 15:50:00+02:00
1783000500,25266.88,25290.17,25266.88,25280.24,279,195,0,2026-07-02 13:55:00+00:00,2026-07-02 15:55:00+02:00
1783000800,25281.24,25300.13,25272.79,25273.79,306,195,0,2026-07-02 14:00:00+00:00,2026-07-02 16:00:00+02:00
1783001100,25274.28,25278.27,25260.86,25275.28,247,195,0,2026-07-02 14:05:00+00:00,2026-07-02 16:05:00+02:00
1783001400,25274.79,25285.71,25272.28,25281.34,280,195,0,2026-07-02 14:10:00+00:00,2026-07-02 16:10:00+02:00
1783001700,25279.85,25286.97,25273.06,25281.99,274,195,0,2026-07-02 14:15:00+00:00,2026-07-02 16:15:00+02:00
1783002000,25282.49,25285.43,25269.65,25281.43,276,195,0,2026-07-02 14:20:00+00:00,2026-07-02 16:20:00+02:00
1783002300,25280.93,25290.0,25277.45,25285.18,282,195,0,2026-07-02 14:25:00+00:00,2026-07-02 16:25:00+02:00
1783002600,25284.68,25295.48,25282.3,25285.29,278,195,0,2026-07-02 14:30:00+00:00,2026-07-02 16:30:00+02:00
1783002900,25284.8,25293.55,25277.28,25292.37,233,195,0,2026-07-02 14:35:00+00:00,2026-07-02 16:35:00+02:00
1783003200,25292.36,25294.32,25278.04,25282.64,315,195,0,2026-07-02 14:40:00+00:00,2026-07-02 16:40:00+02:00
1783003500,25282.65,25302.02,25281.66,25299.0,292,195,0,2026-07-02 14:45:00+00:00,2026-07-02 16:45:00+02:00
1783003800,25299.5,25310.37,25295.51,25301.87,290,195,0,2026-07-02 14:50:00+00:00,2026-07-02 16:50:00+02:00
1783004100,25302.37,25309.24,25300.62,25302.74,220,195,0,2026-07-02 14:55:00+00:00,2026-07-02 16:55:00+02:00
1783004400,25302.24,25321.94,25294.84,25318.51,303,195,0,2026-07-02 15:00:00+00:00,2026-07-02 17:00:00+02:00
1783004700,25319.01,25333.29,25316.0,25326.98,339,195,0,2026-07-02 15:05:00+00:00,2026-07-02 17:05:00+02:00
1783005000,25326.48,25341.87,25324.01,25341.85,310,195,0,2026-07-02 15:10:00+00:00,2026-07-02 17:10:00+02:00
1783005300,25342.35,25346.26,25328.01,25329.72,377,195,0,2026-07-02 15:15:00+00:00,2026-07-02 17:15:00+02:00
1783005600,25329.73,25358.73,25327.27,25344.1,386,195,0,2026-07-02 15:20:00+00:00,2026-07-02 17:20:00+02:00
1783005900,25344.6,25347.62,25320.06,25328.47,374,195,0,2026-07-02 15:25:00+00:00,2026-07-02 17:25:00+02:00
1783006200,25333.95,25403.11,25332.94,25393.08,788,195,0,2026-07-02 15:30:00+00:00,2026-07-02 17:30:00+02:00
1783006500,25393.58,25423.32,25390.57,25422.33,726,195,0,2026-07-02 15:35:00+00:00,2026-07-02 17:35:00+02:00
1783006800,25421.33,25466.93,25420.36,25465.56,649,195,0,2026-07-02 15:40:00+00:00,2026-07-02 17:40:00+02:00
1783007100,25465.06,25468.53,25445.85,25461.51,592,195,0,2026-07-02 15:45:00+00:00,2026-07-02 17:45:00+02:00
1783007400,25462.5,25467.33,25438.2,25444.04,581,195,0,2026-07-02 15:50:00+00:00,2026-07-02 17:50:00+02:00
1783007700,25443.55,25445.04,25420.02,25440.17,548,195,0,2026-07-02 15:55:00+00:00,2026-07-02 17:55:00+02:00
1783008000,25440.66,25454.57,25429.26,25454.57,590,195,0,2026-07-02 16:00:00+00:00,2026-07-02 18:00:00+02:00
1783008300,25453.58,25454.57,25436.58,25451.89,476,195,0,2026-07-02 16:05:00+00:00,2026-07-02 18:05:00+02:00
1783008600,25452.88,25467.8,25441.15,25444.14,458,195,0,2026-07-02 16:10:00+00:00,2026-07-02 18:10:00+02:00
1783008900,25444.63,25464.69,25436.68,25463.72,413,195,0,2026-07-02 16:15:00+00:00,2026-07-02 18:15:00+02:00
1783009200,25463.22,25491.41,25459.25,25486.97,395,195,0,2026-07-02 16:20:00+00:00,2026-07-02 18:20:00+02:00
1783009500,25485.48,25519.08,25478.58,25504.79,527,195,0,2026-07-02 16:25:00+00:00,2026-07-02 18:25:00+02:00
1783009800,25505.29,25529.26,25497.0,25522.83,930,195,0,2026-07-02 16:30:00+00:00,2026-07-02 18:30:00+02:00
1783010100,25522.34,25558.0,25522.34,25555.46,781,195,0,2026-07-02 16:35:00+00:00,2026-07-02 18:35:00+02:00
1783010400,25554.46,25585.12,25545.54,25582.58,692,195,0,2026-07-02 16:40:00+00:00,2026-07-02 18:40:00+02:00
1783010700,25583.08,25624.85,25578.96,25623.84,690,195,0,2026-07-02 16:45:00+00:00,2026-07-02 18:45:00+02:00
1783011000,25624.34,25657.43,25623.53,25628.97,704,195,0,2026-07-02 16:50:00+00:00,2026-07-02 18:50:00+02:00
1783011300,25629.97,25644.67,25623.76,25637.27,624,195,0,2026-07-02 16:55:00+00:00,2026-07-02 18:55:00+02:00
1783011600,25636.77,25638.26,25596.83,25598.82,612,195,0,2026-07-02 17:00:00+00:00,2026-07-02 19:00:00+02:00
1783011900,25599.82,25626.56,25590.89,25604.28,649,195,0,2026-07-02 17:05:00+00:00,2026-07-02 19:05:00+02:00
1783012200,25604.77,25646.72,25597.83,25636.27,630,195,0,2026-07-02 17:10:00+00:00,2026-07-02 19:10:00+02:00
1783012500,25635.77,25645.69,25612.88,25622.77,669,195,0,2026-07-02 17:15:00+00:00,2026-07-02 19:15:00+02:00
1783012800,25622.76,25622.76,25599.36,25604.95,727,195,0,2026-07-02 17:20:00+00:00,2026-07-02 19:20:00+02:00
1783013100,25605.44,25613.24,25587.15,25595.55,798,195,0,2026-07-02 17:25:00+00:00,2026-07-02 19:25:00+02:00
1783013400,25596.05,25625.09,25585.63,25602.77,874,195,0,2026-07-02 17:30:00+00:00,2026-07-02 19:30:00+02:00
1783013700,25602.27,25624.39,25600.78,25617.44,736,195,0,2026-07-02 17:35:00+00:00,2026-07-02 19:35:00+02:00
1783014000,25618.43,25621.9,25585.17,25586.64,813,195,0,2026-07-02 17:40:00+00:00,2026-07-02 19:40:00+02:00
1783014300,25587.14,25608.82,25574.48,25581.4,841,195,0,2026-07-02 17:45:00+00:00,2026-07-02 19:45:00+02:00
1783014600,25582.4,25605.28,25579.41,25602.17,843,195,0,2026-07-02 17:50:00+00:00,2026-07-02 19:50:00+02:00
1783014900,25602.67,25630.09,25602.66,25630.08,628,195,0,2026-07-02 17:55:00+00:00,2026-07-02 19:55:00+02:00
1783015200,25631.57,25641.93,25610.63,25610.63,718,195,0,2026-07-02 18:00:00+00:00,2026-07-02 20:00:00+02:00
1783015500,25611.13,25615.62,25574.74,25591.5,883,195,0,2026-07-02 18:05:00+00:00,2026-07-02 20:05:00+02:00
1783015800,25591.99,25620.69,25583.55,25594.6,753,195,0,2026-07-02 18:10:00+00:00,2026-07-02 20:10:00+02:00
1783016100,25593.11,25604.51,25562.69,25564.18,783,195,0,2026-07-02 18:15:00+00:00,2026-07-02 20:15:00+02:00
1783016400,25563.68,25583.9,25557.89,25568.84,749,195,0,2026-07-02 18:20:00+00:00,2026-07-02 20:20:00+02:00
1783016700,25568.34,25594.66,25536.02,25544.5,746,195,0,2026-07-02 18:25:00+00:00,2026-07-02 20:25:00+02:00
1783017000,25541.02,25587.26,25538.05,25570.36,780,195,0,2026-07-02 18:30:00+00:00,2026-07-02 20:30:00+02:00
1783017300,25571.86,25606.15,25566.89,25589.26,600,195,0,2026-07-02 18:35:00+00:00,2026-07-02 20:35:00+02:00
1783017600,25589.76,25608.15,25587.27,25590.26,511,195,0,2026-07-02 18:40:00+00:00,2026-07-02 20:40:00+02:00
1783017900,25589.76,25602.69,25568.39,25572.37,547,195,0,2026-07-02 18:45:00+00:00,2026-07-02 20:45:00+02:00
1783018200,25571.88,25571.88,25550.51,25558.46,602,195,0,2026-07-02 18:50:00+00:00,2026-07-02 20:50:00+02:00
1783018500,25557.47,25558.46,25536.1,25546.99,476,195,0,2026-07-02 18:55:00+00:00,2026-07-02 20:55:00+02:00
1783018800,25546.49,25576.82,25545.5,25572.84,521,195,0,2026-07-02 19:00:00+00:00,2026-07-02 21:00:00+02:00
1783019100,25572.34,25582.29,25571.85,25578.31,479,195,0,2026-07-02 19:05:00+00:00,2026-07-02 21:05:00+02:00
1783019400,25578.81,25590.25,25574.34,25582.79,346,195,0,2026-07-02 19:10:00+00:00,2026-07-02 21:10:00+02:00
1783019700,25583.29,25596.72,25575.84,25587.27,404,195,0,2026-07-02 19:15:00+00:00,2026-07-02 21:15:00+02:00
1783020000,25587.77,25588.77,25571.87,25575.35,443,195,0,2026-07-02 19:20:00+00:00,2026-07-02 21:20:00+02:00
1783020300,25575.85,25584.8,25560.4,25564.38,411,195,0,2026-07-02 19:25:00+00:00,2026-07-02 21:25:00+02:00
1783020600,25564.87,25566.86,25552.45,25557.42,418,195,0,2026-07-02 19:30:00+00:00,2026-07-02 21:30:00+02:00
1783020900,25556.93,25559.91,25536.55,25550.47,473,195,0,2026-07-02 19:35:00+00:00,2026-07-02 21:35:00+02:00
1783021200,25550.97,25567.87,25549.98,25561.91,452,195,0,2026-07-02 19:40:00+00:00,2026-07-02 21:40:00+02:00
1783021500,25562.41,25563.91,25551.97,25561.42,397,195,0,2026-07-02 19:45:00+00:00,2026-07-02 21:45:00+02:00
1783021800,25559.93,25560.43,25543.53,25547.01,400,195,0,2026-07-02 19:50:00+00:00,2026-07-02 21:50:00+02:00
1783022100,25547.51,25547.51,25523.16,25531.61,466,195,0,2026-07-02 19:55:00+00:00,2026-07-02 21:55:00+02:00
1783022400,25532.11,25534.6,25504.28,25511.74,451,195,0,2026-07-02 20:00:00+00:00,2026-07-02 22:00:00+02:00
1783022700,25511.24,25527.65,25501.3,25511.25,497,195,0,2026-07-02 20:05:00+00:00,2026-07-02 22:05:00+02:00
1783023000,25511.75,25515.23,25496.84,25514.73,386,195,0,2026-07-02 20:10:00+00:00,2026-07-02 22:10:00+02:00
1783023300,25514.24,25520.7,25508.27,25512.26,412,195,0,2026-07-02 20:15:00+00:00,2026-07-02 22:15:00+02:00
1783023600,25512.75,25519.71,25507.78,25511.77,381,195,0,2026-07-02 20:20:00+00:00,2026-07-02 22:20:00+02:00
1783023900,25511.27,25518.23,25504.31,25517.74,307,195,0,2026-07-02 20:25:00+00:00,2026-07-02 22:25:00+02:00
1783024200,25517.24,25524.2,25512.28,25512.28,334,195,0,2026-07-02 20:30:00+00:00,2026-07-02 22:30:00+02:00
1783024500,25511.78,25515.76,25489.42,25493.4,395,195,0,2026-07-02 20:35:00+00:00,2026-07-02 22:35:00+02:00
1783024800,25493.89,25506.82,25484.95,25500.36,466,195,0,2026-07-02 20:40:00+00:00,2026-07-02 22:40:00+02:00
1783025100,25499.86,25502.85,25486.45,25496.39,316,195,0,2026-07-02 20:45:00+00:00,2026-07-02 22:45:00+02:00
1783025400,25495.4,25498.39,25485.46,25495.9,398,195,0,2026-07-02 20:50:00+00:00,2026-07-02 22:50:00+02:00
1783025700,25494.91,25496.4,25479.51,25482.99,314,195,0,2026-07-02 20:55:00+00:00,2026-07-02 22:55:00+02:00
1783026000,25483.48,25490.45,25471.55,25489.45,401,195,0,2026-07-02 21:00:00+00:00,2026-07-02 23:00:00+02:00
1783026300,25488.96,25517.79,25488.96,25517.29,405,195,0,2026-07-02 21:05:00+00:00,2026-07-02 23:05:00+02:00
1783026600,25517.79,25525.25,25509.84,25515.81,400,195,0,2026-07-02 21:10:00+00:00,2026-07-02 23:10:00+02:00
1783026900,25516.31,25517.3,25502.4,25508.86,358,195,0,2026-07-02 21:15:00+00:00,2026-07-02 23:15:00+02:00
1783027200,25508.36,25516.81,25507.37,25509.86,228,195,0,2026-07-02 21:20:00+00:00,2026-07-02 23:20:00+02:00
1783027500,25509.36,25516.32,25508.37,25513.35,252,195,0,2026-07-02 21:25:00+00:00,2026-07-02 23:25:00+02:00
1783027800,25512.35,25532.23,25512.35,25521.8,317,195,0,2026-07-02 21:30:00+00:00,2026-07-02 23:30:00+02:00
1783028100,25522.8,25532.74,25519.32,25532.25,297,195,0,2026-07-02 21:35:00+00:00,2026-07-02 23:35:00+02:00
1783028400,25532.74,25536.72,25526.28,25530.26,264,195,0,2026-07-02 21:40:00+00:00,2026-07-02 23:40:00+02:00
1783028700,25530.76,25540.21,25523.31,25539.71,266,195,0,2026-07-02 21:45:00+00:00,2026-07-02 23:45:00+02:00
1783029000,25539.22,25542.7,25533.26,25534.25,283,195,0,2026-07-02 21:50:00+00:00,2026-07-02 23:50:00+02:00
1783029300,25534.75,25537.24,25526.3,25533.76,293,195,0,2026-07-02 21:55:00+00:00,2026-07-02 23:55:00+02:00
1783029600,25534.26,25537.24,25507.93,25509.91,386,195,0,2026-07-02 22:00:00+00:00,2026-07-03 00:00:00+02:00
1783029900,25510.91,25520.85,25502.96,25514.39,448,195,0,2026-07-02 22:05:00+00:00,2026-07-03 00:05:00+02:00
1783030200,25513.9,25522.35,25508.93,25517.88,316,195,0,2026-07-02 22:10:00+00:00,2026-07-03 00:10:00+02:00
1783030500,25518.38,25519.87,25509.44,25515.9,278,195,0,2026-07-02 22:15:00+00:00,2026-07-03 00:15:00+02:00
1783030800,25516.89,25517.89,25505.96,25507.95,230,195,0,2026-07-02 22:20:00+00:00,2026-07-03 00:20:00+02:00
1783031100,25506.96,25521.88,25502.49,25514.92,276,195,0,2026-07-02 22:25:00+00:00,2026-07-03 00:25:00+02:00
1783031400,25515.91,25531.33,25515.91,25530.83,309,195,0,2026-07-02 22:30:00+00:00,2026-07-03 00:30:00+02:00
1783031700,25530.33,25541.27,25527.85,25538.29,308,195,0,2026-07-02 22:35:00+00:00,2026-07-03 00:35:00+02:00
1783032000,25538.79,25549.23,25532.83,25546.75,280,195,0,2026-07-02 22:40:00+00:00,2026-07-03 00:40:00+02:00
1783032300,25547.25,25556.69,25544.26,25552.22,281,195,0,2026-07-02 22:45:00+00:00,2026-07-03 00:45:00+02:00
1783032600,25553.22,25607.89,25553.22,25596.96,501,195,0,2026-07-02 22:50:00+00:00,2026-07-03 00:50:00+02:00
1783032900,25597.46,25622.81,25590.0,25612.38,469,195,0,2026-07-02 22:55:00+00:00,2026-07-03 00:55:00+02:00
1783033200,25610.39,25610.89,25592.87,25593.47,405,195,0,2026-07-02 23:00:00+00:00,2026-07-03 01:00:00+02:00
1783033500,25594.06,25599.43,25586.92,25597.64,258,840,0,2026-07-02 23:05:00+00:00,2026-07-03 01:05:00+02:00
1783033800,25597.94,25604.8,25593.48,25601.82,154,840,0,2026-07-02 23:10:00+00:00,2026-07-03 01:10:00+02:00
1783034100,25602.41,25603.9,25598.25,25598.25,154,840,0,2026-07-02 23:15:00+00:00,2026-07-03 01:15:00+02:00
1783034400,25598.85,25601.23,25591.71,25592.9,103,840,0,2026-07-02 23:20:00+00:00,2026-07-03 01:20:00+02:00
1783034700,25592.3,25599.45,25592.3,25594.69,92,840,0,2026-07-02 23:25:00+00:00,2026-07-03 01:25:00+02:00
1783035000,25595.29,25599.46,25591.72,25599.46,124,840,0,2026-07-02 23:30:00+00:00,2026-07-03 01:30:00+02:00
1783035300,25600.06,25603.04,25595.6,25597.09,122,840,0,2026-07-02 23:35:00+00:00,2026-07-03 01:35:00+02:00
1783035600,25597.68,25597.69,25590.54,25591.14,65,840,0,2026-07-02 23:40:00+00:00,2026-07-03 01:40:00+02:00
1783035900,25591.44,25596.51,25590.55,25595.32,116,840,0,2026-07-02 23:45:00+00:00,2026-07-03 01:45:00+02:00
1783036200,25594.72,25597.7,25594.13,25594.73,72,840,0,2026-07-02 23:50:00+00:00,2026-07-03 01:50:00+02:00
1783036500,25594.13,25602.48,25593.54,25599.2,137,840,0,2026-07-02 23:55:00+00:00,2026-07-03 01:55:00+02:00
1783040700,25616.72,25622.39,25610.47,25620.6,154,840,0,2026-07-03 01:05:00+00:00,2026-07-03 03:05:00+02:00
1783041000,25620.0,25622.39,25618.82,25620.31,75,840,0,2026-07-03 01:10:00+00:00,2026-07-03 03:10:00+02:00
1783041300,25621.8,25625.97,25621.5,25624.19,81,840,0,2026-07-03 01:15:00+00:00,2026-07-03 03:15:00+02:00
1783041600,25623.89,25627.77,25623.0,25626.28,80,840,0,2026-07-03 01:20:00+00:00,2026-07-03 03:20:00+02:00
1783041900,25625.98,25627.77,25621.52,25622.41,89,840,0,2026-07-03 01:25:00+00:00,2026-07-03 03:25:00+02:00
1783042200,25622.12,25627.78,25618.25,25627.48,138,840,0,2026-07-03 01:30:00+00:00,2026-07-03 03:30:00+02:00
1783042500,25628.08,25636.43,25625.99,25635.84,132,840,0,2026-07-03 01:35:00+00:00,2026-07-03 03:35:00+02:00
1783042800,25635.54,25639.12,25634.65,25638.82,116,840,0,2026-07-03 01:40:00+00:00,2026-07-03 03:40:00+02:00
1783043100,25638.52,25639.42,25635.25,25635.26,75,840,0,2026-07-03 01:45:00+00:00,2026-07-03 03:45:00+02:00
1783043400,25634.06,25635.26,25632.28,25635.26,81,840,0,2026-07-03 01:50:00+00:00,2026-07-03 03:50:00+02:00
1783043700,25635.56,25641.74,25635.56,25640.84,106,840,0,2026-07-03 01:55:00+00:00,2026-07-03 03:55:00+02:00
1783044000,25640.54,25641.74,25636.08,25637.28,149,840,0,2026-07-03 02:00:00+00:00,2026-07-03 04:00:00+02:00
1783044300,25636.98,25638.17,25632.22,25633.41,153,840,0,2026-07-03 02:05:00+00:00,2026-07-03 04:05:00+02:00
1783044600,25633.11,25634.9,25626.87,25627.17,178,840,0,2026-07-03 02:10:00+00:00,2026-07-03 04:10:00+02:00
1783044900,25627.46,25633.72,25627.46,25629.26,177,840,0,2026-07-03 02:15:00+00:00,2026-07-03 04:15:00+02:00
1783045200,25629.56,25642.07,25628.36,25641.17,206,840,0,2026-07-03 02:20:00+00:00,2026-07-03 04:20:00+02:00
1783045500,25640.88,25644.45,25639.98,25642.67,152,840,0,2026-07-03 02:25:00+00:00,2026-07-03 04:25:00+02:00
1783045800,25642.37,25646.25,25638.5,25644.76,188,840,0,2026-07-03 02:30:00+00:00,2026-07-03 04:30:00+02:00
1783046100,25645.06,25646.85,25637.32,25640.3,168,840,0,2026-07-03 02:35:00+00:00,2026-07-03 04:35:00+02:00
1783046400,25639.71,25642.69,25635.54,25635.54,190,840,0,2026-07-03 02:40:00+00:00,2026-07-03 04:40:00+02:00
1783046700,25636.14,25645.07,25634.65,25643.89,363,840,0,2026-07-03 02:45:00+00:00,2026-07-03 04:45:00+02:00
1783047000,25643.59,25645.08,25637.64,25643.9,284,840,0,2026-07-03 02:50:00+00:00,2026-07-03 04:50:00+02:00
1783047300,25643.6,25643.6,25640.33,25643.01,272,840,0,2026-07-03 02:55:00+00:00,2026-07-03 04:55:00+02:00
1783048500,25637.2,25645.28,25620.19,25623.67,167,195,0,2026-07-03 03:15:00+00:00,2026-07-03 05:15:00+02:00
1783048800,25624.16,25633.61,25620.69,25629.14,125,195,0,2026-07-03 03:20:00+00:00,2026-07-03 05:20:00+02:00
1783049100,25629.64,25630.63,25619.2,25622.19,110,195,0,2026-07-03 03:25:00+00:00,2026-07-03 05:25:00+02:00
1783049400,25622.69,25622.69,25597.84,25599.83,132,195,0,2026-07-03 03:30:00+00:00,2026-07-03 05:30:00+02:00
1783049700,25601.82,25629.66,25601.32,25623.2,94,195,0,2026-07-03 03:35:00+00:00,2026-07-03 05:35:00+02:00
1783050000,25621.71,25625.68,25607.7,25617.24,94,195,0,2026-07-03 03:40:00+00:00,2026-07-03 05:40:00+02:00
1783050300,25617.74,25627.19,25610.78,25627.19,132,195,0,2026-07-03 03:45:00+00:00,2026-07-03 05:45:00+02:00
1783050600,25626.69,25629.18,25610.7,25620.23,81,195,0,2026-07-03 03:50:00+00:00,2026-07-03 05:50:00+02:00
1783050900,25620.73,25623.71,25607.81,25613.78,87,195,0,2026-07-03 03:55:00+00:00,2026-07-03 05:55:00+02:00
1783051200,25613.28,25653.05,25609.8,25650.57,166,195,0,2026-07-03 04:00:00+00:00,2026-07-03 06:00:00+02:00
1783051500,25649.08,25684.37,25648.08,25678.41,242,195,0,2026-07-03 04:05:00+00:00,2026-07-03 06:05:00+02:00
1783051800,25679.4,25685.37,25666.48,25681.4,157,195,0,2026-07-03 04:10:00+00:00,2026-07-03 06:10:00+02:00
1783052100,25682.89,25686.37,25663.01,25671.96,188,195,0,2026-07-03 04:15:00+00:00,2026-07-03 06:15:00+02:00
1783052400,25672.46,25696.32,25671.96,25695.33,166,195,0,2026-07-03 04:20:00+00:00,2026-07-03 06:20:00+02:00
1783052700,25693.84,25694.34,25682.91,25686.39,158,195,0,2026-07-03 04:25:00+00:00,2026-07-03 06:25:00+02:00
1783053000,25688.87,25703.29,25684.9,25703.29,177,195,0,2026-07-03 04:30:00+00:00,2026-07-03 06:30:00+02:00
1783053300,25703.79,25703.79,25673.97,25691.37,85,195,0,2026-07-03 04:35:00+00:00,2026-07-03 06:35:00+02:00
1783053600,25691.37,25695.85,25689.88,25691.38,74,195,0,2026-07-03 04:40:00+00:00,2026-07-03 06:40:00+02:00
1783053900,25690.88,25690.88,25681.44,25686.42,109,195,0,2026-07-03 04:45:00+00:00,2026-07-03 06:45:00+02:00
1783054200,25686.42,25688.9,25677.47,25688.41,127,195,0,2026-07-03 04:50:00+00:00,2026-07-03 06:50:00+02:00
1783054500,25686.92,25691.4,25681.96,25683.45,86,195,0,2026-07-03 04:55:00+00:00,2026-07-03 06:55:00+02:00
1783054800,25681.96,25689.91,25681.96,25688.92,70,195,0,2026-07-03 05:00:00+00:00,2026-07-03 07:00:00+02:00
1783055100,25688.42,25693.4,25680.97,25686.94,78,195,0,2026-07-03 05:05:00+00:00,2026-07-03 07:05:00+02:00
1783055400,25687.44,25687.93,25675.51,25678.5,100,195,0,2026-07-03 05:10:00+00:00,2026-07-03 07:10:00+02:00
1783055700,25678.0,25686.95,25676.02,25676.02,77,195,0,2026-07-03 05:15:00+00:00,2026-07-03 07:15:00+02:00
1783056000,25677.51,25683.98,25677.51,25681.0,50,195,0,2026-07-03 05:20:00+00:00,2026-07-03 07:20:00+02:00
1783056300,25681.99,25689.95,25674.54,25686.97,67,195,0,2026-07-03 05:25:00+00:00,2026-07-03 07:25:00+02:00
1783056600,25685.48,25685.48,25676.03,25682.0,92,195,0,2026-07-03 05:30:00+00:00,2026-07-03 07:30:00+02:00
1783056900,25681.51,25684.0,25677.03,25683.0,59,195,0,2026-07-03 05:35:00+00:00,2026-07-03 07:35:00+02:00
1783057200,25683.01,25684.5,25673.57,25675.56,92,195,0,2026-07-03 05:40:00+00:00,2026-07-03 07:40:00+02:00
1783057500,25676.05,25677.55,25669.6,25671.09,49,195,0,2026-07-03 05:45:00+00:00,2026-07-03 07:45:00+02:00
1783057800,25673.08,25684.02,25673.08,25676.56,53,195,0,2026-07-03 05:50:00+00:00,2026-07-03 07:50:00+02:00
1783058100,25676.07,25683.03,25672.09,25683.03,61,195,0,2026-07-03 05:55:00+00:00,2026-07-03 07:55:00+02:00
1783058400,25681.54,25685.02,25680.55,25683.04,23,195,0,2026-07-03 06:00:00+00:00,2026-07-03 08:00:00+02:00
1783058700,25682.54,25688.02,25679.57,25686.03,29,195,0,2026-07-03 06:05:00+00:00,2026-07-03 08:05:00+02:00
1783059000,25686.53,25689.02,25677.58,25685.04,54,195,0,2026-07-03 06:10:00+00:00,2026-07-03 08:10:00+02:00
1783059300,25685.54,25688.03,25683.55,25687.04,36,195,0,2026-07-03 06:15:00+00:00,2026-07-03 08:15:00+02:00
1783059600,25687.53,25694.5,25687.53,25689.03,35,195,0,2026-07-03 06:20:00+00:00,2026-07-03 08:20:00+02:00
1783059900,25688.53,25697.49,25674.12,25694.51,93,195,0,2026-07-03 06:25:00+00:00,2026-07-03 08:25:00+02:00
1783060200,25695.5,25701.96,25694.01,25695.51,110,195,0,2026-07-03 06:30:00+00:00,2026-07-03 08:30:00+02:00
1783060500,25694.51,25697.5,25685.57,25687.06,73,195,0,2026-07-03 06:35:00+00:00,2026-07-03 08:35:00+02:00
1783060800,25686.57,25690.05,25676.14,25678.12,51,195,0,2026-07-03 06:40:00+00:00,2026-07-03 08:40:00+02:00
1783061100,25675.64,25692.05,25675.14,25691.55,59,195,0,2026-07-03 06:45:00+00:00,2026-07-03 08:45:00+02:00
1783061400,25692.05,25698.02,25688.57,25696.53,51,195,0,2026-07-03 06:50:00+00:00,2026-07-03 08:50:00+02:00
1783061700,25697.03,25707.47,25697.03,25705.98,55,195,0,2026-07-03 06:55:00+00:00,2026-07-03 08:55:00+02:00
1783062000,25706.48,25712.94,25706.48,25711.95,68,195,0,2026-07-03 07:00:00+00:00,2026-07-03 09:00:00+02:00
1783062300,25711.45,25711.95,25699.03,25703.51,34,195,0,2026-07-03 07:05:00+00:00,2026-07-03 09:05:00+02:00
1783062600,25702.02,25714.45,25696.06,25713.95,46,195,0,2026-07-03 07:10:00+00:00,2026-07-03 09:10:00+02:00
1783062900,25717.43,25717.43,25698.54,25707.99,63,195,0,2026-07-03 07:15:00+00:00,2026-07-03 09:15:00+02:00
1783063200,25707.5,25713.47,25707.0,25709.49,28,195,0,2026-07-03 07:20:00+00:00,2026-07-03 09:20:00+02:00
1783063500,25709.99,25713.97,25708.0,25710.99,75,195,0,2026-07-03 07:25:00+00:00,2026-07-03 09:25:00+02:00
1783063800,25710.49,25711.49,25700.55,25710.0,70,195,0,2026-07-03 07:30:00+00:00,2026-07-03 09:30:00+02:00
1783064100,25708.51,25715.97,25702.05,25714.98,49,195,0,2026-07-03 07:35:00+00:00,2026-07-03 09:35:00+02:00
1783064400,25714.48,25717.97,25703.55,25706.04,71,195,0,2026-07-03 07:40:00+00:00,2026-07-03 09:40:00+02:00
1783064700,25706.54,25710.02,25695.61,25698.09,48,195,0,2026-07-03 07:45:00+00:00,2026-07-03 09:45:00+02:00
1783065000,25696.6,25705.56,25694.12,25704.07,57,195,0,2026-07-03 07:50:00+00:00,2026-07-03 09:50:00+02:00
1783065300,25702.08,25703.07,25694.63,25695.62,46,195,0,2026-07-03 07:55:00+00:00,2026-07-03 09:55:00+02:00
1783065600,25695.13,25696.12,25676.24,25684.69,118,195,0,2026-07-03 08:00:00+00:00,2026-07-03 10:00:00+02:00
1783065900,25683.7,25696.13,25680.22,25691.66,90,195,0,2026-07-03 08:05:00+00:00,2026-07-03 10:05:00+02:00
1783066200,25688.18,25688.68,25677.75,25681.23,69,195,0,2026-07-03 08:10:00+00:00,2026-07-03 10:10:00+02:00
1783066500,25681.73,25683.72,25679.24,25680.74,45,195,0,2026-07-03 08:15:00+00:00,2026-07-03 10:15:00+02:00
1783066800,25678.25,25680.24,25663.84,25664.34,46,195,0,2026-07-03 08:20:00+00:00,2026-07-03 10:20:00+02:00
1783067100,25665.34,25682.24,25663.35,25681.75,89,195,0,2026-07-03 08:25:00+00:00,2026-07-03 10:25:00+02:00
1783067400,25681.25,25692.19,25681.25,25690.7,72,195,0,2026-07-03 08:30:00+00:00,2026-07-03 10:30:00+02:00
1783067700,25691.2,25697.66,25687.72,25691.7,53,195,0,2026-07-03 08:35:00+00:00,2026-07-03 10:35:00+02:00
1783068000,25690.71,25691.7,25675.8,25675.8,73,195,0,2026-07-03 08:40:00+00:00,2026-07-03 10:40:00+02:00
1783068300,25678.29,25683.26,25671.34,25677.8,61,195,0,2026-07-03 08:45:00+00:00,2026-07-03 10:45:00+02:00
1783068600,25681.28,25682.77,25672.83,25675.32,87,195,0,2026-07-03 08:50:00+00:00,2026-07-03 10:50:00+02:00
1783068900,25674.82,25686.26,25671.84,25682.78,85,195,0,2026-07-03 08:55:00+00:00,2026-07-03 10:55:00+02:00
1783069200,25684.77,25701.68,25681.79,25700.68,133,195,0,2026-07-03 09:00:00+00:00,2026-07-03 11:00:00+02:00
1783069500,25701.68,25718.08,25701.68,25713.61,181,195,0,2026-07-03 09:05:00+00:00,2026-07-03 11:05:00+02:00
1783069800,25714.61,25722.56,25707.15,25717.1,142,195,0,2026-07-03 09:10:00+00:00,2026-07-03 11:10:00+02:00
1783070100,25717.6,25727.81,25713.62,25725.32,169,195,0,2026-07-03 09:15:00+00:00,2026-07-03 11:15:00+02:00
1783070400,25725.32,25726.82,25697.5,25698.49,146,195,0,2026-07-03 09:20:00+00:00,2026-07-03 11:20:00+02:00
1783070700,25698.99,25710.7,25698.99,25707.72,104,195,0,2026-07-03 09:25:00+00:00,2026-07-03 11:25:00+02:00
1783071000,25712.2,25714.24,25703.75,25713.75,138,195,0,2026-07-03 09:30:00+00:00,2026-07-03 11:30:00+02:00
1783071300,25712.75,25730.65,25712.25,25716.73,185,195,0,2026-07-03 09:35:00+00:00,2026-07-03 11:35:00+02:00
1783071600,25716.23,25726.67,25709.77,25724.19,155,195,0,2026-07-03 09:40:00+00:00,2026-07-03 11:40:00+02:00
1783071900,25725.18,25729.16,25720.62,25724.7,136,195,0,2026-07-03 09:45:00+00:00,2026-07-03 11:45:00+02:00
1783072200,25724.21,25726.19,25710.28,25720.24,134,195,0,2026-07-03 09:50:00+00:00,2026-07-03 11:50:00+02:00
1783072500,25719.24,25744.55,25714.72,25744.55,211,195,0,2026-07-03 09:55:00+00:00,2026-07-03 11:55:00+02:00
1783072800,25743.55,25780.84,25723.23,25779.85,865,195,0,2026-07-03 10:00:00+00:00,2026-07-03 12:00:00+02:00
1783073100,25778.85,25814.92,25771.04,25805.46,669,195,0,2026-07-03 10:05:00+00:00,2026-07-03 12:05:00+02:00
1783073400,25805.96,25808.45,25779.56,25780.58,560,195,0,2026-07-03 10:10:00+00:00,2026-07-03 12:10:00+02:00
1783073700,25780.08,25780.08,25746.5,25762.05,564,195,0,2026-07-03 10:15:00+00:00,2026-07-03 12:15:00+02:00
1783074000,25762.55,25777.43,25733.53,25741.69,477,195,0,2026-07-03 10:20:00+00:00,2026-07-03 12:20:00+02:00
1783074300,25741.19,25758.67,25737.73,25742.86,453,195,0,2026-07-03 10:25:00+00:00,2026-07-03 12:25:00+02:00
1783074600,25742.38,25749.86,25711.0,25711.01,479,195,0,2026-07-03 10:30:00+00:00,2026-07-03 12:30:00+02:00
1783074900,25711.51,25729.09,25706.07,25709.49,431,195,0,2026-07-03 10:35:00+00:00,2026-07-03 12:35:00+02:00
1783075200,25709.99,25714.53,25694.7,25695.7,440,195,0,2026-07-03 10:40:00+00:00,2026-07-03 12:40:00+02:00
1783075500,25695.2,25695.2,25680.83,25684.62,427,195,0,2026-07-03 10:45:00+00:00,2026-07-03 12:45:00+02:00
1783075800,25685.11,25713.22,25683.12,25708.76,375,195,0,2026-07-03 10:50:00+00:00,2026-07-03 12:50:00+02:00
1783076100,25710.75,25719.68,25682.59,25682.61,358,195,0,2026-07-03 10:55:00+00:00,2026-07-03 12:55:00+02:00
1783076400,25683.61,25689.61,25672.99,25678.75,465,195,0,2026-07-03 11:00:00+00:00,2026-07-03 13:00:00+02:00
1783076700,25680.24,25696.2,25677.06,25684.58,385,195,0,2026-07-03 11:05:00+00:00,2026-07-03 13:05:00+02:00
1783077000,25685.07,25717.82,25683.59,25709.17,400,195,0,2026-07-03 11:10:00+00:00,2026-07-03 13:10:00+02:00
1783077300,25709.67,25736.5,25709.17,25729.13,341,195,0,2026-07-03 11:15:00+00:00,2026-07-03 13:15:00+02:00
1783077600,25728.63,25732.59,25710.53,25723.79,352,195,0,2026-07-03 11:20:00+00:00,2026-07-03 13:20:00+02:00
1783077900,25724.29,25730.51,25712.27,25715.33,379,195,0,2026-07-03 11:25:00+00:00,2026-07-03 13:25:00+02:00
1783078200,25715.83,25719.74,25688.7,25693.11,429,195,0,2026-07-03 11:30:00+00:00,2026-07-03 13:30:00+02:00
1783078500,25693.6,25708.84,25682.08,25688.05,318,195,0,2026-07-03 11:35:00+00:00,2026-07-03 13:35:00+02:00
1783078800,25688.55,25693.09,25676.78,25680.25,355,195,0,2026-07-03 11:40:00+00:00,2026-07-03 13:40:00+02:00
1783079100,25680.75,25682.8,25651.58,25653.6,352,195,0,2026-07-03 11:45:00+00:00,2026-07-03 13:45:00+02:00
1783079400,25652.61,25658.58,25638.54,25642.47,385,195,0,2026-07-03 11:50:00+00:00,2026-07-03 13:50:00+02:00
1783079700,25641.47,25644.41,25626.39,25628.38,351,195,0,2026-07-03 11:55:00+00:00,2026-07-03 13:55:00+02:00
1783080000,25627.89,25629.38,25609.91,25610.4,387,195,0,2026-07-03 12:00:00+00:00,2026-07-03 14:00:00+02:00
1783080300,25609.41,25631.08,25609.41,25615.05,343,195,0,2026-07-03 12:05:00+00:00,2026-07-03 14:05:00+02:00
1783080600,25614.55,25631.72,25614.55,25628.79,339,195,0,2026-07-03 12:10:00+00:00,2026-07-03 14:10:00+02:00
1783080900,25628.29,25649.57,25624.31,25648.55,321,195,0,2026-07-03 12:15:00+00:00,2026-07-03 14:15:00+02:00
1783081200,25648.05,25661.15,25636.11,25637.12,339,195,0,2026-07-03 12:20:00+00:00,2026-07-03 14:20:00+02:00
1783081500,25636.62,25648.59,25627.28,25630.26,319,195,0,2026-07-03 12:25:00+00:00,2026-07-03 14:25:00+02:00
1783081800,25631.25,25644.91,25623.57,25627.17,316,195,0,2026-07-03 12:30:00+00:00,2026-07-03 14:30:00+02:00
1783082100,25628.16,25635.13,25618.9,25632.54,292,195,0,2026-07-03 12:35:00+00:00,2026-07-03 14:35:00+02:00
1783082400,25631.54,25654.28,25627.51,25652.65,316,195,0,2026-07-03 12:40:00+00:00,2026-07-03 14:40:00+02:00
1783082700,25652.15,25664.65,25647.17,25664.65,266,195,0,2026-07-03 12:45:00+00:00,2026-07-03 14:45:00+02:00
1783083000,25664.15,25666.67,25639.02,25642.72,462,195,0,2026-07-03 12:50:00+00:00,2026-07-03 14:50:00+02:00
1783083300,25642.22,25655.6,25638.04,25651.7,425,195,0,2026-07-03 12:55:00+00:00,2026-07-03 14:55:00+02:00
1783083600,25652.2,25652.28,25637.98,25650.79,303,195,0,2026-07-03 13:00:00+00:00,2026-07-03 15:00:00+02:00
1783083900,25651.28,25659.38,25645.79,25659.34,253,195,0,2026-07-03 13:05:00+00:00,2026-07-03 15:05:00+02:00
1783084200,25660.34,25677.18,25657.29,25667.5,246,195,0,2026-07-03 13:10:00+00:00,2026-07-03 15:10:00+02:00
1783084500,25667.51,25670.53,25657.77,25665.9,233,195,0,2026-07-03 13:15:00+00:00,2026-07-03 15:15:00+02:00
1783084800,25665.41,25672.55,25661.82,25670.0,231,195,0,2026-07-03 13:20:00+00:00,2026-07-03 15:20:00+02:00
1783085100,25669.99,25682.99,25664.53,25675.5,218,195,0,2026-07-03 13:25:00+00:00,2026-07-03 15:25:00+02:00
1783085400,25675.99,25689.93,25675.99,25686.05,222,195,0,2026-07-03 13:30:00+00:00,2026-07-03 15:30:00+02:00
1783085700,25686.06,25703.51,25684.57,25701.56,236,195,0,2026-07-03 13:35:00+00:00,2026-07-03 15:35:00+02:00
1783086000,25701.07,25702.07,25688.61,25697.35,201,195,0,2026-07-03 13:40:00+00:00,2026-07-03 15:40:00+02:00
1783086300,25697.34,25704.16,25696.23,25702.3,195,195,0,2026-07-03 13:45:00+00:00,2026-07-03 15:45:00+02:00
1783086600,25701.8,25703.24,25688.22,25691.26,228,195,0,2026-07-03 13:50:00+00:00,2026-07-03 15:50:00+02:00
1783086900,25691.75,25703.39,25687.21,25700.31,224,195,0,2026-07-03 13:55:00+00:00,2026-07-03 15:55:00+02:00
1783087200,25700.8,25703.79,25675.95,25691.86,267,195,0,2026-07-03 14:00:00+00:00,2026-07-03 16:00:00+02:00
1783087500,25691.36,25692.36,25671.43,25675.48,210,195,0,2026-07-03 14:05:00+00:00,2026-07-03 16:05:00+02:00
1783087800,25675.98,25686.27,25673.68,25674.69,219,195,0,2026-07-03 14:10:00+00:00,2026-07-03 16:10:00+02:00
1783088100,25675.19,25684.48,25672.22,25680.25,213,195,0,2026-07-03 14:15:00+00:00,2026-07-03 16:15:00+02:00
1783088400,25681.74,25685.19,25668.45,25668.46,233,195,0,2026-07-03 14:20:00+00:00,2026-07-03 16:20:00+02:00
1783088700,25668.47,25672.03,25655.43,25660.42,172,195,0,2026-07-03 14:25:00+00:00,2026-07-03 16:25:00+02:00
1783089000,25659.93,25674.42,25655.45,25667.91,188,195,0,2026-07-03 14:30:00+00:00,2026-07-03 16:30:00+02:00
1783089300,25667.41,25672.2,25662.43,25662.44,205,195,0,2026-07-03 14:35:00+00:00,2026-07-03 16:35:00+02:00
1783089600,25662.94,25679.35,25660.98,25677.39,200,195,0,2026-07-03 14:40:00+00:00,2026-07-03 16:40:00+02:00
1783089900,25676.9,25694.78,25676.9,25694.29,177,195,0,2026-07-03 14:45:00+00:00,2026-07-03 16:45:00+02:00
1783090200,25694.79,25702.56,25690.32,25698.6,208,195,0,2026-07-03 14:50:00+00:00,2026-07-03 16:50:00+02:00
1783090500,25699.09,25706.14,25698.08,25704.43,186,195,0,2026-07-03 14:55:00+00:00,2026-07-03 16:55:00+02:00
1783090800,25705.42,25719.92,25705.42,25714.49,218,195,0,2026-07-03 15:00:00+00:00,2026-07-03 17:00:00+02:00
1783091100,25713.99,25724.03,25711.25,25711.75,235,195,0,2026-07-03 15:05:00+00:00,2026-07-03 17:05:00+02:00
1783091400,25712.25,25719.19,25706.89,25715.56,225,195,0,2026-07-03 15:10:00+00:00,2026-07-03 17:10:00+02:00
1783091700,25716.54,25716.54,25705.37,25705.88,237,195,0,2026-07-03 15:15:00+00:00,2026-07-03 17:15:00+02:00
1783092000,25705.38,25705.88,25698.05,25703.1,233,195,0,2026-07-03 15:20:00+00:00,2026-07-03 17:20:00+02:00
1783092300,25702.6,25706.18,25698.54,25704.68,215,195,0,2026-07-03 15:25:00+00:00,2026-07-03 17:25:00+02:00
1783092600,25705.67,25721.92,25704.15,25715.47,206,195,0,2026-07-03 15:30:00+00:00,2026-07-03 17:30:00+02:00
1783092900,25716.47,25730.55,25713.02,25730.55,207,195,0,2026-07-03 15:35:00+00:00,2026-07-03 17:35:00+02:00
1783093200,25729.55,25735.0,25722.74,25731.16,222,195,0,2026-07-03 15:40:00+00:00,2026-07-03 17:40:00+02:00
1783093500,25732.15,25745.18,25732.15,25740.23,182,195,0,2026-07-03 15:45:00+00:00,2026-07-03 17:45:00+02:00
1783093800,25740.73,25741.73,25723.12,25727.7,203,195,0,2026-07-03 15:50:00+00:00,2026-07-03 17:50:00+02:00
1783094100,25727.2,25747.16,25727.2,25745.62,212,195,0,2026-07-03 15:55:00+00:00,2026-07-03 17:55:00+02:00
1783094400,25746.62,25771.37,25745.61,25759.47,328,195,0,2026-07-03 16:00:00+00:00,2026-07-03 18:00:00+02:00
1783094700,25758.98,25760.66,25750.59,25751.64,261,195,0,2026-07-03 16:05:00+00:00,2026-07-03 18:05:00+02:00
1783095000,25751.14,25754.22,25738.34,25752.83,294,195,0,2026-07-03 16:10:00+00:00,2026-07-03 18:10:00+02:00
1783095300,25752.33,25762.35,25751.34,25760.26,209,195,0,2026-07-03 16:15:00+00:00,2026-07-03 18:15:00+02:00
1783095600,25761.25,25766.76,25751.6,25758.47,238,195,0,2026-07-03 16:20:00+00:00,2026-07-03 18:20:00+02:00
1783095900,25758.46,25758.46,25742.37,25745.34,231,195,0,2026-07-03 16:25:00+00:00,2026-07-03 18:25:00+02:00
1783096200,25745.84,25748.32,25736.12,25744.98,306,195,0,2026-07-03 16:30:00+00:00,2026-07-03 18:30:00+02:00
1783096500,25743.48,25752.99,25731.23,25734.71,299,195,0,2026-07-03 16:35:00+00:00,2026-07-03 18:35:00+02:00
1783096800,25735.2,25750.43,25725.76,25748.83,263,195,0,2026-07-03 16:40:00+00:00,2026-07-03 18:40:00+02:00
1783097100,25749.32,25764.84,25749.32,25753.85,254,195,0,2026-07-03 16:45:00+00:00,2026-07-03 18:45:00+02:00
1783097400,25753.36,25762.04,25741.45,25757.51,270,195,0,2026-07-03 16:50:00+00:00,2026-07-03 18:50:00+02:00
1783097700,25757.01,25780.2,25757.01,25766.89,294,195,0,2026-07-03 16:55:00+00:00,2026-07-03 18:55:00+02:00
1783098000,25767.38,25782.59,25765.4,25779.66,264,195,0,2026-07-03 17:00:00+00:00,2026-07-03 19:00:00+02:00
1783098300,25780.15,25789.25,25775.16,25779.65,303,195,0,2026-07-03 17:05:00+00:00,2026-07-03 19:05:00+02:00
1783098600,25779.15,25779.74,25768.99,25772.65,252,195,0,2026-07-03 17:10:00+00:00,2026-07-03 19:10:00+02:00
1783098900,25772.16,25779.61,25755.88,25759.9,275,195,0,2026-07-03 17:15:00+00:00,2026-07-03 19:15:00+02:00
1783099200,25758.92,25763.47,25752.87,25753.36,238,195,0,2026-07-03 17:20:00+00:00,2026-07-03 19:20:00+02:00
1783099500,25753.37,25755.86,25737.87,25747.79,236,195,0,2026-07-03 17:25:00+00:00,2026-07-03 19:25:00+02:00
1783099800,25748.79,25759.66,25742.67,25750.53,241,195,0,2026-07-03 17:30:00+00:00,2026-07-03 19:30:00+02:00
1783100100,25751.03,25773.75,25750.53,25773.25,211,195,0,2026-07-03 17:35:00+00:00,2026-07-03 19:35:00+02:00
1783100400,25772.75,25786.93,25770.76,25776.02,211,195,0,2026-07-03 17:40:00+00:00,2026-07-03 19:40:00+02:00
1783100700,25775.02,25792.16,25769.55,25788.44,234,195,0,2026-07-03 17:45:00+00:00,2026-07-03 19:45:00+02:00
1783101000,25788.94,25803.46,25788.93,25802.92,191,195,0,2026-07-03 17:50:00+00:00,2026-07-03 19:50:00+02:00
1783101300,25802.9,25818.2,25801.94,25804.93,221,195,0,2026-07-03 17:55:00+00:00,2026-07-03 19:55:00+02:00
1783101600,25805.43,25809.86,25792.01,25794.02,245,195,0,2026-07-03 18:00:00+00:00,2026-07-03 20:00:00+02:00
1783101900,25793.52,25802.4,25789.09,25794.97,220,195,0,2026-07-03 18:05:00+00:00,2026-07-03 20:05:00+02:00
1783102200,25795.47,25815.59,25794.47,25812.59,238,195,0,2026-07-03 18:10:00+00:00,2026-07-03 20:10:00+02:00
1783102500,25813.58,25830.27,25813.56,25816.93,276,195,0,2026-07-03 18:15:00+00:00,2026-07-03 20:15:00+02:00
1783102800,25817.92,25820.35,25790.88,25793.82,257,195,0,2026-07-03 18:20:00+00:00,2026-07-03 20:20:00+02:00
1783103100,25792.82,25802.9,25789.33,25799.09,290,195,0,2026-07-03 18:25:00+00:00,2026-07-03 20:25:00+02:00
1783103400,25798.6,25801.58,25774.73,25779.21,377,195,0,2026-07-03 18:30:00+00:00,2026-07-03 20:30:00+02:00
1783103700,25781.7,25806.56,25775.23,25803.08,237,195,0,2026-07-03 18:35:00+00:00,2026-07-03 20:35:00+02:00
1783104000,25802.09,25805.57,25792.15,25793.14,142,195,0,2026-07-03 18:40:00+00:00,2026-07-03 20:40:00+02:00
1783104300,25792.65,25792.65,25784.2,25789.12,96,195,0,2026-07-03 18:45:00+00:00,2026-07-03 20:45:00+02:00
1783104600,25788.63,25794.6,25783.16,25792.66,93,195,0,2026-07-03 18:50:00+00:00,2026-07-03 20:50:00+02:00
1783104900,25793.16,25799.13,25790.18,25791.17,78,195,0,2026-07-03 18:55:00+00:00,2026-07-03 20:55:00+02:00
1783105200,25791.67,25794.66,25788.19,25792.67,89,195,0,2026-07-03 19:00:00+00:00,2026-07-03 21:00:00+02:00
1783105500,25791.68,25808.59,25791.68,25808.09,49,195,0,2026-07-03 19:05:00+00:00,2026-07-03 21:05:00+02:00
1783105800,25808.59,25810.58,25801.13,25805.61,47,195,0,2026-07-03 19:10:00+00:00,2026-07-03 21:10:00+02:00
1783106100,25806.61,25813.57,25804.12,25810.59,86,195,0,2026-07-03 19:15:00+00:00,2026-07-03 21:15:00+02:00
1783106400,25811.09,25811.58,25803.14,25805.63,83,195,0,2026-07-03 19:20:00+00:00,2026-07-03 21:20:00+02:00
1783106700,25805.13,25808.61,25802.59,25803.15,92,195,0,2026-07-03 19:25:00+00:00,2026-07-03 21:25:00+02:00
1783107000,25802.65,25814.09,25799.67,25814.09,86,195,0,2026-07-03 19:30:00+00:00,2026-07-03 21:30:00+02:00
1783107300,25813.59,25814.09,25806.14,25807.14,53,195,0,2026-07-03 19:35:00+00:00,2026-07-03 21:35:00+02:00
1783107600,25806.64,25807.14,25802.17,25804.16,46,195,0,2026-07-03 19:40:00+00:00,2026-07-03 21:40:00+02:00
1783107900,25804.66,25804.66,25798.7,25803.17,65,195,0,2026-07-03 19:45:00+00:00,2026-07-03 21:45:00+02:00
1783108200,25802.18,25804.67,25800.19,25803.18,46,195,0,2026-07-03 19:50:00+00:00,2026-07-03 21:50:00+02:00
1783108500,25803.68,25805.67,25796.72,25797.72,75,195,0,2026-07-03 19:55:00+00:00,2026-07-03 21:55:00+02:00
1783108800,25798.21,25800.2,25793.74,25794.24,23,195,0,2026-07-03 20:00:00+00:00,2026-07-03 22:00:00+02:00
1783109100,25794.25,25795.24,25792.76,25793.75,10,195,0,2026-07-03 20:05:00+00:00,2026-07-03 22:05:00+02:00
1783109400,25793.26,25793.75,25788.29,25788.79,28,195,0,2026-07-03 20:10:00+00:00,2026-07-03 22:10:00+02:00
1783109700,25789.29,25794.26,25787.79,25794.26,25,195,0,2026-07-03 20:15:00+00:00,2026-07-03 22:15:00+02:00
1783110000,25793.77,25794.27,25793.27,25794.27,15,195,0,2026-07-03 20:20:00+00:00,2026-07-03 22:20:00+02:00
1783110300,25793.28,25798.75,25793.28,25796.27,13,195,0,2026-07-03 20:25:00+00:00,2026-07-03 22:25:00+02:00
1783110600,25797.26,25798.26,25796.27,25797.76,32,195,0,2026-07-03 20:30:00+00:00,2026-07-03 22:30:00+02:00
1783110900,25795.78,25796.77,25794.29,25794.29,16,195,0,2026-07-03 20:35:00+00:00,2026-07-03 22:35:00+02:00
1783111200,25792.8,25794.3,25792.3,25793.3,24,195,0,2026-07-03 20:40:00+00:00,2026-07-03 22:40:00+02:00
1783111500,25793.8,25796.79,25793.8,25796.79,24,195,0,2026-07-03 20:45:00+00:00,2026-07-03 22:45:00+02:00
1783111800,25795.8,25800.77,25795.8,25800.77,24,195,0,2026-07-03 20:50:00+00:00,2026-07-03 22:50:00+02:00
1783112100,25801.77,25803.26,25797.79,25799.29,19,195,0,2026-07-03 20:55:00+00:00,2026-07-03 22:55:00+02:00
1783112400,25798.79,25802.77,25795.81,25797.8,31,195,0,2026-07-03 21:00:00+00:00,2026-07-03 23:00:00+02:00
1783112700,25795.82,25795.82,25787.37,25790.35,19,195,0,2026-07-03 21:05:00+00:00,2026-07-03 23:05:00+02:00
1783113000,25790.85,25792.35,25790.35,25790.86,16,195,0,2026-07-03 21:10:00+00:00,2026-07-03 23:10:00+02:00
1783113300,25791.85,25792.35,25787.88,25788.38,19,195,0,2026-07-03 21:15:00+00:00,2026-07-03 23:15:00+02:00
1783113600,25787.88,25788.88,25785.4,25787.89,14,195,0,2026-07-03 21:20:00+00:00,2026-07-03 23:20:00+02:00
1783113900,25786.9,25787.39,25783.92,25784.41,18,195,0,2026-07-03 21:25:00+00:00,2026-07-03 23:25:00+02:00
1783114200,25784.91,25791.37,25784.91,25788.9,18,195,0,2026-07-03 21:30:00+00:00,2026-07-03 23:30:00+02:00
1783114500,25789.39,25792.88,25789.39,25792.38,22,195,0,2026-07-03 21:35:00+00:00,2026-07-03 23:35:00+02:00
1783114800,25792.88,25792.88,25788.41,25788.41,13,195,0,2026-07-03 21:40:00+00:00,2026-07-03 23:40:00+02:00
1783115100,25788.91,25788.91,25785.43,25787.42,12,195,0,2026-07-03 21:45:00+00:00,2026-07-03 23:45:00+02:00
1783115400,25786.93,25788.42,25786.43,25788.42,10,195,0,2026-07-03 21:50:00+00:00,2026-07-03 23:50:00+02:00
1783115700,25788.43,25788.43,25786.44,25787.44,14,195,0,2026-07-03 21:55:00+00:00,2026-07-03 23:55:00+02:00
1783116000,25786.94,25787.94,25785.45,25786.45,17,195,0,2026-07-03 22:00:00+00:00,2026-07-04 00:00:00+02:00
1783116300,25786.95,25786.95,25784.96,25785.96,11,195,0,2026-07-03 22:05:00+00:00,2026-07-04 00:05:00+02:00
1783116600,25785.46,25787.95,25784.47,25787.95,17,195,0,2026-07-03 22:10:00+00:00,2026-07-04 00:10:00+02:00
1783116900,25789.94,25792.43,25786.96,25791.44,54,195,0,2026-07-03 22:15:00+00:00,2026-07-04 00:15:00+02:00
1783117200,25792.93,25794.93,25791.44,25793.93,20,195,0,2026-07-03 22:20:00+00:00,2026-07-04 00:20:00+02:00
1783117500,25792.94,25795.43,25790.46,25792.45,20,195,0,2026-07-03 22:25:00+00:00,2026-07-04 00:25:00+02:00
1783117800,25791.95,25804.39,25789.96,25802.4,41,195,0,2026-07-03 22:30:00+00:00,2026-07-04 00:30:00+02:00
1783118100,25802.9,25815.33,25800.91,25809.37,52,195,0,2026-07-03 22:35:00+00:00,2026-07-04 00:35:00+02:00
1783118400,25809.86,25813.84,25802.91,25808.38,47,195,0,2026-07-03 22:40:00+00:00,2026-07-04 00:40:00+02:00
1783118700,25807.88,25811.86,25796.95,25796.95,49,195,0,2026-07-03 22:45:00+00:00,2026-07-04 00:45:00+02:00
1783119000,25797.45,25810.87,25795.96,25807.4,91,195,0,2026-07-03 22:50:00+00:00,2026-07-04 00:50:00+02:00
1783119300,25807.89,25816.85,25801.93,25816.35,127,195,0,2026-07-03 22:55:00+00:00,2026-07-04 00:55:00+02:00
1783299900,25792.28,25811.0,25792.28,25801.09,335,840,0,2026-07-06 01:05:00+00:00,2026-07-06 03:05:00+02:00
1783300200,25801.39,25804.5,25796.99,25804.5,274,840,0,2026-07-06 01:10:00+00:00,2026-07-06 03:10:00+02:00
1783300500,25804.8,25811.61,25801.8,25810.41,200,840,0,2026-07-06 01:15:00+00:00,2026-07-06 03:15:00+02:00
1783300800,25810.11,25822.22,25809.2,25820.21,236,840,0,2026-07-06 01:20:00+00:00,2026-07-06 03:20:00+02:00
1783301100,25819.61,25822.52,25815.31,25820.71,179,840,0,2026-07-06 01:25:00+00:00,2026-07-06 03:25:00+02:00
1783301400,25821.02,25828.83,25821.02,25828.83,206,840,0,2026-07-06 01:30:00+00:00,2026-07-06 03:30:00+02:00
1783301700,25828.53,25837.73,25826.42,25837.33,185,840,0,2026-07-06 01:35:00+00:00,2026-07-06 03:35:00+02:00
1783302000,25837.03,25838.93,25834.42,25838.63,104,840,0,2026-07-06 01:40:00+00:00,2026-07-06 03:40:00+02:00
1783302300,25838.03,25845.04,25838.03,25843.23,120,840,0,2026-07-06 01:45:00+00:00,2026-07-06 03:45:00+02:00
1783302600,25842.93,25842.93,25830.42,25832.22,143,840,0,2026-07-06 01:50:00+00:00,2026-07-06 03:50:00+02:00
1783302900,25832.52,25833.12,25820.12,25821.92,129,840,0,2026-07-06 01:55:00+00:00,2026-07-06 03:55:00+02:00
1783303200,25822.22,25827.62,25816.91,25827.32,207,840,0,2026-07-06 02:00:00+00:00,2026-07-06 04:00:00+02:00
1783303500,25827.62,25831.23,25827.62,25828.82,115,840,0,2026-07-06 02:05:00+00:00,2026-07-06 04:05:00+02:00
1783303800,25828.22,25840.24,25825.82,25839.64,303,840,0,2026-07-06 02:10:00+00:00,2026-07-06 04:10:00+02:00
1783304100,25839.04,25841.44,25837.03,25837.94,160,840,0,2026-07-06 02:15:00+00:00,2026-07-06 04:15:00+02:00
1783304400,25838.24,25838.54,25833.43,25835.13,94,840,0,2026-07-06 02:20:00+00:00,2026-07-06 04:20:00+02:00
1783304700,25834.83,25836.93,25832.73,25834.53,104,840,0,2026-07-06 02:25:00+00:00,2026-07-06 04:25:00+02:00
1783305000,25833.63,25842.64,25832.73,25839.03,137,840,0,2026-07-06 02:30:00+00:00,2026-07-06 04:30:00+02:00
1783305300,25851.65,25852.25,25842.64,25843.04,86,840,0,2026-07-06 02:35:00+00:00,2026-07-06 04:35:00+02:00
1783305600,25843.34,25844.85,25839.74,25840.64,95,840,0,2026-07-06 02:40:00+00:00,2026-07-06 04:40:00+02:00
1783305900,25840.34,25844.55,25837.64,25843.95,314,840,0,2026-07-06 02:45:00+00:00,2026-07-06 04:45:00+02:00
1783306200,25843.35,25849.66,25842.45,25843.76,265,840,0,2026-07-06 02:50:00+00:00,2026-07-06 04:50:00+02:00
1783306500,25843.45,25849.77,25840.75,25847.66,282,840,0,2026-07-06 02:55:00+00:00,2026-07-06 04:55:00+02:00
1783307700,25844.2,25911.2,25844.2,25866.03,158,195,0,2026-07-06 03:15:00+00:00,2026-07-06 05:15:00+02:00
1783308000,25867.03,25874.53,25830.53,25839.05,124,195,0,2026-07-06 03:20:00+00:00,2026-07-06 05:20:00+02:00
1783308300,25844.03,25853.03,25824.53,25827.03,214,195,0,2026-07-06 03:25:00+00:00,2026-07-06 05:25:00+02:00
1783308600,25827.53,25844.03,25820.03,25839.03,141,195,0,2026-07-06 03:30:00+00:00,2026-07-06 05:30:00+02:00
1783308900,25837.53,25848.03,25832.53,25846.03,131,195,0,2026-07-06 03:35:00+00:00,2026-07-06 05:35:00+02:00
1783309200,25845.53,25856.53,25845.53,25856.03,32,195,0,2026-07-06 03:40:00+00:00,2026-07-06 05:40:00+02:00
1783309500,25858.03,25862.03,25854.53,25862.03,51,195,0,2026-07-06 03:45:00+00:00,2026-07-06 05:45:00+02:00
1783309800,25862.03,25862.03,25852.53,25860.53,91,195,0,2026-07-06 03:50:00+00:00,2026-07-06 05:50:00+02:00
1783310100,25861.03,25864.03,25856.03,25862.03,77,195,0,2026-07-06 03:55:00+00:00,2026-07-06 05:55:00+02:00
1783310400,25863.03,25864.53,25852.53,25855.03,85,195,0,2026-07-06 04:00:00+00:00,2026-07-06 06:00:00+02:00
1783310700,25854.53,25859.53,25852.53,25858.53,132,195,0,2026-07-06 04:05:00+00:00,2026-07-06 06:05:00+02:00
1783311000,25860.03,25861.03,25847.03,25856.53,87,195,0,2026-07-06 04:10:00+00:00,2026-07-06 06:10:00+02:00
1783311300,25854.03,25868.03,25852.53,25868.03,80,195,0,2026-07-06 04:15:00+00:00,2026-07-06 06:15:00+02:00
1783311600,25870.53,25878.03,25857.03,25857.03,129,195,0,2026-07-06 04:20:00+00:00,2026-07-06 06:20:00+02:00
1783311900,25858.03,25861.03,25846.03,25852.03,149,195,0,2026-07-06 04:25:00+00:00,2026-07-06 06:25:00+02:00
1783312200,25853.03,25857.53,25848.03,25852.53,131,195,0,2026-07-06 04:30:00+00:00,2026-07-06 06:30:00+02:00
1783312500,25853.03,25853.03,25842.53,25848.53,143,195,0,2026-07-06 04:35:00+00:00,2026-07-06 06:35:00+02:00
1783312800,25849.53,25854.53,25842.03,25842.53,99,195,0,2026-07-06 04:40:00+00:00,2026-07-06 06:40:00+02:00
1783313100,25842.03,25843.53,25822.03,25822.03,157,195,0,2026-07-06 04:45:00+00:00,2026-07-06 06:45:00+02:00
1783313400,25823.53,25829.03,25818.53,25818.53,134,195,0,2026-07-06 04:50:00+00:00,2026-07-06 06:50:00+02:00
1783313700,25818.03,25829.03,25814.03,25828.03,143,195,0,2026-07-06 04:55:00+00:00,2026-07-06 06:55:00+02:00
1783314000,25829.53,25834.03,25820.03,25828.53,137,195,0,2026-07-06 05:00:00+00:00,2026-07-06 07:00:00+02:00
1783314300,25827.53,25829.03,25812.03,25814.03,94,195,0,2026-07-06 05:05:00+00:00,2026-07-06 07:05:00+02:00
1783314600,25814.53,25815.03,25802.53,25805.53,65,195,0,2026-07-06 05:10:00+00:00,2026-07-06 07:10:00+02:00
1783314900,25808.03,25812.03,25802.53,25808.53,88,195,0,2026-07-06 05:15:00+00:00,2026-07-06 07:15:00+02:00
1783315200,25804.53,25812.03,25804.53,25804.53,51,195,0,2026-07-06 05:20:00+00:00,2026-07-06 07:20:00+02:00
1783315500,25805.03,25807.53,25797.53,25797.53,76,195,0,2026-07-06 05:25:00+00:00,2026-07-06 07:25:00+02:00
1783315800,25797.03,25801.53,25791.53,25796.53,102,195,0,2026-07-06 05:30:00+00:00,2026-07-06 07:30:00+02:00
1783316100,25796.03,25806.53,25794.03,25799.53,104,195,0,2026-07-06 05:35:00+00:00,2026-07-06 07:35:00+02:00
1783316400,25798.53,25800.53,25787.03,25788.03,78,195,0,2026-07-06 05:40:00+00:00,2026-07-06 07:40:00+02:00
1783316700,25788.53,25794.03,25783.03,25787.53,80,195,0,2026-07-06 05:45:00+00:00,2026-07-06 07:45:00+02:00
1783317000,25787.03,25792.53,25785.03,25790.03,49,195,0,2026-07-06 05:50:00+00:00,2026-07-06 07:50:00+02:00
1783317300,25791.03,25800.53,25790.03,25798.03,82,195,0,2026-07-06 05:55:00+00:00,2026-07-06 07:55:00+02:00
1783317600,25797.53,25800.53,25794.03,25800.53,69,195,0,2026-07-06 06:00:00+00:00,2026-07-06 08:00:00+02:00
1783317900,25799.53,25803.03,25795.03,25802.03,78,195,0,2026-07-06 06:05:00+00:00,2026-07-06 08:05:00+02:00
1783318200,25803.53,25811.03,25800.53,25800.53,69,195,0,2026-07-06 06:10:00+00:00,2026-07-06 08:10:00+02:00
1783318500,25801.03,25805.53,25793.03,25793.03,57,195,0,2026-07-06 06:15:00+00:00,2026-07-06 08:15:00+02:00
1783318800,25793.03,25794.03,25786.03,25788.03,51,195,0,2026-07-06 06:20:00+00:00,2026-07-06 08:20:00+02:00
1783319100,25790.53,25799.03,25789.53,25797.03,72,195,0,2026-07-06 06:25:00+00:00,2026-07-06 08:25:00+02:00
1783319400,25798.03,25805.53,25788.53,25801.53,186,195,0,2026-07-06 06:30:00+00:00,2026-07-06 08:30:00+02:00
1783319700,25801.03,25808.03,25801.03,25802.03,84,195,0,2026-07-06 06:35:00+00:00,2026-07-06 08:35:00+02:00
1783320000,25804.53,25806.03,25793.53,25795.03,83,195,0,2026-07-06 06:40:00+00:00,2026-07-06 08:40:00+02:00
1783320300,25796.03,25798.53,25785.53,25786.03,118,195,0,2026-07-06 06:45:00+00:00,2026-07-06 08:45:00+02:00
1783320600,25786.53,25788.53,25779.53,25779.53,76,195,0,2026-07-06 06:50:00+00:00,2026-07-06 08:50:00+02:00
1783320900,25778.53,25795.03,25778.53,25791.53,90,195,0,2026-07-06 06:55:00+00:00,2026-07-06 08:55:00+02:00
1783321200,25793.03,25796.03,25785.03,25796.03,99,195,0,2026-07-06 07:00:00+00:00,2026-07-06 09:00:00+02:00
1783321500,25796.53,25798.03,25785.53,25788.53,61,195,0,2026-07-06 07:05:00+00:00,2026-07-06 09:05:00+02:00
1783321800,25788.03,25804.53,25788.03,25804.03,75,195,0,2026-07-06 07:10:00+00:00,2026-07-06 09:10:00+02:00
1783322100,25802.53,25811.03,25802.53,25811.03,44,195,0,2026-07-06 07:15:00+00:00,2026-07-06 09:15:00+02:00
1783322400,25810.53,25814.03,25807.03,25813.03,62,195,0,2026-07-06 07:20:00+00:00,2026-07-06 09:20:00+02:00
1783322700,25812.03,25815.53,25808.53,25814.03,68,195,0,2026-07-06 07:25:00+00:00,2026-07-06 09:25:00+02:00
1783323000,25813.53,25824.53,25813.53,25820.03,72,195,0,2026-07-06 07:30:00+00:00,2026-07-06 09:30:00+02:00
1783323300,25820.03,25825.03,25814.53,25822.03,62,195,0,2026-07-06 07:35:00+00:00,2026-07-06 09:35:00+02:00
1783323600,25820.53,25822.03,25812.53,25818.03,72,195,0,2026-07-06 07:40:00+00:00,2026-07-06 09:40:00+02:00
1783323900,25819.03,25820.53,25809.53,25814.53,50,195,0,2026-07-06 07:45:00+00:00,2026-07-06 09:45:00+02:00
1783324200,25813.53,25817.53,25810.03,25817.53,53,195,0,2026-07-06 07:50:00+00:00,2026-07-06 09:50:00+02:00
1783324500,25818.03,25823.03,25815.53,25819.03,43,195,0,2026-07-06 07:55:00+00:00,2026-07-06 09:55:00+02:00
1783324800,25818.03,25818.53,25803.03,25805.03,84,195,0,2026-07-06 08:00:00+00:00,2026-07-06 10:00:00+02:00
1783325100,25805.53,25814.03,25802.53,25805.53,93,195,0,2026-07-06 08:05:00+00:00,2026-07-06 10:05:00+02:00
1783325400,25806.03,25813.03,25803.53,25803.53,46,195,0,2026-07-06 08:10:00+00:00,2026-07-06 10:10:00+02:00
1783325700,25803.03,25814.03,25799.53,25804.03,60,195,0,2026-07-06 08:15:00+00:00,2026-07-06 10:15:00+02:00
1783326000,25804.53,25807.03,25793.53,25797.03,99,195,0,2026-07-06 08:20:00+00:00,2026-07-06 10:20:00+02:00
1783326300,25797.53,25797.53,25778.53,25783.03,95,195,0,2026-07-06 08:25:00+00:00,2026-07-06 10:25:00+02:00
1783326600,25785.03,25785.03,25775.53,25777.03,139,195,0,2026-07-06 08:30:00+00:00,2026-07-06 10:30:00+02:00
1783326900,25776.53,25786.03,25776.53,25780.03,116,195,0,2026-07-06 08:35:00+00:00,2026-07-06 10:35:00+02:00
1783327200,25779.53,25794.03,25779.53,25788.03,112,195,0,2026-07-06 08:40:00+00:00,2026-07-06 10:40:00+02:00
1783327500,25788.53,25789.03,25777.53,25778.53,70,195,0,2026-07-06 08:45:00+00:00,2026-07-06 10:45:00+02:00
1783327800,25778.03,25793.03,25778.03,25789.03,79,195,0,2026-07-06 08:50:00+00:00,2026-07-06 10:50:00+02:00
1783328100,25789.53,25789.53,25773.03,25779.03,79,195,0,2026-07-06 08:55:00+00:00,2026-07-06 10:55:00+02:00
1783328400,25783.53,25800.03,25783.53,25798.53,105,195,0,2026-07-06 09:00:00+00:00,2026-07-06 11:00:00+02:00
1783328700,25798.03,25802.53,25783.53,25786.03,133,195,0,2026-07-06 09:05:00+00:00,2026-07-06 11:05:00+02:00
1783329000,25785.03,25788.03,25760.53,25763.53,84,195,0,2026-07-06 09:10:00+00:00,2026-07-06 11:10:00+02:00
1783329300,25762.53,25774.53,25762.53,25768.03,97,195,0,2026-07-06 09:15:00+00:00,2026-07-06 11:15:00+02:00
1783329600,25767.53,25773.03,25764.53,25766.53,56,195,0,2026-07-06 09:20:00+00:00,2026-07-06 11:20:00+02:00
1783329900,25767.03,25781.53,25766.53,25773.03,122,195,0,2026-07-06 09:25:00+00:00,2026-07-06 11:25:00+02:00
1783330200,25772.03,25774.03,25764.03,25767.03,120,195,0,2026-07-06 09:30:00+00:00,2026-07-06 11:30:00+02:00
1783330500,25767.53,25771.53,25763.53,25771.53,71,195,0,2026-07-06 09:35:00+00:00,2026-07-06 11:35:00+02:00
1783330800,25772.03,25785.53,25770.53,25772.53,74,195,0,2026-07-06 09:40:00+00:00,2026-07-06 11:40:00+02:00
1783331100,25773.53,25780.53,25762.53,25780.53,83,195,0,2026-07-06 09:45:00+00:00,2026-07-06 11:45:00+02:00
1783331400,25780.03,25794.03,25779.03,25788.03,113,195,0,2026-07-06 09:50:00+00:00,2026-07-06 11:50:00+02:00
1783331700,25790.03,25791.53,25777.53,25787.03,102,195,0,2026-07-06 09:55:00+00:00,2026-07-06 11:55:00+02:00
1783332000,25788.03,25813.03,25751.03,25774.03,574,195,0,2026-07-06 10:00:00+00:00,2026-07-06 12:00:00+02:00
1783332300,25774.53,25797.53,25773.03,25777.03,374,195,0,2026-07-06 10:05:00+00:00,2026-07-06 12:05:00+02:00
1783332600,25776.03,25796.03,25771.53,25791.03,324,195,0,2026-07-06 10:10:00+00:00,2026-07-06 12:10:00+02:00
1783332900,25791.53,25813.03,25782.53,25798.03,322,195,0,2026-07-06 10:15:00+00:00,2026-07-06 12:15:00+02:00
1783333200,25798.53,25811.53,25787.53,25811.03,325,195,0,2026-07-06 10:20:00+00:00,2026-07-06 12:20:00+02:00
1783333500,25811.53,25828.27,25806.03,25818.61,378,195,0,2026-07-06 10:25:00+00:00,2026-07-06 12:25:00+02:00
1783333800,25819.11,25842.08,25808.59,25838.95,474,195,0,2026-07-06 10:30:00+00:00,2026-07-06 12:30:00+02:00
1783334100,25839.44,25848.79,25830.08,25833.15,378,195,0,2026-07-06 10:35:00+00:00,2026-07-06 12:35:00+02:00
1783334400,25834.64,25856.96,25831.12,25856.29,346,195,0,2026-07-06 10:40:00+00:00,2026-07-06 12:40:00+02:00
1783334700,25855.3,25879.39,25853.25,25873.83,358,195,0,2026-07-06 10:45:00+00:00,2026-07-06 12:45:00+02:00
1783335000,25874.82,25893.33,25872.55,25876.42,354,195,0,2026-07-06 10:50:00+00:00,2026-07-06 12:50:00+02:00
1783335300,25876.43,25902.91,25864.8,25886.03,396,195,0,2026-07-06 10:55:00+00:00,2026-07-06 12:55:00+02:00
1783335600,25887.03,25896.21,25880.18,25880.96,458,195,0,2026-07-06 11:00:00+00:00,2026-07-06 13:00:00+02:00
1783335900,25881.95,25893.5,25873.87,25874.9,410,195,0,2026-07-06 11:05:00+00:00,2026-07-06 13:05:00+02:00
1783336200,25875.4,25878.89,25844.32,25848.27,394,195,0,2026-07-06 11:10:00+00:00,2026-07-06 13:10:00+02:00
1783336500,25848.76,25859.11,25835.45,25859.11,405,195,0,2026-07-06 11:15:00+00:00,2026-07-06 13:15:00+02:00
1783336800,25859.6,25864.56,25852.73,25861.62,343,195,0,2026-07-06 11:20:00+00:00,2026-07-06 13:20:00+02:00
1783337100,25860.13,25874.78,25856.3,25871.25,316,195,0,2026-07-06 11:25:00+00:00,2026-07-06 13:25:00+02:00
1783337400,25870.76,25873.72,25847.76,25847.76,335,195,0,2026-07-06 11:30:00+00:00,2026-07-06 13:30:00+02:00
1783337700,25847.77,25855.22,25826.11,25831.55,349,195,0,2026-07-06 11:35:00+00:00,2026-07-06 13:35:00+02:00
1783338000,25831.06,25840.67,25823.12,25833.55,315,195,0,2026-07-06 11:40:00+00:00,2026-07-06 13:40:00+02:00
1783338300,25833.05,25834.54,25823.06,25830.67,287,195,0,2026-07-06 11:45:00+00:00,2026-07-06 13:45:00+02:00
1783338600,25831.67,25837.66,25822.89,25830.26,271,195,0,2026-07-06 11:50:00+00:00,2026-07-06 13:50:00+02:00
1783338900,25829.76,25833.76,25823.11,25828.74,232,195,0,2026-07-06 11:55:00+00:00,2026-07-06 13:55:00+02:00
1783339200,25828.24,25828.24,25794.88,25801.72,292,195,0,2026-07-06 12:00:00+00:00,2026-07-06 14:00:00+02:00
1783339500,25801.71,25810.54,25796.74,25809.77,305,195,0,2026-07-06 12:05:00+00:00,2026-07-06 14:05:00+02:00
1783339800,25809.27,25825.1,25807.76,25811.82,340,195,0,2026-07-06 12:10:00+00:00,2026-07-06 14:10:00+02:00
1783340100,25812.81,25823.69,25809.81,25818.91,314,195,0,2026-07-06 12:15:00+00:00,2026-07-06 14:15:00+02:00
1783340400,25820.41,25845.27,25814.98,25845.27,295,195,0,2026-07-06 12:20:00+00:00,2026-07-06 14:20:00+02:00
1783340700,25844.77,25857.57,25842.23,25855.06,324,195,0,2026-07-06 12:25:00+00:00,2026-07-06 14:25:00+02:00
1783341000,25855.56,25855.56,25833.18,25839.05,310,195,0,2026-07-06 12:30:00+00:00,2026-07-06 14:30:00+02:00
1783341300,25839.04,25855.03,25839.04,25851.86,233,195,0,2026-07-06 12:35:00+00:00,2026-07-06 14:35:00+02:00
1783341600,25852.36,25860.14,25848.48,25850.97,264,195,0,2026-07-06 12:40:00+00:00,2026-07-06 14:40:00+02:00
1783341900,25851.46,25852.46,25830.24,25835.37,294,195,0,2026-07-06 12:45:00+00:00,2026-07-06 14:45:00+02:00
1783342200,25835.38,25857.26,25832.92,25848.68,334,195,0,2026-07-06 12:50:00+00:00,2026-07-06 14:50:00+02:00
1783342500,25848.19,25852.5,25839.72,25841.24,248,195,0,2026-07-06 12:55:00+00:00,2026-07-06 14:55:00+02:00
1783342800,25840.26,25847.0,25827.92,25829.92,326,195,0,2026-07-06 13:00:00+00:00,2026-07-06 15:00:00+02:00
1783343100,25829.42,25832.83,25823.97,25826.04,288,195,0,2026-07-06 13:05:00+00:00,2026-07-06 15:05:00+02:00
1783343400,25826.54,25841.64,25825.57,25839.99,242,195,0,2026-07-06 13:10:00+00:00,2026-07-06 15:10:00+02:00
1783343700,25840.48,25840.48,25823.26,25831.99,227,195,0,2026-07-06 13:15:00+00:00,2026-07-06 15:15:00+02:00
1783344000,25832.98,25842.3,25822.17,25822.17,279,195,0,2026-07-06 13:20:00+00:00,2026-07-06 15:20:00+02:00
1783344300,25822.67,25830.72,25819.78,25823.02,255,195,0,2026-07-06 13:25:00+00:00,2026-07-06 15:25:00+02:00
1783344600,25823.52,25828.91,25818.05,25819.01,231,195,0,2026-07-06 13:30:00+00:00,2026-07-06 15:30:00+02:00
1783344900,25820.01,25820.17,25805.38,25810.31,275,195,0,2026-07-06 13:35:00+00:00,2026-07-06 15:35:00+02:00
1783345200,25809.81,25811.3,25791.9,25793.91,217,195,0,2026-07-06 13:40:00+00:00,2026-07-06 15:40:00+02:00
1783345500,25792.91,25800.34,25787.43,25797.76,255,195,0,2026-07-06 13:45:00+00:00,2026-07-06 15:45:00+02:00
1783345800,25797.27,25800.07,25790.18,25793.57,268,195,0,2026-07-06 13:50:00+00:00,2026-07-06 15:50:00+02:00
1783346100,25795.07,25807.35,25789.37,25791.97,225,195,0,2026-07-06 13:55:00+00:00,2026-07-06 15:55:00+02:00
1783346400,25789.98,25792.96,25781.53,25786.01,265,195,0,2026-07-06 14:00:00+00:00,2026-07-06 16:00:00+02:00
1783346700,25786.5,25790.98,25775.07,25775.57,265,195,0,2026-07-06 14:05:00+00:00,2026-07-06 16:05:00+02:00
1783347000,25776.07,25781.62,25773.1,25778.35,199,195,0,2026-07-06 14:10:00+00:00,2026-07-06 16:10:00+02:00
1783347300,25779.84,25781.82,25760.91,25761.41,220,195,0,2026-07-06 14:15:00+00:00,2026-07-06 16:15:00+02:00
1783347600,25760.91,25770.72,25754.06,25759.9,235,195,0,2026-07-06 14:20:00+00:00,2026-07-06 16:20:00+02:00
1783347900,25759.41,25771.09,25757.71,25763.61,246,195,0,2026-07-06 14:25:00+00:00,2026-07-06 16:25:00+02:00
1783348200,25764.6,25772.99,25755.39,25772.99,259,195,0,2026-07-06 14:30:00+00:00,2026-07-06 16:30:00+02:00
1783348500,25773.99,25782.33,25770.57,25775.09,211,195,0,2026-07-06 14:35:00+00:00,2026-07-06 16:35:00+02:00
1783348800,25776.08,25794.66,25774.08,25794.64,235,195,0,2026-07-06 14:40:00+00:00,2026-07-06 16:40:00+02:00
1783349100,25794.15,25797.45,25783.73,25784.28,228,195,0,2026-07-06 14:45:00+00:00,2026-07-06 16:45:00+02:00
1783349400,25783.78,25786.89,25762.24,25765.7,245,195,0,2026-07-06 14:50:00+00:00,2026-07-06 16:50:00+02:00
1783349700,25765.21,25774.15,25757.6,25763.82,285,195,0,2026-07-06 14:55:00+00:00,2026-07-06 16:55:00+02:00
1783350000,25764.32,25774.2,25752.41,25762.51,314,195,0,2026-07-06 15:00:00+00:00,2026-07-06 17:00:00+02:00
1783350300,25762.52,25768.11,25752.68,25766.6,305,195,0,2026-07-06 15:05:00+00:00,2026-07-06 17:05:00+02:00
1783350600,25766.11,25769.19,25759.41,25769.19,281,195,0,2026-07-06 15:10:00+00:00,2026-07-06 17:10:00+02:00
1783350900,25770.18,25783.54,25767.4,25780.78,295,195,0,2026-07-06 15:15:00+00:00,2026-07-06 17:15:00+02:00
1783351200,25780.28,25782.65,25761.4,25761.4,314,195,0,2026-07-06 15:20:00+00:00,2026-07-06 17:20:00+02:00
1783351500,25760.41,25761.41,25744.88,25746.82,312,195,0,2026-07-06 15:25:00+00:00,2026-07-06 17:25:00+02:00
1783351800,25746.33,25754.66,25739.95,25744.92,309,195,0,2026-07-06 15:30:00+00:00,2026-07-06 17:30:00+02:00
1783352100,25744.42,25754.69,25736.82,25753.69,250,195,0,2026-07-06 15:35:00+00:00,2026-07-06 17:35:00+02:00
1783352400,25753.19,25758.17,25745.3,25754.69,275,195,0,2026-07-06 15:40:00+00:00,2026-07-06 17:40:00+02:00
1783352700,25755.19,25761.14,25752.97,25758.97,226,195,0,2026-07-06 15:45:00+00:00,2026-07-06 17:45:00+02:00
1783353000,25758.48,25759.47,25741.12,25748.35,310,195,0,2026-07-06 15:50:00+00:00,2026-07-06 17:50:00+02:00
1783353300,25748.85,25752.4,25739.0,25741.54,234,195,0,2026-07-06 15:55:00+00:00,2026-07-06 17:55:00+02:00
1783353600,25741.05,25744.17,25723.54,25726.0,317,195,0,2026-07-06 16:00:00+00:00,2026-07-06 18:00:00+02:00
1783353900,25725.51,25735.38,25712.34,25712.34,308,195,0,2026-07-06 16:05:00+00:00,2026-07-06 18:05:00+02:00
1783354200,25713.34,25719.31,25705.07,25705.59,266,195,0,2026-07-06 16:10:00+00:00,2026-07-06 18:10:00+02:00
1783354500,25706.59,25712.5,25695.66,25704.1,326,195,0,2026-07-06 16:15:00+00:00,2026-07-06 18:15:00+02:00
1783354800,25704.6,25721.37,25704.1,25721.36,272,195,0,2026-07-06 16:20:00+00:00,2026-07-06 18:20:00+02:00
1783355100,25721.85,25728.5,25713.82,25727.5,337,195,0,2026-07-06 16:25:00+00:00,2026-07-06 18:25:00+02:00
1783355400,25727.0,25740.78,25721.04,25739.26,833,195,0,2026-07-06 16:30:00+00:00,2026-07-06 18:30:00+02:00
1783355700,25738.77,25741.72,25718.93,25729.69,746,195,0,2026-07-06 16:35:00+00:00,2026-07-06 18:35:00+02:00
1783356000,25730.19,25746.66,25718.54,25746.66,610,195,0,2026-07-06 16:40:00+00:00,2026-07-06 18:40:00+02:00
1783356300,25746.16,25753.17,25732.46,25748.35,623,195,0,2026-07-06 16:45:00+00:00,2026-07-06 18:45:00+02:00
1783356600,25746.85,25761.69,25733.95,25751.51,537,195,0,2026-07-06 16:50:00+00:00,2026-07-06 18:50:00+02:00
1783356900,25750.51,25769.36,25736.7,25768.38,517,195,0,2026-07-06 16:55:00+00:00,2026-07-06 18:55:00+02:00
1783357200,25768.87,25775.89,25759.44,25762.95,657,195,0,2026-07-06 17:00:00+00:00,2026-07-06 19:00:00+02:00
1783357500,25764.44,25782.03,25757.05,25779.54,597,195,0,2026-07-06 17:05:00+00:00,2026-07-06 19:05:00+02:00
1783357800,25779.04,25789.92,25760.72,25780.96,484,195,0,2026-07-06 17:10:00+00:00,2026-07-06 19:10:00+02:00
1783358100,25781.46,25785.73,25766.73,25775.25,461,195,0,2026-07-06 17:15:00+00:00,2026-07-06 19:15:00+02:00
1783358400,25774.75,25790.16,25771.79,25780.77,464,195,0,2026-07-06 17:20:00+00:00,2026-07-06 19:20:00+02:00
1783358700,25781.26,25796.86,25779.79,25791.54,437,195,0,2026-07-06 17:25:00+00:00,2026-07-06 19:25:00+02:00
1783359000,25792.03,25795.51,25775.74,25781.12,418,195,0,2026-07-06 17:30:00+00:00,2026-07-06 19:30:00+02:00
1783359300,25780.62,25791.53,25778.14,25784.72,406,195,0,2026-07-06 17:35:00+00:00,2026-07-06 19:35:00+02:00
1783359600,25783.72,25801.18,25779.75,25799.65,447,195,0,2026-07-06 17:40:00+00:00,2026-07-06 19:40:00+02:00
1783359900,25800.15,25800.53,25788.12,25793.99,313,195,0,2026-07-06 17:45:00+00:00,2026-07-06 19:45:00+02:00
1783360200,25793.49,25812.63,25792.99,25801.49,356,195,0,2026-07-06 17:50:00+00:00,2026-07-06 19:50:00+02:00
1783360500,25800.99,25807.7,25792.54,25806.72,412,195,0,2026-07-06 17:55:00+00:00,2026-07-06 19:55:00+02:00
1783360800,25807.21,25814.72,25795.81,25797.34,404,195,0,2026-07-06 18:00:00+00:00,2026-07-06 20:00:00+02:00
1783361100,25798.33,25808.27,25795.86,25803.22,378,195,0,2026-07-06 18:05:00+00:00,2026-07-06 20:05:00+02:00
1783361400,25803.71,25805.31,25782.39,25788.31,401,195,0,2026-07-06 18:10:00+00:00,2026-07-06 20:10:00+02:00
1783361700,25787.32,25798.28,25784.84,25790.64,384,195,0,2026-07-06 18:15:00+00:00,2026-07-06 20:15:00+02:00
1783362000,25789.65,25808.44,25788.65,25801.03,387,195,0,2026-07-06 18:20:00+00:00,2026-07-06 20:20:00+02:00
1783362300,25801.52,25838.04,25799.54,25838.04,363,195,0,2026-07-06 18:25:00+00:00,2026-07-06 20:25:00+02:00
1783362600,25833.07,25843.52,25822.14,25825.12,430,195,0,2026-07-06 18:30:00+00:00,2026-07-06 20:30:00+02:00
1783362900,25824.13,25831.59,25816.67,25823.14,316,195,0,2026-07-06 18:35:00+00:00,2026-07-06 20:35:00+02:00
1783363200,25823.63,25831.1,25823.63,25825.13,224,195,0,2026-07-06 18:40:00+00:00,2026-07-06 20:40:00+02:00
1783363500,25825.63,25826.13,25792.81,25792.81,234,195,0,2026-07-06 18:45:00+00:00,2026-07-06 20:45:00+02:00
1783363800,25793.81,25802.76,25788.34,25799.28,237,195,0,2026-07-06 18:50:00+00:00,2026-07-06 20:50:00+02:00
1783364100,25798.29,25806.75,25796.8,25802.77,190,195,0,2026-07-06 18:55:00+00:00,2026-07-06 20:55:00+02:00
1783364400,25803.27,25803.77,25793.82,25798.8,160,195,0,2026-07-06 19:00:00+00:00,2026-07-06 21:00:00+02:00
1783364700,25799.79,25799.79,25794.33,25794.83,141,195,0,2026-07-06 19:05:00+00:00,2026-07-06 21:05:00+02:00
1783365000,25795.82,25799.8,25788.37,25791.35,166,195,0,2026-07-06 19:10:00+00:00,2026-07-06 21:10:00+02:00
1783365300,25790.86,25797.33,25788.87,25797.33,126,195,0,2026-07-06 19:15:00+00:00,2026-07-06 21:15:00+02:00
1783365600,25797.82,25803.3,25795.34,25798.83,173,195,0,2026-07-06 19:20:00+00:00,2026-07-06 21:20:00+02:00
1783365900,25799.32,25800.32,25791.86,25800.32,171,195,0,2026-07-06 19:25:00+00:00,2026-07-06 21:25:00+02:00
1783366200,25800.82,25804.31,25795.85,25800.83,149,195,0,2026-07-06 19:30:00+00:00,2026-07-06 21:30:00+02:00
1783366500,25801.82,25802.32,25795.36,25799.84,169,195,0,2026-07-06 19:35:00+00:00,2026-07-06 21:35:00+02:00
1783366800,25798.84,25804.82,25797.85,25803.33,99,195,0,2026-07-06 19:40:00+00:00,2026-07-06 21:40:00+02:00
1783367100,25803.82,25811.79,25798.85,25807.81,118,195,0,2026-07-06 19:45:00+00:00,2026-07-06 21:45:00+02:00
1783367400,25808.31,25808.31,25797.37,25797.37,127,195,0,2026-07-06 19:50:00+00:00,2026-07-06 21:50:00+02:00
1783367700,25798.37,25802.85,25794.89,25796.38,175,195,0,2026-07-06 19:55:00+00:00,2026-07-06 21:55:00+02:00
1783368000,25795.89,25802.85,25790.42,25798.88,168,195,0,2026-07-06 20:00:00+00:00,2026-07-06 22:00:00+02:00
1783368300,25798.38,25819.77,25797.88,25818.28,162,195,0,2026-07-06 20:05:00+00:00,2026-07-06 22:05:00+02:00
1783368600,25817.78,25820.77,25810.82,25820.28,124,195,0,2026-07-06 20:10:00+00:00,2026-07-06 22:10:00+02:00
1783368900,25819.78,25825.25,25815.31,25819.29,147,195,0,2026-07-06 20:15:00+00:00,2026-07-06 22:15:00+02:00
1783369200,25819.79,25819.79,25810.34,25814.32,180,195,0,2026-07-06 20:20:00+00:00,2026-07-06 22:20:00+02:00
1783369500,25814.82,25818.3,25811.34,25812.34,165,195,0,2026-07-06 20:25:00+00:00,2026-07-06 22:25:00+02:00
1783369800,25811.84,25813.83,25803.39,25803.89,207,195,0,2026-07-06 20:30:00+00:00,2026-07-06 22:30:00+02:00
1783370100,25804.39,25807.38,25798.92,25806.38,170,195,0,2026-07-06 20:35:00+00:00,2026-07-06 22:35:00+02:00
1783370400,25805.89,25805.89,25789.97,25797.93,244,195,0,2026-07-06 20:40:00+00:00,2026-07-06 22:40:00+02:00
1783370700,25796.94,25805.4,25792.46,25801.92,189,195,0,2026-07-06 20:45:00+00:00,2026-07-06 22:45:00+02:00
1783371000,25802.42,25807.39,25796.46,25797.45,160,195,0,2026-07-06 20:50:00+00:00,2026-07-06 22:50:00+02:00
1783371300,25797.95,25803.42,25795.46,25801.93,151,195,0,2026-07-06 20:55:00+00:00,2026-07-06 22:55:00+02:00
1783371600,25802.43,25813.37,25800.94,25808.4,197,195,0,2026-07-06 21:00:00+00:00,2026-07-06 23:00:00+02:00
1783371900,25808.9,25814.88,25807.91,25809.9,192,195,0,2026-07-06 21:05:00+00:00,2026-07-06 23:05:00+02:00
1783372200,25809.41,25809.41,25799.96,25802.45,106,195,0,2026-07-06 21:10:00+00:00,2026-07-06 23:10:00+02:00
1783372500,25801.95,25812.4,25801.95,25808.92,159,195,0,2026-07-06 21:15:00+00:00,2026-07-06 23:15:00+02:00
1783372800,25809.42,25815.39,25807.43,25814.4,128,195,0,2026-07-06 21:20:00+00:00,2026-07-06 23:20:00+02:00
1783373100,25813.9,25817.88,25810.92,25812.91,154,195,0,2026-07-06 21:25:00+00:00,2026-07-06 23:25:00+02:00
1783373400,25812.42,25814.41,25807.95,25807.95,160,195,0,2026-07-06 21:30:00+00:00,2026-07-06 23:30:00+02:00
1783373700,25808.44,25816.4,25807.45,25808.95,112,195,0,2026-07-06 21:35:00+00:00,2026-07-06 23:35:00+02:00
1783374000,25809.44,25810.94,25803.48,25806.96,112,195,0,2026-07-06 21:40:00+00:00,2026-07-06 23:40:00+02:00
1783374300,25807.46,25810.95,25804.48,25804.98,170,195,0,2026-07-06 21:45:00+00:00,2026-07-06 23:45:00+02:00
1783374600,25805.48,25807.97,25802.5,25803.5,126,195,0,2026-07-06 21:50:00+00:00,2026-07-06 23:50:00+02:00
1783374900,25803.99,25810.46,25800.51,25808.97,79,195,0,2026-07-06 21:55:00+00:00,2026-07-06 23:55:00+02:00
1783375200,25809.97,25812.45,25802.01,25808.98,143,195,0,2026-07-06 22:00:00+00:00,2026-07-07 00:00:00+02:00
1783375500,25809.48,25810.97,25804.01,25805.5,153,195,0,2026-07-06 22:05:00+00:00,2026-07-07 00:05:00+02:00
1783375800,25806.0,25811.98,25804.02,25810.98,174,195,0,2026-07-06 22:10:00+00:00,2026-07-07 00:10:00+02:00
1783376100,25810.48,25818.95,25809.49,25818.95,154,195,0,2026-07-06 22:15:00+00:00,2026-07-07 00:15:00+02:00
1783376400,25818.45,25827.41,25815.96,25825.42,121,195,0,2026-07-06 22:20:00+00:00,2026-07-07 00:20:00+02:00
1783376700,25824.92,25826.92,25821.94,25825.92,149,195,0,2026-07-06 22:25:00+00:00,2026-07-07 00:25:00+02:00
1783377000,25825.42,25825.42,25813.99,25815.48,179,195,0,2026-07-06 22:30:00+00:00,2026-07-07 00:30:00+02:00
1783377300,25815.48,25816.98,25810.52,25811.01,140,195,0,2026-07-06 22:35:00+00:00,2026-07-07 00:35:00+02:00
1783377600,25811.51,25814.5,25805.54,25813.51,174,195,0,2026-07-06 22:40:00+00:00,2026-07-07 00:40:00+02:00
1783377900,25813.01,25819.48,25811.52,25814.01,140,195,0,2026-07-06 22:45:00+00:00,2026-07-07 00:45:00+02:00
1783378200,25814.51,25822.97,25812.02,25816.01,205,195,0,2026-07-06 22:50:00+00:00,2026-07-07 00:50:00+02:00
1783378500,25816.5,25822.48,25809.04,25820.99,309,195,0,2026-07-06 22:55:00+00:00,2026-07-07 00:55:00+02:00
1783378800,25819.99,25821.43,25811.91,25814.89,261,195,0,2026-07-06 23:00:00+00:00,2026-07-07 01:00:00+02:00
1783379100,25815.48,25824.41,25813.7,25823.82,128,840,0,2026-07-06 23:05:00+00:00,2026-07-07 01:05:00+02:00
1783379400,25823.22,25826.2,25819.65,25823.82,120,840,0,2026-07-06 23:10:00+00:00,2026-07-07 01:10:00+02:00
1783379700,25824.42,25828.0,25823.23,25826.21,113,840,0,2026-07-06 23:15:00+00:00,2026-07-07 01:15:00+02:00
1783380000,25825.62,25826.21,25822.05,25823.24,80,840,0,2026-07-06 23:20:00+00:00,2026-07-07 01:20:00+02:00
1783380300,25822.95,25823.24,25818.49,25822.06,89,840,0,2026-07-06 23:25:00+00:00,2026-07-07 01:25:00+02:00
1783380600,25822.65,25825.04,25822.06,25824.45,41,840,0,2026-07-06 23:30:00+00:00,2026-07-07 01:30:00+02:00
1783380900,25823.85,25824.45,25820.88,25823.26,26,840,0,2026-07-06 23:35:00+00:00,2026-07-07 01:35:00+02:00
1783381200,25822.67,25825.05,25822.07,25824.46,30,840,0,2026-07-06 23:40:00+00:00,2026-07-07 01:40:00+02:00
1783381500,25825.65,25825.65,25819.7,25820.3,44,840,0,2026-07-06 23:45:00+00:00,2026-07-07 01:45:00+02:00
1783381800,25820.9,25822.69,25817.92,25822.09,53,840,0,2026-07-06 23:50:00+00:00,2026-07-07 01:50:00+02:00
1783382100,25822.39,25826.86,25820.9,25824.78,103,840,0,2026-07-06 23:55:00+00:00,2026-07-07 01:55:00+02:00
1783386300,25829.32,25829.32,25823.37,25826.65,129,840,0,2026-07-07 01:05:00+00:00,2026-07-07 03:05:00+02:00
1783386600,25826.95,25831.42,25826.95,25831.12,120,840,0,2026-07-07 01:10:00+00:00,2026-07-07 03:10:00+02:00
1783386900,25831.42,25842.91,25829.63,25841.72,85,840,0,2026-07-07 01:15:00+00:00,2026-07-07 03:15:00+02:00
1783387200,25841.22,25843.7,25839.72,25842.22,72,840,0,2026-07-07 01:20:00+00:00,2026-07-07 03:20:00+02:00
1783387500,25842.51,25842.51,25837.76,25838.36,87,840,0,2026-07-07 01:25:00+00:00,2026-07-07 03:25:00+02:00
1783387800,25838.65,25841.03,25835.07,25838.65,90,840,0,2026-07-07 01:30:00+00:00,2026-07-07 03:30:00+02:00
1783388100,25839.24,25841.03,25836.86,25838.06,77,840,0,2026-07-07 01:35:00+00:00,2026-07-07 03:35:00+02:00
1783388400,25838.36,25841.63,25836.87,25837.47,74,840,0,2026-07-07 01:40:00+00:00,2026-07-07 03:40:00+02:00
1783388700,25837.17,25837.17,25824.04,25824.93,192,840,0,2026-07-07 01:45:00+00:00,2026-07-07 03:45:00+02:00
1783389000,25825.23,25826.12,25820.77,25821.96,96,840,0,2026-07-07 01:50:00+00:00,2026-07-07 03:50:00+02:00
1783389300,25822.26,25822.56,25816.91,25820.18,147,840,0,2026-07-07 01:55:00+00:00,2026-07-07 03:55:00+02:00
1783389600,25819.59,25829.11,25818.99,25826.74,156,840,0,2026-07-07 02:00:00+00:00,2026-07-07 04:00:00+02:00
1783389900,25826.44,25827.93,25823.17,25825.25,107,840,0,2026-07-07 02:05:00+00:00,2026-07-07 04:05:00+02:00
1783390200,25825.55,25827.64,25823.18,25824.07,90,840,0,2026-07-07 02:10:00+00:00,2026-07-07 04:10:00+02:00
1783390500,25823.77,25824.37,25815.45,25815.75,142,840,0,2026-07-07 02:15:00+00:00,2026-07-07 04:15:00+02:00
1783390800,25816.04,25818.23,25814.26,25817.63,123,840,0,2026-07-07 02:20:00+00:00,2026-07-07 04:20:00+02:00
1783391100,25818.53,25819.72,25814.96,25816.75,124,840,0,2026-07-07 02:25:00+00:00,2026-07-07 04:25:00+02:00
1783391400,25816.45,25819.13,25813.48,25813.78,120,840,0,2026-07-07 02:30:00+00:00,2026-07-07 04:30:00+02:00
1783391700,25814.07,25815.27,25813.18,25813.49,80,840,0,2026-07-07 02:35:00+00:00,2026-07-07 04:35:00+02:00
1783392000,25813.78,25813.78,25809.62,25810.22,104,840,0,2026-07-07 02:40:00+00:00,2026-07-07 04:40:00+02:00
1783392300,25809.33,25809.62,25802.49,25803.68,238,840,0,2026-07-07 02:45:00+00:00,2026-07-07 04:45:00+02:00
1783392600,25803.09,25803.68,25793.83,25795.02,228,840,0,2026-07-07 02:50:00+00:00,2026-07-07 04:50:00+02:00
1783392900,25795.32,25796.81,25791.55,25794.83,203,840,0,2026-07-07 02:55:00+00:00,2026-07-07 04:55:00+02:00
1783394100,25804.2,25811.38,25788.25,25810.88,166,195,0,2026-07-07 03:15:00+00:00,2026-07-07 05:15:00+02:00
1783394400,25811.87,25820.33,25805.41,25809.89,155,195,0,2026-07-07 03:20:00+00:00,2026-07-07 05:20:00+02:00
1783394700,25808.4,25817.85,25798.46,25802.44,92,195,0,2026-07-07 03:25:00+00:00,2026-07-07 05:25:00+02:00
1783395000,25803.93,25809.9,25794.98,25795.98,111,195,0,2026-07-07 03:30:00+00:00,2026-07-07 05:30:00+02:00
1783395300,25793.99,25797.97,25784.05,25789.02,116,195,0,2026-07-07 03:35:00+00:00,2026-07-07 05:35:00+02:00
1783395600,25788.03,25792.51,25782.06,25788.53,142,195,0,2026-07-07 03:40:00+00:00,2026-07-07 05:40:00+02:00
1783395900,25787.54,25795.5,25784.06,25795.0,118,195,0,2026-07-07 03:45:00+00:00,2026-07-07 05:45:00+02:00
1783396200,25794.01,25801.47,25789.53,25798.99,86,195,0,2026-07-07 03:50:00+00:00,2026-07-07 05:50:00+02:00
1783396500,25799.48,25811.92,25788.55,25789.05,116,195,0,2026-07-07 03:55:00+00:00,2026-07-07 05:55:00+02:00
1783396800,25790.54,25796.51,25785.07,25790.55,218,195,0,2026-07-07 04:00:00+00:00,2026-07-07 06:00:00+02:00
1783397100,25789.55,25796.02,25789.05,25794.53,126,195,0,2026-07-07 04:05:00+00:00,2026-07-07 06:05:00+02:00
1783397400,25794.03,25800.5,25790.55,25795.03,154,195,0,2026-07-07 04:10:00+00:00,2026-07-07 06:10:00+02:00
1783397700,25795.53,25799.51,25789.07,25789.57,140,195,0,2026-07-07 04:15:00+00:00,2026-07-07 06:15:00+02:00
1783398000,25793.05,25798.03,25784.6,25785.6,169,195,0,2026-07-07 04:20:00+00:00,2026-07-07 06:20:00+02:00
1783398300,25785.1,25794.56,25782.12,25785.6,134,195,0,2026-07-07 04:25:00+00:00,2026-07-07 06:25:00+02:00
1783398600,25787.59,25804.51,25787.1,25801.53,216,195,0,2026-07-07 04:30:00+00:00,2026-07-07 06:30:00+02:00
1783398900,25800.53,25812.97,25795.06,25808.99,159,195,0,2026-07-07 04:35:00+00:00,2026-07-07 06:35:00+02:00
1783399200,25808.5,25811.98,25799.55,25806.51,137,195,0,2026-07-07 04:40:00+00:00,2026-07-07 06:40:00+02:00
1783399500,25807.51,25815.97,25806.51,25811.99,104,195,0,2026-07-07 04:45:00+00:00,2026-07-07 06:45:00+02:00
1783399800,25812.98,25816.97,25808.51,25815.48,68,195,0,2026-07-07 04:50:00+00:00,2026-07-07 06:50:00+02:00
1783400100,25816.47,25816.97,25794.6,25798.08,127,195,0,2026-07-07 04:55:00+00:00,2026-07-07 06:55:00+02:00
1783400400,25797.08,25805.04,25793.6,25800.57,148,195,0,2026-07-07 05:00:00+00:00,2026-07-07 07:00:00+02:00
1783400700,25801.07,25807.04,25797.09,25800.58,119,195,0,2026-07-07 05:05:00+00:00,2026-07-07 07:05:00+02:00
1783401000,25801.57,25808.04,25797.1,25803.07,83,195,0,2026-07-07 05:10:00+00:00,2026-07-07 07:10:00+02:00
1783401300,25800.09,25806.06,25796.61,25798.6,139,195,0,2026-07-07 05:15:00+00:00,2026-07-07 07:15:00+02:00
1783401600,25798.1,25798.6,25787.16,25790.15,80,195,0,2026-07-07 05:20:00+00:00,2026-07-07 07:20:00+02:00
1783401900,25790.65,25793.63,25786.67,25787.67,62,195,0,2026-07-07 05:25:00+00:00,2026-07-07 07:25:00+02:00
1783402200,25787.17,25788.17,25774.25,25778.23,107,195,0,2026-07-07 05:30:00+00:00,2026-07-07 07:30:00+02:00
1783402500,25778.73,25786.69,25775.75,25784.7,85,195,0,2026-07-07 05:35:00+00:00,2026-07-07 07:35:00+02:00
1783402800,25783.71,25785.7,25778.74,25779.73,89,195,0,2026-07-07 05:40:00+00:00,2026-07-07 07:40:00+02:00
1783403100,25780.23,25780.73,25775.26,25778.25,54,195,0,2026-07-07 05:45:00+00:00,2026-07-07 07:45:00+02:00
1783403400,25779.24,25781.73,25774.77,25775.77,18,195,0,2026-07-07 05:50:00+00:00,2026-07-07 07:50:00+02:00
1783403700,25774.77,25776.27,25765.82,25771.79,49,195,0,2026-07-07 05:55:00+00:00,2026-07-07 07:55:00+02:00
1783404000,25771.3,25778.26,25770.3,25773.29,63,195,0,2026-07-07 06:00:00+00:00,2026-07-07 08:00:00+02:00
1783404300,25776.77,25787.22,25775.28,25783.74,75,195,0,2026-07-07 06:05:00+00:00,2026-07-07 08:05:00+02:00
1783404600,25781.26,25784.24,25773.8,25775.79,76,195,0,2026-07-07 06:10:00+00:00,2026-07-07 08:10:00+02:00
1783404900,25775.3,25775.3,25764.36,25766.85,49,195,0,2026-07-07 06:15:00+00:00,2026-07-07 08:15:00+02:00
1783405200,25766.35,25768.34,25758.4,25759.89,84,195,0,2026-07-07 06:20:00+00:00,2026-07-07 08:20:00+02:00
1783405500,25758.9,25764.37,25748.46,25750.45,101,195,0,2026-07-07 06:25:00+00:00,2026-07-07 08:25:00+02:00
1783405800,25750.94,25761.39,25741.99,25756.92,201,195,0,2026-07-07 06:30:00+00:00,2026-07-07 08:30:00+02:00
1783406100,25757.42,25766.87,25757.42,25764.39,113,195,0,2026-07-07 06:35:00+00:00,2026-07-07 08:35:00+02:00
1783406400,25763.39,25763.39,25753.95,25755.94,100,195,0,2026-07-07 06:40:00+00:00,2026-07-07 08:40:00+02:00
1783406700,25755.44,25755.44,25739.03,25742.02,117,195,0,2026-07-07 06:45:00+00:00,2026-07-07 08:45:00+02:00
1783407000,25746.49,25749.48,25740.53,25745.51,100,195,0,2026-07-07 06:50:00+00:00,2026-07-07 08:50:00+02:00
1783407300,25746.0,25752.97,25745.01,25751.48,68,195,0,2026-07-07 06:55:00+00:00,2026-07-07 08:55:00+02:00
1783407600,25750.49,25756.45,25743.03,25749.0,110,195,0,2026-07-07 07:00:00+00:00,2026-07-07 09:00:00+02:00
1783407900,25749.5,25757.96,25747.01,25752.98,135,195,0,2026-07-07 07:05:00+00:00,2026-07-07 09:05:00+02:00
1783408200,25753.98,25764.92,25751.99,25753.99,76,195,0,2026-07-07 07:10:00+00:00,2026-07-07 09:10:00+02:00
1783408500,25753.49,25754.48,25740.56,25741.56,74,195,0,2026-07-07 07:15:00+00:00,2026-07-07 09:15:00+02:00
1783408800,25741.06,25746.04,25739.57,25743.55,54,195,0,2026-07-07 07:20:00+00:00,2026-07-07 09:20:00+02:00
1783409100,25744.05,25747.04,25741.07,25747.04,72,195,0,2026-07-07 07:25:00+00:00,2026-07-07 09:25:00+02:00
1783409400,25746.55,25753.01,25746.05,25750.03,51,195,0,2026-07-07 07:30:00+00:00,2026-07-07 09:30:00+02:00
1783409700,25750.53,25751.53,25741.08,25745.07,100,195,0,2026-07-07 07:35:00+00:00,2026-07-07 09:35:00+02:00
1783410000,25744.57,25751.04,25743.57,25746.07,97,195,0,2026-07-07 07:40:00+00:00,2026-07-07 09:40:00+02:00
1783410300,25745.07,25748.55,25742.59,25743.09,56,195,0,2026-07-07 07:45:00+00:00,2026-07-07 09:45:00+02:00
1783410600,25742.59,25745.08,25739.11,25742.6,70,195,0,2026-07-07 07:50:00+00:00,2026-07-07 09:50:00+02:00
1783410900,25742.1,25742.1,25737.63,25741.11,26,195,0,2026-07-07 07:55:00+00:00,2026-07-07 09:55:00+02:00
1783411200,25740.62,25741.11,25729.18,25729.18,66,195,0,2026-07-07 08:00:00+00:00,2026-07-07 10:00:00+02:00
1783411500,25728.69,25728.69,25713.27,25718.74,76,195,0,2026-07-07 08:05:00+00:00,2026-07-07 10:05:00+02:00
1783411800,25718.25,25719.74,25698.77,25707.81,81,195,0,2026-07-07 08:10:00+00:00,2026-07-07 10:10:00+02:00
1783412100,25707.31,25716.77,25705.82,25714.78,106,195,0,2026-07-07 08:15:00+00:00,2026-07-07 10:15:00+02:00
1783412400,25714.28,25729.7,25710.8,25717.77,144,195,0,2026-07-07 08:20:00+00:00,2026-07-07 10:20:00+02:00
1783412700,25716.77,25728.22,25710.31,25727.23,190,195,0,2026-07-07 08:25:00+00:00,2026-07-07 10:25:00+02:00
1783413000,25727.72,25742.15,25727.72,25742.15,192,195,0,2026-07-07 08:30:00+00:00,2026-07-07 10:30:00+02:00
1783413300,25741.16,25751.61,25735.69,25743.15,166,195,0,2026-07-07 08:35:00+00:00,2026-07-07 10:35:00+02:00
1783413600,25739.17,25747.63,25733.71,25735.7,130,195,0,2026-07-07 08:40:00+00:00,2026-07-07 10:40:00+02:00
1783413900,25734.71,25739.68,25724.76,25729.24,109,195,0,2026-07-07 08:45:00+00:00,2026-07-07 10:45:00+02:00
1783414200,25730.73,25764.06,25728.74,25762.57,125,195,0,2026-07-07 08:50:00+00:00,2026-07-07 10:50:00+02:00
1783414500,25764.06,25778.49,25759.09,25766.06,124,195,0,2026-07-07 08:55:00+00:00,2026-07-07 10:55:00+02:00
1783414800,25765.56,25775.6,25752.31,25759.27,117,195,0,2026-07-07 09:00:00+00:00,2026-07-07 11:00:00+02:00
1783415100,25759.77,25770.63,25756.79,25763.17,179,195,0,2026-07-07 09:05:00+00:00,2026-07-07 11:05:00+02:00
1783415400,25762.68,25762.68,25746.77,25749.25,147,195,0,2026-07-07 09:10:00+00:00,2026-07-07 11:10:00+02:00
1783415700,25750.25,25759.7,25748.37,25749.37,208,195,0,2026-07-07 09:15:00+00:00,2026-07-07 11:15:00+02:00
1783416000,25749.87,25766.78,25747.38,25762.81,174,195,0,2026-07-07 09:20:00+00:00,2026-07-07 11:20:00+02:00
1783416300,25763.8,25771.27,25760.32,25767.18,213,195,0,2026-07-07 09:25:00+00:00,2026-07-07 11:25:00+02:00
1783416600,25767.67,25779.07,25763.65,25778.08,186,195,0,2026-07-07 09:30:00+00:00,2026-07-07 11:30:00+02:00
1783416900,25777.58,25778.08,25769.53,25769.53,135,195,0,2026-07-07 09:35:00+00:00,2026-07-07 11:35:00+02:00
1783417200,25769.53,25781.48,25769.04,25780.98,143,195,0,2026-07-07 09:40:00+00:00,2026-07-07 11:40:00+02:00
1783417500,25780.48,25780.48,25757.11,25766.16,122,195,0,2026-07-07 09:45:00+00:00,2026-07-07 11:45:00+02:00
1783417800,25765.66,25779.5,25760.69,25775.52,112,195,0,2026-07-07 09:50:00+00:00,2026-07-07 11:50:00+02:00
1783418100,25774.53,25795.42,25774.53,25792.44,189,195,0,2026-07-07 09:55:00+00:00,2026-07-07 11:55:00+02:00
1783418400,25791.94,25802.88,25756.23,25779.51,850,195,0,2026-07-07 10:00:00+00:00,2026-07-07 12:00:00+02:00
1783418700,25780.01,25782.49,25757.57,25768.44,624,195,0,2026-07-07 10:05:00+00:00,2026-07-07 12:05:00+02:00
1783419000,25769.43,25794.65,25764.46,25768.42,579,195,0,2026-07-07 10:10:00+00:00,2026-07-07 12:10:00+02:00
1783419300,25765.93,25785.29,25759.05,25770.44,537,195,0,2026-07-07 10:15:00+00:00,2026-07-07 12:15:00+02:00
1783419600,25769.94,25790.27,25758.05,25776.85,531,195,0,2026-07-07 10:20:00+00:00,2026-07-07 12:20:00+02:00
1783419900,25776.35,25805.2,25776.34,25800.99,453,195,0,2026-07-07 10:25:00+00:00,2026-07-07 12:25:00+02:00
1783420200,25800.5,25810.48,25789.37,25800.12,453,195,0,2026-07-07 10:30:00+00:00,2026-07-07 12:30:00+02:00
1783420500,25800.61,25804.58,25776.95,25788.52,457,195,0,2026-07-07 10:35:00+00:00,2026-07-07 12:35:00+02:00
1783420800,25789.02,25789.02,25771.72,25771.72,431,195,0,2026-07-07 10:40:00+00:00,2026-07-07 12:40:00+02:00
1783421100,25772.71,25780.66,25763.02,25763.02,325,195,0,2026-07-07 10:45:00+00:00,2026-07-07 12:45:00+02:00
1783421400,25764.02,25771.68,25750.13,25769.62,383,195,0,2026-07-07 10:50:00+00:00,2026-07-07 12:50:00+02:00
1783421700,25769.12,25787.48,25764.48,25782.04,382,195,0,2026-07-07 10:55:00+00:00,2026-07-07 12:55:00+02:00
1783422000,25782.53,25789.49,25760.32,25774.82,413,195,0,2026-07-07 11:00:00+00:00,2026-07-07 13:00:00+02:00
1783422300,25775.82,25779.72,25760.59,25765.08,405,195,0,2026-07-07 11:05:00+00:00,2026-07-07 13:05:00+02:00
1783422600,25764.59,25792.46,25760.58,25787.52,392,195,0,2026-07-07 11:10:00+00:00,2026-07-07 13:10:00+02:00
1783422900,25788.51,25802.83,25785.52,25790.99,344,195,0,2026-07-07 11:15:00+00:00,2026-07-07 13:15:00+02:00
1783423200,25790.5,25802.17,25785.58,25798.15,299,195,0,2026-07-07 11:20:00+00:00,2026-07-07 13:20:00+02:00
1783423500,25798.65,25799.14,25764.48,25770.29,446,195,0,2026-07-07 11:25:00+00:00,2026-07-07 13:25:00+02:00
1783423800,25770.79,25772.27,25755.91,25763.25,389,195,0,2026-07-07 11:30:00+00:00,2026-07-07 13:30:00+02:00
1783424100,25762.25,25763.27,25736.3,25741.27,346,195,0,2026-07-07 11:35:00+00:00,2026-07-07 13:35:00+02:00
1783424400,25742.26,25751.27,25736.94,25743.11,340,195,0,2026-07-07 11:40:00+00:00,2026-07-07 13:40:00+02:00
1783424700,25743.6,25748.51,25734.71,25734.71,292,195,0,2026-07-07 11:45:00+00:00,2026-07-07 13:45:00+02:00
1783425000,25734.21,25739.21,25724.89,25730.85,302,195,0,2026-07-07 11:50:00+00:00,2026-07-07 13:50:00+02:00
1783425300,25730.35,25731.36,25712.79,25712.79,259,195,0,2026-07-07 11:55:00+00:00,2026-07-07 13:55:00+02:00
1783425600,25713.29,25716.3,25698.41,25714.32,361,195,0,2026-07-07 12:00:00+00:00,2026-07-07 14:00:00+02:00
1783425900,25714.82,25731.17,25711.39,25717.89,296,195,0,2026-07-07 12:05:00+00:00,2026-07-07 14:05:00+02:00
1783426200,25717.88,25717.88,25700.26,25701.59,284,195,0,2026-07-07 12:10:00+00:00,2026-07-07 14:10:00+02:00
1783426500,25701.09,25730.51,25700.51,25726.13,292,195,0,2026-07-07 12:15:00+00:00,2026-07-07 14:15:00+02:00
1783426800,25726.63,25730.86,25718.02,25719.57,259,195,0,2026-07-07 12:20:00+00:00,2026-07-07 14:20:00+02:00
1783427100,25722.06,25726.64,25711.29,25717.19,282,195,0,2026-07-07 12:25:00+00:00,2026-07-07 14:25:00+02:00
1783427400,25717.69,25721.16,25695.99,25696.0,287,195,0,2026-07-07 12:30:00+00:00,2026-07-07 14:30:00+02:00
1783427700,25693.51,25695.14,25685.58,25692.95,286,195,0,2026-07-07 12:35:00+00:00,2026-07-07 14:35:00+02:00
1783428000,25692.45,25707.66,25689.0,25702.44,269,195,0,2026-07-07 12:40:00+00:00,2026-07-07 14:40:00+02:00
1783428300,25702.94,25702.94,25685.29,25697.69,334,195,0,2026-07-07 12:45:00+00:00,2026-07-07 14:45:00+02:00
1783428600,25698.69,25704.99,25688.21,25698.84,312,195,0,2026-07-07 12:50:00+00:00,2026-07-07 14:50:00+02:00
1783428900,25698.34,25698.34,25686.98,25691.86,299,195,0,2026-07-07 12:55:00+00:00,2026-07-07 14:55:00+02:00
1783429200,25691.87,25705.32,25690.87,25705.2,321,195,0,2026-07-07 13:00:00+00:00,2026-07-07 15:00:00+02:00
1783429500,25704.2,25709.52,25691.15,25691.16,282,195,0,2026-07-07 13:05:00+00:00,2026-07-07 15:05:00+02:00
1783429800,25692.16,25698.09,25673.46,25677.46,296,195,0,2026-07-07 13:10:00+00:00,2026-07-07 15:10:00+02:00
1783430100,25677.47,25705.89,25675.98,25697.67,284,195,0,2026-07-07 13:15:00+00:00,2026-07-07 15:15:00+02:00
1783430400,25698.17,25703.68,25685.78,25686.27,284,195,0,2026-07-07 13:20:00+00:00,2026-07-07 15:20:00+02:00
1783430700,25685.28,25685.28,25670.62,25672.52,255,195,0,2026-07-07 13:25:00+00:00,2026-07-07 15:25:00+02:00
1783431000,25672.02,25677.29,25664.18,25670.09,296,195,0,2026-07-07 13:30:00+00:00,2026-07-07 15:30:00+02:00
1783431300,25669.59,25670.09,25656.24,25667.12,245,195,0,2026-07-07 13:35:00+00:00,2026-07-07 15:35:00+02:00
1783431600,25666.62,25674.13,25665.28,25667.84,243,195,0,2026-07-07 13:40:00+00:00,2026-07-07 15:40:00+02:00
1783431900,25669.33,25669.81,25651.11,25655.53,254,195,0,2026-07-07 13:45:00+00:00,2026-07-07 15:45:00+02:00
1783432200,25656.03,25664.53,25653.05,25654.7,264,195,0,2026-07-07 13:50:00+00:00,2026-07-07 15:50:00+02:00
1783432500,25654.2,25669.28,25650.75,25666.27,228,195,0,2026-07-07 13:55:00+00:00,2026-07-07 15:55:00+02:00
1783432800,25665.78,25665.78,25654.34,25662.8,274,195,0,2026-07-07 14:00:00+00:00,2026-07-07 16:00:00+02:00
1783433100,25664.29,25673.24,25659.81,25664.89,270,195,0,2026-07-07 14:05:00+00:00,2026-07-07 16:05:00+02:00
1783433400,25664.39,25674.06,25658.36,25658.86,266,195,0,2026-07-07 14:10:00+00:00,2026-07-07 16:10:00+02:00
1783433700,25658.85,25672.06,25653.87,25671.55,234,195,0,2026-07-07 14:15:00+00:00,2026-07-07 16:15:00+02:00
1783434000,25673.03,25676.98,25661.84,25661.84,234,195,0,2026-07-07 14:20:00+00:00,2026-07-07 16:20:00+02:00
1783434300,25662.33,25662.84,25644.33,25647.83,254,195,0,2026-07-07 14:25:00+00:00,2026-07-07 16:25:00+02:00
1783434600,25648.33,25655.78,25641.73,25643.57,297,195,0,2026-07-07 14:30:00+00:00,2026-07-07 16:30:00+02:00
1783434900,25644.06,25652.87,25640.08,25645.41,272,195,0,2026-07-07 14:35:00+00:00,2026-07-07 16:35:00+02:00
1783435200,25644.91,25651.11,25640.38,25646.17,238,195,0,2026-07-07 14:40:00+00:00,2026-07-07 16:40:00+02:00
1783435500,25647.17,25648.66,25629.11,25630.18,254,195,0,2026-07-07 14:45:00+00:00,2026-07-07 16:45:00+02:00
1783435800,25629.19,25639.11,25618.25,25634.09,413,195,0,2026-07-07 14:50:00+00:00,2026-07-07 16:50:00+02:00
1783436100,25634.58,25649.66,25632.1,25641.28,320,195,0,2026-07-07 14:55:00+00:00,2026-07-07 16:55:00+02:00
1783436400,25641.78,25650.71,25635.71,25638.75,323,195,0,2026-07-07 15:00:00+00:00,2026-07-07 17:00:00+02:00
1783436700,25639.25,25658.05,25636.3,25640.21,306,195,0,2026-07-07 15:05:00+00:00,2026-07-07 17:05:00+02:00
1783437000,25640.22,25654.16,25640.22,25644.95,292,195,0,2026-07-07 15:10:00+00:00,2026-07-07 17:10:00+02:00
1783437300,25645.94,25669.05,25641.4,25665.66,319,195,0,2026-07-07 15:15:00+00:00,2026-07-07 17:15:00+02:00
1783437600,25665.17,25677.44,25656.31,25677.43,331,195,0,2026-07-07 15:20:00+00:00,2026-07-07 17:20:00+02:00
1783437900,25676.93,25689.71,25676.43,25681.6,302,195,0,2026-07-07 15:25:00+00:00,2026-07-07 17:25:00+02:00
1783438200,25683.09,25684.08,25666.05,25680.07,311,195,0,2026-07-07 15:30:00+00:00,2026-07-07 17:30:00+02:00
1783438500,25681.06,25703.62,25675.64,25690.82,299,195,0,2026-07-07 15:35:00+00:00,2026-07-07 17:35:00+02:00
1783438800,25691.33,25691.33,25674.15,25679.71,339,195,0,2026-07-07 15:40:00+00:00,2026-07-07 17:40:00+02:00
1783439100,25680.7,25681.71,25653.45,25655.06,307,195,0,2026-07-07 15:45:00+00:00,2026-07-07 17:45:00+02:00
1783439400,25655.56,25656.55,25638.19,25641.05,316,195,0,2026-07-07 15:50:00+00:00,2026-07-07 17:50:00+02:00
1783439700,25641.55,25658.44,25639.51,25655.45,348,195,0,2026-07-07 15:55:00+00:00,2026-07-07 17:55:00+02:00
1783440000,25654.96,25656.67,25644.05,25645.06,356,195,0,2026-07-07 16:00:00+00:00,2026-07-07 18:00:00+02:00
1783440300,25644.56,25654.89,25634.22,25646.43,345,195,0,2026-07-07 16:05:00+00:00,2026-07-07 18:05:00+02:00
1783440600,25646.42,25670.96,25639.9,25666.54,341,195,0,2026-07-07 16:10:00+00:00,2026-07-07 18:10:00+02:00
1783440900,25666.05,25666.05,25652.29,25655.28,317,195,0,2026-07-07 16:15:00+00:00,2026-07-07 18:15:00+02:00
1783441200,25654.78,25668.01,25654.28,25661.91,387,195,0,2026-07-07 16:20:00+00:00,2026-07-07 18:20:00+02:00
1783441500,25661.41,25672.71,25644.54,25647.1,397,195,0,2026-07-07 16:25:00+00:00,2026-07-07 18:25:00+02:00
1783441800,25647.59,25656.51,25627.33,25629.83,730,195,0,2026-07-07 16:30:00+00:00,2026-07-07 18:30:00+02:00
1783442100,25629.33,25630.83,25611.92,25618.33,646,195,0,2026-07-07 16:35:00+00:00,2026-07-07 18:35:00+02:00
1783442400,25616.34,25640.0,25609.93,25635.15,620,195,0,2026-07-07 16:40:00+00:00,2026-07-07 18:40:00+02:00
1783442700,25634.65,25638.98,25592.59,25593.65,629,195,0,2026-07-07 16:45:00+00:00,2026-07-07 18:45:00+02:00
1783443000,25592.65,25598.12,25566.12,25575.06,615,195,0,2026-07-07 16:50:00+00:00,2026-07-07 18:50:00+02:00
1783443300,25575.56,25576.06,25537.99,25556.27,671,195,0,2026-07-07 16:55:00+00:00,2026-07-07 18:55:00+02:00
1783443600,25556.77,25561.74,25516.12,25524.53,650,195,0,2026-07-07 17:00:00+00:00,2026-07-07 19:00:00+02:00
1783443900,25524.03,25544.43,25514.99,25526.44,658,195,0,2026-07-07 17:05:00+00:00,2026-07-07 19:05:00+02:00
1783444200,25525.94,25527.94,25495.32,25496.76,627,195,0,2026-07-07 17:10:00+00:00,2026-07-07 19:10:00+02:00
1783444500,25496.27,25526.09,25486.82,25524.6,669,195,0,2026-07-07 17:15:00+00:00,2026-07-07 19:15:00+02:00
1783444800,25524.1,25534.54,25495.34,25508.59,636,195,0,2026-07-07 17:20:00+00:00,2026-07-07 19:20:00+02:00
1783445100,25508.09,25525.15,25497.58,25524.23,626,195,0,2026-07-07 17:25:00+00:00,2026-07-07 19:25:00+02:00
1783445400,25523.73,25532.44,25500.71,25501.2,581,195,0,2026-07-07 17:30:00+00:00,2026-07-07 19:30:00+02:00
1783445700,25500.21,25501.26,25488.01,25498.69,539,195,0,2026-07-07 17:35:00+00:00,2026-07-07 19:35:00+02:00
1783446000,25499.19,25510.32,25485.3,25493.09,581,195,0,2026-07-07 17:40:00+00:00,2026-07-07 19:40:00+02:00
1783446300,25492.59,25505.94,25486.63,25497.67,593,195,0,2026-07-07 17:45:00+00:00,2026-07-07 19:45:00+02:00
1783446600,25498.16,25506.65,25486.48,25490.45,512,195,0,2026-07-07 17:50:00+00:00,2026-07-07 19:50:00+02:00
1783446900,25490.95,25519.33,25489.96,25513.88,444,195,0,2026-07-07 17:55:00+00:00,2026-07-07 19:55:00+02:00
1783447200,25514.88,25516.88,25493.1,25496.08,479,195,0,2026-07-07 18:00:00+00:00,2026-07-07 20:00:00+02:00
1783447500,25495.58,25508.36,25483.18,25502.47,519,195,0,2026-07-07 18:05:00+00:00,2026-07-07 20:05:00+02:00
1783447800,25503.47,25515.1,25495.44,25498.16,436,195,0,2026-07-07 18:10:00+00:00,2026-07-07 20:10:00+02:00
1783448100,25499.65,25504.56,25488.15,25491.22,396,195,0,2026-07-07 18:15:00+00:00,2026-07-07 20:15:00+02:00
1783448400,25491.71,25497.59,25481.65,25485.6,459,195,0,2026-07-07 18:20:00+00:00,2026-07-07 20:20:00+02:00
1783448700,25485.59,25495.55,25475.81,25495.55,374,195,0,2026-07-07 18:25:00+00:00,2026-07-07 20:25:00+02:00
1783449000,25496.05,25496.54,25467.21,25468.2,562,195,0,2026-07-07 18:30:00+00:00,2026-07-07 20:30:00+02:00
1783449300,25471.18,25483.62,25462.73,25472.18,421,195,0,2026-07-07 18:35:00+00:00,2026-07-07 20:35:00+02:00
1783449600,25471.69,25476.67,25460.75,25476.67,389,195,0,2026-07-07 18:40:00+00:00,2026-07-07 20:40:00+02:00
1783449900,25476.17,25500.05,25476.17,25491.59,400,195,0,2026-07-07 18:45:00+00:00,2026-07-07 20:45:00+02:00
1783450200,25491.1,25512.48,25491.1,25511.99,305,195,0,2026-07-07 18:50:00+00:00,2026-07-07 20:50:00+02:00
1783450500,25511.49,25513.48,25501.55,25504.54,217,195,0,2026-07-07 18:55:00+00:00,2026-07-07 20:55:00+02:00
1783450800,25505.03,25520.45,25502.05,25515.98,293,195,0,2026-07-07 19:00:00+00:00,2026-07-07 21:00:00+02:00
1783451100,25516.97,25520.46,25503.55,25505.54,227,195,0,2026-07-07 19:05:00+00:00,2026-07-07 21:05:00+02:00
1783451400,25504.55,25518.48,25503.56,25517.48,245,195,0,2026-07-07 19:10:00+00:00,2026-07-07 21:10:00+02:00
1783451700,25516.99,25524.45,25515.0,25524.45,237,195,0,2026-07-07 19:15:00+00:00,2026-07-07 21:15:00+02:00
1783452000,25523.46,25545.34,25523.46,25541.86,245,195,0,2026-07-07 19:20:00+00:00,2026-07-07 21:20:00+02:00
1783452300,25541.37,25546.34,25535.9,25538.89,229,195,0,2026-07-07 19:25:00+00:00,2026-07-07 21:25:00+02:00
1783452600,25537.89,25544.86,25530.94,25533.92,234,195,0,2026-07-07 19:30:00+00:00,2026-07-07 21:30:00+02:00
1783452900,25534.42,25536.41,25525.97,25530.45,199,195,0,2026-07-07 19:35:00+00:00,2026-07-07 21:35:00+02:00
1783453200,25530.94,25534.43,25524.98,25533.93,150,195,0,2026-07-07 19:40:00+00:00,2026-07-07 21:40:00+02:00
1783453500,25534.43,25543.89,25533.94,25542.4,152,195,0,2026-07-07 19:45:00+00:00,2026-07-07 21:45:00+02:00
1783453800,25543.39,25544.39,25537.93,25538.92,198,195,0,2026-07-07 19:50:00+00:00,2026-07-07 21:50:00+02:00
1783454100,25539.42,25541.41,25533.45,25538.43,175,195,0,2026-07-07 19:55:00+00:00,2026-07-07 21:55:00+02:00
1783454400,25537.93,25543.4,25536.94,25539.43,170,195,0,2026-07-07 20:00:00+00:00,2026-07-07 22:00:00+02:00
1783454700,25538.93,25548.89,25538.44,25546.9,164,195,0,2026-07-07 20:05:00+00:00,2026-07-07 22:05:00+02:00
1783455000,25547.39,25547.39,25538.45,25538.95,185,195,0,2026-07-07 20:10:00+00:00,2026-07-07 22:10:00+02:00
1783455300,25540.44,25541.43,25527.02,25529.01,187,195,0,2026-07-07 20:15:00+00:00,2026-07-07 22:15:00+02:00
1783455600,25529.51,25541.45,25526.03,25537.97,179,195,0,2026-07-07 20:20:00+00:00,2026-07-07 22:20:00+02:00
1783455900,25537.47,25539.46,25532.5,25533.99,168,195,0,2026-07-07 20:25:00+00:00,2026-07-07 22:25:00+02:00
1783456200,25534.49,25544.94,25533.5,25543.45,145,195,0,2026-07-07 20:30:00+00:00,2026-07-07 22:30:00+02:00
1783456500,25542.95,25546.93,25539.47,25543.95,131,195,0,2026-07-07 20:35:00+00:00,2026-07-07 22:35:00+02:00
1783456800,25543.46,25548.93,25541.47,25548.93,112,195,0,2026-07-07 20:40:00+00:00,2026-07-07 22:40:00+02:00
1783457100,25548.44,25548.93,25540.98,25543.97,155,195,0,2026-07-07 20:45:00+00:00,2026-07-07 22:45:00+02:00
1783457400,25544.46,25544.97,25538.0,25541.98,146,195,0,2026-07-07 20:50:00+00:00,2026-07-07 22:50:00+02:00
1783457700,25542.48,25547.95,25541.98,25546.47,82,195,0,2026-07-07 20:55:00+00:00,2026-07-07 22:55:00+02:00
1783458000,25546.96,25548.95,25542.49,25547.47,184,195,0,2026-07-07 21:00:00+00:00,2026-07-07 23:00:00+02:00
1783458300,25547.47,25549.46,25541.01,25543.0,141,195,0,2026-07-07 21:05:00+00:00,2026-07-07 23:05:00+02:00
1783458600,25543.5,25547.48,25541.51,25546.49,110,195,0,2026-07-07 21:10:00+00:00,2026-07-07 23:10:00+02:00
1783458900,25545.99,25552.46,25544.99,25549.97,143,195,0,2026-07-07 21:15:00+00:00,2026-07-07 23:15:00+02:00
1783459200,25549.48,25551.97,25543.51,25548.99,144,195,0,2026-07-07 21:20:00+00:00,2026-07-07 23:20:00+02:00
1783459500,25549.48,25549.98,25543.52,25544.52,147,195,0,2026-07-07 21:25:00+00:00,2026-07-07 23:25:00+02:00
1783459800,25545.01,25546.51,25532.59,25535.57,194,195,0,2026-07-07 21:30:00+00:00,2026-07-07 23:30:00+02:00
1783460100,25534.08,25541.05,25531.1,25540.55,131,195,0,2026-07-07 21:35:00+00:00,2026-07-07 23:35:00+02:00
1783460400,25541.05,25541.05,25526.63,25534.59,152,195,0,2026-07-07 21:40:00+00:00,2026-07-07 23:40:00+02:00
1783460700,25535.09,25538.07,25502.27,25515.7,351,195,0,2026-07-07 21:45:00+00:00,2026-07-07 23:45:00+02:00
1783461000,25516.2,25519.18,25497.3,25503.77,445,195,0,2026-07-07 21:50:00+00:00,2026-07-07 23:50:00+02:00
1783461300,25504.27,25507.26,25496.32,25498.31,352,195,0,2026-07-07 21:55:00+00:00,2026-07-07 23:55:00+02:00
1783461600,25498.81,25502.29,25477.42,25486.38,477,195,0,2026-07-07 22:00:00+00:00,2026-07-08 00:00:00+02:00
1783461900,25488.37,25493.84,25465.0,25466.0,364,195,0,2026-07-07 22:05:00+00:00,2026-07-08 00:05:00+02:00
1783462200,25465.5,25465.5,25451.08,25455.06,311,195,0,2026-07-07 22:10:00+00:00,2026-07-08 00:10:00+02:00
1783462500,25454.57,25455.06,25408.82,25435.18,424,195,0,2026-07-07 22:15:00+00:00,2026-07-08 00:15:00+02:00
1783462800,25436.67,25457.07,25428.71,25455.57,437,195,0,2026-07-07 22:20:00+00:00,2026-07-08 00:20:00+02:00
1783463100,25457.07,25462.04,25444.63,25451.6,299,195,0,2026-07-07 22:25:00+00:00,2026-07-08 00:25:00+02:00
1783463400,25452.1,25457.07,25448.12,25451.61,347,195,0,2026-07-07 22:30:00+00:00,2026-07-08 00:30:00+02:00
1783463700,25452.11,25455.59,25444.65,25448.13,290,195,0,2026-07-07 22:35:00+00:00,2026-07-08 00:35:00+02:00
1783464000,25447.64,25449.63,25440.18,25445.16,254,195,0,2026-07-07 22:40:00+00:00,2026-07-08 00:40:00+02:00
1783464300,25446.65,25452.62,25439.19,25445.16,231,195,0,2026-07-07 22:45:00+00:00,2026-07-08 00:45:00+02:00
1783464600,25446.16,25452.63,25438.2,25451.14,302,195,0,2026-07-07 22:50:00+00:00,2026-07-08 00:50:00+02:00
1783464900,25451.64,25468.55,25450.15,25467.06,362,195,0,2026-07-07 22:55:00+00:00,2026-07-08 00:55:00+02:00
1783465200,25467.56,25468.55,25453.49,25461.75,278,195,0,2026-07-07 23:00:00+00:00,2026-07-08 01:00:00+02:00
1783465500,25462.34,25465.3,25456.44,25464.12,231,840,0,2026-07-07 23:05:00+00:00,2026-07-08 01:05:00+02:00
1783465800,25463.53,25463.53,25458.22,25460.0,160,840,0,2026-07-07 23:10:00+00:00,2026-07-08 01:10:00+02:00
1783466100,25458.82,25460.59,25451.15,25454.1,153,840,0,2026-07-07 23:15:00+00:00,2026-07-08 01:15:00+02:00
1783466400,25454.4,25456.46,25452.34,25455.29,94,840,0,2026-07-07 23:20:00+00:00,2026-07-08 01:20:00+02:00
1783466700,25455.88,25458.24,25454.7,25456.48,85,840,0,2026-07-07 23:25:00+00:00,2026-07-08 01:25:00+02:00
1783467000,25457.07,25458.84,25455.3,25457.07,53,840,0,2026-07-07 23:30:00+00:00,2026-07-08 01:30:00+02:00
1783467300,25457.66,25461.21,25457.66,25460.32,52,840,0,2026-07-07 23:35:00+00:00,2026-07-08 01:35:00+02:00
1783467600,25460.62,25462.39,25458.85,25459.45,52,840,0,2026-07-07 23:40:00+00:00,2026-07-08 01:40:00+02:00
1783467900,25458.86,25459.75,25457.68,25458.86,42,840,0,2026-07-07 23:45:00+00:00,2026-07-08 01:45:00+02:00
1783468200,25458.27,25461.82,25457.09,25461.23,25,840,0,2026-07-07 23:50:00+00:00,2026-07-08 01:50:00+02:00
1783468500,25461.82,25461.82,25458.28,25459.47,60,840,0,2026-07-07 23:55:00+00:00,2026-07-08 01:55:00+02:00
1783472700,25431.23,25436.85,25427.4,25431.54,251,840,0,2026-07-08 01:05:00+00:00,2026-07-08 03:05:00+02:00
1783473000,25431.24,25436.17,25429.18,25434.11,162,840,0,2026-07-08 01:10:00+00:00,2026-07-08 03:10:00+02:00
1783473300,25434.7,25438.74,25433.81,25437.27,127,840,0,2026-07-08 01:15:00+00:00,2026-07-08 03:15:00+02:00
1783473600,25437.86,25438.45,25434.91,25437.57,118,840,0,2026-07-08 01:20:00+00:00,2026-07-08 03:20:00+02:00
1783473900,25437.28,25437.28,25427.97,25432.1,99,840,0,2026-07-08 01:25:00+00:00,2026-07-08 03:25:00+02:00
1783474200,25432.4,25436.65,25428.56,25436.06,136,840,0,2026-07-08 01:30:00+00:00,2026-07-08 03:30:00+02:00
1783474500,25436.65,25440.24,25436.06,25437.89,88,840,0,2026-07-08 01:35:00+00:00,2026-07-08 03:35:00+02:00
1783474800,25438.48,25439.07,25433.17,25434.35,125,840,0,2026-07-08 01:40:00+00:00,2026-07-08 03:40:00+02:00
1783475100,25434.06,25439.08,25430.81,25438.19,125,840,0,2026-07-08 01:45:00+00:00,2026-07-08 03:45:00+02:00
1783475400,25438.49,25438.49,25433.77,25437.02,118,840,0,2026-07-08 01:50:00+00:00,2026-07-08 03:50:00+02:00
1783475700,25437.32,25442.04,25436.14,25438.5,126,840,0,2026-07-08 01:55:00+00:00,2026-07-08 03:55:00+02:00
1783476000,25438.21,25442.34,25433.2,25436.15,151,840,0,2026-07-08 02:00:00+00:00,2026-07-08 04:00:00+02:00
1783476300,25435.85,25442.64,25435.56,25438.34,214,840,0,2026-07-08 02:05:00+00:00,2026-07-08 04:05:00+02:00
1783476600,25438.63,25440.61,25433.03,25440.32,171,840,0,2026-07-08 02:10:00+00:00,2026-07-08 04:10:00+02:00
1783476900,25440.02,25452.71,25439.14,25451.83,136,840,0,2026-07-08 02:15:00+00:00,2026-07-08 04:15:00+02:00
1783477200,25452.42,25452.42,25447.12,25447.41,142,840,0,2026-07-08 02:20:00+00:00,2026-07-08 04:20:00+02:00
1783477500,25448.0,25450.66,25447.12,25450.07,97,840,0,2026-07-08 02:25:00+00:00,2026-07-08 04:25:00+02:00
1783477800,25450.37,25452.43,25445.36,25445.95,119,840,0,2026-07-08 02:30:00+00:00,2026-07-08 04:30:00+02:00
1783478100,25445.36,25445.36,25433.74,25437.58,213,840,0,2026-07-08 02:35:00+00:00,2026-07-08 04:35:00+02:00
1783478400,25437.29,25437.29,25430.3,25431.48,180,840,0,2026-07-08 02:40:00+00:00,2026-07-08 04:40:00+02:00
1783478700,25431.78,25436.79,25424.41,25428.24,394,840,0,2026-07-08 02:45:00+00:00,2026-07-08 04:45:00+02:00
1783479000,25428.54,25430.6,25414.28,25417.82,284,840,0,2026-07-08 02:50:00+00:00,2026-07-08 04:50:00+02:00
1783479300,25418.41,25418.71,25408.66,25411.32,285,840,0,2026-07-08 02:55:00+00:00,2026-07-08 04:55:00+02:00
1783480500,25448.7,25448.7,25415.18,25428.11,207,195,0,2026-07-08 03:15:00+00:00,2026-07-08 05:15:00+02:00
1783480800,25429.11,25468.4,25426.13,25467.91,205,195,0,2026-07-08 03:20:00+00:00,2026-07-08 05:20:00+02:00
1783481100,25467.41,25477.36,25460.45,25470.9,174,195,0,2026-07-08 03:25:00+00:00,2026-07-08 05:25:00+02:00
1783481400,25465.92,25467.42,25445.54,25447.53,265,195,0,2026-07-08 03:30:00+00:00,2026-07-08 05:30:00+02:00
1783481700,25448.52,25470.41,25443.55,25469.91,193,195,0,2026-07-08 03:35:00+00:00,2026-07-08 05:35:00+02:00
1783482000,25470.91,25488.82,25470.41,25486.83,152,195,0,2026-07-08 03:40:00+00:00,2026-07-08 05:40:00+02:00
1783482300,25487.33,25503.74,25485.84,25493.8,153,195,0,2026-07-08 03:45:00+00:00,2026-07-08 05:45:00+02:00
1783482600,25492.8,25505.74,25492.8,25498.78,99,195,0,2026-07-08 03:50:00+00:00,2026-07-08 05:50:00+02:00
1783482900,25501.26,25508.73,25499.28,25505.75,119,195,0,2026-07-08 03:55:00+00:00,2026-07-08 05:55:00+02:00
1783483200,25506.24,25522.16,25499.78,25513.71,124,195,0,2026-07-08 04:00:00+00:00,2026-07-08 06:00:00+02:00
1783483500,25513.21,25514.21,25500.78,25506.26,156,195,0,2026-07-08 04:05:00+00:00,2026-07-08 06:05:00+02:00
1783483800,25508.25,25530.63,25506.26,25528.64,210,195,0,2026-07-08 04:10:00+00:00,2026-07-08 06:10:00+02:00
1783484100,25529.14,25529.14,25510.74,25522.18,127,195,0,2026-07-08 04:15:00+00:00,2026-07-08 06:15:00+02:00
1783484400,25520.19,25522.68,25510.75,25512.74,122,195,0,2026-07-08 04:20:00+00:00,2026-07-08 06:20:00+02:00
1783484700,25512.24,25522.69,25506.28,25506.28,134,195,0,2026-07-08 04:25:00+00:00,2026-07-08 06:25:00+02:00
1783485000,25508.27,25514.24,25495.85,25498.83,108,195,0,2026-07-08 04:30:00+00:00,2026-07-08 06:30:00+02:00
1783485300,25499.33,25506.29,25477.45,25489.39,154,195,0,2026-07-08 04:35:00+00:00,2026-07-08 06:35:00+02:00
1783485600,25488.39,25499.84,25485.41,25496.85,173,195,0,2026-07-08 04:40:00+00:00,2026-07-08 06:40:00+02:00
1783485900,25496.36,25516.75,25496.36,25513.77,183,195,0,2026-07-08 04:45:00+00:00,2026-07-08 06:45:00+02:00
1783486200,25514.27,25516.26,25491.4,25491.89,189,195,0,2026-07-08 04:50:00+00:00,2026-07-08 06:50:00+02:00
1783486500,25491.4,25502.84,25489.91,25495.88,172,195,0,2026-07-08 04:55:00+00:00,2026-07-08 06:55:00+02:00
1783486800,25495.38,25498.86,25474.5,25478.48,195,195,0,2026-07-08 05:00:00+00:00,2026-07-08 07:00:00+02:00
1783487100,25477.98,25477.98,25463.57,25470.03,145,195,0,2026-07-08 05:05:00+00:00,2026-07-08 07:05:00+02:00
1783487400,25469.54,25476.0,25459.1,25461.09,184,195,0,2026-07-08 05:10:00+00:00,2026-07-08 07:10:00+02:00
1783487700,25461.59,25462.58,25445.18,25449.66,72,195,0,2026-07-08 05:15:00+00:00,2026-07-08 07:15:00+02:00
1783488000,25447.17,25461.1,25446.67,25455.13,89,195,0,2026-07-08 05:20:00+00:00,2026-07-08 07:20:00+02:00
1783488300,25456.63,25473.04,25448.09,25455.14,150,195,0,2026-07-08 05:25:00+00:00,2026-07-08 07:25:00+02:00
1783488600,25453.65,25456.63,25443.21,25448.68,105,195,0,2026-07-08 05:30:00+00:00,2026-07-08 07:30:00+02:00
1783488900,25448.18,25459.63,25448.18,25458.63,82,195,0,2026-07-08 05:35:00+00:00,2026-07-08 07:35:00+02:00
1783489200,25457.14,25471.57,25456.65,25471.57,92,195,0,2026-07-08 05:40:00+00:00,2026-07-08 07:40:00+02:00
1783489500,25470.08,25477.05,25464.12,25470.58,121,195,0,2026-07-08 05:45:00+00:00,2026-07-08 07:45:00+02:00
1783489800,25471.08,25472.08,25448.71,25451.69,107,195,0,2026-07-08 05:50:00+00:00,2026-07-08 07:50:00+02:00
1783490100,25452.19,25466.12,25447.72,25465.13,69,195,0,2026-07-08 05:55:00+00:00,2026-07-08 07:55:00+02:00
1783490400,25464.63,25479.05,25464.63,25470.11,103,195,0,2026-07-08 06:00:00+00:00,2026-07-08 08:00:00+02:00
1783490700,25471.1,25472.59,25448.14,25461.66,85,195,0,2026-07-08 06:05:00+00:00,2026-07-08 08:05:00+02:00
1783491000,25462.16,25475.09,25459.17,25471.11,79,195,0,2026-07-08 06:10:00+00:00,2026-07-08 08:10:00+02:00
1783491300,25470.62,25481.56,25464.66,25464.66,73,195,0,2026-07-08 06:15:00+00:00,2026-07-08 08:15:00+02:00
1783491600,25462.67,25474.11,25455.62,25473.61,31,195,0,2026-07-08 06:20:00+00:00,2026-07-08 08:20:00+02:00
1783491900,25474.11,25487.04,25470.05,25482.07,83,195,0,2026-07-08 06:25:00+00:00,2026-07-08 08:25:00+02:00
1783492200,25484.06,25489.04,25465.59,25479.59,102,195,0,2026-07-08 06:30:00+00:00,2026-07-08 08:30:00+02:00
1783492500,25480.09,25486.06,25465.09,25479.6,92,195,0,2026-07-08 06:35:00+00:00,2026-07-08 08:35:00+02:00
1783492800,25477.11,25480.6,25472.64,25479.61,49,195,0,2026-07-08 06:40:00+00:00,2026-07-08 08:40:00+02:00
1783493100,25477.12,25482.1,25468.08,25479.12,66,195,0,2026-07-08 06:45:00+00:00,2026-07-08 08:45:00+02:00
1783493400,25480.11,25485.58,25463.62,25479.62,102,195,0,2026-07-08 06:50:00+00:00,2026-07-08 08:50:00+02:00
1783493700,25477.63,25479.12,25472.16,25475.15,72,195,0,2026-07-08 06:55:00+00:00,2026-07-08 08:55:00+02:00
1783494000,25476.64,25476.64,25456.26,25460.24,48,195,0,2026-07-08 07:00:00+00:00,2026-07-08 09:00:00+02:00
1783494300,25459.74,25469.69,25457.26,25465.22,135,195,0,2026-07-08 07:05:00+00:00,2026-07-08 09:05:00+02:00
1783494600,25463.23,25465.72,25453.79,25458.26,72,195,0,2026-07-08 07:10:00+00:00,2026-07-08 09:10:00+02:00
1783494900,25459.26,25462.25,25455.28,25458.27,77,195,0,2026-07-08 07:15:00+00:00,2026-07-08 09:15:00+02:00
1783495200,25458.77,25479.16,25456.78,25476.18,77,195,0,2026-07-08 07:20:00+00:00,2026-07-08 09:20:00+02:00
1783495500,25478.17,25478.17,25462.26,25466.24,77,195,0,2026-07-08 07:25:00+00:00,2026-07-08 09:25:00+02:00
1783495800,25467.23,25469.72,25452.82,25455.8,73,195,0,2026-07-08 07:30:00+00:00,2026-07-08 09:30:00+02:00
1783496100,25456.3,25461.77,25448.85,25452.33,99,195,0,2026-07-08 07:35:00+00:00,2026-07-08 09:35:00+02:00
1783496400,25452.83,25461.28,25452.33,25458.3,67,195,0,2026-07-08 07:40:00+00:00,2026-07-08 09:40:00+02:00
1783496700,25457.31,25462.78,25450.35,25454.33,157,195,0,2026-07-08 07:45:00+00:00,2026-07-08 09:45:00+02:00
1783497000,25453.83,25455.33,25444.39,25444.89,35,195,0,2026-07-08 07:50:00+00:00,2026-07-08 09:50:00+02:00
1783497300,25443.89,25460.31,25434.94,25459.32,162,195,0,2026-07-08 07:55:00+00:00,2026-07-08 09:55:00+02:00
1783497600,25459.81,25471.75,25453.35,25460.32,123,195,0,2026-07-08 08:00:00+00:00,2026-07-08 10:00:00+02:00
1783497900,25461.81,25473.25,25461.81,25466.79,61,195,0,2026-07-08 08:05:00+00:00,2026-07-08 10:05:00+02:00
1783498200,25465.8,25465.8,25451.88,25453.37,146,195,0,2026-07-08 08:10:00+00:00,2026-07-08 10:10:00+02:00
1783498500,25453.87,25462.82,25440.94,25451.39,175,195,0,2026-07-08 08:15:00+00:00,2026-07-08 10:15:00+02:00
1783498800,25452.38,25456.36,25443.43,25444.43,150,195,0,2026-07-08 08:20:00+00:00,2026-07-08 10:20:00+02:00
1783499100,25443.93,25451.39,25439.46,25442.45,101,195,0,2026-07-08 08:25:00+00:00,2026-07-08 10:25:00+02:00
1783499400,25441.95,25442.95,25415.6,25432.01,140,195,0,2026-07-08 08:30:00+00:00,2026-07-08 10:30:00+02:00
1783499700,25428.53,25437.49,25428.03,25435.5,185,195,0,2026-07-08 08:35:00+00:00,2026-07-08 10:35:00+02:00
1783500000,25434.5,25447.94,25428.05,25430.53,179,195,0,2026-07-08 08:40:00+00:00,2026-07-08 10:40:00+02:00
1783500300,25431.53,25435.01,25412.64,25415.62,137,195,0,2026-07-08 08:45:00+00:00,2026-07-08 10:45:00+02:00
1783500600,25414.62,25421.59,25402.2,25407.67,184,195,0,2026-07-08 08:50:00+00:00,2026-07-08 10:50:00+02:00
1783500900,25408.66,25420.6,25406.68,25414.14,123,195,0,2026-07-08 08:55:00+00:00,2026-07-08 10:55:00+02:00
1783501200,25413.64,25418.62,25374.99,25377.47,221,195,0,2026-07-08 09:00:00+00:00,2026-07-08 11:00:00+02:00
1783501500,25375.98,25390.24,25366.04,25388.25,251,195,0,2026-07-08 09:05:00+00:00,2026-07-08 11:05:00+02:00
1783501800,25388.75,25393.72,25363.88,25370.85,153,195,0,2026-07-08 09:10:00+00:00,2026-07-08 11:10:00+02:00
1783502100,25371.84,25385.92,25368.86,25384.43,127,195,0,2026-07-08 09:15:00+00:00,2026-07-08 11:15:00+02:00
1783502400,25380.95,25397.37,25370.01,25396.87,144,195,0,2026-07-08 09:20:00+00:00,2026-07-08 11:20:00+02:00
1783502700,25396.37,25403.34,25385.33,25389.31,155,195,0,2026-07-08 09:25:00+00:00,2026-07-08 11:25:00+02:00
1783503000,25386.82,25394.78,25356.35,25359.33,185,195,0,2026-07-08 09:30:00+00:00,2026-07-08 11:30:00+02:00
1783503300,25356.84,25356.84,25339.49,25341.43,156,195,0,2026-07-08 09:35:00+00:00,2026-07-08 11:35:00+02:00
1783503600,25341.93,25355.96,25335.52,25337.51,139,195,0,2026-07-08 09:40:00+00:00,2026-07-08 11:40:00+02:00
1783503900,25337.01,25337.51,25302.7,25317.62,258,195,0,2026-07-08 09:45:00+00:00,2026-07-08 11:45:00+02:00
1783504200,25318.62,25335.53,25317.62,25325.94,219,195,0,2026-07-08 09:50:00+00:00,2026-07-08 11:50:00+02:00
1783504500,25324.95,25334.0,25294.62,25311.53,268,195,0,2026-07-08 09:55:00+00:00,2026-07-08 11:55:00+02:00
1783504800,25312.52,25334.0,25222.51,25236.94,869,195,0,2026-07-08 10:00:00+00:00,2026-07-08 12:00:00+02:00
1783505100,25236.44,25241.44,25179.93,25192.95,826,195,0,2026-07-08 10:05:00+00:00,2026-07-08 12:05:00+02:00
1783505400,25193.45,25227.71,25180.05,25211.86,695,195,0,2026-07-08 10:10:00+00:00,2026-07-08 12:10:00+02:00
1783505700,25212.36,25231.12,25156.52,25159.99,733,195,0,2026-07-08 10:15:00+00:00,2026-07-08 12:15:00+02:00
1783506000,25160.49,25190.21,25150.1,25181.81,691,195,0,2026-07-08 10:20:00+00:00,2026-07-08 12:20:00+02:00
1783506300,25182.3,25199.66,25162.37,25199.15,680,195,0,2026-07-08 10:25:00+00:00,2026-07-08 12:25:00+02:00
1783506600,25198.16,25229.84,25196.55,25214.94,661,195,0,2026-07-08 10:30:00+00:00,2026-07-08 12:30:00+02:00
1783506900,25215.94,25216.44,25183.05,25185.05,624,195,0,2026-07-08 10:35:00+00:00,2026-07-08 12:35:00+02:00
1783507200,25185.56,25210.27,25185.56,25209.28,525,195,0,2026-07-08 10:40:00+00:00,2026-07-08 12:40:00+02:00
1783507500,25208.78,25225.16,25202.37,25223.04,534,195,0,2026-07-08 10:45:00+00:00,2026-07-08 12:45:00+02:00
1783507800,25222.54,25227.5,25187.29,25198.61,464,195,0,2026-07-08 10:50:00+00:00,2026-07-08 12:50:00+02:00
1783508100,25197.12,25208.47,25182.22,25196.6,443,195,0,2026-07-08 10:55:00+00:00,2026-07-08 12:55:00+02:00
1783508400,25197.6,25203.55,25173.81,25174.33,600,195,0,2026-07-08 11:00:00+00:00,2026-07-08 13:00:00+02:00
1783508700,25175.82,25192.11,25161.86,25182.17,549,195,0,2026-07-08 11:05:00+00:00,2026-07-08 13:05:00+02:00
1783509000,25182.67,25200.43,25158.8,25167.69,580,195,0,2026-07-08 11:10:00+00:00,2026-07-08 13:10:00+02:00
1783509300,25167.2,25177.68,25009.59,25071.44,1224,195,0,2026-07-08 11:15:00+00:00,2026-07-08 13:15:00+02:00
1783509600,25070.95,25088.68,25016.1,25021.54,1070,195,0,2026-07-08 11:20:00+00:00,2026-07-08 13:20:00+02:00
1783509900,25022.04,25026.51,24973.25,24979.99,1063,195,0,2026-07-08 11:25:00+00:00,2026-07-08 13:25:00+02:00
1783510200,24980.49,24985.39,24944.7,24955.25,1026,195,0,2026-07-08 11:30:00+00:00,2026-07-08 13:30:00+02:00
1783510500,24955.74,24962.69,24917.63,24922.22,914,195,0,2026-07-08 11:35:00+00:00,2026-07-08 13:35:00+02:00
1783510800,24921.72,24933.68,24896.79,24911.91,986,195,0,2026-07-08 11:40:00+00:00,2026-07-08 13:40:00+02:00
1783511100,24911.41,24930.32,24889.9,24898.34,907,195,0,2026-07-08 11:45:00+00:00,2026-07-08 13:45:00+02:00
1783511400,24898.84,24921.54,24881.5,24891.19,850,195,0,2026-07-08 11:50:00+00:00,2026-07-08 13:50:00+02:00
1783511700,24891.68,24922.82,24888.2,24900.47,762,195,0,2026-07-08 11:55:00+00:00,2026-07-08 13:55:00+02:00
1783512000,24899.98,24903.96,24878.69,24901.09,832,195,0,2026-07-08 12:00:00+00:00,2026-07-08 14:00:00+02:00
1783512300,24901.59,24903.08,24853.21,24859.21,660,195,0,2026-07-08 12:05:00+00:00,2026-07-08 14:05:00+02:00
1783512600,24861.69,24877.41,24828.08,24828.08,720,195,0,2026-07-08 12:10:00+00:00,2026-07-08 14:10:00+02:00
1783512900,24828.58,24856.36,24825.29,24841.09,787,195,0,2026-07-08 12:15:00+00:00,2026-07-08 14:15:00+02:00
1783513200,24840.1,24872.68,24837.12,24848.84,777,195,0,2026-07-08 12:20:00+00:00,2026-07-08 14:20:00+02:00
1783513500,24846.85,24876.24,24837.86,24867.74,668,195,0,2026-07-08 12:25:00+00:00,2026-07-08 14:25:00+02:00
1783513800,24867.24,24898.19,24842.88,24895.7,644,195,0,2026-07-08 12:30:00+00:00,2026-07-08 14:30:00+02:00
1783514100,24895.21,24919.02,24871.65,24888.18,650,195,0,2026-07-08 12:35:00+00:00,2026-07-08 14:35:00+02:00
1783514400,24887.69,24888.71,24844.48,24875.34,650,195,0,2026-07-08 12:40:00+00:00,2026-07-08 14:40:00+02:00
1783514700,24873.85,24886.07,24857.77,24876.14,591,195,0,2026-07-08 12:45:00+00:00,2026-07-08 14:45:00+02:00
1783515000,24877.14,24895.62,24863.68,24877.2,637,195,0,2026-07-08 12:50:00+00:00,2026-07-08 14:50:00+02:00
1783515300,24877.69,24879.19,24848.92,24855.47,652,195,0,2026-07-08 12:55:00+00:00,2026-07-08 14:55:00+02:00
1783515600,24855.96,24864.92,24833.77,24849.04,571,195,0,2026-07-08 13:00:00+00:00,2026-07-08 15:00:00+02:00
1783515900,24848.54,24867.19,24836.29,24866.19,553,195,0,2026-07-08 13:05:00+00:00,2026-07-08 15:05:00+02:00
1783516200,24864.69,24869.95,24840.3,24863.55,605,195,0,2026-07-08 13:10:00+00:00,2026-07-08 15:10:00+02:00
1783516500,24864.55,24877.71,24853.15,24877.68,561,195,0,2026-07-08 13:15:00+00:00,2026-07-08 15:15:00+02:00
1783516800,24878.68,24896.46,24872.99,24879.03,601,195,0,2026-07-08 13:20:00+00:00,2026-07-08 15:20:00+02:00
1783517100,24878.53,24888.0,24865.27,24882.74,531,195,0,2026-07-08 13:25:00+00:00,2026-07-08 15:25:00+02:00
1783517400,24882.24,24920.81,24872.3,24920.81,637,195,0,2026-07-08 13:30:00+00:00,2026-07-08 15:30:00+02:00
1783517700,24920.31,24959.34,24920.31,24951.88,648,195,0,2026-07-08 13:35:00+00:00,2026-07-08 15:35:00+02:00
1783518000,24952.38,24959.86,24938.69,24951.11,483,195,0,2026-07-08 13:40:00+00:00,2026-07-08 15:40:00+02:00
1783518300,24950.61,24955.54,24919.57,24924.05,473,195,0,2026-07-08 13:45:00+00:00,2026-07-08 15:45:00+02:00
1783518600,24924.55,24944.07,24918.29,24940.05,497,195,0,2026-07-08 13:50:00+00:00,2026-07-08 15:50:00+02:00
1783518900,24940.55,24947.93,24931.33,24935.62,522,195,0,2026-07-08 13:55:00+00:00,2026-07-08 15:55:00+02:00
1783519200,24934.63,24938.11,24911.25,24926.18,533,195,0,2026-07-08 14:00:00+00:00,2026-07-08 16:00:00+02:00
1783519500,24925.68,24954.54,24924.7,24931.17,490,195,0,2026-07-08 14:05:00+00:00,2026-07-08 16:05:00+02:00
1783519800,24932.16,24943.05,24929.76,24937.06,447,195,0,2026-07-08 14:10:00+00:00,2026-07-08 16:10:00+02:00
1783520100,24937.56,24938.16,24915.66,24929.25,432,195,0,2026-07-08 14:15:00+00:00,2026-07-08 16:15:00+02:00
1783520400,24929.75,24929.75,24897.44,24902.5,388,195,0,2026-07-08 14:20:00+00:00,2026-07-08 16:20:00+02:00
1783520700,24903.49,24929.74,24901.05,24929.23,412,195,0,2026-07-08 14:25:00+00:00,2026-07-08 16:25:00+02:00
1783521000,24929.73,24943.9,24910.7,24942.38,427,195,0,2026-07-08 14:30:00+00:00,2026-07-08 16:30:00+02:00
1783521300,24941.88,24956.68,24922.33,24928.19,475,195,0,2026-07-08 14:35:00+00:00,2026-07-08 16:35:00+02:00
1783521600,24928.69,25080.36,24927.16,25005.52,711,195,0,2026-07-08 14:40:00+00:00,2026-07-08 16:40:00+02:00
1783521900,25006.02,25021.54,24996.34,24998.33,757,195,0,2026-07-08 14:45:00+00:00,2026-07-08 16:45:00+02:00
1783522200,24999.33,25005.09,24978.13,24996.08,510,195,0,2026-07-08 14:50:00+00:00,2026-07-08 16:50:00+02:00
1783522500,24996.58,25009.51,24986.7,24992.4,479,195,0,2026-07-08 14:55:00+00:00,2026-07-08 16:55:00+02:00
1783522800,24991.41,24992.9,24957.83,24968.16,527,195,0,2026-07-08 15:00:00+00:00,2026-07-08 17:00:00+02:00
1783523100,24968.66,25019.22,24968.16,25014.53,590,195,0,2026-07-08 15:05:00+00:00,2026-07-08 17:05:00+02:00
1783523400,25015.03,25037.48,25012.52,25018.41,528,195,0,2026-07-08 15:10:00+00:00,2026-07-08 17:10:00+02:00
1783523700,25018.91,25040.09,25010.47,25027.77,506,195,0,2026-07-08 15:15:00+00:00,2026-07-08 17:15:00+02:00
1783524000,25027.28,25027.79,25000.47,25000.98,443,195,0,2026-07-08 15:20:00+00:00,2026-07-08 17:20:00+02:00
1783524300,25000.48,25024.1,24992.61,25020.16,391,195,0,2026-07-08 15:25:00+00:00,2026-07-08 17:25:00+02:00
1783524600,25019.17,25034.51,25014.16,25024.49,336,195,0,2026-07-08 15:30:00+00:00,2026-07-08 17:30:00+02:00
1783524900,25024.99,25051.56,25024.97,25040.62,379,195,0,2026-07-08 15:35:00+00:00,2026-07-08 17:35:00+02:00
1783525200,25039.63,25041.63,25024.26,25039.38,382,195,0,2026-07-08 15:40:00+00:00,2026-07-08 17:40:00+02:00
1783525500,25038.88,25047.29,25030.86,25036.06,374,195,0,2026-07-08 15:45:00+00:00,2026-07-08 17:45:00+02:00
1783525800,25036.55,25051.26,25028.69,25040.37,429,195,0,2026-07-08 15:50:00+00:00,2026-07-08 17:50:00+02:00
1783526100,25039.88,25059.42,24995.28,24996.28,724,195,0,2026-07-08 15:55:00+00:00,2026-07-08 17:55:00+02:00
1783526400,24995.78,25032.44,24991.28,25032.43,641,195,0,2026-07-08 16:00:00+00:00,2026-07-08 18:00:00+02:00
1783526700,25032.93,25032.93,25000.92,25028.24,598,195,0,2026-07-08 16:05:00+00:00,2026-07-08 18:05:00+02:00
1783527000,25028.23,25057.84,25019.27,25050.4,517,195,0,2026-07-08 16:10:00+00:00,2026-07-08 18:10:00+02:00
1783527300,25051.4,25053.88,25023.42,25023.93,481,195,0,2026-07-08 16:15:00+00:00,2026-07-08 18:15:00+02:00
1783527600,25023.43,25025.92,25008.69,25015.63,413,195,0,2026-07-08 16:20:00+00:00,2026-07-08 18:20:00+02:00
1783527900,25014.63,25015.62,24964.13,24970.14,673,195,0,2026-07-08 16:25:00+00:00,2026-07-08 18:25:00+02:00
1783528200,24972.13,25018.18,24972.13,25004.9,1089,195,0,2026-07-08 16:30:00+00:00,2026-07-08 18:30:00+02:00
1783528500,25005.4,25027.25,24989.49,25024.26,964,195,0,2026-07-08 16:35:00+00:00,2026-07-08 18:35:00+02:00
1783528800,25025.26,25064.28,25024.76,25055.87,902,195,0,2026-07-08 16:40:00+00:00,2026-07-08 18:40:00+02:00
1783529100,25056.86,25082.18,25040.86,25043.82,864,195,0,2026-07-08 16:45:00+00:00,2026-07-08 18:45:00+02:00
1783529400,25043.32,25062.01,25024.77,25025.27,900,195,0,2026-07-08 16:50:00+00:00,2026-07-08 18:50:00+02:00
1783529700,25024.27,25046.14,25012.86,25034.66,910,195,0,2026-07-08 16:55:00+00:00,2026-07-08 18:55:00+02:00
1783530000,25034.17,25037.15,25011.48,25031.44,871,195,0,2026-07-08 17:00:00+00:00,2026-07-08 19:00:00+02:00
1783530300,25031.94,25054.52,25014.77,25029.13,788,195,0,2026-07-08 17:05:00+00:00,2026-07-08 19:05:00+02:00
1783530600,25029.63,25033.61,25002.74,25007.27,781,195,0,2026-07-08 17:10:00+00:00,2026-07-08 19:10:00+02:00
1783530900,25007.77,25009.26,24976.43,24992.26,887,195,0,2026-07-08 17:15:00+00:00,2026-07-08 19:15:00+02:00
1783531200,24991.76,25029.63,24990.26,25021.81,835,195,0,2026-07-08 17:20:00+00:00,2026-07-08 19:20:00+02:00
1783531500,25022.31,25034.6,24973.42,24983.81,877,195,0,2026-07-08 17:25:00+00:00,2026-07-08 19:25:00+02:00
1783531800,24982.81,24991.78,24954.02,24970.51,827,195,0,2026-07-08 17:30:00+00:00,2026-07-08 19:30:00+02:00
1783532100,24968.52,24973.49,24943.74,24960.54,840,195,0,2026-07-08 17:35:00+00:00,2026-07-08 19:35:00+02:00
1783532400,24959.55,24970.45,24950.02,24961.36,685,195,0,2026-07-08 17:40:00+00:00,2026-07-08 19:40:00+02:00
1783532700,24961.86,24962.35,24931.17,24931.17,741,195,0,2026-07-08 17:45:00+00:00,2026-07-08 19:45:00+02:00
1783533000,24932.66,24960.73,24930.2,24943.54,733,195,0,2026-07-08 17:50:00+00:00,2026-07-08 19:50:00+02:00
1783533300,24942.05,24957.98,24934.29,24943.18,650,195,0,2026-07-08 17:55:00+00:00,2026-07-08 19:55:00+02:00
1783533600,24942.19,24948.65,24916.46,24933.93,716,195,0,2026-07-08 18:00:00+00:00,2026-07-08 20:00:00+02:00
1783533900,24932.43,24945.44,24913.99,24915.97,646,195,0,2026-07-08 18:05:00+00:00,2026-07-08 20:05:00+02:00
1783534200,24915.47,24916.97,24881.02,24886.88,590,195,0,2026-07-08 18:10:00+00:00,2026-07-08 20:10:00+02:00
1783534500,24887.87,24897.29,24864.1,24878.03,659,195,0,2026-07-08 18:15:00+00:00,2026-07-08 20:15:00+02:00
1783534800,24877.53,24888.88,24857.66,24864.15,596,195,0,2026-07-08 18:20:00+00:00,2026-07-08 20:20:00+02:00
1783535100,24865.15,24874.67,24847.78,24859.21,634,195,0,2026-07-08 18:25:00+00:00,2026-07-08 20:25:00+02:00
1783535400,24860.21,24906.46,24859.74,24903.97,781,195,0,2026-07-08 18:30:00+00:00,2026-07-08 20:30:00+02:00
1783535700,24902.97,24917.9,24886.06,24902.48,609,195,0,2026-07-08 18:35:00+00:00,2026-07-08 20:35:00+02:00
1783536000,24902.98,24915.47,24902.48,24911.54,500,195,0,2026-07-08 18:40:00+00:00,2026-07-08 20:40:00+02:00
1783536300,24911.04,24911.54,24888.16,24891.15,535,195,0,2026-07-08 18:45:00+00:00,2026-07-08 20:45:00+02:00
1783536600,24892.14,24892.65,24877.22,24892.65,408,195,0,2026-07-08 18:50:00+00:00,2026-07-08 20:50:00+02:00
1783536900,24892.15,24901.11,24887.63,24892.61,420,195,0,2026-07-08 18:55:00+00:00,2026-07-08 20:55:00+02:00
1783537200,24893.6,24910.02,24888.13,24907.54,420,195,0,2026-07-08 19:00:00+00:00,2026-07-08 21:00:00+02:00
1783537500,24908.03,24926.99,24907.04,24924.5,449,195,0,2026-07-08 19:05:00+00:00,2026-07-08 21:05:00+02:00
1783537800,24923.51,24944.9,24923.51,24940.38,435,195,0,2026-07-08 19:10:00+00:00,2026-07-08 21:10:00+02:00
1783538100,24940.88,24957.29,24938.39,24953.86,421,195,0,2026-07-08 19:15:00+00:00,2026-07-08 21:15:00+02:00
1783538400,24954.36,24969.24,24949.88,24963.77,416,195,0,2026-07-08 19:20:00+00:00,2026-07-08 21:20:00+02:00
1783538700,24963.27,24971.23,24957.31,24961.79,394,195,0,2026-07-08 19:25:00+00:00,2026-07-08 21:25:00+02:00
1783539000,24961.29,24980.19,24955.32,24957.32,472,195,0,2026-07-08 19:30:00+00:00,2026-07-08 21:30:00+02:00
1783539300,24958.31,24979.7,24942.9,24975.73,532,195,0,2026-07-08 19:35:00+00:00,2026-07-08 21:35:00+02:00
1783539600,24975.23,25012.04,24965.78,24997.12,745,195,0,2026-07-08 19:40:00+00:00,2026-07-08 21:40:00+02:00
1783539900,24998.61,25004.09,24988.17,24999.12,425,195,0,2026-07-08 19:45:00+00:00,2026-07-08 21:45:00+02:00
1783540200,24999.62,25002.6,24987.68,24996.14,378,195,0,2026-07-08 19:50:00+00:00,2026-07-08 21:50:00+02:00
1783540500,24996.64,25010.07,24993.65,25004.11,301,195,0,2026-07-08 19:55:00+00:00,2026-07-08 21:55:00+02:00
1783540800,25004.6,25004.6,24991.17,24998.14,317,195,0,2026-07-08 20:00:00+00:00,2026-07-08 22:00:00+02:00
1783541100,24997.15,25010.08,24990.19,24991.18,296,195,0,2026-07-08 20:05:00+00:00,2026-07-08 22:05:00+02:00
1783541400,24990.69,24991.18,24975.77,24976.27,265,195,0,2026-07-08 20:10:00+00:00,2026-07-08 22:10:00+02:00
1783541700,24974.28,24995.67,24973.78,24994.68,253,195,0,2026-07-08 20:15:00+00:00,2026-07-08 22:15:00+02:00
1783542000,24994.18,25010.6,24992.19,25008.12,281,195,0,2026-07-08 20:20:00+00:00,2026-07-08 22:20:00+02:00
1783542300,25007.62,25013.09,24999.16,25007.13,262,195,0,2026-07-08 20:25:00+00:00,2026-07-08 22:25:00+02:00
1783542600,25007.62,25014.09,24996.19,25004.65,251,195,0,2026-07-08 20:30:00+00:00,2026-07-08 22:30:00+02:00
1783542900,25002.66,25011.12,24999.67,25007.64,240,195,0,2026-07-08 20:35:00+00:00,2026-07-08 22:35:00+02:00
1783543200,25007.64,25008.14,24997.19,25000.68,213,195,0,2026-07-08 20:40:00+00:00,2026-07-08 22:40:00+02:00
1783543500,25001.18,25001.18,24985.27,24988.75,244,195,0,2026-07-08 20:45:00+00:00,2026-07-08 22:45:00+02:00
1783543800,24988.25,25004.67,24988.25,24996.22,289,195,0,2026-07-08 20:50:00+00:00,2026-07-08 22:50:00+02:00
1783544100,24995.72,24995.72,24977.81,24985.78,230,195,0,2026-07-08 20:55:00+00:00,2026-07-08 22:55:00+02:00
1783544400,24985.28,25019.11,24973.84,25010.65,476,195,0,2026-07-08 21:00:00+00:00,2026-07-08 23:00:00+02:00
1783544700,25011.15,25013.64,24998.72,25009.66,328,195,0,2026-07-08 21:05:00+00:00,2026-07-08 23:05:00+02:00
1783545000,25009.17,25017.13,25001.21,25012.16,249,195,0,2026-07-08 21:10:00+00:00,2026-07-08 23:10:00+02:00
1783545300,25012.66,25014.15,25000.72,25008.18,320,195,0,2026-07-08 21:15:00+00:00,2026-07-08 23:15:00+02:00
1783545600,25007.69,25011.67,25000.23,25003.71,299,195,0,2026-07-08 21:20:00+00:00,2026-07-08 23:20:00+02:00
1783545900,25004.71,25014.66,25001.23,25004.72,235,195,0,2026-07-08 21:25:00+00:00,2026-07-08 23:25:00+02:00
1783546200,25003.22,25004.22,24987.31,24992.29,345,195,0,2026-07-08 21:30:00+00:00,2026-07-08 23:30:00+02:00
1783546500,24992.78,25009.2,24986.81,25006.22,355,195,0,2026-07-08 21:35:00+00:00,2026-07-08 23:35:00+02:00
1783546800,25005.72,25007.72,24997.77,25007.72,248,195,0,2026-07-08 21:40:00+00:00,2026-07-08 23:40:00+02:00
1783547100,25007.22,25012.2,25001.26,25011.21,243,195,0,2026-07-08 21:45:00+00:00,2026-07-08 23:45:00+02:00
1783547400,25010.71,25015.19,25004.75,25008.23,249,195,0,2026-07-08 21:50:00+00:00,2026-07-08 23:50:00+02:00
1783547700,25007.73,25012.71,25002.26,25011.72,173,195,0,2026-07-08 21:55:00+00:00,2026-07-08 23:55:00+02:00
1783548000,25011.22,25021.17,25006.75,25011.72,260,195,0,2026-07-08 22:00:00+00:00,2026-07-09 00:00:00+02:00
1783548300,25012.22,25019.19,25003.77,25018.2,246,195,0,2026-07-08 22:05:00+00:00,2026-07-09 00:05:00+02:00
1783548600,25018.69,25018.69,25007.76,25007.76,209,195,0,2026-07-08 22:10:00+00:00,2026-07-09 00:10:00+02:00
1783548900,25008.25,25016.22,25005.77,25010.25,191,195,0,2026-07-08 22:15:00+00:00,2026-07-09 00:15:00+02:00
1783549200,25010.75,25016.72,25010.25,25015.23,173,195,0,2026-07-08 22:20:00+00:00,2026-07-09 00:20:00+02:00
1783549500,25016.22,25019.21,25011.75,25016.23,166,195,0,2026-07-08 22:25:00+00:00,2026-07-09 00:25:00+02:00
1783549800,25016.73,25020.71,25005.79,25007.28,271,195,0,2026-07-08 22:30:00+00:00,2026-07-09 00:30:00+02:00
1783550100,25007.78,25016.24,25002.81,25002.81,210,195,0,2026-07-08 22:35:00+00:00,2026-07-09 00:35:00+02:00
1783550400,25002.32,25011.77,24998.34,25009.29,217,195,0,2026-07-08 22:40:00+00:00,2026-07-09 00:40:00+02:00
1783550700,25010.28,25010.78,24982.93,24992.38,342,195,0,2026-07-08 22:45:00+00:00,2026-07-09 00:45:00+02:00
1783551000,24992.88,25010.29,24990.39,25001.34,351,195,0,2026-07-08 22:50:00+00:00,2026-07-09 00:50:00+02:00
1783551300,25002.83,25019.75,24997.86,25012.79,371,195,0,2026-07-08 22:55:00+00:00,2026-07-09 00:55:00+02:00
1783551600,25014.78,25014.78,25000.09,25008.23,301,195,0,2026-07-08 23:00:00+00:00,2026-07-09 01:00:00+02:00
1783551900,25007.36,25010.56,25003.58,25007.07,215,840,0,2026-07-08 23:05:00+00:00,2026-07-09 01:05:00+02:00
1783552200,25006.49,25006.49,24993.12,25003.59,219,840,0,2026-07-08 23:10:00+00:00,2026-07-09 01:10:00+02:00
1783552500,25003.01,25003.01,24989.92,24990.8,240,840,0,2026-07-08 23:15:00+00:00,2026-07-09 01:15:00+02:00
1783552800,24990.22,24991.96,24987.89,24989.64,132,840,0,2026-07-08 23:20:00+00:00,2026-07-09 01:20:00+02:00
1783553100,24989.06,24990.23,24986.74,24989.65,108,840,0,2026-07-08 23:25:00+00:00,2026-07-09 01:25:00+02:00
1783553400,24989.36,24991.4,24976.86,24978.9,164,840,0,2026-07-08 23:30:00+00:00,2026-07-09 01:30:00+02:00
1783553700,24978.6,24979.19,24964.59,24973.61,238,840,0,2026-07-08 23:35:00+00:00,2026-07-09 01:35:00+02:00
1783554000,24974.19,24984.09,24973.03,24977.11,213,840,0,2026-07-08 23:40:00+00:00,2026-07-09 01:40:00+02:00
1783554300,24977.69,24982.35,24975.94,24978.86,152,840,0,2026-07-08 23:45:00+00:00,2026-07-09 01:45:00+02:00
1783554600,24979.44,24991.1,24978.28,24987.03,131,840,0,2026-07-08 23:50:00+00:00,2026-07-09 01:50:00+02:00
1783554900,24986.45,24990.23,24981.8,24986.45,145,840,0,2026-07-08 23:55:00+00:00,2026-07-09 01:55:00+02:00
1783559100,25003.52,25006.15,24993.58,25000.31,224,840,0,2026-07-09 01:05:00+00:00,2026-07-09 03:05:00+02:00
1783559400,25000.6,25004.11,25000.01,25001.18,172,840,0,2026-07-09 01:10:00+00:00,2026-07-09 03:10:00+02:00
1783559700,25000.89,25005.86,24997.97,25001.18,169,840,0,2026-07-09 01:15:00+00:00,2026-07-09 03:15:00+02:00
1783560000,25000.89,25000.89,24996.21,24999.14,93,840,0,2026-07-09 01:20:00+00:00,2026-07-09 03:20:00+02:00
1783560300,24999.43,24999.43,24992.08,24996.47,181,840,0,2026-07-09 01:25:00+00:00,2026-07-09 03:25:00+02:00
1783560600,24996.76,25004.65,24991.79,25002.9,247,840,0,2026-07-09 01:30:00+00:00,2026-07-09 03:30:00+02:00
1783560900,25002.31,25003.19,24992.67,24994.13,156,840,0,2026-07-09 01:35:00+00:00,2026-07-09 03:35:00+02:00
1783561200,24994.42,24996.47,24990.91,24991.21,109,840,0,2026-07-09 01:40:00+00:00,2026-07-09 03:40:00+02:00
1783561500,24991.79,24994.42,24991.5,24993.84,71,840,0,2026-07-09 01:45:00+00:00,2026-07-09 03:45:00+02:00
1783561800,24994.13,24996.18,24990.04,24991.5,110,840,0,2026-07-09 01:50:00+00:00,2026-07-09 03:50:00+02:00
1783562100,24991.79,24996.35,24991.21,24995.18,94,840,0,2026-07-09 01:55:00+00:00,2026-07-09 03:55:00+02:00
1783562400,24994.88,24998.39,24994.59,24995.76,141,840,0,2026-07-09 02:00:00+00:00,2026-07-09 04:00:00+02:00
1783562700,24996.05,25003.65,24994.3,25001.61,127,840,0,2026-07-09 02:05:00+00:00,2026-07-09 04:05:00+02:00
1783563000,25001.9,25002.78,25000.73,25002.19,92,840,0,2026-07-09 02:10:00+00:00,2026-07-09 04:10:00+02:00
1783563300,25001.9,25002.48,24992.55,24992.55,134,840,0,2026-07-09 02:15:00+00:00,2026-07-09 04:15:00+02:00
1783563600,24992.25,24996.64,24989.04,24994.88,156,840,0,2026-07-09 02:20:00+00:00,2026-07-09 04:20:00+02:00
1783563900,24995.18,24998.1,24991.08,24998.1,167,840,0,2026-07-09 02:25:00+00:00,2026-07-09 04:25:00+02:00
1783564200,24997.51,25002.48,24991.67,25000.44,154,840,0,2026-07-09 02:30:00+00:00,2026-07-09 04:30:00+02:00
1783564500,25000.15,25009.21,24998.39,25000.15,225,840,0,2026-07-09 02:35:00+00:00,2026-07-09 04:35:00+02:00
1783564800,25000.44,25008.62,24998.98,25007.16,162,840,0,2026-07-09 02:40:00+00:00,2026-07-09 04:40:00+02:00
1783565100,25006.87,25013.59,25005.7,25010.12,373,840,0,2026-07-09 02:45:00+00:00,2026-07-09 04:45:00+02:00
1783565400,25010.71,25012.46,25006.61,25011.58,281,840,0,2026-07-09 02:50:00+00:00,2026-07-09 04:50:00+02:00
1783565700,25011.88,25018.31,25011.58,25015.38,267,840,0,2026-07-09 02:55:00+00:00,2026-07-09 04:55:00+02:00
1783566900,25025.2,25029.2,25004.03,25008.53,121,195,0,2026-07-09 03:15:00+00:00,2026-07-09 05:15:00+02:00
1783567200,25010.03,25033.53,25008.03,25028.53,150,195,0,2026-07-09 03:20:00+00:00,2026-07-09 05:20:00+02:00
1783567500,25030.03,25049.53,25029.03,25041.03,114,195,0,2026-07-09 03:25:00+00:00,2026-07-09 05:25:00+02:00
1783567800,25039.03,25054.53,25032.03,25037.53,178,195,0,2026-07-09 03:30:00+00:00,2026-07-09 05:30:00+02:00
1783568100,25036.03,25048.53,25029.03,25043.53,163,195,0,2026-07-09 03:35:00+00:00,2026-07-09 05:35:00+02:00
1783568400,25043.03,25043.03,25034.03,25039.53,108,195,0,2026-07-09 03:40:00+00:00,2026-07-09 05:40:00+02:00
1783568700,25038.53,25050.53,25036.53,25047.03,91,195,0,2026-07-09 03:45:00+00:00,2026-07-09 05:45:00+02:00
1783569000,25048.03,25048.53,25013.03,25014.03,132,195,0,2026-07-09 03:50:00+00:00,2026-07-09 05:50:00+02:00
1783569300,25015.03,25037.53,25015.03,25036.03,186,195,0,2026-07-09 03:55:00+00:00,2026-07-09 05:55:00+02:00
1783569600,25036.53,25037.03,25023.53,25025.53,211,195,0,2026-07-09 04:00:00+00:00,2026-07-09 06:00:00+02:00
1783569900,25025.53,25057.53,25024.03,25055.53,196,195,0,2026-07-09 04:05:00+00:00,2026-07-09 06:05:00+02:00
1783570200,25053.03,25056.03,25045.53,25048.53,185,195,0,2026-07-09 04:10:00+00:00,2026-07-09 06:10:00+02:00
1783570500,25045.53,25063.03,25040.03,25060.53,179,195,0,2026-07-09 04:15:00+00:00,2026-07-09 06:15:00+02:00
1783570800,25061.03,25068.03,25039.03,25041.03,159,195,0,2026-07-09 04:20:00+00:00,2026-07-09 06:20:00+02:00
1783571100,25040.53,25044.53,25030.53,25041.03,121,195,0,2026-07-09 04:25:00+00:00,2026-07-09 06:25:00+02:00
1783571400,25043.03,25046.53,25031.03,25042.53,165,195,0,2026-07-09 04:30:00+00:00,2026-07-09 06:30:00+02:00
1783571700,25043.03,25055.03,25041.53,25047.53,144,195,0,2026-07-09 04:35:00+00:00,2026-07-09 06:35:00+02:00
1783572000,25048.03,25054.03,25040.53,25051.53,123,195,0,2026-07-09 04:40:00+00:00,2026-07-09 06:40:00+02:00
1783572300,25052.03,25063.53,25049.53,25060.53,136,195,0,2026-07-09 04:45:00+00:00,2026-07-09 06:45:00+02:00
1783572600,25061.03,25061.03,25041.03,25041.03,143,195,0,2026-07-09 04:50:00+00:00,2026-07-09 06:50:00+02:00
1783572900,25037.03,25045.03,25032.03,25043.53,245,195,0,2026-07-09 04:55:00+00:00,2026-07-09 06:55:00+02:00
1783573200,25041.03,25048.53,25028.03,25041.53,241,195,0,2026-07-09 05:00:00+00:00,2026-07-09 07:00:00+02:00
1783573500,25040.03,25066.53,25040.03,25065.53,192,195,0,2026-07-09 05:05:00+00:00,2026-07-09 07:05:00+02:00
1783573800,25064.53,25076.03,25062.03,25075.03,140,195,0,2026-07-09 05:10:00+00:00,2026-07-09 07:10:00+02:00
1783574100,25074.53,25083.53,25068.03,25078.53,105,195,0,2026-07-09 05:15:00+00:00,2026-07-09 07:15:00+02:00
1783574400,25078.03,25086.03,25062.53,25062.53,146,195,0,2026-07-09 05:20:00+00:00,2026-07-09 07:20:00+02:00
1783574700,25064.53,25067.03,25052.53,25063.03,112,195,0,2026-07-09 05:25:00+00:00,2026-07-09 07:25:00+02:00
1783575000,25061.53,25071.03,25052.53,25056.53,165,195,0,2026-07-09 05:30:00+00:00,2026-07-09 07:30:00+02:00
1783575300,25055.53,25056.53,25039.03,25044.03,154,195,0,2026-07-09 05:35:00+00:00,2026-07-09 07:35:00+02:00
1783575600,25046.03,25046.03,25024.03,25024.03,84,195,0,2026-07-09 05:40:00+00:00,2026-07-09 07:40:00+02:00
1783575900,25025.53,25026.53,25007.03,25013.03,121,195,0,2026-07-09 05:45:00+00:00,2026-07-09 07:45:00+02:00
1783576200,25013.53,25016.03,25001.53,25007.53,157,195,0,2026-07-09 05:50:00+00:00,2026-07-09 07:50:00+02:00
1783576500,25010.03,25013.53,25002.53,25005.53,197,195,0,2026-07-09 05:55:00+00:00,2026-07-09 07:55:00+02:00
1783576800,25007.53,25009.03,24994.03,24995.03,144,195,0,2026-07-09 06:00:00+00:00,2026-07-09 08:00:00+02:00
1783577100,24995.53,25005.03,24987.53,24991.53,106,195,0,2026-07-09 06:05:00+00:00,2026-07-09 08:05:00+02:00
1783577400,24991.03,25000.03,24983.03,24998.53,165,195,0,2026-07-09 06:10:00+00:00,2026-07-09 08:10:00+02:00
1783577700,24997.53,25003.03,24992.03,25000.03,86,195,0,2026-07-09 06:15:00+00:00,2026-07-09 08:15:00+02:00
1783578000,25001.53,25011.03,24996.03,25010.03,142,195,0,2026-07-09 06:20:00+00:00,2026-07-09 08:20:00+02:00
1783578300,25009.03,25026.53,25009.03,25026.53,97,195,0,2026-07-09 06:25:00+00:00,2026-07-09 08:25:00+02:00
1783578600,25027.03,25046.53,25025.03,25040.53,175,195,0,2026-07-09 06:30:00+00:00,2026-07-09 08:30:00+02:00
1783578900,25041.03,25045.53,25036.03,25039.53,161,195,0,2026-07-09 06:35:00+00:00,2026-07-09 08:35:00+02:00
1783579200,25041.53,25050.53,25034.53,25050.03,147,195,0,2026-07-09 06:40:00+00:00,2026-07-09 08:40:00+02:00
1783579500,25049.03,25054.53,25044.53,25048.53,80,195,0,2026-07-09 06:45:00+00:00,2026-07-09 08:45:00+02:00
1783579800,25049.03,25051.03,25042.03,25051.03,138,195,0,2026-07-09 06:50:00+00:00,2026-07-09 08:50:00+02:00
1783580100,25048.03,25052.53,25046.53,25048.53,65,195,0,2026-07-09 06:55:00+00:00,2026-07-09 08:55:00+02:00
1783580400,25047.53,25057.53,25044.03,25050.03,124,195,0,2026-07-09 07:00:00+00:00,2026-07-09 09:00:00+02:00
1783580700,25050.53,25053.53,25045.03,25045.03,98,195,0,2026-07-09 07:05:00+00:00,2026-07-09 09:05:00+02:00
1783581000,25044.53,25050.03,25041.03,25047.03,77,195,0,2026-07-09 07:10:00+00:00,2026-07-09 09:10:00+02:00
1783581300,25047.53,25054.03,25040.03,25040.03,120,195,0,2026-07-09 07:15:00+00:00,2026-07-09 09:15:00+02:00
1783581600,25040.53,25044.03,25028.03,25028.03,71,195,0,2026-07-09 07:20:00+00:00,2026-07-09 09:20:00+02:00
1783581900,25029.03,25030.03,25021.03,25028.03,178,195,0,2026-07-09 07:25:00+00:00,2026-07-09 09:25:00+02:00
1783582200,25030.03,25054.53,25027.03,25047.53,198,195,0,2026-07-09 07:30:00+00:00,2026-07-09 09:30:00+02:00
1783582500,25045.03,25051.53,25040.03,25050.03,147,195,0,2026-07-09 07:35:00+00:00,2026-07-09 09:35:00+02:00
1783582800,25049.53,25053.03,25043.53,25051.03,94,195,0,2026-07-09 07:40:00+00:00,2026-07-09 09:40:00+02:00
1783583100,25050.03,25053.53,25043.03,25050.03,137,195,0,2026-07-09 07:45:00+00:00,2026-07-09 09:45:00+02:00
1783583400,25049.03,25060.53,25047.53,25059.53,120,195,0,2026-07-09 07:50:00+00:00,2026-07-09 09:50:00+02:00
1783583700,25060.03,25063.53,25054.03,25059.53,66,195,0,2026-07-09 07:55:00+00:00,2026-07-09 09:55:00+02:00
1783584000,25060.03,25068.53,25042.53,25045.03,74,195,0,2026-07-09 08:00:00+00:00,2026-07-09 10:00:00+02:00
1783584300,25043.53,25045.53,25028.03,25041.03,155,195,0,2026-07-09 08:05:00+00:00,2026-07-09 10:05:00+02:00
1783584600,25042.03,25084.03,25041.03,25070.03,304,195,0,2026-07-09 08:10:00+00:00,2026-07-09 10:10:00+02:00
1783584900,25068.53,25074.03,25041.03,25043.03,240,195,0,2026-07-09 08:15:00+00:00,2026-07-09 10:15:00+02:00
1783585200,25044.03,25044.53,25029.53,25037.53,126,195,0,2026-07-09 08:20:00+00:00,2026-07-09 10:20:00+02:00
1783585500,25036.53,25049.03,25036.53,25044.03,149,195,0,2026-07-09 08:25:00+00:00,2026-07-09 10:25:00+02:00
1783585800,25045.53,25058.03,25024.53,25058.03,257,195,0,2026-07-09 08:30:00+00:00,2026-07-09 10:30:00+02:00
1783586100,25057.53,25070.03,25055.53,25063.53,179,195,0,2026-07-09 08:35:00+00:00,2026-07-09 10:35:00+02:00
1783586400,25064.53,25067.53,25051.53,25066.03,262,195,0,2026-07-09 08:40:00+00:00,2026-07-09 10:40:00+02:00
1783586700,25065.03,25080.53,25063.03,25078.53,197,195,0,2026-07-09 08:45:00+00:00,2026-07-09 10:45:00+02:00
1783587000,25080.03,25091.53,25076.53,25089.03,76,195,0,2026-07-09 08:50:00+00:00,2026-07-09 10:50:00+02:00
1783587300,25088.03,25110.53,25082.53,25108.53,95,195,0,2026-07-09 08:55:00+00:00,2026-07-09 10:55:00+02:00
1783587600,25108.03,25110.03,25082.03,25087.03,223,195,0,2026-07-09 09:00:00+00:00,2026-07-09 11:00:00+02:00
1783587900,25086.53,25090.03,25074.53,25082.03,295,195,0,2026-07-09 09:05:00+00:00,2026-07-09 11:05:00+02:00
1783588200,25081.53,25096.03,25072.53,25090.53,229,195,0,2026-07-09 09:10:00+00:00,2026-07-09 11:10:00+02:00
1783588500,25090.03,25107.03,25086.03,25105.53,208,195,0,2026-07-09 09:15:00+00:00,2026-07-09 11:15:00+02:00
1783588800,25105.03,25116.53,25100.53,25109.53,197,195,0,2026-07-09 09:20:00+00:00,2026-07-09 11:20:00+02:00
1783589100,25108.03,25113.53,25091.03,25091.03,244,195,0,2026-07-09 09:25:00+00:00,2026-07-09 11:25:00+02:00
1783589400,25090.53,25096.03,25077.53,25083.03,335,195,0,2026-07-09 09:30:00+00:00,2026-07-09 11:30:00+02:00
1783589700,25083.53,25100.03,25083.53,25088.03,192,195,0,2026-07-09 09:35:00+00:00,2026-07-09 11:35:00+02:00
1783590000,25087.03,25089.53,25079.03,25085.53,126,195,0,2026-07-09 09:40:00+00:00,2026-07-09 11:40:00+02:00
1783590300,25084.53,25085.53,25059.53,25062.53,172,195,0,2026-07-09 09:45:00+00:00,2026-07-09 11:45:00+02:00
1783590600,25061.53,25085.03,25060.53,25078.53,187,195,0,2026-07-09 09:50:00+00:00,2026-07-09 11:50:00+02:00
1783590900,25079.03,25079.03,25053.53,25076.53,218,195,0,2026-07-09 09:55:00+00:00,2026-07-09 11:55:00+02:00
1783591200,25077.53,25126.53,25067.53,25067.53,893,195,0,2026-07-09 10:00:00+00:00,2026-07-09 12:00:00+02:00
1783591500,25068.53,25075.53,25043.03,25043.53,688,195,0,2026-07-09 10:05:00+00:00,2026-07-09 12:05:00+02:00
1783591800,25044.03,25063.53,25030.53,25047.03,576,195,0,2026-07-09 10:10:00+00:00,2026-07-09 12:10:00+02:00
1783592100,25046.03,25050.03,25011.53,25012.53,576,195,0,2026-07-09 10:15:00+00:00,2026-07-09 12:15:00+02:00
1783592400,25012.03,25022.53,24993.53,25015.53,492,195,0,2026-07-09 10:20:00+00:00,2026-07-09 12:20:00+02:00
1783592700,25014.03,25026.73,25005.53,25009.92,552,195,0,2026-07-09 10:25:00+00:00,2026-07-09 12:25:00+02:00
1783593000,25009.42,25045.44,25005.46,25031.84,561,195,0,2026-07-09 10:30:00+00:00,2026-07-09 12:30:00+02:00
1783593300,25031.34,25041.29,25017.77,25028.92,498,195,0,2026-07-09 10:35:00+00:00,2026-07-09 12:35:00+02:00
1783593600,25029.42,25065.65,25018.48,25064.14,468,195,0,2026-07-09 10:40:00+00:00,2026-07-09 12:40:00+02:00
1783593900,25064.63,25071.49,25047.44,25052.95,498,195,0,2026-07-09 10:45:00+00:00,2026-07-09 12:45:00+02:00
1783594200,25050.96,25057.94,25024.98,25025.49,374,195,0,2026-07-09 10:50:00+00:00,2026-07-09 12:50:00+02:00
1783594500,25024.99,25032.99,25006.0,25028.92,488,195,0,2026-07-09 10:55:00+00:00,2026-07-09 12:55:00+02:00
1783594800,25029.92,25030.88,25010.4,25017.37,599,195,0,2026-07-09 11:00:00+00:00,2026-07-09 13:00:00+02:00
1783595100,25017.38,25021.89,25005.1,25011.22,460,195,0,2026-07-09 11:05:00+00:00,2026-07-09 13:05:00+02:00
1783595400,25011.71,25036.79,25010.72,25017.28,471,195,0,2026-07-09 11:10:00+00:00,2026-07-09 13:10:00+02:00
1783595700,25016.78,25021.37,24983.4,24986.9,495,195,0,2026-07-09 11:15:00+00:00,2026-07-09 13:15:00+02:00
1783596000,24987.9,24989.39,24969.98,24971.7,471,195,0,2026-07-09 11:20:00+00:00,2026-07-09 13:20:00+02:00
1783596300,24971.2,24975.09,24956.35,24969.14,452,195,0,2026-07-09 11:25:00+00:00,2026-07-09 13:25:00+02:00
1783596600,24968.64,24972.6,24934.22,24939.19,513,195,0,2026-07-09 11:30:00+00:00,2026-07-09 13:30:00+02:00
1783596900,24940.67,24950.49,24923.22,24930.19,467,195,0,2026-07-09 11:35:00+00:00,2026-07-09 13:35:00+02:00
1783597200,24930.68,24945.4,24921.75,24939.9,481,195,0,2026-07-09 11:40:00+00:00,2026-07-09 13:40:00+02:00
1783597500,24939.41,24959.16,24917.93,24927.85,509,195,0,2026-07-09 11:45:00+00:00,2026-07-09 13:45:00+02:00
1783597800,24928.34,24950.75,24918.1,24944.82,414,195,0,2026-07-09 11:50:00+00:00,2026-07-09 13:50:00+02:00
1783598100,24944.32,24951.73,24925.63,24935.02,386,195,0,2026-07-09 11:55:00+00:00,2026-07-09 13:55:00+02:00
1783598400,24934.52,24945.86,24917.28,24935.9,470,195,0,2026-07-09 12:00:00+00:00,2026-07-09 14:00:00+02:00
1783598700,24935.91,24951.2,24933.28,24935.67,356,195,0,2026-07-09 12:05:00+00:00,2026-07-09 14:05:00+02:00
1783599000,24936.17,24955.53,24934.7,24949.96,428,195,0,2026-07-09 12:10:00+00:00,2026-07-09 14:10:00+02:00
1783599300,24948.97,24958.56,24942.06,24953.18,401,195,0,2026-07-09 12:15:00+00:00,2026-07-09 14:15:00+02:00
1783599600,24952.68,24967.61,24943.77,24956.36,375,195,0,2026-07-09 12:20:00+00:00,2026-07-09 14:20:00+02:00
1783599900,24956.86,24959.82,24944.3,24945.81,372,195,0,2026-07-09 12:25:00+00:00,2026-07-09 14:25:00+02:00
1783600200,24946.3,24947.33,24912.06,24918.52,404,195,0,2026-07-09 12:30:00+00:00,2026-07-09 14:30:00+02:00
1783600500,24919.02,24936.69,24907.06,24930.3,418,195,0,2026-07-09 12:35:00+00:00,2026-07-09 14:35:00+02:00
1783600800,24931.29,24931.29,24901.17,24920.4,547,195,0,2026-07-09 12:40:00+00:00,2026-07-09 14:40:00+02:00
1783601100,24920.9,24938.58,24918.63,24920.51,362,195,0,2026-07-09 12:45:00+00:00,2026-07-09 14:45:00+02:00
1783601400,24923.99,24955.93,24921.99,24950.48,346,195,0,2026-07-09 12:50:00+00:00,2026-07-09 14:50:00+02:00
1783601700,24949.48,24962.04,24943.2,24950.08,329,195,0,2026-07-09 12:55:00+00:00,2026-07-09 14:55:00+02:00
1783602000,24949.58,24957.3,24939.26,24951.67,339,195,0,2026-07-09 13:00:00+00:00,2026-07-09 15:00:00+02:00
1783602300,24951.68,24958.68,24941.23,24946.17,307,195,0,2026-07-09 13:05:00+00:00,2026-07-09 15:05:00+02:00
1783602600,24946.18,24960.13,24942.63,24950.59,287,195,0,2026-07-09 13:10:00+00:00,2026-07-09 15:10:00+02:00
1783602900,24949.6,24968.15,24948.14,24958.73,337,195,0,2026-07-09 13:15:00+00:00,2026-07-09 15:15:00+02:00
1783603200,24959.73,24971.87,24953.88,24959.71,293,195,0,2026-07-09 13:20:00+00:00,2026-07-09 15:20:00+02:00
1783603500,24959.21,24959.21,24940.76,24946.63,284,195,0,2026-07-09 13:25:00+00:00,2026-07-09 15:25:00+02:00
1783603800,24947.12,24947.12,24924.6,24932.18,335,195,0,2026-07-09 13:30:00+00:00,2026-07-09 15:30:00+02:00
1783604100,24932.68,24943.02,24929.21,24935.51,302,195,0,2026-07-09 13:35:00+00:00,2026-07-09 15:35:00+02:00
1783604400,24936.01,24937.06,24913.15,24921.0,342,195,0,2026-07-09 13:40:00+00:00,2026-07-09 15:40:00+02:00
1783604700,24922.0,24924.47,24895.74,24897.18,426,195,0,2026-07-09 13:45:00+00:00,2026-07-09 15:45:00+02:00
1783605000,24896.68,24897.35,24863.2,24883.39,577,195,0,2026-07-09 13:50:00+00:00,2026-07-09 15:50:00+02:00
1783605300,24883.89,24911.39,24869.43,24910.39,517,195,0,2026-07-09 13:55:00+00:00,2026-07-09 15:55:00+02:00
1783605600,24911.38,24925.86,24904.96,24920.89,443,195,0,2026-07-09 14:00:00+00:00,2026-07-09 16:00:00+02:00
1783605900,24922.38,24928.86,24902.98,24928.86,405,195,0,2026-07-09 14:05:00+00:00,2026-07-09 16:05:00+02:00
1783606200,24929.35,24949.71,24928.3,24946.8,337,195,0,2026-07-09 14:10:00+00:00,2026-07-09 16:10:00+02:00
1783606500,24947.3,24947.8,24917.96,24917.99,347,195,0,2026-07-09 14:15:00+00:00,2026-07-09 16:15:00+02:00
1783606800,24918.0,24933.61,24907.63,24911.08,438,195,0,2026-07-09 14:20:00+00:00,2026-07-09 16:20:00+02:00
1783607100,24912.08,24925.59,24907.65,24915.71,314,195,0,2026-07-09 14:25:00+00:00,2026-07-09 16:25:00+02:00
1783607400,24916.21,24929.81,24909.68,24923.05,412,195,0,2026-07-09 14:30:00+00:00,2026-07-09 16:30:00+02:00
1783607700,24924.04,24948.59,24918.08,24944.68,374,195,0,2026-07-09 14:35:00+00:00,2026-07-09 16:35:00+02:00
1783608000,24944.18,24953.18,24931.88,24942.45,372,195,0,2026-07-09 14:40:00+00:00,2026-07-09 16:40:00+02:00
1783608300,24941.95,24956.98,24935.07,24955.46,360,195,0,2026-07-09 14:45:00+00:00,2026-07-09 16:45:00+02:00
1783608600,24954.47,24971.16,24948.45,24953.91,361,195,0,2026-07-09 14:50:00+00:00,2026-07-09 16:50:00+02:00
1783608900,24954.41,24961.81,24942.72,24947.45,330,195,0,2026-07-09 14:55:00+00:00,2026-07-09 16:55:00+02:00
1783609200,24947.95,24962.02,24940.77,24948.29,399,195,0,2026-07-09 15:00:00+00:00,2026-07-09 17:00:00+02:00
1783609500,24947.8,24972.22,24938.42,24965.21,406,195,0,2026-07-09 15:05:00+00:00,2026-07-09 17:05:00+02:00
1783609800,24965.71,24969.7,24956.86,24964.11,408,195,0,2026-07-09 15:10:00+00:00,2026-07-09 17:10:00+02:00
1783610100,24964.61,24967.88,24954.03,24962.42,428,195,0,2026-07-09 15:15:00+00:00,2026-07-09 17:15:00+02:00
1783610400,24961.93,24966.07,24948.67,24965.57,383,195,0,2026-07-09 15:20:00+00:00,2026-07-09 17:20:00+02:00
1783610700,24966.55,24975.41,24960.86,24969.35,323,195,0,2026-07-09 15:25:00+00:00,2026-07-09 17:25:00+02:00
1783611000,24967.86,24988.27,24967.86,24986.21,443,195,0,2026-07-09 15:30:00+00:00,2026-07-09 17:30:00+02:00
1783611300,24987.21,25011.65,24980.78,25011.65,327,195,0,2026-07-09 15:35:00+00:00,2026-07-09 17:35:00+02:00
1783611600,25012.14,25015.12,24987.27,24990.82,447,195,0,2026-07-09 15:40:00+00:00,2026-07-09 17:40:00+02:00
1783611900,24991.31,24991.84,24974.08,24985.8,426,195,0,2026-07-09 15:45:00+00:00,2026-07-09 17:45:00+02:00
1783612200,24986.3,25004.17,24985.81,25003.2,380,195,0,2026-07-09 15:50:00+00:00,2026-07-09 17:50:00+02:00
1783612500,25002.7,25004.85,24986.43,24999.02,374,195,0,2026-07-09 15:55:00+00:00,2026-07-09 17:55:00+02:00
1783612800,25000.51,25034.34,24998.52,25032.4,415,195,0,2026-07-09 16:00:00+00:00,2026-07-09 18:00:00+02:00
1783613100,25031.41,25049.31,25027.49,25047.81,349,195,0,2026-07-09 16:05:00+00:00,2026-07-09 18:05:00+02:00
1783613400,25047.32,25047.81,25033.79,25042.13,331,195,0,2026-07-09 16:10:00+00:00,2026-07-09 18:10:00+02:00
1783613700,25042.63,25046.63,25031.6,25039.7,405,195,0,2026-07-09 16:15:00+00:00,2026-07-09 18:15:00+02:00
1783614000,25039.2,25040.2,25021.49,25026.68,355,195,0,2026-07-09 16:20:00+00:00,2026-07-09 18:20:00+02:00
1783614300,25025.19,25033.67,25015.76,25025.35,455,195,0,2026-07-09 16:25:00+00:00,2026-07-09 18:25:00+02:00
1783614600,25024.85,25029.44,24990.4,25021.43,885,195,0,2026-07-09 16:30:00+00:00,2026-07-09 18:30:00+02:00
1783614900,25020.93,25039.85,25000.97,25001.46,695,195,0,2026-07-09 16:35:00+00:00,2026-07-09 18:35:00+02:00
1783615200,25001.96,25019.75,24979.76,25019.25,689,195,0,2026-07-09 16:40:00+00:00,2026-07-09 18:40:00+02:00
1783615500,25018.75,25038.16,25016.26,25038.16,634,195,0,2026-07-09 16:45:00+00:00,2026-07-09 18:45:00+02:00
1783615800,25036.67,25067.75,25023.78,25062.32,514,195,0,2026-07-09 16:50:00+00:00,2026-07-09 18:50:00+02:00
1783616100,25062.81,25070.35,25040.54,25048.1,478,195,0,2026-07-09 16:55:00+00:00,2026-07-09 18:55:00+02:00
1783616400,25050.09,25065.89,25040.66,25043.13,573,195,0,2026-07-09 17:00:00+00:00,2026-07-09 19:00:00+02:00
1783616700,25042.64,25052.25,25034.4,25034.4,572,195,0,2026-07-09 17:05:00+00:00,2026-07-09 19:05:00+02:00
1783617000,25034.9,25051.68,25019.04,25040.1,617,195,0,2026-07-09 17:10:00+00:00,2026-07-09 19:10:00+02:00
1783617300,25038.61,25039.11,25013.26,25026.54,823,195,0,2026-07-09 17:15:00+00:00,2026-07-09 19:15:00+02:00
1783617600,25027.04,25033.0,25003.16,25027.73,793,195,0,2026-07-09 17:20:00+00:00,2026-07-09 19:20:00+02:00
1783617900,25027.23,25052.71,25024.38,25045.27,557,195,0,2026-07-09 17:25:00+00:00,2026-07-09 19:25:00+02:00
1783618200,25044.77,25079.97,25044.77,25071.77,633,195,0,2026-07-09 17:30:00+00:00,2026-07-09 19:30:00+02:00
1783618500,25072.27,25077.73,25052.0,25063.06,542,195,0,2026-07-09 17:35:00+00:00,2026-07-09 19:35:00+02:00
1783618800,25063.55,25071.14,25048.93,25053.15,494,195,0,2026-07-09 17:40:00+00:00,2026-07-09 19:40:00+02:00
1783619100,25053.65,25073.95,25046.25,25049.71,494,195,0,2026-07-09 17:45:00+00:00,2026-07-09 19:45:00+02:00
1783619400,25050.2,25063.75,25038.77,25062.26,590,195,0,2026-07-09 17:50:00+00:00,2026-07-09 19:50:00+02:00
1783619700,25062.75,25096.39,25060.71,25095.39,454,195,0,2026-07-09 17:55:00+00:00,2026-07-09 19:55:00+02:00
1783620000,25095.89,25105.72,25091.49,25098.5,513,195,0,2026-07-09 18:00:00+00:00,2026-07-09 20:00:00+02:00
1783620300,25099.49,25118.87,25099.49,25115.39,408,195,0,2026-07-09 18:05:00+00:00,2026-07-09 20:05:00+02:00
1783620600,25117.38,25128.33,25113.47,25125.24,406,195,0,2026-07-09 18:10:00+00:00,2026-07-09 20:10:00+02:00
1783620900,25123.75,25130.1,25104.88,25104.99,372,195,0,2026-07-09 18:15:00+00:00,2026-07-09 20:15:00+02:00
1783621200,25105.99,25114.94,25097.39,25102.31,370,195,0,2026-07-09 18:20:00+00:00,2026-07-09 20:20:00+02:00
1783621500,25101.82,25115.86,25089.45,25104.97,381,195,0,2026-07-09 18:25:00+00:00,2026-07-09 20:25:00+02:00
1783621800,25105.97,25120.41,25079.1,25116.92,425,195,0,2026-07-09 18:30:00+00:00,2026-07-09 20:30:00+02:00
1783622100,25115.43,25119.41,25096.02,25110.46,380,195,0,2026-07-09 18:35:00+00:00,2026-07-09 20:35:00+02:00
1783622400,25109.96,25116.93,25103.0,25105.99,271,195,0,2026-07-09 18:40:00+00:00,2026-07-09 20:40:00+02:00
1783622700,25106.48,25106.98,25095.04,25102.55,273,195,0,2026-07-09 18:45:00+00:00,2026-07-09 20:45:00+02:00
1783623000,25102.06,25106.04,25091.11,25102.06,272,195,0,2026-07-09 18:50:00+00:00,2026-07-09 20:50:00+02:00
1783623300,25101.56,25109.03,25099.08,25102.07,225,195,0,2026-07-09 18:55:00+00:00,2026-07-09 20:55:00+02:00
1783623600,25101.57,25123.97,25101.57,25113.47,230,195,0,2026-07-09 19:00:00+00:00,2026-07-09 21:00:00+02:00
1783623900,25115.47,25125.92,25115.47,25119.95,157,195,0,2026-07-09 19:05:00+00:00,2026-07-09 21:05:00+02:00
1783624200,25120.45,25120.45,25111.49,25114.48,192,195,0,2026-07-09 19:10:00+00:00,2026-07-09 21:10:00+02:00
1783624500,25113.98,25115.98,25106.52,25108.52,223,195,0,2026-07-09 19:15:00+00:00,2026-07-09 21:15:00+02:00
1783624800,25109.01,25112.0,25103.54,25105.04,184,195,0,2026-07-09 19:20:00+00:00,2026-07-09 21:20:00+02:00
1783625100,25104.54,25113.0,25102.05,25110.52,181,195,0,2026-07-09 19:25:00+00:00,2026-07-09 21:25:00+02:00
1783625400,25109.52,25115.0,25103.06,25103.06,157,195,0,2026-07-09 19:30:00+00:00,2026-07-09 21:30:00+02:00
1783625700,25103.56,25107.05,25099.58,25107.05,197,195,0,2026-07-09 19:35:00+00:00,2026-07-09 21:35:00+02:00
1783626000,25106.55,25108.54,25103.56,25106.06,140,195,0,2026-07-09 19:40:00+00:00,2026-07-09 21:40:00+02:00
1783626300,25105.56,25105.56,25098.59,25101.08,141,195,0,2026-07-09 19:45:00+00:00,2026-07-09 21:45:00+02:00
1783626600,25100.59,25112.04,25100.59,25110.55,173,195,0,2026-07-09 19:50:00+00:00,2026-07-09 21:50:00+02:00
1783626900,25110.05,25111.05,25105.57,25106.07,153,195,0,2026-07-09 19:55:00+00:00,2026-07-09 21:55:00+02:00
1783627200,25105.08,25114.04,25105.08,25108.57,96,195,0,2026-07-09 20:00:00+00:00,2026-07-09 22:00:00+02:00
1783627500,25107.57,25118.03,25107.07,25117.03,123,195,0,2026-07-09 20:05:00+00:00,2026-07-09 22:05:00+02:00
1783627800,25116.54,25122.01,25115.05,25115.05,113,195,0,2026-07-09 20:10:00+00:00,2026-07-09 22:10:00+02:00
1783628100,25114.55,25121.52,25113.06,25121.03,114,195,0,2026-07-09 20:15:00+00:00,2026-07-09 22:15:00+02:00
1783628400,25120.53,25124.52,25119.54,25123.52,99,195,0,2026-07-09 20:20:00+00:00,2026-07-09 22:20:00+02:00
1783628700,25124.02,25130.99,25123.02,25129.0,103,195,0,2026-07-09 20:25:00+00:00,2026-07-09 22:25:00+02:00
1783629000,25129.5,25132.48,25125.02,25130.0,119,195,0,2026-07-09 20:30:00+00:00,2026-07-09 22:30:00+02:00
1783629300,25129.01,25138.46,25128.01,25132.0,128,195,0,2026-07-09 20:35:00+00:00,2026-07-09 22:35:00+02:00
1783629600,25132.5,25135.98,25128.52,25131.51,134,195,0,2026-07-09 20:40:00+00:00,2026-07-09 22:40:00+02:00
1783629900,25132.0,25141.46,25129.02,25135.99,117,195,0,2026-07-09 20:45:00+00:00,2026-07-09 22:45:00+02:00
1783630200,25136.99,25143.96,25135.5,25138.49,99,195,0,2026-07-09 20:50:00+00:00,2026-07-09 22:50:00+02:00
1783630500,25138.98,25139.48,25127.04,25132.02,113,195,0,2026-07-09 20:55:00+00:00,2026-07-09 22:55:00+02:00
1783630800,25131.52,25140.48,25127.55,25129.54,190,195,0,2026-07-09 21:00:00+00:00,2026-07-09 23:00:00+02:00
1783631100,25130.04,25134.52,25126.56,25130.54,165,195,0,2026-07-09 21:05:00+00:00,2026-07-09 23:05:00+02:00
1783631400,25130.54,25136.02,25130.04,25132.04,153,195,0,2026-07-09 21:10:00+00:00,2026-07-09 23:10:00+02:00
1783631700,25132.54,25134.03,25123.09,25123.09,130,195,0,2026-07-09 21:15:00+00:00,2026-07-09 23:15:00+02:00
1783632000,25122.59,25123.09,25111.64,25111.64,198,195,0,2026-07-09 21:20:00+00:00,2026-07-09 23:20:00+02:00
1783632300,25112.14,25114.14,25105.68,25108.66,187,195,0,2026-07-09 21:25:00+00:00,2026-07-09 23:25:00+02:00
1783632600,25109.16,25114.14,25108.17,25110.16,130,195,0,2026-07-09 21:30:00+00:00,2026-07-09 23:30:00+02:00
1783632900,25109.17,25109.67,25102.21,25102.7,109,195,0,2026-07-09 21:35:00+00:00,2026-07-09 23:35:00+02:00
1783633200,25102.21,25115.15,25101.21,25112.66,128,195,0,2026-07-09 21:40:00+00:00,2026-07-09 23:40:00+02:00
1783633500,25112.17,25113.16,25103.21,25109.68,148,195,0,2026-07-09 21:45:00+00:00,2026-07-09 23:45:00+02:00
1783633800,25110.18,25111.18,25107.2,25107.2,114,195,0,2026-07-09 21:50:00+00:00,2026-07-09 23:50:00+02:00
1783634100,25106.7,25116.16,25104.21,25115.67,131,195,0,2026-07-09 21:55:00+00:00,2026-07-09 23:55:00+02:00
1783634400,25116.16,25122.63,25103.23,25103.23,190,195,0,2026-07-09 22:00:00+00:00,2026-07-10 00:00:00+02:00
1783634700,25103.73,25105.23,25099.75,25105.23,167,195,0,2026-07-09 22:05:00+00:00,2026-07-10 00:05:00+02:00
1783635000,25105.72,25106.22,25099.75,25100.75,133,195,0,2026-07-09 22:10:00+00:00,2026-07-10 00:10:00+02:00
1783635300,25101.25,25112.21,25099.26,25111.71,139,195,0,2026-07-09 22:15:00+00:00,2026-07-10 00:15:00+02:00
1783635600,25112.21,25113.2,25107.23,25111.71,98,195,0,2026-07-09 22:20:00+00:00,2026-07-10 00:20:00+02:00
1783635900,25111.22,25112.71,25108.73,25111.72,130,195,0,2026-07-09 22:25:00+00:00,2026-07-10 00:25:00+02:00
1783636200,25111.22,25111.22,25095.8,25100.78,149,195,0,2026-07-09 22:30:00+00:00,2026-07-10 00:30:00+02:00
1783636500,25101.27,25103.76,25096.3,25101.28,122,195,0,2026-07-09 22:35:00+00:00,2026-07-10 00:35:00+02:00
1783636800,25100.78,25108.75,25100.28,25108.25,119,195,0,2026-07-09 22:40:00+00:00,2026-07-10 00:40:00+02:00
1783637100,25107.75,25116.22,25106.76,25114.73,114,195,0,2026-07-09 22:45:00+00:00,2026-07-10 00:45:00+02:00
1783637400,25115.23,25115.23,25102.29,25102.79,241,195,0,2026-07-09 22:50:00+00:00,2026-07-10 00:50:00+02:00
1783637700,25103.29,25124.69,25103.29,25123.7,235,195,0,2026-07-09 22:55:00+00:00,2026-07-10 00:55:00+02:00
1783638000,25120.97,25120.97,25109.96,25116.34,136,840,0,2026-07-09 23:00:00+00:00,2026-07-10 01:00:00+02:00
1783638300,25115.76,25123.87,25115.76,25122.71,93,840,0,2026-07-09 23:05:00+00:00,2026-07-10 01:05:00+02:00
1783638600,25122.14,25122.72,25117.21,25120.98,90,840,0,2026-07-09 23:10:00+00:00,2026-07-10 01:10:00+02:00
1783638900,25121.27,25123.3,25117.51,25118.09,78,840,0,2026-07-09 23:15:00+00:00,2026-07-10 01:15:00+02:00
1783639200,25117.22,25118.67,25112.88,25113.46,69,840,0,2026-07-09 23:20:00+00:00,2026-07-10 01:20:00+02:00
1783639500,25114.04,25114.05,25111.15,25112.31,44,840,0,2026-07-09 23:25:00+00:00,2026-07-10 01:25:00+02:00
1783639800,25111.73,25118.69,25111.73,25118.11,52,840,0,2026-07-09 23:30:00+00:00,2026-07-10 01:30:00+02:00
1783640100,25118.69,25119.27,25116.95,25118.12,41,840,0,2026-07-09 23:35:00+00:00,2026-07-10 01:35:00+02:00
1783640400,25118.4,25119.27,25114.07,25114.07,48,840,0,2026-07-09 23:40:00+00:00,2026-07-10 01:40:00+02:00
1783640700,25114.65,25114.65,25112.91,25114.07,21,840,0,2026-07-09 23:45:00+00:00,2026-07-10 01:45:00+02:00
1783641000,25113.49,25113.49,25110.02,25110.02,37,840,0,2026-07-09 23:50:00+00:00,2026-07-10 01:50:00+02:00
1783641300,25110.6,25112.34,25107.13,25110.61,69,840,0,2026-07-09 23:55:00+00:00,2026-07-10 01:55:00+02:00
1783645500,25113.87,25117.06,25107.79,25108.95,201,840,0,2026-07-10 01:05:00+00:00,2026-07-10 03:05:00+02:00
1783645800,25108.37,25108.96,25106.34,25108.38,103,840,0,2026-07-10 01:10:00+00:00,2026-07-10 03:10:00+02:00
1783646100,25108.67,25111.86,25105.78,25107.8,146,840,0,2026-07-10 01:15:00+00:00,2026-07-10 03:15:00+02:00
1783646400,25107.22,25109.84,25105.2,25108.97,118,840,0,2026-07-10 01:20:00+00:00,2026-07-10 03:20:00+02:00
1783646700,25108.68,25110.71,25104.92,25106.95,62,840,0,2026-07-10 01:25:00+00:00,2026-07-10 03:25:00+02:00
1783647000,25106.66,25109.56,25106.66,25107.82,100,840,0,2026-07-10 01:30:00+00:00,2026-07-10 03:30:00+02:00
1783647300,25107.53,25110.72,25106.95,25108.98,73,840,0,2026-07-10 01:35:00+00:00,2026-07-10 03:35:00+02:00
1783647600,25109.27,25110.73,25108.41,25109.86,64,840,0,2026-07-10 01:40:00+00:00,2026-07-10 03:40:00+02:00
1783647900,25110.15,25112.47,25108.99,25111.02,73,840,0,2026-07-10 01:45:00+00:00,2026-07-10 03:45:00+02:00
1783648200,25111.31,25113.05,25110.74,25110.74,64,840,0,2026-07-10 01:50:00+00:00,2026-07-10 03:50:00+02:00
1783648500,25110.45,25112.48,25110.16,25112.19,53,840,0,2026-07-10 01:55:00+00:00,2026-07-10 03:55:00+02:00
1783648800,25112.48,25113.94,25107.85,25113.65,121,840,0,2026-07-10 02:00:00+00:00,2026-07-10 04:00:00+02:00
1783649100,25113.94,25117.71,25113.65,25117.71,106,840,0,2026-07-10 02:05:00+00:00,2026-07-10 04:05:00+02:00
1783649400,25117.13,25118.87,25115.97,25118.29,71,840,0,2026-07-10 02:10:00+00:00,2026-07-10 04:10:00+02:00
1783649700,25118.0,25119.46,25115.69,25118.88,55,840,0,2026-07-10 02:15:00+00:00,2026-07-10 04:15:00+02:00
1783650000,25119.46,25122.86,25117.14,25122.28,86,840,0,2026-07-10 02:20:00+00:00,2026-07-10 04:20:00+02:00
1783650300,25121.99,25124.02,25121.41,25123.94,91,840,0,2026-07-10 02:25:00+00:00,2026-07-10 04:25:00+02:00
1783650600,25124.52,25124.52,25119.89,25120.76,112,840,0,2026-07-10 02:30:00+00:00,2026-07-10 04:30:00+02:00
1783650900,25121.05,25123.38,25121.05,25122.51,40,840,0,2026-07-10 02:35:00+00:00,2026-07-10 04:35:00+02:00
1783651200,25122.8,25123.09,25119.32,25120.2,70,840,0,2026-07-10 02:40:00+00:00,2026-07-10 04:40:00+02:00
1783651500,25119.91,25120.49,25112.96,25114.7,214,840,0,2026-07-10 02:45:00+00:00,2026-07-10 04:45:00+02:00
1783651800,25114.99,25122.23,25114.99,25120.5,158,840,0,2026-07-10 02:50:00+00:00,2026-07-10 04:50:00+02:00
1783652100,25119.92,25123.68,25117.03,25117.61,189,840,0,2026-07-10 02:55:00+00:00,2026-07-10 04:55:00+02:00
1783653300,25099.2,25110.56,25091.14,25106.58,101,195,0,2026-07-10 03:15:00+00:00,2026-07-10 05:15:00+02:00
1783653600,25107.57,25114.54,25099.61,25101.61,136,195,0,2026-07-10 03:20:00+00:00,2026-07-10 05:20:00+02:00
1783653900,25103.1,25106.58,25094.64,25098.63,142,195,0,2026-07-10 03:25:00+00:00,2026-07-10 05:25:00+02:00
1783654200,25097.13,25102.11,25081.71,25081.71,156,195,0,2026-07-10 03:30:00+00:00,2026-07-10 05:30:00+02:00
1783654500,25082.7,25088.68,25080.72,25080.72,135,195,0,2026-07-10 03:35:00+00:00,2026-07-10 05:35:00+02:00
1783654800,25079.23,25095.16,25078.73,25095.16,77,195,0,2026-07-10 03:40:00+00:00,2026-07-10 05:40:00+02:00
1783655100,25094.66,25094.66,25082.22,25085.71,55,195,0,2026-07-10 03:45:00+00:00,2026-07-10 05:45:00+02:00
1783655400,25086.21,25090.19,25078.74,25082.73,70,195,0,2026-07-10 03:50:00+00:00,2026-07-10 05:50:00+02:00
1783655700,25083.23,25097.17,25083.23,25097.17,54,195,0,2026-07-10 03:55:00+00:00,2026-07-10 05:55:00+02:00
1783656000,25098.16,25113.59,25098.16,25102.15,100,195,0,2026-07-10 04:00:00+00:00,2026-07-10 06:00:00+02:00
1783656300,25101.65,25110.11,25096.67,25101.66,120,195,0,2026-07-10 04:05:00+00:00,2026-07-10 06:05:00+02:00
1783656600,25100.66,25100.66,25091.21,25097.18,90,195,0,2026-07-10 04:10:00+00:00,2026-07-10 06:10:00+02:00
1783656900,25096.19,25100.67,25092.71,25099.18,82,195,0,2026-07-10 04:15:00+00:00,2026-07-10 06:15:00+02:00
1783657200,25098.68,25109.14,25093.21,25109.14,76,195,0,2026-07-10 04:20:00+00:00,2026-07-10 06:20:00+02:00
1783657500,25107.65,25108.64,25101.18,25107.65,52,195,0,2026-07-10 04:25:00+00:00,2026-07-10 06:25:00+02:00
1783657800,25108.15,25118.61,25102.18,25117.11,103,195,0,2026-07-10 04:30:00+00:00,2026-07-10 06:30:00+02:00
1783658100,25118.11,25118.11,25110.15,25114.13,64,195,0,2026-07-10 04:35:00+00:00,2026-07-10 06:35:00+02:00
1783658400,25114.63,25116.13,25111.65,25112.15,52,195,0,2026-07-10 04:40:00+00:00,2026-07-10 06:40:00+02:00
1783658700,25111.65,25134.55,25111.65,25133.06,103,195,0,2026-07-10 04:45:00+00:00,2026-07-10 06:45:00+02:00
1783659000,25135.55,25135.55,25122.11,25123.61,89,195,0,2026-07-10 04:50:00+00:00,2026-07-10 06:50:00+02:00
1783659300,25124.1,25132.07,25119.63,25120.13,62,195,0,2026-07-10 04:55:00+00:00,2026-07-10 06:55:00+02:00
1783659600,25119.63,25122.13,25111.17,25121.63,105,195,0,2026-07-10 05:00:00+00:00,2026-07-10 07:00:00+02:00
1783659900,25122.13,25133.58,25118.14,25129.1,90,195,0,2026-07-10 05:05:00+00:00,2026-07-10 07:05:00+02:00
1783660200,25129.6,25132.59,25123.63,25128.61,78,195,0,2026-07-10 05:10:00+00:00,2026-07-10 07:10:00+02:00
1783660500,25128.11,25129.61,25122.64,25127.62,88,195,0,2026-07-10 05:15:00+00:00,2026-07-10 07:15:00+02:00
1783660800,25128.12,25145.54,25117.67,25120.16,137,195,0,2026-07-10 05:20:00+00:00,2026-07-10 07:20:00+02:00
1783661100,25119.16,25122.65,25110.71,25114.19,98,195,0,2026-07-10 05:25:00+00:00,2026-07-10 07:25:00+02:00
1783661400,25114.69,25124.65,25110.21,25123.16,142,195,0,2026-07-10 05:30:00+00:00,2026-07-10 07:30:00+02:00
1783661700,25124.65,25127.64,25118.68,25127.14,62,195,0,2026-07-10 05:35:00+00:00,2026-07-10 07:35:00+02:00
1783662000,25127.14,25129.63,25107.24,25108.73,109,195,0,2026-07-10 05:40:00+00:00,2026-07-10 07:40:00+02:00
1783662300,25110.72,25117.2,25103.26,25114.71,74,195,0,2026-07-10 05:45:00+00:00,2026-07-10 07:45:00+02:00
1783662600,25113.72,25121.68,25110.23,25117.21,66,195,0,2026-07-10 05:50:00+00:00,2026-07-10 07:50:00+02:00
1783662900,25115.71,25118.2,25111.73,25116.71,38,195,0,2026-07-10 05:55:00+00:00,2026-07-10 07:55:00+02:00
1783663200,25115.72,25119.7,25114.72,25119.21,37,195,0,2026-07-10 06:00:00+00:00,2026-07-10 08:00:00+02:00
1783663500,25117.22,25136.13,25115.73,25125.68,61,195,0,2026-07-10 06:05:00+00:00,2026-07-10 08:05:00+02:00
1783663800,25126.18,25127.18,25120.21,25121.71,47,195,0,2026-07-10 06:10:00+00:00,2026-07-10 08:10:00+02:00
1783664100,25121.71,25123.7,25117.73,25122.21,50,195,0,2026-07-10 06:15:00+00:00,2026-07-10 08:15:00+02:00
1783664400,25121.71,25123.71,25112.76,25115.25,68,195,0,2026-07-10 06:20:00+00:00,2026-07-10 08:20:00+02:00
1783664700,25116.24,25119.73,25099.82,25109.28,101,195,0,2026-07-10 06:25:00+00:00,2026-07-10 08:25:00+02:00
1783665000,25111.27,25112.27,25106.3,25110.78,42,195,0,2026-07-10 06:30:00+00:00,2026-07-10 08:30:00+02:00
1783665300,25110.28,25110.78,25101.83,25104.32,58,195,0,2026-07-10 06:35:00+00:00,2026-07-10 08:35:00+02:00
1783665600,25106.81,25108.8,25102.83,25105.82,28,195,0,2026-07-10 06:40:00+00:00,2026-07-10 08:40:00+02:00
1783665900,25105.82,25116.27,25098.85,25103.83,76,195,0,2026-07-10 06:45:00+00:00,2026-07-10 08:45:00+02:00
1783666200,25103.83,25106.32,25101.84,25104.33,39,195,0,2026-07-10 06:50:00+00:00,2026-07-10 08:50:00+02:00
1783666500,25104.34,25113.3,25103.84,25112.3,30,195,0,2026-07-10 06:55:00+00:00,2026-07-10 08:55:00+02:00
1783666800,25111.81,25111.81,25100.36,25109.32,87,195,0,2026-07-10 07:00:00+00:00,2026-07-10 09:00:00+02:00
1783667100,25108.33,25110.32,25104.35,25107.84,60,195,0,2026-07-10 07:05:00+00:00,2026-07-10 09:05:00+02:00
1783667400,25109.33,25109.33,25103.36,25108.34,44,195,0,2026-07-10 07:10:00+00:00,2026-07-10 09:10:00+02:00
1783667700,25107.84,25109.83,25101.87,25107.35,43,195,0,2026-07-10 07:15:00+00:00,2026-07-10 09:15:00+02:00
1783668000,25105.36,25107.35,25093.42,25093.42,40,195,0,2026-07-10 07:20:00+00:00,2026-07-10 09:20:00+02:00
1783668300,25093.92,25095.91,25092.43,25095.91,26,195,0,2026-07-10 07:25:00+00:00,2026-07-10 09:25:00+02:00
1783668600,25095.91,25103.38,25092.43,25096.42,82,195,0,2026-07-10 07:30:00+00:00,2026-07-10 09:30:00+02:00
1783668900,25096.92,25101.4,25095.92,25101.4,21,195,0,2026-07-10 07:35:00+00:00,2026-07-10 09:35:00+02:00
1783669200,25101.9,25103.39,25099.41,25099.91,16,195,0,2026-07-10 07:40:00+00:00,2026-07-10 09:40:00+02:00
1783669500,25100.41,25105.89,25093.45,25094.94,43,195,0,2026-07-10 07:45:00+00:00,2026-07-10 09:45:00+02:00
1783669800,25090.46,25093.95,25084.99,25085.99,24,195,0,2026-07-10 07:50:00+00:00,2026-07-10 09:50:00+02:00
1783670100,25084.0,25085.49,25077.53,25082.51,46,195,0,2026-07-10 07:55:00+00:00,2026-07-10 09:55:00+02:00
1783670400,25083.51,25095.95,25080.02,25085.0,108,195,0,2026-07-10 08:00:00+00:00,2026-07-10 10:00:00+02:00
1783670700,25085.0,25091.48,25084.51,25085.01,59,195,0,2026-07-10 08:05:00+00:00,2026-07-10 10:05:00+02:00
1783671000,25084.51,25099.95,25084.51,25098.95,88,195,0,2026-07-10 08:10:00+00:00,2026-07-10 10:10:00+02:00
1783671300,25099.45,25102.44,25091.49,25098.46,76,195,0,2026-07-10 08:15:00+00:00,2026-07-10 10:15:00+02:00
1783671600,25097.46,25099.46,25091.99,25092.49,66,195,0,2026-07-10 08:20:00+00:00,2026-07-10 10:20:00+02:00
1783671900,25092.0,25093.49,25086.03,25088.52,54,195,0,2026-07-10 08:25:00+00:00,2026-07-10 10:25:00+02:00
1783672200,25089.01,25094.0,25084.04,25090.02,93,195,0,2026-07-10 08:30:00+00:00,2026-07-10 10:30:00+02:00
1783672500,25091.01,25092.51,25082.06,25084.05,64,195,0,2026-07-10 08:35:00+00:00,2026-07-10 10:35:00+02:00
1783672800,25083.55,25087.04,25071.61,25073.11,100,195,0,2026-07-10 08:40:00+00:00,2026-07-10 10:40:00+02:00
1783673100,25075.59,25080.57,25072.12,25072.12,79,195,0,2026-07-10 08:45:00+00:00,2026-07-10 10:45:00+02:00
1783673400,25072.61,25081.57,25071.62,25078.09,74,195,0,2026-07-10 08:50:00+00:00,2026-07-10 10:50:00+02:00
1783673700,25077.1,25078.1,25067.15,25076.61,76,195,0,2026-07-10 08:55:00+00:00,2026-07-10 10:55:00+02:00
1783674000,25077.1,25119.91,25076.77,25118.92,148,195,0,2026-07-10 09:00:00+00:00,2026-07-10 11:00:00+02:00
1783674300,25118.42,25127.27,25111.34,25124.4,225,195,0,2026-07-10 09:05:00+00:00,2026-07-10 11:05:00+02:00
1783674600,25124.89,25124.89,25109.47,25118.93,170,195,0,2026-07-10 09:10:00+00:00,2026-07-10 11:10:00+02:00
1783674900,25117.93,25130.88,25115.94,25125.9,185,195,0,2026-07-10 09:15:00+00:00,2026-07-10 11:15:00+02:00
1783675200,25124.91,25126.9,25104.01,25104.01,160,195,0,2026-07-10 09:20:00+00:00,2026-07-10 11:20:00+02:00
1783675500,25104.51,25104.51,25092.95,25100.53,197,195,0,2026-07-10 09:25:00+00:00,2026-07-10 11:25:00+02:00
1783675800,25098.54,25123.92,25097.54,25105.02,216,195,0,2026-07-10 09:30:00+00:00,2026-07-10 11:30:00+02:00
1783676100,25104.02,25106.01,25089.59,25090.59,155,195,0,2026-07-10 09:35:00+00:00,2026-07-10 11:35:00+02:00
1783676400,25090.09,25098.19,25089.1,25096.2,102,195,0,2026-07-10 09:40:00+00:00,2026-07-10 11:40:00+02:00
1783676700,25096.7,25114.62,25096.7,25114.62,112,195,0,2026-07-10 09:45:00+00:00,2026-07-10 11:45:00+02:00
1783677000,25115.12,25115.62,25107.04,25112.05,153,195,0,2026-07-10 09:50:00+00:00,2026-07-10 11:50:00+02:00
1783677300,25112.55,25124.38,25100.99,25106.47,178,195,0,2026-07-10 09:55:00+00:00,2026-07-10 11:55:00+02:00
1783677600,25107.96,25126.38,25074.62,25094.53,727,195,0,2026-07-10 10:00:00+00:00,2026-07-10 12:00:00+02:00
1783677900,25094.03,25140.78,25092.02,25139.25,612,195,0,2026-07-10 10:05:00+00:00,2026-07-10 12:05:00+02:00
1783678200,25138.76,25140.74,25119.74,25138.12,579,195,0,2026-07-10 10:10:00+00:00,2026-07-10 12:10:00+02:00
1783678500,25138.61,25155.91,25119.37,25155.89,496,195,0,2026-07-10 10:15:00+00:00,2026-07-10 12:15:00+02:00
1783678800,25156.39,25167.14,25144.83,25164.63,461,195,0,2026-07-10 10:20:00+00:00,2026-07-10 12:20:00+02:00
1783679100,25165.62,25167.67,25148.83,25167.05,413,195,0,2026-07-10 10:25:00+00:00,2026-07-10 12:25:00+02:00
1783679400,25166.55,25191.33,25166.55,25179.63,479,195,0,2026-07-10 10:30:00+00:00,2026-07-10 12:30:00+02:00
1783679700,25180.13,25195.16,25172.44,25194.65,440,195,0,2026-07-10 10:35:00+00:00,2026-07-10 12:35:00+02:00
1783680000,25192.66,25197.26,25154.18,25154.68,407,195,0,2026-07-10 10:40:00+00:00,2026-07-10 12:40:00+02:00
1783680300,25154.18,25155.66,25100.3,25110.23,470,195,0,2026-07-10 10:45:00+00:00,2026-07-10 12:45:00+02:00
1783680600,25109.24,25114.22,25093.37,25099.96,426,195,0,2026-07-10 10:50:00+00:00,2026-07-10 12:50:00+02:00
1783680900,25100.46,25123.76,25095.02,25118.81,357,195,0,2026-07-10 10:55:00+00:00,2026-07-10 12:55:00+02:00
1783681200,25119.31,25152.33,25116.81,25125.85,569,195,0,2026-07-10 11:00:00+00:00,2026-07-10 13:00:00+02:00
1783681500,25126.35,25160.7,25117.93,25160.13,474,195,0,2026-07-10 11:05:00+00:00,2026-07-10 13:05:00+02:00
1783681800,25159.63,25167.55,25148.4,25157.33,409,195,0,2026-07-10 11:10:00+00:00,2026-07-10 13:10:00+02:00
1783682100,25156.83,25156.83,25131.82,25143.97,347,195,0,2026-07-10 11:15:00+00:00,2026-07-10 13:15:00+02:00
1783682400,25144.47,25144.96,25092.24,25105.52,392,195,0,2026-07-10 11:20:00+00:00,2026-07-10 13:20:00+02:00
1783682700,25105.53,25113.88,25097.46,25106.11,444,195,0,2026-07-10 11:25:00+00:00,2026-07-10 13:25:00+02:00
1783683000,25105.62,25108.38,25085.31,25107.37,430,195,0,2026-07-10 11:30:00+00:00,2026-07-10 13:30:00+02:00
1783683300,25107.87,25114.38,25097.67,25103.48,393,195,0,2026-07-10 11:35:00+00:00,2026-07-10 13:35:00+02:00
1783683600,25103.97,25112.81,25097.02,25106.92,323,195,0,2026-07-10 11:40:00+00:00,2026-07-10 13:40:00+02:00
1783683900,25106.43,25106.92,25077.6,25080.33,352,195,0,2026-07-10 11:45:00+00:00,2026-07-10 13:45:00+02:00
1783684200,25079.83,25090.19,25067.48,25077.09,333,195,0,2026-07-10 11:50:00+00:00,2026-07-10 13:50:00+02:00
1783684500,25077.08,25086.57,25071.22,25082.1,290,195,0,2026-07-10 11:55:00+00:00,2026-07-10 13:55:00+02:00
1783684800,25082.6,25094.52,25060.9,25079.94,469,195,0,2026-07-10 12:00:00+00:00,2026-07-10 14:00:00+02:00
1783685100,25079.44,25080.47,25054.84,25069.41,338,195,0,2026-07-10 12:05:00+00:00,2026-07-10 14:05:00+02:00
1783685400,25068.91,25098.86,25063.25,25092.83,369,195,0,2026-07-10 12:10:00+00:00,2026-07-10 14:10:00+02:00
1783685700,25092.33,25125.11,25090.84,25122.12,319,195,0,2026-07-10 12:15:00+00:00,2026-07-10 14:15:00+02:00
1783686000,25122.62,25122.63,25100.75,25103.26,309,195,0,2026-07-10 12:20:00+00:00,2026-07-10 14:20:00+02:00
1783686300,25103.76,25107.86,25087.13,25092.15,282,195,0,2026-07-10 12:25:00+00:00,2026-07-10 14:25:00+02:00
1783686600,25091.66,25093.69,25077.18,25087.53,281,195,0,2026-07-10 12:30:00+00:00,2026-07-10 14:30:00+02:00
1783686900,25087.03,25087.51,25064.49,25072.08,294,195,0,2026-07-10 12:35:00+00:00,2026-07-10 14:35:00+02:00
1783687200,25072.58,25080.43,25066.68,25080.43,279,195,0,2026-07-10 12:40:00+00:00,2026-07-10 14:40:00+02:00
1783687500,25080.93,25103.25,25078.93,25094.21,282,195,0,2026-07-10 12:45:00+00:00,2026-07-10 14:45:00+02:00
1783687800,25094.7,25119.35,25094.7,25109.57,339,195,0,2026-07-10 12:50:00+00:00,2026-07-10 14:50:00+02:00
1783688100,25108.57,25109.08,25079.29,25081.85,324,195,0,2026-07-10 12:55:00+00:00,2026-07-10 14:55:00+02:00
1783688400,25080.36,25109.0,25080.35,25107.49,328,195,0,2026-07-10 13:00:00+00:00,2026-07-10 15:00:00+02:00
1783688700,25107.0,25116.92,25102.68,25111.88,231,195,0,2026-07-10 13:05:00+00:00,2026-07-10 15:05:00+02:00
1783689000,25109.89,25125.74,25108.9,25117.73,196,195,0,2026-07-10 13:10:00+00:00,2026-07-10 15:10:00+02:00
1783689300,25118.23,25128.3,25114.97,25128.29,242,195,0,2026-07-10 13:15:00+00:00,2026-07-10 15:15:00+02:00
1783689600,25127.29,25129.26,25110.05,25128.07,268,195,0,2026-07-10 13:20:00+00:00,2026-07-10 15:20:00+02:00
1783689900,25128.06,25133.14,25120.4,25126.45,240,195,0,2026-07-10 13:25:00+00:00,2026-07-10 15:25:00+02:00
1783690200,25127.44,25151.87,25126.46,25149.93,247,195,0,2026-07-10 13:30:00+00:00,2026-07-10 15:30:00+02:00
1783690500,25149.43,25157.73,25145.05,25146.63,234,195,0,2026-07-10 13:35:00+00:00,2026-07-10 15:35:00+02:00
1783690800,25147.13,25150.22,25128.7,25135.94,235,195,0,2026-07-10 13:40:00+00:00,2026-07-10 15:40:00+02:00
1783691100,25135.45,25141.96,25128.59,25140.05,243,195,0,2026-07-10 13:45:00+00:00,2026-07-10 15:45:00+02:00
1783691400,25138.55,25140.53,25119.5,25123.39,246,195,0,2026-07-10 13:50:00+00:00,2026-07-10 15:50:00+02:00
1783691700,25122.89,25137.84,25121.46,25136.32,236,195,0,2026-07-10 13:55:00+00:00,2026-07-10 15:55:00+02:00
1783692000,25135.82,25146.82,25121.94,25128.41,321,195,0,2026-07-10 14:00:00+00:00,2026-07-10 16:00:00+02:00
1783692300,25127.91,25143.73,25126.42,25136.76,253,195,0,2026-07-10 14:05:00+00:00,2026-07-10 16:05:00+02:00
1783692600,25137.26,25142.42,25126.15,25141.93,210,195,0,2026-07-10 14:10:00+00:00,2026-07-10 16:10:00+02:00
1783692900,25141.92,25151.95,25141.92,25145.86,182,195,0,2026-07-10 14:15:00+00:00,2026-07-10 16:15:00+02:00
1783693200,25146.36,25151.36,25136.64,25138.77,178,195,0,2026-07-10 14:20:00+00:00,2026-07-10 16:20:00+02:00
1783693500,25139.28,25139.28,25121.22,25127.41,327,195,0,2026-07-10 14:25:00+00:00,2026-07-10 16:25:00+02:00
1783693800,25126.91,25127.42,25095.17,25102.12,345,195,0,2026-07-10 14:30:00+00:00,2026-07-10 16:30:00+02:00
1783694100,25101.63,25107.06,25094.61,25102.54,337,195,0,2026-07-10 14:35:00+00:00,2026-07-10 16:35:00+02:00
1783694400,25102.04,25116.37,25098.57,25111.24,246,195,0,2026-07-10 14:40:00+00:00,2026-07-10 16:40:00+02:00
1783694700,25110.74,25124.99,25109.45,25113.18,253,195,0,2026-07-10 14:45:00+00:00,2026-07-10 16:45:00+02:00
1783695000,25112.18,25121.71,25101.43,25103.44,264,195,0,2026-07-10 14:50:00+00:00,2026-07-10 16:50:00+02:00
1783695300,25102.95,25107.45,25093.17,25106.01,242,195,0,2026-07-10 14:55:00+00:00,2026-07-10 16:55:00+02:00
1783695600,25105.52,25109.97,25081.97,25081.97,272,195,0,2026-07-10 15:00:00+00:00,2026-07-10 17:00:00+02:00
1783695900,25082.47,25091.78,25071.01,25089.15,336,195,0,2026-07-10 15:05:00+00:00,2026-07-10 17:05:00+02:00
1783696200,25089.64,25188.0,25089.63,25153.26,583,195,0,2026-07-10 15:10:00+00:00,2026-07-10 17:10:00+02:00
1783696500,25152.77,25156.24,25116.17,25118.8,600,195,0,2026-07-10 15:15:00+00:00,2026-07-10 17:15:00+02:00
1783696800,25117.31,25126.52,25107.47,25126.5,359,195,0,2026-07-10 15:20:00+00:00,2026-07-10 17:20:00+02:00
1783697100,25126.01,25134.99,25117.53,25121.01,238,195,0,2026-07-10 15:25:00+00:00,2026-07-10 17:25:00+02:00
1783697400,25120.51,25120.51,25098.75,25105.23,315,195,0,2026-07-10 15:30:00+00:00,2026-07-10 17:30:00+02:00
1783697700,25105.73,25117.48,25092.67,25115.98,324,195,0,2026-07-10 15:35:00+00:00,2026-07-10 17:35:00+02:00
1783698000,25116.47,25120.39,25109.25,25113.95,327,195,0,2026-07-10 15:40:00+00:00,2026-07-10 17:40:00+02:00
1783698300,25114.45,25126.3,25111.9,25122.29,289,195,0,2026-07-10 15:45:00+00:00,2026-07-10 17:45:00+02:00
1783698600,25121.79,25128.53,25119.53,25128.5,272,195,0,2026-07-10 15:50:00+00:00,2026-07-10 17:50:00+02:00
1783698900,25128.0,25129.94,25117.62,25124.69,287,195,0,2026-07-10 15:55:00+00:00,2026-07-10 17:55:00+02:00
1783699200,25125.18,25137.7,25114.27,25127.29,347,195,0,2026-07-10 16:00:00+00:00,2026-07-10 18:00:00+02:00
1783699500,25127.79,25135.17,25125.87,25127.4,281,195,0,2026-07-10 16:05:00+00:00,2026-07-10 18:05:00+02:00
1783699800,25127.41,25143.69,25125.51,25143.19,233,195,0,2026-07-10 16:10:00+00:00,2026-07-10 18:10:00+02:00
1783700100,25142.69,25155.32,25139.71,25146.73,225,195,0,2026-07-10 16:15:00+00:00,2026-07-10 18:15:00+02:00
1783700400,25147.23,25150.25,25141.23,25142.3,234,195,0,2026-07-10 16:20:00+00:00,2026-07-10 18:20:00+02:00
1783700700,25141.8,25144.4,25132.15,25141.02,321,195,0,2026-07-10 16:25:00+00:00,2026-07-10 18:25:00+02:00
1783701000,25141.51,25159.57,25116.05,25118.59,622,195,0,2026-07-10 16:30:00+00:00,2026-07-10 18:30:00+02:00
1783701300,25119.09,25126.06,25103.29,25108.55,569,195,0,2026-07-10 16:35:00+00:00,2026-07-10 18:35:00+02:00
1783701600,25109.05,25111.25,25096.59,25101.67,637,195,0,2026-07-10 16:40:00+00:00,2026-07-10 18:40:00+02:00
1783701900,25102.17,25119.68,25097.09,25117.16,515,195,0,2026-07-10 16:45:00+00:00,2026-07-10 18:45:00+02:00
1783702200,25118.16,25125.66,25102.27,25114.32,481,195,0,2026-07-10 16:50:00+00:00,2026-07-10 18:50:00+02:00
1783702500,25115.81,25115.81,25089.49,25091.52,532,195,0,2026-07-10 16:55:00+00:00,2026-07-10 18:55:00+02:00
1783702800,25089.53,25120.13,25087.57,25107.08,491,195,0,2026-07-10 17:00:00+00:00,2026-07-10 19:00:00+02:00
1783703100,25106.58,25121.65,25097.31,25121.17,451,195,0,2026-07-10 17:05:00+00:00,2026-07-10 19:05:00+02:00
1783703400,25120.17,25122.17,25097.63,25108.48,440,195,0,2026-07-10 17:10:00+00:00,2026-07-10 19:10:00+02:00
1783703700,25109.47,25128.05,25100.06,25118.53,478,195,0,2026-07-10 17:15:00+00:00,2026-07-10 19:15:00+02:00
1783704000,25119.53,25125.99,25092.45,25095.18,437,195,0,2026-07-10 17:20:00+00:00,2026-07-10 19:20:00+02:00
1783704300,25095.68,25111.04,25091.59,25092.59,413,195,0,2026-07-10 17:25:00+00:00,2026-07-10 19:25:00+02:00
1783704600,25093.09,25103.64,24932.21,25047.04,921,195,0,2026-07-10 17:30:00+00:00,2026-07-10 19:30:00+02:00
1783704900,25047.52,25079.25,25041.54,25062.21,988,195,0,2026-07-10 17:35:00+00:00,2026-07-10 19:35:00+02:00
1783705200,25061.72,25069.72,25053.13,25061.78,667,195,0,2026-07-10 17:40:00+00:00,2026-07-10 19:40:00+02:00
1783705500,25062.78,25069.11,25050.86,25064.65,539,195,0,2026-07-10 17:45:00+00:00,2026-07-10 19:45:00+02:00
1783705800,25065.14,25068.89,25051.88,25064.93,563,195,0,2026-07-10 17:50:00+00:00,2026-07-10 19:50:00+02:00
1783706100,25065.43,25066.42,25035.39,25042.14,539,195,0,2026-07-10 17:55:00+00:00,2026-07-10 19:55:00+02:00
1783706400,25041.65,25047.11,25014.82,25019.31,554,195,0,2026-07-10 18:00:00+00:00,2026-07-10 20:00:00+02:00
1783706700,25017.82,25026.86,25011.91,25018.55,489,195,0,2026-07-10 18:05:00+00:00,2026-07-10 20:05:00+02:00
1783707000,25018.05,25036.44,25013.61,25031.27,420,195,0,2026-07-10 18:10:00+00:00,2026-07-10 20:10:00+02:00
1783707300,25030.77,25065.76,25030.28,25060.83,468,195,0,2026-07-10 18:15:00+00:00,2026-07-10 20:15:00+02:00
1783707600,25061.33,25073.32,25049.9,25063.86,483,195,0,2026-07-10 18:20:00+00:00,2026-07-10 20:20:00+02:00
1783707900,25064.35,25088.65,25063.85,25088.62,411,195,0,2026-07-10 18:25:00+00:00,2026-07-10 20:25:00+02:00
1783708200,25086.13,25089.12,25064.72,25078.66,467,195,0,2026-07-10 18:30:00+00:00,2026-07-10 20:30:00+02:00
1783708500,25074.67,25079.65,25058.26,25062.24,405,195,0,2026-07-10 18:35:00+00:00,2026-07-10 20:35:00+02:00
1783708800,25061.74,25069.21,25052.28,25063.74,480,195,0,2026-07-10 18:40:00+00:00,2026-07-10 20:40:00+02:00
1783709100,25063.24,25078.67,25059.26,25075.69,409,195,0,2026-07-10 18:45:00+00:00,2026-07-10 20:45:00+02:00
1783709400,25076.19,25085.24,25073.78,25080.26,304,195,0,2026-07-10 18:50:00+00:00,2026-07-10 20:50:00+02:00
1783709700,25079.27,25083.75,25074.29,25080.27,216,195,0,2026-07-10 18:55:00+00:00,2026-07-10 20:55:00+02:00
1783710000,25079.77,25095.15,25079.77,25087.2,251,195,0,2026-07-10 19:00:00+00:00,2026-07-10 21:00:00+02:00
1783710300,25087.69,25090.68,25080.73,25087.2,237,195,0,2026-07-10 19:05:00+00:00,2026-07-10 21:05:00+02:00
1783710600,25087.7,25095.66,25085.21,25091.19,261,195,0,2026-07-10 19:10:00+00:00,2026-07-10 21:10:00+02:00
1783710900,25090.69,25100.65,25090.69,25093.19,211,195,0,2026-07-10 19:15:00+00:00,2026-07-10 21:15:00+02:00
1783711200,25094.68,25095.68,25084.73,25084.73,159,195,0,2026-07-10 19:20:00+00:00,2026-07-10 21:20:00+02:00
1783711500,25085.23,25092.7,25085.23,25087.72,114,195,0,2026-07-10 19:25:00+00:00,2026-07-10 21:25:00+02:00
1783711800,25090.21,25091.71,25080.26,25081.76,96,195,0,2026-07-10 19:30:00+00:00,2026-07-10 21:30:00+02:00
1783712100,25082.25,25083.75,25075.79,25079.77,127,195,0,2026-07-10 19:35:00+00:00,2026-07-10 21:35:00+02:00
1783712400,25079.27,25095.2,25079.27,25094.21,76,195,0,2026-07-10 19:40:00+00:00,2026-07-10 21:40:00+02:00
1783712700,25093.71,25101.18,25091.23,25098.2,133,195,0,2026-07-10 19:45:00+00:00,2026-07-10 21:45:00+02:00
1783713000,25098.69,25111.14,25098.2,25111.14,163,195,0,2026-07-10 19:50:00+00:00,2026-07-10 21:50:00+02:00
1783713300,25110.15,25114.63,25108.16,25113.14,134,195,0,2026-07-10 19:55:00+00:00,2026-07-10 21:55:00+02:00
1783713600,25113.64,25118.12,25108.67,25109.16,109,195,0,2026-07-10 20:00:00+00:00,2026-07-10 22:00:00+02:00
1783713900,25109.66,25111.65,25103.69,25104.69,98,195,0,2026-07-10 20:05:00+00:00,2026-07-10 22:05:00+02:00
1783714200,25104.19,25108.18,25101.21,25108.18,67,195,0,2026-07-10 20:10:00+00:00,2026-07-10 22:10:00+02:00
1783714500,25107.68,25114.16,25107.18,25111.67,101,195,0,2026-07-10 20:15:00+00:00,2026-07-10 22:15:00+02:00
1783714800,25112.17,25119.64,25111.67,25119.14,110,195,0,2026-07-10 20:20:00+00:00,2026-07-10 22:20:00+02:00
1783715100,25118.64,25119.14,25112.67,25117.16,73,195,0,2026-07-10 20:25:00+00:00,2026-07-10 22:25:00+02:00
1783715400,25117.65,25125.12,25117.16,25119.65,108,195,0,2026-07-10 20:30:00+00:00,2026-07-10 22:30:00+02:00
1783715700,25120.65,25126.12,25117.66,25117.66,131,195,0,2026-07-10 20:35:00+00:00,2026-07-10 22:35:00+02:00
1783716000,25116.67,25122.65,25116.67,25121.65,68,195,0,2026-07-10 20:40:00+00:00,2026-07-10 22:40:00+02:00
1783716300,25122.15,25124.14,25119.17,25122.65,42,195,0,2026-07-10 20:45:00+00:00,2026-07-10 22:45:00+02:00
1783716600,25122.16,25127.63,25121.66,25122.16,61,195,0,2026-07-10 20:50:00+00:00,2026-07-10 22:50:00+02:00
1783716900,25123.16,25123.16,25111.72,25113.21,116,195,0,2026-07-10 20:55:00+00:00,2026-07-10 22:55:00+02:00
1783717200,25113.71,25120.18,25112.21,25119.68,131,195,0,2026-07-10 21:00:00+00:00,2026-07-10 23:00:00+02:00
1783717500,25120.18,25120.68,25113.72,25115.71,103,195,0,2026-07-10 21:05:00+00:00,2026-07-10 23:05:00+02:00
1783717800,25116.21,25123.67,25112.23,25114.22,129,195,0,2026-07-10 21:10:00+00:00,2026-07-10 23:10:00+02:00
1783718100,25114.72,25115.72,25108.75,25111.24,135,195,0,2026-07-10 21:15:00+00:00,2026-07-10 23:15:00+02:00
1783718400,25112.24,25118.21,25107.76,25115.73,100,195,0,2026-07-10 21:20:00+00:00,2026-07-10 23:20:00+02:00
1783718700,25116.22,25124.19,25114.73,25121.7,142,195,0,2026-07-10 21:25:00+00:00,2026-07-10 23:25:00+02:00
1783719000,25122.2,25129.67,25121.21,25129.18,128,195,0,2026-07-10 21:30:00+00:00,2026-07-10 23:30:00+02:00
1783719300,25128.68,25128.68,25118.73,25119.72,106,195,0,2026-07-10 21:35:00+00:00,2026-07-10 23:35:00+02:00
1783719600,25119.73,25123.71,25119.23,25119.73,72,195,0,2026-07-10 21:40:00+00:00,2026-07-10 23:40:00+02:00
1783719900,25120.23,25123.22,25115.26,25115.26,70,195,0,2026-07-10 21:45:00+00:00,2026-07-10 23:45:00+02:00
1783720200,25115.76,25116.75,25110.78,25116.26,40,195,0,2026-07-10 21:50:00+00:00,2026-07-10 23:50:00+02:00
1783720500,25115.76,25116.26,25111.78,25114.77,70,195,0,2026-07-10 21:55:00+00:00,2026-07-10 23:55:00+02:00
1783720800,25115.27,25120.25,25111.79,25117.76,121,195,0,2026-07-10 22:00:00+00:00,2026-07-11 00:00:00+02:00
1783721100,25119.75,25120.75,25115.77,25120.75,60,195,0,2026-07-10 22:05:00+00:00,2026-07-11 00:05:00+02:00
1783721400,25121.75,25122.25,25114.29,25120.26,86,195,0,2026-07-10 22:10:00+00:00,2026-07-11 00:10:00+02:00
1783721700,25119.77,25122.75,25116.78,25117.78,79,195,0,2026-07-10 22:15:00+00:00,2026-07-11 00:15:00+02:00
1783722000,25118.28,25118.78,25105.34,25106.34,99,195,0,2026-07-10 22:20:00+00:00,2026-07-11 00:20:00+02:00
1783722300,25105.84,25112.81,25104.85,25112.81,77,195,0,2026-07-10 22:25:00+00:00,2026-07-11 00:25:00+02:00
1783722600,25110.33,25123.27,25109.83,25111.82,125,195,0,2026-07-10 22:30:00+00:00,2026-07-11 00:30:00+02:00
1783722900,25111.33,25112.82,25106.85,25110.84,106,195,0,2026-07-10 22:35:00+00:00,2026-07-11 00:35:00+02:00
1783723200,25109.34,25115.81,25100.89,25103.87,126,195,0,2026-07-10 22:40:00+00:00,2026-07-11 00:40:00+02:00
1783723500,25102.88,25106.86,25099.4,25104.87,150,195,0,2026-07-10 22:45:00+00:00,2026-07-11 00:45:00+02:00
1783723800,25105.87,25112.84,25104.87,25107.87,152,195,0,2026-07-10 22:50:00+00:00,2026-07-11 00:50:00+02:00
1783724100,25107.37,25115.33,25101.4,25107.37,189,195,0,2026-07-10 22:55:00+00:00,2026-07-11 00:55:00+02:00
1783904700,25014.92,25014.92,24990.89,24993.5,412,840,0,2026-07-13 01:05:00+00:00,2026-07-13 03:05:00+02:00
1783905000,24993.79,24998.71,24967.36,24967.94,401,840,0,2026-07-13 01:10:00+00:00,2026-07-13 03:10:00+02:00
1783905300,24968.23,24980.99,24967.94,24970.86,313,840,0,2026-07-13 01:15:00+00:00,2026-07-13 03:15:00+02:00
1783905600,24969.99,24978.97,24969.7,24975.49,240,840,0,2026-07-13 01:20:00+00:00,2026-07-13 03:20:00+02:00
1783905900,24975.78,24978.97,24972.6,24978.1,159,840,0,2026-07-13 01:25:00+00:00,2026-07-13 03:25:00+02:00
1783906200,24978.39,24988.26,24978.1,24987.1,160,840,0,2026-07-13 01:30:00+00:00,2026-07-13 03:30:00+02:00
1783906500,24986.81,24989.42,24980.73,24988.26,190,840,0,2026-07-13 01:35:00+00:00,2026-07-13 03:35:00+02:00
1783906800,24987.68,24990.87,24984.49,24989.42,95,840,0,2026-07-13 01:40:00+00:00,2026-07-13 03:40:00+02:00
1783907100,24989.13,24989.71,24983.34,24985.07,112,840,0,2026-07-13 01:45:00+00:00,2026-07-13 03:45:00+02:00
1783907400,24985.36,24991.73,24985.36,24990.0,84,840,0,2026-07-13 01:50:00+00:00,2026-07-13 03:50:00+02:00
1783907700,24990.29,25003.47,24990.0,25002.31,111,840,0,2026-07-13 01:55:00+00:00,2026-07-13 03:55:00+02:00
1783908000,25002.02,25002.89,24995.6,24997.05,153,840,0,2026-07-13 02:00:00+00:00,2026-07-13 04:00:00+02:00
1783908300,24997.34,25001.1,24995.89,24996.18,100,840,0,2026-07-13 02:05:00+00:00,2026-07-13 04:05:00+02:00
1783908600,24996.47,24997.92,24994.44,24996.18,74,840,0,2026-07-13 02:10:00+00:00,2026-07-13 04:10:00+02:00
1783908900,24995.89,24996.76,24991.26,24995.6,107,840,0,2026-07-13 02:15:00+00:00,2026-07-13 04:15:00+02:00
1783909200,24995.89,24996.18,24990.39,24992.13,69,840,0,2026-07-13 02:20:00+00:00,2026-07-13 04:20:00+02:00
1783909500,24992.42,24994.73,24990.97,24993.86,55,840,0,2026-07-13 02:25:00+00:00,2026-07-13 04:25:00+02:00
1783909800,24993.57,24994.73,24991.26,24992.71,89,840,0,2026-07-13 02:30:00+00:00,2026-07-13 04:30:00+02:00
1783910100,24993.28,24993.57,24984.55,24986.86,113,840,0,2026-07-13 02:35:00+00:00,2026-07-13 04:35:00+02:00
1783910400,24987.44,24988.02,24984.55,24985.99,58,840,0,2026-07-13 02:40:00+00:00,2026-07-13 04:40:00+02:00
1783910700,24985.71,24986.28,24975.28,24979.04,314,840,0,2026-07-13 02:45:00+00:00,2026-07-13 04:45:00+02:00
1783911000,24979.33,24990.34,24978.18,24984.55,284,840,0,2026-07-13 02:50:00+00:00,2026-07-13 04:50:00+02:00
1783911300,24984.84,24992.63,24981.65,24992.05,278,840,0,2026-07-13 02:55:00+00:00,2026-07-13 04:55:00+02:00
1783912500,25040.2,25045.53,25014.03,25022.03,109,195,0,2026-07-13 03:15:00+00:00,2026-07-13 05:15:00+02:00
1783912800,25023.53,25038.53,25022.53,25036.53,93,195,0,2026-07-13 03:20:00+00:00,2026-07-13 05:20:00+02:00
1783913100,25037.03,25045.53,25033.53,25033.53,59,195,0,2026-07-13 03:25:00+00:00,2026-07-13 05:25:00+02:00
1783913400,25032.53,25032.53,24996.53,24998.03,188,195,0,2026-07-13 03:30:00+00:00,2026-07-13 05:30:00+02:00
1783913700,24997.03,25001.53,24978.03,24983.53,132,195,0,2026-07-13 03:35:00+00:00,2026-07-13 05:35:00+02:00
1783914000,24983.03,24986.53,24967.03,24973.03,234,195,0,2026-07-13 03:40:00+00:00,2026-07-13 05:40:00+02:00
1783914300,24975.03,24987.03,24966.53,24966.53,199,195,0,2026-07-13 03:45:00+00:00,2026-07-13 05:45:00+02:00
1783914600,24965.53,24967.03,24938.53,24942.53,231,195,0,2026-07-13 03:50:00+00:00,2026-07-13 05:50:00+02:00
1783914900,24942.03,24950.53,24936.03,24950.03,197,195,0,2026-07-13 03:55:00+00:00,2026-07-13 05:55:00+02:00
1783915200,24949.03,24955.03,24933.03,24939.53,297,195,0,2026-07-13 04:00:00+00:00,2026-07-13 06:00:00+02:00
1783915500,24940.03,24945.03,24929.03,24930.03,276,195,0,2026-07-13 04:05:00+00:00,2026-07-13 06:05:00+02:00
1783915800,24929.53,24938.03,24921.03,24935.53,161,195,0,2026-07-13 04:10:00+00:00,2026-07-13 06:10:00+02:00
1783916100,24934.53,24952.03,24934.03,24939.53,138,195,0,2026-07-13 04:15:00+00:00,2026-07-13 06:15:00+02:00
1783916400,24940.53,24946.53,24924.03,24928.53,144,195,0,2026-07-13 04:20:00+00:00,2026-07-13 06:20:00+02:00
1783916700,24928.03,24931.53,24919.03,24930.53,193,195,0,2026-07-13 04:25:00+00:00,2026-07-13 06:25:00+02:00
1783917000,24928.53,24935.53,24917.53,24925.03,205,195,0,2026-07-13 04:30:00+00:00,2026-07-13 06:30:00+02:00
1783917300,24926.53,24947.53,24921.03,24942.03,184,195,0,2026-07-13 04:35:00+00:00,2026-07-13 06:35:00+02:00
1783917600,24941.53,24943.53,24924.03,24927.03,246,195,0,2026-07-13 04:40:00+00:00,2026-07-13 06:40:00+02:00
1783917900,24927.53,24930.03,24917.53,24917.53,178,195,0,2026-07-13 04:45:00+00:00,2026-07-13 06:45:00+02:00
1783918200,24916.53,24922.03,24904.03,24909.53,221,195,0,2026-07-13 04:50:00+00:00,2026-07-13 06:50:00+02:00
1783918500,24910.03,24912.53,24896.03,24906.53,148,195,0,2026-07-13 04:55:00+00:00,2026-07-13 06:55:00+02:00
1783918800,24911.03,24914.03,24890.03,24894.53,221,195,0,2026-07-13 05:00:00+00:00,2026-07-13 07:00:00+02:00
1783919100,24896.53,24905.03,24890.53,24902.53,195,195,0,2026-07-13 05:05:00+00:00,2026-07-13 07:05:00+02:00
1783919400,24902.03,24912.53,24898.53,24898.53,144,195,0,2026-07-13 05:10:00+00:00,2026-07-13 07:10:00+02:00
1783919700,24900.03,24910.03,24896.03,24903.03,166,195,0,2026-07-13 05:15:00+00:00,2026-07-13 07:15:00+02:00
1783920000,24904.03,24919.53,24903.53,24918.53,97,195,0,2026-07-13 05:20:00+00:00,2026-07-13 07:20:00+02:00
1783920300,24919.03,24924.53,24914.03,24917.53,62,195,0,2026-07-13 05:25:00+00:00,2026-07-13 07:25:00+02:00
1783920600,24918.53,24918.53,24902.03,24913.53,112,195,0,2026-07-13 05:30:00+00:00,2026-07-13 07:30:00+02:00
1783920900,24914.03,24917.03,24908.03,24908.53,81,195,0,2026-07-13 05:35:00+00:00,2026-07-13 07:35:00+02:00
1783921200,24908.03,24908.03,24900.53,24905.53,91,195,0,2026-07-13 05:40:00+00:00,2026-07-13 07:40:00+02:00
1783921500,24904.53,24905.03,24896.53,24900.03,82,195,0,2026-07-13 05:45:00+00:00,2026-07-13 07:45:00+02:00
1783921800,24900.53,24903.03,24893.53,24895.53,105,195,0,2026-07-13 05:50:00+00:00,2026-07-13 07:50:00+02:00
1783922100,24896.03,24897.53,24888.03,24888.53,45,195,0,2026-07-13 05:55:00+00:00,2026-07-13 07:55:00+02:00
1783922400,24889.03,24891.53,24874.53,24875.03,110,195,0,2026-07-13 06:00:00+00:00,2026-07-13 08:00:00+02:00
1783922700,24875.53,24880.53,24858.53,24863.53,88,195,0,2026-07-13 06:05:00+00:00,2026-07-13 08:05:00+02:00
1783923000,24864.53,24867.03,24858.53,24862.53,54,195,0,2026-07-13 06:10:00+00:00,2026-07-13 08:10:00+02:00
1783923300,24863.53,24864.53,24856.03,24856.03,50,195,0,2026-07-13 06:15:00+00:00,2026-07-13 08:15:00+02:00
1783923600,24858.03,24862.53,24853.03,24859.03,51,195,0,2026-07-13 06:20:00+00:00,2026-07-13 08:20:00+02:00
1783923900,24859.03,24866.03,24856.03,24861.53,63,195,0,2026-07-13 06:25:00+00:00,2026-07-13 08:25:00+02:00
1783924200,24861.03,24864.53,24851.53,24851.53,86,195,0,2026-07-13 06:30:00+00:00,2026-07-13 08:30:00+02:00
1783924500,24851.53,24867.53,24844.03,24866.53,100,195,0,2026-07-13 06:35:00+00:00,2026-07-13 08:35:00+02:00
1783924800,24866.03,24871.53,24852.03,24855.03,105,195,0,2026-07-13 06:40:00+00:00,2026-07-13 08:40:00+02:00
1783925100,24855.53,24862.03,24853.03,24859.03,93,195,0,2026-07-13 06:45:00+00:00,2026-07-13 08:45:00+02:00
1783925400,24861.03,24862.53,24848.53,24857.03,69,195,0,2026-07-13 06:50:00+00:00,2026-07-13 08:50:00+02:00
1783925700,24855.03,24856.03,24844.53,24845.03,65,195,0,2026-07-13 06:55:00+00:00,2026-07-13 08:55:00+02:00
1783926000,24844.53,24844.53,24829.03,24831.03,106,195,0,2026-07-13 07:00:00+00:00,2026-07-13 09:00:00+02:00
1783926300,24832.53,24834.03,24820.53,24821.03,106,195,0,2026-07-13 07:05:00+00:00,2026-07-13 09:05:00+02:00
1783926600,24821.53,24824.03,24818.53,24820.53,63,195,0,2026-07-13 07:10:00+00:00,2026-07-13 09:10:00+02:00
1783926900,24820.03,24833.03,24818.03,24829.53,72,195,0,2026-07-13 07:15:00+00:00,2026-07-13 09:15:00+02:00
1783927200,24829.03,24837.53,24825.03,24825.03,104,195,0,2026-07-13 07:20:00+00:00,2026-07-13 09:20:00+02:00
1783927500,24824.53,24829.53,24815.03,24825.53,74,195,0,2026-07-13 07:25:00+00:00,2026-07-13 09:25:00+02:00
1783927800,24826.03,24829.03,24816.53,24824.53,79,195,0,2026-07-13 07:30:00+00:00,2026-07-13 09:30:00+02:00
1783928100,24824.03,24825.03,24814.53,24824.03,36,195,0,2026-07-13 07:35:00+00:00,2026-07-13 09:35:00+02:00
1783928400,24823.53,24823.53,24807.03,24812.03,69,195,0,2026-07-13 07:40:00+00:00,2026-07-13 09:40:00+02:00
1783928700,24810.03,24810.53,24798.03,24798.53,39,195,0,2026-07-13 07:45:00+00:00,2026-07-13 09:45:00+02:00
1783929000,24798.03,24804.03,24791.03,24798.03,65,195,0,2026-07-13 07:50:00+00:00,2026-07-13 09:50:00+02:00
1783929300,24797.03,24805.03,24793.53,24803.53,48,195,0,2026-07-13 07:55:00+00:00,2026-07-13 09:55:00+02:00
1783929600,24804.03,24827.53,24798.53,24824.53,163,195,0,2026-07-13 08:00:00+00:00,2026-07-13 10:00:00+02:00
1783929900,24824.03,24844.03,24821.03,24844.03,122,195,0,2026-07-13 08:05:00+00:00,2026-07-13 10:05:00+02:00
1783930200,24845.53,24859.03,24841.53,24857.53,130,195,0,2026-07-13 08:10:00+00:00,2026-07-13 10:10:00+02:00
1783930500,24858.53,24858.53,24835.03,24840.53,130,195,0,2026-07-13 08:15:00+00:00,2026-07-13 10:15:00+02:00
1783930800,24841.03,24841.53,24804.03,24812.03,177,195,0,2026-07-13 08:20:00+00:00,2026-07-13 10:20:00+02:00
1783931100,24811.53,24819.03,24800.03,24804.53,169,195,0,2026-07-13 08:25:00+00:00,2026-07-13 10:25:00+02:00
1783931400,24805.53,24836.53,24771.03,24836.03,222,195,0,2026-07-13 08:30:00+00:00,2026-07-13 10:30:00+02:00
1783931700,24835.53,24850.03,24835.53,24845.03,156,195,0,2026-07-13 08:35:00+00:00,2026-07-13 10:35:00+02:00
1783932000,24843.53,24859.03,24831.53,24835.03,159,195,0,2026-07-13 08:40:00+00:00,2026-07-13 10:40:00+02:00
1783932300,24834.53,24839.03,24824.53,24837.53,160,195,0,2026-07-13 08:45:00+00:00,2026-07-13 10:45:00+02:00
1783932600,24838.03,24861.53,24833.53,24835.03,183,195,0,2026-07-13 08:50:00+00:00,2026-07-13 10:50:00+02:00
1783932900,24834.03,24849.53,24826.53,24849.53,133,195,0,2026-07-13 08:55:00+00:00,2026-07-13 10:55:00+02:00
1783933200,24849.03,24875.53,24848.53,24865.03,229,195,0,2026-07-13 09:00:00+00:00,2026-07-13 11:00:00+02:00
1783933500,24865.53,24875.53,24849.53,24871.03,323,195,0,2026-07-13 09:05:00+00:00,2026-07-13 11:05:00+02:00
1783933800,24871.53,24878.03,24856.53,24862.53,327,195,0,2026-07-13 09:10:00+00:00,2026-07-13 11:10:00+02:00
1783934100,24862.03,24883.03,24861.03,24883.03,332,195,0,2026-07-13 09:15:00+00:00,2026-07-13 11:15:00+02:00
1783934400,24882.53,24891.03,24875.53,24886.03,268,195,0,2026-07-13 09:20:00+00:00,2026-07-13 11:20:00+02:00
1783934700,24886.53,24904.03,24886.03,24899.53,289,195,0,2026-07-13 09:25:00+00:00,2026-07-13 11:25:00+02:00
1783935000,24901.53,24906.03,24887.53,24887.53,310,195,0,2026-07-13 09:30:00+00:00,2026-07-13 11:30:00+02:00
1783935300,24887.03,24897.53,24886.03,24889.53,176,195,0,2026-07-13 09:35:00+00:00,2026-07-13 11:35:00+02:00
1783935600,24890.03,24907.53,24887.53,24905.03,186,195,0,2026-07-13 09:40:00+00:00,2026-07-13 11:40:00+02:00
1783935900,24904.03,24919.53,24901.03,24913.53,218,195,0,2026-07-13 09:45:00+00:00,2026-07-13 11:45:00+02:00
1783936200,24913.03,24922.53,24910.03,24919.53,170,195,0,2026-07-13 09:50:00+00:00,2026-07-13 11:50:00+02:00
1783936500,24920.03,24930.03,24913.03,24926.03,181,195,0,2026-07-13 09:55:00+00:00,2026-07-13 11:55:00+02:00
1783936800,24926.53,25017.53,24926.53,25014.53,823,195,0,2026-07-13 10:00:00+00:00,2026-07-13 12:00:00+02:00
1783937100,25014.03,25032.53,25006.53,25021.53,643,195,0,2026-07-13 10:05:00+00:00,2026-07-13 12:05:00+02:00
1783937400,25020.03,25050.03,25018.03,25048.53,566,195,0,2026-07-13 10:10:00+00:00,2026-07-13 12:10:00+02:00
1783937700,25049.53,25053.53,25008.53,25009.03,485,195,0,2026-07-13 10:15:00+00:00,2026-07-13 12:15:00+02:00
1783938000,25009.53,25047.53,25008.53,25046.03,444,195,0,2026-07-13 10:20:00+00:00,2026-07-13 12:20:00+02:00
1783938300,25045.53,25059.53,25034.03,25049.03,389,195,0,2026-07-13 10:25:00+00:00,2026-07-13 12:25:00+02:00
1783938600,25048.53,25052.03,25011.03,25030.53,430,195,0,2026-07-13 10:30:00+00:00,2026-07-13 12:30:00+02:00
1783938900,25031.03,25048.53,25023.03,25038.53,384,195,0,2026-07-13 10:35:00+00:00,2026-07-13 12:35:00+02:00
1783939200,25039.03,25061.03,25031.03,25040.03,424,195,0,2026-07-13 10:40:00+00:00,2026-07-13 12:40:00+02:00
1783939500,25040.53,25047.53,25033.53,25035.53,340,195,0,2026-07-13 10:45:00+00:00,2026-07-13 12:45:00+02:00
1783939800,25035.03,25060.53,25025.53,25060.53,339,195,0,2026-07-13 10:50:00+00:00,2026-07-13 12:50:00+02:00
1783940100,25061.03,25068.03,25049.53,25067.53,361,195,0,2026-07-13 10:55:00+00:00,2026-07-13 12:55:00+02:00
1783940400,25068.53,25081.03,25047.53,25056.03,482,195,0,2026-07-13 11:00:00+00:00,2026-07-13 13:00:00+02:00
1783940700,25055.53,25082.03,25054.03,25068.03,475,195,0,2026-07-13 11:05:00+00:00,2026-07-13 13:05:00+02:00
1783941000,25069.03,25089.03,25066.53,25082.03,413,195,0,2026-07-13 11:10:00+00:00,2026-07-13 13:10:00+02:00
1783941300,25082.53,25100.53,25079.53,25095.53,398,195,0,2026-07-13 11:15:00+00:00,2026-07-13 13:15:00+02:00
1783941600,25096.03,25098.53,25083.03,25094.03,354,195,0,2026-07-13 11:20:00+00:00,2026-07-13 13:20:00+02:00
1783941900,25094.53,25105.03,25087.03,25089.03,369,195,0,2026-07-13 11:25:00+00:00,2026-07-13 13:25:00+02:00
1783942200,25090.03,25102.03,25084.53,25090.53,312,195,0,2026-07-13 11:30:00+00:00,2026-07-13 13:30:00+02:00
1783942500,25090.03,25108.03,25089.53,25097.53,267,195,0,2026-07-13 11:35:00+00:00,2026-07-13 13:35:00+02:00
1783942800,25096.53,25100.03,25085.03,25091.03,252,195,0,2026-07-13 11:40:00+00:00,2026-07-13 13:40:00+02:00
1783943100,25088.53,25101.53,25085.53,25095.03,271,195,0,2026-07-13 11:45:00+00:00,2026-07-13 13:45:00+02:00
1783943400,25094.53,25119.53,25094.53,25118.53,282,195,0,2026-07-13 11:50:00+00:00,2026-07-13 13:50:00+02:00
1783943700,25118.03,25118.53,25102.03,25114.53,258,195,0,2026-07-13 11:55:00+00:00,2026-07-13 13:55:00+02:00
1783944000,25115.03,25124.53,25105.53,25112.03,284,195,0,2026-07-13 12:00:00+00:00,2026-07-13 14:00:00+02:00
1783944300,25113.03,25115.03,25094.53,25099.53,242,195,0,2026-07-13 12:05:00+00:00,2026-07-13 14:05:00+02:00
1783944600,25098.53,25099.03,25088.03,25092.53,146,195,0,2026-07-13 12:10:00+00:00,2026-07-13 14:10:00+02:00
1783944900,25093.03,25106.03,25088.53,25102.53,149,195,0,2026-07-13 12:15:00+00:00,2026-07-13 14:15:00+02:00
1783945200,25101.03,25118.53,25099.03,25118.03,203,195,0,2026-07-13 12:20:00+00:00,2026-07-13 14:20:00+02:00
1783945500,25119.03,25144.53,25114.53,25140.03,279,195,0,2026-07-13 12:25:00+00:00,2026-07-13 14:25:00+02:00
1783945800,25137.03,25145.53,25130.53,25140.53,300,195,0,2026-07-13 12:30:00+00:00,2026-07-13 14:30:00+02:00
1783946100,25141.03,25154.03,25136.03,25153.03,215,195,0,2026-07-13 12:35:00+00:00,2026-07-13 14:35:00+02:00
1783946400,25153.53,25154.53,25137.03,25141.03,243,195,0,2026-07-13 12:40:00+00:00,2026-07-13 14:40:00+02:00
1783946700,25141.53,25153.53,25141.03,25149.03,209,195,0,2026-07-13 12:45:00+00:00,2026-07-13 14:45:00+02:00
1783947000,25149.53,25149.53,25134.53,25140.03,250,195,0,2026-07-13 12:50:00+00:00,2026-07-13 14:50:00+02:00
1783947300,25140.53,25149.03,25138.03,25144.03,237,195,0,2026-07-13 12:55:00+00:00,2026-07-13 14:55:00+02:00
1783947600,25144.53,25153.53,25124.53,25132.96,281,195,0,2026-07-13 13:00:00+00:00,2026-07-13 15:00:00+02:00
1783947900,25133.45,25133.94,25109.04,25112.55,230,195,0,2026-07-13 13:05:00+00:00,2026-07-13 15:05:00+02:00
1783948200,25112.06,25121.56,25111.06,25121.52,267,195,0,2026-07-13 13:10:00+00:00,2026-07-13 15:10:00+02:00
1783948500,25121.02,25121.02,25100.74,25105.1,254,195,0,2026-07-13 13:15:00+00:00,2026-07-13 15:15:00+02:00
1783948800,25105.59,25106.1,25082.87,25083.88,270,195,0,2026-07-13 13:20:00+00:00,2026-07-13 15:20:00+02:00
1783949100,25083.39,25087.7,25073.1,25079.49,274,195,0,2026-07-13 13:25:00+00:00,2026-07-13 15:25:00+02:00
1783949400,25079.99,25082.89,25064.15,25073.7,310,195,0,2026-07-13 13:30:00+00:00,2026-07-13 15:30:00+02:00
1783949700,25074.69,25103.14,25072.2,25099.11,263,195,0,2026-07-13 13:35:00+00:00,2026-07-13 15:35:00+02:00
1783950000,25100.6,25107.92,25088.35,25100.9,287,195,0,2026-07-13 13:40:00+00:00,2026-07-13 15:40:00+02:00
1783950300,25100.41,25116.44,25099.81,25110.01,298,195,0,2026-07-13 13:45:00+00:00,2026-07-13 15:45:00+02:00
1783950600,25109.51,25109.51,25093.18,25096.65,271,195,0,2026-07-13 13:50:00+00:00,2026-07-13 15:50:00+02:00
1783950900,25097.15,25104.21,25091.2,25103.19,246,195,0,2026-07-13 13:55:00+00:00,2026-07-13 15:55:00+02:00
1783951200,25103.69,25116.13,25091.24,25111.1,283,195,0,2026-07-13 14:00:00+00:00,2026-07-13 16:00:00+02:00
1783951500,25111.6,25131.61,25107.12,25123.11,370,195,0,2026-07-13 14:05:00+00:00,2026-07-13 16:05:00+02:00
1783951800,25122.61,25123.63,25099.97,25106.42,316,195,0,2026-07-13 14:10:00+00:00,2026-07-13 16:10:00+02:00
1783952100,25105.42,25116.81,25096.67,25097.16,257,195,0,2026-07-13 14:15:00+00:00,2026-07-13 16:15:00+02:00
1783952400,25096.17,25111.36,25094.18,25107.45,280,195,0,2026-07-13 14:20:00+00:00,2026-07-13 16:20:00+02:00
1783952700,25106.95,25123.4,25105.46,25118.76,252,195,0,2026-07-13 14:25:00+00:00,2026-07-13 16:25:00+02:00
1783953000,25118.26,25126.98,25113.08,25125.96,283,195,0,2026-07-13 14:30:00+00:00,2026-07-13 16:30:00+02:00
1783953300,25126.45,25129.91,25108.26,25109.77,298,195,0,2026-07-13 14:35:00+00:00,2026-07-13 16:35:00+02:00
1783953600,25110.77,25123.44,25105.84,25122.92,235,195,0,2026-07-13 14:40:00+00:00,2026-07-13 16:40:00+02:00
1783953900,25122.91,25123.41,25104.45,25110.15,319,195,0,2026-07-13 14:45:00+00:00,2026-07-13 16:45:00+02:00
1783954200,25109.65,25115.38,25090.87,25096.35,241,195,0,2026-07-13 14:50:00+00:00,2026-07-13 16:50:00+02:00
1783954500,25096.85,25097.98,25085.2,25096.8,282,195,0,2026-07-13 14:55:00+00:00,2026-07-13 16:55:00+02:00
1783954800,25097.3,25097.3,25078.21,25081.22,350,195,0,2026-07-13 15:00:00+00:00,2026-07-13 17:00:00+02:00
1783955100,25082.22,25097.64,25075.49,25096.64,368,195,0,2026-07-13 15:05:00+00:00,2026-07-13 17:05:00+02:00
1783955400,25095.64,25116.34,25068.01,25069.52,547,195,0,2026-07-13 15:10:00+00:00,2026-07-13 17:10:00+02:00
1783955700,25071.01,25096.57,25071.01,25092.51,393,195,0,2026-07-13 15:15:00+00:00,2026-07-13 17:15:00+02:00
1783956000,25092.52,25092.52,25073.67,25078.01,366,195,0,2026-07-13 15:20:00+00:00,2026-07-13 17:20:00+02:00
1783956300,25077.51,25080.43,25072.22,25076.87,298,195,0,2026-07-13 15:25:00+00:00,2026-07-13 17:25:00+02:00
1783956600,25077.37,25080.84,25069.29,25073.88,395,195,0,2026-07-13 15:30:00+00:00,2026-07-13 17:30:00+02:00
1783956900,25072.89,25072.89,25054.04,25058.01,371,195,0,2026-07-13 15:35:00+00:00,2026-07-13 17:35:00+02:00
1783957200,25058.5,25065.48,25049.03,25063.45,346,195,0,2026-07-13 15:40:00+00:00,2026-07-13 17:40:00+02:00
1783957500,25062.96,25087.76,25061.94,25085.6,345,195,0,2026-07-13 15:45:00+00:00,2026-07-13 17:45:00+02:00
1783957800,25085.09,25102.99,25081.09,25097.97,421,195,0,2026-07-13 15:50:00+00:00,2026-07-13 17:50:00+02:00
1783958100,25098.97,25122.29,25095.91,25118.31,323,195,0,2026-07-13 15:55:00+00:00,2026-07-13 17:55:00+02:00
1783958400,25119.31,25129.15,25113.92,25116.23,461,195,0,2026-07-13 16:00:00+00:00,2026-07-13 18:00:00+02:00
1783958700,25115.73,25124.2,25108.01,25111.45,360,195,0,2026-07-13 16:05:00+00:00,2026-07-13 18:05:00+02:00
1783959000,25111.95,25116.16,25100.27,25109.56,336,195,0,2026-07-13 16:10:00+00:00,2026-07-13 18:10:00+02:00
1783959300,25108.57,25108.57,25077.29,25077.32,311,195,0,2026-07-13 16:15:00+00:00,2026-07-13 18:15:00+02:00
1783959600,25076.32,25096.28,25076.32,25090.77,335,195,0,2026-07-13 16:20:00+00:00,2026-07-13 18:20:00+02:00
1783959900,25092.26,25103.26,25085.27,25092.78,422,195,0,2026-07-13 16:25:00+00:00,2026-07-13 18:25:00+02:00
1783960200,25093.28,25114.63,25093.28,25098.59,779,195,0,2026-07-13 16:30:00+00:00,2026-07-13 18:30:00+02:00
1783960500,25101.08,25113.84,25093.43,25098.43,596,195,0,2026-07-13 16:35:00+00:00,2026-07-13 18:35:00+02:00
1783960800,25099.92,25116.22,25086.73,25096.69,648,195,0,2026-07-13 16:40:00+00:00,2026-07-13 18:40:00+02:00
1783961100,25096.19,25098.69,25065.15,25071.07,749,195,0,2026-07-13 16:45:00+00:00,2026-07-13 18:45:00+02:00
1783961400,25070.07,25102.93,25063.1,25097.38,759,195,0,2026-07-13 16:50:00+00:00,2026-07-13 18:50:00+02:00
1783961700,25097.88,25131.15,25089.97,25116.24,593,195,0,2026-07-13 16:55:00+00:00,2026-07-13 18:55:00+02:00
1783962000,25117.74,25129.76,25080.99,25095.24,709,195,0,2026-07-13 17:00:00+00:00,2026-07-13 19:00:00+02:00
1783962300,25094.75,25101.13,25079.75,25095.28,682,195,0,2026-07-13 17:05:00+00:00,2026-07-13 19:05:00+02:00
1783962600,25093.79,25112.61,25083.47,25106.2,601,195,0,2026-07-13 17:10:00+00:00,2026-07-13 19:10:00+02:00
1783962900,25106.7,25112.73,24972.68,25041.26,1072,195,0,2026-07-13 17:15:00+00:00,2026-07-13 19:15:00+02:00
1783963200,25040.76,25067.96,25011.68,25062.98,959,195,0,2026-07-13 17:20:00+00:00,2026-07-13 19:20:00+02:00
1783963500,25062.48,25086.46,25052.59,25078.51,699,195,0,2026-07-13 17:25:00+00:00,2026-07-13 19:25:00+02:00
1783963800,25079.01,25091.55,25076.6,25087.07,622,195,0,2026-07-13 17:30:00+00:00,2026-07-13 19:30:00+02:00
1783964100,25086.57,25094.46,25061.42,25071.44,614,195,0,2026-07-13 17:35:00+00:00,2026-07-13 19:35:00+02:00
1783964400,25071.94,25080.37,25054.44,25061.96,594,195,0,2026-07-13 17:40:00+00:00,2026-07-13 19:40:00+02:00
1783964700,25062.95,25099.23,25052.59,25097.23,576,195,0,2026-07-13 17:45:00+00:00,2026-07-13 19:45:00+02:00
1783965000,25097.73,25113.5,25096.1,25100.04,551,195,0,2026-07-13 17:50:00+00:00,2026-07-13 19:50:00+02:00
1783965300,25099.54,25121.26,25097.05,25118.16,460,195,0,2026-07-13 17:55:00+00:00,2026-07-13 19:55:00+02:00
1783965600,25117.66,25123.16,25093.58,25093.58,399,195,0,2026-07-13 18:00:00+00:00,2026-07-13 20:00:00+02:00
1783965900,25092.59,25108.17,25086.36,25105.65,464,195,0,2026-07-13 18:05:00+00:00,2026-07-13 20:05:00+02:00
1783966200,25105.15,25126.52,25099.76,25107.24,473,195,0,2026-07-13 18:10:00+00:00,2026-07-13 20:10:00+02:00
1783966500,25106.74,25106.74,25081.27,25100.19,484,195,0,2026-07-13 18:15:00+00:00,2026-07-13 20:15:00+02:00
1783966800,25099.19,25099.19,25067.47,25083.34,583,195,0,2026-07-13 18:20:00+00:00,2026-07-13 20:20:00+02:00
1783967100,25082.84,25090.43,25067.55,25086.98,502,195,0,2026-07-13 18:25:00+00:00,2026-07-13 20:25:00+02:00
1783967400,25087.97,25128.25,25083.99,25108.39,595,195,0,2026-07-13 18:30:00+00:00,2026-07-13 20:30:00+02:00
1783967700,25108.89,25117.35,25099.98,25103.42,425,195,0,2026-07-13 18:35:00+00:00,2026-07-13 20:35:00+02:00
1783968000,25102.92,25104.42,25093.51,25098.94,302,195,0,2026-07-13 18:40:00+00:00,2026-07-13 20:40:00+02:00
1783968300,25098.44,25107.41,25096.45,25105.46,332,195,0,2026-07-13 18:45:00+00:00,2026-07-13 20:45:00+02:00
1783968600,25104.97,25106.46,25085.01,25089.0,345,195,0,2026-07-13 18:50:00+00:00,2026-07-13 20:50:00+02:00
1783968900,25088.5,25090.49,25081.49,25085.47,306,195,0,2026-07-13 18:55:00+00:00,2026-07-13 20:55:00+02:00
1783969200,25084.98,25092.45,25080.0,25088.47,348,195,0,2026-07-13 19:00:00+00:00,2026-07-13 21:00:00+02:00
1783969500,25088.96,25098.92,25086.48,25095.44,264,195,0,2026-07-13 19:05:00+00:00,2026-07-13 21:05:00+02:00
1783969800,25093.95,25103.41,25082.46,25086.4,270,195,0,2026-07-13 19:10:00+00:00,2026-07-13 21:10:00+02:00
1783970100,25086.9,25087.89,25070.97,25077.94,338,195,0,2026-07-13 19:15:00+00:00,2026-07-13 21:15:00+02:00
1783970400,25076.95,25081.93,25066.5,25067.45,291,195,0,2026-07-13 19:20:00+00:00,2026-07-13 21:20:00+02:00
1783970700,25067.95,25068.49,25046.5,25055.87,378,195,0,2026-07-13 19:25:00+00:00,2026-07-13 21:25:00+02:00
1783971000,25055.38,25057.91,25036.01,25040.0,492,195,0,2026-07-13 19:30:00+00:00,2026-07-13 21:30:00+02:00
1783971300,25040.99,25064.89,25024.07,25060.91,538,195,0,2026-07-13 19:35:00+00:00,2026-07-13 21:35:00+02:00
1783971600,25060.41,25074.35,25056.43,25073.36,394,195,0,2026-07-13 19:40:00+00:00,2026-07-13 21:40:00+02:00
1783971900,25073.85,25078.83,25062.41,25065.4,380,195,0,2026-07-13 19:45:00+00:00,2026-07-13 21:45:00+02:00
1783972200,25064.9,25066.89,25037.03,25037.53,604,195,0,2026-07-13 19:50:00+00:00,2026-07-13 21:50:00+02:00
1783972500,25038.03,25047.99,25031.56,25046.99,426,195,0,2026-07-13 19:55:00+00:00,2026-07-13 21:55:00+02:00
1783972800,25047.49,25057.95,25046.5,25052.47,272,195,0,2026-07-13 20:00:00+00:00,2026-07-13 22:00:00+02:00
1783973100,25051.98,25075.38,25048.49,25072.39,257,195,0,2026-07-13 20:05:00+00:00,2026-07-13 22:05:00+02:00
1783973400,25071.89,25077.87,25061.94,25063.93,207,195,0,2026-07-13 20:10:00+00:00,2026-07-13 22:10:00+02:00
1783973700,25063.44,25066.43,25052.99,25064.44,250,195,0,2026-07-13 20:15:00+00:00,2026-07-13 22:15:00+02:00
1783974000,25063.44,25067.43,25050.51,25053.0,209,195,0,2026-07-13 20:20:00+00:00,2026-07-13 22:20:00+02:00
1783974300,25053.99,25057.48,25048.02,25050.51,278,195,0,2026-07-13 20:25:00+00:00,2026-07-13 22:25:00+02:00
1783974600,25051.01,25058.98,25048.52,25058.48,270,195,0,2026-07-13 20:30:00+00:00,2026-07-13 22:30:00+02:00
1783974900,25058.98,25058.98,25038.08,25044.55,275,195,0,2026-07-13 20:35:00+00:00,2026-07-13 22:35:00+02:00
1783975200,25044.05,25056.0,25039.57,25053.02,256,195,0,2026-07-13 20:40:00+00:00,2026-07-13 22:40:00+02:00
1783975500,25053.52,25060.98,25039.09,25042.57,243,195,0,2026-07-13 20:45:00+00:00,2026-07-13 22:45:00+02:00
1783975800,25042.07,25044.06,25025.15,25032.62,361,195,0,2026-07-13 20:50:00+00:00,2026-07-13 22:50:00+02:00
1783976100,25033.62,25034.12,25011.72,25014.21,350,195,0,2026-07-13 20:55:00+00:00,2026-07-13 22:55:00+02:00
1783976400,25014.71,25022.67,24999.78,25008.24,414,195,0,2026-07-13 21:00:00+00:00,2026-07-13 23:00:00+02:00
1783976700,25007.75,25019.2,25007.25,25011.73,297,195,0,2026-07-13 21:05:00+00:00,2026-07-13 23:05:00+02:00
1783977000,25012.23,25012.73,24995.31,25008.75,351,195,0,2026-07-13 21:10:00+00:00,2026-07-13 23:10:00+02:00
1783977300,25008.25,25010.75,24982.38,24991.83,307,195,0,2026-07-13 21:15:00+00:00,2026-07-13 23:15:00+02:00
1783977600,24991.34,25000.8,24989.84,24999.8,285,195,0,2026-07-13 21:20:00+00:00,2026-07-13 23:20:00+02:00
1783977900,24999.31,25002.79,24987.37,24987.37,330,195,0,2026-07-13 21:25:00+00:00,2026-07-13 23:25:00+02:00
1783978200,24987.86,24996.33,24980.9,24984.88,314,195,0,2026-07-13 21:30:00+00:00,2026-07-13 23:30:00+02:00
1783978500,24986.87,25003.31,24985.88,24996.84,292,195,0,2026-07-13 21:35:00+00:00,2026-07-13 23:35:00+02:00
1783978800,24997.33,25004.8,24995.34,24998.83,285,195,0,2026-07-13 21:40:00+00:00,2026-07-13 23:40:00+02:00
1783979100,24999.33,25009.29,24991.37,25008.3,259,195,0,2026-07-13 21:45:00+00:00,2026-07-13 23:45:00+02:00
1783979400,25007.8,25019.25,25002.82,25011.79,218,195,0,2026-07-13 21:50:00+00:00,2026-07-13 23:50:00+02:00
1783979700,25012.78,25021.25,25011.79,25017.76,155,195,0,2026-07-13 21:55:00+00:00,2026-07-13 23:55:00+02:00
1783980000,25017.76,25024.74,25006.32,25024.74,270,195,0,2026-07-13 22:00:00+00:00,2026-07-14 00:00:00+02:00
1783980300,25024.24,25026.73,25003.84,25004.34,233,195,0,2026-07-13 22:05:00+00:00,2026-07-14 00:05:00+02:00
1783980600,25003.84,25004.34,24991.4,24992.89,247,195,0,2026-07-13 22:10:00+00:00,2026-07-14 00:10:00+02:00
1783980900,24992.4,24993.89,24987.42,24988.92,259,195,0,2026-07-13 22:15:00+00:00,2026-07-14 00:15:00+02:00
1783981200,24989.42,24990.91,24970.5,24981.46,280,195,0,2026-07-13 22:20:00+00:00,2026-07-14 00:20:00+02:00
1783981500,24980.46,24980.96,24969.51,24973.0,252,195,0,2026-07-13 22:25:00+00:00,2026-07-14 00:25:00+02:00
1783981800,24973.5,24988.44,24973.0,24985.45,325,195,0,2026-07-13 22:30:00+00:00,2026-07-14 00:30:00+02:00
1783982100,24984.46,24984.46,24967.03,24974.51,298,195,0,2026-07-13 22:35:00+00:00,2026-07-14 00:35:00+02:00
1783982400,24974.01,24988.95,24971.02,24986.46,222,195,0,2026-07-13 22:40:00+00:00,2026-07-14 00:40:00+02:00
1783982700,24987.45,24994.43,24981.48,24994.43,163,195,0,2026-07-13 22:45:00+00:00,2026-07-14 00:45:00+02:00
1783983000,24994.93,25007.37,24988.46,24998.91,280,195,0,2026-07-13 22:50:00+00:00,2026-07-14 00:50:00+02:00
1783983300,24997.42,25013.85,24992.44,25012.86,360,195,0,2026-07-13 22:55:00+00:00,2026-07-14 00:55:00+02:00
1783983600,25012.36,25014.85,25003.63,25006.53,185,195,0,2026-07-13 23:00:00+00:00,2026-07-14 01:00:00+02:00
1783983900,25007.11,25010.58,25003.64,25005.95,140,840,0,2026-07-13 23:05:00+00:00,2026-07-14 01:05:00+02:00
1783984200,25006.53,25006.53,24997.85,24999.91,202,840,0,2026-07-13 23:10:00+00:00,2026-07-14 01:10:00+02:00
1783984500,25000.49,25000.49,24967.81,24972.44,274,840,0,2026-07-13 23:15:00+00:00,2026-07-14 01:15:00+02:00
1783984800,24973.02,24978.24,24972.45,24976.5,90,840,0,2026-07-13 23:20:00+00:00,2026-07-14 01:20:00+02:00
1783985100,24977.08,24980.56,24975.92,24978.24,61,840,0,2026-07-13 23:25:00+00:00,2026-07-14 01:25:00+02:00
1783985400,24977.67,24979.51,24971.88,24978.93,59,840,0,2026-07-13 23:30:00+00:00,2026-07-14 01:30:00+02:00
1783985700,24978.65,24979.52,24977.2,24979.52,45,840,0,2026-07-13 23:35:00+00:00,2026-07-14 01:35:00+02:00
1783986000,24978.36,24980.1,24975.47,24977.79,62,840,0,2026-07-13 23:40:00+00:00,2026-07-14 01:40:00+02:00
1783986300,24977.21,24978.37,24975.48,24976.64,82,840,0,2026-07-13 23:45:00+00:00,2026-07-14 01:45:00+02:00
1783986600,24977.22,24978.38,24973.17,24977.8,56,840,0,2026-07-13 23:50:00+00:00,2026-07-14 01:50:00+02:00
1783986900,24979.54,24980.12,24976.07,24977.81,72,840,0,2026-07-13 23:55:00+00:00,2026-07-14 01:55:00+02:00
1783991100,24993.72,24998.61,24990.23,24992.25,240,840,0,2026-07-14 01:05:00+00:00,2026-07-14 03:05:00+02:00
1783991400,24992.54,24993.12,24987.63,24988.21,207,840,0,2026-07-14 01:10:00+00:00,2026-07-14 03:10:00+02:00
1783991700,24988.79,24992.55,24988.21,24989.95,117,840,0,2026-07-14 01:15:00+00:00,2026-07-14 03:15:00+02:00
1783992000,24989.66,24994.29,24984.75,24985.61,134,840,0,2026-07-14 01:20:00+00:00,2026-07-14 03:20:00+02:00
1783992300,24985.33,24987.93,24983.01,24983.59,122,840,0,2026-07-14 01:25:00+00:00,2026-07-14 03:25:00+02:00
1783992600,24983.31,24985.62,24981.28,24983.02,121,840,0,2026-07-14 01:30:00+00:00,2026-07-14 03:30:00+02:00
1783992900,24983.31,24985.34,24982.45,24984.19,80,840,0,2026-07-14 01:35:00+00:00,2026-07-14 03:35:00+02:00
1783993200,24984.47,24987.95,24984.19,24987.08,88,840,0,2026-07-14 01:40:00+00:00,2026-07-14 03:40:00+02:00
1783993500,24987.37,24992.01,24985.35,24987.96,108,840,0,2026-07-14 01:45:00+00:00,2026-07-14 03:45:00+02:00
1783993800,24987.67,24988.25,24975.05,24975.05,168,840,0,2026-07-14 01:50:00+00:00,2026-07-14 03:50:00+02:00
1783994100,24975.34,24975.63,24965.66,24966.24,150,840,0,2026-07-14 01:55:00+00:00,2026-07-14 03:55:00+02:00
1783994400,24965.95,24965.95,24955.69,24955.69,192,840,0,2026-07-14 02:00:00+00:00,2026-07-14 04:00:00+02:00
1783994700,24955.98,24959.46,24954.83,24957.72,171,840,0,2026-07-14 02:05:00+00:00,2026-07-14 04:05:00+02:00
1783995000,24958.01,24959.46,24948.23,24951.41,170,840,0,2026-07-14 02:10:00+00:00,2026-07-14 04:10:00+02:00
1783995300,24951.99,24953.73,24950.26,24952.58,91,840,0,2026-07-14 02:15:00+00:00,2026-07-14 04:15:00+02:00
1783995600,24952.87,24957.79,24952.29,24956.64,124,840,0,2026-07-14 02:20:00+00:00,2026-07-14 04:20:00+02:00
1783995900,24956.93,24959.53,24949.7,24950.85,103,840,0,2026-07-14 02:25:00+00:00,2026-07-14 04:25:00+02:00
1783996200,24951.14,24951.14,24945.65,24946.52,141,840,0,2026-07-14 02:30:00+00:00,2026-07-14 04:30:00+02:00
1783996500,24946.81,24952.6,24945.66,24946.23,151,840,0,2026-07-14 02:35:00+00:00,2026-07-14 04:35:00+02:00
1783996800,24946.52,24947.97,24933.08,24933.37,203,840,0,2026-07-14 02:40:00+00:00,2026-07-14 04:40:00+02:00
1783997100,24932.51,24939.16,24931.06,24933.96,357,840,0,2026-07-14 02:45:00+00:00,2026-07-14 04:45:00+02:00
1783997400,24934.25,24949.59,24932.22,24946.41,390,840,0,2026-07-14 02:50:00+00:00,2026-07-14 04:50:00+02:00
1783997700,24946.7,24968.86,24941.78,24968.28,443,840,0,2026-07-14 02:55:00+00:00,2026-07-14 04:55:00+02:00
1783998900,24965.7,24965.7,24875.28,24875.28,308,195,0,2026-07-14 03:15:00+00:00,2026-07-14 05:15:00+02:00
1783999200,24874.28,24899.18,24855.37,24896.69,435,195,0,2026-07-14 03:20:00+00:00,2026-07-14 05:20:00+02:00
1783999500,24897.19,24898.18,24867.32,24883.25,365,195,0,2026-07-14 03:25:00+00:00,2026-07-14 05:25:00+02:00
1783999800,24884.75,24894.21,24869.82,24881.77,398,195,0,2026-07-14 03:30:00+00:00,2026-07-14 05:30:00+02:00
1784000100,24884.25,24904.17,24870.32,24871.82,374,195,0,2026-07-14 03:35:00+00:00,2026-07-14 05:35:00+02:00
1784000400,24873.31,24883.76,24830.01,24837.97,266,195,0,2026-07-14 03:40:00+00:00,2026-07-14 05:40:00+02:00
1784000700,24838.97,24880.79,24838.97,24870.83,341,195,0,2026-07-14 03:45:00+00:00,2026-07-14 05:45:00+02:00
1784001000,24871.33,24903.69,24871.33,24899.71,229,195,0,2026-07-14 03:50:00+00:00,2026-07-14 05:50:00+02:00
1784001300,24900.7,24915.64,24900.21,24911.16,181,195,0,2026-07-14 03:55:00+00:00,2026-07-14 05:55:00+02:00
1784001600,24912.16,24922.12,24892.25,24897.73,289,195,0,2026-07-14 04:00:00+00:00,2026-07-14 06:00:00+02:00
1784001900,24898.23,24913.16,24891.26,24903.71,287,195,0,2026-07-14 04:05:00+00:00,2026-07-14 06:05:00+02:00
1784002200,24902.22,24904.71,24890.77,24891.77,214,195,0,2026-07-14 04:10:00+00:00,2026-07-14 06:10:00+02:00
1784002500,24892.27,24916.16,24889.78,24911.19,179,195,0,2026-07-14 04:15:00+00:00,2026-07-14 06:15:00+02:00
1784002800,24910.69,24914.67,24892.77,24896.26,275,195,0,2026-07-14 04:20:00+00:00,2026-07-14 06:20:00+02:00
1784003100,24895.26,24912.69,24893.27,24901.74,153,195,0,2026-07-14 04:25:00+00:00,2026-07-14 06:25:00+02:00
1784003400,24901.24,24906.22,24884.82,24890.8,176,195,0,2026-07-14 04:30:00+00:00,2026-07-14 06:30:00+02:00
1784003700,24890.3,24892.29,24864.91,24877.36,228,195,0,2026-07-14 04:35:00+00:00,2026-07-14 06:35:00+02:00
1784004000,24876.86,24887.32,24865.42,24876.87,165,195,0,2026-07-14 04:40:00+00:00,2026-07-14 06:40:00+02:00
1784004300,24877.86,24892.3,24875.87,24887.33,192,195,0,2026-07-14 04:45:00+00:00,2026-07-14 06:45:00+02:00
1784004600,24890.31,24890.81,24867.92,24871.9,165,195,0,2026-07-14 04:50:00+00:00,2026-07-14 06:50:00+02:00
1784004900,24871.41,24872.9,24851.99,24860.96,257,195,0,2026-07-14 04:55:00+00:00,2026-07-14 06:55:00+02:00
1784005200,24862.95,24883.36,24858.97,24880.87,203,195,0,2026-07-14 05:00:00+00:00,2026-07-14 07:00:00+02:00
1784005500,24880.38,24896.81,24880.38,24888.84,118,195,0,2026-07-14 05:05:00+00:00,2026-07-14 07:05:00+02:00
1784005800,24886.36,24888.35,24866.45,24871.93,126,195,0,2026-07-14 05:10:00+00:00,2026-07-14 07:10:00+02:00
1784006100,24872.92,24881.39,24861.98,24862.47,220,195,0,2026-07-14 05:15:00+00:00,2026-07-14 07:15:00+02:00
1784006400,24865.46,24870.44,24848.54,24850.04,334,195,0,2026-07-14 05:20:00+00:00,2026-07-14 07:20:00+02:00
1784006700,24851.53,24863.48,24847.05,24862.49,231,195,0,2026-07-14 05:25:00+00:00,2026-07-14 07:25:00+02:00
1784007000,24863.48,24865.97,24848.06,24848.06,231,195,0,2026-07-14 05:30:00+00:00,2026-07-14 07:30:00+02:00
1784007300,24849.05,24881.91,24846.56,24880.92,240,195,0,2026-07-14 05:35:00+00:00,2026-07-14 07:35:00+02:00
1784007600,24881.91,24889.38,24876.93,24880.92,227,195,0,2026-07-14 05:40:00+00:00,2026-07-14 07:40:00+02:00
1784007900,24881.42,24881.92,24867.49,24873.46,117,195,0,2026-07-14 05:45:00+00:00,2026-07-14 07:45:00+02:00
1784008200,24872.46,24872.96,24841.61,24843.1,121,195,0,2026-07-14 05:50:00+00:00,2026-07-14 07:50:00+02:00
1784008500,24843.6,24846.59,24834.14,24836.64,115,195,0,2026-07-14 05:55:00+00:00,2026-07-14 07:55:00+02:00
1784008800,24838.13,24845.6,24825.69,24828.68,140,195,0,2026-07-14 06:00:00+00:00,2026-07-14 08:00:00+02:00
1784009100,24829.18,24835.65,24822.71,24828.19,105,195,0,2026-07-14 06:05:00+00:00,2026-07-14 08:05:00+02:00
1784009400,24828.68,24828.69,24810.7,24814.25,106,195,0,2026-07-14 06:10:00+00:00,2026-07-14 08:10:00+02:00
1784009700,24817.24,24817.24,24788.87,24801.81,138,195,0,2026-07-14 06:15:00+00:00,2026-07-14 08:15:00+02:00
1784010000,24800.32,24813.27,24788.38,24805.31,127,195,0,2026-07-14 06:20:00+00:00,2026-07-14 08:20:00+02:00
1784010300,24804.31,24828.71,24801.82,24827.71,118,195,0,2026-07-14 06:25:00+00:00,2026-07-14 08:25:00+02:00
1784010600,24827.21,24845.13,24809.3,24812.78,258,195,0,2026-07-14 06:30:00+00:00,2026-07-14 08:30:00+02:00
1784010900,24813.78,24827.22,24811.29,24821.75,152,195,0,2026-07-14 06:35:00+00:00,2026-07-14 08:35:00+02:00
1784011200,24822.25,24826.73,24814.78,24820.76,151,195,0,2026-07-14 06:40:00+00:00,2026-07-14 08:40:00+02:00
1784011500,24821.26,24846.65,24820.26,24834.7,182,195,0,2026-07-14 06:45:00+00:00,2026-07-14 08:45:00+02:00
1784011800,24836.2,24862.09,24834.7,24859.6,204,195,0,2026-07-14 06:50:00+00:00,2026-07-14 08:50:00+02:00
1784012100,24866.57,24871.55,24858.11,24869.56,221,195,0,2026-07-14 06:55:00+00:00,2026-07-14 08:55:00+02:00
1784012400,24870.06,24891.47,24865.08,24885.0,175,195,0,2026-07-14 07:00:00+00:00,2026-07-14 09:00:00+02:00
1784012700,24885.49,24886.99,24858.12,24861.61,108,195,0,2026-07-14 07:05:00+00:00,2026-07-14 09:05:00+02:00
1784013000,24860.61,24866.09,24848.17,24861.11,141,195,0,2026-07-14 07:10:00+00:00,2026-07-14 09:10:00+02:00
1784013300,24860.62,24863.11,24855.14,24860.12,79,195,0,2026-07-14 07:15:00+00:00,2026-07-14 09:15:00+02:00
1784013600,24860.62,24883.03,24860.62,24881.04,94,195,0,2026-07-14 07:20:00+00:00,2026-07-14 09:20:00+02:00
1784013900,24881.53,24892.99,24879.05,24885.03,91,195,0,2026-07-14 07:25:00+00:00,2026-07-14 09:25:00+02:00
1784014200,24886.02,24905.94,24886.02,24904.94,77,195,0,2026-07-14 07:30:00+00:00,2026-07-14 09:30:00+02:00
1784014500,24910.42,24939.79,24910.42,24937.3,133,195,0,2026-07-14 07:35:00+00:00,2026-07-14 09:35:00+02:00
1784014800,24934.81,24946.77,24929.34,24938.3,157,195,0,2026-07-14 07:40:00+00:00,2026-07-14 09:40:00+02:00
1784015100,24937.81,24946.77,24930.84,24943.79,77,195,0,2026-07-14 07:45:00+00:00,2026-07-14 09:45:00+02:00
1784015400,24943.29,24947.77,24926.37,24939.31,70,195,0,2026-07-14 07:50:00+00:00,2026-07-14 09:50:00+02:00
1784015700,24938.81,24952.26,24936.75,24948.78,32,195,0,2026-07-14 07:55:00+00:00,2026-07-14 09:55:00+02:00
1784016000,24947.78,24949.78,24932.35,24945.3,92,195,0,2026-07-14 08:00:00+00:00,2026-07-14 10:00:00+02:00
1784016300,24944.8,24954.26,24939.32,24951.28,64,195,0,2026-07-14 08:05:00+00:00,2026-07-14 10:05:00+02:00
1784016600,24949.29,24960.24,24949.29,24956.76,92,195,0,2026-07-14 08:10:00+00:00,2026-07-14 10:10:00+02:00
1784016900,24954.77,24961.74,24950.29,24959.75,101,195,0,2026-07-14 08:15:00+00:00,2026-07-14 10:15:00+02:00
1784017200,24963.73,24972.69,24960.75,24969.71,86,195,0,2026-07-14 08:20:00+00:00,2026-07-14 10:20:00+02:00
1784017500,24970.21,24983.66,24965.73,24983.66,90,195,0,2026-07-14 08:25:00+00:00,2026-07-14 10:25:00+02:00
1784017800,24984.15,25004.56,24983.66,24986.15,167,195,0,2026-07-14 08:30:00+00:00,2026-07-14 10:30:00+02:00
1784018100,24990.63,24996.11,24982.67,24986.16,108,195,0,2026-07-14 08:35:00+00:00,2026-07-14 10:35:00+02:00
1784018400,24987.15,24990.14,24980.18,24989.65,121,195,0,2026-07-14 08:40:00+00:00,2026-07-14 10:40:00+02:00
1784018700,24990.14,24994.62,24985.67,24991.64,130,195,0,2026-07-14 08:45:00+00:00,2026-07-14 10:45:00+02:00
1784019000,24990.65,24991.15,24980.2,24985.68,112,195,0,2026-07-14 08:50:00+00:00,2026-07-14 10:50:00+02:00
1784019300,24985.68,24990.65,24977.72,24980.7,92,195,0,2026-07-14 08:55:00+00:00,2026-07-14 10:55:00+02:00
1784019600,24981.2,25011.07,24978.71,25006.54,268,195,0,2026-07-14 09:00:00+00:00,2026-07-14 11:00:00+02:00
1784019900,25006.04,25011.08,24995.09,25004.61,220,195,0,2026-07-14 09:05:00+00:00,2026-07-14 11:05:00+02:00
1784020200,25004.11,25016.56,24993.52,25002.98,209,195,0,2026-07-14 09:10:00+00:00,2026-07-14 11:10:00+02:00
1784020500,25003.48,25014.93,24984.57,24995.52,252,195,0,2026-07-14 09:15:00+00:00,2026-07-14 11:15:00+02:00
1784020800,24995.52,25000.0,24978.73,24981.72,228,195,0,2026-07-14 09:20:00+00:00,2026-07-14 11:20:00+02:00
1784021100,24982.21,24983.21,24943.31,24943.31,301,195,0,2026-07-14 09:25:00+00:00,2026-07-14 11:25:00+02:00
1784021400,24946.79,24961.06,24936.17,24937.67,372,195,0,2026-07-14 09:30:00+00:00,2026-07-14 11:30:00+02:00
1784021700,24938.16,24944.1,24929.03,24934.51,272,195,0,2026-07-14 09:35:00+00:00,2026-07-14 11:35:00+02:00
1784022000,24934.01,24944.14,24920.07,24931.11,282,195,0,2026-07-14 09:40:00+00:00,2026-07-14 11:40:00+02:00
1784022300,24930.12,24930.12,24902.66,24907.64,305,195,0,2026-07-14 09:45:00+00:00,2026-07-14 11:45:00+02:00
1784022600,24908.14,24914.7,24901.58,24903.44,262,195,0,2026-07-14 09:50:00+00:00,2026-07-14 11:50:00+02:00
1784022900,24902.95,24910.01,24863.16,24873.11,340,195,0,2026-07-14 09:55:00+00:00,2026-07-14 11:55:00+02:00
1784023200,24874.6,24979.2,24853.2,24973.27,934,195,0,2026-07-14 10:00:00+00:00,2026-07-14 12:00:00+02:00
1784023500,24972.78,25014.11,24963.93,25005.11,840,195,0,2026-07-14 10:05:00+00:00,2026-07-14 12:05:00+02:00
1784023800,25006.1,25007.1,24974.51,25000.48,794,195,0,2026-07-14 10:10:00+00:00,2026-07-14 12:10:00+02:00
1784024100,24999.98,25015.53,24984.08,24990.52,740,195,0,2026-07-14 10:15:00+00:00,2026-07-14 12:15:00+02:00
1784024400,24990.02,25008.59,24957.94,24983.66,658,195,0,2026-07-14 10:20:00+00:00,2026-07-14 12:20:00+02:00
1784024700,24982.17,25009.44,24981.67,24995.62,636,195,0,2026-07-14 10:25:00+00:00,2026-07-14 12:25:00+02:00
1784025000,24996.12,24999.1,24959.42,24989.57,730,195,0,2026-07-14 10:30:00+00:00,2026-07-14 12:30:00+02:00
1784025300,24986.58,24993.91,24968.61,24981.72,662,195,0,2026-07-14 10:35:00+00:00,2026-07-14 12:35:00+02:00
1784025600,24981.23,24983.87,24933.49,24938.43,674,195,0,2026-07-14 10:40:00+00:00,2026-07-14 12:40:00+02:00
1784025900,24936.94,24950.91,24903.13,24950.89,747,195,0,2026-07-14 10:45:00+00:00,2026-07-14 12:45:00+02:00
1784026200,24950.4,24979.31,24939.88,24970.72,679,195,0,2026-07-14 10:50:00+00:00,2026-07-14 12:50:00+02:00
1784026500,24970.22,24983.75,24954.72,24980.72,621,195,0,2026-07-14 10:55:00+00:00,2026-07-14 12:55:00+02:00
1784026800,24980.22,25010.41,24953.54,24975.6,780,195,0,2026-07-14 11:00:00+00:00,2026-07-14 13:00:00+02:00
1784027100,24977.09,24979.09,24929.89,24942.95,671,195,0,2026-07-14 11:05:00+00:00,2026-07-14 13:05:00+02:00
1784027400,24942.46,24972.28,24936.09,24969.42,637,195,0,2026-07-14 11:10:00+00:00,2026-07-14 13:10:00+02:00
1784027700,24969.92,24982.88,24966.83,24979.89,615,195,0,2026-07-14 11:15:00+00:00,2026-07-14 13:15:00+02:00
1784028000,24980.38,24981.88,24947.46,24950.9,580,195,0,2026-07-14 11:20:00+00:00,2026-07-14 13:20:00+02:00
1784028300,24951.89,24983.23,24945.95,24981.69,577,195,0,2026-07-14 11:25:00+00:00,2026-07-14 13:25:00+02:00
1784028600,24981.19,24990.58,24965.32,24970.73,567,195,0,2026-07-14 11:30:00+00:00,2026-07-14 13:30:00+02:00
1784028900,24969.73,24971.73,24947.41,24954.41,527,195,0,2026-07-14 11:35:00+00:00,2026-07-14 13:35:00+02:00
1784029200,24953.91,24970.74,24948.94,24959.52,516,195,0,2026-07-14 11:40:00+00:00,2026-07-14 13:40:00+02:00
1784029500,24959.02,24959.02,24936.87,24940.36,425,195,0,2026-07-14 11:45:00+00:00,2026-07-14 13:45:00+02:00
1784029800,24939.86,24970.38,24933.36,24967.86,483,195,0,2026-07-14 11:50:00+00:00,2026-07-14 13:50:00+02:00
1784030100,24967.36,24972.82,24940.39,24940.4,507,195,0,2026-07-14 11:55:00+00:00,2026-07-14 13:55:00+02:00
1784030400,24941.4,24960.96,24929.52,24959.54,594,195,0,2026-07-14 12:00:00+00:00,2026-07-14 14:00:00+02:00
1784030700,24960.04,24969.68,24945.5,24968.0,537,195,0,2026-07-14 12:05:00+00:00,2026-07-14 14:05:00+02:00
1784031000,24969.5,24995.7,24964.46,24994.73,530,195,0,2026-07-14 12:10:00+00:00,2026-07-14 14:10:00+02:00
1784031300,24995.72,24995.72,24956.2,24972.46,554,195,0,2026-07-14 12:15:00+00:00,2026-07-14 14:15:00+02:00
1784031600,24971.96,24977.45,24966.19,24976.93,423,195,0,2026-07-14 12:20:00+00:00,2026-07-14 14:20:00+02:00
1784031900,24976.43,24980.4,24951.8,24953.78,376,195,0,2026-07-14 12:25:00+00:00,2026-07-14 14:25:00+02:00
1784032200,24953.28,24961.68,24944.83,24947.8,453,195,0,2026-07-14 12:30:00+00:00,2026-07-14 14:30:00+02:00
1784032500,24946.8,24965.24,24940.33,24965.24,440,195,0,2026-07-14 12:35:00+00:00,2026-07-14 14:35:00+02:00
1784032800,24964.24,24965.76,24956.89,24960.23,375,195,0,2026-07-14 12:40:00+00:00,2026-07-14 14:40:00+02:00
1784033100,24961.73,25005.16,24960.73,25003.63,413,195,0,2026-07-14 12:45:00+00:00,2026-07-14 14:45:00+02:00
1784033400,25003.14,25010.91,24994.55,24997.15,444,195,0,2026-07-14 12:50:00+00:00,2026-07-14 14:50:00+02:00
1784033700,24998.14,25001.6,24985.83,24995.68,393,195,0,2026-07-14 12:55:00+00:00,2026-07-14 14:55:00+02:00
1784034000,24996.18,25020.53,24991.22,25019.46,447,195,0,2026-07-14 13:00:00+00:00,2026-07-14 15:00:00+02:00
1784034300,25018.46,25021.92,24998.11,25012.16,384,195,0,2026-07-14 13:05:00+00:00,2026-07-14 15:05:00+02:00
1784034600,25012.15,25016.64,24981.1,24994.37,346,195,0,2026-07-14 13:10:00+00:00,2026-07-14 15:10:00+02:00
1784034900,24994.35,25007.53,24994.25,24996.72,363,195,0,2026-07-14 13:15:00+00:00,2026-07-14 15:15:00+02:00
1784035200,24998.71,25004.0,24992.58,24999.82,339,195,0,2026-07-14 13:20:00+00:00,2026-07-14 15:20:00+02:00
1784035500,25000.32,25002.82,24975.14,24986.84,367,195,0,2026-07-14 13:25:00+00:00,2026-07-14 15:25:00+02:00
1784035800,24985.84,24991.29,24957.39,24965.53,453,195,0,2026-07-14 13:30:00+00:00,2026-07-14 15:30:00+02:00
1784036100,24966.02,24999.85,24962.05,24986.38,561,195,0,2026-07-14 13:35:00+00:00,2026-07-14 15:35:00+02:00
1784036400,24985.88,24987.39,24952.7,24953.7,439,195,0,2026-07-14 13:40:00+00:00,2026-07-14 15:40:00+02:00
1784036700,24954.2,24966.65,24944.77,24960.22,421,195,0,2026-07-14 13:45:00+00:00,2026-07-14 15:45:00+02:00
1784037000,24959.72,24959.72,24932.68,24934.74,398,195,0,2026-07-14 13:50:00+00:00,2026-07-14 15:50:00+02:00
1784037300,24935.24,24954.74,24920.3,24950.26,420,195,0,2026-07-14 13:55:00+00:00,2026-07-14 15:55:00+02:00
1784037600,24950.76,24954.25,24900.07,24920.45,687,195,0,2026-07-14 14:00:00+00:00,2026-07-14 16:00:00+02:00
1784037900,24921.44,24928.95,24904.07,24910.04,585,195,0,2026-07-14 14:05:00+00:00,2026-07-14 16:05:00+02:00
1784038200,24909.05,24924.72,24890.04,24922.23,628,195,0,2026-07-14 14:10:00+00:00,2026-07-14 16:10:00+02:00
1784038500,24921.74,24934.34,24916.34,24922.8,627,195,0,2026-07-14 14:15:00+00:00,2026-07-14 16:15:00+02:00
1784038800,24922.3,24944.48,24913.9,24941.99,565,195,0,2026-07-14 14:20:00+00:00,2026-07-14 16:20:00+02:00
1784039100,24942.99,24954.57,24934.45,24942.09,644,195,0,2026-07-14 14:25:00+00:00,2026-07-14 16:25:00+02:00
1784039400,24942.59,24947.67,24928.8,24937.73,642,195,0,2026-07-14 14:30:00+00:00,2026-07-14 16:30:00+02:00
1784039700,24938.72,24939.73,24919.68,24921.17,504,195,0,2026-07-14 14:35:00+00:00,2026-07-14 16:35:00+02:00
1784040000,24920.67,24924.13,24901.71,24908.42,493,195,0,2026-07-14 14:40:00+00:00,2026-07-14 16:40:00+02:00
1784040300,24907.92,24918.45,24896.11,24906.17,519,195,0,2026-07-14 14:45:00+00:00,2026-07-14 16:45:00+02:00
1784040600,24906.66,24923.79,24903.69,24905.69,474,195,0,2026-07-14 14:50:00+00:00,2026-07-14 16:50:00+02:00
1784040900,24906.19,24917.38,24891.01,24916.88,399,195,0,2026-07-14 14:55:00+00:00,2026-07-14 16:55:00+02:00
1784041200,24917.38,24918.91,24871.85,24887.84,555,195,0,2026-07-14 15:00:00+00:00,2026-07-14 17:00:00+02:00
1784041500,24887.34,24897.35,24879.87,24885.95,523,195,0,2026-07-14 15:05:00+00:00,2026-07-14 17:05:00+02:00
1784041800,24886.95,24898.33,24870.12,24892.06,409,195,0,2026-07-14 15:10:00+00:00,2026-07-14 17:10:00+02:00
1784042100,24892.07,24896.74,24879.06,24894.69,452,195,0,2026-07-14 15:15:00+00:00,2026-07-14 17:15:00+02:00
1784042400,24894.19,24911.33,24887.16,24909.32,454,195,0,2026-07-14 15:20:00+00:00,2026-07-14 17:20:00+02:00
1784042700,24908.82,24935.44,24906.31,24922.52,397,195,0,2026-07-14 15:25:00+00:00,2026-07-14 17:25:00+02:00
1784043000,24926.42,25095.47,24926.42,25014.57,990,195,0,2026-07-14 15:30:00+00:00,2026-07-14 17:30:00+02:00
1784043300,25013.57,25024.51,24984.44,24988.35,959,195,0,2026-07-14 15:35:00+00:00,2026-07-14 17:35:00+02:00
1784043600,24987.85,24997.73,24971.35,24983.82,814,195,0,2026-07-14 15:40:00+00:00,2026-07-14 17:40:00+02:00
1784043900,24984.31,24986.8,24946.48,24970.65,699,195,0,2026-07-14 15:45:00+00:00,2026-07-14 17:45:00+02:00
1784044200,24970.16,24982.99,24959.14,24980.24,693,195,0,2026-07-14 15:50:00+00:00,2026-07-14 17:50:00+02:00
1784044500,24981.23,25000.74,24976.91,24985.86,605,195,0,2026-07-14 15:55:00+00:00,2026-07-14 17:55:00+02:00
1784044800,24986.36,25005.34,24979.4,24995.21,696,195,0,2026-07-14 16:00:00+00:00,2026-07-14 18:00:00+02:00
1784045100,24995.71,25030.88,24991.23,25015.58,643,195,0,2026-07-14 16:05:00+00:00,2026-07-14 18:05:00+02:00
1784045400,25016.08,25032.81,25016.08,25028.78,623,195,0,2026-07-14 16:10:00+00:00,2026-07-14 18:10:00+02:00
1784045700,25028.28,25031.77,25001.58,25003.03,552,195,0,2026-07-14 16:15:00+00:00,2026-07-14 18:15:00+02:00
1784046000,25003.52,25017.5,24995.62,25010.89,566,195,0,2026-07-14 16:20:00+00:00,2026-07-14 18:20:00+02:00
1784046300,25010.39,25031.91,25006.48,25030.92,583,195,0,2026-07-14 16:25:00+00:00,2026-07-14 18:25:00+02:00
1784046600,25031.42,25049.35,25004.24,25020.43,1019,195,0,2026-07-14 16:30:00+00:00,2026-07-14 18:30:00+02:00
1784046900,25019.43,25075.77,25013.98,25070.75,956,195,0,2026-07-14 16:35:00+00:00,2026-07-14 18:35:00+02:00
1784047200,25071.25,25089.64,25058.43,25084.64,946,195,0,2026-07-14 16:40:00+00:00,2026-07-14 18:40:00+02:00
1784047500,25085.14,25096.03,25061.2,25071.14,859,195,0,2026-07-14 16:45:00+00:00,2026-07-14 18:45:00+02:00
1784047800,25071.63,25101.57,25069.41,25093.16,724,195,0,2026-07-14 16:50:00+00:00,2026-07-14 18:50:00+02:00
1784048100,25094.15,25106.7,25088.17,25103.83,639,195,0,2026-07-14 16:55:00+00:00,2026-07-14 18:55:00+02:00
1784048400,25102.84,25104.33,25071.96,25072.35,822,195,0,2026-07-14 17:00:00+00:00,2026-07-14 19:00:00+02:00
1784048700,25073.35,25084.51,25061.52,25072.39,906,195,0,2026-07-14 17:05:00+00:00,2026-07-14 19:05:00+02:00
1784049000,25072.89,25080.83,25047.94,25068.22,749,195,0,2026-07-14 17:10:00+00:00,2026-07-14 19:10:00+02:00
1784049300,25067.72,25083.75,25040.34,25076.79,892,195,0,2026-07-14 17:15:00+00:00,2026-07-14 19:15:00+02:00
1784049600,25075.8,25091.89,25068.03,25086.89,763,195,0,2026-07-14 17:20:00+00:00,2026-07-14 19:20:00+02:00
1784049900,25085.89,25112.11,25077.36,25105.06,787,195,0,2026-07-14 17:25:00+00:00,2026-07-14 19:25:00+02:00
1784050200,25106.55,25212.86,25095.0,25136.86,876,195,0,2026-07-14 17:30:00+00:00,2026-07-14 19:30:00+02:00
1784050500,25135.37,25148.16,25130.13,25135.05,834,195,0,2026-07-14 17:35:00+00:00,2026-07-14 19:35:00+02:00
1784050800,25135.55,25155.94,25132.51,25138.02,697,195,0,2026-07-14 17:40:00+00:00,2026-07-14 19:40:00+02:00
1784051100,25137.52,25138.59,25118.79,25120.32,670,195,0,2026-07-14 17:45:00+00:00,2026-07-14 19:45:00+02:00
1784051400,25119.83,25139.43,25108.92,25139.43,685,195,0,2026-07-14 17:50:00+00:00,2026-07-14 19:50:00+02:00
1784051700,25139.92,25146.28,25129.81,25129.81,508,195,0,2026-07-14 17:55:00+00:00,2026-07-14 19:55:00+02:00
1784052000,25130.31,25183.67,25103.59,25154.86,720,195,0,2026-07-14 18:00:00+00:00,2026-07-14 20:00:00+02:00
1784052300,25153.87,25176.62,25140.96,25163.25,936,195,0,2026-07-14 18:05:00+00:00,2026-07-14 20:05:00+02:00
1784052600,25164.24,25171.47,25155.76,25165.49,598,195,0,2026-07-14 18:10:00+00:00,2026-07-14 20:10:00+02:00
1784052900,25164.5,25168.05,25130.29,25130.29,562,195,0,2026-07-14 18:15:00+00:00,2026-07-14 20:15:00+02:00
1784053200,25133.28,25146.37,25122.33,25136.48,537,195,0,2026-07-14 18:20:00+00:00,2026-07-14 20:20:00+02:00
1784053500,25136.98,25156.58,25131.54,25144.63,485,195,0,2026-07-14 18:25:00+00:00,2026-07-14 20:25:00+02:00
1784053800,25145.12,25173.0,25136.54,25142.01,645,195,0,2026-07-14 18:30:00+00:00,2026-07-14 20:30:00+02:00
1784054100,25141.02,25148.98,25125.05,25128.62,488,195,0,2026-07-14 18:35:00+00:00,2026-07-14 20:35:00+02:00
1784054400,25128.12,25130.12,25102.16,25122.2,612,195,0,2026-07-14 18:40:00+00:00,2026-07-14 20:40:00+02:00
1784054700,25122.7,25131.21,25118.77,25123.66,415,195,0,2026-07-14 18:45:00+00:00,2026-07-14 20:45:00+02:00
1784055000,25124.15,25126.64,25084.34,25085.34,534,195,0,2026-07-14 18:50:00+00:00,2026-07-14 20:50:00+02:00
1784055300,25085.83,25093.22,25076.83,25092.22,458,195,0,2026-07-14 18:55:00+00:00,2026-07-14 20:55:00+02:00
1784055600,25092.72,25093.22,25070.87,25079.83,498,195,0,2026-07-14 19:00:00+00:00,2026-07-14 21:00:00+02:00
1784055900,25080.33,25095.81,25072.86,25092.32,410,195,0,2026-07-14 19:05:00+00:00,2026-07-14 21:05:00+02:00
1784056200,25092.82,25097.3,25084.86,25092.83,341,195,0,2026-07-14 19:10:00+00:00,2026-07-14 21:10:00+02:00
1784056500,25092.33,25095.81,25085.41,25089.89,409,195,0,2026-07-14 19:15:00+00:00,2026-07-14 21:15:00+02:00
1784056800,25088.4,25089.39,25075.91,25081.89,347,195,0,2026-07-14 19:20:00+00:00,2026-07-14 21:20:00+02:00
1784057100,25082.88,25099.77,25077.91,25093.25,276,195,0,2026-07-14 19:25:00+00:00,2026-07-14 21:25:00+02:00
1784057400,25094.25,25096.74,25083.3,25086.79,381,195,0,2026-07-14 19:30:00+00:00,2026-07-14 21:30:00+02:00
1784057700,25086.29,25091.77,25081.32,25087.79,351,195,0,2026-07-14 19:35:00+00:00,2026-07-14 21:35:00+02:00
1784058000,25088.29,25099.24,25084.31,25093.27,275,195,0,2026-07-14 19:40:00+00:00,2026-07-14 21:40:00+02:00
1784058300,25091.78,25092.77,25070.88,25082.33,340,195,0,2026-07-14 19:45:00+00:00,2026-07-14 21:45:00+02:00
1784058600,25081.83,25093.78,25078.35,25093.78,256,195,0,2026-07-14 19:50:00+00:00,2026-07-14 21:50:00+02:00
1784058900,25094.28,25108.22,25094.28,25107.72,191,195,0,2026-07-14 19:55:00+00:00,2026-07-14 21:55:00+02:00
1784059200,25108.22,25111.71,25095.78,25097.78,187,195,0,2026-07-14 20:00:00+00:00,2026-07-14 22:00:00+02:00
1784059500,25098.27,25108.23,25094.29,25108.23,176,195,0,2026-07-14 20:05:00+00:00,2026-07-14 22:05:00+02:00
1784059800,25107.74,25113.21,25103.26,25103.26,200,195,0,2026-07-14 20:10:00+00:00,2026-07-14 22:10:00+02:00
1784060100,25103.76,25108.25,25094.8,25107.25,231,195,0,2026-07-14 20:15:00+00:00,2026-07-14 22:15:00+02:00
1784060400,25106.75,25113.23,25105.26,25110.24,160,195,0,2026-07-14 20:20:00+00:00,2026-07-14 22:20:00+02:00
1784060700,25111.24,25115.22,25106.26,25111.24,176,195,0,2026-07-14 20:25:00+00:00,2026-07-14 22:25:00+02:00
1784061000,25111.74,25115.72,25100.8,25100.8,163,195,0,2026-07-14 20:30:00+00:00,2026-07-14 22:30:00+02:00
1784061300,25100.3,25102.3,25095.32,25101.3,159,195,0,2026-07-14 20:35:00+00:00,2026-07-14 22:35:00+02:00
1784061600,25100.8,25102.8,25092.35,25095.33,194,195,0,2026-07-14 20:40:00+00:00,2026-07-14 22:40:00+02:00
1784061900,25095.83,25097.33,25083.89,25093.35,179,195,0,2026-07-14 20:45:00+00:00,2026-07-14 22:45:00+02:00
1784062200,25093.85,25096.84,25082.4,25083.9,149,195,0,2026-07-14 20:50:00+00:00,2026-07-14 22:50:00+02:00
1784062500,25084.89,25084.89,25076.43,25078.93,143,195,0,2026-07-14 20:55:00+00:00,2026-07-14 22:55:00+02:00
1784062800,25079.92,25081.92,25067.98,25078.43,214,195,0,2026-07-14 21:00:00+00:00,2026-07-14 23:00:00+02:00
1784063100,25079.43,25082.42,25072.46,25077.94,125,195,0,2026-07-14 21:05:00+00:00,2026-07-14 23:05:00+02:00
1784063400,25078.44,25083.42,25075.45,25080.44,108,195,0,2026-07-14 21:10:00+00:00,2026-07-14 23:10:00+02:00
1784063700,25080.93,25084.42,25074.97,25077.95,159,195,0,2026-07-14 21:15:00+00:00,2026-07-14 23:15:00+02:00
1784064000,25077.46,25079.95,25070.0,25071.49,118,195,0,2026-07-14 21:20:00+00:00,2026-07-14 23:20:00+02:00
1784064300,25072.49,25076.97,25068.5,25075.48,150,195,0,2026-07-14 21:25:00+00:00,2026-07-14 23:25:00+02:00
1784064600,25077.47,25077.97,25063.04,25071.5,144,195,0,2026-07-14 21:30:00+00:00,2026-07-14 23:30:00+02:00
1784064900,25071.0,25071.01,25057.57,25064.04,197,195,0,2026-07-14 21:35:00+00:00,2026-07-14 23:35:00+02:00
1784065200,25062.55,25063.55,25042.64,25062.06,343,195,0,2026-07-14 21:40:00+00:00,2026-07-14 23:40:00+02:00
1784065500,25061.56,25067.53,25058.58,25059.57,168,195,0,2026-07-14 21:45:00+00:00,2026-07-14 23:45:00+02:00
1784065800,25060.57,25065.05,25055.59,25060.57,169,195,0,2026-07-14 21:50:00+00:00,2026-07-14 23:50:00+02:00
1784066100,25061.07,25062.57,25056.6,25058.09,131,195,0,2026-07-14 21:55:00+00:00,2026-07-14 23:55:00+02:00
1784066400,25058.59,25063.57,25052.62,25055.61,160,195,0,2026-07-14 22:00:00+00:00,2026-07-15 00:00:00+02:00
1784066700,25054.61,25062.58,25052.62,25057.11,129,195,0,2026-07-14 22:05:00+00:00,2026-07-15 00:05:00+02:00
1784067000,25056.11,25062.59,25049.15,25060.1,184,195,0,2026-07-14 22:10:00+00:00,2026-07-15 00:10:00+02:00
1784067300,25059.6,25067.57,25059.11,25064.59,157,195,0,2026-07-14 22:15:00+00:00,2026-07-15 00:15:00+02:00
1784067600,25066.08,25069.07,25063.09,25065.59,141,195,0,2026-07-14 22:20:00+00:00,2026-07-15 00:20:00+02:00
1784067900,25065.09,25067.58,25060.62,25062.11,92,195,0,2026-07-14 22:25:00+00:00,2026-07-15 00:25:00+02:00
1784068200,25062.61,25065.1,25045.19,25052.66,329,195,0,2026-07-14 22:30:00+00:00,2026-07-15 00:30:00+02:00
1784068500,25052.16,25053.16,25042.21,25047.69,191,195,0,2026-07-14 22:35:00+00:00,2026-07-15 00:35:00+02:00
1784068800,25046.19,25056.65,25045.2,25053.17,174,195,0,2026-07-14 22:40:00+00:00,2026-07-15 00:40:00+02:00
1784069100,25053.67,25062.13,25052.68,25055.16,173,195,0,2026-07-14 22:45:00+00:00,2026-07-15 00:45:00+02:00
1784069400,25055.66,25055.66,25049.69,25053.18,189,195,0,2026-07-14 22:50:00+00:00,2026-07-15 00:50:00+02:00
1784069700,25053.68,25053.68,25035.76,25038.75,288,195,0,2026-07-14 22:55:00+00:00,2026-07-15 00:55:00+02:00
1784070000,25037.51,25038.43,25032.65,25034.39,180,840,0,2026-07-14 23:00:00+00:00,2026-07-15 01:00:00+02:00
1784070300,25033.81,25041.32,25033.24,25034.98,181,840,0,2026-07-14 23:05:00+00:00,2026-07-15 01:05:00+02:00
1784070600,25034.11,25037.29,25030.94,25034.4,104,840,0,2026-07-14 23:10:00+00:00,2026-07-15 01:10:00+02:00
1784070900,25033.83,25035.56,25032.68,25033.83,87,840,0,2026-07-14 23:15:00+00:00,2026-07-15 01:15:00+02:00
1784071200,25033.54,25033.83,25025.75,25030.37,57,840,0,2026-07-14 23:20:00+00:00,2026-07-15 01:20:00+02:00
1784071500,25031.53,25033.26,25026.34,25026.92,72,840,0,2026-07-14 23:25:00+00:00,2026-07-15 01:25:00+02:00
1784071800,25026.63,25029.81,25025.76,25028.65,51,840,0,2026-07-14 23:30:00+00:00,2026-07-15 01:30:00+02:00
1784072100,25029.23,25034.43,25029.23,25034.43,63,840,0,2026-07-14 23:35:00+00:00,2026-07-15 01:35:00+02:00
1784072400,25034.15,25034.44,25032.13,25032.71,41,840,0,2026-07-14 23:40:00+00:00,2026-07-15 01:40:00+02:00
1784072700,25033.0,25035.02,25029.25,25029.25,56,840,0,2026-07-14 23:45:00+00:00,2026-07-15 01:45:00+02:00
1784073000,25028.96,25035.61,25028.96,25035.61,50,840,0,2026-07-14 23:50:00+00:00,2026-07-15 01:50:00+02:00
1784073300,25036.18,25039.65,25035.03,25037.63,66,840,0,2026-07-14 23:55:00+00:00,2026-07-15 01:55:00+02:00
1784077500,25040.11,25040.69,25034.34,25035.79,146,840,0,2026-07-15 01:05:00+00:00,2026-07-15 03:05:00+02:00
1784077800,25036.08,25036.94,25024.53,25027.13,200,840,0,2026-07-15 01:10:00+00:00,2026-07-15 03:10:00+02:00
1784078100,25027.42,25037.82,25027.13,25037.82,159,840,0,2026-07-15 01:15:00+00:00,2026-07-15 03:15:00+02:00
1784078400,25037.53,25050.83,25037.24,25049.97,145,840,0,2026-07-15 01:20:00+00:00,2026-07-15 03:20:00+02:00
1784078700,25050.54,25050.54,25046.79,25047.37,70,840,0,2026-07-15 01:25:00+00:00,2026-07-15 03:25:00+02:00
1784079000,25047.66,25049.97,25044.88,25045.75,83,840,0,2026-07-15 01:30:00+00:00,2026-07-15 03:30:00+02:00
1784079300,25045.46,25046.9,25045.46,25046.33,51,840,0,2026-07-15 01:35:00+00:00,2026-07-15 03:35:00+02:00
1784079600,25046.04,25046.91,25044.89,25045.47,66,840,0,2026-07-15 01:40:00+00:00,2026-07-15 03:40:00+02:00
1784079900,25045.76,25046.05,25042.3,25043.45,50,840,0,2026-07-15 01:45:00+00:00,2026-07-15 03:45:00+02:00
1784080200,25043.74,25044.9,25038.86,25039.15,102,840,0,2026-07-15 01:50:00+00:00,2026-07-15 03:50:00+02:00
1784080500,25039.44,25040.6,25038.0,25040.02,95,840,0,2026-07-15 01:55:00+00:00,2026-07-15 03:55:00+02:00
1784080800,25039.73,25042.34,25036.56,25042.05,116,840,0,2026-07-15 02:00:00+00:00,2026-07-15 04:00:00+02:00
1784081100,25042.34,25045.23,25041.18,25044.36,78,840,0,2026-07-15 02:05:00+00:00,2026-07-15 04:05:00+02:00
1784081400,25044.37,25049.41,25044.08,25047.97,81,840,0,2026-07-15 02:10:00+00:00,2026-07-15 04:10:00+02:00
1784081700,25047.68,25048.84,25045.37,25047.4,58,840,0,2026-07-15 02:15:00+00:00,2026-07-15 04:15:00+02:00
1784082000,25047.11,25051.16,25046.24,25050.58,63,840,0,2026-07-15 02:20:00+00:00,2026-07-15 04:20:00+02:00
1784082300,25050.29,25075.46,25050.29,25074.31,251,840,0,2026-07-15 02:25:00+00:00,2026-07-15 04:25:00+02:00
1784082600,25074.88,25084.01,25074.88,25081.7,195,840,0,2026-07-15 02:30:00+00:00,2026-07-15 04:30:00+02:00
1784082900,25082.28,25084.01,25080.83,25081.42,110,840,0,2026-07-15 02:35:00+00:00,2026-07-15 04:35:00+02:00
1784083200,25081.13,25086.9,25080.84,25082.29,147,840,0,2026-07-15 02:40:00+00:00,2026-07-15 04:40:00+02:00
1784083500,25082.0,25086.99,25080.56,25085.26,239,840,0,2026-07-15 02:45:00+00:00,2026-07-15 04:45:00+02:00
1784083800,25084.97,25088.73,25083.53,25087.78,156,840,0,2026-07-15 02:50:00+00:00,2026-07-15 04:50:00+02:00
1784084100,25088.07,25089.73,25083.38,25086.27,218,840,0,2026-07-15 02:55:00+00:00,2026-07-15 04:55:00+02:00
1784085300,25089.7,25090.7,25071.17,25074.4,109,195,0,2026-07-15 03:15:00+00:00,2026-07-15 05:15:00+02:00
1784085600,25074.9,25082.87,25073.41,25079.39,81,195,0,2026-07-15 03:20:00+00:00,2026-07-15 05:20:00+02:00
1784085900,25077.89,25078.39,25069.93,25075.91,60,195,0,2026-07-15 03:25:00+00:00,2026-07-15 05:25:00+02:00
1784086200,25076.4,25078.9,25070.94,25070.94,57,195,0,2026-07-15 03:30:00+00:00,2026-07-15 05:30:00+02:00
1784086500,25069.44,25069.44,25048.04,25048.54,54,195,0,2026-07-15 03:35:00+00:00,2026-07-15 05:35:00+02:00
1784086800,25049.54,25055.51,25041.58,25041.58,40,195,0,2026-07-15 03:40:00+00:00,2026-07-15 05:40:00+02:00
1784087100,25042.08,25054.02,25042.08,25050.05,99,195,0,2026-07-15 03:45:00+00:00,2026-07-15 05:45:00+02:00
1784087400,25050.54,25069.96,25049.05,25065.48,70,195,0,2026-07-15 03:50:00+00:00,2026-07-15 05:50:00+02:00
1784087700,25066.98,25080.42,25066.98,25078.93,63,195,0,2026-07-15 03:55:00+00:00,2026-07-15 05:55:00+02:00
1784088000,25079.43,25083.41,25045.58,25051.06,112,195,0,2026-07-15 04:00:00+00:00,2026-07-15 06:00:00+02:00
1784088300,25050.56,25058.03,25045.09,25050.57,151,195,0,2026-07-15 04:05:00+00:00,2026-07-15 06:05:00+02:00
1784088600,25049.08,25057.54,25047.58,25056.55,96,195,0,2026-07-15 04:10:00+00:00,2026-07-15 06:10:00+02:00
1784088900,25055.55,25069.49,25053.57,25060.04,118,195,0,2026-07-15 04:15:00+00:00,2026-07-15 06:15:00+02:00
1784089200,25060.54,25064.52,25054.56,25061.54,131,195,0,2026-07-15 04:20:00+00:00,2026-07-15 06:20:00+02:00
1784089500,25060.54,25066.02,25056.06,25062.54,85,195,0,2026-07-15 04:25:00+00:00,2026-07-15 06:25:00+02:00
1784089800,25063.04,25064.03,25047.61,25048.61,106,195,0,2026-07-15 04:30:00+00:00,2026-07-15 06:30:00+02:00
1784090100,25049.1,25056.58,25046.62,25056.58,120,195,0,2026-07-15 04:35:00+00:00,2026-07-15 06:35:00+02:00
1784090400,25056.08,25056.08,25033.69,25035.18,56,195,0,2026-07-15 04:40:00+00:00,2026-07-15 06:40:00+02:00
1784090700,25035.68,25048.13,25035.68,25046.14,141,195,0,2026-07-15 04:45:00+00:00,2026-07-15 06:45:00+02:00
1784091000,25045.64,25055.6,25043.15,25055.6,106,195,0,2026-07-15 04:50:00+00:00,2026-07-15 06:50:00+02:00
1784091300,25057.09,25065.56,25055.1,25065.56,51,195,0,2026-07-15 04:55:00+00:00,2026-07-15 06:55:00+02:00
1784091600,25066.06,25070.05,25064.57,25069.55,75,195,0,2026-07-15 05:00:00+00:00,2026-07-15 07:00:00+02:00
1784091900,25069.05,25071.04,25068.56,25068.56,17,195,0,2026-07-15 05:05:00+00:00,2026-07-15 07:05:00+02:00
1784092200,25069.06,25075.53,25065.58,25066.57,37,195,0,2026-07-15 05:10:00+00:00,2026-07-15 07:10:00+02:00
1784092500,25067.07,25070.06,25064.59,25069.57,39,195,0,2026-07-15 05:15:00+00:00,2026-07-15 07:15:00+02:00
1784092800,25069.07,25075.05,25065.59,25070.07,50,195,0,2026-07-15 05:20:00+00:00,2026-07-15 07:20:00+02:00
1784093100,25070.57,25073.06,25067.58,25073.06,43,195,0,2026-07-15 05:25:00+00:00,2026-07-15 07:25:00+02:00
1784093400,25074.56,25083.02,25074.06,25080.04,45,195,0,2026-07-15 05:30:00+00:00,2026-07-15 07:30:00+02:00
1784093700,25081.03,25085.52,25079.54,25079.55,58,195,0,2026-07-15 05:35:00+00:00,2026-07-15 07:35:00+02:00
1784094000,25080.04,25088.01,25080.04,25085.03,23,195,0,2026-07-15 05:40:00+00:00,2026-07-15 07:40:00+02:00
1784094300,25084.03,25087.52,25082.54,25083.54,42,195,0,2026-07-15 05:45:00+00:00,2026-07-15 07:45:00+02:00
1784094600,25082.54,25083.54,25075.08,25077.57,59,195,0,2026-07-15 05:50:00+00:00,2026-07-15 07:50:00+02:00
1784094900,25077.08,25078.57,25069.61,25071.11,42,195,0,2026-07-15 05:55:00+00:00,2026-07-15 07:55:00+02:00
1784095200,25072.1,25076.09,25069.12,25075.1,49,195,0,2026-07-15 06:00:00+00:00,2026-07-15 08:00:00+02:00
1784095500,25074.6,25078.09,25073.61,25077.09,45,195,0,2026-07-15 06:05:00+00:00,2026-07-15 08:05:00+02:00
1784095800,25075.1,25075.6,25070.13,25071.13,27,195,0,2026-07-15 06:10:00+00:00,2026-07-15 08:10:00+02:00
1784096100,25072.12,25077.1,25068.64,25071.13,39,195,0,2026-07-15 06:15:00+00:00,2026-07-15 08:15:00+02:00
1784096400,25072.13,25072.63,25067.15,25071.64,52,195,0,2026-07-15 06:20:00+00:00,2026-07-15 08:20:00+02:00
1784096700,25071.14,25075.13,25069.15,25074.63,26,195,0,2026-07-15 06:25:00+00:00,2026-07-15 08:25:00+02:00
1784097000,25074.63,25077.62,25073.63,25077.12,30,195,0,2026-07-15 06:30:00+00:00,2026-07-15 08:30:00+02:00
1784097300,25077.12,25084.1,25077.12,25081.11,31,195,0,2026-07-15 06:35:00+00:00,2026-07-15 08:35:00+02:00
1784097600,25080.61,25082.61,25071.16,25071.16,62,195,0,2026-07-15 06:40:00+00:00,2026-07-15 08:40:00+02:00
1784097900,25070.66,25083.61,25070.66,25083.11,90,195,0,2026-07-15 06:45:00+00:00,2026-07-15 08:45:00+02:00
1784098200,25085.6,25094.57,25085.11,25092.58,79,195,0,2026-07-15 06:50:00+00:00,2026-07-15 08:50:00+02:00
1784098500,25092.08,25092.08,25088.1,25088.6,37,195,0,2026-07-15 06:55:00+00:00,2026-07-15 08:55:00+02:00
1784098800,25089.1,25092.09,25087.11,25088.11,27,195,0,2026-07-15 07:00:00+00:00,2026-07-15 09:00:00+02:00
1784099100,25087.61,25087.61,25082.14,25082.64,24,195,0,2026-07-15 07:05:00+00:00,2026-07-15 09:05:00+02:00
1784099400,25083.64,25088.12,25083.64,25086.63,23,195,0,2026-07-15 07:10:00+00:00,2026-07-15 09:10:00+02:00
1784099700,25085.14,25086.63,25082.65,25085.64,33,195,0,2026-07-15 07:15:00+00:00,2026-07-15 09:15:00+02:00
1784100000,25086.14,25088.63,25084.65,25088.13,17,195,0,2026-07-15 07:20:00+00:00,2026-07-15 09:20:00+02:00
1784100300,25089.13,25090.13,25080.67,25085.65,43,195,0,2026-07-15 07:25:00+00:00,2026-07-15 09:25:00+02:00
1784100600,25084.66,25089.63,25082.67,25083.17,39,195,0,2026-07-15 07:30:00+00:00,2026-07-15 09:30:00+02:00
1784100900,25084.16,25089.64,25082.67,25089.64,25,195,0,2026-07-15 07:35:00+00:00,2026-07-15 09:35:00+02:00
1784101200,25090.14,25090.14,25087.66,25088.16,19,195,0,2026-07-15 07:40:00+00:00,2026-07-15 09:40:00+02:00
1784101500,25088.66,25100.11,25088.16,25097.62,44,195,0,2026-07-15 07:45:00+00:00,2026-07-15 09:45:00+02:00
1784101800,25096.13,25096.63,25092.64,25093.64,36,195,0,2026-07-15 07:50:00+00:00,2026-07-15 09:50:00+02:00
1784102100,25092.65,25098.13,25091.66,25097.63,41,195,0,2026-07-15 07:55:00+00:00,2026-07-15 09:55:00+02:00
1784102400,25106.1,25137.46,25058.81,25089.18,261,195,0,2026-07-15 08:00:00+00:00,2026-07-15 10:00:00+02:00
1784102700,25089.67,25095.65,25076.24,25089.18,138,195,0,2026-07-15 08:05:00+00:00,2026-07-15 10:05:00+02:00
1784103000,25092.67,25092.67,25069.77,25073.76,93,195,0,2026-07-15 08:10:00+00:00,2026-07-15 10:10:00+02:00
1784103300,25071.77,25088.69,25069.28,25083.72,107,195,0,2026-07-15 08:15:00+00:00,2026-07-15 10:15:00+02:00
1784103600,25084.22,25084.22,25060.83,25060.83,68,195,0,2026-07-15 08:20:00+00:00,2026-07-15 10:20:00+02:00
1784103900,25057.84,25061.82,25051.37,25059.84,73,195,0,2026-07-15 08:25:00+00:00,2026-07-15 10:25:00+02:00
1784104200,25059.84,25063.82,25036.94,25054.37,117,195,0,2026-07-15 08:30:00+00:00,2026-07-15 10:30:00+02:00
1784104500,25056.36,25076.77,25050.89,25076.77,93,195,0,2026-07-15 08:35:00+00:00,2026-07-15 10:35:00+02:00
1784104800,25076.28,25077.27,25034.47,25037.46,116,195,0,2026-07-15 08:40:00+00:00,2026-07-15 10:40:00+02:00
1784105100,25036.96,25071.31,25033.47,25063.84,83,195,0,2026-07-15 08:45:00+00:00,2026-07-15 10:45:00+02:00
1784105400,25063.35,25065.84,25048.91,25054.89,65,195,0,2026-07-15 08:50:00+00:00,2026-07-15 10:50:00+02:00
1784105700,25054.39,25079.29,25050.41,25066.34,87,195,0,2026-07-15 08:55:00+00:00,2026-07-15 10:55:00+02:00
1784106000,25061.86,25069.33,25053.4,25067.84,163,195,0,2026-07-15 09:00:00+00:00,2026-07-15 11:00:00+02:00
1784106300,25069.33,25070.82,25042.96,25047.94,211,195,0,2026-07-15 09:05:00+00:00,2026-07-15 11:05:00+02:00
1784106600,25048.93,25051.42,25035.91,25041.39,208,195,0,2026-07-15 09:10:00+00:00,2026-07-15 11:10:00+02:00
1784106900,25040.89,25043.88,25026.46,25041.89,166,195,0,2026-07-15 09:15:00+00:00,2026-07-15 11:15:00+02:00
1784107200,25042.89,25052.35,25037.91,25050.86,143,195,0,2026-07-15 09:20:00+00:00,2026-07-15 11:20:00+02:00
1784107500,25050.36,25060.82,25044.05,25049.45,168,195,0,2026-07-15 09:25:00+00:00,2026-07-15 11:25:00+02:00
1784107800,25048.96,25050.49,25024.98,25028.97,237,195,0,2026-07-15 09:30:00+00:00,2026-07-15 11:30:00+02:00
1784108100,25028.47,25030.46,25021.42,25022.42,220,195,0,2026-07-15 09:35:00+00:00,2026-07-15 11:35:00+02:00
1784108400,25026.9,25037.89,25017.94,25033.11,182,195,0,2026-07-15 09:40:00+00:00,2026-07-15 11:40:00+02:00
1784108700,25034.6,25040.43,25013.18,25021.2,228,195,0,2026-07-15 09:45:00+00:00,2026-07-15 11:45:00+02:00
1784109000,25022.2,25025.68,25010.13,25010.13,192,195,0,2026-07-15 09:50:00+00:00,2026-07-15 11:50:00+02:00
1784109300,25009.13,25020.59,24995.69,25020.59,297,195,0,2026-07-15 09:55:00+00:00,2026-07-15 11:55:00+02:00
1784109600,25016.11,25019.59,24934.51,24937.0,856,195,0,2026-07-15 10:00:00+00:00,2026-07-15 12:00:00+02:00
1784109900,24938.0,24947.94,24900.76,24927.88,674,195,0,2026-07-15 10:05:00+00:00,2026-07-15 12:05:00+02:00
1784110200,24927.39,24944.86,24926.89,24937.33,635,195,0,2026-07-15 10:10:00+00:00,2026-07-15 12:10:00+02:00
1784110500,24936.83,24948.59,24908.98,24908.99,626,195,0,2026-07-15 10:15:00+00:00,2026-07-15 12:15:00+02:00
1784110800,24909.48,24917.42,24882.08,24883.59,493,195,0,2026-07-15 10:20:00+00:00,2026-07-15 12:20:00+02:00
1784111100,24884.09,24885.09,24833.45,24859.83,593,195,0,2026-07-15 10:25:00+00:00,2026-07-15 12:25:00+02:00
1784111400,24860.33,24882.24,24847.35,24871.74,561,195,0,2026-07-15 10:30:00+00:00,2026-07-15 12:30:00+02:00
1784111700,24872.24,24881.09,24856.55,24874.57,532,195,0,2026-07-15 10:35:00+00:00,2026-07-15 12:35:00+02:00
1784112000,24875.06,24903.11,24869.09,24900.61,530,195,0,2026-07-15 10:40:00+00:00,2026-07-15 12:40:00+02:00
1784112300,24901.11,24904.13,24875.45,24899.13,475,195,0,2026-07-15 10:45:00+00:00,2026-07-15 12:45:00+02:00
1784112600,24898.64,24923.1,24897.15,24912.77,460,195,0,2026-07-15 10:50:00+00:00,2026-07-15 12:50:00+02:00
1784112900,24913.27,24924.61,24906.29,24918.07,432,195,0,2026-07-15 10:55:00+00:00,2026-07-15 12:55:00+02:00
1784113200,24918.57,24929.95,24906.26,24915.2,516,195,0,2026-07-15 11:00:00+00:00,2026-07-15 13:00:00+02:00
1784113500,24915.7,24917.98,24901.83,24911.0,441,195,0,2026-07-15 11:05:00+00:00,2026-07-15 13:05:00+02:00
1784113800,24911.5,24952.09,24904.01,24952.06,442,195,0,2026-07-15 11:10:00+00:00,2026-07-15 13:10:00+02:00
1784114100,24953.06,24976.3,24948.05,24975.74,530,195,0,2026-07-15 11:15:00+00:00,2026-07-15 13:15:00+02:00
1784114400,24975.73,24978.69,24937.79,24947.23,514,195,0,2026-07-15 11:20:00+00:00,2026-07-15 13:20:00+02:00
1784114700,24947.73,24987.32,24939.25,24984.26,561,195,0,2026-07-15 11:25:00+00:00,2026-07-15 13:25:00+02:00
1784115000,24982.27,24998.27,24975.84,24990.25,494,195,0,2026-07-15 11:30:00+00:00,2026-07-15 13:30:00+02:00
1784115300,24989.75,25016.96,24989.75,25010.43,408,195,0,2026-07-15 11:35:00+00:00,2026-07-15 13:35:00+02:00
1784115600,25009.44,25019.88,24989.73,24996.42,426,195,0,2026-07-15 11:40:00+00:00,2026-07-15 13:40:00+02:00
1784115900,24995.92,25022.92,24995.43,25003.39,416,195,0,2026-07-15 11:45:00+00:00,2026-07-15 13:45:00+02:00
1784116200,25003.89,25011.23,24992.79,24992.79,358,195,0,2026-07-15 11:50:00+00:00,2026-07-15 13:50:00+02:00
1784116500,24992.3,25006.42,24983.98,25005.42,370,195,0,2026-07-15 11:55:00+00:00,2026-07-15 13:55:00+02:00
1784116800,25004.92,25016.8,24996.06,25013.1,393,195,0,2026-07-15 12:00:00+00:00,2026-07-15 14:00:00+02:00
1784117100,25013.6,25030.82,25013.59,25030.82,328,195,0,2026-07-15 12:05:00+00:00,2026-07-15 14:05:00+02:00
1784117400,25030.32,25035.41,25024.83,25032.9,323,195,0,2026-07-15 12:10:00+00:00,2026-07-15 14:10:00+02:00
1784117700,25031.9,25034.09,25012.6,25014.1,323,195,0,2026-07-15 12:15:00+00:00,2026-07-15 14:15:00+02:00
1784118000,25014.6,25022.58,25009.75,25018.66,308,195,0,2026-07-15 12:20:00+00:00,2026-07-15 14:20:00+02:00
1784118300,25019.16,25023.08,25009.64,25010.96,303,195,0,2026-07-15 12:25:00+00:00,2026-07-15 14:25:00+02:00
1784118600,25010.49,25013.97,24984.35,24987.82,318,195,0,2026-07-15 12:30:00+00:00,2026-07-15 14:30:00+02:00
1784118900,24986.83,24993.2,24969.37,24970.37,336,195,0,2026-07-15 12:35:00+00:00,2026-07-15 14:35:00+02:00
1784119200,24970.86,25001.07,24968.46,24989.7,357,195,0,2026-07-15 12:40:00+00:00,2026-07-15 14:40:00+02:00
1784119500,24989.71,24993.2,24957.36,24960.83,370,195,0,2026-07-15 12:45:00+00:00,2026-07-15 14:45:00+02:00
1784119800,24960.33,24968.61,24944.2,24947.66,375,195,0,2026-07-15 12:50:00+00:00,2026-07-15 14:50:00+02:00
1784120100,24948.16,24953.56,24938.49,24944.94,372,195,0,2026-07-15 12:55:00+00:00,2026-07-15 14:55:00+02:00
1784120400,24944.44,24976.15,24940.92,24975.64,338,195,0,2026-07-15 13:00:00+00:00,2026-07-15 15:00:00+02:00
1784120700,24976.14,24981.07,24964.23,24972.29,340,195,0,2026-07-15 13:05:00+00:00,2026-07-15 15:05:00+02:00
1784121000,24971.8,24979.66,24965.37,24974.9,289,195,0,2026-07-15 13:10:00+00:00,2026-07-15 15:10:00+02:00
1784121300,24974.4,24987.46,24973.41,24979.89,284,195,0,2026-07-15 13:15:00+00:00,2026-07-15 15:15:00+02:00
1784121600,24979.9,24981.92,24962.28,24964.29,383,195,0,2026-07-15 13:20:00+00:00,2026-07-15 15:20:00+02:00
1784121900,24964.79,24966.82,24940.47,24950.97,442,195,0,2026-07-15 13:25:00+00:00,2026-07-15 15:25:00+02:00
1784122200,24951.47,24965.82,24944.69,24950.15,405,195,0,2026-07-15 13:30:00+00:00,2026-07-15 15:30:00+02:00
1784122500,24950.66,24970.87,24950.14,24961.65,331,195,0,2026-07-15 13:35:00+00:00,2026-07-15 15:35:00+02:00
1784122800,24960.66,24963.76,24945.4,24945.41,359,195,0,2026-07-15 13:40:00+00:00,2026-07-15 15:40:00+02:00
1784123100,24944.92,24953.01,24938.54,24951.5,327,195,0,2026-07-15 13:45:00+00:00,2026-07-15 15:45:00+02:00
1784123400,24950.51,24956.06,24941.19,24953.15,331,195,0,2026-07-15 13:50:00+00:00,2026-07-15 15:50:00+02:00
1784123700,24952.65,24956.08,24936.62,24936.62,336,195,0,2026-07-15 13:55:00+00:00,2026-07-15 15:55:00+02:00
1784124000,24937.12,24944.09,24925.53,24932.15,300,195,0,2026-07-15 14:00:00+00:00,2026-07-15 16:00:00+02:00
1784124300,24933.14,24938.13,24924.54,24933.65,352,195,0,2026-07-15 14:05:00+00:00,2026-07-15 16:05:00+02:00
1784124600,24933.15,24933.88,24913.42,24933.88,317,195,0,2026-07-15 14:10:00+00:00,2026-07-15 16:10:00+02:00
1784124900,24933.38,24945.21,24930.85,24938.48,361,195,0,2026-07-15 14:15:00+00:00,2026-07-15 16:15:00+02:00
1784125200,24938.98,24949.41,24938.98,24941.03,327,195,0,2026-07-15 14:20:00+00:00,2026-07-15 16:20:00+02:00
1784125500,24941.52,24950.15,24929.07,24930.09,332,195,0,2026-07-15 14:25:00+00:00,2026-07-15 16:25:00+02:00
1784125800,24931.58,24953.88,24922.16,24952.86,325,195,0,2026-07-15 14:30:00+00:00,2026-07-15 16:30:00+02:00
1784126100,24951.86,24967.54,24950.82,24965.98,293,195,0,2026-07-15 14:35:00+00:00,2026-07-15 16:35:00+02:00
1784126400,24966.47,24972.94,24961.48,24967.71,280,195,0,2026-07-15 14:40:00+00:00,2026-07-15 16:40:00+02:00
1784126700,24968.21,24968.21,24955.77,24957.14,304,195,0,2026-07-15 14:45:00+00:00,2026-07-15 16:45:00+02:00
1784127000,24957.15,24981.38,24957.15,24979.89,398,195,0,2026-07-15 14:50:00+00:00,2026-07-15 16:50:00+02:00
1784127300,24980.39,25004.51,24975.44,24998.56,270,195,0,2026-07-15 14:55:00+00:00,2026-07-15 16:55:00+02:00
1784127600,24997.57,25006.01,24984.56,24986.18,317,195,0,2026-07-15 15:00:00+00:00,2026-07-15 17:00:00+02:00
1784127900,24985.19,24990.59,24975.67,24987.12,350,195,0,2026-07-15 15:05:00+00:00,2026-07-15 17:05:00+02:00
1784128200,24987.62,25010.32,24987.08,25004.93,324,195,0,2026-07-15 15:10:00+00:00,2026-07-15 17:10:00+02:00
1784128500,25005.43,25024.4,25004.01,25020.85,305,195,0,2026-07-15 15:15:00+00:00,2026-07-15 17:15:00+02:00
1784128800,25019.86,25020.85,24993.04,24997.85,330,195,0,2026-07-15 15:20:00+00:00,2026-07-15 17:20:00+02:00
1784129100,24998.35,25005.85,24992.18,24995.83,257,195,0,2026-07-15 15:25:00+00:00,2026-07-15 17:25:00+02:00
1784129400,24995.82,25023.16,24990.71,25009.04,489,195,0,2026-07-15 15:30:00+00:00,2026-07-15 17:30:00+02:00
1784129700,25009.53,25024.52,25004.56,25017.99,451,195,0,2026-07-15 15:35:00+00:00,2026-07-15 17:35:00+02:00
1784130000,25019.98,25025.28,25009.66,25024.7,401,195,0,2026-07-15 15:40:00+00:00,2026-07-15 17:40:00+02:00
1784130300,25024.69,25032.84,25014.38,25029.83,387,195,0,2026-07-15 15:45:00+00:00,2026-07-15 17:45:00+02:00
1784130600,25029.34,25030.37,25004.8,25009.24,350,195,0,2026-07-15 15:50:00+00:00,2026-07-15 17:50:00+02:00
1784130900,25008.24,25024.0,25007.26,25014.39,378,195,0,2026-07-15 15:55:00+00:00,2026-07-15 17:55:00+02:00
1784131200,25015.88,25036.53,25012.32,25033.0,403,195,0,2026-07-15 16:00:00+00:00,2026-07-15 18:00:00+02:00
1784131500,25033.5,25040.4,25018.75,25022.85,391,195,0,2026-07-15 16:05:00+00:00,2026-07-15 18:05:00+02:00
1784131800,25022.35,25023.35,24995.36,24995.87,448,195,0,2026-07-15 16:10:00+00:00,2026-07-15 18:10:00+02:00
1784132100,24994.88,25010.08,24987.06,25008.57,401,195,0,2026-07-15 16:15:00+00:00,2026-07-15 18:15:00+02:00
1784132400,25009.06,25021.33,25008.57,25014.63,385,195,0,2026-07-15 16:20:00+00:00,2026-07-15 18:20:00+02:00
1784132700,25015.63,25018.29,25002.2,25008.97,448,195,0,2026-07-15 16:25:00+00:00,2026-07-15 18:25:00+02:00
1784133000,25006.98,25051.24,25006.98,25040.83,774,195,0,2026-07-15 16:30:00+00:00,2026-07-15 18:30:00+02:00
1784133300,25041.33,25052.11,25010.45,25010.94,745,195,0,2026-07-15 16:35:00+00:00,2026-07-15 18:35:00+02:00
1784133600,25010.44,25010.44,24982.15,24982.5,559,195,0,2026-07-15 16:40:00+00:00,2026-07-15 18:40:00+02:00
1784133900,24982.99,24985.22,24960.01,24966.39,582,195,0,2026-07-15 16:45:00+00:00,2026-07-15 18:45:00+02:00
1784134200,24965.4,24990.86,24954.87,24988.26,611,195,0,2026-07-15 16:50:00+00:00,2026-07-15 18:50:00+02:00
1784134500,24987.27,25032.36,24984.76,25015.53,867,195,0,2026-07-15 16:55:00+00:00,2026-07-15 18:55:00+02:00
1784134800,25016.02,25030.86,25001.18,25009.19,613,195,0,2026-07-15 17:00:00+00:00,2026-07-15 19:00:00+02:00
1784135100,25010.19,25026.05,25008.67,25018.92,603,195,0,2026-07-15 17:05:00+00:00,2026-07-15 19:05:00+02:00
1784135400,25018.42,25030.07,25009.31,25026.36,607,195,0,2026-07-15 17:10:00+00:00,2026-07-15 19:10:00+02:00
1784135700,25026.86,25049.62,25023.36,25045.07,501,195,0,2026-07-15 17:15:00+00:00,2026-07-15 19:15:00+02:00
1784136000,25046.07,25056.73,25012.46,25019.91,653,195,0,2026-07-15 17:20:00+00:00,2026-07-15 19:20:00+02:00
1784136300,25020.41,25040.74,25008.97,25029.87,775,195,0,2026-07-15 17:25:00+00:00,2026-07-15 19:25:00+02:00
1784136600,25031.86,25048.62,25022.46,25045.6,692,195,0,2026-07-15 17:30:00+00:00,2026-07-15 19:30:00+02:00
1784136900,25046.1,25050.04,25022.02,25023.51,642,195,0,2026-07-15 17:35:00+00:00,2026-07-15 19:35:00+02:00
1784137200,25023.02,25036.8,25009.32,25010.82,662,195,0,2026-07-15 17:40:00+00:00,2026-07-15 19:40:00+02:00
1784137500,25011.81,25017.28,24991.78,25009.86,597,195,0,2026-07-15 17:45:00+00:00,2026-07-15 19:45:00+02:00
1784137800,25010.36,25029.73,25003.74,25026.72,576,195,0,2026-07-15 17:50:00+00:00,2026-07-15 19:50:00+02:00
1784138100,25028.21,25035.52,25017.27,25034.02,533,195,0,2026-07-15 17:55:00+00:00,2026-07-15 19:55:00+02:00
1784138400,25035.01,25036.0,25009.2,25015.66,606,195,0,2026-07-15 18:00:00+00:00,2026-07-15 20:00:00+02:00
1784138700,25016.16,25036.05,25009.7,25027.63,545,195,0,2026-07-15 18:05:00+00:00,2026-07-15 20:05:00+02:00
1784139000,25027.13,25033.1,24997.07,25000.05,520,195,0,2026-07-15 18:10:00+00:00,2026-07-15 20:10:00+02:00
1784139300,24999.55,25017.68,24991.51,25012.23,534,195,0,2026-07-15 18:15:00+00:00,2026-07-15 20:15:00+02:00
1784139600,25011.73,25014.23,24989.23,25005.61,518,195,0,2026-07-15 18:20:00+00:00,2026-07-15 20:20:00+02:00
1784139900,25005.11,25019.67,24998.66,25009.22,546,195,0,2026-07-15 18:25:00+00:00,2026-07-15 20:25:00+02:00
1784140200,25011.21,25039.1,25008.24,25013.22,608,195,0,2026-07-15 18:30:00+00:00,2026-07-15 20:30:00+02:00
1784140500,25011.23,25030.15,25002.77,25020.2,467,195,0,2026-07-15 18:35:00+00:00,2026-07-15 20:35:00+02:00
1784140800,25020.69,25029.66,25017.21,25018.71,347,195,0,2026-07-15 18:40:00+00:00,2026-07-15 20:40:00+02:00
1784141100,25015.22,25021.7,25007.26,25012.24,339,195,0,2026-07-15 18:45:00+00:00,2026-07-15 20:45:00+02:00
1784141400,25012.74,25014.23,24999.3,25009.72,322,195,0,2026-07-15 18:50:00+00:00,2026-07-15 20:50:00+02:00
1784141700,25008.72,25011.21,24993.25,24993.25,259,195,0,2026-07-15 18:55:00+00:00,2026-07-15 20:55:00+02:00
1784142000,24993.75,24996.74,24966.83,24968.83,380,195,0,2026-07-15 19:00:00+00:00,2026-07-15 21:00:00+02:00
1784142300,24969.82,24973.31,24956.39,24970.33,343,195,0,2026-07-15 19:05:00+00:00,2026-07-15 21:05:00+02:00
1784142600,24969.83,24970.33,24952.41,24954.4,311,195,0,2026-07-15 19:10:00+00:00,2026-07-15 21:10:00+02:00
1784142900,24953.41,24956.89,24943.95,24946.44,394,195,0,2026-07-15 19:15:00+00:00,2026-07-15 21:15:00+02:00
1784143200,24945.95,24953.87,24936.95,24939.94,315,195,0,2026-07-15 19:20:00+00:00,2026-07-15 21:20:00+02:00
1784143500,24939.44,24951.35,24936.46,24950.85,363,195,0,2026-07-15 19:25:00+00:00,2026-07-15 21:25:00+02:00
1784143800,24951.35,24955.33,24931.44,24935.92,353,195,0,2026-07-15 19:30:00+00:00,2026-07-15 21:30:00+02:00
1784144100,24936.42,24936.42,24920.49,24924.98,372,195,0,2026-07-15 19:35:00+00:00,2026-07-15 21:35:00+02:00
1784144400,24925.48,24939.92,24920.0,24939.92,340,195,0,2026-07-15 19:40:00+00:00,2026-07-15 21:40:00+02:00
1784144700,24940.41,24981.23,24936.43,24954.36,408,195,0,2026-07-15 19:45:00+00:00,2026-07-15 21:45:00+02:00
1784145000,24952.86,24965.81,24949.39,24950.88,303,195,0,2026-07-15 19:50:00+00:00,2026-07-15 21:50:00+02:00
1784145300,24950.38,24963.33,24945.4,24960.84,266,195,0,2026-07-15 19:55:00+00:00,2026-07-15 21:55:00+02:00
1784145600,24962.83,24979.26,24961.34,24970.8,196,195,0,2026-07-15 20:00:00+00:00,2026-07-15 22:00:00+02:00
1784145900,24971.3,24981.76,24967.82,24975.79,184,195,0,2026-07-15 20:05:00+00:00,2026-07-15 22:05:00+02:00
1784146200,24976.78,24979.77,24970.32,24970.32,177,195,0,2026-07-15 20:10:00+00:00,2026-07-15 22:10:00+02:00
1784146500,24971.81,24982.77,24969.32,24982.27,186,195,0,2026-07-15 20:15:00+00:00,2026-07-15 22:15:00+02:00
1784146800,24981.77,24987.75,24975.8,24984.27,152,195,0,2026-07-15 20:20:00+00:00,2026-07-15 22:20:00+02:00
1784147100,24984.76,24996.72,24984.27,24996.22,175,195,0,2026-07-15 20:25:00+00:00,2026-07-15 22:25:00+02:00
1784147400,24995.72,25000.7,24992.74,24999.21,225,195,0,2026-07-15 20:30:00+00:00,2026-07-15 22:30:00+02:00
1784147700,24999.71,25019.62,24998.22,25011.16,145,195,0,2026-07-15 20:35:00+00:00,2026-07-15 22:35:00+02:00
1784148000,25011.66,25024.11,25011.16,25015.15,166,195,0,2026-07-15 20:40:00+00:00,2026-07-15 22:40:00+02:00
1784148300,25013.66,25031.58,25011.17,25022.62,189,195,0,2026-07-15 20:45:00+00:00,2026-07-15 22:45:00+02:00
1784148600,25022.13,25026.11,25015.16,25024.12,144,195,0,2026-07-15 20:50:00+00:00,2026-07-15 22:50:00+02:00
1784148900,25023.63,25025.62,25013.68,25016.66,150,195,0,2026-07-15 20:55:00+00:00,2026-07-15 22:55:00+02:00
1784149200,25017.16,25017.66,25009.2,25011.19,134,195,0,2026-07-15 21:00:00+00:00,2026-07-15 23:00:00+02:00
1784149500,25010.7,25017.17,25010.7,25015.18,87,195,0,2026-07-15 21:05:00+00:00,2026-07-15 23:05:00+02:00
1784149800,25016.18,25025.64,25013.69,25022.65,95,195,0,2026-07-15 21:10:00+00:00,2026-07-15 23:10:00+02:00
1784150100,25022.16,25025.15,25016.68,25022.66,148,195,0,2026-07-15 21:15:00+00:00,2026-07-15 23:15:00+02:00
1784150400,25022.16,25023.66,25018.18,25021.17,124,195,0,2026-07-15 21:20:00+00:00,2026-07-15 23:20:00+02:00
1784150700,25021.17,25022.67,25012.22,25013.71,101,195,0,2026-07-15 21:25:00+00:00,2026-07-15 23:25:00+02:00
1784151000,25013.21,25023.67,25012.72,25018.7,94,195,0,2026-07-15 21:30:00+00:00,2026-07-15 23:30:00+02:00
1784151300,25018.2,25025.17,25016.71,25024.18,129,195,0,2026-07-15 21:35:00+00:00,2026-07-15 23:35:00+02:00
1784151600,25023.68,25025.18,25017.21,25018.71,116,195,0,2026-07-15 21:40:00+00:00,2026-07-15 23:40:00+02:00
1784151900,25018.21,25019.71,25007.26,25012.24,174,195,0,2026-07-15 21:45:00+00:00,2026-07-15 23:45:00+02:00
1784152200,25012.74,25013.24,24999.3,25004.28,169,195,0,2026-07-15 21:50:00+00:00,2026-07-15 23:50:00+02:00
1784152500,25003.79,25007.77,24993.34,24996.33,123,195,0,2026-07-15 21:55:00+00:00,2026-07-15 23:55:00+02:00
1784152800,24996.82,25002.8,24987.86,25002.31,190,195,0,2026-07-15 22:00:00+00:00,2026-07-16 00:00:00+02:00
1784153100,25001.81,25008.78,25000.31,25004.3,157,195,0,2026-07-15 22:05:00+00:00,2026-07-16 00:05:00+02:00
1784153400,25003.31,25014.26,25000.82,25012.27,157,195,0,2026-07-15 22:10:00+00:00,2026-07-16 00:10:00+02:00
1784153700,25011.78,25014.26,25005.81,25005.81,153,195,0,2026-07-15 22:15:00+00:00,2026-07-16 00:15:00+02:00
1784154000,25006.31,25006.31,24991.38,24993.87,198,195,0,2026-07-15 22:20:00+00:00,2026-07-16 00:20:00+02:00
1784154300,24992.87,25004.82,24989.89,25000.84,137,195,0,2026-07-15 22:25:00+00:00,2026-07-16 00:25:00+02:00
1784154600,25000.34,25005.82,24984.92,24985.91,329,195,0,2026-07-15 22:30:00+00:00,2026-07-16 00:30:00+02:00
1784154900,24986.41,24993.89,24976.96,24993.89,234,195,0,2026-07-15 22:35:00+00:00,2026-07-16 00:35:00+02:00
1784155200,24993.39,24993.89,24985.43,24988.42,145,195,0,2026-07-15 22:40:00+00:00,2026-07-16 00:40:00+02:00
1784155500,24987.92,24993.4,24977.97,24978.47,139,195,0,2026-07-15 22:45:00+00:00,2026-07-16 00:45:00+02:00
1784155800,24980.46,24994.4,24973.99,24989.92,195,195,0,2026-07-15 22:50:00+00:00,2026-07-16 00:50:00+02:00
1784156100,24990.92,25002.87,24981.96,24995.4,267,195,0,2026-07-15 22:55:00+00:00,2026-07-16 00:55:00+02:00
1784156400,24994.9,24997.85,24981.49,24993.26,181,195,0,2026-07-15 23:00:00+00:00,2026-07-16 01:00:00+02:00
1784156700,24992.69,24993.26,24974.32,24983.5,91,840,0,2026-07-15 23:05:00+00:00,2026-07-16 01:05:00+02:00
1784157000,24982.35,24988.68,24982.35,24986.95,102,840,0,2026-07-15 23:10:00+00:00,2026-07-16 01:10:00+02:00
1784157300,24987.53,24989.26,24984.08,24989.26,109,840,0,2026-07-15 23:15:00+00:00,2026-07-16 01:15:00+02:00
1784157600,24988.68,24993.86,24988.68,24993.86,45,840,0,2026-07-15 23:20:00+00:00,2026-07-16 01:20:00+02:00
1784157900,24993.28,24994.43,24991.57,24992.14,47,840,0,2026-07-15 23:25:00+00:00,2026-07-16 01:25:00+02:00
1784158200,24992.43,24992.43,24987.55,24988.13,37,840,0,2026-07-15 23:30:00+00:00,2026-07-16 01:30:00+02:00
1784158500,24987.55,24991.0,24987.55,24990.43,36,840,0,2026-07-15 23:35:00+00:00,2026-07-16 01:35:00+02:00
1784158800,24990.14,24992.73,24989.28,24991.58,27,840,0,2026-07-15 23:40:00+00:00,2026-07-16 01:40:00+02:00
1784159100,24991.59,24993.89,24991.59,24991.59,29,840,0,2026-07-15 23:45:00+00:00,2026-07-16 01:45:00+02:00
1784159400,24992.16,24992.17,24989.3,24989.3,19,840,0,2026-07-15 23:50:00+00:00,2026-07-16 01:50:00+02:00
1784159700,24990.45,24992.17,24988.73,24989.88,43,840,0,2026-07-15 23:55:00+00:00,2026-07-16 01:55:00+02:00
1784163900,25010.06,25013.52,25008.33,25008.62,127,840,0,2026-07-16 01:05:00+00:00,2026-07-16 03:05:00+02:00
1784164200,25009.2,25009.2,25005.16,25005.74,84,840,0,2026-07-16 01:10:00+00:00,2026-07-16 03:10:00+02:00
1784164500,25006.03,25006.03,25004.01,25004.01,65,840,0,2026-07-16 01:15:00+00:00,2026-07-16 03:15:00+02:00
1784164800,25004.58,25005.16,25000.55,25001.12,83,840,0,2026-07-16 01:20:00+00:00,2026-07-16 03:20:00+02:00
1784165100,25000.83,25001.7,24999.97,25001.12,51,840,0,2026-07-16 01:25:00+00:00,2026-07-16 03:25:00+02:00
1784165400,25001.41,25001.43,24995.97,24997.12,83,840,0,2026-07-16 01:30:00+00:00,2026-07-16 03:30:00+02:00
1784165700,24996.83,24997.7,24993.66,24994.24,81,840,0,2026-07-16 01:35:00+00:00,2026-07-16 03:35:00+02:00
1784166000,24993.66,24995.97,24993.09,24994.24,54,840,0,2026-07-16 01:40:00+00:00,2026-07-16 03:40:00+02:00
1784166300,24994.82,24996.55,24993.09,24993.66,58,840,0,2026-07-16 01:45:00+00:00,2026-07-16 03:45:00+02:00
1784166600,24993.37,24999.72,24991.36,24994.82,140,840,0,2026-07-16 01:50:00+00:00,2026-07-16 03:50:00+02:00
1784166900,24995.1,25001.74,24991.36,25000.58,155,840,0,2026-07-16 01:55:00+00:00,2026-07-16 03:55:00+02:00
1784167200,25000.3,25002.89,24998.28,25002.31,113,840,0,2026-07-16 02:00:00+00:00,2026-07-16 04:00:00+02:00
1784167500,25002.6,25002.6,24998.57,25001.16,96,840,0,2026-07-16 02:05:00+00:00,2026-07-16 04:05:00+02:00
1784167800,25001.45,25003.47,25000.3,25001.16,61,840,0,2026-07-16 02:10:00+00:00,2026-07-16 04:10:00+02:00
1784168100,25000.87,25001.16,24997.41,25000.3,83,840,0,2026-07-16 02:15:00+00:00,2026-07-16 04:15:00+02:00
1784168400,25000.01,25002.31,24998.85,25000.87,75,840,0,2026-07-16 02:20:00+00:00,2026-07-16 04:20:00+02:00
1784168700,25000.58,25004.62,24998.85,25003.47,72,840,0,2026-07-16 02:25:00+00:00,2026-07-16 04:25:00+02:00
1784169000,25003.76,25008.66,25003.47,25008.08,108,840,0,2026-07-16 02:30:00+00:00,2026-07-16 04:30:00+02:00
1784169300,25008.66,25008.66,25002.89,25003.47,51,840,0,2026-07-16 02:35:00+00:00,2026-07-16 04:35:00+02:00
1784169600,25003.76,25005.78,25001.16,25004.91,72,840,0,2026-07-16 02:40:00+00:00,2026-07-16 04:40:00+02:00
1784169900,25004.62,25006.35,24997.12,24997.7,197,840,0,2026-07-16 02:45:00+00:00,2026-07-16 04:45:00+02:00
1784170200,24997.99,25002.31,24996.55,24997.41,169,840,0,2026-07-16 02:50:00+00:00,2026-07-16 04:50:00+02:00
1784170500,24997.7,24999.72,24994.24,24995.97,175,840,0,2026-07-16 02:55:00+00:00,2026-07-16 04:55:00+02:00
1784171700,25034.2,25039.7,25005.93,25010.43,129,195,0,2026-07-16 03:15:00+00:00,2026-07-16 05:15:00+02:00
1784172000,25007.43,25025.43,25004.93,25014.43,147,195,0,2026-07-16 03:20:00+00:00,2026-07-16 05:20:00+02:00
1784172300,25014.93,25019.43,25004.43,25004.93,103,195,0,2026-07-16 03:25:00+00:00,2026-07-16 05:25:00+02:00
1784172600,25005.93,25014.43,24989.43,25000.43,206,195,0,2026-07-16 03:30:00+00:00,2026-07-16 05:30:00+02:00
1784172900,24998.93,25000.93,24979.93,24981.93,106,195,0,2026-07-16 03:35:00+00:00,2026-07-16 05:35:00+02:00
1784173200,24982.43,24982.93,24974.93,24974.93,119,195,0,2026-07-16 03:40:00+00:00,2026-07-16 05:40:00+02:00
1784173500,24972.93,24976.43,24958.43,24969.93,101,195,0,2026-07-16 03:45:00+00:00,2026-07-16 05:45:00+02:00
1784173800,24970.43,24983.43,24961.93,24968.93,159,195,0,2026-07-16 03:50:00+00:00,2026-07-16 05:50:00+02:00
1784174100,24969.93,24972.93,24958.43,24963.93,102,195,0,2026-07-16 03:55:00+00:00,2026-07-16 05:55:00+02:00
1784174400,24962.93,24967.43,24945.43,24950.43,195,195,0,2026-07-16 04:00:00+00:00,2026-07-16 06:00:00+02:00
1784174700,24949.93,24955.93,24946.43,24948.93,124,195,0,2026-07-16 04:05:00+00:00,2026-07-16 06:05:00+02:00
1784175000,24947.93,24951.93,24930.93,24936.43,84,195,0,2026-07-16 04:10:00+00:00,2026-07-16 06:10:00+02:00
1784175300,24937.43,24937.93,24912.93,24912.93,121,195,0,2026-07-16 04:15:00+00:00,2026-07-16 06:15:00+02:00
1784175600,24913.43,24933.93,24908.43,24921.93,144,195,0,2026-07-16 04:20:00+00:00,2026-07-16 06:20:00+02:00
1784175900,24920.93,24935.93,24917.43,24927.43,131,195,0,2026-07-16 04:25:00+00:00,2026-07-16 06:25:00+02:00
1784176200,24927.93,24943.43,24924.43,24934.93,130,195,0,2026-07-16 04:30:00+00:00,2026-07-16 06:30:00+02:00
1784176500,24921.9,24946.93,24921.9,24941.93,170,195,0,2026-07-16 04:35:00+00:00,2026-07-16 06:35:00+02:00
1784176800,24941.43,24948.93,24929.43,24933.93,151,195,0,2026-07-16 04:40:00+00:00,2026-07-16 06:40:00+02:00
1784177100,24934.93,24956.43,24928.43,24955.93,146,195,0,2026-07-16 04:45:00+00:00,2026-07-16 06:45:00+02:00
1784177400,24957.93,24961.43,24938.43,24948.43,195,195,0,2026-07-16 04:50:00+00:00,2026-07-16 06:50:00+02:00
1784177700,24949.93,24957.93,24932.93,24938.43,145,195,0,2026-07-16 04:55:00+00:00,2026-07-16 06:55:00+02:00
1784178000,24935.93,24937.93,24916.43,24922.43,138,195,0,2026-07-16 05:00:00+00:00,2026-07-16 07:00:00+02:00
1784178300,24923.43,24927.43,24916.93,24922.43,100,195,0,2026-07-16 05:05:00+00:00,2026-07-16 07:05:00+02:00
1784178600,24920.43,24930.43,24919.43,24923.93,79,195,0,2026-07-16 05:10:00+00:00,2026-07-16 07:10:00+02:00
1784178900,24924.43,24928.93,24914.93,24927.43,123,195,0,2026-07-16 05:15:00+00:00,2026-07-16 07:15:00+02:00
1784179200,24927.93,24945.43,24925.93,24942.93,104,195,0,2026-07-16 05:20:00+00:00,2026-07-16 07:20:00+02:00
1784179500,24943.43,24952.93,24943.43,24952.43,61,195,0,2026-07-16 05:25:00+00:00,2026-07-16 07:25:00+02:00
1784179800,24952.93,24961.93,24949.43,24957.43,79,195,0,2026-07-16 05:30:00+00:00,2026-07-16 07:30:00+02:00
1784180100,24958.43,24967.43,24956.93,24960.43,94,195,0,2026-07-16 05:35:00+00:00,2026-07-16 07:35:00+02:00
1784180400,24961.93,24963.43,24954.93,24957.93,54,195,0,2026-07-16 05:40:00+00:00,2026-07-16 07:40:00+02:00
1784180700,24960.93,24977.43,24960.93,24970.93,51,195,0,2026-07-16 05:45:00+00:00,2026-07-16 07:45:00+02:00
1784181000,24973.93,24976.93,24968.93,24974.93,54,195,0,2026-07-16 05:50:00+00:00,2026-07-16 07:50:00+02:00
1784181300,24976.43,24986.93,24975.93,24986.93,61,195,0,2026-07-16 05:55:00+00:00,2026-07-16 07:55:00+02:00
1784181600,24987.93,24988.93,24980.93,24986.43,41,195,0,2026-07-16 06:00:00+00:00,2026-07-16 08:00:00+02:00
1784181900,24988.43,25006.43,24985.43,25002.93,80,195,0,2026-07-16 06:05:00+00:00,2026-07-16 08:05:00+02:00
1784182200,25003.93,25005.43,25000.93,25000.93,28,195,0,2026-07-16 06:10:00+00:00,2026-07-16 08:10:00+02:00
1784182500,24999.43,25000.43,24988.93,24989.93,35,195,0,2026-07-16 06:15:00+00:00,2026-07-16 08:15:00+02:00
1784182800,24990.93,24998.93,24986.93,24994.43,44,195,0,2026-07-16 06:20:00+00:00,2026-07-16 08:20:00+02:00
1784183100,24994.93,24996.93,24992.43,24996.43,18,195,0,2026-07-16 06:25:00+00:00,2026-07-16 08:25:00+02:00
1784183400,24995.93,25009.43,24993.93,25006.43,139,195,0,2026-07-16 06:30:00+00:00,2026-07-16 08:30:00+02:00
1784183700,25004.93,25010.93,24996.93,25007.43,77,195,0,2026-07-16 06:35:00+00:00,2026-07-16 08:35:00+02:00
1784184000,25008.43,25011.93,25005.43,25006.93,43,195,0,2026-07-16 06:40:00+00:00,2026-07-16 08:40:00+02:00
1784184300,25007.43,25010.93,25004.93,25004.93,24,195,0,2026-07-16 06:45:00+00:00,2026-07-16 08:45:00+02:00
1784184600,25003.93,25026.43,25003.93,25023.93,52,195,0,2026-07-16 06:50:00+00:00,2026-07-16 08:50:00+02:00
1784184900,25023.43,25029.93,25022.43,25029.93,78,195,0,2026-07-16 06:55:00+00:00,2026-07-16 08:55:00+02:00
1784185200,25030.43,25033.43,25018.93,25021.93,50,195,0,2026-07-16 07:00:00+00:00,2026-07-16 09:00:00+02:00
1784185500,25018.43,25020.43,25010.93,25013.93,36,195,0,2026-07-16 07:05:00+00:00,2026-07-16 09:05:00+02:00
1784185800,25013.43,25023.43,25006.95,25020.43,73,195,0,2026-07-16 07:10:00+00:00,2026-07-16 09:10:00+02:00
1784186100,25020.93,25020.93,25008.43,25008.43,40,195,0,2026-07-16 07:15:00+00:00,2026-07-16 09:15:00+02:00
1784186400,25007.93,25012.43,25004.93,25007.93,45,195,0,2026-07-16 07:20:00+00:00,2026-07-16 09:20:00+02:00
1784186700,25006.93,25010.43,24993.93,24996.43,41,195,0,2026-07-16 07:25:00+00:00,2026-07-16 09:25:00+02:00
1784187000,24995.43,24999.43,24990.43,24990.43,29,195,0,2026-07-16 07:30:00+00:00,2026-07-16 09:30:00+02:00
1784187300,24989.93,24995.93,24988.93,24989.43,35,195,0,2026-07-16 07:35:00+00:00,2026-07-16 09:35:00+02:00
1784187600,24989.43,25000.93,24988.93,24996.43,33,195,0,2026-07-16 07:40:00+00:00,2026-07-16 09:40:00+02:00
1784187900,24995.93,25001.43,24992.93,24996.43,44,195,0,2026-07-16 07:45:00+00:00,2026-07-16 09:45:00+02:00
1784188200,24998.93,25001.43,24996.43,25001.43,25,195,0,2026-07-16 07:50:00+00:00,2026-07-16 09:50:00+02:00
1784188500,24999.93,25004.43,24993.43,24994.93,58,195,0,2026-07-16 07:55:00+00:00,2026-07-16 09:55:00+02:00
1784188800,25001.43,25004.93,24997.43,25001.43,99,195,0,2026-07-16 08:00:00+00:00,2026-07-16 10:00:00+02:00
1784189100,24999.93,25015.43,24995.43,24997.43,56,195,0,2026-07-16 08:05:00+00:00,2026-07-16 10:05:00+02:00
1784189400,24996.43,25032.43,24995.93,25030.93,104,195,0,2026-07-16 08:10:00+00:00,2026-07-16 10:10:00+02:00
1784189700,25032.43,25046.43,25030.43,25036.93,89,195,0,2026-07-16 08:15:00+00:00,2026-07-16 10:15:00+02:00
1784190000,25036.43,25055.43,25036.43,25048.43,51,195,0,2026-07-16 08:20:00+00:00,2026-07-16 10:20:00+02:00
1784190300,25045.93,25058.43,25045.93,25050.93,71,195,0,2026-07-16 08:25:00+00:00,2026-07-16 10:25:00+02:00
1784190600,25051.93,25063.43,25026.43,25028.43,217,195,0,2026-07-16 08:30:00+00:00,2026-07-16 10:30:00+02:00
1784190900,25027.93,25031.93,25012.93,25022.43,171,195,0,2026-07-16 08:35:00+00:00,2026-07-16 10:35:00+02:00
1784191200,25023.43,25037.43,25018.43,25026.43,154,195,0,2026-07-16 08:40:00+00:00,2026-07-16 10:40:00+02:00
1784191500,25027.43,25031.43,25017.43,25017.43,87,195,0,2026-07-16 08:45:00+00:00,2026-07-16 10:45:00+02:00
1784191800,25016.93,25022.93,25013.43,25017.93,121,195,0,2026-07-16 08:50:00+00:00,2026-07-16 10:50:00+02:00
1784192100,25017.43,25031.43,25017.43,25022.93,76,195,0,2026-07-16 08:55:00+00:00,2026-07-16 10:55:00+02:00
1784192400,25022.43,25037.93,25007.43,25014.43,238,195,0,2026-07-16 09:00:00+00:00,2026-07-16 11:00:00+02:00
1784192700,25012.93,25017.93,24966.43,25001.43,388,195,0,2026-07-16 09:05:00+00:00,2026-07-16 11:05:00+02:00
1784193000,25000.43,25002.93,24984.93,25001.43,373,195,0,2026-07-16 09:10:00+00:00,2026-07-16 11:10:00+02:00
1784193300,25000.93,25021.93,24998.43,25019.43,339,195,0,2026-07-16 09:15:00+00:00,2026-07-16 11:15:00+02:00
1784193600,25018.93,25028.43,25005.43,25019.43,259,195,0,2026-07-16 09:20:00+00:00,2026-07-16 11:20:00+02:00
1784193900,25019.93,25024.93,25006.43,25006.93,273,195,0,2026-07-16 09:25:00+00:00,2026-07-16 11:25:00+02:00
1784194200,25006.43,25007.43,24983.93,24985.43,335,195,0,2026-07-16 09:30:00+00:00,2026-07-16 11:30:00+02:00
1784194500,24984.43,24993.93,24971.93,24978.43,243,195,0,2026-07-16 09:35:00+00:00,2026-07-16 11:35:00+02:00
1784194800,24978.93,24993.43,24977.93,24989.43,200,195,0,2026-07-16 09:40:00+00:00,2026-07-16 11:40:00+02:00
1784195100,24988.93,25006.43,24979.93,25006.43,182,195,0,2026-07-16 09:45:00+00:00,2026-07-16 11:45:00+02:00
1784195400,25007.43,25013.43,24994.93,25004.93,208,195,0,2026-07-16 09:50:00+00:00,2026-07-16 11:50:00+02:00
1784195700,25005.43,25032.93,25005.43,25025.93,266,195,0,2026-07-16 09:55:00+00:00,2026-07-16 11:55:00+02:00
1784196000,25024.93,25049.93,24969.43,25024.93,843,195,0,2026-07-16 10:00:00+00:00,2026-07-16 12:00:00+02:00
1784196300,25025.43,25028.93,24974.93,24996.93,645,195,0,2026-07-16 10:05:00+00:00,2026-07-16 12:05:00+02:00
1784196600,24997.43,24998.93,24911.43,24911.43,573,195,0,2026-07-16 10:10:00+00:00,2026-07-16 12:10:00+02:00
1784196900,24910.93,24928.93,24895.93,24905.43,617,195,0,2026-07-16 10:15:00+00:00,2026-07-16 12:15:00+02:00
1784197200,24904.93,24952.93,24903.43,24952.43,491,195,0,2026-07-16 10:20:00+00:00,2026-07-16 12:20:00+02:00
1784197500,24951.43,24966.93,24931.43,24944.93,473,195,0,2026-07-16 10:25:00+00:00,2026-07-16 12:25:00+02:00
1784197800,24945.43,24956.43,24910.43,24912.93,494,195,0,2026-07-16 10:30:00+00:00,2026-07-16 12:30:00+02:00
1784198100,24913.43,24913.43,24881.43,24884.43,572,195,0,2026-07-16 10:35:00+00:00,2026-07-16 12:35:00+02:00
1784198400,24883.43,24908.93,24875.43,24895.93,485,195,0,2026-07-16 10:40:00+00:00,2026-07-16 12:40:00+02:00
1784198700,24897.93,24899.43,24865.43,24873.93,474,195,0,2026-07-16 10:45:00+00:00,2026-07-16 12:45:00+02:00
1784199000,24873.43,24880.93,24860.93,24869.93,460,195,0,2026-07-16 10:50:00+00:00,2026-07-16 12:50:00+02:00
1784199300,24870.93,24874.93,24843.93,24869.93,401,195,0,2026-07-16 10:55:00+00:00,2026-07-16 12:55:00+02:00
1784199600,24870.93,24894.43,24859.93,24891.93,637,195,0,2026-07-16 11:00:00+00:00,2026-07-16 13:00:00+02:00
1784199900,24890.93,24894.93,24856.93,24857.43,543,195,0,2026-07-16 11:05:00+00:00,2026-07-16 13:05:00+02:00
1784200200,24856.43,24856.93,24838.93,24840.93,488,195,0,2026-07-16 11:10:00+00:00,2026-07-16 13:10:00+02:00
1784200500,24841.43,24845.43,24820.43,24841.93,541,195,0,2026-07-16 11:15:00+00:00,2026-07-16 13:15:00+02:00
1784200800,24842.93,24891.93,24842.43,24881.93,498,195,0,2026-07-16 11:20:00+00:00,2026-07-16 13:20:00+02:00
1784201100,24882.43,24901.43,24878.43,24898.93,580,195,0,2026-07-16 11:25:00+00:00,2026-07-16 13:25:00+02:00
1784201400,24897.93,24908.43,24887.93,24898.93,531,195,0,2026-07-16 11:30:00+00:00,2026-07-16 13:30:00+02:00
1784201700,24898.43,24912.93,24884.93,24884.93,478,195,0,2026-07-16 11:35:00+00:00,2026-07-16 13:35:00+02:00
1784202000,24885.43,24917.43,24885.43,24900.43,404,195,0,2026-07-16 11:40:00+00:00,2026-07-16 13:40:00+02:00
1784202300,24900.93,24940.43,24900.93,24935.43,412,195,0,2026-07-16 11:45:00+00:00,2026-07-16 13:45:00+02:00
1784202600,24935.93,24938.43,24900.43,24904.93,408,195,0,2026-07-16 11:50:00+00:00,2026-07-16 13:50:00+02:00
1784202900,24906.43,24915.93,24901.43,24902.93,437,195,0,2026-07-16 11:55:00+00:00,2026-07-16 13:55:00+02:00
1784203200,24903.43,24931.93,24901.93,24923.43,559,195,0,2026-07-16 12:00:00+00:00,2026-07-16 14:00:00+02:00
1784203500,24922.93,24930.43,24903.43,24904.93,422,195,0,2026-07-16 12:05:00+00:00,2026-07-16 14:05:00+02:00
1784203800,24905.43,24945.93,24898.93,24936.93,404,195,0,2026-07-16 12:10:00+00:00,2026-07-16 14:10:00+02:00
1784204100,24937.93,24947.43,24918.43,24923.43,334,195,0,2026-07-16 12:15:00+00:00,2026-07-16 14:15:00+02:00
1784204400,24923.93,24931.93,24892.43,24892.93,340,195,0,2026-07-16 12:20:00+00:00,2026-07-16 14:20:00+02:00
1784204700,24891.93,24896.93,24870.43,24877.93,387,195,0,2026-07-16 12:25:00+00:00,2026-07-16 14:25:00+02:00
1784205000,24878.93,24894.93,24871.43,24875.43,372,195,0,2026-07-16 12:30:00+00:00,2026-07-16 14:30:00+02:00
1784205300,24874.93,24881.43,24850.93,24857.43,361,195,0,2026-07-16 12:35:00+00:00,2026-07-16 14:35:00+02:00
1784205600,24856.93,24868.43,24850.43,24859.93,384,195,0,2026-07-16 12:40:00+00:00,2026-07-16 14:40:00+02:00
1784205900,24859.43,24859.43,24839.93,24845.93,355,195,0,2026-07-16 12:45:00+00:00,2026-07-16 14:45:00+02:00
1784206200,24845.43,24864.43,24834.43,24862.93,315,195,0,2026-07-16 12:50:00+00:00,2026-07-16 14:50:00+02:00
1784206500,24863.93,24868.93,24844.43,24854.43,379,195,0,2026-07-16 12:55:00+00:00,2026-07-16 14:55:00+02:00
1784206800,24854.93,24865.43,24840.43,24853.93,377,195,0,2026-07-16 13:00:00+00:00,2026-07-16 15:00:00+02:00
1784207100,24852.93,24877.93,24850.43,24874.93,322,195,0,2026-07-16 13:05:00+00:00,2026-07-16 15:05:00+02:00
1784207400,24874.43,24874.43,24843.93,24848.93,337,195,0,2026-07-16 13:10:00+00:00,2026-07-16 15:10:00+02:00
1784207700,24847.93,24851.43,24832.43,24837.93,292,195,0,2026-07-16 13:15:00+00:00,2026-07-16 15:15:00+02:00
1784208000,24836.93,24845.93,24813.93,24820.43,369,195,0,2026-07-16 13:20:00+00:00,2026-07-16 15:20:00+02:00
1784208300,24820.93,24844.43,24813.43,24843.93,397,195,0,2026-07-16 13:25:00+00:00,2026-07-16 15:25:00+02:00
1784208600,24842.93,24850.93,24830.93,24841.93,403,195,0,2026-07-16 13:30:00+00:00,2026-07-16 15:30:00+02:00
1784208900,24841.43,24856.93,24834.43,24834.93,388,195,0,2026-07-16 13:35:00+00:00,2026-07-16 15:35:00+02:00
1784209200,24834.43,24843.43,24829.93,24843.43,362,195,0,2026-07-16 13:40:00+00:00,2026-07-16 15:40:00+02:00
1784209500,24842.93,24858.93,24842.43,24848.43,328,195,0,2026-07-16 13:45:00+00:00,2026-07-16 15:45:00+02:00
1784209800,24847.93,24849.93,24836.93,24846.93,370,195,0,2026-07-16 13:50:00+00:00,2026-07-16 15:50:00+02:00
1784210100,24846.43,24847.93,24827.93,24833.93,388,195,0,2026-07-16 13:55:00+00:00,2026-07-16 15:55:00+02:00
1784210400,24833.43,24836.93,24810.93,24815.43,428,195,0,2026-07-16 14:00:00+00:00,2026-07-16 16:00:00+02:00
1784210700,24814.93,24838.93,24811.93,24836.93,384,195,0,2026-07-16 14:05:00+00:00,2026-07-16 16:05:00+02:00
1784211000,24837.93,24837.93,24804.43,24808.93,319,195,0,2026-07-16 14:10:00+00:00,2026-07-16 16:10:00+02:00
1784211300,24809.43,24812.93,24783.93,24797.43,364,195,0,2026-07-16 14:15:00+00:00,2026-07-16 16:15:00+02:00
1784211600,24796.93,24823.43,24796.43,24822.93,360,195,0,2026-07-16 14:20:00+00:00,2026-07-16 16:20:00+02:00
1784211900,24823.43,24824.93,24795.93,24799.93,360,195,0,2026-07-16 14:25:00+00:00,2026-07-16 16:25:00+02:00
1784212200,24798.93,24800.93,24773.93,24781.93,424,195,0,2026-07-16 14:30:00+00:00,2026-07-16 16:30:00+02:00
1784212500,24781.43,24791.43,24766.43,24775.93,373,195,0,2026-07-16 14:35:00+00:00,2026-07-16 16:35:00+02:00
1784212800,24776.43,24797.93,24765.93,24788.93,373,195,0,2026-07-16 14:40:00+00:00,2026-07-16 16:40:00+02:00
1784213100,24787.93,24794.93,24683.93,24701.93,335,195,0,2026-07-16 14:45:00+00:00,2026-07-16 16:45:00+02:00
1784213400,24698.43,24765.93,24698.43,24765.93,755,195,0,2026-07-16 14:50:00+00:00,2026-07-16 16:50:00+02:00
1784213700,24766.43,24781.93,24761.43,24772.43,427,195,0,2026-07-16 14:55:00+00:00,2026-07-16 16:55:00+02:00
1784214000,24771.93,24797.43,24759.93,24783.93,432,195,0,2026-07-16 15:00:00+00:00,2026-07-16 17:00:00+02:00
1784214300,24782.93,24786.93,24760.93,24767.93,445,195,0,2026-07-16 15:05:00+00:00,2026-07-16 17:05:00+02:00
1784214600,24767.43,24767.43,24750.93,24757.43,461,195,0,2026-07-16 15:10:00+00:00,2026-07-16 17:10:00+02:00
1784214900,24758.93,24775.43,24744.43,24772.93,363,195,0,2026-07-16 15:15:00+00:00,2026-07-16 17:15:00+02:00
1784215200,24773.43,24779.93,24729.93,24731.43,520,195,0,2026-07-16 15:20:00+00:00,2026-07-16 17:20:00+02:00
1784215500,24731.93,24735.93,24711.43,24734.6,412,195,0,2026-07-16 15:25:00+00:00,2026-07-16 17:25:00+02:00
1784215800,24734.1,24737.93,24714.43,24732.43,435,195,0,2026-07-16 15:30:00+00:00,2026-07-16 17:30:00+02:00
1784216100,24732.93,24734.93,24705.43,24708.43,546,195,0,2026-07-16 15:35:00+00:00,2026-07-16 17:35:00+02:00
1784216400,24709.43,24714.93,24698.93,24707.43,507,195,0,2026-07-16 15:40:00+00:00,2026-07-16 17:40:00+02:00
1784216700,24706.43,24738.43,24698.43,24725.93,401,195,0,2026-07-16 15:45:00+00:00,2026-07-16 17:45:00+02:00
1784217000,24726.43,24757.43,24726.43,24753.93,416,195,0,2026-07-16 15:50:00+00:00,2026-07-16 17:50:00+02:00
1784217300,24754.43,24755.93,24731.43,24731.43,390,195,0,2026-07-16 15:55:00+00:00,2026-07-16 17:55:00+02:00
1784217600,24734.43,24755.43,24723.93,24750.43,524,195,0,2026-07-16 16:00:00+00:00,2026-07-16 18:00:00+02:00
1784217900,24750.93,24762.93,24742.43,24760.93,356,195,0,2026-07-16 16:05:00+00:00,2026-07-16 18:05:00+02:00
1784218200,24762.93,24788.93,24755.43,24783.43,323,195,0,2026-07-16 16:10:00+00:00,2026-07-16 18:10:00+02:00
1784218500,24782.93,24790.93,24760.43,24762.43,344,195,0,2026-07-16 16:15:00+00:00,2026-07-16 18:15:00+02:00
1784218800,24761.93,24771.93,24758.93,24761.93,361,195,0,2026-07-16 16:20:00+00:00,2026-07-16 18:20:00+02:00
1784219100,24759.43,24776.43,24759.43,24766.93,467,195,0,2026-07-16 16:25:00+00:00,2026-07-16 18:25:00+02:00
1784219400,24767.43,24779.43,24729.93,24744.43,744,195,0,2026-07-16 16:30:00+00:00,2026-07-16 18:30:00+02:00
1784219700,24745.93,24766.43,24741.43,24746.93,716,195,0,2026-07-16 16:35:00+00:00,2026-07-16 18:35:00+02:00
1784220000,24746.43,24764.43,24732.93,24755.93,769,195,0,2026-07-16 16:40:00+00:00,2026-07-16 18:40:00+02:00
1784220300,24756.43,24771.43,24744.43,24755.93,726,195,0,2026-07-16 16:45:00+00:00,2026-07-16 18:45:00+02:00
1784220600,24754.43,24797.43,24752.93,24774.93,752,195,0,2026-07-16 16:50:00+00:00,2026-07-16 18:50:00+02:00
1784220900,24774.43,24785.93,24762.43,24777.43,649,195,0,2026-07-16 16:55:00+00:00,2026-07-16 18:55:00+02:00
1784221200,24776.43,24796.43,24771.93,24786.43,616,195,0,2026-07-16 17:00:00+00:00,2026-07-16 19:00:00+02:00
1784221500,24786.93,24798.43,24777.93,24778.93,580,195,0,2026-07-16 17:05:00+00:00,2026-07-16 19:05:00+02:00
1784221800,24778.43,24821.67,24775.93,24809.75,600,195,0,2026-07-16 17:10:00+00:00,2026-07-16 19:10:00+02:00
1784222100,24809.26,24816.58,24800.45,24813.59,558,195,0,2026-07-16 17:15:00+00:00,2026-07-16 19:15:00+02:00
1784222400,24814.58,24814.59,24786.22,24788.62,544,195,0,2026-07-16 17:20:00+00:00,2026-07-16 19:20:00+02:00
1784222700,24789.12,24798.18,24775.66,24788.23,551,195,0,2026-07-16 17:25:00+00:00,2026-07-16 19:25:00+02:00
1784223000,24786.74,24787.34,24773.91,24779.38,535,195,0,2026-07-16 17:30:00+00:00,2026-07-16 19:30:00+02:00
1784223300,24779.88,24801.89,24778.89,24781.88,484,195,0,2026-07-16 17:35:00+00:00,2026-07-16 19:35:00+02:00
1784223600,24780.88,24792.4,24774.82,24788.66,430,195,0,2026-07-16 17:40:00+00:00,2026-07-16 19:40:00+02:00
1784223900,24787.17,24798.07,24780.71,24788.87,519,195,0,2026-07-16 17:45:00+00:00,2026-07-16 19:45:00+02:00
1784224200,24788.38,24821.31,24787.87,24812.0,554,195,0,2026-07-16 17:50:00+00:00,2026-07-16 19:50:00+02:00
1784224500,24811.5,24821.78,24804.58,24817.24,542,195,0,2026-07-16 17:55:00+00:00,2026-07-16 19:55:00+02:00
1784224800,24816.74,24828.49,24809.35,24827.44,550,195,0,2026-07-16 18:00:00+00:00,2026-07-16 20:00:00+02:00
1784225100,24826.95,24841.7,24821.96,24841.2,474,195,0,2026-07-16 18:05:00+00:00,2026-07-16 20:05:00+02:00
1784225400,24840.71,24853.42,24839.74,24851.5,414,195,0,2026-07-16 18:10:00+00:00,2026-07-16 20:10:00+02:00
1784225700,24852.5,24855.92,24840.32,24846.29,412,195,0,2026-07-16 18:15:00+00:00,2026-07-16 20:15:00+02:00
1784226000,24846.79,24863.08,24841.76,24862.08,369,195,0,2026-07-16 18:20:00+00:00,2026-07-16 20:20:00+02:00
1784226300,24861.58,24877.11,24861.58,24863.7,502,195,0,2026-07-16 18:25:00+00:00,2026-07-16 20:25:00+02:00
1784226600,24863.2,24916.47,24860.71,24914.48,466,195,0,2026-07-16 18:30:00+00:00,2026-07-16 20:30:00+02:00
1784226900,24911.0,24915.48,24900.51,24906.98,402,195,0,2026-07-16 18:35:00+00:00,2026-07-16 20:35:00+02:00
1784227200,24906.48,24935.36,24906.48,24917.94,324,195,0,2026-07-16 18:40:00+00:00,2026-07-16 20:40:00+02:00
1784227500,24916.94,24919.93,24902.01,24912.96,334,195,0,2026-07-16 18:45:00+00:00,2026-07-16 20:45:00+02:00
1784227800,24913.46,24918.44,24902.52,24903.51,264,195,0,2026-07-16 18:50:00+00:00,2026-07-16 20:50:00+02:00
1784228100,24902.52,24902.52,24879.08,24882.57,301,195,0,2026-07-16 18:55:00+00:00,2026-07-16 20:55:00+02:00
1784228400,24883.07,24883.57,24866.15,24866.15,320,195,0,2026-07-16 19:00:00+00:00,2026-07-16 21:00:00+02:00
1784228700,24867.64,24884.57,24856.65,24878.1,415,195,0,2026-07-16 19:05:00+00:00,2026-07-16 21:05:00+02:00
1784229000,24877.6,24878.1,24856.7,24860.19,290,195,0,2026-07-16 19:10:00+00:00,2026-07-16 21:10:00+02:00
1784229300,24859.69,24872.14,24852.23,24859.7,341,195,0,2026-07-16 19:15:00+00:00,2026-07-16 21:15:00+02:00
1784229600,24859.2,24859.2,24831.28,24843.73,568,195,0,2026-07-16 19:20:00+00:00,2026-07-16 21:20:00+02:00
1784229900,24844.23,24858.17,24838.26,24850.21,357,195,0,2026-07-16 19:25:00+00:00,2026-07-16 21:25:00+02:00
1784230200,24850.71,24864.15,24845.73,24855.69,336,195,0,2026-07-16 19:30:00+00:00,2026-07-16 21:30:00+02:00
1784230500,24856.69,24870.13,24852.71,24860.68,323,195,0,2026-07-16 19:35:00+00:00,2026-07-16 21:35:00+02:00
1784230800,24861.67,24869.64,24856.7,24866.16,345,195,0,2026-07-16 19:40:00+00:00,2026-07-16 21:40:00+02:00
1784231100,24867.15,24878.11,24861.68,24875.62,271,195,0,2026-07-16 19:45:00+00:00,2026-07-16 21:45:00+02:00
1784231400,24875.12,24892.05,24870.64,24890.06,318,195,0,2026-07-16 19:50:00+00:00,2026-07-16 21:50:00+02:00
1784231700,24890.56,24909.98,24890.56,24904.51,322,195,0,2026-07-16 19:55:00+00:00,2026-07-16 21:55:00+02:00
1784232000,24905.0,24908.0,24897.54,24906.01,267,195,0,2026-07-16 20:00:00+00:00,2026-07-16 22:00:00+02:00
1784232300,24906.5,24909.99,24892.07,24908.0,242,195,0,2026-07-16 20:05:00+00:00,2026-07-16 22:05:00+02:00
1784232600,24907.5,24908.5,24893.57,24894.57,205,195,0,2026-07-16 20:10:00+00:00,2026-07-16 22:10:00+02:00
1784232900,24895.07,24906.02,24893.57,24905.53,238,195,0,2026-07-16 20:15:00+00:00,2026-07-16 22:15:00+02:00
1784233200,24905.03,24906.02,24898.06,24902.05,216,195,0,2026-07-16 20:20:00+00:00,2026-07-16 22:20:00+02:00
1784233500,24900.06,24909.52,24888.11,24909.02,239,195,0,2026-07-16 20:25:00+00:00,2026-07-16 22:25:00+02:00
1784233800,24909.52,24913.5,24894.09,24897.08,226,195,0,2026-07-16 20:30:00+00:00,2026-07-16 22:30:00+02:00
1784234100,24897.58,24899.57,24882.65,24888.62,198,195,0,2026-07-16 20:35:00+00:00,2026-07-16 22:35:00+02:00
1784234400,24887.63,24888.62,24872.7,24884.15,322,195,0,2026-07-16 20:40:00+00:00,2026-07-16 22:40:00+02:00
1784234700,24885.64,24893.12,24874.69,24887.64,254,195,0,2026-07-16 20:45:00+00:00,2026-07-16 22:45:00+02:00
1784235000,24888.14,24892.62,24880.67,24888.64,195,195,0,2026-07-16 20:50:00+00:00,2026-07-16 22:50:00+02:00
1784235300,24888.14,24888.64,24874.21,24881.68,191,195,0,2026-07-16 20:55:00+00:00,2026-07-16 22:55:00+02:00
1784235600,24881.68,24883.67,24862.77,24862.77,244,195,0,2026-07-16 21:00:00+00:00,2026-07-16 23:00:00+02:00
1784235900,24861.77,24877.71,24858.79,24872.73,316,195,0,2026-07-16 21:05:00+00:00,2026-07-16 23:05:00+02:00
1784236200,24873.23,24883.19,24869.74,24872.24,301,195,0,2026-07-16 21:10:00+00:00,2026-07-16 23:10:00+02:00
1784236500,24871.74,24886.18,24865.77,24883.69,290,195,0,2026-07-16 21:15:00+00:00,2026-07-16 23:15:00+02:00
1784236800,24884.19,24894.65,24882.7,24891.17,288,195,0,2026-07-16 21:20:00+00:00,2026-07-16 23:20:00+02:00
1784237100,24889.67,24895.65,24884.7,24886.19,293,195,0,2026-07-16 21:25:00+00:00,2026-07-16 23:25:00+02:00
1784237400,24885.7,24885.7,24876.74,24880.72,277,195,0,2026-07-16 21:30:00+00:00,2026-07-16 23:30:00+02:00
1784237700,24879.73,24882.22,24869.78,24869.78,229,195,0,2026-07-16 21:35:00+00:00,2026-07-16 23:35:00+02:00
1784238000,24870.77,24881.23,24861.82,24877.25,321,195,0,2026-07-16 21:40:00+00:00,2026-07-16 23:40:00+02:00
1784238300,24876.26,24882.73,24874.76,24879.25,182,195,0,2026-07-16 21:45:00+00:00,2026-07-16 23:45:00+02:00
1784238600,24878.75,24888.71,24873.28,24874.78,239,195,0,2026-07-16 21:50:00+00:00,2026-07-16 23:50:00+02:00
1784238900,24874.28,24877.27,24870.8,24873.79,232,195,0,2026-07-16 21:55:00+00:00,2026-07-16 23:55:00+02:00
1784239200,24873.29,24883.75,24871.3,24881.76,248,195,0,2026-07-16 22:00:00+00:00,2026-07-17 00:00:00+02:00
1784239500,24880.76,24884.74,24867.82,24869.32,263,195,0,2026-07-16 22:05:00+00:00,2026-07-17 00:05:00+02:00
1784239800,24868.82,24871.31,24864.84,24868.83,222,195,0,2026-07-16 22:10:00+00:00,2026-07-17 00:10:00+02:00
1784240100,24868.33,24874.8,24864.85,24872.81,246,195,0,2026-07-16 22:15:00+00:00,2026-07-17 00:15:00+02:00
1784240400,24872.32,24878.79,24866.85,24871.33,246,195,0,2026-07-16 22:20:00+00:00,2026-07-17 00:20:00+02:00
1784240700,24871.82,24871.82,24860.88,24868.84,220,195,0,2026-07-16 22:25:00+00:00,2026-07-17 00:25:00+02:00
1784241000,24867.35,24869.34,24849.93,24849.93,298,195,0,2026-07-16 22:30:00+00:00,2026-07-17 00:30:00+02:00
1784241300,24848.94,24867.86,24841.97,24864.37,303,195,0,2026-07-16 22:35:00+00:00,2026-07-17 00:35:00+02:00
1784241600,24863.38,24870.85,24857.9,24862.39,272,195,0,2026-07-16 22:40:00+00:00,2026-07-17 00:40:00+02:00
1784241900,24862.39,24862.89,24823.07,24837.01,297,195,0,2026-07-16 22:45:00+00:00,2026-07-17 00:45:00+02:00
1784242200,24837.51,24874.35,24835.02,24872.36,388,195,0,2026-07-16 22:50:00+00:00,2026-07-17 00:50:00+02:00
1784242500,24873.35,24883.81,24867.88,24882.32,345,195,0,2026-07-16 22:55:00+00:00,2026-07-17 00:55:00+02:00
1784242800,24879.83,24879.83,24853.75,24857.35,358,195,0,2026-07-16 23:00:00+00:00,2026-07-17 01:00:00+02:00
1784243100,24856.77,24860.34,24849.88,24856.6,276,840,0,2026-07-16 23:05:00+00:00,2026-07-17 01:05:00+02:00
1784243400,24857.18,24857.75,24850.14,24850.72,178,840,0,2026-07-16 23:10:00+00:00,2026-07-17 01:10:00+02:00
1784243700,24851.86,24857.19,24847.99,24856.04,160,840,0,2026-07-16 23:15:00+00:00,2026-07-17 01:15:00+02:00
1784244000,24855.47,24864.09,24855.47,24860.07,160,840,0,2026-07-16 23:20:00+00:00,2026-07-17 01:20:00+02:00
1784244300,24860.65,24860.65,24853.18,24853.76,102,840,0,2026-07-16 23:25:00+00:00,2026-07-17 01:25:00+02:00
1784244600,24853.47,24854.91,24848.01,24853.76,113,840,0,2026-07-16 23:30:00+00:00,2026-07-17 01:30:00+02:00
1784244900,24854.34,24856.64,24853.76,24854.34,118,840,0,2026-07-16 23:35:00+00:00,2026-07-17 01:35:00+02:00
1784245200,24854.92,24856.64,24852.62,24852.62,91,840,0,2026-07-16 23:40:00+00:00,2026-07-17 01:40:00+02:00
1784245500,24853.2,24856.07,24851.48,24851.48,109,840,0,2026-07-16 23:45:00+00:00,2026-07-17 01:45:00+02:00
1784245800,24850.91,24854.51,24849.18,24853.36,71,840,0,2026-07-16 23:50:00+00:00,2026-07-17 01:50:00+02:00
1784246100,24852.79,24854.52,24849.91,24852.79,70,840,0,2026-07-16 23:55:00+00:00,2026-07-17 01:55:00+02:00
1784250300,24867.79,24868.07,24862.62,24863.2,153,840,0,2026-07-17 01:05:00+00:00,2026-07-17 03:05:00+02:00
1784250600,24863.48,24864.06,24858.03,24859.75,123,840,0,2026-07-17 01:10:00+00:00,2026-07-17 03:10:00+02:00
1784250900,24860.04,24860.33,24852.86,24852.86,109,840,0,2026-07-17 01:15:00+00:00,2026-07-17 03:15:00+02:00
1784251200,24853.44,24858.62,24851.14,24856.32,108,840,0,2026-07-17 01:20:00+00:00,2026-07-17 03:20:00+02:00
1784251500,24856.61,24857.47,24851.73,24852.3,129,840,0,2026-07-17 01:25:00+00:00,2026-07-17 03:25:00+02:00
1784251800,24852.59,24853.45,24846.78,24848.8,145,840,0,2026-07-17 01:30:00+00:00,2026-07-17 03:30:00+02:00
1784252100,24849.08,24853.11,24847.94,24851.96,64,840,0,2026-07-17 01:35:00+00:00,2026-07-17 03:35:00+02:00
1784252400,24851.68,24851.96,24846.22,24851.11,91,840,0,2026-07-17 01:40:00+00:00,2026-07-17 03:40:00+02:00
1784252700,24851.39,24851.39,24846.23,24847.09,118,840,0,2026-07-17 01:45:00+00:00,2026-07-17 03:45:00+02:00
1784253000,24847.38,24849.1,24841.94,24842.22,116,840,0,2026-07-17 01:50:00+00:00,2026-07-17 03:50:00+02:00
1784253300,24842.51,24847.4,24841.08,24845.96,115,840,0,2026-07-17 01:55:00+00:00,2026-07-17 03:55:00+02:00
1784253600,24846.83,24848.27,24841.94,24844.25,134,840,0,2026-07-17 02:00:00+00:00,2026-07-17 04:00:00+02:00
1784253900,24844.82,24844.82,24837.36,24837.93,114,840,0,2026-07-17 02:05:00+00:00,2026-07-17 04:05:00+02:00
1784254200,24838.22,24841.83,24834.64,24840.11,137,840,0,2026-07-17 02:10:00+00:00,2026-07-17 04:10:00+02:00
1784254500,24840.4,24840.68,24834.94,24835.81,106,840,0,2026-07-17 02:15:00+00:00,2026-07-17 04:15:00+02:00
1784254800,24835.52,24836.09,24824.92,24825.49,133,840,0,2026-07-17 02:20:00+00:00,2026-07-17 04:20:00+02:00
1784255100,24825.78,24830.38,24822.33,24827.51,154,840,0,2026-07-17 02:25:00+00:00,2026-07-17 04:25:00+02:00
1784255400,24827.8,24828.66,24820.27,24823.43,183,840,0,2026-07-17 02:30:00+00:00,2026-07-17 04:30:00+02:00
1784255700,24823.72,24825.32,24814.69,24825.32,170,840,0,2026-07-17 02:35:00+00:00,2026-07-17 04:35:00+02:00
1784256000,24825.89,24831.77,24825.32,24827.9,131,840,0,2026-07-17 02:40:00+00:00,2026-07-17 04:40:00+02:00
1784256300,24828.47,24828.76,24817.5,24820.88,266,840,0,2026-07-17 02:45:00+00:00,2026-07-17 04:45:00+02:00
1784256600,24821.46,24827.21,24820.31,24825.49,260,840,0,2026-07-17 02:50:00+00:00,2026-07-17 04:50:00+02:00
1784256900,24825.77,24825.77,24817.16,24820.89,251,840,0,2026-07-17 02:55:00+00:00,2026-07-17 04:55:00+02:00
1784258100,24810.7,24819.41,24771.87,24809.45,191,195,0,2026-07-17 03:15:00+00:00,2026-07-17 05:15:00+02:00
1784258400,24809.95,24823.89,24808.96,24811.95,108,195,0,2026-07-17 03:20:00+00:00,2026-07-17 05:20:00+02:00
1784258700,24812.45,24813.94,24797.02,24797.02,66,195,0,2026-07-17 03:25:00+00:00,2026-07-17 05:25:00+02:00
1784259000,24800.01,24806.48,24794.53,24795.03,119,195,0,2026-07-17 03:30:00+00:00,2026-07-17 05:30:00+02:00
1784259300,24794.04,24797.03,24788.56,24791.55,79,195,0,2026-07-17 03:35:00+00:00,2026-07-17 05:35:00+02:00
1784259600,24791.06,24793.05,24776.13,24782.1,109,195,0,2026-07-17 03:40:00+00:00,2026-07-17 05:40:00+02:00
1784259900,24783.1,24792.06,24782.6,24792.06,80,195,0,2026-07-17 03:45:00+00:00,2026-07-17 05:45:00+02:00
1784260200,24792.56,24806.51,24787.59,24805.51,46,195,0,2026-07-17 03:50:00+00:00,2026-07-17 05:50:00+02:00
1784260500,24807.0,24817.96,24797.97,24805.52,55,195,0,2026-07-17 03:55:00+00:00,2026-07-17 05:55:00+02:00
1784260800,24807.51,24825.93,24797.98,24811.99,100,195,0,2026-07-17 04:00:00+00:00,2026-07-17 06:00:00+02:00
1784261100,24811.0,24811.0,24789.1,24803.54,172,195,0,2026-07-17 04:05:00+00:00,2026-07-17 06:05:00+02:00
1784261400,24804.53,24809.02,24799.56,24802.55,161,195,0,2026-07-17 04:10:00+00:00,2026-07-17 06:10:00+02:00
1784261700,24804.04,24813.5,24804.04,24808.03,157,195,0,2026-07-17 04:15:00+00:00,2026-07-17 06:15:00+02:00
1784262000,24807.53,24808.03,24791.61,24795.59,77,195,0,2026-07-17 04:20:00+00:00,2026-07-17 06:20:00+02:00
1784262300,24796.09,24798.58,24788.62,24798.58,109,195,0,2026-07-17 04:25:00+00:00,2026-07-17 06:25:00+02:00
1784262600,24797.59,24797.59,24774.69,24774.69,105,195,0,2026-07-17 04:30:00+00:00,2026-07-17 06:30:00+02:00
1784262900,24774.2,24783.16,24770.22,24772.71,110,195,0,2026-07-17 04:35:00+00:00,2026-07-17 06:35:00+02:00
1784263200,24773.21,24775.2,24758.28,24759.77,99,195,0,2026-07-17 04:40:00+00:00,2026-07-17 06:40:00+02:00
1784263500,24757.78,24759.28,24739.86,24741.36,143,195,0,2026-07-17 04:45:00+00:00,2026-07-17 06:45:00+02:00
1784263800,24741.86,24744.35,24726.43,24730.91,84,195,0,2026-07-17 04:50:00+00:00,2026-07-17 06:50:00+02:00
1784264100,24730.41,24740.87,24728.92,24734.9,54,195,0,2026-07-17 04:55:00+00:00,2026-07-17 06:55:00+02:00
1784264400,24735.4,24750.33,24735.4,24748.35,108,195,0,2026-07-17 05:00:00+00:00,2026-07-17 07:00:00+02:00
1784264700,24748.84,24749.84,24737.4,24740.39,86,195,0,2026-07-17 05:05:00+00:00,2026-07-17 07:05:00+02:00
1784265000,24738.89,24740.39,24731.93,24735.41,50,195,0,2026-07-17 05:10:00+00:00,2026-07-17 07:10:00+02:00
1784265300,24735.42,24738.9,24731.93,24735.42,41,195,0,2026-07-17 05:15:00+00:00,2026-07-17 07:15:00+02:00
1784265600,24733.93,24733.93,24723.48,24728.96,67,195,0,2026-07-17 05:20:00+00:00,2026-07-17 07:20:00+02:00
1784265900,24726.47,24731.45,24725.47,24726.97,42,195,0,2026-07-17 05:25:00+00:00,2026-07-17 07:25:00+02:00
1784266200,24725.97,24728.46,24717.52,24718.51,45,195,0,2026-07-17 05:30:00+00:00,2026-07-17 07:30:00+02:00
1784266500,24719.01,24722.0,24715.53,24716.53,34,195,0,2026-07-17 05:35:00+00:00,2026-07-17 07:35:00+02:00
1784266800,24719.02,24733.46,24717.52,24733.46,51,195,0,2026-07-17 05:40:00+00:00,2026-07-17 07:40:00+02:00
1784267100,24733.96,24735.45,24716.54,24723.51,52,195,0,2026-07-17 05:45:00+00:00,2026-07-17 07:45:00+02:00
1784267400,24729.48,24729.48,24719.03,24721.03,43,195,0,2026-07-17 05:50:00+00:00,2026-07-17 07:50:00+02:00
1784267700,24720.53,24724.02,24715.05,24724.02,39,195,0,2026-07-17 05:55:00+00:00,2026-07-17 07:55:00+02:00
1784268000,24724.52,24737.47,24724.52,24737.47,47,195,0,2026-07-17 06:00:00+00:00,2026-07-17 08:00:00+02:00
1784268300,24737.96,24751.41,24737.96,24751.41,52,195,0,2026-07-17 06:05:00+00:00,2026-07-17 08:05:00+02:00
1784268600,24749.92,24750.42,24745.94,24746.44,17,195,0,2026-07-17 06:10:00+00:00,2026-07-17 08:10:00+02:00
1784268900,24746.94,24756.4,24746.94,24756.4,14,195,0,2026-07-17 06:15:00+00:00,2026-07-17 08:15:00+02:00
1784269200,24756.9,24772.83,24756.9,24765.86,28,195,0,2026-07-17 06:20:00+00:00,2026-07-17 08:20:00+02:00
1784269500,24766.36,24767.36,24760.39,24761.89,40,195,0,2026-07-17 06:25:00+00:00,2026-07-17 08:25:00+02:00
1784269800,24761.39,24763.38,24740.99,24742.48,98,195,0,2026-07-17 06:30:00+00:00,2026-07-17 08:30:00+02:00
1784270100,24741.98,24757.42,24741.98,24744.48,99,195,0,2026-07-17 06:35:00+00:00,2026-07-17 08:35:00+02:00
1784270400,24743.48,24743.48,24732.04,24738.51,77,195,0,2026-07-17 06:40:00+00:00,2026-07-17 08:40:00+02:00
1784270700,24735.52,24738.01,24724.57,24725.57,54,195,0,2026-07-17 06:45:00+00:00,2026-07-17 08:45:00+02:00
1784271000,24725.07,24726.07,24713.63,24718.61,93,195,0,2026-07-17 06:50:00+00:00,2026-07-17 08:50:00+02:00
1784271300,24717.61,24720.1,24706.67,24706.67,68,195,0,2026-07-17 06:55:00+00:00,2026-07-17 08:55:00+02:00
1784271600,24707.16,24707.16,24683.77,24684.27,117,195,0,2026-07-17 07:00:00+00:00,2026-07-17 09:00:00+02:00
1784271900,24684.77,24690.25,24678.8,24682.78,125,195,0,2026-07-17 07:05:00+00:00,2026-07-17 09:05:00+02:00
1784272200,24678.3,24686.27,24675.32,24675.32,87,195,0,2026-07-17 07:10:00+00:00,2026-07-17 09:10:00+02:00
1784272500,24674.82,24679.8,24672.34,24675.33,88,195,0,2026-07-17 07:15:00+00:00,2026-07-17 09:15:00+02:00
1784272800,24674.83,24682.8,24668.36,24668.36,96,195,0,2026-07-17 07:20:00+00:00,2026-07-17 09:20:00+02:00
1784273100,24669.86,24669.86,24644.97,24650.45,129,195,0,2026-07-17 07:25:00+00:00,2026-07-17 09:25:00+02:00
1784273400,24650.95,24660.41,24627.55,24630.04,142,195,0,2026-07-17 07:30:00+00:00,2026-07-17 09:30:00+02:00
1784273700,24629.55,24635.02,24608.14,24616.11,173,195,0,2026-07-17 07:35:00+00:00,2026-07-17 09:35:00+02:00
1784274000,24615.61,24637.02,24611.13,24636.53,179,195,0,2026-07-17 07:40:00+00:00,2026-07-17 09:40:00+02:00
1784274300,24634.54,24650.97,24632.55,24648.98,166,195,0,2026-07-17 07:45:00+00:00,2026-07-17 09:45:00+02:00
1784274600,24649.48,24678.85,24648.98,24677.36,95,195,0,2026-07-17 07:50:00+00:00,2026-07-17 09:50:00+02:00
1784274900,24676.86,24678.85,24660.44,24669.4,89,195,0,2026-07-17 07:55:00+00:00,2026-07-17 09:55:00+02:00
1784275200,24668.9,24669.9,24647.0,24662.94,132,195,0,2026-07-17 08:00:00+00:00,2026-07-17 10:00:00+02:00
1784275500,24667.42,24669.41,24647.93,24660.95,79,195,0,2026-07-17 08:05:00+00:00,2026-07-17 10:05:00+02:00
1784275800,24661.95,24675.89,24658.96,24667.43,86,195,0,2026-07-17 08:10:00+00:00,2026-07-17 10:10:00+02:00
1784276100,24667.93,24674.4,24653.49,24669.42,130,195,0,2026-07-17 08:15:00+00:00,2026-07-17 10:15:00+02:00
1784276400,24666.44,24668.43,24658.97,24658.98,43,195,0,2026-07-17 08:20:00+00:00,2026-07-17 10:20:00+02:00
1784276700,24659.97,24666.45,24652.01,24658.98,82,195,0,2026-07-17 08:25:00+00:00,2026-07-17 10:25:00+02:00
1784277000,24660.48,24674.42,24658.49,24661.98,165,195,0,2026-07-17 08:30:00+00:00,2026-07-17 10:30:00+02:00
1784277300,24663.47,24667.45,24646.55,24655.01,189,195,0,2026-07-17 08:35:00+00:00,2026-07-17 10:35:00+02:00
1784277600,24651.53,24678.91,24651.53,24669.45,118,195,0,2026-07-17 08:40:00+00:00,2026-07-17 10:40:00+02:00
1784277900,24668.96,24680.41,24659.5,24679.42,112,195,0,2026-07-17 08:45:00+00:00,2026-07-17 10:45:00+02:00
1784278200,24679.91,24704.31,24676.93,24697.84,129,195,0,2026-07-17 08:50:00+00:00,2026-07-17 10:50:00+02:00
1784278500,24699.34,24709.79,24695.36,24704.32,131,195,0,2026-07-17 08:55:00+00:00,2026-07-17 10:55:00+02:00
1784278800,24695.36,24723.64,24693.37,24711.69,297,195,0,2026-07-17 09:00:00+00:00,2026-07-17 11:00:00+02:00
1784279100,24713.68,24722.15,24682.82,24685.81,394,195,0,2026-07-17 09:05:00+00:00,2026-07-17 11:05:00+02:00
1784279400,24686.31,24727.63,24683.32,24713.69,309,195,0,2026-07-17 09:10:00+00:00,2026-07-17 11:10:00+02:00
1784279700,24712.2,24747.05,24708.72,24742.57,292,195,0,2026-07-17 09:15:00+00:00,2026-07-17 11:15:00+02:00
1784280000,24741.58,24768.96,24738.09,24766.48,235,195,0,2026-07-17 09:20:00+00:00,2026-07-17 11:20:00+02:00
1784280300,24766.97,24786.89,24766.97,24778.43,280,195,0,2026-07-17 09:25:00+00:00,2026-07-17 11:25:00+02:00
1784280600,24778.93,24783.92,24771.96,24780.44,262,195,0,2026-07-17 09:30:00+00:00,2026-07-17 11:30:00+02:00
1784280900,24779.94,24780.44,24750.95,24755.93,247,195,0,2026-07-17 09:35:00+00:00,2026-07-17 11:35:00+02:00
1784281200,24756.43,24760.91,24740.51,24754.45,227,195,0,2026-07-17 09:40:00+00:00,2026-07-17 11:40:00+02:00
1784281500,24754.94,24755.44,24735.57,24738.56,190,195,0,2026-07-17 09:45:00+00:00,2026-07-17 11:45:00+02:00
1784281800,24739.06,24751.01,24738.56,24745.08,210,195,0,2026-07-17 09:50:00+00:00,2026-07-17 11:50:00+02:00
1784282100,24744.58,24754.54,24732.6,24736.62,286,195,0,2026-07-17 09:55:00+00:00,2026-07-17 11:55:00+02:00
1784282400,24735.13,24764.58,24708.7,24760.06,944,195,0,2026-07-17 10:00:00+00:00,2026-07-17 12:00:00+02:00
1784282700,24759.07,24769.51,24709.78,24734.28,798,195,0,2026-07-17 10:05:00+00:00,2026-07-17 12:05:00+02:00
1784283000,24733.28,24774.89,24733.28,24756.95,592,195,0,2026-07-17 10:10:00+00:00,2026-07-17 12:10:00+02:00
1784283300,24757.94,24799.56,24754.48,24775.33,560,195,0,2026-07-17 10:15:00+00:00,2026-07-17 12:15:00+02:00
1784283600,24776.32,24776.33,24740.96,24758.23,603,195,0,2026-07-17 10:20:00+00:00,2026-07-17 12:20:00+02:00
1784283900,24759.23,24796.39,24758.24,24789.96,547,195,0,2026-07-17 10:25:00+00:00,2026-07-17 12:25:00+02:00
1784284200,24790.45,24804.11,24777.09,24798.17,526,195,0,2026-07-17 10:30:00+00:00,2026-07-17 12:30:00+02:00
1784284500,24794.19,24806.01,24779.72,24804.4,499,195,0,2026-07-17 10:35:00+00:00,2026-07-17 12:35:00+02:00
1784284800,24804.9,24820.14,24790.75,24819.1,447,195,0,2026-07-17 10:40:00+00:00,2026-07-17 12:40:00+02:00
1784285100,24818.6,24837.89,24810.81,24833.92,495,195,0,2026-07-17 10:45:00+00:00,2026-07-17 12:45:00+02:00
1784285400,24834.42,24837.87,24816.0,24831.62,450,195,0,2026-07-17 10:50:00+00:00,2026-07-17 12:50:00+02:00
1784285700,24831.13,24837.24,24799.43,24813.29,507,195,0,2026-07-17 10:55:00+00:00,2026-07-17 12:55:00+02:00
1784286000,24814.79,24850.71,24806.31,24835.75,652,195,0,2026-07-17 11:00:00+00:00,2026-07-17 13:00:00+02:00
1784286300,24833.76,24838.82,24807.91,24810.41,594,195,0,2026-07-17 11:05:00+00:00,2026-07-17 13:05:00+02:00
1784286600,24809.41,24809.41,24775.7,24802.19,618,195,0,2026-07-17 11:10:00+00:00,2026-07-17 13:10:00+02:00
1784286900,24800.69,24803.68,24758.97,24763.93,718,195,0,2026-07-17 11:15:00+00:00,2026-07-17 13:15:00+02:00
1784287200,24763.43,24769.39,24729.56,24738.21,731,195,0,2026-07-17 11:20:00+00:00,2026-07-17 13:20:00+02:00
1784287500,24738.71,24758.24,24716.36,24739.95,676,195,0,2026-07-17 11:25:00+00:00,2026-07-17 13:25:00+02:00
1784287800,24741.94,24749.34,24718.83,24720.83,661,195,0,2026-07-17 11:30:00+00:00,2026-07-17 13:30:00+02:00
1784288100,24721.33,24727.24,24688.98,24701.86,570,195,0,2026-07-17 11:35:00+00:00,2026-07-17 13:35:00+02:00
1784288400,24702.36,24731.46,24698.37,24729.46,563,195,0,2026-07-17 11:40:00+00:00,2026-07-17 13:40:00+02:00
1784288700,24729.96,24739.58,24718.41,24726.35,553,195,0,2026-07-17 11:45:00+00:00,2026-07-17 13:45:00+02:00
1784289000,24729.34,24730.29,24701.71,24718.12,562,195,0,2026-07-17 11:50:00+00:00,2026-07-17 13:50:00+02:00
1784289300,24717.63,24739.96,24709.25,24723.47,493,195,0,2026-07-17 11:55:00+00:00,2026-07-17 13:55:00+02:00
1784289600,24723.97,24723.97,24669.68,24691.21,568,195,0,2026-07-17 12:00:00+00:00,2026-07-17 14:00:00+02:00
1784289900,24691.71,24695.17,24661.68,24666.21,530,195,0,2026-07-17 12:05:00+00:00,2026-07-17 14:05:00+02:00
1784290200,24665.71,24703.44,24660.39,24693.5,514,195,0,2026-07-17 12:10:00+00:00,2026-07-17 14:10:00+02:00
1784290500,24693.99,24694.04,24676.1,24684.77,514,195,0,2026-07-17 12:15:00+00:00,2026-07-17 14:15:00+02:00
1784290800,24686.26,24693.21,24672.51,24691.72,493,195,0,2026-07-17 12:20:00+00:00,2026-07-17 14:20:00+02:00
1784291100,24692.21,24717.46,24691.71,24717.0,448,195,0,2026-07-17 12:25:00+00:00,2026-07-17 14:25:00+02:00
1784291400,24717.49,24717.49,24689.29,24693.42,497,195,0,2026-07-17 12:30:00+00:00,2026-07-17 14:30:00+02:00
1784291700,24692.92,24705.34,24669.41,24672.41,496,195,0,2026-07-17 12:35:00+00:00,2026-07-17 14:35:00+02:00
1784292000,24672.9,24675.5,24649.65,24657.99,456,195,0,2026-07-17 12:40:00+00:00,2026-07-17 14:40:00+02:00
1784292300,24658.49,24672.87,24654.91,24659.96,464,195,0,2026-07-17 12:45:00+00:00,2026-07-17 14:45:00+02:00
1784292600,24661.46,24686.8,24660.46,24676.65,602,195,0,2026-07-17 12:50:00+00:00,2026-07-17 14:50:00+02:00
1784292900,24677.14,24692.75,24668.0,24690.25,488,195,0,2026-07-17 12:55:00+00:00,2026-07-17 14:55:00+02:00
1784293200,24690.75,24703.65,24677.83,24697.38,557,195,0,2026-07-17 13:00:00+00:00,2026-07-17 15:00:00+02:00
1784293500,24696.89,24733.2,24695.4,24714.73,468,195,0,2026-07-17 13:05:00+00:00,2026-07-17 15:05:00+02:00
1784293800,24715.23,24727.24,24700.3,24721.82,528,195,0,2026-07-17 13:10:00+00:00,2026-07-17 15:10:00+02:00
1784294100,24722.32,24749.3,24721.32,24733.57,423,195,0,2026-07-17 13:15:00+00:00,2026-07-17 15:15:00+02:00
1784294400,24734.07,24743.02,24728.15,24738.28,430,195,0,2026-07-17 13:20:00+00:00,2026-07-17 15:20:00+02:00
1784294700,24737.79,24756.11,24736.29,24751.6,389,195,0,2026-07-17 13:25:00+00:00,2026-07-17 15:25:00+02:00
1784295000,24751.1,24781.7,24748.14,24777.28,368,195,0,2026-07-17 13:30:00+00:00,2026-07-17 15:30:00+02:00
1784295300,24777.27,24792.66,24771.75,24777.22,338,195,0,2026-07-17 13:35:00+00:00,2026-07-17 15:35:00+02:00
1784295600,24778.21,24792.0,24766.29,24772.31,331,195,0,2026-07-17 13:40:00+00:00,2026-07-17 15:40:00+02:00
1784295900,24773.3,24792.72,24766.85,24791.19,327,195,0,2026-07-17 13:45:00+00:00,2026-07-17 15:45:00+02:00
1784296200,24790.69,24793.16,24762.89,24770.87,318,195,0,2026-07-17 13:50:00+00:00,2026-07-17 15:50:00+02:00
1784296500,24771.36,24788.6,24764.45,24768.23,404,195,0,2026-07-17 13:55:00+00:00,2026-07-17 15:55:00+02:00
1784296800,24767.24,24784.66,24744.84,24745.34,406,195,0,2026-07-17 14:00:00+00:00,2026-07-17 16:00:00+02:00
1784297100,24746.34,24765.25,24731.76,24734.25,377,195,0,2026-07-17 14:05:00+00:00,2026-07-17 16:05:00+02:00
1784297400,24734.75,24748.03,24732.85,24736.41,340,195,0,2026-07-17 14:10:00+00:00,2026-07-17 16:10:00+02:00
1784297700,24736.91,24755.48,24730.46,24751.54,361,195,0,2026-07-17 14:15:00+00:00,2026-07-17 16:15:00+02:00
1784298000,24751.04,24751.56,24730.24,24737.81,367,195,0,2026-07-17 14:20:00+00:00,2026-07-17 16:20:00+02:00
1784298300,24737.31,24749.7,24733.47,24739.72,346,195,0,2026-07-17 14:25:00+00:00,2026-07-17 16:25:00+02:00
1784298600,24739.22,24749.59,24730.91,24749.09,349,195,0,2026-07-17 14:30:00+00:00,2026-07-17 16:30:00+02:00
1784298900,24749.59,24769.24,24749.59,24764.07,364,195,0,2026-07-17 14:35:00+00:00,2026-07-17 16:35:00+02:00
1784299200,24765.06,24776.18,24754.92,24756.92,338,195,0,2026-07-17 14:40:00+00:00,2026-07-17 16:40:00+02:00
1784299500,24756.93,24783.63,24753.96,24783.57,337,195,0,2026-07-17 14:45:00+00:00,2026-07-17 16:45:00+02:00
1784299800,24783.07,24797.24,24774.43,24795.8,333,195,0,2026-07-17 14:50:00+00:00,2026-07-17 16:50:00+02:00
1784300100,24796.79,24799.87,24788.4,24794.71,303,195,0,2026-07-17 14:55:00+00:00,2026-07-17 16:55:00+02:00
1784300400,24795.21,24806.93,24778.83,24780.82,430,195,0,2026-07-17 15:00:00+00:00,2026-07-17 17:00:00+02:00
1784300700,24781.31,24789.43,24756.76,24764.25,408,195,0,2026-07-17 15:05:00+00:00,2026-07-17 17:05:00+02:00
1784301000,24763.76,24778.17,24763.26,24776.42,351,195,0,2026-07-17 15:10:00+00:00,2026-07-17 17:10:00+02:00
1784301300,24777.41,24791.65,24763.68,24764.19,311,195,0,2026-07-17 15:15:00+00:00,2026-07-17 17:15:00+02:00
1784301600,24764.2,24773.69,24752.82,24770.16,376,195,0,2026-07-17 15:20:00+00:00,2026-07-17 17:20:00+02:00
1784301900,24770.66,24790.88,24770.14,24771.45,306,195,0,2026-07-17 15:25:00+00:00,2026-07-17 17:25:00+02:00
1784302200,24768.96,24794.25,24768.47,24784.41,348,195,0,2026-07-17 15:30:00+00:00,2026-07-17 17:30:00+02:00
1784302500,24783.91,24799.0,24780.99,24797.99,366,195,0,2026-07-17 15:35:00+00:00,2026-07-17 17:35:00+02:00
1784302800,24798.49,24803.01,24788.63,24797.69,347,195,0,2026-07-17 15:40:00+00:00,2026-07-17 17:40:00+02:00
1784303100,24796.2,24807.99,24778.96,24779.47,395,195,0,2026-07-17 15:45:00+00:00,2026-07-17 17:45:00+02:00
1784303400,24778.98,24793.44,24773.55,24786.95,367,195,0,2026-07-17 15:50:00+00:00,2026-07-17 17:50:00+02:00
1784303700,24786.45,24786.45,24761.67,24764.17,387,195,0,2026-07-17 15:55:00+00:00,2026-07-17 17:55:00+02:00
1784304000,24765.17,24766.17,24731.75,24741.08,605,195,0,2026-07-17 16:00:00+00:00,2026-07-17 18:00:00+02:00
1784304300,24740.58,24744.53,24723.82,24724.85,432,195,0,2026-07-17 16:05:00+00:00,2026-07-17 18:05:00+02:00
1784304600,24724.35,24725.37,24707.45,24717.15,340,195,0,2026-07-17 16:10:00+00:00,2026-07-17 18:10:00+02:00
1784304900,24716.65,24732.1,24712.16,24715.85,457,195,0,2026-07-17 16:15:00+00:00,2026-07-17 18:15:00+02:00
1784305200,24716.35,24720.32,24693.09,24712.64,432,195,0,2026-07-17 16:20:00+00:00,2026-07-17 18:20:00+02:00
1784305500,24713.14,24734.21,24711.6,24723.63,573,195,0,2026-07-17 16:25:00+00:00,2026-07-17 18:25:00+02:00
1784305800,24724.13,24754.84,24718.28,24726.39,905,195,0,2026-07-17 16:30:00+00:00,2026-07-17 18:30:00+02:00
1784306100,24727.38,24750.66,24723.11,24735.32,916,195,0,2026-07-17 16:35:00+00:00,2026-07-17 18:35:00+02:00
1784306400,24735.82,24774.84,24734.32,24742.94,968,195,0,2026-07-17 16:40:00+00:00,2026-07-17 18:40:00+02:00
1784306700,24742.44,24792.41,24738.98,24787.42,913,195,0,2026-07-17 16:45:00+00:00,2026-07-17 18:45:00+02:00
1784307000,24786.93,24792.32,24771.23,24779.49,810,195,0,2026-07-17 16:50:00+00:00,2026-07-17 18:50:00+02:00
1784307300,24778.99,24802.63,24775.02,24801.62,661,195,0,2026-07-17 16:55:00+00:00,2026-07-17 18:55:00+02:00
1784307600,24802.62,24810.05,24769.1,24777.39,706,195,0,2026-07-17 17:00:00+00:00,2026-07-17 19:00:00+02:00
1784307900,24777.89,24787.21,24765.28,24779.78,750,195,0,2026-07-17 17:05:00+00:00,2026-07-17 19:05:00+02:00
1784308200,24780.28,24790.79,24772.93,24775.43,712,195,0,2026-07-17 17:10:00+00:00,2026-07-17 19:10:00+02:00
1784308500,24776.42,24796.74,24768.02,24773.08,767,195,0,2026-07-17 17:15:00+00:00,2026-07-17 19:15:00+02:00
1784308800,24773.58,24792.57,24772.09,24787.61,651,195,0,2026-07-17 17:20:00+00:00,2026-07-17 19:20:00+02:00
1784309100,24786.11,24793.58,24775.19,24781.72,629,195,0,2026-07-17 17:25:00+00:00,2026-07-17 19:25:00+02:00
1784309400,24780.73,24785.62,24767.12,24767.59,632,195,0,2026-07-17 17:30:00+00:00,2026-07-17 19:30:00+02:00
1784309700,24769.09,24801.15,24768.59,24788.82,597,195,0,2026-07-17 17:35:00+00:00,2026-07-17 19:35:00+02:00
1784310000,24787.83,24788.34,24764.78,24776.18,633,195,0,2026-07-17 17:40:00+00:00,2026-07-17 19:40:00+02:00
1784310300,24775.69,24800.0,24761.82,24794.03,604,195,0,2026-07-17 17:45:00+00:00,2026-07-17 19:45:00+02:00
1784310600,24794.04,24819.17,24789.06,24803.5,570,195,0,2026-07-17 17:50:00+00:00,2026-07-17 19:50:00+02:00
1784310900,24804.0,24821.62,24794.27,24798.21,537,195,0,2026-07-17 17:55:00+00:00,2026-07-17 19:55:00+02:00
1784311200,24799.7,24804.16,24771.95,24788.2,622,195,0,2026-07-17 18:00:00+00:00,2026-07-17 20:00:00+02:00
1784311500,24787.7,24796.15,24768.66,24771.14,639,195,0,2026-07-17 18:05:00+00:00,2026-07-17 20:05:00+02:00
1784311800,24770.64,24781.07,24760.74,24777.93,555,195,0,2026-07-17 18:10:00+00:00,2026-07-17 20:10:00+02:00
1784312100,24778.92,24799.01,24769.95,24798.01,555,195,0,2026-07-17 18:15:00+00:00,2026-07-17 20:15:00+02:00
1784312400,24797.02,24807.3,24786.08,24800.86,570,195,0,2026-07-17 18:20:00+00:00,2026-07-17 20:20:00+02:00
1784312700,24801.36,24829.62,24795.0,24828.63,560,195,0,2026-07-17 18:25:00+00:00,2026-07-17 20:25:00+02:00
1784313000,24827.63,24843.57,24802.75,24829.67,676,195,0,2026-07-17 18:30:00+00:00,2026-07-17 20:30:00+02:00
1784313300,24828.68,24851.58,24818.26,24844.08,555,195,0,2026-07-17 18:35:00+00:00,2026-07-17 20:35:00+02:00
1784313600,24845.07,24850.13,24825.66,24834.13,392,195,0,2026-07-17 18:40:00+00:00,2026-07-17 20:40:00+02:00
1784313900,24833.13,24848.07,24827.16,24848.07,376,195,0,2026-07-17 18:45:00+00:00,2026-07-17 20:45:00+02:00
1784314200,24847.57,24852.6,24841.14,24851.1,408,195,0,2026-07-17 18:50:00+00:00,2026-07-17 20:50:00+02:00
1784314500,24850.61,24875.0,24843.14,24874.01,367,195,0,2026-07-17 18:55:00+00:00,2026-07-17 20:55:00+02:00
1784314800,24874.51,24877.95,24830.59,24839.09,748,195,0,2026-07-17 19:00:00+00:00,2026-07-17 21:00:00+02:00
1784315100,24838.59,24848.06,24829.67,24847.06,468,195,0,2026-07-17 19:05:00+00:00,2026-07-17 21:05:00+02:00
1784315400,24847.56,24853.0,24842.05,24850.01,360,195,0,2026-07-17 19:10:00+00:00,2026-07-17 21:10:00+02:00
1784315700,24850.51,24854.0,24840.02,24844.51,379,195,0,2026-07-17 19:15:00+00:00,2026-07-17 21:15:00+02:00
1784316000,24845.0,24845.0,24815.64,24817.13,406,195,0,2026-07-17 19:20:00+00:00,2026-07-17 21:20:00+02:00
1784316300,24816.64,24834.56,24814.65,24829.58,372,195,0,2026-07-17 19:25:00+00:00,2026-07-17 21:25:00+02:00
1784316600,24830.58,24833.57,24821.62,24827.1,348,195,0,2026-07-17 19:30:00+00:00,2026-07-17 21:30:00+02:00
1784316900,24826.11,24832.08,24822.13,24830.09,332,195,0,2026-07-17 19:35:00+00:00,2026-07-17 21:35:00+02:00
1784317200,24830.59,24844.54,24826.11,24844.04,303,195,0,2026-07-17 19:40:00+00:00,2026-07-17 21:40:00+02:00
1784317500,24843.54,24860.97,24843.04,24858.48,352,195,0,2026-07-17 19:45:00+00:00,2026-07-17 21:45:00+02:00
1784317800,24857.98,24863.96,24852.01,24856.5,362,195,0,2026-07-17 19:50:00+00:00,2026-07-17 21:50:00+02:00
1784318100,24856.99,24857.49,24842.06,24850.03,225,195,0,2026-07-17 19:55:00+00:00,2026-07-17 21:55:00+02:00
1784318400,24850.53,24871.44,24847.54,24867.46,251,195,0,2026-07-17 20:00:00+00:00,2026-07-17 22:00:00+02:00
1784318700,24866.46,24870.95,24861.99,24869.95,207,195,0,2026-07-17 20:05:00+00:00,2026-07-17 22:05:00+02:00
1784319000,24869.46,24874.44,24860.0,24861.0,207,195,0,2026-07-17 20:10:00+00:00,2026-07-17 22:10:00+02:00
1784319300,24860.5,24869.96,24857.02,24859.02,225,195,0,2026-07-17 20:15:00+00:00,2026-07-17 22:15:00+02:00
1784319600,24859.51,24861.51,24853.04,24855.54,217,195,0,2026-07-17 20:20:00+00:00,2026-07-17 22:20:00+02:00
1784319900,24856.03,24868.48,24855.04,24865.5,181,195,0,2026-07-17 20:25:00+00:00,2026-07-17 22:25:00+02:00
1784320200,24865.0,24866.0,24858.53,24861.52,218,195,0,2026-07-17 20:30:00+00:00,2026-07-17 22:30:00+02:00
1784320500,24862.52,24863.02,24850.57,24855.06,209,195,0,2026-07-17 20:35:00+00:00,2026-07-17 22:35:00+02:00
1784320800,24855.55,24856.05,24834.65,24838.64,260,195,0,2026-07-17 20:40:00+00:00,2026-07-17 22:40:00+02:00
1784321100,24838.14,24842.62,24832.67,24835.66,244,195,0,2026-07-17 20:45:00+00:00,2026-07-17 22:45:00+02:00
1784321400,24836.15,24838.14,24822.72,24827.2,205,195,0,2026-07-17 20:50:00+00:00,2026-07-17 22:50:00+02:00
1784321700,24828.19,24831.68,24814.26,24815.26,293,195,0,2026-07-17 20:55:00+00:00,2026-07-17 22:55:00+02:00
1784322000,24815.76,24828.21,24808.29,24815.76,269,195,0,2026-07-17 21:00:00+00:00,2026-07-17 23:00:00+02:00
1784322300,24814.77,24821.74,24810.78,24816.76,229,195,0,2026-07-17 21:05:00+00:00,2026-07-17 23:05:00+02:00
1784322600,24817.76,24819.75,24810.79,24813.29,234,195,0,2026-07-17 21:10:00+00:00,2026-07-17 23:10:00+02:00
1784322900,24812.29,24816.27,24802.84,24809.81,345,195,0,2026-07-17 21:15:00+00:00,2026-07-17 23:15:00+02:00
1784323200,24809.31,24817.28,24803.83,24806.83,299,195,0,2026-07-17 21:20:00+00:00,2026-07-17 23:20:00+02:00
1784323500,24806.33,24808.82,24799.36,24806.33,325,195,0,2026-07-17 21:25:00+00:00,2026-07-17 23:25:00+02:00
1784323800,24805.84,24820.77,24804.84,24813.31,328,195,0,2026-07-17 21:30:00+00:00,2026-07-17 23:30:00+02:00
1784324100,24812.81,24816.3,24803.36,24805.35,240,195,0,2026-07-17 21:35:00+00:00,2026-07-17 23:35:00+02:00
1784324400,24806.35,24807.84,24786.94,24792.41,273,195,0,2026-07-17 21:40:00+00:00,2026-07-17 23:40:00+02:00
1784324700,24792.42,24810.84,24787.94,24801.88,328,195,0,2026-07-17 21:45:00+00:00,2026-07-17 23:45:00+02:00
1784325000,24801.38,24812.84,24799.39,24812.84,257,195,0,2026-07-17 21:50:00+00:00,2026-07-17 23:50:00+02:00
1784325300,24811.34,24811.34,24802.39,24804.88,256,195,0,2026-07-17 21:55:00+00:00,2026-07-17 23:55:00+02:00
1784325600,24805.38,24807.37,24793.93,24801.9,340,195,0,2026-07-17 22:00:00+00:00,2026-07-18 00:00:00+02:00
1784325900,24802.4,24803.39,24790.45,24793.44,274,195,0,2026-07-17 22:05:00+00:00,2026-07-18 00:05:00+02:00
1784326200,24792.94,24794.93,24781.5,24782.99,218,195,0,2026-07-17 22:10:00+00:00,2026-07-18 00:10:00+02:00
1784326500,24782.5,24789.47,24781.0,24787.98,327,195,0,2026-07-17 22:15:00+00:00,2026-07-18 00:15:00+02:00
1784326800,24786.48,24787.48,24771.06,24771.56,305,195,0,2026-07-17 22:20:00+00:00,2026-07-18 00:20:00+02:00
1784327100,24771.06,24785.5,24760.61,24785.5,306,195,0,2026-07-17 22:25:00+00:00,2026-07-18 00:25:00+02:00
1784327400,24785.0,24798.45,24785.0,24795.46,398,195,0,2026-07-17 22:30:00+00:00,2026-07-18 00:30:00+02:00
1784327700,24794.96,24813.39,24793.47,24803.43,279,195,0,2026-07-17 22:35:00+00:00,2026-07-18 00:35:00+02:00
1784328000,24804.43,24825.34,24797.96,24822.85,390,195,0,2026-07-17 22:40:00+00:00,2026-07-18 00:40:00+02:00
1784328300,24822.36,24838.29,24821.36,24830.33,260,195,0,2026-07-17 22:45:00+00:00,2026-07-18 00:45:00+02:00
1784328600,24830.82,24836.8,24817.39,24829.83,359,195,0,2026-07-17 22:50:00+00:00,2026-07-18 00:50:00+02:00
1784328900,24830.33,24843.77,24821.88,24827.85,323,195,0,2026-07-17 22:55:00+00:00,2026-07-18 00:55:00+02:00
1784511600,24831.29,24838.44,24829.04,24834.07,180,360,0,2026-07-20 01:40:00+00:00,2026-07-20 03:40:00+02:00
1784511900,24834.36,24837.86,24825.13,24830.29,274,360,0,2026-07-20 01:45:00+00:00,2026-07-20 03:45:00+02:00
1784512200,24830.58,24830.87,24820.39,24823.3,259,360,0,2026-07-20 01:50:00+00:00,2026-07-20 03:50:00+02:00
1784512500,24823.01,24826.51,24821.27,24823.01,180,360,0,2026-07-20 01:55:00+00:00,2026-07-20 03:55:00+02:00
1784512800,24823.3,24824.47,24814.57,24819.81,275,360,0,2026-07-20 02:00:00+00:00,2026-07-20 04:00:00+02:00
1784513100,24818.94,24827.01,24817.98,24826.71,243,360,0,2026-07-20 02:05:00+00:00,2026-07-20 04:05:00+02:00
1784513400,24827.01,24829.83,24822.56,24823.43,205,360,0,2026-07-20 02:10:00+00:00,2026-07-20 04:10:00+02:00
1784513700,24824.3,24825.47,24818.77,24822.56,167,360,0,2026-07-20 02:15:00+00:00,2026-07-20 04:15:00+02:00
1784514000,24823.14,24826.84,24816.44,24826.55,192,360,0,2026-07-20 02:20:00+00:00,2026-07-20 04:20:00+02:00
1784514300,24826.26,24830.04,24813.78,24816.98,231,360,0,2026-07-20 02:25:00+00:00,2026-07-20 04:25:00+02:00
1784514600,24817.27,24824.26,24812.03,24824.26,224,360,0,2026-07-20 02:30:00+00:00,2026-07-20 04:30:00+02:00
1784514900,24825.13,24828.33,24819.02,24825.13,285,360,0,2026-07-20 02:35:00+00:00,2026-07-20 04:35:00+02:00
1784515200,24825.42,24837.07,24823.39,24836.78,231,360,0,2026-07-20 02:40:00+00:00,2026-07-20 04:40:00+02:00
1784515500,24837.36,24837.36,24820.18,24822.8,502,360,0,2026-07-20 02:45:00+00:00,2026-07-20 04:45:00+02:00
1784515800,24822.51,24839.6,24822.51,24833.28,383,360,0,2026-07-20 02:50:00+00:00,2026-07-20 04:50:00+02:00
1784516100,24832.99,24847.34,24830.95,24844.31,326,360,0,2026-07-20 02:55:00+00:00,2026-07-20 04:55:00+02:00
1784517300,24870.2,24882.53,24852.7,24875.53,131,195,0,2026-07-20 03:15:00+00:00,2026-07-20 05:15:00+02:00
1784517600,24872.03,24879.03,24853.03,24863.53,187,195,0,2026-07-20 03:20:00+00:00,2026-07-20 05:20:00+02:00
1784517900,24863.03,24863.53,24847.03,24853.53,88,195,0,2026-07-20 03:25:00+00:00,2026-07-20 05:25:00+02:00
1784518200,24851.53,24851.53,24824.53,24827.03,105,195,0,2026-07-20 03:30:00+00:00,2026-07-20 05:30:00+02:00
1784518500,24828.53,24841.03,24822.03,24825.53,120,195,0,2026-07-20 03:35:00+00:00,2026-07-20 05:35:00+02:00
1784518800,24825.03,24838.53,24819.03,24819.03,104,195,0,2026-07-20 03:40:00+00:00,2026-07-20 05:40:00+02:00
1784519100,24817.03,24828.03,24805.53,24825.53,115,195,0,2026-07-20 03:45:00+00:00,2026-07-20 05:45:00+02:00
1784519400,24825.03,24826.03,24814.53,24818.03,114,195,0,2026-07-20 03:50:00+00:00,2026-07-20 05:50:00+02:00
1784519700,24817.53,24825.53,24813.03,24815.03,118,195,0,2026-07-20 03:55:00+00:00,2026-07-20 05:55:00+02:00
1784520000,24815.53,24834.53,24815.53,24828.53,285,195,0,2026-07-20 04:00:00+00:00,2026-07-20 06:00:00+02:00
1784520300,24828.03,24853.03,24825.53,24852.03,186,195,0,2026-07-20 04:05:00+00:00,2026-07-20 06:05:00+02:00
1784520600,24849.03,24857.03,24824.03,24827.53,201,195,0,2026-07-20 04:10:00+00:00,2026-07-20 06:10:00+02:00
1784520900,24829.03,24839.53,24824.03,24824.03,259,195,0,2026-07-20 04:15:00+00:00,2026-07-20 06:15:00+02:00
1784521200,24823.53,24846.03,24821.53,24839.03,155,195,0,2026-07-20 04:20:00+00:00,2026-07-20 06:20:00+02:00
1784521500,24838.53,24846.03,24821.03,24821.03,145,195,0,2026-07-20 04:25:00+00:00,2026-07-20 06:25:00+02:00
1784521800,24820.03,24820.03,24804.53,24810.53,164,195,0,2026-07-20 04:30:00+00:00,2026-07-20 06:30:00+02:00
1784522100,24811.53,24811.53,24798.03,24807.53,190,195,0,2026-07-20 04:35:00+00:00,2026-07-20 06:35:00+02:00
1784522400,24809.03,24811.03,24778.53,24787.53,223,195,0,2026-07-20 04:40:00+00:00,2026-07-20 06:40:00+02:00
1784522700,24788.03,24798.53,24787.53,24794.03,154,195,0,2026-07-20 04:45:00+00:00,2026-07-20 06:45:00+02:00
1784523000,24794.53,24797.03,24772.03,24772.03,51,195,0,2026-07-20 04:50:00+00:00,2026-07-20 06:50:00+02:00
1784523300,24772.53,24791.03,24770.03,24788.03,173,195,0,2026-07-20 04:55:00+00:00,2026-07-20 06:55:00+02:00
1784523600,24789.03,24821.53,24788.03,24815.03,205,195,0,2026-07-20 05:00:00+00:00,2026-07-20 07:00:00+02:00
1784523900,24817.53,24827.03,24812.03,24819.03,201,195,0,2026-07-20 05:05:00+00:00,2026-07-20 07:05:00+02:00
1784524200,24817.53,24818.03,24791.55,24799.03,99,195,0,2026-07-20 05:10:00+00:00,2026-07-20 07:10:00+02:00
1784524500,24800.53,24801.53,24779.55,24787.53,72,195,0,2026-07-20 05:15:00+00:00,2026-07-20 07:15:00+02:00
1784524800,24788.53,24789.03,24778.03,24786.03,64,195,0,2026-07-20 05:20:00+00:00,2026-07-20 07:20:00+02:00
1784525100,24785.03,24790.53,24772.03,24783.53,118,195,0,2026-07-20 05:25:00+00:00,2026-07-20 07:25:00+02:00
1784525400,24782.53,24815.53,24782.53,24810.03,154,195,0,2026-07-20 05:30:00+00:00,2026-07-20 07:30:00+02:00
1784525700,24809.53,24819.53,24798.0,24808.53,78,195,0,2026-07-20 05:35:00+00:00,2026-07-20 07:35:00+02:00
1784526000,24809.53,24832.53,24800.55,24821.53,109,195,0,2026-07-20 05:40:00+00:00,2026-07-20 07:40:00+02:00
1784526300,24822.03,24838.03,24819.0,24837.03,101,195,0,2026-07-20 05:45:00+00:00,2026-07-20 07:45:00+02:00
1784526600,24837.53,24842.03,24827.53,24828.53,76,195,0,2026-07-20 05:50:00+00:00,2026-07-20 07:50:00+02:00
1784526900,24829.53,24833.53,24821.03,24822.53,110,195,0,2026-07-20 05:55:00+00:00,2026-07-20 07:55:00+02:00
1784527200,24827.03,24836.53,24821.53,24828.53,63,195,0,2026-07-20 06:00:00+00:00,2026-07-20 08:00:00+02:00
1784527500,24827.53,24827.53,24807.53,24816.03,113,195,0,2026-07-20 06:05:00+00:00,2026-07-20 08:05:00+02:00
1784527800,24815.53,24827.03,24815.53,24820.03,97,195,0,2026-07-20 06:10:00+00:00,2026-07-20 08:10:00+02:00
1784528100,24819.53,24831.53,24817.03,24821.53,109,195,0,2026-07-20 06:15:00+00:00,2026-07-20 08:15:00+02:00
1784528400,24819.53,24828.03,24817.03,24823.03,128,195,0,2026-07-20 06:20:00+00:00,2026-07-20 08:20:00+02:00
1784528700,24823.53,24826.03,24814.53,24815.53,112,195,0,2026-07-20 06:25:00+00:00,2026-07-20 08:25:00+02:00
1784529000,24814.53,24825.53,24811.03,24818.03,94,195,0,2026-07-20 06:30:00+00:00,2026-07-20 08:30:00+02:00
1784529300,24816.53,24822.03,24807.03,24821.53,81,195,0,2026-07-20 06:35:00+00:00,2026-07-20 08:35:00+02:00
1784529600,24822.03,24828.03,24815.53,24826.53,116,195,0,2026-07-20 06:40:00+00:00,2026-07-20 08:40:00+02:00
1784529900,24825.53,24829.03,24821.53,24829.03,100,195,0,2026-07-20 06:45:00+00:00,2026-07-20 08:45:00+02:00
1784530200,24828.53,24844.53,24826.53,24844.03,80,195,0,2026-07-20 06:50:00+00:00,2026-07-20 08:50:00+02:00
1784530500,24844.53,24844.53,24824.53,24828.53,104,195,0,2026-07-20 06:55:00+00:00,2026-07-20 08:55:00+02:00
1784530800,24829.53,24842.03,24828.53,24833.53,104,195,0,2026-07-20 07:00:00+00:00,2026-07-20 09:00:00+02:00
1784531100,24834.03,24835.03,24821.53,24822.53,103,195,0,2026-07-20 07:05:00+00:00,2026-07-20 09:05:00+02:00
1784531400,24824.03,24826.53,24812.53,24814.53,89,195,0,2026-07-20 07:10:00+00:00,2026-07-20 09:10:00+02:00
1784531700,24814.03,24814.03,24809.53,24814.03,90,195,0,2026-07-20 07:15:00+00:00,2026-07-20 09:15:00+02:00
1784532000,24813.53,24821.53,24810.53,24818.53,119,195,0,2026-07-20 07:20:00+00:00,2026-07-20 09:20:00+02:00
1784532300,24819.03,24839.03,24819.03,24834.03,141,195,0,2026-07-20 07:25:00+00:00,2026-07-20 09:25:00+02:00
1784532600,24834.53,24850.03,24829.03,24846.53,124,195,0,2026-07-20 07:30:00+00:00,2026-07-20 09:30:00+02:00
1784532900,24846.03,24859.53,24844.53,24854.53,114,195,0,2026-07-20 07:35:00+00:00,2026-07-20 09:35:00+02:00
1784533200,24853.53,24864.03,24853.53,24857.53,68,195,0,2026-07-20 07:40:00+00:00,2026-07-20 09:40:00+02:00
1784533500,24856.53,24865.03,24855.53,24860.53,87,195,0,2026-07-20 07:45:00+00:00,2026-07-20 09:45:00+02:00
1784533800,24861.03,24865.53,24857.03,24857.03,38,195,0,2026-07-20 07:50:00+00:00,2026-07-20 09:50:00+02:00
1784534100,24857.53,24858.53,24839.03,24840.03,51,195,0,2026-07-20 07:55:00+00:00,2026-07-20 09:55:00+02:00
1784534400,24840.53,24845.53,24827.53,24828.53,153,195,0,2026-07-20 08:00:00+00:00,2026-07-20 10:00:00+02:00
1784534700,24829.03,24829.53,24817.03,24817.03,85,195,0,2026-07-20 08:05:00+00:00,2026-07-20 10:05:00+02:00
1784535000,24818.03,24824.53,24796.03,24823.53,123,195,0,2026-07-20 08:10:00+00:00,2026-07-20 10:10:00+02:00
1784535300,24824.53,24825.03,24811.03,24822.53,115,195,0,2026-07-20 08:15:00+00:00,2026-07-20 10:15:00+02:00
1784535600,24823.03,24823.03,24801.03,24810.53,107,195,0,2026-07-20 08:20:00+00:00,2026-07-20 10:20:00+02:00
1784535900,24810.03,24810.03,24799.53,24801.03,123,195,0,2026-07-20 08:25:00+00:00,2026-07-20 10:25:00+02:00
1784536200,24800.03,24805.53,24794.53,24795.03,138,195,0,2026-07-20 08:30:00+00:00,2026-07-20 10:30:00+02:00
1784536500,24796.53,24800.53,24789.03,24791.53,118,195,0,2026-07-20 08:35:00+00:00,2026-07-20 10:35:00+02:00
1784536800,24791.03,24797.03,24783.03,24783.03,107,195,0,2026-07-20 08:40:00+00:00,2026-07-20 10:40:00+02:00
1784537100,24782.03,24782.03,24767.53,24773.03,137,195,0,2026-07-20 08:45:00+00:00,2026-07-20 10:45:00+02:00
1784537400,24772.53,24776.03,24766.03,24766.03,88,195,0,2026-07-20 08:50:00+00:00,2026-07-20 10:50:00+02:00
1784537700,24765.53,24770.53,24755.03,24758.53,99,195,0,2026-07-20 08:55:00+00:00,2026-07-20 10:55:00+02:00
1784538000,24762.53,24784.53,24762.53,24770.03,199,195,0,2026-07-20 09:00:00+00:00,2026-07-20 11:00:00+02:00
1784538300,24771.03,24777.03,24751.53,24751.53,315,195,0,2026-07-20 09:05:00+00:00,2026-07-20 11:05:00+02:00
1784538600,24751.03,24757.53,24741.53,24746.53,280,195,0,2026-07-20 09:10:00+00:00,2026-07-20 11:10:00+02:00
1784538900,24747.03,24757.53,24735.53,24743.53,284,195,0,2026-07-20 09:15:00+00:00,2026-07-20 11:15:00+02:00
1784539200,24743.03,24755.53,24736.53,24737.03,260,195,0,2026-07-20 09:20:00+00:00,2026-07-20 11:20:00+02:00
1784539500,24737.53,24753.53,24732.03,24745.53,233,195,0,2026-07-20 09:25:00+00:00,2026-07-20 11:25:00+02:00
1784539800,24745.03,24758.03,24738.03,24743.03,293,195,0,2026-07-20 09:30:00+00:00,2026-07-20 11:30:00+02:00
1784540100,24741.53,24741.53,24723.03,24727.53,248,195,0,2026-07-20 09:35:00+00:00,2026-07-20 11:35:00+02:00
1784540400,24728.03,24758.03,24725.53,24744.53,239,195,0,2026-07-20 09:40:00+00:00,2026-07-20 11:40:00+02:00
1784540700,24745.03,24748.53,24729.53,24738.53,234,195,0,2026-07-20 09:45:00+00:00,2026-07-20 11:45:00+02:00
1784541000,24739.03,24755.53,24739.03,24750.03,220,195,0,2026-07-20 09:50:00+00:00,2026-07-20 11:50:00+02:00
1784541300,24751.53,24755.03,24730.53,24741.03,278,195,0,2026-07-20 09:55:00+00:00,2026-07-20 11:55:00+02:00
1784541600,24740.53,24798.03,24731.03,24775.03,774,195,0,2026-07-20 10:00:00+00:00,2026-07-20 12:00:00+02:00
1784541900,24773.03,24786.53,24741.53,24759.03,700,195,0,2026-07-20 10:05:00+00:00,2026-07-20 12:05:00+02:00
1784542200,24758.53,24790.53,24755.53,24789.53,618,195,0,2026-07-20 10:10:00+00:00,2026-07-20 12:10:00+02:00
1784542500,24789.03,24789.03,24745.53,24763.53,586,195,0,2026-07-20 10:15:00+00:00,2026-07-20 12:15:00+02:00
1784542800,24762.53,24802.53,24756.53,24784.03,698,195,0,2026-07-20 10:20:00+00:00,2026-07-20 12:20:00+02:00
1784543100,24782.03,24828.47,24778.03,24826.5,601,195,0,2026-07-20 10:25:00+00:00,2026-07-20 12:25:00+02:00
1784543400,24828.0,24877.48,24827.49,24874.5,734,195,0,2026-07-20 10:30:00+00:00,2026-07-20 12:30:00+02:00
1784543700,24875.0,24880.53,24848.48,24858.84,616,195,0,2026-07-20 10:35:00+00:00,2026-07-20 12:35:00+02:00
1784544000,24858.34,24887.77,24852.1,24887.25,683,195,0,2026-07-20 10:40:00+00:00,2026-07-20 12:40:00+02:00
1784544300,24887.24,24905.08,24856.79,24858.8,533,195,0,2026-07-20 10:45:00+00:00,2026-07-20 12:45:00+02:00
1784544600,24856.32,24868.8,24831.93,24834.93,459,195,0,2026-07-20 10:50:00+00:00,2026-07-20 12:50:00+02:00
1784544900,24832.94,24864.13,24831.65,24857.72,523,195,0,2026-07-20 10:55:00+00:00,2026-07-20 12:55:00+02:00
1784545200,24857.22,24870.07,24850.58,24852.07,631,195,0,2026-07-20 11:00:00+00:00,2026-07-20 13:00:00+02:00
1784545500,24851.58,24863.08,24835.31,24863.08,516,195,0,2026-07-20 11:05:00+00:00,2026-07-20 13:05:00+02:00
1784545800,24862.08,24888.01,24857.01,24883.41,439,195,0,2026-07-20 11:10:00+00:00,2026-07-20 13:10:00+02:00
1784546100,24882.92,24901.29,24880.07,24883.74,477,195,0,2026-07-20 11:15:00+00:00,2026-07-20 13:15:00+02:00
1784546400,24883.24,24895.89,24869.51,24894.38,402,195,0,2026-07-20 11:20:00+00:00,2026-07-20 13:20:00+02:00
1784546700,24892.88,24906.52,24886.59,24900.03,439,195,0,2026-07-20 11:25:00+00:00,2026-07-20 13:25:00+02:00
1784547000,24901.52,24911.26,24885.5,24889.14,425,195,0,2026-07-20 11:30:00+00:00,2026-07-20 13:30:00+02:00
1784547300,24888.65,24900.79,24873.85,24895.53,404,195,0,2026-07-20 11:35:00+00:00,2026-07-20 13:35:00+02:00
1784547600,24896.03,24906.41,24880.49,24882.99,350,195,0,2026-07-20 11:40:00+00:00,2026-07-20 13:40:00+02:00
1784547900,24884.48,24885.04,24871.42,24879.07,400,195,0,2026-07-20 11:45:00+00:00,2026-07-20 13:45:00+02:00
1784548200,24878.57,24887.74,24871.13,24886.08,383,195,0,2026-07-20 11:50:00+00:00,2026-07-20 13:50:00+02:00
1784548500,24886.58,24908.45,24885.03,24903.05,371,195,0,2026-07-20 11:55:00+00:00,2026-07-20 13:55:00+02:00
1784548800,24903.55,24911.62,24887.34,24888.85,415,195,0,2026-07-20 12:00:00+00:00,2026-07-20 14:00:00+02:00
1784549100,24888.36,24891.38,24874.54,24883.44,418,195,0,2026-07-20 12:05:00+00:00,2026-07-20 14:05:00+02:00
1784549400,24883.94,24898.69,24883.94,24889.04,320,195,0,2026-07-20 12:10:00+00:00,2026-07-20 14:10:00+02:00
1784549700,24889.54,24917.34,24889.04,24893.13,333,195,0,2026-07-20 12:15:00+00:00,2026-07-20 14:15:00+02:00
1784550000,24892.63,24915.3,24892.13,24905.57,303,195,0,2026-07-20 12:20:00+00:00,2026-07-20 14:20:00+02:00
1784550300,24906.06,24912.92,24901.13,24908.37,252,195,0,2026-07-20 12:25:00+00:00,2026-07-20 14:25:00+02:00
1784550600,24907.87,24928.94,24904.88,24926.89,321,195,0,2026-07-20 12:30:00+00:00,2026-07-20 14:30:00+02:00
1784550900,24927.88,24933.83,24921.79,24932.83,319,195,0,2026-07-20 12:35:00+00:00,2026-07-20 14:35:00+02:00
1784551200,24933.33,24945.12,24928.32,24935.21,346,195,0,2026-07-20 12:40:00+00:00,2026-07-20 14:40:00+02:00
1784551500,24935.71,24937.11,24909.85,24909.85,315,195,0,2026-07-20 12:45:00+00:00,2026-07-20 14:45:00+02:00
1784551800,24908.36,24916.23,24898.11,24915.16,349,195,0,2026-07-20 12:50:00+00:00,2026-07-20 14:50:00+02:00
1784552100,24914.16,24922.06,24900.4,24919.08,302,195,0,2026-07-20 12:55:00+00:00,2026-07-20 14:55:00+02:00
1784552400,24919.57,24926.58,24908.14,24917.62,341,195,0,2026-07-20 13:00:00+00:00,2026-07-20 15:00:00+02:00
1784552700,24918.11,24919.61,24900.57,24907.17,297,195,0,2026-07-20 13:05:00+00:00,2026-07-20 15:05:00+02:00
1784553000,24905.18,24913.49,24891.95,24895.44,326,195,0,2026-07-20 13:10:00+00:00,2026-07-20 15:10:00+02:00
1784553300,24894.45,24894.45,24864.38,24881.06,346,195,0,2026-07-20 13:15:00+00:00,2026-07-20 15:15:00+02:00
1784553600,24880.56,24902.31,24878.58,24896.32,239,195,0,2026-07-20 13:20:00+00:00,2026-07-20 15:20:00+02:00
1784553900,24896.33,24903.8,24885.52,24889.73,346,195,0,2026-07-20 13:25:00+00:00,2026-07-20 15:25:00+02:00
1784554200,24889.23,24893.8,24869.39,24873.81,377,195,0,2026-07-20 13:30:00+00:00,2026-07-20 15:30:00+02:00
1784554500,24873.31,24873.31,24842.12,24846.48,411,195,0,2026-07-20 13:35:00+00:00,2026-07-20 15:35:00+02:00
1784554800,24846.98,24846.98,24821.13,24834.63,431,195,0,2026-07-20 13:40:00+00:00,2026-07-20 15:40:00+02:00
1784555100,24833.63,24837.32,24822.22,24828.88,360,195,0,2026-07-20 13:45:00+00:00,2026-07-20 15:45:00+02:00
1784555400,24828.38,24854.38,24816.47,24853.8,319,195,0,2026-07-20 13:50:00+00:00,2026-07-20 15:50:00+02:00
1784555700,24853.3,24863.58,24848.72,24857.5,335,195,0,2026-07-20 13:55:00+00:00,2026-07-20 15:55:00+02:00
1784556000,24860.99,24885.96,24857.01,24884.97,418,195,0,2026-07-20 14:00:00+00:00,2026-07-20 16:00:00+02:00
1784556300,24883.47,24888.45,24877.93,24879.42,356,195,0,2026-07-20 14:05:00+00:00,2026-07-20 16:05:00+02:00
1784556600,24878.43,24883.96,24865.73,24868.47,393,195,0,2026-07-20 14:10:00+00:00,2026-07-20 16:10:00+02:00
1784556900,24868.48,24883.31,24863.02,24878.85,379,195,0,2026-07-20 14:15:00+00:00,2026-07-20 16:15:00+02:00
1784557200,24877.36,24884.4,24868.52,24881.8,312,195,0,2026-07-20 14:20:00+00:00,2026-07-20 16:20:00+02:00
1784557500,24880.81,24882.23,24867.88,24877.91,311,195,0,2026-07-20 14:25:00+00:00,2026-07-20 16:25:00+02:00
1784557800,24877.41,24973.17,24868.49,24955.31,1157,195,0,2026-07-20 14:30:00+00:00,2026-07-20 16:30:00+02:00
1784558100,24954.82,24970.98,24943.7,24963.24,674,195,0,2026-07-20 14:35:00+00:00,2026-07-20 16:35:00+02:00
1784558400,24962.74,24975.23,24940.02,24950.94,567,195,0,2026-07-20 14:40:00+00:00,2026-07-20 16:40:00+02:00
1784558700,24951.44,24955.74,24915.46,24917.49,497,195,0,2026-07-20 14:45:00+00:00,2026-07-20 16:45:00+02:00
1784559000,24916.99,24942.88,24904.39,24940.36,488,195,0,2026-07-20 14:50:00+00:00,2026-07-20 16:50:00+02:00
1784559300,24939.86,24956.0,24936.21,24941.62,368,195,0,2026-07-20 14:55:00+00:00,2026-07-20 16:55:00+02:00
1784559600,24941.12,24943.12,24836.34,24860.47,889,195,0,2026-07-20 15:00:00+00:00,2026-07-20 17:00:00+02:00
1784559900,24859.47,24880.12,24847.98,24871.46,720,195,0,2026-07-20 15:05:00+00:00,2026-07-20 17:05:00+02:00
1784560200,24870.46,24893.35,24854.61,24891.79,490,195,0,2026-07-20 15:10:00+00:00,2026-07-20 17:10:00+02:00
1784560500,24890.79,24902.44,24880.01,24883.56,465,195,0,2026-07-20 15:15:00+00:00,2026-07-20 17:15:00+02:00
1784560800,24883.06,24886.93,24865.72,24876.3,400,195,0,2026-07-20 15:20:00+00:00,2026-07-20 17:20:00+02:00
1784561100,24875.81,24898.78,24870.36,24898.26,395,195,0,2026-07-20 15:25:00+00:00,2026-07-20 17:25:00+02:00
1784561400,24899.26,24910.56,24875.16,24884.24,465,195,0,2026-07-20 15:30:00+00:00,2026-07-20 17:30:00+02:00
1784561700,24884.74,24911.29,24877.33,24905.31,384,195,0,2026-07-20 15:35:00+00:00,2026-07-20 17:35:00+02:00
1784562000,24904.31,24911.47,24881.24,24884.23,412,195,0,2026-07-20 15:40:00+00:00,2026-07-20 17:40:00+02:00
1784562300,24883.23,24897.55,24880.73,24889.58,378,195,0,2026-07-20 15:45:00+00:00,2026-07-20 17:45:00+02:00
1784562600,24889.08,24889.58,24846.18,24848.19,405,195,0,2026-07-20 15:50:00+00:00,2026-07-20 17:50:00+02:00
1784562900,24847.19,24849.19,24827.6,24835.57,456,195,0,2026-07-20 15:55:00+00:00,2026-07-20 17:55:00+02:00
1784563200,24837.06,24843.02,24814.41,24830.92,497,195,0,2026-07-20 16:00:00+00:00,2026-07-20 18:00:00+02:00
1784563500,24830.42,24839.38,24815.11,24831.92,416,195,0,2026-07-20 16:05:00+00:00,2026-07-20 18:05:00+02:00
1784563800,24832.42,24838.87,24800.6,24800.61,377,195,0,2026-07-20 16:10:00+00:00,2026-07-20 18:10:00+02:00
1784564100,24801.11,24821.04,24792.15,24819.54,398,195,0,2026-07-20 16:15:00+00:00,2026-07-20 18:15:00+02:00
1784564400,24820.54,24840.66,24819.61,24831.7,360,195,0,2026-07-20 16:20:00+00:00,2026-07-20 18:20:00+02:00
1784564700,24827.22,24842.57,24822.27,24833.66,449,195,0,2026-07-20 16:25:00+00:00,2026-07-20 18:25:00+02:00
1784565000,24832.67,24848.08,24822.38,24831.09,748,195,0,2026-07-20 16:30:00+00:00,2026-07-20 18:30:00+02:00
1784565300,24830.1,24838.5,24810.76,24826.2,557,195,0,2026-07-20 16:35:00+00:00,2026-07-20 18:35:00+02:00
1784565600,24825.7,24826.7,24785.42,24793.95,612,195,0,2026-07-20 16:40:00+00:00,2026-07-20 18:40:00+02:00
1784565900,24794.45,24794.95,24758.69,24781.62,628,195,0,2026-07-20 16:45:00+00:00,2026-07-20 18:45:00+02:00
1784566200,24780.63,24793.01,24764.22,24778.62,707,195,0,2026-07-20 16:50:00+00:00,2026-07-20 18:50:00+02:00
1784566500,24779.12,24792.23,24765.17,24787.21,629,195,0,2026-07-20 16:55:00+00:00,2026-07-20 18:55:00+02:00
1784566800,24786.71,24803.55,24779.19,24793.25,677,195,0,2026-07-20 17:00:00+00:00,2026-07-20 19:00:00+02:00
1784567100,24792.75,24803.18,24780.37,24784.57,676,195,0,2026-07-20 17:05:00+00:00,2026-07-20 19:05:00+02:00
1784567400,24783.58,24803.09,24762.23,24797.05,618,195,0,2026-07-20 17:10:00+00:00,2026-07-20 19:10:00+02:00
1784567700,24798.05,24814.82,24778.01,24784.91,663,195,0,2026-07-20 17:15:00+00:00,2026-07-20 19:15:00+02:00
1784568000,24784.41,24804.75,24772.37,24797.83,671,195,0,2026-07-20 17:20:00+00:00,2026-07-20 19:20:00+02:00
1784568300,24797.34,24826.19,24797.34,24824.68,547,195,0,2026-07-20 17:25:00+00:00,2026-07-20 19:25:00+02:00
1784568600,24824.18,24828.56,24809.73,24824.21,603,195,0,2026-07-20 17:30:00+00:00,2026-07-20 19:30:00+02:00
1784568900,24822.72,24844.63,24815.79,24841.65,640,195,0,2026-07-20 17:35:00+00:00,2026-07-20 19:35:00+02:00
1784569200,24842.15,24851.54,24828.7,24837.69,505,195,0,2026-07-20 17:40:00+00:00,2026-07-20 19:40:00+02:00
1784569500,24837.2,24850.58,24830.45,24834.91,598,195,0,2026-07-20 17:45:00+00:00,2026-07-20 19:45:00+02:00
1784569800,24833.92,24845.77,24831.4,24836.59,574,195,0,2026-07-20 17:50:00+00:00,2026-07-20 19:50:00+02:00
1784570100,24835.09,24837.72,24802.59,24828.12,630,195,0,2026-07-20 17:55:00+00:00,2026-07-20 19:55:00+02:00
1784570400,24827.62,24854.66,24808.73,24838.35,651,195,0,2026-07-20 18:00:00+00:00,2026-07-20 20:00:00+02:00
1784570700,24836.86,24880.27,24820.55,24872.33,715,195,0,2026-07-20 18:05:00+00:00,2026-07-20 20:05:00+02:00
1784571000,24871.33,24872.85,24848.23,24852.69,630,195,0,2026-07-20 18:10:00+00:00,2026-07-20 20:10:00+02:00
1784571300,24852.19,24863.3,24845.7,24853.61,524,195,0,2026-07-20 18:15:00+00:00,2026-07-20 20:15:00+02:00
1784571600,24854.11,24871.97,24849.26,24851.21,444,195,0,2026-07-20 18:20:00+00:00,2026-07-20 20:20:00+02:00
1784571900,24851.71,24868.97,24849.25,24860.92,523,195,0,2026-07-20 18:25:00+00:00,2026-07-20 20:25:00+02:00
1784572200,24857.44,24869.89,24842.51,24849.48,596,195,0,2026-07-20 18:30:00+00:00,2026-07-20 20:30:00+02:00
1784572500,24849.98,24852.35,24827.95,24833.47,496,195,0,2026-07-20 18:35:00+00:00,2026-07-20 20:35:00+02:00
1784572800,24833.97,24843.93,24826.0,24841.44,412,195,0,2026-07-20 18:40:00+00:00,2026-07-20 20:40:00+02:00
1784573100,24841.94,24841.94,24825.01,24830.0,410,195,0,2026-07-20 18:45:00+00:00,2026-07-20 20:45:00+02:00
1784573400,24830.99,24854.94,24827.05,24852.95,399,195,0,2026-07-20 18:50:00+00:00,2026-07-20 20:50:00+02:00
1784573700,24853.45,24858.92,24848.47,24850.96,297,195,0,2026-07-20 18:55:00+00:00,2026-07-20 20:55:00+02:00
1784574000,24849.97,24872.88,24847.48,24871.38,375,195,0,2026-07-20 19:00:00+00:00,2026-07-20 21:00:00+02:00
1784574300,24870.89,24881.39,24870.89,24879.9,309,195,0,2026-07-20 19:05:00+00:00,2026-07-20 21:05:00+02:00
1784574600,24879.4,24883.88,24866.42,24870.9,269,195,0,2026-07-20 19:10:00+00:00,2026-07-20 21:10:00+02:00
1784574900,24871.4,24874.43,24863.93,24874.43,272,195,0,2026-07-20 19:15:00+00:00,2026-07-20 21:15:00+02:00
1784575200,24874.93,24875.43,24867.46,24871.45,211,195,0,2026-07-20 19:20:00+00:00,2026-07-20 21:20:00+02:00
1784575500,24871.95,24872.44,24859.96,24866.43,262,195,0,2026-07-20 19:25:00+00:00,2026-07-20 21:25:00+02:00
1784575800,24866.93,24871.41,24851.5,24853.99,309,195,0,2026-07-20 19:30:00+00:00,2026-07-20 21:30:00+02:00
1784576100,24853.49,24867.44,24853.0,24864.45,246,195,0,2026-07-20 19:35:00+00:00,2026-07-20 21:35:00+02:00
1784576400,24864.95,24867.94,24806.69,24834.08,549,195,0,2026-07-20 19:40:00+00:00,2026-07-20 21:40:00+02:00
1784576700,24833.59,24842.55,24823.13,24841.06,338,195,0,2026-07-20 19:45:00+00:00,2026-07-20 21:45:00+02:00
1784577000,24840.56,24841.07,24820.65,24821.65,336,195,0,2026-07-20 19:50:00+00:00,2026-07-20 21:50:00+02:00
1784577300,24820.65,24826.63,24815.18,24817.17,323,195,0,2026-07-20 19:55:00+00:00,2026-07-20 21:55:00+02:00
1784577600,24818.17,24824.64,24812.69,24813.69,298,195,0,2026-07-20 20:00:00+00:00,2026-07-20 22:00:00+02:00
1784577900,24814.19,24815.69,24797.26,24810.71,307,195,0,2026-07-20 20:05:00+00:00,2026-07-20 22:05:00+02:00
1784578200,24811.71,24815.69,24805.73,24808.72,274,195,0,2026-07-20 20:10:00+00:00,2026-07-20 22:10:00+02:00
1784578500,24807.73,24814.7,24796.28,24808.23,296,195,0,2026-07-20 20:15:00+00:00,2026-07-20 22:15:00+02:00
1784578800,24806.74,24818.19,24805.24,24810.23,253,195,0,2026-07-20 20:20:00+00:00,2026-07-20 22:20:00+02:00
1784579100,24809.73,24815.71,24801.77,24815.71,242,195,0,2026-07-20 20:25:00+00:00,2026-07-20 22:25:00+02:00
1784579400,24816.21,24823.19,24807.75,24819.7,314,195,0,2026-07-20 20:30:00+00:00,2026-07-20 22:30:00+02:00
1784579700,24820.2,24825.68,24810.75,24811.24,292,195,0,2026-07-20 20:35:00+00:00,2026-07-20 22:35:00+02:00
1784580000,24812.74,24813.73,24789.34,24791.83,227,195,0,2026-07-20 20:40:00+00:00,2026-07-20 22:40:00+02:00
1784580300,24790.83,24805.77,24789.84,24796.81,247,195,0,2026-07-20 20:45:00+00:00,2026-07-20 22:45:00+02:00
1784580600,24795.32,24808.77,24794.82,24803.29,311,195,0,2026-07-20 20:50:00+00:00,2026-07-20 22:50:00+02:00
1784580900,24803.79,24805.29,24796.82,24802.3,270,195,0,2026-07-20 20:55:00+00:00,2026-07-20 22:55:00+02:00
1784581200,24802.8,24816.75,24801.81,24811.77,257,195,0,2026-07-20 21:00:00+00:00,2026-07-20 23:00:00+02:00
1784581500,24810.78,24816.25,24806.3,24814.27,193,195,0,2026-07-20 21:05:00+00:00,2026-07-20 23:05:00+02:00
1784581800,24813.77,24817.26,24806.3,24813.77,159,195,0,2026-07-20 21:10:00+00:00,2026-07-20 23:10:00+02:00
1784582100,24813.28,24816.77,24806.31,24814.28,227,195,0,2026-07-20 21:15:00+00:00,2026-07-20 23:15:00+02:00
1784582400,24813.78,24815.77,24788.39,24789.88,343,195,0,2026-07-20 21:20:00+00:00,2026-07-20 23:20:00+02:00
1784582700,24789.39,24799.85,24785.9,24790.89,308,195,0,2026-07-20 21:25:00+00:00,2026-07-20 23:25:00+02:00
1784583000,24791.38,24791.39,24738.61,24749.06,377,195,0,2026-07-20 21:30:00+00:00,2026-07-20 23:30:00+02:00
1784583300,24748.57,24771.97,24748.57,24753.05,358,195,0,2026-07-20 21:35:00+00:00,2026-07-20 23:35:00+02:00
1784583600,24752.56,24757.54,24730.65,24732.15,369,195,0,2026-07-20 21:40:00+00:00,2026-07-20 23:40:00+02:00
1784583900,24733.64,24750.57,24732.15,24746.09,392,195,0,2026-07-20 21:45:00+00:00,2026-07-20 23:45:00+02:00
1784584200,24747.09,24760.54,24744.1,24758.05,307,195,0,2026-07-20 21:50:00+00:00,2026-07-20 23:50:00+02:00
1784584500,24757.55,24759.05,24745.61,24747.1,256,195,0,2026-07-20 21:55:00+00:00,2026-07-20 23:55:00+02:00
1784584800,24747.6,24761.05,24730.67,24733.16,297,195,0,2026-07-20 22:00:00+00:00,2026-07-21 00:00:00+02:00
1784585100,24732.67,24733.66,24716.73,24725.7,328,195,0,2026-07-20 22:05:00+00:00,2026-07-21 00:05:00+02:00
1784585400,24726.2,24737.16,24705.29,24705.29,322,195,0,2026-07-20 22:10:00+00:00,2026-07-21 00:10:00+02:00
1784585700,24704.79,24713.26,24695.33,24710.28,420,195,0,2026-07-20 22:15:00+00:00,2026-07-21 00:15:00+02:00
1784586000,24710.77,24718.75,24701.81,24718.25,317,195,0,2026-07-20 22:20:00+00:00,2026-07-21 00:20:00+02:00
1784586300,24718.75,24734.69,24705.31,24733.69,354,195,0,2026-07-20 22:25:00+00:00,2026-07-21 00:25:00+02:00
1784586600,24734.19,24744.15,24721.74,24736.69,564,195,0,2026-07-20 22:30:00+00:00,2026-07-21 00:30:00+02:00
1784586900,24736.19,24738.68,24727.73,24728.72,328,195,0,2026-07-20 22:35:00+00:00,2026-07-21 00:35:00+02:00
1784587200,24729.72,24739.68,24722.75,24726.74,292,195,0,2026-07-20 22:40:00+00:00,2026-07-21 00:40:00+02:00
1784587500,24726.24,24750.65,24718.77,24750.65,351,195,0,2026-07-20 22:45:00+00:00,2026-07-21 00:45:00+02:00
1784587800,24751.14,24751.14,24716.79,24720.77,345,195,0,2026-07-20 22:50:00+00:00,2026-07-21 00:50:00+02:00
1784588100,24722.27,24726.75,24703.35,24703.35,420,195,0,2026-07-20 22:55:00+00:00,2026-07-21 00:55:00+02:00
1784588400,24702.52,24719.27,24702.52,24705.42,278,360,0,2026-07-20 23:00:00+00:00,2026-07-21 01:00:00+02:00
1784588700,24706.28,24707.73,24692.71,24695.03,160,360,0,2026-07-20 23:05:00+00:00,2026-07-21 01:05:00+02:00
1784589000,24694.45,24695.31,24689.72,24690.88,113,360,0,2026-07-20 23:10:00+00:00,2026-07-21 01:10:00+02:00
1784589300,24690.3,24691.45,24682.37,24683.68,125,360,0,2026-07-20 23:15:00+00:00,2026-07-21 01:15:00+02:00
1784589600,24684.26,24685.71,24682.24,24684.27,64,360,0,2026-07-20 23:20:00+00:00,2026-07-21 01:20:00+02:00
1784589900,24684.85,24686.58,24675.34,24679.54,88,360,0,2026-07-20 23:25:00+00:00,2026-07-21 01:25:00+02:00
1784590200,24680.12,24685.32,24678.96,24685.32,73,360,0,2026-07-20 23:30:00+00:00,2026-07-21 01:30:00+02:00
1784590500,24684.74,24689.37,24684.17,24688.22,53,360,0,2026-07-20 23:35:00+00:00,2026-07-21 01:35:00+02:00
1784590800,24687.64,24688.22,24683.6,24685.91,71,360,0,2026-07-20 23:40:00+00:00,2026-07-21 01:40:00+02:00
1784591100,24686.49,24689.96,24684.76,24688.81,47,360,0,2026-07-20 23:45:00+00:00,2026-07-21 01:45:00+02:00
1784591400,24689.38,24692.39,24683.03,24692.39,79,360,0,2026-07-20 23:50:00+00:00,2026-07-21 01:50:00+02:00
1784591700,24691.81,24693.55,24690.66,24692.39,63,360,0,2026-07-20 23:55:00+00:00,2026-07-21 01:55:00+02:00
1784595900,24680.61,24680.61,24661.87,24668.81,240,360,0,2026-07-21 01:05:00+00:00,2026-07-21 03:05:00+02:00
1784596200,24669.38,24671.97,24667.07,24670.23,151,360,0,2026-07-21 01:10:00+00:00,2026-07-21 03:10:00+02:00
1784596500,24669.66,24671.39,24667.06,24669.66,141,360,0,2026-07-21 01:15:00+00:00,2026-07-21 03:15:00+02:00
1784596800,24670.24,24673.13,24667.93,24671.98,99,360,0,2026-07-21 01:20:00+00:00,2026-07-21 03:20:00+02:00
1784597100,24672.27,24672.56,24667.65,24669.67,95,360,0,2026-07-21 01:25:00+00:00,2026-07-21 03:25:00+02:00
1784597400,24669.96,24671.99,24663.33,24664.77,90,360,0,2026-07-21 01:30:00+00:00,2026-07-21 03:30:00+02:00
1784597700,24665.06,24669.69,24663.9,24667.38,129,360,0,2026-07-21 01:35:00+00:00,2026-07-21 03:35:00+02:00
1784598000,24667.66,24670.27,24666.22,24670.27,77,360,0,2026-07-21 01:40:00+00:00,2026-07-21 03:40:00+02:00
1784598300,24670.85,24672.58,24665.08,24667.1,112,360,0,2026-07-21 01:45:00+00:00,2026-07-21 03:45:00+02:00
1784598600,24666.81,24669.13,24665.08,24667.97,79,360,0,2026-07-21 01:50:00+00:00,2026-07-21 03:50:00+02:00
1784598900,24668.55,24669.13,24667.39,24668.55,47,360,0,2026-07-21 01:55:00+00:00,2026-07-21 03:55:00+02:00
1784599200,24669.71,24677.83,24667.11,24677.55,115,360,0,2026-07-21 02:00:00+00:00,2026-07-21 04:00:00+02:00
1784599500,24677.84,24691.39,24677.84,24690.81,144,360,0,2026-07-21 02:05:00+00:00,2026-07-21 04:05:00+02:00
1784599800,24691.1,24698.97,24690.24,24698.4,137,360,0,2026-07-21 02:10:00+00:00,2026-07-21 04:10:00+02:00
1784600100,24698.98,24708.8,24697.82,24708.22,140,360,0,2026-07-21 02:15:00+00:00,2026-07-21 04:15:00+02:00
1784600400,24707.93,24722.0,24707.36,24719.98,174,360,0,2026-07-21 02:20:00+00:00,2026-07-21 04:20:00+02:00
1784600700,24720.27,24722.59,24717.67,24722.01,85,360,0,2026-07-21 02:25:00+00:00,2026-07-21 04:25:00+02:00
1784601000,24721.72,24725.9,24720.28,24723.59,114,360,0,2026-07-21 02:30:00+00:00,2026-07-21 04:30:00+02:00
1784601300,24723.3,24723.59,24719.56,24720.13,79,360,0,2026-07-21 02:35:00+00:00,2026-07-21 04:35:00+02:00
1784601600,24720.42,24722.45,24718.98,24721.29,76,360,0,2026-07-21 02:40:00+00:00,2026-07-21 04:40:00+02:00
1784601900,24720.72,24725.34,24716.39,24716.68,301,360,0,2026-07-21 02:45:00+00:00,2026-07-21 04:45:00+02:00
1784602200,24716.39,24716.68,24691.75,24699.26,312,360,0,2026-07-21 02:50:00+00:00,2026-07-21 04:50:00+02:00
1784602500,24698.97,24707.92,24697.23,24702.15,354,360,0,2026-07-21 02:55:00+00:00,2026-07-21 04:55:00+02:00
1784603700,24695.7,24706.7,24669.79,24701.17,131,195,0,2026-07-21 03:15:00+00:00,2026-07-21 05:15:00+02:00
1784604000,24703.66,24705.15,24683.25,24695.7,152,195,0,2026-07-21 03:20:00+00:00,2026-07-21 05:20:00+02:00
1784604300,24696.19,24715.62,24692.21,24705.16,164,195,0,2026-07-21 03:25:00+00:00,2026-07-21 05:25:00+02:00
1784604600,24705.66,24727.08,24704.67,24717.62,174,195,0,2026-07-21 03:30:00+00:00,2026-07-21 05:30:00+02:00
1784604900,24718.12,24732.56,24712.14,24730.07,184,195,0,2026-07-21 03:35:00+00:00,2026-07-21 05:35:00+02:00
1784605200,24729.58,24738.04,24723.1,24729.08,106,195,0,2026-07-21 03:40:00+00:00,2026-07-21 05:40:00+02:00
1784605500,24729.58,24744.03,24729.09,24742.04,113,195,0,2026-07-21 03:45:00+00:00,2026-07-21 05:45:00+02:00
1784605800,24742.53,24745.03,24735.07,24736.56,95,195,0,2026-07-21 03:50:00+00:00,2026-07-21 05:50:00+02:00
1784606100,24735.57,24736.57,24728.1,24728.1,70,195,0,2026-07-21 03:55:00+00:00,2026-07-21 05:55:00+02:00
1784606400,24727.61,24732.09,24716.66,24727.61,224,195,0,2026-07-21 04:00:00+00:00,2026-07-21 06:00:00+02:00
1784606700,24729.11,24752.52,24727.61,24749.53,172,195,0,2026-07-21 04:05:00+00:00,2026-07-21 06:05:00+02:00
1784607000,24751.02,24771.94,24747.54,24770.95,104,195,0,2026-07-21 04:10:00+00:00,2026-07-21 06:10:00+02:00
1784607300,24771.45,24784.89,24755.52,24772.45,185,195,0,2026-07-21 04:15:00+00:00,2026-07-21 06:15:00+02:00
1784607600,24772.95,24774.94,24760.0,24763.99,143,195,0,2026-07-21 04:20:00+00:00,2026-07-21 06:20:00+02:00
1784607900,24764.98,24768.97,24755.52,24763.99,151,195,0,2026-07-21 04:25:00+00:00,2026-07-21 06:25:00+02:00
1784608200,24762.0,24781.43,24762.0,24777.94,112,195,0,2026-07-21 04:30:00+00:00,2026-07-21 06:30:00+02:00
1784608500,24779.93,24779.94,24757.03,24758.03,104,195,0,2026-07-21 04:35:00+00:00,2026-07-21 06:35:00+02:00
1784608800,24757.53,24760.02,24747.08,24747.08,76,195,0,2026-07-21 04:40:00+00:00,2026-07-21 06:40:00+02:00
1784609100,24747.58,24759.04,24746.58,24754.06,80,195,0,2026-07-21 04:45:00+00:00,2026-07-21 06:45:00+02:00
1784609400,24755.55,24756.05,24744.6,24749.08,74,195,0,2026-07-21 04:50:00+00:00,2026-07-21 06:50:00+02:00
1784609700,24748.09,24748.09,24739.13,24745.11,62,195,0,2026-07-21 04:55:00+00:00,2026-07-21 06:55:00+02:00
1784610000,24745.6,24769.01,24745.6,24763.54,93,195,0,2026-07-21 05:00:00+00:00,2026-07-21 07:00:00+02:00
1784610300,24764.04,24772.0,24753.58,24754.58,73,195,0,2026-07-21 05:05:00+00:00,2026-07-21 07:05:00+02:00
1784610600,24755.58,24755.58,24743.63,24744.13,112,195,0,2026-07-21 05:10:00+00:00,2026-07-21 07:10:00+02:00
1784610900,24745.12,24746.62,24734.67,24739.65,73,195,0,2026-07-21 05:15:00+00:00,2026-07-21 07:15:00+02:00
1784611200,24740.15,24764.56,24736.67,24764.06,83,195,0,2026-07-21 05:20:00+00:00,2026-07-21 07:20:00+02:00
1784611500,24765.55,24766.55,24756.09,24763.57,88,195,0,2026-07-21 05:25:00+00:00,2026-07-21 07:25:00+02:00
1784611800,24763.07,24778.01,24763.07,24770.54,95,195,0,2026-07-21 05:30:00+00:00,2026-07-21 07:30:00+02:00
1784612100,24771.04,24781.01,24770.05,24778.52,86,195,0,2026-07-21 05:35:00+00:00,2026-07-21 07:35:00+02:00
1784612400,24777.02,24779.52,24776.03,24776.53,19,195,0,2026-07-21 05:40:00+00:00,2026-07-21 07:40:00+02:00
1784612700,24776.03,24777.53,24773.54,24776.54,41,195,0,2026-07-21 05:45:00+00:00,2026-07-21 07:45:00+02:00
1784613000,24776.54,24779.03,24768.58,24772.06,39,195,0,2026-07-21 05:50:00+00:00,2026-07-21 07:50:00+02:00
1784613300,24771.07,24780.53,24771.07,24779.54,59,195,0,2026-07-21 05:55:00+00:00,2026-07-21 07:55:00+02:00
1784613600,24784.02,24790.49,24783.52,24789.0,83,195,0,2026-07-21 06:00:00+00:00,2026-07-21 08:00:00+02:00
1784613900,24789.5,24790.5,24784.03,24784.53,54,195,0,2026-07-21 06:05:00+00:00,2026-07-21 08:05:00+02:00
1784614200,24785.52,24790.01,24782.04,24789.51,54,195,0,2026-07-21 06:10:00+00:00,2026-07-21 08:10:00+02:00
1784614500,24789.02,24799.98,24788.02,24797.99,104,195,0,2026-07-21 06:15:00+00:00,2026-07-21 08:15:00+02:00
1784614800,24797.49,24803.96,24795.5,24799.49,80,195,0,2026-07-21 06:20:00+00:00,2026-07-21 08:20:00+02:00
1784615100,24799.49,24801.98,24797.99,24799.99,38,195,0,2026-07-21 06:25:00+00:00,2026-07-21 08:25:00+02:00
1784615400,24800.49,24802.48,24796.01,24800.49,90,195,0,2026-07-21 06:30:00+00:00,2026-07-21 08:30:00+02:00
1784615700,24801.49,24813.45,24800.0,24813.45,62,195,0,2026-07-21 06:35:00+00:00,2026-07-21 08:35:00+02:00
1784616000,24814.44,24820.42,24813.95,24815.94,65,195,0,2026-07-21 06:40:00+00:00,2026-07-21 08:40:00+02:00
1784616300,24816.44,24828.4,24816.44,24828.4,62,195,0,2026-07-21 06:45:00+00:00,2026-07-21 08:45:00+02:00
1784616600,24827.9,24829.89,24814.46,24819.44,70,195,0,2026-07-21 06:50:00+00:00,2026-07-21 08:50:00+02:00
1784616900,24819.94,24820.44,24813.47,24819.45,45,195,0,2026-07-21 06:55:00+00:00,2026-07-21 08:55:00+02:00
1784617200,24819.94,24823.43,24816.96,24817.96,54,195,0,2026-07-21 07:00:00+00:00,2026-07-21 09:00:00+02:00
1784617500,24816.46,24824.93,24816.46,24816.47,45,195,0,2026-07-21 07:05:00+00:00,2026-07-21 09:05:00+02:00
1784617800,24816.47,24818.96,24813.98,24816.97,36,195,0,2026-07-21 07:10:00+00:00,2026-07-21 09:10:00+02:00
1784618100,24816.48,24822.95,24814.98,24819.47,29,195,0,2026-07-21 07:15:00+00:00,2026-07-21 09:15:00+02:00
1784618400,24819.97,24822.96,24817.48,24819.48,32,195,0,2026-07-21 07:20:00+00:00,2026-07-21 09:20:00+02:00
1784618700,24818.48,24819.97,24816.49,24818.49,24,195,0,2026-07-21 07:25:00+00:00,2026-07-21 09:25:00+02:00
1784619000,24817.49,24820.98,24817.49,24820.48,30,195,0,2026-07-21 07:30:00+00:00,2026-07-21 09:30:00+02:00
1784619300,24819.99,24827.46,24819.49,24827.46,20,195,0,2026-07-21 07:35:00+00:00,2026-07-21 09:35:00+02:00
1784619600,24826.96,24826.96,24824.98,24825.97,17,195,0,2026-07-21 07:40:00+00:00,2026-07-21 09:40:00+02:00
1784619900,24826.47,24833.94,24825.97,24833.45,38,195,0,2026-07-21 07:45:00+00:00,2026-07-21 09:45:00+02:00
1784620200,24832.95,24832.95,24824.49,24825.49,28,195,0,2026-07-21 07:50:00+00:00,2026-07-21 09:50:00+02:00
1784620500,24824.99,24826.49,24821.01,24823.0,25,195,0,2026-07-21 07:55:00+00:00,2026-07-21 09:55:00+02:00
1784620800,24823.5,24824.0,24815.04,24816.04,83,195,0,2026-07-21 08:00:00+00:00,2026-07-21 10:00:00+02:00
1784621100,24816.04,24817.53,24810.56,24814.55,90,195,0,2026-07-21 08:05:00+00:00,2026-07-21 10:05:00+02:00
1784621400,24814.05,24817.54,24803.6,24806.09,43,195,0,2026-07-21 08:10:00+00:00,2026-07-21 10:10:00+02:00
1784621700,24805.59,24805.59,24793.14,24796.14,28,195,0,2026-07-21 08:15:00+00:00,2026-07-21 10:15:00+02:00
1784622000,24796.14,24806.6,24794.65,24806.1,73,195,0,2026-07-21 08:20:00+00:00,2026-07-21 10:20:00+02:00
1784622300,24806.6,24823.54,24806.6,24823.54,82,195,0,2026-07-21 08:25:00+00:00,2026-07-21 10:25:00+02:00
1784622600,24825.03,24831.01,24816.07,24830.51,85,195,0,2026-07-21 08:30:00+00:00,2026-07-21 10:30:00+02:00
1784622900,24828.52,24830.02,24823.54,24826.04,50,195,0,2026-07-21 08:35:00+00:00,2026-07-21 10:35:00+02:00
1784623200,24827.03,24845.96,24827.03,24842.48,128,195,0,2026-07-21 08:40:00+00:00,2026-07-21 10:40:00+02:00
1784623500,24841.98,24854.93,24836.0,24853.44,114,195,0,2026-07-21 08:45:00+00:00,2026-07-21 10:45:00+02:00
1784623800,24853.94,24866.39,24850.45,24860.42,61,195,0,2026-07-21 08:50:00+00:00,2026-07-21 10:50:00+02:00
1784624100,24859.92,24862.91,24854.44,24857.93,79,195,0,2026-07-21 08:55:00+00:00,2026-07-21 10:55:00+02:00
1784624400,24861.42,24870.79,24852.86,24867.89,231,195,0,2026-07-21 09:00:00+00:00,2026-07-21 11:00:00+02:00
1784624700,24868.39,24871.88,24848.93,24854.95,230,195,0,2026-07-21 09:05:00+00:00,2026-07-21 11:05:00+02:00
1784625000,24854.45,24856.45,24840.51,24850.48,262,195,0,2026-07-21 09:10:00+00:00,2026-07-21 11:10:00+02:00
1784625300,24849.98,24850.97,24834.05,24834.05,187,195,0,2026-07-21 09:15:00+00:00,2026-07-21 11:15:00+02:00
1784625600,24834.55,24841.02,24827.58,24836.54,179,195,0,2026-07-21 09:20:00+00:00,2026-07-21 11:20:00+02:00
1784625900,24837.04,24855.97,24837.04,24839.42,293,195,0,2026-07-21 09:25:00+00:00,2026-07-21 11:25:00+02:00
1784626200,24840.41,24854.93,24840.41,24853.4,364,195,0,2026-07-21 09:30:00+00:00,2026-07-21 11:30:00+02:00
1784626500,24852.91,24862.37,24850.99,24855.96,278,195,0,2026-07-21 09:35:00+00:00,2026-07-21 11:35:00+02:00
1784626800,24855.46,24865.42,24846.01,24851.48,176,195,0,2026-07-21 09:40:00+00:00,2026-07-21 11:40:00+02:00
1784627100,24851.98,24853.97,24831.58,24839.52,161,195,0,2026-07-21 09:45:00+00:00,2026-07-21 11:45:00+02:00
1784627400,24839.02,24849.52,24838.52,24844.54,207,195,0,2026-07-21 09:50:00+00:00,2026-07-21 11:50:00+02:00
1784627700,24843.05,24869.41,24840.06,24865.92,223,195,0,2026-07-21 09:55:00+00:00,2026-07-21 11:55:00+02:00
1784628000,24864.93,24934.15,24853.97,24894.31,859,195,0,2026-07-21 10:00:00+00:00,2026-07-21 12:00:00+02:00
1784628300,24895.81,24921.09,24887.42,24888.93,672,195,0,2026-07-21 10:05:00+00:00,2026-07-21 12:05:00+02:00
1784628600,24887.93,24894.89,24860.75,24876.4,662,195,0,2026-07-21 10:10:00+00:00,2026-07-21 12:10:00+02:00
1784628900,24875.41,24900.18,24864.16,24900.18,624,195,0,2026-07-21 10:15:00+00:00,2026-07-21 12:15:00+02:00
1784629200,24899.19,24905.8,24876.17,24886.62,582,195,0,2026-07-21 10:20:00+00:00,2026-07-21 12:20:00+02:00
1784629500,24886.12,24893.57,24842.3,24855.17,551,195,0,2026-07-21 10:25:00+00:00,2026-07-21 12:25:00+02:00
1784629800,24856.17,24866.41,24821.05,24865.88,585,195,0,2026-07-21 10:30:00+00:00,2026-07-21 12:30:00+02:00
1784630100,24865.38,24880.74,24855.05,24880.25,528,195,0,2026-07-21 10:35:00+00:00,2026-07-21 12:35:00+02:00
1784630400,24879.25,24887.1,24857.49,24858.06,499,195,0,2026-07-21 10:40:00+00:00,2026-07-21 12:40:00+02:00
1784630700,24857.56,24862.44,24840.86,24860.53,513,195,0,2026-07-21 10:45:00+00:00,2026-07-21 12:45:00+02:00
1784631000,24861.03,24878.92,24852.14,24870.95,467,195,0,2026-07-21 10:50:00+00:00,2026-07-21 12:50:00+02:00
1784631300,24871.45,24877.09,24862.09,24873.11,501,195,0,2026-07-21 10:55:00+00:00,2026-07-21 12:55:00+02:00
1784631600,24874.11,24874.61,24849.22,24856.14,647,195,0,2026-07-21 11:00:00+00:00,2026-07-21 13:00:00+02:00
1784631900,24857.13,24862.22,24845.8,24855.11,563,195,0,2026-07-21 11:05:00+00:00,2026-07-21 13:05:00+02:00
1784632200,24854.61,24867.48,24836.37,24865.47,451,195,0,2026-07-21 11:10:00+00:00,2026-07-21 13:10:00+02:00
1784632500,24865.97,24880.37,24852.0,24879.35,421,195,0,2026-07-21 11:15:00+00:00,2026-07-21 13:15:00+02:00
1784632800,24878.85,24886.41,24872.09,24872.1,442,195,0,2026-07-21 11:20:00+00:00,2026-07-21 13:20:00+02:00
1784633100,24872.11,24881.06,24850.36,24859.35,413,195,0,2026-07-21 11:25:00+00:00,2026-07-21 13:25:00+02:00
1784633400,24860.84,24871.11,24852.4,24862.98,435,195,0,2026-07-21 11:30:00+00:00,2026-07-21 13:30:00+02:00
1784633700,24863.48,24880.2,24858.41,24875.21,375,195,0,2026-07-21 11:35:00+00:00,2026-07-21 13:35:00+02:00
1784634000,24874.21,24905.26,24870.29,24904.59,321,195,0,2026-07-21 11:40:00+00:00,2026-07-21 13:40:00+02:00
1784634300,24904.09,24904.59,24875.07,24889.79,375,195,0,2026-07-21 11:45:00+00:00,2026-07-21 13:45:00+02:00
1784634600,24890.79,24901.67,24880.89,24895.8,351,195,0,2026-07-21 11:50:00+00:00,2026-07-21 13:50:00+02:00
1784634900,24896.3,24897.29,24878.84,24882.72,283,195,0,2026-07-21 11:55:00+00:00,2026-07-21 13:55:00+02:00
1784635200,24883.72,24907.6,24879.23,24905.04,357,195,0,2026-07-21 12:00:00+00:00,2026-07-21 14:00:00+02:00
1784635500,24906.53,24931.08,24904.04,24924.27,342,195,0,2026-07-21 12:05:00+00:00,2026-07-21 14:05:00+02:00
1784635800,24923.77,24931.36,24920.04,24926.06,399,195,0,2026-07-21 12:10:00+00:00,2026-07-21 14:10:00+02:00
1784636100,24926.56,24952.57,24926.56,24943.96,335,195,0,2026-07-21 12:15:00+00:00,2026-07-21 14:15:00+02:00
1784636400,24944.95,24949.97,24935.24,24937.2,321,195,0,2026-07-21 12:20:00+00:00,2026-07-21 14:20:00+02:00
1784636700,24937.7,24938.2,24909.98,24914.7,431,195,0,2026-07-21 12:25:00+00:00,2026-07-21 14:25:00+02:00
1784637000,24914.2,24950.86,24911.22,24944.34,366,195,0,2026-07-21 12:30:00+00:00,2026-07-21 14:30:00+02:00
1784637300,24943.85,24946.36,24928.52,24933.63,347,195,0,2026-07-21 12:35:00+00:00,2026-07-21 14:35:00+02:00
1784637600,24933.64,24936.66,24913.11,24931.1,355,195,0,2026-07-21 12:40:00+00:00,2026-07-21 14:40:00+02:00
1784637900,24930.6,24956.61,24928.61,24951.24,345,195,0,2026-07-21 12:45:00+00:00,2026-07-21 14:45:00+02:00
1784638200,24951.74,24951.74,24933.83,24947.35,397,195,0,2026-07-21 12:50:00+00:00,2026-07-21 14:50:00+02:00
1784638500,24946.85,24949.37,24921.65,24930.25,368,195,0,2026-07-21 12:55:00+00:00,2026-07-21 14:55:00+02:00
1784638800,24930.75,24959.83,24930.25,24946.31,459,195,0,2026-07-21 13:00:00+00:00,2026-07-21 15:00:00+02:00
1784639100,24946.81,24956.58,24936.29,24953.56,372,195,0,2026-07-21 13:05:00+00:00,2026-07-21 15:05:00+02:00
1784639400,24953.06,24990.46,24947.16,24951.66,660,195,0,2026-07-21 13:10:00+00:00,2026-07-21 15:10:00+02:00
1784639700,24952.15,24968.49,24942.96,24963.0,383,195,0,2026-07-21 13:15:00+00:00,2026-07-21 15:15:00+02:00
1784640000,24962.5,24971.57,24958.04,24963.16,338,195,0,2026-07-21 13:20:00+00:00,2026-07-21 15:20:00+02:00
1784640300,24963.66,24967.13,24953.51,24955.54,350,195,0,2026-07-21 13:25:00+00:00,2026-07-21 15:25:00+02:00
1784640600,24955.04,24972.17,24954.25,24968.68,306,195,0,2026-07-21 13:30:00+00:00,2026-07-21 15:30:00+02:00
1784640900,24969.18,24979.63,24959.43,24961.44,310,195,0,2026-07-21 13:35:00+00:00,2026-07-21 15:35:00+02:00
1784641200,24961.45,24966.99,24946.64,24960.92,321,195,0,2026-07-21 13:40:00+00:00,2026-07-21 15:40:00+02:00
1784641500,24961.42,24963.87,24948.48,24950.97,369,195,0,2026-07-21 13:45:00+00:00,2026-07-21 15:45:00+02:00
1784641800,24950.47,24957.36,24936.1,24944.97,384,195,0,2026-07-21 13:50:00+00:00,2026-07-21 15:50:00+02:00
1784642100,24945.47,24949.49,24931.25,24934.17,329,195,0,2026-07-21 13:55:00+00:00,2026-07-21 15:55:00+02:00
1784642400,24936.66,24939.15,24905.79,24907.28,352,195,0,2026-07-21 14:00:00+00:00,2026-07-21 16:00:00+02:00
1784642700,24907.78,24913.76,24898.89,24906.25,311,195,0,2026-07-21 14:05:00+00:00,2026-07-21 16:05:00+02:00
1784643000,24905.75,24906.75,24880.06,24888.26,386,195,0,2026-07-21 14:10:00+00:00,2026-07-21 16:10:00+02:00
1784643300,24889.76,24895.24,24870.62,24873.61,374,195,0,2026-07-21 14:15:00+00:00,2026-07-21 16:15:00+02:00
1784643600,24874.11,24878.09,24864.58,24873.22,347,195,0,2026-07-21 14:20:00+00:00,2026-07-21 16:20:00+02:00
1784643900,24873.72,24888.29,24866.26,24888.29,320,195,0,2026-07-21 14:25:00+00:00,2026-07-21 16:25:00+02:00
1784644200,24887.3,24905.67,24880.11,24886.44,344,195,0,2026-07-21 14:30:00+00:00,2026-07-21 16:30:00+02:00
1784644500,24885.94,24912.57,24885.94,24906.05,302,195,0,2026-07-21 14:35:00+00:00,2026-07-21 16:35:00+02:00
1784644800,24906.55,24908.05,24884.67,24892.56,315,195,0,2026-07-21 14:40:00+00:00,2026-07-21 16:40:00+02:00
1784645100,24892.07,24902.97,24890.05,24898.46,281,195,0,2026-07-21 14:45:00+00:00,2026-07-21 16:45:00+02:00
1784645400,24898.96,24901.45,24882.53,24890.98,307,195,0,2026-07-21 14:50:00+00:00,2026-07-21 16:50:00+02:00
1784645700,24891.48,24897.18,24884.04,24897.18,304,195,0,2026-07-21 14:55:00+00:00,2026-07-21 16:55:00+02:00
1784646000,24898.18,24909.05,24896.4,24897.43,386,195,0,2026-07-21 15:00:00+00:00,2026-07-21 17:00:00+02:00
1784646300,24897.44,24907.87,24893.53,24898.36,358,195,0,2026-07-21 15:05:00+00:00,2026-07-21 17:05:00+02:00
1784646600,24897.86,24908.35,24892.01,24902.35,335,195,0,2026-07-21 15:10:00+00:00,2026-07-21 17:10:00+02:00
1784646900,24901.85,24907.32,24868.06,24878.85,499,195,0,2026-07-21 15:15:00+00:00,2026-07-21 17:15:00+02:00
1784647200,24878.35,24883.73,24868.88,24879.3,441,195,0,2026-07-21 15:20:00+00:00,2026-07-21 17:20:00+02:00
1784647500,24880.79,24880.79,24842.98,24845.47,368,195,0,2026-07-21 15:25:00+00:00,2026-07-21 17:25:00+02:00
1784647800,24843.98,24882.2,24840.99,24880.21,408,195,0,2026-07-21 15:30:00+00:00,2026-07-21 17:30:00+02:00
1784648100,24878.72,24883.66,24865.9,24873.85,363,195,0,2026-07-21 15:35:00+00:00,2026-07-21 17:35:00+02:00
1784648400,24872.85,24872.85,24827.94,24854.07,470,195,0,2026-07-21 15:40:00+00:00,2026-07-21 17:40:00+02:00
1784648700,24854.57,24878.8,24849.57,24875.28,426,195,0,2026-07-21 15:45:00+00:00,2026-07-21 17:45:00+02:00
1784649000,24874.28,24897.32,24872.79,24893.81,399,195,0,2026-07-21 15:50:00+00:00,2026-07-21 17:50:00+02:00
1784649300,24894.8,24904.3,24889.7,24896.91,353,195,0,2026-07-21 15:55:00+00:00,2026-07-21 17:55:00+02:00
1784649600,24897.41,24898.4,24869.83,24879.56,424,195,0,2026-07-21 16:00:00+00:00,2026-07-21 18:00:00+02:00
1784649900,24879.06,24882.66,24865.74,24867.73,436,195,0,2026-07-21 16:05:00+00:00,2026-07-21 18:05:00+02:00
1784650200,24868.22,24881.18,24865.96,24872.36,328,195,0,2026-07-21 16:10:00+00:00,2026-07-21 18:10:00+02:00
1784650500,24871.36,24881.0,24867.02,24878.13,369,195,0,2026-07-21 16:15:00+00:00,2026-07-21 18:15:00+02:00
1784650800,24877.64,24885.18,24867.02,24871.91,333,195,0,2026-07-21 16:20:00+00:00,2026-07-21 18:20:00+02:00
1784651100,24872.41,24877.74,24848.01,24864.86,449,195,0,2026-07-21 16:25:00+00:00,2026-07-21 18:25:00+02:00
1784651400,24865.36,24894.27,24863.87,24888.36,712,195,0,2026-07-21 16:30:00+00:00,2026-07-21 18:30:00+02:00
1784651700,24888.85,24905.9,24842.67,24843.18,645,195,0,2026-07-21 16:35:00+00:00,2026-07-21 18:35:00+02:00
1784652000,24842.68,24851.09,24815.16,24824.7,785,195,0,2026-07-21 16:40:00+00:00,2026-07-21 18:40:00+02:00
1784652300,24824.2,24848.94,24816.74,24842.37,698,195,0,2026-07-21 16:45:00+00:00,2026-07-21 18:45:00+02:00
1784652600,24842.87,24850.82,24817.58,24839.77,690,195,0,2026-07-21 16:50:00+00:00,2026-07-21 18:50:00+02:00
1784652900,24840.27,24847.75,24821.99,24830.48,602,195,0,2026-07-21 16:55:00+00:00,2026-07-21 18:55:00+02:00
1784653200,24830.97,24876.7,24829.48,24872.23,715,195,0,2026-07-21 17:00:00+00:00,2026-07-21 19:00:00+02:00
1784653500,24871.73,24884.92,24867.8,24881.94,625,195,0,2026-07-21 17:05:00+00:00,2026-07-21 19:05:00+02:00
1784653800,24881.44,24901.69,24880.66,24895.78,557,195,0,2026-07-21 17:10:00+00:00,2026-07-21 19:10:00+02:00
1784654100,24896.28,24907.63,24884.38,24900.8,599,195,0,2026-07-21 17:15:00+00:00,2026-07-21 19:15:00+02:00
1784654400,24901.31,24924.38,24901.31,24920.92,536,195,0,2026-07-21 17:20:00+00:00,2026-07-21 19:20:00+02:00
1784654700,24920.42,24935.85,24919.93,24923.68,504,195,0,2026-07-21 17:25:00+00:00,2026-07-21 19:25:00+02:00
1784655000,24923.18,24943.94,24923.18,24933.11,467,195,0,2026-07-21 17:30:00+00:00,2026-07-21 19:30:00+02:00
1784655300,24933.61,24941.51,24922.84,24928.39,411,195,0,2026-07-21 17:35:00+00:00,2026-07-21 19:35:00+02:00
1784655600,24927.89,24952.28,24927.39,24944.78,478,195,0,2026-07-21 17:40:00+00:00,2026-07-21 19:40:00+02:00
1784655900,24944.79,24967.94,24942.3,24960.45,536,195,0,2026-07-21 17:45:00+00:00,2026-07-21 19:45:00+02:00
1784656200,24960.95,24971.72,24955.93,24967.43,467,195,0,2026-07-21 17:50:00+00:00,2026-07-21 19:50:00+02:00
1784656500,24967.92,24971.35,24955.7,24962.25,423,195,0,2026-07-21 17:55:00+00:00,2026-07-21 19:55:00+02:00
1784656800,24961.75,24967.76,24943.02,24960.84,456,195,0,2026-07-21 18:00:00+00:00,2026-07-21 20:00:00+02:00
1784657100,24961.34,24977.99,24958.33,24971.49,380,195,0,2026-07-21 18:05:00+00:00,2026-07-21 20:05:00+02:00
1784657400,24970.99,24977.36,24966.46,24967.44,334,195,0,2026-07-21 18:10:00+00:00,2026-07-21 20:10:00+02:00
1784657700,24967.94,24978.27,24966.79,24970.28,373,195,0,2026-07-21 18:15:00+00:00,2026-07-21 20:15:00+02:00
1784658000,24969.78,25006.05,24968.79,24989.78,461,195,0,2026-07-21 18:20:00+00:00,2026-07-21 20:20:00+02:00
1784658300,24989.28,24996.5,24987.02,24989.62,290,195,0,2026-07-21 18:25:00+00:00,2026-07-21 20:25:00+02:00
1784658600,24990.12,25004.57,24986.13,25000.08,496,195,0,2026-07-21 18:30:00+00:00,2026-07-21 20:30:00+02:00
1784658900,25000.58,25021.04,25000.58,25005.57,291,195,0,2026-07-21 18:35:00+00:00,2026-07-21 20:35:00+02:00
1784659200,25006.07,25036.95,25005.57,25022.51,258,195,0,2026-07-21 18:40:00+00:00,2026-07-21 20:40:00+02:00
1784659500,25023.5,25038.45,25015.04,25033.43,270,195,0,2026-07-21 18:45:00+00:00,2026-07-21 20:45:00+02:00
1784659800,25032.93,25040.45,25025.5,25038.95,270,195,0,2026-07-21 18:50:00+00:00,2026-07-21 20:50:00+02:00
1784660100,25039.95,25040.95,25029.0,25032.98,196,195,0,2026-07-21 18:55:00+00:00,2026-07-21 20:55:00+02:00
1784660400,25032.48,25046.44,25031.99,25046.44,277,195,0,2026-07-21 19:00:00+00:00,2026-07-21 21:00:00+02:00
1784660700,25047.43,25050.42,25041.96,25044.95,218,195,0,2026-07-21 19:05:00+00:00,2026-07-21 21:05:00+02:00
1784661000,25045.45,25051.42,25043.45,25046.45,221,195,0,2026-07-21 19:10:00+00:00,2026-07-21 21:10:00+02:00
1784661300,25045.95,25048.94,25038.98,25047.95,182,195,0,2026-07-21 19:15:00+00:00,2026-07-21 21:15:00+02:00
1784661600,25048.45,25054.39,25043.92,25048.45,142,195,0,2026-07-21 19:20:00+00:00,2026-07-21 21:20:00+02:00
1784661900,25047.95,25050.95,25042.44,25047.96,198,195,0,2026-07-21 19:25:00+00:00,2026-07-21 21:25:00+02:00
1784662200,25048.46,25049.45,25038.5,25043.98,189,195,0,2026-07-21 19:30:00+00:00,2026-07-21 21:30:00+02:00
1784662500,25043.48,25048.96,25039.01,25040.5,183,195,0,2026-07-21 19:35:00+00:00,2026-07-21 21:35:00+02:00
1784662800,25041.0,25046.48,25040.01,25043.99,170,195,0,2026-07-21 19:40:00+00:00,2026-07-21 21:40:00+02:00
1784663100,25043.49,25045.99,25039.51,25042.5,155,195,0,2026-07-21 19:45:00+00:00,2026-07-21 21:45:00+02:00
1784663400,25042.01,25052.97,25042.01,25052.97,151,195,0,2026-07-21 19:50:00+00:00,2026-07-21 21:50:00+02:00
1784663700,25053.47,25059.94,25042.02,25043.51,151,195,0,2026-07-21 19:55:00+00:00,2026-07-21 21:55:00+02:00
1784664000,25043.01,25047.99,25038.53,25040.03,161,195,0,2026-07-21 20:00:00+00:00,2026-07-21 22:00:00+02:00
1784664300,25039.53,25051.49,25039.53,25049.0,154,195,0,2026-07-21 20:05:00+00:00,2026-07-21 22:05:00+02:00
1784664600,25049.5,25050.0,25042.03,25044.52,183,195,0,2026-07-21 20:10:00+00:00,2026-07-21 22:10:00+02:00
1784664900,25044.03,25046.52,25038.55,25041.04,144,195,0,2026-07-21 20:15:00+00:00,2026-07-21 22:15:00+02:00
1784665200,25041.54,25044.53,25031.59,25036.57,140,195,0,2026-07-21 20:20:00+00:00,2026-07-21 22:20:00+02:00
1784665500,25037.07,25038.06,25033.09,25034.58,149,195,0,2026-07-21 20:25:00+00:00,2026-07-21 22:25:00+02:00
1784665800,25035.08,25049.03,25035.08,25037.08,133,195,0,2026-07-21 20:30:00+00:00,2026-07-21 22:30:00+02:00
1784666100,25037.58,25045.05,25036.58,25043.06,166,195,0,2026-07-21 20:35:00+00:00,2026-07-21 22:35:00+02:00
1784666400,25042.56,25044.56,25040.57,25043.07,138,195,0,2026-07-21 20:40:00+00:00,2026-07-21 22:40:00+02:00
1784666700,25044.06,25046.06,25041.08,25044.57,164,195,0,2026-07-21 20:45:00+00:00,2026-07-21 22:45:00+02:00
1784667000,25044.07,25046.56,25040.59,25041.09,124,195,0,2026-07-21 20:50:00+00:00,2026-07-21 22:50:00+02:00
1784667300,25040.59,25041.09,25034.61,25038.1,87,195,0,2026-07-21 20:55:00+00:00,2026-07-21 22:55:00+02:00
1784667600,25037.11,25047.07,25036.61,25042.59,196,195,0,2026-07-21 21:00:00+00:00,2026-07-21 23:00:00+02:00
1784667900,25043.09,25047.58,25040.6,25043.59,162,195,0,2026-07-21 21:05:00+00:00,2026-07-21 23:05:00+02:00
1784668200,25044.09,25048.08,25041.11,25041.11,112,195,0,2026-07-21 21:10:00+00:00,2026-07-21 23:10:00+02:00
1784668500,25040.61,25043.6,25038.62,25040.62,157,195,0,2026-07-21 21:15:00+00:00,2026-07-21 23:15:00+02:00
1784668800,25040.12,25051.08,25040.12,25049.09,139,195,0,2026-07-21 21:20:00+00:00,2026-07-21 23:20:00+02:00
1784669100,25048.59,25051.59,25046.1,25051.59,135,195,0,2026-07-21 21:25:00+00:00,2026-07-21 23:25:00+02:00
1784669400,25051.09,25053.58,25045.11,25048.1,145,195,0,2026-07-21 21:30:00+00:00,2026-07-21 23:30:00+02:00
1784669700,25048.11,25056.08,25048.11,25053.09,132,195,0,2026-07-21 21:35:00+00:00,2026-07-21 23:35:00+02:00
1784670000,25053.59,25059.57,25050.6,25057.58,121,195,0,2026-07-21 21:40:00+00:00,2026-07-21 23:40:00+02:00
1784670300,25057.08,25060.07,25053.1,25054.1,145,195,0,2026-07-21 21:45:00+00:00,2026-07-21 23:45:00+02:00
1784670600,25054.6,25056.09,25050.62,25053.61,90,195,0,2026-07-21 21:50:00+00:00,2026-07-21 23:50:00+02:00
1784670900,25054.1,25059.09,25053.61,25054.61,133,195,0,2026-07-21 21:55:00+00:00,2026-07-21 23:55:00+02:00
1784671200,25055.6,25056.61,25047.64,25054.61,165,195,0,2026-07-21 22:00:00+00:00,2026-07-22 00:00:00+02:00
1784671500,25054.12,25057.11,25043.66,25043.66,141,195,0,2026-07-21 22:05:00+00:00,2026-07-22 00:05:00+02:00
1784671800,25044.66,25054.13,25043.66,25053.13,123,195,0,2026-07-21 22:10:00+00:00,2026-07-22 00:10:00+02:00
1784672100,25052.63,25058.11,25051.14,25052.14,160,195,0,2026-07-21 22:15:00+00:00,2026-07-22 00:15:00+02:00
1784672400,25052.64,25056.13,25051.15,25054.14,133,195,0,2026-07-21 22:20:00+00:00,2026-07-22 00:20:00+02:00
1784672700,25053.64,25057.63,25051.15,25056.14,147,195,0,2026-07-21 22:25:00+00:00,2026-07-22 00:25:00+02:00
1784673000,25055.14,25056.64,25048.17,25054.65,140,195,0,2026-07-21 22:30:00+00:00,2026-07-22 00:30:00+02:00
1784673300,25054.15,25062.62,25053.16,25054.66,170,195,0,2026-07-21 22:35:00+00:00,2026-07-22 00:35:00+02:00
1784673600,25055.15,25056.65,25045.69,25056.16,170,195,0,2026-07-21 22:40:00+00:00,2026-07-22 00:40:00+02:00
1784673900,25055.66,25055.66,25045.2,25053.67,130,195,0,2026-07-21 22:45:00+00:00,2026-07-22 00:45:00+02:00
1784674200,25053.17,25075.59,25050.18,25067.62,163,195,0,2026-07-21 22:50:00+00:00,2026-07-22 00:50:00+02:00
1784674500,25068.12,25075.6,25065.14,25069.62,242,195,0,2026-07-21 22:55:00+00:00,2026-07-22 00:55:00+02:00
1784674800,25068.79,25068.79,25057.75,25058.62,152,360,0,2026-07-21 23:00:00+00:00,2026-07-22 01:00:00+02:00
1784675100,25058.91,25064.73,25057.75,25063.57,82,360,0,2026-07-21 23:05:00+00:00,2026-07-22 01:05:00+02:00
1784675400,25062.99,25065.32,25060.08,25064.74,72,360,0,2026-07-21 23:10:00+00:00,2026-07-22 01:10:00+02:00
1784675700,25063.57,25063.57,25057.76,25057.77,58,360,0,2026-07-21 23:15:00+00:00,2026-07-22 01:15:00+02:00
1784676000,25058.06,25059.52,25056.6,25059.52,31,360,0,2026-07-21 23:20:00+00:00,2026-07-22 01:20:00+02:00
1784676300,25060.1,25060.1,25056.61,25057.78,32,360,0,2026-07-21 23:25:00+00:00,2026-07-22 01:25:00+02:00
1784676600,25058.36,25060.69,25058.36,25060.69,28,360,0,2026-07-21 23:30:00+00:00,2026-07-22 01:30:00+02:00
1784676900,25060.11,25063.02,25059.53,25061.28,24,360,0,2026-07-21 23:35:00+00:00,2026-07-22 01:35:00+02:00
1784677200,25060.7,25061.86,25059.54,25060.12,17,360,0,2026-07-21 23:40:00+00:00,2026-07-22 01:40:00+02:00
1784677500,25060.7,25060.71,25057.8,25057.8,30,360,0,2026-07-21 23:45:00+00:00,2026-07-22 01:45:00+02:00
1784677800,25057.51,25059.55,25057.22,25057.23,28,360,0,2026-07-21 23:50:00+00:00,2026-07-22 01:50:00+02:00
1784678100,25057.81,25061.3,25056.06,25060.72,48,360,0,2026-07-21 23:55:00+00:00,2026-07-22 01:55:00+02:00
1784682300,25062.54,25063.7,25057.89,25061.09,171,360,0,2026-07-22 01:05:00+00:00,2026-07-22 03:05:00+02:00
1784682600,25060.8,25064.88,25060.22,25064.88,88,360,0,2026-07-22 01:10:00+00:00,2026-07-22 03:10:00+02:00
1784682900,25064.3,25066.63,25064.3,25066.05,89,360,0,2026-07-22 01:15:00+00:00,2026-07-22 03:15:00+02:00
1784683200,25066.63,25067.21,25056.83,25056.83,56,360,0,2026-07-22 01:20:00+00:00,2026-07-22 03:20:00+02:00
1784683500,25057.12,25061.11,25056.25,25058.5,103,360,0,2026-07-22 01:25:00+00:00,2026-07-22 03:25:00+02:00
1784683800,25057.92,25059.08,25055.01,25057.59,96,360,0,2026-07-22 01:30:00+00:00,2026-07-22 03:30:00+02:00
1784684100,25058.17,25058.75,25055.84,25057.59,70,360,0,2026-07-22 01:35:00+00:00,2026-07-22 03:35:00+02:00
1784684400,25057.3,25058.76,25055.27,25055.27,54,360,0,2026-07-22 01:40:00+00:00,2026-07-22 03:40:00+02:00
1784684700,25054.4,25054.4,25049.46,25050.05,105,360,0,2026-07-22 01:45:00+00:00,2026-07-22 03:45:00+02:00
1784685000,25050.34,25051.71,25050.05,25051.71,63,360,0,2026-07-22 01:50:00+00:00,2026-07-22 03:50:00+02:00
1784685300,25052.3,25055.21,25050.55,25055.21,67,360,0,2026-07-22 01:55:00+00:00,2026-07-22 03:55:00+02:00
1784685600,25054.63,25055.59,25052.39,25054.72,81,360,0,2026-07-22 02:00:00+00:00,2026-07-22 04:00:00+02:00
1784685900,25054.13,25055.88,25052.97,25054.72,56,360,0,2026-07-22 02:05:00+00:00,2026-07-22 04:05:00+02:00
1784686200,25054.14,25057.92,25053.56,25057.05,61,360,0,2026-07-22 02:10:00+00:00,2026-07-22 04:10:00+02:00
1784686500,25057.63,25062.87,25053.57,25061.42,87,360,0,2026-07-22 02:15:00+00:00,2026-07-22 04:15:00+02:00
1784686800,25061.13,25061.13,25055.32,25055.9,70,360,0,2026-07-22 02:20:00+00:00,2026-07-22 04:20:00+02:00
1784687100,25056.19,25060.56,25055.61,25059.98,56,360,0,2026-07-22 02:25:00+00:00,2026-07-22 04:25:00+02:00
1784687400,25059.4,25062.31,25058.52,25059.98,82,360,0,2026-07-22 02:30:00+00:00,2026-07-22 04:30:00+02:00
1784687700,25059.4,25060.28,25055.63,25056.5,71,360,0,2026-07-22 02:35:00+00:00,2026-07-22 04:35:00+02:00
1784688000,25057.08,25057.66,25051.85,25054.18,97,360,0,2026-07-22 02:40:00+00:00,2026-07-22 04:40:00+02:00
1784688300,25053.6,25061.16,25053.02,25060.58,237,360,0,2026-07-22 02:45:00+00:00,2026-07-22 04:45:00+02:00
1784688600,25059.42,25062.33,25053.9,25055.94,222,360,0,2026-07-22 02:50:00+00:00,2026-07-22 04:50:00+02:00
1784688900,25056.23,25062.34,25055.94,25060.59,189,360,0,2026-07-22 02:55:00+00:00,2026-07-22 04:55:00+02:00
1784690100,25074.7,25076.4,25047.45,25076.4,49,195,0,2026-07-22 03:15:00+00:00,2026-07-22 05:15:00+02:00
1784690400,25077.89,25085.86,25075.41,25075.41,19,195,0,2026-07-22 03:20:00+00:00,2026-07-22 05:20:00+02:00
1784690700,25074.41,25074.91,25071.93,25071.93,16,195,0,2026-07-22 03:25:00+00:00,2026-07-22 05:25:00+02:00
1784691000,25072.43,25072.43,25070.44,25070.94,8,195,0,2026-07-22 03:30:00+00:00,2026-07-22 05:30:00+02:00
1784691300,25070.44,25073.93,25067.95,25069.38,10,195,0,2026-07-22 03:35:00+00:00,2026-07-22 05:35:00+02:00
1784691600,25082.4,25083.9,25082.4,25083.4,10,195,0,2026-07-22 03:40:00+00:00,2026-07-22 05:40:00+02:00
1784691900,25082.9,25084.89,25068.46,25074.44,80,195,0,2026-07-22 03:45:00+00:00,2026-07-22 05:45:00+02:00
1784692200,25074.44,25077.93,25072.45,25073.45,30,195,0,2026-07-22 03:50:00+00:00,2026-07-22 05:50:00+02:00
1784692500,25072.45,25087.4,25070.46,25086.9,78,195,0,2026-07-22 03:55:00+00:00,2026-07-22 05:55:00+02:00
1784692800,25086.41,25090.39,25074.46,25078.94,187,195,0,2026-07-22 04:00:00+00:00,2026-07-22 06:00:00+02:00
1784693100,25077.95,25081.43,25073.97,25074.96,49,195,0,2026-07-22 04:05:00+00:00,2026-07-22 06:05:00+02:00
1784693400,25075.96,25078.95,25070.98,25074.97,54,195,0,2026-07-22 04:10:00+00:00,2026-07-22 06:10:00+02:00
1784693700,25075.47,25085.43,25074.97,25079.95,84,195,0,2026-07-22 04:15:00+00:00,2026-07-22 06:15:00+02:00
1784694000,25080.95,25082.45,25071.99,25071.99,71,195,0,2026-07-22 04:20:00+00:00,2026-07-22 06:20:00+02:00
1784694300,25072.99,25087.93,25072.49,25075.98,72,195,0,2026-07-22 04:25:00+00:00,2026-07-22 06:25:00+02:00
1784694600,25078.97,25078.97,25065.53,25072.5,122,195,0,2026-07-22 04:30:00+00:00,2026-07-22 06:30:00+02:00
1784694900,25073.5,25079.48,25070.01,25074.0,70,195,0,2026-07-22 04:35:00+00:00,2026-07-22 06:35:00+02:00
1784695200,25074.5,25076.99,25067.03,25075.5,91,195,0,2026-07-22 04:40:00+00:00,2026-07-22 06:40:00+02:00
1784695500,25075.0,25086.96,25073.51,25085.97,97,195,0,2026-07-22 04:45:00+00:00,2026-07-22 06:45:00+02:00
1784695800,25086.96,25102.41,25081.48,25092.45,64,195,0,2026-07-22 04:50:00+00:00,2026-07-22 06:50:00+02:00
1784696100,25091.95,25095.44,25088.96,25089.96,45,195,0,2026-07-22 04:55:00+00:00,2026-07-22 06:55:00+02:00
1784696400,25089.46,25089.46,25074.52,25078.51,110,195,0,2026-07-22 05:00:00+00:00,2026-07-22 07:00:00+02:00
1784696700,25079.01,25079.51,25070.05,25071.05,90,195,0,2026-07-22 05:05:00+00:00,2026-07-22 07:05:00+02:00
1784697000,25070.55,25080.02,25070.05,25078.52,104,195,0,2026-07-22 05:10:00+00:00,2026-07-22 07:10:00+02:00
1784697300,25078.53,25083.01,25075.54,25078.03,87,195,0,2026-07-22 05:15:00+00:00,2026-07-22 07:15:00+02:00
1784697600,25078.53,25081.02,25075.05,25079.03,92,195,0,2026-07-22 05:20:00+00:00,2026-07-22 07:20:00+02:00
1784697900,25080.03,25087.51,25073.06,25083.52,102,195,0,2026-07-22 05:25:00+00:00,2026-07-22 07:25:00+02:00
1784698200,25084.02,25084.52,25073.56,25075.06,113,195,0,2026-07-22 05:30:00+00:00,2026-07-22 07:30:00+02:00
1784698500,25074.56,25077.55,25064.61,25067.1,96,195,0,2026-07-22 05:35:00+00:00,2026-07-22 07:35:00+02:00
1784698800,25065.61,25075.57,25065.61,25071.59,51,195,0,2026-07-22 05:40:00+00:00,2026-07-22 07:40:00+02:00
1784699100,25072.09,25078.07,25068.6,25075.58,55,195,0,2026-07-22 05:45:00+00:00,2026-07-22 07:45:00+02:00
1784699400,25075.08,25075.08,25071.1,25073.59,48,195,0,2026-07-22 05:50:00+00:00,2026-07-22 07:50:00+02:00
1784699700,25074.09,25074.09,25067.12,25070.61,67,195,0,2026-07-22 05:55:00+00:00,2026-07-22 07:55:00+02:00
1784700000,25070.61,25074.1,25067.12,25072.61,63,195,0,2026-07-22 06:00:00+00:00,2026-07-22 08:00:00+02:00
1784700300,25072.11,25075.6,25060.16,25060.66,86,195,0,2026-07-22 06:05:00+00:00,2026-07-22 08:05:00+02:00
1784700600,25061.16,25062.16,25049.71,25050.7,42,195,0,2026-07-22 06:10:00+00:00,2026-07-22 08:10:00+02:00
1784700900,25052.7,25065.15,25051.7,25062.17,88,195,0,2026-07-22 06:15:00+00:00,2026-07-22 08:15:00+02:00
1784701200,25062.66,25070.64,25061.67,25070.64,28,195,0,2026-07-22 06:20:00+00:00,2026-07-22 08:20:00+02:00
1784701500,25071.63,25087.08,25071.63,25079.61,68,195,0,2026-07-22 06:25:00+00:00,2026-07-22 08:25:00+02:00
1784701800,25079.11,25086.08,25063.68,25065.67,107,195,0,2026-07-22 06:30:00+00:00,2026-07-22 08:30:00+02:00
1784702100,25067.66,25067.66,25055.21,25056.71,88,195,0,2026-07-22 06:35:00+00:00,2026-07-22 08:35:00+02:00
1784702400,25057.71,25061.19,25051.24,25055.72,84,195,0,2026-07-22 06:40:00+00:00,2026-07-22 08:40:00+02:00
1784702700,25055.72,25068.67,25055.72,25064.69,71,195,0,2026-07-22 06:45:00+00:00,2026-07-22 08:45:00+02:00
1784703000,25063.2,25063.2,25047.26,25048.76,53,195,0,2026-07-22 06:50:00+00:00,2026-07-22 08:50:00+02:00
1784703300,25049.26,25055.74,25042.78,25054.74,77,195,0,2026-07-22 06:55:00+00:00,2026-07-22 08:55:00+02:00
1784703600,25054.24,25059.73,25050.76,25059.23,77,195,0,2026-07-22 07:00:00+00:00,2026-07-22 09:00:00+02:00
1784703900,25060.72,25065.71,25056.74,25063.72,61,195,0,2026-07-22 07:05:00+00:00,2026-07-22 09:05:00+02:00
1784704200,25062.72,25062.72,25054.26,25056.25,48,195,0,2026-07-22 07:10:00+00:00,2026-07-22 09:10:00+02:00
1784704500,25056.75,25062.23,25056.26,25060.24,45,195,0,2026-07-22 07:15:00+00:00,2026-07-22 09:15:00+02:00
1784704800,25059.25,25062.24,25056.26,25057.26,34,195,0,2026-07-22 07:20:00+00:00,2026-07-22 09:20:00+02:00
1784705100,25056.26,25058.26,25053.78,25056.77,32,195,0,2026-07-22 07:25:00+00:00,2026-07-22 09:25:00+02:00
1784705400,25056.27,25066.24,25049.3,25059.76,51,195,0,2026-07-22 07:30:00+00:00,2026-07-22 09:30:00+02:00
1784705700,25059.26,25069.23,25058.77,25069.23,58,195,0,2026-07-22 07:35:00+00:00,2026-07-22 09:35:00+02:00
1784706000,25067.74,25077.7,25064.75,25075.71,59,195,0,2026-07-22 07:40:00+00:00,2026-07-22 09:40:00+02:00
1784706300,25073.72,25074.22,25053.31,25055.8,62,195,0,2026-07-22 07:45:00+00:00,2026-07-22 09:45:00+02:00
1784706600,25055.3,25060.28,25053.81,25055.3,34,195,0,2026-07-22 07:50:00+00:00,2026-07-22 09:50:00+02:00
1784706900,25054.81,25064.77,25052.82,25064.77,59,195,0,2026-07-22 07:55:00+00:00,2026-07-22 09:55:00+02:00
1784707200,25065.77,25065.77,25048.34,25048.34,94,195,0,2026-07-22 08:00:00+00:00,2026-07-22 10:00:00+02:00
1784707500,25048.84,25057.81,25045.36,25057.31,70,195,0,2026-07-22 08:05:00+00:00,2026-07-22 10:05:00+02:00
1784707800,25056.32,25061.3,25048.35,25052.34,79,195,0,2026-07-22 08:10:00+00:00,2026-07-22 10:10:00+02:00
1784708100,25053.34,25062.31,25048.85,25057.82,117,195,0,2026-07-22 08:15:00+00:00,2026-07-22 10:15:00+02:00
1784708400,25055.83,25058.32,25050.86,25052.35,88,195,0,2026-07-22 08:20:00+00:00,2026-07-22 10:20:00+02:00
1784708700,25052.85,25059.33,25049.37,25053.85,144,195,0,2026-07-22 08:25:00+00:00,2026-07-22 10:25:00+02:00
1784709000,25054.35,25056.35,25046.38,25055.35,148,195,0,2026-07-22 08:30:00+00:00,2026-07-22 10:30:00+02:00
1784709300,25055.35,25055.35,25042.9,25052.37,90,195,0,2026-07-22 08:35:00+00:00,2026-07-22 10:35:00+02:00
1784709600,25053.36,25053.36,25042.91,25046.4,74,195,0,2026-07-22 08:40:00+00:00,2026-07-22 10:40:00+02:00
1784709900,25046.4,25057.36,25041.42,25049.89,79,195,0,2026-07-22 08:45:00+00:00,2026-07-22 10:45:00+02:00
1784710200,25049.39,25060.35,25045.41,25045.41,124,195,0,2026-07-22 08:50:00+00:00,2026-07-22 10:50:00+02:00
1784710500,25046.91,25050.9,25044.42,25050.9,73,195,0,2026-07-22 08:55:00+00:00,2026-07-22 10:55:00+02:00
1784710800,25048.41,25069.77,25039.44,25063.85,157,195,0,2026-07-22 09:00:00+00:00,2026-07-22 11:00:00+02:00
1784711100,25064.35,25067.33,25043.88,25047.92,188,195,0,2026-07-22 09:05:00+00:00,2026-07-22 11:05:00+02:00
1784711400,25046.92,25063.86,25046.42,25061.37,160,195,0,2026-07-22 09:10:00+00:00,2026-07-22 11:10:00+02:00
1784711700,25061.87,25061.87,25028.01,25032.49,231,195,0,2026-07-22 09:15:00+00:00,2026-07-22 11:15:00+02:00
1784712000,25032.99,25033.49,25009.03,25015.06,267,195,0,2026-07-22 09:20:00+00:00,2026-07-22 11:20:00+02:00
1784712300,25014.07,25016.56,25002.61,25011.08,274,195,0,2026-07-22 09:25:00+00:00,2026-07-22 11:25:00+02:00
1784712600,25010.09,25011.58,24993.52,25001.55,216,195,0,2026-07-22 09:30:00+00:00,2026-07-22 11:30:00+02:00
1784712900,25002.05,25015.0,24998.06,25001.95,187,195,0,2026-07-22 09:35:00+00:00,2026-07-22 11:35:00+02:00
1784713200,25001.45,25003.45,24990.06,24996.66,134,195,0,2026-07-22 09:40:00+00:00,2026-07-22 11:40:00+02:00
1784713500,24996.16,24996.16,24953.27,24956.82,308,195,0,2026-07-22 09:45:00+00:00,2026-07-22 11:45:00+02:00
1784713800,24956.32,24978.73,24952.84,24971.31,193,195,0,2026-07-22 09:50:00+00:00,2026-07-22 11:50:00+02:00
1784714100,24970.81,24974.3,24958.41,24966.38,258,195,0,2026-07-22 09:55:00+00:00,2026-07-22 11:55:00+02:00
1784714400,24969.37,25037.1,24969.37,25019.13,861,195,0,2026-07-22 10:00:00+00:00,2026-07-22 12:00:00+02:00
1784714700,25018.14,25023.62,24983.12,24984.61,692,195,0,2026-07-22 10:05:00+00:00,2026-07-22 12:05:00+02:00
1784715000,24985.11,25002.63,24978.16,25002.63,671,195,0,2026-07-22 10:10:00+00:00,2026-07-22 12:10:00+02:00
1784715300,25002.13,25028.56,24996.68,25016.63,580,195,0,2026-07-22 10:15:00+00:00,2026-07-22 12:15:00+02:00
1784715600,25016.13,25037.81,25008.65,25035.3,557,195,0,2026-07-22 10:20:00+00:00,2026-07-22 12:20:00+02:00
1784715900,25034.8,25084.91,25021.78,25066.37,498,195,0,2026-07-22 10:25:00+00:00,2026-07-22 12:25:00+02:00
1784716200,25067.37,25070.36,25024.02,25024.02,603,195,0,2026-07-22 10:30:00+00:00,2026-07-22 12:30:00+02:00
1784716500,25023.52,25024.02,24994.72,25011.17,538,195,0,2026-07-22 10:35:00+00:00,2026-07-22 12:35:00+02:00
1784716800,25011.67,25019.66,24991.32,25012.66,577,195,0,2026-07-22 10:40:00+00:00,2026-07-22 12:40:00+02:00
1784717100,25012.16,25048.41,25008.14,25018.58,566,195,0,2026-07-22 10:45:00+00:00,2026-07-22 12:45:00+02:00
1784717400,25019.08,25042.51,25015.69,25041.03,540,195,0,2026-07-22 10:50:00+00:00,2026-07-22 12:50:00+02:00
1784717700,25041.53,25066.77,25041.53,25066.27,440,195,0,2026-07-22 10:55:00+00:00,2026-07-22 12:55:00+02:00
1784718000,25067.27,25131.83,25059.76,25127.33,595,195,0,2026-07-22 11:00:00+00:00,2026-07-22 13:00:00+02:00
1784718300,25128.32,25150.79,25119.85,25119.85,604,195,0,2026-07-22 11:05:00+00:00,2026-07-22 13:05:00+02:00
1784718600,25120.84,25125.82,25091.01,25113.47,522,195,0,2026-07-22 11:10:00+00:00,2026-07-22 13:10:00+02:00
1784718900,25113.97,25139.35,25106.5,25138.25,501,195,0,2026-07-22 11:15:00+00:00,2026-07-22 13:15:00+02:00
1784719200,25137.75,25158.04,25126.49,25132.95,455,195,0,2026-07-22 11:20:00+00:00,2026-07-22 13:20:00+02:00
1784719500,25131.96,25151.63,25129.47,25151.13,506,195,0,2026-07-22 11:25:00+00:00,2026-07-22 13:25:00+02:00
1784719800,25149.64,25188.93,25148.61,25175.0,495,195,0,2026-07-22 11:30:00+00:00,2026-07-22 13:30:00+02:00
1784720100,25174.5,25181.49,25164.82,25166.45,419,195,0,2026-07-22 11:35:00+00:00,2026-07-22 13:35:00+02:00
1784720400,25166.94,25167.97,25137.08,25145.05,445,195,0,2026-07-22 11:40:00+00:00,2026-07-22 13:40:00+02:00
1784720700,25143.55,25170.14,25143.02,25168.02,401,195,0,2026-07-22 11:45:00+00:00,2026-07-22 13:45:00+02:00
1784721000,25169.02,25171.0,25151.49,25158.61,410,195,0,2026-07-22 11:50:00+00:00,2026-07-22 13:50:00+02:00
1784721300,25159.61,25174.03,25149.23,25170.61,414,195,0,2026-07-22 11:55:00+00:00,2026-07-22 13:55:00+02:00
1784721600,25171.61,25196.44,25163.83,25195.45,434,195,0,2026-07-22 12:00:00+00:00,2026-07-22 14:00:00+02:00
1784721900,25195.94,25214.71,25184.94,25210.42,474,195,0,2026-07-22 12:05:00+00:00,2026-07-22 14:05:00+02:00
1784722200,25210.92,25213.89,25198.02,25204.15,436,195,0,2026-07-22 12:10:00+00:00,2026-07-22 14:10:00+02:00
1784722500,25203.65,25236.44,25201.6,25235.44,354,195,0,2026-07-22 12:15:00+00:00,2026-07-22 14:15:00+02:00
1784722800,25235.94,25238.41,25209.56,25221.49,438,195,0,2026-07-22 12:20:00+00:00,2026-07-22 14:20:00+02:00
1784723100,25220.99,25226.47,25195.57,25197.98,413,195,0,2026-07-22 12:25:00+00:00,2026-07-22 14:25:00+02:00
1784723400,25197.49,25197.49,25158.4,25159.89,461,195,0,2026-07-22 12:30:00+00:00,2026-07-22 14:30:00+02:00
1784723700,25160.39,25165.84,25144.28,25149.33,469,195,0,2026-07-22 12:35:00+00:00,2026-07-22 14:35:00+02:00
1784724000,25149.83,25151.32,25120.29,25123.78,433,195,0,2026-07-22 12:40:00+00:00,2026-07-22 14:40:00+02:00
1784724300,25123.28,25142.12,25115.55,25131.74,396,195,0,2026-07-22 12:45:00+00:00,2026-07-22 14:45:00+02:00
1784724600,25132.74,25137.22,25113.8,25124.61,456,195,0,2026-07-22 12:50:00+00:00,2026-07-22 14:50:00+02:00
1784724900,25125.1,25165.85,25124.07,25165.84,389,195,0,2026-07-22 12:55:00+00:00,2026-07-22 14:55:00+02:00
1784725200,25165.34,25192.84,25162.35,25192.84,410,195,0,2026-07-22 13:00:00+00:00,2026-07-22 15:00:00+02:00
1784725500,25193.34,25200.81,25187.27,25190.26,406,195,0,2026-07-22 13:05:00+00:00,2026-07-22 15:05:00+02:00
1784725800,25190.76,25198.8,25178.56,25184.15,395,195,0,2026-07-22 13:10:00+00:00,2026-07-22 15:10:00+02:00
1784726100,25184.65,25208.08,25184.15,25205.68,340,195,0,2026-07-22 13:15:00+00:00,2026-07-22 15:15:00+02:00
1784726400,25206.68,25268.68,25205.18,25259.08,785,195,0,2026-07-22 13:20:00+00:00,2026-07-22 15:20:00+02:00
1784726700,25258.58,25264.4,25242.71,25251.43,555,195,0,2026-07-22 13:25:00+00:00,2026-07-22 15:25:00+02:00
1784727000,25250.93,25253.93,25196.62,25202.92,645,195,0,2026-07-22 13:30:00+00:00,2026-07-22 15:30:00+02:00
1784727300,25199.93,25200.92,25149.96,25152.98,632,195,0,2026-07-22 13:35:00+00:00,2026-07-22 15:35:00+02:00
1784727600,25152.48,25158.57,25136.18,25143.22,597,195,0,2026-07-22 13:40:00+00:00,2026-07-22 15:40:00+02:00
1784727900,25142.23,25154.94,25131.91,25154.44,621,195,0,2026-07-22 13:45:00+00:00,2026-07-22 15:45:00+02:00
1784728200,25154.93,25165.29,25140.85,25141.36,531,195,0,2026-07-22 13:50:00+00:00,2026-07-22 15:50:00+02:00
1784728500,25141.86,25144.26,25125.55,25127.52,524,195,0,2026-07-22 13:55:00+00:00,2026-07-22 15:55:00+02:00
1784728800,25130.51,25132.5,25086.64,25090.68,559,195,0,2026-07-22 14:00:00+00:00,2026-07-22 16:00:00+02:00
1784729100,25090.18,25105.62,25068.21,25104.13,513,195,0,2026-07-22 14:05:00+00:00,2026-07-22 16:05:00+02:00
1784729400,25104.63,25116.51,25079.45,25084.88,514,195,0,2026-07-22 14:10:00+00:00,2026-07-22 16:10:00+02:00
1784729700,25083.88,25083.88,25055.91,25059.03,494,195,0,2026-07-22 14:15:00+00:00,2026-07-22 16:15:00+02:00
1784730000,25059.52,25092.04,25057.53,25087.02,476,195,0,2026-07-22 14:20:00+00:00,2026-07-22 16:20:00+02:00
1784730300,25087.52,25088.5,25067.72,25078.53,442,195,0,2026-07-22 14:25:00+00:00,2026-07-22 16:25:00+02:00
1784730600,25079.03,25093.8,25064.49,25087.86,423,195,0,2026-07-22 14:30:00+00:00,2026-07-22 16:30:00+02:00
1784730900,25087.36,25103.02,25082.9,25097.91,467,195,0,2026-07-22 14:35:00+00:00,2026-07-22 16:35:00+02:00
1784731200,25097.41,25100.4,25042.33,25070.54,797,195,0,2026-07-22 14:40:00+00:00,2026-07-22 16:40:00+02:00
1784731500,25069.55,25096.96,25061.6,25087.73,644,195,0,2026-07-22 14:45:00+00:00,2026-07-22 16:45:00+02:00
1784731800,25087.23,25088.24,25062.16,25068.29,512,195,0,2026-07-22 14:50:00+00:00,2026-07-22 16:50:00+02:00
1784732100,25069.28,25083.03,25051.31,25055.02,479,195,0,2026-07-22 14:55:00+00:00,2026-07-22 16:55:00+02:00
1784732400,25056.01,25072.44,25052.63,25053.13,538,195,0,2026-07-22 15:00:00+00:00,2026-07-22 17:00:00+02:00
1784732700,25053.62,25072.92,25046.07,25064.29,483,195,0,2026-07-22 15:05:00+00:00,2026-07-22 17:05:00+02:00
1784733000,25062.8,25091.13,25058.82,25089.73,407,195,0,2026-07-22 15:10:00+00:00,2026-07-22 17:10:00+02:00
1784733300,25091.22,25097.18,25074.54,25085.57,451,195,0,2026-07-22 15:15:00+00:00,2026-07-22 17:15:00+02:00
1784733600,25085.07,25097.97,25075.74,25091.13,456,195,0,2026-07-22 15:20:00+00:00,2026-07-22 17:20:00+02:00
1784733900,25091.63,25124.76,25091.63,25121.79,463,195,0,2026-07-22 15:25:00+00:00,2026-07-22 17:25:00+02:00
1784734200,25122.29,25156.71,25117.86,25149.86,484,195,0,2026-07-22 15:30:00+00:00,2026-07-22 17:30:00+02:00
1784734500,25151.36,25165.86,25139.49,25140.03,438,195,0,2026-07-22 15:35:00+00:00,2026-07-22 17:35:00+02:00
1784734800,25139.53,25169.1,25137.04,25165.62,426,195,0,2026-07-22 15:40:00+00:00,2026-07-22 17:40:00+02:00
1784735100,25166.12,25177.03,25146.28,25147.79,486,195,0,2026-07-22 15:45:00+00:00,2026-07-22 17:45:00+02:00
1784735400,25146.8,25159.57,25130.94,25158.04,399,195,0,2026-07-22 15:50:00+00:00,2026-07-22 17:50:00+02:00
1784735700,25158.54,25169.38,25094.36,25138.48,628,195,0,2026-07-22 15:55:00+00:00,2026-07-22 17:55:00+02:00
1784736000,25137.98,25181.46,25137.98,25180.1,468,195,0,2026-07-22 16:00:00+00:00,2026-07-22 18:00:00+02:00
1784736300,25179.1,25181.61,25163.99,25174.94,412,195,0,2026-07-22 16:05:00+00:00,2026-07-22 18:05:00+02:00
1784736600,25175.43,25186.33,25166.79,25169.23,372,195,0,2026-07-22 16:10:00+00:00,2026-07-22 18:10:00+02:00
1784736900,25168.73,25200.31,25164.22,25199.31,393,195,0,2026-07-22 16:15:00+00:00,2026-07-22 18:15:00+02:00
1784737200,25197.32,25198.81,25178.02,25179.03,376,195,0,2026-07-22 16:20:00+00:00,2026-07-22 18:20:00+02:00
1784737500,25178.03,25195.16,25176.04,25195.16,402,195,0,2026-07-22 16:25:00+00:00,2026-07-22 18:25:00+02:00
1784737800,25194.17,25210.22,25166.48,25168.96,740,195,0,2026-07-22 16:30:00+00:00,2026-07-22 18:30:00+02:00
1784738100,25168.46,25170.75,25131.82,25142.32,690,195,0,2026-07-22 16:35:00+00:00,2026-07-22 18:35:00+02:00
1784738400,25141.32,25146.31,25118.51,25146.3,673,195,0,2026-07-22 16:40:00+00:00,2026-07-22 18:40:00+02:00
1784738700,25147.29,25175.63,25147.29,25175.12,596,195,0,2026-07-22 16:45:00+00:00,2026-07-22 18:45:00+02:00
1784739000,25175.62,25182.47,25160.56,25181.21,614,195,0,2026-07-22 16:50:00+00:00,2026-07-22 18:50:00+02:00
1784739300,25180.21,25209.15,25178.73,25191.96,551,195,0,2026-07-22 16:55:00+00:00,2026-07-22 18:55:00+02:00
1784739600,25192.46,25193.67,25165.5,25190.12,592,195,0,2026-07-22 17:00:00+00:00,2026-07-22 19:00:00+02:00
1784739900,25190.62,25196.1,25162.97,25174.59,520,195,0,2026-07-22 17:05:00+00:00,2026-07-22 19:05:00+02:00
1784740200,25175.09,25182.35,25165.32,25175.26,561,195,0,2026-07-22 17:10:00+00:00,2026-07-22 19:10:00+02:00
1784740500,25174.76,25176.24,25146.37,25161.25,562,195,0,2026-07-22 17:15:00+00:00,2026-07-22 19:15:00+02:00
1784740800,25160.75,25170.08,25147.82,25165.07,552,195,0,2026-07-22 17:20:00+00:00,2026-07-22 19:20:00+02:00
1784741100,25165.57,25175.09,25156.69,25167.94,533,195,0,2026-07-22 17:25:00+00:00,2026-07-22 19:25:00+02:00
1784741400,25165.94,25176.73,25154.04,25168.89,511,195,0,2026-07-22 17:30:00+00:00,2026-07-22 19:30:00+02:00
1784741700,25169.88,25176.84,25155.97,25164.92,492,195,0,2026-07-22 17:35:00+00:00,2026-07-22 19:35:00+02:00
1784742000,25164.42,25172.42,25147.83,25148.85,533,195,0,2026-07-22 17:40:00+00:00,2026-07-22 19:40:00+02:00
1784742300,25149.84,25166.24,25145.02,25154.0,518,195,0,2026-07-22 17:45:00+00:00,2026-07-22 19:45:00+02:00
1784742600,25153.5,25175.63,25139.06,25169.65,497,195,0,2026-07-22 17:50:00+00:00,2026-07-22 19:50:00+02:00
1784742900,25169.15,25172.98,25156.91,25168.47,427,195,0,2026-07-22 17:55:00+00:00,2026-07-22 19:55:00+02:00
1784743200,25169.47,25178.46,25157.06,25173.89,456,195,0,2026-07-22 18:00:00+00:00,2026-07-22 20:00:00+02:00
1784743500,25173.9,25187.87,25166.94,25174.2,456,195,0,2026-07-22 18:05:00+00:00,2026-07-22 20:05:00+02:00
1784743800,25173.21,25175.19,25161.29,25162.33,391,195,0,2026-07-22 18:10:00+00:00,2026-07-22 20:10:00+02:00
1784744100,25161.33,25170.32,25154.13,25154.63,456,195,0,2026-07-22 18:15:00+00:00,2026-07-22 20:15:00+02:00
1784744400,25155.13,25177.09,25153.14,25166.7,445,195,0,2026-07-22 18:20:00+00:00,2026-07-22 20:20:00+02:00
1784744700,25167.2,25183.07,25165.71,25171.62,411,195,0,2026-07-22 18:25:00+00:00,2026-07-22 20:25:00+02:00
1784745000,25171.12,25189.09,25161.7,25162.2,541,195,0,2026-07-22 18:30:00+00:00,2026-07-22 20:30:00+02:00
1784745300,25161.21,25181.67,25154.19,25179.18,349,195,0,2026-07-22 18:35:00+00:00,2026-07-22 20:35:00+02:00
1784745600,25179.18,25201.56,25179.18,25198.07,301,195,0,2026-07-22 18:40:00+00:00,2026-07-22 20:40:00+02:00
1784745900,25198.57,25206.58,25195.63,25198.61,300,195,0,2026-07-22 18:45:00+00:00,2026-07-22 20:45:00+02:00
1784746200,25198.12,25199.11,25182.64,25191.61,219,195,0,2026-07-22 18:50:00+00:00,2026-07-22 20:50:00+02:00
1784746500,25190.61,25199.09,25181.15,25199.09,184,195,0,2026-07-22 18:55:00+00:00,2026-07-22 20:55:00+02:00
1784746800,25199.58,25202.58,25196.1,25199.59,207,195,0,2026-07-22 19:00:00+00:00,2026-07-22 21:00:00+02:00
1784747100,25200.09,25202.58,25195.11,25198.1,118,195,0,2026-07-22 19:05:00+00:00,2026-07-22 21:05:00+02:00
1784747400,25197.11,25202.05,25194.12,25199.56,157,195,0,2026-07-22 19:10:00+00:00,2026-07-22 21:10:00+02:00
1784747700,25199.06,25199.57,25190.6,25196.58,185,195,0,2026-07-22 19:15:00+00:00,2026-07-22 21:15:00+02:00
1784748000,25197.08,25197.08,25174.17,25177.16,159,195,0,2026-07-22 19:20:00+00:00,2026-07-22 21:20:00+02:00
1784748300,25176.17,25178.16,25164.22,25175.68,268,195,0,2026-07-22 19:25:00+00:00,2026-07-22 21:25:00+02:00
1784748600,25176.17,25184.64,25170.7,25182.65,219,195,0,2026-07-22 19:30:00+00:00,2026-07-22 21:30:00+02:00
1784748900,25182.16,25189.13,25182.16,25188.64,183,195,0,2026-07-22 19:35:00+00:00,2026-07-22 21:35:00+02:00
1784749200,25189.13,25192.62,25184.65,25186.15,175,195,0,2026-07-22 19:40:00+00:00,2026-07-22 21:40:00+02:00
1784749500,25186.65,25192.13,25181.67,25192.13,185,195,0,2026-07-22 19:45:00+00:00,2026-07-22 21:45:00+02:00
1784749800,25191.14,25197.12,25185.16,25192.14,182,195,0,2026-07-22 19:50:00+00:00,2026-07-22 21:50:00+02:00
1784750100,25192.64,25201.61,25192.14,25199.12,163,195,0,2026-07-22 19:55:00+00:00,2026-07-22 21:55:00+02:00
1784750400,25199.62,25204.1,25193.15,25193.65,147,195,0,2026-07-22 20:00:00+00:00,2026-07-22 22:00:00+02:00
1784750700,25193.15,25200.13,25192.15,25197.14,153,195,0,2026-07-22 20:05:00+00:00,2026-07-22 22:05:00+02:00
1784751000,25197.64,25200.63,25192.66,25193.16,147,195,0,2026-07-22 20:10:00+00:00,2026-07-22 22:10:00+02:00
1784751300,25192.66,25203.12,25188.18,25191.67,157,195,0,2026-07-22 20:15:00+00:00,2026-07-22 22:15:00+02:00
1784751600,25191.17,25193.17,25179.23,25180.72,165,195,0,2026-07-22 20:20:00+00:00,2026-07-22 22:20:00+02:00
1784751900,25181.22,25186.7,25177.23,25181.72,183,195,0,2026-07-22 20:25:00+00:00,2026-07-22 22:25:00+02:00
1784752200,25181.72,25192.19,25181.72,25185.22,187,195,0,2026-07-22 20:30:00+00:00,2026-07-22 22:30:00+02:00
1784752500,25185.71,25193.69,25184.22,25191.7,129,195,0,2026-07-22 20:35:00+00:00,2026-07-22 22:35:00+02:00
1784752800,25191.2,25191.7,25180.74,25182.24,147,195,0,2026-07-22 20:40:00+00:00,2026-07-22 22:40:00+02:00
1784753100,25181.74,25183.24,25177.76,25181.75,122,195,0,2026-07-22 20:45:00+00:00,2026-07-22 22:45:00+02:00
1784753400,25181.25,25184.74,25172.29,25173.29,140,195,0,2026-07-22 20:50:00+00:00,2026-07-22 22:50:00+02:00
1784753700,25171.79,25175.28,25166.32,25168.81,181,195,0,2026-07-22 20:55:00+00:00,2026-07-22 22:55:00+02:00
1784754000,25169.31,25171.3,25155.87,25160.85,191,195,0,2026-07-22 21:00:00+00:00,2026-07-22 23:00:00+02:00
1784754300,25160.85,25169.32,25157.37,25157.37,198,195,0,2026-07-22 21:05:00+00:00,2026-07-22 23:05:00+02:00
1784754600,25156.37,25159.36,25151.89,25151.89,199,195,0,2026-07-22 21:10:00+00:00,2026-07-22 23:10:00+02:00
1784754900,25151.4,25157.37,25144.43,25144.93,206,195,0,2026-07-22 21:15:00+00:00,2026-07-22 23:15:00+02:00
1784755200,25144.43,25147.42,25134.97,25141.95,186,195,0,2026-07-22 21:20:00+00:00,2026-07-22 23:20:00+02:00
1784755500,25142.44,25150.42,25141.95,25146.93,181,195,0,2026-07-22 21:25:00+00:00,2026-07-22 23:25:00+02:00
1784755800,25147.43,25147.43,25135.98,25138.47,224,195,0,2026-07-22 21:30:00+00:00,2026-07-22 23:30:00+02:00
1784756100,25137.97,25147.94,25136.48,25146.45,132,195,0,2026-07-22 21:35:00+00:00,2026-07-22 23:35:00+02:00
1784756400,25147.44,25150.44,25144.46,25146.95,110,195,0,2026-07-22 21:40:00+00:00,2026-07-22 23:40:00+02:00
1784756700,25147.45,25154.92,25146.46,25146.96,97,195,0,2026-07-22 21:45:00+00:00,2026-07-22 23:45:00+02:00
1784757000,25146.46,25159.41,25145.96,25158.42,133,195,0,2026-07-22 21:50:00+00:00,2026-07-22 23:50:00+02:00
1784757300,25157.92,25159.91,25148.96,25149.96,131,195,0,2026-07-22 21:55:00+00:00,2026-07-22 23:55:00+02:00
1784757600,25149.46,25150.45,25140.99,25145.48,165,195,0,2026-07-22 22:00:00+00:00,2026-07-23 00:00:00+02:00
1784757900,25144.98,25145.48,25139.51,25141.5,160,195,0,2026-07-22 22:05:00+00:00,2026-07-23 00:05:00+02:00
1784758200,25140.51,25143.99,25135.53,25136.03,151,195,0,2026-07-22 22:10:00+00:00,2026-07-23 00:10:00+02:00
1784758500,25135.53,25146.49,25134.53,25145.0,176,195,0,2026-07-22 22:15:00+00:00,2026-07-23 00:15:00+02:00
1784758800,25145.5,25145.5,25135.04,25140.02,133,195,0,2026-07-22 22:20:00+00:00,2026-07-23 00:20:00+02:00
1784759100,25140.03,25148.0,25135.54,25146.51,126,195,0,2026-07-22 22:25:00+00:00,2026-07-23 00:25:00+02:00
1784759400,25145.51,25146.51,25138.04,25143.03,194,195,0,2026-07-22 22:30:00+00:00,2026-07-23 00:30:00+02:00
1784759700,25143.52,25146.01,25136.06,25136.56,183,195,0,2026-07-22 22:35:00+00:00,2026-07-23 00:35:00+02:00
1784760000,25135.56,25145.03,25132.57,25141.54,174,195,0,2026-07-22 22:40:00+00:00,2026-07-23 00:40:00+02:00
1784760300,25141.04,25154.5,25140.55,25151.01,143,195,0,2026-07-22 22:45:00+00:00,2026-07-23 00:45:00+02:00
1784760600,25150.51,25152.01,25132.59,25138.57,280,195,0,2026-07-22 22:50:00+00:00,2026-07-23 00:50:00+02:00
1784760900,25138.07,25150.53,25136.08,25148.04,259,195,0,2026-07-22 22:55:00+00:00,2026-07-23 00:55:00+02:00
1784761200,25147.7,25175.16,25138.08,25139.83,802,360,0,2026-07-22 23:00:00+00:00,2026-07-23 01:00:00+02:00
1784761500,25141.29,25155.39,25130.32,25142.13,603,360,0,2026-07-22 23:05:00+00:00,2026-07-23 01:05:00+02:00
1784761800,25141.84,25180.1,25138.92,25179.8,564,360,0,2026-07-22 23:10:00+00:00,2026-07-23 01:10:00+02:00
1784762100,25178.93,25183.02,25170.46,25180.1,520,360,0,2026-07-22 23:15:00+00:00,2026-07-23 01:15:00+02:00
1784762400,25180.39,25180.98,25168.72,25176.9,365,360,0,2026-07-22 23:20:00+00:00,2026-07-23 01:20:00+02:00
1784762700,25177.19,25178.65,25165.8,25170.48,255,360,0,2026-07-22 23:25:00+00:00,2026-07-23 01:25:00+02:00
1784763000,25170.77,25171.65,25165.65,25166.23,188,360,0,2026-07-22 23:30:00+00:00,2026-07-23 01:30:00+02:00
1784763300,25165.65,25168.57,25156.02,25163.61,281,360,0,2026-07-22 23:35:00+00:00,2026-07-23 01:35:00+02:00
1784763600,25163.32,25164.49,25159.24,25159.24,213,360,0,2026-07-22 23:40:00+00:00,2026-07-23 01:40:00+02:00
1784763900,25158.65,25163.33,25157.48,25159.24,124,360,0,2026-07-22 23:45:00+00:00,2026-07-23 01:45:00+02:00
1784764200,25159.83,25168.59,25159.24,25165.09,137,360,0,2026-07-22 23:50:00+00:00,2026-07-23 01:50:00+02:00
1784764500,25164.5,25165.09,25151.08,25151.08,250,360,0,2026-07-22 23:55:00+00:00,2026-07-23 01:55:00+02:00
1784768700,25119.47,25124.2,25116.83,25121.27,283,360,0,2026-07-23 01:05:00+00:00,2026-07-23 03:05:00+02:00
1784769000,25120.97,25126.54,25119.8,25123.61,225,360,0,2026-07-23 01:10:00+00:00,2026-07-23 03:10:00+02:00
1784769300,25124.2,25126.54,25117.75,25122.73,174,360,0,2026-07-23 01:15:00+00:00,2026-07-23 03:15:00+02:00
1784769600,25122.44,25127.71,25121.27,25124.49,175,360,0,2026-07-23 01:20:00+00:00,2026-07-23 03:20:00+02:00
1784769900,25124.78,25125.96,25115.4,25116.58,123,360,0,2026-07-23 01:25:00+00:00,2026-07-23 03:25:00+02:00
1784770200,25117.16,25118.33,25114.23,25115.4,105,360,0,2026-07-23 01:30:00+00:00,2026-07-23 03:30:00+02:00
1784770500,25114.82,25117.16,25104.26,25104.85,133,360,0,2026-07-23 01:35:00+00:00,2026-07-23 03:35:00+02:00
1784770800,25104.26,25104.85,25099.33,25102.85,122,360,0,2026-07-23 01:40:00+00:00,2026-07-23 03:40:00+02:00
1784771100,25103.14,25109.89,25100.8,25109.89,143,360,0,2026-07-23 01:45:00+00:00,2026-07-23 03:45:00+02:00
1784771400,25110.47,25116.92,25109.3,25116.33,132,360,0,2026-07-23 01:50:00+00:00,2026-07-23 03:50:00+02:00
1784771700,25116.63,25119.27,25113.99,25114.58,92,360,0,2026-07-23 01:55:00+00:00,2026-07-23 03:55:00+02:00
1784772000,25114.87,25116.66,25103.18,25107.28,179,360,0,2026-07-23 02:00:00+00:00,2026-07-23 04:00:00+02:00
1784772300,25107.57,25109.04,25105.23,25106.11,131,360,0,2026-07-23 02:05:00+00:00,2026-07-23 04:05:00+02:00
1784772600,25106.4,25113.73,25105.82,25113.14,133,360,0,2026-07-23 02:10:00+00:00,2026-07-23 04:10:00+02:00
1784772900,25112.85,25113.14,25104.35,25105.52,122,360,0,2026-07-23 02:15:00+00:00,2026-07-23 04:15:00+02:00
1784773200,25105.82,25108.45,25099.66,25100.25,83,360,0,2026-07-23 02:20:00+00:00,2026-07-23 04:20:00+02:00
1784773500,25100.54,25102.3,25097.61,25101.13,87,360,0,2026-07-23 02:25:00+00:00,2026-07-23 04:25:00+02:00
1784773800,25100.83,25105.23,25100.83,25104.64,102,360,0,2026-07-23 02:30:00+00:00,2026-07-23 04:30:00+02:00
1784774100,25104.06,25106.99,25103.76,25106.11,92,360,0,2026-07-23 02:35:00+00:00,2026-07-23 04:35:00+02:00
1784774400,25106.4,25109.92,25106.4,25109.33,78,360,0,2026-07-23 02:40:00+00:00,2026-07-23 04:40:00+02:00
1784774700,25108.75,25121.65,25107.87,25118.42,214,360,0,2026-07-23 02:45:00+00:00,2026-07-23 04:45:00+02:00
1784775000,25118.13,25121.65,25116.66,25118.71,173,360,0,2026-07-23 02:50:00+00:00,2026-07-23 04:50:00+02:00
1784775300,25118.42,25126.34,25116.96,25126.34,174,360,0,2026-07-23 02:55:00+00:00,2026-07-23 04:55:00+02:00
1784776500,25148.2,25181.03,25144.7,25175.53,185,195,0,2026-07-23 03:15:00+00:00,2026-07-23 05:15:00+02:00
1784776800,25174.03,25202.53,25174.03,25199.03,102,195,0,2026-07-23 03:20:00+00:00,2026-07-23 05:20:00+02:00
1784777100,25198.53,25209.53,25183.53,25185.03,112,195,0,2026-07-23 03:25:00+00:00,2026-07-23 05:25:00+02:00
1784777400,25187.03,25197.03,25181.53,25193.03,103,195,0,2026-07-23 03:30:00+00:00,2026-07-23 05:30:00+02:00
1784777700,25195.03,25203.53,25190.53,25198.53,101,195,0,2026-07-23 03:35:00+00:00,2026-07-23 05:35:00+02:00
1784778000,25199.03,25208.53,25198.03,25207.53,88,195,0,2026-07-23 03:40:00+00:00,2026-07-23 05:40:00+02:00
1784778300,25207.03,25215.03,25204.03,25205.03,85,195,0,2026-07-23 03:45:00+00:00,2026-07-23 05:45:00+02:00
1784778600,25204.53,25210.03,25200.55,25201.0,37,195,0,2026-07-23 03:50:00+00:00,2026-07-23 05:50:00+02:00
1784778900,25210.03,25212.03,25200.55,25209.03,29,195,0,2026-07-23 03:55:00+00:00,2026-07-23 05:55:00+02:00
1784779200,25210.53,25216.03,25203.53,25211.03,161,195,0,2026-07-23 04:00:00+00:00,2026-07-23 06:00:00+02:00
1784779500,25207.03,25214.53,25201.53,25206.53,100,195,0,2026-07-23 04:05:00+00:00,2026-07-23 06:05:00+02:00
1784779800,25208.03,25216.53,25205.53,25214.03,67,195,0,2026-07-23 04:10:00+00:00,2026-07-23 06:10:00+02:00
1784780100,25214.53,25219.53,25203.03,25204.03,94,195,0,2026-07-23 04:15:00+00:00,2026-07-23 06:15:00+02:00
1784780400,25202.53,25208.53,25200.53,25204.53,136,195,0,2026-07-23 04:20:00+00:00,2026-07-23 06:20:00+02:00
1784780700,25204.53,25208.03,25199.53,25201.03,138,195,0,2026-07-23 04:25:00+00:00,2026-07-23 06:25:00+02:00
1784781000,25202.03,25203.03,25180.03,25201.03,277,195,0,2026-07-23 04:30:00+00:00,2026-07-23 06:30:00+02:00
1784781300,25201.53,25202.53,25187.03,25188.03,268,195,0,2026-07-23 04:35:00+00:00,2026-07-23 06:35:00+02:00
1784781600,25188.53,25192.53,25181.03,25181.03,191,195,0,2026-07-23 04:40:00+00:00,2026-07-23 06:40:00+02:00
1784781900,25181.03,25184.03,25170.53,25177.03,111,195,0,2026-07-23 04:45:00+00:00,2026-07-23 06:45:00+02:00
1784782200,25176.03,25193.53,25176.03,25185.03,117,195,0,2026-07-23 04:50:00+00:00,2026-07-23 06:50:00+02:00
1784782500,25186.53,25189.03,25174.03,25175.03,89,195,0,2026-07-23 04:55:00+00:00,2026-07-23 06:55:00+02:00
1784782800,25175.03,25186.53,25171.53,25186.53,113,195,0,2026-07-23 05:00:00+00:00,2026-07-23 07:00:00+02:00
1784783100,25184.03,25184.53,25174.03,25174.53,62,195,0,2026-07-23 05:05:00+00:00,2026-07-23 07:05:00+02:00
1784783400,25175.03,25175.53,25166.03,25166.53,83,195,0,2026-07-23 05:10:00+00:00,2026-07-23 07:10:00+02:00
1784783700,25165.53,25170.53,25153.03,25160.53,77,195,0,2026-07-23 05:15:00+00:00,2026-07-23 07:15:00+02:00
1784784000,25161.53,25161.53,25152.53,25152.53,99,195,0,2026-07-23 05:20:00+00:00,2026-07-23 07:20:00+02:00
1784784300,25151.53,25151.53,25143.03,25148.03,94,195,0,2026-07-23 05:25:00+00:00,2026-07-23 07:25:00+02:00
1784784600,25149.03,25159.53,25146.53,25159.53,81,195,0,2026-07-23 05:30:00+00:00,2026-07-23 07:30:00+02:00
1784784900,25159.03,25160.03,25143.53,25144.53,90,195,0,2026-07-23 05:35:00+00:00,2026-07-23 07:35:00+02:00
1784785200,25144.53,25152.03,25141.53,25147.03,77,195,0,2026-07-23 05:40:00+00:00,2026-07-23 07:40:00+02:00
1784785500,25146.53,25152.03,25146.53,25148.53,46,195,0,2026-07-23 05:45:00+00:00,2026-07-23 07:45:00+02:00
1784785800,25147.03,25156.53,25144.53,25155.03,75,195,0,2026-07-23 05:50:00+00:00,2026-07-23 07:50:00+02:00
1784786100,25156.03,25157.03,25153.53,25155.03,38,195,0,2026-07-23 05:55:00+00:00,2026-07-23 07:55:00+02:00
1784786400,25156.03,25158.53,25146.53,25148.03,105,195,0,2026-07-23 06:00:00+00:00,2026-07-23 08:00:00+02:00
1784786700,25148.53,25150.03,25135.03,25137.53,98,195,0,2026-07-23 06:05:00+00:00,2026-07-23 08:05:00+02:00
1784787000,25137.03,25137.53,25121.03,25130.53,108,195,0,2026-07-23 06:10:00+00:00,2026-07-23 08:10:00+02:00
1784787300,25132.53,25132.53,25124.03,25132.03,92,195,0,2026-07-23 06:15:00+00:00,2026-07-23 08:15:00+02:00
1784787600,25131.53,25138.03,25130.03,25136.53,68,195,0,2026-07-23 06:20:00+00:00,2026-07-23 08:20:00+02:00
1784787900,25137.03,25137.53,25128.53,25136.03,81,195,0,2026-07-23 06:25:00+00:00,2026-07-23 08:25:00+02:00
1784788200,25137.53,25145.53,25131.53,25134.53,168,195,0,2026-07-23 06:30:00+00:00,2026-07-23 08:30:00+02:00
1784788500,25135.03,25154.03,25133.53,25154.03,112,195,0,2026-07-23 06:35:00+00:00,2026-07-23 08:35:00+02:00
1784788800,25153.53,25163.53,25151.53,25162.53,88,195,0,2026-07-23 06:40:00+00:00,2026-07-23 08:40:00+02:00
1784789100,25162.03,25164.03,25153.03,25162.03,90,195,0,2026-07-23 06:45:00+00:00,2026-07-23 08:45:00+02:00
1784789400,25161.03,25165.03,25152.03,25163.03,82,195,0,2026-07-23 06:50:00+00:00,2026-07-23 08:50:00+02:00
1784789700,25162.03,25164.53,25157.03,25157.53,61,195,0,2026-07-23 06:55:00+00:00,2026-07-23 08:55:00+02:00
1784790000,25158.03,25158.03,25148.03,25148.53,64,195,0,2026-07-23 07:00:00+00:00,2026-07-23 09:00:00+02:00
1784790300,25148.03,25151.03,25136.53,25142.53,80,195,0,2026-07-23 07:05:00+00:00,2026-07-23 09:05:00+02:00
1784790600,25141.03,25155.03,25139.53,25154.53,94,195,0,2026-07-23 07:10:00+00:00,2026-07-23 09:10:00+02:00
1784790900,25156.53,25157.53,25147.03,25148.03,67,195,0,2026-07-23 07:15:00+00:00,2026-07-23 09:15:00+02:00
1784791200,25148.53,25154.53,25147.03,25154.53,38,195,0,2026-07-23 07:20:00+00:00,2026-07-23 09:20:00+02:00
1784791500,25154.53,25165.03,25150.53,25158.53,76,195,0,2026-07-23 07:25:00+00:00,2026-07-23 09:25:00+02:00
1784791800,25161.03,25162.53,25146.03,25150.03,139,195,0,2026-07-23 07:30:00+00:00,2026-07-23 09:30:00+02:00
1784792100,25149.03,25151.53,25142.03,25146.03,45,195,0,2026-07-23 07:35:00+00:00,2026-07-23 09:35:00+02:00
1784792400,25149.03,25152.03,25140.03,25140.53,116,195,0,2026-07-23 07:40:00+00:00,2026-07-23 09:40:00+02:00
1784792700,25140.03,25148.03,25123.53,25124.03,75,195,0,2026-07-23 07:45:00+00:00,2026-07-23 09:45:00+02:00
1784793000,25124.53,25124.53,25105.53,25113.03,81,195,0,2026-07-23 07:50:00+00:00,2026-07-23 09:50:00+02:00
1784793300,25113.53,25119.03,25109.53,25114.03,26,195,0,2026-07-23 07:55:00+00:00,2026-07-23 09:55:00+02:00
1784793600,25114.53,25116.53,25106.53,25114.53,70,195,0,2026-07-23 08:00:00+00:00,2026-07-23 10:00:00+02:00
1784793900,25111.53,25113.53,25101.03,25113.53,40,195,0,2026-07-23 08:05:00+00:00,2026-07-23 10:05:00+02:00
1784794200,25113.53,25119.53,25102.03,25117.53,66,195,0,2026-07-23 08:10:00+00:00,2026-07-23 10:10:00+02:00
1784794500,25116.53,25117.53,25103.53,25110.03,53,195,0,2026-07-23 08:15:00+00:00,2026-07-23 10:15:00+02:00
1784794800,25109.03,25116.53,25093.03,25104.03,149,195,0,2026-07-23 08:20:00+00:00,2026-07-23 10:20:00+02:00
1784795100,25102.03,25123.53,25101.03,25119.53,202,195,0,2026-07-23 08:25:00+00:00,2026-07-23 10:25:00+02:00
1784795400,25120.03,25133.53,25110.53,25111.03,115,195,0,2026-07-23 08:30:00+00:00,2026-07-23 10:30:00+02:00
1784795700,25110.53,25113.03,25092.03,25093.03,78,195,0,2026-07-23 08:35:00+00:00,2026-07-23 10:35:00+02:00
1784796000,25091.53,25094.53,25088.03,25090.53,95,195,0,2026-07-23 08:40:00+00:00,2026-07-23 10:40:00+02:00
1784796300,25092.53,25093.03,25068.03,25068.03,99,195,0,2026-07-23 08:45:00+00:00,2026-07-23 10:45:00+02:00
1784796600,25067.53,25071.53,25046.53,25047.03,93,195,0,2026-07-23 08:50:00+00:00,2026-07-23 10:50:00+02:00
1784796900,25046.53,25055.03,25038.03,25040.03,121,195,0,2026-07-23 08:55:00+00:00,2026-07-23 10:55:00+02:00
1784797200,25041.03,25063.53,25037.03,25061.53,270,195,0,2026-07-23 09:00:00+00:00,2026-07-23 11:00:00+02:00
1784797500,25061.03,25070.03,25053.03,25067.53,267,195,0,2026-07-23 09:05:00+00:00,2026-07-23 11:05:00+02:00
1784797800,25068.03,25076.53,25063.03,25069.03,212,195,0,2026-07-23 09:10:00+00:00,2026-07-23 11:10:00+02:00
1784798100,25068.53,25078.03,25064.03,25075.53,210,195,0,2026-07-23 09:15:00+00:00,2026-07-23 11:15:00+02:00
1784798400,25075.03,25080.03,25068.53,25075.53,213,195,0,2026-07-23 09:20:00+00:00,2026-07-23 11:20:00+02:00
1784798700,25075.03,25076.53,25062.53,25070.03,227,195,0,2026-07-23 09:25:00+00:00,2026-07-23 11:25:00+02:00
1784799000,25070.53,25071.53,25055.53,25063.53,220,195,0,2026-07-23 09:30:00+00:00,2026-07-23 11:30:00+02:00
1784799300,25063.03,25065.03,25041.53,25047.53,198,195,0,2026-07-23 09:35:00+00:00,2026-07-23 11:35:00+02:00
1784799600,25048.03,25057.53,25030.03,25030.03,188,195,0,2026-07-23 09:40:00+00:00,2026-07-23 11:40:00+02:00
1784799900,25030.53,25052.53,25030.03,25048.53,159,195,0,2026-07-23 09:45:00+00:00,2026-07-23 11:45:00+02:00
1784800200,25049.53,25053.53,25028.03,25043.03,172,195,0,2026-07-23 09:50:00+00:00,2026-07-23 11:50:00+02:00
1784800500,25042.03,25042.53,25008.53,25019.03,309,195,0,2026-07-23 09:55:00+00:00,2026-07-23 11:55:00+02:00
1784800800,25022.03,25022.03,24961.03,25000.03,966,195,0,2026-07-23 10:00:00+00:00,2026-07-23 12:00:00+02:00
1784801100,24999.53,25000.53,24954.53,24955.03,806,195,0,2026-07-23 10:05:00+00:00,2026-07-23 12:05:00+02:00
1784801400,24956.03,24963.03,24898.03,24940.53,797,195,0,2026-07-23 10:10:00+00:00,2026-07-23 12:10:00+02:00
1784801700,24940.03,24948.03,24924.03,24943.12,732,195,0,2026-07-23 10:15:00+00:00,2026-07-23 12:15:00+02:00
1784802000,24941.62,24949.6,24923.18,24926.9,732,195,0,2026-07-23 10:20:00+00:00,2026-07-23 12:20:00+02:00
1784802300,24926.4,24977.06,24924.92,24965.4,712,195,0,2026-07-23 10:25:00+00:00,2026-07-23 12:25:00+02:00
1784802600,24964.9,24971.29,24933.28,24958.76,676,195,0,2026-07-23 10:30:00+00:00,2026-07-23 12:30:00+02:00
1784802900,24959.76,24968.8,24945.0,24955.98,633,195,0,2026-07-23 10:35:00+00:00,2026-07-23 12:35:00+02:00
1784803200,24960.46,24968.58,24944.16,24959.5,613,195,0,2026-07-23 10:40:00+00:00,2026-07-23 12:40:00+02:00
1784803500,24958.5,24959.5,24924.72,24945.94,663,195,0,2026-07-23 10:45:00+00:00,2026-07-23 12:45:00+02:00
1784803800,24946.93,24979.8,24935.53,24971.87,653,195,0,2026-07-23 10:50:00+00:00,2026-07-23 12:50:00+02:00
1784804100,24972.37,24997.74,24972.37,24985.55,611,195,0,2026-07-23 10:55:00+00:00,2026-07-23 12:55:00+02:00
1784804400,24986.05,24992.02,24965.64,24974.68,682,195,0,2026-07-23 11:00:00+00:00,2026-07-23 13:00:00+02:00
1784804700,24975.18,25036.75,24973.68,25036.75,624,195,0,2026-07-23 11:05:00+00:00,2026-07-23 13:05:00+02:00
1784805000,25035.76,25040.86,25001.6,25003.69,567,195,0,2026-07-23 11:10:00+00:00,2026-07-23 13:10:00+02:00
1784805300,25002.69,25044.7,25000.21,25038.18,553,195,0,2026-07-23 11:15:00+00:00,2026-07-23 13:15:00+02:00
1784805600,25039.17,25048.57,25022.91,25034.84,575,195,0,2026-07-23 11:20:00+00:00,2026-07-23 13:20:00+02:00
1784805900,25035.83,25064.72,25031.35,25053.67,566,195,0,2026-07-23 11:25:00+00:00,2026-07-23 13:25:00+02:00
1784806200,25052.18,25070.59,25043.45,25050.64,526,195,0,2026-07-23 11:30:00+00:00,2026-07-23 13:30:00+02:00
1784806500,25050.65,25059.51,25022.53,25022.57,480,195,0,2026-07-23 11:35:00+00:00,2026-07-23 13:35:00+02:00
1784806800,25023.09,25038.33,25010.68,25011.69,469,195,0,2026-07-23 11:40:00+00:00,2026-07-23 13:40:00+02:00
1784807100,25011.19,25019.79,25003.31,25009.36,508,195,0,2026-07-23 11:45:00+00:00,2026-07-23 13:45:00+02:00
1784807400,25008.36,25025.1,25000.66,25015.53,454,195,0,2026-07-23 11:50:00+00:00,2026-07-23 13:50:00+02:00
1784807700,25016.03,25033.03,25009.58,25032.53,450,195,0,2026-07-23 11:55:00+00:00,2026-07-23 13:55:00+02:00
1784808000,25033.53,25074.57,25025.06,25073.06,658,195,0,2026-07-23 12:00:00+00:00,2026-07-23 14:00:00+02:00
1784808300,25073.56,25074.55,25047.14,25047.84,503,195,0,2026-07-23 12:05:00+00:00,2026-07-23 14:05:00+02:00
1784808600,25048.34,25064.22,25040.01,25042.0,476,195,0,2026-07-23 12:10:00+00:00,2026-07-23 14:10:00+02:00
1784808900,25040.51,25049.25,25027.3,25029.29,432,195,0,2026-07-23 12:15:00+00:00,2026-07-23 14:15:00+02:00
1784809200,25028.3,25030.82,25008.86,25009.9,436,195,0,2026-07-23 12:20:00+00:00,2026-07-23 14:20:00+02:00
1784809500,25009.4,25015.95,24994.69,25002.68,423,195,0,2026-07-23 12:25:00+00:00,2026-07-23 14:25:00+02:00
1784809800,25003.18,25013.07,24984.16,24986.12,460,195,0,2026-07-23 12:30:00+00:00,2026-07-23 14:30:00+02:00
1784810100,24985.62,25000.48,24981.53,24998.99,491,195,0,2026-07-23 12:35:00+00:00,2026-07-23 14:35:00+02:00
1784810400,24997.49,25014.75,24992.42,25009.31,426,195,0,2026-07-23 12:40:00+00:00,2026-07-23 14:40:00+02:00
1784810700,25008.32,25025.55,25008.32,25018.81,410,195,0,2026-07-23 12:45:00+00:00,2026-07-23 14:45:00+02:00
1784811000,25018.31,25019.32,24993.61,24996.65,403,195,0,2026-07-23 12:50:00+00:00,2026-07-23 14:50:00+02:00
1784811300,24996.15,25000.23,24982.51,24993.41,450,195,0,2026-07-23 12:55:00+00:00,2026-07-23 14:55:00+02:00
1784811600,24993.91,25004.14,24984.87,24995.21,511,195,0,2026-07-23 13:00:00+00:00,2026-07-23 15:00:00+02:00
1784811900,24996.21,25000.7,24971.41,24973.92,458,195,0,2026-07-23 13:05:00+00:00,2026-07-23 15:05:00+02:00
1784812200,24972.42,24977.09,24964.04,24969.15,366,195,0,2026-07-23 13:10:00+00:00,2026-07-23 15:10:00+02:00
1784812500,24968.65,24980.01,24962.66,24973.67,415,195,0,2026-07-23 13:15:00+00:00,2026-07-23 15:15:00+02:00
1784812800,24973.17,24987.68,24963.79,24987.68,441,195,0,2026-07-23 13:20:00+00:00,2026-07-23 15:20:00+02:00
1784813100,24989.18,25000.53,24983.53,24984.53,381,195,0,2026-07-23 13:25:00+00:00,2026-07-23 15:25:00+02:00
1784813400,24985.03,25011.29,24982.54,25008.88,535,195,0,2026-07-23 13:30:00+00:00,2026-07-23 15:30:00+02:00
1784813700,25009.38,25022.23,25006.48,25013.92,352,195,0,2026-07-23 13:35:00+00:00,2026-07-23 15:35:00+02:00
1784814000,25013.43,25022.29,24996.63,25002.95,427,195,0,2026-07-23 13:40:00+00:00,2026-07-23 15:40:00+02:00
1784814300,25002.45,25042.86,24999.95,25042.35,388,195,0,2026-07-23 13:45:00+00:00,2026-07-23 15:45:00+02:00
1784814600,25042.34,25048.29,25030.13,25043.91,381,195,0,2026-07-23 13:50:00+00:00,2026-07-23 15:50:00+02:00
1784814900,25044.9,25046.42,25025.2,25025.7,373,195,0,2026-07-23 13:55:00+00:00,2026-07-23 15:55:00+02:00
1784815200,25026.2,25028.69,24998.03,25001.02,376,195,0,2026-07-23 14:00:00+00:00,2026-07-23 16:00:00+02:00
1784815500,25001.52,25001.52,24984.09,24995.05,344,195,0,2026-07-23 14:05:00+00:00,2026-07-23 16:05:00+02:00
1784815800,24994.55,24999.54,24985.29,24990.41,351,195,0,2026-07-23 14:10:00+00:00,2026-07-23 16:10:00+02:00
1784816100,24989.91,25001.31,24974.86,24976.86,385,195,0,2026-07-23 14:15:00+00:00,2026-07-23 16:15:00+02:00
1784816400,24977.86,24981.27,24964.46,24977.74,409,195,0,2026-07-23 14:20:00+00:00,2026-07-23 16:20:00+02:00
1784816700,24976.74,24989.77,24961.02,24969.95,378,195,0,2026-07-23 14:25:00+00:00,2026-07-23 16:25:00+02:00
1784817000,24968.96,24976.45,24952.67,24967.86,409,195,0,2026-07-23 14:30:00+00:00,2026-07-23 16:30:00+02:00
1784817300,24968.86,24968.86,24932.08,24938.98,497,195,0,2026-07-23 14:35:00+00:00,2026-07-23 16:35:00+02:00
1784817600,24937.99,24955.4,24932.07,24946.14,502,195,0,2026-07-23 14:40:00+00:00,2026-07-23 16:40:00+02:00
1784817900,24945.14,24972.96,24940.68,24970.93,443,195,0,2026-07-23 14:45:00+00:00,2026-07-23 16:45:00+02:00
1784818200,24971.43,25026.03,24971.43,24997.95,466,195,0,2026-07-23 14:50:00+00:00,2026-07-23 16:50:00+02:00
1784818500,24997.46,25003.44,24986.07,24996.09,402,195,0,2026-07-23 14:55:00+00:00,2026-07-23 16:55:00+02:00
1784818800,24996.59,25001.09,24984.33,24989.81,490,195,0,2026-07-23 15:00:00+00:00,2026-07-23 17:00:00+02:00
1784819100,24990.3,24994.73,24967.37,24968.88,440,195,0,2026-07-23 15:05:00+00:00,2026-07-23 17:05:00+02:00
1784819400,24970.37,24976.85,24959.36,24964.05,300,195,0,2026-07-23 15:10:00+00:00,2026-07-23 17:10:00+02:00
1784819700,24964.04,24987.94,24924.87,24950.0,503,195,0,2026-07-23 15:15:00+00:00,2026-07-23 17:15:00+02:00
1784820000,24949.0,24962.53,24939.08,24950.02,601,195,0,2026-07-23 15:20:00+00:00,2026-07-23 17:20:00+02:00
1784820300,24948.53,24949.52,24933.5,24944.83,497,195,0,2026-07-23 15:25:00+00:00,2026-07-23 17:25:00+02:00
1784820600,24929.55,24942.36,24913.51,24931.88,508,195,0,2026-07-23 15:30:00+00:00,2026-07-23 17:30:00+02:00
1784820900,24931.38,24935.36,24893.69,24903.57,559,195,0,2026-07-23 15:35:00+00:00,2026-07-23 17:35:00+02:00
1784821200,24903.08,24906.06,24857.39,24871.27,640,195,0,2026-07-23 15:40:00+00:00,2026-07-23 17:40:00+02:00
1784821500,24870.78,24877.9,24855.49,24869.28,692,195,0,2026-07-23 15:45:00+00:00,2026-07-23 17:45:00+02:00
1784821800,24868.79,24878.52,24851.83,24854.33,586,195,0,2026-07-23 15:50:00+00:00,2026-07-23 17:50:00+02:00
1784822100,24853.83,24868.94,24834.79,24845.1,586,195,0,2026-07-23 15:55:00+00:00,2026-07-23 17:55:00+02:00
1784822400,24844.61,24849.92,24809.66,24813.15,671,195,0,2026-07-23 16:00:00+00:00,2026-07-23 18:00:00+02:00
1784822700,24814.15,24815.64,24774.42,24787.89,702,195,0,2026-07-23 16:05:00+00:00,2026-07-23 18:05:00+02:00
1784823000,24788.88,24814.84,24786.32,24804.84,727,195,0,2026-07-23 16:10:00+00:00,2026-07-23 18:10:00+02:00
1784823300,24804.34,24805.84,24789.02,24793.8,685,195,0,2026-07-23 16:15:00+00:00,2026-07-23 18:15:00+02:00
1784823600,24793.3,24805.75,24767.9,24767.9,552,195,0,2026-07-23 16:20:00+00:00,2026-07-23 18:20:00+02:00
1784823900,24768.9,24773.38,24747.44,24755.8,622,195,0,2026-07-23 16:25:00+00:00,2026-07-23 18:25:00+02:00
1784824200,24756.3,24815.1,24751.45,24813.09,1006,195,0,2026-07-23 16:30:00+00:00,2026-07-23 18:30:00+02:00
1784824500,24811.6,24839.86,24800.67,24831.15,865,195,0,2026-07-23 16:35:00+00:00,2026-07-23 18:35:00+02:00
1784824800,24830.66,24874.45,24821.77,24849.86,808,195,0,2026-07-23 16:40:00+00:00,2026-07-23 18:40:00+02:00
1784825100,24851.35,24858.46,24834.6,24842.66,862,195,0,2026-07-23 16:45:00+00:00,2026-07-23 18:45:00+02:00
1784825400,24841.66,24866.05,24828.06,24866.05,846,195,0,2026-07-23 16:50:00+00:00,2026-07-23 18:50:00+02:00
1784825700,24865.06,24877.56,24818.86,24821.53,697,195,0,2026-07-23 16:55:00+00:00,2026-07-23 18:55:00+02:00
1784826000,24821.03,24852.35,24813.18,24844.9,895,195,0,2026-07-23 17:00:00+00:00,2026-07-23 19:00:00+02:00
1784826300,24844.4,24863.15,24789.27,24816.48,994,195,0,2026-07-23 17:05:00+00:00,2026-07-23 19:05:00+02:00
1784826600,24813.99,24858.77,24806.19,24843.31,1076,195,0,2026-07-23 17:10:00+00:00,2026-07-23 19:10:00+02:00
1784826900,24843.81,24860.87,24827.08,24833.91,978,195,0,2026-07-23 17:15:00+00:00,2026-07-23 19:15:00+02:00
1784827200,24834.4,24844.86,24818.39,24826.84,941,195,0,2026-07-23 17:20:00+00:00,2026-07-23 19:20:00+02:00
1784827500,24825.84,24848.9,24814.41,24845.9,802,195,0,2026-07-23 17:25:00+00:00,2026-07-23 19:25:00+02:00
1784827800,24844.41,24852.35,24801.36,24807.74,832,195,0,2026-07-23 17:30:00+00:00,2026-07-23 19:30:00+02:00
1784828100,24808.23,24836.04,24785.33,24829.08,866,195,0,2026-07-23 17:35:00+00:00,2026-07-23 19:35:00+02:00
1784828400,24828.58,24832.11,24782.06,24785.6,769,195,0,2026-07-23 17:40:00+00:00,2026-07-23 19:40:00+02:00
1784828700,24785.1,24795.29,24755.8,24764.21,707,195,0,2026-07-23 17:45:00+00:00,2026-07-23 19:45:00+02:00
1784829000,24763.71,24773.15,24747.41,24757.21,655,195,0,2026-07-23 17:50:00+00:00,2026-07-23 19:50:00+02:00
1784829300,24758.21,24797.71,24755.21,24789.25,632,195,0,2026-07-23 17:55:00+00:00,2026-07-23 19:55:00+02:00
1784829600,24789.75,24797.31,24775.76,24783.48,702,195,0,2026-07-23 18:00:00+00:00,2026-07-23 20:00:00+02:00
1784829900,24782.49,24793.45,24761.52,24762.52,673,195,0,2026-07-23 18:05:00+00:00,2026-07-23 20:05:00+02:00
1784830200,24761.52,24762.52,24739.54,24748.75,652,195,0,2026-07-23 18:10:00+00:00,2026-07-23 20:10:00+02:00
1784830500,24749.25,24763.1,24742.76,24746.65,713,195,0,2026-07-23 18:15:00+00:00,2026-07-23 20:15:00+02:00
1784830800,24746.15,24757.47,24706.65,24723.83,695,195,0,2026-07-23 18:20:00+00:00,2026-07-23 20:20:00+02:00
1784831100,24724.33,24724.84,24695.02,24706.42,640,195,0,2026-07-23 18:25:00+00:00,2026-07-23 20:25:00+02:00
1784831400,24705.93,24745.75,24692.41,24742.26,782,195,0,2026-07-23 18:30:00+00:00,2026-07-23 20:30:00+02:00
1784831700,24743.26,24783.08,24738.28,24768.21,710,195,0,2026-07-23 18:35:00+00:00,2026-07-23 20:35:00+02:00
1784832000,24766.71,24785.11,24760.17,24766.65,468,195,0,2026-07-23 18:40:00+00:00,2026-07-23 20:40:00+02:00
1784832300,24766.15,24778.64,24762.7,24771.67,441,195,0,2026-07-23 18:45:00+00:00,2026-07-23 20:45:00+02:00
1784832600,24771.17,24778.22,24762.21,24773.24,390,195,0,2026-07-23 18:50:00+00:00,2026-07-23 20:50:00+02:00
1784832900,24773.74,24782.71,24770.75,24782.22,384,195,0,2026-07-23 18:55:00+00:00,2026-07-23 20:55:00+02:00
1784833200,24781.72,24800.15,24779.23,24792.68,455,195,0,2026-07-23 19:00:00+00:00,2026-07-23 21:00:00+02:00
1784833500,24792.18,24793.68,24781.73,24790.7,428,195,0,2026-07-23 19:05:00+00:00,2026-07-23 21:05:00+02:00
1784833800,24790.2,24802.16,24787.71,24801.16,364,195,0,2026-07-23 19:10:00+00:00,2026-07-23 21:10:00+02:00
1784834100,24800.17,24819.1,24800.17,24804.16,323,195,0,2026-07-23 19:15:00+00:00,2026-07-23 21:15:00+02:00
1784834400,24803.16,24830.6,24802.17,24826.62,306,195,0,2026-07-23 19:20:00+00:00,2026-07-23 21:20:00+02:00
1784834700,24825.62,24837.08,24824.63,24830.14,337,195,0,2026-07-23 19:25:00+00:00,2026-07-23 21:25:00+02:00
1784835000,24829.65,24830.64,24810.22,24810.72,325,195,0,2026-07-23 19:30:00+00:00,2026-07-23 21:30:00+02:00
1784835300,24811.22,24815.71,24803.75,24814.21,375,195,0,2026-07-23 19:35:00+00:00,2026-07-23 21:35:00+02:00
1784835600,24814.71,24814.71,24802.76,24802.76,287,195,0,2026-07-23 19:40:00+00:00,2026-07-23 21:40:00+02:00
1784835900,24801.27,24801.27,24783.84,24784.33,292,195,0,2026-07-23 19:45:00+00:00,2026-07-23 21:45:00+02:00
1784836200,24783.84,24789.32,24776.37,24779.86,348,195,0,2026-07-23 19:50:00+00:00,2026-07-23 21:50:00+02:00
1784836500,24779.86,24794.81,24779.36,24790.82,384,195,0,2026-07-23 19:55:00+00:00,2026-07-23 21:55:00+02:00
1784836800,24791.82,24791.82,24768.41,24768.41,324,195,0,2026-07-23 20:00:00+00:00,2026-07-23 22:00:00+02:00
1784837100,24767.91,24782.36,24759.94,24781.87,398,195,0,2026-07-23 20:05:00+00:00,2026-07-23 22:05:00+02:00
1784837400,24782.36,24789.84,24779.87,24785.86,406,195,0,2026-07-23 20:10:00+00:00,2026-07-23 22:10:00+02:00
1784837700,24785.36,24798.81,24783.86,24792.34,405,195,0,2026-07-23 20:15:00+00:00,2026-07-23 22:15:00+02:00
1784838000,24792.84,24799.81,24786.86,24796.33,398,195,0,2026-07-23 20:20:00+00:00,2026-07-23 22:20:00+02:00
1784838300,24795.33,24801.31,24782.88,24782.88,348,195,0,2026-07-23 20:25:00+00:00,2026-07-23 22:25:00+02:00
1784838600,24781.89,24788.86,24777.9,24784.38,396,195,0,2026-07-23 20:30:00+00:00,2026-07-23 22:30:00+02:00
1784838900,24783.89,24785.38,24771.43,24774.92,401,195,0,2026-07-23 20:35:00+00:00,2026-07-23 22:35:00+02:00
1784839200,24775.42,24778.42,24767.95,24773.44,399,195,0,2026-07-23 20:40:00+00:00,2026-07-23 22:40:00+02:00
1784839500,24772.94,24785.39,24770.45,24779.92,379,195,0,2026-07-23 20:45:00+00:00,2026-07-23 22:45:00+02:00
1784839800,24779.42,24779.92,24769.96,24770.96,323,195,0,2026-07-23 20:50:00+00:00,2026-07-23 22:50:00+02:00
1784840100,24770.46,24770.96,24756.01,24756.02,249,195,0,2026-07-23 20:55:00+00:00,2026-07-23 22:55:00+02:00
1784840400,24756.51,24759.5,24747.05,24749.05,420,195,0,2026-07-23 21:00:00+00:00,2026-07-23 23:00:00+02:00
1784840700,24748.05,24753.53,24741.58,24741.58,282,195,0,2026-07-23 21:05:00+00:00,2026-07-23 23:05:00+02:00
1784841000,24740.58,24753.04,24736.1,24741.09,364,195,0,2026-07-23 21:10:00+00:00,2026-07-23 23:10:00+02:00
1784841300,24740.09,24753.54,24738.6,24750.56,330,195,0,2026-07-23 21:15:00+00:00,2026-07-23 23:15:00+02:00
1784841600,24750.06,24764.01,24750.06,24762.52,301,195,0,2026-07-23 21:20:00+00:00,2026-07-23 23:20:00+02:00
1784841900,24763.52,24766.51,24755.55,24765.02,371,195,0,2026-07-23 21:25:00+00:00,2026-07-23 23:25:00+02:00
1784842200,24764.52,24766.51,24756.05,24758.05,312,195,0,2026-07-23 21:30:00+00:00,2026-07-23 23:30:00+02:00
1784842500,24759.54,24759.54,24745.6,24750.08,234,195,0,2026-07-23 21:35:00+00:00,2026-07-23 23:35:00+02:00
1784842800,24749.58,24753.57,24748.09,24752.58,218,195,0,2026-07-23 21:40:00+00:00,2026-07-23 23:40:00+02:00
1784843100,24752.08,24763.54,24752.08,24757.07,268,195,0,2026-07-23 21:45:00+00:00,2026-07-23 23:45:00+02:00
1784843400,24756.07,24757.07,24744.62,24745.12,268,195,0,2026-07-23 21:50:00+00:00,2026-07-23 23:50:00+02:00
1784843700,24744.62,24752.59,24742.63,24752.59,235,195,0,2026-07-23 21:55:00+00:00,2026-07-23 23:55:00+02:00
1784844000,24753.09,24762.06,24748.61,24749.11,259,195,0,2026-07-23 22:00:00+00:00,2026-07-24 00:00:00+02:00
1784844300,24748.61,24755.59,24745.13,24745.63,203,195,0,2026-07-23 22:05:00+00:00,2026-07-24 00:05:00+02:00
1784844600,24745.13,24746.13,24738.66,24741.15,165,195,0,2026-07-23 22:10:00+00:00,2026-07-24 00:10:00+02:00
1784844900,24740.65,24753.11,24740.65,24745.64,265,195,0,2026-07-23 22:15:00+00:00,2026-07-24 00:15:00+02:00
1784845200,24746.64,24758.1,24746.14,24758.1,220,195,0,2026-07-23 22:20:00+00:00,2026-07-24 00:20:00+02:00
1784845500,24759.6,24764.58,24753.12,24757.61,270,195,0,2026-07-23 22:25:00+00:00,2026-07-24 00:25:00+02:00
1784845800,24757.11,24766.58,24741.67,24745.66,365,195,0,2026-07-23 22:30:00+00:00,2026-07-24 00:30:00+02:00
1784846100,24745.16,24751.14,24740.18,24740.18,279,195,0,2026-07-23 22:35:00+00:00,2026-07-24 00:35:00+02:00
1784846400,24739.69,24743.17,24728.73,24729.73,246,195,0,2026-07-23 22:40:00+00:00,2026-07-24 00:40:00+02:00
1784846700,24730.23,24731.22,24718.27,24722.26,252,195,0,2026-07-23 22:45:00+00:00,2026-07-24 00:45:00+02:00
1784847000,24722.76,24734.72,24716.29,24726.25,363,195,0,2026-07-23 22:50:00+00:00,2026-07-24 00:50:00+02:00
1784847300,24726.75,24752.16,24726.75,24745.19,379,195,0,2026-07-23 22:55:00+00:00,2026-07-24 00:55:00+02:00
1784847600,24743.36,24774.79,24743.36,24767.81,612,360,0,2026-07-23 23:00:00+00:00,2026-07-24 01:00:00+02:00
1784847900,24767.22,24769.48,24761.41,24766.87,395,360,0,2026-07-23 23:05:00+00:00,2026-07-24 01:05:00+02:00
1784848200,24767.16,24787.76,24767.16,24783.4,336,360,0,2026-07-23 23:10:00+00:00,2026-07-24 01:10:00+02:00
1784848500,24782.82,24800.38,24782.82,24798.64,289,360,0,2026-07-23 23:15:00+00:00,2026-07-24 01:15:00+02:00
1784848800,24798.35,24800.97,24792.48,24798.3,220,360,0,2026-07-23 23:20:00+00:00,2026-07-24 01:20:00+02:00
1784849100,24798.01,24799.47,24781.91,24783.65,238,360,0,2026-07-23 23:25:00+00:00,2026-07-24 01:25:00+02:00
1784849400,24783.07,24790.06,24780.74,24786.57,247,360,0,2026-07-23 23:30:00+00:00,2026-07-24 01:30:00+02:00
1784849700,24786.28,24789.48,24784.53,24786.57,131,360,0,2026-07-23 23:35:00+00:00,2026-07-24 01:35:00+02:00
1784850000,24785.99,24786.28,24777.27,24779.01,125,360,0,2026-07-23 23:40:00+00:00,2026-07-24 01:40:00+02:00
1784850300,24778.72,24779.89,24776.69,24777.86,122,360,0,2026-07-23 23:45:00+00:00,2026-07-24 01:45:00+02:00
1784850600,24777.56,24781.35,24776.69,24780.48,96,360,0,2026-07-23 23:50:00+00:00,2026-07-24 01:50:00+02:00
1784850900,24780.77,24785.72,24779.03,24784.85,142,360,0,2026-07-23 23:55:00+00:00,2026-07-24 01:55:00+02:00
1784855100,24762.23,24766.59,24761.36,24764.27,204,360,0,2026-07-24 01:05:00+00:00,2026-07-24 03:05:00+02:00
1784855400,24763.69,24763.69,24756.26,24760.33,194,360,0,2026-07-24 01:10:00+00:00,2026-07-24 03:10:00+02:00
1784855700,24760.04,24761.58,24756.34,24757.51,134,360,0,2026-07-24 01:15:00+00:00,2026-07-24 03:15:00+02:00
1784856000,24757.8,24771.48,24757.22,24769.15,191,360,0,2026-07-24 01:20:00+00:00,2026-07-24 03:20:00+02:00
1784856300,24768.57,24769.07,24763.83,24765.0,177,360,0,2026-07-24 01:25:00+00:00,2026-07-24 03:25:00+02:00
1784856600,24765.58,24772.49,24765.58,24768.71,155,360,0,2026-07-24 01:30:00+00:00,2026-07-24 03:30:00+02:00
1784856900,24768.42,24770.74,24764.35,24766.68,114,360,0,2026-07-24 01:35:00+00:00,2026-07-24 03:35:00+02:00
1784857200,24766.09,24770.17,24764.35,24769.59,138,360,0,2026-07-24 01:40:00+00:00,2026-07-24 03:40:00+02:00
1784857500,24769.01,24775.41,24769.01,24772.21,137,360,0,2026-07-24 01:45:00+00:00,2026-07-24 03:45:00+02:00
1784857800,24771.92,24774.92,24771.05,24774.05,110,360,0,2026-07-24 01:50:00+00:00,2026-07-24 03:50:00+02:00
1784858100,24774.34,24780.33,24774.34,24779.16,137,360,0,2026-07-24 01:55:00+00:00,2026-07-24 03:55:00+02:00
1784858400,24779.45,24781.66,24771.99,24772.57,167,360,0,2026-07-24 02:00:00+00:00,2026-07-24 04:00:00+02:00
1784858700,24772.86,24775.77,24771.12,24773.16,161,360,0,2026-07-24 02:05:00+00:00,2026-07-24 04:05:00+02:00
1784859000,24773.45,24773.45,24769.38,24772.87,97,360,0,2026-07-24 02:10:00+00:00,2026-07-24 04:10:00+02:00
1784859300,24772.58,24775.2,24769.97,24772.0,108,360,0,2026-07-24 02:15:00+00:00,2026-07-24 04:15:00+02:00
1784859600,24771.71,24775.2,24770.84,24772.88,105,360,0,2026-07-24 02:20:00+00:00,2026-07-24 04:20:00+02:00
1784859900,24773.17,24776.96,24771.72,24774.92,108,360,0,2026-07-24 02:25:00+00:00,2026-07-24 04:25:00+02:00
1784860200,24774.63,24775.8,24769.98,24774.06,119,360,0,2026-07-24 02:30:00+00:00,2026-07-24 04:30:00+02:00
1784860500,24774.35,24774.64,24767.66,24768.24,85,360,0,2026-07-24 02:35:00+00:00,2026-07-24 04:35:00+02:00
1784860800,24767.95,24774.65,24761.84,24771.74,255,360,0,2026-07-24 02:40:00+00:00,2026-07-24 04:40:00+02:00
1784861100,24772.9,24779.6,24768.83,24770.87,426,360,0,2026-07-24 02:45:00+00:00,2026-07-24 04:45:00+02:00
1784861400,24771.16,24773.49,24763.02,24765.35,294,360,0,2026-07-24 02:50:00+00:00,2026-07-24 04:50:00+02:00
1784861700,24765.93,24775.83,24765.06,24772.05,281,360,0,2026-07-24 02:55:00+00:00,2026-07-24 04:55:00+02:00
1784862900,24751.2,24756.43,24724.98,24742.98,138,195,0,2026-07-24 03:15:00+00:00,2026-07-24 05:15:00+02:00
1784863200,24740.49,24769.89,24739.5,24764.91,161,195,0,2026-07-24 03:20:00+00:00,2026-07-24 05:20:00+02:00
1784863500,24763.42,24766.9,24735.46,24749.47,131,195,0,2026-07-24 03:25:00+00:00,2026-07-24 05:25:00+02:00
1784863800,24751.47,24751.47,24737.52,24738.52,91,195,0,2026-07-24 03:30:00+00:00,2026-07-24 05:30:00+02:00
1784864100,24738.02,24754.96,24729.99,24748.99,116,195,0,2026-07-24 03:35:00+00:00,2026-07-24 05:35:00+02:00
1784864400,24750.48,24764.43,24746.5,24760.45,124,195,0,2026-07-24 03:40:00+00:00,2026-07-24 05:40:00+02:00
1784864700,24760.95,24775.9,24759.95,24764.94,114,195,0,2026-07-24 03:45:00+00:00,2026-07-24 05:45:00+02:00
1784865000,24764.44,24769.42,24748.0,24748.5,86,195,0,2026-07-24 03:50:00+00:00,2026-07-24 05:50:00+02:00
1784865300,24750.5,24769.93,24741.03,24766.44,104,195,0,2026-07-24 03:55:00+00:00,2026-07-24 05:55:00+02:00
1784865600,24768.44,24783.88,24766.44,24780.9,158,195,0,2026-07-24 04:00:00+00:00,2026-07-24 06:00:00+02:00
1784865900,24779.4,24781.4,24769.44,24774.43,114,195,0,2026-07-24 04:05:00+00:00,2026-07-24 06:05:00+02:00
1784866200,24775.42,24775.42,24755.5,24756.0,73,195,0,2026-07-24 04:10:00+00:00,2026-07-24 06:10:00+02:00
1784866500,24754.5,24769.45,24752.45,24765.97,97,195,0,2026-07-24 04:15:00+00:00,2026-07-24 06:15:00+02:00
1784866800,24765.47,24768.96,24751.95,24764.48,78,195,0,2026-07-24 04:20:00+00:00,2026-07-24 06:20:00+02:00
1784867100,24764.98,24782.42,24763.99,24763.99,126,195,0,2026-07-24 04:25:00+00:00,2026-07-24 06:25:00+02:00
1784867400,24765.48,24775.45,24751.47,24771.46,101,195,0,2026-07-24 04:30:00+00:00,2026-07-24 06:30:00+02:00
1784867700,24770.97,24770.97,24764.49,24765.49,59,195,0,2026-07-24 04:35:00+00:00,2026-07-24 06:35:00+02:00
1784868000,24765.99,24781.94,24760.51,24776.96,119,195,0,2026-07-24 04:40:00+00:00,2026-07-24 06:40:00+02:00
1784868300,24775.96,24779.95,24766.5,24767.0,86,195,0,2026-07-24 04:45:00+00:00,2026-07-24 06:45:00+02:00
1784868600,24764.01,24766.5,24752.55,24762.52,65,195,0,2026-07-24 04:50:00+00:00,2026-07-24 06:50:00+02:00
1784868900,24763.02,24763.02,24744.59,24750.57,49,195,0,2026-07-24 04:55:00+00:00,2026-07-24 06:55:00+02:00
1784869200,24754.55,24758.54,24746.58,24750.08,108,195,0,2026-07-24 05:00:00+00:00,2026-07-24 07:00:00+02:00
1784869500,24747.58,24750.08,24744.1,24748.59,43,195,0,2026-07-24 05:05:00+00:00,2026-07-24 07:05:00+02:00
1784869800,24752.07,24767.02,24752.07,24762.54,105,195,0,2026-07-24 05:10:00+00:00,2026-07-24 07:10:00+02:00
1784870100,24761.55,24763.04,24754.57,24759.06,69,195,0,2026-07-24 05:15:00+00:00,2026-07-24 07:15:00+02:00
1784870400,24759.56,24759.56,24747.11,24756.08,53,195,0,2026-07-24 05:20:00+00:00,2026-07-24 07:20:00+02:00
1784870700,24755.58,24763.55,24755.09,24758.07,94,195,0,2026-07-24 05:25:00+00:00,2026-07-24 07:25:00+02:00
1784871000,24758.57,24758.57,24745.13,24745.13,67,195,0,2026-07-24 05:30:00+00:00,2026-07-24 07:30:00+02:00
1784871300,24745.63,24745.63,24734.17,24738.66,27,195,0,2026-07-24 05:35:00+00:00,2026-07-24 07:35:00+02:00
1784871600,24737.66,24739.16,24729.69,24729.69,52,195,0,2026-07-24 05:40:00+00:00,2026-07-24 07:40:00+02:00
1784871900,24728.7,24729.2,24706.78,24707.78,84,195,0,2026-07-24 05:45:00+00:00,2026-07-24 07:45:00+02:00
1784872200,24708.28,24713.76,24704.3,24704.8,94,195,0,2026-07-24 05:50:00+00:00,2026-07-24 07:50:00+02:00
1784872500,24705.79,24716.25,24703.8,24705.3,78,195,0,2026-07-24 05:55:00+00:00,2026-07-24 07:55:00+02:00
1784872800,24705.8,24707.8,24695.84,24706.3,126,195,0,2026-07-24 06:00:00+00:00,2026-07-24 08:00:00+02:00
1784873100,24705.8,24712.28,24702.32,24702.32,117,195,0,2026-07-24 06:05:00+00:00,2026-07-24 08:05:00+02:00
1784873400,24702.82,24715.78,24700.33,24713.79,116,195,0,2026-07-24 06:10:00+00:00,2026-07-24 08:10:00+02:00
1784873700,24712.79,24732.22,24712.79,24725.25,115,195,0,2026-07-24 06:15:00+00:00,2026-07-24 08:15:00+02:00
1784874000,24725.75,24730.73,24719.27,24723.26,81,195,0,2026-07-24 06:20:00+00:00,2026-07-24 08:20:00+02:00
1784874300,24723.76,24733.23,24722.76,24728.25,122,195,0,2026-07-24 06:25:00+00:00,2026-07-24 08:25:00+02:00
1784874600,24727.25,24732.24,24713.81,24720.28,187,195,0,2026-07-24 06:30:00+00:00,2026-07-24 08:30:00+02:00
1784874900,24721.78,24731.75,24716.3,24725.77,162,195,0,2026-07-24 06:35:00+00:00,2026-07-24 08:35:00+02:00
1784875200,24726.27,24728.26,24718.3,24721.29,107,195,0,2026-07-24 06:40:00+00:00,2026-07-24 08:40:00+02:00
1784875500,24720.29,24732.25,24715.31,24729.27,140,195,0,2026-07-24 06:45:00+00:00,2026-07-24 08:45:00+02:00
1784875800,24728.27,24730.27,24722.3,24724.29,121,195,0,2026-07-24 06:50:00+00:00,2026-07-24 08:50:00+02:00
1784876100,24723.79,24723.79,24708.35,24713.34,64,195,0,2026-07-24 06:55:00+00:00,2026-07-24 08:55:00+02:00
1784876400,24713.83,24713.83,24705.37,24708.36,62,195,0,2026-07-24 07:00:00+00:00,2026-07-24 09:00:00+02:00
1784876700,24708.86,24726.8,24708.86,24724.81,65,195,0,2026-07-24 07:05:00+00:00,2026-07-24 09:05:00+02:00
1784877000,24723.81,24723.81,24706.88,24707.37,66,195,0,2026-07-24 07:10:00+00:00,2026-07-24 09:10:00+02:00
1784877300,24706.38,24717.34,24705.38,24710.87,44,195,0,2026-07-24 07:15:00+00:00,2026-07-24 09:15:00+02:00
1784877600,24710.87,24727.81,24707.38,24727.81,61,195,0,2026-07-24 07:20:00+00:00,2026-07-24 09:20:00+02:00
1784877900,24728.81,24737.78,24723.33,24731.3,75,195,0,2026-07-24 07:25:00+00:00,2026-07-24 09:25:00+02:00
1784878200,24730.81,24733.3,24722.84,24726.83,95,195,0,2026-07-24 07:30:00+00:00,2026-07-24 09:30:00+02:00
1784878500,24723.34,24730.81,24715.37,24715.37,52,195,0,2026-07-24 07:35:00+00:00,2026-07-24 09:35:00+02:00
1784878800,24720.85,24720.85,24700.43,24712.39,49,195,0,2026-07-24 07:40:00+00:00,2026-07-24 09:40:00+02:00
1784879100,24712.89,24716.88,24705.92,24716.88,76,195,0,2026-07-24 07:45:00+00:00,2026-07-24 09:45:00+02:00
1784879400,24715.88,24735.32,24715.88,24734.32,79,195,0,2026-07-24 07:50:00+00:00,2026-07-24 09:50:00+02:00
1784879700,24735.32,24741.8,24730.84,24740.31,46,195,0,2026-07-24 07:55:00+00:00,2026-07-24 09:55:00+02:00
1784880000,24740.8,24744.29,24733.33,24736.33,74,195,0,2026-07-24 08:00:00+00:00,2026-07-24 10:00:00+02:00
1784880300,24737.32,24763.23,24737.32,24757.25,74,195,0,2026-07-24 08:05:00+00:00,2026-07-24 10:05:00+02:00
1784880600,24757.26,24762.74,24750.78,24759.75,58,195,0,2026-07-24 08:10:00+00:00,2026-07-24 10:10:00+02:00
1784880900,24759.75,24768.22,24752.28,24763.24,131,195,0,2026-07-24 08:15:00+00:00,2026-07-24 10:15:00+02:00
1784881200,24762.25,24771.72,24761.75,24767.73,71,195,0,2026-07-24 08:20:00+00:00,2026-07-24 10:20:00+02:00
1784881500,24767.73,24776.21,24764.74,24767.24,93,195,0,2026-07-24 08:25:00+00:00,2026-07-24 10:25:00+02:00
1784881800,24769.23,24773.22,24757.28,24767.25,127,195,0,2026-07-24 08:30:00+00:00,2026-07-24 10:30:00+02:00
1784882100,24766.75,24767.25,24752.8,24765.76,108,195,0,2026-07-24 08:35:00+00:00,2026-07-24 10:35:00+02:00
1784882400,24766.75,24775.23,24756.29,24773.73,147,195,0,2026-07-24 08:40:00+00:00,2026-07-24 10:40:00+02:00
1784882700,24773.24,24789.68,24771.74,24779.72,105,195,0,2026-07-24 08:45:00+00:00,2026-07-24 10:45:00+02:00
1784883000,24780.71,24784.2,24770.26,24770.26,114,195,0,2026-07-24 08:50:00+00:00,2026-07-24 10:50:00+02:00
1784883300,24765.28,24770.26,24755.81,24757.81,112,195,0,2026-07-24 08:55:00+00:00,2026-07-24 10:55:00+02:00
1784883600,24758.31,24762.93,24732.04,24734.53,189,195,0,2026-07-24 09:00:00+00:00,2026-07-24 11:00:00+02:00
1784883900,24734.04,24750.48,24729.55,24746.99,260,195,0,2026-07-24 09:05:00+00:00,2026-07-24 11:05:00+02:00
1784884200,24747.49,24766.43,24747.49,24750.49,223,195,0,2026-07-24 09:10:00+00:00,2026-07-24 11:10:00+02:00
1784884500,24751.48,24774.91,24747.0,24774.41,276,195,0,2026-07-24 09:15:00+00:00,2026-07-24 11:15:00+02:00
1784884800,24774.91,24785.37,24773.41,24776.9,257,195,0,2026-07-24 09:20:00+00:00,2026-07-24 11:20:00+02:00
1784885100,24775.41,24782.88,24740.04,24745.02,271,195,0,2026-07-24 09:25:00+00:00,2026-07-24 11:25:00+02:00
1784885400,24746.02,24755.96,24736.02,24755.96,328,195,0,2026-07-24 09:30:00+00:00,2026-07-24 11:30:00+02:00
1784885700,24755.46,24766.42,24751.97,24752.97,232,195,0,2026-07-24 09:35:00+00:00,2026-07-24 11:35:00+02:00
1784886000,24751.98,24756.96,24740.99,24740.99,164,195,0,2026-07-24 09:40:00+00:00,2026-07-24 11:40:00+02:00
1784886300,24740.49,24744.01,24716.98,24720.96,221,195,0,2026-07-24 09:45:00+00:00,2026-07-24 11:45:00+02:00
1784886600,24720.46,24737.91,24709.24,24734.92,317,195,0,2026-07-24 09:50:00+00:00,2026-07-24 11:50:00+02:00
1784886900,24734.42,24754.85,24718.98,24741.9,354,195,0,2026-07-24 09:55:00+00:00,2026-07-24 11:55:00+02:00
1784887200,24742.89,24842.04,24733.43,24830.08,939,195,0,2026-07-24 10:00:00+00:00,2026-07-24 12:00:00+02:00
1784887500,24829.59,24866.54,24821.19,24865.56,656,195,0,2026-07-24 10:05:00+00:00,2026-07-24 12:05:00+02:00
1784887800,24864.56,24896.02,24858.82,24893.98,566,195,0,2026-07-24 10:10:00+00:00,2026-07-24 12:10:00+02:00
1784888100,24895.47,24908.83,24875.54,24905.35,616,195,0,2026-07-24 10:15:00+00:00,2026-07-24 12:15:00+02:00
1784888400,24905.85,24924.93,24894.53,24917.11,575,195,0,2026-07-24 10:20:00+00:00,2026-07-24 12:20:00+02:00
1784888700,24916.61,24947.65,24909.84,24912.85,475,195,0,2026-07-24 10:25:00+00:00,2026-07-24 12:25:00+02:00
1784889000,24913.35,24921.37,24895.97,24910.59,521,195,0,2026-07-24 10:30:00+00:00,2026-07-24 12:30:00+02:00
1784889300,24910.09,24921.45,24894.11,24908.13,525,195,0,2026-07-24 10:35:00+00:00,2026-07-24 12:35:00+02:00
1784889600,24907.13,24909.11,24882.09,24897.57,482,195,0,2026-07-24 10:40:00+00:00,2026-07-24 12:40:00+02:00
1784889900,24897.07,24913.82,24889.12,24893.13,509,195,0,2026-07-24 10:45:00+00:00,2026-07-24 12:45:00+02:00
1784890200,24893.62,24905.13,24877.31,24897.15,498,195,0,2026-07-24 10:50:00+00:00,2026-07-24 12:50:00+02:00
1784890500,24898.14,24904.6,24882.6,24888.5,351,195,0,2026-07-24 10:55:00+00:00,2026-07-24 12:55:00+02:00
1784890800,24888.0,24888.0,24859.06,24874.79,473,195,0,2026-07-24 11:00:00+00:00,2026-07-24 13:00:00+02:00
1784891100,24875.79,24898.0,24859.96,24892.02,559,195,0,2026-07-24 11:05:00+00:00,2026-07-24 13:05:00+02:00
1784891400,24892.52,24899.25,24871.59,24892.81,573,195,0,2026-07-24 11:10:00+00:00,2026-07-24 13:10:00+02:00
1784891700,24893.31,24911.55,24884.35,24893.99,535,195,0,2026-07-24 11:15:00+00:00,2026-07-24 13:15:00+02:00
1784892000,24894.49,24912.4,24888.52,24912.36,462,195,0,2026-07-24 11:20:00+00:00,2026-07-24 13:20:00+02:00
1784892300,24911.37,24940.74,24902.38,24937.27,395,195,0,2026-07-24 11:25:00+00:00,2026-07-24 13:25:00+02:00
1784892600,24936.27,24967.22,24932.79,24957.85,442,195,0,2026-07-24 11:30:00+00:00,2026-07-24 13:30:00+02:00
1784892900,24956.37,24971.4,24946.54,24963.01,465,195,0,2026-07-24 11:35:00+00:00,2026-07-24 13:35:00+02:00
1784893200,24963.5,24972.49,24936.32,24941.8,409,195,0,2026-07-24 11:40:00+00:00,2026-07-24 13:40:00+02:00
1784893500,24942.29,24967.36,24938.64,24946.54,408,195,0,2026-07-24 11:45:00+00:00,2026-07-24 13:45:00+02:00
1784893800,24946.05,24957.89,24932.59,24940.53,376,195,0,2026-07-24 11:50:00+00:00,2026-07-24 13:50:00+02:00
1784894100,24940.03,24947.93,24935.37,24941.59,408,195,0,2026-07-24 11:55:00+00:00,2026-07-24 13:55:00+02:00
1784894400,24941.58,24959.72,24931.53,24958.18,458,195,0,2026-07-24 12:00:00+00:00,2026-07-24 14:00:00+02:00
1784894700,24958.68,24980.81,24956.67,24977.82,432,195,0,2026-07-24 12:05:00+00:00,2026-07-24 14:05:00+02:00
1784895000,24976.82,24979.49,24956.27,24965.15,391,195,0,2026-07-24 12:10:00+00:00,2026-07-24 14:10:00+02:00
1784895300,24966.15,24977.67,24952.24,24963.69,362,195,0,2026-07-24 12:15:00+00:00,2026-07-24 14:15:00+02:00
1784895600,24964.19,24984.01,24960.71,24975.91,340,195,0,2026-07-24 12:20:00+00:00,2026-07-24 14:20:00+02:00
1784895900,24974.41,24979.89,24963.59,24970.67,344,195,0,2026-07-24 12:25:00+00:00,2026-07-24 14:25:00+02:00
1784896200,24970.68,24991.22,24963.4,24986.36,373,195,0,2026-07-24 12:30:00+00:00,2026-07-24 14:30:00+02:00
1784896500,24986.86,25004.48,24983.45,25003.0,316,195,0,2026-07-24 12:35:00+00:00,2026-07-24 14:35:00+02:00
1784896800,25003.5,25003.99,24986.11,24986.6,312,195,0,2026-07-24 12:40:00+00:00,2026-07-24 14:40:00+02:00
1784897100,24987.1,25000.61,24986.86,24992.02,315,195,0,2026-07-24 12:45:00+00:00,2026-07-24 14:45:00+02:00
1784897400,24993.02,25004.58,24990.79,24993.92,354,195,0,2026-07-24 12:50:00+00:00,2026-07-24 14:50:00+02:00
1784897700,24994.92,25003.94,24990.63,24992.7,364,195,0,2026-07-24 12:55:00+00:00,2026-07-24 14:55:00+02:00
1784898000,24993.2,24997.19,24980.82,24983.29,331,195,0,2026-07-24 13:00:00+00:00,2026-07-24 15:00:00+02:00
1784898300,24983.28,24992.17,24973.91,24976.29,307,195,0,2026-07-24 13:05:00+00:00,2026-07-24 15:05:00+02:00
1784898600,24976.78,24977.76,24953.79,24962.55,319,195,0,2026-07-24 13:10:00+00:00,2026-07-24 15:10:00+02:00
1784898900,24961.55,24964.56,24950.13,24950.63,271,195,0,2026-07-24 13:15:00+00:00,2026-07-24 15:15:00+02:00
1784899200,24951.62,24958.36,24941.15,24952.92,304,195,0,2026-07-24 13:20:00+00:00,2026-07-24 15:20:00+02:00
1784899500,24951.93,24965.36,24947.46,24964.32,313,195,0,2026-07-24 13:25:00+00:00,2026-07-24 15:25:00+02:00
1784899800,24963.32,24978.88,24951.78,24953.8,338,195,0,2026-07-24 13:30:00+00:00,2026-07-24 15:30:00+02:00
1784900100,24954.8,24961.69,24946.94,24960.28,327,195,0,2026-07-24 13:35:00+00:00,2026-07-24 15:35:00+02:00
1784900400,24959.79,24971.61,24959.61,24964.19,296,195,0,2026-07-24 13:40:00+00:00,2026-07-24 15:40:00+02:00
1784900700,24964.2,24977.21,24964.2,24971.95,249,195,0,2026-07-24 13:45:00+00:00,2026-07-24 15:45:00+02:00
1784901000,24972.45,24977.54,24958.67,24960.08,336,195,0,2026-07-24 13:50:00+00:00,2026-07-24 15:50:00+02:00
1784901300,24959.58,24972.98,24959.09,24960.52,267,195,0,2026-07-24 13:55:00+00:00,2026-07-24 15:55:00+02:00
1784901600,24959.52,24983.94,24955.54,24966.01,374,195,0,2026-07-24 14:00:00+00:00,2026-07-24 16:00:00+02:00
1784901900,24964.51,24972.98,24937.12,24941.1,364,195,0,2026-07-24 14:05:00+00:00,2026-07-24 16:05:00+02:00
1784902200,24942.1,24955.86,24937.81,24951.02,340,195,0,2026-07-24 14:10:00+00:00,2026-07-24 16:10:00+02:00
1784902500,24950.52,24953.01,24940.42,24941.3,314,195,0,2026-07-24 14:15:00+00:00,2026-07-24 16:15:00+02:00
1784902800,24940.8,24943.82,24925.52,24939.33,337,195,0,2026-07-24 14:20:00+00:00,2026-07-24 16:20:00+02:00
1784903100,24938.83,24939.42,24923.64,24937.91,310,195,0,2026-07-24 14:25:00+00:00,2026-07-24 16:25:00+02:00
1784903400,24938.91,24947.76,24934.0,24944.19,359,195,0,2026-07-24 14:30:00+00:00,2026-07-24 16:30:00+02:00
1784903700,24945.19,24946.19,24922.4,24923.93,412,195,0,2026-07-24 14:35:00+00:00,2026-07-24 16:35:00+02:00
1784904000,24924.42,24935.75,24915.09,24925.64,329,195,0,2026-07-24 14:40:00+00:00,2026-07-24 16:40:00+02:00
1784904300,24926.14,24937.98,24919.93,24925.88,402,195,0,2026-07-24 14:45:00+00:00,2026-07-24 16:45:00+02:00
1784904600,24926.38,24935.28,24915.16,24932.22,342,195,0,2026-07-24 14:50:00+00:00,2026-07-24 16:50:00+02:00
1784904900,24932.21,24983.13,24927.61,24965.39,554,195,0,2026-07-24 14:55:00+00:00,2026-07-24 16:55:00+02:00
1784905200,24965.89,24969.97,24942.36,24946.33,582,195,0,2026-07-24 15:00:00+00:00,2026-07-24 17:00:00+02:00
1784905500,24946.82,24972.34,24936.4,24968.82,412,195,0,2026-07-24 15:05:00+00:00,2026-07-24 17:05:00+02:00
1784905800,24969.32,24982.36,24965.33,24976.43,340,195,0,2026-07-24 15:10:00+00:00,2026-07-24 17:10:00+02:00
1784906100,24975.93,24986.26,24970.53,24973.14,398,195,0,2026-07-24 15:15:00+00:00,2026-07-24 17:15:00+02:00
1784906400,24972.14,24972.65,24949.82,24957.28,375,195,0,2026-07-24 15:20:00+00:00,2026-07-24 17:20:00+02:00
1784906700,24957.77,24959.54,24929.43,24952.93,403,195,0,2026-07-24 15:25:00+00:00,2026-07-24 17:25:00+02:00
1784907000,24951.93,24965.66,24940.95,24948.87,353,195,0,2026-07-24 15:30:00+00:00,2026-07-24 17:30:00+02:00
1784907300,24949.36,24957.21,24941.17,24950.72,383,195,0,2026-07-24 15:35:00+00:00,2026-07-24 17:35:00+02:00
1784907600,24950.22,24953.26,24932.63,24935.21,348,195,0,2026-07-24 15:40:00+00:00,2026-07-24 17:40:00+02:00
1784907900,24935.71,24942.13,24924.48,24928.1,343,195,0,2026-07-24 15:45:00+00:00,2026-07-24 17:45:00+02:00
1784908200,24928.6,24933.17,24916.21,24917.7,313,195,0,2026-07-24 15:50:00+00:00,2026-07-24 17:50:00+02:00
1784908500,24917.2,24920.19,24903.32,24910.91,382,195,0,2026-07-24 15:55:00+00:00,2026-07-24 17:55:00+02:00
1784908800,24910.42,24937.88,24910.42,24921.66,445,195,0,2026-07-24 16:00:00+00:00,2026-07-24 18:00:00+02:00
1784909100,24920.17,24924.81,24911.11,24912.05,368,195,0,2026-07-24 16:05:00+00:00,2026-07-24 18:05:00+02:00
1784909400,24912.55,24931.85,24912.05,24925.51,359,195,0,2026-07-24 16:10:00+00:00,2026-07-24 18:10:00+02:00
1784909700,24925.0,24943.57,24922.97,24934.7,358,195,0,2026-07-24 16:15:00+00:00,2026-07-24 18:15:00+02:00
1784910000,24935.2,24951.15,24935.2,24951.13,392,195,0,2026-07-24 16:20:00+00:00,2026-07-24 18:20:00+02:00
1784910300,24952.62,24969.98,24945.17,24961.53,429,195,0,2026-07-24 16:25:00+00:00,2026-07-24 18:25:00+02:00
1784910600,24962.03,24975.19,24949.1,24959.01,764,195,0,2026-07-24 16:30:00+00:00,2026-07-24 18:30:00+02:00
1784910900,24958.51,24987.93,24957.02,24970.51,670,195,0,2026-07-24 16:35:00+00:00,2026-07-24 18:35:00+02:00
1784911200,24970.01,24977.57,24942.27,24948.22,616,195,0,2026-07-24 16:40:00+00:00,2026-07-24 18:40:00+02:00
1784911500,24947.72,24995.13,24944.24,24991.69,656,195,0,2026-07-24 16:45:00+00:00,2026-07-24 18:45:00+02:00
1784911800,24991.19,24994.22,24958.95,24959.95,704,195,0,2026-07-24 16:50:00+00:00,2026-07-24 18:50:00+02:00
1784912100,24959.45,24963.96,24940.28,24950.39,589,195,0,2026-07-24 16:55:00+00:00,2026-07-24 18:55:00+02:00
1784912400,24949.39,24985.93,24940.94,24954.27,669,195,0,2026-07-24 17:00:00+00:00,2026-07-24 19:00:00+02:00
1784912700,24954.77,24987.67,24951.04,24982.19,721,195,0,2026-07-24 17:05:00+00:00,2026-07-24 19:05:00+02:00
1784913000,24981.69,24998.62,24980.3,24992.21,607,195,0,2026-07-24 17:10:00+00:00,2026-07-24 19:10:00+02:00
1784913300,24992.7,24996.69,24968.8,24987.17,663,195,0,2026-07-24 17:15:00+00:00,2026-07-24 19:15:00+02:00
1784913600,24987.67,24990.15,24967.92,24974.9,702,195,0,2026-07-24 17:20:00+00:00,2026-07-24 19:20:00+02:00
1784913900,24975.9,24987.29,24963.95,24966.09,655,195,0,2026-07-24 17:25:00+00:00,2026-07-24 19:25:00+02:00
1784914200,24966.59,24983.43,24963.61,24972.92,576,195,0,2026-07-24 17:30:00+00:00,2026-07-24 19:30:00+02:00
1784914500,24973.92,24989.32,24952.34,24952.36,605,195,0,2026-07-24 17:35:00+00:00,2026-07-24 19:35:00+02:00
1784914800,24954.35,24971.14,24954.35,24957.92,607,195,0,2026-07-24 17:40:00+00:00,2026-07-24 19:40:00+02:00
1784915100,24957.42,24967.8,24935.66,24966.79,669,195,0,2026-07-24 17:45:00+00:00,2026-07-24 19:45:00+02:00
1784915400,24965.8,24979.68,24964.41,24968.49,563,195,0,2026-07-24 17:50:00+00:00,2026-07-24 19:50:00+02:00
1784915700,24967.99,25000.21,24967.99,24994.47,508,195,0,2026-07-24 17:55:00+00:00,2026-07-24 19:55:00+02:00
1784916000,24995.47,25002.43,24981.63,24986.26,526,195,0,2026-07-24 18:00:00+00:00,2026-07-24 20:00:00+02:00
1784916300,24986.25,24995.07,24980.3,24980.84,523,195,0,2026-07-24 18:05:00+00:00,2026-07-24 20:05:00+02:00
1784916600,24980.34,25055.79,24978.85,25050.29,865,195,0,2026-07-24 18:10:00+00:00,2026-07-24 20:10:00+02:00
1784916900,25048.79,25077.2,25044.32,25054.98,873,195,0,2026-07-24 18:15:00+00:00,2026-07-24 20:15:00+02:00
1784917200,25054.48,25073.37,25054.48,25064.3,581,195,0,2026-07-24 18:20:00+00:00,2026-07-24 20:20:00+02:00
1784917500,25064.8,25097.35,25062.32,25089.94,502,195,0,2026-07-24 18:25:00+00:00,2026-07-24 20:25:00+02:00
1784917800,25090.44,25106.39,25080.48,25095.93,625,195,0,2026-07-24 18:30:00+00:00,2026-07-24 20:30:00+02:00
1784918100,25096.43,25127.82,25087.46,25124.34,516,195,0,2026-07-24 18:35:00+00:00,2026-07-24 20:35:00+02:00
1784918400,25124.83,25135.8,25110.89,25116.87,477,195,0,2026-07-24 18:40:00+00:00,2026-07-24 20:40:00+02:00
1784918700,25116.37,25119.36,25101.43,25103.42,384,195,0,2026-07-24 18:45:00+00:00,2026-07-24 20:45:00+02:00
1784919000,25103.92,25109.9,25094.46,25104.42,321,195,0,2026-07-24 18:50:00+00:00,2026-07-24 20:50:00+02:00
1784919300,25104.92,25112.4,25100.44,25111.41,320,195,0,2026-07-24 18:55:00+00:00,2026-07-24 20:55:00+02:00
1784919600,25111.9,25124.36,25108.42,25123.37,286,195,0,2026-07-24 19:00:00+00:00,2026-07-24 21:00:00+02:00
1784919900,25123.87,25124.87,25113.41,25118.89,269,195,0,2026-07-24 19:05:00+00:00,2026-07-24 21:05:00+02:00
1784920200,25119.39,25128.86,25112.42,25114.91,261,195,0,2026-07-24 19:10:00+00:00,2026-07-24 21:10:00+02:00
1784920500,25114.41,25119.4,25107.94,25112.42,238,195,0,2026-07-24 19:15:00+00:00,2026-07-24 21:15:00+02:00
1784920800,25112.92,25121.4,25112.42,25118.91,178,195,0,2026-07-24 19:20:00+00:00,2026-07-24 21:20:00+02:00
1784921100,25119.4,25125.39,25115.42,25115.42,230,195,0,2026-07-24 19:25:00+00:00,2026-07-24 21:25:00+02:00
1784921400,25115.92,25116.92,25101.48,25108.46,312,195,0,2026-07-24 19:30:00+00:00,2026-07-24 21:30:00+02:00
1784921700,25107.46,25109.95,25096.5,25097.5,224,195,0,2026-07-24 19:35:00+00:00,2026-07-24 21:35:00+02:00
1784922000,25097.0,25100.49,25089.53,25095.51,297,195,0,2026-07-24 19:40:00+00:00,2026-07-24 21:40:00+02:00
1784922300,25096.01,25099.0,25083.56,25088.54,334,195,0,2026-07-24 19:45:00+00:00,2026-07-24 21:45:00+02:00
1784922600,25088.05,25096.52,25081.57,25093.03,336,195,0,2026-07-24 19:50:00+00:00,2026-07-24 21:50:00+02:00
1784922900,25093.53,25110.97,25092.04,25107.99,262,195,0,2026-07-24 19:55:00+00:00,2026-07-24 21:55:00+02:00
1784923200,25107.49,25111.97,25097.03,25105.0,293,195,0,2026-07-24 20:00:00+00:00,2026-07-24 22:00:00+02:00
1784923500,25104.5,25111.98,25064.65,25066.15,476,195,0,2026-07-24 20:05:00+00:00,2026-07-24 22:05:00+02:00
1784923800,25065.65,25080.1,25060.17,25078.61,305,195,0,2026-07-24 20:10:00+00:00,2026-07-24 22:10:00+02:00
1784924100,25078.11,25096.55,25074.12,25096.55,174,195,0,2026-07-24 20:15:00+00:00,2026-07-24 22:15:00+02:00
1784924400,25098.04,25103.53,25093.07,25103.53,133,195,0,2026-07-24 20:20:00+00:00,2026-07-24 22:20:00+02:00
1784924700,25104.53,25119.98,25100.04,25119.98,149,195,0,2026-07-24 20:25:00+00:00,2026-07-24 22:25:00+02:00
1784925000,25120.47,25123.47,25114.0,25118.99,239,195,0,2026-07-24 20:30:00+00:00,2026-07-24 22:30:00+02:00
1784925300,25118.49,25118.99,25099.56,25101.55,210,195,0,2026-07-24 20:35:00+00:00,2026-07-24 22:35:00+02:00
1784925600,25101.06,25101.06,25091.59,25092.09,252,195,0,2026-07-24 20:40:00+00:00,2026-07-24 22:40:00+02:00
1784925900,25091.6,25101.06,25089.6,25098.58,241,195,0,2026-07-24 20:45:00+00:00,2026-07-24 22:45:00+02:00
1784926200,25100.07,25102.56,25088.12,25094.1,293,195,0,2026-07-24 20:50:00+00:00,2026-07-24 22:50:00+02:00
1784926500,25095.09,25098.58,25089.62,25089.62,230,195,0,2026-07-24 20:55:00+00:00,2026-07-24 22:55:00+02:00
1784926800,25089.12,25093.61,25086.63,25087.63,247,195,0,2026-07-24 21:00:00+00:00,2026-07-24 23:00:00+02:00
1784927100,25088.13,25097.6,25086.64,25092.12,255,195,0,2026-07-24 21:05:00+00:00,2026-07-24 23:05:00+02:00
1784927400,25092.62,25093.62,25081.66,25084.16,201,195,0,2026-07-24 21:10:00+00:00,2026-07-24 23:10:00+02:00
1784927700,25084.65,25088.14,25075.69,25077.19,282,195,0,2026-07-24 21:15:00+00:00,2026-07-24 23:15:00+02:00
1784928000,25076.69,25080.68,25072.7,25078.69,333,195,0,2026-07-24 21:20:00+00:00,2026-07-24 23:20:00+02:00
1784928300,25078.19,25079.68,25064.24,25066.74,273,195,0,2026-07-24 21:25:00+00:00,2026-07-24 23:25:00+02:00
1784928600,25067.23,25067.73,25044.82,25048.81,337,195,0,2026-07-24 21:30:00+00:00,2026-07-24 23:30:00+02:00
1784928900,25048.31,25062.26,25039.34,25056.28,430,195,0,2026-07-24 21:35:00+00:00,2026-07-24 23:35:00+02:00
1784929200,25055.79,25056.28,25038.85,25045.33,310,195,0,2026-07-24 21:40:00+00:00,2026-07-24 23:40:00+02:00
1784929500,25045.83,25064.76,25042.84,25056.79,325,195,0,2026-07-24 21:45:00+00:00,2026-07-24 23:45:00+02:00
1784929800,25057.79,25062.28,25052.81,25054.81,367,195,0,2026-07-24 21:50:00+00:00,2026-07-24 23:50:00+02:00
1784930100,25055.3,25067.76,25053.31,25060.29,358,195,0,2026-07-24 21:55:00+00:00,2026-07-24 23:55:00+02:00
1784930400,25060.79,25068.27,25053.32,25059.3,405,195,0,2026-07-24 22:00:00+00:00,2026-07-25 00:00:00+02:00
1784930700,25058.31,25065.78,25046.85,25048.35,318,195,0,2026-07-24 22:05:00+00:00,2026-07-25 00:05:00+02:00
1784931000,25047.85,25051.83,25034.9,25034.9,271,195,0,2026-07-24 22:10:00+00:00,2026-07-25 00:10:00+02:00
1784931300,25035.4,25046.36,25023.94,25043.87,287,195,0,2026-07-24 22:15:00+00:00,2026-07-25 00:15:00+02:00
1784931600,25043.38,25048.36,25028.44,25029.93,339,195,0,2026-07-24 22:20:00+00:00,2026-07-25 00:20:00+02:00
1784931900,25031.42,25044.38,25027.44,25036.91,304,195,0,2026-07-24 22:25:00+00:00,2026-07-25 00:25:00+02:00
1784932200,25037.41,25055.35,25037.41,25046.38,434,195,0,2026-07-24 22:30:00+00:00,2026-07-25 00:30:00+02:00
1784932500,25044.89,25066.32,25043.39,25058.84,486,195,0,2026-07-24 22:35:00+00:00,2026-07-25 00:35:00+02:00
1784932800,25058.34,25067.32,25055.36,25066.82,269,195,0,2026-07-24 22:40:00+00:00,2026-07-25 00:40:00+02:00
1784933100,25068.31,25074.8,25061.84,25074.8,195,195,0,2026-07-24 22:45:00+00:00,2026-07-25 00:45:00+02:00
1784933400,25076.29,25076.79,25057.86,25072.31,299,195,0,2026-07-24 22:50:00+00:00,2026-07-25 00:50:00+02:00
1784933700,25072.81,25077.8,25061.35,25077.8,281,195,0,2026-07-24 22:55:00+00:00,2026-07-25 00:55:00+02:00
