time,open,high,low,close,tick_volume,spread,real_volume
2026-05-15 01:00:00+00:00,4652.67,4654.03,4646.62,4649.27,256,33,0
2026-05-15 01:01:00+00:00,4649.67,4651.52,4646.96,4648.84,231,32,0
2026-05-15 01:02:00+00:00,4649.5,4651.5,4649.5,4650.92,149,33,0
2026-05-15 01:03:00+00:00,4650.98,4651.83,4650.44,4651.36,145,33,0
2026-05-15 01:04:00+00:00,4651.31,4653.77,4651.24,4652.91,177,32,0
2026-05-15 01:05:00+00:00,4652.83,4654.54,4651.54,4653.96,174,32,0
2026-05-15 01:06:00+00:00,4653.99,4657.24,4653.69,4657.23,177,32,0
2026-05-15 01:07:00+00:00,4657.02,4657.48,4655.92,4656.17,140,31,0
2026-05-15 01:08:00+00:00,4656.2,4656.26,4654.19,4655.79,102,29,0
2026-05-15 01:09:00+00:00,4655.86,4655.86,4654.32,4655.72,80,31,0
2026-05-15 01:10:00+00:00,4655.62,4658.03,4655.39,4657.02,168,32,0
2026-05-15 01:11:00+00:00,4656.99,4657.2,4655.84,4656.68,151,32,0
2026-05-15 01:12:00+00:00,4656.63,4656.79,4655.25,4655.3,119,32,0
2026-05-15 01:13:00+00:00,4655.19,4655.21,4653.92,4654.43,127,31,0
2026-05-15 01:14:00+00:00,4654.44,4655.48,4654.44,4655.27,111,46,0
2026-05-15 01:15:00+00:00,4655.2,4657.28,4655.15,4656.86,161,46,0
2026-05-15 01:16:00+00:00,4656.88,4657.84,4656.48,4656.92,156,31,0
2026-05-15 01:17:00+00:00,4656.96,4657.7,4656.83,4656.91,208,30,0
2026-05-15 01:18:00+00:00,4656.95,4658.98,4655.94,4658.94,249,29,0
2026-05-15 01:19:00+00:00,4658.89,4659.17,4658.27,4658.97,186,33,0
2026-05-15 01:20:00+00:00,4659.06,4659.14,4658.38,4658.73,184,29,0
2026-05-15 01:21:00+00:00,4658.82,4658.92,4657.77,4658.42,165,31,0
2026-05-15 01:22:00+00:00,4658.43,4659.28,4658.43,4658.98,143,32,0
2026-05-15 01:23:00+00:00,4658.99,4658.99,4657.42,4657.42,119,31,0
2026-05-15 01:24:00+00:00,4657.4,4658.12,4657.4,4657.92,121,32,0
2026-05-15 01:25:00+00:00,4657.93,4658.15,4657.28,4657.67,146,32,0
2026-05-15 01:26:00+00:00,4657.7,4658.82,4657.65,4658.63,138,32,0
2026-05-15 01:27:00+00:00,4658.67,4658.99,4657.58,4657.83,132,32,0
2026-05-15 01:28:00+00:00,4657.87,4659.29,4657.61,4659.27,174,32,0
2026-05-15 01:29:00+00:00,4659.29,4659.3,4658.7,4658.89,155,31,0
2026-05-15 01:30:00+00:00,4658.9,4659.65,4658.67,4659.28,204,20,0
2026-05-15 01:31:00+00:00,4659.25,4662.2,4659.21,4661.68,283,30,0
2026-05-15 01:32:00+00:00,4661.63,4662.36,4661.41,4661.64,161,30,0
2026-05-15 01:33:00+00:00,4661.69,4661.72,4659.79,4659.79,106,30,0
2026-05-15 01:34:00+00:00,4659.53,4660.62,4658.76,4660.6,62,28,0
2026-05-15 01:35:00+00:00,4660.61,4661.8,4660.42,4661.39,86,31,0
2026-05-15 01:36:00+00:00,4661.4,4661.52,4660.11,4660.33,151,31,0
2026-05-15 01:37:00+00:00,4660.39,4660.39,4658.99,4659.46,131,32,0
2026-05-15 01:38:00+00:00,4659.48,4659.86,4659.04,4659.64,69,31,0
2026-05-15 01:39:00+00:00,4659.6,4660.89,4659.39,4660.84,83,31,0
2026-05-15 01:40:00+00:00,4660.77,4661.49,4660.0,4660.93,98,31,0
2026-05-15 01:41:00+00:00,4660.95,4662.2,4660.95,4661.92,127,31,0
2026-05-15 01:42:00+00:00,4661.94,4662.27,4661.81,4662.04,124,31,0
2026-05-15 01:43:00+00:00,4662.07,4662.38,4661.57,4661.78,101,27,0
2026-05-15 01:44:00+00:00,4661.8,4661.83,4661.04,4661.82,183,29,0
2026-05-15 01:45:00+00:00,4661.85,4662.09,4661.66,4661.87,117,31,0
2026-05-15 01:46:00+00:00,4661.81,4661.81,4661.09,4661.44,149,31,0
2026-05-15 01:47:00+00:00,4661.43,4661.54,4661.14,4661.42,106,30,0
2026-05-15 01:48:00+00:00,4661.43,4661.46,4660.97,4661.06,68,31,0
2026-05-15 01:49:00+00:00,4661.04,4661.44,4660.89,4661.17,83,31,0
2026-05-15 01:50:00+00:00,4661.19,4661.2,4660.43,4660.54,59,31,0
2026-05-15 01:51:00+00:00,4660.55,4660.95,4660.05,4660.73,117,31,0
2026-05-15 01:52:00+00:00,4660.71,4661.88,4660.04,4661.48,133,31,0
2026-05-15 01:53:00+00:00,4661.46,4661.63,4660.66,4660.98,127,31,0
2026-05-15 01:54:00+00:00,4660.98,4662.74,4660.98,4662.52,103,27,0
2026-05-15 01:55:00+00:00,4662.53,4662.53,4662.04,4662.21,102,31,0
2026-05-15 01:56:00+00:00,4662.18,4662.63,4661.97,4662.51,130,28,0
2026-05-15 01:57:00+00:00,4662.47,4662.49,4661.93,4662.27,97,30,0
2026-05-15 01:58:00+00:00,4662.3,4662.38,4662.14,4662.32,97,31,0
2026-05-15 01:59:00+00:00,4662.31,4662.6,4662.19,4662.32,82,29,0
2026-05-15 02:00:00+00:00,4662.31,4662.74,4661.58,4661.65,147,29,0
2026-05-15 02:01:00+00:00,4661.71,4661.79,4660.84,4661.62,102,28,0
2026-05-15 02:02:00+00:00,4661.61,4661.82,4661.35,4661.63,105,32,0
2026-05-15 02:03:00+00:00,4661.65,4662.81,4661.54,4662.79,77,28,0
2026-05-15 02:04:00+00:00,4662.8,4663.21,4662.41,4662.99,155,29,0
2026-05-15 02:05:00+00:00,4663.0,4663.23,4662.41,4662.41,98,31,0
2026-05-15 02:06:00+00:00,4662.44,4662.59,4661.84,4661.98,88,31,0
2026-05-15 02:07:00+00:00,4661.97,4662.44,4661.83,4662.29,114,31,0
2026-05-15 02:08:00+00:00,4662.28,4662.33,4661.56,4661.56,113,31,0
2026-05-15 02:09:00+00:00,4661.55,4661.63,4661.01,4661.02,87,31,0
2026-05-15 02:10:00+00:00,4661.03,4661.13,4659.83,4660.0,154,30,0
2026-05-15 02:11:00+00:00,4660.11,4662.93,4660.11,4661.16,146,27,0
2026-05-15 02:12:00+00:00,4661.21,4661.46,4660.97,4661.46,106,31,0
2026-05-15 02:13:00+00:00,4661.42,4661.42,4660.24,4660.36,91,32,0
2026-05-15 02:14:00+00:00,4660.39,4660.92,4658.83,4659.14,137,30,0
2026-05-15 02:15:00+00:00,4659.15,4659.3,4656.26,4657.04,147,29,0
2026-05-15 02:16:00+00:00,4657.06,4660.33,4657.0,4659.17,209,28,0
2026-05-15 02:17:00+00:00,4659.12,4659.54,4658.21,4659.36,96,31,0
2026-05-15 02:18:00+00:00,4659.32,4659.76,4659.0,4659.63,113,31,0
2026-05-15 02:19:00+00:00,4659.62,4659.62,4658.67,4658.74,67,31,0
2026-05-15 02:20:00+00:00,4658.75,4659.25,4658.34,4659.15,82,31,0
2026-05-15 02:21:00+00:00,4659.13,4659.13,4657.35,4657.47,83,28,0
2026-05-15 02:22:00+00:00,4657.41,4657.58,4656.86,4656.91,79,31,0
2026-05-15 02:23:00+00:00,4656.86,4656.98,4655.65,4656.07,120,28,0
2026-05-15 02:24:00+00:00,4656.16,4658.06,4656.16,4657.99,100,27,0
2026-05-15 02:25:00+00:00,4657.93,4659.22,4657.93,4659.22,84,27,0
2026-05-15 02:26:00+00:00,4659.28,4662.54,4659.15,4662.38,142,26,0
2026-05-15 02:27:00+00:00,4662.37,4662.77,4661.88,4662.42,168,27,0
2026-05-15 02:28:00+00:00,4662.41,4663.43,4661.84,4662.65,195,29,0
2026-05-15 02:29:00+00:00,4662.68,4664.37,4661.9,4663.94,151,31,0
2026-05-15 02:30:00+00:00,4663.87,4665.23,4663.75,4663.86,201,31,0
2026-05-15 02:31:00+00:00,4663.84,4663.86,4652.72,4656.18,345,31,0
2026-05-15 02:32:00+00:00,4656.17,4658.09,4654.4,4655.81,166,29,0
2026-05-15 02:33:00+00:00,4655.41,4656.29,4652.77,4652.79,139,20,0
2026-05-15 02:34:00+00:00,4652.84,4654.93,4650.16,4651.17,254,29,0
2026-05-15 02:35:00+00:00,4651.2,4653.34,4651.0,4651.36,172,29,0
2026-05-15 02:36:00+00:00,4651.2,4651.64,4647.93,4648.93,222,29,0
2026-05-15 02:37:00+00:00,4648.78,4651.67,4646.81,4651.63,244,29,0
2026-05-15 02:38:00+00:00,4651.54,4652.79,4651.54,4652.48,165,30,0
2026-05-15 02:39:00+00:00,4652.47,4653.28,4651.98,4652.76,141,30,0
2026-05-15 02:40:00+00:00,4652.79,4653.57,4652.16,4652.34,78,28,0
2026-05-15 02:41:00+00:00,4652.43,4654.67,4652.43,4654.5,218,31,0
2026-05-15 02:42:00+00:00,4654.42,4655.23,4654.08,4654.08,204,31,0
2026-05-15 02:43:00+00:00,4654.2,4656.42,4654.17,4655.85,177,29,0
2026-05-15 02:44:00+00:00,4655.81,4657.43,4655.81,4657.28,211,28,0
2026-05-15 02:45:00+00:00,4657.32,4657.61,4656.49,4657.03,276,27,0
2026-05-15 02:46:00+00:00,4657.01,4657.12,4655.13,4656.25,247,28,0
2026-05-15 02:47:00+00:00,4656.22,4656.6,4652.95,4653.38,253,31,0
2026-05-15 02:48:00+00:00,4653.4,4654.2,4652.44,4653.73,350,29,0
2026-05-15 02:49:00+00:00,4653.78,4655.16,4653.39,4654.42,253,31,0
2026-05-15 02:50:00+00:00,4654.39,4655.29,4652.16,4652.48,230,31,0
2026-05-15 02:51:00+00:00,4652.46,4653.34,4652.02,4652.37,151,29,0
2026-05-15 02:52:00+00:00,4652.24,4654.69,4652.24,4654.69,138,31,0
2026-05-15 02:53:00+00:00,4654.67,4654.71,4652.97,4653.61,112,31,0
2026-05-15 02:54:00+00:00,4653.64,4654.23,4651.21,4652.16,226,27,0
2026-05-15 02:55:00+00:00,4652.13,4652.13,4648.14,4649.19,280,27,0
2026-05-15 02:56:00+00:00,4649.16,4650.46,4648.27,4650.17,264,31,0
2026-05-15 02:57:00+00:00,4650.18,4651.23,4648.92,4651.05,232,30,0
2026-05-15 02:58:00+00:00,4651.04,4651.15,4649.09,4649.71,231,27,0
2026-05-15 02:59:00+00:00,4649.44,4652.18,4649.16,4652.18,227,29,0
2026-05-15 03:00:00+00:00,4652.2,4652.33,4647.43,4647.7,391,20,0
2026-05-15 03:01:00+00:00,4647.86,4648.76,4642.41,4645.62,370,20,0
2026-05-15 03:02:00+00:00,4646.7,4649.97,4643.72,4649.43,438,27,0
2026-05-15 03:03:00+00:00,4649.42,4653.66,4649.34,4653.6,278,30,0
2026-05-15 03:04:00+00:00,4653.35,4653.35,4649.3,4649.41,327,30,0
2026-05-15 03:05:00+00:00,4649.38,4651.01,4648.36,4649.13,198,28,0
2026-05-15 03:06:00+00:00,4649.3,4652.05,4648.44,4648.67,278,27,0
2026-05-15 03:07:00+00:00,4648.57,4649.56,4646.63,4647.22,376,28,0
2026-05-15 03:08:00+00:00,4647.29,4650.64,4646.81,4647.8,251,29,0
2026-05-15 03:09:00+00:00,4647.82,4651.22,4647.72,4650.67,209,28,0
2026-05-15 03:10:00+00:00,4650.78,4651.19,4648.53,4650.07,184,29,0
2026-05-15 03:11:00+00:00,4650.02,4650.02,4647.3,4647.62,287,31,0
2026-05-15 03:12:00+00:00,4647.69,4647.73,4646.12,4647.36,198,29,0
2026-05-15 03:13:00+00:00,4647.39,4648.48,4644.75,4647.89,293,29,0
2026-05-15 03:14:00+00:00,4647.95,4650.8,4647.95,4650.54,269,31,0
2026-05-15 03:15:00+00:00,4650.49,4658.15,4650.49,4655.87,457,31,0
2026-05-15 03:16:00+00:00,4655.9,4656.02,4649.42,4649.66,459,27,0
2026-05-15 03:17:00+00:00,4649.72,4653.78,4649.11,4653.27,434,28,0
2026-05-15 03:18:00+00:00,4653.27,4655.37,4651.44,4652.25,314,30,0
2026-05-15 03:19:00+00:00,4652.28,4654.27,4651.97,4653.96,308,20,0
2026-05-15 03:20:00+00:00,4653.97,4654.44,4650.32,4650.32,351,30,0
2026-05-15 03:21:00+00:00,4650.37,4651.51,4649.34,4649.79,286,30,0
2026-05-15 03:22:00+00:00,4649.77,4650.03,4646.4,4646.93,296,31,0
2026-05-15 03:23:00+00:00,4646.9,4648.04,4645.54,4645.78,221,22,0
2026-05-15 03:24:00+00:00,4645.7,4646.46,4644.55,4644.72,228,29,0
2026-05-15 03:25:00+00:00,4644.55,4644.8,4630.1,4631.76,507,23,0
2026-05-15 03:26:00+00:00,4631.77,4633.17,4629.73,4630.07,447,29,0
2026-05-15 03:27:00+00:00,4630.07,4632.33,4629.96,4631.24,374,31,0
2026-05-15 03:28:00+00:00,4631.23,4633.74,4630.71,4631.22,281,27,0
2026-05-15 03:29:00+00:00,4631.26,4632.32,4629.74,4629.91,309,27,0
2026-05-15 03:30:00+00:00,4630.14,4630.48,4622.82,4623.18,450,20,0
2026-05-15 03:31:00+00:00,4623.89,4626.84,4623.13,4624.14,462,20,0
2026-05-15 03:32:00+00:00,4624.08,4626.7,4622.89,4626.24,330,31,0
2026-05-15 03:33:00+00:00,4626.21,4626.45,4622.62,4622.8,321,29,0
2026-05-15 03:34:00+00:00,4622.77,4625.31,4622.44,4624.17,271,29,0
2026-05-15 03:35:00+00:00,4624.12,4624.63,4622.33,4622.68,249,30,0
2026-05-15 03:36:00+00:00,4622.75,4623.15,4622.38,4622.52,296,27,0
2026-05-15 03:37:00+00:00,4622.5,4624.8,4621.35,4624.55,351,20,0
2026-05-15 03:38:00+00:00,4624.54,4624.64,4622.53,4623.19,299,27,0
2026-05-15 03:39:00+00:00,4623.14,4623.25,4618.49,4621.57,412,20,0
2026-05-15 03:40:00+00:00,4621.45,4621.9,4615.86,4616.72,486,20,0
2026-05-15 03:41:00+00:00,4616.69,4618.15,4614.0,4614.97,478,30,0
2026-05-15 03:42:00+00:00,4615.3,4617.25,4614.24,4616.39,372,28,0
2026-05-15 03:43:00+00:00,4616.46,4618.11,4613.51,4615.72,436,31,0
2026-05-15 03:44:00+00:00,4615.73,4620.94,4615.73,4618.55,493,30,0
2026-05-15 03:45:00+00:00,4619.12,4621.54,4618.86,4620.71,477,29,0
2026-05-15 03:46:00+00:00,4620.68,4624.71,4620.42,4624.63,384,30,0
2026-05-15 03:47:00+00:00,4624.6,4627.32,4624.58,4626.34,385,27,0
2026-05-15 03:48:00+00:00,4626.54,4627.04,4624.27,4625.98,380,31,0
2026-05-15 03:49:00+00:00,4626.0,4627.64,4625.34,4627.61,306,31,0
2026-05-15 03:50:00+00:00,4627.64,4627.66,4621.45,4621.45,363,28,0
2026-05-15 03:51:00+00:00,4621.48,4621.53,4618.6,4620.65,427,30,0
2026-05-15 03:52:00+00:00,4620.63,4621.1,4619.12,4620.35,403,30,0
2026-05-15 03:53:00+00:00,4620.31,4621.6,4617.22,4618.09,517,27,0
2026-05-15 03:54:00+00:00,4618.06,4620.07,4617.8,4619.99,460,31,0
2026-05-15 03:55:00+00:00,4620.03,4623.36,4619.35,4621.36,404,29,0
2026-05-15 03:56:00+00:00,4621.36,4621.58,4618.06,4618.2,389,28,0
2026-05-15 03:57:00+00:00,4618.34,4622.42,4617.57,4622.42,337,29,0
2026-05-15 03:58:00+00:00,4622.18,4623.71,4622.05,4623.24,395,31,0
2026-05-15 03:59:00+00:00,4623.23,4630.53,4623.23,4630.08,384,22,0
2026-05-15 04:00:00+00:00,4630.25,4630.35,4622.36,4626.87,564,20,0
2026-05-15 04:01:00+00:00,4626.85,4627.18,4621.08,4626.17,519,28,0
2026-05-15 04:02:00+00:00,4626.2,4630.13,4624.39,4627.72,486,29,0
2026-05-15 04:03:00+00:00,4627.69,4631.47,4625.4,4626.0,489,27,0
2026-05-15 04:04:00+00:00,4626.02,4626.14,4619.02,4622.66,521,29,0
2026-05-15 04:05:00+00:00,4622.51,4622.74,4618.9,4621.68,465,29,0
2026-05-15 04:06:00+00:00,4621.67,4624.3,4614.55,4615.29,493,29,0
2026-05-15 04:07:00+00:00,4615.41,4615.59,4611.57,4612.17,530,27,0
2026-05-15 04:08:00+00:00,4612.1,4615.53,4611.65,4615.53,487,29,0
2026-05-15 04:09:00+00:00,4615.54,4617.24,4609.65,4609.75,516,26,0
2026-05-15 04:10:00+00:00,4609.83,4611.68,4608.54,4609.95,494,20,0
2026-05-15 04:11:00+00:00,4609.89,4611.08,4608.04,4610.74,488,27,0
2026-05-15 04:12:00+00:00,4610.75,4611.3,4607.5,4607.68,487,26,0
2026-05-15 04:13:00+00:00,4607.61,4613.42,4607.61,4613.38,507,30,0
2026-05-15 04:14:00+00:00,4613.4,4615.34,4611.31,4614.46,427,29,0
2026-05-15 04:15:00+00:00,4614.51,4615.84,4608.74,4615.67,521,28,0
2026-05-15 04:16:00+00:00,4615.63,4619.71,4615.3,4619.32,425,29,0
2026-05-15 04:17:00+00:00,4619.24,4620.7,4615.98,4617.42,449,30,0
2026-05-15 04:18:00+00:00,4617.41,4619.7,4616.84,4618.5,501,30,0
2026-05-15 04:19:00+00:00,4618.51,4619.96,4615.42,4619.56,501,31,0
2026-05-15 04:20:00+00:00,4619.57,4625.64,4618.03,4622.93,482,29,0
2026-05-15 04:21:00+00:00,4622.85,4623.31,4618.6,4619.83,467,31,0
2026-05-15 04:22:00+00:00,4619.83,4622.44,4618.9,4619.88,483,31,0
2026-05-15 04:23:00+00:00,4619.83,4619.83,4616.37,4617.68,490,31,0
2026-05-15 04:24:00+00:00,4617.7,4623.03,4617.7,4620.64,444,31,0
2026-05-15 04:25:00+00:00,4620.62,4621.42,4617.65,4618.78,461,28,0
2026-05-15 04:26:00+00:00,4618.88,4619.42,4612.42,4616.21,529,27,0
2026-05-15 04:27:00+00:00,4616.24,4616.82,4612.93,4613.85,513,30,0
2026-05-15 04:28:00+00:00,4613.9,4614.19,4610.65,4610.93,522,29,0
2026-05-15 04:29:00+00:00,4610.86,4611.42,4608.2,4608.82,457,31,0
2026-05-15 04:30:00+00:00,4608.8,4611.06,4607.61,4610.62,498,31,0
2026-05-15 04:31:00+00:00,4610.61,4614.19,4609.67,4612.82,467,30,0
2026-05-15 04:32:00+00:00,4612.87,4614.86,4610.07,4614.42,512,25,0
2026-05-15 04:33:00+00:00,4614.22,4614.32,4611.96,4614.14,445,28,0
2026-05-15 04:34:00+00:00,4614.14,4616.62,4611.94,4616.21,491,31,0
2026-05-15 04:35:00+00:00,4616.23,4618.49,4615.37,4618.37,417,31,0
2026-05-15 04:36:00+00:00,4618.41,4621.15,4616.4,4617.56,472,28,0
2026-05-15 04:37:00+00:00,4617.51,4618.38,4615.63,4617.49,352,27,0
2026-05-15 04:38:00+00:00,4617.52,4617.52,4613.87,4614.77,372,29,0
2026-05-15 04:39:00+00:00,4615.2,4619.78,4614.82,4617.36,409,29,0
2026-05-15 04:40:00+00:00,4617.73,4620.21,4617.19,4618.91,336,21,0
2026-05-15 04:41:00+00:00,4618.88,4620.21,4617.18,4618.83,357,31,0
2026-05-15 04:42:00+00:00,4618.93,4622.02,4618.93,4621.71,408,31,0
2026-05-15 04:43:00+00:00,4621.7,4622.37,4620.79,4621.4,415,31,0
2026-05-15 04:44:00+00:00,4621.43,4622.89,4620.56,4622.86,385,29,0
2026-05-15 04:45:00+00:00,4622.82,4622.89,4620.4,4621.48,312,29,0
2026-05-15 04:46:00+00:00,4621.47,4624.35,4620.09,4620.52,442,29,0
2026-05-15 04:47:00+00:00,4620.55,4620.79,4616.56,4618.23,401,30,0
2026-05-15 04:48:00+00:00,4618.5,4618.5,4614.18,4616.43,383,27,0
2026-05-15 04:49:00+00:00,4616.42,4618.02,4615.74,4616.25,361,30,0
2026-05-15 04:50:00+00:00,4616.23,4618.12,4615.68,4616.72,361,28,0
2026-05-15 04:51:00+00:00,4616.83,4616.83,4610.67,4610.68,452,29,0
2026-05-15 04:52:00+00:00,4610.73,4613.35,4609.11,4612.02,432,28,0
2026-05-15 04:53:00+00:00,4612.03,4613.09,4607.04,4609.55,498,31,0
2026-05-15 04:54:00+00:00,4609.29,4610.78,4607.74,4610.1,516,31,0
2026-05-15 04:55:00+00:00,4610.12,4613.81,4610.12,4613.21,524,29,0
2026-05-15 04:56:00+00:00,4613.19,4614.03,4610.97,4613.82,487,30,0
2026-05-15 04:57:00+00:00,4613.79,4613.85,4610.11,4613.55,421,30,0
2026-05-15 04:58:00+00:00,4613.47,4616.41,4611.56,4616.26,394,30,0
2026-05-15 04:59:00+00:00,4616.25,4616.25,4612.69,4613.75,352,29,0
2026-05-15 05:00:00+00:00,4614.02,4615.29,4610.11,4614.31,389,27,0
2026-05-15 05:01:00+00:00,4614.65,4614.81,4609.87,4611.86,436,30,0
2026-05-15 05:02:00+00:00,4612.01,4613.7,4609.65,4613.56,417,30,0
2026-05-15 05:03:00+00:00,4613.36,4613.86,4611.23,4613.86,336,29,0
2026-05-15 05:04:00+00:00,4614.12,4614.83,4612.05,4614.21,399,30,0
2026-05-15 05:05:00+00:00,4614.24,4615.32,4612.66,4614.23,373,31,0
2026-05-15 05:06:00+00:00,4614.28,4616.11,4612.69,4615.26,349,31,0
2026-05-15 05:07:00+00:00,4615.23,4617.32,4614.9,4616.18,351,31,0
2026-05-15 05:08:00+00:00,4616.19,4616.57,4614.7,4616.52,421,31,0
2026-05-15 05:09:00+00:00,4616.58,4618.52,4616.08,4618.15,430,31,0
2026-05-15 05:10:00+00:00,4618.26,4619.06,4616.02,4616.06,374,30,0
2026-05-15 05:11:00+00:00,4616.07,4616.8,4614.24,4614.67,433,31,0
2026-05-15 05:12:00+00:00,4614.65,4614.9,4613.44,4614.65,409,29,0
2026-05-15 05:13:00+00:00,4614.66,4614.78,4612.86,4614.39,363,30,0
2026-05-15 05:14:00+00:00,4614.4,4615.18,4612.94,4613.05,279,28,0
2026-05-15 05:15:00+00:00,4613.02,4613.02,4609.33,4611.87,285,25,0
2026-05-15 05:16:00+00:00,4611.92,4613.39,4611.25,4612.58,364,29,0
2026-05-15 05:17:00+00:00,4612.57,4613.09,4610.17,4611.72,378,27,0
2026-05-15 05:18:00+00:00,4611.72,4614.74,4611.72,4614.32,428,29,0
2026-05-15 05:19:00+00:00,4614.36,4616.21,4612.23,4613.87,314,27,0
2026-05-15 05:20:00+00:00,4613.89,4616.58,4612.94,4614.47,322,29,0
2026-05-15 05:21:00+00:00,4614.49,4615.36,4613.63,4615.11,320,28,0
2026-05-15 05:22:00+00:00,4615.14,4615.19,4613.27,4613.96,190,27,0
2026-05-15 05:23:00+00:00,4613.98,4614.36,4612.17,4614.25,247,29,0
2026-05-15 05:24:00+00:00,4614.23,4614.34,4612.65,4613.86,251,30,0
2026-05-15 05:25:00+00:00,4613.92,4615.16,4612.26,4614.44,287,29,0
2026-05-15 05:26:00+00:00,4614.45,4614.94,4613.59,4614.14,204,28,0
2026-05-15 05:27:00+00:00,4614.13,4614.56,4613.09,4613.63,277,28,0
2026-05-15 05:28:00+00:00,4613.62,4613.73,4612.16,4612.64,297,32,0
2026-05-15 05:29:00+00:00,4612.66,4613.41,4611.4,4612.52,332,30,0
2026-05-15 05:30:00+00:00,4612.45,4614.76,4612.3,4614.67,359,29,0
2026-05-15 05:31:00+00:00,4614.62,4614.77,4609.47,4610.93,335,26,0
2026-05-15 05:32:00+00:00,4610.94,4611.55,4609.61,4609.91,414,30,0
2026-05-15 05:33:00+00:00,4609.97,4612.03,4609.75,4611.57,415,29,0
2026-05-15 05:34:00+00:00,4611.48,4613.18,4610.36,4612.53,414,31,0
2026-05-15 05:35:00+00:00,4612.52,4614.87,4611.95,4614.46,371,31,0
2026-05-15 05:36:00+00:00,4614.45,4615.63,4613.29,4615.63,343,31,0
2026-05-15 05:37:00+00:00,4615.87,4616.49,4615.06,4616.06,387,31,0
2026-05-15 05:38:00+00:00,4616.05,4616.48,4614.9,4616.12,393,29,0
2026-05-15 05:39:00+00:00,4616.15,4616.44,4612.6,4612.91,295,29,0
2026-05-15 05:40:00+00:00,4612.82,4612.82,4610.71,4612.2,342,29,0
2026-05-15 05:41:00+00:00,4612.21,4614.01,4611.49,4612.17,331,30,0
2026-05-15 05:42:00+00:00,4612.15,4614.56,4611.48,4613.66,280,30,0
2026-05-15 05:43:00+00:00,4613.65,4615.44,4613.63,4615.34,228,31,0
2026-05-15 05:44:00+00:00,4615.35,4617.88,4614.98,4617.85,284,27,0
2026-05-15 05:45:00+00:00,4617.87,4618.84,4615.64,4615.73,325,29,0
2026-05-15 05:46:00+00:00,4615.82,4616.17,4611.6,4612.73,398,28,0
2026-05-15 05:47:00+00:00,4612.63,4614.31,4612.54,4613.99,248,29,0
2026-05-15 05:48:00+00:00,4613.92,4614.18,4612.86,4613.84,207,28,0
2026-05-15 05:49:00+00:00,4613.87,4614.73,4613.49,4614.58,199,22,0
2026-05-15 05:50:00+00:00,4614.54,4614.97,4613.64,4613.88,180,29,0
2026-05-15 05:51:00+00:00,4613.83,4620.31,4612.25,4620.31,405,26,0
2026-05-15 05:52:00+00:00,4620.62,4621.28,4618.62,4620.19,306,20,0
2026-05-15 05:53:00+00:00,4620.13,4620.59,4618.72,4619.55,345,29,0
2026-05-15 05:54:00+00:00,4619.54,4621.19,4618.9,4620.87,332,30,0
2026-05-15 05:55:00+00:00,4620.94,4622.53,4620.37,4622.11,383,30,0
2026-05-15 05:56:00+00:00,4622.18,4623.43,4620.82,4622.2,397,29,0
2026-05-15 05:57:00+00:00,4622.13,4622.68,4621.3,4621.7,297,29,0
2026-05-15 05:58:00+00:00,4621.73,4621.78,4620.08,4620.16,276,29,0
2026-05-15 05:59:00+00:00,4620.18,4620.31,4617.42,4618.03,372,29,0
2026-05-15 06:00:00+00:00,4617.99,4619.66,4617.19,4619.22,404,28,0
2026-05-15 06:01:00+00:00,4619.14,4620.42,4616.82,4617.14,343,28,0
2026-05-15 06:02:00+00:00,4617.17,4617.89,4614.63,4615.46,231,20,0
2026-05-15 06:03:00+00:00,4615.39,4617.28,4614.93,4617.27,327,23,0
2026-05-15 06:04:00+00:00,4617.2,4619.43,4616.98,4619.32,359,28,0
2026-05-15 06:05:00+00:00,4619.17,4622.17,4619.17,4621.33,338,27,0
2026-05-15 06:06:00+00:00,4621.45,4622.2,4620.65,4621.28,330,30,0
2026-05-15 06:07:00+00:00,4621.26,4621.31,4618.51,4618.86,320,31,0
2026-05-15 06:08:00+00:00,4618.99,4619.08,4617.52,4618.22,290,27,0
2026-05-15 06:09:00+00:00,4618.23,4618.34,4616.75,4617.5,231,20,0
2026-05-15 06:10:00+00:00,4617.52,4618.6,4617.43,4617.88,382,29,0
2026-05-15 06:11:00+00:00,4617.85,4618.27,4617.5,4618.07,200,28,0
2026-05-15 06:12:00+00:00,4617.99,4619.99,4617.97,4619.2,248,27,0
2026-05-15 06:13:00+00:00,4619.16,4619.65,4617.06,4617.2,192,28,0
2026-05-15 06:14:00+00:00,4617.19,4617.91,4616.43,4617.4,358,28,0
2026-05-15 06:15:00+00:00,4617.32,4618.32,4616.65,4618.2,256,30,0
2026-05-15 06:16:00+00:00,4618.29,4618.3,4615.38,4616.58,359,27,0
2026-05-15 06:17:00+00:00,4616.62,4616.93,4614.98,4615.07,351,30,0
2026-05-15 06:18:00+00:00,4615.11,4616.09,4614.22,4615.15,348,27,0
2026-05-15 06:19:00+00:00,4615.12,4615.47,4614.27,4614.64,281,28,0
2026-05-15 06:20:00+00:00,4614.68,4614.99,4610.83,4611.14,215,20,0
2026-05-15 06:21:00+00:00,4611.11,4612.02,4609.86,4611.43,318,20,0
2026-05-15 06:22:00+00:00,4611.36,4612.72,4610.76,4612.13,357,31,0
2026-05-15 06:23:00+00:00,4612.06,4613.4,4611.9,4613.13,370,30,0
2026-05-15 06:24:00+00:00,4613.46,4614.23,4612.84,4614.19,332,30,0
2026-05-15 06:25:00+00:00,4614.22,4614.71,4613.42,4613.83,344,31,0
2026-05-15 06:26:00+00:00,4613.84,4613.99,4613.0,4613.22,326,30,0
2026-05-15 06:27:00+00:00,4613.22,4614.31,4613.13,4614.25,187,29,0
2026-05-15 06:28:00+00:00,4614.28,4614.35,4612.15,4612.32,169,28,0
2026-05-15 06:29:00+00:00,4612.28,4613.01,4611.85,4612.72,170,28,0
2026-05-15 06:30:00+00:00,4612.69,4614.0,4611.94,4613.75,285,27,0
2026-05-15 06:31:00+00:00,4613.73,4613.81,4611.47,4611.53,209,28,0
2026-05-15 06:32:00+00:00,4611.52,4612.33,4611.02,4612.03,160,28,0
2026-05-15 06:33:00+00:00,4611.97,4612.26,4610.47,4611.58,152,28,0
2026-05-15 06:34:00+00:00,4611.6,4611.99,4607.4,4609.08,295,27,0
2026-05-15 06:35:00+00:00,4609.11,4610.32,4608.62,4609.79,343,27,0
2026-05-15 06:36:00+00:00,4609.78,4611.79,4609.78,4611.57,227,27,0
2026-05-15 06:37:00+00:00,4611.54,4614.66,4611.12,4614.62,161,27,0
2026-05-15 06:38:00+00:00,4614.4,4615.66,4613.97,4614.91,159,21,0
2026-05-15 06:39:00+00:00,4614.9,4614.95,4613.17,4614.7,170,27,0
2026-05-15 06:40:00+00:00,4614.65,4615.51,4614.65,4615.2,128,28,0
2026-05-15 06:41:00+00:00,4615.14,4616.06,4614.69,4615.59,186,26,0
2026-05-15 06:42:00+00:00,4615.56,4616.98,4615.34,4616.97,195,27,0
2026-05-15 06:43:00+00:00,4616.98,4617.3,4616.19,4616.32,142,27,0
2026-05-15 06:44:00+00:00,4616.37,4616.37,4613.2,4613.35,231,27,0
2026-05-15 06:45:00+00:00,4613.34,4614.28,4613.25,4614.28,198,28,0
2026-05-15 06:46:00+00:00,4614.32,4614.51,4612.64,4613.45,211,28,0
2026-05-15 06:47:00+00:00,4613.48,4614.11,4613.46,4613.81,199,31,0
2026-05-15 06:48:00+00:00,4613.83,4614.79,4613.83,4614.39,252,31,0
2026-05-15 06:49:00+00:00,4614.41,4615.82,4614.27,4615.72,111,29,0
2026-05-15 06:50:00+00:00,4615.56,4616.55,4615.37,4615.45,155,27,0
2026-05-15 06:51:00+00:00,4615.42,4616.44,4614.78,4615.69,209,30,0
2026-05-15 06:52:00+00:00,4615.72,4617.24,4615.47,4615.67,125,28,0
2026-05-15 06:53:00+00:00,4615.64,4615.71,4614.31,4614.97,193,27,0
2026-05-15 06:54:00+00:00,4614.93,4615.02,4612.7,4612.92,242,30,0
2026-05-15 06:55:00+00:00,4612.95,4613.92,4611.91,4611.91,127,29,0
2026-05-15 06:56:00+00:00,4611.89,4612.5,4610.5,4612.31,169,29,0
2026-05-15 06:57:00+00:00,4612.23,4615.43,4612.23,4614.91,178,27,0
2026-05-15 06:58:00+00:00,4614.97,4616.28,4614.93,4615.99,206,27,0
2026-05-15 06:59:00+00:00,4616.07,4616.59,4615.37,4615.39,246,31,0
2026-05-15 07:00:00+00:00,4615.37,4616.53,4614.86,4615.48,209,31,0
2026-05-15 07:01:00+00:00,4615.43,4615.51,4613.4,4613.85,218,30,0
2026-05-15 07:02:00+00:00,4613.87,4614.88,4613.33,4614.59,225,30,0
2026-05-15 07:03:00+00:00,4614.51,4614.7,4612.86,4614.42,221,30,0
2026-05-15 07:04:00+00:00,4614.35,4614.48,4613.78,4614.3,129,30,0
2026-05-15 07:05:00+00:00,4614.27,4618.14,4614.11,4617.8,247,31,0
2026-05-15 07:06:00+00:00,4617.81,4618.84,4617.6,4617.78,179,29,0
2026-05-15 07:07:00+00:00,4617.71,4619.61,4617.36,4618.81,215,31,0
2026-05-15 07:08:00+00:00,4618.76,4620.59,4618.31,4619.75,241,31,0
2026-05-15 07:09:00+00:00,4619.76,4621.45,4619.42,4621.45,214,27,0
2026-05-15 07:10:00+00:00,4621.48,4621.48,4619.68,4619.76,117,29,0
2026-05-15 07:11:00+00:00,4619.73,4620.87,4619.56,4620.85,144,30,0
2026-05-15 07:12:00+00:00,4620.82,4620.87,4619.42,4619.51,148,29,0
2026-05-15 07:13:00+00:00,4619.54,4620.71,4618.41,4620.34,288,27,0
2026-05-15 07:14:00+00:00,4620.29,4620.79,4619.67,4619.99,192,27,0
2026-05-15 07:15:00+00:00,4620.0,4620.57,4617.89,4618.47,232,29,0
2026-05-15 07:16:00+00:00,4618.46,4618.63,4617.82,4617.99,113,31,0
2026-05-15 07:17:00+00:00,4618.0,4618.47,4617.56,4618.41,140,28,0
2026-05-15 07:18:00+00:00,4618.32,4618.35,4616.98,4617.45,113,29,0
2026-05-15 07:19:00+00:00,4617.38,4617.4,4614.13,4614.16,153,27,0
2026-05-15 07:20:00+00:00,4614.22,4614.27,4611.11,4611.52,168,27,0
2026-05-15 07:21:00+00:00,4611.55,4611.88,4609.78,4610.46,203,27,0
2026-05-15 07:22:00+00:00,4610.49,4610.57,4607.35,4609.76,303,27,0
2026-05-15 07:23:00+00:00,4609.56,4611.14,4608.59,4610.82,281,27,0
2026-05-15 07:24:00+00:00,4610.83,4611.25,4609.58,4610.73,188,31,0
2026-05-15 07:25:00+00:00,4610.77,4612.26,4610.77,4611.21,177,27,0
2026-05-15 07:26:00+00:00,4611.27,4612.6,4610.51,4612.49,173,27,0
2026-05-15 07:27:00+00:00,4612.29,4612.78,4611.45,4612.31,168,27,0
2026-05-15 07:28:00+00:00,4612.24,4612.84,4609.51,4610.94,179,27,0
2026-05-15 07:29:00+00:00,4610.93,4612.19,4610.56,4610.86,309,31,0
2026-05-15 07:30:00+00:00,4610.87,4611.73,4610.68,4611.57,254,31,0
2026-05-15 07:31:00+00:00,4611.55,4612.97,4611.35,4612.37,236,31,0
2026-05-15 07:32:00+00:00,4612.34,4614.95,4612.28,4614.73,218,27,0
2026-05-15 07:33:00+00:00,4614.77,4614.77,4613.56,4613.78,150,27,0
2026-05-15 07:34:00+00:00,4613.8,4614.24,4612.73,4614.22,247,29,0
2026-05-15 07:35:00+00:00,4614.29,4614.59,4612.95,4613.65,218,26,0
2026-05-15 07:36:00+00:00,4613.6,4614.89,4613.21,4614.39,190,29,0
2026-05-15 07:37:00+00:00,4614.4,4614.49,4613.12,4613.71,209,30,0
2026-05-15 07:38:00+00:00,4613.68,4614.31,4610.62,4611.11,218,28,0
2026-05-15 07:39:00+00:00,4611.35,4612.14,4610.66,4611.32,259,28,0
2026-05-15 07:40:00+00:00,4611.31,4612.95,4611.29,4612.3,118,27,0
2026-05-15 07:41:00+00:00,4612.27,4613.36,4611.95,4611.95,213,30,0
2026-05-15 07:42:00+00:00,4611.78,4611.89,4610.83,4611.22,167,31,0
2026-05-15 07:43:00+00:00,4611.2,4611.2,4604.55,4605.2,239,20,0
2026-05-15 07:44:00+00:00,4605.45,4606.77,4604.3,4605.67,292,26,0
2026-05-15 07:45:00+00:00,4605.69,4606.55,4604.89,4606.32,277,27,0
2026-05-15 07:46:00+00:00,4606.38,4607.37,4605.65,4607.25,247,27,0
2026-05-15 07:47:00+00:00,4607.09,4607.47,4606.28,4606.95,223,27,0
2026-05-15 07:48:00+00:00,4606.94,4608.63,4606.43,4607.92,258,30,0
2026-05-15 07:49:00+00:00,4607.98,4609.82,4607.46,4609.64,309,27,0
2026-05-15 07:50:00+00:00,4609.57,4612.48,4608.88,4611.97,265,27,0
2026-05-15 07:51:00+00:00,4611.96,4611.96,4608.1,4608.23,268,27,0
2026-05-15 07:52:00+00:00,4608.67,4610.08,4608.46,4609.62,177,27,0
2026-05-15 07:53:00+00:00,4609.59,4609.64,4608.42,4608.68,203,31,0
2026-05-15 07:54:00+00:00,4608.72,4609.03,4608.06,4608.08,155,27,0
2026-05-15 07:55:00+00:00,4608.1,4608.29,4605.54,4605.74,150,27,0
2026-05-15 07:56:00+00:00,4605.76,4607.26,4605.76,4606.35,180,27,0
2026-05-15 07:57:00+00:00,4606.34,4607.0,4605.82,4607.0,127,27,0
2026-05-15 07:58:00+00:00,4606.98,4607.41,4605.76,4607.4,127,27,0
2026-05-15 07:59:00+00:00,4607.34,4607.55,4604.86,4605.8,268,29,0
2026-05-15 08:00:00+00:00,4606.11,4606.38,4604.68,4604.92,307,31,0
2026-05-15 08:01:00+00:00,4604.89,4604.89,4601.43,4601.5,334,30,0
2026-05-15 08:02:00+00:00,4601.44,4603.79,4599.43,4602.45,356,20,0
2026-05-15 08:03:00+00:00,4602.14,4602.62,4599.09,4599.66,265,26,0
2026-05-15 08:04:00+00:00,4599.67,4600.98,4599.25,4599.96,314,27,0
2026-05-15 08:05:00+00:00,4600.05,4601.28,4598.32,4599.95,419,30,0
2026-05-15 08:06:00+00:00,4599.72,4600.35,4598.35,4599.17,448,20,0
2026-05-15 08:07:00+00:00,4598.92,4599.25,4596.25,4597.33,421,21,0
2026-05-15 08:08:00+00:00,4597.25,4597.54,4592.53,4593.8,390,27,0
2026-05-15 08:09:00+00:00,4594.0,4594.01,4592.55,4593.01,373,30,0
2026-05-15 08:10:00+00:00,4593.0,4593.52,4591.24,4591.73,371,27,0
2026-05-15 08:11:00+00:00,4591.67,4591.67,4589.05,4589.7,372,27,0
2026-05-15 08:12:00+00:00,4589.76,4592.55,4589.56,4592.09,363,27,0
2026-05-15 08:13:00+00:00,4592.06,4592.06,4588.38,4589.53,387,27,0
2026-05-15 08:14:00+00:00,4589.47,4593.06,4588.9,4592.01,369,27,0
2026-05-15 08:15:00+00:00,4592.11,4594.76,4591.01,4594.56,322,30,0
2026-05-15 08:16:00+00:00,4594.52,4595.27,4591.59,4591.76,370,31,0
2026-05-15 08:17:00+00:00,4591.74,4592.36,4587.24,4587.51,362,20,0
2026-05-15 08:18:00+00:00,4587.48,4589.21,4584.37,4584.48,317,20,0
2026-05-15 08:19:00+00:00,4584.37,4584.67,4581.54,4582.99,381,27,0
2026-05-15 08:20:00+00:00,4583.0,4583.39,4580.83,4581.82,361,23,0
2026-05-15 08:21:00+00:00,4581.93,4588.16,4581.54,4587.35,367,27,0
2026-05-15 08:22:00+00:00,4587.33,4589.22,4585.92,4587.53,355,27,0
2026-05-15 08:23:00+00:00,4587.54,4587.54,4583.41,4583.94,353,29,0
2026-05-15 08:24:00+00:00,4583.89,4586.69,4582.04,4584.83,419,27,0
2026-05-15 08:25:00+00:00,4584.78,4586.89,4584.06,4585.18,414,27,0
2026-05-15 08:26:00+00:00,4585.09,4585.96,4583.45,4585.01,366,20,0
2026-05-15 08:27:00+00:00,4585.07,4587.17,4584.21,4585.12,325,28,0
2026-05-15 08:28:00+00:00,4585.34,4588.82,4585.34,4588.19,354,28,0
2026-05-15 08:29:00+00:00,4588.22,4590.14,4587.32,4588.8,366,30,0
2026-05-15 08:30:00+00:00,4588.86,4589.74,4580.42,4580.72,540,26,0
2026-05-15 08:31:00+00:00,4580.74,4581.23,4578.01,4578.32,484,23,0
2026-05-15 08:32:00+00:00,4578.27,4579.02,4572.49,4576.55,502,24,0
2026-05-15 08:33:00+00:00,4576.49,4577.67,4572.33,4574.17,494,20,0
2026-05-15 08:34:00+00:00,4574.13,4574.62,4567.37,4569.62,498,27,0
2026-05-15 08:35:00+00:00,4569.56,4569.97,4565.12,4566.5,514,27,0
2026-05-15 08:36:00+00:00,4566.53,4569.82,4564.25,4569.72,469,20,0
2026-05-15 08:37:00+00:00,4569.76,4572.06,4565.56,4566.2,468,25,0
2026-05-15 08:38:00+00:00,4566.23,4568.79,4563.66,4568.58,485,20,0
2026-05-15 08:39:00+00:00,4568.61,4569.71,4564.6,4569.18,490,30,0
2026-05-15 08:40:00+00:00,4569.21,4572.47,4565.98,4572.24,494,27,0
2026-05-15 08:41:00+00:00,4572.09,4575.82,4570.33,4573.22,478,27,0
2026-05-15 08:42:00+00:00,4573.11,4573.77,4570.33,4572.05,403,28,0
2026-05-15 08:43:00+00:00,4571.96,4574.12,4570.22,4571.03,434,27,0
2026-05-15 08:44:00+00:00,4571.0,4572.54,4567.88,4568.72,440,30,0
2026-05-15 08:45:00+00:00,4568.7,4569.0,4565.36,4568.47,516,31,0
2026-05-15 08:46:00+00:00,4568.45,4570.58,4562.52,4564.1,484,27,0
2026-05-15 08:47:00+00:00,4564.06,4568.33,4562.76,4564.59,450,27,0
2026-05-15 08:48:00+00:00,4564.55,4568.69,4563.35,4568.23,479,20,0
2026-05-15 08:49:00+00:00,4568.07,4568.07,4562.47,4563.7,415,20,0
2026-05-15 08:50:00+00:00,4563.77,4573.03,4563.77,4572.63,441,27,0
2026-05-15 08:51:00+00:00,4572.73,4572.73,4568.95,4570.02,396,27,0
2026-05-15 08:52:00+00:00,4569.76,4571.88,4568.35,4570.34,444,27,0
2026-05-15 08:53:00+00:00,4570.32,4573.29,4570.26,4571.83,366,20,0
2026-05-15 08:54:00+00:00,4571.84,4571.94,4568.2,4568.99,388,20,0
2026-05-15 08:55:00+00:00,4569.14,4570.83,4567.35,4570.66,409,21,0
2026-05-15 08:56:00+00:00,4570.46,4570.46,4564.89,4567.51,406,20,0
2026-05-15 08:57:00+00:00,4567.49,4569.47,4565.8,4569.37,346,25,0
2026-05-15 08:58:00+00:00,4569.33,4569.46,4566.77,4567.53,342,22,0
2026-05-15 08:59:00+00:00,4567.27,4567.68,4558.74,4558.88,413,23,0
2026-05-15 09:00:00+00:00,4558.67,4561.67,4557.77,4561.35,488,24,0
2026-05-15 09:01:00+00:00,4561.37,4563.1,4556.35,4562.96,449,24,0
2026-05-15 09:02:00+00:00,4562.93,4563.64,4560.54,4560.89,429,27,0
2026-05-15 09:03:00+00:00,4560.86,4563.91,4559.33,4563.55,456,20,0
2026-05-15 09:04:00+00:00,4563.39,4565.01,4562.26,4563.69,383,20,0
2026-05-15 09:05:00+00:00,4563.67,4566.86,4561.73,4566.4,451,20,0
2026-05-15 09:06:00+00:00,4566.49,4568.91,4565.39,4567.78,443,20,0
2026-05-15 09:07:00+00:00,4567.77,4570.23,4565.85,4566.35,407,21,0
2026-05-15 09:08:00+00:00,4566.31,4568.29,4562.55,4567.67,447,20,0
2026-05-15 09:09:00+00:00,4567.65,4568.54,4562.76,4566.46,436,20,0
2026-05-15 09:10:00+00:00,4566.47,4568.06,4564.34,4567.76,463,23,0
2026-05-15 09:11:00+00:00,4567.8,4573.21,4567.8,4570.37,471,20,0
2026-05-15 09:12:00+00:00,4570.42,4570.42,4566.85,4569.68,424,20,0
2026-05-15 09:13:00+00:00,4569.66,4570.51,4567.98,4569.67,347,20,0
2026-05-15 09:14:00+00:00,4569.56,4570.93,4566.73,4570.88,387,20,0
2026-05-15 09:15:00+00:00,4570.9,4573.93,4570.19,4573.72,390,20,0
2026-05-15 09:16:00+00:00,4573.56,4576.68,4571.32,4576.46,386,20,0
2026-05-15 09:17:00+00:00,4576.41,4578.13,4574.63,4577.23,419,20,0
2026-05-15 09:18:00+00:00,4577.12,4577.72,4574.98,4576.41,370,25,0
2026-05-15 09:19:00+00:00,4576.43,4576.64,4574.32,4575.34,390,27,0
2026-05-15 09:20:00+00:00,4575.23,4575.37,4573.05,4574.45,404,27,0
2026-05-15 09:21:00+00:00,4574.57,4578.2,4574.57,4577.79,389,27,0
2026-05-15 09:22:00+00:00,4577.83,4578.14,4572.91,4575.71,416,27,0
2026-05-15 09:23:00+00:00,4575.7,4577.25,4574.17,4576.85,341,27,0
2026-05-15 09:24:00+00:00,4576.92,4577.2,4573.63,4575.11,350,27,0
2026-05-15 09:25:00+00:00,4575.13,4575.89,4573.7,4574.17,306,27,0
2026-05-15 09:26:00+00:00,4574.24,4577.9,4574.2,4577.21,329,27,0
2026-05-15 09:27:00+00:00,4576.89,4577.05,4573.89,4573.89,318,26,0
2026-05-15 09:28:00+00:00,4573.91,4575.48,4572.55,4574.47,321,23,0
2026-05-15 09:29:00+00:00,4574.49,4576.14,4574.18,4575.04,364,20,0
2026-05-15 09:30:00+00:00,4575.09,4580.21,4574.39,4579.83,407,20,0
2026-05-15 09:31:00+00:00,4579.83,4579.95,4577.63,4577.65,370,20,0
2026-05-15 09:32:00+00:00,4577.56,4580.4,4576.19,4579.82,305,20,0
2026-05-15 09:33:00+00:00,4579.74,4580.35,4578.26,4578.76,293,21,0
2026-05-15 09:34:00+00:00,4578.76,4579.75,4574.45,4575.09,350,20,0
2026-05-15 09:35:00+00:00,4575.16,4576.07,4574.45,4575.2,367,20,0
2026-05-15 09:36:00+00:00,4575.28,4575.28,4571.56,4572.1,352,20,0
2026-05-15 09:37:00+00:00,4572.12,4572.8,4570.55,4572.05,325,20,0
2026-05-15 09:38:00+00:00,4571.73,4573.65,4570.82,4572.16,315,20,0
2026-05-15 09:39:00+00:00,4572.18,4574.69,4571.95,4572.16,313,23,0
2026-05-15 09:40:00+00:00,4572.21,4573.23,4570.59,4571.99,273,21,0
2026-05-15 09:41:00+00:00,4572.01,4572.88,4569.89,4570.81,293,27,0
2026-05-15 09:42:00+00:00,4570.79,4571.69,4569.95,4570.92,288,27,0
2026-05-15 09:43:00+00:00,4570.85,4572.27,4570.54,4571.57,297,28,0
2026-05-15 09:44:00+00:00,4571.7,4571.83,4566.89,4567.58,297,20,0
2026-05-15 09:45:00+00:00,4567.54,4571.45,4567.54,4571.18,391,28,0
2026-05-15 09:46:00+00:00,4571.19,4571.78,4569.97,4570.78,284,27,0
2026-05-15 09:47:00+00:00,4570.71,4570.94,4568.19,4568.65,307,27,0
2026-05-15 09:48:00+00:00,4568.64,4568.64,4564.3,4565.17,282,27,0
2026-05-15 09:49:00+00:00,4565.24,4574.18,4565.24,4573.0,391,28,0
2026-05-15 09:50:00+00:00,4572.99,4574.14,4569.08,4569.62,340,27,0
2026-05-15 09:51:00+00:00,4569.6,4572.59,4568.86,4572.23,331,21,0
2026-05-15 09:52:00+00:00,4572.11,4573.46,4570.21,4571.14,331,21,0
2026-05-15 09:53:00+00:00,4571.15,4572.98,4570.48,4572.23,347,23,0
2026-05-15 09:54:00+00:00,4572.18,4572.18,4568.77,4568.86,355,23,0
2026-05-15 09:55:00+00:00,4569.17,4571.05,4566.55,4566.61,318,27,0
2026-05-15 09:56:00+00:00,4566.57,4570.41,4566.42,4568.94,349,25,0
2026-05-15 09:57:00+00:00,4568.8,4569.03,4566.63,4568.04,327,20,0
2026-05-15 09:58:00+00:00,4567.99,4568.31,4566.54,4568.15,273,20,0
2026-05-15 09:59:00+00:00,4568.12,4569.7,4567.99,4569.67,341,23,0
2026-05-15 10:00:00+00:00,4569.81,4570.19,4565.92,4568.08,402,20,0
2026-05-15 10:01:00+00:00,4568.11,4571.36,4566.61,4568.98,409,20,0
2026-05-15 10:02:00+00:00,4569.51,4572.34,4568.35,4570.34,341,24,0
2026-05-15 10:03:00+00:00,4570.21,4571.69,4569.02,4571.02,328,20,0
2026-05-15 10:04:00+00:00,4571.03,4571.42,4568.28,4570.09,289,20,0
2026-05-15 10:05:00+00:00,4570.13,4573.14,4569.96,4572.16,275,24,0
2026-05-15 10:06:00+00:00,4572.15,4572.42,4569.16,4570.51,324,20,0
2026-05-15 10:07:00+00:00,4570.5,4573.3,4570.5,4572.79,285,22,0
2026-05-15 10:08:00+00:00,4572.77,4573.94,4570.87,4573.56,327,20,0
2026-05-15 10:09:00+00:00,4573.52,4576.61,4572.83,4576.21,458,20,0
2026-05-15 10:10:00+00:00,4576.17,4580.14,4575.8,4580.14,522,20,0
2026-05-15 10:11:00+00:00,4580.04,4582.89,4579.23,4581.41,429,20,0
2026-05-15 10:12:00+00:00,4581.39,4584.39,4580.78,4583.26,342,20,0
2026-05-15 10:13:00+00:00,4583.3,4585.46,4581.78,4585.46,352,20,0
2026-05-15 10:14:00+00:00,4585.45,4585.99,4583.84,4585.8,311,20,0
2026-05-15 10:15:00+00:00,4585.82,4586.31,4583.73,4584.52,367,20,0
2026-05-15 10:16:00+00:00,4584.88,4585.84,4582.19,4582.33,360,20,0
2026-05-15 10:17:00+00:00,4582.32,4584.28,4582.14,4584.03,287,20,0
2026-05-15 10:18:00+00:00,4584.03,4585.92,4583.72,4584.88,282,21,0
2026-05-15 10:19:00+00:00,4585.02,4587.3,4584.26,4586.22,293,20,0
2026-05-15 10:20:00+00:00,4586.19,4588.57,4586.11,4586.51,299,23,0
2026-05-15 10:21:00+00:00,4586.53,4587.9,4585.84,4587.6,292,20,0
2026-05-15 10:22:00+00:00,4587.65,4587.69,4585.8,4586.55,275,22,0
2026-05-15 10:23:00+00:00,4586.58,4586.74,4583.66,4583.82,273,20,0
2026-05-15 10:24:00+00:00,4583.83,4584.18,4582.12,4582.35,271,20,0
2026-05-15 10:25:00+00:00,4582.32,4583.43,4581.1,4581.56,287,20,0
2026-05-15 10:26:00+00:00,4581.58,4581.6,4579.51,4579.51,322,20,0
2026-05-15 10:27:00+00:00,4579.52,4580.63,4579.05,4580.38,312,20,0
2026-05-15 10:28:00+00:00,4580.36,4583.42,4580.26,4582.24,279,20,0
2026-05-15 10:29:00+00:00,4582.23,4582.23,4580.98,4581.75,221,20,0
2026-05-15 10:30:00+00:00,4581.76,4582.46,4580.86,4581.3,219,20,0
2026-05-15 10:31:00+00:00,4581.31,4581.64,4578.44,4578.77,252,20,0
2026-05-15 10:32:00+00:00,4578.78,4580.22,4578.22,4579.59,226,20,0
2026-05-15 10:33:00+00:00,4579.57,4580.45,4577.31,4577.46,242,20,0
2026-05-15 10:34:00+00:00,4577.46,4579.65,4577.14,4578.84,234,20,0
2026-05-15 10:35:00+00:00,4578.89,4582.3,4578.71,4580.84,258,20,0
2026-05-15 10:36:00+00:00,4580.87,4580.87,4577.27,4577.39,263,20,0
2026-05-15 10:37:00+00:00,4577.33,4578.08,4574.76,4577.33,259,20,0
2026-05-15 10:38:00+00:00,4577.36,4578.08,4576.5,4577.24,215,22,0
2026-05-15 10:39:00+00:00,4577.23,4577.79,4576.49,4577.05,195,20,0
2026-05-15 10:40:00+00:00,4577.05,4578.69,4575.41,4577.19,248,20,0
2026-05-15 10:41:00+00:00,4577.23,4577.71,4575.19,4576.35,228,20,0
2026-05-15 10:42:00+00:00,4576.35,4577.3,4575.53,4575.88,221,22,0
2026-05-15 10:43:00+00:00,4575.88,4576.42,4575.34,4575.85,218,24,0
2026-05-15 10:44:00+00:00,4575.87,4578.12,4575.87,4577.57,197,23,0
2026-05-15 10:45:00+00:00,4577.53,4578.12,4576.55,4578.12,186,20,0
2026-05-15 10:46:00+00:00,4578.11,4578.12,4576.14,4576.17,193,20,0
2026-05-15 10:47:00+00:00,4576.32,4576.53,4574.53,4575.38,186,20,0
2026-05-15 10:48:00+00:00,4575.32,4577.9,4574.99,4577.59,197,20,0
2026-05-15 10:49:00+00:00,4577.61,4578.51,4574.15,4574.94,252,20,0
2026-05-15 10:50:00+00:00,4574.69,4574.7,4570.81,4571.21,288,20,0
2026-05-15 10:51:00+00:00,4571.25,4572.4,4571.04,4571.61,244,20,0
2026-05-15 10:52:00+00:00,4571.6,4572.6,4570.75,4571.01,232,20,0
2026-05-15 10:53:00+00:00,4571.07,4571.75,4568.37,4568.62,258,20,0
2026-05-15 10:54:00+00:00,4568.66,4571.49,4568.34,4570.56,241,20,0
2026-05-15 10:55:00+00:00,4570.55,4572.12,4570.05,4571.68,257,20,0
2026-05-15 10:56:00+00:00,4571.66,4572.88,4570.45,4570.48,205,20,0
2026-05-15 10:57:00+00:00,4570.45,4571.52,4569.3,4570.44,265,20,0
2026-05-15 10:58:00+00:00,4570.08,4570.29,4568.99,4569.28,244,20,0
2026-05-15 10:59:00+00:00,4569.25,4571.03,4568.67,4570.75,243,20,0
2026-05-15 11:00:00+00:00,4571.05,4571.9,4567.88,4567.98,364,20,0
2026-05-15 11:01:00+00:00,4568.0,4568.39,4563.44,4564.58,377,20,0
2026-05-15 11:02:00+00:00,4564.6,4564.63,4560.78,4561.53,397,20,0
2026-05-15 11:03:00+00:00,4561.41,4563.04,4559.83,4562.23,346,20,0
2026-05-15 11:04:00+00:00,4562.35,4562.56,4557.29,4560.99,386,20,0
2026-05-15 11:05:00+00:00,4561.01,4566.37,4559.69,4566.07,359,20,0
2026-05-15 11:06:00+00:00,4566.02,4566.45,4562.95,4564.6,346,20,0
2026-05-15 11:07:00+00:00,4564.71,4566.61,4563.76,4566.17,282,20,0
2026-05-15 11:08:00+00:00,4566.2,4567.61,4562.38,4563.24,337,20,0
2026-05-15 11:09:00+00:00,4563.22,4567.35,4562.53,4566.42,293,20,0
2026-05-15 11:10:00+00:00,4566.44,4567.0,4564.47,4566.17,308,20,0
2026-05-15 11:11:00+00:00,4566.15,4566.16,4563.41,4565.38,290,20,0
2026-05-15 11:12:00+00:00,4565.37,4566.32,4564.41,4565.37,315,20,0
2026-05-15 11:13:00+00:00,4565.34,4566.23,4564.03,4564.03,291,20,0
2026-05-15 11:14:00+00:00,4564.01,4565.54,4563.98,4565.27,288,20,0
2026-05-15 11:15:00+00:00,4565.28,4565.57,4562.34,4562.43,282,20,0
2026-05-15 11:16:00+00:00,4562.4,4563.01,4558.75,4560.02,368,20,0
2026-05-15 11:17:00+00:00,4560.03,4560.03,4553.07,4555.97,411,20,0
2026-05-15 11:18:00+00:00,4555.75,4558.2,4552.79,4558.11,408,20,0
2026-05-15 11:19:00+00:00,4558.14,4559.2,4555.94,4556.7,363,20,0
2026-05-15 11:20:00+00:00,4556.46,4558.19,4555.37,4555.54,354,20,0
2026-05-15 11:21:00+00:00,4555.5,4556.59,4554.04,4556.11,296,20,0
2026-05-15 11:22:00+00:00,4556.13,4560.82,4555.87,4559.97,328,21,0
2026-05-15 11:23:00+00:00,4559.96,4560.56,4557.95,4559.27,323,20,0
2026-05-15 11:24:00+00:00,4559.2,4560.93,4558.81,4560.08,278,20,0
2026-05-15 11:25:00+00:00,4560.07,4561.11,4558.8,4560.1,297,20,0
2026-05-15 11:26:00+00:00,4560.12,4560.2,4557.15,4558.94,355,20,0
2026-05-15 11:27:00+00:00,4558.92,4558.92,4556.29,4557.18,277,20,0
2026-05-15 11:28:00+00:00,4557.16,4560.53,4556.53,4559.45,313,20,0
2026-05-15 11:29:00+00:00,4559.47,4559.55,4557.2,4558.27,323,20,0
2026-05-15 11:30:00+00:00,4558.18,4558.18,4550.11,4552.5,423,20,0
2026-05-15 11:31:00+00:00,4552.49,4553.9,4551.07,4552.09,376,20,0
2026-05-15 11:32:00+00:00,4552.11,4554.3,4552.06,4552.79,376,20,0
2026-05-15 11:33:00+00:00,4552.8,4554.91,4551.24,4554.91,397,20,0
2026-05-15 11:34:00+00:00,4554.92,4555.53,4552.95,4554.91,373,20,0
2026-05-15 11:35:00+00:00,4555.01,4557.59,4554.19,4555.25,331,20,0
2026-05-15 11:36:00+00:00,4555.18,4556.11,4553.82,4555.48,366,20,0
2026-05-15 11:37:00+00:00,4555.45,4555.95,4553.12,4553.43,323,20,0
2026-05-15 11:38:00+00:00,4553.44,4555.71,4553.44,4555.39,305,20,0
2026-05-15 11:39:00+00:00,4555.41,4559.07,4554.97,4558.31,312,20,0
2026-05-15 11:40:00+00:00,4558.26,4560.64,4557.57,4558.52,324,20,0
2026-05-15 11:41:00+00:00,4558.53,4560.91,4558.2,4560.26,331,25,0
2026-05-15 11:42:00+00:00,4560.31,4562.48,4558.49,4561.93,270,20,0
2026-05-15 11:43:00+00:00,4562.21,4562.44,4559.78,4560.49,316,20,0
2026-05-15 11:44:00+00:00,4560.49,4562.52,4558.8,4562.36,241,20,0
2026-05-15 11:45:00+00:00,4562.34,4563.51,4560.97,4561.26,287,20,0
2026-05-15 11:46:00+00:00,4560.98,4560.98,4558.11,4558.56,309,20,0
2026-05-15 11:47:00+00:00,4558.62,4561.42,4558.25,4560.99,275,20,0
2026-05-15 11:48:00+00:00,4561.01,4561.96,4560.63,4561.42,206,20,0
2026-05-15 11:49:00+00:00,4561.43,4562.2,4561.03,4562.2,194,20,0
2026-05-15 11:50:00+00:00,4562.21,4562.39,4559.97,4560.84,217,20,0
2026-05-15 11:51:00+00:00,4560.84,4560.93,4559.17,4559.55,233,20,0
2026-05-15 11:52:00+00:00,4559.6,4560.5,4558.65,4559.07,234,27,0
2026-05-15 11:53:00+00:00,4559.1,4559.9,4558.15,4558.93,273,27,0
2026-05-15 11:54:00+00:00,4558.99,4559.0,4556.48,4557.64,222,20,0
2026-05-15 11:55:00+00:00,4557.58,4557.81,4553.34,4555.52,332,20,0
2026-05-15 11:56:00+00:00,4555.54,4557.16,4555.19,4556.25,236,27,0
2026-05-15 11:57:00+00:00,4556.23,4556.5,4554.37,4555.17,236,28,0
2026-05-15 11:58:00+00:00,4555.19,4555.65,4553.41,4553.57,267,20,0
2026-05-15 11:59:00+00:00,4553.53,4554.3,4552.65,4554.3,267,24,0
2026-05-15 12:00:00+00:00,4554.22,4554.66,4551.37,4551.42,345,27,0
2026-05-15 12:01:00+00:00,4551.4,4553.55,4550.52,4551.93,331,27,0
2026-05-15 12:02:00+00:00,4551.95,4552.28,4550.3,4551.68,376,27,0
2026-05-15 12:03:00+00:00,4551.71,4554.13,4551.65,4554.03,328,27,0
2026-05-15 12:04:00+00:00,4554.07,4558.48,4552.42,4557.9,397,24,0
2026-05-15 12:05:00+00:00,4557.83,4563.73,4557.83,4562.72,390,20,0
2026-05-15 12:06:00+00:00,4562.55,4562.58,4554.41,4554.52,381,20,0
2026-05-15 12:07:00+00:00,4554.26,4556.35,4553.11,4553.93,253,20,0
2026-05-15 12:08:00+00:00,4553.91,4555.5,4553.64,4555.2,234,20,0
2026-05-15 12:09:00+00:00,4555.22,4555.33,4553.38,4554.68,281,20,0
2026-05-15 12:10:00+00:00,4554.7,4555.18,4548.33,4548.33,326,20,0
2026-05-15 12:11:00+00:00,4548.2,4549.52,4547.55,4548.52,337,21,0
2026-05-15 12:12:00+00:00,4548.55,4550.48,4547.45,4549.86,298,20,0
2026-05-15 12:13:00+00:00,4549.85,4550.55,4548.6,4549.47,265,20,0
2026-05-15 12:14:00+00:00,4549.61,4549.68,4545.94,4547.2,322,20,0
2026-05-15 12:15:00+00:00,4547.11,4549.05,4542.06,4543.3,375,20,0
2026-05-15 12:16:00+00:00,4543.25,4544.07,4539.3,4542.66,423,22,0
2026-05-15 12:17:00+00:00,4542.64,4544.83,4541.97,4544.83,324,20,0
2026-05-15 12:18:00+00:00,4544.81,4546.81,4543.43,4546.78,364,20,0
2026-05-15 12:19:00+00:00,4546.94,4547.37,4545.22,4546.62,283,20,0
2026-05-15 12:20:00+00:00,4546.61,4547.59,4545.49,4546.78,327,20,0
2026-05-15 12:21:00+00:00,4546.76,4549.33,4546.3,4548.28,299,20,0
2026-05-15 12:22:00+00:00,4548.24,4548.38,4544.61,4548.38,300,20,0
2026-05-15 12:23:00+00:00,4548.39,4548.86,4545.7,4548.8,288,20,0
2026-05-15 12:24:00+00:00,4548.81,4552.52,4548.73,4551.7,277,20,0
2026-05-15 12:25:00+00:00,4551.74,4553.12,4550.59,4552.0,317,20,0
2026-05-15 12:26:00+00:00,4551.81,4552.25,4550.15,4551.11,256,20,0
2026-05-15 12:27:00+00:00,4551.09,4554.0,4551.01,4553.79,287,20,0
2026-05-15 12:28:00+00:00,4553.84,4554.03,4552.32,4552.47,234,28,0
2026-05-15 12:29:00+00:00,4552.45,4554.46,4551.16,4553.39,330,27,0
2026-05-15 12:30:00+00:00,4553.35,4555.25,4552.39,4553.64,273,27,0
2026-05-15 12:31:00+00:00,4553.59,4554.01,4551.91,4553.71,253,27,0
2026-05-15 12:32:00+00:00,4553.68,4554.28,4552.18,4553.78,215,27,0
2026-05-15 12:33:00+00:00,4553.83,4555.62,4553.23,4554.85,198,27,0
2026-05-15 12:34:00+00:00,4554.84,4554.9,4553.3,4553.35,226,20,0
2026-05-15 12:35:00+00:00,4553.38,4553.46,4550.82,4552.31,276,20,0
2026-05-15 12:36:00+00:00,4552.36,4553.03,4548.06,4548.47,300,20,0
2026-05-15 12:37:00+00:00,4548.5,4549.07,4546.44,4547.36,327,20,0
2026-05-15 12:38:00+00:00,4547.35,4548.3,4544.6,4544.84,302,20,0
2026-05-15 12:39:00+00:00,4544.91,4547.01,4544.39,4546.68,304,20,0
2026-05-15 12:40:00+00:00,4546.46,4547.23,4544.82,4546.43,311,20,0
2026-05-15 12:41:00+00:00,4546.41,4548.41,4545.86,4548.13,269,20,0
2026-05-15 12:42:00+00:00,4548.16,4548.51,4546.15,4548.46,242,20,0
2026-05-15 12:43:00+00:00,4548.38,4549.26,4544.8,4545.02,239,20,0
2026-05-15 12:44:00+00:00,4544.99,4545.73,4542.71,4543.54,268,20,0
2026-05-15 12:45:00+00:00,4543.56,4543.92,4540.43,4542.85,283,20,0
2026-05-15 12:46:00+00:00,4542.82,4543.0,4541.09,4542.41,272,20,0
2026-05-15 12:47:00+00:00,4542.48,4543.73,4540.68,4541.1,352,21,0
2026-05-15 12:48:00+00:00,4541.09,4541.8,4538.79,4539.35,305,20,0
2026-05-15 12:49:00+00:00,4539.51,4539.69,4537.69,4537.94,326,20,0
2026-05-15 12:50:00+00:00,4537.95,4537.95,4531.92,4537.75,455,20,0
2026-05-15 12:51:00+00:00,4537.57,4540.62,4537.13,4539.84,379,22,0
2026-05-15 12:52:00+00:00,4539.86,4542.76,4539.86,4542.42,289,22,0
2026-05-15 12:53:00+00:00,4542.44,4542.44,4539.78,4541.23,271,20,0
2026-05-15 12:54:00+00:00,4541.57,4542.43,4540.62,4542.36,288,20,0
2026-05-15 12:55:00+00:00,4542.27,4542.95,4538.11,4542.81,370,21,0
2026-05-15 12:56:00+00:00,4543.36,4546.68,4543.25,4546.68,441,23,0
2026-05-15 12:57:00+00:00,4546.5,4546.91,4543.6,4543.96,322,20,0
2026-05-15 12:58:00+00:00,4544.01,4545.77,4543.75,4545.77,291,20,0
2026-05-15 12:59:00+00:00,4545.78,4546.27,4544.57,4545.74,312,20,0
2026-05-15 13:00:00+00:00,4545.78,4547.83,4544.33,4546.15,339,20,0
2026-05-15 13:01:00+00:00,4546.17,4547.37,4544.06,4546.11,298,20,0
2026-05-15 13:02:00+00:00,4546.1,4549.22,4545.68,4547.89,361,20,0
2026-05-15 13:03:00+00:00,4547.87,4547.92,4545.47,4547.24,269,25,0
2026-05-15 13:04:00+00:00,4547.21,4548.9,4545.55,4546.51,254,26,0
2026-05-15 13:05:00+00:00,4546.49,4551.16,4546.16,4550.33,304,27,0
2026-05-15 13:06:00+00:00,4550.4,4552.86,4550.2,4552.34,271,27,0
2026-05-15 13:07:00+00:00,4552.43,4553.67,4551.44,4552.28,335,28,0
2026-05-15 13:08:00+00:00,4552.29,4557.15,4551.77,4556.79,374,27,0
2026-05-15 13:09:00+00:00,4556.77,4559.55,4556.63,4558.58,339,28,0
2026-05-15 13:10:00+00:00,4558.61,4559.05,4557.47,4557.72,316,28,0
2026-05-15 13:11:00+00:00,4557.69,4559.34,4556.15,4558.22,325,27,0
2026-05-15 13:12:00+00:00,4558.24,4562.08,4558.24,4561.75,342,27,0
2026-05-15 13:13:00+00:00,4561.74,4562.67,4560.26,4560.81,263,26,0
2026-05-15 13:14:00+00:00,4560.84,4562.51,4560.03,4560.94,238,26,0
2026-05-15 13:15:00+00:00,4561.01,4562.77,4560.87,4562.19,293,26,0
2026-05-15 13:16:00+00:00,4562.2,4563.22,4560.33,4563.04,302,21,0
2026-05-15 13:17:00+00:00,4563.08,4563.15,4560.61,4560.94,259,20,0
2026-05-15 13:18:00+00:00,4561.05,4561.28,4557.99,4558.19,305,24,0
2026-05-15 13:19:00+00:00,4558.25,4558.81,4556.74,4557.38,241,22,0
2026-05-15 13:20:00+00:00,4557.39,4560.16,4556.42,4559.92,256,23,0
2026-05-15 13:21:00+00:00,4559.84,4560.25,4558.74,4560.01,266,23,0
2026-05-15 13:22:00+00:00,4560.0,4561.18,4559.4,4561.09,280,20,0
2026-05-15 13:23:00+00:00,4561.01,4561.88,4559.42,4561.18,327,20,0
2026-05-15 13:24:00+00:00,4561.17,4561.62,4555.99,4555.99,305,22,0
2026-05-15 13:25:00+00:00,4555.95,4556.62,4554.64,4555.11,246,20,0
2026-05-15 13:26:00+00:00,4555.12,4555.66,4553.1,4554.35,266,22,0
2026-05-15 13:27:00+00:00,4554.39,4555.22,4552.03,4553.55,256,26,0
2026-05-15 13:28:00+00:00,4553.54,4553.96,4552.4,4552.84,206,24,0
2026-05-15 13:29:00+00:00,4552.78,4552.85,4551.69,4551.76,178,23,0
2026-05-15 13:30:00+00:00,4551.73,4553.85,4550.86,4553.51,275,26,0
2026-05-15 13:31:00+00:00,4553.53,4556.01,4552.49,4554.74,271,25,0
2026-05-15 13:32:00+00:00,4554.73,4554.73,4553.17,4553.48,236,25,0
2026-05-15 13:33:00+00:00,4553.47,4556.81,4553.43,4556.81,192,25,0
2026-05-15 13:34:00+00:00,4556.81,4556.81,4553.96,4554.85,224,26,0
2026-05-15 13:35:00+00:00,4554.83,4554.9,4553.15,4553.57,217,25,0
2026-05-15 13:36:00+00:00,4553.54,4554.1,4552.25,4553.57,223,22,0
2026-05-15 13:37:00+00:00,4553.58,4554.63,4551.04,4551.39,283,23,0
2026-05-15 13:38:00+00:00,4551.43,4553.09,4551.33,4552.47,279,26,0
2026-05-15 13:39:00+00:00,4552.45,4553.07,4551.44,4552.38,188,26,0
2026-05-15 13:40:00+00:00,4552.34,4554.19,4551.26,4553.8,201,26,0
2026-05-15 13:41:00+00:00,4553.71,4554.1,4550.99,4551.81,227,26,0
2026-05-15 13:42:00+00:00,4551.82,4552.77,4550.32,4552.29,223,26,0
2026-05-15 13:43:00+00:00,4552.31,4552.96,4551.01,4551.22,216,26,0
2026-05-15 13:44:00+00:00,4551.17,4555.2,4549.56,4555.2,245,20,0
2026-05-15 13:45:00+00:00,4555.13,4558.68,4554.2,4558.6,436,26,0
2026-05-15 13:46:00+00:00,4558.58,4562.7,4558.03,4560.61,441,26,0
2026-05-15 13:47:00+00:00,4560.62,4562.87,4560.31,4561.43,355,26,0
2026-05-15 13:48:00+00:00,4561.4,4562.87,4559.76,4560.97,359,26,0
2026-05-15 13:49:00+00:00,4560.99,4563.45,4558.99,4559.4,317,26,0
2026-05-15 13:50:00+00:00,4559.42,4561.24,4557.5,4559.12,344,26,0
2026-05-15 13:51:00+00:00,4558.99,4567.6,4558.23,4566.99,432,26,0
2026-05-15 13:52:00+00:00,4566.93,4568.89,4565.73,4566.62,409,26,0
2026-05-15 13:53:00+00:00,4566.63,4572.45,4566.21,4571.61,382,25,0
2026-05-15 13:54:00+00:00,4571.29,4572.25,4567.65,4568.79,390,26,0
2026-05-15 13:55:00+00:00,4568.83,4569.61,4564.08,4564.87,360,26,0
2026-05-15 13:56:00+00:00,4564.96,4566.4,4564.31,4566.19,331,26,0
2026-05-15 13:57:00+00:00,4566.23,4568.86,4564.96,4567.32,374,26,0
2026-05-15 13:58:00+00:00,4567.3,4568.84,4567.24,4567.74,335,25,0
2026-05-15 13:59:00+00:00,4567.68,4568.22,4565.16,4565.94,287,26,0
2026-05-15 14:00:00+00:00,4565.88,4569.8,4565.32,4567.46,373,26,0
2026-05-15 14:01:00+00:00,4567.65,4570.22,4566.78,4567.2,348,26,0
2026-05-15 14:02:00+00:00,4566.99,4567.84,4563.2,4564.6,386,25,0
2026-05-15 14:03:00+00:00,4564.72,4565.72,4563.98,4563.98,341,27,0
2026-05-15 14:04:00+00:00,4563.99,4564.81,4561.78,4561.79,370,27,0
2026-05-15 14:05:00+00:00,4561.84,4564.74,4561.36,4564.37,323,26,0
2026-05-15 14:06:00+00:00,4564.49,4566.23,4561.81,4562.08,289,20,0
2026-05-15 14:07:00+00:00,4561.93,4563.13,4560.86,4563.02,309,27,0
2026-05-15 14:08:00+00:00,4563.01,4564.52,4562.31,4562.92,326,27,0
2026-05-15 14:09:00+00:00,4562.99,4564.4,4562.93,4564.33,268,27,0
2026-05-15 14:10:00+00:00,4564.31,4567.9,4563.52,4567.9,315,27,0
2026-05-15 14:11:00+00:00,4567.92,4568.36,4565.89,4566.33,262,26,0
2026-05-15 14:12:00+00:00,4566.32,4568.82,4565.1,4566.26,309,26,0
2026-05-15 14:13:00+00:00,4566.28,4568.04,4565.2,4567.81,288,27,0
2026-05-15 14:14:00+00:00,4567.81,4568.0,4566.23,4566.23,244,24,0
2026-05-15 14:15:00+00:00,4566.34,4568.57,4566.34,4567.31,254,26,0
2026-05-15 14:16:00+00:00,4567.25,4567.4,4563.87,4563.87,226,22,0
2026-05-15 14:17:00+00:00,4563.89,4566.5,4563.89,4566.26,217,24,0
2026-05-15 14:18:00+00:00,4566.26,4566.55,4564.82,4565.13,210,28,0
2026-05-15 14:19:00+00:00,4565.27,4565.93,4563.31,4564.14,215,27,0
2026-05-15 14:20:00+00:00,4564.04,4565.2,4563.97,4564.74,212,28,0
2026-05-15 14:21:00+00:00,4564.62,4565.37,4563.19,4563.44,207,26,0
2026-05-15 14:22:00+00:00,4563.51,4564.35,4563.19,4564.17,213,28,0
2026-05-15 14:23:00+00:00,4564.19,4564.7,4562.94,4563.82,221,28,0
2026-05-15 14:24:00+00:00,4563.84,4564.62,4563.14,4564.59,217,28,0
2026-05-15 14:25:00+00:00,4564.57,4564.57,4558.92,4559.31,264,27,0
2026-05-15 14:26:00+00:00,4559.29,4561.86,4559.29,4561.32,324,29,0
2026-05-15 14:27:00+00:00,4561.26,4562.52,4560.81,4561.12,220,29,0
2026-05-15 14:28:00+00:00,4561.16,4562.13,4560.17,4561.93,236,29,0
2026-05-15 14:29:00+00:00,4561.9,4562.51,4561.08,4562.3,228,28,0
2026-05-15 14:30:00+00:00,4562.19,4562.46,4559.72,4559.72,253,27,0
2026-05-15 14:31:00+00:00,4559.7,4560.94,4559.7,4560.66,181,26,0
2026-05-15 14:32:00+00:00,4560.69,4560.97,4558.85,4560.41,238,26,0
2026-05-15 14:33:00+00:00,4560.4,4560.76,4559.16,4559.41,179,26,0
2026-05-15 14:34:00+00:00,4559.42,4560.16,4558.55,4559.42,230,26,0
2026-05-15 14:35:00+00:00,4559.33,4560.07,4558.49,4559.57,249,26,0
2026-05-15 14:36:00+00:00,4559.53,4559.53,4556.54,4556.54,255,20,0
2026-05-15 14:37:00+00:00,4556.56,4556.97,4555.08,4556.87,235,26,0
2026-05-15 14:38:00+00:00,4556.85,4556.85,4555.39,4555.76,227,26,0
2026-05-15 14:39:00+00:00,4555.81,4556.27,4553.72,4554.12,269,26,0
2026-05-15 14:40:00+00:00,4554.15,4554.8,4551.94,4553.04,267,26,0
2026-05-15 14:41:00+00:00,4552.99,4554.02,4551.85,4552.25,206,26,0
2026-05-15 14:42:00+00:00,4552.34,4553.4,4551.83,4551.88,247,27,0
2026-05-15 14:43:00+00:00,4551.9,4553.1,4551.73,4552.31,242,26,0
2026-05-15 14:44:00+00:00,4552.3,4552.84,4550.88,4551.41,215,26,0
2026-05-15 14:45:00+00:00,4551.32,4553.76,4551.1,4553.0,266,26,0
2026-05-15 14:46:00+00:00,4553.14,4555.38,4553.14,4555.21,233,21,0
2026-05-15 14:47:00+00:00,4555.25,4556.51,4554.25,4556.44,281,25,0
2026-05-15 14:48:00+00:00,4556.43,4558.53,4555.99,4557.07,311,26,0
2026-05-15 14:49:00+00:00,4557.03,4557.88,4556.22,4556.54,220,27,0
2026-05-15 14:50:00+00:00,4556.57,4557.85,4555.18,4557.57,222,26,0
2026-05-15 14:51:00+00:00,4557.63,4558.73,4557.12,4557.14,216,26,0
2026-05-15 14:52:00+00:00,4557.17,4557.17,4554.62,4554.99,225,26,0
2026-05-15 14:53:00+00:00,4554.97,4555.62,4554.28,4554.88,247,24,0
2026-05-15 14:54:00+00:00,4554.89,4555.07,4553.56,4553.99,221,27,0
2026-05-15 14:55:00+00:00,4553.93,4554.05,4549.76,4549.98,312,26,0
2026-05-15 14:56:00+00:00,4549.95,4551.81,4549.95,4551.81,233,26,0
2026-05-15 14:57:00+00:00,4551.77,4553.97,4551.25,4553.27,228,26,0
2026-05-15 14:58:00+00:00,4553.26,4553.34,4550.22,4550.68,273,26,0
2026-05-15 14:59:00+00:00,4550.7,4552.65,4550.53,4551.95,238,26,0
2026-05-15 15:00:00+00:00,4551.74,4551.74,4549.44,4549.78,314,22,0
2026-05-15 15:01:00+00:00,4549.73,4549.77,4546.13,4548.46,347,26,0
2026-05-15 15:02:00+00:00,4548.44,4550.8,4547.4,4550.78,265,26,0
2026-05-15 15:03:00+00:00,4550.76,4551.88,4550.23,4551.15,255,26,0
2026-05-15 15:04:00+00:00,4551.62,4551.76,4549.71,4550.22,253,20,0
2026-05-15 15:05:00+00:00,4550.26,4552.5,4550.03,4550.03,260,23,0
2026-05-15 15:06:00+00:00,4550.01,4551.55,4548.68,4550.57,312,26,0
2026-05-15 15:07:00+00:00,4550.6,4551.79,4550.12,4550.81,208,26,0
2026-05-15 15:08:00+00:00,4550.65,4553.03,4550.59,4551.93,251,24,0
2026-05-15 15:09:00+00:00,4551.91,4553.06,4550.08,4553.06,300,26,0
2026-05-15 15:10:00+00:00,4553.02,4555.23,4553.02,4553.99,363,27,0
2026-05-15 15:11:00+00:00,4553.97,4553.97,4550.64,4552.54,296,26,0
2026-05-15 15:12:00+00:00,4552.51,4553.1,4549.89,4549.95,311,26,0
2026-05-15 15:13:00+00:00,4549.96,4551.43,4549.8,4550.78,253,26,0
2026-05-15 15:14:00+00:00,4550.65,4550.71,4545.12,4545.54,326,26,0
2026-05-15 15:15:00+00:00,4545.55,4550.97,4544.92,4550.97,405,27,0
2026-05-15 15:16:00+00:00,4550.99,4551.14,4548.78,4550.07,301,27,0
2026-05-15 15:17:00+00:00,4550.12,4551.31,4547.31,4547.63,291,27,0
2026-05-15 15:18:00+00:00,4547.66,4547.91,4545.89,4546.72,287,26,0
2026-05-15 15:19:00+00:00,4546.7,4549.0,4545.99,4548.81,268,27,0
2026-05-15 15:20:00+00:00,4548.63,4556.8,4547.99,4556.8,355,28,0
2026-05-15 15:21:00+00:00,4556.49,4558.69,4556.25,4556.51,375,26,0
2026-05-15 15:22:00+00:00,4556.21,4557.47,4554.94,4557.04,314,20,0
2026-05-15 15:23:00+00:00,4557.05,4557.13,4553.11,4555.41,317,26,0
2026-05-15 15:24:00+00:00,4555.44,4556.25,4553.09,4555.65,354,21,0
2026-05-15 15:25:00+00:00,4555.64,4556.06,4552.73,4555.49,368,20,0
2026-05-15 15:26:00+00:00,4555.57,4557.51,4555.54,4555.96,279,20,0
2026-05-15 15:27:00+00:00,4555.77,4556.76,4554.8,4555.24,307,21,0
2026-05-15 15:28:00+00:00,4555.23,4555.52,4553.69,4553.73,225,26,0
2026-05-15 15:29:00+00:00,4553.7,4556.47,4553.7,4555.11,221,26,0
2026-05-15 15:30:00+00:00,4555.02,4555.02,4548.26,4548.36,368,28,0
2026-05-15 15:31:00+00:00,4548.38,4550.99,4548.04,4550.84,363,29,0
2026-05-15 15:32:00+00:00,4550.86,4551.59,4548.0,4551.33,293,20,0
2026-05-15 15:33:00+00:00,4551.29,4554.01,4550.19,4552.56,265,27,0
2026-05-15 15:34:00+00:00,4552.57,4553.04,4549.58,4549.58,263,26,0
2026-05-15 15:35:00+00:00,4549.57,4552.78,4548.25,4552.49,335,26,0
2026-05-15 15:36:00+00:00,4552.28,4553.82,4550.12,4552.85,316,26,0
2026-05-15 15:37:00+00:00,4552.86,4553.57,4549.52,4550.23,353,26,0
2026-05-15 15:38:00+00:00,4550.22,4551.6,4548.88,4549.47,296,26,0
2026-05-15 15:39:00+00:00,4549.45,4549.45,4547.43,4548.23,297,26,0
2026-05-15 15:40:00+00:00,4548.18,4549.89,4546.64,4547.88,273,24,0
2026-05-15 15:41:00+00:00,4547.79,4548.47,4547.69,4547.73,222,26,0
2026-05-15 15:42:00+00:00,4547.82,4547.86,4543.61,4544.92,340,25,0
2026-05-15 15:43:00+00:00,4544.94,4547.66,4544.4,4547.66,301,25,0
2026-05-15 15:44:00+00:00,4547.7,4547.85,4545.41,4545.64,297,26,0
2026-05-15 15:45:00+00:00,4545.35,4547.17,4543.7,4547.08,332,27,0
2026-05-15 15:46:00+00:00,4547.1,4550.03,4546.99,4549.68,307,26,0
2026-05-15 15:47:00+00:00,4549.71,4551.76,4548.66,4551.76,323,27,0
2026-05-15 15:48:00+00:00,4551.62,4551.76,4549.55,4550.26,267,26,0
2026-05-15 15:49:00+00:00,4550.22,4550.6,4547.92,4549.42,276,26,0
2026-05-15 15:50:00+00:00,4549.38,4550.21,4547.66,4550.03,288,26,0
2026-05-15 15:51:00+00:00,4549.97,4555.24,4549.62,4555.24,308,20,0
2026-05-15 15:52:00+00:00,4555.27,4555.6,4554.01,4555.39,285,26,0
2026-05-15 15:53:00+00:00,4555.39,4555.58,4552.71,4553.03,244,23,0
2026-05-15 15:54:00+00:00,4553.08,4554.46,4551.47,4554.26,218,20,0
2026-05-15 15:55:00+00:00,4554.25,4554.25,4551.45,4553.26,224,25,0
2026-05-15 15:56:00+00:00,4553.24,4554.63,4552.32,4552.32,203,25,0
2026-05-15 15:57:00+00:00,4552.43,4553.06,4550.11,4551.65,244,20,0
2026-05-15 15:58:00+00:00,4551.63,4553.36,4550.69,4551.78,252,26,0
2026-05-15 15:59:00+00:00,4551.81,4551.81,4545.7,4545.9,335,20,0
2026-05-15 16:00:00+00:00,4545.9,4549.1,4541.24,4542.73,527,27,0
2026-05-15 16:01:00+00:00,4542.76,4543.03,4538.41,4540.34,488,27,0
2026-05-15 16:02:00+00:00,4540.26,4542.97,4539.4,4542.97,463,26,0
2026-05-15 16:03:00+00:00,4543.0,4544.24,4540.85,4543.83,415,20,0
2026-05-15 16:04:00+00:00,4543.66,4545.5,4542.68,4544.3,410,26,0
2026-05-15 16:05:00+00:00,4544.4,4549.69,4544.4,4548.63,400,26,0
2026-05-15 16:06:00+00:00,4548.24,4548.62,4546.48,4546.75,431,26,0
2026-05-15 16:07:00+00:00,4546.84,4547.12,4542.19,4544.27,384,26,0
2026-05-15 16:08:00+00:00,4544.3,4544.76,4539.14,4539.71,381,26,0
2026-05-15 16:09:00+00:00,4539.72,4540.86,4536.29,4538.31,409,20,0
2026-05-15 16:10:00+00:00,4538.32,4541.76,4538.11,4540.1,349,26,0
2026-05-15 16:11:00+00:00,4540.1,4541.45,4538.86,4540.01,334,27,0
2026-05-15 16:12:00+00:00,4540.11,4544.72,4539.03,4544.21,391,27,0
2026-05-15 16:13:00+00:00,4544.19,4544.51,4542.5,4543.21,252,28,0
2026-05-15 16:14:00+00:00,4543.24,4546.87,4543.12,4546.62,221,27,0
2026-05-15 16:15:00+00:00,4546.66,4546.66,4542.35,4543.06,347,28,0
2026-05-15 16:16:00+00:00,4543.16,4546.66,4540.7,4546.66,313,28,0
2026-05-15 16:17:00+00:00,4546.69,4548.3,4545.0,4548.27,362,27,0
2026-05-15 16:18:00+00:00,4548.03,4553.18,4547.67,4553.0,361,24,0
2026-05-15 16:19:00+00:00,4552.95,4552.95,4550.15,4550.91,337,26,0
2026-05-15 16:20:00+00:00,4550.9,4551.88,4549.75,4551.31,333,26,0
2026-05-15 16:21:00+00:00,4551.36,4552.39,4550.47,4552.03,334,26,0
2026-05-15 16:22:00+00:00,4552.05,4554.51,4551.19,4552.94,330,26,0
2026-05-15 16:23:00+00:00,4552.9,4554.12,4552.24,4552.38,352,20,0
2026-05-15 16:24:00+00:00,4552.39,4554.5,4552.36,4554.5,298,26,0
2026-05-15 16:25:00+00:00,4554.76,4557.53,4554.76,4556.53,447,26,0
2026-05-15 16:26:00+00:00,4556.58,4557.11,4553.03,4553.73,370,23,0
2026-05-15 16:27:00+00:00,4553.65,4555.1,4549.68,4549.71,378,26,0
2026-05-15 16:28:00+00:00,4550.24,4551.03,4546.82,4547.33,381,20,0
2026-05-15 16:29:00+00:00,4547.29,4548.85,4546.42,4548.84,330,20,0
2026-05-15 16:30:00+00:00,4549.03,4551.15,4546.18,4548.15,533,25,0
2026-05-15 16:31:00+00:00,4548.02,4548.02,4543.62,4545.8,511,26,0
2026-05-15 16:32:00+00:00,4545.82,4547.0,4544.01,4544.87,451,26,0
2026-05-15 16:33:00+00:00,4544.9,4545.93,4542.98,4544.18,421,26,0
2026-05-15 16:34:00+00:00,4544.11,4545.41,4541.61,4542.49,461,21,0
2026-05-15 16:35:00+00:00,4542.5,4542.69,4537.15,4538.76,523,27,0
2026-05-15 16:36:00+00:00,4538.77,4539.94,4536.32,4538.31,481,27,0
2026-05-15 16:37:00+00:00,4538.35,4538.93,4526.88,4528.03,547,28,0
2026-05-15 16:38:00+00:00,4528.1,4531.77,4526.63,4529.75,519,26,0
2026-05-15 16:39:00+00:00,4529.72,4531.47,4527.06,4528.6,478,28,0
2026-05-15 16:40:00+00:00,4528.39,4531.09,4526.71,4529.97,513,27,0
2026-05-15 16:41:00+00:00,4529.85,4529.99,4522.57,4529.14,515,28,0
2026-05-15 16:42:00+00:00,4529.11,4530.36,4527.02,4529.25,508,28,0
2026-05-15 16:43:00+00:00,4529.32,4529.6,4525.64,4526.61,511,27,0
2026-05-15 16:44:00+00:00,4526.59,4527.11,4519.99,4520.01,518,28,0
2026-05-15 16:45:00+00:00,4519.97,4521.13,4511.75,4512.22,555,20,0
2026-05-15 16:46:00+00:00,4512.37,4518.5,4511.69,4518.5,540,27,0
2026-05-15 16:47:00+00:00,4518.6,4523.07,4515.26,4522.96,508,20,0
2026-05-15 16:48:00+00:00,4523.01,4525.65,4521.95,4524.81,507,26,0
2026-05-15 16:49:00+00:00,4524.79,4529.27,4524.22,4528.86,515,26,0
2026-05-15 16:50:00+00:00,4528.88,4531.91,4525.8,4531.9,507,26,0
2026-05-15 16:51:00+00:00,4531.94,4532.63,4526.68,4529.07,501,27,0
2026-05-15 16:52:00+00:00,4529.07,4533.45,4529.05,4533.06,454,27,0
2026-05-15 16:53:00+00:00,4533.09,4534.24,4531.66,4533.25,463,26,0
2026-05-15 16:54:00+00:00,4533.21,4536.94,4532.72,4534.58,489,26,0
2026-05-15 16:55:00+00:00,4534.51,4538.4,4533.25,4538.36,460,23,0
2026-05-15 16:56:00+00:00,4538.47,4541.92,4538.28,4541.34,476,20,0
2026-05-15 16:57:00+00:00,4541.34,4541.34,4536.52,4537.18,442,26,0
2026-05-15 16:58:00+00:00,4537.17,4537.68,4532.78,4533.65,457,23,0
2026-05-15 16:59:00+00:00,4533.63,4534.25,4530.88,4533.48,449,20,0
2026-05-15 17:00:00+00:00,4533.17,4535.05,4528.29,4528.8,494,25,0
2026-05-15 17:01:00+00:00,4528.79,4531.08,4525.94,4526.96,487,24,0
2026-05-15 17:02:00+00:00,4527.0,4529.67,4525.41,4529.39,517,27,0
2026-05-15 17:03:00+00:00,4529.41,4531.92,4527.0,4528.4,450,24,0
2026-05-15 17:04:00+00:00,4528.2,4533.58,4526.01,4533.49,459,23,0
2026-05-15 17:05:00+00:00,4533.32,4537.44,4533.32,4537.4,455,24,0
2026-05-15 17:06:00+00:00,4537.25,4540.24,4533.68,4534.38,469,25,0
2026-05-15 17:07:00+00:00,4534.37,4537.59,4534.24,4534.84,446,25,0
2026-05-15 17:08:00+00:00,4534.82,4537.63,4534.01,4534.87,473,25,0
2026-05-15 17:09:00+00:00,4534.89,4539.23,4533.91,4534.13,485,26,0
2026-05-15 17:10:00+00:00,4534.14,4538.72,4533.75,4537.92,462,20,0
2026-05-15 17:11:00+00:00,4537.96,4539.86,4534.65,4539.49,430,26,0
2026-05-15 17:12:00+00:00,4539.52,4545.91,4538.59,4545.85,434,26,0
2026-05-15 17:13:00+00:00,4545.72,4549.41,4544.6,4549.41,461,21,0
2026-05-15 17:14:00+00:00,4549.37,4550.42,4543.1,4543.1,484,26,0
2026-05-15 17:15:00+00:00,4543.13,4546.01,4540.47,4545.18,484,20,0
2026-05-15 17:16:00+00:00,4545.26,4548.88,4545.0,4547.9,447,26,0
2026-05-15 17:17:00+00:00,4547.91,4553.86,4546.97,4552.64,482,20,0
2026-05-15 17:18:00+00:00,4552.65,4556.22,4552.13,4555.8,482,27,0
2026-05-15 17:19:00+00:00,4555.83,4558.39,4553.29,4558.39,471,20,0
2026-05-15 17:20:00+00:00,4558.81,4562.13,4558.38,4561.01,536,26,0
2026-05-15 17:21:00+00:00,4561.03,4562.73,4558.48,4558.59,460,26,0
2026-05-15 17:22:00+00:00,4558.51,4561.15,4556.03,4557.2,462,26,0
2026-05-15 17:23:00+00:00,4557.23,4560.01,4556.53,4557.08,456,28,0
2026-05-15 17:24:00+00:00,4557.35,4561.27,4557.08,4558.29,490,21,0
2026-05-15 17:25:00+00:00,4558.28,4559.09,4555.43,4557.72,492,26,0
2026-05-15 17:26:00+00:00,4557.78,4558.58,4553.08,4554.28,465,26,0
2026-05-15 17:27:00+00:00,4554.29,4557.01,4553.8,4554.72,400,26,0
2026-05-15 17:28:00+00:00,4554.52,4557.01,4552.52,4556.04,451,26,0
2026-05-15 17:29:00+00:00,4555.82,4555.95,4552.46,4555.55,429,26,0
2026-05-15 17:30:00+00:00,4555.58,4558.92,4555.33,4558.21,447,24,0
2026-05-15 17:31:00+00:00,4558.22,4559.68,4554.35,4554.47,448,26,0
2026-05-15 17:32:00+00:00,4554.57,4558.31,4554.57,4555.58,438,26,0
2026-05-15 17:33:00+00:00,4555.63,4557.2,4552.99,4555.59,422,26,0
2026-05-15 17:34:00+00:00,4555.52,4558.2,4554.39,4557.41,426,20,0
2026-05-15 17:35:00+00:00,4557.4,4560.25,4556.33,4556.33,428,26,0
2026-05-15 17:36:00+00:00,4556.26,4557.64,4554.29,4555.91,443,27,0
2026-05-15 17:37:00+00:00,4555.76,4559.9,4555.76,4558.74,415,27,0
2026-05-15 17:38:00+00:00,4558.76,4560.25,4556.01,4557.02,416,27,0
2026-05-15 17:39:00+00:00,4556.94,4558.98,4555.89,4555.89,381,27,0
2026-05-15 17:40:00+00:00,4555.44,4556.56,4554.63,4556.17,397,27,0
2026-05-15 17:41:00+00:00,4556.21,4557.1,4551.27,4551.74,399,27,0
2026-05-15 17:42:00+00:00,4551.73,4555.56,4550.65,4555.54,430,27,0
2026-05-15 17:43:00+00:00,4555.51,4557.24,4553.91,4555.87,405,26,0
2026-05-15 17:44:00+00:00,4555.86,4557.35,4554.38,4556.87,444,27,0
2026-05-15 17:45:00+00:00,4556.91,4557.17,4552.37,4552.95,455,21,0
2026-05-15 17:46:00+00:00,4552.94,4554.26,4550.22,4551.23,422,27,0
2026-05-15 17:47:00+00:00,4551.24,4553.81,4550.53,4552.71,406,21,0
2026-05-15 17:48:00+00:00,4552.69,4553.18,4550.79,4551.51,374,26,0
2026-05-15 17:49:00+00:00,4551.52,4552.72,4550.85,4551.32,353,26,0
2026-05-15 17:50:00+00:00,4551.35,4551.54,4547.35,4549.85,451,26,0
2026-05-15 17:51:00+00:00,4549.84,4550.14,4546.08,4546.51,444,26,0
2026-05-15 17:52:00+00:00,4546.47,4550.39,4546.04,4549.43,424,26,0
2026-05-15 17:53:00+00:00,4549.5,4551.08,4548.69,4549.7,404,26,0
2026-05-15 17:54:00+00:00,4549.59,4557.02,4549.46,4556.93,411,26,0
2026-05-15 17:55:00+00:00,4556.84,4557.96,4555.02,4556.56,458,26,0
2026-05-15 17:56:00+00:00,4556.55,4563.35,4556.49,4563.35,397,20,0
2026-05-15 17:57:00+00:00,4563.37,4566.5,4561.84,4566.16,439,26,0
2026-05-15 17:58:00+00:00,4566.18,4566.21,4562.55,4563.0,397,27,0
2026-05-15 17:59:00+00:00,4562.97,4562.98,4561.2,4562.7,386,27,0
2026-05-15 18:00:00+00:00,4562.82,4563.56,4559.56,4559.57,406,20,0
2026-05-15 18:01:00+00:00,4559.67,4563.36,4558.39,4558.53,399,27,0
2026-05-15 18:02:00+00:00,4558.52,4558.67,4552.79,4553.34,470,23,0
2026-05-15 18:03:00+00:00,4553.35,4555.06,4551.93,4554.72,416,27,0
2026-05-15 18:04:00+00:00,4554.75,4556.01,4552.5,4553.26,376,20,0
2026-05-15 18:05:00+00:00,4553.18,4556.64,4551.69,4556.08,381,25,0
2026-05-15 18:06:00+00:00,4556.07,4557.09,4554.22,4554.31,392,26,0
2026-05-15 18:07:00+00:00,4554.29,4555.94,4554.19,4555.08,337,27,0
2026-05-15 18:08:00+00:00,4555.13,4557.13,4554.64,4556.38,356,27,0
2026-05-15 18:09:00+00:00,4556.36,4558.73,4555.15,4558.68,338,27,0
2026-05-15 18:10:00+00:00,4558.46,4560.0,4556.42,4559.44,397,27,0
2026-05-15 18:11:00+00:00,4559.3,4559.59,4556.11,4556.11,355,27,0
2026-05-15 18:12:00+00:00,4556.03,4556.2,4552.74,4554.02,372,27,0
2026-05-15 18:13:00+00:00,4554.0,4556.34,4553.85,4555.26,324,26,0
2026-05-15 18:14:00+00:00,4555.25,4555.4,4550.76,4552.37,364,27,0
2026-05-15 18:15:00+00:00,4552.32,4553.84,4550.5,4551.23,336,27,0
2026-05-15 18:16:00+00:00,4551.21,4552.45,4550.79,4551.28,331,26,0
2026-05-15 18:17:00+00:00,4551.37,4552.21,4549.83,4551.82,343,26,0
2026-05-15 18:18:00+00:00,4551.84,4552.52,4549.34,4549.34,302,20,0
2026-05-15 18:19:00+00:00,4549.26,4550.06,4546.13,4547.34,345,27,0
2026-05-15 18:20:00+00:00,4547.52,4551.09,4547.46,4550.88,354,27,0
2026-05-15 18:21:00+00:00,4550.92,4551.46,4548.99,4549.67,312,26,0
2026-05-15 18:22:00+00:00,4549.69,4552.03,4549.69,4550.42,305,21,0
2026-05-15 18:23:00+00:00,4550.42,4550.88,4546.72,4546.73,360,21,0
2026-05-15 18:24:00+00:00,4546.77,4546.93,4543.95,4545.69,372,22,0
2026-05-15 18:25:00+00:00,4545.7,4545.92,4543.84,4544.7,382,20,0
2026-05-15 18:26:00+00:00,4544.69,4546.85,4544.28,4545.56,364,20,0
2026-05-15 18:27:00+00:00,4545.57,4548.71,4545.27,4546.33,391,20,0
2026-05-15 18:28:00+00:00,4546.31,4546.54,4542.9,4543.85,344,26,0
2026-05-15 18:29:00+00:00,4543.92,4547.12,4543.19,4547.12,355,21,0
2026-05-15 18:30:00+00:00,4547.16,4550.17,4547.16,4550.11,417,20,0
2026-05-15 18:31:00+00:00,4550.1,4550.33,4547.88,4548.8,374,20,0
2026-05-15 18:32:00+00:00,4548.67,4549.41,4547.24,4547.69,347,22,0
2026-05-15 18:33:00+00:00,4547.65,4548.69,4546.62,4547.01,401,20,0
2026-05-15 18:34:00+00:00,4546.85,4547.49,4543.58,4543.7,413,20,0
2026-05-15 18:35:00+00:00,4543.59,4546.08,4543.46,4545.03,400,23,0
2026-05-15 18:36:00+00:00,4545.05,4546.57,4544.04,4544.67,374,24,0
2026-05-15 18:37:00+00:00,4544.68,4545.46,4542.49,4544.1,337,26,0
2026-05-15 18:38:00+00:00,4544.07,4545.22,4543.45,4543.68,333,25,0
2026-05-15 18:39:00+00:00,4543.85,4544.33,4541.78,4542.28,329,25,0
2026-05-15 18:40:00+00:00,4542.17,4543.99,4541.35,4543.7,363,26,0
2026-05-15 18:41:00+00:00,4543.72,4544.21,4542.02,4543.88,345,25,0
2026-05-15 18:42:00+00:00,4543.96,4544.72,4542.7,4544.05,345,26,0
2026-05-15 18:43:00+00:00,4544.04,4544.04,4541.11,4542.44,418,26,0
2026-05-15 18:44:00+00:00,4542.38,4542.38,4539.9,4541.41,386,26,0
2026-05-15 18:45:00+00:00,4541.32,4542.37,4540.37,4542.12,368,25,0
2026-05-15 18:46:00+00:00,4542.01,4542.76,4540.72,4542.2,351,22,0
2026-05-15 18:47:00+00:00,4542.24,4542.48,4540.12,4541.08,343,20,0
2026-05-15 18:48:00+00:00,4541.03,4542.15,4539.17,4540.58,343,23,0
2026-05-15 18:49:00+00:00,4540.57,4541.13,4539.06,4540.02,354,20,0
2026-05-15 18:50:00+00:00,4540.03,4543.46,4539.2,4542.99,341,21,0
2026-05-15 18:51:00+00:00,4542.96,4543.08,4540.18,4540.39,342,20,0
2026-05-15 18:52:00+00:00,4540.36,4541.4,4538.13,4538.94,338,26,0
2026-05-15 18:53:00+00:00,4538.91,4539.53,4537.8,4537.8,300,26,0
2026-05-15 18:54:00+00:00,4537.77,4538.3,4536.42,4537.86,326,26,0
2026-05-15 18:55:00+00:00,4537.85,4537.85,4534.79,4535.96,383,25,0
2026-05-15 18:56:00+00:00,4535.97,4535.97,4534.53,4535.1,381,26,0
2026-05-15 18:57:00+00:00,4535.43,4537.78,4533.75,4534.75,376,21,0
2026-05-15 18:58:00+00:00,4534.74,4536.84,4534.43,4536.84,363,20,0
2026-05-15 18:59:00+00:00,4536.86,4539.8,4536.35,4539.8,364,20,0
2026-05-15 19:00:00+00:00,4539.92,4542.35,4539.14,4539.83,373,22,0
2026-05-15 19:01:00+00:00,4539.83,4540.06,4538.14,4540.06,353,20,0
2026-05-15 19:02:00+00:00,4540.08,4540.61,4537.38,4538.2,327,20,0
2026-05-15 19:03:00+00:00,4538.27,4538.28,4534.91,4535.26,363,20,0
2026-05-15 19:04:00+00:00,4535.3,4535.93,4533.47,4535.65,332,20,0
2026-05-15 19:05:00+00:00,4535.48,4536.56,4533.96,4535.71,318,20,0
2026-05-15 19:06:00+00:00,4535.65,4536.0,4530.58,4530.58,363,20,0
2026-05-15 19:07:00+00:00,4530.61,4532.49,4529.63,4529.76,370,26,0
2026-05-15 19:08:00+00:00,4529.75,4532.17,4529.45,4531.8,373,27,0
2026-05-15 19:09:00+00:00,4531.79,4533.28,4531.28,4531.35,317,29,0
2026-05-15 19:10:00+00:00,4531.03,4533.28,4530.71,4531.4,316,26,0
2026-05-15 19:11:00+00:00,4531.46,4532.12,4530.22,4531.56,299,29,0
2026-05-15 19:12:00+00:00,4531.63,4531.92,4529.52,4529.52,279,28,0
2026-05-15 19:13:00+00:00,4529.63,4532.94,4529.3,4532.79,339,20,0
2026-05-15 19:14:00+00:00,4532.71,4533.49,4530.61,4532.57,337,29,0
2026-05-15 19:15:00+00:00,4532.55,4534.6,4532.15,4532.86,371,27,0
2026-05-15 19:16:00+00:00,4532.93,4533.88,4531.48,4532.15,308,20,0
2026-05-15 19:17:00+00:00,4532.03,4533.45,4531.33,4533.36,271,28,0
2026-05-15 19:18:00+00:00,4533.35,4533.83,4531.88,4533.83,286,29,0
2026-05-15 19:19:00+00:00,4533.8,4534.78,4533.01,4533.68,293,29,0
2026-05-15 19:20:00+00:00,4533.74,4536.32,4533.31,4536.27,312,29,0
2026-05-15 19:21:00+00:00,4536.31,4537.15,4535.98,4536.91,251,28,0
2026-05-15 19:22:00+00:00,4536.9,4538.82,4536.8,4538.82,293,28,0
2026-05-15 19:23:00+00:00,4538.78,4539.96,4537.89,4539.8,357,27,0
2026-05-15 19:24:00+00:00,4539.83,4540.46,4537.89,4540.45,329,27,0
2026-05-15 19:25:00+00:00,4540.45,4542.31,4537.13,4539.16,362,20,0
2026-05-15 19:26:00+00:00,4539.07,4540.28,4538.29,4539.69,314,27,0
2026-05-15 19:27:00+00:00,4539.62,4540.5,4538.43,4540.02,359,27,0
2026-05-15 19:28:00+00:00,4540.03,4540.5,4538.44,4538.77,350,27,0
2026-05-15 19:29:00+00:00,4538.8,4540.85,4538.42,4540.85,386,26,0
2026-05-15 19:30:00+00:00,4540.86,4543.68,4540.86,4542.35,406,26,0
2026-05-15 19:31:00+00:00,4542.36,4543.8,4541.81,4542.56,380,29,0
2026-05-15 19:32:00+00:00,4542.59,4542.8,4540.79,4542.1,373,28,0
2026-05-15 19:33:00+00:00,4542.06,4542.68,4540.41,4540.44,427,29,0
2026-05-15 19:34:00+00:00,4540.41,4544.29,4540.06,4543.94,336,29,0
2026-05-15 19:35:00+00:00,4544.0,4544.41,4542.72,4543.87,327,28,0
2026-05-15 19:36:00+00:00,4543.92,4545.2,4543.91,4544.39,311,28,0
2026-05-15 19:37:00+00:00,4544.36,4545.68,4544.31,4545.18,323,20,0
2026-05-15 19:38:00+00:00,4545.21,4545.38,4543.69,4543.72,290,20,0
2026-05-15 19:39:00+00:00,4543.72,4545.76,4543.72,4545.51,235,26,0
2026-05-15 19:40:00+00:00,4545.57,4546.18,4544.66,4546.04,267,28,0
2026-05-15 19:41:00+00:00,4546.01,4547.21,4545.2,4545.41,263,27,0
2026-05-15 19:42:00+00:00,4545.54,4545.85,4544.27,4544.62,286,26,0
2026-05-15 19:43:00+00:00,4544.58,4545.22,4543.59,4543.63,283,28,0
2026-05-15 19:44:00+00:00,4543.84,4547.65,4543.64,4547.14,347,22,0
2026-05-15 19:45:00+00:00,4547.17,4547.98,4546.86,4547.75,317,28,0
2026-05-15 19:46:00+00:00,4547.7,4548.0,4545.3,4545.37,263,26,0
2026-05-15 19:47:00+00:00,4545.47,4546.86,4545.28,4546.82,243,28,0
2026-05-15 19:48:00+00:00,4546.84,4547.23,4546.24,4546.36,271,28,0
2026-05-15 19:49:00+00:00,4546.3,4546.44,4545.0,4545.36,257,28,0
2026-05-15 19:50:00+00:00,4545.33,4547.24,4545.14,4546.32,258,28,0
2026-05-15 19:51:00+00:00,4546.29,4546.29,4544.01,4544.01,294,26,0
2026-05-15 19:52:00+00:00,4544.0,4545.23,4543.14,4543.19,314,28,0
2026-05-15 19:53:00+00:00,4543.26,4544.63,4543.26,4544.3,367,28,0
2026-05-15 19:54:00+00:00,4544.28,4544.64,4541.89,4542.7,332,28,0
2026-05-15 19:55:00+00:00,4542.57,4543.47,4541.96,4542.83,305,27,0
2026-05-15 19:56:00+00:00,4542.77,4543.42,4542.48,4543.3,256,28,0
2026-05-15 19:57:00+00:00,4543.23,4544.56,4543.13,4544.27,293,28,0
2026-05-15 19:58:00+00:00,4544.3,4545.1,4543.15,4543.57,248,28,0
2026-05-15 19:59:00+00:00,4543.6,4544.69,4543.3,4544.31,240,28,0
2026-05-15 20:00:00+00:00,4544.34,4546.1,4543.15,4546.1,329,28,0
2026-05-15 20:01:00+00:00,4546.07,4550.25,4545.81,4550.24,386,28,0
2026-05-15 20:02:00+00:00,4550.22,4552.24,4549.91,4551.64,403,29,0
2026-05-15 20:03:00+00:00,4551.65,4551.82,4548.54,4549.16,378,29,0
2026-05-15 20:04:00+00:00,4549.14,4550.5,4548.74,4550.09,332,27,0
2026-05-15 20:05:00+00:00,4550.22,4551.65,4549.75,4550.97,323,28,0
2026-05-15 20:06:00+00:00,4550.9,4554.45,4550.62,4553.29,338,28,0
2026-05-15 20:07:00+00:00,4553.28,4553.67,4552.08,4552.51,267,27,0
2026-05-15 20:08:00+00:00,4552.57,4554.71,4552.57,4554.39,284,27,0
2026-05-15 20:09:00+00:00,4554.42,4555.4,4553.6,4554.65,360,28,0
2026-05-15 20:10:00+00:00,4554.67,4558.04,4554.49,4557.31,381,28,0
2026-05-15 20:11:00+00:00,4557.32,4557.94,4556.4,4556.55,359,20,0
2026-05-15 20:12:00+00:00,4556.62,4556.8,4554.62,4555.62,298,27,0
2026-05-15 20:13:00+00:00,4555.6,4556.86,4554.58,4556.86,271,27,0
2026-05-15 20:14:00+00:00,4556.77,4557.22,4554.88,4557.04,316,28,0
2026-05-15 20:15:00+00:00,4557.19,4557.49,4555.19,4555.59,315,28,0
2026-05-15 20:16:00+00:00,4555.69,4556.53,4554.65,4555.01,292,28,0
2026-05-15 20:17:00+00:00,4555.02,4555.64,4554.48,4554.68,255,27,0
2026-05-15 20:18:00+00:00,4554.88,4556.64,4554.88,4555.78,266,29,0
2026-05-15 20:19:00+00:00,4555.82,4556.42,4555.08,4555.84,297,29,0
2026-05-15 20:20:00+00:00,4555.81,4556.9,4555.32,4556.75,296,29,0
2026-05-15 20:21:00+00:00,4556.78,4558.34,4556.6,4557.41,301,29,0
2026-05-15 20:22:00+00:00,4557.45,4559.38,4556.96,4559.24,240,29,0
2026-05-15 20:23:00+00:00,4559.26,4559.67,4557.59,4557.79,327,28,0
2026-05-15 20:24:00+00:00,4557.81,4563.63,4557.81,4561.96,511,27,0
2026-05-15 20:25:00+00:00,4561.79,4562.73,4560.79,4561.45,370,27,0
2026-05-15 20:26:00+00:00,4561.41,4564.44,4561.41,4561.73,382,21,0
2026-05-15 20:27:00+00:00,4561.63,4561.63,4559.66,4561.24,345,27,0
2026-05-15 20:28:00+00:00,4561.22,4562.0,4560.1,4560.91,294,27,0
2026-05-15 20:29:00+00:00,4560.58,4561.22,4556.51,4557.73,441,28,0
2026-05-15 20:30:00+00:00,4557.65,4561.63,4557.65,4561.58,249,28,0
2026-05-15 20:31:00+00:00,4561.33,4562.31,4560.67,4560.85,244,28,0
2026-05-15 20:32:00+00:00,4560.91,4561.08,4558.51,4559.16,234,27,0
2026-05-15 20:33:00+00:00,4559.19,4561.65,4559.09,4561.56,244,29,0
2026-05-15 20:34:00+00:00,4561.57,4563.26,4561.25,4562.63,210,27,0
2026-05-15 20:35:00+00:00,4562.61,4563.37,4561.8,4562.26,223,28,0
2026-05-15 20:36:00+00:00,4562.41,4563.29,4561.88,4562.27,195,20,0
2026-05-15 20:37:00+00:00,4562.22,4562.64,4560.13,4560.48,197,27,0
2026-05-15 20:38:00+00:00,4560.58,4562.29,4560.47,4562.25,280,27,0
2026-05-15 20:39:00+00:00,4562.28,4563.53,4561.93,4563.03,267,27,0
2026-05-15 20:40:00+00:00,4562.95,4563.59,4562.15,4562.51,271,27,0
2026-05-15 20:41:00+00:00,4562.69,4563.06,4560.89,4560.95,249,28,0
2026-05-15 20:42:00+00:00,4560.93,4562.47,4560.83,4561.52,231,29,0
2026-05-15 20:43:00+00:00,4561.71,4562.16,4561.52,4561.93,222,28,0
2026-05-15 20:44:00+00:00,4561.89,4562.06,4560.64,4560.79,220,28,0
2026-05-15 20:45:00+00:00,4560.79,4562.24,4560.74,4561.88,257,28,0
2026-05-15 20:46:00+00:00,4561.82,4562.55,4560.79,4560.94,201,28,0
2026-05-15 20:47:00+00:00,4560.92,4562.01,4560.34,4561.91,161,28,0
2026-05-15 20:48:00+00:00,4561.92,4562.42,4559.96,4559.96,174,26,0
2026-05-15 20:49:00+00:00,4559.97,4561.1,4559.82,4560.56,166,27,0
2026-05-15 20:50:00+00:00,4560.53,4560.53,4558.87,4559.65,265,28,0
2026-05-15 20:51:00+00:00,4559.61,4560.19,4558.71,4558.92,226,27,0
2026-05-15 20:52:00+00:00,4558.82,4560.51,4558.68,4560.06,221,28,0
2026-05-15 20:53:00+00:00,4560.09,4560.21,4558.88,4558.91,206,28,0
2026-05-15 20:54:00+00:00,4558.97,4560.04,4558.21,4558.34,227,28,0
2026-05-15 20:55:00+00:00,4558.35,4558.61,4557.19,4557.65,199,28,0
2026-05-15 20:56:00+00:00,4557.63,4559.54,4557.22,4559.54,207,28,0
2026-05-15 20:57:00+00:00,4559.52,4560.45,4559.17,4559.92,203,28,0
2026-05-15 20:58:00+00:00,4559.96,4560.14,4559.13,4559.18,187,28,0
2026-05-15 20:59:00+00:00,4559.15,4559.98,4559.11,4559.48,195,28,0
2026-05-15 21:00:00+00:00,4559.58,4561.3,4559.58,4559.85,293,28,0
2026-05-15 21:01:00+00:00,4559.88,4559.88,4559.16,4559.62,255,26,0
2026-05-15 21:02:00+00:00,4559.52,4560.46,4558.08,4558.14,269,27,0
2026-05-15 21:03:00+00:00,4558.15,4559.24,4558.1,4559.22,241,29,0
2026-05-15 21:04:00+00:00,4559.2,4559.31,4558.55,4559.03,218,29,0
2026-05-15 21:05:00+00:00,4559.04,4559.69,4558.56,4558.64,270,29,0
2026-05-15 21:06:00+00:00,4558.65,4558.72,4557.23,4557.52,245,28,0
2026-05-15 21:07:00+00:00,4557.51,4558.13,4557.09,4557.62,168,28,0
2026-05-15 21:08:00+00:00,4557.61,4558.24,4556.1,4556.13,244,28,0
2026-05-15 21:09:00+00:00,4556.17,4559.05,4556.06,4558.48,277,28,0
2026-05-15 21:10:00+00:00,4558.43,4559.85,4558.05,4559.79,235,28,0
2026-05-15 21:11:00+00:00,4559.77,4559.77,4558.48,4558.56,112,28,0
2026-05-15 21:12:00+00:00,4558.59,4559.92,4558.59,4559.37,188,28,0
2026-05-15 21:13:00+00:00,4559.45,4560.3,4558.97,4560.29,121,28,0
2026-05-15 21:14:00+00:00,4560.34,4561.87,4560.34,4561.65,119,27,0
2026-05-15 21:15:00+00:00,4561.69,4562.96,4560.86,4560.96,239,22,0
2026-05-15 21:16:00+00:00,4560.94,4561.43,4560.09,4560.15,168,28,0
2026-05-15 21:17:00+00:00,4560.19,4560.6,4558.48,4558.75,212,20,0
2026-05-15 21:18:00+00:00,4558.84,4558.84,4553.88,4555.08,339,27,0
2026-05-15 21:19:00+00:00,4555.07,4555.54,4552.91,4554.52,412,29,0
2026-05-15 21:20:00+00:00,4554.48,4557.31,4554.38,4556.42,330,28,0
2026-05-15 21:21:00+00:00,4556.34,4556.95,4554.87,4554.94,320,28,0
2026-05-15 21:22:00+00:00,4554.97,4557.38,4554.96,4556.48,280,27,0
2026-05-15 21:23:00+00:00,4556.47,4558.76,4556.47,4558.66,291,29,0
2026-05-15 21:24:00+00:00,4558.68,4559.88,4558.56,4558.56,262,28,0
2026-05-15 21:25:00+00:00,4558.57,4559.41,4557.98,4558.57,288,27,0
2026-05-15 21:26:00+00:00,4558.55,4558.8,4556.49,4556.92,290,28,0
2026-05-15 21:27:00+00:00,4556.94,4557.54,4556.25,4556.81,295,27,0
2026-05-15 21:28:00+00:00,4556.84,4558.15,4556.58,4558.13,311,28,0
2026-05-15 21:29:00+00:00,4558.14,4558.18,4556.77,4558.08,320,28,0
2026-05-15 21:30:00+00:00,4558.41,4558.84,4556.9,4556.92,325,28,0
2026-05-15 21:31:00+00:00,4556.93,4556.93,4552.71,4553.05,388,28,0
2026-05-15 21:32:00+00:00,4553.04,4554.73,4552.3,4554.26,425,29,0
2026-05-15 21:33:00+00:00,4554.25,4555.44,4554.23,4555.18,243,26,0
2026-05-15 21:34:00+00:00,4555.23,4555.85,4554.76,4555.22,276,28,0
2026-05-15 21:35:00+00:00,4555.32,4556.13,4554.73,4555.3,255,28,0
2026-05-15 21:36:00+00:00,4555.26,4556.51,4555.15,4556.46,181,28,0
2026-05-15 21:37:00+00:00,4556.53,4556.8,4555.41,4556.45,263,28,0
2026-05-15 21:38:00+00:00,4556.41,4556.7,4555.6,4556.55,248,29,0
2026-05-15 21:39:00+00:00,4556.65,4558.0,4556.62,4557.97,226,26,0
2026-05-15 21:40:00+00:00,4557.95,4558.35,4556.54,4556.6,213,28,0
2026-05-15 21:41:00+00:00,4556.63,4557.2,4556.53,4556.89,198,27,0
2026-05-15 21:42:00+00:00,4556.83,4556.9,4555.64,4556.8,236,28,0
2026-05-15 21:43:00+00:00,4556.79,4558.02,4556.61,4557.37,245,26,0
2026-05-15 21:44:00+00:00,4557.33,4557.68,4556.38,4557.55,213,26,0
2026-05-15 21:45:00+00:00,4557.58,4557.58,4556.61,4556.71,260,29,0
2026-05-15 21:46:00+00:00,4556.68,4559.16,4556.6,4558.93,190,26,0
2026-05-15 21:47:00+00:00,4558.95,4558.98,4558.08,4558.72,142,26,0
2026-05-15 21:48:00+00:00,4558.71,4560.08,4558.55,4559.87,159,20,0
2026-05-15 21:49:00+00:00,4559.77,4560.13,4559.08,4559.25,114,27,0
2026-05-15 21:50:00+00:00,4559.27,4561.28,4559.27,4560.87,207,27,0
2026-05-15 21:51:00+00:00,4560.96,4561.4,4560.52,4560.6,146,28,0
2026-05-15 21:52:00+00:00,4560.59,4562.39,4560.58,4562.39,159,28,0
2026-05-15 21:53:00+00:00,4562.44,4562.65,4561.6,4562.41,181,28,0
2026-05-15 21:54:00+00:00,4562.44,4562.77,4560.96,4561.03,223,29,0
2026-05-15 21:55:00+00:00,4560.97,4561.15,4560.09,4560.99,234,28,0
2026-05-15 21:56:00+00:00,4560.98,4561.32,4560.0,4560.44,219,27,0
2026-05-15 21:57:00+00:00,4560.45,4560.98,4559.59,4559.72,233,28,0
2026-05-15 21:58:00+00:00,4559.67,4559.67,4558.37,4558.54,180,28,0
2026-05-15 21:59:00+00:00,4558.55,4559.79,4558.49,4559.24,257,20,0
2026-05-15 22:00:00+00:00,4559.55,4560.15,4557.4,4557.75,305,27,0
2026-05-15 22:01:00+00:00,4557.77,4558.74,4557.77,4558.35,270,27,0
2026-05-15 22:02:00+00:00,4558.33,4559.18,4558.14,4558.19,241,27,0
2026-05-15 22:03:00+00:00,4558.05,4558.2,4555.83,4556.24,244,28,0
2026-05-15 22:04:00+00:00,4556.21,4556.21,4554.24,4554.32,226,28,0
2026-05-15 22:05:00+00:00,4554.31,4555.68,4554.12,4555.1,307,28,0
2026-05-15 22:06:00+00:00,4555.11,4555.35,4554.14,4554.36,224,20,0
2026-05-15 22:07:00+00:00,4554.34,4554.84,4553.46,4553.99,233,28,0
2026-05-15 22:08:00+00:00,4553.96,4554.6,4552.45,4552.45,229,28,0
2026-05-15 22:09:00+00:00,4552.43,4553.16,4551.52,4551.73,258,28,0
2026-05-15 22:10:00+00:00,4551.69,4551.9,4550.62,4551.49,256,27,0
2026-05-15 22:11:00+00:00,4551.52,4551.65,4549.4,4551.08,257,27,0
2026-05-15 22:12:00+00:00,4551.09,4551.42,4549.76,4550.9,301,28,0
2026-05-15 22:13:00+00:00,4550.93,4552.11,4550.64,4552.11,233,28,0
2026-05-15 22:14:00+00:00,4552.14,4552.14,4549.93,4550.38,258,29,0
2026-05-15 22:15:00+00:00,4550.4,4550.58,4549.41,4550.14,275,28,0
2026-05-15 22:16:00+00:00,4550.15,4550.86,4549.29,4549.83,151,27,0
2026-05-15 22:17:00+00:00,4549.87,4549.96,4549.4,4549.53,243,29,0
2026-05-15 22:18:00+00:00,4549.5,4552.06,4548.86,4552.06,205,25,0
2026-05-15 22:19:00+00:00,4552.02,4552.35,4551.49,4552.23,164,27,0
2026-05-15 22:20:00+00:00,4551.99,4552.68,4551.83,4552.15,167,26,0
2026-05-15 22:21:00+00:00,4552.06,4552.18,4551.25,4551.25,143,27,0
2026-05-15 22:22:00+00:00,4551.3,4551.76,4551.06,4551.64,148,28,0
2026-05-15 22:23:00+00:00,4551.67,4552.6,4551.43,4551.56,197,20,0
2026-05-15 22:24:00+00:00,4551.55,4551.58,4549.98,4550.0,219,27,0
2026-05-15 22:25:00+00:00,4550.02,4550.93,4550.01,4550.38,205,27,0
2026-05-15 22:26:00+00:00,4550.34,4550.71,4548.53,4548.87,223,20,0
2026-05-15 22:27:00+00:00,4548.89,4549.69,4548.46,4549.65,154,28,0
2026-05-15 22:28:00+00:00,4549.62,4549.7,4548.58,4549.33,174,28,0
2026-05-15 22:29:00+00:00,4549.34,4550.15,4549.13,4550.15,193,28,0
2026-05-15 22:30:00+00:00,4550.14,4551.99,4549.77,4551.95,257,28,0
2026-05-15 22:31:00+00:00,4551.93,4553.69,4551.93,4552.82,223,28,0
2026-05-15 22:32:00+00:00,4552.8,4552.89,4550.83,4550.98,183,27,0
2026-05-15 22:33:00+00:00,4550.99,4551.98,4550.48,4550.61,158,28,0
2026-05-15 22:34:00+00:00,4550.6,4551.28,4550.01,4550.4,153,26,0
2026-05-15 22:35:00+00:00,4550.46,4551.83,4549.63,4551.83,157,28,0
2026-05-15 22:36:00+00:00,4551.77,4552.4,4551.51,4551.72,178,28,0
2026-05-15 22:37:00+00:00,4551.73,4552.15,4551.47,4552.05,161,28,0
2026-05-15 22:38:00+00:00,4552.09,4554.4,4552.03,4554.32,204,28,0
2026-05-15 22:39:00+00:00,4554.26,4555.17,4553.76,4554.62,226,28,0
2026-05-15 22:40:00+00:00,4554.65,4554.89,4553.52,4554.41,249,28,0
2026-05-15 22:41:00+00:00,4554.47,4555.22,4553.45,4553.93,210,23,0
2026-05-15 22:42:00+00:00,4553.94,4554.49,4553.42,4553.79,220,28,0
2026-05-15 22:43:00+00:00,4553.85,4553.93,4552.48,4553.81,261,28,0
2026-05-15 22:44:00+00:00,4553.81,4553.99,4552.49,4553.47,271,27,0
2026-05-15 22:45:00+00:00,4553.45,4554.35,4553.13,4553.92,303,28,0
2026-05-15 22:46:00+00:00,4553.86,4553.86,4551.73,4552.45,251,26,0
2026-05-15 22:47:00+00:00,4552.32,4552.72,4551.63,4552.15,234,26,0
2026-05-15 22:48:00+00:00,4552.13,4552.35,4551.55,4551.99,241,26,0
2026-05-15 22:49:00+00:00,4552.01,4552.49,4551.8,4551.94,231,27,0
2026-05-15 22:50:00+00:00,4551.93,4551.93,4550.54,4551.1,303,20,0
2026-05-15 22:51:00+00:00,4551.12,4551.8,4550.56,4551.8,214,20,0
2026-05-15 22:52:00+00:00,4551.82,4551.82,4549.49,4549.49,327,25,0
2026-05-15 22:53:00+00:00,4549.45,4549.75,4548.61,4548.71,299,20,0
2026-05-15 22:54:00+00:00,4548.7,4549.78,4548.35,4549.17,292,26,0
2026-05-15 22:55:00+00:00,4548.79,4548.88,4546.85,4546.95,267,26,0
2026-05-15 22:56:00+00:00,4546.94,4547.21,4546.04,4547.2,257,27,0
2026-05-15 22:57:00+00:00,4547.19,4547.47,4545.4,4545.89,342,27,0
2026-05-15 22:58:00+00:00,4545.81,4546.04,4545.08,4545.08,223,28,0
2026-05-15 22:59:00+00:00,4545.09,4546.42,4544.97,4545.79,321,25,0
2026-05-15 23:00:00+00:00,4545.85,4546.32,4544.47,4544.47,192,26,0
2026-05-15 23:01:00+00:00,4544.48,4544.56,4542.93,4544.52,179,28,0
2026-05-15 23:02:00+00:00,4544.54,4544.54,4541.92,4542.43,160,26,0
2026-05-15 23:03:00+00:00,4542.5,4542.5,4541.54,4541.68,134,29,0
2026-05-15 23:04:00+00:00,4541.64,4541.64,4539.06,4539.94,204,28,0
2026-05-15 23:05:00+00:00,4539.96,4540.39,4536.88,4537.32,255,29,0
2026-05-15 23:06:00+00:00,4537.35,4537.89,4536.3,4536.69,250,28,0
2026-05-15 23:07:00+00:00,4536.71,4538.57,4536.15,4538.44,198,29,0
2026-05-15 23:08:00+00:00,4538.41,4539.44,4537.4,4538.72,177,29,0
2026-05-15 23:09:00+00:00,4538.7,4539.38,4536.15,4536.9,228,29,0
2026-05-15 23:10:00+00:00,4536.89,4539.69,4536.56,4539.32,214,29,0
2026-05-15 23:11:00+00:00,4539.25,4539.95,4537.58,4537.95,180,28,0
2026-05-15 23:12:00+00:00,4537.85,4540.35,4537.37,4539.82,183,28,0
2026-05-15 23:13:00+00:00,4539.79,4540.55,4539.45,4539.79,152,29,0
2026-05-15 23:14:00+00:00,4539.8,4539.85,4538.14,4538.23,147,28,0
2026-05-15 23:15:00+00:00,4538.21,4538.32,4536.11,4536.44,126,28,0
2026-05-15 23:16:00+00:00,4536.46,4537.43,4535.43,4536.62,233,29,0
2026-05-15 23:17:00+00:00,4536.6,4536.6,4535.95,4536.25,151,30,0
2026-05-15 23:18:00+00:00,4536.27,4536.98,4536.05,4536.83,201,30,0
2026-05-15 23:19:00+00:00,4536.85,4537.87,4535.98,4536.63,288,29,0
2026-05-15 23:20:00+00:00,4536.58,4536.59,4533.99,4534.37,199,28,0
2026-05-15 23:21:00+00:00,4534.34,4534.74,4533.11,4534.11,135,28,0
2026-05-15 23:22:00+00:00,4534.13,4535.83,4534.13,4535.61,201,30,0
2026-05-15 23:23:00+00:00,4535.56,4536.54,4535.21,4536.47,165,30,0
2026-05-15 23:24:00+00:00,4536.43,4537.74,4535.63,4537.31,175,29,0
2026-05-15 23:25:00+00:00,4537.29,4537.7,4536.84,4537.64,114,28,0
2026-05-15 23:26:00+00:00,4537.63,4537.9,4536.88,4537.66,89,28,0
2026-05-15 23:27:00+00:00,4537.57,4537.75,4536.32,4536.84,96,28,0
2026-05-15 23:28:00+00:00,4536.95,4538.17,4536.74,4537.8,114,29,0
2026-05-15 23:29:00+00:00,4537.77,4539.15,4537.13,4539.06,173,29,0
2026-05-15 23:30:00+00:00,4539.06,4543.67,4538.77,4543.42,268,31,0
2026-05-15 23:31:00+00:00,4543.55,4543.75,4541.31,4542.16,139,51,0
2026-05-15 23:32:00+00:00,4542.09,4542.76,4541.86,4542.67,112,53,0
2026-05-15 23:33:00+00:00,4542.75,4543.12,4541.74,4541.95,108,60,0
2026-05-15 23:34:00+00:00,4541.96,4541.98,4540.44,4540.68,118,29,0
2026-05-15 23:35:00+00:00,4540.68,4540.82,4539.03,4539.5,123,51,0
2026-05-15 23:36:00+00:00,4539.45,4541.82,4539.42,4541.73,106,41,0
2026-05-15 23:37:00+00:00,4541.71,4541.76,4541.0,4541.32,147,51,0
2026-05-15 23:38:00+00:00,4541.29,4541.29,4540.05,4540.09,108,43,0
2026-05-15 23:39:00+00:00,4540.21,4540.91,4539.7,4540.19,129,58,0
2026-05-15 23:40:00+00:00,4539.92,4540.07,4538.87,4539.29,111,51,0
2026-05-15 23:41:00+00:00,4539.31,4541.01,4539.31,4539.6,153,64,0
2026-05-15 23:42:00+00:00,4539.61,4539.78,4539.21,4539.55,136,89,0
2026-05-15 23:43:00+00:00,4539.56,4540.48,4539.2,4540.15,126,84,0
2026-05-15 23:44:00+00:00,4540.15,4540.95,4539.78,4539.94,156,65,0
2026-05-15 23:45:00+00:00,4540.01,4541.06,4539.55,4540.33,146,65,0
2026-05-15 23:46:00+00:00,4540.37,4540.72,4538.76,4539.15,123,55,0
2026-05-15 23:47:00+00:00,4539.12,4540.39,4538.73,4540.2,93,65,0
2026-05-15 23:48:00+00:00,4540.16,4540.54,4538.16,4538.71,133,54,0
2026-05-15 23:49:00+00:00,4538.73,4539.15,4537.45,4537.75,95,83,0
2026-05-15 23:50:00+00:00,4537.71,4537.87,4536.15,4537.23,190,63,0
2026-05-15 23:51:00+00:00,4537.19,4537.83,4536.62,4537.29,158,63,0
2026-05-15 23:52:00+00:00,4537.28,4537.65,4536.7,4537.63,146,30,0
2026-05-15 23:53:00+00:00,4537.65,4538.19,4537.15,4537.69,109,73,0
2026-05-15 23:54:00+00:00,4537.64,4538.16,4537.32,4538.11,116,76,0
2026-05-15 23:55:00+00:00,4537.96,4538.29,4537.46,4537.98,98,67,0
2026-05-15 23:56:00+00:00,4537.97,4538.47,4537.88,4538.38,85,67,0
2026-05-15 23:57:00+00:00,4538.41,4539.68,4538.23,4539.68,98,24,0
2026-05-18 01:00:00+00:00,4529.56,4539.27,4529.01,4530.92,218,186,0
2026-05-18 01:01:00+00:00,4530.83,4531.05,4526.93,4529.08,302,201,0
2026-05-18 01:02:00+00:00,4529.13,4540.77,4529.0,4540.15,249,71,0
2026-05-18 01:03:00+00:00,4540.2,4541.62,4538.07,4541.22,198,181,0
2026-05-18 01:04:00+00:00,4541.12,4544.59,4540.93,4544.1,136,169,0
2026-05-18 01:05:00+00:00,4544.11,4551.92,4544.09,4551.52,156,146,0
2026-05-18 01:06:00+00:00,4551.54,4552.74,4548.12,4549.9,160,166,0
2026-05-18 01:07:00+00:00,4549.92,4550.32,4547.92,4548.17,110,163,0
2026-05-18 01:08:00+00:00,4548.01,4550.47,4544.47,4550.17,149,174,0
2026-05-18 01:09:00+00:00,4550.17,4554.47,4549.57,4553.37,116,156,0
2026-05-18 01:10:00+00:00,4552.77,4554.27,4551.37,4552.47,109,155,0
2026-05-18 01:11:00+00:00,4552.27,4552.52,4548.25,4552.32,111,161,0
2026-05-18 01:12:00+00:00,4552.32,4553.82,4550.92,4552.74,78,164,0
2026-05-18 01:13:00+00:00,4552.74,4553.02,4550.16,4550.31,66,132,0
2026-05-18 01:14:00+00:00,4550.2,4550.27,4547.12,4547.74,47,136,0
2026-05-18 01:15:00+00:00,4547.74,4549.54,4546.52,4546.92,97,145,0
2026-05-18 01:16:00+00:00,4546.92,4549.28,4546.92,4549.2,98,84,0
2026-05-18 01:17:00+00:00,4549.14,4549.28,4545.87,4546.42,97,90,0
2026-05-18 01:18:00+00:00,4546.52,4549.32,4546.52,4549.32,69,85,0
2026-05-18 01:19:00+00:00,4549.37,4549.37,4543.61,4544.31,130,88,0
2026-05-18 01:20:00+00:00,4544.4,4546.01,4544.4,4544.42,126,89,0
2026-05-18 01:21:00+00:00,4544.46,4544.79,4538.52,4539.34,162,87,0
2026-05-18 01:22:00+00:00,4539.42,4540.17,4537.51,4539.17,220,85,0
2026-05-18 01:23:00+00:00,4539.17,4544.8,4538.7,4543.37,148,83,0
2026-05-18 01:24:00+00:00,4543.39,4545.21,4543.3,4544.83,143,85,0
2026-05-18 01:25:00+00:00,4544.13,4544.92,4539.34,4540.99,144,84,0
2026-05-18 01:26:00+00:00,4541.0,4541.32,4537.89,4541.32,104,76,0
2026-05-18 01:27:00+00:00,4541.39,4543.18,4540.2,4540.99,106,84,0
2026-05-18 01:28:00+00:00,4540.99,4543.59,4540.66,4543.25,122,72,0
2026-05-18 01:29:00+00:00,4543.2,4543.2,4540.64,4540.64,65,68,0
2026-05-18 01:30:00+00:00,4540.67,4548.07,4540.64,4547.86,219,29,0
2026-05-18 01:31:00+00:00,4547.9,4551.03,4546.55,4547.83,273,29,0
2026-05-18 01:32:00+00:00,4547.76,4549.03,4545.25,4546.01,157,30,0
2026-05-18 01:33:00+00:00,4546.05,4546.41,4544.15,4544.98,190,30,0
2026-05-18 01:34:00+00:00,4544.98,4547.82,4544.56,4544.65,141,31,0
2026-05-18 01:35:00+00:00,4544.64,4548.9,4544.64,4548.38,144,30,0
2026-05-18 01:36:00+00:00,4548.34,4548.53,4547.22,4547.74,121,30,0
2026-05-18 01:37:00+00:00,4547.52,4550.21,4547.52,4549.09,167,30,0
2026-05-18 01:38:00+00:00,4548.36,4552.83,4548.25,4550.84,279,28,0
2026-05-18 01:39:00+00:00,4550.74,4552.67,4550.51,4551.3,193,30,0
2026-05-18 01:40:00+00:00,4551.06,4553.78,4550.57,4552.74,229,30,0
2026-05-18 01:41:00+00:00,4552.69,4553.53,4548.96,4549.5,153,31,0
2026-05-18 01:42:00+00:00,4549.58,4552.88,4548.01,4552.86,144,28,0
2026-05-18 01:43:00+00:00,4552.94,4553.59,4551.3,4553.02,154,30,0
2026-05-18 01:44:00+00:00,4553.13,4553.13,4549.93,4549.93,119,30,0
2026-05-18 01:45:00+00:00,4549.8,4553.91,4549.48,4553.91,179,30,0
2026-05-18 01:46:00+00:00,4554.01,4554.47,4552.78,4553.0,132,31,0
2026-05-18 01:47:00+00:00,4552.96,4553.8,4551.93,4552.54,151,31,0
2026-05-18 01:48:00+00:00,4552.5,4552.79,4551.68,4552.07,122,30,0
2026-05-18 01:49:00+00:00,4552.08,4552.25,4551.73,4551.86,93,31,0
2026-05-18 01:50:00+00:00,4551.82,4552.03,4549.12,4549.26,156,31,0
2026-05-18 01:51:00+00:00,4549.27,4550.77,4549.27,4549.47,109,31,0
2026-05-18 01:52:00+00:00,4549.49,4551.38,4549.45,4550.35,143,30,0
2026-05-18 01:53:00+00:00,4550.5,4550.7,4547.28,4547.31,179,30,0
2026-05-18 01:54:00+00:00,4547.79,4548.88,4547.01,4547.24,171,30,0
2026-05-18 01:55:00+00:00,4547.28,4548.38,4546.84,4546.87,147,30,0
2026-05-18 01:56:00+00:00,4546.89,4547.24,4543.72,4545.19,237,30,0
2026-05-18 01:57:00+00:00,4545.2,4550.02,4545.2,4547.31,208,29,0
2026-05-18 01:58:00+00:00,4547.22,4547.22,4545.43,4546.18,165,30,0
2026-05-18 01:59:00+00:00,4545.88,4546.41,4544.88,4546.11,112,30,0
2026-05-18 02:00:00+00:00,4546.07,4547.99,4544.4,4544.4,228,30,0
2026-05-18 02:01:00+00:00,4544.44,4547.56,4544.31,4547.1,201,30,0
2026-05-18 02:02:00+00:00,4547.15,4547.37,4543.75,4544.89,177,30,0
2026-05-18 02:03:00+00:00,4544.88,4547.16,4544.73,4546.35,146,29,0
2026-05-18 02:04:00+00:00,4546.33,4546.71,4545.24,4545.37,83,30,0
2026-05-18 02:05:00+00:00,4545.21,4545.32,4540.54,4542.18,202,30,0
2026-05-18 02:06:00+00:00,4542.23,4542.74,4539.96,4541.79,198,27,0
2026-05-18 02:07:00+00:00,4541.83,4542.6,4539.53,4540.36,185,30,0
2026-05-18 02:08:00+00:00,4540.41,4542.59,4540.41,4540.57,216,30,0
2026-05-18 02:09:00+00:00,4540.57,4542.4,4540.57,4541.48,132,31,0
2026-05-18 02:10:00+00:00,4541.44,4545.78,4540.87,4545.23,199,29,0
2026-05-18 02:11:00+00:00,4545.21,4545.26,4543.84,4543.87,171,30,0
2026-05-18 02:12:00+00:00,4543.92,4544.35,4539.84,4540.42,224,20,0
2026-05-18 02:13:00+00:00,4540.47,4542.95,4540.47,4542.35,94,30,0
2026-05-18 02:14:00+00:00,4542.37,4542.79,4541.11,4541.63,150,30,0
2026-05-18 02:15:00+00:00,4541.52,4542.34,4540.95,4541.54,109,30,0
2026-05-18 02:16:00+00:00,4541.38,4541.59,4540.5,4541.04,132,30,0
2026-05-18 02:17:00+00:00,4541.07,4541.78,4538.62,4540.13,244,30,0
2026-05-18 02:18:00+00:00,4540.45,4543.29,4539.92,4541.09,175,30,0
2026-05-18 02:19:00+00:00,4541.06,4541.29,4539.03,4539.45,116,29,0
2026-05-18 02:20:00+00:00,4539.46,4543.22,4539.46,4543.16,159,29,0
2026-05-18 02:21:00+00:00,4543.21,4543.85,4542.34,4543.34,145,30,0
2026-05-18 02:22:00+00:00,4543.21,4544.23,4542.43,4542.49,124,30,0
2026-05-18 02:23:00+00:00,4542.54,4542.7,4541.18,4541.18,142,30,0
2026-05-18 02:24:00+00:00,4541.14,4542.66,4540.46,4541.42,150,30,0
2026-05-18 02:25:00+00:00,4541.39,4543.53,4539.74,4539.74,190,30,0
2026-05-18 02:26:00+00:00,4539.73,4540.24,4538.92,4539.43,206,30,0
2026-05-18 02:27:00+00:00,4539.47,4541.75,4539.44,4539.98,226,28,0
2026-05-18 02:28:00+00:00,4540.02,4540.4,4537.83,4538.96,227,30,0
2026-05-18 02:29:00+00:00,4538.92,4540.06,4537.84,4537.92,187,31,0
2026-05-18 02:30:00+00:00,4537.89,4538.13,4534.63,4536.47,301,30,0
2026-05-18 02:31:00+00:00,4536.48,4538.15,4536.48,4537.61,213,27,0
2026-05-18 02:32:00+00:00,4537.59,4538.78,4536.52,4538.53,233,30,0
2026-05-18 02:33:00+00:00,4538.54,4538.54,4536.79,4538.32,182,30,0
2026-05-18 02:34:00+00:00,4538.3,4539.63,4537.05,4539.0,245,30,0
2026-05-18 02:35:00+00:00,4539.05,4541.34,4536.89,4537.6,227,28,0
2026-05-18 02:36:00+00:00,4537.57,4539.74,4536.92,4539.74,143,29,0
2026-05-18 02:37:00+00:00,4539.88,4541.44,4539.88,4540.8,197,29,0
2026-05-18 02:38:00+00:00,4540.81,4541.25,4538.66,4539.6,215,30,0
2026-05-18 02:39:00+00:00,4539.6,4539.81,4538.11,4539.13,161,30,0
2026-05-18 02:40:00+00:00,4539.17,4539.75,4532.45,4533.36,353,30,0
2026-05-18 02:41:00+00:00,4533.12,4537.24,4532.71,4536.26,362,30,0
2026-05-18 02:42:00+00:00,4536.21,4537.77,4535.72,4537.07,216,30,0
2026-05-18 02:43:00+00:00,4537.07,4539.96,4536.91,4539.31,215,30,0
2026-05-18 02:44:00+00:00,4539.44,4541.04,4539.01,4539.09,236,29,0
2026-05-18 02:45:00+00:00,4539.03,4539.17,4533.06,4533.97,395,29,0
2026-05-18 02:46:00+00:00,4533.97,4534.84,4532.01,4532.96,301,30,0
2026-05-18 02:47:00+00:00,4533.2,4535.65,4532.47,4535.64,225,28,0
2026-05-18 02:48:00+00:00,4535.67,4540.06,4535.67,4539.1,240,30,0
2026-05-18 02:49:00+00:00,4539.09,4539.69,4537.44,4537.84,228,30,0
2026-05-18 02:50:00+00:00,4537.87,4539.68,4537.49,4537.96,249,30,0
2026-05-18 02:51:00+00:00,4538.1,4539.47,4537.34,4539.13,218,30,0
2026-05-18 02:52:00+00:00,4539.15,4541.05,4538.97,4540.74,216,29,0
2026-05-18 02:53:00+00:00,4540.78,4544.1,4540.77,4543.08,254,30,0
2026-05-18 02:54:00+00:00,4543.05,4543.99,4540.44,4541.12,248,30,0
2026-05-18 02:55:00+00:00,4541.04,4541.23,4537.1,4538.94,279,30,0
2026-05-18 02:56:00+00:00,4538.97,4542.33,4537.59,4538.31,299,30,0
2026-05-18 02:57:00+00:00,4538.27,4538.62,4536.12,4536.93,331,30,0
2026-05-18 02:58:00+00:00,4537.02,4537.26,4535.46,4536.04,310,30,0
2026-05-18 02:59:00+00:00,4536.01,4537.86,4535.61,4537.03,251,28,0
2026-05-18 03:00:00+00:00,4537.1,4542.63,4533.18,4533.84,475,28,0
2026-05-18 03:01:00+00:00,4533.73,4538.13,4531.73,4532.49,410,21,0
2026-05-18 03:02:00+00:00,4532.51,4539.4,4530.51,4539.4,427,27,0
2026-05-18 03:03:00+00:00,4539.39,4539.73,4530.17,4532.27,454,28,0
2026-05-18 03:04:00+00:00,4532.32,4535.06,4530.85,4530.94,353,30,0
2026-05-18 03:05:00+00:00,4530.95,4533.74,4527.89,4528.5,443,29,0
2026-05-18 03:06:00+00:00,4528.48,4531.88,4527.69,4530.55,509,29,0
2026-05-18 03:07:00+00:00,4530.43,4530.82,4527.8,4528.53,428,29,0
2026-05-18 03:08:00+00:00,4528.32,4529.67,4524.92,4525.16,368,28,0
2026-05-18 03:09:00+00:00,4525.15,4527.68,4522.98,4523.81,424,28,0
2026-05-18 03:10:00+00:00,4523.8,4526.88,4523.77,4524.36,485,29,0
2026-05-18 03:11:00+00:00,4524.06,4529.45,4523.9,4528.51,450,29,0
2026-05-18 03:12:00+00:00,4528.75,4529.83,4526.72,4526.72,387,28,0
2026-05-18 03:13:00+00:00,4526.69,4526.69,4523.81,4525.95,420,30,0
2026-05-18 03:14:00+00:00,4526.0,4527.01,4524.06,4526.26,407,30,0
2026-05-18 03:15:00+00:00,4526.27,4527.28,4523.71,4526.26,482,29,0
2026-05-18 03:16:00+00:00,4526.29,4528.51,4524.88,4527.35,453,30,0
2026-05-18 03:17:00+00:00,4527.3,4529.35,4526.13,4527.42,428,30,0
2026-05-18 03:18:00+00:00,4527.38,4529.15,4524.6,4526.53,435,29,0
2026-05-18 03:19:00+00:00,4526.62,4527.13,4522.92,4523.0,478,30,0
2026-05-18 03:20:00+00:00,4522.99,4533.54,4522.92,4533.29,444,28,0
2026-05-18 03:21:00+00:00,4533.36,4533.61,4526.48,4526.69,421,28,0
2026-05-18 03:22:00+00:00,4526.64,4527.78,4525.8,4526.3,319,28,0
2026-05-18 03:23:00+00:00,4526.18,4526.84,4523.51,4524.15,336,29,0
2026-05-18 03:24:00+00:00,4524.17,4524.35,4516.93,4517.37,422,20,0
2026-05-18 03:25:00+00:00,4517.35,4519.7,4517.35,4519.5,388,30,0
2026-05-18 03:26:00+00:00,4519.51,4520.87,4516.99,4519.88,345,28,0
2026-05-18 03:27:00+00:00,4519.93,4519.99,4517.15,4517.66,244,27,0
2026-05-18 03:28:00+00:00,4517.68,4519.79,4515.99,4517.39,304,27,0
2026-05-18 03:29:00+00:00,4517.32,4517.68,4514.6,4515.76,294,29,0
2026-05-18 03:30:00+00:00,4515.61,4518.17,4514.45,4515.37,408,27,0
2026-05-18 03:31:00+00:00,4515.24,4518.89,4515.18,4516.75,439,20,0
2026-05-18 03:32:00+00:00,4516.83,4517.76,4515.4,4515.41,312,28,0
2026-05-18 03:33:00+00:00,4515.43,4516.27,4500.21,4500.99,492,28,0
2026-05-18 03:34:00+00:00,4501.39,4501.39,4487.64,4492.25,546,20,0
2026-05-18 03:35:00+00:00,4492.43,4500.09,4492.43,4499.24,467,27,0
2026-05-18 03:36:00+00:00,4498.97,4503.1,4498.58,4501.08,447,27,0
2026-05-18 03:37:00+00:00,4501.06,4501.06,4489.38,4496.94,484,20,0
2026-05-18 03:38:00+00:00,4496.85,4497.15,4491.24,4492.66,427,23,0
2026-05-18 03:39:00+00:00,4492.73,4494.65,4489.42,4490.15,428,20,0
2026-05-18 03:40:00+00:00,4490.23,4493.51,4483.82,4486.02,531,27,0
2026-05-18 03:41:00+00:00,4486.03,4487.58,4484.05,4485.59,438,28,0
2026-05-18 03:42:00+00:00,4485.61,4487.19,4484.09,4487.09,354,27,0
2026-05-18 03:43:00+00:00,4487.1,4487.62,4483.88,4484.58,369,28,0
2026-05-18 03:44:00+00:00,4484.57,4486.97,4480.39,4481.53,365,28,0
2026-05-18 03:45:00+00:00,4481.45,4485.06,4480.33,4484.82,491,30,0
2026-05-18 03:46:00+00:00,4484.98,4489.91,4484.98,4489.69,481,28,0
2026-05-18 03:47:00+00:00,4489.68,4490.22,4486.93,4488.5,435,30,0
2026-05-18 03:48:00+00:00,4488.49,4492.29,4487.79,4491.53,408,28,0
2026-05-18 03:49:00+00:00,4491.52,4496.3,4490.99,4494.21,401,30,0
2026-05-18 03:50:00+00:00,4494.19,4495.93,4491.66,4494.71,453,28,0
2026-05-18 03:51:00+00:00,4494.64,4495.0,4490.11,4490.88,368,20,0
2026-05-18 03:52:00+00:00,4490.88,4491.18,4488.64,4488.72,434,28,0
2026-05-18 03:53:00+00:00,4488.71,4492.09,4488.52,4490.54,453,30,0
2026-05-18 03:54:00+00:00,4490.52,4491.93,4486.45,4491.93,478,28,0
2026-05-18 03:55:00+00:00,4491.85,4494.53,4491.53,4493.48,401,28,0
2026-05-18 03:56:00+00:00,4493.64,4506.3,4493.55,4503.41,460,27,0
2026-05-18 03:57:00+00:00,4503.45,4507.1,4502.56,4506.0,423,20,0
2026-05-18 03:58:00+00:00,4505.97,4505.97,4502.24,4504.79,406,20,0
2026-05-18 03:59:00+00:00,4504.77,4516.6,4504.77,4515.94,486,28,0
2026-05-18 04:00:00+00:00,4514.78,4516.11,4502.59,4505.53,560,27,0
2026-05-18 04:01:00+00:00,4505.46,4505.47,4497.4,4498.68,502,20,0
2026-05-18 04:02:00+00:00,4498.73,4504.11,4494.1,4494.11,472,20,0
2026-05-18 04:03:00+00:00,4494.17,4496.08,4489.45,4494.54,530,27,0
2026-05-18 04:04:00+00:00,4494.66,4501.29,4494.1,4497.78,468,20,0
2026-05-18 04:05:00+00:00,4497.77,4502.38,4496.54,4501.49,452,20,0
2026-05-18 04:06:00+00:00,4501.45,4504.82,4497.76,4503.18,420,26,0
2026-05-18 04:07:00+00:00,4502.94,4502.94,4492.46,4498.17,496,26,0
2026-05-18 04:08:00+00:00,4497.99,4501.77,4494.98,4500.22,474,23,0
2026-05-18 04:09:00+00:00,4500.24,4502.27,4495.94,4501.5,475,24,0
2026-05-18 04:10:00+00:00,4501.47,4502.05,4494.95,4501.51,510,27,0
2026-05-18 04:11:00+00:00,4501.37,4505.3,4500.04,4504.25,529,20,0
2026-05-18 04:12:00+00:00,4504.21,4504.23,4499.69,4502.15,497,29,0
2026-05-18 04:13:00+00:00,4502.16,4502.73,4497.34,4500.65,486,29,0
2026-05-18 04:14:00+00:00,4500.62,4501.7,4494.48,4495.97,482,28,0
2026-05-18 04:15:00+00:00,4495.79,4498.64,4492.91,4496.48,441,26,0
2026-05-18 04:16:00+00:00,4496.52,4499.85,4494.79,4497.99,408,27,0
2026-05-18 04:17:00+00:00,4497.89,4499.95,4495.76,4498.38,442,26,0
2026-05-18 04:18:00+00:00,4498.53,4500.46,4496.39,4498.37,423,22,0
2026-05-18 04:19:00+00:00,4498.39,4499.31,4495.37,4498.33,398,28,0
2026-05-18 04:20:00+00:00,4498.4,4500.82,4493.39,4495.2,483,28,0
2026-05-18 04:21:00+00:00,4495.48,4499.55,4494.33,4499.07,473,23,0
2026-05-18 04:22:00+00:00,4499.15,4501.47,4498.58,4501.17,503,30,0
2026-05-18 04:23:00+00:00,4500.97,4502.3,4498.41,4499.89,407,29,0
2026-05-18 04:24:00+00:00,4500.02,4508.06,4499.78,4506.56,499,29,0
2026-05-18 04:25:00+00:00,4506.47,4506.54,4498.62,4502.27,440,20,0
2026-05-18 04:26:00+00:00,4502.31,4509.95,4502.31,4506.82,498,27,0
2026-05-18 04:27:00+00:00,4506.74,4507.96,4503.37,4507.12,459,27,0
2026-05-18 04:28:00+00:00,4507.16,4508.27,4501.75,4503.19,419,29,0
2026-05-18 04:29:00+00:00,4503.46,4505.77,4502.77,4503.93,346,27,0
2026-05-18 04:30:00+00:00,4504.39,4507.4,4502.22,4504.92,517,27,0
2026-05-18 04:31:00+00:00,4505.06,4507.22,4501.4,4506.7,455,28,0
2026-05-18 04:32:00+00:00,4506.68,4510.62,4506.54,4509.21,337,25,0
2026-05-18 04:33:00+00:00,4509.04,4510.52,4506.71,4510.11,448,28,0
2026-05-18 04:34:00+00:00,4510.15,4511.27,4507.09,4509.95,475,30,0
2026-05-18 04:35:00+00:00,4509.96,4513.57,4509.24,4510.99,479,28,0
2026-05-18 04:36:00+00:00,4510.95,4512.21,4506.74,4507.56,436,28,0
2026-05-18 04:37:00+00:00,4507.46,4507.94,4501.21,4502.31,430,28,0
2026-05-18 04:38:00+00:00,4502.38,4505.36,4499.79,4504.82,428,28,0
2026-05-18 04:39:00+00:00,4505.03,4510.18,4502.88,4508.17,402,28,0
2026-05-18 04:40:00+00:00,4508.15,4509.7,4506.2,4507.58,452,29,0
2026-05-18 04:41:00+00:00,4507.58,4509.39,4505.96,4507.6,348,28,0
2026-05-18 04:42:00+00:00,4507.91,4510.31,4507.21,4509.03,304,29,0
2026-05-18 04:43:00+00:00,4509.05,4512.22,4507.48,4508.7,403,22,0
2026-05-18 04:44:00+00:00,4509.16,4512.81,4508.09,4512.53,402,26,0
2026-05-18 04:45:00+00:00,4512.49,4514.71,4510.99,4511.14,418,29,0
2026-05-18 04:46:00+00:00,4511.21,4516.3,4511.21,4514.56,373,28,0
2026-05-18 04:47:00+00:00,4514.4,4522.57,4514.36,4522.26,451,28,0
2026-05-18 04:48:00+00:00,4522.2,4526.8,4522.2,4524.83,457,27,0
2026-05-18 04:49:00+00:00,4524.84,4528.6,4524.31,4528.24,438,23,0
2026-05-18 04:50:00+00:00,4527.53,4529.44,4525.94,4528.13,447,20,0
2026-05-18 04:51:00+00:00,4528.12,4535.48,4528.0,4532.47,435,28,0
2026-05-18 04:52:00+00:00,4532.16,4533.87,4528.34,4529.3,451,28,0
2026-05-18 04:53:00+00:00,4529.31,4535.01,4529.29,4533.67,466,30,0
2026-05-18 04:54:00+00:00,4533.71,4534.01,4529.21,4530.33,421,28,0
2026-05-18 04:55:00+00:00,4530.37,4530.61,4527.51,4528.06,438,29,0
2026-05-18 04:56:00+00:00,4527.87,4530.03,4526.32,4528.14,362,20,0
2026-05-18 04:57:00+00:00,4528.06,4529.32,4526.78,4528.93,438,27,0
2026-05-18 04:58:00+00:00,4529.02,4529.45,4526.9,4526.96,410,30,0
2026-05-18 04:59:00+00:00,4526.9,4527.05,4524.78,4525.44,330,27,0
2026-05-18 05:00:00+00:00,4525.18,4525.47,4522.0,4524.53,395,26,0
2026-05-18 05:01:00+00:00,4524.52,4529.97,4524.47,4529.08,362,26,0
2026-05-18 05:02:00+00:00,4529.14,4533.64,4527.37,4533.64,367,28,0
2026-05-18 05:03:00+00:00,4533.67,4535.79,4531.18,4532.58,398,26,0
2026-05-18 05:04:00+00:00,4532.55,4533.64,4530.54,4532.13,414,28,0
2026-05-18 05:05:00+00:00,4532.12,4533.65,4529.21,4530.84,415,27,0
2026-05-18 05:06:00+00:00,4530.88,4531.49,4529.4,4530.3,367,20,0
2026-05-18 05:07:00+00:00,4530.34,4530.35,4525.59,4527.21,456,29,0
2026-05-18 05:08:00+00:00,4527.17,4530.77,4527.14,4529.07,365,30,0
2026-05-18 05:09:00+00:00,4529.09,4529.58,4527.55,4528.74,320,30,0
2026-05-18 05:10:00+00:00,4528.6,4530.28,4527.85,4529.12,317,29,0
2026-05-18 05:11:00+00:00,4529.18,4532.28,4527.8,4531.53,292,29,0
2026-05-18 05:12:00+00:00,4531.51,4535.84,4530.92,4534.07,346,28,0
2026-05-18 05:13:00+00:00,4533.79,4535.25,4532.24,4535.25,360,30,0
2026-05-18 05:14:00+00:00,4535.21,4538.42,4535.21,4536.65,371,28,0
2026-05-18 05:15:00+00:00,4536.81,4537.9,4535.15,4535.58,274,30,0
2026-05-18 05:16:00+00:00,4535.67,4537.79,4535.62,4537.5,195,20,0
2026-05-18 05:17:00+00:00,4537.46,4537.46,4532.43,4532.92,219,31,0
2026-05-18 05:18:00+00:00,4532.95,4535.34,4531.86,4533.57,232,30,0
2026-05-18 05:19:00+00:00,4533.56,4536.8,4533.53,4534.9,218,30,0
2026-05-18 05:20:00+00:00,4534.96,4536.99,4532.98,4534.15,245,28,0
2026-05-18 05:21:00+00:00,4534.43,4535.05,4533.49,4534.29,320,30,0
2026-05-18 05:22:00+00:00,4534.27,4538.23,4533.08,4537.95,278,28,0
2026-05-18 05:23:00+00:00,4537.96,4540.65,4536.75,4539.09,315,29,0
2026-05-18 05:24:00+00:00,4539.14,4539.35,4537.02,4537.57,292,29,0
2026-05-18 05:25:00+00:00,4537.53,4537.75,4536.18,4537.44,257,30,0
2026-05-18 05:26:00+00:00,4537.5,4539.96,4537.33,4539.87,265,28,0
2026-05-18 05:27:00+00:00,4539.91,4540.02,4536.25,4536.39,279,28,0
2026-05-18 05:28:00+00:00,4536.47,4536.77,4534.8,4535.29,288,29,0
2026-05-18 05:29:00+00:00,4535.3,4536.7,4533.52,4533.52,352,29,0
2026-05-18 05:30:00+00:00,4533.24,4534.2,4529.46,4530.41,371,29,0
2026-05-18 05:31:00+00:00,4530.47,4537.78,4530.22,4535.97,334,29,0
2026-05-18 05:32:00+00:00,4536.01,4537.74,4533.63,4533.95,279,29,0
2026-05-18 05:33:00+00:00,4534.03,4534.38,4531.76,4533.2,321,28,0
2026-05-18 05:34:00+00:00,4533.23,4533.23,4531.1,4532.09,237,29,0
2026-05-18 05:35:00+00:00,4532.17,4534.61,4530.66,4534.61,296,29,0
2026-05-18 05:36:00+00:00,4534.4,4535.01,4533.24,4534.94,249,30,0
2026-05-18 05:37:00+00:00,4534.75,4538.46,4533.68,4537.06,250,28,0
2026-05-18 05:38:00+00:00,4537.09,4537.46,4535.78,4536.04,235,29,0
2026-05-18 05:39:00+00:00,4535.96,4538.39,4535.18,4538.18,203,30,0
2026-05-18 05:40:00+00:00,4538.17,4540.08,4536.33,4540.08,292,30,0
2026-05-18 05:41:00+00:00,4540.11,4541.09,4537.85,4538.89,290,28,0
2026-05-18 05:42:00+00:00,4538.92,4539.34,4537.05,4537.68,178,22,0
2026-05-18 05:43:00+00:00,4537.67,4538.04,4535.0,4536.79,225,28,0
2026-05-18 05:44:00+00:00,4536.84,4537.53,4535.42,4536.23,202,30,0
2026-05-18 05:45:00+00:00,4536.05,4536.51,4534.82,4535.5,216,30,0
2026-05-18 05:46:00+00:00,4535.45,4542.4,4535.16,4542.18,314,30,0
2026-05-18 05:47:00+00:00,4542.35,4542.82,4539.71,4539.71,290,29,0
2026-05-18 05:48:00+00:00,4539.59,4540.18,4536.4,4537.26,276,29,0
2026-05-18 05:49:00+00:00,4537.27,4537.27,4530.44,4530.56,271,28,0
2026-05-18 05:50:00+00:00,4530.62,4533.65,4530.37,4531.98,289,30,0
2026-05-18 05:51:00+00:00,4531.97,4534.65,4531.64,4533.59,196,28,0
2026-05-18 05:52:00+00:00,4533.5,4533.86,4530.48,4532.44,244,28,0
2026-05-18 05:53:00+00:00,4532.35,4535.5,4532.26,4535.31,199,29,0
2026-05-18 05:54:00+00:00,4535.22,4535.22,4533.58,4534.05,158,28,0
2026-05-18 05:55:00+00:00,4533.98,4535.0,4532.55,4533.38,291,29,0
2026-05-18 05:56:00+00:00,4533.28,4533.47,4530.89,4532.6,373,30,0
2026-05-18 05:57:00+00:00,4532.57,4534.16,4532.49,4533.57,382,30,0
2026-05-18 05:58:00+00:00,4533.59,4535.12,4533.07,4533.59,387,30,0
2026-05-18 05:59:00+00:00,4533.53,4534.13,4532.58,4533.61,275,30,0
2026-05-18 06:00:00+00:00,4533.6,4534.68,4530.6,4533.05,388,29,0
2026-05-18 06:01:00+00:00,4533.09,4534.24,4532.05,4534.22,301,30,0
2026-05-18 06:02:00+00:00,4534.2,4535.69,4531.96,4533.43,257,30,0
2026-05-18 06:03:00+00:00,4533.46,4533.46,4530.67,4530.7,219,30,0
2026-05-18 06:04:00+00:00,4530.72,4532.12,4529.91,4531.23,273,28,0
2026-05-18 06:05:00+00:00,4531.21,4531.83,4528.82,4528.82,230,28,0
2026-05-18 06:06:00+00:00,4528.84,4530.34,4527.83,4527.98,278,27,0
2026-05-18 06:07:00+00:00,4527.82,4529.56,4527.56,4528.07,269,28,0
2026-05-18 06:08:00+00:00,4528.1,4534.79,4528.04,4534.09,284,28,0
2026-05-18 06:09:00+00:00,4533.96,4533.97,4532.62,4533.08,180,28,0
2026-05-18 06:10:00+00:00,4533.04,4534.43,4532.7,4534.06,199,30,0
2026-05-18 06:11:00+00:00,4534.11,4535.75,4533.61,4533.61,217,28,0
2026-05-18 06:12:00+00:00,4533.57,4533.78,4530.72,4530.82,241,30,0
2026-05-18 06:13:00+00:00,4530.62,4531.05,4526.67,4530.76,328,29,0
2026-05-18 06:14:00+00:00,4530.73,4531.27,4528.68,4529.52,262,30,0
2026-05-18 06:15:00+00:00,4529.54,4531.34,4528.24,4531.32,284,31,0
2026-05-18 06:16:00+00:00,4531.26,4532.02,4529.56,4529.73,239,30,0
2026-05-18 06:17:00+00:00,4529.65,4531.6,4529.56,4531.18,234,28,0
2026-05-18 06:18:00+00:00,4531.21,4532.45,4530.21,4531.91,163,29,0
2026-05-18 06:19:00+00:00,4531.88,4533.13,4530.69,4530.69,237,29,0
2026-05-18 06:20:00+00:00,4530.76,4532.06,4530.48,4531.19,289,29,0
2026-05-18 06:21:00+00:00,4531.13,4531.68,4529.91,4530.82,269,30,0
2026-05-18 06:22:00+00:00,4530.75,4533.41,4529.23,4533.14,292,28,0
2026-05-18 06:23:00+00:00,4533.17,4536.01,4532.02,4535.69,287,30,0
2026-05-18 06:24:00+00:00,4535.72,4536.48,4533.37,4533.58,318,30,0
2026-05-18 06:25:00+00:00,4533.49,4533.7,4531.54,4532.48,313,29,0
2026-05-18 06:26:00+00:00,4532.42,4532.42,4529.24,4531.44,323,29,0
2026-05-18 06:27:00+00:00,4531.4,4538.34,4531.1,4537.12,321,29,0
2026-05-18 06:28:00+00:00,4537.22,4537.36,4534.62,4535.41,262,29,0
2026-05-18 06:29:00+00:00,4535.4,4536.75,4534.58,4535.92,283,29,0
2026-05-18 06:30:00+00:00,4535.89,4537.86,4530.24,4531.23,398,29,0
2026-05-18 06:31:00+00:00,4531.38,4533.14,4529.63,4530.2,240,28,0
2026-05-18 06:32:00+00:00,4530.16,4530.16,4526.58,4528.25,351,28,0
2026-05-18 06:33:00+00:00,4528.21,4528.76,4526.43,4528.68,374,30,0
2026-05-18 06:34:00+00:00,4528.6,4530.25,4526.38,4526.86,312,28,0
2026-05-18 06:35:00+00:00,4526.87,4527.55,4525.14,4527.23,333,20,0
2026-05-18 06:36:00+00:00,4527.35,4537.44,4527.34,4535.11,329,20,0
2026-05-18 06:37:00+00:00,4535.06,4535.82,4533.28,4534.44,222,29,0
2026-05-18 06:38:00+00:00,4534.27,4534.64,4533.16,4533.78,284,28,0
2026-05-18 06:39:00+00:00,4533.52,4535.67,4531.44,4535.24,269,20,0
2026-05-18 06:40:00+00:00,4535.23,4537.64,4533.74,4535.23,291,28,0
2026-05-18 06:41:00+00:00,4535.2,4536.11,4534.66,4535.87,355,27,0
2026-05-18 06:42:00+00:00,4535.78,4537.57,4535.03,4537.44,322,30,0
2026-05-18 06:43:00+00:00,4537.45,4540.87,4535.94,4540.83,301,29,0
2026-05-18 06:44:00+00:00,4540.93,4547.9,4540.78,4545.75,437,29,0
2026-05-18 06:45:00+00:00,4545.5,4547.79,4541.62,4541.65,338,28,0
2026-05-18 06:46:00+00:00,4541.76,4546.94,4541.76,4545.76,260,29,0
2026-05-18 06:47:00+00:00,4545.75,4545.75,4541.9,4544.55,227,26,0
2026-05-18 06:48:00+00:00,4544.5,4545.94,4541.82,4541.82,254,30,0
2026-05-18 06:49:00+00:00,4541.93,4542.37,4539.47,4542.05,288,30,0
2026-05-18 06:50:00+00:00,4542.18,4546.1,4541.75,4545.29,374,29,0
2026-05-18 06:51:00+00:00,4545.24,4547.62,4541.66,4542.0,334,30,0
2026-05-18 06:52:00+00:00,4542.08,4542.58,4539.19,4539.91,249,30,0
2026-05-18 06:53:00+00:00,4539.95,4542.12,4539.4,4541.4,259,30,0
2026-05-18 06:54:00+00:00,4541.4,4541.74,4540.21,4541.21,164,30,0
2026-05-18 06:55:00+00:00,4541.15,4543.49,4540.81,4541.85,192,20,0
2026-05-18 06:56:00+00:00,4541.89,4542.46,4540.58,4541.7,227,30,0
2026-05-18 06:57:00+00:00,4541.71,4543.86,4541.71,4542.85,252,30,0
2026-05-18 06:58:00+00:00,4542.85,4543.73,4542.42,4543.04,265,30,0
2026-05-18 06:59:00+00:00,4542.92,4543.04,4541.06,4541.18,250,30,0
2026-05-18 07:00:00+00:00,4541.15,4543.58,4540.9,4542.61,342,29,0
2026-05-18 07:01:00+00:00,4542.57,4545.57,4541.86,4544.11,372,29,0
2026-05-18 07:02:00+00:00,4544.1,4548.43,4544.06,4546.54,376,29,0
2026-05-18 07:03:00+00:00,4546.51,4547.17,4545.22,4546.53,269,29,0
2026-05-18 07:04:00+00:00,4546.57,4546.57,4544.22,4545.75,263,29,0
2026-05-18 07:05:00+00:00,4545.71,4549.84,4545.15,4546.48,346,23,0
2026-05-18 07:06:00+00:00,4546.49,4546.67,4543.76,4545.04,259,30,0
2026-05-18 07:07:00+00:00,4545.13,4545.55,4543.16,4543.73,173,29,0
2026-05-18 07:08:00+00:00,4543.63,4545.93,4543.2,4545.01,187,28,0
2026-05-18 07:09:00+00:00,4544.93,4546.64,4544.14,4545.64,98,20,0
2026-05-18 07:10:00+00:00,4545.55,4546.98,4545.21,4545.59,125,28,0
2026-05-18 07:11:00+00:00,4545.69,4546.58,4545.27,4545.51,137,29,0
2026-05-18 07:12:00+00:00,4545.53,4547.63,4544.99,4545.91,270,30,0
2026-05-18 07:13:00+00:00,4546.05,4547.07,4545.79,4546.4,183,30,0
2026-05-18 07:14:00+00:00,4546.38,4546.38,4543.45,4544.29,227,29,0
2026-05-18 07:15:00+00:00,4544.31,4546.44,4544.11,4546.17,156,28,0
2026-05-18 07:16:00+00:00,4546.25,4546.6,4543.97,4545.0,301,29,0
2026-05-18 07:17:00+00:00,4545.12,4547.03,4543.93,4546.19,208,27,0
2026-05-18 07:18:00+00:00,4546.25,4546.82,4545.35,4545.81,200,28,0
2026-05-18 07:19:00+00:00,4545.23,4546.55,4544.95,4545.52,249,28,0
2026-05-18 07:20:00+00:00,4545.56,4545.89,4543.33,4543.33,214,28,0
2026-05-18 07:21:00+00:00,4543.51,4544.53,4542.7,4542.85,230,29,0
2026-05-18 07:22:00+00:00,4542.84,4542.9,4540.9,4541.84,180,29,0
2026-05-18 07:23:00+00:00,4541.87,4542.54,4539.78,4540.5,299,28,0
2026-05-18 07:24:00+00:00,4540.51,4540.58,4536.82,4537.22,377,29,0
2026-05-18 07:25:00+00:00,4537.17,4538.7,4535.24,4537.44,399,29,0
2026-05-18 07:26:00+00:00,4537.43,4538.19,4535.17,4536.82,364,29,0
2026-05-18 07:27:00+00:00,4536.54,4536.79,4534.46,4534.99,322,30,0
2026-05-18 07:28:00+00:00,4535.04,4535.59,4531.05,4531.43,278,28,0
2026-05-18 07:29:00+00:00,4531.41,4532.97,4530.02,4532.59,356,28,0
2026-05-18 07:30:00+00:00,4532.59,4540.18,4532.07,4539.14,322,26,0
2026-05-18 07:31:00+00:00,4539.1,4541.3,4538.72,4540.05,147,28,0
2026-05-18 07:32:00+00:00,4539.98,4540.87,4539.23,4540.68,158,29,0
2026-05-18 07:33:00+00:00,4540.75,4541.26,4538.33,4538.71,158,27,0
2026-05-18 07:34:00+00:00,4538.71,4540.08,4538.06,4540.02,262,30,0
2026-05-18 07:35:00+00:00,4540.08,4540.13,4538.39,4539.37,142,28,0
2026-05-18 07:36:00+00:00,4539.4,4542.53,4539.4,4542.0,169,28,0
2026-05-18 07:37:00+00:00,4542.07,4542.07,4539.91,4541.03,167,20,0
2026-05-18 07:38:00+00:00,4540.96,4541.86,4540.74,4540.97,133,29,0
2026-05-18 07:39:00+00:00,4540.98,4542.73,4540.14,4542.69,311,29,0
2026-05-18 07:40:00+00:00,4542.74,4544.22,4541.84,4543.77,304,29,0
2026-05-18 07:41:00+00:00,4543.71,4543.8,4542.51,4543.49,245,30,0
2026-05-18 07:42:00+00:00,4543.48,4543.72,4539.63,4539.95,286,20,0
2026-05-18 07:43:00+00:00,4539.93,4542.93,4539.66,4542.89,272,29,0
2026-05-18 07:44:00+00:00,4542.94,4544.24,4541.65,4541.68,234,28,0
2026-05-18 07:45:00+00:00,4541.7,4541.7,4539.71,4539.94,265,30,0
2026-05-18 07:46:00+00:00,4540.02,4540.77,4538.42,4540.48,304,29,0
2026-05-18 07:47:00+00:00,4540.47,4541.61,4539.8,4540.37,150,29,0
2026-05-18 07:48:00+00:00,4540.45,4540.75,4539.07,4539.64,158,29,0
2026-05-18 07:49:00+00:00,4539.92,4541.04,4539.86,4540.44,152,29,0
2026-05-18 07:50:00+00:00,4540.4,4541.47,4537.88,4538.37,152,28,0
2026-05-18 07:51:00+00:00,4538.36,4541.73,4538.28,4541.57,187,28,0
2026-05-18 07:52:00+00:00,4541.63,4544.13,4541.27,4543.3,375,27,0
2026-05-18 07:53:00+00:00,4543.31,4545.63,4542.23,4543.32,369,27,0
2026-05-18 07:54:00+00:00,4543.5,4544.25,4542.12,4543.19,245,29,0
2026-05-18 07:55:00+00:00,4543.25,4544.03,4535.96,4536.14,342,27,0
2026-05-18 07:56:00+00:00,4536.26,4538.43,4535.11,4537.66,207,29,0
2026-05-18 07:57:00+00:00,4537.74,4540.86,4537.74,4539.85,111,29,0
2026-05-18 07:58:00+00:00,4539.89,4540.47,4538.0,4539.84,124,27,0
2026-05-18 07:59:00+00:00,4539.86,4540.71,4538.44,4540.67,122,30,0
2026-05-18 08:00:00+00:00,4540.67,4542.8,4537.07,4537.13,308,30,0
2026-05-18 08:01:00+00:00,4537.09,4537.12,4534.8,4535.48,249,30,0
2026-05-18 08:02:00+00:00,4535.46,4537.92,4534.79,4534.99,318,30,0
2026-05-18 08:03:00+00:00,4534.96,4535.82,4532.96,4532.98,319,28,0
2026-05-18 08:04:00+00:00,4532.95,4537.34,4532.92,4535.58,444,27,0
2026-05-18 08:05:00+00:00,4535.61,4536.18,4533.74,4534.81,366,30,0
2026-05-18 08:06:00+00:00,4535.02,4536.18,4534.58,4535.16,298,30,0
2026-05-18 08:07:00+00:00,4535.11,4535.62,4534.41,4535.29,232,29,0
2026-05-18 08:08:00+00:00,4535.26,4539.78,4534.99,4537.1,290,30,0
2026-05-18 08:09:00+00:00,4537.08,4537.98,4536.48,4537.87,183,29,0
2026-05-18 08:10:00+00:00,4538.04,4538.28,4535.46,4536.59,212,29,0
2026-05-18 08:11:00+00:00,4536.57,4538.03,4536.21,4536.38,227,30,0
2026-05-18 08:12:00+00:00,4536.4,4537.62,4536.3,4537.51,208,30,0
2026-05-18 08:13:00+00:00,4537.46,4538.96,4536.29,4536.89,188,30,0
2026-05-18 08:14:00+00:00,4536.86,4538.25,4536.35,4538.15,125,29,0
2026-05-18 08:15:00+00:00,4538.2,4538.2,4534.84,4535.13,265,28,0
2026-05-18 08:16:00+00:00,4535.07,4536.94,4535.07,4535.67,192,30,0
2026-05-18 08:17:00+00:00,4535.61,4540.62,4535.02,4539.73,262,30,0
2026-05-18 08:18:00+00:00,4539.72,4545.31,4539.15,4545.08,172,23,0
2026-05-18 08:19:00+00:00,4545.07,4549.03,4545.01,4545.89,376,28,0
2026-05-18 08:20:00+00:00,4545.87,4547.5,4544.57,4545.22,350,28,0
2026-05-18 08:21:00+00:00,4545.19,4546.53,4543.47,4543.95,211,28,0
2026-05-18 08:22:00+00:00,4543.9,4547.38,4541.52,4547.01,226,29,0
2026-05-18 08:23:00+00:00,4547.05,4549.45,4543.97,4544.77,403,30,0
2026-05-18 08:24:00+00:00,4544.79,4546.57,4543.77,4546.13,323,30,0
2026-05-18 08:25:00+00:00,4546.17,4546.95,4545.07,4546.21,291,30,0
2026-05-18 08:26:00+00:00,4546.3,4549.14,4545.15,4548.99,368,29,0
2026-05-18 08:27:00+00:00,4548.98,4550.58,4548.55,4549.58,296,29,0
2026-05-18 08:28:00+00:00,4549.54,4550.25,4547.83,4548.19,236,29,0
2026-05-18 08:29:00+00:00,4549.17,4549.17,4547.56,4548.71,192,30,0
2026-05-18 08:30:00+00:00,4548.79,4552.17,4547.45,4550.25,479,21,0
2026-05-18 08:31:00+00:00,4550.15,4550.15,4543.36,4543.52,350,29,0
2026-05-18 08:32:00+00:00,4543.64,4545.4,4541.15,4541.45,374,29,0
2026-05-18 08:33:00+00:00,4541.4,4542.12,4540.19,4541.4,288,24,0
2026-05-18 08:34:00+00:00,4541.36,4543.59,4539.64,4542.64,405,29,0
2026-05-18 08:35:00+00:00,4542.79,4544.0,4540.51,4541.67,402,30,0
2026-05-18 08:36:00+00:00,4541.69,4544.25,4541.69,4543.19,395,28,0
2026-05-18 08:37:00+00:00,4543.24,4546.46,4543.24,4544.4,328,30,0
2026-05-18 08:38:00+00:00,4544.41,4547.12,4544.4,4545.79,407,29,0
2026-05-18 08:39:00+00:00,4545.73,4546.28,4544.24,4544.37,397,30,0
2026-05-18 08:40:00+00:00,4544.33,4544.66,4538.92,4540.78,336,27,0
2026-05-18 08:41:00+00:00,4540.77,4541.03,4538.33,4539.16,339,30,0
2026-05-18 08:42:00+00:00,4539.12,4540.3,4538.4,4539.85,306,29,0
2026-05-18 08:43:00+00:00,4539.89,4541.91,4539.08,4541.44,309,30,0
2026-05-18 08:44:00+00:00,4541.43,4542.0,4539.3,4539.51,243,30,0
2026-05-18 08:45:00+00:00,4539.47,4540.22,4538.24,4540.0,243,30,0
2026-05-18 08:46:00+00:00,4540.17,4540.98,4537.96,4538.18,288,28,0
2026-05-18 08:47:00+00:00,4538.17,4542.94,4538.11,4541.71,315,30,0
2026-05-18 08:48:00+00:00,4541.63,4542.78,4540.76,4541.0,256,27,0
2026-05-18 08:49:00+00:00,4540.95,4541.05,4537.35,4538.73,219,20,0
2026-05-18 08:50:00+00:00,4538.88,4539.71,4537.94,4537.94,303,30,0
2026-05-18 08:51:00+00:00,4537.9,4538.2,4535.45,4537.0,313,28,0
2026-05-18 08:52:00+00:00,4536.87,4537.7,4535.55,4536.39,254,29,0
2026-05-18 08:53:00+00:00,4536.38,4537.25,4534.8,4536.06,283,24,0
2026-05-18 08:54:00+00:00,4535.99,4536.95,4535.79,4536.21,243,24,0
2026-05-18 08:55:00+00:00,4536.21,4536.98,4534.9,4536.89,261,24,0
2026-05-18 08:56:00+00:00,4536.88,4537.29,4535.4,4535.96,263,24,0
2026-05-18 08:57:00+00:00,4535.94,4538.79,4535.56,4535.63,273,26,0
2026-05-18 08:58:00+00:00,4535.57,4535.9,4531.1,4531.25,295,26,0
2026-05-18 08:59:00+00:00,4531.26,4532.47,4529.95,4530.81,335,28,0
2026-05-18 09:00:00+00:00,4530.56,4534.47,4529.62,4532.59,352,27,0
2026-05-18 09:01:00+00:00,4532.57,4533.44,4531.91,4532.79,317,27,0
2026-05-18 09:02:00+00:00,4532.77,4534.7,4532.19,4533.57,325,27,0
2026-05-18 09:03:00+00:00,4533.65,4538.71,4533.02,4538.29,354,27,0
2026-05-18 09:04:00+00:00,4538.29,4539.23,4535.38,4535.45,322,27,0
2026-05-18 09:05:00+00:00,4535.21,4536.13,4533.4,4535.93,371,27,0
2026-05-18 09:06:00+00:00,4535.96,4539.97,4535.01,4539.92,335,28,0
2026-05-18 09:07:00+00:00,4539.75,4540.37,4535.71,4536.77,316,28,0
2026-05-18 09:08:00+00:00,4536.76,4539.45,4535.05,4538.75,343,26,0
2026-05-18 09:09:00+00:00,4538.78,4539.64,4537.64,4537.83,295,28,0
2026-05-18 09:10:00+00:00,4537.86,4538.11,4535.7,4536.26,249,26,0
2026-05-18 09:11:00+00:00,4536.31,4536.33,4532.36,4534.43,329,28,0
2026-05-18 09:12:00+00:00,4534.42,4535.22,4533.77,4534.1,249,28,0
2026-05-18 09:13:00+00:00,4534.23,4536.94,4533.91,4536.54,272,28,0
2026-05-18 09:14:00+00:00,4536.53,4537.75,4535.84,4537.35,274,27,0
2026-05-18 09:15:00+00:00,4537.15,4538.8,4535.2,4538.29,296,26,0
2026-05-18 09:16:00+00:00,4538.3,4541.44,4538.2,4539.69,313,20,0
2026-05-18 09:17:00+00:00,4539.64,4539.64,4536.73,4537.09,270,20,0
2026-05-18 09:18:00+00:00,4537.03,4537.06,4534.41,4534.87,249,20,0
2026-05-18 09:19:00+00:00,4534.94,4537.15,4534.48,4536.35,259,20,0
2026-05-18 09:20:00+00:00,4536.28,4537.08,4534.53,4536.81,280,22,0
2026-05-18 09:21:00+00:00,4536.81,4537.79,4534.86,4537.25,330,22,0
2026-05-18 09:22:00+00:00,4537.24,4538.87,4535.52,4538.33,353,22,0
2026-05-18 09:23:00+00:00,4538.32,4542.98,4538.25,4542.98,313,21,0
2026-05-18 09:24:00+00:00,4543.01,4544.04,4541.56,4543.3,322,20,0
2026-05-18 09:25:00+00:00,4543.32,4548.05,4543.28,4545.92,397,23,0
2026-05-18 09:26:00+00:00,4545.94,4545.94,4537.86,4537.97,393,25,0
2026-05-18 09:27:00+00:00,4537.94,4541.46,4537.68,4540.21,351,25,0
2026-05-18 09:28:00+00:00,4540.22,4540.94,4539.47,4539.47,268,21,0
2026-05-18 09:29:00+00:00,4539.43,4540.58,4537.22,4537.46,326,23,0
2026-05-18 09:30:00+00:00,4537.48,4537.51,4534.54,4535.24,370,23,0
2026-05-18 09:31:00+00:00,4535.25,4538.89,4535.05,4538.44,343,20,0
2026-05-18 09:32:00+00:00,4538.46,4543.75,4537.93,4542.88,362,24,0
2026-05-18 09:33:00+00:00,4542.82,4547.07,4542.35,4544.45,389,24,0
2026-05-18 09:34:00+00:00,4544.38,4544.49,4539.08,4539.91,348,23,0
2026-05-18 09:35:00+00:00,4539.91,4541.09,4538.81,4541.01,291,22,0
2026-05-18 09:36:00+00:00,4540.78,4542.09,4539.29,4540.45,323,20,0
2026-05-18 09:37:00+00:00,4540.52,4541.5,4539.75,4541.17,279,21,0
2026-05-18 09:38:00+00:00,4541.17,4541.53,4538.85,4539.32,245,20,0
2026-05-18 09:39:00+00:00,4539.37,4539.46,4537.88,4538.18,233,22,0
2026-05-18 09:40:00+00:00,4538.19,4538.65,4536.82,4538.43,273,25,0
2026-05-18 09:41:00+00:00,4538.44,4538.84,4536.21,4538.27,276,20,0
2026-05-18 09:42:00+00:00,4538.26,4538.91,4535.68,4535.68,313,21,0
2026-05-18 09:43:00+00:00,4535.65,4536.71,4535.05,4536.46,292,22,0
2026-05-18 09:44:00+00:00,4536.38,4540.75,4536.38,4540.67,251,22,0
2026-05-18 09:45:00+00:00,4540.59,4540.9,4538.51,4539.44,352,20,0
2026-05-18 09:46:00+00:00,4539.45,4544.06,4539.45,4543.54,326,26,0
2026-05-18 09:47:00+00:00,4543.53,4544.77,4542.73,4544.37,274,24,0
2026-05-18 09:48:00+00:00,4544.34,4546.13,4544.07,4544.97,293,20,0
2026-05-18 09:49:00+00:00,4544.93,4545.08,4542.93,4543.56,269,22,0
2026-05-18 09:50:00+00:00,4543.58,4543.69,4542.51,4543.35,233,26,0
2026-05-18 09:51:00+00:00,4543.37,4543.67,4542.78,4543.49,217,20,0
2026-05-18 09:52:00+00:00,4543.53,4544.37,4543.27,4544.06,239,20,0
2026-05-18 09:53:00+00:00,4544.04,4544.54,4542.75,4543.21,254,22,0
2026-05-18 09:54:00+00:00,4543.22,4546.08,4543.22,4545.88,252,22,0
2026-05-18 09:55:00+00:00,4545.91,4547.47,4544.72,4546.34,348,25,0
2026-05-18 09:56:00+00:00,4546.34,4547.12,4544.77,4547.11,296,21,0
2026-05-18 09:57:00+00:00,4547.13,4547.57,4545.85,4545.93,280,23,0
2026-05-18 09:58:00+00:00,4545.97,4546.9,4545.55,4546.52,274,24,0
2026-05-18 09:59:00+00:00,4546.25,4547.17,4546.2,4546.64,330,26,0
2026-05-18 10:00:00+00:00,4546.62,4547.09,4544.1,4546.14,338,20,0
2026-05-18 10:01:00+00:00,4546.19,4548.42,4544.77,4547.22,340,25,0
2026-05-18 10:02:00+00:00,4547.19,4549.33,4546.56,4546.56,294,26,0
2026-05-18 10:03:00+00:00,4546.58,4548.04,4545.87,4546.29,311,26,0
2026-05-18 10:04:00+00:00,4546.34,4546.7,4543.44,4543.87,264,26,0
2026-05-18 10:05:00+00:00,4543.86,4544.93,4543.34,4543.79,242,25,0
2026-05-18 10:06:00+00:00,4543.81,4544.9,4543.26,4544.56,215,25,0
2026-05-18 10:07:00+00:00,4544.51,4545.07,4543.92,4544.35,230,27,0
2026-05-18 10:08:00+00:00,4544.34,4546.71,4543.36,4546.39,212,26,0
2026-05-18 10:09:00+00:00,4546.45,4547.91,4545.84,4546.06,241,21,0
2026-05-18 10:10:00+00:00,4546.07,4546.17,4543.67,4544.97,254,28,0
2026-05-18 10:11:00+00:00,4544.9,4544.9,4543.59,4543.87,231,28,0
2026-05-18 10:12:00+00:00,4543.88,4545.5,4543.13,4543.63,242,27,0
2026-05-18 10:13:00+00:00,4543.65,4544.02,4542.75,4543.46,246,28,0
2026-05-18 10:14:00+00:00,4543.45,4543.56,4542.04,4543.56,248,28,0
2026-05-18 10:15:00+00:00,4543.46,4544.12,4542.84,4542.84,214,28,0
2026-05-18 10:16:00+00:00,4542.82,4545.55,4541.6,4545.52,252,28,0
2026-05-18 10:17:00+00:00,4545.54,4545.71,4543.76,4544.54,205,26,0
2026-05-18 10:18:00+00:00,4544.42,4544.48,4543.12,4543.9,178,22,0
2026-05-18 10:19:00+00:00,4543.87,4544.97,4541.86,4541.86,246,20,0
2026-05-18 10:20:00+00:00,4541.83,4542.01,4538.58,4538.82,237,22,0
2026-05-18 10:21:00+00:00,4538.74,4540.5,4538.19,4540.36,240,20,0
2026-05-18 10:22:00+00:00,4540.37,4541.2,4539.98,4540.52,233,21,0
2026-05-18 10:23:00+00:00,4540.37,4540.96,4539.54,4540.58,203,20,0
2026-05-18 10:24:00+00:00,4540.62,4540.93,4538.93,4539.29,249,20,0
2026-05-18 10:25:00+00:00,4539.27,4545.25,4539.14,4545.19,298,20,0
2026-05-18 10:26:00+00:00,4545.46,4550.13,4545.31,4547.13,427,23,0
2026-05-18 10:27:00+00:00,4547.15,4547.8,4545.22,4546.88,320,21,0
2026-05-18 10:28:00+00:00,4546.86,4547.0,4544.43,4545.11,317,21,0
2026-05-18 10:29:00+00:00,4545.04,4551.21,4544.22,4550.57,345,23,0
2026-05-18 10:30:00+00:00,4550.5,4559.64,4550.46,4558.75,447,20,0
2026-05-18 10:31:00+00:00,4558.73,4558.73,4555.11,4555.29,400,26,0
2026-05-18 10:32:00+00:00,4555.55,4559.88,4553.7,4553.98,429,21,0
2026-05-18 10:33:00+00:00,4554.01,4555.93,4553.98,4554.6,363,26,0
2026-05-18 10:34:00+00:00,4554.46,4556.01,4554.17,4554.78,346,26,0
2026-05-18 10:35:00+00:00,4554.79,4555.08,4552.28,4553.76,346,25,0
2026-05-18 10:36:00+00:00,4553.72,4554.24,4552.19,4552.48,334,25,0
2026-05-18 10:37:00+00:00,4552.47,4554.25,4552.01,4552.36,288,26,0
2026-05-18 10:38:00+00:00,4552.35,4552.93,4551.7,4551.85,239,20,0
2026-05-18 10:39:00+00:00,4551.83,4555.17,4551.76,4552.63,286,24,0
2026-05-18 10:40:00+00:00,4552.62,4554.37,4551.96,4552.97,265,26,0
2026-05-18 10:41:00+00:00,4553.02,4553.22,4550.09,4550.61,317,23,0
2026-05-18 10:42:00+00:00,4550.62,4550.84,4549.26,4549.95,280,23,0
2026-05-18 10:43:00+00:00,4549.95,4552.04,4547.82,4551.66,308,20,0
2026-05-18 10:44:00+00:00,4551.59,4551.59,4549.02,4549.02,276,20,0
2026-05-18 10:45:00+00:00,4549.0,4551.67,4548.83,4551.09,289,20,0
2026-05-18 10:46:00+00:00,4551.05,4551.45,4547.53,4548.07,218,20,0
2026-05-18 10:47:00+00:00,4548.09,4548.34,4546.91,4547.55,228,21,0
2026-05-18 10:48:00+00:00,4547.55,4548.12,4545.77,4546.92,285,20,0
2026-05-18 10:49:00+00:00,4547.08,4547.54,4543.6,4543.85,288,24,0
2026-05-18 10:50:00+00:00,4543.86,4544.77,4540.23,4540.84,357,25,0
2026-05-18 10:51:00+00:00,4540.97,4542.34,4540.15,4540.84,338,24,0
2026-05-18 10:52:00+00:00,4540.85,4542.69,4540.05,4541.1,312,22,0
2026-05-18 10:53:00+00:00,4541.11,4543.68,4540.39,4543.54,257,22,0
2026-05-18 10:54:00+00:00,4543.51,4546.13,4543.33,4544.57,268,20,0
2026-05-18 10:55:00+00:00,4544.52,4544.89,4542.91,4544.17,228,22,0
2026-05-18 10:56:00+00:00,4544.13,4548.55,4542.78,4547.05,307,20,0
2026-05-18 10:57:00+00:00,4547.03,4547.73,4545.61,4546.67,257,22,0
2026-05-18 10:58:00+00:00,4546.69,4548.22,4546.37,4547.0,269,20,0
2026-05-18 10:59:00+00:00,4546.69,4547.01,4545.97,4546.15,231,23,0
2026-05-18 11:00:00+00:00,4546.27,4548.85,4545.92,4548.24,342,20,0
2026-05-18 11:01:00+00:00,4548.18,4548.29,4545.42,4545.89,296,20,0
2026-05-18 11:02:00+00:00,4545.9,4546.54,4544.75,4545.54,268,20,0
2026-05-18 11:03:00+00:00,4545.58,4548.68,4545.48,4547.41,288,20,0
2026-05-18 11:04:00+00:00,4547.44,4548.5,4546.11,4546.45,253,20,0
2026-05-18 11:05:00+00:00,4546.47,4548.33,4546.16,4547.38,277,20,0
2026-05-18 11:06:00+00:00,4547.42,4547.68,4545.18,4545.79,223,20,0
2026-05-18 11:07:00+00:00,4545.8,4547.02,4545.71,4545.94,197,20,0
2026-05-18 11:08:00+00:00,4545.91,4547.81,4545.89,4546.63,227,20,0
2026-05-18 11:09:00+00:00,4546.65,4546.93,4543.74,4543.91,233,20,0
2026-05-18 11:10:00+00:00,4543.93,4545.8,4543.78,4545.42,250,27,0
2026-05-18 11:11:00+00:00,4545.43,4545.76,4543.78,4544.03,218,27,0
2026-05-18 11:12:00+00:00,4544.02,4544.02,4542.43,4543.77,250,20,0
2026-05-18 11:13:00+00:00,4543.78,4544.97,4543.64,4544.85,201,27,0
2026-05-18 11:14:00+00:00,4544.95,4547.09,4544.8,4546.6,203,27,0
2026-05-18 11:15:00+00:00,4546.53,4546.53,4544.48,4544.9,191,27,0
2026-05-18 11:16:00+00:00,4544.89,4544.97,4542.78,4544.05,207,27,0
2026-05-18 11:17:00+00:00,4544.03,4544.86,4543.11,4544.86,222,26,0
2026-05-18 11:18:00+00:00,4544.98,4545.65,4543.94,4545.54,185,27,0
2026-05-18 11:19:00+00:00,4545.52,4546.53,4545.35,4545.57,184,21,0
2026-05-18 11:20:00+00:00,4545.53,4548.84,4545.53,4548.57,232,22,0
2026-05-18 11:21:00+00:00,4548.53,4548.53,4546.46,4547.42,204,20,0
2026-05-18 11:22:00+00:00,4547.41,4548.26,4546.71,4547.77,179,21,0
2026-05-18 11:23:00+00:00,4547.76,4548.75,4547.41,4548.4,178,20,0
2026-05-18 11:24:00+00:00,4548.36,4549.82,4548.32,4549.76,182,20,0
2026-05-18 11:25:00+00:00,4549.75,4550.9,4548.11,4548.81,329,20,0
2026-05-18 11:26:00+00:00,4548.81,4551.46,4548.79,4550.68,218,20,0
2026-05-18 11:27:00+00:00,4550.66,4550.88,4548.22,4548.39,221,20,0
2026-05-18 11:28:00+00:00,4548.35,4550.07,4548.3,4549.23,245,20,0
2026-05-18 11:29:00+00:00,4549.18,4549.18,4546.83,4547.89,261,20,0
2026-05-18 11:30:00+00:00,4548.02,4548.7,4546.57,4546.79,215,27,0
2026-05-18 11:31:00+00:00,4546.78,4548.39,4546.45,4546.64,210,27,0
2026-05-18 11:32:00+00:00,4546.6,4549.71,4545.82,4549.56,249,27,0
2026-05-18 11:33:00+00:00,4549.6,4552.15,4548.87,4550.87,253,20,0
2026-05-18 11:34:00+00:00,4550.85,4553.12,4549.11,4551.7,294,27,0
2026-05-18 11:35:00+00:00,4551.69,4551.75,4550.05,4550.24,254,27,0
2026-05-18 11:36:00+00:00,4550.23,4550.31,4548.02,4548.25,228,27,0
2026-05-18 11:37:00+00:00,4548.23,4550.19,4548.23,4549.43,243,23,0
2026-05-18 11:38:00+00:00,4549.32,4549.99,4548.83,4549.84,223,21,0
2026-05-18 11:39:00+00:00,4549.88,4551.71,4549.7,4551.34,256,20,0
2026-05-18 11:40:00+00:00,4551.26,4551.26,4549.93,4550.38,160,20,0
2026-05-18 11:41:00+00:00,4550.35,4551.23,4549.61,4550.93,186,20,0
2026-05-18 11:42:00+00:00,4550.94,4551.3,4549.98,4550.24,188,20,0
2026-05-18 11:43:00+00:00,4550.17,4550.84,4549.22,4549.52,196,20,0
2026-05-18 11:44:00+00:00,4549.53,4549.59,4547.95,4548.06,189,20,0
2026-05-18 11:45:00+00:00,4548.12,4551.42,4548.12,4550.37,229,22,0
2026-05-18 11:46:00+00:00,4550.35,4550.93,4550.1,4550.89,221,20,0
2026-05-18 11:47:00+00:00,4550.9,4553.08,4550.85,4552.75,210,21,0
2026-05-18 11:48:00+00:00,4552.73,4552.9,4551.77,4551.79,197,20,0
2026-05-18 11:49:00+00:00,4551.71,4553.85,4551.24,4552.22,240,20,0
2026-05-18 11:50:00+00:00,4552.23,4555.85,4551.61,4555.85,260,23,0
2026-05-18 11:51:00+00:00,4555.89,4555.94,4553.55,4554.44,239,23,0
2026-05-18 11:52:00+00:00,4554.38,4555.19,4553.68,4554.85,210,21,0
2026-05-18 11:53:00+00:00,4554.91,4556.46,4554.9,4555.33,230,20,0
2026-05-18 11:54:00+00:00,4555.32,4556.97,4555.26,4556.03,198,24,0
2026-05-18 11:55:00+00:00,4555.96,4556.6,4554.86,4554.92,261,20,0
2026-05-18 11:56:00+00:00,4554.99,4555.86,4554.87,4555.24,177,20,0
2026-05-18 11:57:00+00:00,4555.21,4555.46,4553.07,4553.12,184,20,0
2026-05-18 11:58:00+00:00,4553.16,4553.26,4552.13,4552.53,194,20,0
2026-05-18 11:59:00+00:00,4552.52,4552.6,4549.93,4549.93,236,21,0
2026-05-18 12:00:00+00:00,4549.8,4551.98,4549.55,4551.31,266,25,0
2026-05-18 12:01:00+00:00,4551.31,4551.53,4549.98,4550.08,259,24,0
2026-05-18 12:02:00+00:00,4550.17,4550.23,4546.6,4546.6,315,23,0
2026-05-18 12:03:00+00:00,4546.58,4546.67,4541.18,4542.81,320,22,0
2026-05-18 12:04:00+00:00,4542.83,4543.53,4541.78,4542.44,269,22,0
2026-05-18 12:05:00+00:00,4542.36,4543.67,4541.55,4541.9,313,20,0
2026-05-18 12:06:00+00:00,4541.91,4546.01,4541.9,4545.52,252,20,0
2026-05-18 12:07:00+00:00,4545.54,4546.55,4545.25,4546.55,141,20,0
2026-05-18 12:08:00+00:00,4546.49,4546.56,4545.95,4546.29,130,24,0
2026-05-18 12:09:00+00:00,4546.28,4547.11,4545.74,4547.04,124,22,0
2026-05-18 12:10:00+00:00,4547.04,4547.43,4545.39,4546.21,204,21,0
2026-05-18 12:11:00+00:00,4546.24,4547.09,4546.19,4546.63,139,20,0
2026-05-18 12:12:00+00:00,4546.64,4547.25,4545.87,4546.33,149,20,0
2026-05-18 12:13:00+00:00,4546.3,4547.84,4546.25,4547.36,172,27,0
2026-05-18 12:14:00+00:00,4547.34,4547.46,4545.03,4546.23,192,27,0
2026-05-18 12:15:00+00:00,4546.25,4547.66,4546.09,4547.59,165,27,0
2026-05-18 12:16:00+00:00,4547.55,4548.42,4545.86,4546.03,203,27,0
2026-05-18 12:17:00+00:00,4545.98,4547.12,4545.34,4546.66,198,27,0
2026-05-18 12:18:00+00:00,4546.7,4547.21,4545.87,4546.24,171,27,0
2026-05-18 12:19:00+00:00,4546.22,4546.27,4545.5,4546.18,143,28,0
2026-05-18 12:20:00+00:00,4546.2,4548.27,4545.97,4547.79,158,28,0
2026-05-18 12:21:00+00:00,4547.95,4548.78,4547.87,4548.35,153,28,0
2026-05-18 12:22:00+00:00,4548.27,4548.87,4546.65,4548.29,168,27,0
2026-05-18 12:23:00+00:00,4548.29,4548.48,4547.19,4547.84,127,27,0
2026-05-18 12:24:00+00:00,4547.87,4548.19,4546.48,4546.48,141,27,0
2026-05-18 12:25:00+00:00,4546.44,4546.44,4544.5,4545.86,191,20,0
2026-05-18 12:26:00+00:00,4545.82,4547.13,4545.53,4546.66,161,20,0
2026-05-18 12:27:00+00:00,4546.68,4546.87,4545.8,4546.23,185,20,0
2026-05-18 12:28:00+00:00,4546.31,4548.25,4546.27,4546.53,173,20,0
2026-05-18 12:29:00+00:00,4546.32,4546.46,4544.8,4544.97,274,20,0
2026-05-18 12:30:00+00:00,4544.83,4545.46,4540.53,4541.43,322,21,0
2026-05-18 12:31:00+00:00,4541.55,4542.9,4540.81,4542.58,282,20,0
2026-05-18 12:32:00+00:00,4542.93,4543.61,4541.42,4543.5,283,22,0
2026-05-18 12:33:00+00:00,4543.49,4544.04,4542.11,4542.11,220,24,0
2026-05-18 12:34:00+00:00,4542.09,4543.56,4542.03,4543.43,190,26,0
2026-05-18 12:35:00+00:00,4543.43,4545.3,4543.28,4544.15,221,21,0
2026-05-18 12:36:00+00:00,4544.17,4544.74,4543.39,4543.7,235,23,0
2026-05-18 12:37:00+00:00,4543.71,4545.42,4543.66,4545.34,248,20,0
2026-05-18 12:38:00+00:00,4545.33,4546.42,4544.81,4545.24,206,22,0
2026-05-18 12:39:00+00:00,4545.24,4546.18,4545.09,4546.01,172,23,0
2026-05-18 12:40:00+00:00,4546.05,4546.05,4544.49,4544.89,249,21,0
2026-05-18 12:41:00+00:00,4544.84,4544.84,4541.72,4541.81,208,22,0
2026-05-18 12:42:00+00:00,4541.81,4541.93,4540.63,4541.02,191,21,0
2026-05-18 12:43:00+00:00,4540.98,4543.3,4540.98,4543.23,223,21,0
2026-05-18 12:44:00+00:00,4543.26,4543.73,4542.56,4542.91,179,20,0
2026-05-18 12:45:00+00:00,4542.86,4543.02,4540.48,4541.48,222,20,0
2026-05-18 12:46:00+00:00,4541.55,4542.51,4541.03,4541.1,191,20,0
2026-05-18 12:47:00+00:00,4541.1,4542.08,4540.95,4541.01,198,20,0
2026-05-18 12:48:00+00:00,4541.01,4541.7,4540.78,4541.12,159,20,0
2026-05-18 12:49:00+00:00,4541.08,4541.79,4540.55,4541.46,178,20,0
2026-05-18 12:50:00+00:00,4541.38,4542.09,4540.92,4541.33,233,20,0
2026-05-18 12:51:00+00:00,4541.5,4542.53,4541.14,4541.8,222,20,0
2026-05-18 12:52:00+00:00,4541.8,4542.04,4540.24,4541.97,197,20,0
2026-05-18 12:53:00+00:00,4541.97,4542.56,4541.14,4542.51,216,20,0
2026-05-18 12:54:00+00:00,4542.5,4543.79,4541.71,4543.17,235,20,0
2026-05-18 12:55:00+00:00,4543.16,4544.58,4542.86,4544.02,193,20,0
2026-05-18 12:56:00+00:00,4544.04,4544.36,4543.77,4544.0,157,20,0
2026-05-18 12:57:00+00:00,4543.97,4543.97,4542.66,4542.73,176,20,0
2026-05-18 12:58:00+00:00,4542.73,4543.79,4542.73,4543.37,211,20,0
2026-05-18 12:59:00+00:00,4543.4,4543.75,4542.94,4542.94,136,20,0
2026-05-18 13:00:00+00:00,4542.93,4545.02,4542.7,4543.9,261,20,0
2026-05-18 13:01:00+00:00,4543.9,4544.74,4543.45,4543.68,206,24,0
2026-05-18 13:02:00+00:00,4543.7,4543.83,4541.4,4543.08,221,21,0
2026-05-18 13:03:00+00:00,4543.14,4543.16,4541.4,4541.96,207,22,0
2026-05-18 13:04:00+00:00,4542.07,4542.78,4540.26,4540.41,191,20,0
2026-05-18 13:05:00+00:00,4540.37,4540.37,4537.47,4538.68,313,20,0
2026-05-18 13:06:00+00:00,4538.69,4540.51,4538.54,4540.51,253,20,0
2026-05-18 13:07:00+00:00,4540.5,4542.28,4540.5,4541.71,191,20,0
2026-05-18 13:08:00+00:00,4541.74,4541.8,4537.44,4537.48,240,20,0
2026-05-18 13:09:00+00:00,4537.71,4539.1,4537.1,4538.17,230,22,0
2026-05-18 13:10:00+00:00,4538.19,4540.25,4537.76,4539.45,263,20,0
2026-05-18 13:11:00+00:00,4539.43,4540.04,4538.59,4539.14,247,20,0
2026-05-18 13:12:00+00:00,4539.13,4540.64,4538.36,4538.66,218,20,0
2026-05-18 13:13:00+00:00,4538.68,4538.84,4537.36,4537.51,183,21,0
2026-05-18 13:14:00+00:00,4537.48,4539.72,4535.68,4539.0,226,20,0
2026-05-18 13:15:00+00:00,4539.01,4541.73,4538.57,4541.21,245,20,0
2026-05-18 13:16:00+00:00,4541.2,4541.77,4540.2,4540.48,221,20,0
2026-05-18 13:17:00+00:00,4540.49,4541.21,4540.27,4540.27,132,20,0
2026-05-18 13:18:00+00:00,4540.24,4541.3,4539.67,4540.92,180,26,0
2026-05-18 13:19:00+00:00,4540.92,4542.44,4540.48,4542.0,203,26,0
2026-05-18 13:20:00+00:00,4542.18,4542.4,4540.8,4541.41,194,26,0
2026-05-18 13:21:00+00:00,4541.42,4541.42,4540.13,4540.88,197,26,0
2026-05-18 13:22:00+00:00,4540.9,4541.37,4538.06,4538.35,161,26,0
2026-05-18 13:23:00+00:00,4538.37,4539.78,4538.37,4539.64,218,26,0
2026-05-18 13:24:00+00:00,4539.61,4540.26,4539.0,4539.19,172,26,0
2026-05-18 13:25:00+00:00,4539.15,4540.59,4539.15,4539.78,183,20,0
2026-05-18 13:26:00+00:00,4539.68,4540.56,4539.2,4540.39,178,21,0
2026-05-18 13:27:00+00:00,4540.37,4540.37,4539.0,4539.26,140,21,0
2026-05-18 13:28:00+00:00,4539.29,4540.12,4539.03,4539.95,162,22,0
2026-05-18 13:29:00+00:00,4540.22,4540.65,4538.33,4539.6,166,23,0
2026-05-18 13:30:00+00:00,4539.65,4540.55,4538.99,4539.08,167,21,0
2026-05-18 13:31:00+00:00,4539.08,4539.58,4537.92,4538.42,208,23,0
2026-05-18 13:32:00+00:00,4538.47,4538.47,4536.78,4537.31,236,20,0
2026-05-18 13:33:00+00:00,4537.33,4537.37,4533.98,4534.07,228,25,0
2026-05-18 13:34:00+00:00,4534.05,4535.1,4532.72,4532.78,308,21,0
2026-05-18 13:35:00+00:00,4532.77,4534.65,4532.11,4533.86,268,20,0
2026-05-18 13:36:00+00:00,4533.89,4538.22,4533.89,4537.77,229,21,0
2026-05-18 13:37:00+00:00,4537.76,4539.41,4537.03,4537.51,240,20,0
2026-05-18 13:38:00+00:00,4537.49,4538.98,4537.14,4538.49,279,20,0
2026-05-18 13:39:00+00:00,4538.52,4538.83,4537.6,4538.17,236,26,0
2026-05-18 13:40:00+00:00,4538.19,4540.23,4537.74,4540.05,247,23,0
2026-05-18 13:41:00+00:00,4540.1,4540.12,4537.87,4539.1,219,26,0
2026-05-18 13:42:00+00:00,4539.08,4541.04,4539.08,4541.04,205,26,0
2026-05-18 13:43:00+00:00,4541.05,4543.14,4540.33,4541.69,239,22,0
2026-05-18 13:44:00+00:00,4541.73,4543.95,4541.45,4543.7,233,22,0
2026-05-18 13:45:00+00:00,4543.68,4544.76,4542.76,4543.93,251,21,0
2026-05-18 13:46:00+00:00,4543.93,4546.99,4543.93,4546.74,262,20,0
2026-05-18 13:47:00+00:00,4546.71,4547.69,4546.18,4547.06,273,20,0
2026-05-18 13:48:00+00:00,4547.06,4547.51,4544.33,4545.11,234,22,0
2026-05-18 13:49:00+00:00,4545.12,4545.54,4542.28,4543.12,249,20,0
2026-05-18 13:50:00+00:00,4543.1,4543.46,4541.66,4541.95,155,20,0
2026-05-18 13:51:00+00:00,4541.83,4542.16,4540.9,4541.42,165,20,0
2026-05-18 13:52:00+00:00,4541.33,4541.33,4539.84,4540.52,164,20,0
2026-05-18 13:53:00+00:00,4540.52,4540.52,4537.42,4537.52,180,20,0
2026-05-18 13:54:00+00:00,4537.42,4539.72,4537.42,4539.34,158,20,0
2026-05-18 13:55:00+00:00,4539.35,4539.73,4536.73,4537.08,221,20,0
2026-05-18 13:56:00+00:00,4537.13,4538.67,4537.11,4538.21,156,21,0
2026-05-18 13:57:00+00:00,4538.17,4539.52,4538.11,4538.97,187,22,0
2026-05-18 13:58:00+00:00,4538.99,4540.24,4538.95,4540.17,174,20,0
2026-05-18 13:59:00+00:00,4540.16,4540.28,4539.34,4540.28,150,21,0
2026-05-18 14:00:00+00:00,4540.28,4541.76,4538.28,4539.05,279,20,0
2026-05-18 14:01:00+00:00,4539.02,4540.1,4538.37,4540.09,274,20,0
2026-05-18 14:02:00+00:00,4540.08,4541.21,4538.34,4539.17,237,25,0
2026-05-18 14:03:00+00:00,4539.13,4540.45,4539.01,4539.28,207,24,0
2026-05-18 14:04:00+00:00,4539.24,4539.6,4537.81,4538.23,183,25,0
2026-05-18 14:05:00+00:00,4538.2,4539.52,4537.96,4538.88,223,24,0
2026-05-18 14:06:00+00:00,4538.89,4539.5,4538.59,4538.81,179,22,0
2026-05-18 14:07:00+00:00,4538.83,4539.66,4538.57,4538.73,227,23,0
2026-05-18 14:08:00+00:00,4538.74,4538.83,4536.98,4537.53,202,22,0
2026-05-18 14:09:00+00:00,4537.55,4538.4,4532.31,4532.48,235,20,0
2026-05-18 14:10:00+00:00,4532.52,4536.2,4529.92,4534.67,446,25,0
2026-05-18 14:11:00+00:00,4534.68,4535.54,4533.45,4534.98,289,22,0
2026-05-18 14:12:00+00:00,4534.95,4536.52,4534.21,4535.79,245,22,0
2026-05-18 14:13:00+00:00,4535.77,4537.11,4535.39,4536.57,240,22,0
2026-05-18 14:14:00+00:00,4536.61,4539.49,4536.51,4539.48,234,23,0
2026-05-18 14:15:00+00:00,4539.41,4539.41,4537.5,4538.87,211,27,0
2026-05-18 14:16:00+00:00,4539.03,4539.46,4537.07,4537.08,194,22,0
2026-05-18 14:17:00+00:00,4537.1,4538.14,4536.61,4537.32,200,27,0
2026-05-18 14:18:00+00:00,4537.31,4540.15,4536.9,4539.46,209,27,0
2026-05-18 14:19:00+00:00,4539.48,4539.88,4538.71,4539.19,221,27,0
2026-05-18 14:20:00+00:00,4539.21,4539.96,4537.68,4538.35,254,27,0
2026-05-18 14:21:00+00:00,4538.34,4539.39,4536.98,4537.45,206,27,0
2026-05-18 14:22:00+00:00,4537.49,4538.0,4531.81,4533.21,274,27,0
2026-05-18 14:23:00+00:00,4533.18,4535.87,4533.11,4535.87,206,20,0
2026-05-18 14:24:00+00:00,4535.86,4536.13,4534.95,4535.89,216,20,0
2026-05-18 14:25:00+00:00,4535.77,4536.94,4535.53,4536.41,215,20,0
2026-05-18 14:26:00+00:00,4536.34,4536.57,4534.71,4535.27,217,20,0
2026-05-18 14:27:00+00:00,4535.23,4537.09,4534.3,4535.23,226,20,0
2026-05-18 14:28:00+00:00,4535.24,4536.61,4534.81,4536.61,145,20,0
2026-05-18 14:29:00+00:00,4536.67,4537.78,4535.93,4535.93,185,20,0
2026-05-18 14:30:00+00:00,4535.9,4538.11,4535.47,4538.11,320,20,0
2026-05-18 14:31:00+00:00,4538.12,4540.41,4536.84,4539.81,253,22,0
2026-05-18 14:32:00+00:00,4539.83,4540.43,4538.27,4539.1,241,23,0
2026-05-18 14:33:00+00:00,4539.13,4544.86,4538.2,4543.11,317,21,0
2026-05-18 14:34:00+00:00,4543.09,4545.48,4541.5,4541.78,477,26,0
2026-05-18 14:35:00+00:00,4541.76,4547.34,4541.76,4545.58,399,25,0
2026-05-18 14:36:00+00:00,4545.5,4545.94,4543.06,4543.62,349,23,0
2026-05-18 14:37:00+00:00,4543.69,4545.25,4542.43,4543.71,294,21,0
2026-05-18 14:38:00+00:00,4543.83,4547.14,4543.53,4546.09,350,24,0
2026-05-18 14:39:00+00:00,4546.08,4555.62,4545.95,4555.62,500,20,0
2026-05-18 14:40:00+00:00,4555.9,4559.99,4551.9,4552.43,559,27,0
2026-05-18 14:41:00+00:00,4552.42,4567.14,4552.39,4566.83,559,27,0
2026-05-18 14:42:00+00:00,4566.58,4566.72,4558.13,4564.19,546,22,0
2026-05-18 14:43:00+00:00,4564.32,4566.24,4561.03,4561.24,498,24,0
2026-05-18 14:44:00+00:00,4561.26,4564.77,4560.97,4562.0,478,28,0
2026-05-18 14:45:00+00:00,4562.21,4564.45,4559.39,4560.1,446,28,0
2026-05-18 14:46:00+00:00,4560.04,4562.63,4558.37,4560.26,394,23,0
2026-05-18 14:47:00+00:00,4560.25,4562.12,4558.79,4560.27,391,28,0
2026-05-18 14:48:00+00:00,4560.44,4562.08,4556.37,4557.14,377,28,0
2026-05-18 14:49:00+00:00,4557.05,4557.28,4554.96,4555.29,345,28,0
2026-05-18 14:50:00+00:00,4555.27,4555.65,4552.59,4553.03,339,27,0
2026-05-18 14:51:00+00:00,4553.05,4554.6,4551.92,4552.27,313,27,0
2026-05-18 14:52:00+00:00,4552.29,4555.31,4551.42,4555.31,346,28,0
2026-05-18 14:53:00+00:00,4555.27,4555.49,4552.27,4553.27,365,26,0
2026-05-18 14:54:00+00:00,4553.27,4554.37,4551.5,4551.5,302,20,0
2026-05-18 14:55:00+00:00,4551.54,4553.91,4550.28,4553.79,343,25,0
2026-05-18 14:56:00+00:00,4553.72,4554.75,4552.04,4553.65,322,26,0
2026-05-18 14:57:00+00:00,4553.65,4554.89,4552.74,4553.13,269,24,0
2026-05-18 14:58:00+00:00,4553.12,4553.2,4551.35,4551.74,294,23,0
2026-05-18 14:59:00+00:00,4551.71,4552.65,4549.4,4550.56,239,22,0
2026-05-18 15:00:00+00:00,4550.65,4551.59,4549.39,4551.59,323,24,0
2026-05-18 15:01:00+00:00,4551.59,4552.45,4550.31,4551.45,334,24,0
2026-05-18 15:02:00+00:00,4551.44,4551.46,4547.99,4548.56,286,24,0
2026-05-18 15:03:00+00:00,4548.53,4550.1,4548.41,4549.29,245,25,0
2026-05-18 15:04:00+00:00,4549.23,4550.64,4547.44,4550.64,292,21,0
2026-05-18 15:05:00+00:00,4550.65,4553.48,4550.65,4553.44,265,24,0
2026-05-18 15:06:00+00:00,4553.41,4555.7,4552.95,4553.02,307,20,0
2026-05-18 15:07:00+00:00,4553.01,4555.22,4552.99,4553.81,246,22,0
2026-05-18 15:08:00+00:00,4553.84,4554.91,4551.91,4552.32,274,25,0
2026-05-18 15:09:00+00:00,4552.69,4556.53,4552.69,4555.49,308,23,0
2026-05-18 15:10:00+00:00,4555.49,4555.84,4552.22,4553.6,300,25,0
2026-05-18 15:11:00+00:00,4553.66,4553.66,4551.47,4551.98,239,22,0
2026-05-18 15:12:00+00:00,4551.99,4554.7,4551.31,4552.86,308,25,0
2026-05-18 15:13:00+00:00,4552.83,4553.97,4552.27,4552.44,276,22,0
2026-05-18 15:14:00+00:00,4552.45,4553.89,4552.35,4553.38,227,24,0
2026-05-18 15:15:00+00:00,4553.33,4553.62,4551.78,4551.88,244,24,0
2026-05-18 15:16:00+00:00,4551.77,4555.1,4547.26,4548.85,345,20,0
2026-05-18 15:17:00+00:00,4548.87,4550.38,4548.25,4549.63,278,20,0
2026-05-18 15:18:00+00:00,4549.66,4550.07,4547.44,4547.68,224,20,0
2026-05-18 15:19:00+00:00,4547.39,4548.97,4547.08,4547.35,337,20,0
2026-05-18 15:20:00+00:00,4547.35,4547.98,4545.25,4547.98,374,24,0
2026-05-18 15:21:00+00:00,4548.0,4550.87,4548.0,4550.34,281,20,0
2026-05-18 15:22:00+00:00,4550.34,4551.3,4549.24,4551.05,282,20,0
2026-05-18 15:23:00+00:00,4550.87,4553.31,4549.85,4552.63,300,20,0
2026-05-18 15:24:00+00:00,4552.64,4553.59,4551.24,4551.44,303,20,0
2026-05-18 15:25:00+00:00,4551.45,4553.14,4551.2,4553.11,282,20,0
2026-05-18 15:26:00+00:00,4552.87,4554.76,4552.27,4554.6,279,24,0
2026-05-18 15:27:00+00:00,4554.63,4554.84,4552.92,4553.48,274,23,0
2026-05-18 15:28:00+00:00,4553.55,4554.87,4552.57,4552.9,266,24,0
2026-05-18 15:29:00+00:00,4552.69,4552.69,4549.74,4550.66,258,24,0
2026-05-18 15:30:00+00:00,4550.59,4553.24,4550.1,4552.83,270,26,0
2026-05-18 15:31:00+00:00,4552.82,4554.7,4551.7,4554.58,243,20,0
2026-05-18 15:32:00+00:00,4554.59,4555.81,4553.12,4554.75,296,20,0
2026-05-18 15:33:00+00:00,4554.78,4555.63,4553.86,4554.94,267,23,0
2026-05-18 15:34:00+00:00,4554.96,4562.56,4554.56,4562.16,453,20,0
2026-05-18 15:35:00+00:00,4562.13,4562.23,4558.24,4560.3,524,26,0
2026-05-18 15:36:00+00:00,4560.32,4563.02,4558.78,4562.18,437,20,0
2026-05-18 15:37:00+00:00,4562.15,4562.76,4558.58,4558.66,377,25,0
2026-05-18 15:38:00+00:00,4558.61,4560.7,4558.38,4558.9,369,22,0
2026-05-18 15:39:00+00:00,4558.91,4562.19,4558.87,4561.54,378,26,0
2026-05-18 15:40:00+00:00,4561.53,4561.56,4558.43,4559.09,338,23,0
2026-05-18 15:41:00+00:00,4559.04,4564.24,4558.55,4564.19,374,23,0
2026-05-18 15:42:00+00:00,4564.17,4567.35,4563.24,4565.6,392,21,0
2026-05-18 15:43:00+00:00,4565.6,4569.21,4565.53,4569.03,453,20,0
2026-05-18 15:44:00+00:00,4568.98,4569.82,4567.34,4569.64,430,23,0
2026-05-18 15:45:00+00:00,4569.52,4572.15,4568.06,4572.15,453,26,0
2026-05-18 15:46:00+00:00,4572.12,4573.18,4569.17,4570.11,476,26,0
2026-05-18 15:47:00+00:00,4570.2,4572.09,4568.51,4569.27,415,20,0
2026-05-18 15:48:00+00:00,4569.25,4572.07,4568.57,4572.04,408,25,0
2026-05-18 15:49:00+00:00,4572.05,4574.69,4570.98,4572.39,458,23,0
2026-05-18 15:50:00+00:00,4572.24,4574.02,4571.23,4572.16,401,24,0
2026-05-18 15:51:00+00:00,4572.18,4572.56,4567.65,4568.72,409,24,0
2026-05-18 15:52:00+00:00,4568.74,4568.85,4563.96,4564.3,386,26,0
2026-05-18 15:53:00+00:00,4564.31,4565.3,4563.31,4563.6,346,26,0
2026-05-18 15:54:00+00:00,4563.55,4564.42,4562.49,4563.09,302,26,0
2026-05-18 15:55:00+00:00,4563.15,4565.03,4562.55,4564.63,323,25,0
2026-05-18 15:56:00+00:00,4564.67,4565.8,4564.03,4565.22,332,26,0
2026-05-18 15:57:00+00:00,4565.25,4565.75,4563.47,4565.75,299,23,0
2026-05-18 15:58:00+00:00,4565.69,4566.0,4563.73,4565.19,306,23,0
2026-05-18 15:59:00+00:00,4565.26,4572.4,4565.26,4571.27,415,20,0
2026-05-18 16:00:00+00:00,4571.28,4575.63,4571.28,4575.6,501,23,0
2026-05-18 16:01:00+00:00,4575.61,4576.79,4569.88,4572.14,470,26,0
2026-05-18 16:02:00+00:00,4572.19,4573.91,4564.51,4566.82,477,20,0
2026-05-18 16:03:00+00:00,4566.9,4567.44,4564.39,4566.77,470,26,0
2026-05-18 16:04:00+00:00,4566.77,4567.56,4564.87,4565.18,348,26,0
2026-05-18 16:05:00+00:00,4565.18,4566.47,4564.26,4565.37,352,26,0
2026-05-18 16:06:00+00:00,4565.37,4565.87,4563.57,4563.65,374,25,0
2026-05-18 16:07:00+00:00,4563.79,4568.49,4563.13,4568.32,428,27,0
2026-05-18 16:08:00+00:00,4568.36,4568.49,4564.14,4565.46,350,26,0
2026-05-18 16:09:00+00:00,4565.45,4565.83,4562.53,4563.78,332,26,0
2026-05-18 16:10:00+00:00,4563.57,4565.04,4561.92,4562.55,460,25,0
2026-05-18 16:11:00+00:00,4562.54,4566.02,4561.75,4564.96,354,22,0
2026-05-18 16:12:00+00:00,4564.95,4566.08,4564.95,4565.64,246,27,0
2026-05-18 16:13:00+00:00,4565.63,4566.54,4565.01,4565.82,293,27,0
2026-05-18 16:14:00+00:00,4565.83,4569.5,4565.83,4567.59,307,26,0
2026-05-18 16:15:00+00:00,4567.57,4568.44,4565.45,4568.01,311,25,0
2026-05-18 16:16:00+00:00,4567.96,4568.14,4565.44,4566.53,249,26,0
2026-05-18 16:17:00+00:00,4566.53,4567.17,4564.86,4566.71,283,27,0
2026-05-18 16:18:00+00:00,4566.7,4566.91,4563.9,4565.13,272,27,0
2026-05-18 16:19:00+00:00,4565.13,4566.08,4564.83,4565.99,232,26,0
2026-05-18 16:20:00+00:00,4566.02,4568.89,4565.4,4568.63,265,26,0
2026-05-18 16:21:00+00:00,4568.7,4569.51,4568.13,4568.9,229,26,0
2026-05-18 16:22:00+00:00,4568.88,4569.47,4567.97,4568.42,208,26,0
2026-05-18 16:23:00+00:00,4568.3,4571.57,4568.19,4571.3,277,26,0
2026-05-18 16:24:00+00:00,4571.27,4572.99,4570.63,4572.85,247,26,0
2026-05-18 16:25:00+00:00,4572.81,4573.29,4571.27,4571.55,294,20,0
2026-05-18 16:26:00+00:00,4571.54,4576.25,4571.08,4575.19,340,26,0
2026-05-18 16:27:00+00:00,4575.44,4576.14,4574.32,4575.27,334,26,0
2026-05-18 16:28:00+00:00,4575.32,4576.05,4572.89,4574.53,305,26,0
2026-05-18 16:29:00+00:00,4574.58,4574.98,4571.54,4571.94,256,26,0
2026-05-18 16:30:00+00:00,4571.93,4572.56,4567.15,4571.61,473,26,0
2026-05-18 16:31:00+00:00,4571.64,4574.17,4571.25,4573.77,421,27,0
2026-05-18 16:32:00+00:00,4573.76,4574.72,4571.79,4573.83,432,26,0
2026-05-18 16:33:00+00:00,4573.78,4579.31,4573.46,4578.63,437,26,0
2026-05-18 16:34:00+00:00,4578.64,4579.88,4576.86,4578.48,446,26,0
2026-05-18 16:35:00+00:00,4578.55,4578.55,4574.53,4575.24,463,26,0
2026-05-18 16:36:00+00:00,4575.14,4575.47,4572.4,4572.9,455,26,0
2026-05-18 16:37:00+00:00,4573.16,4573.58,4570.75,4571.25,422,26,0
2026-05-18 16:38:00+00:00,4571.34,4576.94,4571.34,4576.94,423,23,0
2026-05-18 16:39:00+00:00,4576.91,4576.93,4573.22,4573.58,436,26,0
2026-05-18 16:40:00+00:00,4573.53,4575.25,4572.44,4575.25,452,26,0
2026-05-18 16:41:00+00:00,4575.22,4575.65,4572.44,4572.84,431,25,0
2026-05-18 16:42:00+00:00,4572.85,4573.01,4565.33,4565.78,458,26,0
2026-05-18 16:43:00+00:00,4565.81,4574.24,4564.77,4572.85,494,20,0
2026-05-18 16:44:00+00:00,4573.06,4574.71,4565.94,4566.3,462,20,0
2026-05-18 16:45:00+00:00,4566.36,4572.29,4563.77,4571.78,488,26,0
2026-05-18 16:46:00+00:00,4571.63,4572.28,4569.39,4569.78,451,26,0
2026-05-18 16:47:00+00:00,4569.93,4573.58,4568.66,4573.52,485,26,0
2026-05-18 16:48:00+00:00,4573.3,4576.42,4572.8,4572.82,461,26,0
2026-05-18 16:49:00+00:00,4572.75,4576.04,4572.68,4574.15,445,28,0
2026-05-18 16:50:00+00:00,4574.0,4576.73,4572.83,4576.64,432,20,0
2026-05-18 16:51:00+00:00,4576.55,4579.04,4575.95,4577.66,429,26,0
2026-05-18 16:52:00+00:00,4577.65,4580.6,4577.5,4578.48,456,20,0
2026-05-18 16:53:00+00:00,4578.38,4580.84,4577.98,4579.86,476,20,0
2026-05-18 16:54:00+00:00,4579.82,4584.1,4579.55,4583.41,451,26,0
2026-05-18 16:55:00+00:00,4583.46,4584.17,4581.49,4581.49,448,20,0
2026-05-18 16:56:00+00:00,4581.53,4584.0,4581.14,4583.53,437,20,0
2026-05-18 16:57:00+00:00,4583.32,4583.78,4580.11,4580.11,406,28,0
2026-05-18 16:58:00+00:00,4580.13,4580.65,4576.82,4577.45,436,27,0
2026-05-18 16:59:00+00:00,4577.44,4579.0,4574.94,4575.63,382,20,0
2026-05-18 17:00:00+00:00,4575.69,4575.69,4571.44,4573.14,468,22,0
2026-05-18 17:01:00+00:00,4573.12,4574.36,4569.96,4570.15,375,26,0
2026-05-18 17:02:00+00:00,4570.12,4571.38,4568.99,4569.54,447,26,0
2026-05-18 17:03:00+00:00,4569.49,4569.86,4565.81,4566.26,443,26,0
2026-05-18 17:04:00+00:00,4566.26,4568.09,4564.34,4565.32,466,26,0
2026-05-18 17:05:00+00:00,4565.52,4567.32,4560.8,4561.62,461,20,0
2026-05-18 17:06:00+00:00,4561.03,4564.47,4560.12,4564.15,497,20,0
2026-05-18 17:07:00+00:00,4564.12,4564.72,4560.09,4560.2,463,26,0
2026-05-18 17:08:00+00:00,4560.37,4564.52,4559.87,4564.21,485,26,0
2026-05-18 17:09:00+00:00,4564.24,4567.09,4563.68,4566.78,409,26,0
2026-05-18 17:10:00+00:00,4566.8,4569.38,4565.62,4568.94,443,26,0
2026-05-18 17:11:00+00:00,4568.93,4569.01,4566.74,4567.93,394,26,0
2026-05-18 17:12:00+00:00,4567.94,4568.39,4566.77,4567.82,355,24,0
2026-05-18 17:13:00+00:00,4567.84,4569.85,4564.44,4565.07,436,20,0
2026-05-18 17:14:00+00:00,4565.13,4565.13,4561.91,4564.22,473,23,0
2026-05-18 17:15:00+00:00,4564.23,4567.74,4562.2,4567.45,429,26,0
2026-05-18 17:16:00+00:00,4567.48,4568.86,4566.48,4566.8,407,20,0
2026-05-18 17:17:00+00:00,4566.82,4567.86,4563.77,4563.84,388,26,0
2026-05-18 17:18:00+00:00,4563.8,4565.54,4563.21,4564.06,428,26,0
2026-05-18 17:19:00+00:00,4564.02,4566.62,4563.99,4566.1,400,23,0
2026-05-18 17:20:00+00:00,4566.07,4567.14,4561.7,4561.82,383,22,0
2026-05-18 17:21:00+00:00,4561.82,4562.45,4557.21,4557.73,448,20,0
2026-05-18 17:22:00+00:00,4557.74,4558.08,4555.07,4557.01,489,26,0
2026-05-18 17:23:00+00:00,4557.07,4557.58,4554.9,4557.16,449,24,0
2026-05-18 17:24:00+00:00,4557.22,4559.32,4556.61,4559.25,400,24,0
2026-05-18 17:25:00+00:00,4559.24,4560.31,4557.76,4559.79,422,20,0
2026-05-18 17:26:00+00:00,4559.8,4560.14,4557.82,4560.05,415,23,0
2026-05-18 17:27:00+00:00,4560.18,4563.25,4558.56,4562.65,404,21,0
2026-05-18 17:28:00+00:00,4562.62,4562.86,4560.05,4560.51,362,26,0
2026-05-18 17:29:00+00:00,4560.52,4561.67,4559.1,4561.6,376,26,0
2026-05-18 17:30:00+00:00,4561.53,4562.95,4558.27,4558.83,406,27,0
2026-05-18 17:31:00+00:00,4558.84,4559.56,4556.93,4558.01,423,26,0
2026-05-18 17:32:00+00:00,4557.34,4558.37,4555.25,4555.89,371,26,0
2026-05-18 17:33:00+00:00,4555.85,4556.19,4546.83,4547.61,507,20,0
2026-05-18 17:34:00+00:00,4547.61,4549.64,4544.95,4549.57,501,27,0
2026-05-18 17:35:00+00:00,4549.43,4550.68,4543.0,4544.44,498,20,0
2026-05-18 17:36:00+00:00,4544.5,4547.65,4544.5,4546.92,457,28,0
2026-05-18 17:37:00+00:00,4546.77,4550.18,4546.01,4548.11,466,28,0
2026-05-18 17:38:00+00:00,4547.89,4549.39,4546.99,4549.39,411,28,0
2026-05-18 17:39:00+00:00,4549.39,4549.39,4545.66,4546.26,472,28,0
2026-05-18 17:40:00+00:00,4546.29,4547.2,4538.55,4542.03,510,28,0
2026-05-18 17:41:00+00:00,4542.09,4546.88,4540.7,4545.49,489,28,0
2026-05-18 17:42:00+00:00,4545.48,4547.55,4544.62,4547.42,482,28,0
2026-05-18 17:43:00+00:00,4547.24,4549.3,4545.13,4546.17,485,27,0
2026-05-18 17:44:00+00:00,4546.15,4548.05,4546.01,4547.61,406,26,0
2026-05-18 17:45:00+00:00,4547.53,4548.01,4541.24,4541.63,403,26,0
2026-05-18 17:46:00+00:00,4541.52,4543.56,4540.77,4542.68,423,26,0
2026-05-18 17:47:00+00:00,4542.7,4543.16,4539.0,4541.36,430,26,0
2026-05-18 17:48:00+00:00,4541.32,4541.6,4537.68,4539.4,458,20,0
2026-05-18 17:49:00+00:00,4539.41,4543.19,4538.37,4543.14,438,26,0
2026-05-18 17:50:00+00:00,4543.08,4544.31,4541.16,4544.06,435,27,0
2026-05-18 17:51:00+00:00,4544.07,4545.24,4542.57,4544.41,450,26,0
2026-05-18 17:52:00+00:00,4544.42,4548.1,4544.26,4548.03,378,27,0
2026-05-18 17:53:00+00:00,4548.01,4548.41,4542.6,4544.18,412,26,0
2026-05-18 17:54:00+00:00,4544.61,4545.52,4541.53,4541.82,409,26,0
2026-05-18 17:55:00+00:00,4541.81,4543.93,4541.21,4543.12,374,28,0
2026-05-18 17:56:00+00:00,4543.15,4546.0,4543.13,4544.96,365,27,0
2026-05-18 17:57:00+00:00,4545.02,4545.29,4543.78,4545.1,389,27,0
2026-05-18 17:58:00+00:00,4545.03,4546.09,4543.62,4544.32,373,27,0
2026-05-18 17:59:00+00:00,4544.42,4547.22,4544.13,4546.46,345,27,0
2026-05-18 18:00:00+00:00,4546.76,4547.87,4545.78,4547.69,405,27,0
2026-05-18 18:01:00+00:00,4547.7,4547.88,4538.13,4540.41,528,20,0
2026-05-18 18:02:00+00:00,4540.47,4540.53,4532.62,4535.18,526,20,0
2026-05-18 18:03:00+00:00,4535.05,4536.53,4532.99,4534.02,488,20,0
2026-05-18 18:04:00+00:00,4534.14,4537.64,4531.68,4537.32,494,26,0
2026-05-18 18:05:00+00:00,4537.28,4538.64,4534.05,4535.87,454,27,0
2026-05-18 18:06:00+00:00,4535.93,4536.93,4533.86,4536.1,456,20,0
2026-05-18 18:07:00+00:00,4536.11,4538.55,4535.32,4536.6,414,26,0
2026-05-18 18:08:00+00:00,4536.77,4544.32,4536.77,4543.73,425,26,0
2026-05-18 18:09:00+00:00,4543.74,4543.74,4536.48,4536.6,440,26,0
2026-05-18 18:10:00+00:00,4536.68,4542.2,4536.3,4541.22,447,20,0
2026-05-18 18:11:00+00:00,4541.32,4542.7,4539.66,4540.91,402,26,0
2026-05-18 18:12:00+00:00,4540.87,4542.17,4539.99,4541.19,351,26,0
2026-05-18 18:13:00+00:00,4541.18,4542.0,4538.99,4539.03,328,26,0
2026-05-18 18:14:00+00:00,4538.87,4540.71,4538.55,4540.48,286,24,0
2026-05-18 18:15:00+00:00,4540.33,4542.66,4539.5,4539.82,376,20,0
2026-05-18 18:16:00+00:00,4539.83,4541.18,4538.77,4541.01,338,26,0
2026-05-18 18:17:00+00:00,4541.26,4541.42,4540.18,4540.28,311,26,0
2026-05-18 18:18:00+00:00,4540.3,4540.59,4535.38,4535.51,328,26,0
2026-05-18 18:19:00+00:00,4535.5,4536.75,4534.33,4536.64,360,25,0
2026-05-18 18:20:00+00:00,4536.64,4540.26,4535.89,4537.37,428,26,0
2026-05-18 18:21:00+00:00,4537.36,4538.55,4535.91,4538.24,382,22,0
2026-05-18 18:22:00+00:00,4538.25,4540.42,4536.9,4539.76,340,26,0
2026-05-18 18:23:00+00:00,4539.75,4540.04,4537.6,4538.75,335,22,0
2026-05-18 18:24:00+00:00,4538.85,4539.66,4538.0,4538.86,324,24,0
2026-05-18 18:25:00+00:00,4538.87,4539.03,4536.72,4537.04,374,25,0
2026-05-18 18:26:00+00:00,4537.22,4538.98,4537.02,4538.57,338,22,0
2026-05-18 18:27:00+00:00,4538.62,4539.23,4535.45,4538.02,355,20,0
2026-05-18 18:28:00+00:00,4537.91,4539.81,4537.33,4539.76,319,23,0
2026-05-18 18:29:00+00:00,4539.73,4540.15,4534.59,4534.6,395,20,0
2026-05-18 18:30:00+00:00,4534.54,4536.01,4533.85,4534.12,388,25,0
2026-05-18 18:31:00+00:00,4534.1,4539.85,4534.1,4538.86,367,26,0
2026-05-18 18:32:00+00:00,4538.82,4540.27,4538.52,4539.13,332,23,0
2026-05-18 18:33:00+00:00,4539.22,4540.05,4537.93,4539.25,352,23,0
2026-05-18 18:34:00+00:00,4539.19,4541.4,4538.55,4540.83,351,24,0
2026-05-18 18:35:00+00:00,4540.82,4542.14,4538.09,4538.77,384,25,0
2026-05-18 18:36:00+00:00,4538.76,4541.75,4538.52,4540.7,329,20,0
2026-05-18 18:37:00+00:00,4540.69,4541.77,4540.05,4541.68,313,22,0
2026-05-18 18:38:00+00:00,4541.74,4542.17,4539.64,4540.13,301,23,0
2026-05-18 18:39:00+00:00,4540.0,4541.95,4539.99,4541.78,302,23,0
2026-05-18 18:40:00+00:00,4541.8,4544.34,4541.48,4544.04,323,22,0
2026-05-18 18:41:00+00:00,4544.01,4544.09,4542.77,4543.78,290,23,0
2026-05-18 18:42:00+00:00,4543.68,4543.69,4542.15,4542.66,293,23,0
2026-05-18 18:43:00+00:00,4542.65,4543.1,4539.99,4540.65,336,23,0
2026-05-18 18:44:00+00:00,4540.68,4542.06,4538.47,4538.49,316,20,0
2026-05-18 18:45:00+00:00,4538.51,4539.17,4537.9,4538.82,289,26,0
2026-05-18 18:46:00+00:00,4538.84,4540.6,4538.55,4540.58,324,26,0
2026-05-18 18:47:00+00:00,4540.64,4541.62,4539.48,4541.5,314,26,0
2026-05-18 18:48:00+00:00,4541.52,4542.94,4540.61,4542.73,288,25,0
2026-05-18 18:49:00+00:00,4542.73,4543.46,4541.08,4541.09,320,26,0
2026-05-18 18:50:00+00:00,4541.02,4542.66,4540.6,4541.88,269,21,0
2026-05-18 18:51:00+00:00,4541.88,4542.68,4540.53,4540.79,316,22,0
2026-05-18 18:52:00+00:00,4540.8,4542.16,4539.61,4539.9,333,23,0
2026-05-18 18:53:00+00:00,4539.9,4541.8,4539.63,4541.76,313,24,0
2026-05-18 18:54:00+00:00,4541.82,4544.46,4541.71,4544.19,350,24,0
2026-05-18 18:55:00+00:00,4544.14,4545.74,4544.12,4544.92,335,22,0
2026-05-18 18:56:00+00:00,4545.0,4545.63,4543.94,4544.28,293,22,0
2026-05-18 18:57:00+00:00,4544.2,4546.82,4543.99,4545.55,331,25,0
2026-05-18 18:58:00+00:00,4545.57,4545.73,4542.38,4543.04,361,21,0
2026-05-18 18:59:00+00:00,4542.96,4543.62,4542.16,4543.51,345,20,0
2026-05-18 19:00:00+00:00,4543.59,4544.43,4541.66,4541.95,357,21,0
2026-05-18 19:01:00+00:00,4541.98,4542.25,4540.14,4541.04,356,21,0
2026-05-18 19:02:00+00:00,4541.08,4542.12,4540.48,4541.96,309,22,0
2026-05-18 19:03:00+00:00,4541.84,4542.54,4540.21,4540.29,295,21,0
2026-05-18 19:04:00+00:00,4540.23,4541.84,4540.1,4541.51,283,23,0
2026-05-18 19:05:00+00:00,4541.57,4542.71,4541.17,4541.97,308,23,0
2026-05-18 19:06:00+00:00,4541.93,4544.31,4541.85,4543.82,313,20,0
2026-05-18 19:07:00+00:00,4543.81,4543.92,4541.15,4542.36,335,21,0
2026-05-18 19:08:00+00:00,4542.39,4543.39,4541.84,4543.39,270,20,0
2026-05-18 19:09:00+00:00,4543.36,4544.45,4542.84,4543.48,325,20,0
2026-05-18 19:10:00+00:00,4543.61,4545.42,4542.65,4544.65,272,20,0
2026-05-18 19:11:00+00:00,4544.59,4547.8,4544.42,4547.1,334,20,0
2026-05-18 19:12:00+00:00,4547.09,4547.71,4546.27,4546.96,331,20,0
2026-05-18 19:13:00+00:00,4547.0,4548.49,4546.78,4548.43,293,20,0
2026-05-18 19:14:00+00:00,4548.43,4548.87,4547.51,4548.56,310,20,0
2026-05-18 19:15:00+00:00,4548.57,4549.23,4547.73,4548.87,288,20,0
2026-05-18 19:16:00+00:00,4548.92,4550.29,4548.29,4550.02,301,20,0
2026-05-18 19:17:00+00:00,4550.06,4550.07,4546.98,4548.08,309,20,0
2026-05-18 19:18:00+00:00,4548.09,4548.34,4546.52,4547.16,243,20,0
2026-05-18 19:19:00+00:00,4547.17,4548.4,4546.83,4547.12,240,20,0
2026-05-18 19:20:00+00:00,4547.09,4549.48,4547.09,4549.23,308,20,0
2026-05-18 19:21:00+00:00,4549.29,4550.64,4549.01,4549.64,324,20,0
2026-05-18 19:22:00+00:00,4549.54,4549.73,4545.82,4546.23,392,20,0
2026-05-18 19:23:00+00:00,4546.22,4546.65,4544.73,4545.57,372,20,0
2026-05-18 19:24:00+00:00,4545.58,4546.26,4544.32,4545.72,329,20,0
2026-05-18 19:25:00+00:00,4545.86,4546.84,4543.22,4543.95,361,20,0
2026-05-18 19:26:00+00:00,4544.06,4544.32,4539.5,4539.63,417,20,0
2026-05-18 19:27:00+00:00,4539.66,4541.06,4538.85,4540.52,392,20,0
2026-05-18 19:28:00+00:00,4540.53,4540.68,4534.24,4534.74,488,20,0
2026-05-18 19:29:00+00:00,4534.73,4537.53,4533.79,4537.03,422,24,0
2026-05-18 19:30:00+00:00,4537.07,4537.39,4534.23,4536.5,471,20,0
2026-05-18 19:31:00+00:00,4536.52,4540.86,4536.52,4540.86,402,20,0
2026-05-18 19:32:00+00:00,4540.68,4541.02,4539.03,4540.69,398,20,0
2026-05-18 19:33:00+00:00,4540.83,4541.85,4540.14,4540.46,380,20,0
2026-05-18 19:34:00+00:00,4540.46,4540.9,4539.13,4539.67,322,20,0
2026-05-18 19:35:00+00:00,4539.62,4542.74,4539.32,4542.0,356,20,0
2026-05-18 19:36:00+00:00,4541.87,4543.94,4541.65,4543.94,354,20,0
2026-05-18 19:37:00+00:00,4543.95,4544.57,4542.61,4543.36,332,20,0
2026-05-18 19:38:00+00:00,4543.37,4544.81,4542.73,4542.87,357,20,0
2026-05-18 19:39:00+00:00,4542.88,4544.28,4542.51,4544.2,343,20,0
2026-05-18 19:40:00+00:00,4544.21,4544.91,4543.58,4544.03,327,22,0
2026-05-18 19:41:00+00:00,4544.02,4544.43,4543.48,4543.48,302,20,0
2026-05-18 19:42:00+00:00,4543.48,4544.05,4541.91,4542.04,275,20,0
2026-05-18 19:43:00+00:00,4542.04,4543.45,4541.78,4542.97,335,20,0
2026-05-18 19:44:00+00:00,4542.99,4543.27,4542.16,4543.27,313,20,0
2026-05-18 19:45:00+00:00,4543.31,4544.64,4542.8,4544.61,296,20,0
2026-05-18 19:46:00+00:00,4544.59,4545.37,4544.22,4544.72,288,20,0
2026-05-18 19:47:00+00:00,4544.78,4546.46,4544.68,4546.39,298,20,0
2026-05-18 19:48:00+00:00,4546.41,4547.15,4545.28,4546.73,288,20,0
2026-05-18 19:49:00+00:00,4546.75,4548.74,4546.68,4548.16,302,20,0
2026-05-18 19:50:00+00:00,4548.18,4552.36,4548.14,4552.24,334,20,0
2026-05-18 19:51:00+00:00,4552.16,4553.02,4551.06,4552.02,377,20,0
2026-05-18 19:52:00+00:00,4552.08,4553.31,4551.84,4551.94,319,20,0
2026-05-18 19:53:00+00:00,4551.9,4553.43,4550.92,4553.43,335,20,0
2026-05-18 19:54:00+00:00,4553.41,4554.16,4551.38,4552.97,290,20,0
2026-05-18 19:55:00+00:00,4552.94,4554.49,4552.42,4553.31,293,20,0
2026-05-18 19:56:00+00:00,4553.25,4553.63,4551.22,4553.06,293,20,0
2026-05-18 19:57:00+00:00,4552.95,4553.33,4552.31,4552.31,239,20,0
2026-05-18 19:58:00+00:00,4552.3,4552.93,4551.71,4552.33,289,20,0
2026-05-18 19:59:00+00:00,4552.35,4552.72,4549.66,4550.16,302,20,0
2026-05-18 20:00:00+00:00,4549.87,4551.47,4547.97,4548.33,367,20,0
2026-05-18 20:01:00+00:00,4548.39,4551.8,4547.85,4551.76,359,20,0
2026-05-18 20:02:00+00:00,4551.83,4552.51,4551.28,4552.17,267,20,0
2026-05-18 20:03:00+00:00,4552.18,4555.25,4552.18,4555.14,329,20,0
2026-05-18 20:04:00+00:00,4555.15,4557.19,4555.13,4556.75,338,20,0
2026-05-18 20:05:00+00:00,4556.66,4556.66,4554.71,4555.18,320,20,0
2026-05-18 20:06:00+00:00,4555.19,4558.23,4555.19,4557.33,345,20,0
2026-05-18 20:07:00+00:00,4557.33,4557.79,4556.0,4557.36,294,20,0
2026-05-18 20:08:00+00:00,4557.37,4557.83,4554.87,4555.11,258,26,0
2026-05-18 20:09:00+00:00,4555.1,4556.32,4554.9,4556.19,248,26,0
2026-05-18 20:10:00+00:00,4556.28,4556.7,4555.57,4556.28,264,24,0
2026-05-18 20:11:00+00:00,4556.27,4556.46,4555.21,4555.95,250,26,0
2026-05-18 20:12:00+00:00,4555.82,4556.17,4555.2,4555.86,219,26,0
2026-05-18 20:13:00+00:00,4556.02,4556.78,4555.33,4556.0,240,25,0
2026-05-18 20:14:00+00:00,4555.93,4556.48,4552.96,4553.19,279,26,0
2026-05-18 20:15:00+00:00,4553.16,4553.67,4551.93,4553.58,206,26,0
2026-05-18 20:16:00+00:00,4553.64,4555.4,4553.51,4554.77,263,24,0
2026-05-18 20:17:00+00:00,4554.72,4554.82,4553.21,4553.47,210,24,0
2026-05-18 20:18:00+00:00,4553.49,4555.56,4553.2,4555.51,201,23,0
2026-05-18 20:19:00+00:00,4555.52,4555.56,4554.04,4554.46,224,20,0
2026-05-18 20:20:00+00:00,4554.45,4555.23,4553.78,4554.49,238,20,0
2026-05-18 20:21:00+00:00,4554.48,4554.63,4553.81,4554.0,229,20,0
2026-05-18 20:22:00+00:00,4554.06,4554.53,4552.34,4554.33,285,20,0
2026-05-18 20:23:00+00:00,4554.31,4554.98,4553.43,4553.49,265,20,0
2026-05-18 20:24:00+00:00,4553.44,4554.1,4552.93,4553.82,262,20,0
2026-05-18 20:25:00+00:00,4553.77,4554.18,4553.35,4553.47,243,20,0
2026-05-18 20:26:00+00:00,4553.5,4554.0,4553.04,4553.9,232,20,0
2026-05-18 20:27:00+00:00,4553.91,4553.99,4552.08,4552.24,230,20,0
2026-05-18 20:28:00+00:00,4552.22,4552.73,4551.79,4552.24,219,20,0
2026-05-18 20:29:00+00:00,4552.23,4554.73,4552.07,4553.96,352,26,0
2026-05-18 20:30:00+00:00,4553.76,4554.1,4551.75,4552.2,276,20,0
2026-05-18 20:31:00+00:00,4552.18,4552.67,4551.88,4552.2,214,20,0
2026-05-18 20:32:00+00:00,4552.22,4552.25,4549.99,4550.17,239,20,0
2026-05-18 20:33:00+00:00,4550.17,4550.61,4548.82,4549.62,304,20,0
2026-05-18 20:34:00+00:00,4549.68,4549.99,4548.8,4548.83,257,20,0
2026-05-18 20:35:00+00:00,4548.82,4549.13,4548.13,4548.99,339,20,0
2026-05-18 20:36:00+00:00,4549.04,4550.36,4548.61,4549.5,288,20,0
2026-05-18 20:37:00+00:00,4549.53,4550.23,4548.73,4548.76,280,20,0
2026-05-18 20:38:00+00:00,4548.79,4549.5,4547.18,4547.89,237,20,0
2026-05-18 20:39:00+00:00,4547.89,4549.64,4547.74,4549.46,213,20,0
2026-05-18 20:40:00+00:00,4549.47,4550.48,4548.97,4550.35,231,20,0
2026-05-18 20:41:00+00:00,4550.38,4551.06,4547.81,4548.64,294,20,0
2026-05-18 20:42:00+00:00,4548.64,4548.75,4547.8,4547.99,203,20,0
2026-05-18 20:43:00+00:00,4547.98,4549.53,4547.79,4549.27,266,20,0
2026-05-18 20:44:00+00:00,4549.21,4549.48,4548.12,4548.14,223,20,0
2026-05-18 20:45:00+00:00,4548.16,4548.72,4547.86,4548.6,224,20,0
2026-05-18 20:46:00+00:00,4548.61,4549.33,4547.11,4547.24,233,20,0
2026-05-18 20:47:00+00:00,4547.25,4548.81,4547.25,4548.69,241,20,0
2026-05-18 20:48:00+00:00,4548.69,4549.61,4548.59,4549.12,199,23,0
2026-05-18 20:49:00+00:00,4549.1,4549.1,4546.64,4546.69,216,26,0
2026-05-18 20:50:00+00:00,4546.67,4548.04,4546.47,4547.94,179,26,0
2026-05-18 20:51:00+00:00,4547.73,4548.34,4547.3,4547.6,220,26,0
2026-05-18 20:52:00+00:00,4547.57,4548.92,4547.48,4548.36,186,26,0
2026-05-18 20:53:00+00:00,4548.38,4548.59,4547.5,4548.44,193,27,0
2026-05-18 20:54:00+00:00,4548.49,4549.18,4547.5,4547.6,166,26,0
2026-05-18 20:55:00+00:00,4547.68,4547.81,4546.33,4547.3,238,27,0
2026-05-18 20:56:00+00:00,4547.25,4547.27,4546.72,4546.94,167,27,0
2026-05-18 20:57:00+00:00,4546.92,4546.97,4545.56,4546.14,186,26,0
2026-05-18 20:58:00+00:00,4546.1,4546.62,4546.01,4546.41,173,22,0
2026-05-18 20:59:00+00:00,4546.42,4547.29,4546.35,4546.88,157,26,0
2026-05-18 21:00:00+00:00,4546.86,4546.92,4545.43,4546.05,234,24,0
2026-05-18 21:01:00+00:00,4546.06,4546.43,4545.23,4545.28,246,20,0
2026-05-18 21:02:00+00:00,4545.22,4545.65,4543.74,4545.04,328,20,0
2026-05-18 21:03:00+00:00,4545.0,4546.47,4544.98,4545.28,230,20,0
2026-05-18 21:04:00+00:00,4545.31,4546.48,4544.98,4545.77,259,20,0
2026-05-18 21:05:00+00:00,4545.78,4547.75,4545.78,4546.62,214,20,0
2026-05-18 21:06:00+00:00,4546.64,4546.65,4543.83,4544.15,260,20,0
2026-05-18 21:07:00+00:00,4544.05,4545.36,4543.98,4545.34,219,20,0
2026-05-18 21:08:00+00:00,4545.33,4545.95,4544.26,4544.51,248,20,0
2026-05-18 21:09:00+00:00,4544.46,4545.46,4544.2,4545.06,250,20,0
2026-05-18 21:10:00+00:00,4545.06,4545.48,4543.93,4545.29,201,20,0
2026-05-18 21:11:00+00:00,4545.33,4546.4,4544.82,4545.42,232,20,0
2026-05-18 21:12:00+00:00,4545.44,4546.09,4545.0,4545.35,195,20,0
2026-05-18 21:13:00+00:00,4545.32,4545.72,4545.05,4545.18,175,20,0
2026-05-18 21:14:00+00:00,4545.18,4545.45,4544.91,4545.2,209,20,0
2026-05-18 21:15:00+00:00,4545.24,4545.39,4542.96,4543.86,290,20,0
2026-05-18 21:16:00+00:00,4543.91,4543.97,4541.75,4542.01,271,20,0
2026-05-18 21:17:00+00:00,4542.01,4543.1,4541.59,4542.61,293,20,0
2026-05-18 21:18:00+00:00,4542.65,4543.0,4541.37,4541.78,245,20,0
2026-05-18 21:19:00+00:00,4541.75,4542.88,4541.6,4542.58,291,20,0
2026-05-18 21:20:00+00:00,4542.57,4542.63,4540.71,4540.78,272,20,0
2026-05-18 21:21:00+00:00,4540.77,4542.38,4540.56,4542.23,272,20,0
2026-05-18 21:22:00+00:00,4542.22,4542.55,4540.55,4540.94,238,20,0
2026-05-18 21:23:00+00:00,4540.95,4542.43,4540.59,4541.42,269,20,0
2026-05-18 21:24:00+00:00,4541.44,4541.8,4540.32,4541.05,295,20,0
2026-05-18 21:25:00+00:00,4541.05,4541.26,4538.72,4538.99,296,20,0
2026-05-18 21:26:00+00:00,4538.97,4539.48,4537.76,4538.33,366,20,0
2026-05-18 21:27:00+00:00,4538.32,4538.74,4536.68,4538.73,377,20,0
2026-05-18 21:28:00+00:00,4538.75,4542.29,4538.75,4542.13,342,20,0
2026-05-18 21:29:00+00:00,4542.14,4542.65,4541.38,4541.93,319,20,0
2026-05-18 21:30:00+00:00,4541.86,4542.65,4541.19,4542.22,323,20,0
2026-05-18 21:31:00+00:00,4542.21,4542.72,4541.31,4542.27,238,20,0
2026-05-18 21:32:00+00:00,4542.38,4543.96,4541.81,4543.27,227,20,0
2026-05-18 21:33:00+00:00,4543.25,4543.47,4540.7,4540.7,270,20,0
2026-05-18 21:34:00+00:00,4540.67,4542.78,4540.65,4542.71,253,20,0
2026-05-18 21:35:00+00:00,4542.73,4543.43,4542.19,4542.29,219,20,0
2026-05-18 21:36:00+00:00,4542.31,4542.5,4541.28,4541.66,234,20,0
2026-05-18 21:37:00+00:00,4541.64,4541.64,4539.72,4540.77,280,20,0
2026-05-18 21:38:00+00:00,4540.78,4541.12,4540.55,4540.78,204,20,0
2026-05-18 21:39:00+00:00,4540.74,4541.1,4539.2,4539.61,225,20,0
2026-05-18 21:40:00+00:00,4539.59,4540.45,4539.49,4540.29,183,20,0
2026-05-18 21:41:00+00:00,4540.22,4540.98,4538.91,4539.95,247,25,0
2026-05-18 21:42:00+00:00,4539.98,4540.93,4539.8,4540.83,204,26,0
2026-05-18 21:43:00+00:00,4540.79,4541.28,4540.38,4541.28,133,26,0
2026-05-18 21:44:00+00:00,4541.27,4541.56,4540.35,4541.5,218,26,0
2026-05-18 21:45:00+00:00,4541.47,4541.8,4540.87,4540.96,247,27,0
2026-05-18 21:46:00+00:00,4540.98,4542.82,4540.76,4542.51,201,26,0
2026-05-18 21:47:00+00:00,4542.48,4543.24,4542.02,4542.95,148,26,0
2026-05-18 21:48:00+00:00,4542.99,4543.02,4541.43,4541.87,166,24,0
2026-05-18 21:49:00+00:00,4542.06,4542.44,4541.4,4541.62,210,26,0
2026-05-18 21:50:00+00:00,4541.62,4541.66,4539.94,4540.51,276,26,0
2026-05-18 21:51:00+00:00,4540.5,4540.99,4539.79,4540.33,234,25,0
2026-05-18 21:52:00+00:00,4540.34,4540.97,4539.88,4539.95,212,25,0
2026-05-18 21:53:00+00:00,4539.96,4542.14,4539.74,4542.14,209,20,0
2026-05-18 21:54:00+00:00,4542.13,4542.13,4540.13,4540.26,204,26,0
2026-05-18 21:55:00+00:00,4540.22,4540.82,4539.83,4540.43,187,23,0
2026-05-18 21:56:00+00:00,4540.36,4541.2,4540.23,4540.84,155,24,0
2026-05-18 21:57:00+00:00,4540.84,4541.8,4540.22,4541.67,160,24,0
2026-05-18 21:58:00+00:00,4541.67,4541.67,4535.09,4535.09,388,24,0
2026-05-18 21:59:00+00:00,4535.03,4536.4,4534.2,4535.72,304,24,0
2026-05-18 22:00:00+00:00,4535.93,4537.89,4535.22,4537.71,293,25,0
2026-05-18 22:01:00+00:00,4537.73,4555.94,4537.73,4552.29,514,20,0
2026-05-18 22:02:00+00:00,4552.6,4557.06,4548.89,4556.75,574,20,0
2026-05-18 22:03:00+00:00,4556.7,4564.89,4556.7,4558.55,562,20,0
2026-05-18 22:04:00+00:00,4558.51,4560.11,4553.42,4553.47,508,23,0
2026-05-18 22:05:00+00:00,4553.94,4558.02,4553.94,4557.59,483,20,0
2026-05-18 22:06:00+00:00,4557.74,4559.88,4552.28,4554.04,498,21,0
2026-05-18 22:07:00+00:00,4554.06,4555.78,4552.99,4554.12,448,21,0
2026-05-18 22:08:00+00:00,4554.13,4555.47,4551.16,4553.01,409,20,0
2026-05-18 22:09:00+00:00,4553.07,4557.22,4552.52,4557.08,465,20,0
2026-05-18 22:10:00+00:00,4557.06,4557.81,4555.11,4555.11,401,20,0
2026-05-18 22:11:00+00:00,4555.24,4558.29,4553.75,4557.83,401,26,0
2026-05-18 22:12:00+00:00,4557.88,4557.91,4554.9,4555.09,396,23,0
2026-05-18 22:13:00+00:00,4555.11,4556.67,4554.64,4556.31,375,28,0
2026-05-18 22:14:00+00:00,4556.33,4556.88,4553.35,4554.43,336,26,0
2026-05-18 22:15:00+00:00,4554.44,4555.35,4552.13,4553.14,362,27,0
2026-05-18 22:16:00+00:00,4553.18,4555.64,4552.79,4553.14,314,27,0
2026-05-18 22:17:00+00:00,4553.15,4554.41,4550.94,4551.41,308,27,0
2026-05-18 22:18:00+00:00,4551.39,4553.42,4551.06,4553.08,280,26,0
2026-05-18 22:19:00+00:00,4553.11,4553.85,4551.22,4551.54,277,27,0
2026-05-18 22:20:00+00:00,4551.59,4554.22,4551.18,4553.78,271,20,0
2026-05-18 22:21:00+00:00,4553.75,4555.03,4552.63,4554.21,312,20,0
2026-05-18 22:22:00+00:00,4554.09,4555.63,4553.31,4553.71,305,20,0
2026-05-18 22:23:00+00:00,4553.65,4554.49,4552.13,4553.24,256,20,0
2026-05-18 22:24:00+00:00,4553.24,4553.78,4549.76,4550.02,281,20,0
2026-05-18 22:25:00+00:00,4550.12,4550.29,4546.55,4548.84,358,21,0
2026-05-18 22:26:00+00:00,4548.74,4549.78,4548.39,4549.47,313,20,0
2026-05-18 22:27:00+00:00,4549.41,4550.15,4547.5,4547.66,296,20,0
2026-05-18 22:28:00+00:00,4547.64,4548.95,4547.61,4548.12,229,20,0
2026-05-18 22:29:00+00:00,4548.16,4551.85,4548.14,4551.5,289,20,0
2026-05-18 22:30:00+00:00,4551.61,4551.88,4550.14,4551.23,257,21,0
2026-05-18 22:31:00+00:00,4551.25,4555.13,4551.25,4555.09,319,20,0
2026-05-18 22:32:00+00:00,4555.11,4556.57,4555.1,4556.42,318,20,0
2026-05-18 22:33:00+00:00,4556.4,4557.23,4555.15,4556.24,319,20,0
2026-05-18 22:34:00+00:00,4556.22,4556.98,4555.82,4556.29,268,20,0
2026-05-18 22:35:00+00:00,4556.32,4558.79,4556.16,4558.79,323,20,0
2026-05-18 22:36:00+00:00,4558.82,4558.97,4555.95,4556.65,272,20,0
2026-05-18 22:37:00+00:00,4556.47,4557.52,4555.85,4556.97,317,20,0
2026-05-18 22:38:00+00:00,4556.97,4558.79,4556.97,4558.31,231,20,0
2026-05-18 22:39:00+00:00,4558.28,4559.51,4558.26,4559.39,220,26,0
2026-05-18 22:40:00+00:00,4559.46,4561.26,4558.84,4558.84,325,27,0
2026-05-18 22:41:00+00:00,4558.82,4560.28,4558.37,4558.66,311,27,0
2026-05-18 22:42:00+00:00,4558.64,4559.35,4557.78,4557.89,293,26,0
2026-05-18 22:43:00+00:00,4557.92,4560.1,4557.92,4559.58,302,27,0
2026-05-18 22:44:00+00:00,4559.55,4560.07,4557.86,4558.14,245,27,0
2026-05-18 22:45:00+00:00,4558.11,4559.48,4557.84,4558.54,273,27,0
2026-05-18 22:46:00+00:00,4558.64,4561.42,4558.12,4559.33,316,27,0
2026-05-18 22:47:00+00:00,4559.34,4559.8,4558.53,4559.69,196,20,0
2026-05-18 22:48:00+00:00,4559.71,4562.68,4558.97,4561.94,306,26,0
2026-05-18 22:49:00+00:00,4561.91,4562.92,4560.88,4561.16,289,20,0
2026-05-18 22:50:00+00:00,4561.24,4562.14,4559.89,4560.77,377,20,0
2026-05-18 22:51:00+00:00,4560.78,4561.24,4559.92,4560.14,284,20,0
2026-05-18 22:52:00+00:00,4560.14,4561.07,4559.85,4560.0,307,20,0
2026-05-18 22:53:00+00:00,4560.06,4561.71,4560.01,4560.93,320,20,0
2026-05-18 22:54:00+00:00,4560.94,4562.48,4560.64,4562.43,319,21,0
2026-05-18 22:55:00+00:00,4562.17,4562.17,4559.82,4560.31,321,20,0
2026-05-18 22:56:00+00:00,4560.34,4560.8,4559.56,4559.89,289,20,0
2026-05-18 22:57:00+00:00,4560.04,4560.42,4559.5,4559.72,269,20,0
2026-05-18 22:58:00+00:00,4559.75,4560.33,4558.18,4558.28,317,20,0
2026-05-18 22:59:00+00:00,4558.34,4558.61,4557.34,4558.38,374,21,0
2026-05-18 23:00:00+00:00,4558.39,4559.68,4558.12,4558.91,213,20,0
2026-05-18 23:01:00+00:00,4558.95,4560.44,4558.73,4559.83,170,20,0
2026-05-18 23:02:00+00:00,4559.78,4559.84,4557.77,4558.32,191,20,0
2026-05-18 23:03:00+00:00,4558.37,4560.6,4557.81,4560.19,167,20,0
2026-05-18 23:04:00+00:00,4560.21,4561.3,4559.98,4560.27,110,23,0
2026-05-18 23:05:00+00:00,4560.23,4560.43,4558.61,4559.35,161,20,0
2026-05-18 23:06:00+00:00,4559.39,4559.72,4559.06,4559.08,119,23,0
2026-05-18 23:07:00+00:00,4559.08,4560.17,4559.08,4560.12,102,20,0
2026-05-18 23:08:00+00:00,4560.13,4560.16,4558.82,4559.2,112,21,0
2026-05-18 23:09:00+00:00,4559.23,4559.39,4558.25,4558.73,87,20,0
2026-05-18 23:10:00+00:00,4558.71,4559.4,4558.46,4559.39,82,20,0
2026-05-18 23:11:00+00:00,4559.52,4560.66,4559.09,4560.13,76,20,0
2026-05-18 23:12:00+00:00,4559.97,4560.45,4559.76,4560.05,71,20,0
2026-05-18 23:13:00+00:00,4560.07,4560.74,4559.84,4560.7,59,20,0
2026-05-18 23:14:00+00:00,4560.75,4562.9,4560.63,4562.19,135,20,0
2026-05-18 23:15:00+00:00,4562.16,4564.1,4562.05,4563.57,154,20,0
2026-05-18 23:16:00+00:00,4563.58,4565.41,4563.58,4565.21,164,20,0
2026-05-18 23:17:00+00:00,4565.2,4566.44,4565.19,4566.44,142,20,0
2026-05-18 23:18:00+00:00,4566.44,4566.44,4563.9,4564.78,146,20,0
2026-05-18 23:19:00+00:00,4564.71,4564.75,4563.55,4564.2,124,20,0
2026-05-18 23:20:00+00:00,4564.18,4564.41,4563.79,4564.01,94,20,0
2026-05-18 23:21:00+00:00,4564.03,4564.51,4562.78,4562.78,129,20,0
2026-05-18 23:22:00+00:00,4562.77,4565.9,4562.77,4565.45,118,20,0
2026-05-18 23:23:00+00:00,4565.45,4566.14,4565.28,4565.86,88,20,0
2026-05-18 23:24:00+00:00,4565.89,4566.53,4565.72,4566.42,101,20,0
2026-05-18 23:25:00+00:00,4566.41,4566.61,4565.44,4566.0,125,20,0
2026-05-18 23:26:00+00:00,4566.03,4566.04,4563.78,4563.85,129,20,0
2026-05-18 23:27:00+00:00,4563.87,4564.45,4563.52,4563.93,99,26,0
2026-05-18 23:28:00+00:00,4563.96,4564.53,4563.38,4563.92,118,26,0
2026-05-18 23:29:00+00:00,4563.84,4563.84,4562.66,4563.22,96,26,0
2026-05-18 23:30:00+00:00,4563.22,4564.35,4563.22,4563.98,119,26,0
2026-05-18 23:31:00+00:00,4564.01,4564.76,4561.57,4562.03,154,26,0
2026-05-18 23:32:00+00:00,4561.99,4562.77,4561.74,4561.94,144,26,0
2026-05-18 23:33:00+00:00,4561.96,4563.19,4561.89,4563.01,148,26,0
2026-05-18 23:34:00+00:00,4563.03,4563.17,4562.65,4562.75,81,26,0
2026-05-18 23:35:00+00:00,4562.74,4564.04,4562.74,4562.93,116,20,0
2026-05-18 23:36:00+00:00,4562.94,4563.45,4562.49,4563.35,81,20,0
2026-05-18 23:37:00+00:00,4563.38,4563.39,4562.53,4563.08,83,20,0
2026-05-18 23:38:00+00:00,4563.02,4563.28,4562.89,4562.92,70,20,0
2026-05-18 23:39:00+00:00,4562.84,4563.19,4562.48,4562.48,47,20,0
2026-05-18 23:40:00+00:00,4562.48,4563.63,4562.34,4562.54,107,20,0
2026-05-18 23:41:00+00:00,4562.42,4563.89,4562.18,4563.84,108,20,0
2026-05-18 23:42:00+00:00,4563.73,4564.15,4563.57,4563.61,81,20,0
2026-05-18 23:43:00+00:00,4563.6,4564.75,4563.49,4564.55,64,20,0
2026-05-18 23:44:00+00:00,4564.54,4565.0,4564.25,4564.47,107,20,0
2026-05-18 23:45:00+00:00,4564.5,4564.98,4564.46,4564.62,78,20,0
2026-05-18 23:46:00+00:00,4564.64,4564.7,4564.18,4564.36,63,20,0
2026-05-18 23:47:00+00:00,4564.34,4564.86,4563.9,4564.29,92,20,0
2026-05-18 23:48:00+00:00,4564.28,4564.81,4563.97,4564.09,103,20,0
2026-05-18 23:49:00+00:00,4564.13,4564.27,4563.82,4563.82,86,20,0
2026-05-18 23:50:00+00:00,4563.73,4563.98,4563.54,4563.75,98,20,0
2026-05-18 23:51:00+00:00,4563.72,4563.99,4563.04,4563.84,90,20,0
2026-05-18 23:52:00+00:00,4563.93,4565.25,4563.88,4565.17,89,20,0
2026-05-18 23:53:00+00:00,4565.14,4565.58,4564.65,4564.65,79,20,0
2026-05-18 23:54:00+00:00,4564.49,4564.95,4563.06,4563.06,101,20,0
2026-05-18 23:55:00+00:00,4563.09,4564.09,4562.34,4564.06,116,20,0
2026-05-18 23:56:00+00:00,4564.07,4565.1,4563.85,4565.04,111,20,0
2026-05-18 23:57:00+00:00,4565.05,4566.53,4564.7,4566.09,123,20,0
2026-05-18 23:58:00+00:00,4566.02,4566.21,4565.57,4566.09,137,20,0
2026-05-19 01:00:00+00:00,4568.32,4570.77,4567.12,4569.08,127,46,0
2026-05-19 01:01:00+00:00,4569.13,4569.89,4568.98,4569.58,110,33,0
2026-05-19 01:02:00+00:00,4569.54,4569.57,4567.54,4568.71,121,32,0
2026-05-19 01:03:00+00:00,4568.78,4570.38,4568.53,4569.27,87,31,0
2026-05-19 01:04:00+00:00,4569.31,4571.33,4569.31,4570.34,95,30,0
2026-05-19 01:05:00+00:00,4570.4,4571.82,4570.4,4571.4,77,30,0
2026-05-19 01:06:00+00:00,4571.33,4571.74,4570.52,4570.96,59,30,0
2026-05-19 01:07:00+00:00,4570.88,4572.71,4569.79,4572.42,82,30,0
2026-05-19 01:08:00+00:00,4572.38,4573.46,4570.57,4570.84,105,30,0
2026-05-19 01:09:00+00:00,4570.88,4572.44,4569.48,4571.72,139,30,0
2026-05-19 01:10:00+00:00,4571.73,4572.33,4570.52,4570.7,96,31,0
2026-05-19 01:11:00+00:00,4570.69,4572.23,4570.29,4571.91,54,30,0
2026-05-19 01:12:00+00:00,4571.86,4572.07,4570.83,4571.45,73,30,0
2026-05-19 01:13:00+00:00,4571.46,4572.53,4571.19,4572.49,76,30,0
2026-05-19 01:14:00+00:00,4572.48,4573.26,4572.07,4573.26,123,30,0
2026-05-19 01:15:00+00:00,4573.2,4574.47,4572.83,4572.85,171,30,0
2026-05-19 01:16:00+00:00,4572.86,4574.21,4572.46,4574.19,108,30,0
2026-05-19 01:17:00+00:00,4574.17,4574.22,4573.39,4573.56,135,30,0
2026-05-19 01:18:00+00:00,4573.57,4573.82,4572.73,4573.04,190,30,0
2026-05-19 01:19:00+00:00,4573.07,4574.07,4572.83,4573.62,150,30,0
2026-05-19 01:20:00+00:00,4573.67,4574.51,4571.75,4572.03,131,30,0
2026-05-19 01:21:00+00:00,4572.05,4573.57,4572.05,4573.05,86,30,0
2026-05-19 01:22:00+00:00,4573.09,4573.19,4571.94,4572.1,117,30,0
2026-05-19 01:23:00+00:00,4572.02,4572.81,4571.96,4572.41,96,32,0
2026-05-19 01:24:00+00:00,4572.46,4572.46,4571.62,4571.97,113,32,0
2026-05-19 01:25:00+00:00,4571.89,4571.9,4571.04,4571.31,153,30,0
2026-05-19 01:26:00+00:00,4571.29,4572.09,4571.24,4571.72,147,30,0
2026-05-19 01:27:00+00:00,4571.75,4572.46,4571.52,4571.89,151,30,0
2026-05-19 01:28:00+00:00,4571.85,4572.09,4571.52,4571.55,79,30,0
2026-05-19 01:29:00+00:00,4571.56,4572.95,4571.21,4572.84,124,30,0
2026-05-19 01:30:00+00:00,4572.89,4573.21,4571.83,4572.73,138,30,0
2026-05-19 01:31:00+00:00,4572.74,4573.19,4572.13,4572.37,139,31,0
2026-05-19 01:32:00+00:00,4572.36,4572.79,4571.56,4571.73,155,30,0
2026-05-19 01:33:00+00:00,4571.76,4573.72,4571.66,4573.53,156,30,0
2026-05-19 01:34:00+00:00,4573.56,4573.66,4573.03,4573.12,127,30,0
2026-05-19 01:35:00+00:00,4573.05,4573.44,4572.99,4573.04,118,30,0
2026-05-19 01:36:00+00:00,4573.02,4573.75,4572.93,4573.29,103,29,0
2026-05-19 01:37:00+00:00,4573.27,4573.32,4572.59,4572.68,115,31,0
2026-05-19 01:38:00+00:00,4572.66,4574.47,4572.61,4574.07,150,30,0
2026-05-19 01:39:00+00:00,4574.16,4575.78,4574.16,4575.73,141,29,0
2026-05-19 01:40:00+00:00,4575.74,4577.56,4574.95,4577.53,185,29,0
2026-05-19 01:41:00+00:00,4577.55,4578.26,4576.48,4576.48,196,30,0
2026-05-19 01:42:00+00:00,4576.72,4576.96,4575.18,4575.96,131,29,0
2026-05-19 01:43:00+00:00,4575.97,4576.03,4575.53,4575.6,77,30,0
2026-05-19 01:44:00+00:00,4575.61,4577.04,4575.57,4576.54,105,30,0
2026-05-19 01:45:00+00:00,4576.55,4576.86,4576.45,4576.71,72,30,0
2026-05-19 01:46:00+00:00,4576.73,4576.73,4574.84,4575.54,101,30,0
2026-05-19 01:47:00+00:00,4575.56,4575.77,4574.6,4574.99,41,30,0
2026-05-19 01:48:00+00:00,4575.21,4575.61,4574.67,4575.61,69,30,0
2026-05-19 01:49:00+00:00,4575.62,4575.75,4575.0,4575.54,99,30,0
2026-05-19 01:50:00+00:00,4575.53,4575.8,4575.04,4575.3,133,32,0
2026-05-19 01:51:00+00:00,4575.27,4575.49,4574.59,4574.63,107,32,0
2026-05-19 01:52:00+00:00,4574.64,4574.78,4573.89,4573.91,153,31,0
2026-05-19 01:53:00+00:00,4573.97,4574.3,4573.61,4573.91,170,31,0
2026-05-19 01:54:00+00:00,4573.92,4574.0,4573.26,4573.69,127,31,0
2026-05-19 01:55:00+00:00,4573.71,4573.92,4573.35,4573.44,90,30,0
2026-05-19 01:56:00+00:00,4573.41,4573.41,4572.63,4572.7,100,30,0
2026-05-19 01:57:00+00:00,4572.69,4573.12,4572.5,4573.12,78,31,0
2026-05-19 01:58:00+00:00,4573.04,4573.04,4572.75,4572.92,47,31,0
2026-05-19 01:59:00+00:00,4572.79,4573.86,4572.75,4573.85,83,30,0
2026-05-19 02:00:00+00:00,4573.83,4577.21,4573.71,4576.73,296,30,0
2026-05-19 02:01:00+00:00,4576.96,4579.1,4576.7,4577.78,230,30,0
2026-05-19 02:02:00+00:00,4577.77,4579.63,4577.55,4578.81,236,26,0
2026-05-19 02:03:00+00:00,4578.95,4580.95,4578.88,4579.66,245,30,0
2026-05-19 02:04:00+00:00,4579.68,4581.11,4578.83,4580.92,177,29,0
2026-05-19 02:05:00+00:00,4580.86,4580.86,4579.12,4579.91,132,30,0
2026-05-19 02:06:00+00:00,4579.86,4581.61,4579.44,4581.61,105,28,0
2026-05-19 02:07:00+00:00,4581.55,4581.59,4580.11,4580.41,123,30,0
2026-05-19 02:08:00+00:00,4580.38,4580.47,4579.87,4580.15,91,29,0
2026-05-19 02:09:00+00:00,4580.12,4580.52,4579.84,4580.02,103,29,0
2026-05-19 02:10:00+00:00,4580.04,4580.18,4579.74,4580.05,93,29,0
2026-05-19 02:11:00+00:00,4580.07,4582.82,4579.77,4582.5,208,28,0
2026-05-19 02:12:00+00:00,4582.56,4582.65,4582.08,4582.39,179,28,0
2026-05-19 02:13:00+00:00,4582.37,4586.66,4582.18,4586.1,185,28,0
2026-05-19 02:14:00+00:00,4586.21,4586.23,4584.94,4585.55,124,30,0
2026-05-19 02:15:00+00:00,4585.57,4586.67,4585.46,4585.99,133,30,0
2026-05-19 02:16:00+00:00,4585.98,4586.43,4584.84,4584.91,90,30,0
2026-05-19 02:17:00+00:00,4584.86,4585.99,4584.77,4584.77,106,30,0
2026-05-19 02:18:00+00:00,4584.78,4584.78,4583.64,4583.73,115,29,0
2026-05-19 02:19:00+00:00,4583.7,4586.68,4583.31,4586.03,222,27,0
2026-05-19 02:20:00+00:00,4586.0,4586.06,4583.77,4585.23,217,30,0
2026-05-19 02:21:00+00:00,4585.28,4588.4,4585.25,4588.08,176,30,0
2026-05-19 02:22:00+00:00,4588.1,4588.87,4587.62,4587.93,193,30,0
2026-05-19 02:23:00+00:00,4587.88,4587.88,4586.38,4586.93,108,30,0
2026-05-19 02:24:00+00:00,4586.94,4587.07,4585.47,4586.12,112,30,0
2026-05-19 02:25:00+00:00,4586.15,4586.89,4585.95,4586.48,87,30,0
2026-05-19 02:26:00+00:00,4586.52,4586.83,4585.78,4586.12,71,30,0
2026-05-19 02:27:00+00:00,4586.2,4586.28,4585.43,4585.55,67,30,0
2026-05-19 02:28:00+00:00,4585.54,4585.79,4585.18,4585.78,107,30,0
2026-05-19 02:29:00+00:00,4585.71,4586.56,4585.06,4585.76,103,29,0
2026-05-19 02:30:00+00:00,4585.72,4586.07,4585.52,4585.86,61,30,0
2026-05-19 02:31:00+00:00,4585.87,4586.05,4584.1,4584.79,93,30,0
2026-05-19 02:32:00+00:00,4584.74,4585.0,4582.69,4583.44,146,30,0
2026-05-19 02:33:00+00:00,4583.46,4585.03,4583.42,4584.99,103,29,0
2026-05-19 02:34:00+00:00,4584.88,4586.83,4584.88,4586.07,121,30,0
2026-05-19 02:35:00+00:00,4586.23,4587.8,4586.08,4586.78,163,30,0
2026-05-19 02:36:00+00:00,4586.75,4587.1,4585.35,4585.72,130,30,0
2026-05-19 02:37:00+00:00,4585.67,4585.94,4584.16,4584.46,100,30,0
2026-05-19 02:38:00+00:00,4584.48,4584.85,4583.71,4584.02,88,29,0
2026-05-19 02:39:00+00:00,4584.0,4584.96,4583.93,4584.9,92,29,0
2026-05-19 02:40:00+00:00,4584.86,4585.14,4584.11,4584.63,69,30,0
2026-05-19 02:41:00+00:00,4584.66,4585.65,4584.18,4585.38,80,30,0
2026-05-19 02:42:00+00:00,4585.33,4586.35,4585.28,4586.31,77,30,0
2026-05-19 02:43:00+00:00,4586.26,4586.38,4585.34,4585.35,91,29,0
2026-05-19 02:44:00+00:00,4585.54,4586.16,4585.1,4585.38,120,30,0
2026-05-19 02:45:00+00:00,4585.41,4586.62,4583.75,4584.16,172,29,0
2026-05-19 02:46:00+00:00,4584.27,4584.66,4583.56,4583.86,125,30,0
2026-05-19 02:47:00+00:00,4583.85,4584.22,4583.14,4584.17,110,30,0
2026-05-19 02:48:00+00:00,4584.18,4584.18,4582.84,4583.33,62,30,0
2026-05-19 02:49:00+00:00,4583.32,4583.51,4582.98,4583.37,98,30,0
2026-05-19 02:50:00+00:00,4583.38,4583.53,4582.39,4582.45,80,30,0
2026-05-19 02:51:00+00:00,4582.4,4582.53,4582.09,4582.43,114,29,0
2026-05-19 02:52:00+00:00,4582.52,4582.7,4582.05,4582.69,67,29,0
2026-05-19 02:53:00+00:00,4582.65,4583.35,4582.48,4583.3,139,30,0
2026-05-19 02:54:00+00:00,4583.29,4583.29,4582.07,4582.43,203,29,0
2026-05-19 02:55:00+00:00,4582.44,4582.74,4581.89,4582.1,179,27,0
2026-05-19 02:56:00+00:00,4582.09,4582.1,4580.95,4581.33,186,28,0
2026-05-19 02:57:00+00:00,4581.31,4581.31,4580.15,4580.25,151,30,0
2026-05-19 02:58:00+00:00,4580.28,4580.82,4579.08,4580.8,255,28,0
2026-05-19 02:59:00+00:00,4580.72,4582.42,4580.71,4581.79,250,29,0
2026-05-19 03:00:00+00:00,4582.01,4588.8,4581.31,4587.27,368,20,0
2026-05-19 03:01:00+00:00,4587.32,4588.8,4583.95,4588.71,411,29,0
2026-05-19 03:02:00+00:00,4588.59,4589.15,4587.47,4588.55,304,28,0
2026-05-19 03:03:00+00:00,4588.57,4589.11,4584.08,4584.42,302,30,0
2026-05-19 03:04:00+00:00,4584.19,4584.84,4578.58,4579.18,262,27,0
2026-05-19 03:05:00+00:00,4579.52,4580.79,4576.56,4579.42,402,27,0
2026-05-19 03:06:00+00:00,4579.35,4583.9,4578.48,4583.73,393,29,0
2026-05-19 03:07:00+00:00,4583.74,4584.24,4581.36,4582.68,274,27,0
2026-05-19 03:08:00+00:00,4582.77,4585.48,4582.24,4583.77,263,28,0
2026-05-19 03:09:00+00:00,4583.75,4584.81,4582.15,4584.03,364,30,0
2026-05-19 03:10:00+00:00,4584.04,4584.53,4581.16,4581.65,309,20,0
2026-05-19 03:11:00+00:00,4581.72,4582.78,4580.44,4580.44,263,30,0
2026-05-19 03:12:00+00:00,4580.16,4582.88,4580.16,4582.13,259,30,0
2026-05-19 03:13:00+00:00,4582.07,4582.33,4578.8,4579.65,248,30,0
2026-05-19 03:14:00+00:00,4579.66,4580.17,4578.86,4578.86,237,30,0
2026-05-19 03:15:00+00:00,4578.88,4579.03,4574.86,4577.08,340,30,0
2026-05-19 03:16:00+00:00,4577.05,4580.72,4576.45,4580.21,257,30,0
2026-05-19 03:17:00+00:00,4580.26,4580.28,4578.06,4578.94,157,30,0
2026-05-19 03:18:00+00:00,4578.79,4579.33,4576.94,4577.35,196,28,0
2026-05-19 03:19:00+00:00,4577.61,4581.0,4577.02,4580.08,222,28,0
2026-05-19 03:20:00+00:00,4580.04,4581.06,4579.02,4580.5,227,30,0
2026-05-19 03:21:00+00:00,4580.52,4585.77,4579.99,4584.46,355,28,0
2026-05-19 03:22:00+00:00,4584.36,4585.78,4582.23,4582.39,272,30,0
2026-05-19 03:23:00+00:00,4582.43,4583.25,4579.26,4579.87,233,30,0
2026-05-19 03:24:00+00:00,4579.9,4580.45,4573.79,4574.83,308,30,0
2026-05-19 03:25:00+00:00,4574.79,4575.35,4572.3,4572.91,306,30,0
2026-05-19 03:26:00+00:00,4572.9,4575.03,4572.39,4573.7,331,29,0
2026-05-19 03:27:00+00:00,4573.77,4574.06,4572.09,4572.09,301,30,0
2026-05-19 03:28:00+00:00,4572.07,4573.89,4568.79,4569.73,281,29,0
2026-05-19 03:29:00+00:00,4569.7,4573.79,4569.7,4573.61,231,29,0
2026-05-19 03:30:00+00:00,4573.66,4575.22,4572.97,4575.2,314,30,0
2026-05-19 03:31:00+00:00,4575.15,4575.28,4573.64,4574.52,293,30,0
2026-05-19 03:32:00+00:00,4574.36,4576.08,4572.11,4575.77,276,30,0
2026-05-19 03:33:00+00:00,4575.81,4575.98,4575.07,4575.35,171,30,0
2026-05-19 03:34:00+00:00,4575.39,4575.88,4573.75,4574.8,212,30,0
2026-05-19 03:35:00+00:00,4574.81,4575.47,4573.91,4574.63,256,30,0
2026-05-19 03:36:00+00:00,4574.66,4574.66,4572.56,4573.1,273,30,0
2026-05-19 03:37:00+00:00,4573.08,4573.08,4570.25,4570.78,250,29,0
2026-05-19 03:38:00+00:00,4570.76,4570.76,4569.3,4570.04,293,30,0
2026-05-19 03:39:00+00:00,4570.08,4571.06,4568.39,4568.7,312,28,0
2026-05-19 03:40:00+00:00,4568.71,4572.17,4568.09,4572.16,363,28,0
2026-05-19 03:41:00+00:00,4572.12,4574.02,4571.77,4572.05,361,30,0
2026-05-19 03:42:00+00:00,4572.12,4572.12,4570.75,4571.78,280,30,0
2026-05-19 03:43:00+00:00,4571.79,4572.31,4570.51,4570.76,287,28,0
2026-05-19 03:44:00+00:00,4570.74,4571.23,4570.23,4570.77,262,30,0
2026-05-19 03:45:00+00:00,4570.7,4572.23,4570.18,4571.07,308,28,0
2026-05-19 03:46:00+00:00,4571.06,4571.53,4569.6,4570.43,338,28,0
2026-05-19 03:47:00+00:00,4570.45,4572.19,4570.4,4571.59,312,30,0
2026-05-19 03:48:00+00:00,4572.02,4572.58,4570.11,4570.81,255,28,0
2026-05-19 03:49:00+00:00,4570.82,4571.72,4570.4,4571.69,115,30,0
2026-05-19 03:50:00+00:00,4571.67,4571.67,4566.9,4568.3,298,28,0
2026-05-19 03:51:00+00:00,4568.33,4569.11,4567.97,4568.81,269,30,0
2026-05-19 03:52:00+00:00,4568.79,4570.62,4568.26,4569.46,338,26,0
2026-05-19 03:53:00+00:00,4569.41,4570.23,4568.06,4568.49,227,28,0
2026-05-19 03:54:00+00:00,4568.41,4568.41,4565.97,4566.3,373,29,0
2026-05-19 03:55:00+00:00,4566.24,4566.86,4565.31,4565.62,333,29,0
2026-05-19 03:56:00+00:00,4565.6,4566.31,4565.12,4566.28,303,29,0
2026-05-19 03:57:00+00:00,4566.24,4566.31,4563.87,4564.75,247,29,0
2026-05-19 03:58:00+00:00,4564.74,4566.61,4564.62,4566.28,303,30,0
2026-05-19 03:59:00+00:00,4566.33,4566.33,4561.24,4563.14,433,29,0
2026-05-19 04:00:00+00:00,4562.87,4564.87,4557.64,4562.61,506,20,0
2026-05-19 04:01:00+00:00,4562.46,4565.22,4559.46,4564.77,420,29,0
2026-05-19 04:02:00+00:00,4564.76,4567.35,4563.2,4566.0,448,30,0
2026-05-19 04:03:00+00:00,4566.01,4566.21,4561.03,4563.85,369,28,0
2026-05-19 04:04:00+00:00,4563.78,4565.13,4562.69,4564.38,261,29,0
2026-05-19 04:05:00+00:00,4564.41,4565.47,4563.21,4564.93,332,28,0
2026-05-19 04:06:00+00:00,4564.89,4565.41,4560.81,4563.48,424,27,0
2026-05-19 04:07:00+00:00,4563.49,4568.89,4563.29,4567.81,252,30,0
2026-05-19 04:08:00+00:00,4567.79,4569.27,4567.51,4568.7,457,30,0
2026-05-19 04:09:00+00:00,4568.67,4568.91,4561.15,4564.41,484,30,0
2026-05-19 04:10:00+00:00,4564.39,4566.26,4563.51,4564.42,395,30,0
2026-05-19 04:11:00+00:00,4564.29,4565.51,4562.6,4564.53,234,26,0
2026-05-19 04:12:00+00:00,4564.51,4567.89,4564.27,4567.35,315,29,0
2026-05-19 04:13:00+00:00,4567.46,4567.87,4565.8,4567.3,396,29,0
2026-05-19 04:14:00+00:00,4567.34,4568.14,4564.71,4565.75,319,29,0
2026-05-19 04:15:00+00:00,4565.8,4568.43,4565.8,4566.9,319,30,0
2026-05-19 04:16:00+00:00,4566.93,4568.06,4561.94,4562.9,428,30,0
2026-05-19 04:17:00+00:00,4562.88,4563.41,4561.84,4562.18,321,28,0
2026-05-19 04:18:00+00:00,4562.14,4562.9,4560.29,4561.63,232,28,0
2026-05-19 04:19:00+00:00,4561.59,4561.65,4557.76,4559.46,279,29,0
2026-05-19 04:20:00+00:00,4559.45,4559.77,4556.62,4558.56,300,27,0
2026-05-19 04:21:00+00:00,4558.53,4558.99,4554.87,4554.88,339,30,0
2026-05-19 04:22:00+00:00,4554.85,4556.91,4554.11,4556.91,365,29,0
2026-05-19 04:23:00+00:00,4556.9,4559.24,4556.26,4558.46,278,30,0
2026-05-19 04:24:00+00:00,4558.38,4558.46,4555.34,4555.74,253,29,0
2026-05-19 04:25:00+00:00,4555.75,4557.96,4555.75,4557.38,343,30,0
2026-05-19 04:26:00+00:00,4557.35,4558.19,4555.96,4557.42,277,28,0
2026-05-19 04:27:00+00:00,4557.46,4559.8,4556.87,4558.55,265,30,0
2026-05-19 04:28:00+00:00,4558.54,4559.62,4556.59,4557.27,287,30,0
2026-05-19 04:29:00+00:00,4557.29,4559.71,4557.27,4559.11,313,29,0
2026-05-19 04:30:00+00:00,4559.14,4559.15,4556.64,4557.11,391,29,0
2026-05-19 04:31:00+00:00,4557.12,4558.99,4555.18,4555.8,350,30,0
2026-05-19 04:32:00+00:00,4555.78,4559.61,4555.46,4559.24,330,30,0
2026-05-19 04:33:00+00:00,4559.23,4559.79,4557.72,4559.37,349,30,0
2026-05-19 04:34:00+00:00,4559.46,4561.9,4559.46,4561.31,376,30,0
2026-05-19 04:35:00+00:00,4561.36,4564.34,4561.31,4564.17,274,29,0
2026-05-19 04:36:00+00:00,4564.41,4564.92,4563.51,4564.09,269,28,0
2026-05-19 04:37:00+00:00,4564.14,4564.59,4561.68,4562.88,403,30,0
2026-05-19 04:38:00+00:00,4562.87,4564.79,4561.66,4564.7,262,28,0
2026-05-19 04:39:00+00:00,4564.73,4568.33,4564.67,4568.18,287,30,0
2026-05-19 04:40:00+00:00,4568.24,4569.73,4567.69,4569.4,255,29,0
2026-05-19 04:41:00+00:00,4569.32,4569.57,4566.56,4567.04,199,27,0
2026-05-19 04:42:00+00:00,4566.93,4568.65,4566.81,4568.58,234,28,0
2026-05-19 04:43:00+00:00,4568.56,4571.36,4568.52,4571.16,268,29,0
2026-05-19 04:44:00+00:00,4571.13,4572.36,4570.36,4570.68,365,28,0
2026-05-19 04:45:00+00:00,4570.74,4571.3,4569.2,4569.66,323,27,0
2026-05-19 04:46:00+00:00,4569.6,4571.77,4568.91,4571.21,258,29,0
2026-05-19 04:47:00+00:00,4571.17,4571.17,4569.23,4570.27,425,30,0
2026-05-19 04:48:00+00:00,4570.2,4571.01,4569.71,4570.38,326,30,0
2026-05-19 04:49:00+00:00,4570.4,4570.93,4565.62,4566.42,276,21,0
2026-05-19 04:50:00+00:00,4566.47,4568.6,4566.47,4568.34,218,28,0
2026-05-19 04:51:00+00:00,4568.28,4568.47,4566.09,4566.09,321,29,0
2026-05-19 04:52:00+00:00,4566.06,4566.41,4563.91,4566.24,402,30,0
2026-05-19 04:53:00+00:00,4566.15,4566.19,4562.79,4562.92,348,26,0
2026-05-19 04:54:00+00:00,4562.73,4567.46,4561.41,4567.41,380,29,0
2026-05-19 04:55:00+00:00,4567.52,4567.73,4564.63,4565.12,309,23,0
2026-05-19 04:56:00+00:00,4565.05,4565.45,4562.86,4562.86,352,30,0
2026-05-19 04:57:00+00:00,4562.92,4564.63,4562.83,4563.95,364,30,0
2026-05-19 04:58:00+00:00,4563.93,4566.26,4563.68,4565.75,226,29,0
2026-05-19 04:59:00+00:00,4565.72,4566.23,4563.23,4563.72,392,30,0
2026-05-19 05:00:00+00:00,4563.71,4563.71,4559.96,4562.7,453,29,0
2026-05-19 05:01:00+00:00,4562.68,4562.74,4558.49,4559.99,364,20,0
2026-05-19 05:02:00+00:00,4559.89,4561.46,4559.22,4561.06,250,20,0
2026-05-19 05:03:00+00:00,4561.05,4561.53,4559.66,4560.68,402,30,0
2026-05-19 05:04:00+00:00,4560.43,4561.47,4559.41,4561.05,425,29,0
2026-05-19 05:05:00+00:00,4561.13,4561.18,4556.07,4556.26,410,29,0
2026-05-19 05:06:00+00:00,4556.31,4559.35,4555.59,4559.31,385,30,0
2026-05-19 05:07:00+00:00,4559.27,4559.46,4556.8,4558.46,282,29,0
2026-05-19 05:08:00+00:00,4558.29,4558.75,4556.39,4557.42,373,28,0
2026-05-19 05:09:00+00:00,4557.44,4557.86,4554.79,4555.24,357,28,0
2026-05-19 05:10:00+00:00,4555.32,4557.62,4554.92,4556.39,429,28,0
2026-05-19 05:11:00+00:00,4556.38,4557.17,4553.01,4556.04,411,20,0
2026-05-19 05:12:00+00:00,4556.12,4557.32,4555.4,4556.34,352,29,0
2026-05-19 05:13:00+00:00,4556.33,4556.33,4553.42,4554.01,325,28,0
2026-05-19 05:14:00+00:00,4554.11,4554.82,4553.47,4554.56,238,30,0
2026-05-19 05:15:00+00:00,4554.54,4554.55,4551.51,4552.2,267,28,0
2026-05-19 05:16:00+00:00,4552.15,4554.94,4551.58,4554.85,211,28,0
2026-05-19 05:17:00+00:00,4554.81,4557.36,4554.54,4556.99,252,28,0
2026-05-19 05:18:00+00:00,4557.04,4557.26,4555.92,4556.77,154,28,0
2026-05-19 05:19:00+00:00,4556.82,4557.11,4555.2,4557.05,168,24,0
2026-05-19 05:20:00+00:00,4557.09,4558.05,4556.56,4556.8,220,28,0
2026-05-19 05:21:00+00:00,4556.81,4559.91,4556.76,4558.37,305,28,0
2026-05-19 05:22:00+00:00,4558.31,4559.55,4557.36,4557.5,313,28,0
2026-05-19 05:23:00+00:00,4557.45,4558.14,4556.27,4557.41,262,29,0
2026-05-19 05:24:00+00:00,4557.36,4558.17,4556.73,4558.13,199,30,0
2026-05-19 05:25:00+00:00,4558.2,4559.37,4557.37,4558.41,279,28,0
2026-05-19 05:26:00+00:00,4558.48,4559.83,4558.12,4559.15,217,30,0
2026-05-19 05:27:00+00:00,4559.16,4561.85,4559.16,4561.2,179,29,0
2026-05-19 05:28:00+00:00,4561.16,4562.09,4559.39,4560.14,209,20,0
2026-05-19 05:29:00+00:00,4560.13,4562.02,4559.56,4559.59,295,30,0
2026-05-19 05:30:00+00:00,4559.54,4559.74,4555.37,4555.75,259,28,0
2026-05-19 05:31:00+00:00,4555.69,4557.82,4555.4,4557.8,232,28,0
2026-05-19 05:32:00+00:00,4557.9,4559.26,4556.69,4556.98,374,27,0
2026-05-19 05:33:00+00:00,4557.28,4557.91,4555.72,4555.72,281,28,0
2026-05-19 05:34:00+00:00,4555.71,4556.43,4554.45,4554.99,258,28,0
2026-05-19 05:35:00+00:00,4555.01,4555.08,4552.46,4553.88,277,28,0
2026-05-19 05:36:00+00:00,4553.81,4554.63,4552.03,4553.66,177,28,0
2026-05-19 05:37:00+00:00,4553.57,4556.35,4552.26,4556.19,227,28,0
2026-05-19 05:38:00+00:00,4556.18,4556.97,4555.39,4555.91,279,28,0
2026-05-19 05:39:00+00:00,4555.89,4556.0,4553.46,4553.56,225,28,0
2026-05-19 05:40:00+00:00,4553.66,4553.87,4551.02,4553.15,286,29,0
2026-05-19 05:41:00+00:00,4553.1,4554.49,4552.31,4554.49,179,28,0
2026-05-19 05:42:00+00:00,4554.45,4559.4,4553.58,4557.88,342,28,0
2026-05-19 05:43:00+00:00,4557.68,4557.68,4555.61,4556.27,246,30,0
2026-05-19 05:44:00+00:00,4556.21,4557.34,4555.93,4556.08,243,30,0
2026-05-19 05:45:00+00:00,4556.29,4558.01,4555.87,4557.3,291,29,0
2026-05-19 05:46:00+00:00,4557.24,4557.86,4556.73,4557.25,147,28,0
2026-05-19 05:47:00+00:00,4556.98,4557.25,4555.43,4555.73,185,29,0
2026-05-19 05:48:00+00:00,4555.74,4555.74,4551.18,4551.18,299,30,0
2026-05-19 05:49:00+00:00,4551.17,4552.19,4550.41,4552.15,262,30,0
2026-05-19 05:50:00+00:00,4552.19,4552.74,4550.97,4552.7,302,28,0
2026-05-19 05:51:00+00:00,4552.78,4553.81,4552.42,4553.76,115,28,0
2026-05-19 05:52:00+00:00,4553.8,4554.46,4549.24,4549.27,171,24,0
2026-05-19 05:53:00+00:00,4549.24,4551.39,4548.25,4550.57,244,27,0
2026-05-19 05:54:00+00:00,4550.59,4551.79,4550.19,4550.64,141,28,0
2026-05-19 05:55:00+00:00,4550.61,4550.71,4548.37,4548.61,175,28,0
2026-05-19 05:56:00+00:00,4548.65,4549.15,4547.82,4548.76,226,30,0
2026-05-19 05:57:00+00:00,4548.71,4549.13,4548.1,4548.55,156,30,0
2026-05-19 05:58:00+00:00,4548.6,4548.75,4546.04,4547.3,214,29,0
2026-05-19 05:59:00+00:00,4547.23,4548.02,4546.62,4547.09,171,28,0
2026-05-19 06:00:00+00:00,4546.88,4547.95,4544.71,4546.24,348,29,0
2026-05-19 06:01:00+00:00,4546.25,4546.74,4543.52,4545.14,283,28,0
2026-05-19 06:02:00+00:00,4545.26,4550.58,4544.64,4549.08,431,28,0
2026-05-19 06:03:00+00:00,4549.03,4549.03,4545.2,4546.33,364,28,0
2026-05-19 06:04:00+00:00,4546.34,4548.0,4545.48,4547.14,290,28,0
2026-05-19 06:05:00+00:00,4547.11,4550.23,4547.07,4550.13,222,28,0
2026-05-19 06:06:00+00:00,4550.14,4552.67,4549.95,4552.59,217,27,0
2026-05-19 06:07:00+00:00,4552.51,4552.51,4551.42,4551.77,262,28,0
2026-05-19 06:08:00+00:00,4551.82,4552.11,4549.98,4550.26,258,30,0
2026-05-19 06:09:00+00:00,4550.28,4550.28,4548.45,4548.87,287,29,0
2026-05-19 06:10:00+00:00,4548.83,4549.24,4547.3,4547.4,273,27,0
2026-05-19 06:11:00+00:00,4547.49,4548.93,4547.33,4548.7,182,28,0
2026-05-19 06:12:00+00:00,4548.76,4551.04,4548.76,4550.88,136,28,0
2026-05-19 06:13:00+00:00,4550.92,4551.41,4550.63,4550.64,213,29,0
2026-05-19 06:14:00+00:00,4550.66,4551.94,4550.66,4551.75,171,29,0
2026-05-19 06:15:00+00:00,4551.79,4552.98,4551.36,4552.73,293,29,0
2026-05-19 06:16:00+00:00,4552.74,4552.84,4550.55,4550.55,250,27,0
2026-05-19 06:17:00+00:00,4550.51,4551.54,4548.48,4551.32,259,30,0
2026-05-19 06:18:00+00:00,4551.33,4552.17,4551.0,4552.12,154,30,0
2026-05-19 06:19:00+00:00,4552.27,4552.65,4550.99,4551.08,158,30,0
2026-05-19 06:20:00+00:00,4551.05,4551.8,4549.66,4549.66,102,28,0
2026-05-19 06:21:00+00:00,4549.82,4550.4,4549.06,4549.43,111,28,0
2026-05-19 06:22:00+00:00,4549.52,4549.87,4549.11,4549.11,88,28,0
2026-05-19 06:23:00+00:00,4548.91,4548.99,4546.83,4547.36,115,20,0
2026-05-19 06:24:00+00:00,4547.43,4548.83,4546.84,4548.41,144,29,0
2026-05-19 06:25:00+00:00,4548.39,4548.65,4547.69,4548.25,164,30,0
2026-05-19 06:26:00+00:00,4548.34,4548.81,4547.64,4548.32,110,28,0
2026-05-19 06:27:00+00:00,4548.23,4550.21,4548.23,4550.21,103,28,0
2026-05-19 06:28:00+00:00,4550.17,4550.6,4549.72,4549.8,108,29,0
2026-05-19 06:29:00+00:00,4549.72,4549.89,4548.94,4549.1,142,29,0
2026-05-19 06:30:00+00:00,4549.13,4549.97,4547.62,4549.88,244,29,0
2026-05-19 06:31:00+00:00,4549.9,4550.55,4547.89,4548.1,322,28,0
2026-05-19 06:32:00+00:00,4548.12,4549.09,4546.92,4548.42,234,30,0
2026-05-19 06:33:00+00:00,4548.39,4549.78,4548.23,4549.11,194,30,0
2026-05-19 06:34:00+00:00,4549.13,4549.86,4548.31,4549.83,124,28,0
2026-05-19 06:35:00+00:00,4549.89,4550.96,4549.62,4550.56,161,29,0
2026-05-19 06:36:00+00:00,4550.57,4551.08,4550.4,4550.97,174,30,0
2026-05-19 06:37:00+00:00,4550.99,4551.21,4549.97,4550.76,132,30,0
2026-05-19 06:38:00+00:00,4550.82,4553.84,4550.82,4553.81,143,29,0
2026-05-19 06:39:00+00:00,4553.85,4555.03,4553.8,4554.56,260,29,0
2026-05-19 06:40:00+00:00,4554.55,4554.63,4550.16,4551.15,248,28,0
2026-05-19 06:41:00+00:00,4551.24,4551.74,4549.8,4550.53,229,27,0
2026-05-19 06:42:00+00:00,4550.56,4551.08,4550.09,4551.07,196,29,0
2026-05-19 06:43:00+00:00,4551.03,4551.03,4548.65,4549.09,207,30,0
2026-05-19 06:44:00+00:00,4549.14,4549.49,4547.47,4547.72,209,30,0
2026-05-19 06:45:00+00:00,4547.71,4547.71,4544.54,4545.01,197,20,0
2026-05-19 06:46:00+00:00,4545.03,4546.99,4544.98,4546.93,270,30,0
2026-05-19 06:47:00+00:00,4546.9,4547.61,4546.54,4546.91,256,27,0
2026-05-19 06:48:00+00:00,4546.97,4548.65,4546.57,4548.38,185,26,0
2026-05-19 06:49:00+00:00,4548.45,4548.59,4546.26,4547.07,227,28,0
2026-05-19 06:50:00+00:00,4547.1,4547.6,4546.59,4547.01,197,30,0
2026-05-19 06:51:00+00:00,4546.96,4548.71,4546.2,4548.06,152,29,0
2026-05-19 06:52:00+00:00,4547.94,4549.27,4547.93,4548.93,75,28,0
2026-05-19 06:53:00+00:00,4548.88,4549.14,4548.17,4548.57,78,29,0
2026-05-19 06:54:00+00:00,4548.52,4549.4,4548.47,4548.71,92,29,0
2026-05-19 06:55:00+00:00,4548.64,4548.99,4547.87,4548.82,86,29,0
2026-05-19 06:56:00+00:00,4548.92,4548.92,4544.71,4545.18,196,20,0
2026-05-19 06:57:00+00:00,4545.14,4546.21,4544.28,4545.53,295,28,0
2026-05-19 06:58:00+00:00,4545.58,4546.93,4544.7,4545.68,228,29,0
2026-05-19 06:59:00+00:00,4545.66,4546.27,4544.6,4544.92,146,26,0
2026-05-19 07:00:00+00:00,4544.96,4544.96,4542.02,4543.22,262,30,0
2026-05-19 07:01:00+00:00,4543.15,4543.6,4541.41,4543.32,275,30,0
2026-05-19 07:02:00+00:00,4543.39,4545.27,4543.21,4545.17,183,29,0
2026-05-19 07:03:00+00:00,4545.21,4545.21,4543.01,4544.09,161,28,0
2026-05-19 07:04:00+00:00,4544.07,4544.8,4543.88,4544.09,156,29,0
2026-05-19 07:05:00+00:00,4543.9,4545.65,4543.29,4545.46,114,28,0
2026-05-19 07:06:00+00:00,4545.37,4545.44,4542.64,4543.57,111,20,0
2026-05-19 07:07:00+00:00,4543.55,4544.17,4541.93,4543.98,255,28,0
2026-05-19 07:08:00+00:00,4543.98,4544.26,4542.75,4543.54,281,20,0
2026-05-19 07:09:00+00:00,4543.52,4543.73,4541.16,4542.26,131,26,0
2026-05-19 07:10:00+00:00,4542.3,4542.81,4540.97,4541.73,188,27,0
2026-05-19 07:11:00+00:00,4541.74,4544.02,4541.21,4543.48,199,30,0
2026-05-19 07:12:00+00:00,4543.52,4543.52,4541.9,4542.71,139,29,0
2026-05-19 07:13:00+00:00,4542.68,4542.68,4540.41,4540.93,186,30,0
2026-05-19 07:14:00+00:00,4541.0,4541.74,4538.72,4540.16,232,29,0
2026-05-19 07:15:00+00:00,4540.2,4540.61,4538.35,4540.4,295,28,0
2026-05-19 07:16:00+00:00,4540.29,4541.58,4539.42,4541.34,187,28,0
2026-05-19 07:17:00+00:00,4541.33,4542.63,4541.24,4541.62,202,27,0
2026-05-19 07:18:00+00:00,4541.66,4541.66,4539.76,4539.8,114,29,0
2026-05-19 07:19:00+00:00,4539.87,4540.88,4538.82,4540.24,171,28,0
2026-05-19 07:20:00+00:00,4540.34,4543.07,4540.19,4542.69,267,29,0
2026-05-19 07:21:00+00:00,4542.73,4542.73,4541.8,4541.85,147,30,0
2026-05-19 07:22:00+00:00,4541.83,4542.15,4540.6,4540.7,117,28,0
2026-05-19 07:23:00+00:00,4540.75,4541.65,4540.59,4541.29,117,30,0
2026-05-19 07:24:00+00:00,4541.28,4542.53,4541.16,4542.53,131,30,0
2026-05-19 07:25:00+00:00,4542.51,4542.61,4540.43,4541.17,184,29,0
2026-05-19 07:26:00+00:00,4541.19,4541.42,4538.53,4539.11,240,29,0
2026-05-19 07:27:00+00:00,4539.09,4540.03,4538.47,4539.95,332,30,0
2026-05-19 07:28:00+00:00,4539.8,4540.13,4538.23,4539.44,186,29,0
2026-05-19 07:29:00+00:00,4539.39,4540.32,4538.91,4540.32,240,28,0
2026-05-19 07:30:00+00:00,4540.25,4540.74,4537.95,4538.83,198,27,0
2026-05-19 07:31:00+00:00,4538.81,4539.48,4538.69,4539.38,85,28,0
2026-05-19 07:32:00+00:00,4539.31,4540.3,4538.91,4539.57,71,28,0
2026-05-19 07:33:00+00:00,4539.62,4539.71,4538.45,4539.43,98,28,0
2026-05-19 07:34:00+00:00,4539.49,4540.12,4538.44,4538.67,102,28,0
2026-05-19 07:35:00+00:00,4538.78,4541.59,4538.71,4540.94,120,28,0
2026-05-19 07:36:00+00:00,4540.92,4542.01,4540.64,4541.66,252,30,0
2026-05-19 07:37:00+00:00,4541.67,4541.73,4539.48,4539.85,121,28,0
2026-05-19 07:38:00+00:00,4539.97,4540.0,4539.04,4539.49,210,28,0
2026-05-19 07:39:00+00:00,4539.43,4540.73,4539.4,4540.5,110,29,0
2026-05-19 07:40:00+00:00,4540.22,4541.5,4540.22,4541.18,88,29,0
2026-05-19 07:41:00+00:00,4541.13,4542.24,4540.8,4541.59,164,28,0
2026-05-19 07:42:00+00:00,4541.67,4542.06,4540.86,4540.89,194,30,0
2026-05-19 07:43:00+00:00,4540.95,4541.26,4540.07,4540.84,210,30,0
2026-05-19 07:44:00+00:00,4540.78,4541.06,4539.22,4539.68,207,30,0
2026-05-19 07:45:00+00:00,4539.69,4541.03,4539.69,4541.0,175,28,0
2026-05-19 07:46:00+00:00,4541.07,4542.28,4540.84,4541.32,175,28,0
2026-05-19 07:47:00+00:00,4541.38,4542.43,4541.24,4541.54,160,30,0
2026-05-19 07:48:00+00:00,4541.52,4542.27,4540.84,4541.98,189,30,0
2026-05-19 07:49:00+00:00,4542.03,4542.17,4539.8,4540.49,178,29,0
2026-05-19 07:50:00+00:00,4540.6,4541.5,4539.99,4541.15,169,29,0
2026-05-19 07:51:00+00:00,4541.24,4542.43,4540.2,4541.58,210,28,0
2026-05-19 07:52:00+00:00,4541.59,4542.54,4541.37,4541.85,178,29,0
2026-05-19 07:53:00+00:00,4541.81,4542.84,4541.79,4542.34,149,29,0
2026-05-19 07:54:00+00:00,4542.38,4542.81,4542.17,4542.44,142,28,0
2026-05-19 07:55:00+00:00,4542.41,4542.41,4541.53,4541.72,87,29,0
2026-05-19 07:56:00+00:00,4541.76,4543.75,4541.76,4543.39,106,29,0
2026-05-19 07:57:00+00:00,4543.49,4543.59,4541.83,4541.83,86,30,0
2026-05-19 07:58:00+00:00,4541.76,4542.18,4541.58,4541.95,65,29,0
2026-05-19 07:59:00+00:00,4541.97,4542.53,4541.97,4542.43,55,28,0
2026-05-19 08:00:00+00:00,4542.46,4543.5,4541.74,4543.5,147,28,0
2026-05-19 08:01:00+00:00,4543.59,4544.95,4543.56,4544.21,215,29,0
2026-05-19 08:02:00+00:00,4544.19,4544.59,4543.63,4544.05,155,30,0
2026-05-19 08:03:00+00:00,4544.02,4544.08,4542.22,4542.89,236,30,0
2026-05-19 08:04:00+00:00,4542.9,4544.74,4542.9,4544.34,277,30,0
2026-05-19 08:05:00+00:00,4544.52,4544.52,4543.24,4543.47,215,30,0
2026-05-19 08:06:00+00:00,4543.42,4543.87,4541.83,4542.73,186,29,0
2026-05-19 08:07:00+00:00,4542.97,4543.27,4541.74,4541.98,140,30,0
2026-05-19 08:08:00+00:00,4542.01,4543.78,4540.14,4543.32,198,30,0
2026-05-19 08:09:00+00:00,4543.27,4545.27,4543.27,4545.27,277,29,0
2026-05-19 08:10:00+00:00,4545.24,4546.37,4544.08,4546.37,236,29,0
2026-05-19 08:11:00+00:00,4546.36,4546.46,4545.52,4546.17,132,28,0
2026-05-19 08:12:00+00:00,4546.14,4546.49,4545.78,4546.01,98,28,0
2026-05-19 08:13:00+00:00,4545.96,4546.26,4544.52,4544.52,102,28,0
2026-05-19 08:14:00+00:00,4544.46,4544.72,4543.45,4544.71,97,28,0
2026-05-19 08:15:00+00:00,4544.72,4545.29,4544.33,4544.97,94,30,0
2026-05-19 08:16:00+00:00,4545.05,4545.13,4542.84,4542.84,107,30,0
2026-05-19 08:17:00+00:00,4542.65,4543.33,4542.21,4543.06,87,30,0
2026-05-19 08:18:00+00:00,4543.02,4543.78,4542.48,4542.59,118,29,0
2026-05-19 08:19:00+00:00,4542.61,4543.24,4541.36,4542.05,153,28,0
2026-05-19 08:20:00+00:00,4542.13,4542.48,4541.81,4541.84,143,28,0
2026-05-19 08:21:00+00:00,4541.85,4542.07,4538.64,4539.0,213,28,0
2026-05-19 08:22:00+00:00,4539.04,4539.07,4536.55,4537.51,217,28,0
2026-05-19 08:23:00+00:00,4537.47,4537.47,4532.3,4533.48,374,20,0
2026-05-19 08:24:00+00:00,4533.36,4535.75,4530.88,4535.39,367,29,0
2026-05-19 08:25:00+00:00,4535.38,4535.78,4533.22,4534.75,343,28,0
2026-05-19 08:26:00+00:00,4534.77,4537.23,4534.62,4537.02,287,29,0
2026-05-19 08:27:00+00:00,4536.91,4538.52,4534.86,4538.45,351,29,0
2026-05-19 08:28:00+00:00,4538.54,4539.59,4538.39,4539.53,264,28,0
2026-05-19 08:29:00+00:00,4539.55,4540.5,4538.45,4538.49,296,30,0
2026-05-19 08:30:00+00:00,4538.7,4539.78,4533.02,4537.45,349,25,0
2026-05-19 08:31:00+00:00,4537.5,4540.2,4536.89,4536.89,358,28,0
2026-05-19 08:32:00+00:00,4536.75,4538.69,4535.28,4535.49,212,28,0
2026-05-19 08:33:00+00:00,4535.68,4540.0,4534.98,4539.32,307,28,0
2026-05-19 08:34:00+00:00,4539.21,4540.27,4536.63,4536.9,215,28,0
2026-05-19 08:35:00+00:00,4536.77,4537.02,4534.59,4536.22,354,28,0
2026-05-19 08:36:00+00:00,4536.37,4537.76,4535.52,4537.08,321,29,0
2026-05-19 08:37:00+00:00,4537.14,4541.41,4537.07,4540.46,270,28,0
2026-05-19 08:38:00+00:00,4540.52,4541.02,4539.13,4539.93,409,29,0
2026-05-19 08:39:00+00:00,4539.93,4540.94,4538.91,4539.75,335,30,0
2026-05-19 08:40:00+00:00,4539.55,4544.13,4539.34,4544.13,288,28,0
2026-05-19 08:41:00+00:00,4544.02,4544.02,4540.9,4541.03,376,28,0
2026-05-19 08:42:00+00:00,4541.02,4542.35,4540.79,4541.45,295,28,0
2026-05-19 08:43:00+00:00,4541.3,4542.52,4540.11,4540.35,263,29,0
2026-05-19 08:44:00+00:00,4540.37,4540.37,4537.94,4538.46,296,28,0
2026-05-19 08:45:00+00:00,4538.49,4539.49,4536.83,4536.98,353,30,0
2026-05-19 08:46:00+00:00,4537.04,4540.52,4537.04,4540.48,251,20,0
2026-05-19 08:47:00+00:00,4540.51,4541.71,4537.63,4539.92,365,26,0
2026-05-19 08:48:00+00:00,4539.69,4540.84,4537.0,4540.41,389,30,0
2026-05-19 08:49:00+00:00,4540.36,4540.48,4532.94,4533.71,426,27,0
2026-05-19 08:50:00+00:00,4533.62,4536.44,4533.17,4535.95,290,25,0
2026-05-19 08:51:00+00:00,4535.93,4536.74,4535.03,4535.48,339,29,0
2026-05-19 08:52:00+00:00,4535.53,4537.24,4535.37,4536.93,284,30,0
2026-05-19 08:53:00+00:00,4536.93,4538.52,4536.35,4537.93,279,25,0
2026-05-19 08:54:00+00:00,4537.91,4541.44,4537.61,4539.73,297,26,0
2026-05-19 08:55:00+00:00,4539.79,4543.24,4538.59,4541.71,330,25,0
2026-05-19 08:56:00+00:00,4541.73,4543.43,4540.12,4541.46,279,25,0
2026-05-19 08:57:00+00:00,4541.08,4542.42,4540.71,4541.73,292,26,0
2026-05-19 08:58:00+00:00,4541.74,4542.67,4541.18,4542.3,273,26,0
2026-05-19 08:59:00+00:00,4542.28,4542.55,4540.56,4540.84,221,28,0
2026-05-19 09:00:00+00:00,4541.05,4541.28,4534.22,4535.21,327,23,0
2026-05-19 09:01:00+00:00,4535.46,4537.11,4533.53,4536.93,387,28,0
2026-05-19 09:02:00+00:00,4536.99,4541.39,4536.31,4540.51,291,28,0
2026-05-19 09:03:00+00:00,4540.53,4540.53,4538.55,4540.14,232,28,0
2026-05-19 09:04:00+00:00,4540.43,4540.46,4538.09,4539.09,258,25,0
2026-05-19 09:05:00+00:00,4538.71,4539.05,4536.44,4537.35,283,25,0
2026-05-19 09:06:00+00:00,4537.19,4537.75,4536.06,4537.26,263,28,0
2026-05-19 09:07:00+00:00,4537.25,4540.42,4536.8,4539.99,303,28,0
2026-05-19 09:08:00+00:00,4539.98,4540.01,4538.13,4539.35,254,26,0
2026-05-19 09:09:00+00:00,4539.35,4539.41,4536.63,4537.64,295,24,0
2026-05-19 09:10:00+00:00,4537.62,4540.01,4537.12,4539.58,314,26,0
2026-05-19 09:11:00+00:00,4539.58,4540.08,4537.97,4538.94,310,24,0
2026-05-19 09:12:00+00:00,4538.97,4541.73,4538.54,4541.47,325,26,0
2026-05-19 09:13:00+00:00,4541.46,4545.81,4541.39,4544.16,329,26,0
2026-05-19 09:14:00+00:00,4544.18,4544.18,4541.19,4541.95,293,20,0
2026-05-19 09:15:00+00:00,4541.99,4545.6,4540.94,4544.85,343,20,0
2026-05-19 09:16:00+00:00,4544.84,4545.12,4542.86,4543.79,338,26,0
2026-05-19 09:17:00+00:00,4543.84,4544.45,4543.19,4543.62,275,24,0
2026-05-19 09:18:00+00:00,4543.61,4549.76,4543.34,4548.89,344,26,0
2026-05-19 09:19:00+00:00,4548.89,4550.16,4547.72,4549.98,304,27,0
2026-05-19 09:20:00+00:00,4549.9,4550.42,4547.46,4548.22,299,27,0
2026-05-19 09:21:00+00:00,4548.18,4550.78,4547.94,4550.78,259,25,0
2026-05-19 09:22:00+00:00,4550.78,4551.21,4548.23,4548.8,289,20,0
2026-05-19 09:23:00+00:00,4548.77,4549.06,4545.67,4546.01,318,26,0
2026-05-19 09:24:00+00:00,4545.82,4549.54,4545.6,4549.53,313,28,0
2026-05-19 09:25:00+00:00,4549.54,4550.63,4548.75,4550.43,261,26,0
2026-05-19 09:26:00+00:00,4550.15,4552.37,4549.78,4552.0,257,26,0
2026-05-19 09:27:00+00:00,4552.02,4553.81,4551.4,4551.75,295,26,0
2026-05-19 09:28:00+00:00,4551.77,4551.77,4548.65,4549.79,329,25,0
2026-05-19 09:29:00+00:00,4549.84,4551.1,4547.64,4547.64,299,26,0
2026-05-19 09:30:00+00:00,4547.59,4548.41,4546.67,4547.07,298,20,0
2026-05-19 09:31:00+00:00,4547.05,4547.8,4545.02,4546.79,352,20,0
2026-05-19 09:32:00+00:00,4546.77,4548.59,4546.27,4546.99,339,26,0
2026-05-19 09:33:00+00:00,4546.98,4549.92,4546.32,4549.74,302,26,0
2026-05-19 09:34:00+00:00,4549.77,4551.26,4548.94,4550.2,306,27,0
2026-05-19 09:35:00+00:00,4550.22,4550.39,4547.27,4547.89,341,27,0
2026-05-19 09:36:00+00:00,4547.9,4548.18,4546.4,4547.59,216,26,0
2026-05-19 09:37:00+00:00,4547.34,4548.34,4546.49,4548.06,217,26,0
2026-05-19 09:38:00+00:00,4548.21,4551.6,4548.07,4551.35,278,27,0
2026-05-19 09:39:00+00:00,4551.29,4552.5,4550.75,4552.18,231,23,0
2026-05-19 09:40:00+00:00,4552.26,4552.65,4550.66,4550.98,195,26,0
2026-05-19 09:41:00+00:00,4550.94,4552.06,4549.76,4549.79,169,27,0
2026-05-19 09:42:00+00:00,4549.71,4551.07,4549.5,4551.05,186,27,0
2026-05-19 09:43:00+00:00,4550.54,4551.41,4548.82,4548.94,210,27,0
2026-05-19 09:44:00+00:00,4549.31,4552.75,4548.82,4552.16,234,26,0
2026-05-19 09:45:00+00:00,4552.23,4552.51,4550.31,4550.4,264,27,0
2026-05-19 09:46:00+00:00,4550.51,4550.54,4545.99,4547.36,285,21,0
2026-05-19 09:47:00+00:00,4547.33,4547.88,4545.33,4545.62,248,23,0
2026-05-19 09:48:00+00:00,4545.59,4546.67,4544.6,4545.95,277,20,0
2026-05-19 09:49:00+00:00,4545.88,4545.88,4543.03,4543.09,216,22,0
2026-05-19 09:50:00+00:00,4543.21,4544.97,4543.18,4544.01,210,20,0
2026-05-19 09:51:00+00:00,4544.09,4545.49,4543.25,4544.58,248,20,0
2026-05-19 09:52:00+00:00,4544.65,4545.22,4544.12,4545.12,169,21,0
2026-05-19 09:53:00+00:00,4545.1,4546.6,4544.73,4546.31,195,20,0
2026-05-19 09:54:00+00:00,4546.39,4547.42,4546.17,4546.79,201,20,0
2026-05-19 09:55:00+00:00,4546.8,4549.65,4546.76,4548.27,200,20,0
2026-05-19 09:56:00+00:00,4548.26,4548.53,4547.31,4547.38,191,20,0
2026-05-19 09:57:00+00:00,4547.43,4548.59,4547.43,4548.5,181,24,0
2026-05-19 09:58:00+00:00,4548.51,4548.59,4547.03,4547.83,241,24,0
2026-05-19 09:59:00+00:00,4547.74,4548.31,4547.36,4548.02,276,26,0
2026-05-19 10:00:00+00:00,4547.96,4547.96,4544.19,4545.15,328,25,0
2026-05-19 10:01:00+00:00,4545.15,4547.27,4545.15,4547.04,283,25,0
2026-05-19 10:02:00+00:00,4547.01,4547.51,4545.47,4546.51,246,24,0
2026-05-19 10:03:00+00:00,4546.5,4547.11,4544.75,4546.47,309,26,0
2026-05-19 10:04:00+00:00,4546.45,4548.64,4545.78,4547.86,267,26,0
2026-05-19 10:05:00+00:00,4547.82,4549.09,4546.91,4548.65,235,26,0
2026-05-19 10:06:00+00:00,4548.57,4549.82,4547.39,4549.71,253,20,0
2026-05-19 10:07:00+00:00,4549.72,4552.27,4549.34,4552.0,208,25,0
2026-05-19 10:08:00+00:00,4551.94,4552.9,4550.74,4552.56,266,25,0
2026-05-19 10:09:00+00:00,4552.54,4555.25,4552.06,4552.91,318,20,0
2026-05-19 10:10:00+00:00,4552.67,4553.8,4550.43,4550.66,262,26,0
2026-05-19 10:11:00+00:00,4550.68,4550.96,4547.17,4548.86,257,26,0
2026-05-19 10:12:00+00:00,4549.04,4550.42,4547.78,4548.79,236,25,0
2026-05-19 10:13:00+00:00,4548.63,4549.35,4547.54,4548.86,224,26,0
2026-05-19 10:14:00+00:00,4548.9,4549.34,4547.98,4548.63,211,26,0
2026-05-19 10:15:00+00:00,4548.64,4549.34,4547.26,4547.27,238,25,0
2026-05-19 10:16:00+00:00,4547.46,4549.15,4546.65,4548.84,239,20,0
2026-05-19 10:17:00+00:00,4548.69,4549.07,4547.97,4549.07,179,22,0
2026-05-19 10:18:00+00:00,4549.11,4550.04,4548.75,4549.69,172,21,0
2026-05-19 10:19:00+00:00,4549.77,4549.79,4548.3,4548.61,165,21,0
2026-05-19 10:20:00+00:00,4548.65,4549.85,4544.93,4545.49,298,20,0
2026-05-19 10:21:00+00:00,4545.37,4546.78,4544.93,4545.61,292,25,0
2026-05-19 10:22:00+00:00,4545.65,4546.57,4545.55,4545.96,199,21,0
2026-05-19 10:23:00+00:00,4545.98,4547.76,4545.43,4547.17,226,21,0
2026-05-19 10:24:00+00:00,4546.86,4547.3,4546.04,4547.1,169,20,0
2026-05-19 10:25:00+00:00,4547.08,4547.08,4545.59,4546.08,214,20,0
2026-05-19 10:26:00+00:00,4546.1,4546.82,4545.92,4546.55,205,21,0
2026-05-19 10:27:00+00:00,4546.52,4546.52,4543.94,4544.13,211,20,0
2026-05-19 10:28:00+00:00,4544.13,4545.93,4543.04,4545.65,249,21,0
2026-05-19 10:29:00+00:00,4545.66,4548.25,4544.72,4548.25,204,22,0
2026-05-19 10:30:00+00:00,4548.26,4549.17,4545.85,4547.0,252,26,0
2026-05-19 10:31:00+00:00,4547.05,4548.06,4546.99,4547.17,175,26,0
2026-05-19 10:32:00+00:00,4547.12,4547.97,4546.3,4546.48,212,26,0
2026-05-19 10:33:00+00:00,4546.41,4546.84,4544.79,4545.1,184,26,0
2026-05-19 10:34:00+00:00,4545.11,4545.13,4543.75,4544.02,191,26,0
2026-05-19 10:35:00+00:00,4543.95,4546.32,4543.89,4546.18,211,26,0
2026-05-19 10:36:00+00:00,4546.17,4546.87,4545.44,4545.98,197,26,0
2026-05-19 10:37:00+00:00,4545.99,4547.75,4545.2,4545.2,205,20,0
2026-05-19 10:38:00+00:00,4545.25,4545.26,4542.48,4543.52,275,25,0
2026-05-19 10:39:00+00:00,4543.53,4544.19,4542.57,4543.15,254,26,0
2026-05-19 10:40:00+00:00,4543.24,4543.84,4542.22,4542.91,232,27,0
2026-05-19 10:41:00+00:00,4542.9,4543.33,4542.02,4542.87,205,26,0
2026-05-19 10:42:00+00:00,4542.93,4543.64,4541.86,4542.45,213,26,0
2026-05-19 10:43:00+00:00,4542.41,4544.96,4541.66,4543.64,259,26,0
2026-05-19 10:44:00+00:00,4543.68,4543.95,4541.38,4542.12,244,26,0
2026-05-19 10:45:00+00:00,4542.13,4543.22,4542.06,4542.66,270,21,0
2026-05-19 10:46:00+00:00,4542.7,4551.23,4542.5,4551.23,299,27,0
2026-05-19 10:47:00+00:00,4551.19,4554.19,4550.98,4551.62,343,27,0
2026-05-19 10:48:00+00:00,4551.57,4553.73,4551.23,4552.05,276,27,0
2026-05-19 10:49:00+00:00,4552.0,4552.07,4550.25,4550.91,235,26,0
2026-05-19 10:50:00+00:00,4550.81,4551.66,4547.91,4549.82,284,26,0
2026-05-19 10:51:00+00:00,4549.74,4551.52,4549.31,4550.63,262,26,0
2026-05-19 10:52:00+00:00,4550.61,4551.01,4549.06,4549.7,281,27,0
2026-05-19 10:53:00+00:00,4549.68,4550.54,4548.74,4549.35,223,26,0
2026-05-19 10:54:00+00:00,4549.32,4553.74,4549.32,4552.25,276,28,0
2026-05-19 10:55:00+00:00,4552.29,4556.73,4552.29,4555.91,295,27,0
2026-05-19 10:56:00+00:00,4555.94,4559.29,4555.94,4558.32,239,26,0
2026-05-19 10:57:00+00:00,4558.37,4558.71,4555.86,4557.4,270,27,0
2026-05-19 10:58:00+00:00,4557.43,4558.33,4555.9,4556.27,263,20,0
2026-05-19 10:59:00+00:00,4556.34,4557.4,4556.34,4557.19,162,27,0
2026-05-19 11:00:00+00:00,4557.37,4559.08,4554.31,4554.53,266,27,0
2026-05-19 11:01:00+00:00,4554.48,4554.56,4552.55,4553.42,266,28,0
2026-05-19 11:02:00+00:00,4553.47,4555.62,4552.64,4553.51,255,27,0
2026-05-19 11:03:00+00:00,4553.52,4555.16,4553.23,4554.36,179,27,0
2026-05-19 11:04:00+00:00,4554.37,4554.56,4552.52,4552.82,195,20,0
2026-05-19 11:05:00+00:00,4552.88,4552.93,4550.12,4551.64,223,20,0
2026-05-19 11:06:00+00:00,4551.62,4551.94,4549.33,4551.26,242,20,0
2026-05-19 11:07:00+00:00,4551.22,4551.23,4548.17,4548.64,233,20,0
2026-05-19 11:08:00+00:00,4548.71,4548.9,4544.16,4545.26,282,20,0
2026-05-19 11:09:00+00:00,4545.23,4546.36,4543.82,4544.28,280,22,0
2026-05-19 11:10:00+00:00,4544.21,4547.16,4543.73,4546.92,271,23,0
2026-05-19 11:11:00+00:00,4546.93,4547.95,4544.12,4544.41,292,20,0
2026-05-19 11:12:00+00:00,4544.32,4544.67,4542.46,4543.22,295,20,0
2026-05-19 11:13:00+00:00,4543.04,4544.83,4542.53,4544.68,294,22,0
2026-05-19 11:14:00+00:00,4544.67,4546.95,4544.65,4546.39,257,26,0
2026-05-19 11:15:00+00:00,4546.43,4547.19,4545.1,4546.0,273,20,0
2026-05-19 11:16:00+00:00,4546.01,4546.78,4545.38,4546.74,218,23,0
2026-05-19 11:17:00+00:00,4546.73,4547.66,4546.68,4546.82,245,23,0
2026-05-19 11:18:00+00:00,4546.8,4548.09,4545.19,4547.32,294,20,0
2026-05-19 11:19:00+00:00,4547.34,4547.48,4544.27,4544.27,203,26,0
2026-05-19 11:20:00+00:00,4544.29,4544.98,4544.04,4544.84,154,24,0
2026-05-19 11:21:00+00:00,4544.59,4544.79,4543.24,4543.24,172,24,0
2026-05-19 11:22:00+00:00,4543.26,4543.55,4541.66,4542.12,225,21,0
2026-05-19 11:23:00+00:00,4542.11,4542.45,4539.09,4541.56,245,20,0
2026-05-19 11:24:00+00:00,4541.55,4541.55,4540.36,4540.6,249,20,0
2026-05-19 11:25:00+00:00,4540.53,4540.93,4538.97,4539.79,259,20,0
2026-05-19 11:26:00+00:00,4539.8,4540.48,4537.63,4538.26,317,21,0
2026-05-19 11:27:00+00:00,4538.19,4539.16,4537.45,4538.65,270,20,0
2026-05-19 11:28:00+00:00,4538.61,4538.61,4536.26,4536.92,287,22,0
2026-05-19 11:29:00+00:00,4537.1,4538.86,4536.83,4538.3,281,24,0
2026-05-19 11:30:00+00:00,4538.35,4538.82,4536.87,4538.59,263,20,0
2026-05-19 11:31:00+00:00,4538.56,4539.41,4537.54,4538.6,248,20,0
2026-05-19 11:32:00+00:00,4538.61,4540.54,4538.26,4539.92,233,20,0
2026-05-19 11:33:00+00:00,4539.9,4542.83,4539.22,4542.66,235,21,0
2026-05-19 11:34:00+00:00,4542.6,4544.16,4542.45,4544.15,253,26,0
2026-05-19 11:35:00+00:00,4544.14,4544.59,4543.19,4543.91,211,22,0
2026-05-19 11:36:00+00:00,4543.99,4544.75,4543.77,4544.21,198,21,0
2026-05-19 11:37:00+00:00,4544.29,4544.96,4542.47,4542.88,198,20,0
2026-05-19 11:38:00+00:00,4542.91,4543.38,4542.46,4542.81,179,20,0
2026-05-19 11:39:00+00:00,4542.86,4543.81,4542.33,4543.16,175,20,0
2026-05-19 11:40:00+00:00,4543.17,4543.34,4542.38,4542.48,140,20,0
2026-05-19 11:41:00+00:00,4542.51,4543.47,4542.16,4543.11,160,20,0
2026-05-19 11:42:00+00:00,4543.15,4543.48,4542.76,4543.06,161,20,0
2026-05-19 11:43:00+00:00,4543.07,4543.14,4542.38,4542.52,111,20,0
2026-05-19 11:44:00+00:00,4542.56,4543.71,4542.32,4543.18,157,20,0
2026-05-19 11:45:00+00:00,4543.14,4545.95,4542.88,4545.2,194,20,0
2026-05-19 11:46:00+00:00,4545.21,4547.02,4544.98,4546.91,219,20,0
2026-05-19 11:47:00+00:00,4547.01,4548.65,4545.72,4546.59,258,26,0
2026-05-19 11:48:00+00:00,4546.6,4546.98,4545.28,4545.76,238,20,0
2026-05-19 11:49:00+00:00,4545.75,4546.42,4545.15,4546.03,199,20,0
2026-05-19 11:50:00+00:00,4546.04,4547.25,4545.43,4546.38,193,20,0
2026-05-19 11:51:00+00:00,4546.36,4547.05,4544.88,4545.22,171,20,0
2026-05-19 11:52:00+00:00,4545.35,4545.35,4540.15,4540.82,217,20,0
2026-05-19 11:53:00+00:00,4540.87,4542.29,4538.28,4542.26,235,22,0
2026-05-19 11:54:00+00:00,4542.27,4542.66,4541.36,4542.64,187,20,0
2026-05-19 11:55:00+00:00,4542.58,4543.3,4542.34,4542.74,165,20,0
2026-05-19 11:56:00+00:00,4542.77,4544.19,4542.42,4544.17,134,20,0
2026-05-19 11:57:00+00:00,4544.14,4544.27,4543.31,4543.43,125,20,0
2026-05-19 11:58:00+00:00,4543.29,4543.62,4542.5,4542.99,127,20,0
2026-05-19 11:59:00+00:00,4542.94,4543.38,4541.88,4542.71,184,20,0
2026-05-19 12:00:00+00:00,4542.66,4542.66,4540.41,4541.55,261,20,0
2026-05-19 12:01:00+00:00,4541.54,4541.73,4540.52,4541.22,200,20,0
2026-05-19 12:02:00+00:00,4541.25,4541.77,4540.26,4540.29,210,20,0
2026-05-19 12:03:00+00:00,4540.3,4540.83,4540.06,4540.47,188,20,0
2026-05-19 12:04:00+00:00,4540.47,4541.77,4539.96,4541.36,197,20,0
2026-05-19 12:05:00+00:00,4541.39,4541.44,4538.6,4539.3,269,21,0
2026-05-19 12:06:00+00:00,4539.33,4540.21,4539.04,4540.06,175,21,0
2026-05-19 12:07:00+00:00,4540.11,4540.26,4536.9,4538.12,235,20,0
2026-05-19 12:08:00+00:00,4538.12,4540.09,4537.55,4539.96,206,20,0
2026-05-19 12:09:00+00:00,4540.04,4540.74,4539.2,4540.57,184,21,0
2026-05-19 12:10:00+00:00,4540.65,4540.95,4539.37,4540.36,175,20,0
2026-05-19 12:11:00+00:00,4540.36,4541.04,4539.7,4540.58,179,20,0
2026-05-19 12:12:00+00:00,4540.64,4540.64,4539.47,4539.64,119,20,0
2026-05-19 12:13:00+00:00,4539.62,4539.66,4537.07,4537.75,258,20,0
2026-05-19 12:14:00+00:00,4537.77,4539.71,4537.71,4539.55,167,21,0
2026-05-19 12:15:00+00:00,4539.44,4539.69,4538.11,4538.33,157,20,0
2026-05-19 12:16:00+00:00,4538.35,4538.54,4536.92,4537.04,202,21,0
2026-05-19 12:17:00+00:00,4537.01,4537.72,4536.04,4537.65,262,22,0
2026-05-19 12:18:00+00:00,4537.67,4539.69,4536.62,4539.17,287,24,0
2026-05-19 12:19:00+00:00,4539.17,4540.05,4538.74,4539.93,178,22,0
2026-05-19 12:20:00+00:00,4539.97,4541.7,4539.67,4541.35,173,20,0
2026-05-19 12:21:00+00:00,4541.32,4542.25,4541.05,4541.89,203,20,0
2026-05-19 12:22:00+00:00,4541.84,4543.68,4541.56,4543.11,191,21,0
2026-05-19 12:23:00+00:00,4543.11,4545.19,4542.85,4544.71,215,22,0
2026-05-19 12:24:00+00:00,4544.6,4546.73,4544.6,4546.39,256,22,0
2026-05-19 12:25:00+00:00,4546.53,4546.63,4543.9,4544.89,294,20,0
2026-05-19 12:26:00+00:00,4544.97,4546.71,4544.67,4545.07,297,24,0
2026-05-19 12:27:00+00:00,4545.11,4546.69,4544.19,4546.42,225,20,0
2026-05-19 12:28:00+00:00,4546.41,4546.74,4542.72,4542.74,231,20,0
2026-05-19 12:29:00+00:00,4542.74,4542.94,4540.35,4540.58,280,20,0
2026-05-19 12:30:00+00:00,4540.62,4543.1,4539.52,4541.85,281,21,0
2026-05-19 12:31:00+00:00,4541.84,4542.04,4539.0,4539.64,337,21,0
2026-05-19 12:32:00+00:00,4539.6,4540.11,4536.7,4540.05,321,21,0
2026-05-19 12:33:00+00:00,4540.05,4540.35,4537.4,4538.84,333,20,0
2026-05-19 12:34:00+00:00,4538.85,4539.86,4538.41,4539.22,208,20,0
2026-05-19 12:35:00+00:00,4539.19,4541.66,4539.18,4541.49,266,20,0
2026-05-19 12:36:00+00:00,4541.48,4542.24,4540.88,4540.96,227,20,0
2026-05-19 12:37:00+00:00,4541.03,4541.56,4538.82,4538.92,266,23,0
2026-05-19 12:38:00+00:00,4538.91,4539.36,4537.22,4537.89,231,20,0
2026-05-19 12:39:00+00:00,4537.86,4539.73,4537.81,4539.34,227,20,0
2026-05-19 12:40:00+00:00,4539.37,4539.98,4538.29,4539.93,254,20,0
2026-05-19 12:41:00+00:00,4539.87,4540.37,4538.21,4538.32,211,20,0
2026-05-19 12:42:00+00:00,4538.14,4539.68,4538.09,4539.49,190,21,0
2026-05-19 12:43:00+00:00,4539.45,4540.12,4538.77,4540.1,192,21,0
2026-05-19 12:44:00+00:00,4540.16,4540.26,4538.54,4539.52,243,21,0
2026-05-19 12:45:00+00:00,4539.53,4540.44,4538.37,4539.29,238,20,0
2026-05-19 12:46:00+00:00,4539.3,4539.71,4538.7,4539.35,205,20,0
2026-05-19 12:47:00+00:00,4539.33,4540.57,4538.86,4540.5,198,28,0
2026-05-19 12:48:00+00:00,4540.6,4541.24,4539.82,4540.45,177,28,0
2026-05-19 12:49:00+00:00,4540.41,4540.78,4539.82,4540.76,146,27,0
2026-05-19 12:50:00+00:00,4540.74,4541.78,4540.07,4540.2,147,27,0
2026-05-19 12:51:00+00:00,4540.32,4540.95,4539.09,4540.74,193,27,0
2026-05-19 12:52:00+00:00,4540.8,4541.91,4540.19,4541.87,181,27,0
2026-05-19 12:53:00+00:00,4541.92,4542.53,4541.53,4542.34,149,26,0
2026-05-19 12:54:00+00:00,4542.35,4543.44,4541.13,4543.21,167,21,0
2026-05-19 12:55:00+00:00,4543.26,4543.78,4542.35,4542.39,160,21,0
2026-05-19 12:56:00+00:00,4542.35,4542.66,4541.6,4542.28,183,21,0
2026-05-19 12:57:00+00:00,4542.3,4544.42,4542.24,4544.31,193,20,0
2026-05-19 12:58:00+00:00,4544.29,4544.67,4543.09,4543.5,227,20,0
2026-05-19 12:59:00+00:00,4543.47,4543.47,4540.65,4541.75,256,25,0
2026-05-19 13:00:00+00:00,4541.76,4541.76,4539.92,4541.23,251,22,0
2026-05-19 13:01:00+00:00,4541.3,4541.69,4540.33,4540.41,198,20,0
2026-05-19 13:02:00+00:00,4540.37,4540.6,4539.04,4539.11,172,26,0
2026-05-19 13:03:00+00:00,4539.1,4539.3,4537.49,4538.63,246,26,0
2026-05-19 13:04:00+00:00,4538.6,4539.27,4536.49,4536.57,175,26,0
2026-05-19 13:05:00+00:00,4536.51,4538.86,4535.98,4538.66,237,26,0
2026-05-19 13:06:00+00:00,4538.67,4541.85,4538.24,4541.73,180,20,0
2026-05-19 13:07:00+00:00,4541.78,4541.85,4540.85,4541.26,143,20,0
2026-05-19 13:08:00+00:00,4541.09,4541.29,4540.55,4540.81,133,26,0
2026-05-19 13:09:00+00:00,4540.77,4541.15,4540.15,4540.15,159,26,0
2026-05-19 13:10:00+00:00,4540.12,4542.09,4540.12,4541.46,182,26,0
2026-05-19 13:11:00+00:00,4541.48,4542.33,4539.34,4539.34,163,26,0
2026-05-19 13:12:00+00:00,4539.3,4540.32,4538.65,4540.1,159,26,0
2026-05-19 13:13:00+00:00,4540.09,4540.93,4540.09,4540.38,137,20,0
2026-05-19 13:14:00+00:00,4540.55,4542.17,4540.44,4541.48,149,20,0
2026-05-19 13:15:00+00:00,4541.5,4541.89,4540.35,4540.35,149,20,0
2026-05-19 13:16:00+00:00,4540.4,4541.02,4538.36,4538.91,188,22,0
2026-05-19 13:17:00+00:00,4538.91,4540.11,4538.41,4539.73,129,20,0
2026-05-19 13:18:00+00:00,4539.71,4540.16,4538.45,4538.56,146,20,0
2026-05-19 13:19:00+00:00,4538.58,4539.66,4538.54,4539.56,106,20,0
2026-05-19 13:20:00+00:00,4539.63,4539.9,4539.22,4539.87,130,20,0
2026-05-19 13:21:00+00:00,4539.79,4540.95,4538.94,4540.69,162,20,0
2026-05-19 13:22:00+00:00,4540.7,4540.7,4539.17,4539.97,128,20,0
2026-05-19 13:23:00+00:00,4539.97,4541.6,4539.97,4541.51,172,20,0
2026-05-19 13:24:00+00:00,4541.51,4541.53,4540.03,4540.81,154,20,0
2026-05-19 13:25:00+00:00,4540.81,4540.9,4540.08,4540.13,155,20,0
2026-05-19 13:26:00+00:00,4540.14,4540.31,4539.26,4539.45,137,20,0
2026-05-19 13:27:00+00:00,4539.46,4540.04,4539.13,4540.04,128,20,0
2026-05-19 13:28:00+00:00,4540.0,4540.43,4539.59,4539.96,144,20,0
2026-05-19 13:29:00+00:00,4540.03,4540.82,4539.69,4539.84,124,20,0
2026-05-19 13:30:00+00:00,4539.93,4541.17,4539.93,4540.0,144,20,0
2026-05-19 13:31:00+00:00,4539.99,4540.22,4538.86,4539.97,187,20,0
2026-05-19 13:32:00+00:00,4539.98,4541.34,4539.84,4541.22,181,20,0
2026-05-19 13:33:00+00:00,4541.19,4541.87,4540.98,4541.48,140,20,0
2026-05-19 13:34:00+00:00,4541.49,4542.37,4540.99,4541.35,176,20,0
2026-05-19 13:35:00+00:00,4541.29,4541.36,4540.45,4541.03,163,20,0
2026-05-19 13:36:00+00:00,4541.07,4542.0,4540.9,4541.63,177,20,0
2026-05-19 13:37:00+00:00,4541.61,4542.92,4541.34,4542.56,173,20,0
2026-05-19 13:38:00+00:00,4542.6,4542.95,4534.15,4535.98,416,20,0
2026-05-19 13:39:00+00:00,4536.0,4541.55,4535.14,4541.05,357,20,0
2026-05-19 13:40:00+00:00,4541.06,4541.4,4538.84,4540.05,273,20,0
2026-05-19 13:41:00+00:00,4540.07,4540.23,4535.42,4535.82,339,20,0
2026-05-19 13:42:00+00:00,4535.79,4535.79,4531.94,4533.21,341,20,0
2026-05-19 13:43:00+00:00,4533.21,4533.72,4526.25,4527.18,410,20,0
2026-05-19 13:44:00+00:00,4527.29,4529.31,4525.48,4529.17,428,23,0
2026-05-19 13:45:00+00:00,4529.05,4532.1,4527.94,4531.33,349,20,0
2026-05-19 13:46:00+00:00,4531.32,4531.78,4527.66,4530.01,364,20,0
2026-05-19 13:47:00+00:00,4530.03,4534.44,4529.26,4533.97,316,21,0
2026-05-19 13:48:00+00:00,4533.97,4534.1,4531.4,4532.01,317,20,0
2026-05-19 13:49:00+00:00,4531.94,4532.87,4530.43,4532.85,235,20,0
2026-05-19 13:50:00+00:00,4532.87,4535.09,4532.11,4533.89,265,20,0
2026-05-19 13:51:00+00:00,4533.91,4534.34,4533.64,4534.06,210,20,0
2026-05-19 13:52:00+00:00,4534.0,4535.25,4532.92,4533.78,315,20,0
2026-05-19 13:53:00+00:00,4533.78,4535.52,4533.14,4534.36,220,23,0
2026-05-19 13:54:00+00:00,4534.38,4535.81,4533.86,4535.24,227,26,0
2026-05-19 13:55:00+00:00,4535.2,4539.13,4535.2,4536.8,343,24,0
2026-05-19 13:56:00+00:00,4536.86,4538.36,4536.61,4538.14,246,23,0
2026-05-19 13:57:00+00:00,4538.13,4541.9,4537.98,4541.85,297,26,0
2026-05-19 13:58:00+00:00,4541.89,4543.01,4540.28,4541.54,285,20,0
2026-05-19 13:59:00+00:00,4541.56,4544.64,4541.56,4544.64,248,26,0
2026-05-19 14:00:00+00:00,4544.58,4546.6,4543.33,4544.74,360,24,0
2026-05-19 14:01:00+00:00,4544.81,4545.49,4543.35,4543.89,337,26,0
2026-05-19 14:02:00+00:00,4543.92,4545.66,4543.43,4545.66,238,20,0
2026-05-19 14:03:00+00:00,4545.62,4547.91,4545.05,4545.8,289,20,0
2026-05-19 14:04:00+00:00,4545.85,4546.46,4543.05,4543.66,249,22,0
2026-05-19 14:05:00+00:00,4543.64,4543.72,4541.83,4542.21,247,22,0
2026-05-19 14:06:00+00:00,4542.2,4543.49,4541.53,4542.03,210,21,0
2026-05-19 14:07:00+00:00,4541.96,4542.89,4541.55,4542.45,164,26,0
2026-05-19 14:08:00+00:00,4542.43,4543.03,4541.46,4541.99,178,20,0
2026-05-19 14:09:00+00:00,4541.98,4542.32,4540.58,4541.32,236,27,0
2026-05-19 14:10:00+00:00,4541.29,4541.32,4537.6,4537.93,279,20,0
2026-05-19 14:11:00+00:00,4537.88,4541.68,4536.62,4541.68,239,26,0
2026-05-19 14:12:00+00:00,4541.67,4542.13,4537.25,4537.27,286,27,0
2026-05-19 14:13:00+00:00,4537.25,4538.93,4536.16,4538.93,216,27,0
2026-05-19 14:14:00+00:00,4538.92,4539.33,4535.91,4536.69,231,28,0
2026-05-19 14:15:00+00:00,4536.67,4537.14,4535.73,4536.85,271,27,0
2026-05-19 14:16:00+00:00,4536.82,4539.39,4536.48,4538.84,208,27,0
2026-05-19 14:17:00+00:00,4538.85,4539.75,4537.98,4538.28,186,27,0
2026-05-19 14:18:00+00:00,4538.32,4540.3,4538.32,4540.26,163,21,0
2026-05-19 14:19:00+00:00,4540.52,4542.04,4540.0,4541.0,190,26,0
2026-05-19 14:20:00+00:00,4541.02,4541.07,4538.84,4540.06,228,20,0
2026-05-19 14:21:00+00:00,4540.09,4541.45,4539.13,4541.16,205,20,0
2026-05-19 14:22:00+00:00,4540.89,4540.89,4539.82,4540.05,169,20,0
2026-05-19 14:23:00+00:00,4540.03,4540.61,4539.66,4540.11,157,20,0
2026-05-19 14:24:00+00:00,4540.13,4542.01,4539.91,4541.04,199,20,0
2026-05-19 14:25:00+00:00,4541.19,4542.14,4540.46,4540.53,165,21,0
2026-05-19 14:26:00+00:00,4540.55,4540.79,4536.94,4536.94,240,20,0
2026-05-19 14:27:00+00:00,4536.92,4538.43,4536.91,4538.43,214,20,0
2026-05-19 14:28:00+00:00,4538.37,4538.6,4537.0,4537.49,175,20,0
2026-05-19 14:29:00+00:00,4537.48,4539.49,4537.45,4539.29,223,20,0
2026-05-19 14:30:00+00:00,4539.21,4540.78,4538.63,4540.32,235,20,0
2026-05-19 14:31:00+00:00,4540.34,4540.34,4538.02,4538.13,199,20,0
2026-05-19 14:32:00+00:00,4538.13,4539.98,4537.99,4538.68,241,20,0
2026-05-19 14:33:00+00:00,4538.66,4539.03,4537.83,4538.55,179,26,0
2026-05-19 14:34:00+00:00,4538.69,4539.34,4537.65,4539.33,165,26,0
2026-05-19 14:35:00+00:00,4539.35,4539.38,4537.64,4538.43,194,26,0
2026-05-19 14:36:00+00:00,4538.47,4538.97,4538.08,4538.85,171,26,0
2026-05-19 14:37:00+00:00,4538.91,4539.21,4536.83,4536.83,207,26,0
2026-05-19 14:38:00+00:00,4536.82,4538.46,4536.82,4537.67,160,26,0
2026-05-19 14:39:00+00:00,4537.65,4538.59,4537.08,4537.97,171,26,0
2026-05-19 14:40:00+00:00,4538.03,4538.94,4537.59,4537.59,186,26,0
2026-05-19 14:41:00+00:00,4537.55,4539.08,4537.13,4538.86,194,26,0
2026-05-19 14:42:00+00:00,4538.88,4540.27,4538.37,4540.01,210,26,0
2026-05-19 14:43:00+00:00,4540.06,4542.06,4539.64,4541.98,197,26,0
2026-05-19 14:44:00+00:00,4541.99,4543.09,4541.58,4541.95,216,26,0
2026-05-19 14:45:00+00:00,4541.92,4542.25,4540.76,4541.38,200,26,0
2026-05-19 14:46:00+00:00,4541.38,4541.4,4537.27,4537.35,227,26,0
2026-05-19 14:47:00+00:00,4537.49,4538.75,4537.33,4538.27,198,26,0
2026-05-19 14:48:00+00:00,4538.27,4541.47,4537.97,4541.03,228,26,0
2026-05-19 14:49:00+00:00,4541.06,4541.06,4539.48,4539.93,181,26,0
2026-05-19 14:50:00+00:00,4539.95,4540.12,4537.76,4538.03,232,26,0
2026-05-19 14:51:00+00:00,4538.0,4539.41,4537.47,4538.75,187,26,0
2026-05-19 14:52:00+00:00,4538.74,4539.37,4538.26,4539.22,191,26,0
2026-05-19 14:53:00+00:00,4539.18,4539.49,4536.81,4536.99,187,26,0
2026-05-19 14:54:00+00:00,4536.92,4537.67,4534.35,4534.84,238,26,0
2026-05-19 14:55:00+00:00,4534.97,4534.97,4532.5,4533.22,293,26,0
2026-05-19 14:56:00+00:00,4533.24,4533.39,4531.05,4532.27,231,26,0
2026-05-19 14:57:00+00:00,4532.24,4532.56,4531.28,4531.44,257,26,0
2026-05-19 14:58:00+00:00,4531.46,4532.4,4530.67,4531.67,265,26,0
2026-05-19 14:59:00+00:00,4531.62,4531.91,4529.84,4530.75,247,26,0
2026-05-19 15:00:00+00:00,4530.66,4531.08,4528.02,4528.88,306,20,0
2026-05-19 15:01:00+00:00,4528.71,4532.05,4527.4,4531.95,335,26,0
2026-05-19 15:02:00+00:00,4532.01,4534.53,4531.6,4534.1,291,26,0
2026-05-19 15:03:00+00:00,4534.17,4535.94,4533.83,4535.05,232,26,0
2026-05-19 15:04:00+00:00,4535.02,4535.81,4533.93,4535.41,232,20,0
2026-05-19 15:05:00+00:00,4535.55,4536.83,4533.43,4534.05,270,20,0
2026-05-19 15:06:00+00:00,4534.02,4537.16,4534.02,4536.65,285,25,0
2026-05-19 15:07:00+00:00,4536.62,4538.51,4536.54,4537.97,207,21,0
2026-05-19 15:08:00+00:00,4537.99,4542.2,4537.43,4542.2,193,20,0
2026-05-19 15:09:00+00:00,4542.18,4542.37,4540.55,4542.18,310,22,0
2026-05-19 15:10:00+00:00,4542.16,4544.5,4541.99,4543.38,315,20,0
2026-05-19 15:11:00+00:00,4543.39,4545.16,4541.33,4545.02,331,20,0
2026-05-19 15:12:00+00:00,4545.04,4546.6,4543.86,4544.51,327,22,0
2026-05-19 15:13:00+00:00,4544.51,4544.51,4542.54,4543.1,212,21,0
2026-05-19 15:14:00+00:00,4543.11,4543.28,4541.57,4542.24,196,20,0
2026-05-19 15:15:00+00:00,4542.28,4543.67,4541.58,4541.68,247,21,0
2026-05-19 15:16:00+00:00,4541.6,4541.6,4537.72,4537.91,280,23,0
2026-05-19 15:17:00+00:00,4538.0,4539.72,4537.93,4539.2,238,20,0
2026-05-19 15:18:00+00:00,4539.21,4539.47,4536.88,4536.96,244,20,0
2026-05-19 15:19:00+00:00,4536.97,4540.05,4536.67,4539.92,205,20,0
2026-05-19 15:20:00+00:00,4539.94,4542.73,4539.58,4542.32,282,24,0
2026-05-19 15:21:00+00:00,4542.39,4543.01,4540.63,4540.87,247,20,0
2026-05-19 15:22:00+00:00,4540.89,4543.23,4540.38,4542.98,173,25,0
2026-05-19 15:23:00+00:00,4543.04,4544.17,4542.29,4542.61,232,26,0
2026-05-19 15:24:00+00:00,4542.6,4544.2,4542.33,4543.82,248,26,0
2026-05-19 15:25:00+00:00,4543.9,4544.16,4542.03,4542.33,258,26,0
2026-05-19 15:26:00+00:00,4542.28,4543.85,4541.38,4542.8,213,26,0
2026-05-19 15:27:00+00:00,4542.91,4543.4,4541.15,4541.39,198,26,0
2026-05-19 15:28:00+00:00,4541.4,4541.66,4540.55,4541.66,159,26,0
2026-05-19 15:29:00+00:00,4541.69,4544.07,4541.69,4543.41,167,26,0
2026-05-19 15:30:00+00:00,4543.23,4545.55,4542.06,4544.5,268,26,0
2026-05-19 15:31:00+00:00,4544.52,4546.85,4544.06,4545.98,274,26,0
2026-05-19 15:32:00+00:00,4545.99,4546.5,4544.96,4545.92,247,26,0
2026-05-19 15:33:00+00:00,4545.91,4545.94,4544.08,4544.08,198,26,0
2026-05-19 15:34:00+00:00,4543.97,4544.55,4543.26,4543.72,247,26,0
2026-05-19 15:35:00+00:00,4543.64,4543.96,4541.23,4543.96,254,26,0
2026-05-19 15:36:00+00:00,4543.94,4547.05,4543.43,4543.82,273,26,0
2026-05-19 15:37:00+00:00,4543.85,4544.98,4543.61,4544.84,242,26,0
2026-05-19 15:38:00+00:00,4544.85,4545.07,4543.37,4543.84,208,26,0
2026-05-19 15:39:00+00:00,4543.91,4544.26,4542.34,4542.44,186,26,0
2026-05-19 15:40:00+00:00,4542.49,4542.8,4540.73,4540.93,207,26,0
2026-05-19 15:41:00+00:00,4540.93,4546.36,4540.93,4545.96,410,26,0
2026-05-19 15:42:00+00:00,4545.97,4545.97,4539.63,4540.14,336,20,0
2026-05-19 15:43:00+00:00,4540.15,4543.06,4539.56,4539.65,303,26,0
2026-05-19 15:44:00+00:00,4539.62,4539.75,4536.68,4537.31,246,26,0
2026-05-19 15:45:00+00:00,4537.2,4538.83,4536.5,4537.44,248,26,0
2026-05-19 15:46:00+00:00,4537.42,4537.59,4535.86,4536.14,247,26,0
2026-05-19 15:47:00+00:00,4536.2,4537.54,4535.59,4537.54,252,27,0
2026-05-19 15:48:00+00:00,4537.55,4538.99,4537.08,4538.44,204,27,0
2026-05-19 15:49:00+00:00,4538.4,4539.98,4537.67,4539.41,239,27,0
2026-05-19 15:50:00+00:00,4539.43,4541.22,4539.43,4539.69,204,26,0
2026-05-19 15:51:00+00:00,4539.44,4540.7,4538.96,4539.02,172,26,0
2026-05-19 15:52:00+00:00,4539.0,4539.65,4537.27,4539.29,217,20,0
2026-05-19 15:53:00+00:00,4539.28,4541.3,4539.14,4540.35,198,27,0
2026-05-19 15:54:00+00:00,4540.35,4541.33,4539.98,4541.16,194,27,0
2026-05-19 15:55:00+00:00,4541.19,4541.56,4539.91,4540.38,227,27,0
2026-05-19 15:56:00+00:00,4540.49,4541.12,4539.83,4541.12,222,20,0
2026-05-19 15:57:00+00:00,4541.17,4541.54,4539.96,4539.96,172,27,0
2026-05-19 15:58:00+00:00,4539.94,4540.2,4538.89,4539.37,187,28,0
2026-05-19 15:59:00+00:00,4539.4,4539.49,4536.65,4537.08,243,20,0
2026-05-19 16:00:00+00:00,4537.14,4537.34,4532.83,4532.83,367,27,0
2026-05-19 16:01:00+00:00,4532.84,4535.58,4531.65,4535.12,367,20,0
2026-05-19 16:02:00+00:00,4534.91,4535.0,4530.31,4530.93,332,28,0
2026-05-19 16:03:00+00:00,4530.97,4531.56,4528.89,4529.04,314,28,0
2026-05-19 16:04:00+00:00,4528.7,4529.81,4521.97,4523.48,420,28,0
2026-05-19 16:05:00+00:00,4523.49,4525.1,4520.92,4523.74,413,26,0
2026-05-19 16:06:00+00:00,4523.73,4524.29,4520.06,4521.46,447,20,0
2026-05-19 16:07:00+00:00,4521.33,4522.52,4514.96,4516.99,491,25,0
2026-05-19 16:08:00+00:00,4516.91,4518.46,4514.81,4517.26,449,26,0
2026-05-19 16:09:00+00:00,4517.18,4523.01,4516.99,4522.67,404,26,0
2026-05-19 16:10:00+00:00,4522.64,4526.44,4521.64,4523.87,387,20,0
2026-05-19 16:11:00+00:00,4523.82,4525.65,4519.43,4521.49,370,20,0
2026-05-19 16:12:00+00:00,4521.44,4526.44,4519.68,4526.08,380,20,0
2026-05-19 16:13:00+00:00,4526.03,4526.23,4521.61,4524.2,379,26,0
2026-05-19 16:14:00+00:00,4524.21,4525.93,4522.56,4524.42,354,27,0
2026-05-19 16:15:00+00:00,4524.39,4526.12,4524.25,4525.43,333,25,0
2026-05-19 16:16:00+00:00,4525.36,4525.39,4522.51,4522.54,340,24,0
2026-05-19 16:17:00+00:00,4522.29,4522.92,4517.6,4517.6,369,23,0
2026-05-19 16:18:00+00:00,4517.61,4519.87,4516.66,4519.86,392,26,0
2026-05-19 16:19:00+00:00,4519.83,4519.83,4516.36,4517.17,362,27,0
2026-05-19 16:20:00+00:00,4517.17,4519.76,4516.06,4516.19,360,20,0
2026-05-19 16:21:00+00:00,4516.2,4517.75,4512.51,4512.6,473,20,0
2026-05-19 16:22:00+00:00,4512.58,4513.07,4509.41,4510.63,463,20,0
2026-05-19 16:23:00+00:00,4510.68,4511.35,4505.05,4505.19,456,20,0
2026-05-19 16:24:00+00:00,4505.15,4507.34,4503.59,4504.98,496,27,0
2026-05-19 16:25:00+00:00,4504.61,4504.63,4501.0,4501.14,468,25,0
2026-05-19 16:26:00+00:00,4501.25,4503.29,4499.36,4500.83,498,20,0
2026-05-19 16:27:00+00:00,4500.82,4504.71,4500.67,4501.89,508,20,0
2026-05-19 16:28:00+00:00,4501.86,4502.8,4497.97,4498.23,483,21,0
2026-05-19 16:29:00+00:00,4498.16,4498.35,4490.96,4492.02,529,25,0
2026-05-19 16:30:00+00:00,4492.34,4495.63,4487.29,4490.48,578,20,0
2026-05-19 16:31:00+00:00,4490.19,4490.19,4464.51,4470.31,581,20,0
2026-05-19 16:32:00+00:00,4470.34,4482.59,4468.2,4482.59,584,20,0
2026-05-19 16:33:00+00:00,4482.72,4484.29,4476.66,4481.32,549,27,0
2026-05-19 16:34:00+00:00,4481.35,4482.39,4478.15,4481.41,548,21,0
2026-05-19 16:35:00+00:00,4481.58,4481.87,4471.32,4474.65,550,28,0
2026-05-19 16:36:00+00:00,4474.86,4482.82,4472.98,4482.78,558,26,0
2026-05-19 16:37:00+00:00,4482.15,4486.78,4482.01,4484.98,537,27,0
2026-05-19 16:38:00+00:00,4484.81,4485.83,4478.0,4482.95,553,26,0
2026-05-19 16:39:00+00:00,4482.99,4485.68,4480.75,4483.29,496,27,0
2026-05-19 16:40:00+00:00,4483.25,4483.4,4475.02,4476.44,528,20,0
2026-05-19 16:41:00+00:00,4476.47,4478.51,4472.14,4473.13,533,27,0
2026-05-19 16:42:00+00:00,4473.06,4476.87,4470.15,4474.28,528,26,0
2026-05-19 16:43:00+00:00,4474.38,4479.66,4474.38,4479.17,505,20,0
2026-05-19 16:44:00+00:00,4479.16,4480.34,4475.3,4476.14,474,27,0
2026-05-19 16:45:00+00:00,4476.3,4482.1,4476.14,4481.73,524,26,0
2026-05-19 16:46:00+00:00,4481.74,4482.1,4477.53,4477.55,483,20,0
2026-05-19 16:47:00+00:00,4477.6,4480.48,4474.14,4477.63,522,27,0
2026-05-19 16:48:00+00:00,4478.3,4479.71,4474.33,4477.5,512,26,0
2026-05-19 16:49:00+00:00,4477.23,4482.08,4475.2,4481.37,468,20,0
2026-05-19 16:50:00+00:00,4481.24,4492.09,4479.97,4490.67,523,24,0
2026-05-19 16:51:00+00:00,4490.6,4493.99,4489.25,4492.36,490,27,0
2026-05-19 16:52:00+00:00,4492.37,4496.85,4491.0,4495.73,494,27,0
2026-05-19 16:53:00+00:00,4495.75,4496.71,4494.4,4495.77,479,27,0
2026-05-19 16:54:00+00:00,4495.76,4505.17,4495.76,4504.57,503,27,0
2026-05-19 16:55:00+00:00,4504.65,4511.28,4504.65,4508.54,545,28,0
2026-05-19 16:56:00+00:00,4508.55,4508.97,4497.94,4499.84,523,28,0
2026-05-19 16:57:00+00:00,4499.89,4503.47,4498.85,4502.78,515,28,0
2026-05-19 16:58:00+00:00,4502.84,4508.66,4502.76,4508.28,478,26,0
2026-05-19 16:59:00+00:00,4508.23,4508.28,4503.13,4504.48,408,26,0
2026-05-19 17:00:00+00:00,4504.39,4504.44,4496.11,4497.96,450,29,0
2026-05-19 17:01:00+00:00,4497.98,4502.03,4497.43,4500.51,426,26,0
2026-05-19 17:02:00+00:00,4500.53,4501.78,4495.89,4497.36,494,21,0
2026-05-19 17:03:00+00:00,4497.37,4500.53,4496.29,4499.41,478,26,0
2026-05-19 17:04:00+00:00,4499.47,4512.31,4499.41,4511.98,536,24,0
2026-05-19 17:05:00+00:00,4511.59,4514.18,4503.93,4503.93,538,25,0
2026-05-19 17:06:00+00:00,4503.87,4511.15,4503.87,4505.14,535,27,0
2026-05-19 17:07:00+00:00,4505.1,4506.18,4495.6,4497.09,509,27,0
2026-05-19 17:08:00+00:00,4497.05,4500.39,4494.74,4500.13,478,26,0
2026-05-19 17:09:00+00:00,4500.11,4504.76,4499.32,4503.95,481,27,0
2026-05-19 17:10:00+00:00,4503.94,4503.96,4498.71,4499.7,501,27,0
2026-05-19 17:11:00+00:00,4499.54,4501.39,4497.45,4500.22,495,26,0
2026-05-19 17:12:00+00:00,4500.41,4501.01,4496.96,4500.77,461,27,0
2026-05-19 17:13:00+00:00,4500.67,4500.96,4496.19,4496.75,408,27,0
2026-05-19 17:14:00+00:00,4496.76,4496.93,4492.2,4492.65,450,26,0
2026-05-19 17:15:00+00:00,4492.64,4496.51,4491.89,4496.38,479,27,0
2026-05-19 17:16:00+00:00,4496.48,4499.31,4495.29,4495.67,418,27,0
2026-05-19 17:17:00+00:00,4495.68,4498.99,4493.42,4498.22,427,20,0
2026-05-19 17:18:00+00:00,4498.05,4500.46,4496.47,4500.14,462,28,0
2026-05-19 17:19:00+00:00,4500.09,4500.82,4494.7,4494.91,402,26,0
2026-05-19 17:20:00+00:00,4494.96,4495.99,4489.53,4490.44,513,20,0
2026-05-19 17:21:00+00:00,4490.4,4490.82,4484.86,4485.47,504,27,0
2026-05-19 17:22:00+00:00,4486.22,4488.67,4484.75,4488.67,483,20,0
2026-05-19 17:23:00+00:00,4488.75,4490.29,4485.46,4486.7,453,27,0
2026-05-19 17:24:00+00:00,4486.91,4487.54,4484.89,4486.54,464,20,0
2026-05-19 17:25:00+00:00,4486.53,4487.56,4484.47,4486.79,482,20,0
2026-05-19 17:26:00+00:00,4486.93,4493.02,4486.39,4491.86,486,26,0
2026-05-19 17:27:00+00:00,4491.85,4493.23,4490.26,4492.14,468,27,0
2026-05-19 17:28:00+00:00,4492.1,4494.17,4490.34,4490.69,479,26,0
2026-05-19 17:29:00+00:00,4490.69,4492.39,4489.88,4490.01,454,26,0
2026-05-19 17:30:00+00:00,4490.04,4497.07,4489.69,4497.06,467,26,0
2026-05-19 17:31:00+00:00,4497.14,4497.98,4494.69,4496.49,464,27,0
2026-05-19 17:32:00+00:00,4496.51,4496.75,4488.73,4490.19,476,23,0
2026-05-19 17:33:00+00:00,4489.79,4492.83,4489.29,4492.25,433,22,0
2026-05-19 17:34:00+00:00,4492.23,4493.53,4489.83,4490.13,417,27,0
2026-05-19 17:35:00+00:00,4490.07,4496.67,4490.05,4496.13,413,27,0
2026-05-19 17:36:00+00:00,4496.12,4498.64,4496.05,4496.51,437,27,0
2026-05-19 17:37:00+00:00,4496.44,4496.44,4492.89,4493.71,430,26,0
2026-05-19 17:38:00+00:00,4493.69,4495.22,4490.8,4493.5,430,20,0
2026-05-19 17:39:00+00:00,4493.55,4493.55,4488.96,4489.63,465,20,0
2026-05-19 17:40:00+00:00,4489.67,4493.23,4487.37,4490.84,437,26,0
2026-05-19 17:41:00+00:00,4490.37,4494.92,4488.95,4494.08,514,21,0
2026-05-19 17:42:00+00:00,4493.91,4497.06,4493.48,4496.57,460,27,0
2026-05-19 17:43:00+00:00,4496.59,4497.7,4493.44,4493.73,396,28,0
2026-05-19 17:44:00+00:00,4493.74,4495.26,4492.92,4494.62,403,28,0
2026-05-19 17:45:00+00:00,4494.59,4496.25,4490.12,4491.56,436,27,0
2026-05-19 17:46:00+00:00,4491.55,4494.34,4490.84,4494.21,382,27,0
2026-05-19 17:47:00+00:00,4494.28,4495.06,4491.78,4491.87,427,28,0
2026-05-19 17:48:00+00:00,4491.89,4491.92,4487.76,4491.05,427,28,0
2026-05-19 17:49:00+00:00,4491.01,4491.59,4489.48,4490.04,417,20,0
2026-05-19 17:50:00+00:00,4490.09,4494.05,4489.39,4493.92,399,27,0
2026-05-19 17:51:00+00:00,4493.95,4493.95,4491.09,4491.79,388,27,0
2026-05-19 17:52:00+00:00,4491.77,4492.67,4490.85,4491.54,399,27,0
2026-05-19 17:53:00+00:00,4491.56,4491.99,4487.39,4487.58,407,28,0
2026-05-19 17:54:00+00:00,4487.68,4488.96,4486.18,4486.61,413,20,0
2026-05-19 17:55:00+00:00,4486.63,4491.0,4486.63,4491.0,389,27,0
2026-05-19 17:56:00+00:00,4491.02,4491.33,4488.7,4489.39,372,27,0
2026-05-19 17:57:00+00:00,4489.48,4492.71,4488.59,4492.01,379,26,0
2026-05-19 17:58:00+00:00,4492.0,4496.63,4491.97,4495.22,381,27,0
2026-05-19 17:59:00+00:00,4495.2,4495.88,4493.69,4494.04,300,26,0
2026-05-19 18:00:00+00:00,4494.04,4497.03,4493.99,4496.74,383,27,0
2026-05-19 18:01:00+00:00,4496.77,4498.63,4496.09,4496.87,420,25,0
2026-05-19 18:02:00+00:00,4496.95,4499.24,4496.56,4498.21,391,22,0
2026-05-19 18:03:00+00:00,4497.96,4499.04,4496.29,4498.44,383,23,0
2026-05-19 18:04:00+00:00,4498.45,4499.81,4496.59,4496.64,377,23,0
2026-05-19 18:05:00+00:00,4496.65,4497.03,4493.8,4494.24,395,20,0
2026-05-19 18:06:00+00:00,4494.24,4495.78,4492.54,4495.37,390,24,0
2026-05-19 18:07:00+00:00,4495.31,4495.77,4489.83,4490.99,411,24,0
2026-05-19 18:08:00+00:00,4490.97,4494.39,4490.64,4494.28,371,25,0
2026-05-19 18:09:00+00:00,4494.29,4499.86,4494.0,4498.24,374,20,0
2026-05-19 18:10:00+00:00,4498.23,4499.72,4496.52,4496.79,351,21,0
2026-05-19 18:11:00+00:00,4496.82,4498.31,4495.75,4496.38,378,23,0
2026-05-19 18:12:00+00:00,4496.5,4498.57,4495.56,4496.69,316,23,0
2026-05-19 18:13:00+00:00,4496.73,4498.27,4496.52,4497.71,339,26,0
2026-05-19 18:14:00+00:00,4497.74,4499.06,4495.78,4498.93,326,26,0
2026-05-19 18:15:00+00:00,4498.99,4501.04,4498.73,4499.69,339,26,0
2026-05-19 18:16:00+00:00,4499.69,4501.07,4498.25,4498.72,306,26,0
2026-05-19 18:17:00+00:00,4498.71,4500.76,4498.71,4500.09,323,26,0
2026-05-19 18:18:00+00:00,4500.12,4505.04,4499.98,4504.26,357,26,0
2026-05-19 18:19:00+00:00,4504.27,4504.39,4499.19,4500.44,340,25,0
2026-05-19 18:20:00+00:00,4500.42,4501.59,4499.07,4499.36,334,26,0
2026-05-19 18:21:00+00:00,4499.36,4502.15,4499.06,4500.69,377,27,0
2026-05-19 18:22:00+00:00,4500.73,4501.35,4496.85,4496.85,306,25,0
2026-05-19 18:23:00+00:00,4496.59,4497.43,4494.17,4494.44,324,20,0
2026-05-19 18:24:00+00:00,4494.4,4496.33,4493.85,4494.96,331,20,0
2026-05-19 18:25:00+00:00,4494.95,4497.83,4494.37,4497.09,369,22,0
2026-05-19 18:26:00+00:00,4497.07,4497.78,4496.27,4496.85,345,20,0
2026-05-19 18:27:00+00:00,4496.87,4499.61,4496.64,4499.45,295,20,0
2026-05-19 18:28:00+00:00,4499.44,4499.97,4497.61,4498.27,339,20,0
2026-05-19 18:29:00+00:00,4498.32,4499.75,4497.72,4498.81,328,20,0
2026-05-19 18:30:00+00:00,4498.62,4501.85,4497.89,4501.85,376,20,0
2026-05-19 18:31:00+00:00,4501.65,4507.6,4501.65,4506.9,428,20,0
2026-05-19 18:32:00+00:00,4506.91,4506.91,4504.16,4505.22,392,20,0
2026-05-19 18:33:00+00:00,4505.29,4506.11,4504.62,4504.96,361,20,0
2026-05-19 18:34:00+00:00,4504.93,4506.81,4503.63,4503.63,403,20,0
2026-05-19 18:35:00+00:00,4503.29,4503.29,4499.09,4499.34,396,23,0
2026-05-19 18:36:00+00:00,4499.39,4500.85,4498.88,4500.75,373,20,0
2026-05-19 18:37:00+00:00,4500.72,4504.46,4500.3,4504.31,383,20,0
2026-05-19 18:38:00+00:00,4504.24,4505.23,4503.42,4504.44,328,20,0
2026-05-19 18:39:00+00:00,4504.64,4505.08,4502.74,4503.04,298,20,0
2026-05-19 18:40:00+00:00,4502.78,4503.12,4501.06,4501.91,311,27,0
2026-05-19 18:41:00+00:00,4502.09,4503.84,4501.91,4502.57,291,26,0
2026-05-19 18:42:00+00:00,4502.54,4505.05,4502.18,4503.36,312,27,0
2026-05-19 18:43:00+00:00,4503.31,4503.56,4500.53,4500.97,338,20,0
2026-05-19 18:44:00+00:00,4500.98,4502.24,4500.98,4502.08,275,26,0
2026-05-19 18:45:00+00:00,4502.17,4503.48,4500.84,4500.89,318,26,0
2026-05-19 18:46:00+00:00,4500.73,4501.97,4500.39,4501.61,295,28,0
2026-05-19 18:47:00+00:00,4501.6,4501.81,4500.2,4501.78,239,27,0
2026-05-19 18:48:00+00:00,4501.79,4502.73,4501.15,4502.19,288,27,0
2026-05-19 18:49:00+00:00,4502.21,4504.02,4502.12,4504.02,249,26,0
2026-05-19 18:50:00+00:00,4503.95,4504.38,4501.95,4502.99,269,26,0
2026-05-19 18:51:00+00:00,4503.07,4504.3,4502.62,4503.07,240,26,0
2026-05-19 18:52:00+00:00,4503.0,4504.08,4502.7,4504.04,263,26,0
2026-05-19 18:53:00+00:00,4504.03,4505.58,4502.38,4503.05,313,20,0
2026-05-19 18:54:00+00:00,4503.07,4503.49,4501.73,4503.05,253,26,0
2026-05-19 18:55:00+00:00,4503.04,4506.1,4502.99,4505.71,282,26,0
2026-05-19 18:56:00+00:00,4505.68,4506.71,4505.0,4506.61,260,25,0
2026-05-19 18:57:00+00:00,4506.68,4509.13,4506.11,4507.34,290,26,0
2026-05-19 18:58:00+00:00,4507.36,4507.81,4506.53,4507.06,232,26,0
2026-05-19 18:59:00+00:00,4507.07,4509.21,4506.77,4508.33,348,26,0
2026-05-19 19:00:00+00:00,4508.55,4510.02,4508.23,4509.57,319,26,0
2026-05-19 19:01:00+00:00,4509.65,4509.68,4507.26,4507.33,287,26,0
2026-05-19 19:02:00+00:00,4507.39,4509.1,4506.47,4507.04,260,26,0
2026-05-19 19:03:00+00:00,4507.12,4507.75,4506.07,4506.13,249,26,0
2026-05-19 19:04:00+00:00,4505.99,4506.05,4505.21,4505.64,261,26,0
2026-05-19 19:05:00+00:00,4505.62,4505.62,4502.36,4502.36,300,23,0
2026-05-19 19:06:00+00:00,4502.05,4503.37,4500.76,4501.17,312,26,0
2026-05-19 19:07:00+00:00,4501.08,4502.29,4500.2,4502.21,299,23,0
2026-05-19 19:08:00+00:00,4502.19,4502.45,4500.85,4500.95,247,23,0
2026-05-19 19:09:00+00:00,4500.94,4501.17,4497.3,4498.37,319,23,0
2026-05-19 19:10:00+00:00,4498.35,4499.01,4496.19,4498.85,319,25,0
2026-05-19 19:11:00+00:00,4498.83,4499.84,4498.29,4498.67,297,23,0
2026-05-19 19:12:00+00:00,4498.71,4499.43,4497.66,4498.13,271,24,0
2026-05-19 19:13:00+00:00,4498.18,4500.08,4498.18,4499.41,258,20,0
2026-05-19 19:14:00+00:00,4499.33,4501.08,4499.0,4500.84,270,26,0
2026-05-19 19:15:00+00:00,4500.84,4502.94,4500.59,4500.99,264,26,0
2026-05-19 19:16:00+00:00,4501.04,4501.09,4499.06,4499.72,220,20,0
2026-05-19 19:17:00+00:00,4500.02,4500.72,4499.04,4500.45,224,26,0
2026-05-19 19:18:00+00:00,4500.4,4500.89,4498.72,4499.9,252,26,0
2026-05-19 19:19:00+00:00,4499.91,4500.58,4499.89,4500.3,266,26,0
2026-05-19 19:20:00+00:00,4500.31,4502.22,4500.1,4501.99,263,26,0
2026-05-19 19:21:00+00:00,4501.96,4502.36,4501.64,4501.87,238,26,0
2026-05-19 19:22:00+00:00,4501.86,4501.97,4500.58,4501.72,241,26,0
2026-05-19 19:23:00+00:00,4501.74,4504.28,4501.69,4504.28,168,26,0
2026-05-19 19:24:00+00:00,4504.35,4505.86,4503.76,4505.59,258,26,0
2026-05-19 19:25:00+00:00,4505.7,4509.23,4505.7,4508.6,322,26,0
2026-05-19 19:26:00+00:00,4508.63,4511.95,4507.83,4508.25,351,26,0
2026-05-19 19:27:00+00:00,4508.31,4508.94,4507.17,4508.67,239,26,0
2026-05-19 19:28:00+00:00,4508.76,4509.85,4508.19,4508.35,273,20,0
2026-05-19 19:29:00+00:00,4508.34,4509.25,4508.04,4508.64,256,26,0
2026-05-19 19:30:00+00:00,4508.45,4509.29,4507.6,4508.13,305,26,0
2026-05-19 19:31:00+00:00,4508.14,4511.46,4508.14,4510.13,339,20,0
2026-05-19 19:32:00+00:00,4510.2,4512.34,4509.0,4509.83,371,26,0
2026-05-19 19:33:00+00:00,4509.74,4509.74,4507.86,4508.36,297,20,0
2026-05-19 19:34:00+00:00,4508.38,4508.86,4506.66,4507.33,230,20,0
2026-05-19 19:35:00+00:00,4507.33,4508.82,4507.31,4508.52,266,20,0
2026-05-19 19:36:00+00:00,4508.46,4508.78,4505.79,4507.46,311,20,0
2026-05-19 19:37:00+00:00,4507.48,4508.41,4506.74,4506.96,224,20,0
2026-05-19 19:38:00+00:00,4506.99,4509.73,4506.45,4508.17,262,20,0
2026-05-19 19:39:00+00:00,4508.19,4509.33,4507.93,4508.63,216,20,0
2026-05-19 19:40:00+00:00,4508.76,4509.15,4507.15,4507.72,235,20,0
2026-05-19 19:41:00+00:00,4507.53,4508.74,4506.78,4508.72,253,20,0
2026-05-19 19:42:00+00:00,4508.69,4509.35,4506.39,4506.65,252,20,0
2026-05-19 19:43:00+00:00,4506.65,4507.55,4505.79,4506.3,206,20,0
2026-05-19 19:44:00+00:00,4506.31,4506.7,4505.56,4505.89,191,20,0
2026-05-19 19:45:00+00:00,4505.91,4506.47,4505.19,4505.5,199,20,0
2026-05-19 19:46:00+00:00,4505.53,4506.2,4505.0,4505.24,231,20,0
2026-05-19 19:47:00+00:00,4505.21,4506.01,4504.58,4506.01,229,20,0
2026-05-19 19:48:00+00:00,4506.02,4506.1,4505.0,4505.46,196,20,0
2026-05-19 19:49:00+00:00,4505.42,4506.21,4504.82,4505.94,242,20,0
2026-05-19 19:50:00+00:00,4505.95,4506.32,4504.78,4504.9,227,20,0
2026-05-19 19:51:00+00:00,4504.8,4506.57,4504.71,4506.26,196,20,0
2026-05-19 19:52:00+00:00,4506.23,4507.65,4506.23,4507.15,243,20,0
2026-05-19 19:53:00+00:00,4507.09,4507.75,4505.63,4505.87,201,26,0
2026-05-19 19:54:00+00:00,4505.88,4505.89,4504.95,4505.44,162,25,0
2026-05-19 19:55:00+00:00,4505.6,4506.22,4504.94,4505.31,188,25,0
2026-05-19 19:56:00+00:00,4505.3,4506.03,4504.78,4506.03,175,26,0
2026-05-19 19:57:00+00:00,4506.17,4508.2,4505.7,4508.15,199,25,0
2026-05-19 19:58:00+00:00,4508.24,4508.41,4507.32,4508.32,181,26,0
2026-05-19 19:59:00+00:00,4508.41,4509.21,4507.55,4507.61,224,25,0
2026-05-19 20:00:00+00:00,4507.53,4508.31,4506.75,4507.48,263,26,0
2026-05-19 20:01:00+00:00,4507.75,4509.65,4506.94,4507.58,292,23,0
2026-05-19 20:02:00+00:00,4507.59,4507.73,4506.91,4507.13,233,26,0
2026-05-19 20:03:00+00:00,4507.15,4507.41,4506.31,4506.94,248,20,0
2026-05-19 20:04:00+00:00,4506.81,4507.13,4505.84,4506.79,278,20,0
2026-05-19 20:05:00+00:00,4506.81,4507.81,4506.48,4506.97,239,20,0
2026-05-19 20:06:00+00:00,4506.93,4507.35,4505.81,4505.86,222,20,0
2026-05-19 20:07:00+00:00,4505.89,4507.53,4505.85,4507.4,205,20,0
2026-05-19 20:08:00+00:00,4507.38,4509.31,4506.91,4508.57,225,20,0
2026-05-19 20:09:00+00:00,4508.53,4508.57,4507.05,4508.06,194,20,0
2026-05-19 20:10:00+00:00,4508.1,4508.18,4506.24,4507.03,205,20,0
2026-05-19 20:11:00+00:00,4507.03,4507.52,4506.58,4507.22,172,20,0
2026-05-19 20:12:00+00:00,4507.25,4508.47,4506.38,4508.19,221,20,0
2026-05-19 20:13:00+00:00,4508.22,4509.11,4507.71,4508.59,199,20,0
2026-05-19 20:14:00+00:00,4508.54,4510.71,4508.54,4510.26,226,20,0
2026-05-19 20:15:00+00:00,4510.33,4510.51,4509.2,4509.2,231,26,0
2026-05-19 20:16:00+00:00,4509.23,4510.99,4509.23,4509.42,210,26,0
2026-05-19 20:17:00+00:00,4509.44,4510.9,4509.14,4509.14,180,26,0
2026-05-19 20:18:00+00:00,4509.17,4509.42,4507.74,4507.76,208,26,0
2026-05-19 20:19:00+00:00,4507.74,4508.32,4507.68,4508.32,116,26,0
2026-05-19 20:20:00+00:00,4508.02,4508.02,4506.04,4506.05,212,26,0
2026-05-19 20:21:00+00:00,4505.9,4507.67,4505.83,4507.29,194,26,0
2026-05-19 20:22:00+00:00,4507.33,4507.5,4506.61,4507.31,173,26,0
2026-05-19 20:23:00+00:00,4507.35,4507.6,4505.96,4506.07,192,22,0
2026-05-19 20:24:00+00:00,4506.15,4506.27,4503.36,4503.54,303,23,0
2026-05-19 20:25:00+00:00,4503.62,4505.13,4503.62,4504.19,250,22,0
2026-05-19 20:26:00+00:00,4504.23,4506.11,4504.15,4505.49,217,20,0
2026-05-19 20:27:00+00:00,4505.56,4507.02,4504.7,4504.7,229,22,0
2026-05-19 20:28:00+00:00,4504.63,4506.06,4504.05,4505.99,207,22,0
2026-05-19 20:29:00+00:00,4506.11,4508.33,4506.11,4506.92,324,24,0
2026-05-19 20:30:00+00:00,4506.92,4507.73,4506.37,4507.48,188,21,0
2026-05-19 20:31:00+00:00,4507.52,4508.3,4507.19,4507.5,187,21,0
2026-05-19 20:32:00+00:00,4507.58,4507.81,4505.63,4507.29,213,21,0
2026-05-19 20:33:00+00:00,4507.31,4507.32,4506.45,4506.72,172,20,0
2026-05-19 20:34:00+00:00,4506.71,4507.03,4503.9,4504.1,260,20,0
2026-05-19 20:35:00+00:00,4504.11,4504.64,4503.58,4504.5,257,20,0
2026-05-19 20:36:00+00:00,4504.49,4505.47,4504.19,4505.46,195,20,0
2026-05-19 20:37:00+00:00,4505.51,4505.8,4504.42,4505.8,192,20,0
2026-05-19 20:38:00+00:00,4505.87,4505.95,4504.67,4504.93,200,20,0
2026-05-19 20:39:00+00:00,4504.92,4506.81,4503.66,4506.81,288,20,0
2026-05-19 20:40:00+00:00,4506.84,4506.85,4502.82,4503.02,406,20,0
2026-05-19 20:41:00+00:00,4503.02,4504.8,4502.71,4504.31,313,20,0
2026-05-19 20:42:00+00:00,4504.35,4504.54,4503.63,4504.52,242,20,0
2026-05-19 20:43:00+00:00,4504.53,4504.53,4503.41,4503.75,224,20,0
2026-05-19 20:44:00+00:00,4503.74,4504.83,4503.65,4504.42,151,25,0
2026-05-19 20:45:00+00:00,4504.44,4504.79,4502.56,4502.71,201,26,0
2026-05-19 20:46:00+00:00,4502.69,4502.69,4500.43,4500.55,244,20,0
2026-05-19 20:47:00+00:00,4500.63,4501.84,4500.43,4501.67,240,26,0
2026-05-19 20:48:00+00:00,4501.63,4502.67,4501.1,4502.21,204,26,0
2026-05-19 20:49:00+00:00,4502.14,4502.24,4500.63,4500.72,183,26,0
2026-05-19 20:50:00+00:00,4500.72,4501.46,4500.23,4500.43,234,26,0
2026-05-19 20:51:00+00:00,4500.38,4501.69,4500.04,4501.63,205,22,0
2026-05-19 20:52:00+00:00,4501.65,4501.69,4499.87,4500.17,203,22,0
2026-05-19 20:53:00+00:00,4500.07,4500.45,4499.64,4500.11,231,22,0
2026-05-19 20:54:00+00:00,4500.08,4500.29,4499.09,4499.55,184,22,0
2026-05-19 20:55:00+00:00,4499.6,4500.12,4499.38,4499.59,227,22,0
2026-05-19 20:56:00+00:00,4499.6,4500.61,4499.42,4499.96,166,23,0
2026-05-19 20:57:00+00:00,4499.92,4500.3,4499.5,4500.21,193,21,0
2026-05-19 20:58:00+00:00,4500.29,4501.17,4500.2,4500.6,198,22,0
2026-05-19 20:59:00+00:00,4500.61,4501.31,4500.52,4500.77,165,25,0
2026-05-19 21:00:00+00:00,4500.79,4501.55,4500.47,4500.68,238,25,0
2026-05-19 21:01:00+00:00,4500.73,4501.08,4499.77,4500.39,263,25,0
2026-05-19 21:02:00+00:00,4500.41,4501.21,4500.17,4500.52,193,26,0
2026-05-19 21:03:00+00:00,4500.44,4501.57,4500.44,4500.55,204,25,0
2026-05-19 21:04:00+00:00,4500.66,4501.14,4500.28,4500.99,173,21,0
2026-05-19 21:05:00+00:00,4500.98,4501.82,4500.97,4501.49,192,20,0
2026-05-19 21:06:00+00:00,4501.52,4501.71,4499.78,4499.84,190,22,0
2026-05-19 21:07:00+00:00,4499.84,4501.97,4499.71,4501.97,184,21,0
2026-05-19 21:08:00+00:00,4502.01,4502.51,4501.32,4502.42,200,22,0
2026-05-19 21:09:00+00:00,4502.48,4503.63,4502.18,4503.08,219,20,0
2026-05-19 21:10:00+00:00,4503.11,4503.46,4501.95,4502.39,198,20,0
2026-05-19 21:11:00+00:00,4502.38,4503.02,4502.25,4502.9,176,20,0
2026-05-19 21:12:00+00:00,4502.92,4503.48,4502.57,4503.02,162,20,0
2026-05-19 21:13:00+00:00,4503.0,4503.2,4501.72,4502.0,171,20,0
2026-05-19 21:14:00+00:00,4501.97,4501.99,4500.9,4500.9,183,20,0
2026-05-19 21:15:00+00:00,4500.81,4501.94,4500.8,4501.42,215,20,0
2026-05-19 21:16:00+00:00,4501.43,4501.54,4500.27,4500.74,231,20,0
2026-05-19 21:17:00+00:00,4500.73,4501.05,4499.69,4500.58,223,20,0
2026-05-19 21:18:00+00:00,4500.52,4500.58,4499.87,4500.27,199,25,0
2026-05-19 21:19:00+00:00,4500.28,4500.36,4499.51,4499.68,129,26,0
2026-05-19 21:20:00+00:00,4499.68,4499.7,4497.8,4499.01,271,24,0
2026-05-19 21:21:00+00:00,4499.05,4499.53,4497.99,4498.89,245,20,0
2026-05-19 21:22:00+00:00,4498.89,4498.99,4495.51,4497.53,286,23,0
2026-05-19 21:23:00+00:00,4497.5,4498.1,4496.93,4497.76,286,22,0
2026-05-19 21:24:00+00:00,4497.74,4498.85,4497.18,4498.55,246,22,0
2026-05-19 21:25:00+00:00,4498.5,4499.31,4498.38,4499.11,225,21,0
2026-05-19 21:26:00+00:00,4499.14,4500.07,4498.61,4499.97,250,22,0
2026-05-19 21:27:00+00:00,4499.97,4499.97,4497.41,4497.46,322,20,0
2026-05-19 21:28:00+00:00,4497.6,4497.95,4496.71,4496.91,292,25,0
2026-05-19 21:29:00+00:00,4496.9,4497.63,4495.81,4495.99,283,26,0
2026-05-19 21:30:00+00:00,4495.95,4495.95,4493.28,4494.37,360,26,0
2026-05-19 21:31:00+00:00,4494.33,4495.81,4493.81,4495.71,262,23,0
2026-05-19 21:32:00+00:00,4495.67,4497.04,4494.97,4496.89,263,24,0
2026-05-19 21:33:00+00:00,4496.88,4498.95,4496.16,4498.47,250,23,0
2026-05-19 21:34:00+00:00,4498.46,4498.46,4497.19,4497.72,183,21,0
2026-05-19 21:35:00+00:00,4497.73,4498.17,4497.4,4498.07,203,21,0
2026-05-19 21:36:00+00:00,4498.28,4498.49,4497.05,4497.25,195,22,0
2026-05-19 21:37:00+00:00,4497.13,4498.3,4496.22,4498.3,213,20,0
2026-05-19 21:38:00+00:00,4498.34,4499.01,4497.8,4498.96,230,21,0
2026-05-19 21:39:00+00:00,4499.0,4500.02,4498.26,4499.83,197,21,0
2026-05-19 21:40:00+00:00,4499.84,4500.14,4498.9,4499.51,224,26,0
2026-05-19 21:41:00+00:00,4499.58,4500.5,4498.56,4500.39,211,21,0
2026-05-19 21:42:00+00:00,4500.48,4500.73,4498.75,4498.91,224,26,0
2026-05-19 21:43:00+00:00,4498.92,4499.27,4498.2,4498.52,216,26,0
2026-05-19 21:44:00+00:00,4498.52,4499.09,4498.42,4499.03,168,26,0
2026-05-19 21:45:00+00:00,4498.98,4499.0,4498.03,4498.49,170,26,0
2026-05-19 21:46:00+00:00,4498.57,4499.29,4498.24,4499.02,215,25,0
2026-05-19 21:47:00+00:00,4498.97,4499.93,4498.67,4498.71,218,26,0
2026-05-19 21:48:00+00:00,4498.69,4499.37,4498.4,4499.33,198,26,0
2026-05-19 21:49:00+00:00,4499.36,4499.52,4498.58,4499.28,207,20,0
2026-05-19 21:50:00+00:00,4499.31,4499.56,4498.43,4498.53,193,26,0
2026-05-19 21:51:00+00:00,4498.5,4498.5,4497.74,4498.11,213,26,0
2026-05-19 21:52:00+00:00,4498.12,4498.62,4497.62,4497.81,187,26,0
2026-05-19 21:53:00+00:00,4497.84,4497.86,4494.89,4495.09,218,26,0
2026-05-19 21:54:00+00:00,4495.21,4495.49,4493.57,4493.79,222,22,0
2026-05-19 21:55:00+00:00,4493.75,4493.75,4490.28,4492.05,336,26,0
2026-05-19 21:56:00+00:00,4492.04,4494.43,4491.54,4494.31,336,20,0
2026-05-19 21:57:00+00:00,4494.32,4494.51,4493.65,4494.26,261,26,0
2026-05-19 21:58:00+00:00,4494.26,4494.73,4493.77,4493.78,221,20,0
2026-05-19 21:59:00+00:00,4493.76,4493.95,4492.75,4493.56,275,26,0
2026-05-19 22:00:00+00:00,4493.45,4496.45,4493.22,4496.02,284,26,0
2026-05-19 22:01:00+00:00,4496.06,4496.51,4494.43,4495.07,258,20,0
2026-05-19 22:02:00+00:00,4495.02,4495.1,4493.86,4493.99,292,20,0
2026-05-19 22:03:00+00:00,4493.99,4494.38,4493.75,4494.14,235,20,0
2026-05-19 22:04:00+00:00,4494.17,4494.18,4493.11,4493.82,237,20,0
2026-05-19 22:05:00+00:00,4493.85,4495.66,4493.85,4495.5,206,20,0
2026-05-19 22:06:00+00:00,4495.48,4495.92,4494.71,4495.02,221,20,0
2026-05-19 22:07:00+00:00,4495.08,4495.26,4494.3,4494.98,210,20,0
2026-05-19 22:08:00+00:00,4494.88,4495.87,4494.81,4495.73,182,20,0
2026-05-19 22:09:00+00:00,4495.71,4496.24,4495.46,4495.46,208,20,0
2026-05-19 22:10:00+00:00,4495.48,4496.72,4495.39,4496.68,245,20,0
2026-05-19 22:11:00+00:00,4496.69,4496.97,4495.16,4495.49,265,20,0
2026-05-19 22:12:00+00:00,4495.53,4495.85,4495.17,4495.74,172,20,0
2026-05-19 22:13:00+00:00,4495.69,4496.03,4495.32,4496.02,164,23,0
2026-05-19 22:14:00+00:00,4496.0,4497.56,4495.98,4496.9,203,22,0
2026-05-19 22:15:00+00:00,4496.94,4497.27,4494.75,4495.17,240,23,0
2026-05-19 22:16:00+00:00,4495.18,4495.37,4494.14,4494.37,214,24,0
2026-05-19 22:17:00+00:00,4494.39,4494.48,4492.37,4493.28,237,25,0
2026-05-19 22:18:00+00:00,4493.31,4493.85,4492.35,4492.52,221,22,0
2026-05-19 22:19:00+00:00,4492.5,4492.96,4492.02,4492.7,200,23,0
2026-05-19 22:20:00+00:00,4492.67,4493.0,4491.22,4491.35,248,24,0
2026-05-19 22:21:00+00:00,4491.32,4492.14,4491.0,4491.2,218,20,0
2026-05-19 22:22:00+00:00,4491.18,4491.19,4488.79,4488.83,258,23,0
2026-05-19 22:23:00+00:00,4488.76,4489.31,4486.82,4486.89,249,22,0
2026-05-19 22:24:00+00:00,4486.87,4488.32,4486.49,4486.64,316,23,0
2026-05-19 22:25:00+00:00,4486.65,4487.22,4485.6,4487.11,301,23,0
2026-05-19 22:26:00+00:00,4487.25,4487.62,4486.23,4487.48,236,22,0
2026-05-19 22:27:00+00:00,4487.49,4488.16,4486.16,4487.85,230,22,0
2026-05-19 22:28:00+00:00,4487.84,4488.77,4487.74,4488.36,203,24,0
2026-05-19 22:29:00+00:00,4488.42,4488.53,4486.95,4487.04,194,24,0
2026-05-19 22:30:00+00:00,4487.08,4489.49,4487.08,4488.27,228,20,0
2026-05-19 22:31:00+00:00,4488.26,4488.28,4487.22,4488.08,221,26,0
2026-05-19 22:32:00+00:00,4488.13,4489.81,4488.13,4489.42,233,26,0
2026-05-19 22:33:00+00:00,4489.35,4489.38,4486.3,4486.36,228,26,0
2026-05-19 22:34:00+00:00,4486.39,4487.63,4486.17,4486.34,215,26,0
2026-05-19 22:35:00+00:00,4486.43,4488.15,4486.23,4487.62,236,26,0
2026-05-19 22:36:00+00:00,4487.63,4488.18,4486.91,4487.1,203,26,0
2026-05-19 22:37:00+00:00,4487.03,4488.18,4486.95,4488.01,196,26,0
2026-05-19 22:38:00+00:00,4488.02,4488.76,4487.56,4488.31,210,24,0
2026-05-19 22:39:00+00:00,4488.3,4488.6,4487.44,4487.58,213,24,0
2026-05-19 22:40:00+00:00,4487.53,4487.71,4485.86,4487.37,228,25,0
2026-05-19 22:41:00+00:00,4487.42,4487.47,4486.41,4487.23,208,24,0
2026-05-19 22:42:00+00:00,4487.24,4488.2,4486.92,4487.12,178,25,0
2026-05-19 22:43:00+00:00,4487.14,4487.96,4487.03,4487.96,193,23,0
2026-05-19 22:44:00+00:00,4487.97,4488.69,4487.68,4488.24,210,23,0
2026-05-19 22:45:00+00:00,4488.13,4488.77,4487.4,4487.65,226,23,0
2026-05-19 22:46:00+00:00,4487.63,4487.82,4486.97,4487.05,198,24,0
2026-05-19 22:47:00+00:00,4487.07,4487.1,4485.94,4486.37,189,24,0
2026-05-19 22:48:00+00:00,4486.36,4487.21,4486.2,4486.73,199,24,0
2026-05-19 22:49:00+00:00,4486.71,4487.38,4486.34,4486.57,236,24,0
2026-05-19 22:50:00+00:00,4486.09,4486.95,4485.77,4486.73,268,24,0
2026-05-19 22:51:00+00:00,4486.58,4486.61,4484.76,4484.77,259,25,0
2026-05-19 22:52:00+00:00,4484.88,4485.22,4483.97,4484.31,263,23,0
2026-05-19 22:53:00+00:00,4484.32,4485.06,4484.16,4484.86,193,22,0
2026-05-19 22:54:00+00:00,4484.9,4484.92,4483.55,4483.66,263,22,0
2026-05-19 22:55:00+00:00,4483.68,4483.88,4481.78,4483.7,321,20,0
2026-05-19 22:56:00+00:00,4483.72,4483.89,4483.21,4483.63,202,23,0
2026-05-19 22:57:00+00:00,4483.55,4483.87,4482.2,4482.2,232,20,0
2026-05-19 22:58:00+00:00,4482.16,4482.44,4481.23,4482.15,336,20,0
2026-05-19 22:59:00+00:00,4482.03,4483.34,4481.69,4483.33,366,20,0
2026-05-19 23:00:00+00:00,4483.35,4483.58,4480.88,4481.56,258,20,0
2026-05-19 23:01:00+00:00,4481.58,4484.11,4481.23,4483.82,244,20,0
2026-05-19 23:02:00+00:00,4483.9,4483.99,4482.46,4482.64,172,20,0
2026-05-19 23:03:00+00:00,4482.69,4482.69,4481.56,4482.18,181,20,0
2026-05-19 23:04:00+00:00,4482.04,4482.94,4481.96,4482.43,140,20,0
2026-05-19 23:05:00+00:00,4482.39,4483.26,4481.86,4481.89,144,20,0
2026-05-19 23:06:00+00:00,4481.86,4483.38,4481.57,4483.31,156,20,0
2026-05-19 23:07:00+00:00,4483.34,4484.03,4483.07,4483.15,145,20,0
2026-05-19 23:08:00+00:00,4483.13,4485.4,4483.07,4485.3,132,20,0
2026-05-19 23:09:00+00:00,4485.32,4486.12,4485.21,4485.36,133,20,0
2026-05-19 23:10:00+00:00,4485.4,4486.36,4485.4,4485.66,138,26,0
2026-05-19 23:11:00+00:00,4485.64,4487.06,4485.52,4486.77,142,26,0
2026-05-19 23:12:00+00:00,4486.77,4486.77,4485.23,4485.23,106,26,0
2026-05-19 23:13:00+00:00,4485.21,4485.48,4484.23,4485.4,110,26,0
2026-05-19 23:14:00+00:00,4485.36,4485.95,4485.16,4485.48,77,26,0
2026-05-19 23:15:00+00:00,4485.45,4485.66,4484.64,4484.67,106,26,0
2026-05-19 23:16:00+00:00,4484.62,4485.13,4484.23,4485.09,85,26,0
2026-05-19 23:17:00+00:00,4485.2,4485.22,4483.39,4484.35,119,26,0
2026-05-19 23:18:00+00:00,4484.2,4485.2,4484.1,4485.14,119,26,0
2026-05-19 23:19:00+00:00,4485.22,4485.66,4484.67,4485.37,110,26,0
2026-05-19 23:20:00+00:00,4485.37,4486.21,4485.27,4485.39,102,26,0
2026-05-19 23:21:00+00:00,4485.52,4486.48,4484.99,4486.1,92,26,0
2026-05-19 23:22:00+00:00,4486.17,4486.44,4485.78,4485.86,79,20,0
2026-05-19 23:23:00+00:00,4485.86,4488.11,4485.85,4487.49,122,22,0
2026-05-19 23:24:00+00:00,4487.49,4487.58,4486.83,4487.33,121,22,0
2026-05-19 23:25:00+00:00,4487.32,4487.51,4486.42,4486.65,97,22,0
2026-05-19 23:26:00+00:00,4486.61,4486.62,4485.81,4485.87,101,20,0
2026-05-19 23:27:00+00:00,4485.88,4486.63,4485.63,4486.31,84,22,0
2026-05-19 23:28:00+00:00,4486.28,4486.57,4485.82,4485.84,91,22,0
2026-05-19 23:29:00+00:00,4485.85,4486.91,4485.85,4486.15,95,20,0
2026-05-19 23:30:00+00:00,4486.2,4486.28,4484.89,4484.91,103,22,0
2026-05-19 23:31:00+00:00,4484.93,4484.93,4483.27,4483.87,102,20,0
2026-05-19 23:32:00+00:00,4483.87,4484.09,4483.5,4483.56,92,20,0
2026-05-19 23:33:00+00:00,4483.59,4484.21,4483.47,4484.04,89,21,0
2026-05-19 23:34:00+00:00,4483.99,4484.19,4483.76,4483.9,70,21,0
2026-05-19 23:35:00+00:00,4483.87,4484.35,4483.87,4483.87,77,21,0
2026-05-19 23:36:00+00:00,4483.89,4484.57,4483.85,4484.3,91,26,0
2026-05-19 23:37:00+00:00,4484.3,4484.64,4483.84,4483.87,81,25,0
2026-05-19 23:38:00+00:00,4483.83,4483.91,4483.15,4483.36,76,24,0
2026-05-19 23:39:00+00:00,4483.52,4483.83,4483.21,4483.21,122,25,0
2026-05-19 23:40:00+00:00,4483.21,4483.5,4482.71,4482.73,76,25,0
2026-05-19 23:41:00+00:00,4482.73,4483.23,4482.28,4482.8,94,21,0
2026-05-19 23:42:00+00:00,4482.82,4482.86,4482.04,4482.15,73,21,0
2026-05-19 23:43:00+00:00,4482.16,4483.65,4481.99,4483.62,137,20,0
2026-05-19 23:44:00+00:00,4483.61,4484.48,4483.37,4483.4,96,20,0
2026-05-19 23:45:00+00:00,4483.39,4483.93,4482.69,4483.29,108,20,0
2026-05-19 23:46:00+00:00,4483.26,4483.55,4482.6,4483.54,104,20,0
2026-05-19 23:47:00+00:00,4483.53,4484.0,4483.43,4483.64,90,20,0
2026-05-19 23:48:00+00:00,4483.64,4484.22,4483.54,4483.92,97,20,0
2026-05-19 23:49:00+00:00,4483.89,4483.95,4483.08,4483.15,87,20,0
2026-05-19 23:50:00+00:00,4483.18,4483.64,4483.02,4483.31,95,20,0
2026-05-19 23:51:00+00:00,4483.18,4483.5,4482.81,4482.84,83,20,0
2026-05-19 23:52:00+00:00,4482.89,4483.14,4482.6,4482.88,55,26,0
2026-05-19 23:53:00+00:00,4482.88,4482.95,4482.25,4482.57,82,26,0
2026-05-19 23:54:00+00:00,4482.55,4484.14,4482.31,4482.55,117,26,0
2026-05-19 23:55:00+00:00,4482.58,4483.68,4482.22,4483.68,71,26,0
2026-05-19 23:56:00+00:00,4483.75,4484.05,4483.69,4483.86,52,26,0
2026-05-19 23:57:00+00:00,4483.81,4484.01,4481.75,4481.91,125,26,0
2026-05-19 23:58:00+00:00,4481.9,4482.43,4481.63,4481.97,109,26,0
2026-05-20 01:00:00+00:00,4482.09,4483.83,4480.27,4481.67,280,33,0
2026-05-20 01:01:00+00:00,4481.83,4482.88,4481.27,4482.48,103,33,0
2026-05-20 01:02:00+00:00,4482.39,4483.54,4481.8,4483.42,108,33,0
2026-05-20 01:03:00+00:00,4483.43,4484.28,4482.04,4484.16,94,33,0
2026-05-20 01:04:00+00:00,4484.12,4484.85,4484.01,4484.39,75,33,0
2026-05-20 01:05:00+00:00,4484.42,4484.48,4482.4,4483.11,37,32,0
2026-05-20 01:06:00+00:00,4483.13,4484.34,4483.13,4484.31,20,32,0
2026-05-20 01:07:00+00:00,4484.37,4485.65,4484.31,4484.71,38,32,0
2026-05-20 01:08:00+00:00,4484.78,4485.65,4484.14,4484.91,47,32,0
2026-05-20 01:09:00+00:00,4485.14,4485.14,4483.75,4484.45,52,30,0
2026-05-20 01:10:00+00:00,4484.31,4484.53,4483.99,4484.32,37,31,0
2026-05-20 01:11:00+00:00,4484.35,4484.42,4482.94,4482.98,48,30,0
2026-05-20 01:12:00+00:00,4482.82,4483.65,4482.52,4483.18,52,31,0
2026-05-20 01:13:00+00:00,4483.26,4483.96,4483.26,4483.65,17,31,0
2026-05-20 01:14:00+00:00,4483.67,4484.19,4482.6,4482.75,57,33,0
2026-05-20 01:15:00+00:00,4482.78,4482.85,4479.75,4480.32,110,33,0
2026-05-20 01:16:00+00:00,4480.3,4480.3,4478.45,4479.12,102,33,0
2026-05-20 01:17:00+00:00,4479.13,4480.57,4478.99,4479.1,79,33,0
2026-05-20 01:18:00+00:00,4479.11,4479.28,4477.98,4479.27,78,33,0
2026-05-20 01:19:00+00:00,4479.13,4480.31,4478.9,4479.85,93,33,0
2026-05-20 01:20:00+00:00,4479.87,4480.63,4479.75,4480.37,168,30,0
2026-05-20 01:21:00+00:00,4480.26,4480.27,4479.28,4479.37,125,31,0
2026-05-20 01:22:00+00:00,4479.36,4480.05,4479.27,4480.03,102,32,0
2026-05-20 01:23:00+00:00,4480.08,4480.98,4479.75,4480.95,166,30,0
2026-05-20 01:24:00+00:00,4480.98,4481.22,4480.56,4480.63,101,32,0
2026-05-20 01:25:00+00:00,4480.61,4480.66,4479.95,4480.66,140,29,0
2026-05-20 01:26:00+00:00,4480.67,4480.72,4479.75,4480.28,146,30,0
2026-05-20 01:27:00+00:00,4480.33,4480.59,4479.75,4479.96,92,31,0
2026-05-20 01:28:00+00:00,4479.96,4480.21,4478.41,4479.06,130,30,0
2026-05-20 01:29:00+00:00,4479.11,4479.33,4478.8,4479.32,101,30,0
2026-05-20 01:30:00+00:00,4479.36,4479.48,4477.43,4479.02,199,28,0
2026-05-20 01:31:00+00:00,4479.07,4479.58,4477.52,4477.61,217,31,0
2026-05-20 01:32:00+00:00,4477.6,4479.17,4477.28,4479.14,187,31,0
2026-05-20 01:33:00+00:00,4479.15,4481.29,4479.15,4481.11,201,30,0
2026-05-20 01:34:00+00:00,4481.03,4484.05,4480.26,4483.38,247,30,0
2026-05-20 01:35:00+00:00,4483.43,4485.7,4483.41,4484.88,240,30,0
2026-05-20 01:36:00+00:00,4484.85,4485.03,4483.54,4484.2,246,29,0
2026-05-20 01:37:00+00:00,4484.03,4484.16,4481.3,4482.07,167,28,0
2026-05-20 01:38:00+00:00,4482.09,4482.21,4480.06,4480.22,167,29,0
2026-05-20 01:39:00+00:00,4480.18,4481.35,4479.89,4480.82,176,20,0
2026-05-20 01:40:00+00:00,4480.75,4483.21,4479.77,4481.77,240,26,0
2026-05-20 01:41:00+00:00,4481.74,4483.25,4481.4,4483.18,189,30,0
2026-05-20 01:42:00+00:00,4483.15,4483.7,4482.91,4483.62,114,30,0
2026-05-20 01:43:00+00:00,4483.55,4484.33,4482.84,4482.89,153,30,0
2026-05-20 01:44:00+00:00,4482.84,4483.45,4481.9,4481.95,171,30,0
2026-05-20 01:45:00+00:00,4481.88,4482.19,4480.66,4481.5,189,30,0
2026-05-20 01:46:00+00:00,4481.48,4481.88,4481.21,4481.72,147,30,0
2026-05-20 01:47:00+00:00,4481.71,4481.72,4479.95,4480.69,221,30,0
2026-05-20 01:48:00+00:00,4480.65,4483.61,4480.5,4482.91,213,30,0
2026-05-20 01:49:00+00:00,4482.95,4483.25,4481.85,4482.02,198,31,0
2026-05-20 01:50:00+00:00,4482.05,4482.87,4480.98,4481.26,211,31,0
2026-05-20 01:51:00+00:00,4481.22,4481.6,4479.44,4481.0,237,29,0
2026-05-20 01:52:00+00:00,4481.13,4481.13,4479.27,4479.78,222,30,0
2026-05-20 01:53:00+00:00,4479.77,4481.03,4479.46,4480.01,183,30,0
2026-05-20 01:54:00+00:00,4480.04,4481.44,4480.04,4481.11,163,30,0
2026-05-20 01:55:00+00:00,4481.25,4481.64,4481.06,4481.34,141,31,0
2026-05-20 01:56:00+00:00,4481.33,4483.21,4481.13,4482.72,248,30,0
2026-05-20 01:57:00+00:00,4482.76,4483.68,4482.38,4482.89,182,30,0
2026-05-20 01:58:00+00:00,4482.9,4483.87,4482.87,4483.25,177,30,0
2026-05-20 01:59:00+00:00,4483.21,4484.57,4483.16,4484.23,156,31,0
2026-05-20 02:00:00+00:00,4484.19,4484.2,4480.15,4480.5,261,30,0
2026-05-20 02:01:00+00:00,4480.39,4481.49,4479.84,4481.15,191,31,0
2026-05-20 02:02:00+00:00,4481.14,4482.79,4481.09,4482.77,144,30,0
2026-05-20 02:03:00+00:00,4482.65,4483.01,4481.7,4482.39,86,30,0
2026-05-20 02:04:00+00:00,4482.4,4483.84,4482.4,4483.4,80,30,0
2026-05-20 02:05:00+00:00,4483.44,4483.44,4481.54,4481.75,85,30,0
2026-05-20 02:06:00+00:00,4481.71,4483.59,4481.54,4483.36,90,30,0
2026-05-20 02:07:00+00:00,4483.43,4483.43,4482.25,4482.51,81,30,0
2026-05-20 02:08:00+00:00,4482.61,4484.55,4482.34,4483.59,91,30,0
2026-05-20 02:09:00+00:00,4483.53,4484.28,4483.46,4483.68,86,30,0
2026-05-20 02:10:00+00:00,4483.77,4485.14,4483.4,4484.05,137,30,0
2026-05-20 02:11:00+00:00,4483.97,4486.44,4483.92,4486.04,109,29,0
2026-05-20 02:12:00+00:00,4485.99,4486.6,4485.7,4485.95,96,30,0
2026-05-20 02:13:00+00:00,4485.93,4486.13,4485.25,4485.71,59,30,0
2026-05-20 02:14:00+00:00,4485.66,4486.15,4485.25,4486.15,60,30,0
2026-05-20 02:15:00+00:00,4486.01,4486.38,4485.46,4485.62,70,30,0
2026-05-20 02:16:00+00:00,4485.34,4485.34,4483.28,4484.26,89,30,0
2026-05-20 02:17:00+00:00,4484.21,4486.01,4484.21,4484.95,125,29,0
2026-05-20 02:18:00+00:00,4484.92,4486.43,4484.15,4486.43,132,29,0
2026-05-20 02:19:00+00:00,4486.42,4488.7,4485.74,4488.13,175,29,0
2026-05-20 02:20:00+00:00,4488.11,4488.52,4487.29,4487.29,101,30,0
2026-05-20 02:21:00+00:00,4487.27,4488.25,4486.85,4487.72,125,30,0
2026-05-20 02:22:00+00:00,4487.71,4488.38,4486.19,4486.6,158,29,0
2026-05-20 02:23:00+00:00,4486.61,4486.92,4484.92,4486.64,166,30,0
2026-05-20 02:24:00+00:00,4486.69,4486.97,4485.94,4486.75,137,30,0
2026-05-20 02:25:00+00:00,4486.7,4487.23,4486.68,4486.8,73,30,0
2026-05-20 02:26:00+00:00,4486.85,4487.54,4486.81,4487.23,72,30,0
2026-05-20 02:27:00+00:00,4487.18,4487.41,4486.7,4486.96,53,30,0
2026-05-20 02:28:00+00:00,4486.95,4487.05,4486.22,4486.57,54,30,0
2026-05-20 02:29:00+00:00,4486.59,4486.59,4485.59,4486.2,63,30,0
2026-05-20 02:30:00+00:00,4486.14,4487.83,4485.65,4487.78,107,31,0
2026-05-20 02:31:00+00:00,4487.77,4489.22,4487.77,4488.03,169,29,0
2026-05-20 02:32:00+00:00,4488.01,4490.56,4488.01,4490.33,132,30,0
2026-05-20 02:33:00+00:00,4490.1,4492.18,4490.1,4491.94,155,30,0
2026-05-20 02:34:00+00:00,4491.93,4493.64,4491.19,4493.19,292,30,0
2026-05-20 02:35:00+00:00,4493.18,4493.35,4490.9,4491.28,167,31,0
2026-05-20 02:36:00+00:00,4491.35,4491.58,4490.02,4490.13,104,31,0
2026-05-20 02:37:00+00:00,4490.16,4490.41,4489.3,4489.79,127,30,0
2026-05-20 02:38:00+00:00,4489.8,4493.58,4489.76,4493.42,133,29,0
2026-05-20 02:39:00+00:00,4493.38,4494.25,4492.91,4493.18,196,30,0
2026-05-20 02:40:00+00:00,4493.15,4493.49,4491.36,4493.21,179,30,0
2026-05-20 02:41:00+00:00,4493.2,4495.25,4492.53,4495.25,158,29,0
2026-05-20 02:42:00+00:00,4495.3,4496.19,4494.49,4495.98,152,30,0
2026-05-20 02:43:00+00:00,4496.01,4496.25,4495.17,4495.28,110,30,0
2026-05-20 02:44:00+00:00,4495.21,4495.24,4491.78,4492.28,154,30,0
2026-05-20 02:45:00+00:00,4491.92,4493.12,4491.18,4492.83,137,30,0
2026-05-20 02:46:00+00:00,4492.87,4494.01,4491.34,4491.51,149,30,0
2026-05-20 02:47:00+00:00,4491.48,4491.65,4489.83,4489.93,136,30,0
2026-05-20 02:48:00+00:00,4489.97,4493.9,4489.89,4493.89,131,30,0
2026-05-20 02:49:00+00:00,4493.91,4494.13,4493.05,4493.35,124,30,0
2026-05-20 02:50:00+00:00,4493.36,4494.52,4492.18,4492.32,141,30,0
2026-05-20 02:51:00+00:00,4492.36,4493.26,4492.26,4492.67,128,29,0
2026-05-20 02:52:00+00:00,4492.84,4492.99,4490.83,4491.33,201,30,0
2026-05-20 02:53:00+00:00,4491.34,4491.52,4490.63,4491.27,100,30,0
2026-05-20 02:54:00+00:00,4491.3,4491.73,4490.26,4490.93,105,29,0
2026-05-20 02:55:00+00:00,4490.97,4492.68,4490.66,4492.46,113,26,0
2026-05-20 02:56:00+00:00,4492.47,4492.73,4492.02,4492.17,91,30,0
2026-05-20 02:57:00+00:00,4492.26,4492.53,4490.67,4490.83,123,30,0
2026-05-20 02:58:00+00:00,4490.81,4491.11,4488.78,4488.8,172,30,0
2026-05-20 02:59:00+00:00,4488.77,4489.49,4488.17,4489.23,204,30,0
2026-05-20 03:00:00+00:00,4489.04,4489.27,4482.59,4483.34,342,25,0
2026-05-20 03:01:00+00:00,4483.39,4486.38,4483.39,4484.71,236,29,0
2026-05-20 03:02:00+00:00,4484.64,4489.77,4484.64,4489.77,206,30,0
2026-05-20 03:03:00+00:00,4489.81,4489.87,4486.67,4488.28,211,29,0
2026-05-20 03:04:00+00:00,4488.22,4489.84,4486.05,4486.1,146,29,0
2026-05-20 03:05:00+00:00,4486.28,4486.35,4482.71,4485.08,220,30,0
2026-05-20 03:06:00+00:00,4485.07,4485.98,4482.11,4485.84,224,29,0
2026-05-20 03:07:00+00:00,4485.71,4486.7,4481.82,4483.53,247,30,0
2026-05-20 03:08:00+00:00,4483.59,4483.63,4479.68,4480.95,255,30,0
2026-05-20 03:09:00+00:00,4481.0,4484.48,4480.92,4484.06,186,29,0
2026-05-20 03:10:00+00:00,4484.07,4489.16,4481.72,4489.11,346,26,0
2026-05-20 03:11:00+00:00,4489.07,4489.66,4486.57,4487.66,278,28,0
2026-05-20 03:12:00+00:00,4487.69,4490.26,4487.69,4490.26,296,28,0
2026-05-20 03:13:00+00:00,4490.23,4490.43,4487.07,4488.0,369,30,0
2026-05-20 03:14:00+00:00,4487.95,4489.74,4486.22,4488.48,361,30,0
2026-05-20 03:15:00+00:00,4488.53,4489.73,4484.39,4489.08,329,28,0
2026-05-20 03:16:00+00:00,4489.08,4490.51,4484.0,4484.47,279,30,0
2026-05-20 03:17:00+00:00,4484.54,4489.67,4483.4,4488.93,266,29,0
2026-05-20 03:18:00+00:00,4488.9,4488.9,4482.51,4485.69,303,29,0
2026-05-20 03:19:00+00:00,4485.39,4485.8,4482.79,4483.64,241,30,0
2026-05-20 03:20:00+00:00,4483.54,4485.91,4481.14,4484.71,352,29,0
2026-05-20 03:21:00+00:00,4484.68,4486.3,4482.85,4485.63,384,30,0
2026-05-20 03:22:00+00:00,4485.7,4486.62,4484.13,4486.19,333,30,0
2026-05-20 03:23:00+00:00,4486.15,4489.13,4485.7,4488.7,299,29,0
2026-05-20 03:24:00+00:00,4488.52,4491.32,4487.89,4491.19,307,30,0
2026-05-20 03:25:00+00:00,4491.42,4497.78,4490.07,4496.41,389,29,0
2026-05-20 03:26:00+00:00,4496.38,4499.11,4494.46,4495.23,404,29,0
2026-05-20 03:27:00+00:00,4495.24,4496.48,4494.12,4495.81,261,29,0
2026-05-20 03:28:00+00:00,4495.84,4498.35,4494.78,4497.87,329,29,0
2026-05-20 03:29:00+00:00,4497.91,4502.06,4497.33,4501.92,358,26,0
2026-05-20 03:30:00+00:00,4501.84,4507.26,4501.8,4507.0,415,28,0
2026-05-20 03:31:00+00:00,4507.32,4507.32,4503.71,4505.11,465,29,0
2026-05-20 03:32:00+00:00,4505.31,4506.91,4502.37,4502.71,447,29,0
2026-05-20 03:33:00+00:00,4502.76,4503.75,4500.23,4501.59,358,27,0
2026-05-20 03:34:00+00:00,4501.63,4503.24,4501.14,4502.99,282,30,0
2026-05-20 03:35:00+00:00,4503.07,4505.55,4501.93,4503.08,368,29,0
2026-05-20 03:36:00+00:00,4503.13,4503.74,4500.74,4502.0,345,30,0
2026-05-20 03:37:00+00:00,4501.95,4504.63,4500.96,4500.96,263,29,0
2026-05-20 03:38:00+00:00,4500.88,4503.87,4499.76,4503.29,394,30,0
2026-05-20 03:39:00+00:00,4503.38,4503.76,4501.38,4501.72,329,27,0
2026-05-20 03:40:00+00:00,4501.74,4506.01,4501.1,4505.82,313,30,0
2026-05-20 03:41:00+00:00,4505.81,4506.69,4504.9,4505.94,290,29,0
2026-05-20 03:42:00+00:00,4505.95,4506.09,4503.31,4503.31,255,28,0
2026-05-20 03:43:00+00:00,4503.29,4504.2,4502.45,4503.98,268,30,0
2026-05-20 03:44:00+00:00,4504.07,4506.07,4502.8,4505.16,282,30,0
2026-05-20 03:45:00+00:00,4505.17,4505.31,4503.09,4503.65,282,29,0
2026-05-20 03:46:00+00:00,4503.78,4506.19,4503.36,4506.06,325,29,0
2026-05-20 03:47:00+00:00,4505.94,4508.79,4505.43,4505.75,271,28,0
2026-05-20 03:48:00+00:00,4505.69,4505.91,4503.36,4505.07,263,29,0
2026-05-20 03:49:00+00:00,4505.0,4505.3,4503.85,4504.83,202,29,0
2026-05-20 03:50:00+00:00,4504.74,4505.37,4503.64,4503.89,227,28,0
2026-05-20 03:51:00+00:00,4503.91,4504.54,4501.95,4502.39,182,29,0
2026-05-20 03:52:00+00:00,4502.4,4502.77,4500.66,4500.96,186,28,0
2026-05-20 03:53:00+00:00,4501.08,4502.93,4501.0,4501.83,335,29,0
2026-05-20 03:54:00+00:00,4501.77,4504.73,4501.37,4503.44,454,29,0
2026-05-20 03:55:00+00:00,4503.46,4503.71,4501.5,4502.15,393,29,0
2026-05-20 03:56:00+00:00,4502.17,4502.31,4500.41,4501.08,341,30,0
2026-05-20 03:57:00+00:00,4501.11,4502.6,4500.05,4500.35,290,29,0
2026-05-20 03:58:00+00:00,4500.34,4500.37,4498.09,4498.7,292,29,0
2026-05-20 03:59:00+00:00,4498.85,4501.03,4498.85,4500.9,304,30,0
2026-05-20 04:00:00+00:00,4500.97,4506.25,4498.57,4498.83,507,24,0
2026-05-20 04:01:00+00:00,4498.74,4499.69,4495.72,4496.7,480,27,0
2026-05-20 04:02:00+00:00,4496.61,4498.61,4492.87,4494.6,413,28,0
2026-05-20 04:03:00+00:00,4494.59,4495.32,4490.07,4491.56,436,30,0
2026-05-20 04:04:00+00:00,4491.37,4495.45,4489.88,4493.78,433,30,0
2026-05-20 04:05:00+00:00,4493.79,4493.79,4489.75,4491.02,396,30,0
2026-05-20 04:06:00+00:00,4491.17,4491.83,4488.82,4489.85,380,29,0
2026-05-20 04:07:00+00:00,4489.69,4490.56,4488.66,4489.31,388,28,0
2026-05-20 04:08:00+00:00,4489.25,4492.54,4487.9,4491.9,354,30,0
2026-05-20 04:09:00+00:00,4492.01,4495.36,4491.84,4494.99,361,30,0
2026-05-20 04:10:00+00:00,4494.96,4500.34,4494.44,4499.07,465,30,0
2026-05-20 04:11:00+00:00,4499.06,4499.41,4495.98,4496.06,390,30,0
2026-05-20 04:12:00+00:00,4496.1,4497.28,4492.66,4493.38,398,30,0
2026-05-20 04:13:00+00:00,4493.36,4494.39,4491.33,4494.18,329,30,0
2026-05-20 04:14:00+00:00,4494.15,4494.31,4491.3,4492.4,239,30,0
2026-05-20 04:15:00+00:00,4492.49,4494.19,4491.78,4493.07,240,29,0
2026-05-20 04:16:00+00:00,4493.06,4496.17,4491.95,4495.57,313,30,0
2026-05-20 04:17:00+00:00,4495.53,4495.62,4491.88,4494.57,265,27,0
2026-05-20 04:18:00+00:00,4494.55,4495.8,4493.61,4494.31,217,30,0
2026-05-20 04:19:00+00:00,4494.32,4496.14,4493.14,4495.67,322,28,0
2026-05-20 04:20:00+00:00,4495.78,4496.58,4493.64,4493.82,220,30,0
2026-05-20 04:21:00+00:00,4493.88,4494.46,4491.76,4492.8,222,30,0
2026-05-20 04:22:00+00:00,4492.4,4493.35,4489.78,4489.85,202,29,0
2026-05-20 04:23:00+00:00,4489.76,4489.79,4486.06,4486.44,308,20,0
2026-05-20 04:24:00+00:00,4486.45,4487.05,4483.14,4484.52,320,30,0
2026-05-20 04:25:00+00:00,4484.57,4485.68,4483.11,4484.07,426,29,0
2026-05-20 04:26:00+00:00,4484.17,4484.7,4480.24,4480.63,392,30,0
2026-05-20 04:27:00+00:00,4480.52,4480.68,4476.47,4478.68,428,26,0
2026-05-20 04:28:00+00:00,4478.77,4479.85,4476.3,4477.08,363,29,0
2026-05-20 04:29:00+00:00,4477.17,4478.0,4472.77,4473.62,343,26,0
2026-05-20 04:30:00+00:00,4473.63,4474.47,4469.56,4470.56,452,29,0
2026-05-20 04:31:00+00:00,4470.69,4475.36,4470.4,4471.3,411,27,0
2026-05-20 04:32:00+00:00,4471.22,4473.81,4467.69,4473.73,439,28,0
2026-05-20 04:33:00+00:00,4473.63,4476.52,4472.79,4475.98,382,25,0
2026-05-20 04:34:00+00:00,4476.01,4476.93,4473.06,4473.27,415,28,0
2026-05-20 04:35:00+00:00,4473.29,4473.36,4467.82,4470.58,361,27,0
2026-05-20 04:36:00+00:00,4470.58,4470.58,4456.11,4460.51,532,28,0
2026-05-20 04:37:00+00:00,4460.43,4464.56,4460.29,4463.13,414,30,0
2026-05-20 04:38:00+00:00,4463.18,4466.84,4461.91,4466.63,334,25,0
2026-05-20 04:39:00+00:00,4466.66,4468.34,4464.96,4467.98,463,30,0
2026-05-20 04:40:00+00:00,4467.97,4468.09,4462.85,4464.37,463,29,0
2026-05-20 04:41:00+00:00,4464.34,4466.52,4461.72,4466.51,367,26,0
2026-05-20 04:42:00+00:00,4466.31,4467.89,4463.34,4466.64,351,26,0
2026-05-20 04:43:00+00:00,4466.55,4468.56,4466.08,4467.83,236,20,0
2026-05-20 04:44:00+00:00,4467.82,4469.08,4465.6,4466.67,280,30,0
2026-05-20 04:45:00+00:00,4466.79,4468.0,4463.18,4464.15,414,20,0
2026-05-20 04:46:00+00:00,4464.11,4465.83,4463.08,4463.43,444,30,0
2026-05-20 04:47:00+00:00,4463.49,4466.61,4463.48,4465.83,410,29,0
2026-05-20 04:48:00+00:00,4465.84,4470.5,4465.31,4470.36,366,30,0
2026-05-20 04:49:00+00:00,4470.3,4473.69,4469.18,4472.52,360,29,0
2026-05-20 04:50:00+00:00,4472.48,4488.52,4472.43,4482.81,564,21,0
2026-05-20 04:51:00+00:00,4482.91,4483.81,4474.98,4477.33,512,29,0
2026-05-20 04:52:00+00:00,4477.32,4478.98,4476.51,4477.89,381,28,0
2026-05-20 04:53:00+00:00,4477.79,4482.62,4476.94,4480.25,376,29,0
2026-05-20 04:54:00+00:00,4480.41,4481.86,4479.22,4481.61,261,29,0
2026-05-20 04:55:00+00:00,4481.68,4482.68,4480.84,4481.63,219,20,0
2026-05-20 04:56:00+00:00,4481.6,4482.44,4480.38,4481.52,262,29,0
2026-05-20 04:57:00+00:00,4481.47,4482.33,4479.4,4479.58,254,29,0
2026-05-20 04:58:00+00:00,4479.52,4480.87,4479.12,4480.0,230,30,0
2026-05-20 04:59:00+00:00,4479.93,4481.88,4478.75,4481.28,317,27,0
2026-05-20 05:00:00+00:00,4481.29,4482.82,4481.29,4482.37,378,29,0
2026-05-20 05:01:00+00:00,4482.41,4485.08,4481.65,4481.82,327,20,0
2026-05-20 05:02:00+00:00,4481.87,4483.89,4481.71,4482.22,267,29,0
2026-05-20 05:03:00+00:00,4482.16,4483.12,4480.23,4480.8,314,30,0
2026-05-20 05:04:00+00:00,4480.91,4485.16,4480.71,4485.16,332,28,0
2026-05-20 05:05:00+00:00,4485.05,4486.98,4484.05,4484.31,311,29,0
2026-05-20 05:06:00+00:00,4484.37,4485.18,4481.04,4481.3,279,29,0
2026-05-20 05:07:00+00:00,4481.27,4481.93,4479.08,4480.1,333,30,0
2026-05-20 05:08:00+00:00,4480.07,4481.56,4478.76,4480.79,380,30,0
2026-05-20 05:09:00+00:00,4480.78,4481.15,4478.56,4479.44,352,30,0
2026-05-20 05:10:00+00:00,4479.46,4480.11,4478.0,4479.71,245,29,0
2026-05-20 05:11:00+00:00,4479.72,4480.75,4476.89,4477.14,317,30,0
2026-05-20 05:12:00+00:00,4477.09,4479.14,4476.13,4478.34,302,30,0
2026-05-20 05:13:00+00:00,4478.39,4479.75,4477.48,4479.5,200,30,0
2026-05-20 05:14:00+00:00,4479.53,4481.84,4479.36,4481.26,271,30,0
2026-05-20 05:15:00+00:00,4481.3,4481.8,4479.92,4480.72,165,29,0
2026-05-20 05:16:00+00:00,4480.1,4482.63,4479.38,4481.89,299,30,0
2026-05-20 05:17:00+00:00,4481.89,4482.54,4478.87,4478.94,338,29,0
2026-05-20 05:18:00+00:00,4479.09,4479.71,4477.72,4478.02,218,30,0
2026-05-20 05:19:00+00:00,4477.83,4478.78,4476.47,4477.31,242,28,0
2026-05-20 05:20:00+00:00,4477.32,4481.16,4476.51,4480.68,297,29,0
2026-05-20 05:21:00+00:00,4480.67,4482.36,4480.65,4480.93,210,30,0
2026-05-20 05:22:00+00:00,4480.9,4484.07,4480.73,4483.57,290,30,0
2026-05-20 05:23:00+00:00,4483.58,4486.99,4483.04,4486.65,319,30,0
2026-05-20 05:24:00+00:00,4486.63,4486.85,4484.45,4484.53,223,20,0
2026-05-20 05:25:00+00:00,4484.58,4484.86,4481.29,4481.45,199,28,0
2026-05-20 05:26:00+00:00,4481.46,4481.66,4479.93,4480.82,223,29,0
2026-05-20 05:27:00+00:00,4480.84,4482.64,4479.89,4480.62,300,29,0
2026-05-20 05:28:00+00:00,4480.66,4483.55,4479.37,4483.36,308,30,0
2026-05-20 05:29:00+00:00,4483.31,4483.32,4481.41,4481.41,221,30,0
2026-05-20 05:30:00+00:00,4481.45,4483.39,4476.58,4477.33,431,27,0
2026-05-20 05:31:00+00:00,4477.22,4477.28,4469.33,4470.06,517,30,0
2026-05-20 05:32:00+00:00,4469.95,4470.59,4466.04,4469.39,524,28,0
2026-05-20 05:33:00+00:00,4469.35,4469.67,4465.89,4466.81,385,28,0
2026-05-20 05:34:00+00:00,4466.79,4471.43,4466.15,4470.5,420,30,0
2026-05-20 05:35:00+00:00,4470.4,4471.2,4466.7,4468.46,356,30,0
2026-05-20 05:36:00+00:00,4468.45,4469.78,4465.69,4467.68,360,29,0
2026-05-20 05:37:00+00:00,4467.6,4468.9,4465.76,4468.62,342,29,0
2026-05-20 05:38:00+00:00,4468.6,4470.31,4468.26,4469.41,270,29,0
2026-05-20 05:39:00+00:00,4469.44,4469.8,4467.49,4469.69,253,30,0
2026-05-20 05:40:00+00:00,4469.66,4470.61,4468.11,4469.95,333,30,0
2026-05-20 05:41:00+00:00,4469.96,4471.6,4469.17,4469.9,248,29,0
2026-05-20 05:42:00+00:00,4470.03,4470.12,4466.28,4466.38,259,29,0
2026-05-20 05:43:00+00:00,4466.32,4467.3,4462.22,4462.72,326,29,0
2026-05-20 05:44:00+00:00,4462.78,4464.81,4460.65,4460.65,267,29,0
2026-05-20 05:45:00+00:00,4460.64,4462.7,4460.29,4461.62,383,30,0
2026-05-20 05:46:00+00:00,4461.65,4462.2,4459.54,4460.54,374,30,0
2026-05-20 05:47:00+00:00,4460.73,4464.61,4460.37,4464.59,310,30,0
2026-05-20 05:48:00+00:00,4464.06,4464.43,4460.36,4462.36,210,30,0
2026-05-20 05:49:00+00:00,4462.44,4464.96,4461.7,4464.09,301,30,0
2026-05-20 05:50:00+00:00,4464.25,4464.98,4462.61,4464.97,313,30,0
2026-05-20 05:51:00+00:00,4464.98,4466.05,4464.42,4465.69,318,30,0
2026-05-20 05:52:00+00:00,4465.67,4465.8,4463.61,4464.8,243,29,0
2026-05-20 05:53:00+00:00,4464.79,4464.87,4462.21,4463.03,342,29,0
2026-05-20 05:54:00+00:00,4463.02,4463.91,4461.75,4463.29,336,27,0
2026-05-20 05:55:00+00:00,4463.24,4463.97,4462.55,4463.28,310,29,0
2026-05-20 05:56:00+00:00,4463.35,4463.66,4458.44,4459.08,433,28,0
2026-05-20 05:57:00+00:00,4459.09,4464.47,4458.82,4463.16,359,30,0
2026-05-20 05:58:00+00:00,4463.15,4465.85,4463.07,4464.83,311,28,0
2026-05-20 05:59:00+00:00,4464.77,4465.41,4463.59,4465.21,243,30,0
2026-05-20 06:00:00+00:00,4465.2,4465.53,4460.88,4461.54,326,28,0
2026-05-20 06:01:00+00:00,4461.58,4463.75,4459.94,4463.22,354,30,0
2026-05-20 06:02:00+00:00,4463.21,4465.93,4462.95,4465.01,280,29,0
2026-05-20 06:03:00+00:00,4465.05,4467.33,4464.66,4466.13,353,29,0
2026-05-20 06:04:00+00:00,4466.09,4466.48,4462.86,4463.19,265,30,0
2026-05-20 06:05:00+00:00,4463.16,4463.66,4458.71,4459.19,347,29,0
2026-05-20 06:06:00+00:00,4459.12,4460.62,4454.31,4456.26,433,27,0
2026-05-20 06:07:00+00:00,4456.34,4457.16,4453.63,4454.77,337,26,0
2026-05-20 06:08:00+00:00,4454.69,4458.02,4453.57,4457.62,292,20,0
2026-05-20 06:09:00+00:00,4457.57,4457.83,4455.46,4456.68,228,29,0
2026-05-20 06:10:00+00:00,4456.69,4460.24,4456.45,4459.6,294,28,0
2026-05-20 06:11:00+00:00,4459.62,4461.09,4458.15,4460.34,204,28,0
2026-05-20 06:12:00+00:00,4460.2,4460.55,4457.3,4458.86,180,30,0
2026-05-20 06:13:00+00:00,4458.85,4459.19,4456.05,4456.76,252,30,0
2026-05-20 06:14:00+00:00,4456.89,4458.07,4456.43,4457.84,141,30,0
2026-05-20 06:15:00+00:00,4457.89,4459.69,4457.18,4459.32,311,30,0
2026-05-20 06:16:00+00:00,4459.31,4462.44,4459.31,4462.15,210,27,0
2026-05-20 06:17:00+00:00,4462.2,4463.95,4462.02,4462.14,179,29,0
2026-05-20 06:18:00+00:00,4462.06,4463.27,4460.74,4461.82,150,29,0
2026-05-20 06:19:00+00:00,4461.75,4462.7,4460.89,4462.54,133,30,0
2026-05-20 06:20:00+00:00,4462.59,4463.21,4461.09,4461.38,180,29,0
2026-05-20 06:21:00+00:00,4461.19,4461.76,4460.22,4460.95,137,30,0
2026-05-20 06:22:00+00:00,4460.92,4462.89,4460.92,4461.84,157,30,0
2026-05-20 06:23:00+00:00,4461.7,4462.82,4461.04,4462.64,119,30,0
2026-05-20 06:24:00+00:00,4462.67,4462.71,4461.56,4462.31,180,30,0
2026-05-20 06:25:00+00:00,4462.34,4462.4,4460.23,4460.38,225,30,0
2026-05-20 06:26:00+00:00,4460.37,4463.88,4459.85,4463.67,308,30,0
2026-05-20 06:27:00+00:00,4463.66,4463.66,4461.66,4462.01,224,29,0
2026-05-20 06:28:00+00:00,4462.24,4464.26,4461.3,4461.3,250,30,0
2026-05-20 06:29:00+00:00,4461.36,4462.18,4460.68,4460.9,263,28,0
2026-05-20 06:30:00+00:00,4460.57,4461.79,4457.69,4458.18,367,30,0
2026-05-20 06:31:00+00:00,4458.3,4461.2,4458.15,4460.26,284,30,0
2026-05-20 06:32:00+00:00,4460.3,4460.52,4457.58,4459.08,238,30,0
2026-05-20 06:33:00+00:00,4459.13,4459.97,4457.59,4459.95,244,30,0
2026-05-20 06:34:00+00:00,4459.98,4460.22,4458.29,4458.72,156,29,0
2026-05-20 06:35:00+00:00,4458.74,4462.41,4458.61,4462.05,380,28,0
2026-05-20 06:36:00+00:00,4462.02,4464.48,4461.98,4464.11,286,28,0
2026-05-20 06:37:00+00:00,4464.14,4466.02,4464.14,4464.82,251,28,0
2026-05-20 06:38:00+00:00,4464.84,4465.74,4463.77,4464.07,169,30,0
2026-05-20 06:39:00+00:00,4463.99,4465.12,4463.64,4464.43,95,20,0
2026-05-20 06:40:00+00:00,4464.48,4466.05,4463.96,4465.66,176,29,0
2026-05-20 06:41:00+00:00,4465.75,4465.93,4462.29,4462.64,227,23,0
2026-05-20 06:42:00+00:00,4462.55,4463.14,4461.11,4461.79,170,29,0
2026-05-20 06:43:00+00:00,4461.75,4462.13,4460.57,4460.74,182,29,0
2026-05-20 06:44:00+00:00,4460.73,4461.88,4460.3,4460.52,191,29,0
2026-05-20 06:45:00+00:00,4460.89,4461.4,4459.52,4460.44,167,26,0
2026-05-20 06:46:00+00:00,4460.41,4461.16,4459.74,4460.39,129,20,0
2026-05-20 06:47:00+00:00,4460.28,4460.9,4460.1,4460.54,147,30,0
2026-05-20 06:48:00+00:00,4460.55,4460.62,4458.16,4458.58,131,28,0
2026-05-20 06:49:00+00:00,4458.43,4459.76,4458.19,4459.66,156,30,0
2026-05-20 06:50:00+00:00,4459.58,4460.05,4458.6,4459.75,183,29,0
2026-05-20 06:51:00+00:00,4459.78,4461.45,4459.44,4461.08,149,30,0
2026-05-20 06:52:00+00:00,4461.11,4461.11,4459.71,4459.82,117,30,0
2026-05-20 06:53:00+00:00,4459.63,4460.59,4459.39,4460.04,134,30,0
2026-05-20 06:54:00+00:00,4460.08,4460.65,4459.35,4460.23,151,30,0
2026-05-20 06:55:00+00:00,4460.77,4461.86,4460.1,4461.36,228,30,0
2026-05-20 06:56:00+00:00,4461.35,4462.33,4460.99,4461.57,215,30,0
2026-05-20 06:57:00+00:00,4461.55,4463.44,4461.51,4463.36,129,30,0
2026-05-20 06:58:00+00:00,4463.33,4465.11,4462.67,4465.0,127,29,0
2026-05-20 06:59:00+00:00,4464.84,4465.14,4463.49,4463.74,185,28,0
2026-05-20 07:00:00+00:00,4463.72,4468.95,4463.32,4468.58,350,26,0
2026-05-20 07:01:00+00:00,4468.57,4469.04,4466.58,4467.31,218,29,0
2026-05-20 07:02:00+00:00,4467.35,4470.08,4466.93,4468.47,298,28,0
2026-05-20 07:03:00+00:00,4468.32,4468.38,4465.69,4465.95,171,30,0
2026-05-20 07:04:00+00:00,4466.02,4468.96,4465.98,4468.8,122,27,0
2026-05-20 07:05:00+00:00,4468.85,4469.4,4468.15,4468.68,126,29,0
2026-05-20 07:06:00+00:00,4468.81,4469.27,4467.53,4467.6,93,28,0
2026-05-20 07:07:00+00:00,4467.66,4469.15,4467.14,4467.46,107,29,0
2026-05-20 07:08:00+00:00,4467.42,4467.89,4466.98,4467.15,105,29,0
2026-05-20 07:09:00+00:00,4467.12,4467.93,4466.79,4467.68,100,27,0
2026-05-20 07:10:00+00:00,4467.63,4468.22,4467.14,4467.6,108,26,0
2026-05-20 07:11:00+00:00,4467.62,4467.62,4465.48,4467.03,194,27,0
2026-05-20 07:12:00+00:00,4467.05,4467.43,4466.39,4466.8,241,30,0
2026-05-20 07:13:00+00:00,4466.69,4468.57,4466.34,4468.47,174,28,0
2026-05-20 07:14:00+00:00,4468.52,4469.58,4468.52,4469.19,108,29,0
2026-05-20 07:15:00+00:00,4469.2,4469.34,4468.2,4468.81,109,29,0
2026-05-20 07:16:00+00:00,4468.78,4470.62,4468.76,4469.16,190,28,0
2026-05-20 07:17:00+00:00,4469.19,4469.25,4468.29,4468.87,216,30,0
2026-05-20 07:18:00+00:00,4469.05,4470.1,4468.73,4469.71,196,26,0
2026-05-20 07:19:00+00:00,4469.66,4469.66,4465.61,4465.84,244,28,0
2026-05-20 07:20:00+00:00,4465.79,4465.94,4463.76,4463.8,231,28,0
2026-05-20 07:21:00+00:00,4463.79,4464.85,4463.66,4464.6,165,29,0
2026-05-20 07:22:00+00:00,4464.63,4466.75,4463.33,4466.74,158,28,0
2026-05-20 07:23:00+00:00,4466.72,4467.03,4465.71,4466.2,265,30,0
2026-05-20 07:24:00+00:00,4466.17,4466.94,4465.47,4466.8,248,30,0
2026-05-20 07:25:00+00:00,4466.81,4467.08,4465.23,4466.84,202,29,0
2026-05-20 07:26:00+00:00,4466.85,4467.21,4463.57,4463.76,253,20,0
2026-05-20 07:27:00+00:00,4463.75,4464.21,4462.32,4464.21,256,27,0
2026-05-20 07:28:00+00:00,4464.16,4465.61,4463.97,4465.28,208,30,0
2026-05-20 07:29:00+00:00,4465.25,4466.14,4464.48,4465.24,195,30,0
2026-05-20 07:30:00+00:00,4465.19,4465.9,4462.71,4463.21,127,29,0
2026-05-20 07:31:00+00:00,4463.28,4464.47,4463.28,4464.4,95,28,0
2026-05-20 07:32:00+00:00,4464.34,4464.34,4462.58,4463.06,175,29,0
2026-05-20 07:33:00+00:00,4463.21,4463.39,4462.42,4463.26,221,27,0
2026-05-20 07:34:00+00:00,4463.18,4463.24,4461.99,4462.7,327,29,0
2026-05-20 07:35:00+00:00,4462.74,4462.75,4460.88,4461.45,332,30,0
2026-05-20 07:36:00+00:00,4461.48,4462.33,4460.65,4462.07,265,30,0
2026-05-20 07:37:00+00:00,4462.4,4464.93,4462.04,4464.38,267,27,0
2026-05-20 07:38:00+00:00,4464.43,4465.6,4463.85,4464.02,253,29,0
2026-05-20 07:39:00+00:00,4464.03,4464.96,4464.01,4464.13,231,30,0
2026-05-20 07:40:00+00:00,4464.11,4465.27,4463.8,4465.17,224,30,0
2026-05-20 07:41:00+00:00,4465.16,4465.59,4462.92,4463.27,138,29,0
2026-05-20 07:42:00+00:00,4463.28,4463.76,4461.75,4461.77,93,29,0
2026-05-20 07:43:00+00:00,4461.76,4464.4,4460.64,4463.83,194,30,0
2026-05-20 07:44:00+00:00,4463.85,4463.91,4462.69,4463.12,144,30,0
2026-05-20 07:45:00+00:00,4463.17,4463.19,4460.91,4461.03,130,28,0
2026-05-20 07:46:00+00:00,4461.04,4461.31,4459.49,4459.83,197,30,0
2026-05-20 07:47:00+00:00,4459.9,4460.64,4457.74,4457.88,201,30,0
2026-05-20 07:48:00+00:00,4457.67,4458.89,4456.65,4458.65,249,27,0
2026-05-20 07:49:00+00:00,4458.66,4459.86,4458.05,4459.85,175,29,0
2026-05-20 07:50:00+00:00,4459.84,4461.94,4459.35,4461.85,251,29,0
2026-05-20 07:51:00+00:00,4461.9,4463.04,4460.97,4462.5,243,30,0
2026-05-20 07:52:00+00:00,4462.47,4462.47,4460.61,4461.12,93,30,0
2026-05-20 07:53:00+00:00,4461.09,4462.15,4460.94,4461.55,129,30,0
2026-05-20 07:54:00+00:00,4461.52,4461.55,4460.31,4461.21,125,30,0
2026-05-20 07:55:00+00:00,4461.24,4461.83,4460.01,4461.57,167,30,0
2026-05-20 07:56:00+00:00,4461.58,4462.78,4461.28,4462.62,116,30,0
2026-05-20 07:57:00+00:00,4462.68,4462.68,4459.88,4461.05,150,30,0
2026-05-20 07:58:00+00:00,4460.91,4461.81,4460.91,4461.58,103,30,0
2026-05-20 07:59:00+00:00,4461.68,4462.03,4461.08,4462.02,75,30,0
2026-05-20 08:00:00+00:00,4461.95,4465.71,4461.6,4465.47,193,29,0
2026-05-20 08:01:00+00:00,4465.52,4471.29,4465.33,4470.07,238,28,0
2026-05-20 08:02:00+00:00,4470.54,4471.41,4468.92,4469.12,398,30,0
2026-05-20 08:03:00+00:00,4469.15,4471.23,4468.67,4470.58,249,30,0
2026-05-20 08:04:00+00:00,4470.56,4471.57,4469.9,4470.99,200,29,0
2026-05-20 08:05:00+00:00,4470.92,4471.39,4469.43,4470.35,146,29,0
2026-05-20 08:06:00+00:00,4470.28,4472.89,4470.21,4470.42,338,29,0
2026-05-20 08:07:00+00:00,4470.43,4470.56,4467.62,4468.11,292,30,0
2026-05-20 08:08:00+00:00,4468.09,4469.2,4467.71,4468.68,169,29,0
2026-05-20 08:09:00+00:00,4468.66,4469.73,4467.73,4468.51,112,30,0
2026-05-20 08:10:00+00:00,4468.43,4468.57,4467.17,4467.35,136,28,0
2026-05-20 08:11:00+00:00,4467.33,4469.69,4467.27,4469.33,114,29,0
2026-05-20 08:12:00+00:00,4469.28,4469.7,4468.12,4468.92,96,30,0
2026-05-20 08:13:00+00:00,4469.1,4469.21,4468.07,4468.57,146,30,0
2026-05-20 08:14:00+00:00,4468.6,4469.44,4468.23,4469.32,104,30,0
2026-05-20 08:15:00+00:00,4469.29,4469.71,4467.73,4468.54,245,29,0
2026-05-20 08:16:00+00:00,4468.51,4468.61,4467.43,4468.22,180,30,0
2026-05-20 08:17:00+00:00,4468.29,4470.78,4468.06,4470.52,161,28,0
2026-05-20 08:18:00+00:00,4470.47,4471.71,4470.39,4471.65,183,30,0
2026-05-20 08:19:00+00:00,4471.6,4471.92,4470.74,4471.45,166,30,0
2026-05-20 08:20:00+00:00,4471.4,4472.94,4471.4,4472.73,261,27,0
2026-05-20 08:21:00+00:00,4472.72,4475.04,4472.48,4474.27,226,26,0
2026-05-20 08:22:00+00:00,4474.26,4475.27,4472.22,4474.52,220,28,0
2026-05-20 08:23:00+00:00,4474.48,4475.11,4471.72,4471.72,259,30,0
2026-05-20 08:24:00+00:00,4471.6,4472.25,4470.99,4470.99,206,28,0
2026-05-20 08:25:00+00:00,4471.03,4471.56,4467.55,4467.89,215,30,0
2026-05-20 08:26:00+00:00,4467.87,4469.51,4467.01,4469.4,289,29,0
2026-05-20 08:27:00+00:00,4469.32,4469.72,4467.99,4468.61,238,30,0
2026-05-20 08:28:00+00:00,4468.62,4470.13,4467.87,4469.83,209,30,0
2026-05-20 08:29:00+00:00,4469.85,4470.09,4468.19,4468.29,266,29,0
2026-05-20 08:30:00+00:00,4468.33,4475.75,4467.86,4475.71,452,27,0
2026-05-20 08:31:00+00:00,4475.89,4477.41,4474.73,4476.98,418,29,0
2026-05-20 08:32:00+00:00,4477.02,4478.77,4476.32,4476.59,470,29,0
2026-05-20 08:33:00+00:00,4476.63,4479.0,4476.42,4477.02,386,29,0
2026-05-20 08:34:00+00:00,4477.06,4477.33,4475.34,4477.12,350,29,0
2026-05-20 08:35:00+00:00,4477.1,4477.5,4475.18,4476.84,354,28,0
2026-05-20 08:36:00+00:00,4476.97,4477.31,4474.94,4476.3,387,29,0
2026-05-20 08:37:00+00:00,4476.27,4478.67,4476.27,4477.62,294,28,0
2026-05-20 08:38:00+00:00,4477.58,4478.2,4476.43,4476.83,308,29,0
2026-05-20 08:39:00+00:00,4476.86,4477.2,4475.6,4476.64,391,20,0
2026-05-20 08:40:00+00:00,4476.74,4477.97,4476.33,4476.55,224,29,0
2026-05-20 08:41:00+00:00,4476.53,4476.94,4474.9,4475.47,166,28,0
2026-05-20 08:42:00+00:00,4475.39,4476.27,4473.8,4473.84,114,29,0
2026-05-20 08:43:00+00:00,4473.8,4474.43,4473.29,4473.78,267,30,0
2026-05-20 08:44:00+00:00,4473.86,4474.0,4471.57,4472.33,218,29,0
2026-05-20 08:45:00+00:00,4472.27,4472.37,4469.37,4471.0,276,29,0
2026-05-20 08:46:00+00:00,4471.01,4471.16,4467.98,4468.38,325,30,0
2026-05-20 08:47:00+00:00,4468.4,4468.84,4465.35,4466.9,357,30,0
2026-05-20 08:48:00+00:00,4466.7,4466.72,4463.25,4464.0,299,28,0
2026-05-20 08:49:00+00:00,4464.07,4466.0,4463.54,4465.35,321,27,0
2026-05-20 08:50:00+00:00,4465.38,4466.74,4464.34,4464.75,392,30,0
2026-05-20 08:51:00+00:00,4464.68,4466.85,4464.44,4466.3,317,30,0
2026-05-20 08:52:00+00:00,4466.19,4471.89,4465.34,4471.59,382,27,0
2026-05-20 08:53:00+00:00,4471.59,4472.2,4470.93,4471.37,249,26,0
2026-05-20 08:54:00+00:00,4471.41,4472.4,4471.12,4471.39,204,26,0
2026-05-20 08:55:00+00:00,4471.4,4472.49,4471.2,4472.18,179,26,0
2026-05-20 08:56:00+00:00,4472.15,4474.27,4472.06,4474.2,233,26,0
2026-05-20 08:57:00+00:00,4474.29,4475.2,4472.49,4472.89,216,26,0
2026-05-20 08:58:00+00:00,4472.82,4473.63,4472.18,4472.56,229,26,0
2026-05-20 08:59:00+00:00,4472.57,4473.11,4471.61,4472.79,194,26,0
2026-05-20 09:00:00+00:00,4472.49,4477.54,4470.78,4475.82,394,26,0
2026-05-20 09:01:00+00:00,4475.86,4476.36,4474.39,4474.79,305,22,0
2026-05-20 09:02:00+00:00,4474.78,4474.8,4471.41,4472.18,289,26,0
2026-05-20 09:03:00+00:00,4472.2,4473.54,4471.37,4473.54,278,26,0
2026-05-20 09:04:00+00:00,4473.39,4474.44,4471.32,4472.79,274,26,0
2026-05-20 09:05:00+00:00,4472.8,4474.19,4471.62,4471.73,293,26,0
2026-05-20 09:06:00+00:00,4471.73,4472.71,4470.1,4470.23,287,26,0
2026-05-20 09:07:00+00:00,4470.24,4471.58,4469.09,4470.36,288,26,0
2026-05-20 09:08:00+00:00,4470.35,4474.26,4470.35,4473.65,267,26,0
2026-05-20 09:09:00+00:00,4473.64,4473.64,4469.06,4469.65,277,23,0
2026-05-20 09:10:00+00:00,4469.62,4470.49,4469.13,4469.36,258,26,0
2026-05-20 09:11:00+00:00,4469.39,4470.9,4469.03,4470.72,249,26,0
2026-05-20 09:12:00+00:00,4470.7,4471.01,4467.67,4467.91,289,25,0
2026-05-20 09:13:00+00:00,4467.93,4469.27,4467.51,4468.92,270,24,0
2026-05-20 09:14:00+00:00,4468.92,4471.9,4468.91,4471.9,281,23,0
2026-05-20 09:15:00+00:00,4472.11,4474.34,4471.92,4473.89,348,26,0
2026-05-20 09:16:00+00:00,4473.87,4475.81,4473.04,4474.74,294,24,0
2026-05-20 09:17:00+00:00,4474.76,4476.03,4474.4,4475.35,330,24,0
2026-05-20 09:18:00+00:00,4475.34,4475.52,4474.2,4474.96,285,24,0
2026-05-20 09:19:00+00:00,4474.98,4478.27,4474.35,4477.08,366,20,0
2026-05-20 09:20:00+00:00,4477.09,4477.56,4474.55,4475.04,335,26,0
2026-05-20 09:21:00+00:00,4475.05,4475.6,4472.66,4474.14,331,26,0
2026-05-20 09:22:00+00:00,4474.16,4475.94,4473.76,4474.61,298,29,0
2026-05-20 09:23:00+00:00,4474.38,4474.93,4471.78,4472.33,251,29,0
2026-05-20 09:24:00+00:00,4472.36,4472.98,4468.58,4468.63,315,28,0
2026-05-20 09:25:00+00:00,4468.64,4473.13,4467.85,4472.19,369,28,0
2026-05-20 09:26:00+00:00,4472.17,4472.29,4468.85,4471.64,339,28,0
2026-05-20 09:27:00+00:00,4471.64,4473.37,4470.99,4472.72,283,28,0
2026-05-20 09:28:00+00:00,4473.22,4474.19,4472.73,4473.58,228,28,0
2026-05-20 09:29:00+00:00,4474.01,4474.49,4471.17,4471.9,311,27,0
2026-05-20 09:30:00+00:00,4472.01,4472.48,4469.71,4470.3,322,20,0
2026-05-20 09:31:00+00:00,4470.28,4471.03,4468.63,4468.63,297,26,0
2026-05-20 09:32:00+00:00,4468.61,4469.13,4466.94,4467.98,268,26,0
2026-05-20 09:33:00+00:00,4467.65,4470.72,4467.33,4468.38,293,26,0
2026-05-20 09:34:00+00:00,4468.37,4469.82,4466.64,4466.85,253,26,0
2026-05-20 09:35:00+00:00,4466.78,4467.39,4463.0,4463.31,310,23,0
2026-05-20 09:36:00+00:00,4463.57,4464.91,4461.46,4464.91,302,26,0
2026-05-20 09:37:00+00:00,4464.87,4466.87,4464.78,4464.89,271,27,0
2026-05-20 09:38:00+00:00,4464.91,4468.17,4464.85,4467.27,286,26,0
2026-05-20 09:39:00+00:00,4467.25,4467.31,4465.9,4466.71,296,26,0
2026-05-20 09:40:00+00:00,4466.75,4466.82,4464.15,4465.7,297,26,0
2026-05-20 09:41:00+00:00,4465.74,4466.41,4463.89,4463.89,275,26,0
2026-05-20 09:42:00+00:00,4463.88,4466.65,4463.88,4466.03,282,23,0
2026-05-20 09:43:00+00:00,4466.05,4466.37,4465.13,4466.18,211,23,0
2026-05-20 09:44:00+00:00,4466.18,4467.01,4464.98,4466.99,235,24,0
2026-05-20 09:45:00+00:00,4467.0,4468.36,4466.34,4467.59,283,24,0
2026-05-20 09:46:00+00:00,4467.61,4467.64,4465.31,4466.28,270,23,0
2026-05-20 09:47:00+00:00,4466.29,4467.3,4466.07,4466.98,199,24,0
2026-05-20 09:48:00+00:00,4467.0,4467.82,4466.66,4466.71,206,25,0
2026-05-20 09:49:00+00:00,4466.73,4474.77,4466.63,4473.9,297,23,0
2026-05-20 09:50:00+00:00,4473.83,4476.48,4473.8,4476.11,329,26,0
2026-05-20 09:51:00+00:00,4476.14,4478.39,4475.85,4476.96,365,23,0
2026-05-20 09:52:00+00:00,4476.85,4478.15,4476.14,4476.47,315,26,0
2026-05-20 09:53:00+00:00,4476.47,4476.48,4472.44,4473.03,353,26,0
2026-05-20 09:54:00+00:00,4473.02,4474.82,4473.0,4474.82,294,26,0
2026-05-20 09:55:00+00:00,4474.97,4475.21,4471.84,4472.15,287,26,0
2026-05-20 09:56:00+00:00,4472.18,4475.08,4471.39,4474.79,270,26,0
2026-05-20 09:57:00+00:00,4474.76,4475.19,4473.69,4474.25,210,20,0
2026-05-20 09:58:00+00:00,4474.26,4474.56,4473.17,4474.24,245,26,0
2026-05-20 09:59:00+00:00,4474.34,4475.7,4474.06,4474.31,256,26,0
2026-05-20 10:00:00+00:00,4474.24,4475.74,4471.99,4475.39,397,27,0
2026-05-20 10:01:00+00:00,4475.4,4479.22,4474.88,4477.59,340,21,0
2026-05-20 10:02:00+00:00,4477.62,4478.69,4477.59,4478.29,260,26,0
2026-05-20 10:03:00+00:00,4478.32,4478.86,4476.93,4478.24,308,20,0
2026-05-20 10:04:00+00:00,4478.21,4478.21,4476.28,4477.24,230,26,0
2026-05-20 10:05:00+00:00,4477.13,4477.38,4475.28,4476.19,251,26,0
2026-05-20 10:06:00+00:00,4476.26,4478.03,4476.26,4477.92,237,20,0
2026-05-20 10:07:00+00:00,4477.86,4478.1,4476.83,4477.36,248,20,0
2026-05-20 10:08:00+00:00,4477.35,4478.78,4477.06,4478.55,248,20,0
2026-05-20 10:09:00+00:00,4478.51,4483.37,4477.86,4483.06,280,20,0
2026-05-20 10:10:00+00:00,4483.06,4483.44,4481.78,4481.91,267,20,0
2026-05-20 10:11:00+00:00,4481.97,4482.21,4480.25,4482.18,291,20,0
2026-05-20 10:12:00+00:00,4482.17,4485.12,4482.17,4482.48,240,20,0
2026-05-20 10:13:00+00:00,4482.48,4483.56,4481.81,4482.07,251,20,0
2026-05-20 10:14:00+00:00,4482.08,4483.28,4480.66,4481.22,259,20,0
2026-05-20 10:15:00+00:00,4481.22,4481.22,4479.39,4479.47,224,23,0
2026-05-20 10:16:00+00:00,4479.4,4480.04,4478.04,4478.52,279,24,0
2026-05-20 10:17:00+00:00,4478.58,4479.42,4477.87,4478.84,202,22,0
2026-05-20 10:18:00+00:00,4478.91,4480.34,4478.69,4479.64,188,21,0
2026-05-20 10:19:00+00:00,4479.65,4479.65,4477.94,4478.78,212,22,0
2026-05-20 10:20:00+00:00,4478.76,4482.16,4478.54,4481.71,264,26,0
2026-05-20 10:21:00+00:00,4481.72,4484.06,4481.03,4482.44,217,28,0
2026-05-20 10:22:00+00:00,4482.51,4482.61,4478.19,4478.75,217,27,0
2026-05-20 10:23:00+00:00,4478.74,4478.74,4476.44,4477.35,233,23,0
2026-05-20 10:24:00+00:00,4477.35,4480.48,4477.27,4480.28,223,23,0
2026-05-20 10:25:00+00:00,4480.42,4482.19,4480.42,4481.46,232,20,0
2026-05-20 10:26:00+00:00,4481.48,4481.66,4480.15,4480.68,221,26,0
2026-05-20 10:27:00+00:00,4480.71,4480.73,4479.59,4480.64,172,26,0
2026-05-20 10:28:00+00:00,4480.63,4481.95,4480.54,4481.94,191,26,0
2026-05-20 10:29:00+00:00,4481.93,4483.37,4481.29,4482.59,234,26,0
2026-05-20 10:30:00+00:00,4482.6,4485.86,4481.86,4484.97,264,26,0
2026-05-20 10:31:00+00:00,4484.97,4484.97,4480.86,4481.57,279,27,0
2026-05-20 10:32:00+00:00,4481.59,4482.02,4479.28,4479.6,220,27,0
2026-05-20 10:33:00+00:00,4479.63,4479.63,4477.57,4478.13,202,26,0
2026-05-20 10:34:00+00:00,4478.16,4478.87,4477.72,4478.21,197,26,0
2026-05-20 10:35:00+00:00,4478.22,4478.85,4477.55,4478.7,177,27,0
2026-05-20 10:36:00+00:00,4478.72,4479.22,4475.99,4476.56,255,27,0
2026-05-20 10:37:00+00:00,4476.57,4479.34,4476.34,4479.34,230,27,0
2026-05-20 10:38:00+00:00,4479.37,4480.3,4478.53,4478.98,219,27,0
2026-05-20 10:39:00+00:00,4479.03,4481.04,4479.03,4480.21,205,26,0
2026-05-20 10:40:00+00:00,4480.18,4481.76,4478.6,4481.7,257,26,0
2026-05-20 10:41:00+00:00,4481.86,4483.56,4481.24,4483.46,322,26,0
2026-05-20 10:42:00+00:00,4483.48,4483.48,4480.73,4481.69,261,27,0
2026-05-20 10:43:00+00:00,4481.7,4482.69,4481.7,4482.59,180,26,0
2026-05-20 10:44:00+00:00,4482.61,4483.31,4481.38,4481.39,218,20,0
2026-05-20 10:45:00+00:00,4481.37,4481.96,4479.79,4481.47,209,21,0
2026-05-20 10:46:00+00:00,4481.53,4481.78,4477.87,4478.05,195,20,0
2026-05-20 10:47:00+00:00,4478.13,4479.27,4477.29,4478.69,199,20,0
2026-05-20 10:48:00+00:00,4478.78,4479.25,4476.16,4477.54,218,26,0
2026-05-20 10:49:00+00:00,4477.57,4478.16,4476.97,4477.9,172,26,0
2026-05-20 10:50:00+00:00,4477.97,4478.79,4476.51,4477.22,165,26,0
2026-05-20 10:51:00+00:00,4477.14,4477.68,4476.77,4476.95,186,20,0
2026-05-20 10:52:00+00:00,4476.95,4477.48,4475.07,4476.07,258,20,0
2026-05-20 10:53:00+00:00,4476.08,4477.07,4475.54,4476.4,208,21,0
2026-05-20 10:54:00+00:00,4476.44,4479.07,4476.42,4479.07,230,26,0
2026-05-20 10:55:00+00:00,4479.08,4479.14,4477.31,4478.47,183,26,0
2026-05-20 10:56:00+00:00,4478.42,4479.76,4478.01,4478.57,181,26,0
2026-05-20 10:57:00+00:00,4478.54,4478.58,4476.84,4477.75,194,26,0
2026-05-20 10:58:00+00:00,4477.74,4478.43,4476.97,4477.88,185,20,0
2026-05-20 10:59:00+00:00,4477.88,4478.71,4477.77,4478.51,193,20,0
2026-05-20 11:00:00+00:00,4478.62,4479.36,4477.1,4478.73,247,20,0
2026-05-20 11:01:00+00:00,4478.71,4479.14,4476.75,4478.03,239,20,0
2026-05-20 11:02:00+00:00,4478.02,4478.55,4477.14,4478.1,241,20,0
2026-05-20 11:03:00+00:00,4478.08,4480.12,4477.94,4479.81,264,20,0
2026-05-20 11:04:00+00:00,4479.83,4481.47,4479.53,4481.12,203,20,0
2026-05-20 11:05:00+00:00,4481.19,4481.92,4480.51,4481.87,206,20,0
2026-05-20 11:06:00+00:00,4481.89,4483.2,4480.64,4483.18,227,20,0
2026-05-20 11:07:00+00:00,4483.14,4483.14,4480.62,4481.84,218,20,0
2026-05-20 11:08:00+00:00,4481.8,4482.33,4477.04,4478.8,273,21,0
2026-05-20 11:09:00+00:00,4478.81,4480.09,4478.5,4478.97,267,26,0
2026-05-20 11:10:00+00:00,4479.03,4479.62,4477.44,4479.21,284,26,0
2026-05-20 11:11:00+00:00,4479.22,4480.96,4479.06,4479.71,254,26,0
2026-05-20 11:12:00+00:00,4479.74,4483.19,4479.73,4482.15,293,26,0
2026-05-20 11:13:00+00:00,4482.05,4484.04,4481.87,4483.91,282,26,0
2026-05-20 11:14:00+00:00,4483.95,4484.09,4480.86,4482.35,230,26,0
2026-05-20 11:15:00+00:00,4482.31,4483.86,4481.59,4481.97,266,26,0
2026-05-20 11:16:00+00:00,4482.0,4482.25,4479.45,4480.89,268,26,0
2026-05-20 11:17:00+00:00,4480.8,4481.91,4480.17,4480.59,241,26,0
2026-05-20 11:18:00+00:00,4480.59,4481.61,4480.59,4481.37,179,26,0
2026-05-20 11:19:00+00:00,4481.41,4481.74,4479.72,4481.56,225,26,0
2026-05-20 11:20:00+00:00,4481.51,4482.03,4479.88,4480.14,280,26,0
2026-05-20 11:21:00+00:00,4480.12,4480.5,4478.25,4479.64,349,26,0
2026-05-20 11:22:00+00:00,4479.39,4482.23,4478.7,4481.7,271,26,0
2026-05-20 11:23:00+00:00,4481.66,4485.1,4480.89,4483.8,228,26,0
2026-05-20 11:24:00+00:00,4483.92,4486.38,4483.72,4484.14,313,26,0
2026-05-20 11:25:00+00:00,4484.19,4484.93,4483.1,4484.54,190,27,0
2026-05-20 11:26:00+00:00,4484.54,4484.77,4483.41,4483.51,169,26,0
2026-05-20 11:27:00+00:00,4483.5,4484.59,4482.81,4484.0,196,26,0
2026-05-20 11:28:00+00:00,4484.02,4484.47,4482.45,4483.24,218,26,0
2026-05-20 11:29:00+00:00,4483.25,4486.07,4482.62,4486.07,273,26,0
2026-05-20 11:30:00+00:00,4486.43,4489.33,4485.69,4486.19,391,26,0
2026-05-20 11:31:00+00:00,4486.17,4487.2,4485.76,4486.48,260,26,0
2026-05-20 11:32:00+00:00,4486.49,4487.42,4486.06,4486.14,256,26,0
2026-05-20 11:33:00+00:00,4486.12,4486.21,4482.97,4483.13,244,26,0
2026-05-20 11:34:00+00:00,4483.12,4484.42,4483.05,4483.08,220,26,0
2026-05-20 11:35:00+00:00,4483.1,4483.53,4480.63,4481.12,197,24,0
2026-05-20 11:36:00+00:00,4481.14,4481.6,4480.45,4480.89,166,26,0
2026-05-20 11:37:00+00:00,4480.87,4481.07,4478.64,4478.72,231,26,0
2026-05-20 11:38:00+00:00,4478.73,4484.25,4478.73,4483.81,324,20,0
2026-05-20 11:39:00+00:00,4483.82,4484.33,4482.69,4483.49,224,25,0
2026-05-20 11:40:00+00:00,4483.48,4483.74,4480.78,4481.45,237,26,0
2026-05-20 11:41:00+00:00,4481.51,4481.88,4479.35,4479.44,245,26,0
2026-05-20 11:42:00+00:00,4478.94,4478.94,4476.74,4478.38,255,26,0
2026-05-20 11:43:00+00:00,4478.34,4479.69,4477.97,4478.11,211,26,0
2026-05-20 11:44:00+00:00,4478.46,4479.98,4478.46,4479.25,197,26,0
2026-05-20 11:45:00+00:00,4479.27,4482.05,4479.1,4480.41,284,20,0
2026-05-20 11:46:00+00:00,4480.4,4482.82,4480.4,4482.37,268,20,0
2026-05-20 11:47:00+00:00,4482.34,4483.1,4481.17,4481.35,233,26,0
2026-05-20 11:48:00+00:00,4481.46,4481.99,4480.49,4480.91,267,26,0
2026-05-20 11:49:00+00:00,4480.89,4483.07,4480.82,4481.76,242,26,0
2026-05-20 11:50:00+00:00,4481.77,4483.84,4481.32,4483.44,227,26,0
2026-05-20 11:51:00+00:00,4483.42,4485.79,4483.28,4485.36,200,20,0
2026-05-20 11:52:00+00:00,4485.38,4486.72,4484.99,4486.7,259,20,0
2026-05-20 11:53:00+00:00,4486.73,4488.12,4486.63,4486.73,278,20,0
2026-05-20 11:54:00+00:00,4486.8,4489.45,4486.8,4489.2,233,20,0
2026-05-20 11:55:00+00:00,4489.2,4490.06,4487.39,4487.45,283,20,0
2026-05-20 11:56:00+00:00,4487.46,4488.1,4486.18,4486.71,260,20,0
2026-05-20 11:57:00+00:00,4486.76,4486.97,4483.51,4484.32,248,20,0
2026-05-20 11:58:00+00:00,4484.38,4485.83,4484.23,4485.35,158,20,0
2026-05-20 11:59:00+00:00,4485.36,4485.65,4483.94,4484.08,188,20,0
2026-05-20 12:00:00+00:00,4484.07,4485.44,4483.5,4485.27,205,20,0
2026-05-20 12:01:00+00:00,4485.24,4485.8,4483.66,4484.68,185,20,0
2026-05-20 12:02:00+00:00,4484.66,4485.66,4484.05,4485.64,220,20,0
2026-05-20 12:03:00+00:00,4485.64,4485.64,4484.24,4485.08,184,20,0
2026-05-20 12:04:00+00:00,4485.18,4485.97,4484.49,4484.49,195,20,0
2026-05-20 12:05:00+00:00,4484.51,4486.15,4484.32,4485.67,189,26,0
2026-05-20 12:06:00+00:00,4485.7,4486.05,4482.68,4482.68,222,23,0
2026-05-20 12:07:00+00:00,4482.62,4482.89,4481.53,4481.93,171,25,0
2026-05-20 12:08:00+00:00,4481.81,4483.28,4481.6,4483.1,215,26,0
2026-05-20 12:09:00+00:00,4483.12,4483.34,4481.59,4482.02,195,20,0
2026-05-20 12:10:00+00:00,4482.11,4482.34,4480.97,4481.54,195,25,0
2026-05-20 12:11:00+00:00,4481.52,4481.98,4481.27,4481.71,161,26,0
2026-05-20 12:12:00+00:00,4481.63,4482.03,4479.7,4480.79,284,26,0
2026-05-20 12:13:00+00:00,4480.78,4481.25,4480.03,4480.14,179,26,0
2026-05-20 12:14:00+00:00,4480.09,4480.48,4479.76,4480.2,224,25,0
2026-05-20 12:15:00+00:00,4480.13,4480.83,4479.28,4480.32,196,26,0
2026-05-20 12:16:00+00:00,4480.34,4481.28,4479.12,4479.22,203,26,0
2026-05-20 12:17:00+00:00,4479.18,4480.45,4479.06,4480.25,209,26,0
2026-05-20 12:18:00+00:00,4480.27,4482.36,4480.2,4481.27,195,25,0
2026-05-20 12:19:00+00:00,4481.3,4482.44,4481.21,4482.44,164,26,0
2026-05-20 12:20:00+00:00,4482.45,4483.6,4482.18,4482.64,186,26,0
2026-05-20 12:21:00+00:00,4482.65,4483.01,4481.23,4481.35,183,20,0
2026-05-20 12:22:00+00:00,4481.38,4482.33,4480.61,4481.18,184,26,0
2026-05-20 12:23:00+00:00,4481.2,4481.22,4479.15,4479.21,167,26,0
2026-05-20 12:24:00+00:00,4479.23,4480.64,4478.63,4479.36,184,26,0
2026-05-20 12:25:00+00:00,4479.27,4479.5,4478.05,4478.3,231,26,0
2026-05-20 12:26:00+00:00,4478.3,4478.81,4477.49,4478.39,191,20,0
2026-05-20 12:27:00+00:00,4478.47,4478.89,4476.6,4476.69,175,26,0
2026-05-20 12:28:00+00:00,4476.7,4477.97,4476.03,4476.21,183,26,0
2026-05-20 12:29:00+00:00,4476.18,4476.18,4472.73,4474.1,246,24,0
2026-05-20 12:30:00+00:00,4474.13,4477.99,4472.78,4476.23,368,26,0
2026-05-20 12:31:00+00:00,4476.25,4478.73,4476.25,4478.27,303,26,0
2026-05-20 12:32:00+00:00,4478.23,4480.19,4477.45,4480.15,208,28,0
2026-05-20 12:33:00+00:00,4480.21,4482.55,4479.79,4481.25,264,26,0
2026-05-20 12:34:00+00:00,4481.25,4482.86,4480.71,4482.31,240,26,0
2026-05-20 12:35:00+00:00,4482.33,4482.58,4480.08,4481.43,255,26,0
2026-05-20 12:36:00+00:00,4481.45,4482.77,4481.07,4482.39,176,26,0
2026-05-20 12:37:00+00:00,4482.39,4482.57,4480.8,4481.78,173,26,0
2026-05-20 12:38:00+00:00,4481.8,4482.46,4481.36,4481.62,157,26,0
2026-05-20 12:39:00+00:00,4481.64,4483.27,4481.0,4483.15,178,26,0
2026-05-20 12:40:00+00:00,4483.22,4484.02,4483.1,4483.64,174,26,0
2026-05-20 12:41:00+00:00,4483.69,4484.45,4482.99,4483.23,186,26,0
2026-05-20 12:42:00+00:00,4483.22,4484.76,4483.15,4484.2,178,26,0
2026-05-20 12:43:00+00:00,4484.17,4484.51,4483.86,4484.34,117,26,0
2026-05-20 12:44:00+00:00,4484.36,4484.76,4483.09,4483.14,150,26,0
2026-05-20 12:45:00+00:00,4483.22,4483.88,4482.73,4483.7,145,27,0
2026-05-20 12:46:00+00:00,4483.79,4483.91,4482.96,4483.9,151,26,0
2026-05-20 12:47:00+00:00,4483.86,4484.34,4481.78,4481.78,164,26,0
2026-05-20 12:48:00+00:00,4481.79,4482.66,4481.77,4482.6,152,27,0
2026-05-20 12:49:00+00:00,4482.59,4483.06,4482.22,4483.06,116,27,0
2026-05-20 12:50:00+00:00,4482.98,4483.44,4482.6,4482.87,160,27,0
2026-05-20 12:51:00+00:00,4482.97,4485.03,4482.88,4484.71,197,27,0
2026-05-20 12:52:00+00:00,4484.68,4490.04,4484.57,4488.46,265,24,0
2026-05-20 12:53:00+00:00,4488.51,4489.51,4488.16,4488.47,228,28,0
2026-05-20 12:54:00+00:00,4488.41,4489.36,4487.74,4489.36,190,27,0
2026-05-20 12:55:00+00:00,4489.41,4490.96,4488.91,4489.03,221,28,0
2026-05-20 12:56:00+00:00,4488.98,4490.5,4488.66,4489.17,212,27,0
2026-05-20 12:57:00+00:00,4489.15,4489.15,4486.45,4486.58,174,27,0
2026-05-20 12:58:00+00:00,4486.6,4486.75,4485.84,4485.84,134,27,0
2026-05-20 12:59:00+00:00,4485.78,4485.94,4484.41,4484.93,132,26,0
2026-05-20 13:00:00+00:00,4484.82,4485.9,4484.74,4485.67,187,24,0
2026-05-20 13:01:00+00:00,4485.56,4487.08,4485.44,4486.41,160,25,0
2026-05-20 13:02:00+00:00,4486.43,4487.4,4485.56,4486.88,192,27,0
2026-05-20 13:03:00+00:00,4486.88,4487.04,4485.87,4486.38,187,27,0
2026-05-20 13:04:00+00:00,4486.33,4486.99,4485.69,4485.91,164,27,0
2026-05-20 13:05:00+00:00,4485.93,4488.7,4485.93,4488.52,153,24,0
2026-05-20 13:06:00+00:00,4488.58,4490.06,4488.58,4489.79,160,26,0
2026-05-20 13:07:00+00:00,4489.73,4491.23,4489.67,4490.91,149,27,0
2026-05-20 13:08:00+00:00,4490.92,4492.23,4489.39,4489.39,191,27,0
2026-05-20 13:09:00+00:00,4489.36,4490.95,4489.36,4489.74,193,27,0
2026-05-20 13:10:00+00:00,4489.75,4490.94,4488.81,4489.64,170,27,0
2026-05-20 13:11:00+00:00,4489.54,4490.22,4487.93,4487.93,136,27,0
2026-05-20 13:12:00+00:00,4487.74,4488.11,4486.79,4487.28,165,27,0
2026-05-20 13:13:00+00:00,4487.3,4488.1,4486.8,4487.09,134,27,0
2026-05-20 13:14:00+00:00,4487.06,4488.06,4487.06,4488.01,106,27,0
2026-05-20 13:15:00+00:00,4488.01,4489.67,4487.2,4489.43,159,24,0
2026-05-20 13:16:00+00:00,4489.41,4490.02,4488.85,4489.81,150,24,0
2026-05-20 13:17:00+00:00,4489.75,4490.97,4489.52,4489.86,155,26,0
2026-05-20 13:18:00+00:00,4489.81,4490.09,4489.2,4489.2,128,26,0
2026-05-20 13:19:00+00:00,4489.12,4489.64,4488.21,4488.23,138,26,0
2026-05-20 13:20:00+00:00,4488.28,4489.44,4488.1,4489.3,137,26,0
2026-05-20 13:21:00+00:00,4489.34,4492.15,4489.19,4492.12,193,26,0
2026-05-20 13:22:00+00:00,4492.04,4492.5,4490.66,4491.15,181,26,0
2026-05-20 13:23:00+00:00,4491.25,4491.36,4490.65,4491.24,160,26,0
2026-05-20 13:24:00+00:00,4491.23,4491.66,4490.37,4491.39,174,26,0
2026-05-20 13:25:00+00:00,4491.38,4492.12,4490.99,4491.86,149,26,0
2026-05-20 13:26:00+00:00,4491.89,4491.98,4490.81,4491.23,132,26,0
2026-05-20 13:27:00+00:00,4491.25,4491.73,4490.55,4491.02,153,26,0
2026-05-20 13:28:00+00:00,4490.99,4491.41,4490.57,4490.94,118,26,0
2026-05-20 13:29:00+00:00,4490.91,4491.23,4488.69,4488.91,173,26,0
2026-05-20 13:30:00+00:00,4489.01,4489.64,4488.56,4489.22,149,26,0
2026-05-20 13:31:00+00:00,4489.19,4491.77,4489.05,4491.39,162,26,0
2026-05-20 13:32:00+00:00,4491.37,4491.69,4490.65,4491.6,160,26,0
2026-05-20 13:33:00+00:00,4491.61,4491.74,4490.26,4491.33,140,26,0
2026-05-20 13:34:00+00:00,4491.32,4492.5,4491.32,4492.5,136,28,0
2026-05-20 13:35:00+00:00,4492.45,4496.31,4492.23,4495.98,248,27,0
2026-05-20 13:36:00+00:00,4495.92,4497.03,4493.94,4495.12,276,28,0
2026-05-20 13:37:00+00:00,4495.13,4496.85,4494.4,4495.85,245,24,0
2026-05-20 13:38:00+00:00,4495.83,4496.33,4495.51,4495.57,210,27,0
2026-05-20 13:39:00+00:00,4495.6,4496.69,4495.5,4495.64,194,28,0
2026-05-20 13:40:00+00:00,4495.62,4496.47,4494.82,4495.08,152,27,0
2026-05-20 13:41:00+00:00,4495.06,4496.36,4495.02,4496.22,208,28,0
2026-05-20 13:42:00+00:00,4496.24,4496.68,4495.32,4495.96,200,26,0
2026-05-20 13:43:00+00:00,4495.95,4496.08,4494.95,4495.4,192,27,0
2026-05-20 13:44:00+00:00,4495.39,4496.58,4493.85,4494.27,192,28,0
2026-05-20 13:45:00+00:00,4494.29,4494.62,4492.89,4493.85,198,28,0
2026-05-20 13:46:00+00:00,4493.84,4493.89,4492.9,4493.56,168,26,0
2026-05-20 13:47:00+00:00,4493.58,4495.69,4493.46,4494.22,224,26,0
2026-05-20 13:48:00+00:00,4494.24,4494.7,4492.56,4492.81,174,26,0
2026-05-20 13:49:00+00:00,4492.79,4493.36,4492.06,4492.44,183,26,0
2026-05-20 13:50:00+00:00,4492.51,4492.97,4490.35,4490.79,212,26,0
2026-05-20 13:51:00+00:00,4490.81,4492.64,4490.63,4491.75,185,26,0
2026-05-20 13:52:00+00:00,4491.73,4492.14,4491.18,4491.61,145,26,0
2026-05-20 13:53:00+00:00,4491.59,4493.71,4491.48,4493.06,190,26,0
2026-05-20 13:54:00+00:00,4493.07,4494.98,4492.68,4494.6,155,26,0
2026-05-20 13:55:00+00:00,4494.59,4494.68,4492.57,4492.8,185,24,0
2026-05-20 13:56:00+00:00,4492.8,4493.36,4492.5,4493.12,159,25,0
2026-05-20 13:57:00+00:00,4493.32,4494.69,4493.31,4494.13,164,26,0
2026-05-20 13:58:00+00:00,4494.15,4494.48,4493.62,4494.11,151,24,0
2026-05-20 13:59:00+00:00,4494.16,4494.69,4493.52,4494.62,184,24,0
2026-05-20 14:00:00+00:00,4494.6,4494.93,4493.81,4494.23,226,26,0
2026-05-20 14:01:00+00:00,4494.35,4495.8,4493.93,4495.8,205,26,0
2026-05-20 14:02:00+00:00,4495.73,4496.62,4494.2,4494.51,200,24,0
2026-05-20 14:03:00+00:00,4494.52,4494.66,4492.73,4494.53,208,25,0
2026-05-20 14:04:00+00:00,4494.56,4494.82,4493.59,4494.27,181,26,0
2026-05-20 14:05:00+00:00,4494.3,4495.76,4494.3,4494.89,157,26,0
2026-05-20 14:06:00+00:00,4494.91,4495.84,4494.35,4495.53,153,24,0
2026-05-20 14:07:00+00:00,4495.52,4495.56,4494.09,4494.49,170,26,0
2026-05-20 14:08:00+00:00,4494.5,4495.45,4494.21,4495.28,190,26,0
2026-05-20 14:09:00+00:00,4495.25,4495.72,4494.65,4494.65,145,26,0
2026-05-20 14:10:00+00:00,4494.67,4495.27,4494.34,4494.47,149,26,0
2026-05-20 14:11:00+00:00,4494.47,4495.98,4494.36,4495.79,146,26,0
2026-05-20 14:12:00+00:00,4495.77,4496.17,4494.62,4494.79,174,26,0
2026-05-20 14:13:00+00:00,4494.8,4495.62,4494.8,4495.2,125,26,0
2026-05-20 14:14:00+00:00,4495.22,4495.57,4492.88,4493.06,192,26,0
2026-05-20 14:15:00+00:00,4492.98,4495.37,4492.98,4494.8,155,26,0
2026-05-20 14:16:00+00:00,4494.82,4496.07,4494.73,4496.0,135,26,0
2026-05-20 14:17:00+00:00,4496.07,4496.46,4494.0,4494.2,187,26,0
2026-05-20 14:18:00+00:00,4494.19,4494.85,4493.97,4494.03,133,26,0
2026-05-20 14:19:00+00:00,4494.06,4494.06,4491.66,4491.86,172,26,0
2026-05-20 14:20:00+00:00,4491.81,4492.64,4491.53,4492.07,153,26,0
2026-05-20 14:21:00+00:00,4492.15,4492.47,4491.14,4491.92,174,26,0
2026-05-20 14:22:00+00:00,4491.88,4493.54,4491.88,4493.35,157,27,0
2026-05-20 14:23:00+00:00,4493.37,4494.76,4493.25,4493.95,107,28,0
2026-05-20 14:24:00+00:00,4494.03,4496.46,4493.99,4495.86,142,27,0
2026-05-20 14:25:00+00:00,4495.88,4496.53,4495.47,4496.42,146,26,0
2026-05-20 14:26:00+00:00,4496.44,4498.88,4495.49,4498.88,185,27,0
2026-05-20 14:27:00+00:00,4498.77,4499.59,4498.32,4499.02,219,28,0
2026-05-20 14:28:00+00:00,4499.0,4499.9,4498.68,4499.73,183,28,0
2026-05-20 14:29:00+00:00,4499.73,4501.11,4499.19,4500.0,162,28,0
2026-05-20 14:30:00+00:00,4499.99,4500.28,4498.95,4499.34,191,28,0
2026-05-20 14:31:00+00:00,4499.38,4499.95,4498.16,4498.18,178,28,0
2026-05-20 14:32:00+00:00,4498.16,4498.5,4497.38,4498.13,158,29,0
2026-05-20 14:33:00+00:00,4498.08,4498.18,4496.57,4497.45,138,28,0
2026-05-20 14:34:00+00:00,4497.41,4498.88,4497.29,4498.62,175,26,0
2026-05-20 14:35:00+00:00,4498.55,4498.76,4497.32,4498.08,148,26,0
2026-05-20 14:36:00+00:00,4498.12,4499.17,4497.9,4498.17,138,26,0
2026-05-20 14:37:00+00:00,4498.12,4498.78,4496.2,4496.49,168,26,0
2026-05-20 14:38:00+00:00,4496.5,4497.0,4496.22,4496.24,147,26,0
2026-05-20 14:39:00+00:00,4496.2,4497.55,4496.0,4497.5,179,26,0
2026-05-20 14:40:00+00:00,4497.85,4498.2,4497.24,4498.16,141,26,0
2026-05-20 14:41:00+00:00,4498.18,4498.47,4497.18,4497.24,191,26,0
2026-05-20 14:42:00+00:00,4497.26,4497.74,4494.23,4494.42,274,26,0
2026-05-20 14:43:00+00:00,4494.39,4495.15,4493.42,4494.81,243,26,0
2026-05-20 14:44:00+00:00,4494.76,4495.82,4494.32,4495.21,181,26,0
2026-05-20 14:45:00+00:00,4495.08,4495.23,4494.07,4494.09,175,26,0
2026-05-20 14:46:00+00:00,4494.11,4495.4,4493.91,4494.84,215,26,0
2026-05-20 14:47:00+00:00,4494.8,4496.8,4494.4,4496.26,183,26,0
2026-05-20 14:48:00+00:00,4496.21,4496.33,4493.37,4493.49,192,26,0
2026-05-20 14:49:00+00:00,4493.58,4493.87,4491.97,4493.08,306,26,0
2026-05-20 14:50:00+00:00,4493.06,4493.54,4491.29,4491.88,286,26,0
2026-05-20 14:51:00+00:00,4491.88,4492.08,4490.9,4492.08,250,25,0
2026-05-20 14:52:00+00:00,4492.05,4496.87,4491.67,4496.02,261,26,0
2026-05-20 14:53:00+00:00,4496.09,4497.47,4495.08,4496.83,248,26,0
2026-05-20 14:54:00+00:00,4497.02,4498.11,4496.62,4497.98,176,26,0
2026-05-20 14:55:00+00:00,4498.01,4499.16,4497.41,4498.96,212,26,0
2026-05-20 14:56:00+00:00,4498.86,4499.5,4497.81,4497.81,197,26,0
2026-05-20 14:57:00+00:00,4497.85,4497.92,4497.16,4497.36,173,26,0
2026-05-20 14:58:00+00:00,4497.34,4498.39,4496.11,4498.32,221,26,0
2026-05-20 14:59:00+00:00,4498.35,4499.17,4497.89,4499.1,194,26,0
2026-05-20 15:00:00+00:00,4499.07,4499.24,4497.44,4499.14,287,26,0
2026-05-20 15:01:00+00:00,4499.2,4500.3,4499.13,4499.73,258,25,0
2026-05-20 15:02:00+00:00,4499.8,4501.17,4499.15,4500.51,248,25,0
2026-05-20 15:03:00+00:00,4500.54,4500.69,4498.86,4498.97,231,26,0
2026-05-20 15:04:00+00:00,4498.96,4498.96,4495.91,4496.51,303,24,0
2026-05-20 15:05:00+00:00,4496.55,4497.42,4495.82,4496.93,288,26,0
2026-05-20 15:06:00+00:00,4496.83,4498.5,4496.78,4497.83,219,26,0
2026-05-20 15:07:00+00:00,4497.8,4497.81,4497.04,4497.66,221,24,0
2026-05-20 15:08:00+00:00,4497.7,4499.95,4496.89,4499.95,233,24,0
2026-05-20 15:09:00+00:00,4499.91,4499.95,4497.33,4497.59,228,24,0
2026-05-20 15:10:00+00:00,4497.62,4497.72,4496.68,4497.26,236,24,0
2026-05-20 15:11:00+00:00,4497.57,4497.65,4496.43,4496.5,217,24,0
2026-05-20 15:12:00+00:00,4496.48,4497.34,4496.28,4496.75,201,24,0
2026-05-20 15:13:00+00:00,4496.71,4497.78,4496.19,4496.39,228,24,0
2026-05-20 15:14:00+00:00,4496.43,4496.87,4496.24,4496.53,143,25,0
2026-05-20 15:15:00+00:00,4496.55,4497.07,4495.89,4496.68,215,24,0
2026-05-20 15:16:00+00:00,4496.62,4496.62,4495.03,4496.54,286,24,0
2026-05-20 15:17:00+00:00,4496.59,4497.06,4495.6,4496.45,201,24,0
2026-05-20 15:18:00+00:00,4496.46,4496.6,4495.39,4495.7,218,25,0
2026-05-20 15:19:00+00:00,4495.75,4496.21,4493.93,4494.43,218,24,0
2026-05-20 15:20:00+00:00,4494.43,4494.56,4492.94,4494.52,292,24,0
2026-05-20 15:21:00+00:00,4494.53,4495.3,4494.29,4494.87,215,26,0
2026-05-20 15:22:00+00:00,4494.81,4495.2,4494.2,4494.92,230,26,0
2026-05-20 15:23:00+00:00,4495.37,4496.02,4494.39,4494.81,257,26,0
2026-05-20 15:24:00+00:00,4494.91,4496.98,4494.7,4496.3,226,26,0
2026-05-20 15:25:00+00:00,4496.33,4499.32,4496.32,4498.03,371,24,0
2026-05-20 15:26:00+00:00,4498.11,4499.46,4496.14,4496.59,349,24,0
2026-05-20 15:27:00+00:00,4496.54,4498.01,4496.39,4497.13,269,26,0
2026-05-20 15:28:00+00:00,4497.18,4497.62,4496.56,4497.16,263,26,0
2026-05-20 15:29:00+00:00,4497.37,4499.57,4497.18,4499.57,274,26,0
2026-05-20 15:30:00+00:00,4499.68,4504.32,4499.61,4502.91,396,26,0
2026-05-20 15:31:00+00:00,4502.9,4502.9,4500.96,4501.06,307,26,0
2026-05-20 15:32:00+00:00,4501.1,4501.58,4500.18,4500.23,273,26,0
2026-05-20 15:33:00+00:00,4500.4,4504.06,4499.28,4503.27,293,26,0
2026-05-20 15:34:00+00:00,4503.25,4504.33,4502.68,4503.7,335,26,0
2026-05-20 15:35:00+00:00,4503.67,4504.63,4502.55,4502.68,355,26,0
2026-05-20 15:36:00+00:00,4502.73,4503.02,4501.07,4502.29,335,26,0
2026-05-20 15:37:00+00:00,4502.21,4502.89,4501.62,4501.85,282,26,0
2026-05-20 15:38:00+00:00,4501.84,4502.81,4501.28,4501.96,207,26,0
2026-05-20 15:39:00+00:00,4501.98,4504.26,4501.93,4503.72,211,26,0
2026-05-20 15:40:00+00:00,4503.74,4504.55,4502.11,4502.39,237,26,0
2026-05-20 15:41:00+00:00,4502.48,4502.53,4501.4,4501.52,262,26,0
2026-05-20 15:42:00+00:00,4501.49,4502.38,4501.25,4502.31,196,26,0
2026-05-20 15:43:00+00:00,4502.27,4504.06,4502.19,4503.96,212,26,0
2026-05-20 15:44:00+00:00,4503.94,4504.15,4502.66,4502.81,225,26,0
2026-05-20 15:45:00+00:00,4502.96,4503.61,4502.05,4503.47,230,26,0
2026-05-20 15:46:00+00:00,4503.48,4503.79,4501.87,4501.95,232,26,0
2026-05-20 15:47:00+00:00,4501.96,4503.12,4501.74,4502.16,202,26,0
2026-05-20 15:48:00+00:00,4502.19,4505.2,4502.05,4504.94,182,28,0
2026-05-20 15:49:00+00:00,4505.03,4505.31,4502.86,4503.02,238,28,0
2026-05-20 15:50:00+00:00,4502.95,4502.97,4501.06,4501.87,259,28,0
2026-05-20 15:51:00+00:00,4501.89,4502.61,4501.61,4502.45,185,28,0
2026-05-20 15:52:00+00:00,4502.44,4502.45,4500.16,4500.38,229,26,0
2026-05-20 15:53:00+00:00,4500.42,4501.01,4499.62,4500.04,202,28,0
2026-05-20 15:54:00+00:00,4500.06,4500.51,4498.47,4498.47,216,28,0
2026-05-20 15:55:00+00:00,4498.5,4498.81,4497.21,4498.25,239,28,0
2026-05-20 15:56:00+00:00,4498.32,4498.39,4496.18,4496.87,241,28,0
2026-05-20 15:57:00+00:00,4496.83,4497.74,4495.89,4495.93,258,24,0
2026-05-20 15:58:00+00:00,4495.92,4496.05,4493.87,4494.03,299,24,0
2026-05-20 15:59:00+00:00,4494.0,4496.22,4494.0,4496.17,299,26,0
2026-05-20 16:00:00+00:00,4496.15,4498.86,4493.87,4498.86,487,24,0
2026-05-20 16:01:00+00:00,4498.92,4498.96,4494.58,4495.3,463,26,0
2026-05-20 16:02:00+00:00,4495.28,4499.36,4494.64,4499.22,435,26,0
2026-05-20 16:03:00+00:00,4499.21,4501.11,4498.86,4499.56,418,26,0
2026-05-20 16:04:00+00:00,4499.55,4500.34,4497.06,4497.71,357,25,0
2026-05-20 16:05:00+00:00,4497.77,4501.73,4497.75,4500.43,381,26,0
2026-05-20 16:06:00+00:00,4500.5,4500.96,4498.24,4499.92,368,26,0
2026-05-20 16:07:00+00:00,4499.91,4499.96,4496.44,4497.09,363,26,0
2026-05-20 16:08:00+00:00,4497.15,4500.74,4496.93,4500.74,324,26,0
2026-05-20 16:09:00+00:00,4500.73,4500.98,4498.32,4498.64,335,26,0
2026-05-20 16:10:00+00:00,4498.62,4500.04,4498.4,4499.18,302,24,0
2026-05-20 16:11:00+00:00,4499.09,4501.64,4498.67,4499.18,361,26,0
2026-05-20 16:12:00+00:00,4499.12,4499.53,4497.33,4499.18,296,26,0
2026-05-20 16:13:00+00:00,4499.17,4502.41,4498.92,4502.35,308,26,0
2026-05-20 16:14:00+00:00,4502.32,4506.08,4502.01,4505.17,355,26,0
2026-05-20 16:15:00+00:00,4505.15,4505.23,4502.39,4502.84,323,26,0
2026-05-20 16:16:00+00:00,4502.91,4503.74,4502.14,4502.75,301,26,0
2026-05-20 16:17:00+00:00,4502.79,4505.05,4502.46,4502.48,243,26,0
2026-05-20 16:18:00+00:00,4502.48,4502.48,4500.01,4501.2,350,26,0
2026-05-20 16:19:00+00:00,4501.21,4501.28,4498.89,4499.26,325,26,0
2026-05-20 16:20:00+00:00,4499.36,4500.31,4496.61,4498.42,325,26,0
2026-05-20 16:21:00+00:00,4498.46,4498.46,4496.62,4497.45,285,26,0
2026-05-20 16:22:00+00:00,4497.52,4498.9,4495.77,4496.04,307,26,0
2026-05-20 16:23:00+00:00,4496.03,4496.89,4495.41,4496.42,273,26,0
2026-05-20 16:24:00+00:00,4496.23,4496.66,4493.88,4494.3,313,26,0
2026-05-20 16:25:00+00:00,4494.03,4494.94,4493.33,4494.33,349,24,0
2026-05-20 16:26:00+00:00,4494.36,4494.4,4491.16,4492.65,357,24,0
2026-05-20 16:27:00+00:00,4492.69,4492.75,4491.08,4492.75,372,26,0
2026-05-20 16:28:00+00:00,4492.62,4492.8,4489.8,4491.72,395,26,0
2026-05-20 16:29:00+00:00,4491.72,4491.79,4489.3,4489.3,405,26,0
2026-05-20 16:30:00+00:00,4489.44,4491.43,4488.12,4490.36,505,24,0
2026-05-20 16:31:00+00:00,4490.02,4493.03,4490.02,4490.74,491,26,0
2026-05-20 16:32:00+00:00,4490.73,4491.83,4489.91,4490.46,441,25,0
2026-05-20 16:33:00+00:00,4490.5,4492.07,4488.3,4491.98,464,26,0
2026-05-20 16:34:00+00:00,4492.01,4492.38,4490.05,4491.59,400,27,0
2026-05-20 16:35:00+00:00,4491.49,4492.89,4489.59,4489.99,442,27,0
2026-05-20 16:36:00+00:00,4489.97,4491.01,4487.52,4490.03,476,26,0
2026-05-20 16:37:00+00:00,4489.99,4490.06,4485.48,4486.04,476,24,0
2026-05-20 16:38:00+00:00,4486.14,4488.14,4485.77,4486.27,477,27,0
2026-05-20 16:39:00+00:00,4486.32,4486.94,4484.65,4485.31,444,27,0
2026-05-20 16:40:00+00:00,4485.42,4488.26,4484.94,4488.01,462,27,0
2026-05-20 16:41:00+00:00,4488.02,4488.73,4483.41,4484.52,483,26,0
2026-05-20 16:42:00+00:00,4484.51,4485.5,4483.03,4484.56,426,26,0
2026-05-20 16:43:00+00:00,4484.56,4487.81,4484.15,4487.5,459,26,0
2026-05-20 16:44:00+00:00,4487.62,4490.28,4485.79,4490.02,427,26,0
2026-05-20 16:45:00+00:00,4489.6,4491.35,4488.95,4490.04,477,24,0
2026-05-20 16:46:00+00:00,4489.98,4490.71,4487.84,4490.66,421,26,0
2026-05-20 16:47:00+00:00,4490.64,4491.99,4488.73,4491.46,414,26,0
2026-05-20 16:48:00+00:00,4491.52,4492.03,4488.12,4488.81,396,26,0
2026-05-20 16:49:00+00:00,4488.79,4489.64,4486.29,4487.06,450,26,0
2026-05-20 16:50:00+00:00,4486.97,4488.56,4486.56,4487.96,451,24,0
2026-05-20 16:51:00+00:00,4488.04,4488.54,4484.83,4488.52,443,26,0
2026-05-20 16:52:00+00:00,4488.5,4489.41,4486.77,4487.79,421,28,0
2026-05-20 16:53:00+00:00,4487.74,4488.81,4486.57,4487.3,393,28,0
2026-05-20 16:54:00+00:00,4487.28,4488.15,4485.37,4486.0,420,24,0
2026-05-20 16:55:00+00:00,4485.99,4486.44,4483.73,4483.95,416,28,0
2026-05-20 16:56:00+00:00,4483.88,4485.2,4483.14,4483.56,389,26,0
2026-05-20 16:57:00+00:00,4483.52,4485.84,4483.48,4485.14,375,24,0
2026-05-20 16:58:00+00:00,4485.11,4485.17,4482.29,4482.84,431,24,0
2026-05-20 16:59:00+00:00,4482.85,4483.44,4481.97,4483.1,410,24,0
2026-05-20 17:00:00+00:00,4483.47,4484.7,4482.03,4484.12,480,24,0
2026-05-20 17:01:00+00:00,4484.14,4485.13,4481.4,4482.23,400,24,0
2026-05-20 17:02:00+00:00,4482.29,4482.73,4480.81,4481.84,426,24,0
2026-05-20 17:03:00+00:00,4481.73,4483.44,4481.11,4483.18,395,26,0
2026-05-20 17:04:00+00:00,4483.28,4483.71,4480.8,4481.37,357,26,0
2026-05-20 17:05:00+00:00,4481.26,4481.59,4478.16,4478.63,453,26,0
2026-05-20 17:06:00+00:00,4478.57,4479.47,4477.77,4479.32,451,25,0
2026-05-20 17:07:00+00:00,4479.29,4480.85,4478.09,4479.73,420,26,0
2026-05-20 17:08:00+00:00,4479.82,4480.25,4476.05,4477.02,408,25,0
2026-05-20 17:09:00+00:00,4477.02,4478.0,4474.89,4476.11,408,26,0
2026-05-20 17:10:00+00:00,4476.13,4476.92,4474.06,4474.07,432,26,0
2026-05-20 17:11:00+00:00,4474.1,4474.45,4472.13,4473.12,476,26,0
2026-05-20 17:12:00+00:00,4473.18,4473.84,4468.01,4468.73,507,24,0
2026-05-20 17:13:00+00:00,4468.61,4471.23,4467.04,4471.14,492,26,0
2026-05-20 17:14:00+00:00,4471.12,4480.48,4470.79,4476.93,575,24,0
2026-05-20 17:15:00+00:00,4476.97,4483.79,4476.55,4483.28,574,24,0
2026-05-20 17:16:00+00:00,4483.44,4497.73,4482.77,4497.45,594,24,0
2026-05-20 17:17:00+00:00,4497.6,4502.61,4488.32,4489.03,589,26,0
2026-05-20 17:18:00+00:00,4488.95,4497.28,4488.95,4496.63,573,24,0
2026-05-20 17:19:00+00:00,4496.7,4503.69,4496.7,4498.43,570,27,0
2026-05-20 17:20:00+00:00,4498.2,4502.85,4497.62,4500.13,556,26,0
2026-05-20 17:21:00+00:00,4499.79,4507.44,4497.95,4505.44,569,26,0
2026-05-20 17:22:00+00:00,4505.33,4510.71,4504.2,4507.13,563,26,0
2026-05-20 17:23:00+00:00,4507.21,4508.83,4500.03,4501.64,550,26,0
2026-05-20 17:24:00+00:00,4501.59,4503.37,4495.7,4502.75,549,24,0
2026-05-20 17:25:00+00:00,4502.78,4503.08,4499.21,4501.22,542,26,0
2026-05-20 17:26:00+00:00,4501.23,4506.06,4500.66,4504.32,507,26,0
2026-05-20 17:27:00+00:00,4504.3,4507.1,4502.91,4506.0,498,26,0
2026-05-20 17:28:00+00:00,4505.94,4507.1,4504.17,4505.39,494,26,0
2026-05-20 17:29:00+00:00,4505.37,4506.9,4503.99,4506.87,497,26,0
2026-05-20 17:30:00+00:00,4506.89,4521.68,4506.89,4521.03,566,24,0
2026-05-20 17:31:00+00:00,4520.99,4523.38,4518.34,4521.84,581,27,0
2026-05-20 17:32:00+00:00,4521.86,4526.17,4519.08,4519.64,575,26,0
2026-05-20 17:33:00+00:00,4519.62,4523.27,4518.95,4520.78,555,26,0
2026-05-20 17:34:00+00:00,4520.81,4528.61,4520.76,4524.61,564,26,0
2026-05-20 17:35:00+00:00,4524.63,4526.94,4520.89,4522.51,558,24,0
2026-05-20 17:36:00+00:00,4522.61,4523.01,4518.9,4521.8,529,26,0
2026-05-20 17:37:00+00:00,4522.43,4523.14,4515.27,4516.87,552,26,0
2026-05-20 17:38:00+00:00,4516.96,4519.54,4516.7,4518.69,516,26,0
2026-05-20 17:39:00+00:00,4518.66,4524.5,4518.6,4523.47,499,26,0
2026-05-20 17:40:00+00:00,4523.88,4523.91,4519.78,4522.23,508,26,0
2026-05-20 17:41:00+00:00,4522.37,4522.53,4518.11,4518.36,520,24,0
2026-05-20 17:42:00+00:00,4518.42,4519.8,4517.7,4518.38,481,24,0
2026-05-20 17:43:00+00:00,4518.41,4519.74,4517.6,4518.68,463,24,0
2026-05-20 17:44:00+00:00,4518.65,4520.7,4517.01,4520.53,474,24,0
2026-05-20 17:45:00+00:00,4520.77,4521.94,4517.18,4517.18,469,24,0
2026-05-20 17:46:00+00:00,4517.41,4519.6,4516.53,4518.26,485,24,0
2026-05-20 17:47:00+00:00,4518.28,4522.29,4518.28,4521.34,487,24,0
2026-05-20 17:48:00+00:00,4521.25,4524.16,4521.11,4523.05,458,24,0
2026-05-20 17:49:00+00:00,4523.08,4524.0,4520.72,4521.82,457,24,0
2026-05-20 17:50:00+00:00,4521.94,4525.64,4520.99,4521.99,475,24,0
2026-05-20 17:51:00+00:00,4522.0,4525.74,4521.57,4525.74,500,24,0
2026-05-20 17:52:00+00:00,4525.8,4529.0,4525.31,4526.85,497,24,0
2026-05-20 17:53:00+00:00,4526.87,4528.83,4525.48,4527.48,458,24,0
2026-05-20 17:54:00+00:00,4527.4,4529.84,4526.64,4529.34,439,24,0
2026-05-20 17:55:00+00:00,4529.42,4535.77,4528.7,4534.57,513,24,0
2026-05-20 17:56:00+00:00,4534.58,4537.14,4532.9,4533.23,500,24,0
2026-05-20 17:57:00+00:00,4533.18,4535.0,4532.82,4534.3,488,24,0
2026-05-20 17:58:00+00:00,4534.37,4535.95,4531.38,4532.0,483,24,0
2026-05-20 17:59:00+00:00,4532.05,4532.87,4530.87,4531.25,446,24,0
2026-05-20 18:00:00+00:00,4531.22,4533.62,4530.47,4533.12,460,24,0
2026-05-20 18:01:00+00:00,4533.25,4533.48,4530.54,4532.46,460,24,0
2026-05-20 18:02:00+00:00,4532.45,4535.68,4530.82,4531.1,505,24,0
2026-05-20 18:03:00+00:00,4531.13,4532.76,4529.95,4530.62,471,24,0
2026-05-20 18:04:00+00:00,4530.62,4531.55,4529.34,4530.38,470,24,0
2026-05-20 18:05:00+00:00,4530.28,4531.8,4528.2,4529.67,434,24,0
2026-05-20 18:06:00+00:00,4529.6,4530.41,4527.95,4528.21,399,27,0
2026-05-20 18:07:00+00:00,4528.27,4529.04,4524.22,4524.94,437,27,0
2026-05-20 18:08:00+00:00,4524.97,4525.36,4523.76,4525.36,396,27,0
2026-05-20 18:09:00+00:00,4525.31,4526.59,4524.33,4526.34,373,27,0
2026-05-20 18:10:00+00:00,4526.38,4526.68,4523.92,4523.92,337,27,0
2026-05-20 18:11:00+00:00,4523.95,4525.57,4523.62,4525.54,380,27,0
2026-05-20 18:12:00+00:00,4525.57,4525.6,4523.13,4523.79,314,27,0
2026-05-20 18:13:00+00:00,4523.83,4526.02,4523.17,4525.83,328,27,0
2026-05-20 18:14:00+00:00,4525.87,4526.88,4524.02,4524.5,349,27,0
2026-05-20 18:15:00+00:00,4524.52,4547.36,4524.38,4544.66,508,24,0
2026-05-20 18:16:00+00:00,4544.26,4552.43,4544.26,4551.45,592,24,0
2026-05-20 18:17:00+00:00,4551.27,4552.77,4540.79,4541.44,584,27,0
2026-05-20 18:18:00+00:00,4541.41,4541.75,4536.87,4540.89,564,26,0
2026-05-20 18:19:00+00:00,4540.74,4544.48,4539.74,4543.4,558,26,0
2026-05-20 18:20:00+00:00,4543.35,4545.23,4542.12,4542.84,552,24,0
2026-05-20 18:21:00+00:00,4542.86,4543.33,4539.76,4540.45,523,26,0
2026-05-20 18:22:00+00:00,4540.48,4542.42,4539.5,4539.71,509,26,0
2026-05-20 18:23:00+00:00,4539.61,4542.2,4538.58,4539.26,488,26,0
2026-05-20 18:24:00+00:00,4539.18,4539.25,4535.72,4536.1,433,24,0
2026-05-20 18:25:00+00:00,4536.08,4537.22,4532.85,4534.14,480,26,0
2026-05-20 18:26:00+00:00,4534.14,4534.65,4530.59,4530.59,481,26,0
2026-05-20 18:27:00+00:00,4530.6,4531.74,4529.79,4530.84,463,26,0
2026-05-20 18:28:00+00:00,4530.87,4531.8,4529.77,4530.32,479,24,0
2026-05-20 18:29:00+00:00,4530.36,4531.47,4528.49,4529.44,479,27,0
2026-05-20 18:30:00+00:00,4529.41,4531.16,4527.51,4530.74,467,26,0
2026-05-20 18:31:00+00:00,4530.77,4532.64,4529.09,4531.27,458,26,0
2026-05-20 18:32:00+00:00,4531.37,4533.22,4530.3,4532.98,449,26,0
2026-05-20 18:33:00+00:00,4533.05,4534.81,4532.53,4534.77,396,24,0
2026-05-20 18:34:00+00:00,4534.79,4534.96,4533.23,4534.91,432,26,0
2026-05-20 18:35:00+00:00,4535.01,4537.24,4534.62,4535.97,414,26,0
2026-05-20 18:36:00+00:00,4536.02,4538.23,4535.81,4537.03,393,26,0
2026-05-20 18:37:00+00:00,4536.87,4537.4,4534.98,4534.98,386,26,0
2026-05-20 18:38:00+00:00,4534.93,4538.09,4534.93,4537.58,388,24,0
2026-05-20 18:39:00+00:00,4537.55,4539.16,4536.73,4537.59,320,24,0
2026-05-20 18:40:00+00:00,4537.73,4539.38,4535.4,4536.31,407,24,0
2026-05-20 18:41:00+00:00,4536.36,4538.46,4535.25,4538.34,387,24,0
2026-05-20 18:42:00+00:00,4538.36,4538.36,4536.4,4536.91,321,24,0
2026-05-20 18:43:00+00:00,4536.85,4537.05,4534.62,4535.04,322,24,0
2026-05-20 18:44:00+00:00,4534.99,4536.91,4534.72,4536.79,330,24,0
2026-05-20 18:45:00+00:00,4536.84,4537.14,4535.18,4536.88,331,24,0
2026-05-20 18:46:00+00:00,4536.87,4537.68,4536.25,4536.37,317,26,0
2026-05-20 18:47:00+00:00,4536.42,4537.19,4535.7,4536.01,290,26,0
2026-05-20 18:48:00+00:00,4536.06,4537.3,4535.75,4536.27,341,26,0
2026-05-20 18:49:00+00:00,4536.17,4537.34,4535.9,4537.21,335,26,0
2026-05-20 18:50:00+00:00,4537.35,4537.77,4536.44,4536.47,324,26,0
2026-05-20 18:51:00+00:00,4536.49,4537.6,4536.39,4537.37,312,26,0
2026-05-20 18:52:00+00:00,4537.47,4537.61,4536.09,4536.83,319,26,0
2026-05-20 18:53:00+00:00,4536.81,4536.83,4532.89,4532.91,396,26,0
2026-05-20 18:54:00+00:00,4532.89,4534.2,4532.37,4533.29,337,26,0
2026-05-20 18:55:00+00:00,4533.28,4534.12,4532.17,4532.44,322,26,0
2026-05-20 18:56:00+00:00,4532.41,4533.25,4531.43,4532.5,369,24,0
2026-05-20 18:57:00+00:00,4532.53,4532.55,4527.6,4528.33,459,24,0
2026-05-20 18:58:00+00:00,4528.24,4530.64,4527.19,4529.99,437,26,0
2026-05-20 18:59:00+00:00,4530.03,4530.16,4528.77,4529.08,324,24,0
2026-05-20 19:00:00+00:00,4529.15,4530.2,4528.31,4530.2,359,26,0
2026-05-20 19:01:00+00:00,4530.36,4531.01,4528.74,4530.62,320,26,0
2026-05-20 19:02:00+00:00,4530.65,4530.81,4529.2,4530.67,278,26,0
2026-05-20 19:03:00+00:00,4530.66,4531.0,4529.34,4529.71,307,26,0
2026-05-20 19:04:00+00:00,4529.7,4532.21,4529.24,4532.03,322,26,0
2026-05-20 19:05:00+00:00,4532.17,4532.68,4531.56,4532.31,269,26,0
2026-05-20 19:06:00+00:00,4532.29,4533.95,4531.41,4533.95,323,26,0
2026-05-20 19:07:00+00:00,4533.96,4535.25,4533.79,4535.06,300,26,0
2026-05-20 19:08:00+00:00,4535.11,4535.11,4532.88,4533.12,310,26,0
2026-05-20 19:09:00+00:00,4533.1,4533.69,4532.73,4533.33,283,27,0
2026-05-20 19:10:00+00:00,4533.46,4534.76,4533.46,4533.99,290,26,0
2026-05-20 19:11:00+00:00,4534.03,4534.18,4531.36,4531.69,282,26,0
2026-05-20 19:12:00+00:00,4531.72,4532.8,4531.46,4532.56,309,26,0
2026-05-20 19:13:00+00:00,4532.48,4533.98,4532.25,4533.53,269,26,0
2026-05-20 19:14:00+00:00,4533.6,4533.96,4533.03,4533.59,235,26,0
2026-05-20 19:15:00+00:00,4533.67,4533.67,4531.85,4532.05,263,27,0
2026-05-20 19:16:00+00:00,4532.06,4532.36,4530.12,4530.53,296,24,0
2026-05-20 19:17:00+00:00,4530.58,4531.12,4529.6,4530.05,271,24,0
2026-05-20 19:18:00+00:00,4530.11,4531.52,4529.51,4531.36,281,24,0
2026-05-20 19:19:00+00:00,4531.24,4531.24,4530.21,4530.73,285,24,0
2026-05-20 19:20:00+00:00,4530.79,4531.25,4527.67,4528.0,374,24,0
2026-05-20 19:21:00+00:00,4528.01,4528.06,4524.81,4526.23,433,24,0
2026-05-20 19:22:00+00:00,4526.32,4527.59,4525.54,4526.18,440,24,0
2026-05-20 19:23:00+00:00,4526.2,4528.16,4525.6,4527.15,381,24,0
2026-05-20 19:24:00+00:00,4527.18,4527.61,4525.41,4525.87,377,24,0
2026-05-20 19:25:00+00:00,4525.86,4526.3,4524.79,4525.82,377,24,0
2026-05-20 19:26:00+00:00,4525.85,4526.84,4525.2,4525.81,413,26,0
2026-05-20 19:27:00+00:00,4525.78,4527.56,4525.43,4527.23,352,26,0
2026-05-20 19:28:00+00:00,4527.06,4527.26,4524.27,4524.63,379,26,0
2026-05-20 19:29:00+00:00,4524.71,4526.11,4524.02,4525.9,327,26,0
2026-05-20 19:30:00+00:00,4525.98,4526.36,4524.1,4525.35,375,24,0
2026-05-20 19:31:00+00:00,4525.3,4528.13,4524.7,4528.02,356,26,0
2026-05-20 19:32:00+00:00,4528.26,4529.45,4526.09,4526.83,342,26,0
2026-05-20 19:33:00+00:00,4526.83,4527.03,4525.42,4526.24,341,26,0
2026-05-20 19:34:00+00:00,4526.1,4526.46,4524.59,4525.65,312,26,0
2026-05-20 19:35:00+00:00,4525.8,4526.91,4525.27,4525.76,314,26,0
2026-05-20 19:36:00+00:00,4525.76,4527.69,4525.6,4527.58,326,26,0
2026-05-20 19:37:00+00:00,4527.53,4528.04,4525.41,4526.08,294,26,0
2026-05-20 19:38:00+00:00,4525.98,4528.53,4525.74,4528.5,282,24,0
2026-05-20 19:39:00+00:00,4528.52,4528.6,4527.21,4527.37,270,26,0
2026-05-20 19:40:00+00:00,4527.52,4528.74,4527.24,4528.69,338,26,0
2026-05-20 19:41:00+00:00,4528.65,4530.34,4527.85,4530.0,318,26,0
2026-05-20 19:42:00+00:00,4530.0,4531.08,4529.54,4530.08,307,26,0
2026-05-20 19:43:00+00:00,4530.11,4533.67,4528.98,4532.93,359,24,0
2026-05-20 19:44:00+00:00,4533.13,4533.75,4531.69,4533.75,385,26,0
2026-05-20 19:45:00+00:00,4533.69,4534.24,4532.43,4533.17,364,26,0
2026-05-20 19:46:00+00:00,4533.07,4534.88,4533.04,4534.11,350,26,0
2026-05-20 19:47:00+00:00,4533.86,4534.3,4531.94,4532.38,351,24,0
2026-05-20 19:48:00+00:00,4532.34,4533.6,4530.03,4530.82,400,26,0
2026-05-20 19:49:00+00:00,4530.81,4532.49,4530.42,4532.22,344,26,0
2026-05-20 19:50:00+00:00,4532.22,4533.0,4531.55,4531.75,316,26,0
2026-05-20 19:51:00+00:00,4531.67,4532.71,4530.93,4531.96,285,26,0
2026-05-20 19:52:00+00:00,4532.0,4532.72,4531.68,4531.7,288,24,0
2026-05-20 19:53:00+00:00,4531.63,4532.12,4530.88,4531.98,310,24,0
2026-05-20 19:54:00+00:00,4531.91,4533.38,4531.61,4532.65,289,24,0
2026-05-20 19:55:00+00:00,4532.59,4532.67,4531.75,4531.97,257,24,0
2026-05-20 19:56:00+00:00,4532.01,4534.45,4531.72,4533.42,317,24,0
2026-05-20 19:57:00+00:00,4533.37,4533.51,4532.29,4532.67,281,24,0
2026-05-20 19:58:00+00:00,4532.6,4533.63,4531.08,4533.63,344,24,0
2026-05-20 19:59:00+00:00,4533.62,4535.4,4533.35,4534.25,293,24,0
2026-05-20 20:00:00+00:00,4534.42,4534.79,4532.65,4533.84,374,24,0
2026-05-20 20:01:00+00:00,4533.82,4534.34,4533.13,4534.26,260,24,0
2026-05-20 20:02:00+00:00,4534.23,4534.53,4531.72,4532.06,331,24,0
2026-05-20 20:03:00+00:00,4532.01,4532.66,4531.57,4532.5,271,26,0
2026-05-20 20:04:00+00:00,4532.46,4532.46,4531.33,4532.08,296,26,0
2026-05-20 20:05:00+00:00,4532.08,4532.7,4531.07,4531.97,295,26,0
2026-05-20 20:06:00+00:00,4531.89,4534.42,4531.54,4534.25,269,26,0
2026-05-20 20:07:00+00:00,4534.17,4534.41,4533.79,4534.1,218,26,0
2026-05-20 20:08:00+00:00,4534.18,4535.26,4534.03,4534.75,266,25,0
2026-05-20 20:09:00+00:00,4534.75,4535.59,4534.15,4535.54,227,26,0
2026-05-20 20:10:00+00:00,4535.67,4536.36,4534.99,4535.62,270,24,0
2026-05-20 20:11:00+00:00,4535.61,4535.76,4534.34,4534.81,280,24,0
2026-05-20 20:12:00+00:00,4534.82,4535.53,4533.3,4534.15,289,24,0
2026-05-20 20:13:00+00:00,4534.09,4538.09,4533.63,4535.73,366,24,0
2026-05-20 20:14:00+00:00,4535.76,4536.56,4534.2,4534.34,342,24,0
2026-05-20 20:15:00+00:00,4534.3,4534.94,4534.15,4534.55,246,24,0
2026-05-20 20:16:00+00:00,4534.63,4535.58,4533.44,4533.44,288,24,0
2026-05-20 20:17:00+00:00,4533.47,4534.83,4533.33,4533.47,263,24,0
2026-05-20 20:18:00+00:00,4533.52,4535.53,4532.99,4534.91,320,24,0
2026-05-20 20:19:00+00:00,4534.95,4535.55,4534.47,4534.98,238,24,0
2026-05-20 20:20:00+00:00,4534.96,4536.67,4534.51,4536.56,253,26,0
2026-05-20 20:21:00+00:00,4536.58,4536.77,4535.81,4536.04,232,27,0
2026-05-20 20:22:00+00:00,4535.97,4536.46,4534.82,4535.55,277,27,0
2026-05-20 20:23:00+00:00,4535.53,4535.57,4534.89,4535.09,230,26,0
2026-05-20 20:24:00+00:00,4535.2,4535.23,4533.07,4533.89,321,27,0
2026-05-20 20:25:00+00:00,4533.91,4534.46,4533.17,4533.72,307,27,0
2026-05-20 20:26:00+00:00,4533.79,4534.64,4532.76,4534.23,297,26,0
2026-05-20 20:27:00+00:00,4534.26,4536.34,4533.97,4535.84,231,27,0
2026-05-20 20:28:00+00:00,4535.78,4536.0,4533.0,4533.08,274,27,0
2026-05-20 20:29:00+00:00,4533.1,4533.22,4530.83,4532.36,408,26,0
2026-05-20 20:30:00+00:00,4532.35,4534.97,4532.35,4533.87,290,24,0
2026-05-20 20:31:00+00:00,4534.01,4534.87,4532.11,4532.66,311,26,0
2026-05-20 20:32:00+00:00,4532.64,4532.75,4531.22,4531.51,213,26,0
2026-05-20 20:33:00+00:00,4531.46,4532.59,4529.8,4530.59,242,24,0
2026-05-20 20:34:00+00:00,4530.63,4531.19,4530.02,4530.89,256,26,0
2026-05-20 20:35:00+00:00,4530.84,4532.72,4530.14,4532.45,303,26,0
2026-05-20 20:36:00+00:00,4532.43,4536.08,4532.34,4535.3,357,24,0
2026-05-20 20:37:00+00:00,4535.34,4536.49,4534.29,4534.86,331,26,0
2026-05-20 20:38:00+00:00,4534.86,4536.17,4534.01,4535.44,265,26,0
2026-05-20 20:39:00+00:00,4535.42,4536.29,4535.4,4535.83,227,26,0
2026-05-20 20:40:00+00:00,4535.8,4536.08,4534.41,4534.52,280,26,0
2026-05-20 20:41:00+00:00,4534.56,4535.21,4533.62,4534.34,231,24,0
2026-05-20 20:42:00+00:00,4534.33,4534.73,4533.85,4534.36,203,26,0
2026-05-20 20:43:00+00:00,4534.33,4534.37,4533.23,4533.79,173,26,0
2026-05-20 20:44:00+00:00,4533.74,4533.94,4532.91,4533.05,188,24,0
2026-05-20 20:45:00+00:00,4533.05,4534.43,4532.93,4533.98,198,26,0
2026-05-20 20:46:00+00:00,4533.98,4535.24,4533.9,4534.27,228,26,0
2026-05-20 20:47:00+00:00,4534.24,4534.63,4533.16,4533.41,247,26,0
2026-05-20 20:48:00+00:00,4533.36,4533.41,4532.19,4532.78,224,26,0
2026-05-20 20:49:00+00:00,4532.86,4533.72,4532.5,4533.57,194,26,0
2026-05-20 20:50:00+00:00,4533.56,4533.72,4532.89,4533.06,167,26,0
2026-05-20 20:51:00+00:00,4533.1,4534.45,4532.93,4533.35,224,24,0
2026-05-20 20:52:00+00:00,4533.3,4533.42,4532.27,4533.33,228,26,0
2026-05-20 20:53:00+00:00,4533.32,4533.32,4532.24,4532.3,181,26,0
2026-05-20 20:54:00+00:00,4532.27,4532.77,4531.83,4531.87,203,26,0
2026-05-20 20:55:00+00:00,4531.99,4532.45,4531.83,4532.0,190,26,0
2026-05-20 20:56:00+00:00,4531.99,4532.51,4531.7,4531.71,192,26,0
2026-05-20 20:57:00+00:00,4531.73,4531.75,4530.56,4530.97,202,26,0
2026-05-20 20:58:00+00:00,4530.98,4531.69,4530.2,4531.09,207,26,0
2026-05-20 20:59:00+00:00,4531.12,4531.83,4530.87,4531.49,157,26,0
2026-05-20 21:00:00+00:00,4531.53,4531.66,4529.46,4530.96,302,26,0
2026-05-20 21:01:00+00:00,4531.02,4533.01,4530.1,4531.79,275,26,0
2026-05-20 21:02:00+00:00,4531.81,4531.87,4530.23,4531.01,216,26,0
2026-05-20 21:03:00+00:00,4530.98,4532.05,4530.68,4532.05,178,26,0
2026-05-20 21:04:00+00:00,4531.99,4532.35,4531.49,4532.27,203,26,0
2026-05-20 21:05:00+00:00,4532.31,4532.42,4530.72,4530.94,240,26,0
2026-05-20 21:06:00+00:00,4530.96,4532.03,4530.44,4531.6,216,26,0
2026-05-20 21:07:00+00:00,4531.68,4533.63,4531.68,4533.05,268,24,0
2026-05-20 21:08:00+00:00,4533.09,4533.33,4532.25,4532.62,243,26,0
2026-05-20 21:09:00+00:00,4532.6,4532.98,4532.4,4532.89,217,26,0
2026-05-20 21:10:00+00:00,4532.89,4533.96,4532.61,4533.27,258,24,0
2026-05-20 21:11:00+00:00,4533.23,4533.5,4532.64,4533.34,172,26,0
2026-05-20 21:12:00+00:00,4533.37,4533.57,4533.01,4533.14,215,26,0
2026-05-20 21:13:00+00:00,4533.12,4533.24,4532.55,4532.55,213,26,0
2026-05-20 21:14:00+00:00,4532.51,4533.13,4532.23,4532.82,197,24,0
2026-05-20 21:15:00+00:00,4532.83,4534.99,4532.73,4534.86,268,24,0
2026-05-20 21:16:00+00:00,4534.73,4535.62,4534.24,4534.97,283,24,0
2026-05-20 21:17:00+00:00,4535.02,4535.44,4534.81,4535.27,267,24,0
2026-05-20 21:18:00+00:00,4535.29,4536.63,4534.88,4536.63,258,24,0
2026-05-20 21:19:00+00:00,4536.62,4536.62,4535.77,4536.17,181,24,0
2026-05-20 21:20:00+00:00,4536.2,4536.56,4534.33,4534.4,258,24,0
2026-05-20 21:21:00+00:00,4534.44,4535.44,4534.44,4535.44,251,24,0
2026-05-20 21:22:00+00:00,4535.49,4535.9,4534.85,4535.23,218,24,0
2026-05-20 21:23:00+00:00,4535.26,4535.98,4535.13,4535.19,245,24,0
2026-05-20 21:24:00+00:00,4535.18,4535.34,4532.66,4533.63,270,24,0
2026-05-20 21:25:00+00:00,4533.63,4534.42,4531.82,4532.23,350,24,0
2026-05-20 21:26:00+00:00,4532.2,4533.33,4532.2,4533.15,304,24,0
2026-05-20 21:27:00+00:00,4533.19,4534.27,4533.03,4534.16,307,24,0
2026-05-20 21:28:00+00:00,4534.19,4535.11,4534.06,4534.24,361,24,0
2026-05-20 21:29:00+00:00,4534.26,4535.08,4533.94,4534.98,306,24,0
2026-05-20 21:30:00+00:00,4535.0,4536.01,4535.0,4535.66,299,24,0
2026-05-20 21:31:00+00:00,4535.71,4537.65,4535.45,4537.33,265,24,0
2026-05-20 21:32:00+00:00,4537.33,4537.74,4536.65,4536.8,243,24,0
2026-05-20 21:33:00+00:00,4536.85,4537.61,4536.45,4537.61,180,24,0
2026-05-20 21:34:00+00:00,4537.67,4539.79,4537.22,4539.77,223,24,0
2026-05-20 21:35:00+00:00,4539.87,4541.85,4539.69,4541.77,318,26,0
2026-05-20 21:36:00+00:00,4541.74,4542.17,4540.73,4540.9,236,26,0
2026-05-20 21:37:00+00:00,4540.88,4541.57,4540.34,4541.57,207,26,0
2026-05-20 21:38:00+00:00,4541.66,4542.7,4541.65,4542.25,212,24,0
2026-05-20 21:39:00+00:00,4542.25,4543.38,4542.2,4542.82,202,24,0
2026-05-20 21:40:00+00:00,4542.82,4543.15,4541.01,4541.23,210,26,0
2026-05-20 21:41:00+00:00,4541.18,4541.48,4540.74,4540.75,225,26,0
2026-05-20 21:42:00+00:00,4540.71,4541.04,4540.35,4540.62,183,26,0
2026-05-20 21:43:00+00:00,4540.7,4541.13,4539.08,4539.33,268,24,0
2026-05-20 21:44:00+00:00,4539.49,4540.21,4536.9,4536.9,308,24,0
2026-05-20 21:45:00+00:00,4537.06,4538.99,4536.76,4538.57,371,26,0
2026-05-20 21:46:00+00:00,4538.62,4539.85,4538.28,4539.67,247,26,0
2026-05-20 21:47:00+00:00,4539.7,4540.08,4539.16,4539.82,200,26,0
2026-05-20 21:48:00+00:00,4539.83,4540.66,4539.44,4539.95,241,26,0
2026-05-20 21:49:00+00:00,4539.95,4540.19,4539.6,4539.61,191,26,0
2026-05-20 21:50:00+00:00,4539.65,4540.68,4539.59,4540.17,214,26,0
2026-05-20 21:51:00+00:00,4540.16,4540.49,4539.13,4539.31,240,26,0
2026-05-20 21:52:00+00:00,4539.36,4540.95,4539.31,4540.95,229,26,0
2026-05-20 21:53:00+00:00,4540.92,4542.59,4540.92,4542.51,186,26,0
2026-05-20 21:54:00+00:00,4542.56,4543.22,4541.91,4541.93,192,27,0
2026-05-20 21:55:00+00:00,4541.99,4544.93,4541.99,4544.74,220,26,0
2026-05-20 21:56:00+00:00,4544.83,4545.0,4544.29,4544.43,181,27,0
2026-05-20 21:57:00+00:00,4544.49,4544.91,4544.3,4544.39,181,26,0
2026-05-20 21:58:00+00:00,4544.33,4544.33,4543.27,4543.45,208,27,0
2026-05-20 21:59:00+00:00,4543.38,4543.47,4541.81,4542.3,284,24,0
2026-05-20 22:00:00+00:00,4542.32,4544.35,4542.0,4544.25,258,27,0
2026-05-20 22:01:00+00:00,4544.26,4544.68,4543.71,4544.44,244,27,0
2026-05-20 22:02:00+00:00,4544.51,4544.63,4543.68,4544.11,208,24,0
2026-05-20 22:03:00+00:00,4544.22,4544.22,4542.66,4543.12,243,24,0
2026-05-20 22:04:00+00:00,4543.11,4543.47,4542.5,4542.56,167,24,0
2026-05-20 22:05:00+00:00,4542.57,4543.6,4541.71,4543.51,212,24,0
2026-05-20 22:06:00+00:00,4543.49,4544.13,4543.03,4543.67,168,24,0
2026-05-20 22:07:00+00:00,4543.65,4543.75,4542.95,4543.57,179,24,0
2026-05-20 22:08:00+00:00,4543.55,4543.58,4543.02,4543.18,154,24,0
2026-05-20 22:09:00+00:00,4543.13,4543.64,4542.99,4543.26,164,24,0
2026-05-20 22:10:00+00:00,4543.24,4544.46,4542.85,4544.39,224,24,0
2026-05-20 22:11:00+00:00,4544.41,4545.21,4544.17,4544.75,163,24,0
2026-05-20 22:12:00+00:00,4544.82,4545.04,4544.42,4545.02,156,24,0
2026-05-20 22:13:00+00:00,4545.04,4545.04,4544.1,4544.26,149,24,0
2026-05-20 22:14:00+00:00,4544.27,4544.73,4543.36,4543.84,168,24,0
2026-05-20 22:15:00+00:00,4543.82,4544.62,4543.61,4544.08,215,24,0
2026-05-20 22:16:00+00:00,4544.01,4544.95,4543.62,4544.88,200,26,0
2026-05-20 22:17:00+00:00,4544.93,4545.1,4544.33,4544.51,162,26,0
2026-05-20 22:18:00+00:00,4544.47,4545.36,4544.38,4544.89,195,26,0
2026-05-20 22:19:00+00:00,4544.93,4545.66,4544.91,4545.65,180,26,0
2026-05-20 22:20:00+00:00,4545.64,4545.93,4545.26,4545.66,167,26,0
2026-05-20 22:21:00+00:00,4545.63,4545.96,4544.89,4544.89,189,26,0
2026-05-20 22:22:00+00:00,4544.83,4545.19,4543.36,4543.65,217,26,0
2026-05-20 22:23:00+00:00,4543.6,4544.95,4543.3,4544.72,209,26,0
2026-05-20 22:24:00+00:00,4544.72,4544.75,4543.73,4544.2,167,26,0
2026-05-20 22:25:00+00:00,4544.24,4544.48,4543.78,4544.05,207,26,0
2026-05-20 22:26:00+00:00,4544.15,4545.0,4543.92,4544.27,206,26,0
2026-05-20 22:27:00+00:00,4544.25,4544.39,4543.65,4544.13,152,26,0
2026-05-20 22:28:00+00:00,4544.06,4545.18,4543.78,4544.88,202,26,0
2026-05-20 22:29:00+00:00,4544.86,4545.61,4544.47,4545.01,171,26,0
2026-05-20 22:30:00+00:00,4545.04,4547.21,4545.04,4546.68,240,26,0
2026-05-20 22:31:00+00:00,4546.69,4546.73,4545.85,4546.4,211,26,0
2026-05-20 22:32:00+00:00,4546.4,4546.65,4545.68,4545.93,167,26,0
2026-05-20 22:33:00+00:00,4545.94,4546.16,4545.33,4545.85,180,26,0
2026-05-20 22:34:00+00:00,4545.87,4546.09,4545.11,4545.57,183,26,0
2026-05-20 22:35:00+00:00,4545.57,4545.97,4545.19,4545.84,180,26,0
2026-05-20 22:36:00+00:00,4545.68,4548.05,4545.65,4547.66,209,26,0
2026-05-20 22:37:00+00:00,4547.69,4547.71,4546.61,4547.08,198,26,0
2026-05-20 22:38:00+00:00,4547.3,4547.61,4546.26,4546.32,201,26,0
2026-05-20 22:39:00+00:00,4546.28,4550.24,4546.19,4548.23,263,24,0
2026-05-20 22:40:00+00:00,4548.22,4548.78,4547.24,4548.37,234,28,0
2026-05-20 22:41:00+00:00,4548.4,4548.55,4547.58,4547.65,209,28,0
2026-05-20 22:42:00+00:00,4547.69,4549.24,4547.69,4548.97,171,27,0
2026-05-20 22:43:00+00:00,4549.01,4549.01,4546.33,4546.33,212,28,0
2026-05-20 22:44:00+00:00,4546.28,4546.47,4545.48,4546.39,218,25,0
2026-05-20 22:45:00+00:00,4546.4,4547.56,4546.4,4547.56,160,27,0
2026-05-20 22:46:00+00:00,4547.59,4547.59,4545.58,4545.94,160,26,0
2026-05-20 22:47:00+00:00,4545.96,4546.58,4545.6,4546.2,202,27,0
2026-05-20 22:48:00+00:00,4546.21,4547.52,4546.2,4546.86,191,27,0
2026-05-20 22:49:00+00:00,4546.9,4546.94,4545.67,4546.32,183,27,0
2026-05-20 22:50:00+00:00,4546.27,4546.62,4545.34,4546.04,300,26,0
2026-05-20 22:51:00+00:00,4545.98,4548.26,4545.89,4548.2,252,26,0
2026-05-20 22:52:00+00:00,4548.16,4548.32,4547.46,4547.77,210,26,0
2026-05-20 22:53:00+00:00,4548.0,4548.45,4547.66,4547.83,311,26,0
2026-05-20 22:54:00+00:00,4547.82,4548.31,4547.19,4547.93,307,24,0
2026-05-20 22:55:00+00:00,4548.44,4548.44,4546.76,4546.97,341,24,0
2026-05-20 22:56:00+00:00,4546.96,4548.44,4546.96,4547.54,263,24,0
2026-05-20 22:57:00+00:00,4547.57,4547.97,4546.32,4546.83,310,26,0
2026-05-20 22:58:00+00:00,4547.11,4547.82,4546.67,4547.5,301,24,0
2026-05-20 22:59:00+00:00,4547.46,4547.6,4545.38,4545.59,362,24,0
2026-05-20 23:00:00+00:00,4545.57,4546.98,4545.57,4546.69,299,24,0
2026-05-20 23:01:00+00:00,4546.76,4547.77,4546.76,4547.5,201,24,0
2026-05-20 23:02:00+00:00,4547.48,4548.0,4547.36,4547.88,175,24,0
2026-05-20 23:03:00+00:00,4547.79,4547.79,4546.07,4546.22,182,24,0
2026-05-20 23:04:00+00:00,4546.27,4546.87,4546.14,4546.71,128,24,0
2026-05-20 23:05:00+00:00,4546.72,4546.78,4545.4,4545.4,143,24,0
2026-05-20 23:06:00+00:00,4545.41,4546.29,4545.35,4546.05,118,24,0
2026-05-20 23:07:00+00:00,4546.05,4546.64,4545.86,4546.52,86,24,0
2026-05-20 23:08:00+00:00,4546.5,4546.62,4545.98,4546.0,104,24,0
2026-05-20 23:09:00+00:00,4545.93,4546.95,4545.8,4546.3,177,24,0
2026-05-20 23:10:00+00:00,4546.46,4550.32,4546.46,4550.11,159,26,0
2026-05-20 23:11:00+00:00,4550.06,4550.06,4546.81,4546.94,182,26,0
2026-05-20 23:12:00+00:00,4546.89,4547.21,4545.75,4545.82,132,24,0
2026-05-20 23:13:00+00:00,4545.81,4547.19,4545.81,4547.08,113,26,0
2026-05-20 23:14:00+00:00,4547.09,4547.2,4546.56,4546.68,122,26,0
2026-05-20 23:15:00+00:00,4546.7,4548.27,4546.64,4548.27,123,26,0
2026-05-20 23:16:00+00:00,4548.28,4548.29,4545.33,4545.67,185,26,0
2026-05-20 23:17:00+00:00,4545.66,4546.28,4545.55,4546.04,159,26,0
2026-05-20 23:18:00+00:00,4546.0,4547.49,4545.98,4547.44,129,26,0
2026-05-20 23:19:00+00:00,4547.38,4547.38,4546.78,4547.25,113,26,0
2026-05-20 23:20:00+00:00,4547.22,4547.22,4544.42,4545.44,391,26,0
2026-05-20 23:21:00+00:00,4545.45,4546.18,4544.26,4544.63,332,24,0
2026-05-20 23:22:00+00:00,4544.66,4546.03,4543.12,4543.97,276,24,0
2026-05-20 23:23:00+00:00,4544.02,4544.83,4543.37,4544.29,215,24,0
2026-05-20 23:24:00+00:00,4544.24,4545.72,4544.21,4545.22,232,24,0
2026-05-20 23:25:00+00:00,4545.23,4546.53,4545.03,4545.3,268,24,0
2026-05-20 23:26:00+00:00,4545.41,4545.82,4545.01,4545.41,196,24,0
2026-05-20 23:27:00+00:00,4545.37,4546.05,4545.23,4545.85,172,24,0
2026-05-20 23:28:00+00:00,4545.87,4546.22,4545.03,4545.42,201,24,0
2026-05-20 23:29:00+00:00,4545.48,4546.25,4545.31,4545.61,154,27,0
2026-05-20 23:30:00+00:00,4545.65,4546.31,4544.62,4545.33,237,26,0
2026-05-20 23:31:00+00:00,4545.27,4545.37,4544.01,4544.42,240,26,0
2026-05-20 23:32:00+00:00,4544.43,4544.67,4543.89,4544.39,183,26,0
2026-05-20 23:33:00+00:00,4544.45,4545.15,4544.17,4544.59,138,26,0
2026-05-20 23:34:00+00:00,4544.6,4545.07,4543.62,4544.08,167,26,0
2026-05-20 23:35:00+00:00,4544.09,4544.48,4543.97,4544.24,133,27,0
2026-05-20 23:36:00+00:00,4544.26,4544.79,4543.96,4544.47,114,26,0
2026-05-20 23:37:00+00:00,4544.44,4544.98,4543.98,4544.04,135,27,0
2026-05-20 23:38:00+00:00,4543.96,4544.44,4543.66,4544.02,127,26,0
2026-05-20 23:39:00+00:00,4544.0,4544.3,4543.19,4543.79,136,26,0
2026-05-20 23:40:00+00:00,4543.77,4544.19,4543.38,4543.73,131,26,0
2026-05-20 23:41:00+00:00,4543.65,4543.79,4543.0,4543.54,149,26,0
2026-05-20 23:42:00+00:00,4543.52,4544.15,4542.61,4542.61,154,27,0
2026-05-20 23:43:00+00:00,4542.73,4543.97,4542.73,4543.97,158,26,0
2026-05-20 23:44:00+00:00,4543.87,4544.27,4543.37,4543.45,102,26,0
2026-05-20 23:45:00+00:00,4543.34,4543.67,4542.81,4543.62,158,26,0
2026-05-20 23:46:00+00:00,4543.64,4544.06,4543.44,4543.48,96,26,0
2026-05-20 23:47:00+00:00,4543.49,4544.61,4543.34,4543.52,143,26,0
2026-05-20 23:48:00+00:00,4543.43,4543.68,4542.87,4543.26,112,26,0
2026-05-20 23:49:00+00:00,4543.19,4543.19,4542.31,4542.88,126,26,0
2026-05-20 23:50:00+00:00,4542.87,4543.06,4542.01,4542.57,88,26,0
2026-05-20 23:51:00+00:00,4542.49,4543.13,4541.93,4541.97,115,26,0
2026-05-20 23:52:00+00:00,4542.35,4542.81,4542.27,4542.28,68,26,0
2026-05-20 23:53:00+00:00,4542.42,4543.86,4542.42,4543.86,115,26,0
2026-05-20 23:54:00+00:00,4543.82,4544.03,4542.47,4542.88,133,26,0
2026-05-20 23:55:00+00:00,4542.91,4543.29,4542.48,4543.24,168,26,0
2026-05-20 23:56:00+00:00,4543.22,4543.46,4542.88,4543.24,90,26,0
2026-05-20 23:57:00+00:00,4543.2,4543.8,4542.85,4543.68,114,26,0
2026-05-20 23:58:00+00:00,4543.73,4543.95,4543.6,4543.62,138,26,0
