time,open,high,low,close,tick_volume,spread,real_volume
1784063700,1.1423700000,1.1425800000,1.1423700000,1.1424900000,121,10,0
1784064000,1.1424700000,1.1424700000,1.1420400000,1.1420800000,168,10,0
1784064300,1.1420900000,1.1422100000,1.1419700000,1.1420900000,167,10,0
1784064600,1.1420800000,1.1422600000,1.1420800000,1.1422500000,102,10,0
1784064900,1.1422500000,1.1422600000,1.1418500000,1.1419700000,169,10,0
1784065200,1.1419600000,1.1419700000,1.1415600000,1.1418600000,334,10,0
1784065500,1.1418500000,1.1420300000,1.1418400000,1.1419600000,137,10,0
1784065800,1.1419500000,1.1420500000,1.1418800000,1.1420500000,157,10,0
1784066100,1.1420600000,1.1423400000,1.1420300000,1.1422900000,206,10,0
1784066400,1.1423000000,1.1424300000,1.1422600000,1.1423600000,141,10,0
1784066700,1.1423600000,1.1424100000,1.1422900000,1.1423500000,90,10,0
1784067000,1.1423500000,1.1425600000,1.1422400000,1.1425100000,124,10,0
1784067300,1.1425100000,1.1425500000,1.1423500000,1.1424600000,189,10,0
1784067600,1.1424500000,1.1424700000,1.1422600000,1.1423700000,169,10,0
1784067900,1.1423600000,1.1424500000,1.1423300000,1.1424000000,158,10,0
1784068200,1.1424100000,1.1424100000,1.1420600000,1.1422400000,367,10,0
1784068500,1.1422300000,1.1422900000,1.1421400000,1.1422100000,139,10,0
1784068800,1.1422000000,1.1422500000,1.1421300000,1.1422200000,130,10,0
1784069100,1.1422300000,1.1423600000,1.1422100000,1.1422100000,153,10,0
1784069400,1.1422100000,1.1423300000,1.1422000000,1.1422900000,161,10,0
1784069700,1.1423000000,1.1423000000,1.1419700000,1.1419700000,275,10,0
1784070000,1.1419800000,1.1420100000,1.1418000000,1.1419000000,163,10,0
1784070300,1.1418900000,1.1419600000,1.1418300000,1.1419400000,121,10,0
1784070600,1.1419400000,1.1422100000,1.1418900000,1.1420000000,102,10,0
1784070900,1.1419900000,1.1419900000,1.1418900000,1.1419100000,49,10,0
1784071200,1.1419100000,1.1419600000,1.1419000000,1.1419200000,30,10,0
1784071500,1.1419000000,1.1420500000,1.1418600000,1.1418900000,76,10,0
1784071800,1.1418900000,1.1420100000,1.1418700000,1.1419000000,55,10,0
1784072100,1.1419000000,1.1421000000,1.1419000000,1.1420900000,52,10,0
1784072400,1.1420800000,1.1421000000,1.1419900000,1.1419900000,44,10,0
1784072700,1.1419900000,1.1419900000,1.1418800000,1.1419400000,42,10,0
1784073000,1.1419500000,1.1420800000,1.1419200000,1.1420500000,65,10,0
1784073300,1.1420500000,1.1421000000,1.1418500000,1.1418600000,183,10,0
1784073600,1.1418500000,1.1419000000,1.1413900000,1.1414200000,21,30,0
1784073900,1.1413600000,1.1418000000,1.1413600000,1.1418000000,32,78,0
1784074200,1.1417500000,1.1418000000,1.1417400000,1.1418000000,34,79,0
1784074500,1.1418000000,1.1419400000,1.1416800000,1.1419300000,28,64,0
1784074800,1.1419000000,1.1419000000,1.1418200000,1.1418600000,9,68,0
1784075100,1.1419300000,1.1419600000,1.1419200000,1.1419400000,12,63,0
1784075400,1.1419300000,1.1419600000,1.1419300000,1.1419600000,7,68,0
1784075700,1.1419600000,1.1421100000,1.1418800000,1.1418800000,14,52,0
1784076000,1.1418700000,1.1419000000,1.1418700000,1.1419000000,21,50,0
1784076300,1.1417200000,1.1419000000,1.1417200000,1.1417900000,79,38,0
1784076600,1.1417900000,1.1417900000,1.1417700000,1.1417800000,8,35,0
1784076900,1.1417800000,1.1418100000,1.1417800000,1.1417800000,9,38,0
1784077200,1.1417800000,1.1421100000,1.1417800000,1.1418800000,80,10,0
1784077500,1.1418900000,1.1418900000,1.1417300000,1.1418200000,54,10,0
1784077800,1.1418300000,1.1418700000,1.1416900000,1.1418500000,63,10,0
1784078100,1.1418600000,1.1418700000,1.1417400000,1.1417900000,48,10,0
1784078400,1.1418000000,1.1419900000,1.1418000000,1.1418700000,58,10,0
1784078700,1.1418800000,1.1419900000,1.1418200000,1.1419700000,122,10,0
1784079000,1.1419700000,1.1420500000,1.1419300000,1.1420400000,83,10,0
1784079300,1.1420000000,1.1421200000,1.1419900000,1.1421000000,78,10,0
1784079600,1.1421000000,1.1421000000,1.1420400000,1.1420600000,59,10,0
1784079900,1.1420500000,1.1420500000,1.1419000000,1.1419700000,43,10,0
1784080200,1.1419600000,1.1419700000,1.1418900000,1.1419000000,48,10,0
1784080500,1.1418900000,1.1420000000,1.1418700000,1.1420000000,32,10,0
1784080800,1.1420000000,1.1420500000,1.1419400000,1.1420000000,34,11,0
1784081100,1.1420100000,1.1421600000,1.1419900000,1.1421500000,53,10,0
1784081400,1.1421500000,1.1421500000,1.1421000000,1.1421300000,27,10,0
1784081700,1.1421400000,1.1421500000,1.1420100000,1.1420400000,16,10,0
1784082000,1.1420400000,1.1421100000,1.1420200000,1.1420600000,19,10,0
1784082300,1.1420700000,1.1422100000,1.1420700000,1.1422100000,51,10,0
1784082600,1.1422000000,1.1422800000,1.1421000000,1.1421800000,62,10,0
1784082900,1.1421900000,1.1422600000,1.1421800000,1.1422300000,49,10,0
1784083200,1.1422400000,1.1424000000,1.1422400000,1.1423700000,65,10,0
1784083500,1.1423700000,1.1424000000,1.1423000000,1.1424000000,64,10,0
1784083800,1.1424000000,1.1424100000,1.1422700000,1.1424100000,39,10,0
1784084100,1.1424300000,1.1424300000,1.1423100000,1.1423900000,59,10,0
1784084400,1.1423900000,1.1426600000,1.1423400000,1.1426500000,171,10,0
1784084700,1.1426500000,1.1426600000,1.1424700000,1.1426400000,162,10,0
1784085000,1.1426500000,1.1427100000,1.1424800000,1.1425100000,104,10,0
1784085300,1.1425100000,1.1426900000,1.1425100000,1.1426100000,130,10,0
1784085600,1.1426100000,1.1427000000,1.1425600000,1.1426500000,86,10,0
1784085900,1.1426400000,1.1430000000,1.1426200000,1.1429000000,119,10,0
1784086200,1.1429000000,1.1429500000,1.1428000000,1.1428000000,119,10,0
1784086500,1.1428000000,1.1428400000,1.1426700000,1.1427200000,114,10,0
1784086800,1.1427200000,1.1427300000,1.1425800000,1.1426500000,130,10,0
1784087100,1.1426500000,1.1428700000,1.1426500000,1.1428700000,75,10,0
1784087400,1.1428600000,1.1431500000,1.1428600000,1.1430900000,181,10,0
1784087700,1.1430900000,1.1433600000,1.1430900000,1.1432500000,159,10,0
1784088000,1.1432500000,1.1433800000,1.1431900000,1.1433400000,265,10,0
1784088300,1.1433300000,1.1435000000,1.1432900000,1.1434200000,178,10,0
1784088600,1.1434300000,1.1435100000,1.1433400000,1.1434800000,174,10,0
1784088900,1.1434900000,1.1436900000,1.1434800000,1.1436600000,159,10,0
1784089200,1.1436600000,1.1437000000,1.1435600000,1.1435700000,123,10,0
1784089500,1.1435900000,1.1436600000,1.1434600000,1.1435400000,186,10,0
1784089800,1.1435400000,1.1436400000,1.1434400000,1.1435200000,148,10,0
1784090100,1.1435200000,1.1436100000,1.1434200000,1.1435600000,101,10,0
1784090400,1.1435700000,1.1435900000,1.1432600000,1.1433300000,205,10,0
1784090700,1.1433100000,1.1433900000,1.1432200000,1.1433000000,215,10,0
1784091000,1.1433000000,1.1433300000,1.1432000000,1.1432700000,160,10,0
1784091300,1.1432800000,1.1435200000,1.1432700000,1.1435000000,110,10,0
1784091600,1.1435000000,1.1437100000,1.1433600000,1.1436800000,159,10,0
1784091900,1.1436700000,1.1438700000,1.1436100000,1.1438100000,175,10,0
1784092200,1.1438100000,1.1438700000,1.1435400000,1.1435600000,169,10,0
1784092500,1.1435700000,1.1435800000,1.1433500000,1.1433500000,159,10,0
1784092800,1.1433600000,1.1434500000,1.1432600000,1.1433500000,138,10,0
1784093100,1.1433600000,1.1434800000,1.1433500000,1.1434600000,91,10,0
1784093400,1.1434500000,1.1435800000,1.1434300000,1.1435700000,84,10,0
1784093700,1.1435600000,1.1436400000,1.1434900000,1.1435900000,88,10,0
1784094000,1.1435900000,1.1440600000,1.1435900000,1.1440400000,147,10,0
1784094300,1.1440400000,1.1440900000,1.1439800000,1.1440900000,137,10,0
1784094600,1.1440900000,1.1441100000,1.1438900000,1.1440200000,140,10,0
1784094900,1.1440100000,1.1441800000,1.1439700000,1.1439700000,122,10,0
1784095200,1.1439800000,1.1441800000,1.1439700000,1.1441600000,121,10,0
1784095500,1.1441500000,1.1441600000,1.1438900000,1.1440100000,88,10,0
1784095800,1.1440000000,1.1440300000,1.1437000000,1.1437000000,179,10,0
1784096100,1.1437100000,1.1437100000,1.1433000000,1.1433300000,171,10,0
1784096400,1.1433200000,1.1434000000,1.1432800000,1.1433400000,122,10,0
1784096700,1.1433500000,1.1434900000,1.1433500000,1.1434400000,127,10,0
1784097000,1.1434500000,1.1436400000,1.1434000000,1.1436300000,98,10,0
1784097300,1.1436300000,1.1436400000,1.1435300000,1.1436100000,99,10,0
1784097600,1.1436000000,1.1436300000,1.1433400000,1.1433700000,94,10,0
1784097900,1.1433700000,1.1435400000,1.1433600000,1.1435300000,109,10,0
1784098200,1.1435400000,1.1437100000,1.1435400000,1.1436600000,115,10,0
1784098500,1.1436700000,1.1437900000,1.1436100000,1.1437500000,101,10,0
1784098800,1.1437500000,1.1438700000,1.1436900000,1.1437600000,80,10,0
1784099100,1.1437700000,1.1438100000,1.1436700000,1.1437000000,78,10,0
1784099400,1.1437100000,1.1437500000,1.1436400000,1.1436900000,98,10,0
1784099700,1.1436800000,1.1438000000,1.1436500000,1.1437800000,76,10,0
1784100000,1.1437800000,1.1438000000,1.1437400000,1.1438000000,62,10,0
1784100300,1.1438100000,1.1439800000,1.1437900000,1.1438900000,74,10,0
1784100600,1.1438800000,1.1439900000,1.1438600000,1.1439600000,66,10,0
1784100900,1.1439600000,1.1440300000,1.1438800000,1.1439000000,72,10,0
1784101200,1.1439000000,1.1439100000,1.1437200000,1.1437600000,69,10,0
1784101500,1.1437700000,1.1439200000,1.1437400000,1.1438500000,64,10,0
1784101800,1.1438600000,1.1439000000,1.1437500000,1.1437500000,75,10,0
1784102100,1.1437500000,1.1438000000,1.1436100000,1.1436600000,104,10,0
1784102400,1.1436700000,1.1436700000,1.1434800000,1.1435500000,258,10,0
1784102700,1.1435500000,1.1437400000,1.1434800000,1.1435400000,123,10,0
1784103000,1.1435400000,1.1436400000,1.1434600000,1.1436200000,108,10,0
1784103300,1.1436300000,1.1437500000,1.1436000000,1.1437200000,82,10,0
1784103600,1.1437300000,1.1437900000,1.1436900000,1.1437000000,92,10,0
1784103900,1.1436900000,1.1437600000,1.1436500000,1.1437000000,62,10,0
1784104200,1.1436900000,1.1439000000,1.1436800000,1.1438700000,149,10,0
1784104500,1.1438700000,1.1439300000,1.1437900000,1.1439100000,143,10,0
1784104800,1.1439000000,1.1440400000,1.1438500000,1.1440400000,140,10,0
1784105100,1.1440400000,1.1442800000,1.1439900000,1.1442700000,140,10,0
1784105400,1.1442600000,1.1442700000,1.1441500000,1.1442600000,106,10,0
1784105700,1.1442600000,1.1442600000,1.1439800000,1.1439800000,164,10,0
1784106000,1.1440000000,1.1442100000,1.1439800000,1.1440900000,257,10,0
1784106300,1.1441000000,1.1441100000,1.1438900000,1.1440700000,207,10,0
1784106600,1.1440800000,1.1440800000,1.1438900000,1.1439400000,122,10,0
1784106900,1.1439400000,1.1442900000,1.1439200000,1.1442900000,125,10,0
1784107200,1.1442800000,1.1442900000,1.1441300000,1.1442200000,131,10,0
1784107500,1.1442300000,1.1443200000,1.1441400000,1.1441400000,138,10,0
1784107800,1.1441400000,1.1441600000,1.1438200000,1.1440500000,205,10,0
1784108100,1.1440500000,1.1440500000,1.1438700000,1.1439400000,139,10,0
1784108400,1.1439500000,1.1439500000,1.1437200000,1.1438000000,158,10,0
1784108700,1.1437900000,1.1438200000,1.1434100000,1.1434700000,191,10,0
1784109000,1.1434700000,1.1436300000,1.1432500000,1.1434300000,414,10,0
1784109300,1.1434300000,1.1435600000,1.1427500000,1.1428300000,568,10,0
1784109600,1.1428400000,1.1430700000,1.1427200000,1.1428300000,399,10,0
1784109900,1.1428200000,1.1429400000,1.1425600000,1.1428000000,300,10,0
1784110200,1.1428300000,1.1431400000,1.1428300000,1.1429600000,252,10,0
1784110500,1.1429700000,1.1430000000,1.1424000000,1.1425400000,269,10,0
1784110800,1.1425600000,1.1426500000,1.1422600000,1.1423300000,271,10,0
1784111100,1.1423400000,1.1423400000,1.1419300000,1.1422200000,322,10,0
1784111400,1.1422100000,1.1424300000,1.1420700000,1.1422100000,256,10,0
1784111700,1.1422200000,1.1422600000,1.1420900000,1.1422100000,174,10,0
1784112000,1.1422100000,1.1424000000,1.1421300000,1.1423500000,296,10,0
1784112300,1.1423600000,1.1423600000,1.1421100000,1.1423000000,167,10,0
1784112600,1.1423000000,1.1424300000,1.1422400000,1.1423800000,145,10,0
1784112900,1.1423800000,1.1424700000,1.1422100000,1.1422900000,199,10,0
1784113200,1.1423000000,1.1427000000,1.1422400000,1.1426300000,277,10,0
1784113500,1.1426300000,1.1426600000,1.1422500000,1.1422600000,233,10,0
1784113800,1.1422500000,1.1423300000,1.1421000000,1.1422300000,185,10,0
1784114100,1.1422400000,1.1423800000,1.1421900000,1.1423300000,160,10,0
1784114400,1.1423400000,1.1424400000,1.1422900000,1.1424300000,136,10,0
1784114700,1.1424300000,1.1425000000,1.1422500000,1.1424800000,208,10,0
1784115000,1.1424900000,1.1426300000,1.1424500000,1.1425100000,149,10,0
1784115300,1.1425100000,1.1426100000,1.1424100000,1.1425000000,125,10,0
1784115600,1.1424900000,1.1425000000,1.1423300000,1.1424100000,164,10,0
1784115900,1.1424200000,1.1425000000,1.1422100000,1.1423000000,190,10,0
1784116200,1.1423000000,1.1423100000,1.1420800000,1.1421800000,223,10,0
1784116500,1.1421600000,1.1424000000,1.1420600000,1.1423900000,193,10,0
1784116800,1.1424000000,1.1424600000,1.1419800000,1.1422700000,222,10,0
1784117100,1.1422600000,1.1423700000,1.1421900000,1.1423000000,154,10,0
1784117400,1.1423000000,1.1425400000,1.1423000000,1.1423800000,258,10,0
1784117700,1.1424100000,1.1424500000,1.1422500000,1.1422500000,185,10,0
1784118000,1.1422400000,1.1424700000,1.1422400000,1.1424300000,178,10,0
1784118300,1.1424200000,1.1424300000,1.1421200000,1.1421300000,192,10,0
1784118600,1.1421400000,1.1422100000,1.1417500000,1.1418300000,212,10,0
1784118900,1.1418300000,1.1420200000,1.1417800000,1.1418500000,231,10,0
1784119200,1.1418600000,1.1421000000,1.1418500000,1.1420100000,126,10,0
1784119500,1.1420400000,1.1421700000,1.1419300000,1.1419600000,178,10,0
1784119800,1.1419600000,1.1420400000,1.1417000000,1.1420400000,297,10,0
1784120100,1.1420500000,1.1420900000,1.1416000000,1.1416400000,326,10,0
1784120400,1.1416300000,1.1417500000,1.1415500000,1.1416900000,251,10,0
1784120700,1.1416800000,1.1417600000,1.1413000000,1.1414600000,285,10,0
1784121000,1.1414600000,1.1415300000,1.1413200000,1.1414400000,223,10,0
1784121300,1.1414300000,1.1416600000,1.1413600000,1.1415200000,219,10,0
1784121600,1.1415000000,1.1417800000,1.1411700000,1.1412100000,371,10,0
1784121900,1.1412200000,1.1412800000,1.1411900000,1.1412700000,173,10,0
1784122200,1.1412600000,1.1414100000,1.1411300000,1.1411400000,246,10,0
1784122500,1.1411300000,1.1413700000,1.1411100000,1.1412700000,252,10,0
1784122800,1.1412700000,1.1412700000,1.1410300000,1.1412100000,171,10,0
1784123100,1.1412100000,1.1414300000,1.1412000000,1.1412300000,135,10,0
1784123400,1.1412200000,1.1413000000,1.1411800000,1.1412900000,149,10,0
1784123700,1.1412800000,1.1415400000,1.1411500000,1.1415300000,199,10,0
1784124000,1.1415300000,1.1417200000,1.1414900000,1.1417100000,238,10,0
1784124300,1.1417100000,1.1418900000,1.1415900000,1.1417800000,169,10,0
1784124600,1.1417800000,1.1418900000,1.1416300000,1.1416600000,111,10,0
1784124900,1.1416600000,1.1417400000,1.1415300000,1.1416100000,145,10,0
1784125200,1.1416100000,1.1418100000,1.1416100000,1.1417300000,134,10,0
1784125500,1.1417200000,1.1417700000,1.1414700000,1.1415500000,169,10,0
1784125800,1.1415400000,1.1417300000,1.1414700000,1.1417100000,145,10,0
1784126100,1.1417100000,1.1418600000,1.1416600000,1.1416800000,178,10,0
1784126400,1.1416700000,1.1417000000,1.1414100000,1.1414200000,188,10,0
1784126700,1.1414300000,1.1414600000,1.1412500000,1.1412800000,231,10,0
1784127000,1.1412800000,1.1415100000,1.1409800000,1.1411300000,457,10,0
1784127300,1.1411200000,1.1412300000,1.1409600000,1.1411300000,456,10,0
1784127600,1.1411600000,1.1414000000,1.1409600000,1.1409700000,322,10,0
1784127900,1.1409800000,1.1410100000,1.1405500000,1.1405500000,348,10,0
1784128200,1.1405600000,1.1409700000,1.1405600000,1.1408800000,252,10,0
1784128500,1.1408900000,1.1410400000,1.1407400000,1.1407400000,250,10,0
1784128800,1.1407500000,1.1413500000,1.1407300000,1.1413500000,238,10,0
1784129100,1.1413600000,1.1414500000,1.1411500000,1.1413600000,209,10,0
1784129400,1.1413400000,1.1423800000,1.1412900000,1.1420900000,719,10,0
1784129700,1.1420900000,1.1421300000,1.1416700000,1.1418900000,464,10,0
1784130000,1.1418900000,1.1424800000,1.1418500000,1.1424700000,481,10,0
1784130300,1.1424600000,1.1427800000,1.1424000000,1.1427000000,325,10,0
1784130600,1.1426700000,1.1426800000,1.1424400000,1.1425800000,324,10,0
1784130900,1.1425800000,1.1429700000,1.1424000000,1.1427900000,398,10,0
1784131200,1.1428000000,1.1432200000,1.1427600000,1.1431500000,420,10,0
1784131500,1.1431500000,1.1433300000,1.1430600000,1.1431800000,400,10,0
1784131800,1.1431700000,1.1431900000,1.1426500000,1.1426700000,491,10,0
1784132100,1.1426600000,1.1433000000,1.1426500000,1.1432200000,360,10,0
1784132400,1.1432300000,1.1432300000,1.1426000000,1.1426900000,382,10,0
1784132700,1.1426900000,1.1427200000,1.1423200000,1.1424000000,388,10,0
1784133000,1.1423700000,1.1427000000,1.1423500000,1.1426600000,417,10,0
1784133300,1.1426700000,1.1427600000,1.1425200000,1.1426600000,414,10,0
1784133600,1.1426500000,1.1427000000,1.1425500000,1.1426100000,186,10,0
1784133900,1.1426200000,1.1430000000,1.1424700000,1.1429500000,339,10,0
1784134200,1.1429400000,1.1431200000,1.1426300000,1.1427200000,450,10,0
1784134500,1.1427200000,1.1435000000,1.1425800000,1.1429600000,582,10,0
1784134800,1.1429900000,1.1432500000,1.1429700000,1.1431800000,362,10,0
1784135100,1.1431900000,1.1435000000,1.1430500000,1.1431400000,447,10,0
1784135400,1.1431400000,1.1433400000,1.1429800000,1.1431300000,333,10,0
1784135700,1.1431500000,1.1435000000,1.1431300000,1.1434600000,367,10,0
1784136000,1.1434600000,1.1435000000,1.1430900000,1.1432300000,411,10,0
1784136300,1.1432400000,1.1432800000,1.1429700000,1.1431800000,496,10,0
1784136600,1.1432000000,1.1436400000,1.1431900000,1.1435600000,482,10,0
1784136900,1.1435600000,1.1436800000,1.1434200000,1.1434500000,502,10,0
1784137200,1.1434400000,1.1438800000,1.1433400000,1.1438300000,447,10,0
1784137500,1.1438400000,1.1441000000,1.1436800000,1.1440900000,399,10,0
1784137800,1.1440800000,1.1440800000,1.1433400000,1.1435400000,769,10,0
1784138100,1.1435000000,1.1436800000,1.1432400000,1.1436500000,725,10,0
1784138400,1.1436600000,1.1440300000,1.1436600000,1.1439400000,480,10,0
1784138700,1.1439400000,1.1441000000,1.1438900000,1.1440000000,307,10,0
1784139000,1.1440000000,1.1440600000,1.1435100000,1.1435100000,309,10,0
1784139300,1.1435000000,1.1436200000,1.1432800000,1.1435400000,394,10,0
1784139600,1.1435300000,1.1438100000,1.1434900000,1.1437300000,335,10,0
1784139900,1.1437400000,1.1439600000,1.1436400000,1.1439000000,357,10,0
1784140200,1.1439100000,1.1439100000,1.1435900000,1.1437300000,360,10,0
1784140500,1.1437300000,1.1437600000,1.1431300000,1.1432000000,458,10,0
1784140800,1.1432000000,1.1434900000,1.1432000000,1.1433900000,288,10,0
1784141100,1.1434000000,1.1436600000,1.1433700000,1.1433700000,275,10,0
1784141400,1.1433800000,1.1434800000,1.1431300000,1.1433700000,303,10,0
1784141700,1.1433700000,1.1435700000,1.1432500000,1.1434900000,218,10,0
1784142000,1.1434800000,1.1435700000,1.1430900000,1.1431900000,331,10,0
1784142300,1.1431900000,1.1433000000,1.1429800000,1.1432300000,253,10,0
1784142600,1.1432300000,1.1435500000,1.1432300000,1.1434000000,269,10,0
1784142900,1.1434000000,1.1436400000,1.1433500000,1.1434000000,283,10,0
1784143200,1.1434300000,1.1436400000,1.1433600000,1.1436100000,332,10,0
1784143500,1.1436100000,1.1439200000,1.1436100000,1.1438400000,330,10,0
1784143800,1.1438300000,1.1438700000,1.1435900000,1.1436600000,239,10,0
1784144100,1.1436700000,1.1436700000,1.1433900000,1.1435400000,268,10,0
1784144400,1.1435400000,1.1436500000,1.1434100000,1.1434900000,180,10,0
1784144700,1.1435000000,1.1440700000,1.1434200000,1.1436600000,402,10,0
1784145000,1.1436600000,1.1441400000,1.1436200000,1.1440000000,309,10,0
1784145300,1.1440100000,1.1441800000,1.1438300000,1.1441700000,391,10,0
1784145600,1.1441700000,1.1447100000,1.1441600000,1.1446000000,439,10,0
1784145900,1.1445900000,1.1449400000,1.1445200000,1.1448500000,298,10,0
1784146200,1.1448400000,1.1449700000,1.1447900000,1.1449000000,276,10,0
1784146500,1.1448900000,1.1451200000,1.1447400000,1.1451100000,257,10,0
1784146800,1.1451200000,1.1453700000,1.1450400000,1.1453300000,212,10,0
1784147100,1.1453100000,1.1455300000,1.1453100000,1.1455300000,253,10,0
1784147400,1.1455200000,1.1465400000,1.1455100000,1.1463500000,543,10,0
1784147700,1.1463500000,1.1466400000,1.1462900000,1.1466100000,342,10,0
1784148000,1.1466200000,1.1470500000,1.1465800000,1.1470100000,332,10,0
1784148300,1.1470000000,1.1474100000,1.1466300000,1.1474000000,429,10,0
1784148600,1.1474000000,1.1474000000,1.1470000000,1.1471100000,372,10,0
1784148900,1.1471200000,1.1474300000,1.1471000000,1.1472900000,260,10,0
1784149200,1.1472900000,1.1476400000,1.1472400000,1.1475700000,290,10,0
1784149500,1.1475500000,1.1476300000,1.1473300000,1.1473300000,242,10,0
1784149800,1.1473400000,1.1474400000,1.1471700000,1.1472800000,243,10,0
1784150100,1.1472600000,1.1477000000,1.1471700000,1.1476900000,239,10,0
1784150400,1.1476900000,1.1477000000,1.1475500000,1.1475900000,145,10,0
1784150700,1.1475800000,1.1478200000,1.1475800000,1.1478000000,104,10,0
1784151000,1.1478000000,1.1482100000,1.1478000000,1.1480100000,185,10,0
1784151300,1.1480100000,1.1480100000,1.1477500000,1.1478900000,218,10,0
1784151600,1.1478600000,1.1478600000,1.1472700000,1.1472800000,238,10,0
1784151900,1.1472800000,1.1473900000,1.1470600000,1.1470700000,344,10,0
1784152200,1.1470800000,1.1471200000,1.1467700000,1.1468600000,362,10,0
1784152500,1.1468500000,1.1469600000,1.1465500000,1.1466100000,280,10,0
1784152800,1.1465900000,1.1469800000,1.1465200000,1.1469500000,313,10,0
1784153100,1.1469600000,1.1472800000,1.1469300000,1.1472300000,267,10,0
1784153400,1.1472300000,1.1473400000,1.1471500000,1.1473300000,237,10,0
1784153700,1.1473100000,1.1474200000,1.1470000000,1.1470900000,265,10,0
1784154000,1.1470900000,1.1472900000,1.1469600000,1.1471900000,251,10,0
1784154300,1.1471800000,1.1473100000,1.1471400000,1.1472300000,204,10,0
1784154600,1.1472200000,1.1472200000,1.1464200000,1.1464700000,474,10,0
1784154900,1.1464700000,1.1465800000,1.1461900000,1.1464100000,397,10,0
1784155200,1.1464200000,1.1464400000,1.1462400000,1.1462600000,184,10,0
1784155500,1.1462700000,1.1463400000,1.1461500000,1.1461500000,175,10,0
1784155800,1.1461900000,1.1463000000,1.1461000000,1.1461500000,191,10,0
1784156100,1.1461800000,1.1464400000,1.1461700000,1.1463400000,184,10,0
1784156400,1.1463500000,1.1464000000,1.1462600000,1.1462900000,153,10,0
1784156700,1.1462900000,1.1463300000,1.1460300000,1.1460800000,115,10,0
1784157000,1.1460900000,1.1461400000,1.1460800000,1.1461000000,61,10,0
1784157300,1.1461100000,1.1461900000,1.1460800000,1.1461900000,35,10,0
1784157600,1.1461800000,1.1463600000,1.1461800000,1.1463100000,53,10,0
1784157900,1.1463000000,1.1463400000,1.1461900000,1.1463200000,42,10,0
1784158200,1.1463300000,1.1463500000,1.1460500000,1.1461900000,81,10,0
1784158500,1.1461900000,1.1462300000,1.1461300000,1.1461400000,75,10,0
1784158800,1.1461400000,1.1462500000,1.1461400000,1.1462000000,62,10,0
1784159100,1.1462100000,1.1462500000,1.1461800000,1.1462400000,37,10,0
1784159400,1.1462300000,1.1463400000,1.1462000000,1.1463200000,55,10,0
1784159700,1.1463200000,1.1463500000,1.1458100000,1.1459600000,145,10,0
1784160000,1.1458700000,1.1460000000,1.1455900000,1.1459600000,10,90,0
1784160300,1.1459600000,1.1461700000,1.1455800000,1.1460000000,18,69,0
1784160600,1.1460000000,1.1460000000,1.1458600000,1.1459800000,15,86,0
1784160900,1.1459800000,1.1460000000,1.1459800000,1.1460000000,5,85,0
1784161200,1.1460000000,1.1461200000,1.1459900000,1.1461200000,6,73,0
1784161500,1.1461200000,1.1461200000,1.1461200000,1.1461200000,5,74,0
1784161800,1.1461100000,1.1461400000,1.1460400000,1.1461100000,8,77,0
1784162100,1.1461100000,1.1462400000,1.1461100000,1.1461900000,16,65,0
1784162400,1.1461900000,1.1462500000,1.1461700000,1.1461800000,38,57,0
1784162700,1.1461300000,1.1463600000,1.1461300000,1.1461600000,28,34,0
1784163000,1.1461600000,1.1463500000,1.1461600000,1.1463000000,23,50,0
1784163300,1.1462700000,1.1462800000,1.1460800000,1.1461400000,52,51,0
1784163600,1.1461400000,1.1467600000,1.1461400000,1.1465600000,140,11,0
1784163900,1.1465500000,1.1465700000,1.1465200000,1.1465700000,52,11,0
1784164200,1.1465700000,1.1466300000,1.1465400000,1.1465900000,62,10,0
1784164500,1.1466000000,1.1466000000,1.1465000000,1.1465700000,53,10,0
1784164800,1.1465600000,1.1465700000,1.1465100000,1.1465300000,58,11,0
1784165100,1.1465300000,1.1466800000,1.1465100000,1.1466800000,80,11,0
1784165400,1.1466900000,1.1467000000,1.1465900000,1.1465900000,69,11,0
1784165700,1.1465900000,1.1466600000,1.1465800000,1.1466400000,34,11,0
1784166000,1.1466500000,1.1466700000,1.1465800000,1.1466200000,84,11,0
1784166300,1.1466300000,1.1466300000,1.1465700000,1.1465900000,77,11,0
1784166600,1.1466000000,1.1466500000,1.1464600000,1.1465300000,72,11,0
1784166900,1.1465400000,1.1466500000,1.1465400000,1.1466400000,64,11,0
1784167200,1.1466700000,1.1467300000,1.1466500000,1.1466500000,44,10,0
1784167500,1.1466500000,1.1467300000,1.1466100000,1.1467300000,38,10,0
1784167800,1.1467200000,1.1468300000,1.1467100000,1.1468300000,26,11,0
1784168100,1.1468300000,1.1468900000,1.1467100000,1.1468500000,59,10,0
1784168400,1.1468400000,1.1468400000,1.1467600000,1.1467600000,39,10,0
1784168700,1.1467700000,1.1469100000,1.1467700000,1.1468800000,80,10,0
1784169000,1.1468700000,1.1468800000,1.1467900000,1.1468800000,53,10,0
1784169300,1.1468800000,1.1469200000,1.1468400000,1.1469000000,39,10,0
1784169600,1.1469100000,1.1470100000,1.1468700000,1.1470000000,51,10,0
1784169900,1.1469900000,1.1470300000,1.1469500000,1.1470300000,64,10,0
1784170200,1.1470300000,1.1470300000,1.1468900000,1.1469400000,68,10,0
1784170500,1.1469400000,1.1469900000,1.1468600000,1.1469300000,98,10,0
1784170800,1.1469300000,1.1471800000,1.1468700000,1.1469900000,271,10,0
1784171100,1.1470100000,1.1470900000,1.1469400000,1.1470600000,113,10,0
1784171400,1.1470600000,1.1473500000,1.1470400000,1.1473300000,120,10,0
1784171700,1.1473300000,1.1473400000,1.1470800000,1.1471800000,140,10,0
1784172000,1.1471800000,1.1471900000,1.1469700000,1.1471800000,122,10,0
1784172300,1.1471800000,1.1472300000,1.1471200000,1.1471300000,56,10,0
1784172600,1.1471400000,1.1471800000,1.1468100000,1.1468600000,140,10,0
1784172900,1.1468800000,1.1468800000,1.1467400000,1.1468300000,110,10,0
1784173200,1.1468400000,1.1470500000,1.1468000000,1.1469300000,148,10,0
1784173500,1.1469300000,1.1470000000,1.1466800000,1.1467300000,178,10,0
1784173800,1.1467500000,1.1471100000,1.1467000000,1.1468800000,422,10,0
1784174100,1.1469000000,1.1474100000,1.1468000000,1.1473300000,379,10,0
1784174400,1.1473200000,1.1473500000,1.1472100000,1.1472400000,241,10,0
1784174700,1.1472300000,1.1472500000,1.1470300000,1.1470800000,173,10,0
1784175000,1.1470700000,1.1472400000,1.1470000000,1.1472300000,184,10,0
1784175300,1.1472400000,1.1472500000,1.1468000000,1.1468800000,280,10,0
1784175600,1.1468700000,1.1471800000,1.1468500000,1.1471000000,239,10,0
1784175900,1.1471100000,1.1471900000,1.1468900000,1.1469200000,222,10,0
1784176200,1.1469100000,1.1470100000,1.1466100000,1.1466600000,206,10,0
1784176500,1.1466600000,1.1466700000,1.1464700000,1.1466200000,205,10,0
1784176800,1.1466100000,1.1467000000,1.1465400000,1.1466400000,180,10,0
1784177100,1.1466400000,1.1466600000,1.1465600000,1.1466200000,161,10,0
1784177400,1.1466100000,1.1466400000,1.1465100000,1.1465100000,155,10,0
1784177700,1.1465100000,1.1465300000,1.1464500000,1.1465300000,140,10,0
1784178000,1.1465200000,1.1465300000,1.1463600000,1.1464100000,110,10,0
1784178300,1.1464000000,1.1464300000,1.1463100000,1.1463700000,202,10,0
1784178600,1.1463600000,1.1464600000,1.1459900000,1.1460200000,141,10,0
1784178900,1.1460300000,1.1462100000,1.1459600000,1.1461900000,77,10,0
1784179200,1.1461800000,1.1464100000,1.1461700000,1.1463600000,127,10,0
1784179500,1.1463700000,1.1463900000,1.1462000000,1.1463900000,127,10,0
1784179800,1.1463800000,1.1464600000,1.1462700000,1.1463500000,158,10,0
1784180100,1.1463700000,1.1464100000,1.1462000000,1.1462300000,130,10,0
1784180400,1.1462400000,1.1462900000,1.1461600000,1.1462700000,148,10,0
1784180700,1.1462800000,1.1463100000,1.1461700000,1.1461800000,76,10,0
1784181000,1.1461900000,1.1462700000,1.1461100000,1.1462600000,88,10,0
1784181300,1.1462600000,1.1464300000,1.1462100000,1.1464100000,149,10,0
1784181600,1.1464200000,1.1464200000,1.1462800000,1.1463700000,130,10,0
1784181900,1.1463700000,1.1466100000,1.1463600000,1.1465700000,127,10,0
1784182200,1.1465700000,1.1466300000,1.1464400000,1.1465300000,100,10,0
1784182500,1.1465100000,1.1466700000,1.1465100000,1.1466100000,113,10,0
1784182800,1.1466200000,1.1467300000,1.1466000000,1.1466900000,67,10,0
1784183100,1.1466900000,1.1467900000,1.1466900000,1.1467600000,92,10,0
1784183400,1.1467400000,1.1468300000,1.1467100000,1.1468100000,129,10,0
1784183700,1.1468200000,1.1468300000,1.1467700000,1.1467700000,43,10,0
1784184000,1.1467800000,1.1468100000,1.1466600000,1.1466700000,80,10,0
1784184300,1.1466600000,1.1467000000,1.1466000000,1.1466500000,74,10,0
1784184600,1.1466500000,1.1466500000,1.1465000000,1.1465100000,105,10,0
1784184900,1.1465100000,1.1466000000,1.1465000000,1.1466000000,81,10,0
1784185200,1.1466100000,1.1466100000,1.1464600000,1.1464700000,101,10,0
1784185500,1.1464600000,1.1465000000,1.1463300000,1.1463300000,95,10,0
1784185800,1.1463500000,1.1465000000,1.1463500000,1.1464500000,58,10,0
1784186100,1.1464500000,1.1464500000,1.1463200000,1.1463200000,63,10,0
1784186400,1.1463300000,1.1464100000,1.1463200000,1.1464000000,50,10,0
1784186700,1.1464000000,1.1464000000,1.1462500000,1.1462600000,123,10,0
1784187000,1.1462700000,1.1463800000,1.1462600000,1.1463700000,74,10,0
1784187300,1.1463600000,1.1465300000,1.1463400000,1.1465300000,100,10,0
1784187600,1.1465200000,1.1466600000,1.1465200000,1.1465500000,86,10,0
1784187900,1.1465500000,1.1466200000,1.1465400000,1.1465700000,84,10,0
1784188200,1.1465700000,1.1466300000,1.1465400000,1.1466300000,54,10,0
1784188500,1.1466300000,1.1466300000,1.1464700000,1.1465700000,76,10,0
1784188800,1.1465800000,1.1466300000,1.1465700000,1.1465800000,85,10,0
1784189100,1.1466000000,1.1466300000,1.1465100000,1.1465900000,84,10,0
1784189400,1.1466000000,1.1467000000,1.1465800000,1.1466800000,130,10,0
1784189700,1.1466900000,1.1467900000,1.1466700000,1.1467000000,140,10,0
1784190000,1.1467000000,1.1467300000,1.1466200000,1.1466600000,124,10,0
1784190300,1.1466500000,1.1467100000,1.1465700000,1.1466200000,108,10,0
1784190600,1.1466200000,1.1468300000,1.1465600000,1.1468100000,210,10,0
1784190900,1.1467900000,1.1467900000,1.1465900000,1.1466100000,178,10,0
1784191200,1.1466200000,1.1467200000,1.1466100000,1.1466600000,155,10,0
1784191500,1.1466600000,1.1466600000,1.1464000000,1.1464000000,207,10,0
1784191800,1.1463900000,1.1465100000,1.1463200000,1.1463800000,134,10,0
1784192100,1.1464000000,1.1464800000,1.1461600000,1.1462700000,209,10,0
1784192400,1.1462700000,1.1467400000,1.1462700000,1.1465100000,310,10,0
1784192700,1.1465100000,1.1468000000,1.1463700000,1.1467200000,301,10,0
1784193000,1.1467100000,1.1468800000,1.1466200000,1.1468700000,218,10,0
1784193300,1.1468400000,1.1468400000,1.1465300000,1.1466100000,166,10,0
1784193600,1.1466200000,1.1468600000,1.1465700000,1.1468100000,131,10,0
1784193900,1.1468200000,1.1468800000,1.1467300000,1.1467800000,178,10,0
1784194200,1.1467700000,1.1467800000,1.1465400000,1.1465600000,286,10,0
1784194500,1.1465500000,1.1466700000,1.1464700000,1.1466200000,227,10,0
1784194800,1.1466300000,1.1466400000,1.1464600000,1.1466300000,156,10,0
1784195100,1.1466200000,1.1467800000,1.1465800000,1.1467500000,194,10,0
1784195400,1.1467400000,1.1468400000,1.1466900000,1.1468100000,119,10,0
1784195700,1.1468200000,1.1470500000,1.1467600000,1.1468000000,264,10,0
1784196000,1.1468200000,1.1469700000,1.1467500000,1.1469700000,285,10,0
1784196300,1.1469400000,1.1469500000,1.1466100000,1.1467600000,239,10,0
1784196600,1.1467500000,1.1469200000,1.1466700000,1.1467800000,261,10,0
1784196900,1.1467700000,1.1471300000,1.1467500000,1.1470800000,213,10,0
1784197200,1.1470700000,1.1471700000,1.1468700000,1.1470300000,218,10,0
1784197500,1.1470200000,1.1470400000,1.1467300000,1.1468700000,170,10,0
1784197800,1.1468600000,1.1469200000,1.1466800000,1.1468600000,179,10,0
1784198100,1.1468600000,1.1471500000,1.1468200000,1.1470400000,167,10,0
1784198400,1.1470600000,1.1471500000,1.1469700000,1.1470900000,140,10,0
1784198700,1.1471100000,1.1475900000,1.1471000000,1.1475800000,192,10,0
1784199000,1.1475800000,1.1475800000,1.1470300000,1.1471700000,272,10,0
1784199300,1.1471800000,1.1473000000,1.1468100000,1.1468700000,307,10,0
1784199600,1.1468700000,1.1471400000,1.1466800000,1.1467500000,321,10,0
1784199900,1.1467500000,1.1467700000,1.1464500000,1.1465800000,244,10,0
1784200200,1.1465600000,1.1466400000,1.1463100000,1.1463800000,197,10,0
1784200500,1.1463900000,1.1464500000,1.1462200000,1.1462900000,198,10,0
1784200800,1.1462800000,1.1463900000,1.1462100000,1.1462800000,204,10,0
1784201100,1.1462700000,1.1465800000,1.1462500000,1.1464500000,267,10,0
1784201400,1.1464500000,1.1467400000,1.1464500000,1.1466700000,193,10,0
1784201700,1.1466700000,1.1467300000,1.1465700000,1.1466400000,196,10,0
1784202000,1.1466400000,1.1467800000,1.1465900000,1.1466800000,170,10,0
1784202300,1.1466700000,1.1466900000,1.1465100000,1.1465700000,148,10,0
1784202600,1.1465600000,1.1467000000,1.1463100000,1.1463800000,197,10,0
1784202900,1.1463800000,1.1465500000,1.1462200000,1.1465400000,208,10,0
1784203200,1.1465400000,1.1465400000,1.1462200000,1.1462600000,202,10,0
1784203500,1.1462800000,1.1464200000,1.1462700000,1.1462900000,215,10,0
1784203800,1.1462800000,1.1465400000,1.1462700000,1.1464700000,148,10,0
1784204100,1.1464700000,1.1466300000,1.1463800000,1.1465500000,165,10,0
1784204400,1.1465400000,1.1465500000,1.1463300000,1.1463500000,113,10,0
1784204700,1.1463500000,1.1464400000,1.1462300000,1.1463000000,157,10,0
1784205000,1.1462900000,1.1463400000,1.1460300000,1.1461000000,213,10,0
1784205300,1.1461000000,1.1463400000,1.1460000000,1.1462400000,237,10,0
1784205600,1.1462500000,1.1464900000,1.1461900000,1.1464700000,144,10,0
1784205900,1.1464800000,1.1466800000,1.1464800000,1.1466700000,126,10,0
1784206200,1.1466600000,1.1467300000,1.1464800000,1.1467300000,130,10,0
1784206500,1.1467500000,1.1467700000,1.1465200000,1.1465800000,169,10,0
1784206800,1.1465800000,1.1465800000,1.1463800000,1.1464500000,193,10,0
1784207100,1.1464600000,1.1465600000,1.1463900000,1.1465300000,127,10,0
1784207400,1.1465200000,1.1465800000,1.1464300000,1.1465200000,105,10,0
1784207700,1.1465200000,1.1466900000,1.1465200000,1.1466000000,109,10,0
1784208000,1.1465900000,1.1467900000,1.1465800000,1.1467000000,120,10,0
1784208300,1.1467100000,1.1467400000,1.1464500000,1.1464800000,139,10,0
1784208600,1.1464700000,1.1464900000,1.1461600000,1.1462300000,196,10,0
1784208900,1.1462400000,1.1463400000,1.1461900000,1.1461900000,175,10,0
1784209200,1.1462100000,1.1464600000,1.1462100000,1.1464200000,141,10,0
1784209500,1.1464100000,1.1465800000,1.1464100000,1.1464800000,103,10,0
1784209800,1.1464800000,1.1465000000,1.1462800000,1.1464100000,136,10,0
1784210100,1.1464000000,1.1464000000,1.1458900000,1.1459400000,197,10,0
1784210400,1.1459200000,1.1461800000,1.1458300000,1.1459900000,316,10,0
1784210700,1.1459800000,1.1461500000,1.1459100000,1.1461200000,126,10,0
1784211000,1.1461000000,1.1461400000,1.1459400000,1.1459800000,105,10,0
1784211300,1.1459900000,1.1461700000,1.1457800000,1.1461400000,218,10,0
1784211600,1.1461300000,1.1462700000,1.1460600000,1.1462300000,140,10,0
1784211900,1.1462300000,1.1462400000,1.1458300000,1.1459900000,213,10,0
1784212200,1.1459700000,1.1462300000,1.1459700000,1.1462200000,197,10,0
1784212500,1.1462300000,1.1463300000,1.1461700000,1.1463300000,124,10,0
1784212800,1.1463500000,1.1465900000,1.1462200000,1.1464100000,158,10,0
1784213100,1.1464100000,1.1466400000,1.1458100000,1.1460700000,247,10,0
1784213400,1.1460500000,1.1464200000,1.1456000000,1.1463400000,597,10,0
1784213700,1.1463600000,1.1468400000,1.1463300000,1.1468000000,303,10,0
1784214000,1.1468100000,1.1469700000,1.1466500000,1.1468800000,407,10,0
1784214300,1.1468800000,1.1470200000,1.1466600000,1.1466700000,313,10,0
1784214600,1.1466700000,1.1467100000,1.1463100000,1.1464200000,304,10,0
1784214900,1.1464300000,1.1464800000,1.1461600000,1.1464700000,282,10,0
1784215200,1.1464500000,1.1464500000,1.1461200000,1.1461900000,411,10,0
1784215500,1.1462000000,1.1463900000,1.1459400000,1.1462900000,276,10,0
1784215800,1.1462700000,1.1464700000,1.1457100000,1.1457700000,419,10,0
1784216100,1.1457700000,1.1458800000,1.1452100000,1.1455700000,598,10,0
1784216400,1.1455800000,1.1456900000,1.1450600000,1.1452100000,433,10,0
1784216700,1.1452000000,1.1455500000,1.1450900000,1.1453800000,457,10,0
1784217000,1.1453500000,1.1454900000,1.1451000000,1.1451500000,306,10,0
1784217300,1.1451600000,1.1451800000,1.1446400000,1.1447000000,417,10,0
1784217600,1.1447200000,1.1448600000,1.1444000000,1.1444900000,511,10,0
1784217900,1.1444800000,1.1449900000,1.1444800000,1.1449900000,485,10,0
1784218200,1.1449800000,1.1453100000,1.1449400000,1.1452900000,255,10,0
1784218500,1.1453000000,1.1453200000,1.1450400000,1.1453200000,292,10,0
1784218800,1.1453100000,1.1455000000,1.1452800000,1.1454400000,293,10,0
1784219100,1.1454100000,1.1457900000,1.1453400000,1.1457700000,245,10,0
1784219400,1.1457700000,1.1458700000,1.1456000000,1.1456300000,435,10,0
1784219700,1.1456400000,1.1457700000,1.1454000000,1.1456700000,502,10,0
1784220000,1.1456800000,1.1458300000,1.1452900000,1.1453100000,484,10,0
1784220300,1.1453300000,1.1453300000,1.1451500000,1.1452900000,399,10,0
1784220600,1.1453000000,1.1455600000,1.1451800000,1.1454800000,450,10,0
1784220900,1.1454600000,1.1454600000,1.1449000000,1.1449100000,426,10,0
1784221200,1.1449200000,1.1453500000,1.1448700000,1.1453400000,444,10,0
1784221500,1.1453400000,1.1453400000,1.1449800000,1.1449800000,250,10,0
1784221800,1.1449700000,1.1449700000,1.1444600000,1.1447800000,429,10,0
1784222100,1.1447700000,1.1450900000,1.1446400000,1.1450900000,286,10,0
1784222400,1.1451000000,1.1451900000,1.1448400000,1.1449600000,300,10,0
1784222700,1.1449500000,1.1451400000,1.1448600000,1.1448700000,296,10,0
1784223000,1.1448800000,1.1451700000,1.1448600000,1.1451000000,315,10,0
1784223300,1.1450900000,1.1451000000,1.1443000000,1.1443600000,379,10,0
1784223600,1.1443800000,1.1444300000,1.1441900000,1.1444200000,340,10,0
1784223900,1.1444400000,1.1445600000,1.1441300000,1.1442100000,373,10,0
1784224200,1.1442200000,1.1443000000,1.1439500000,1.1441000000,386,10,0
1784224500,1.1440900000,1.1444700000,1.1439500000,1.1442400000,456,10,0
1784224800,1.1442400000,1.1442600000,1.1436100000,1.1437200000,546,10,0
1784225100,1.1437400000,1.1439600000,1.1437100000,1.1438500000,264,10,0
1784225400,1.1438500000,1.1441400000,1.1438500000,1.1441400000,287,10,0
1784225700,1.1441500000,1.1442900000,1.1441000000,1.1441100000,295,10,0
1784226000,1.1441100000,1.1443500000,1.1439500000,1.1439500000,264,10,0
1784226300,1.1439600000,1.1441300000,1.1439400000,1.1440000000,279,10,0
1784226600,1.1440100000,1.1444600000,1.1439600000,1.1444400000,249,10,0
1784226900,1.1444400000,1.1444900000,1.1442400000,1.1444500000,210,10,0
1784227200,1.1444500000,1.1446300000,1.1443900000,1.1446000000,193,10,0
1784227500,1.1446100000,1.1448300000,1.1445100000,1.1448200000,178,10,0
1784227800,1.1448100000,1.1449100000,1.1446700000,1.1449000000,163,10,0
1784228100,1.1448900000,1.1449100000,1.1445100000,1.1446500000,212,10,0
1784228400,1.1446400000,1.1446700000,1.1442900000,1.1443200000,230,10,0
1784228700,1.1443300000,1.1443600000,1.1440600000,1.1441000000,216,10,0
1784229000,1.1440900000,1.1442600000,1.1440300000,1.1441600000,142,10,0
1784229300,1.1441500000,1.1442400000,1.1440000000,1.1440100000,169,10,0
1784229600,1.1440100000,1.1440100000,1.1435600000,1.1436400000,463,10,0
1784229900,1.1436400000,1.1437200000,1.1435000000,1.1435600000,267,10,0
1784230200,1.1435700000,1.1438200000,1.1435200000,1.1437600000,172,10,0
1784230500,1.1437500000,1.1437900000,1.1436000000,1.1436400000,170,10,0
1784230800,1.1436100000,1.1437000000,1.1434200000,1.1436500000,160,10,0
1784231100,1.1436500000,1.1437000000,1.1435500000,1.1436600000,128,10,0
1784231400,1.1436600000,1.1437600000,1.1434800000,1.1435100000,146,10,0
1784231700,1.1435100000,1.1436500000,1.1433700000,1.1434300000,192,10,0
1784232000,1.1434200000,1.1434800000,1.1430800000,1.1431900000,251,10,0
1784232300,1.1431800000,1.1431900000,1.1430800000,1.1431400000,207,10,0
1784232600,1.1431400000,1.1432100000,1.1430700000,1.1431500000,166,10,0
1784232900,1.1431600000,1.1433400000,1.1431300000,1.1433400000,180,10,0
1784233200,1.1433300000,1.1434100000,1.1433100000,1.1434100000,87,10,0
1784233500,1.1434100000,1.1434800000,1.1433500000,1.1434600000,62,10,0
1784233800,1.1434800000,1.1435200000,1.1433000000,1.1433400000,89,10,0
1784234100,1.1433400000,1.1433600000,1.1432200000,1.1433000000,115,10,0
1784234400,1.1433000000,1.1434600000,1.1432900000,1.1434100000,142,10,0
1784234700,1.1434200000,1.1436400000,1.1433900000,1.1436000000,158,10,0
1784235000,1.1435900000,1.1437800000,1.1435600000,1.1437100000,149,10,0
1784235300,1.1437100000,1.1437800000,1.1436100000,1.1436100000,109,10,0
1784235600,1.1436100000,1.1436300000,1.1434600000,1.1434600000,150,10,0
1784235900,1.1434500000,1.1436300000,1.1434500000,1.1435600000,190,10,0
1784236200,1.1435700000,1.1437500000,1.1435700000,1.1437100000,116,10,0
1784236500,1.1437100000,1.1437800000,1.1437100000,1.1437600000,64,10,0
1784236800,1.1437600000,1.1438700000,1.1436400000,1.1436700000,147,10,0
1784237100,1.1436700000,1.1437100000,1.1436000000,1.1436100000,122,10,0
1784237400,1.1436100000,1.1437000000,1.1435600000,1.1435600000,122,10,0
1784237700,1.1435500000,1.1436100000,1.1435200000,1.1436000000,136,10,0
1784238000,1.1436100000,1.1437300000,1.1435800000,1.1437100000,133,10,0
1784238300,1.1437100000,1.1438100000,1.1436700000,1.1436700000,91,10,0
1784238600,1.1436600000,1.1437300000,1.1436300000,1.1437100000,108,10,0
1784238900,1.1436900000,1.1438200000,1.1436700000,1.1438000000,143,10,0
1784239200,1.1437900000,1.1439600000,1.1437400000,1.1439100000,183,10,0
1784239500,1.1439000000,1.1439000000,1.1438000000,1.1438100000,66,10,0
1784239800,1.1438100000,1.1438400000,1.1436900000,1.1437000000,97,10,0
1784240100,1.1436900000,1.1437200000,1.1435500000,1.1436600000,100,10,0
1784240400,1.1436700000,1.1437100000,1.1434700000,1.1434900000,128,10,0
1784240700,1.1434900000,1.1435400000,1.1433800000,1.1434600000,182,10,0
1784241000,1.1434700000,1.1436100000,1.1434600000,1.1435500000,126,10,0
1784241300,1.1435500000,1.1437100000,1.1435200000,1.1436600000,106,10,0
1784241600,1.1436500000,1.1437500000,1.1436500000,1.1436700000,120,10,0
1784241900,1.1436800000,1.1438500000,1.1436600000,1.1438500000,105,10,0
1784242200,1.1438600000,1.1441000000,1.1437900000,1.1441000000,137,10,0
1784242500,1.1441000000,1.1441200000,1.1439300000,1.1439900000,325,10,0
1784242800,1.1439800000,1.1441400000,1.1439400000,1.1441300000,159,10,0
1784243100,1.1441500000,1.1441500000,1.1440600000,1.1440600000,68,10,0
1784243400,1.1440700000,1.1440900000,1.1439600000,1.1439800000,65,10,0
1784243700,1.1439800000,1.1440200000,1.1439800000,1.1439900000,47,10,0
1784244000,1.1439700000,1.1439700000,1.1438400000,1.1438400000,24,10,0
1784244300,1.1438300000,1.1439200000,1.1438100000,1.1439200000,29,10,0
1784244600,1.1439100000,1.1443600000,1.1438700000,1.1442200000,142,10,0
1784244900,1.1442200000,1.1443400000,1.1442200000,1.1443200000,34,10,0
1784245200,1.1443300000,1.1443300000,1.1442200000,1.1442300000,31,10,0
1784245500,1.1442400000,1.1443200000,1.1442300000,1.1442800000,38,10,0
1784245800,1.1443200000,1.1443700000,1.1442900000,1.1443000000,104,10,0
1784246100,1.1443100000,1.1443800000,1.1439500000,1.1439500000,133,10,0
1784246400,1.1438100000,1.1439100000,1.1433800000,1.1438400000,11,55,0
1784246700,1.1438400000,1.1439100000,1.1438400000,1.1438400000,18,50,0
1784247000,1.1438400000,1.1439600000,1.1438400000,1.1439600000,17,56,0
1784247300,1.1439600000,1.1439600000,1.1438400000,1.1439600000,7,53,0
1784247600,1.1439600000,1.1439600000,1.1439000000,1.1439600000,9,33,0
1784247900,1.1438400000,1.1440600000,1.1438400000,1.1439900000,18,29,0
1784248200,1.1440100000,1.1440100000,1.1438800000,1.1439600000,21,51,0
1784248500,1.1439700000,1.1440200000,1.1439600000,1.1439800000,10,36,0
1784248800,1.1439800000,1.1440600000,1.1439700000,1.1440400000,38,28,0
1784249100,1.1440100000,1.1442200000,1.1439700000,1.1439700000,18,29,0
1784249400,1.1439700000,1.1439700000,1.1439600000,1.1439600000,6,65,0
1784249700,1.1439600000,1.1439600000,1.1439600000,1.1439600000,4,62,0
1784250000,1.1439700000,1.1444300000,1.1439700000,1.1444200000,74,11,0
1784250300,1.1444300000,1.1444300000,1.1443200000,1.1443900000,48,11,0
1784250600,1.1443700000,1.1444300000,1.1443700000,1.1443900000,89,11,0
1784250900,1.1443900000,1.1443900000,1.1443400000,1.1443500000,27,11,0
1784251200,1.1443500000,1.1443500000,1.1443000000,1.1443300000,39,11,0
1784251500,1.1443300000,1.1443400000,1.1442700000,1.1443200000,41,11,0
1784251800,1.1443100000,1.1443500000,1.1442700000,1.1442800000,52,11,0
1784252100,1.1442800000,1.1442900000,1.1442500000,1.1442900000,24,11,0
1784252400,1.1442800000,1.1443000000,1.1442700000,1.1442700000,18,11,0
1784252700,1.1442600000,1.1442600000,1.1441800000,1.1441900000,40,11,0
1784253000,1.1441900000,1.1442000000,1.1441900000,1.1441900000,10,11,0
1784253300,1.1442000000,1.1442900000,1.1441800000,1.1442800000,69,11,0
1784253600,1.1442700000,1.1443300000,1.1442600000,1.1443100000,53,10,0
1784253900,1.1443000000,1.1443000000,1.1442300000,1.1442500000,45,11,0
1784254200,1.1442600000,1.1443800000,1.1442100000,1.1443600000,49,11,0
1784254500,1.1443700000,1.1444000000,1.1443400000,1.1443500000,18,10,0
1784254800,1.1443400000,1.1443600000,1.1443300000,1.1443500000,31,10,0
1784255100,1.1443500000,1.1445000000,1.1443500000,1.1444200000,64,10,0
1784255400,1.1444200000,1.1444500000,1.1443800000,1.1444300000,31,11,0
1784255700,1.1444400000,1.1445900000,1.1444400000,1.1445800000,37,10,0
1784256000,1.1445700000,1.1445700000,1.1444700000,1.1444700000,32,10,0
1784256300,1.1444700000,1.1444700000,1.1443600000,1.1443900000,78,10,0
1784256600,1.1443800000,1.1443900000,1.1443100000,1.1443200000,72,10,0
1784256900,1.1443300000,1.1444700000,1.1443200000,1.1444500000,56,10,0
1784257200,1.1444600000,1.1445700000,1.1443900000,1.1444800000,219,10,0
1784257500,1.1444800000,1.1445400000,1.1444400000,1.1444500000,102,10,0
1784257800,1.1444400000,1.1444700000,1.1443400000,1.1443900000,105,10,0
1784258100,1.1443800000,1.1445400000,1.1443800000,1.1443800000,105,10,0
1784258400,1.1443700000,1.1443900000,1.1442500000,1.1442600000,102,10,0
1784258700,1.1442600000,1.1443000000,1.1441200000,1.1441500000,119,10,0
1784259000,1.1441500000,1.1442600000,1.1440700000,1.1441400000,119,10,0
1784259300,1.1441500000,1.1442800000,1.1441400000,1.1441800000,106,10,0
1784259600,1.1441900000,1.1441900000,1.1440800000,1.1440900000,101,10,0
1784259900,1.1440800000,1.1442300000,1.1440800000,1.1442300000,147,10,0
1784260200,1.1442100000,1.1445100000,1.1442100000,1.1444700000,228,10,0
1784260500,1.1444700000,1.1446400000,1.1443700000,1.1446400000,117,10,0
1784260800,1.1446300000,1.1447600000,1.1445900000,1.1446100000,132,10,0
1784261100,1.1446200000,1.1447000000,1.1444500000,1.1445300000,152,10,0
1784261400,1.1445400000,1.1445400000,1.1442900000,1.1444000000,156,10,0
1784261700,1.1444100000,1.1446200000,1.1444000000,1.1445400000,146,10,0
1784262000,1.1445300000,1.1446200000,1.1444500000,1.1444900000,132,10,0
1784262300,1.1444900000,1.1445100000,1.1442800000,1.1443000000,113,10,0
1784262600,1.1442900000,1.1443900000,1.1442400000,1.1443000000,106,10,0
1784262900,1.1443000000,1.1443000000,1.1441200000,1.1441500000,122,10,0
1784263200,1.1441500000,1.1443000000,1.1441200000,1.1442800000,91,10,0
1784263500,1.1442700000,1.1442700000,1.1440000000,1.1440000000,122,10,0
1784263800,1.1440000000,1.1440500000,1.1436900000,1.1437300000,222,10,0
1784264100,1.1437400000,1.1438900000,1.1436800000,1.1438600000,153,10,0
1784264400,1.1438500000,1.1440900000,1.1438500000,1.1439000000,196,10,0
1784264700,1.1438900000,1.1440300000,1.1438500000,1.1439800000,128,10,0
1784265000,1.1439900000,1.1440700000,1.1439800000,1.1440500000,82,10,0
1784265300,1.1440400000,1.1440900000,1.1440000000,1.1440400000,113,10,0
1784265600,1.1440500000,1.1440600000,1.1438800000,1.1440000000,123,10,0
1784265900,1.1439900000,1.1440100000,1.1438400000,1.1438500000,103,10,0
1784266200,1.1438500000,1.1439500000,1.1436700000,1.1437000000,121,10,0
1784266500,1.1437400000,1.1438000000,1.1436200000,1.1437100000,161,10,0
1784266800,1.1437200000,1.1437600000,1.1436400000,1.1437600000,105,10,0
1784267100,1.1437500000,1.1438400000,1.1437100000,1.1438300000,100,10,0
1784267400,1.1438300000,1.1439000000,1.1436600000,1.1436600000,120,10,0
1784267700,1.1436700000,1.1437400000,1.1436100000,1.1436400000,124,10,0
1784268000,1.1436500000,1.1437700000,1.1435900000,1.1437300000,172,10,0
1784268300,1.1437300000,1.1439700000,1.1437300000,1.1437800000,165,10,0
1784268600,1.1437700000,1.1437900000,1.1436700000,1.1437400000,102,10,0
1784268900,1.1437500000,1.1439600000,1.1437500000,1.1439000000,94,10,0
1784269200,1.1439000000,1.1439600000,1.1438000000,1.1438100000,68,10,0
1784269500,1.1438000000,1.1438900000,1.1437800000,1.1438900000,104,10,0
1784269800,1.1438800000,1.1439400000,1.1437300000,1.1438100000,135,10,0
1784270100,1.1438200000,1.1438400000,1.1436200000,1.1436200000,64,10,0
1784270400,1.1436200000,1.1436600000,1.1435400000,1.1435900000,72,10,0
1784270700,1.1435800000,1.1436500000,1.1435300000,1.1436300000,81,10,0
1784271000,1.1436200000,1.1438600000,1.1436100000,1.1438500000,111,10,0
1784271300,1.1438400000,1.1439000000,1.1438400000,1.1438800000,78,10,0
1784271600,1.1438900000,1.1438900000,1.1437600000,1.1437900000,139,10,0
1784271900,1.1437900000,1.1438000000,1.1437200000,1.1437400000,70,10,0
1784272200,1.1437300000,1.1437800000,1.1437300000,1.1437400000,42,10,0
1784272500,1.1437400000,1.1437900000,1.1436800000,1.1437500000,85,10,0
1784272800,1.1437500000,1.1437900000,1.1436800000,1.1436900000,71,10,0
1784273100,1.1436900000,1.1436900000,1.1435600000,1.1435900000,98,10,0
1784273400,1.1435800000,1.1437100000,1.1435400000,1.1436500000,80,10,0
1784273700,1.1436500000,1.1437500000,1.1436500000,1.1437200000,57,10,0
1784274000,1.1437200000,1.1437300000,1.1435700000,1.1436300000,123,10,0
1784274300,1.1436300000,1.1437400000,1.1435500000,1.1435500000,64,10,0
1784274600,1.1435400000,1.1435600000,1.1434000000,1.1435500000,100,10,0
1784274900,1.1435500000,1.1436100000,1.1435500000,1.1435600000,31,10,0
1784275200,1.1435700000,1.1436300000,1.1435200000,1.1436300000,68,10,0
1784275500,1.1436300000,1.1436400000,1.1435500000,1.1436100000,42,10,0
1784275800,1.1436000000,1.1436700000,1.1435900000,1.1436100000,45,10,0
1784276100,1.1436000000,1.1437500000,1.1435100000,1.1436600000,78,10,0
1784276400,1.1436500000,1.1437300000,1.1435400000,1.1435500000,82,10,0
1784276700,1.1435500000,1.1436900000,1.1435300000,1.1436500000,116,10,0
1784277000,1.1436600000,1.1439100000,1.1436600000,1.1438500000,206,10,0
1784277300,1.1438500000,1.1441300000,1.1438300000,1.1441200000,176,10,0
1784277600,1.1441200000,1.1443100000,1.1440300000,1.1441300000,239,10,0
1784277900,1.1441200000,1.1442100000,1.1440300000,1.1441900000,152,10,0
1784278200,1.1441900000,1.1442900000,1.1440900000,1.1442000000,129,10,0
1784278500,1.1441800000,1.1441800000,1.1438700000,1.1439200000,175,10,0
1784278800,1.1438900000,1.1441900000,1.1438900000,1.1441800000,271,10,0
1784279100,1.1441800000,1.1442200000,1.1439700000,1.1440400000,222,10,0
1784279400,1.1440300000,1.1445400000,1.1439900000,1.1445400000,186,10,0
1784279700,1.1445400000,1.1448200000,1.1445300000,1.1447500000,156,10,0
1784280000,1.1447500000,1.1450200000,1.1445800000,1.1450100000,164,10,0
1784280300,1.1450200000,1.1450800000,1.1448100000,1.1448100000,159,10,0
1784280600,1.1448000000,1.1450000000,1.1447400000,1.1449200000,164,10,0
1784280900,1.1449500000,1.1449800000,1.1448600000,1.1449300000,189,10,0
1784281200,1.1449400000,1.1451100000,1.1448600000,1.1449100000,159,10,0
1784281500,1.1449000000,1.1450700000,1.1447900000,1.1448400000,202,10,0
1784281800,1.1448400000,1.1450000000,1.1448000000,1.1449000000,159,10,0
1784282100,1.1448900000,1.1451700000,1.1448300000,1.1449300000,427,10,0
1784282400,1.1449400000,1.1451700000,1.1449200000,1.1451100000,358,10,0
1784282700,1.1451000000,1.1451600000,1.1447000000,1.1447800000,157,10,0
1784283000,1.1447800000,1.1448700000,1.1446800000,1.1448600000,172,10,0
1784283300,1.1448500000,1.1448700000,1.1445000000,1.1445200000,237,10,0
1784283600,1.1445200000,1.1445400000,1.1443800000,1.1444500000,183,10,0
1784283900,1.1444600000,1.1446600000,1.1444200000,1.1446300000,223,10,0
1784284200,1.1446300000,1.1449400000,1.1444800000,1.1445300000,202,10,0
1784284500,1.1445200000,1.1445900000,1.1443900000,1.1445900000,159,10,0
1784284800,1.1445900000,1.1446500000,1.1443900000,1.1446400000,155,10,0
1784285100,1.1446100000,1.1448800000,1.1445900000,1.1448100000,122,10,0
1784285400,1.1448000000,1.1449000000,1.1446700000,1.1447400000,81,10,0
1784285700,1.1447200000,1.1447500000,1.1444200000,1.1444300000,219,10,0
1784286000,1.1444400000,1.1447400000,1.1444400000,1.1446700000,233,10,0
1784286300,1.1446800000,1.1447200000,1.1445300000,1.1445700000,252,10,0
1784286600,1.1445600000,1.1446000000,1.1439700000,1.1440300000,231,10,0
1784286900,1.1440400000,1.1440400000,1.1435200000,1.1435700000,349,10,0
1784287200,1.1435800000,1.1440000000,1.1435800000,1.1438800000,338,10,0
1784287500,1.1438600000,1.1440400000,1.1437300000,1.1439700000,291,10,0
1784287800,1.1439600000,1.1443200000,1.1439200000,1.1442500000,235,10,0
1784288100,1.1442400000,1.1443000000,1.1441100000,1.1441400000,241,10,0
1784288400,1.1441300000,1.1442200000,1.1439100000,1.1442100000,267,10,0
1784288700,1.1442000000,1.1442800000,1.1440300000,1.1441700000,250,10,0
1784289000,1.1441800000,1.1441900000,1.1438700000,1.1439200000,275,10,0
1784289300,1.1439500000,1.1441900000,1.1439500000,1.1440700000,203,10,0
1784289600,1.1440700000,1.1441400000,1.1438000000,1.1439500000,317,10,0
1784289900,1.1439500000,1.1441800000,1.1438600000,1.1441200000,287,10,0
1784290200,1.1441200000,1.1441500000,1.1436600000,1.1438100000,240,10,0
1784290500,1.1438100000,1.1439000000,1.1436900000,1.1438000000,144,10,0
1784290800,1.1437900000,1.1440400000,1.1437900000,1.1440400000,164,10,0
1784291100,1.1440400000,1.1442000000,1.1440100000,1.1441400000,162,10,0
1784291400,1.1441500000,1.1441500000,1.1437100000,1.1437300000,181,10,0
1784291700,1.1437300000,1.1437900000,1.1435800000,1.1436300000,198,10,0
1784292000,1.1436200000,1.1437900000,1.1435900000,1.1437300000,178,10,0
1784292300,1.1437400000,1.1439400000,1.1437100000,1.1438800000,136,10,0
1784292600,1.1438800000,1.1439500000,1.1437000000,1.1439400000,177,10,0
1784292900,1.1439500000,1.1440100000,1.1438800000,1.1440000000,114,10,0
1784293200,1.1439900000,1.1439900000,1.1435200000,1.1436600000,278,10,0
1784293500,1.1436800000,1.1438300000,1.1436600000,1.1437200000,176,10,0
1784293800,1.1437300000,1.1439100000,1.1436900000,1.1438800000,137,10,0
1784294100,1.1438700000,1.1439900000,1.1434700000,1.1434800000,195,10,0
1784294400,1.1434700000,1.1435900000,1.1432100000,1.1432800000,182,10,0
1784294700,1.1432500000,1.1432900000,1.1430800000,1.1431800000,216,10,0
1784295000,1.1431800000,1.1433400000,1.1430700000,1.1432100000,206,10,0
1784295300,1.1432100000,1.1432500000,1.1431200000,1.1431600000,112,10,0
1784295600,1.1431500000,1.1432500000,1.1430500000,1.1432100000,163,10,0
1784295900,1.1432100000,1.1432600000,1.1430500000,1.1431600000,123,10,0
1784296200,1.1431500000,1.1431500000,1.1426200000,1.1431100000,200,10,0
1784296500,1.1431100000,1.1431900000,1.1425600000,1.1426200000,463,10,0
1784296800,1.1426200000,1.1428500000,1.1424800000,1.1425300000,323,10,0
1784297100,1.1425400000,1.1428400000,1.1424000000,1.1428400000,222,10,0
1784297400,1.1428400000,1.1429800000,1.1427500000,1.1428500000,132,10,0
1784297700,1.1428600000,1.1430100000,1.1426800000,1.1429600000,205,10,0
1784298000,1.1429600000,1.1430100000,1.1427300000,1.1428400000,196,10,0
1784298300,1.1428300000,1.1430400000,1.1427500000,1.1429900000,163,10,0
1784298600,1.1430000000,1.1432300000,1.1429500000,1.1432300000,162,10,0
1784298900,1.1432300000,1.1435500000,1.1432100000,1.1435000000,170,10,0
1784299200,1.1435100000,1.1435600000,1.1432700000,1.1432900000,176,10,0
1784299500,1.1433000000,1.1434300000,1.1430700000,1.1430800000,115,10,0
1784299800,1.1430900000,1.1432300000,1.1428800000,1.1431700000,240,10,0
1784300100,1.1431700000,1.1431700000,1.1428800000,1.1429600000,177,10,0
1784300400,1.1429700000,1.1433600000,1.1429600000,1.1432000000,242,10,0
1784300700,1.1432100000,1.1434800000,1.1431500000,1.1434300000,204,10,0
1784301000,1.1434500000,1.1434800000,1.1430700000,1.1432400000,189,10,0
1784301300,1.1432300000,1.1432600000,1.1430500000,1.1431500000,188,10,0
1784301600,1.1431400000,1.1433100000,1.1430400000,1.1432600000,181,10,0
1784301900,1.1432700000,1.1433900000,1.1431800000,1.1433700000,130,10,0
1784302200,1.1433800000,1.1433800000,1.1427500000,1.1427800000,215,10,0
1784302500,1.1427900000,1.1429400000,1.1426900000,1.1427400000,204,10,0
1784302800,1.1427300000,1.1427500000,1.1425500000,1.1426400000,270,10,0
1784303100,1.1426400000,1.1428900000,1.1424300000,1.1428000000,262,10,0
1784303400,1.1428200000,1.1428500000,1.1426200000,1.1426300000,262,10,0
1784303700,1.1426400000,1.1428800000,1.1426400000,1.1428600000,206,10,0
1784304000,1.1428600000,1.1429700000,1.1425300000,1.1427000000,421,10,0
1784304300,1.1427100000,1.1428100000,1.1425200000,1.1427400000,301,10,0
1784304600,1.1427500000,1.1431300000,1.1427000000,1.1428900000,267,10,0
1784304900,1.1429000000,1.1429400000,1.1424000000,1.1425400000,305,10,0
1784305200,1.1425500000,1.1427900000,1.1424200000,1.1425700000,332,10,0
1784305500,1.1425800000,1.1427500000,1.1424600000,1.1424800000,357,10,0
1784305800,1.1424900000,1.1429500000,1.1424500000,1.1428800000,460,10,0
1784306100,1.1428900000,1.1432500000,1.1428700000,1.1431300000,512,10,0
1784306400,1.1431300000,1.1431900000,1.1428900000,1.1431500000,445,10,0
1784306700,1.1431600000,1.1433100000,1.1429700000,1.1432800000,513,10,0
1784307000,1.1432700000,1.1436300000,1.1432600000,1.1434900000,452,10,0
1784307300,1.1434900000,1.1436100000,1.1433900000,1.1435400000,303,10,0
1784307600,1.1435300000,1.1436800000,1.1432600000,1.1434700000,401,10,0
1784307900,1.1434700000,1.1437000000,1.1434300000,1.1435600000,378,10,0
1784308200,1.1435600000,1.1437100000,1.1435000000,1.1435900000,296,10,0
1784308500,1.1435900000,1.1440400000,1.1435900000,1.1440200000,315,10,0
1784308800,1.1440300000,1.1440600000,1.1438600000,1.1438600000,242,10,0
1784309100,1.1438500000,1.1439500000,1.1433900000,1.1434900000,290,10,0
1784309400,1.1435000000,1.1438000000,1.1434500000,1.1436100000,318,10,0
1784309700,1.1436000000,1.1438400000,1.1435200000,1.1438000000,341,10,0
1784310000,1.1438000000,1.1442000000,1.1437500000,1.1441600000,320,10,0
1784310300,1.1441600000,1.1443700000,1.1440600000,1.1441000000,258,10,0
1784310600,1.1441200000,1.1441900000,1.1439300000,1.1440400000,283,10,0
1784310900,1.1440300000,1.1440500000,1.1437500000,1.1439200000,360,10,0
1784311200,1.1439300000,1.1441400000,1.1438500000,1.1441400000,365,10,0
1784311500,1.1441600000,1.1442800000,1.1440900000,1.1441300000,225,10,0
1784311800,1.1441300000,1.1441800000,1.1438200000,1.1439000000,272,10,0
1784312100,1.1439200000,1.1440700000,1.1438800000,1.1440100000,281,10,0
1784312400,1.1440100000,1.1444000000,1.1440000000,1.1441900000,235,10,0
1784312700,1.1441800000,1.1442200000,1.1440800000,1.1441000000,203,10,0
1784313000,1.1441100000,1.1442100000,1.1439300000,1.1439600000,355,10,0
1784313300,1.1439800000,1.1441500000,1.1438300000,1.1439900000,295,10,0
1784313600,1.1440000000,1.1440000000,1.1436600000,1.1436800000,218,10,0
1784313900,1.1436900000,1.1440600000,1.1436900000,1.1439100000,211,10,0
1784314200,1.1439200000,1.1440300000,1.1438400000,1.1439000000,148,10,0
1784314500,1.1439000000,1.1440200000,1.1438200000,1.1439500000,180,10,0
1784314800,1.1439400000,1.1440100000,1.1433600000,1.1435700000,401,10,0
1784315100,1.1435800000,1.1439200000,1.1434600000,1.1439000000,290,10,0
1784315400,1.1439100000,1.1439600000,1.1437000000,1.1439400000,274,10,0
1784315700,1.1439500000,1.1439700000,1.1437800000,1.1438000000,234,10,0
1784316000,1.1438100000,1.1439000000,1.1437400000,1.1438700000,147,10,0
1784316300,1.1438800000,1.1441200000,1.1437900000,1.1440500000,254,10,0
1784316600,1.1440400000,1.1441100000,1.1439900000,1.1440200000,151,10,0
1784316900,1.1440300000,1.1440500000,1.1438400000,1.1438900000,166,10,0
1784317200,1.1438900000,1.1440000000,1.1438900000,1.1439400000,113,10,0
1784317500,1.1439300000,1.1439400000,1.1436700000,1.1437800000,136,10,0
1784317800,1.1437800000,1.1438900000,1.1437300000,1.1438700000,111,10,0
1784318100,1.1438800000,1.1438800000,1.1436800000,1.1437600000,130,10,0
1784318400,1.1437700000,1.1438300000,1.1436300000,1.1436800000,180,10,0
1784318700,1.1436700000,1.1437100000,1.1434800000,1.1435200000,172,10,0
1784319000,1.1435200000,1.1435700000,1.1433700000,1.1434200000,106,10,0
1784319300,1.1434000000,1.1435000000,1.1432800000,1.1433100000,153,10,0
1784319600,1.1433100000,1.1434400000,1.1432900000,1.1433500000,163,10,0
1784319900,1.1433600000,1.1435500000,1.1433400000,1.1435400000,108,10,0
1784320200,1.1435300000,1.1435500000,1.1434200000,1.1435500000,138,10,0
1784320500,1.1435500000,1.1435600000,1.1434200000,1.1434600000,100,10,0
1784320800,1.1434600000,1.1434600000,1.1433300000,1.1433500000,104,10,0
1784321100,1.1433400000,1.1434400000,1.1433300000,1.1434400000,101,10,0
1784321400,1.1434400000,1.1434600000,1.1433800000,1.1434300000,59,10,0
1784321700,1.1434400000,1.1434400000,1.1433500000,1.1433800000,117,10,0
1784322000,1.1433800000,1.1433800000,1.1433100000,1.1433800000,80,10,0
1784322300,1.1433800000,1.1434700000,1.1433300000,1.1434200000,88,10,0
1784322600,1.1434300000,1.1435600000,1.1433700000,1.1434800000,114,10,0
1784322900,1.1434700000,1.1436200000,1.1433800000,1.1435600000,149,10,0
1784323200,1.1435400000,1.1436800000,1.1434900000,1.1434900000,147,10,0
1784323500,1.1435000000,1.1436400000,1.1434800000,1.1436400000,113,10,0
1784323800,1.1436300000,1.1437000000,1.1435800000,1.1436500000,107,10,0
1784324100,1.1436600000,1.1436600000,1.1435400000,1.1435800000,89,10,0
1784324400,1.1435700000,1.1435700000,1.1435000000,1.1435400000,55,10,0
1784324700,1.1435300000,1.1435800000,1.1434600000,1.1434600000,82,10,0
1784325000,1.1434600000,1.1435700000,1.1434400000,1.1435500000,74,10,0
1784325300,1.1435500000,1.1436000000,1.1434800000,1.1434800000,74,10,0
1784325600,1.1434600000,1.1435800000,1.1434500000,1.1435300000,103,10,0
1784325900,1.1435300000,1.1436000000,1.1435200000,1.1435800000,80,10,0
1784326200,1.1435800000,1.1436000000,1.1435200000,1.1435400000,60,10,0
1784326500,1.1435500000,1.1435500000,1.1434300000,1.1434800000,80,10,0
1784326800,1.1434800000,1.1436500000,1.1434400000,1.1434400000,110,10,0
1784327100,1.1434500000,1.1435900000,1.1433300000,1.1435300000,191,10,0
1784327400,1.1435400000,1.1436100000,1.1435300000,1.1435700000,107,10,0
1784327700,1.1435600000,1.1435900000,1.1433700000,1.1433700000,80,10,0
1784328000,1.1433700000,1.1438400000,1.1433400000,1.1437600000,140,10,0
1784328300,1.1437500000,1.1438300000,1.1437200000,1.1437500000,116,10,0
1784328600,1.1437600000,1.1438900000,1.1437300000,1.1438700000,118,10,0
1784328900,1.1438600000,1.1441000000,1.1438300000,1.1440100000,176,10,0
1784329200,1.1440300000,1.1441900000,1.1440100000,1.1440600000,160,10,0
1784329500,1.1440500000,1.1441400000,1.1439600000,1.1439900000,61,10,0
1784329800,1.1439800000,1.1439800000,1.1438600000,1.1438700000,26,10,0
1784330100,1.1438800000,1.1439200000,1.1438600000,1.1438600000,51,10,0
1784330400,1.1438600000,1.1438600000,1.1435700000,1.1436900000,83,10,0
1784330700,1.1436800000,1.1437500000,1.1436200000,1.1437200000,43,10,0
1784331000,1.1437200000,1.1437900000,1.1437100000,1.1437300000,71,10,0
1784331300,1.1437400000,1.1437400000,1.1436500000,1.1436800000,43,10,0
1784331600,1.1436700000,1.1437000000,1.1436200000,1.1437000000,69,10,0
1784331900,1.1437000000,1.1437600000,1.1435800000,1.1437300000,72,11,0
1784332200,1.1437200000,1.1438200000,1.1436800000,1.1437400000,168,10,0
1784332500,1.1437300000,1.1437600000,1.1436100000,1.1436400000,138,11,0
1784505600,1.1426400000,1.1426400000,1.1424700000,1.1424700000,6,41,0
1784505900,1.1423900000,1.1424700000,1.1423900000,1.1424600000,9,76,0
1784506200,1.1424800000,1.1424900000,1.1424300000,1.1424400000,8,94,0
1784506500,1.1424200000,1.1424900000,1.1424000000,1.1424300000,7,90,0
1784506800,1.1424300000,1.1426400000,1.1424100000,1.1426400000,9,77,0
1784507100,1.1426300000,1.1426300000,1.1425900000,1.1425900000,6,79,0
1784507400,1.1425900000,1.1426700000,1.1424900000,1.1426700000,10,71,0
1784507700,1.1426700000,1.1428400000,1.1425500000,1.1427900000,14,68,0
1784508000,1.1427700000,1.1428000000,1.1426300000,1.1427500000,19,70,0
1784508300,1.1427500000,1.1427700000,1.1426500000,1.1427600000,16,68,0
1784508600,1.1427400000,1.1427800000,1.1427400000,1.1427600000,7,74,0
1784508900,1.1427200000,1.1428000000,1.1426500000,1.1426500000,13,61,0
1784509200,1.1426500000,1.1428600000,1.1424300000,1.1425500000,178,10,0
1784509500,1.1426100000,1.1429000000,1.1426100000,1.1429000000,96,10,0
1784509800,1.1428900000,1.1430500000,1.1428000000,1.1429200000,145,10,0
1784510100,1.1429200000,1.1430800000,1.1427200000,1.1428500000,217,10,0
1784510400,1.1428500000,1.1429100000,1.1427300000,1.1427300000,168,10,0
1784510700,1.1427300000,1.1427400000,1.1425800000,1.1427000000,104,10,0
1784511000,1.1426900000,1.1429400000,1.1425700000,1.1428300000,200,10,0
1784511300,1.1428300000,1.1428500000,1.1427800000,1.1427900000,70,10,0
1784511600,1.1427900000,1.1428500000,1.1427200000,1.1427800000,77,10,0
1784511900,1.1427600000,1.1427900000,1.1427000000,1.1427200000,34,11,0
1784512200,1.1427200000,1.1427500000,1.1426000000,1.1426200000,66,10,0
1784512500,1.1426200000,1.1426700000,1.1425900000,1.1425900000,36,10,0
1784512800,1.1426000000,1.1426500000,1.1424900000,1.1425000000,88,10,0
1784513100,1.1425000000,1.1425700000,1.1424900000,1.1425500000,52,10,0
1784513400,1.1425600000,1.1425800000,1.1424600000,1.1424600000,38,10,0
1784513700,1.1424800000,1.1425300000,1.1423400000,1.1423800000,45,10,0
1784514000,1.1423900000,1.1424400000,1.1423300000,1.1424400000,41,10,0
1784514300,1.1424500000,1.1425200000,1.1424100000,1.1425000000,57,10,0
1784514600,1.1424900000,1.1425000000,1.1424300000,1.1424400000,22,10,0
1784514900,1.1424800000,1.1425800000,1.1424300000,1.1425000000,54,10,0
1784515200,1.1425400000,1.1426500000,1.1425200000,1.1426300000,62,10,0
1784515500,1.1426200000,1.1426500000,1.1424800000,1.1426300000,87,10,0
1784515800,1.1426400000,1.1427100000,1.1424700000,1.1425400000,127,10,0
1784516100,1.1425500000,1.1426900000,1.1425400000,1.1426800000,107,10,0
1784516400,1.1426800000,1.1428900000,1.1425900000,1.1428600000,230,10,0
1784516700,1.1428700000,1.1430600000,1.1428600000,1.1430000000,166,10,0
1784517000,1.1430000000,1.1430500000,1.1428900000,1.1429200000,153,10,0
1784517300,1.1429300000,1.1431500000,1.1429300000,1.1431000000,166,10,0
1784517600,1.1431000000,1.1432200000,1.1430000000,1.1431800000,172,10,0
1784517900,1.1431900000,1.1432200000,1.1431000000,1.1431800000,148,10,0
1784518200,1.1431800000,1.1431800000,1.1430400000,1.1430600000,143,10,0
1784518500,1.1430600000,1.1431100000,1.1429900000,1.1430300000,96,10,0
1784518800,1.1430400000,1.1431400000,1.1430300000,1.1431200000,96,10,0
1784519100,1.1431300000,1.1432100000,1.1431200000,1.1431500000,126,10,0
1784519400,1.1431500000,1.1432800000,1.1431400000,1.1432400000,133,10,0
1784519700,1.1432500000,1.1433000000,1.1432300000,1.1432900000,149,10,0
1784520000,1.1432900000,1.1435000000,1.1432900000,1.1434500000,181,10,0
1784520300,1.1434600000,1.1434900000,1.1433400000,1.1434600000,108,10,0
1784520600,1.1434600000,1.1434600000,1.1430900000,1.1431400000,160,10,0
1784520900,1.1431500000,1.1432600000,1.1431100000,1.1431600000,238,10,0
1784521200,1.1431700000,1.1432700000,1.1431000000,1.1432600000,135,10,0
1784521500,1.1432500000,1.1434000000,1.1432300000,1.1434000000,149,10,0
1784521800,1.1434000000,1.1435100000,1.1433800000,1.1434200000,167,10,0
1784522100,1.1434100000,1.1434300000,1.1433500000,1.1433700000,166,10,0
1784522400,1.1433800000,1.1434300000,1.1431100000,1.1432400000,260,10,0
1784522700,1.1432500000,1.1433300000,1.1431900000,1.1432900000,131,10,0
1784523000,1.1432900000,1.1433500000,1.1432100000,1.1433000000,124,10,0
1784523300,1.1433100000,1.1436000000,1.1433100000,1.1435600000,101,10,0
1784523600,1.1435600000,1.1436600000,1.1434100000,1.1436000000,189,10,0
1784523900,1.1436100000,1.1437200000,1.1435300000,1.1436400000,155,10,0
1784524200,1.1436400000,1.1437600000,1.1435400000,1.1435900000,142,10,0
1784524500,1.1435600000,1.1436600000,1.1435500000,1.1435800000,77,10,0
1784524800,1.1435800000,1.1436500000,1.1435800000,1.1436400000,67,10,0
1784525100,1.1436500000,1.1438500000,1.1436400000,1.1438400000,140,10,0
1784525400,1.1438400000,1.1438700000,1.1437600000,1.1437900000,117,10,0
1784525700,1.1438000000,1.1439600000,1.1437400000,1.1438900000,152,10,0
1784526000,1.1438900000,1.1442400000,1.1438700000,1.1440200000,144,10,0
1784526300,1.1440200000,1.1441500000,1.1439100000,1.1441400000,103,10,0
1784526600,1.1441400000,1.1441900000,1.1441400000,1.1441700000,68,10,0
1784526900,1.1441700000,1.1441800000,1.1440200000,1.1440500000,58,10,0
1784527200,1.1440600000,1.1440800000,1.1439500000,1.1440200000,105,10,0
1784527500,1.1440100000,1.1440300000,1.1439200000,1.1439500000,97,10,0
1784527800,1.1439400000,1.1440800000,1.1439400000,1.1440100000,111,10,0
1784528100,1.1440000000,1.1440400000,1.1439500000,1.1440400000,74,10,0
1784528400,1.1440400000,1.1441000000,1.1440300000,1.1440500000,74,10,0
1784528700,1.1440400000,1.1440600000,1.1439800000,1.1440400000,47,10,0
1784529000,1.1440500000,1.1440800000,1.1440300000,1.1440600000,88,10,0
1784529300,1.1440500000,1.1440800000,1.1440000000,1.1440600000,95,10,0
1784529600,1.1440500000,1.1442100000,1.1440300000,1.1441800000,92,10,0
1784529900,1.1441700000,1.1441900000,1.1441400000,1.1441400000,56,10,0
1784530200,1.1441400000,1.1442000000,1.1441200000,1.1441800000,45,10,0
1784530500,1.1441900000,1.1441900000,1.1441200000,1.1441500000,56,10,0
1784530800,1.1441400000,1.1442000000,1.1441200000,1.1441400000,79,10,0
1784531100,1.1441400000,1.1441500000,1.1440800000,1.1441300000,37,10,0
1784531400,1.1441300000,1.1442400000,1.1441300000,1.1441900000,74,10,0
1784531700,1.1442000000,1.1442800000,1.1442000000,1.1442300000,67,10,0
1784532000,1.1442400000,1.1443000000,1.1442000000,1.1442900000,49,10,0
1784532300,1.1443000000,1.1444100000,1.1443000000,1.1444000000,38,10,0
1784532600,1.1444000000,1.1444000000,1.1443100000,1.1443900000,45,10,0
1784532900,1.1444000000,1.1444500000,1.1443300000,1.1443600000,38,10,0
1784533200,1.1443600000,1.1444500000,1.1443500000,1.1444300000,56,10,0
1784533500,1.1444400000,1.1444400000,1.1443500000,1.1443800000,67,10,0
1784533800,1.1443700000,1.1444500000,1.1443700000,1.1444200000,87,10,0
1784534100,1.1444200000,1.1444200000,1.1443600000,1.1443900000,55,10,0
1784534400,1.1443900000,1.1444400000,1.1442600000,1.1443000000,104,10,0
1784534700,1.1442900000,1.1443500000,1.1442900000,1.1443000000,27,10,0
1784535000,1.1443000000,1.1443300000,1.1441900000,1.1442600000,89,10,0
1784535300,1.1442500000,1.1443200000,1.1442200000,1.1442300000,86,10,0
1784535600,1.1442200000,1.1442400000,1.1441800000,1.1442300000,87,10,0
1784535900,1.1442400000,1.1442400000,1.1441400000,1.1441500000,91,10,0
1784536200,1.1441400000,1.1441600000,1.1440700000,1.1440800000,67,10,0
1784536500,1.1440900000,1.1441000000,1.1439700000,1.1439900000,92,10,0
1784536800,1.1439800000,1.1440700000,1.1439800000,1.1439900000,44,10,0
1784537100,1.1439800000,1.1440500000,1.1439500000,1.1439700000,95,10,0
1784537400,1.1439800000,1.1441800000,1.1439700000,1.1441800000,73,10,0
1784537700,1.1441800000,1.1441800000,1.1439500000,1.1439600000,132,10,0
1784538000,1.1439700000,1.1441700000,1.1439400000,1.1440900000,177,10,0
1784538300,1.1440800000,1.1440800000,1.1437200000,1.1437300000,203,10,0
1784538600,1.1437200000,1.1437200000,1.1435600000,1.1436400000,145,10,0
1784538900,1.1436400000,1.1438900000,1.1436200000,1.1437200000,175,10,0
1784539200,1.1437200000,1.1438700000,1.1437200000,1.1437300000,158,10,0
1784539500,1.1437200000,1.1437300000,1.1435700000,1.1436000000,162,10,0
1784539800,1.1436300000,1.1436300000,1.1433600000,1.1434900000,186,10,0
1784540100,1.1434800000,1.1437600000,1.1434000000,1.1437400000,218,10,0
1784540400,1.1437500000,1.1438600000,1.1434800000,1.1435300000,223,10,0
1784540700,1.1435200000,1.1439000000,1.1435100000,1.1437200000,208,10,0
1784541000,1.1437300000,1.1438000000,1.1436000000,1.1436800000,145,10,0
1784541300,1.1436800000,1.1438000000,1.1434400000,1.1434600000,259,10,0
1784541600,1.1434700000,1.1439000000,1.1433900000,1.1438700000,270,10,0
1784541900,1.1438700000,1.1438800000,1.1435700000,1.1435800000,159,10,0
1784542200,1.1435700000,1.1435800000,1.1433700000,1.1434400000,238,10,0
1784542500,1.1434400000,1.1436600000,1.1434000000,1.1436400000,121,10,0
1784542800,1.1436400000,1.1441400000,1.1435700000,1.1440400000,403,10,0
1784543100,1.1440300000,1.1442000000,1.1439400000,1.1442000000,256,10,0
1784543400,1.1441900000,1.1449100000,1.1441400000,1.1448500000,453,10,0
1784543700,1.1448600000,1.1448800000,1.1445900000,1.1447300000,281,10,0
1784544000,1.1447300000,1.1448800000,1.1446400000,1.1447400000,263,10,0
1784544300,1.1447400000,1.1448300000,1.1445500000,1.1446200000,284,10,0
1784544600,1.1446200000,1.1446400000,1.1442700000,1.1442700000,310,10,0
1784544900,1.1442700000,1.1444000000,1.1441600000,1.1443700000,285,10,0
1784545200,1.1443600000,1.1445100000,1.1442500000,1.1442700000,347,10,0
1784545500,1.1442500000,1.1443000000,1.1441700000,1.1442700000,154,10,0
1784545800,1.1442600000,1.1442700000,1.1441200000,1.1441700000,168,10,0
1784546100,1.1441900000,1.1442600000,1.1440100000,1.1440100000,208,10,0
1784546400,1.1439900000,1.1440200000,1.1438700000,1.1439600000,191,10,0
1784546700,1.1439600000,1.1440200000,1.1437400000,1.1437600000,159,10,0
1784547000,1.1437700000,1.1438900000,1.1436900000,1.1438500000,203,10,0
1784547300,1.1438400000,1.1442200000,1.1438300000,1.1442000000,132,10,0
1784547600,1.1442100000,1.1443200000,1.1440000000,1.1440400000,160,10,0
1784547900,1.1440400000,1.1441000000,1.1439700000,1.1440900000,124,10,0
1784548200,1.1440900000,1.1440900000,1.1437200000,1.1440100000,194,10,0
1784548500,1.1440100000,1.1441100000,1.1437800000,1.1438500000,207,10,0
1784548800,1.1438400000,1.1439200000,1.1435700000,1.1435900000,221,10,0
1784549100,1.1436000000,1.1436000000,1.1432500000,1.1433100000,236,10,0
1784549400,1.1433200000,1.1434600000,1.1433000000,1.1433900000,140,10,0
1784549700,1.1433800000,1.1434900000,1.1431700000,1.1431800000,152,10,0
1784550000,1.1431700000,1.1434000000,1.1431300000,1.1433800000,153,10,0
1784550300,1.1433800000,1.1434000000,1.1430000000,1.1430300000,211,10,0
1784550600,1.1430300000,1.1432100000,1.1430100000,1.1430900000,99,10,0
1784550900,1.1430800000,1.1431700000,1.1429600000,1.1429800000,125,10,0
1784551200,1.1429800000,1.1431900000,1.1428700000,1.1431200000,139,10,0
1784551500,1.1431200000,1.1431200000,1.1428900000,1.1429400000,116,10,0
1784551800,1.1429400000,1.1430700000,1.1428900000,1.1429200000,155,10,0
1784552100,1.1429100000,1.1429800000,1.1426900000,1.1429600000,174,10,0
1784552400,1.1429700000,1.1430000000,1.1428300000,1.1428800000,170,10,0
1784552700,1.1428800000,1.1431300000,1.1427900000,1.1430900000,157,10,0
1784553000,1.1430800000,1.1432800000,1.1430700000,1.1431100000,173,10,0
1784553300,1.1431000000,1.1431700000,1.1430700000,1.1431000000,117,10,0
1784553600,1.1431000000,1.1431900000,1.1430700000,1.1431300000,111,10,0
1784553900,1.1431300000,1.1432300000,1.1431200000,1.1431300000,93,10,0
1784554200,1.1431100000,1.1433200000,1.1430700000,1.1433200000,82,10,0
1784554500,1.1433400000,1.1435400000,1.1433300000,1.1435400000,124,10,0
1784554800,1.1435300000,1.1435700000,1.1433400000,1.1434000000,104,10,0
1784555100,1.1433900000,1.1434500000,1.1432600000,1.1432900000,121,10,0
1784555400,1.1432900000,1.1433500000,1.1432000000,1.1432700000,126,10,0
1784555700,1.1432800000,1.1434000000,1.1430000000,1.1430700000,204,10,0
1784556000,1.1430600000,1.1433100000,1.1430300000,1.1430700000,215,10,0
1784556300,1.1430600000,1.1430900000,1.1428800000,1.1429500000,196,10,0
1784556600,1.1429300000,1.1430400000,1.1428100000,1.1429900000,128,10,0
1784556900,1.1429900000,1.1431000000,1.1429700000,1.1430700000,111,10,0
1784557200,1.1430700000,1.1431400000,1.1430200000,1.1430700000,102,10,0
1784557500,1.1430700000,1.1433000000,1.1430300000,1.1432900000,148,10,0
1784557800,1.1433000000,1.1440000000,1.1432900000,1.1438100000,966,10,0
1784558100,1.1438100000,1.1438500000,1.1433900000,1.1435500000,437,10,0
1784558400,1.1435700000,1.1436400000,1.1434200000,1.1434500000,333,10,0
1784558700,1.1434400000,1.1434600000,1.1432700000,1.1433600000,226,10,0
1784559000,1.1433600000,1.1433800000,1.1432300000,1.1432600000,207,10,0
1784559300,1.1432500000,1.1432500000,1.1427600000,1.1428900000,282,10,0
1784559600,1.1428800000,1.1428900000,1.1424800000,1.1428100000,502,10,0
1784559900,1.1428100000,1.1429600000,1.1424700000,1.1425100000,305,10,0
1784560200,1.1425200000,1.1425600000,1.1420500000,1.1421800000,223,10,0
1784560500,1.1421800000,1.1421800000,1.1417900000,1.1418600000,335,10,0
1784560800,1.1418900000,1.1419300000,1.1416700000,1.1419200000,327,10,0
1784561100,1.1419400000,1.1419400000,1.1416800000,1.1418800000,212,10,0
1784561400,1.1418900000,1.1419800000,1.1416500000,1.1418900000,243,10,0
1784561700,1.1419000000,1.1423100000,1.1418800000,1.1421900000,229,10,0
1784562000,1.1421800000,1.1421900000,1.1419200000,1.1419400000,205,10,0
1784562300,1.1419600000,1.1423500000,1.1419600000,1.1423400000,253,10,0
1784562600,1.1423300000,1.1427400000,1.1423100000,1.1425400000,285,10,0
1784562900,1.1425500000,1.1426800000,1.1422900000,1.1423200000,245,10,0
1784563200,1.1423300000,1.1424200000,1.1419700000,1.1420100000,372,10,0
1784563500,1.1420000000,1.1420500000,1.1417500000,1.1418900000,284,10,0
1784563800,1.1418800000,1.1419700000,1.1418300000,1.1419200000,209,10,0
1784564100,1.1419100000,1.1419400000,1.1416500000,1.1417100000,202,10,0
1784564400,1.1417100000,1.1419300000,1.1417000000,1.1419200000,182,10,0
1784564700,1.1419200000,1.1420200000,1.1417100000,1.1418800000,235,10,0
1784565000,1.1419000000,1.1419500000,1.1417500000,1.1418100000,291,10,0
1784565300,1.1418200000,1.1418500000,1.1415900000,1.1416800000,306,10,0
1784565600,1.1416800000,1.1417800000,1.1414100000,1.1414600000,309,10,0
1784565900,1.1414700000,1.1417700000,1.1414100000,1.1417300000,292,10,0
1784566200,1.1417400000,1.1417700000,1.1415500000,1.1416700000,233,10,0
1784566500,1.1416800000,1.1417900000,1.1414700000,1.1414700000,222,10,0
1784566800,1.1414600000,1.1415700000,1.1414000000,1.1414700000,231,10,0
1784567100,1.1414800000,1.1415800000,1.1413200000,1.1413200000,210,10,0
1784567400,1.1413100000,1.1414300000,1.1411600000,1.1413800000,288,10,0
1784567700,1.1414100000,1.1417100000,1.1413600000,1.1416200000,242,10,0
1784568000,1.1416100000,1.1416100000,1.1412700000,1.1413200000,239,10,0
1784568300,1.1413300000,1.1416800000,1.1412200000,1.1415900000,327,10,0
1784568600,1.1415800000,1.1415900000,1.1410400000,1.1411600000,299,10,0
1784568900,1.1411500000,1.1411600000,1.1409000000,1.1409800000,294,10,0
1784569200,1.1409700000,1.1409800000,1.1405800000,1.1406100000,321,10,0
1784569500,1.1406000000,1.1410000000,1.1405200000,1.1409200000,318,10,0
1784569800,1.1409100000,1.1409200000,1.1405000000,1.1405000000,254,10,0
1784570100,1.1405000000,1.1407200000,1.1402000000,1.1406200000,492,10,0
1784570400,1.1406100000,1.1408500000,1.1404300000,1.1408400000,502,10,0
1784570700,1.1408300000,1.1410000000,1.1407000000,1.1409300000,430,10,0
1784571000,1.1409300000,1.1409800000,1.1406800000,1.1406900000,281,10,0
1784571300,1.1406900000,1.1407000000,1.1404800000,1.1405300000,277,10,0
1784571600,1.1405300000,1.1408400000,1.1405000000,1.1408300000,186,10,0
1784571900,1.1408400000,1.1409200000,1.1407800000,1.1409000000,154,10,0
1784572200,1.1408900000,1.1410300000,1.1408800000,1.1409300000,212,10,0
1784572500,1.1409300000,1.1410800000,1.1407200000,1.1408100000,251,10,0
1784572800,1.1408200000,1.1408900000,1.1406600000,1.1407700000,193,10,0
1784573100,1.1407800000,1.1411100000,1.1407600000,1.1410600000,228,10,0
1784573400,1.1410500000,1.1412000000,1.1409200000,1.1409700000,164,10,0
1784573700,1.1409800000,1.1411700000,1.1409700000,1.1411000000,130,10,0
1784574000,1.1410800000,1.1413400000,1.1410400000,1.1411900000,209,10,0
1784574300,1.1411800000,1.1414600000,1.1411400000,1.1414400000,149,10,0
1784574600,1.1414300000,1.1415300000,1.1414100000,1.1415300000,162,10,0
1784574900,1.1415300000,1.1416600000,1.1414900000,1.1415400000,137,10,0
1784575200,1.1415300000,1.1415800000,1.1414400000,1.1414900000,133,10,0
1784575500,1.1414800000,1.1415200000,1.1412900000,1.1413500000,174,10,0
1784575800,1.1413500000,1.1414800000,1.1413100000,1.1413100000,115,10,0
1784576100,1.1413000000,1.1413800000,1.1412700000,1.1412800000,135,10,0
1784576400,1.1412700000,1.1413000000,1.1406800000,1.1410700000,483,10,0
1784576700,1.1410600000,1.1411000000,1.1409200000,1.1410500000,209,10,0
1784577000,1.1410500000,1.1411000000,1.1409300000,1.1410700000,168,10,0
1784577300,1.1410600000,1.1411300000,1.1409900000,1.1411100000,149,10,0
1784577600,1.1411000000,1.1413400000,1.1411000000,1.1412100000,204,10,0
1784577900,1.1412100000,1.1414100000,1.1412100000,1.1414100000,157,10,0
1784578200,1.1414100000,1.1414200000,1.1410800000,1.1411300000,167,10,0
1784578500,1.1411400000,1.1413600000,1.1411300000,1.1413500000,153,10,0
1784578800,1.1413400000,1.1414600000,1.1413100000,1.1413800000,141,10,0
1784579100,1.1413800000,1.1414900000,1.1413800000,1.1414300000,115,10,0
1784579400,1.1414200000,1.1414700000,1.1413600000,1.1413900000,110,10,0
1784579700,1.1413800000,1.1413900000,1.1412700000,1.1412700000,73,10,0
1784580000,1.1412700000,1.1413100000,1.1412400000,1.1412800000,80,10,0
1784580300,1.1412700000,1.1413200000,1.1412200000,1.1413100000,52,10,0
1784580600,1.1413100000,1.1413700000,1.1412800000,1.1413100000,78,10,0
1784580900,1.1413100000,1.1414200000,1.1413100000,1.1413500000,84,10,0
1784581200,1.1413600000,1.1415000000,1.1413500000,1.1414700000,110,10,0
1784581500,1.1414800000,1.1416000000,1.1414000000,1.1415800000,99,10,0
1784581800,1.1415800000,1.1416200000,1.1415300000,1.1416200000,80,10,0
1784582100,1.1416300000,1.1418400000,1.1416300000,1.1417700000,106,10,0
1784582400,1.1417700000,1.1417800000,1.1415800000,1.1416100000,198,10,0
1784582700,1.1416000000,1.1417200000,1.1415800000,1.1416800000,101,10,0
1784583000,1.1416800000,1.1416800000,1.1414600000,1.1414800000,159,10,0
1784583300,1.1414800000,1.1415700000,1.1414800000,1.1415200000,57,10,0
1784583600,1.1415200000,1.1415200000,1.1413400000,1.1413500000,81,10,0
1784583900,1.1413600000,1.1414200000,1.1412700000,1.1413700000,155,10,0
1784584200,1.1413600000,1.1414300000,1.1413200000,1.1413700000,93,10,0
1784584500,1.1413700000,1.1415100000,1.1412800000,1.1414900000,107,10,0
1784584800,1.1414900000,1.1416000000,1.1414300000,1.1414900000,118,10,0
1784585100,1.1415000000,1.1415400000,1.1414700000,1.1415400000,58,10,0
1784585400,1.1415400000,1.1415400000,1.1413300000,1.1413700000,96,10,0
1784585700,1.1413600000,1.1414300000,1.1412900000,1.1414300000,82,10,0
1784586000,1.1414400000,1.1415200000,1.1414000000,1.1415100000,84,10,0
1784586300,1.1415000000,1.1417400000,1.1414200000,1.1416800000,177,10,0
1784586600,1.1416800000,1.1417700000,1.1416200000,1.1416200000,189,10,0
1784586900,1.1416100000,1.1416700000,1.1415200000,1.1415900000,139,10,0
1784587200,1.1415900000,1.1416300000,1.1415700000,1.1415800000,74,10,0
1784587500,1.1415800000,1.1416800000,1.1415100000,1.1416800000,87,10,0
1784587800,1.1416500000,1.1417000000,1.1415600000,1.1416200000,97,10,0
1784588100,1.1416200000,1.1416200000,1.1414100000,1.1415100000,190,10,0
1784588400,1.1415000000,1.1416500000,1.1414700000,1.1415200000,142,10,0
1784588700,1.1415100000,1.1415200000,1.1413100000,1.1413700000,66,10,0
1784589000,1.1413700000,1.1413800000,1.1413400000,1.1413600000,26,10,0
1784589300,1.1413600000,1.1413600000,1.1412200000,1.1412600000,55,10,0
1784589600,1.1412600000,1.1413900000,1.1412500000,1.1413900000,36,10,0
1784589900,1.1414000000,1.1414500000,1.1413600000,1.1414200000,34,10,0
1784590200,1.1414100000,1.1414400000,1.1413700000,1.1413800000,16,10,0
1784590500,1.1413900000,1.1413900000,1.1412200000,1.1412400000,47,10,0
1784590800,1.1412500000,1.1413400000,1.1412400000,1.1412800000,32,10,0
1784591100,1.1412700000,1.1413100000,1.1412400000,1.1412700000,32,10,0
1784591400,1.1412800000,1.1413100000,1.1412300000,1.1412900000,38,10,0
1784591700,1.1412800000,1.1413900000,1.1407500000,1.1407500000,75,10,0
1784592000,1.1408100000,1.1410900000,1.1408100000,1.1410200000,10,94,0
1784592300,1.1411200000,1.1414200000,1.1411200000,1.1411800000,11,34,0
1784592600,1.1411800000,1.1414200000,1.1408900000,1.1414200000,27,48,0
1784592900,1.1414200000,1.1415200000,1.1410300000,1.1411200000,13,20,0
1784593200,1.1411200000,1.1411200000,1.1411200000,1.1411200000,5,47,0
1784593500,1.1410700000,1.1410700000,1.1410100000,1.1410100000,13,52,0
1784593800,1.1410100000,1.1411000000,1.1408400000,1.1408400000,11,51,0
1784594100,1.1408400000,1.1410700000,1.1408100000,1.1408400000,16,41,0
1784594400,1.1408400000,1.1410500000,1.1408400000,1.1409500000,61,35,0
1784594700,1.1409400000,1.1409500000,1.1408400000,1.1408700000,77,34,0
1784595000,1.1408700000,1.1409000000,1.1408700000,1.1408800000,18,56,0
1784595300,1.1408800000,1.1409100000,1.1408400000,1.1409000000,21,54,0
1784595600,1.1409000000,1.1410200000,1.1409000000,1.1410000000,164,20,0
1784595900,1.1410000000,1.1411800000,1.1409700000,1.1411200000,52,11,0
1784596200,1.1411500000,1.1411800000,1.1411400000,1.1411500000,70,11,0
1784596500,1.1411600000,1.1411700000,1.1411300000,1.1411600000,78,10,0
1784596800,1.1411600000,1.1412100000,1.1411600000,1.1412000000,38,11,0
1784597100,1.1412000000,1.1412100000,1.1411000000,1.1411500000,61,11,0
1784597400,1.1411400000,1.1411600000,1.1411200000,1.1411400000,18,11,0
1784597700,1.1411200000,1.1411700000,1.1411000000,1.1411600000,32,11,0
1784598000,1.1411500000,1.1411600000,1.1410900000,1.1411600000,43,11,0
1784598300,1.1411900000,1.1413200000,1.1411600000,1.1412300000,104,10,0
1784598600,1.1412200000,1.1412700000,1.1412000000,1.1412700000,60,11,0
1784598900,1.1412600000,1.1412800000,1.1412200000,1.1412500000,33,11,0
1784599200,1.1412600000,1.1412700000,1.1412000000,1.1412100000,39,11,0
1784599500,1.1412100000,1.1412600000,1.1412000000,1.1412500000,36,11,0
1784599800,1.1412500000,1.1413100000,1.1412500000,1.1413000000,22,10,0
1784600100,1.1413000000,1.1413500000,1.1412600000,1.1413000000,18,10,0
1784600400,1.1413000000,1.1413100000,1.1412100000,1.1412400000,35,10,0
1784600700,1.1412500000,1.1412600000,1.1412400000,1.1412600000,20,11,0
1784601000,1.1412500000,1.1413100000,1.1412500000,1.1413100000,13,11,0
1784601300,1.1413000000,1.1413100000,1.1412600000,1.1412600000,16,11,0
1784601600,1.1412600000,1.1412700000,1.1412600000,1.1412600000,9,11,0
1784601900,1.1412600000,1.1413200000,1.1412500000,1.1413200000,39,10,0
1784602200,1.1413400000,1.1414000000,1.1413000000,1.1414000000,27,10,0
1784602500,1.1413900000,1.1415500000,1.1413600000,1.1415300000,64,10,0
1784602800,1.1415400000,1.1417800000,1.1414800000,1.1416700000,272,10,0
1784603100,1.1416800000,1.1416800000,1.1415000000,1.1415800000,161,10,0
1784603400,1.1415700000,1.1416300000,1.1415100000,1.1415500000,141,10,0
1784603700,1.1415500000,1.1415700000,1.1414300000,1.1414700000,116,10,0
1784604000,1.1414700000,1.1414900000,1.1411600000,1.1411800000,109,10,0
1784604300,1.1411900000,1.1412600000,1.1411700000,1.1412300000,54,10,0
1784604600,1.1412200000,1.1412200000,1.1411000000,1.1411600000,85,10,0
1784604900,1.1411600000,1.1412300000,1.1411300000,1.1411800000,61,10,0
1784605200,1.1411700000,1.1413800000,1.1411700000,1.1413700000,83,10,0
1784605500,1.1413800000,1.1415700000,1.1413600000,1.1415100000,100,10,0
1784605800,1.1415100000,1.1415300000,1.1413500000,1.1414200000,136,10,0
1784606100,1.1414200000,1.1415000000,1.1412600000,1.1412800000,118,10,0
1784606400,1.1412600000,1.1413400000,1.1411700000,1.1413100000,130,10,0
1784606700,1.1413200000,1.1414900000,1.1413200000,1.1413500000,110,10,0
1784607000,1.1413600000,1.1414500000,1.1412600000,1.1412600000,45,10,0
1784607300,1.1412900000,1.1416100000,1.1412400000,1.1415500000,147,10,0
1784607600,1.1415400000,1.1415800000,1.1412700000,1.1413100000,145,10,0
1784607900,1.1413000000,1.1414800000,1.1412500000,1.1414200000,137,10,0
1784608200,1.1414300000,1.1415400000,1.1412600000,1.1414600000,200,10,0
1784608500,1.1414800000,1.1415000000,1.1412100000,1.1412600000,180,10,0
1784608800,1.1412700000,1.1415600000,1.1412700000,1.1415400000,125,10,0
1784609100,1.1415300000,1.1415700000,1.1414300000,1.1415000000,124,10,0
1784609400,1.1415100000,1.1415100000,1.1413800000,1.1414600000,128,10,0
1784609700,1.1414600000,1.1414900000,1.1413800000,1.1414200000,130,10,0
1784610000,1.1414300000,1.1415300000,1.1414200000,1.1414600000,142,10,0
1784610300,1.1414700000,1.1415600000,1.1414200000,1.1414500000,92,10,0
1784610600,1.1414600000,1.1415300000,1.1414300000,1.1414500000,118,10,0
1784610900,1.1414600000,1.1414600000,1.1413600000,1.1413700000,141,10,0
1784611200,1.1413800000,1.1415800000,1.1413500000,1.1415500000,115,10,0
1784611500,1.1415600000,1.1415600000,1.1413000000,1.1413000000,108,10,0
1784611800,1.1413000000,1.1414100000,1.1413000000,1.1413500000,115,10,0
1784612100,1.1413500000,1.1414600000,1.1413400000,1.1413800000,69,10,0
1784612400,1.1413900000,1.1414100000,1.1413000000,1.1413000000,71,10,0
1784612700,1.1412900000,1.1412900000,1.1411900000,1.1412100000,46,10,0
1784613000,1.1412100000,1.1412100000,1.1410000000,1.1410200000,60,10,0
1784613300,1.1410100000,1.1411100000,1.1410100000,1.1410600000,101,10,0
1784613600,1.1410700000,1.1412100000,1.1408800000,1.1409100000,116,10,0
1784613900,1.1409200000,1.1409600000,1.1408400000,1.1409600000,69,10,0
1784614200,1.1410100000,1.1410400000,1.1408800000,1.1409100000,59,10,0
1784614500,1.1409100000,1.1410400000,1.1408900000,1.1410400000,97,10,0
1784614800,1.1410300000,1.1411200000,1.1409700000,1.1410300000,81,10,0
1784615100,1.1410300000,1.1410600000,1.1409800000,1.1410500000,87,10,0
1784615400,1.1410600000,1.1412200000,1.1410600000,1.1412100000,71,10,0
1784615700,1.1412100000,1.1412200000,1.1411300000,1.1412000000,82,10,0
1784616000,1.1412100000,1.1412600000,1.1411800000,1.1412300000,64,10,0
1784616300,1.1412400000,1.1414900000,1.1412300000,1.1414700000,64,10,0
1784616600,1.1414800000,1.1414800000,1.1413300000,1.1413300000,71,10,0
1784616900,1.1413200000,1.1413300000,1.1411900000,1.1411900000,79,10,0
1784617200,1.1411900000,1.1412700000,1.1411700000,1.1412200000,69,10,0
1784617500,1.1412200000,1.1413700000,1.1412100000,1.1413700000,80,10,0
1784617800,1.1413700000,1.1414700000,1.1413600000,1.1414400000,67,10,0
1784618100,1.1414500000,1.1415300000,1.1414200000,1.1414500000,69,10,0
1784618400,1.1414600000,1.1415100000,1.1414300000,1.1414800000,39,10,0
1784618700,1.1414700000,1.1415000000,1.1413900000,1.1414100000,30,10,0
1784619000,1.1414200000,1.1415300000,1.1414100000,1.1414800000,51,10,0
1784619300,1.1414700000,1.1415600000,1.1414700000,1.1415600000,71,10,0
1784619600,1.1415500000,1.1416400000,1.1414600000,1.1416100000,69,10,0
1784619900,1.1416100000,1.1416600000,1.1415900000,1.1416200000,49,10,0
1784620200,1.1416200000,1.1416900000,1.1415700000,1.1416700000,55,10,0
1784620500,1.1417200000,1.1417600000,1.1417000000,1.1417500000,87,10,0
1784620800,1.1417300000,1.1417600000,1.1416000000,1.1416700000,77,10,0
1784621100,1.1416900000,1.1418700000,1.1416300000,1.1418700000,78,10,0
1784621400,1.1418600000,1.1418700000,1.1415300000,1.1415600000,104,10,0
1784621700,1.1415600000,1.1417200000,1.1415500000,1.1416700000,79,10,0
1784622000,1.1416600000,1.1417100000,1.1415700000,1.1416200000,63,10,0
1784622300,1.1416100000,1.1416900000,1.1416100000,1.1416800000,54,10,0
1784622600,1.1416900000,1.1418800000,1.1416700000,1.1418200000,78,10,0
1784622900,1.1418200000,1.1419200000,1.1418100000,1.1419100000,91,10,0
1784623200,1.1419200000,1.1421300000,1.1419100000,1.1421200000,125,10,0
1784623500,1.1421100000,1.1421200000,1.1418500000,1.1418600000,101,10,0
1784623800,1.1418700000,1.1419600000,1.1417600000,1.1418500000,111,10,0
1784624100,1.1418400000,1.1418400000,1.1416600000,1.1417200000,83,10,0
1784624400,1.1417200000,1.1420000000,1.1416900000,1.1419700000,172,10,0
1784624700,1.1419700000,1.1419800000,1.1417500000,1.1419100000,186,10,0
1784625000,1.1419100000,1.1419300000,1.1418100000,1.1418700000,141,10,0
1784625300,1.1418700000,1.1419600000,1.1418300000,1.1419200000,128,10,0
1784625600,1.1419100000,1.1421400000,1.1418400000,1.1421200000,159,10,0
1784625900,1.1421300000,1.1421600000,1.1418900000,1.1419600000,151,10,0
1784626200,1.1419800000,1.1420000000,1.1418600000,1.1419500000,127,10,0
1784626500,1.1419600000,1.1421800000,1.1419200000,1.1419800000,145,10,0
1784626800,1.1419800000,1.1422100000,1.1419600000,1.1421600000,167,10,0
1784627100,1.1421500000,1.1423300000,1.1421400000,1.1422200000,95,10,0
1784627400,1.1422200000,1.1422300000,1.1420100000,1.1420100000,147,10,0
1784627700,1.1420000000,1.1422300000,1.1419500000,1.1420800000,251,10,0
1784628000,1.1420900000,1.1425300000,1.1420900000,1.1424700000,300,10,0
1784628300,1.1424800000,1.1426200000,1.1424300000,1.1424400000,141,10,0
1784628600,1.1424100000,1.1424100000,1.1421400000,1.1421600000,181,10,0
1784628900,1.1421500000,1.1425600000,1.1421400000,1.1425600000,244,10,0
1784629200,1.1425500000,1.1427200000,1.1424700000,1.1424700000,209,10,0
1784629500,1.1424500000,1.1426400000,1.1423700000,1.1423800000,167,10,0
1784629800,1.1423800000,1.1424600000,1.1421600000,1.1424000000,156,10,0
1784630100,1.1424000000,1.1424400000,1.1423000000,1.1423900000,117,10,0
1784630400,1.1423800000,1.1424700000,1.1421600000,1.1422100000,143,10,0
1784630700,1.1422100000,1.1422800000,1.1421500000,1.1422500000,168,10,0
1784631000,1.1422400000,1.1422500000,1.1420000000,1.1420800000,198,10,0
1784631300,1.1420600000,1.1422900000,1.1420500000,1.1422300000,260,10,0
1784631600,1.1422400000,1.1423300000,1.1420800000,1.1422100000,209,10,0
1784631900,1.1422000000,1.1423400000,1.1421400000,1.1422900000,255,10,0
1784632200,1.1422800000,1.1423300000,1.1421800000,1.1422500000,229,10,0
1784632500,1.1422500000,1.1425100000,1.1421500000,1.1424400000,157,10,0
1784632800,1.1424500000,1.1425700000,1.1423200000,1.1424200000,163,10,0
1784633100,1.1424200000,1.1424700000,1.1421900000,1.1422100000,138,10,0
1784633400,1.1422000000,1.1422200000,1.1420500000,1.1420800000,147,10,0
1784633700,1.1420900000,1.1422000000,1.1417700000,1.1420900000,203,10,0
1784634000,1.1420900000,1.1423000000,1.1420600000,1.1422700000,109,10,0
1784634300,1.1422600000,1.1423100000,1.1420500000,1.1421000000,123,10,0
1784634600,1.1420900000,1.1422500000,1.1420700000,1.1421300000,131,10,0
1784634900,1.1421200000,1.1421300000,1.1420000000,1.1420600000,111,10,0
1784635200,1.1420600000,1.1422600000,1.1420400000,1.1422000000,91,10,0
1784635500,1.1422000000,1.1422700000,1.1421700000,1.1421800000,87,10,0
1784635800,1.1421700000,1.1422100000,1.1420600000,1.1421800000,85,10,0
1784636100,1.1421800000,1.1424400000,1.1421600000,1.1424200000,116,10,0
1784636400,1.1424200000,1.1424700000,1.1422100000,1.1422100000,106,10,0
1784636700,1.1422100000,1.1422700000,1.1420300000,1.1420600000,121,10,0
1784637000,1.1420500000,1.1423000000,1.1419700000,1.1422700000,116,10,0
1784637300,1.1422700000,1.1428300000,1.1422300000,1.1424800000,185,10,0
1784637600,1.1424900000,1.1424900000,1.1422800000,1.1423000000,158,10,0
1784637900,1.1422900000,1.1424100000,1.1422300000,1.1423800000,109,10,0
1784638200,1.1423700000,1.1425000000,1.1423600000,1.1424500000,178,10,0
1784638500,1.1424500000,1.1424500000,1.1421800000,1.1421900000,148,10,0
1784638800,1.1421800000,1.1424000000,1.1421300000,1.1422400000,207,10,0
1784639100,1.1422300000,1.1423700000,1.1421700000,1.1423400000,112,10,0
1784639400,1.1423500000,1.1427200000,1.1423400000,1.1424000000,334,10,0
1784639700,1.1423900000,1.1424800000,1.1423500000,1.1424200000,118,10,0
1784640000,1.1424100000,1.1425100000,1.1423700000,1.1424600000,100,10,0
1784640300,1.1424600000,1.1427000000,1.1424500000,1.1426500000,128,10,0
1784640600,1.1426400000,1.1427100000,1.1426100000,1.1427000000,90,10,0
1784640900,1.1427000000,1.1428100000,1.1425500000,1.1425600000,145,10,0
1784641200,1.1425500000,1.1425600000,1.1423800000,1.1424200000,101,10,0
1784641500,1.1423900000,1.1423900000,1.1422000000,1.1422200000,135,10,0
1784641800,1.1422200000,1.1422200000,1.1420000000,1.1421700000,156,10,0
1784642100,1.1421600000,1.1422200000,1.1419500000,1.1419700000,244,10,0
1784642400,1.1419700000,1.1420600000,1.1419300000,1.1420000000,229,10,0
1784642700,1.1420000000,1.1420600000,1.1416700000,1.1417500000,179,10,0
1784643000,1.1417600000,1.1419900000,1.1416000000,1.1419200000,214,10,0
1784643300,1.1419300000,1.1421100000,1.1418700000,1.1419600000,180,10,0
1784643600,1.1419500000,1.1420100000,1.1417800000,1.1419900000,109,10,0
1784643900,1.1419900000,1.1420600000,1.1419100000,1.1419900000,104,10,0
1784644200,1.1420000000,1.1421600000,1.1419600000,1.1419700000,99,10,0
1784644500,1.1419700000,1.1422400000,1.1419700000,1.1422200000,101,10,0
1784644800,1.1422200000,1.1422400000,1.1420700000,1.1422200000,83,10,0
1784645100,1.1422100000,1.1422100000,1.1420600000,1.1421500000,121,10,0
1784645400,1.1421500000,1.1422000000,1.1417500000,1.1417600000,155,10,0
1784645700,1.1417500000,1.1418800000,1.1417200000,1.1418600000,198,10,0
1784646000,1.1418700000,1.1420000000,1.1415900000,1.1416900000,234,10,0
1784646300,1.1417100000,1.1419600000,1.1416800000,1.1417000000,153,10,0
1784646600,1.1417000000,1.1417400000,1.1415700000,1.1416600000,159,10,0
1784646900,1.1416700000,1.1417200000,1.1414600000,1.1416900000,266,10,0
1784647200,1.1416900000,1.1417100000,1.1415900000,1.1416400000,187,10,0
1784647500,1.1416300000,1.1416900000,1.1414300000,1.1415200000,219,10,0
1784647800,1.1415100000,1.1418300000,1.1415100000,1.1417400000,221,10,0
1784648100,1.1417200000,1.1417800000,1.1415700000,1.1416400000,160,10,0
1784648400,1.1416500000,1.1416700000,1.1412900000,1.1414800000,228,10,0
1784648700,1.1414900000,1.1417900000,1.1414800000,1.1417700000,179,10,0
1784649000,1.1417600000,1.1417600000,1.1414500000,1.1416200000,215,10,0
1784649300,1.1416300000,1.1417100000,1.1414500000,1.1416700000,180,10,0
1784649600,1.1416700000,1.1417100000,1.1413200000,1.1415700000,222,10,0
1784649900,1.1415800000,1.1416900000,1.1415200000,1.1415200000,195,10,0
1784650200,1.1415100000,1.1417600000,1.1415100000,1.1416100000,119,10,0
1784650500,1.1416000000,1.1416200000,1.1412200000,1.1412900000,205,10,0
1784650800,1.1412900000,1.1413600000,1.1410300000,1.1410600000,260,10,0
1784651100,1.1410800000,1.1410800000,1.1409000000,1.1410100000,224,10,0
1784651400,1.1410200000,1.1413100000,1.1409600000,1.1411400000,368,10,0
1784651700,1.1411100000,1.1411200000,1.1405300000,1.1407000000,310,10,0
1784652000,1.1406900000,1.1408100000,1.1405000000,1.1405900000,331,10,0
1784652300,1.1405800000,1.1412100000,1.1405500000,1.1411700000,389,10,0
1784652600,1.1411900000,1.1411900000,1.1408100000,1.1410400000,370,10,0
1784652900,1.1410500000,1.1411500000,1.1409500000,1.1410900000,305,10,0
1784653200,1.1410900000,1.1414700000,1.1410800000,1.1414500000,247,10,0
1784653500,1.1414700000,1.1416600000,1.1414500000,1.1414600000,272,10,0
1784653800,1.1414500000,1.1419100000,1.1414200000,1.1418500000,267,10,0
1784654100,1.1418400000,1.1418400000,1.1414200000,1.1414400000,221,10,0
1784654400,1.1414500000,1.1415100000,1.1412300000,1.1413000000,290,10,0
1784654700,1.1413100000,1.1413800000,1.1409100000,1.1409600000,259,10,0
1784655000,1.1409400000,1.1410500000,1.1405600000,1.1405600000,302,10,0
1784655300,1.1405700000,1.1406300000,1.1403300000,1.1405000000,289,10,0
1784655600,1.1405100000,1.1408000000,1.1405100000,1.1407500000,253,10,0
1784655900,1.1407500000,1.1408300000,1.1403800000,1.1405900000,338,10,0
1784656200,1.1405800000,1.1405900000,1.1402100000,1.1404100000,353,10,0
1784656500,1.1404400000,1.1406700000,1.1403800000,1.1405400000,562,10,0
1784656800,1.1404900000,1.1405500000,1.1402700000,1.1404400000,394,10,0
1784657100,1.1404400000,1.1405400000,1.1402200000,1.1403700000,204,10,0
1784657400,1.1403800000,1.1405800000,1.1403800000,1.1404900000,154,10,0
1784657700,1.1405000000,1.1408400000,1.1404800000,1.1408300000,231,10,0
1784658000,1.1408200000,1.1410600000,1.1407300000,1.1408900000,308,10,0
1784658300,1.1408800000,1.1411000000,1.1408300000,1.1408300000,170,10,0
1784658600,1.1408300000,1.1410400000,1.1407100000,1.1410400000,287,10,0
1784658900,1.1410300000,1.1411300000,1.1407100000,1.1407300000,193,10,0
1784659200,1.1407400000,1.1407900000,1.1405300000,1.1405300000,188,10,0
1784659500,1.1405300000,1.1406200000,1.1403300000,1.1403900000,130,10,0
1784659800,1.1404000000,1.1405800000,1.1404000000,1.1405100000,119,10,0
1784660100,1.1405200000,1.1406800000,1.1404500000,1.1406800000,106,10,0
1784660400,1.1406900000,1.1408100000,1.1406500000,1.1408000000,120,10,0
1784660700,1.1408400000,1.1408900000,1.1407600000,1.1408000000,103,10,0
1784661000,1.1408100000,1.1409100000,1.1407000000,1.1407500000,87,10,0
1784661300,1.1407400000,1.1408100000,1.1407000000,1.1407400000,83,10,0
1784661600,1.1407400000,1.1408500000,1.1406900000,1.1408100000,113,10,0
1784661900,1.1408000000,1.1408300000,1.1406900000,1.1407800000,60,10,0
1784662200,1.1407700000,1.1409000000,1.1406400000,1.1407600000,103,10,0
1784662500,1.1407800000,1.1408200000,1.1406800000,1.1408000000,114,10,0
1784662800,1.1408100000,1.1410400000,1.1408000000,1.1409500000,129,10,0
1784663100,1.1409400000,1.1409500000,1.1408600000,1.1409200000,88,10,0
1784663400,1.1409200000,1.1409200000,1.1407300000,1.1407600000,110,10,0
1784663700,1.1407600000,1.1408800000,1.1407300000,1.1407600000,108,10,0
1784664000,1.1407600000,1.1408900000,1.1407300000,1.1407300000,104,10,0
1784664300,1.1407300000,1.1407800000,1.1406800000,1.1407100000,111,10,0
1784664600,1.1407200000,1.1408900000,1.1406700000,1.1408500000,70,10,0
1784664900,1.1408500000,1.1408500000,1.1407500000,1.1408000000,39,10,0
1784665200,1.1407900000,1.1408900000,1.1407900000,1.1408900000,29,10,0
1784665500,1.1408900000,1.1409800000,1.1408600000,1.1409800000,39,10,0
1784665800,1.1409800000,1.1410100000,1.1409000000,1.1409000000,40,10,0
1784666100,1.1408900000,1.1408900000,1.1407700000,1.1407900000,64,10,0
1784666400,1.1407600000,1.1407700000,1.1406500000,1.1407300000,44,10,0
1784666700,1.1407200000,1.1407200000,1.1406100000,1.1406500000,65,10,0
1784667000,1.1406400000,1.1407800000,1.1406400000,1.1407400000,43,10,0
1784667300,1.1407300000,1.1407500000,1.1405800000,1.1406300000,142,10,0
1784667600,1.1406400000,1.1406500000,1.1402400000,1.1402400000,169,10,0
1784667900,1.1402500000,1.1403100000,1.1400600000,1.1403000000,264,10,0
1784668200,1.1403000000,1.1403900000,1.1401200000,1.1401200000,104,10,0
1784668500,1.1401300000,1.1401400000,1.1399800000,1.1400200000,93,10,0
1784668800,1.1400100000,1.1400200000,1.1398100000,1.1399800000,170,10,0
1784669100,1.1399900000,1.1402800000,1.1399900000,1.1402100000,70,10,0
1784669400,1.1401900000,1.1402400000,1.1399700000,1.1399700000,68,10,0
1784669700,1.1399700000,1.1399800000,1.1398700000,1.1399700000,82,10,0
1784670000,1.1399700000,1.1401000000,1.1399500000,1.1400800000,72,10,0
1784670300,1.1400800000,1.1401900000,1.1400400000,1.1400900000,59,10,0
1784670600,1.1400900000,1.1401900000,1.1400400000,1.1401300000,52,10,0
1784670900,1.1401300000,1.1402400000,1.1400700000,1.1402400000,83,10,0
1784671200,1.1402500000,1.1403500000,1.1401700000,1.1401700000,113,10,0
1784671500,1.1401600000,1.1402400000,1.1401300000,1.1401500000,91,10,0
1784671800,1.1401400000,1.1402600000,1.1400400000,1.1401200000,128,10,0
1784672100,1.1401300000,1.1401800000,1.1401200000,1.1401800000,70,10,0
1784672400,1.1401800000,1.1403200000,1.1401800000,1.1402800000,93,10,0
1784672700,1.1402900000,1.1403500000,1.1402400000,1.1402600000,74,10,0
1784673000,1.1402700000,1.1402800000,1.1401900000,1.1402400000,66,10,0
1784673300,1.1402500000,1.1402500000,1.1399800000,1.1400700000,104,10,0
1784673600,1.1400800000,1.1401400000,1.1400500000,1.1400600000,40,10,0
1784673900,1.1400600000,1.1401700000,1.1400400000,1.1401400000,41,10,0
1784674200,1.1401300000,1.1402500000,1.1401100000,1.1402300000,81,10,0
1784674500,1.1402300000,1.1402400000,1.1400800000,1.1401100000,190,10,0
1784674800,1.1401100000,1.1402300000,1.1400500000,1.1402100000,83,10,0
1784675100,1.1402200000,1.1402500000,1.1401200000,1.1401200000,46,10,0
1784675400,1.1401200000,1.1401300000,1.1400600000,1.1400600000,44,10,0
1784675700,1.1400600000,1.1400600000,1.1399400000,1.1399500000,46,10,0
1784676000,1.1399400000,1.1400200000,1.1399200000,1.1400100000,31,10,0
1784676300,1.1400000000,1.1400800000,1.1399900000,1.1400600000,35,10,0
1784676600,1.1400700000,1.1400800000,1.1400100000,1.1400200000,35,10,0
1784676900,1.1400200000,1.1400500000,1.1400100000,1.1400300000,49,10,0
1784677200,1.1400200000,1.1400700000,1.1399900000,1.1400200000,48,10,0
1784677500,1.1400100000,1.1400500000,1.1400000000,1.1400000000,34,10,0
1784677800,1.1400000000,1.1400100000,1.1398200000,1.1398200000,61,10,0
1784678100,1.1398100000,1.1398600000,1.1396600000,1.1397400000,143,10,0
1784678400,1.1396900000,1.1396900000,1.1393900000,1.1395800000,9,29,0
1784678700,1.1395100000,1.1396600000,1.1395100000,1.1396400000,22,41,0
1784679000,1.1396500000,1.1396500000,1.1395600000,1.1396400000,16,49,0
1784679300,1.1396100000,1.1396300000,1.1396000000,1.1396200000,12,54,0
1784679600,1.1396200000,1.1396200000,1.1396000000,1.1396000000,5,53,0
1784679900,1.1395600000,1.1396100000,1.1395600000,1.1396000000,9,48,0
1784680200,1.1396300000,1.1397300000,1.1396100000,1.1396700000,24,39,0
1784680500,1.1396800000,1.1398400000,1.1396700000,1.1398300000,17,43,0
1784680800,1.1398300000,1.1400400000,1.1398300000,1.1398600000,22,42,0
1784681100,1.1398500000,1.1398900000,1.1398500000,1.1398700000,12,43,0
1784681400,1.1398700000,1.1398800000,1.1398700000,1.1398700000,7,45,0
1784681700,1.1398700000,1.1399300000,1.1398400000,1.1398800000,18,34,0
1784682000,1.1398700000,1.1399600000,1.1398000000,1.1398900000,93,11,0
1784682300,1.1399300000,1.1399300000,1.1398800000,1.1399200000,21,11,0
1784682600,1.1399000000,1.1399500000,1.1398400000,1.1398600000,271,10,0
1784682900,1.1398600000,1.1398700000,1.1398400000,1.1398700000,41,11,0
1784683200,1.1398700000,1.1399100000,1.1398700000,1.1398700000,17,11,0
1784683500,1.1398700000,1.1399900000,1.1398400000,1.1399600000,39,11,0
1784683800,1.1399600000,1.1399700000,1.1399000000,1.1399700000,41,11,0
1784684100,1.1399600000,1.1400000000,1.1399200000,1.1399200000,53,10,0
1784684400,1.1399300000,1.1399700000,1.1399200000,1.1399600000,66,11,0
1784684700,1.1399600000,1.1399600000,1.1398600000,1.1399000000,49,10,0
1784685000,1.1399000000,1.1399200000,1.1398700000,1.1398800000,25,10,0
1784685300,1.1398800000,1.1398800000,1.1398600000,1.1398700000,27,11,0
1784685600,1.1398700000,1.1399100000,1.1398000000,1.1398300000,23,10,0
1784685900,1.1398300000,1.1398800000,1.1397600000,1.1398600000,33,10,0
1784686200,1.1398600000,1.1398800000,1.1398200000,1.1398600000,43,10,0
1784686500,1.1398700000,1.1399200000,1.1398700000,1.1399100000,34,10,0
1784686800,1.1399100000,1.1399100000,1.1398300000,1.1398700000,15,10,0
1784687100,1.1398700000,1.1399100000,1.1398500000,1.1398600000,23,10,0
1784687400,1.1398600000,1.1399300000,1.1398600000,1.1399200000,18,10,0
1784687700,1.1399200000,1.1399800000,1.1399200000,1.1399600000,16,11,0
1784688000,1.1399700000,1.1400300000,1.1399300000,1.1400200000,29,10,0
1784688300,1.1400100000,1.1400200000,1.1399800000,1.1399900000,25,10,0
1784688600,1.1399900000,1.1401500000,1.1399600000,1.1401500000,39,10,0
1784688900,1.1401500000,1.1401900000,1.1401300000,1.1401700000,42,10,0
1784689200,1.1401700000,1.1403400000,1.1400700000,1.1403400000,166,10,0
1784689500,1.1403500000,1.1403600000,1.1401100000,1.1402200000,140,10,0
1784689800,1.1402300000,1.1403500000,1.1401800000,1.1403300000,137,10,0
1784690100,1.1403200000,1.1405300000,1.1403000000,1.1405200000,132,10,0
1784690400,1.1405300000,1.1406600000,1.1405000000,1.1405800000,147,10,0
1784690700,1.1405800000,1.1406400000,1.1405600000,1.1406200000,70,10,0
1784691000,1.1406300000,1.1406600000,1.1405100000,1.1405400000,129,10,0
1784691300,1.1405400000,1.1405500000,1.1402400000,1.1402400000,171,10,0
1784691600,1.1402500000,1.1402900000,1.1402100000,1.1402800000,139,10,0
1784691900,1.1402800000,1.1403300000,1.1402000000,1.1402700000,94,10,0
1784692200,1.1402800000,1.1403200000,1.1401700000,1.1401900000,180,10,0
1784692500,1.1401800000,1.1403800000,1.1401100000,1.1403300000,159,10,0
1784692800,1.1403500000,1.1405900000,1.1403400000,1.1404700000,243,10,0
1784693100,1.1404800000,1.1406100000,1.1404800000,1.1405900000,127,10,0
1784693400,1.1405900000,1.1405900000,1.1405000000,1.1405300000,110,10,0
1784693700,1.1405200000,1.1405700000,1.1403100000,1.1403300000,94,10,0
1784694000,1.1403300000,1.1404300000,1.1402100000,1.1402300000,105,10,0
1784694300,1.1402600000,1.1403100000,1.1401800000,1.1403100000,131,10,0
1784694600,1.1403200000,1.1403200000,1.1398900000,1.1399500000,172,10,0
1784694900,1.1399400000,1.1400300000,1.1398300000,1.1400100000,138,10,0
1784695200,1.1400000000,1.1400600000,1.1399600000,1.1400500000,92,10,0
1784695500,1.1400600000,1.1402200000,1.1400600000,1.1401700000,112,10,0
1784695800,1.1401800000,1.1402200000,1.1401200000,1.1401900000,81,10,0
1784696100,1.1401900000,1.1402500000,1.1401400000,1.1402400000,78,10,0
1784696400,1.1402500000,1.1403000000,1.1400700000,1.1401500000,157,10,0
1784696700,1.1401400000,1.1402700000,1.1400700000,1.1402500000,54,10,0
1784697000,1.1402200000,1.1404400000,1.1402200000,1.1404100000,71,10,0
1784697300,1.1404000000,1.1404200000,1.1403500000,1.1403500000,87,10,0
1784697600,1.1403600000,1.1405800000,1.1403600000,1.1405700000,102,10,0
1784697900,1.1405700000,1.1409600000,1.1405600000,1.1407200000,154,10,0
1784698200,1.1407100000,1.1407800000,1.1406000000,1.1407100000,136,10,0
1784698500,1.1407000000,1.1407100000,1.1405800000,1.1406200000,126,10,0
1784698800,1.1406100000,1.1407500000,1.1406100000,1.1406700000,114,10,0
1784699100,1.1406700000,1.1406800000,1.1405100000,1.1405200000,109,10,0
1784699400,1.1405200000,1.1406400000,1.1405000000,1.1406300000,64,10,0
1784699700,1.1406300000,1.1408000000,1.1405100000,1.1405100000,120,10,0
1784700000,1.1405000000,1.1406700000,1.1405000000,1.1406200000,77,10,0
1784700300,1.1406100000,1.1406800000,1.1404800000,1.1404800000,82,10,0
1784700600,1.1404900000,1.1405600000,1.1403800000,1.1405100000,71,10,0
1784700900,1.1405100000,1.1406300000,1.1405100000,1.1405800000,77,10,0
1784701200,1.1405800000,1.1406500000,1.1405600000,1.1406100000,59,10,0
1784701500,1.1406200000,1.1407400000,1.1406100000,1.1407100000,80,10,0
1784701800,1.1407000000,1.1407200000,1.1405700000,1.1406200000,137,10,0
1784702100,1.1406200000,1.1406400000,1.1405200000,1.1406000000,73,10,0
1784702400,1.1406000000,1.1406200000,1.1405500000,1.1405700000,56,10,0
1784702700,1.1405700000,1.1406500000,1.1405500000,1.1405900000,70,10,0
1784703000,1.1406000000,1.1406100000,1.1405300000,1.1405700000,42,10,0
1784703300,1.1405600000,1.1406900000,1.1405400000,1.1406800000,63,10,0
1784703600,1.1407000000,1.1407000000,1.1405800000,1.1405800000,56,10,0
1784703900,1.1405900000,1.1406600000,1.1405700000,1.1406200000,85,10,0
1784704200,1.1406100000,1.1406100000,1.1404400000,1.1405300000,69,10,0
1784704500,1.1405500000,1.1406400000,1.1405500000,1.1405800000,30,10,0
1784704800,1.1405800000,1.1406300000,1.1405200000,1.1406200000,46,10,0
1784705100,1.1406300000,1.1406900000,1.1405700000,1.1406800000,46,10,0
1784705400,1.1406700000,1.1407300000,1.1406600000,1.1407100000,77,10,0
1784705700,1.1407100000,1.1407100000,1.1406700000,1.1407100000,29,10,0
1784706000,1.1407000000,1.1408100000,1.1407000000,1.1407800000,45,10,0
1784706300,1.1407700000,1.1407700000,1.1407100000,1.1407200000,28,10,0
1784706600,1.1407000000,1.1407500000,1.1406800000,1.1407100000,31,10,0
1784706900,1.1407100000,1.1407900000,1.1407000000,1.1407900000,57,10,0
1784707200,1.1407900000,1.1408900000,1.1407200000,1.1408700000,90,10,0
1784707500,1.1408800000,1.1408800000,1.1407400000,1.1407600000,73,10,0
1784707800,1.1407600000,1.1408800000,1.1407100000,1.1407500000,114,10,0
1784708100,1.1407600000,1.1407800000,1.1406700000,1.1407600000,97,10,0
1784708400,1.1407500000,1.1409000000,1.1407400000,1.1408100000,83,10,0
1784708700,1.1408200000,1.1408300000,1.1406600000,1.1406700000,91,10,0
1784709000,1.1406600000,1.1406900000,1.1405000000,1.1405700000,154,10,0
1784709300,1.1405600000,1.1406500000,1.1405600000,1.1406300000,78,10,0
1784709600,1.1406400000,1.1407000000,1.1405000000,1.1406900000,95,10,0
1784709900,1.1406900000,1.1406900000,1.1405500000,1.1406000000,154,10,0
1784710200,1.1406000000,1.1407800000,1.1405700000,1.1407000000,155,10,0
1784710500,1.1407100000,1.1409100000,1.1406600000,1.1409100000,160,10,0
1784710800,1.1409000000,1.1413300000,1.1408400000,1.1411800000,266,10,0
1784711100,1.1411800000,1.1411800000,1.1409700000,1.1410100000,181,10,0
1784711400,1.1410100000,1.1411900000,1.1409400000,1.1410700000,149,10,0
1784711700,1.1410600000,1.1411200000,1.1409900000,1.1410900000,169,10,0
1784712000,1.1411100000,1.1412000000,1.1409900000,1.1410100000,213,10,0
1784712300,1.1410200000,1.1410400000,1.1406900000,1.1407900000,332,10,0
1784712600,1.1408000000,1.1410600000,1.1406500000,1.1410100000,192,10,0
1784712900,1.1410100000,1.1411000000,1.1408400000,1.1408500000,185,10,0
1784713200,1.1408600000,1.1411200000,1.1408400000,1.1410700000,132,10,0
1784713500,1.1410700000,1.1411700000,1.1410000000,1.1411100000,136,10,0
1784713800,1.1411200000,1.1411600000,1.1409000000,1.1409800000,134,10,0
1784714100,1.1409900000,1.1411800000,1.1407800000,1.1411500000,261,10,0
1784714400,1.1411600000,1.1411800000,1.1408200000,1.1409600000,263,10,0
1784714700,1.1409300000,1.1411500000,1.1408500000,1.1411400000,120,10,0
1784715000,1.1411200000,1.1412500000,1.1410400000,1.1412100000,166,10,0
1784715300,1.1412000000,1.1413300000,1.1410100000,1.1413100000,174,10,0
1784715600,1.1413200000,1.1414600000,1.1411700000,1.1411800000,204,10,0
1784715900,1.1411700000,1.1413200000,1.1411600000,1.1412500000,161,10,0
1784716200,1.1412400000,1.1417800000,1.1412400000,1.1413300000,489,10,0
1784716500,1.1413200000,1.1414500000,1.1410400000,1.1410400000,267,10,0
1784716800,1.1410500000,1.1410800000,1.1405100000,1.1406100000,237,10,0
1784717100,1.1406100000,1.1406300000,1.1402900000,1.1405300000,276,10,0
1784717400,1.1405200000,1.1409400000,1.1404900000,1.1409400000,272,10,0
1784717700,1.1409300000,1.1410600000,1.1408400000,1.1408900000,163,10,0
1784718000,1.1408900000,1.1409800000,1.1406600000,1.1407100000,265,10,0
1784718300,1.1407100000,1.1407600000,1.1404900000,1.1406200000,243,10,0
1784718600,1.1406300000,1.1406800000,1.1404800000,1.1404800000,243,10,0
1784718900,1.1404700000,1.1406400000,1.1403400000,1.1405000000,203,10,0
1784719200,1.1405100000,1.1408400000,1.1404700000,1.1408300000,149,10,0
1784719500,1.1408300000,1.1409300000,1.1405800000,1.1407800000,173,10,0
1784719800,1.1407900000,1.1411300000,1.1407900000,1.1409800000,222,10,0
1784720100,1.1409800000,1.1411100000,1.1409200000,1.1410000000,224,10,0
1784720400,1.1410000000,1.1412000000,1.1410000000,1.1410900000,214,10,0
1784720700,1.1411000000,1.1411700000,1.1408200000,1.1408900000,175,10,0
1784721000,1.1408800000,1.1408900000,1.1407700000,1.1408700000,142,10,0
1784721300,1.1408800000,1.1410000000,1.1408100000,1.1409600000,176,10,0
1784721600,1.1409500000,1.1411300000,1.1409300000,1.1410800000,225,10,0
1784721900,1.1410700000,1.1411800000,1.1409700000,1.1411200000,185,10,0
1784722200,1.1411200000,1.1411400000,1.1407700000,1.1409100000,180,10,0
1784722500,1.1409100000,1.1409300000,1.1408000000,1.1409100000,161,10,0
1784722800,1.1409200000,1.1409600000,1.1407200000,1.1408600000,202,10,0
1784723100,1.1408700000,1.1409200000,1.1407800000,1.1408700000,127,10,0
1784723400,1.1408600000,1.1412800000,1.1408000000,1.1412300000,186,10,0
1784723700,1.1412300000,1.1412400000,1.1410700000,1.1410900000,151,10,0
1784724000,1.1410900000,1.1411200000,1.1408000000,1.1408200000,176,10,0
1784724300,1.1408300000,1.1408900000,1.1406400000,1.1406600000,246,10,0
1784724600,1.1406500000,1.1406600000,1.1404100000,1.1405900000,284,10,0
1784724900,1.1406200000,1.1406300000,1.1403700000,1.1404300000,220,10,0
1784725200,1.1404200000,1.1405400000,1.1401000000,1.1401100000,247,10,0
1784725500,1.1401000000,1.1402900000,1.1399900000,1.1401100000,212,10,0
1784725800,1.1401200000,1.1403500000,1.1401000000,1.1402400000,122,10,0
1784726100,1.1402500000,1.1405600000,1.1401800000,1.1405500000,152,10,0
1784726400,1.1405400000,1.1407100000,1.1405300000,1.1406200000,211,10,0
1784726700,1.1406100000,1.1406200000,1.1404600000,1.1404700000,145,10,0
1784727000,1.1404600000,1.1405600000,1.1403700000,1.1404700000,157,10,0
1784727300,1.1404600000,1.1405400000,1.1403000000,1.1404700000,209,10,0
1784727600,1.1404700000,1.1404800000,1.1403000000,1.1404700000,143,10,0
1784727900,1.1404600000,1.1405700000,1.1404100000,1.1405500000,158,10,0
1784728200,1.1405500000,1.1406500000,1.1404900000,1.1405100000,180,10,0
1784728500,1.1405200000,1.1406200000,1.1402300000,1.1403100000,231,10,0
1784728800,1.1403200000,1.1404500000,1.1402000000,1.1402500000,277,10,0
1784729100,1.1402700000,1.1404000000,1.1402400000,1.1404000000,180,10,0
1784729400,1.1404100000,1.1404400000,1.1403500000,1.1404100000,154,10,0
1784729700,1.1404000000,1.1406000000,1.1402700000,1.1403000000,161,10,0
1784730000,1.1402900000,1.1405000000,1.1402900000,1.1403500000,137,10,0
1784730300,1.1403400000,1.1404100000,1.1402000000,1.1403500000,157,10,0
1784730600,1.1403700000,1.1405800000,1.1403400000,1.1404900000,170,10,0
1784730900,1.1405000000,1.1406100000,1.1403900000,1.1406000000,190,10,0
1784731200,1.1405900000,1.1406000000,1.1402900000,1.1404700000,398,10,0
1784731500,1.1404400000,1.1406900000,1.1403400000,1.1404900000,216,10,0
1784731800,1.1404900000,1.1405600000,1.1403700000,1.1404500000,224,10,0
1784732100,1.1404400000,1.1406700000,1.1404100000,1.1406400000,264,10,0
1784732400,1.1406700000,1.1408900000,1.1406200000,1.1407900000,280,10,0
1784732700,1.1408000000,1.1409900000,1.1406900000,1.1407400000,252,10,0
1784733000,1.1407500000,1.1410900000,1.1407500000,1.1410900000,184,10,0
1784733300,1.1411000000,1.1411100000,1.1409300000,1.1410000000,234,10,0
1784733600,1.1410000000,1.1410400000,1.1408500000,1.1408900000,178,10,0
1784733900,1.1408900000,1.1410100000,1.1408500000,1.1409700000,187,10,0
1784734200,1.1409600000,1.1413200000,1.1409600000,1.1412400000,180,10,0
1784734500,1.1412400000,1.1413200000,1.1411500000,1.1411900000,157,10,0
1784734800,1.1411700000,1.1411700000,1.1410300000,1.1410800000,171,10,0
1784735100,1.1410900000,1.1410900000,1.1406200000,1.1408100000,268,10,0
1784735400,1.1408100000,1.1410500000,1.1407700000,1.1410000000,145,10,0
1784735700,1.1410000000,1.1410100000,1.1403300000,1.1407300000,395,10,0
1784736000,1.1407200000,1.1410800000,1.1406800000,1.1409600000,279,10,0
1784736300,1.1409600000,1.1412000000,1.1409100000,1.1411600000,178,10,0
1784736600,1.1411600000,1.1412000000,1.1409100000,1.1409600000,157,10,0
1784736900,1.1409400000,1.1412200000,1.1408600000,1.1411900000,170,10,0
1784737200,1.1411800000,1.1415500000,1.1410700000,1.1415200000,265,10,0
1784737500,1.1415300000,1.1416400000,1.1414400000,1.1414700000,257,10,0
1784737800,1.1415000000,1.1421100000,1.1414900000,1.1415900000,330,10,0
1784738100,1.1415800000,1.1418800000,1.1415100000,1.1416900000,303,10,0
1784738400,1.1416700000,1.1418700000,1.1415600000,1.1417300000,307,10,0
1784738700,1.1417400000,1.1418000000,1.1414900000,1.1415000000,323,10,0
1784739000,1.1414900000,1.1417100000,1.1414000000,1.1415400000,348,10,0
1784739300,1.1415500000,1.1415500000,1.1411400000,1.1413000000,302,10,0
1784739600,1.1413200000,1.1415000000,1.1412900000,1.1414000000,320,10,0
1784739900,1.1414200000,1.1414300000,1.1410100000,1.1411500000,332,10,0
1784740200,1.1411400000,1.1417000000,1.1410800000,1.1415900000,199,10,0
1784740500,1.1415900000,1.1418000000,1.1415400000,1.1415500000,247,10,0
1784740800,1.1415400000,1.1416900000,1.1412300000,1.1412900000,244,10,0
1784741100,1.1412800000,1.1413400000,1.1410400000,1.1410900000,292,10,0
1784741400,1.1410800000,1.1412800000,1.1409500000,1.1412400000,367,10,0
1784741700,1.1412300000,1.1412600000,1.1410100000,1.1411800000,267,10,0
1784742000,1.1411800000,1.1412300000,1.1410000000,1.1410700000,285,10,0
1784742300,1.1410700000,1.1411900000,1.1410200000,1.1411400000,277,10,0
1784742600,1.1411200000,1.1412600000,1.1409900000,1.1411500000,313,10,0
1784742900,1.1411400000,1.1411400000,1.1407400000,1.1408800000,429,10,0
1784743200,1.1408900000,1.1410800000,1.1407800000,1.1409800000,395,10,0
1784743500,1.1409700000,1.1410900000,1.1409200000,1.1410600000,205,10,0
1784743800,1.1410600000,1.1410900000,1.1409400000,1.1409500000,148,10,0
1784744100,1.1409400000,1.1410400000,1.1407800000,1.1408600000,160,10,0
1784744400,1.1408800000,1.1412600000,1.1408800000,1.1411900000,132,10,0
1784744700,1.1411900000,1.1413500000,1.1411900000,1.1413200000,129,10,0
1784745000,1.1413000000,1.1413400000,1.1407800000,1.1407800000,272,10,0
1784745300,1.1408100000,1.1410000000,1.1407100000,1.1407400000,230,10,0
1784745600,1.1407500000,1.1409800000,1.1407100000,1.1409700000,180,10,0
1784745900,1.1409700000,1.1412500000,1.1409100000,1.1412500000,208,10,0
1784746200,1.1412600000,1.1413000000,1.1410200000,1.1411000000,181,10,0
1784746500,1.1410800000,1.1413300000,1.1409400000,1.1413200000,232,10,0
1784746800,1.1413100000,1.1413500000,1.1411000000,1.1411100000,154,10,0
1784747100,1.1411000000,1.1411400000,1.1408900000,1.1409400000,148,10,0
1784747400,1.1409500000,1.1409600000,1.1405800000,1.1406800000,188,10,0
1784747700,1.1406900000,1.1407900000,1.1405700000,1.1407500000,143,10,0
1784748000,1.1407400000,1.1410500000,1.1407200000,1.1410300000,148,10,0
1784748300,1.1410400000,1.1411300000,1.1409000000,1.1410400000,174,10,0
1784748600,1.1410500000,1.1411800000,1.1408500000,1.1408600000,174,10,0
1784748900,1.1408500000,1.1409800000,1.1407400000,1.1407400000,133,10,0
1784749200,1.1407500000,1.1408400000,1.1407100000,1.1408200000,120,10,0
1784749500,1.1408300000,1.1408900000,1.1407100000,1.1408800000,135,10,0
1784749800,1.1408700000,1.1409000000,1.1408200000,1.1408600000,101,10,0
1784750100,1.1408500000,1.1409500000,1.1408300000,1.1408900000,107,10,0
1784750400,1.1408800000,1.1410000000,1.1408400000,1.1410000000,97,10,0
1784750700,1.1409900000,1.1410800000,1.1409700000,1.1410500000,68,10,0
1784751000,1.1410800000,1.1412000000,1.1410700000,1.1411000000,70,10,0
1784751300,1.1410900000,1.1412200000,1.1410300000,1.1410500000,141,10,0
1784751600,1.1410500000,1.1412000000,1.1410300000,1.1411100000,169,10,0
1784751900,1.1411000000,1.1411900000,1.1410700000,1.1411000000,109,10,0
1784752200,1.1410900000,1.1411100000,1.1409400000,1.1409500000,88,10,0
1784752500,1.1409600000,1.1409700000,1.1407900000,1.1408500000,111,10,0
1784752800,1.1408400000,1.1409600000,1.1407500000,1.1409400000,87,10,0
1784753100,1.1409400000,1.1410200000,1.1408900000,1.1409900000,63,10,0
1784753400,1.1410000000,1.1410800000,1.1409400000,1.1409400000,90,10,0
1784753700,1.1409300000,1.1410000000,1.1408400000,1.1409500000,116,10,0
1784754000,1.1409600000,1.1410100000,1.1408400000,1.1409100000,115,10,0
1784754300,1.1409000000,1.1409300000,1.1407800000,1.1407800000,96,10,0
1784754600,1.1407600000,1.1408400000,1.1407600000,1.1408300000,60,10,0
1784754900,1.1408200000,1.1409000000,1.1407900000,1.1408900000,84,10,0
1784755200,1.1408800000,1.1410200000,1.1408500000,1.1409600000,122,10,0
1784755500,1.1409600000,1.1410100000,1.1409200000,1.1409800000,136,10,0
1784755800,1.1409800000,1.1409800000,1.1408600000,1.1409300000,97,10,0
1784756100,1.1409300000,1.1410500000,1.1409000000,1.1410400000,68,10,0
1784756400,1.1410500000,1.1410500000,1.1408600000,1.1408700000,87,10,0
1784756700,1.1408700000,1.1409500000,1.1408600000,1.1409400000,84,10,0
1784757000,1.1409300000,1.1410400000,1.1408900000,1.1410100000,81,10,0
1784757300,1.1409900000,1.1410700000,1.1409900000,1.1410400000,88,10,0
1784757600,1.1410500000,1.1411500000,1.1409900000,1.1411400000,100,10,0
1784757900,1.1411500000,1.1411800000,1.1409900000,1.1410000000,61,10,0
1784758200,1.1409900000,1.1410000000,1.1409200000,1.1409300000,75,10,0
1784758500,1.1409300000,1.1410500000,1.1409200000,1.1410400000,47,10,0
1784758800,1.1410400000,1.1411300000,1.1410300000,1.1410900000,63,10,0
1784759100,1.1411000000,1.1411000000,1.1410300000,1.1410600000,91,10,0
1784759400,1.1410600000,1.1410700000,1.1409800000,1.1410300000,68,10,0
1784759700,1.1410300000,1.1410700000,1.1409800000,1.1410200000,80,10,0
1784760000,1.1410300000,1.1410800000,1.1410200000,1.1410700000,59,10,0
1784760300,1.1410800000,1.1411500000,1.1410200000,1.1410300000,62,10,0
1784760600,1.1410400000,1.1410600000,1.1409500000,1.1409700000,72,10,0
1784760900,1.1409400000,1.1411100000,1.1408700000,1.1410800000,202,10,0
1784761200,1.1410700000,1.1412300000,1.1410100000,1.1410400000,166,10,0
1784761500,1.1410400000,1.1411900000,1.1410200000,1.1411700000,79,10,0
1784761800,1.1411800000,1.1411800000,1.1411100000,1.1411300000,38,10,0
1784762100,1.1411200000,1.1411400000,1.1411000000,1.1411300000,30,10,0
1784762400,1.1411300000,1.1412000000,1.1411000000,1.1411400000,36,10,0
1784762700,1.1411300000,1.1412000000,1.1411100000,1.1411200000,33,10,0
1784763000,1.1411300000,1.1411300000,1.1410500000,1.1410600000,53,10,0
1784763300,1.1410600000,1.1411400000,1.1410300000,1.1411300000,42,10,0
1784763600,1.1411400000,1.1412000000,1.1411400000,1.1411800000,27,10,0
1784763900,1.1411600000,1.1411800000,1.1410800000,1.1410900000,33,10,0
1784764200,1.1410900000,1.1411600000,1.1410700000,1.1411300000,72,10,0
1784764500,1.1411100000,1.1412000000,1.1409500000,1.1409500000,131,10,0
1784764800,1.1408400000,1.1408500000,1.1404000000,1.1405400000,10,66,0
1784765100,1.1406100000,1.1406300000,1.1406100000,1.1406300000,5,64,0
1784765400,1.1406300000,1.1406400000,1.1405300000,1.1406400000,12,61,0
1784765700,1.1406000000,1.1406400000,1.1404700000,1.1405000000,15,43,0
1784766000,1.1405100000,1.1406700000,1.1405000000,1.1405500000,23,31,0
1784766300,1.1405500000,1.1405500000,1.1405000000,1.1405000000,9,57,0
1784766600,1.1405000000,1.1406200000,1.1405000000,1.1405300000,30,44,0
1784766900,1.1405100000,1.1406200000,1.1404800000,1.1405100000,59,43,0
1784767200,1.1405000000,1.1406300000,1.1405000000,1.1405800000,70,31,0
1784767500,1.1405900000,1.1407000000,1.1404900000,1.1406200000,62,33,0
1784767800,1.1406100000,1.1406300000,1.1405300000,1.1405900000,45,39,0
1784768100,1.1405800000,1.1407300000,1.1405400000,1.1407000000,60,31,0
1784768400,1.1407200000,1.1408700000,1.1406300000,1.1407800000,112,11,0
1784768700,1.1407600000,1.1408400000,1.1407500000,1.1407600000,39,11,0
1784769000,1.1407500000,1.1407600000,1.1406600000,1.1407200000,55,10,0
1784769300,1.1407300000,1.1407600000,1.1406800000,1.1407000000,53,11,0
1784769600,1.1407000000,1.1407400000,1.1406900000,1.1407200000,25,11,0
1784769900,1.1407300000,1.1407500000,1.1406900000,1.1407100000,48,11,0
1784770200,1.1407100000,1.1407500000,1.1406900000,1.1407000000,54,11,0
1784770500,1.1406900000,1.1407100000,1.1406300000,1.1406300000,25,11,0
1784770800,1.1406200000,1.1406200000,1.1405400000,1.1405900000,47,11,0
1784771100,1.1405900000,1.1406300000,1.1405600000,1.1406300000,59,10,0
1784771400,1.1406300000,1.1407600000,1.1406000000,1.1407400000,80,11,0
1784771700,1.1407500000,1.1407600000,1.1406900000,1.1407500000,44,11,0
1784772000,1.1407600000,1.1408600000,1.1407600000,1.1408100000,91,10,0
1784772300,1.1408100000,1.1408500000,1.1408000000,1.1408100000,34,10,0
1784772600,1.1408000000,1.1409100000,1.1407600000,1.1408800000,52,10,0
1784772900,1.1408900000,1.1409700000,1.1408300000,1.1409600000,55,10,0
1784773200,1.1409600000,1.1409900000,1.1409200000,1.1409200000,31,10,0
1784773500,1.1409200000,1.1409700000,1.1409100000,1.1409700000,18,10,0
1784773800,1.1409700000,1.1410100000,1.1409500000,1.1409900000,22,10,0
1784774100,1.1409900000,1.1410100000,1.1409600000,1.1409600000,21,10,0
1784774400,1.1409700000,1.1410600000,1.1409200000,1.1410400000,29,10,0
1784774700,1.1410300000,1.1410800000,1.1409600000,1.1410400000,52,10,0
1784775000,1.1410400000,1.1410500000,1.1409900000,1.1410100000,63,10,0
1784775300,1.1410100000,1.1411200000,1.1410100000,1.1410900000,64,10,0
1784775600,1.1411000000,1.1413200000,1.1410900000,1.1412800000,224,10,0
1784775900,1.1412700000,1.1412800000,1.1411800000,1.1412100000,147,10,0
1784776200,1.1412000000,1.1412000000,1.1410600000,1.1410800000,75,10,0
1784776500,1.1410800000,1.1411300000,1.1410000000,1.1410600000,80,10,0
1784776800,1.1410500000,1.1413100000,1.1410400000,1.1413100000,138,10,0
1784777100,1.1413100000,1.1413600000,1.1411200000,1.1411400000,103,10,0
1784777400,1.1411300000,1.1412100000,1.1411300000,1.1411800000,93,10,0
1784777700,1.1411900000,1.1412700000,1.1411900000,1.1412400000,69,10,0
1784778000,1.1412400000,1.1413300000,1.1412100000,1.1412900000,70,10,0
1784778300,1.1412800000,1.1414000000,1.1411700000,1.1412000000,94,10,0
1784778600,1.1411900000,1.1414000000,1.1411200000,1.1413800000,159,10,0
1784778900,1.1413900000,1.1417000000,1.1413000000,1.1416800000,160,10,0
1784779200,1.1416900000,1.1419900000,1.1416800000,1.1417100000,271,10,0
1784779500,1.1417000000,1.1418200000,1.1416500000,1.1417900000,127,10,0
1784779800,1.1418000000,1.1418200000,1.1416500000,1.1416800000,148,10,0
1784780100,1.1416800000,1.1417600000,1.1416100000,1.1416900000,188,10,0
1784780400,1.1416800000,1.1417800000,1.1416300000,1.1417200000,106,10,0
1784780700,1.1417100000,1.1418200000,1.1416800000,1.1417100000,83,10,0
1784781000,1.1417200000,1.1419500000,1.1416700000,1.1419200000,317,10,0
1784781300,1.1419300000,1.1419700000,1.1416700000,1.1417000000,205,10,0
1784781600,1.1417000000,1.1419400000,1.1416400000,1.1416900000,210,10,0
1784781900,1.1417000000,1.1417100000,1.1415500000,1.1416400000,133,10,0
1784782200,1.1416300000,1.1417500000,1.1415600000,1.1416900000,183,10,0
1784782500,1.1416900000,1.1417000000,1.1415500000,1.1415800000,195,10,0
1784782800,1.1415700000,1.1417300000,1.1415600000,1.1417100000,117,10,0
1784783100,1.1416800000,1.1418100000,1.1416400000,1.1417500000,110,10,0
1784783400,1.1417500000,1.1418100000,1.1416800000,1.1417800000,83,10,0
1784783700,1.1417800000,1.1418300000,1.1417300000,1.1418300000,139,10,0
1784784000,1.1418300000,1.1419900000,1.1417900000,1.1419700000,60,10,0
1784784300,1.1419600000,1.1419800000,1.1419200000,1.1419700000,55,10,0
1784784600,1.1419800000,1.1423500000,1.1419800000,1.1422700000,147,10,0
1784784900,1.1422500000,1.1424200000,1.1422500000,1.1423800000,111,10,0
1784785200,1.1423700000,1.1425600000,1.1423700000,1.1425200000,77,10,0
1784785500,1.1425200000,1.1427200000,1.1425100000,1.1425900000,108,10,0
1784785800,1.1425800000,1.1426200000,1.1425300000,1.1426200000,71,10,0
1784786100,1.1426300000,1.1427700000,1.1426000000,1.1427000000,45,10,0
1784786400,1.1427100000,1.1428700000,1.1426100000,1.1426100000,103,10,0
1784786700,1.1426100000,1.1426300000,1.1425200000,1.1426200000,105,10,0
1784787000,1.1426200000,1.1426500000,1.1423000000,1.1423000000,108,10,0
1784787300,1.1423000000,1.1426300000,1.1422600000,1.1426300000,149,10,0
1784787600,1.1426200000,1.1427600000,1.1426100000,1.1427600000,106,10,0
1784787900,1.1427600000,1.1428400000,1.1427000000,1.1428100000,94,10,0
1784788200,1.1428200000,1.1429100000,1.1427300000,1.1428900000,91,10,0
1784788500,1.1429000000,1.1429400000,1.1428600000,1.1429100000,78,10,0
1784788800,1.1429000000,1.1429600000,1.1428900000,1.1429200000,112,10,0
1784789100,1.1429200000,1.1430100000,1.1428000000,1.1429200000,251,10,0
1784789400,1.1429300000,1.1429500000,1.1428800000,1.1429400000,212,10,0
1784789700,1.1429300000,1.1429900000,1.1428400000,1.1428600000,200,10,0
1784790000,1.1428500000,1.1429200000,1.1427800000,1.1428800000,254,10,0
1784790300,1.1428900000,1.1433700000,1.1428000000,1.1433700000,276,10,0
1784790600,1.1433700000,1.1435100000,1.1432800000,1.1433300000,211,10,0
1784790900,1.1433400000,1.1433700000,1.1430200000,1.1430400000,209,10,0
1784791200,1.1430500000,1.1432100000,1.1430100000,1.1432000000,60,10,0
1784791500,1.1432000000,1.1434600000,1.1431900000,1.1434400000,151,10,0
1784791800,1.1434500000,1.1435200000,1.1433400000,1.1434200000,160,10,0
1784792100,1.1434300000,1.1434500000,1.1433000000,1.1433000000,111,10,0
1784792400,1.1433100000,1.1433100000,1.1431300000,1.1431300000,38,10,0
1784792700,1.1431300000,1.1433800000,1.1431300000,1.1431900000,90,10,0
1784793000,1.1432000000,1.1432300000,1.1430800000,1.1431200000,126,10,0
1784793300,1.1431300000,1.1432300000,1.1429200000,1.1432100000,137,10,0
1784793600,1.1432000000,1.1434500000,1.1432000000,1.1433100000,168,10,0
1784793900,1.1433200000,1.1434000000,1.1432600000,1.1433500000,107,10,0
1784794200,1.1433600000,1.1434000000,1.1431700000,1.1431900000,97,10,0
1784794500,1.1431800000,1.1431800000,1.1429400000,1.1429700000,109,10,0
1784794800,1.1429800000,1.1430400000,1.1428100000,1.1428900000,110,10,0
1784795100,1.1428800000,1.1429900000,1.1428700000,1.1429900000,116,10,0
1784795400,1.1429900000,1.1430000000,1.1428500000,1.1429200000,128,10,0
1784795700,1.1429200000,1.1430500000,1.1428400000,1.1429200000,115,10,0
1784796000,1.1429100000,1.1429600000,1.1428500000,1.1429400000,82,10,0
1784796300,1.1429500000,1.1430100000,1.1429300000,1.1429300000,70,10,0
1784796600,1.1429200000,1.1429400000,1.1428800000,1.1428800000,74,10,0
1784796900,1.1428900000,1.1431100000,1.1428700000,1.1429400000,147,10,0
1784797200,1.1429300000,1.1432500000,1.1428800000,1.1430300000,332,10,0
1784797500,1.1430200000,1.1430800000,1.1427800000,1.1428500000,185,10,0
1784797800,1.1428400000,1.1431200000,1.1428400000,1.1431000000,159,10,0
1784798100,1.1431100000,1.1431300000,1.1428600000,1.1428700000,203,10,0
1784798400,1.1428800000,1.1429500000,1.1428400000,1.1429000000,94,10,0
1784798700,1.1429000000,1.1429000000,1.1427200000,1.1428000000,124,10,0
1784799000,1.1428100000,1.1428100000,1.1426100000,1.1426500000,167,10,0
1784799300,1.1426400000,1.1426900000,1.1424900000,1.1425000000,135,10,0
1784799600,1.1425000000,1.1426700000,1.1424000000,1.1426000000,191,10,0
1784799900,1.1425900000,1.1427400000,1.1425600000,1.1427000000,102,10,0
1784800200,1.1427000000,1.1427000000,1.1425000000,1.1425400000,133,10,0
1784800500,1.1425500000,1.1425500000,1.1423200000,1.1425000000,191,10,0
1784800800,1.1425100000,1.1426000000,1.1421600000,1.1421700000,391,10,0
1784801100,1.1421900000,1.1423600000,1.1421900000,1.1423100000,256,10,0
1784801400,1.1423000000,1.1426500000,1.1422400000,1.1426500000,311,10,0
1784801700,1.1426400000,1.1427100000,1.1425300000,1.1426400000,184,10,0
1784802000,1.1426400000,1.1426700000,1.1423400000,1.1423600000,167,10,0
1784802300,1.1423700000,1.1425600000,1.1423400000,1.1425100000,164,10,0
1784802600,1.1425000000,1.1427000000,1.1424500000,1.1426100000,155,10,0
1784802900,1.1426100000,1.1426500000,1.1424700000,1.1425000000,156,10,0
1784803200,1.1425100000,1.1425600000,1.1421700000,1.1421900000,228,10,0
1784803500,1.1421800000,1.1423400000,1.1419100000,1.1423400000,300,10,0
1784803800,1.1423300000,1.1425100000,1.1421600000,1.1422100000,247,10,0
1784804100,1.1422000000,1.1425000000,1.1421400000,1.1424100000,315,10,0
1784804400,1.1424400000,1.1424600000,1.1421800000,1.1421900000,250,10,0
1784804700,1.1421800000,1.1423700000,1.1420800000,1.1422300000,259,10,0
1784805000,1.1422400000,1.1423000000,1.1418800000,1.1418800000,166,10,0
1784805300,1.1418900000,1.1418900000,1.1416200000,1.1416500000,251,10,0
1784805600,1.1416700000,1.1418500000,1.1416300000,1.1416500000,203,10,0
1784805900,1.1416600000,1.1417000000,1.1415300000,1.1416500000,218,10,0
1784806200,1.1416600000,1.1416600000,1.1411800000,1.1411800000,238,10,0
1784806500,1.1411900000,1.1412900000,1.1409300000,1.1409600000,261,10,0
1784806800,1.1409600000,1.1410000000,1.1406400000,1.1408700000,326,10,0
1784807100,1.1408800000,1.1410100000,1.1408100000,1.1408300000,250,10,0
1784807400,1.1408400000,1.1411200000,1.1408100000,1.1411000000,261,10,0
1784807700,1.1411000000,1.1411500000,1.1410000000,1.1410100000,175,10,0
1784808000,1.1410000000,1.1414400000,1.1409700000,1.1414400000,293,10,0
1784808300,1.1414600000,1.1414700000,1.1412200000,1.1413000000,164,10,0
1784808600,1.1412900000,1.1413600000,1.1410300000,1.1410300000,147,10,0
1784808900,1.1410400000,1.1412700000,1.1410300000,1.1411600000,122,10,0
1784809200,1.1411700000,1.1412200000,1.1410200000,1.1411100000,125,10,0
1784809500,1.1411100000,1.1411600000,1.1409200000,1.1409600000,144,10,0
1784809800,1.1409700000,1.1410800000,1.1409200000,1.1410300000,194,10,0
1784810100,1.1410200000,1.1411800000,1.1410000000,1.1411200000,170,10,0
1784810400,1.1411200000,1.1413900000,1.1410400000,1.1413700000,201,10,0
1784810700,1.1413700000,1.1414300000,1.1411300000,1.1412100000,183,10,0
1784811000,1.1412000000,1.1413300000,1.1411000000,1.1413200000,142,10,0
1784811300,1.1413300000,1.1413700000,1.1411800000,1.1412600000,168,10,0
1784811600,1.1412500000,1.1412900000,1.1411200000,1.1411600000,143,10,0
1784811900,1.1411600000,1.1412300000,1.1409100000,1.1409600000,214,10,0
1784812200,1.1409600000,1.1410100000,1.1408200000,1.1409700000,157,10,0
1784812500,1.1409800000,1.1410000000,1.1407100000,1.1407100000,145,10,0
1784812800,1.1407000000,1.1407900000,1.1405200000,1.1406500000,274,10,0
1784813100,1.1406600000,1.1407700000,1.1406400000,1.1407200000,138,10,0
1784813400,1.1407200000,1.1409500000,1.1406100000,1.1407100000,195,10,0
1784813700,1.1407100000,1.1408200000,1.1406200000,1.1408100000,149,10,0
1784814000,1.1408000000,1.1408100000,1.1405800000,1.1406400000,115,10,0
1784814300,1.1406500000,1.1406600000,1.1403100000,1.1404300000,306,10,0
1784814600,1.1404300000,1.1407200000,1.1402700000,1.1407200000,216,10,0
1784814900,1.1406500000,1.1407600000,1.1403500000,1.1404000000,301,10,0
1784815200,1.1403800000,1.1404100000,1.1401900000,1.1403500000,217,10,0
1784815500,1.1403500000,1.1404400000,1.1402000000,1.1403900000,220,10,0
1784815800,1.1403900000,1.1406200000,1.1403500000,1.1405300000,147,10,0
1784816100,1.1405300000,1.1405600000,1.1401800000,1.1402100000,211,10,0
1784816400,1.1402100000,1.1402100000,1.1398400000,1.1399000000,206,10,0
1784816700,1.1399000000,1.1400000000,1.1396800000,1.1397400000,273,10,0
1784817000,1.1397400000,1.1398100000,1.1390200000,1.1391100000,386,10,0
1784817300,1.1391000000,1.1391000000,1.1385600000,1.1386200000,551,10,0
1784817600,1.1386300000,1.1387100000,1.1382800000,1.1386800000,399,10,0
1784817900,1.1387100000,1.1391800000,1.1386800000,1.1390700000,429,10,0
1784818200,1.1390700000,1.1396000000,1.1390600000,1.1392000000,307,10,0
1784818500,1.1391900000,1.1394700000,1.1391100000,1.1394200000,236,10,0
1784818800,1.1394000000,1.1394400000,1.1389700000,1.1391100000,320,10,0
1784819100,1.1391200000,1.1392800000,1.1390100000,1.1391800000,251,10,0
1784819400,1.1391700000,1.1394800000,1.1391700000,1.1394000000,204,10,0
1784819700,1.1394200000,1.1395000000,1.1385300000,1.1386300000,449,10,0
1784820000,1.1386100000,1.1386200000,1.1380400000,1.1382000000,390,10,0
1784820300,1.1382000000,1.1385900000,1.1380600000,1.1384000000,344,10,0
1784820600,1.1383000000,1.1385200000,1.1381100000,1.1384100000,338,10,0
1784820900,1.1384000000,1.1384800000,1.1379400000,1.1381400000,385,10,0
1784821200,1.1381500000,1.1381500000,1.1376400000,1.1377900000,470,10,0
1784821500,1.1377900000,1.1380300000,1.1375300000,1.1379700000,466,10,0
1784821800,1.1379600000,1.1381500000,1.1377200000,1.1381500000,404,10,0
1784822100,1.1381500000,1.1385300000,1.1381100000,1.1384600000,306,10,0
1784822400,1.1384500000,1.1385800000,1.1379100000,1.1380200000,463,10,0
1784822700,1.1380300000,1.1381000000,1.1373400000,1.1374000000,658,10,0
1784823000,1.1374100000,1.1374900000,1.1367500000,1.1368400000,608,10,0
1784823300,1.1367900000,1.1372600000,1.1367900000,1.1371600000,427,10,0
1784823600,1.1371700000,1.1374500000,1.1371500000,1.1373900000,394,10,0
1784823900,1.1374100000,1.1378200000,1.1372900000,1.1377800000,329,10,0
1784824200,1.1377700000,1.1381800000,1.1377100000,1.1381800000,467,10,0
1784824500,1.1381700000,1.1385100000,1.1380500000,1.1381700000,589,10,0
1784824800,1.1381600000,1.1382700000,1.1377900000,1.1378000000,513,10,0
1784825100,1.1378000000,1.1378800000,1.1375400000,1.1378800000,405,10,0
1784825400,1.1379000000,1.1379100000,1.1375800000,1.1377200000,352,10,0
1784825700,1.1377200000,1.1378600000,1.1371600000,1.1372000000,408,10,0
1784826000,1.1372300000,1.1375500000,1.1368900000,1.1369000000,503,10,0
1784826300,1.1369100000,1.1372500000,1.1367200000,1.1369600000,538,10,0
1784826600,1.1369500000,1.1371700000,1.1367900000,1.1371100000,568,10,0
1784826900,1.1371200000,1.1372000000,1.1364300000,1.1365100000,645,10,0
1784827200,1.1365000000,1.1368500000,1.1363500000,1.1368400000,507,10,0
1784827500,1.1368100000,1.1370000000,1.1367300000,1.1369900000,490,10,0
1784827800,1.1369800000,1.1372100000,1.1368500000,1.1370600000,331,10,0
1784828100,1.1370600000,1.1373100000,1.1369100000,1.1372300000,413,10,0
1784828400,1.1372200000,1.1373100000,1.1367000000,1.1367100000,317,10,0
1784828700,1.1367200000,1.1369200000,1.1365500000,1.1365600000,333,10,0
1784829000,1.1365500000,1.1367100000,1.1363900000,1.1364500000,448,10,0
1784829300,1.1364400000,1.1371100000,1.1364200000,1.1371000000,534,10,0
1784829600,1.1371000000,1.1374000000,1.1370000000,1.1373600000,472,10,0
1784829900,1.1373400000,1.1374900000,1.1370000000,1.1370300000,353,10,0
1784830200,1.1370200000,1.1373800000,1.1369700000,1.1373100000,337,10,0
1784830500,1.1373000000,1.1375100000,1.1371200000,1.1371500000,362,10,0
1784830800,1.1371600000,1.1372200000,1.1367600000,1.1369800000,542,10,0
1784831100,1.1369900000,1.1373000000,1.1369600000,1.1370900000,337,10,0
1784831400,1.1370800000,1.1370800000,1.1366300000,1.1367800000,489,10,0
1784831700,1.1367700000,1.1373600000,1.1365400000,1.1373000000,529,10,0
1784832000,1.1372900000,1.1375600000,1.1372400000,1.1373000000,422,10,0
1784832300,1.1372900000,1.1373100000,1.1370400000,1.1372500000,307,10,0
1784832600,1.1372400000,1.1374400000,1.1370800000,1.1374300000,255,10,0
1784832900,1.1374200000,1.1375100000,1.1370100000,1.1372200000,288,10,0
1784833200,1.1372300000,1.1375500000,1.1372100000,1.1373700000,306,10,0
1784833500,1.1373600000,1.1374500000,1.1372500000,1.1372900000,182,10,0
1784833800,1.1373000000,1.1377400000,1.1373000000,1.1376900000,237,10,0
1784834100,1.1377000000,1.1378000000,1.1372400000,1.1373300000,259,10,0
1784834400,1.1373400000,1.1375000000,1.1373100000,1.1374400000,226,10,0
1784834700,1.1374500000,1.1377800000,1.1374200000,1.1377800000,190,10,0
1784835000,1.1378000000,1.1379200000,1.1376900000,1.1377400000,213,10,0
1784835300,1.1377400000,1.1377900000,1.1375400000,1.1376500000,227,10,0
1784835600,1.1376500000,1.1378900000,1.1375400000,1.1377900000,230,10,0
1784835900,1.1377900000,1.1378900000,1.1376400000,1.1378500000,154,10,0
1784836200,1.1378500000,1.1379400000,1.1377900000,1.1378100000,145,10,0
1784836500,1.1378300000,1.1379700000,1.1378200000,1.1379500000,219,10,0
1784836800,1.1379500000,1.1380400000,1.1377800000,1.1378800000,321,10,0
1784837100,1.1379200000,1.1380100000,1.1376400000,1.1377800000,199,10,0
1784837400,1.1377600000,1.1377800000,1.1376200000,1.1376300000,199,10,0
1784837700,1.1376300000,1.1377800000,1.1375600000,1.1377000000,232,10,0
1784838000,1.1377200000,1.1377900000,1.1375700000,1.1376300000,144,10,0
1784838300,1.1376400000,1.1376600000,1.1374900000,1.1375400000,173,10,0
1784838600,1.1375500000,1.1375700000,1.1374000000,1.1374900000,154,10,0
1784838900,1.1374800000,1.1375100000,1.1373500000,1.1375000000,133,10,0
1784839200,1.1374900000,1.1375100000,1.1373400000,1.1373400000,141,10,0
1784839500,1.1373200000,1.1374300000,1.1372600000,1.1373400000,153,10,0
1784839800,1.1373500000,1.1374600000,1.1373000000,1.1373900000,119,10,0
1784840100,1.1373900000,1.1374000000,1.1370800000,1.1370800000,167,10,0
1784840400,1.1370800000,1.1372500000,1.1370700000,1.1372000000,169,10,0
1784840700,1.1372000000,1.1374000000,1.1371900000,1.1373500000,89,10,0
1784841000,1.1373400000,1.1374600000,1.1373000000,1.1373600000,105,10,0
1784841300,1.1373600000,1.1374900000,1.1372300000,1.1372700000,145,10,0
1784841600,1.1372900000,1.1373100000,1.1372300000,1.1372700000,112,10,0
1784841900,1.1372600000,1.1375000000,1.1372600000,1.1374500000,95,10,0
1784842200,1.1374500000,1.1375900000,1.1374500000,1.1375100000,90,10,0
1784842500,1.1375200000,1.1375300000,1.1374100000,1.1374300000,108,10,0
1784842800,1.1374300000,1.1374300000,1.1373500000,1.1374000000,42,10,0
1784843100,1.1374100000,1.1374900000,1.1373700000,1.1374600000,44,10,0
1784843400,1.1374600000,1.1374700000,1.1374100000,1.1374200000,69,10,0
1784843700,1.1374000000,1.1375900000,1.1373900000,1.1375600000,137,10,0
1784844000,1.1375900000,1.1377700000,1.1375300000,1.1375900000,168,10,0
1784844300,1.1375800000,1.1376200000,1.1374900000,1.1375100000,90,10,0
1784844600,1.1375300000,1.1375800000,1.1374500000,1.1374600000,64,10,0
1784844900,1.1374500000,1.1375200000,1.1373600000,1.1373600000,84,10,0
1784845200,1.1373700000,1.1374300000,1.1373300000,1.1374100000,124,10,0
1784845500,1.1374000000,1.1376400000,1.1374000000,1.1376400000,133,10,0
1784845800,1.1376500000,1.1379400000,1.1376500000,1.1376800000,276,10,0
1784846100,1.1376700000,1.1377100000,1.1376300000,1.1376800000,101,10,0
1784846400,1.1376800000,1.1376900000,1.1375300000,1.1375300000,98,10,0
1784846700,1.1375400000,1.1375800000,1.1374500000,1.1375500000,67,10,0
1784847000,1.1375800000,1.1377400000,1.1375800000,1.1377300000,156,10,0
1784847300,1.1377400000,1.1378200000,1.1376600000,1.1376900000,160,10,0
1784847600,1.1377000000,1.1378900000,1.1377000000,1.1378600000,132,10,0
1784847900,1.1378600000,1.1378800000,1.1378000000,1.1378400000,50,10,0
1784848200,1.1378400000,1.1378400000,1.1377400000,1.1377500000,44,10,0
1784848500,1.1377500000,1.1377700000,1.1376500000,1.1376900000,49,10,0
1784848800,1.1377000000,1.1377400000,1.1376900000,1.1377400000,17,10,0
1784849100,1.1377400000,1.1378800000,1.1377300000,1.1378800000,35,10,0
1784849400,1.1378700000,1.1379400000,1.1377000000,1.1377100000,79,10,0
1784849700,1.1377000000,1.1377200000,1.1376400000,1.1376700000,36,10,0
1784850000,1.1376600000,1.1377500000,1.1376400000,1.1377200000,37,10,0
1784850300,1.1377300000,1.1377700000,1.1376700000,1.1376900000,101,10,0
1784850600,1.1376800000,1.1376800000,1.1376100000,1.1376700000,31,10,0
1784850900,1.1376700000,1.1377100000,1.1372800000,1.1373100000,155,10,0
1784851200,1.1371500000,1.1373100000,1.1366200000,1.1370800000,14,70,0
1784851500,1.1370800000,1.1372800000,1.1370800000,1.1372800000,6,75,0
1784851800,1.1372800000,1.1374600000,1.1372800000,1.1374600000,21,52,0
1784852100,1.1374600000,1.1375000000,1.1374600000,1.1374900000,15,55,0
1784852400,1.1374900000,1.1375000000,1.1374700000,1.1374700000,6,55,0
1784852700,1.1374700000,1.1374800000,1.1374400000,1.1374400000,5,55,0
1784853000,1.1374400000,1.1375100000,1.1374400000,1.1374700000,13,45,0
1784853300,1.1374800000,1.1375000000,1.1374200000,1.1374700000,16,37,0
1784853600,1.1374700000,1.1377800000,1.1374400000,1.1376700000,37,31,0
1784853900,1.1376600000,1.1378700000,1.1376600000,1.1377300000,27,24,0
1784854200,1.1377200000,1.1377500000,1.1375200000,1.1377100000,22,31,0
1784854500,1.1377000000,1.1378800000,1.1371300000,1.1372400000,58,24,0
1784854800,1.1372800000,1.1377700000,1.1372800000,1.1377100000,48,11,0
1784855100,1.1377100000,1.1378400000,1.1377100000,1.1377900000,25,11,0
1784855400,1.1377900000,1.1377900000,1.1377200000,1.1377500000,44,10,0
1784855700,1.1377500000,1.1377600000,1.1377300000,1.1377400000,22,11,0
1784856000,1.1377400000,1.1378900000,1.1377400000,1.1378900000,57,10,0
1784856300,1.1378700000,1.1378700000,1.1377100000,1.1377300000,79,11,0
1784856600,1.1377200000,1.1377400000,1.1376500000,1.1377200000,77,11,0
1784856900,1.1377300000,1.1377800000,1.1377200000,1.1377400000,47,11,0
1784857200,1.1377500000,1.1378100000,1.1377200000,1.1377800000,60,11,0
1784857500,1.1377900000,1.1378300000,1.1377800000,1.1378300000,24,11,0
1784857800,1.1378300000,1.1379200000,1.1378300000,1.1378900000,11,11,0
1784858100,1.1378900000,1.1379300000,1.1378800000,1.1379000000,17,11,0
1784858400,1.1379000000,1.1379300000,1.1378300000,1.1378400000,43,10,0
1784858700,1.1378400000,1.1378600000,1.1378300000,1.1378300000,29,11,0
1784859000,1.1378400000,1.1378700000,1.1378200000,1.1378300000,22,10,0
1784859300,1.1378300000,1.1378600000,1.1378300000,1.1378500000,26,11,0
1784859600,1.1378400000,1.1378900000,1.1378300000,1.1378600000,35,10,0
1784859900,1.1378500000,1.1378700000,1.1378300000,1.1378300000,25,10,0
1784860200,1.1378400000,1.1379300000,1.1378200000,1.1378700000,38,10,0
1784860500,1.1378700000,1.1378700000,1.1378100000,1.1378200000,42,11,0
1784860800,1.1378300000,1.1378300000,1.1375800000,1.1376700000,92,10,0
1784861100,1.1376700000,1.1378300000,1.1376700000,1.1377200000,56,10,0
1784861400,1.1377200000,1.1377300000,1.1375200000,1.1375400000,69,10,0
1784861700,1.1375300000,1.1376800000,1.1375300000,1.1375900000,87,10,0
1784862000,1.1375800000,1.1378200000,1.1374600000,1.1376300000,345,10,0
1784862300,1.1376200000,1.1379800000,1.1375400000,1.1379100000,221,10,0
1784862600,1.1378900000,1.1379800000,1.1378200000,1.1378400000,148,10,0
1784862900,1.1378600000,1.1378800000,1.1377700000,1.1378400000,134,10,0
1784863200,1.1378200000,1.1379700000,1.1377800000,1.1379200000,145,10,0
1784863500,1.1379200000,1.1379500000,1.1378200000,1.1379100000,118,10,0
1784863800,1.1379100000,1.1379200000,1.1377900000,1.1378000000,151,10,0
1784864100,1.1378100000,1.1378500000,1.1377600000,1.1377600000,91,10,0
1784864400,1.1377600000,1.1377600000,1.1376600000,1.1376800000,108,10,0
1784864700,1.1376700000,1.1377600000,1.1376100000,1.1377200000,99,10,0
1784865000,1.1377200000,1.1378400000,1.1376800000,1.1377700000,172,10,0
1784865300,1.1377600000,1.1383700000,1.1377600000,1.1383700000,282,10,0
1784865600,1.1384000000,1.1385800000,1.1383000000,1.1383800000,338,10,0
1784865900,1.1383600000,1.1383600000,1.1381800000,1.1382600000,210,10,0
1784866200,1.1382500000,1.1384000000,1.1382400000,1.1383300000,154,10,0
1784866500,1.1383300000,1.1384900000,1.1382700000,1.1384800000,144,10,0
1784866800,1.1384800000,1.1385500000,1.1384100000,1.1385300000,163,10,0
1784867100,1.1385300000,1.1385300000,1.1381400000,1.1381500000,169,10,0
1784867400,1.1381300000,1.1384100000,1.1381200000,1.1383900000,221,10,0
1784867700,1.1384000000,1.1385400000,1.1383600000,1.1384100000,159,10,0
1784868000,1.1384200000,1.1385800000,1.1384100000,1.1385600000,214,10,0
1784868300,1.1385400000,1.1386800000,1.1385300000,1.1386500000,113,10,0
1784868600,1.1386500000,1.1386600000,1.1384800000,1.1385900000,127,10,0
1784868900,1.1385900000,1.1386000000,1.1383000000,1.1383400000,146,10,0
1784869200,1.1383500000,1.1384400000,1.1382600000,1.1383600000,125,10,0
1784869500,1.1383600000,1.1383800000,1.1382400000,1.1382900000,91,10,0
1784869800,1.1382800000,1.1384300000,1.1382500000,1.1384200000,124,10,0
1784870100,1.1384300000,1.1384600000,1.1382900000,1.1383800000,79,10,0
1784870400,1.1383700000,1.1385100000,1.1383300000,1.1383500000,95,10,0
1784870700,1.1383500000,1.1384300000,1.1383200000,1.1383900000,93,10,0
1784871000,1.1383900000,1.1387000000,1.1383700000,1.1386100000,117,10,0
1784871300,1.1386100000,1.1386100000,1.1384400000,1.1384600000,59,10,0
1784871600,1.1384700000,1.1385000000,1.1383900000,1.1384300000,60,10,0
1784871900,1.1384200000,1.1384600000,1.1381400000,1.1381700000,146,10,0
1784872200,1.1381800000,1.1383000000,1.1381300000,1.1381400000,167,10,0
1784872500,1.1381400000,1.1382300000,1.1380200000,1.1380300000,135,10,0
1784872800,1.1380300000,1.1380900000,1.1379600000,1.1379800000,89,10,0
1784873100,1.1379800000,1.1380200000,1.1378700000,1.1378800000,71,10,0
1784873400,1.1378800000,1.1378800000,1.1377300000,1.1377900000,101,10,0
1784873700,1.1377900000,1.1378900000,1.1377800000,1.1377800000,80,10,0
1784874000,1.1377800000,1.1378500000,1.1377400000,1.1377400000,104,10,0
1784874300,1.1377500000,1.1378900000,1.1377400000,1.1378400000,119,10,0
1784874600,1.1378900000,1.1381000000,1.1378900000,1.1381000000,119,10,0
1784874900,1.1381000000,1.1381900000,1.1380400000,1.1380800000,81,10,0
1784875200,1.1380900000,1.1381900000,1.1380800000,1.1381500000,71,10,0
1784875500,1.1381600000,1.1381600000,1.1380300000,1.1380600000,62,10,0
1784875800,1.1380500000,1.1381900000,1.1380400000,1.1381300000,61,10,0
1784876100,1.1381300000,1.1382000000,1.1380200000,1.1381900000,117,10,0
1784876400,1.1381800000,1.1382900000,1.1381600000,1.1382700000,112,10,0
1784876700,1.1382600000,1.1382900000,1.1381700000,1.1382800000,116,10,0
1784877000,1.1382800000,1.1383000000,1.1381800000,1.1382900000,58,10,0
1784877300,1.1382800000,1.1383400000,1.1382000000,1.1382400000,63,10,0
1784877600,1.1382300000,1.1382500000,1.1380700000,1.1380800000,54,10,0
1784877900,1.1380700000,1.1380800000,1.1380200000,1.1380300000,76,10,0
1784878200,1.1380300000,1.1380900000,1.1379600000,1.1379900000,52,10,0
1784878500,1.1379900000,1.1380300000,1.1379300000,1.1379900000,68,10,0
1784878800,1.1380000000,1.1380000000,1.1377200000,1.1377200000,60,10,0
1784879100,1.1377300000,1.1377900000,1.1376500000,1.1376800000,73,10,0
1784879400,1.1376600000,1.1377400000,1.1376200000,1.1376800000,99,10,0
1784879700,1.1376900000,1.1378800000,1.1376800000,1.1378600000,70,10,0
1784880000,1.1378600000,1.1379300000,1.1377700000,1.1379100000,126,10,0
1784880300,1.1379200000,1.1380200000,1.1379000000,1.1379800000,118,10,0
1784880600,1.1380000000,1.1380800000,1.1379200000,1.1379900000,115,10,0
1784880900,1.1379900000,1.1381000000,1.1379700000,1.1380800000,100,10,0
1784881200,1.1380700000,1.1381900000,1.1380700000,1.1381200000,110,10,0
1784881500,1.1381100000,1.1381900000,1.1381000000,1.1381200000,59,10,0
1784881800,1.1381300000,1.1382800000,1.1380800000,1.1381800000,139,10,0
1784882100,1.1381800000,1.1382000000,1.1380800000,1.1381200000,104,10,0
1784882400,1.1381200000,1.1381900000,1.1379900000,1.1380400000,95,10,0
1784882700,1.1380400000,1.1380900000,1.1379700000,1.1380300000,143,10,0
1784883000,1.1380400000,1.1380400000,1.1377400000,1.1377800000,139,10,0
1784883300,1.1377800000,1.1378600000,1.1376000000,1.1377300000,172,10,0
1784883600,1.1377300000,1.1379000000,1.1376700000,1.1377400000,158,10,0
1784883900,1.1377500000,1.1379100000,1.1377200000,1.1378300000,209,10,0
1784884200,1.1378400000,1.1379400000,1.1377100000,1.1379400000,179,10,0
1784884500,1.1379400000,1.1383100000,1.1379400000,1.1383000000,174,10,0
1784884800,1.1383000000,1.1385100000,1.1382900000,1.1384900000,127,10,0
1784885100,1.1384900000,1.1386000000,1.1384200000,1.1385100000,192,10,0
1784885400,1.1385000000,1.1386000000,1.1383200000,1.1385800000,177,10,0
1784885700,1.1385800000,1.1385900000,1.1384800000,1.1385300000,145,10,0
1784886000,1.1385400000,1.1385500000,1.1382900000,1.1383300000,167,10,0
1784886300,1.1383200000,1.1385100000,1.1383200000,1.1383800000,132,10,0
1784886600,1.1383900000,1.1385000000,1.1382700000,1.1383000000,193,10,0
1784886900,1.1382900000,1.1386400000,1.1382700000,1.1386300000,235,10,0
1784887200,1.1386500000,1.1388800000,1.1385800000,1.1387900000,346,10,0
1784887500,1.1387900000,1.1393100000,1.1387900000,1.1393000000,210,10,0
1784887800,1.1393000000,1.1395300000,1.1392600000,1.1393200000,205,10,0
1784888100,1.1394600000,1.1394900000,1.1389600000,1.1391800000,283,10,0
1784888400,1.1391900000,1.1396100000,1.1391800000,1.1396000000,216,10,0
1784888700,1.1395900000,1.1399000000,1.1395900000,1.1396700000,210,10,0
1784889000,1.1397100000,1.1400600000,1.1395500000,1.1396500000,317,10,0
1784889300,1.1396600000,1.1397000000,1.1390700000,1.1391300000,308,10,0
1784889600,1.1391400000,1.1393000000,1.1389400000,1.1392300000,182,10,0
1784889900,1.1392300000,1.1392300000,1.1389900000,1.1390900000,275,10,0
1784890200,1.1390900000,1.1391500000,1.1389400000,1.1391300000,185,10,0
1784890500,1.1391400000,1.1392200000,1.1388700000,1.1389400000,174,10,0
1784890800,1.1389400000,1.1390000000,1.1386700000,1.1386700000,214,10,0
1784891100,1.1386700000,1.1387300000,1.1385400000,1.1387300000,224,10,0
1784891400,1.1387400000,1.1388600000,1.1386800000,1.1387500000,170,10,0
1784891700,1.1387400000,1.1387900000,1.1384200000,1.1385400000,220,10,0
1784892000,1.1385400000,1.1386000000,1.1383200000,1.1384300000,237,10,0
1784892300,1.1384300000,1.1387600000,1.1383800000,1.1386900000,241,10,0
1784892600,1.1387200000,1.1387200000,1.1385200000,1.1385300000,200,10,0
1784892900,1.1385400000,1.1386800000,1.1384300000,1.1386200000,196,10,0
1784893200,1.1386400000,1.1387000000,1.1384900000,1.1385300000,157,10,0
1784893500,1.1385300000,1.1385700000,1.1381100000,1.1381100000,188,10,0
1784893800,1.1381000000,1.1383500000,1.1380800000,1.1383200000,231,10,0
1784894100,1.1383200000,1.1383200000,1.1381400000,1.1382900000,203,10,0
1784894400,1.1382900000,1.1384400000,1.1382100000,1.1382500000,207,10,0
1784894700,1.1382500000,1.1386100000,1.1382200000,1.1386100000,130,10,0
1784895000,1.1386100000,1.1386100000,1.1384100000,1.1384800000,124,10,0
1784895300,1.1384700000,1.1386600000,1.1383200000,1.1386300000,186,10,0
1784895600,1.1386200000,1.1386400000,1.1382900000,1.1384100000,153,10,0
1784895900,1.1384100000,1.1387200000,1.1384000000,1.1386700000,145,10,0
1784896200,1.1386600000,1.1386900000,1.1385300000,1.1385800000,164,10,0
1784896500,1.1385700000,1.1386500000,1.1384100000,1.1384500000,149,10,0
1784896800,1.1384500000,1.1386400000,1.1383100000,1.1385600000,175,10,0
1784897100,1.1385700000,1.1386600000,1.1384800000,1.1385400000,130,10,0
1784897400,1.1385500000,1.1386900000,1.1384900000,1.1386400000,180,10,0
1784897700,1.1386500000,1.1388700000,1.1386000000,1.1388700000,169,10,0
1784898000,1.1388800000,1.1390100000,1.1386900000,1.1389700000,139,10,0
1784898300,1.1389600000,1.1389600000,1.1387200000,1.1388600000,133,10,0
1784898600,1.1388700000,1.1389200000,1.1387100000,1.1387600000,88,10,0
1784898900,1.1387400000,1.1389200000,1.1387100000,1.1388800000,103,10,0
1784899200,1.1388700000,1.1391100000,1.1388200000,1.1391000000,134,10,0
1784899500,1.1391000000,1.1392500000,1.1389400000,1.1389500000,281,10,0
1784899800,1.1389400000,1.1391300000,1.1389100000,1.1390400000,145,10,0
1784900100,1.1390500000,1.1391000000,1.1389000000,1.1389100000,112,10,0
1784900400,1.1388800000,1.1389000000,1.1386400000,1.1386600000,164,10,0
1784900700,1.1386500000,1.1387500000,1.1385700000,1.1386100000,134,10,0
1784901000,1.1386300000,1.1386300000,1.1381700000,1.1381800000,176,10,0
1784901300,1.1382000000,1.1383700000,1.1380400000,1.1382500000,269,10,0
1784901600,1.1382600000,1.1384500000,1.1381000000,1.1384100000,296,10,0
1784901900,1.1384000000,1.1385100000,1.1383000000,1.1384900000,120,10,0
1784902200,1.1384800000,1.1387700000,1.1384700000,1.1387700000,106,10,0
1784902500,1.1387600000,1.1387600000,1.1385200000,1.1385300000,171,10,0
1784902800,1.1385300000,1.1385800000,1.1384100000,1.1384100000,118,10,0
1784903100,1.1384200000,1.1384700000,1.1381700000,1.1381700000,162,10,0
1784903400,1.1381700000,1.1382300000,1.1380800000,1.1381300000,157,10,0
1784903700,1.1381400000,1.1381600000,1.1379000000,1.1379200000,112,10,0
1784904000,1.1379100000,1.1379400000,1.1377800000,1.1379300000,186,10,0
1784904300,1.1379400000,1.1380700000,1.1378700000,1.1379300000,138,10,0
1784904600,1.1379300000,1.1379700000,1.1375200000,1.1376000000,171,10,0
1784904900,1.1375900000,1.1375900000,1.1370700000,1.1374300000,562,10,0
1784905200,1.1374200000,1.1376200000,1.1371300000,1.1372700000,405,10,0
1784905500,1.1372800000,1.1377500000,1.1371800000,1.1376600000,214,10,0
1784905800,1.1376800000,1.1377800000,1.1375400000,1.1377200000,158,10,0
1784906100,1.1377200000,1.1377400000,1.1375300000,1.1376300000,243,10,0
1784906400,1.1376100000,1.1376300000,1.1374300000,1.1375100000,232,10,0
1784906700,1.1375200000,1.1375300000,1.1372000000,1.1373600000,225,10,0
1784907000,1.1373600000,1.1375700000,1.1369700000,1.1369700000,286,10,0
1784907300,1.1369800000,1.1372300000,1.1369800000,1.1371500000,229,10,0
1784907600,1.1371500000,1.1371500000,1.1366900000,1.1367700000,250,10,0
1784907900,1.1367600000,1.1371200000,1.1367200000,1.1368400000,268,10,0
1784908200,1.1368400000,1.1370000000,1.1367200000,1.1369000000,218,10,0
1784908500,1.1369000000,1.1370100000,1.1367000000,1.1369200000,225,10,0
1784908800,1.1369300000,1.1370900000,1.1366600000,1.1367500000,352,10,0
1784909100,1.1367500000,1.1368000000,1.1365700000,1.1366400000,246,10,0
1784909400,1.1366500000,1.1372100000,1.1364400000,1.1369800000,346,10,0
1784909700,1.1369900000,1.1372100000,1.1368700000,1.1371700000,247,10,0
1784910000,1.1371900000,1.1373600000,1.1369900000,1.1370800000,240,10,0
1784910300,1.1371000000,1.1371600000,1.1368800000,1.1370000000,217,10,0
1784910600,1.1369900000,1.1370500000,1.1367200000,1.1368200000,297,10,0
1784910900,1.1368300000,1.1372200000,1.1367700000,1.1372100000,340,10,0
1784911200,1.1372200000,1.1373000000,1.1370900000,1.1370900000,315,10,0
1784911500,1.1370800000,1.1371500000,1.1369100000,1.1369600000,295,10,0
1784911800,1.1369600000,1.1372800000,1.1368200000,1.1372700000,348,10,0
1784912100,1.1372500000,1.1376300000,1.1371400000,1.1376200000,345,10,0
1784912400,1.1376400000,1.1378900000,1.1375600000,1.1375600000,348,10,0
1784912700,1.1375700000,1.1376200000,1.1370000000,1.1373100000,333,10,0
1784913000,1.1373000000,1.1374600000,1.1370900000,1.1371600000,332,10,0
1784913300,1.1371700000,1.1374300000,1.1371600000,1.1372400000,235,10,0
1784913600,1.1372700000,1.1375900000,1.1372200000,1.1374700000,397,10,0
1784913900,1.1374800000,1.1377900000,1.1374800000,1.1375000000,291,10,0
1784914200,1.1374900000,1.1378400000,1.1374200000,1.1378300000,236,10,0
1784914500,1.1378400000,1.1378600000,1.1375900000,1.1376000000,263,10,0
1784914800,1.1376000000,1.1377000000,1.1375300000,1.1375600000,229,10,0
1784915100,1.1375400000,1.1378300000,1.1375400000,1.1377900000,269,10,0
1784915400,1.1377900000,1.1378400000,1.1374600000,1.1376600000,427,10,0
1784915700,1.1376500000,1.1380400000,1.1376400000,1.1377700000,559,10,0
1784916000,1.1377800000,1.1379900000,1.1376600000,1.1378800000,507,10,0
1784916300,1.1378900000,1.1382900000,1.1378300000,1.1382500000,201,10,0
1784916600,1.1382400000,1.1388700000,1.1382400000,1.1386700000,598,10,0
1784916900,1.1386700000,1.1390400000,1.1384600000,1.1385300000,720,10,0
1784917200,1.1385300000,1.1386900000,1.1384600000,1.1384900000,282,10,0
1784917500,1.1384800000,1.1386400000,1.1383900000,1.1384200000,314,10,0
1784917800,1.1384300000,1.1386700000,1.1383200000,1.1384800000,298,10,0
1784918100,1.1384900000,1.1388700000,1.1384100000,1.1388400000,252,10,0
1784918400,1.1388300000,1.1388800000,1.1383500000,1.1384000000,343,10,0
1784918700,1.1384100000,1.1385800000,1.1383900000,1.1384800000,156,10,0
1784919000,1.1384900000,1.1386100000,1.1383900000,1.1384300000,200,10,0
1784919300,1.1384400000,1.1385000000,1.1382100000,1.1384100000,207,10,0
1784919600,1.1384200000,1.1384200000,1.1381100000,1.1382300000,171,10,0
1784919900,1.1382400000,1.1384800000,1.1381300000,1.1383900000,136,10,0
1784920200,1.1383800000,1.1385400000,1.1383400000,1.1384800000,152,10,0
1784920500,1.1384900000,1.1385900000,1.1384200000,1.1384900000,141,10,0
1784920800,1.1384800000,1.1385000000,1.1382300000,1.1382900000,124,10,0
1784921100,1.1382800000,1.1383000000,1.1381200000,1.1382800000,227,10,0
1784921400,1.1382800000,1.1383400000,1.1380900000,1.1382900000,268,10,0
1784921700,1.1383000000,1.1383300000,1.1379800000,1.1379900000,195,10,0
1784922000,1.1380000000,1.1380600000,1.1379100000,1.1379900000,132,10,0
1784922300,1.1379800000,1.1380100000,1.1378000000,1.1378900000,183,10,0
1784922600,1.1378800000,1.1379000000,1.1378000000,1.1378900000,94,10,0
1784922900,1.1379000000,1.1380300000,1.1377200000,1.1377200000,144,10,0
1784923200,1.1377200000,1.1377400000,1.1375900000,1.1376000000,179,10,0
1784923500,1.1375900000,1.1376200000,1.1369800000,1.1371800000,362,10,0
1784923800,1.1371800000,1.1371800000,1.1369800000,1.1370800000,275,10,0
1784924100,1.1370800000,1.1371900000,1.1369300000,1.1369300000,172,10,0
1784924400,1.1369300000,1.1369700000,1.1368100000,1.1369300000,157,10,0
1784924700,1.1369400000,1.1371300000,1.1369200000,1.1371300000,114,10,0
1784925000,1.1371400000,1.1372000000,1.1370500000,1.1370600000,116,10,0
1784925300,1.1370700000,1.1370900000,1.1368800000,1.1369200000,109,10,0
1784925600,1.1369000000,1.1369400000,1.1367800000,1.1368800000,106,10,0
1784925900,1.1368700000,1.1368900000,1.1367700000,1.1367900000,93,10,0
1784926200,1.1367800000,1.1368400000,1.1367000000,1.1368300000,79,10,0
1784926500,1.1368500000,1.1369800000,1.1368500000,1.1369000000,95,10,0
1784926800,1.1369100000,1.1369300000,1.1367300000,1.1368200000,99,10,0
1784927100,1.1368300000,1.1369700000,1.1368000000,1.1369700000,91,10,0
1784927400,1.1369800000,1.1370100000,1.1369100000,1.1369300000,62,10,0
1784927700,1.1369400000,1.1370800000,1.1369200000,1.1369300000,84,10,0
1784928000,1.1369300000,1.1369300000,1.1367300000,1.1368800000,112,10,0
1784928300,1.1368800000,1.1369300000,1.1368400000,1.1368600000,86,10,0
1784928600,1.1368700000,1.1369300000,1.1367200000,1.1367200000,120,10,0
1784928900,1.1367300000,1.1368700000,1.1366900000,1.1368100000,98,10,0
1784929200,1.1367900000,1.1368700000,1.1367300000,1.1368300000,84,10,0
1784929500,1.1368300000,1.1370100000,1.1368300000,1.1369000000,74,10,0
1784929800,1.1369100000,1.1369400000,1.1368800000,1.1368900000,93,10,0
1784930100,1.1369000000,1.1369800000,1.1368900000,1.1369500000,91,10,0
1784930400,1.1369600000,1.1370500000,1.1369300000,1.1369800000,171,10,0
1784930700,1.1369700000,1.1370400000,1.1369300000,1.1369800000,133,10,0
1784931000,1.1369800000,1.1370800000,1.1369700000,1.1369900000,87,10,0
1784931300,1.1370000000,1.1370100000,1.1369300000,1.1369700000,98,10,0
1784931600,1.1369800000,1.1370200000,1.1368200000,1.1368400000,67,10,0
1784931900,1.1368400000,1.1368500000,1.1367500000,1.1368000000,70,10,0
1784932200,1.1368000000,1.1369500000,1.1367600000,1.1368700000,152,10,0
1784932500,1.1368600000,1.1371700000,1.1368400000,1.1371100000,261,10,0
1784932800,1.1371200000,1.1371700000,1.1370600000,1.1370800000,91,10,0
1784933100,1.1370800000,1.1371100000,1.1369800000,1.1370600000,104,10,0
1784933400,1.1370800000,1.1370800000,1.1369700000,1.1370100000,93,10,0
1784933700,1.1370200000,1.1370500000,1.1369500000,1.1369500000,90,10,0
1784934000,1.1369500000,1.1370200000,1.1369500000,1.1369900000,73,10,0
1784934300,1.1369800000,1.1369900000,1.1369300000,1.1369500000,49,10,0
1784934600,1.1369500000,1.1369600000,1.1369200000,1.1369300000,24,10,0
1784934900,1.1369200000,1.1369200000,1.1368300000,1.1368400000,22,10,0
1784935200,1.1368400000,1.1368600000,1.1368200000,1.1368500000,28,10,0
1784935500,1.1368500000,1.1368500000,1.1367500000,1.1368000000,31,10,0
1784935800,1.1367900000,1.1368100000,1.1367000000,1.1367100000,23,10,0
1784936100,1.1367000000,1.1367600000,1.1367000000,1.1367000000,35,10,0
1784936400,1.1367000000,1.1368700000,1.1366900000,1.1368200000,44,10,0
1784936700,1.1368100000,1.1370100000,1.1368100000,1.1369700000,84,10,0
1784937000,1.1369800000,1.1370500000,1.1369200000,1.1369500000,332,10,0
1784937300,1.1369500000,1.1370500000,1.1369300000,1.1370100000,83,11,0
1785110400,1.1388900000,1.1391900000,1.1388300000,1.1390200000,33,77,0
1785110700,1.1387700000,1.1390200000,1.1387200000,1.1390200000,49,38,0
1785111000,1.1389000000,1.1391900000,1.1387700000,1.1391400000,69,28,0
1785111300,1.1390900000,1.1395300000,1.1390400000,1.1391500000,61,44,0
1785111600,1.1391500000,1.1393000000,1.1390600000,1.1391200000,54,60,0
1785111900,1.1391200000,1.1391200000,1.1389900000,1.1389900000,16,69,0
1785112200,1.1389800000,1.1389800000,1.1387200000,1.1389400000,31,79,0
1785112500,1.1389200000,1.1391300000,1.1389200000,1.1391000000,18,75,0
1785112800,1.1392400000,1.1393600000,1.1390500000,1.1390700000,24,58,0
1785113100,1.1390900000,1.1395100000,1.1390600000,1.1391700000,29,47,0
1785113400,1.1391400000,1.1391400000,1.1387100000,1.1388900000,36,82,0
1785113700,1.1388900000,1.1389500000,1.1385400000,1.1388000000,42,46,0
1785114000,1.1388000000,1.1399500000,1.1387000000,1.1397300000,312,10,0
1785114300,1.1397500000,1.1399400000,1.1395000000,1.1395200000,187,10,0
1785114600,1.1395000000,1.1396100000,1.1391500000,1.1392800000,199,10,0
1785114900,1.1392500000,1.1393300000,1.1391400000,1.1392900000,162,10,0
1785115200,1.1392800000,1.1393600000,1.1390600000,1.1390900000,111,10,0
1785115500,1.1391000000,1.1391400000,1.1390100000,1.1391100000,120,10,0
1785115800,1.1391100000,1.1391300000,1.1390000000,1.1390700000,88,10,0
1785116100,1.1390700000,1.1391200000,1.1390200000,1.1390700000,70,10,0
1785116400,1.1390700000,1.1391500000,1.1390200000,1.1391400000,59,10,0
1785116700,1.1391300000,1.1391400000,1.1389400000,1.1389800000,80,10,0
1785117000,1.1389800000,1.1390800000,1.1389800000,1.1389900000,58,10,0
1785117300,1.1389900000,1.1389900000,1.1387500000,1.1388800000,64,10,0
1785117600,1.1388900000,1.1389900000,1.1388500000,1.1389100000,94,10,0
1785117900,1.1389500000,1.1390600000,1.1389500000,1.1390000000,42,10,0
1785118200,1.1390100000,1.1390100000,1.1388500000,1.1388500000,54,10,0
1785118500,1.1388600000,1.1389400000,1.1388200000,1.1388500000,56,10,0
1785118800,1.1388500000,1.1389100000,1.1388000000,1.1388000000,48,10,0
1785119100,1.1388100000,1.1389000000,1.1388000000,1.1388600000,47,10,0
1785119400,1.1388700000,1.1390200000,1.1388600000,1.1390100000,61,10,0
1785119700,1.1390100000,1.1391300000,1.1390100000,1.1390700000,38,10,0
1785120000,1.1390600000,1.1392500000,1.1390600000,1.1392000000,83,10,0
1785120300,1.1391900000,1.1392600000,1.1391200000,1.1392200000,118,10,0
1785120600,1.1392100000,1.1392100000,1.1390800000,1.1391100000,77,10,0
1785120900,1.1391200000,1.1394700000,1.1391200000,1.1394000000,98,10,0
1785121200,1.1394200000,1.1397800000,1.1394200000,1.1397100000,405,10,0
1785121500,1.1397200000,1.1398200000,1.1395900000,1.1397800000,279,10,0
1785121800,1.1398000000,1.1403100000,1.1397500000,1.1403000000,332,10,0
1785122100,1.1402900000,1.1403900000,1.1400700000,1.1403300000,227,10,0
1785122400,1.1403300000,1.1407200000,1.1402300000,1.1406600000,221,10,0
1785122700,1.1406800000,1.1411800000,1.1406500000,1.1410500000,248,10,0
1785123000,1.1410400000,1.1412500000,1.1409400000,1.1410700000,390,10,0
1785123300,1.1410600000,1.1410800000,1.1404200000,1.1404700000,237,10,0
1785123600,1.1404700000,1.1405900000,1.1403700000,1.1404000000,199,10,0
1785123900,1.1404000000,1.1405000000,1.1403100000,1.1403500000,226,10,0
1785124200,1.1403500000,1.1403500000,1.1400000000,1.1400000000,221,10,0
1785124500,1.1400100000,1.1401700000,1.1400100000,1.1401100000,167,10,0
1785124800,1.1401200000,1.1405500000,1.1401200000,1.1403200000,307,10,0
1785125100,1.1403300000,1.1406800000,1.1403200000,1.1405600000,221,10,0
1785125400,1.1405700000,1.1406500000,1.1404700000,1.1404700000,203,10,0
1785125700,1.1404700000,1.1406300000,1.1404500000,1.1405800000,190,10,0
1785126000,1.1405900000,1.1407200000,1.1404300000,1.1404900000,208,10,0
1785126300,1.1404900000,1.1405800000,1.1404300000,1.1405700000,141,10,0
1785126600,1.1405800000,1.1408300000,1.1405800000,1.1406000000,188,10,0
1785126900,1.1405900000,1.1405900000,1.1403000000,1.1404100000,153,10,0
1785127200,1.1404000000,1.1407200000,1.1404000000,1.1407100000,156,10,0
1785127500,1.1407100000,1.1409600000,1.1407100000,1.1409600000,212,10,0
1785127800,1.1409500000,1.1409800000,1.1407200000,1.1408100000,129,10,0
1785128100,1.1408200000,1.1413900000,1.1408100000,1.1413800000,183,10,0
1785128400,1.1413900000,1.1413900000,1.1411300000,1.1411600000,266,10,0
1785128700,1.1411700000,1.1412600000,1.1410400000,1.1410700000,208,10,0
1785129000,1.1410500000,1.1411400000,1.1409300000,1.1409700000,165,10,0
1785129300,1.1409800000,1.1410200000,1.1407000000,1.1407500000,159,10,0
1785129600,1.1407800000,1.1408600000,1.1407100000,1.1408500000,49,10,0
1785129900,1.1408600000,1.1410400000,1.1408600000,1.1409800000,62,10,0
1785130200,1.1409700000,1.1409700000,1.1407600000,1.1409300000,107,10,0
1785130500,1.1409400000,1.1410100000,1.1407200000,1.1407300000,124,10,0
1785130800,1.1407400000,1.1408600000,1.1407400000,1.1408200000,106,10,0
1785131100,1.1408100000,1.1408400000,1.1406600000,1.1407100000,104,10,0
1785131400,1.1407100000,1.1408100000,1.1406600000,1.1407700000,89,10,0
1785131700,1.1407600000,1.1407600000,1.1405000000,1.1405100000,154,10,0
1785132000,1.1405000000,1.1406600000,1.1404000000,1.1404500000,159,10,0
1785132300,1.1404600000,1.1405100000,1.1403600000,1.1403900000,111,10,0
1785132600,1.1403900000,1.1404000000,1.1402500000,1.1403000000,76,10,0
1785132900,1.1402900000,1.1404200000,1.1402400000,1.1403600000,77,10,0
1785133200,1.1403500000,1.1403600000,1.1402600000,1.1403200000,84,10,0
1785133500,1.1403300000,1.1404100000,1.1402900000,1.1403000000,75,10,0
1785133800,1.1402900000,1.1402900000,1.1400700000,1.1401500000,150,10,0
1785134100,1.1401500000,1.1402500000,1.1401400000,1.1402200000,74,10,0
1785134400,1.1402100000,1.1403400000,1.1401900000,1.1402800000,94,10,0
1785134700,1.1402800000,1.1403700000,1.1402700000,1.1403200000,114,10,0
1785135000,1.1403300000,1.1404200000,1.1403100000,1.1403100000,63,10,0
1785135300,1.1403100000,1.1403700000,1.1402600000,1.1403000000,55,10,0
1785135600,1.1403000000,1.1404200000,1.1402600000,1.1403500000,83,10,0
1785135900,1.1403500000,1.1404100000,1.1403200000,1.1403300000,54,10,0
1785136200,1.1403200000,1.1404000000,1.1402600000,1.1404000000,65,10,0
1785136500,1.1403900000,1.1404600000,1.1403300000,1.1404500000,50,10,0
1785136800,1.1404600000,1.1404600000,1.1402600000,1.1402800000,44,10,0
1785137100,1.1402800000,1.1402900000,1.1402000000,1.1402600000,47,10,0
1785137400,1.1402600000,1.1403100000,1.1402500000,1.1403000000,39,10,0
1785137700,1.1403100000,1.1403100000,1.1402500000,1.1403100000,24,10,0
1785138000,1.1403000000,1.1404300000,1.1402600000,1.1402800000,63,10,0
1785138300,1.1402700000,1.1403200000,1.1402600000,1.1402600000,57,10,0
1785138600,1.1402700000,1.1402700000,1.1401500000,1.1402000000,43,10,0
1785138900,1.1402000000,1.1403900000,1.1401900000,1.1403100000,71,10,0
1785139200,1.1403100000,1.1403200000,1.1402000000,1.1402600000,94,10,0
1785139500,1.1402700000,1.1404200000,1.1402200000,1.1404200000,53,10,0
1785139800,1.1404100000,1.1406600000,1.1403600000,1.1406600000,122,10,0
1785140100,1.1406600000,1.1407000000,1.1406000000,1.1406300000,70,10,0
1785140400,1.1406300000,1.1406400000,1.1404900000,1.1405000000,61,10,0
1785140700,1.1404900000,1.1405700000,1.1404100000,1.1405600000,103,10,0
1785141000,1.1405700000,1.1406400000,1.1403100000,1.1403600000,121,10,0
1785141300,1.1403500000,1.1404700000,1.1403200000,1.1404100000,84,10,0
1785141600,1.1404200000,1.1404800000,1.1403600000,1.1404200000,75,10,0
1785141900,1.1404200000,1.1405000000,1.1403100000,1.1404300000,63,10,0
1785142200,1.1404300000,1.1406600000,1.1404200000,1.1406400000,67,10,0
1785142500,1.1406500000,1.1406700000,1.1405300000,1.1405700000,107,10,0
1785142800,1.1405600000,1.1410800000,1.1405100000,1.1410200000,269,10,0
1785143100,1.1409900000,1.1410300000,1.1408200000,1.1409700000,182,10,0
1785143400,1.1409600000,1.1413300000,1.1409600000,1.1411700000,172,10,0
1785143700,1.1411800000,1.1412300000,1.1408000000,1.1408000000,204,10,0
1785144000,1.1408100000,1.1410500000,1.1406900000,1.1410400000,219,10,0
1785144300,1.1410300000,1.1413000000,1.1410100000,1.1412400000,182,10,0
1785144600,1.1412400000,1.1412700000,1.1409000000,1.1411800000,240,10,0
1785144900,1.1411500000,1.1414500000,1.1410200000,1.1414400000,168,10,0
1785145200,1.1414300000,1.1417800000,1.1413300000,1.1414700000,276,10,0
1785145500,1.1414600000,1.1414600000,1.1410100000,1.1410200000,179,10,0
1785145800,1.1410100000,1.1410500000,1.1408200000,1.1408400000,186,10,0
1785146100,1.1408300000,1.1409400000,1.1406700000,1.1407600000,252,10,0
1785146400,1.1407500000,1.1409300000,1.1404100000,1.1405800000,311,10,0
1785146700,1.1405700000,1.1407400000,1.1405100000,1.1405700000,227,10,0
1785147000,1.1405700000,1.1409400000,1.1404400000,1.1409400000,220,10,0
1785147300,1.1409600000,1.1409600000,1.1405300000,1.1406600000,279,10,0
1785147600,1.1406500000,1.1409300000,1.1405200000,1.1406800000,321,10,0
1785147900,1.1406700000,1.1408400000,1.1405700000,1.1406600000,252,10,0
1785148200,1.1406500000,1.1406500000,1.1403000000,1.1404800000,305,10,0
1785148500,1.1405100000,1.1406400000,1.1402000000,1.1402500000,278,10,0
1785148800,1.1402400000,1.1404300000,1.1400700000,1.1402100000,262,10,0
1785149100,1.1402100000,1.1402600000,1.1400000000,1.1400200000,300,10,0
1785149400,1.1400300000,1.1401900000,1.1399200000,1.1401700000,240,10,0
1785149700,1.1401800000,1.1402100000,1.1395500000,1.1395800000,265,10,0
1785150000,1.1395700000,1.1398100000,1.1395100000,1.1396100000,326,10,0
1785150300,1.1395900000,1.1399000000,1.1395100000,1.1395400000,295,10,0
1785150600,1.1395400000,1.1397100000,1.1394900000,1.1395900000,226,10,0
1785150900,1.1395700000,1.1396800000,1.1394600000,1.1396200000,178,10,0
1785151200,1.1396300000,1.1396800000,1.1394200000,1.1396000000,221,10,0
1785151500,1.1396100000,1.1396400000,1.1394500000,1.1395000000,208,10,0
1785151800,1.1395100000,1.1396400000,1.1395100000,1.1395500000,188,10,0
1785152100,1.1395600000,1.1399000000,1.1395600000,1.1398000000,117,10,0
1785152400,1.1398000000,1.1401000000,1.1397700000,1.1398200000,156,10,0
1785152700,1.1398300000,1.1399500000,1.1397000000,1.1397000000,136,10,0
1785153000,1.1397100000,1.1401500000,1.1396100000,1.1401400000,200,10,0
1785153300,1.1401300000,1.1402900000,1.1401300000,1.1401700000,177,10,0
1785153600,1.1401700000,1.1402900000,1.1400800000,1.1402400000,138,10,0
1785153900,1.1402400000,1.1402800000,1.1400200000,1.1400300000,121,10,0
1785154200,1.1400300000,1.1400400000,1.1397100000,1.1397400000,196,10,0
1785154500,1.1397500000,1.1398400000,1.1396000000,1.1397400000,242,10,0
1785154800,1.1397500000,1.1398600000,1.1396800000,1.1397600000,136,10,0
1785155100,1.1397700000,1.1399000000,1.1394700000,1.1394700000,155,10,0
1785155400,1.1394700000,1.1397500000,1.1394200000,1.1396600000,227,10,0
1785155700,1.1396600000,1.1397800000,1.1396000000,1.1397800000,129,10,0
1785156000,1.1397800000,1.1397900000,1.1396300000,1.1396900000,132,10,0
1785156300,1.1396800000,1.1398200000,1.1396200000,1.1396700000,108,10,0
1785156600,1.1396600000,1.1397300000,1.1395100000,1.1396700000,183,10,0
1785156900,1.1396700000,1.1397600000,1.1395500000,1.1395900000,139,10,0
1785157200,1.1395800000,1.1400800000,1.1395100000,1.1400500000,152,10,0
1785157500,1.1400400000,1.1400700000,1.1397400000,1.1397400000,165,10,0
1785157800,1.1397400000,1.1397900000,1.1392900000,1.1394800000,324,10,0
1785158100,1.1394700000,1.1398400000,1.1394700000,1.1397200000,224,10,0
1785158400,1.1397300000,1.1399500000,1.1395900000,1.1398400000,189,10,0
1785158700,1.1398100000,1.1398800000,1.1396700000,1.1397100000,160,10,0
1785159000,1.1397100000,1.1398900000,1.1396900000,1.1397800000,191,10,0
1785159300,1.1397700000,1.1398300000,1.1396100000,1.1396700000,156,10,0
1785159600,1.1396600000,1.1400900000,1.1396600000,1.1400100000,156,10,0
1785159900,1.1400200000,1.1400200000,1.1397600000,1.1398800000,189,10,0
1785160200,1.1398700000,1.1398900000,1.1396800000,1.1398800000,149,10,0
1785160500,1.1398900000,1.1399500000,1.1394100000,1.1394800000,225,10,0
1785160800,1.1394900000,1.1395500000,1.1393100000,1.1393300000,342,10,0
1785161100,1.1393300000,1.1393300000,1.1391100000,1.1392200000,155,10,0
1785161400,1.1392000000,1.1392700000,1.1391000000,1.1391100000,159,10,0
1785161700,1.1391200000,1.1393900000,1.1390800000,1.1392800000,181,10,0
1785162000,1.1392900000,1.1393200000,1.1391200000,1.1391300000,107,10,0
1785162300,1.1391300000,1.1393800000,1.1390700000,1.1390700000,180,10,0
1785162600,1.1390700000,1.1394600000,1.1390300000,1.1392600000,348,10,0
1785162900,1.1392700000,1.1394800000,1.1391700000,1.1392200000,201,10,0
1785163200,1.1392200000,1.1394700000,1.1391000000,1.1391100000,212,10,0
1785163500,1.1391200000,1.1391800000,1.1388100000,1.1389100000,192,10,0
1785163800,1.1389000000,1.1389400000,1.1387200000,1.1387600000,192,10,0
1785164100,1.1387700000,1.1387700000,1.1384600000,1.1386100000,217,10,0
1785164400,1.1386200000,1.1389300000,1.1386100000,1.1388900000,161,10,0
1785164700,1.1388800000,1.1389900000,1.1388200000,1.1388800000,151,10,0
1785165000,1.1388700000,1.1388700000,1.1383200000,1.1383700000,332,10,0
1785165300,1.1383700000,1.1385700000,1.1383700000,1.1384900000,213,10,0
1785165600,1.1385000000,1.1385200000,1.1383100000,1.1383200000,179,10,0
1785165900,1.1383200000,1.1384400000,1.1382800000,1.1382800000,97,10,0
1785166200,1.1383200000,1.1383300000,1.1380700000,1.1382800000,200,10,0
1785166500,1.1382900000,1.1383000000,1.1377000000,1.1377700000,172,10,0
1785166800,1.1378100000,1.1380400000,1.1375800000,1.1380100000,242,10,0
1785167100,1.1380200000,1.1382400000,1.1379400000,1.1380300000,220,10,0
1785167400,1.1380200000,1.1383900000,1.1379800000,1.1382800000,223,10,0
1785167700,1.1382900000,1.1385100000,1.1382600000,1.1382800000,260,10,0
1785168000,1.1382700000,1.1383200000,1.1378800000,1.1379400000,588,10,0
1785168300,1.1379300000,1.1385100000,1.1378700000,1.1384900000,315,10,0
1785168600,1.1385000000,1.1386100000,1.1383300000,1.1383300000,239,10,0
1785168900,1.1383200000,1.1383400000,1.1380800000,1.1381000000,223,10,0
1785169200,1.1381100000,1.1381800000,1.1379200000,1.1379300000,208,10,0
1785169500,1.1379200000,1.1379900000,1.1376900000,1.1378800000,295,10,0
1785169800,1.1379300000,1.1383000000,1.1378200000,1.1379500000,542,10,0
1785170100,1.1379600000,1.1381000000,1.1378400000,1.1379900000,336,10,0
1785170400,1.1379800000,1.1381100000,1.1378500000,1.1379900000,299,10,0
1785170700,1.1380000000,1.1380700000,1.1378100000,1.1379500000,280,10,0
1785171000,1.1379400000,1.1380100000,1.1375700000,1.1375800000,302,10,0
1785171300,1.1375700000,1.1376000000,1.1372000000,1.1373700000,345,10,0
1785171600,1.1373500000,1.1375400000,1.1370600000,1.1374200000,433,10,0
1785171900,1.1374200000,1.1376400000,1.1374100000,1.1374300000,316,10,0
1785172200,1.1374200000,1.1375700000,1.1373600000,1.1375600000,231,10,0
1785172500,1.1375700000,1.1375800000,1.1372200000,1.1373200000,276,10,0
1785172800,1.1373300000,1.1373900000,1.1372300000,1.1373700000,235,10,0
1785173100,1.1373800000,1.1373800000,1.1369900000,1.1369900000,316,10,0
1785173400,1.1370200000,1.1371800000,1.1369300000,1.1370100000,279,10,0
1785173700,1.1370200000,1.1373200000,1.1369300000,1.1372800000,240,10,0
1785174000,1.1372600000,1.1374000000,1.1369600000,1.1370800000,218,10,0
1785174300,1.1370900000,1.1374500000,1.1370900000,1.1372900000,266,10,0
1785174600,1.1373100000,1.1373900000,1.1368800000,1.1369200000,257,10,0
1785174900,1.1369300000,1.1372400000,1.1368400000,1.1371800000,328,10,0
1785175200,1.1371900000,1.1372900000,1.1370100000,1.1372600000,393,10,0
1785175500,1.1372500000,1.1372800000,1.1370000000,1.1370000000,239,10,0
1785175800,1.1370100000,1.1370900000,1.1367900000,1.1370900000,226,10,0
1785176100,1.1370800000,1.1373200000,1.1370700000,1.1372800000,226,10,0
1785176400,1.1373000000,1.1375300000,1.1372600000,1.1374700000,262,10,0
1785176700,1.1374600000,1.1376200000,1.1373300000,1.1375900000,200,10,0
1785177000,1.1375900000,1.1375900000,1.1373100000,1.1373600000,316,10,0
1785177300,1.1373700000,1.1375900000,1.1373400000,1.1374900000,237,10,0
1785177600,1.1374800000,1.1375400000,1.1373900000,1.1374800000,214,10,0
1785177900,1.1374700000,1.1374900000,1.1373100000,1.1373700000,230,10,0
1785178200,1.1373800000,1.1377300000,1.1373700000,1.1375800000,205,10,0
1785178500,1.1375700000,1.1377800000,1.1374600000,1.1374600000,204,10,0
1785178800,1.1374500000,1.1376600000,1.1373000000,1.1375900000,309,10,0
1785179100,1.1376100000,1.1376300000,1.1374500000,1.1375700000,229,10,0
1785179400,1.1375700000,1.1376900000,1.1375200000,1.1375800000,91,10,0
1785179700,1.1375900000,1.1380100000,1.1375600000,1.1379600000,242,10,0
1785180000,1.1379500000,1.1381700000,1.1379500000,1.1381100000,220,10,0
1785180300,1.1381000000,1.1383300000,1.1380500000,1.1381900000,479,10,0
1785180600,1.1381800000,1.1384200000,1.1381200000,1.1384200000,200,10,0
1785180900,1.1384100000,1.1384700000,1.1382900000,1.1383600000,223,10,0
1785181200,1.1383300000,1.1384400000,1.1381800000,1.1382100000,148,10,0
1785181500,1.1382000000,1.1382100000,1.1379600000,1.1379600000,141,10,0
1785181800,1.1379700000,1.1380500000,1.1379000000,1.1379600000,116,10,0
1785182100,1.1379600000,1.1379700000,1.1378100000,1.1379200000,139,10,0
1785182400,1.1379100000,1.1379100000,1.1371900000,1.1372800000,268,10,0
1785182700,1.1372700000,1.1375400000,1.1371900000,1.1373800000,351,10,0
1785183000,1.1373700000,1.1375200000,1.1372900000,1.1372900000,356,10,0
1785183300,1.1373000000,1.1373100000,1.1370700000,1.1371100000,123,10,0
1785183600,1.1371000000,1.1371800000,1.1370000000,1.1370200000,163,10,0
1785183900,1.1370100000,1.1370700000,1.1369000000,1.1369700000,144,10,0
1785184200,1.1369600000,1.1372400000,1.1368700000,1.1371200000,150,10,0
1785184500,1.1371300000,1.1371300000,1.1369000000,1.1369000000,105,10,0
1785184800,1.1369000000,1.1369600000,1.1368300000,1.1368900000,74,10,0
1785185100,1.1368800000,1.1369700000,1.1368200000,1.1369600000,93,10,0
1785185400,1.1369500000,1.1371700000,1.1369500000,1.1371700000,105,10,0
1785185700,1.1371800000,1.1372400000,1.1371100000,1.1371800000,100,10,0
1785186000,1.1371800000,1.1372500000,1.1370700000,1.1372200000,97,10,0
1785186300,1.1372200000,1.1373200000,1.1372100000,1.1372700000,91,10,0
1785186600,1.1372800000,1.1372800000,1.1371700000,1.1372300000,68,10,0
1785186900,1.1372300000,1.1372300000,1.1370800000,1.1371200000,142,10,0
1785187200,1.1371200000,1.1371200000,1.1369200000,1.1369800000,82,10,0
1785187500,1.1369800000,1.1370000000,1.1368800000,1.1369900000,92,10,0
1785187800,1.1370000000,1.1370900000,1.1369000000,1.1369100000,133,10,0
1785188100,1.1369100000,1.1369900000,1.1368500000,1.1368500000,87,10,0
1785188400,1.1368400000,1.1372200000,1.1367700000,1.1369400000,260,10,0
1785188700,1.1369400000,1.1369900000,1.1367800000,1.1367800000,192,10,0
1785189000,1.1367800000,1.1368800000,1.1367500000,1.1368500000,140,10,0
1785189300,1.1368400000,1.1369400000,1.1366900000,1.1367900000,228,10,0
1785189600,1.1368000000,1.1369400000,1.1367300000,1.1367400000,146,10,0
1785189900,1.1367300000,1.1368400000,1.1367300000,1.1367900000,94,10,0
1785190200,1.1367900000,1.1368900000,1.1366800000,1.1367100000,111,10,0
1785190500,1.1367200000,1.1367900000,1.1366800000,1.1367500000,149,10,0
1785190800,1.1367500000,1.1368900000,1.1367500000,1.1368700000,97,10,0
1785191100,1.1368700000,1.1370100000,1.1368500000,1.1370000000,80,10,0
1785191400,1.1370000000,1.1371400000,1.1369900000,1.1370800000,103,10,0
1785191700,1.1370800000,1.1372300000,1.1370500000,1.1372300000,82,10,0
1785192000,1.1372100000,1.1372800000,1.1371000000,1.1371800000,102,10,0
1785192300,1.1372200000,1.1372400000,1.1369800000,1.1369900000,96,10,0
1785192600,1.1370100000,1.1370600000,1.1369800000,1.1370200000,71,10,0
1785192900,1.1370100000,1.1370400000,1.1369400000,1.1369400000,93,10,0
1785193200,1.1369400000,1.1370900000,1.1369300000,1.1370000000,83,10,0
1785193500,1.1370000000,1.1370800000,1.1369800000,1.1370800000,35,10,0
1785193800,1.1370700000,1.1371600000,1.1370600000,1.1371500000,38,10,0
1785194100,1.1371500000,1.1371700000,1.1370400000,1.1370400000,29,10,0
1785194400,1.1370500000,1.1370500000,1.1369900000,1.1370300000,14,10,0
1785194700,1.1370300000,1.1370900000,1.1370100000,1.1370100000,27,10,0
1785195000,1.1370100000,1.1370100000,1.1367400000,1.1367700000,49,10,0
1785195300,1.1367600000,1.1367800000,1.1367300000,1.1367600000,18,10,0
1785195600,1.1367600000,1.1367900000,1.1366500000,1.1366800000,37,10,0
1785195900,1.1366800000,1.1367100000,1.1366600000,1.1366900000,27,10,0
1785196200,1.1367000000,1.1367400000,1.1366900000,1.1367400000,12,10,0
1785196500,1.1367300000,1.1367600000,1.1364800000,1.1364800000,92,10,0
1785196800,1.1364800000,1.1370800000,1.1364800000,1.1366800000,28,24,0
1785197100,1.1366700000,1.1369600000,1.1366500000,1.1368900000,39,39,0
1785197400,1.1368500000,1.1370800000,1.1367800000,1.1370300000,90,42,0
1785197700,1.1370300000,1.1371100000,1.1370200000,1.1370600000,106,66,0
1785198000,1.1370300000,1.1370300000,1.1367500000,1.1369300000,9,85,0
1785198300,1.1368600000,1.1369100000,1.1368600000,1.1369100000,13,94,0
1785198600,1.1369000000,1.1369000000,1.1367500000,1.1367500000,122,96,0
1785198900,1.1367400000,1.1368600000,1.1366600000,1.1367400000,175,95,0
1785199200,1.1367400000,1.1368500000,1.1366800000,1.1367700000,221,78,0
1785199500,1.1367900000,1.1370200000,1.1367800000,1.1368100000,60,51,0
1785199800,1.1368200000,1.1368400000,1.1368000000,1.1368300000,29,76,0
1785200100,1.1368300000,1.1368500000,1.1367600000,1.1368200000,140,76,0
1785200400,1.1368200000,1.1369400000,1.1366800000,1.1369400000,134,21,0
1785200700,1.1369500000,1.1370900000,1.1369400000,1.1369900000,201,11,0
1785201000,1.1369800000,1.1369800000,1.1368300000,1.1369400000,65,11,0
1785201300,1.1369000000,1.1370600000,1.1369000000,1.1370300000,43,11,0
1785201600,1.1370300000,1.1370400000,1.1368600000,1.1368700000,63,10,0
1785201900,1.1368800000,1.1368900000,1.1368600000,1.1368800000,30,11,0
1785202200,1.1368400000,1.1369100000,1.1368400000,1.1369000000,36,11,0
1785202500,1.1369100000,1.1370000000,1.1369000000,1.1369400000,39,10,0
1785202800,1.1369400000,1.1369400000,1.1368600000,1.1368600000,40,11,0
1785203100,1.1368700000,1.1368900000,1.1368500000,1.1368600000,42,11,0
1785203400,1.1368600000,1.1368900000,1.1368600000,1.1368800000,45,11,0
1785203700,1.1368600000,1.1368800000,1.1368200000,1.1368600000,45,11,0
1785204000,1.1368500000,1.1368900000,1.1367800000,1.1368800000,80,10,0
1785204300,1.1368800000,1.1369800000,1.1368800000,1.1369800000,49,10,0
1785204600,1.1369700000,1.1369800000,1.1369100000,1.1369300000,42,10,0
1785204900,1.1369300000,1.1369900000,1.1369300000,1.1369600000,13,11,0
1785205200,1.1369700000,1.1369700000,1.1369100000,1.1369300000,16,10,0
1785205500,1.1369300000,1.1369800000,1.1369300000,1.1369800000,31,10,0
1785205800,1.1369700000,1.1369800000,1.1368800000,1.1369300000,26,10,0
1785206100,1.1369200000,1.1369300000,1.1368300000,1.1368500000,22,10,0
1785206400,1.1368500000,1.1369400000,1.1368500000,1.1369100000,32,10,0
1785206700,1.1369200000,1.1369600000,1.1367300000,1.1367700000,41,10,0
1785207000,1.1367700000,1.1368300000,1.1367400000,1.1367500000,37,10,0
1785207300,1.1367400000,1.1368800000,1.1367400000,1.1368700000,43,10,0
1785207600,1.1368800000,1.1368900000,1.1366800000,1.1366800000,172,10,0
1785207900,1.1366700000,1.1368400000,1.1366200000,1.1368300000,178,10,0
1785208200,1.1368400000,1.1368400000,1.1367800000,1.1367900000,92,10,0
1785208500,1.1367900000,1.1370000000,1.1367600000,1.1369800000,97,10,0
1785208800,1.1369900000,1.1370900000,1.1369900000,1.1370600000,111,10,0
1785209100,1.1370600000,1.1372400000,1.1370500000,1.1371600000,137,10,0
1785209400,1.1371600000,1.1372700000,1.1371400000,1.1371800000,86,10,0
1785209700,1.1371800000,1.1373100000,1.1371400000,1.1372600000,90,10,0
1785210000,1.1372600000,1.1372600000,1.1371200000,1.1371800000,51,10,0
1785210300,1.1371700000,1.1372600000,1.1371300000,1.1372100000,77,10,0
1785210600,1.1372100000,1.1372100000,1.1369700000,1.1370100000,46,10,0
1785210900,1.1370000000,1.1374000000,1.1369700000,1.1373800000,104,10,0
1785211200,1.1373800000,1.1376800000,1.1373700000,1.1374800000,188,10,0
1785211500,1.1374900000,1.1376600000,1.1374900000,1.1376500000,113,10,0
1785211800,1.1376500000,1.1376600000,1.1374400000,1.1374700000,138,10,0
1785212100,1.1374700000,1.1374800000,1.1373200000,1.1374100000,162,10,0
1785212400,1.1374200000,1.1375200000,1.1374100000,1.1374800000,84,10,0
1785212700,1.1374800000,1.1375100000,1.1373800000,1.1374700000,104,10,0
1785213000,1.1374700000,1.1375300000,1.1374000000,1.1374600000,131,10,0
1785213300,1.1374700000,1.1375100000,1.1373900000,1.1374100000,63,10,0
1785213600,1.1374100000,1.1374400000,1.1372500000,1.1372800000,73,10,0
1785213900,1.1372800000,1.1373600000,1.1371800000,1.1372000000,88,10,0
1785214200,1.1371900000,1.1372300000,1.1370100000,1.1371600000,95,10,0
1785214500,1.1371700000,1.1372800000,1.1371700000,1.1372700000,120,10,0
1785214800,1.1372700000,1.1373000000,1.1371400000,1.1372100000,83,10,0
1785215100,1.1372100000,1.1374200000,1.1372100000,1.1373900000,89,10,0
1785215400,1.1373700000,1.1374200000,1.1373000000,1.1373500000,83,10,0
1785215700,1.1373400000,1.1373700000,1.1372900000,1.1373600000,84,10,0
1785216000,1.1373700000,1.1374800000,1.1373200000,1.1374000000,113,10,0
1785216300,1.1373900000,1.1373900000,1.1371200000,1.1371200000,99,10,0
1785216600,1.1371200000,1.1372300000,1.1370800000,1.1371300000,104,10,0
1785216900,1.1371300000,1.1371800000,1.1371100000,1.1371600000,54,10,0
1785217200,1.1371500000,1.1372700000,1.1371400000,1.1372600000,67,10,0
1785217500,1.1372600000,1.1374100000,1.1372200000,1.1374100000,80,10,0
1785217800,1.1374100000,1.1378200000,1.1374000000,1.1377900000,199,10,0
1785218100,1.1377900000,1.1378200000,1.1376600000,1.1376700000,114,10,0
1785218400,1.1376800000,1.1377300000,1.1376100000,1.1376600000,126,10,0
1785218700,1.1376600000,1.1376900000,1.1375500000,1.1375700000,115,10,0
1785219000,1.1375600000,1.1375700000,1.1374500000,1.1375100000,140,10,0
1785219300,1.1375000000,1.1376900000,1.1374800000,1.1376500000,147,10,0
1785219600,1.1376400000,1.1377400000,1.1376100000,1.1377300000,88,10,0
1785219900,1.1377300000,1.1377500000,1.1377000000,1.1377200000,38,10,0
1785220200,1.1377200000,1.1379700000,1.1377200000,1.1379300000,105,10,0
1785220500,1.1379200000,1.1379200000,1.1375800000,1.1376600000,179,10,0
1785220800,1.1376500000,1.1376700000,1.1375200000,1.1375600000,134,10,0
1785221100,1.1375400000,1.1375400000,1.1374600000,1.1374800000,78,10,0
1785221400,1.1374800000,1.1374900000,1.1373800000,1.1374400000,73,10,0
1785221700,1.1374400000,1.1374400000,1.1373300000,1.1374100000,59,10,0
1785222000,1.1374000000,1.1374000000,1.1370500000,1.1371200000,204,10,0
1785222300,1.1371300000,1.1371800000,1.1370600000,1.1371300000,64,10,0
1785222600,1.1371300000,1.1371700000,1.1370200000,1.1370200000,76,10,0
1785222900,1.1370200000,1.1371400000,1.1369700000,1.1371300000,48,10,0
1785223200,1.1371300000,1.1371300000,1.1369700000,1.1370300000,37,10,0
1785223500,1.1370200000,1.1370200000,1.1369100000,1.1370200000,63,10,0
1785223800,1.1370300000,1.1370600000,1.1369500000,1.1370400000,44,10,0
1785224100,1.1370300000,1.1370600000,1.1369500000,1.1369800000,46,10,0
1785224400,1.1369800000,1.1370400000,1.1369600000,1.1370400000,56,10,0
1785224700,1.1370500000,1.1371000000,1.1369800000,1.1369800000,83,10,0
1785225000,1.1369900000,1.1370300000,1.1367700000,1.1367900000,75,10,0
1785225300,1.1368100000,1.1368400000,1.1367600000,1.1368100000,63,10,0
1785225600,1.1368200000,1.1368300000,1.1366600000,1.1367400000,131,10,0
1785225900,1.1367400000,1.1367500000,1.1363100000,1.1363500000,234,10,0
1785226200,1.1363400000,1.1363500000,1.1361300000,1.1361700000,90,10,0
1785226500,1.1361800000,1.1362800000,1.1361300000,1.1362100000,81,10,0
1785226800,1.1362200000,1.1362800000,1.1361400000,1.1361800000,54,10,0
1785227100,1.1361900000,1.1364700000,1.1361700000,1.1364600000,99,10,0
1785227400,1.1364700000,1.1365700000,1.1364400000,1.1364400000,114,10,0
1785227700,1.1364300000,1.1364800000,1.1362600000,1.1363600000,106,10,0
1785228000,1.1363500000,1.1365700000,1.1362600000,1.1365000000,114,10,0
1785228300,1.1365000000,1.1365400000,1.1363700000,1.1363800000,71,10,0
1785228600,1.1363700000,1.1364800000,1.1363700000,1.1364400000,62,10,0
1785228900,1.1364500000,1.1365900000,1.1364300000,1.1365500000,80,10,0
1785229200,1.1365500000,1.1367400000,1.1364900000,1.1366200000,183,10,0
1785229500,1.1366300000,1.1366500000,1.1364400000,1.1365400000,146,10,0
1785229800,1.1365500000,1.1367400000,1.1365100000,1.1366400000,99,10,0
1785230100,1.1366400000,1.1367700000,1.1366300000,1.1366900000,112,10,0
1785230400,1.1366800000,1.1368500000,1.1366300000,1.1368500000,103,10,0
1785230700,1.1368800000,1.1370700000,1.1368000000,1.1370400000,162,10,0
1785231000,1.1370300000,1.1372400000,1.1369800000,1.1370200000,226,10,0
1785231300,1.1370100000,1.1370700000,1.1369300000,1.1369900000,135,10,0
1785231600,1.1369700000,1.1371100000,1.1368400000,1.1369300000,136,10,0
1785231900,1.1369300000,1.1369300000,1.1367600000,1.1367800000,97,10,0
1785232200,1.1367900000,1.1371100000,1.1367800000,1.1371000000,88,10,0
1785232500,1.1371000000,1.1371000000,1.1366900000,1.1368200000,240,10,0
1785232800,1.1368100000,1.1368800000,1.1366500000,1.1367300000,234,10,0
1785233100,1.1367400000,1.1371900000,1.1366500000,1.1371400000,185,10,0
1785233400,1.1371500000,1.1373000000,1.1370500000,1.1372600000,257,10,0
1785233700,1.1372600000,1.1373100000,1.1371300000,1.1371300000,97,10,0
1785234000,1.1371300000,1.1372300000,1.1369500000,1.1369500000,160,10,0
1785234300,1.1369400000,1.1371000000,1.1368900000,1.1369400000,136,10,0
1785234600,1.1369400000,1.1370500000,1.1369100000,1.1370100000,126,10,0
1785234900,1.1370000000,1.1371600000,1.1369200000,1.1370400000,133,10,0
1785235200,1.1370400000,1.1370800000,1.1368000000,1.1368600000,117,10,0
1785235500,1.1368700000,1.1368700000,1.1365700000,1.1366000000,111,10,0
1785235800,1.1366000000,1.1366000000,1.1362800000,1.1364600000,231,10,0
1785236100,1.1364700000,1.1365900000,1.1364100000,1.1364300000,182,10,0
1785236400,1.1364300000,1.1367800000,1.1364200000,1.1367500000,182,10,0
1785236700,1.1367400000,1.1369800000,1.1367000000,1.1369000000,181,10,0
1785237000,1.1369100000,1.1369100000,1.1366100000,1.1367600000,198,10,0
1785237300,1.1367800000,1.1370300000,1.1367800000,1.1368900000,204,10,0
1785237600,1.1368700000,1.1371800000,1.1368700000,1.1370900000,154,10,0
1785237900,1.1370800000,1.1370800000,1.1367500000,1.1369500000,159,10,0
1785238200,1.1369900000,1.1369900000,1.1367700000,1.1369000000,163,10,0
1785238500,1.1369400000,1.1371000000,1.1368900000,1.1369500000,134,10,0
1785238800,1.1369400000,1.1370900000,1.1368900000,1.1370700000,122,10,0
1785239100,1.1370800000,1.1372000000,1.1369700000,1.1371800000,151,10,0
1785239400,1.1371900000,1.1372100000,1.1370100000,1.1370600000,99,10,0
1785239700,1.1370600000,1.1372100000,1.1370500000,1.1372100000,110,10,0
1785240000,1.1372000000,1.1372600000,1.1370700000,1.1370800000,137,10,0
1785240300,1.1370900000,1.1371400000,1.1367200000,1.1368100000,154,10,0
1785240600,1.1368000000,1.1368000000,1.1365900000,1.1366400000,98,10,0
1785240900,1.1366500000,1.1367600000,1.1366400000,1.1367000000,132,10,0
1785241200,1.1367100000,1.1367500000,1.1365700000,1.1366500000,109,10,0
1785241500,1.1366400000,1.1366700000,1.1365300000,1.1365400000,91,10,0
1785241800,1.1365000000,1.1365100000,1.1362900000,1.1363900000,122,10,0
1785242100,1.1364000000,1.1364400000,1.1363200000,1.1364000000,99,10,0
1785242400,1.1363900000,1.1364700000,1.1361800000,1.1361900000,97,10,0
1785242700,1.1361900000,1.1362000000,1.1359700000,1.1360600000,97,10,0
1785243000,1.1360700000,1.1360800000,1.1357700000,1.1358900000,163,10,0
1785243300,1.1359100000,1.1359100000,1.1355400000,1.1355900000,193,10,0
1785243600,1.1355700000,1.1356300000,1.1354800000,1.1355400000,151,10,0
1785243900,1.1355400000,1.1355500000,1.1353700000,1.1353700000,198,10,0
1785244200,1.1353700000,1.1356900000,1.1352800000,1.1356200000,169,10,0
1785244500,1.1356100000,1.1356500000,1.1354300000,1.1354900000,99,10,0
1785244800,1.1355000000,1.1357000000,1.1354300000,1.1356500000,94,10,0
1785245100,1.1356600000,1.1357200000,1.1355900000,1.1355900000,137,10,0
1785245400,1.1355800000,1.1359600000,1.1355600000,1.1359500000,156,10,0
1785245700,1.1359500000,1.1360600000,1.1357400000,1.1360300000,174,10,0
1785246000,1.1360100000,1.1360500000,1.1356800000,1.1356800000,107,10,0
1785246300,1.1356800000,1.1359300000,1.1356800000,1.1358300000,89,10,0
1785246600,1.1358400000,1.1361600000,1.1358100000,1.1361500000,109,10,0
1785246900,1.1361500000,1.1362600000,1.1359800000,1.1360300000,159,10,0
1785247200,1.1360200000,1.1360800000,1.1358500000,1.1359100000,134,10,0
1785247500,1.1359100000,1.1359700000,1.1356800000,1.1356900000,121,10,0
1785247800,1.1357000000,1.1358600000,1.1356200000,1.1358000000,127,10,0
1785248100,1.1357900000,1.1362000000,1.1357900000,1.1361500000,254,10,0
1785248400,1.1361400000,1.1364000000,1.1361300000,1.1363800000,136,10,0
1785248700,1.1363800000,1.1365400000,1.1363100000,1.1364900000,176,10,0
1785249000,1.1364900000,1.1365000000,1.1362900000,1.1363500000,93,10,0
1785249300,1.1363500000,1.1366200000,1.1363500000,1.1365700000,252,10,0
1785249600,1.1365800000,1.1366100000,1.1362700000,1.1362900000,143,10,0
1785249900,1.1363000000,1.1363700000,1.1361300000,1.1361300000,138,10,0
1785250200,1.1361200000,1.1364400000,1.1360600000,1.1363700000,184,10,0
1785250500,1.1363800000,1.1367400000,1.1363400000,1.1364800000,295,10,0
1785250800,1.1364900000,1.1365600000,1.1361300000,1.1363300000,225,10,0
1785251100,1.1363400000,1.1367100000,1.1363200000,1.1366300000,159,10,0
1785251400,1.1366300000,1.1366300000,1.1363400000,1.1364700000,118,10,0
1785251700,1.1364900000,1.1365800000,1.1363800000,1.1364700000,163,10,0
1785252000,1.1364600000,1.1365400000,1.1363200000,1.1363300000,189,10,0
1785252300,1.1363300000,1.1363400000,1.1361800000,1.1362200000,206,10,0
1785252600,1.1362300000,1.1362700000,1.1360200000,1.1362000000,148,10,0
1785252900,1.1362100000,1.1363700000,1.1361000000,1.1362400000,199,10,0
1785253200,1.1362300000,1.1364700000,1.1361300000,1.1364100000,168,10,0
1785253500,1.1364100000,1.1366900000,1.1364100000,1.1366900000,178,10,0
1785253800,1.1367300000,1.1368000000,1.1364400000,1.1364900000,206,10,0
1785254100,1.1365000000,1.1366800000,1.1364900000,1.1365300000,156,10,0
1785254400,1.1365400000,1.1368500000,1.1365300000,1.1367400000,205,10,0
1785254700,1.1367300000,1.1369200000,1.1366900000,1.1369100000,150,10,0
1785255000,1.1369100000,1.1370200000,1.1366200000,1.1366400000,191,10,0
1785255300,1.1366500000,1.1368000000,1.1365800000,1.1367900000,168,10,0
1785255600,1.1368000000,1.1370200000,1.1367300000,1.1367800000,143,10,0
1785255900,1.1367800000,1.1368100000,1.1366500000,1.1367000000,133,10,0
1785256200,1.1366900000,1.1369900000,1.1366800000,1.1368900000,269,10,0
1785256500,1.1369000000,1.1369900000,1.1366900000,1.1368000000,194,10,0
1785256800,1.1367900000,1.1370300000,1.1367900000,1.1368700000,249,10,0
1785257100,1.1368800000,1.1373600000,1.1367700000,1.1372600000,318,10,0
1785257400,1.1372600000,1.1373500000,1.1371000000,1.1372400000,339,10,0
1785257700,1.1372300000,1.1372300000,1.1369800000,1.1371800000,240,10,0
1785258000,1.1371900000,1.1373700000,1.1370800000,1.1373500000,282,10,0
1785258300,1.1373400000,1.1375100000,1.1371300000,1.1374200000,326,10,0
1785258600,1.1374400000,1.1375400000,1.1372700000,1.1373400000,222,10,0
1785258900,1.1373400000,1.1373400000,1.1371000000,1.1371700000,222,10,0
1785259200,1.1371700000,1.1374300000,1.1371600000,1.1374000000,155,10,0
1785259500,1.1373900000,1.1377700000,1.1373900000,1.1377600000,249,10,0
1785259800,1.1377500000,1.1378500000,1.1376400000,1.1376600000,211,10,0
1785260100,1.1376500000,1.1377200000,1.1375400000,1.1376700000,202,10,0
1785260400,1.1376800000,1.1379300000,1.1376600000,1.1378500000,182,10,0
1785260700,1.1378400000,1.1378400000,1.1375700000,1.1377000000,211,10,0
1785261000,1.1377100000,1.1382800000,1.1376800000,1.1382500000,397,10,0
1785261300,1.1382400000,1.1386000000,1.1382200000,1.1385300000,632,10,0
1785261600,1.1385400000,1.1386900000,1.1383600000,1.1383900000,397,10,0
1785261900,1.1383900000,1.1387600000,1.1383500000,1.1386900000,245,10,0
1785262200,1.1386900000,1.1395500000,1.1386400000,1.1394000000,779,10,0
1785262500,1.1394400000,1.1395500000,1.1392200000,1.1395500000,630,10,0
1785262800,1.1395400000,1.1398800000,1.1394400000,1.1394500000,511,10,0
1785263100,1.1394600000,1.1397700000,1.1393700000,1.1395500000,396,10,0
1785263400,1.1395400000,1.1397800000,1.1393800000,1.1396400000,460,10,0
1785263700,1.1396500000,1.1397900000,1.1394800000,1.1395300000,301,10,0
1785264000,1.1395500000,1.1401700000,1.1395400000,1.1401000000,332,10,0
1785264300,1.1400900000,1.1401000000,1.1398300000,1.1398700000,219,10,0
1785264600,1.1398800000,1.1399700000,1.1395900000,1.1399000000,256,10,0
1785264900,1.1398900000,1.1400200000,1.1398100000,1.1400000000,247,10,0
1785265200,1.1400100000,1.1402000000,1.1399500000,1.1400400000,302,10,0
1785265500,1.1400300000,1.1401500000,1.1398200000,1.1401400000,249,10,0
1785265800,1.1401200000,1.1402700000,1.1399700000,1.1401900000,228,10,0
1785266100,1.1402000000,1.1403600000,1.1401900000,1.1403000000,150,10,0
1785266400,1.1403000000,1.1403700000,1.1401200000,1.1402900000,165,10,0
1785266700,1.1403000000,1.1404800000,1.1403000000,1.1404500000,119,10,0
1785267000,1.1404500000,1.1404600000,1.1401800000,1.1403800000,221,10,0
1785267300,1.1403900000,1.1404000000,1.1401500000,1.1401600000,157,10,0
1785267600,1.1401800000,1.1401800000,1.1399800000,1.1399800000,179,10,0
1785267900,1.1399800000,1.1400300000,1.1396700000,1.1396700000,222,10,0
1785268200,1.1396800000,1.1398300000,1.1396700000,1.1397400000,160,10,0
1785268500,1.1397400000,1.1397800000,1.1395200000,1.1395300000,167,10,0
1785268800,1.1395500000,1.1396900000,1.1395000000,1.1396300000,172,10,0
1785269100,1.1396200000,1.1396900000,1.1394600000,1.1394700000,165,10,0
1785269400,1.1394600000,1.1394600000,1.1393000000,1.1393600000,142,10,0
1785269700,1.1393700000,1.1394600000,1.1393200000,1.1393900000,163,10,0
1785270000,1.1394100000,1.1397300000,1.1392700000,1.1392700000,279,10,0
1785270300,1.1392800000,1.1393700000,1.1392400000,1.1392700000,129,10,0
1785270600,1.1392500000,1.1393600000,1.1392000000,1.1393400000,68,10,0
1785270900,1.1393400000,1.1393500000,1.1391800000,1.1393000000,85,10,0
1785271200,1.1392900000,1.1392900000,1.1391200000,1.1391500000,146,10,0
1785271500,1.1391400000,1.1391900000,1.1390100000,1.1390700000,180,10,0
1785271800,1.1390700000,1.1390700000,1.1389700000,1.1390300000,78,10,0
1785272100,1.1390400000,1.1390700000,1.1387800000,1.1388700000,208,10,0
1785272400,1.1388700000,1.1390300000,1.1388200000,1.1388600000,226,10,0
1785272700,1.1388500000,1.1389300000,1.1388000000,1.1389200000,76,10,0
1785273000,1.1389200000,1.1389500000,1.1387300000,1.1388800000,96,10,0
1785273300,1.1388800000,1.1391000000,1.1388800000,1.1390300000,65,10,0
1785273600,1.1390200000,1.1390300000,1.1388300000,1.1388400000,94,10,0
1785273900,1.1388300000,1.1388300000,1.1386800000,1.1387300000,87,10,0
1785274200,1.1387400000,1.1388100000,1.1387100000,1.1387200000,89,10,0
1785274500,1.1387200000,1.1388600000,1.1387200000,1.1387800000,49,10,0
1785274800,1.1387900000,1.1388300000,1.1387500000,1.1387800000,68,10,0
1785275100,1.1387600000,1.1387700000,1.1385700000,1.1386300000,80,10,0
1785275400,1.1386200000,1.1387200000,1.1386100000,1.1386200000,65,10,0
1785275700,1.1386200000,1.1387200000,1.1385800000,1.1386200000,87,10,0
1785276000,1.1386200000,1.1387900000,1.1385800000,1.1387900000,87,10,0
1785276300,1.1387800000,1.1389800000,1.1387800000,1.1388900000,104,10,0
1785276600,1.1389000000,1.1389100000,1.1387400000,1.1387700000,50,10,0
1785276900,1.1387700000,1.1389500000,1.1387400000,1.1389500000,90,10,0
1785277200,1.1389500000,1.1390300000,1.1389200000,1.1389400000,71,10,0
1785277500,1.1389500000,1.1389900000,1.1388400000,1.1388500000,65,10,0
1785277800,1.1388500000,1.1390100000,1.1388300000,1.1389600000,74,10,0
1785278100,1.1389600000,1.1389600000,1.1388400000,1.1389000000,51,10,0
1785278400,1.1389100000,1.1389500000,1.1388700000,1.1389500000,69,10,0
1785278700,1.1389600000,1.1391400000,1.1389600000,1.1391000000,100,10,0
1785279000,1.1391100000,1.1391100000,1.1389600000,1.1390700000,65,10,0
1785279300,1.1390600000,1.1390600000,1.1386700000,1.1386800000,125,10,0
1785279600,1.1386800000,1.1388000000,1.1386400000,1.1387100000,83,10,0
1785279900,1.1387200000,1.1387200000,1.1386300000,1.1387100000,52,10,0
1785280200,1.1387300000,1.1388000000,1.1387300000,1.1387900000,39,10,0
1785280500,1.1387800000,1.1388600000,1.1387300000,1.1387400000,47,10,0
1785280800,1.1387400000,1.1387400000,1.1386600000,1.1387000000,23,10,0
1785281100,1.1387000000,1.1387000000,1.1384900000,1.1385900000,88,10,0
1785281400,1.1385800000,1.1386100000,1.1385000000,1.1386100000,65,10,0
1785281700,1.1386200000,1.1386700000,1.1385000000,1.1385400000,36,10,0
1785282000,1.1385400000,1.1386800000,1.1384900000,1.1386800000,30,10,0
1785282300,1.1386800000,1.1386800000,1.1386100000,1.1386300000,18,10,0
1785282600,1.1386300000,1.1387300000,1.1386000000,1.1386300000,86,10,0
1785282900,1.1386200000,1.1386200000,1.1384200000,1.1384300000,189,10,0
1785283200,1.1387200000,1.1387400000,1.1383800000,1.1387400000,19,56,0
1785283500,1.1386900000,1.1387900000,1.1386900000,1.1387800000,7,55,0
1785283800,1.1388400000,1.1389500000,1.1388000000,1.1388000000,24,42,0
1785284100,1.1387800000,1.1389500000,1.1387400000,1.1389500000,25,40,0
1785284400,1.1389300000,1.1390700000,1.1389300000,1.1390400000,37,43,0
1785284700,1.1390400000,1.1390700000,1.1389600000,1.1389600000,13,43,0
1785285000,1.1389500000,1.1389800000,1.1389100000,1.1389100000,15,46,0
1785285300,1.1389200000,1.1390300000,1.1389000000,1.1390100000,13,35,0
1785285600,1.1390100000,1.1391600000,1.1390100000,1.1391500000,12,36,0
1785285900,1.1391700000,1.1391700000,1.1387900000,1.1390800000,46,26,0
1785286200,1.1390800000,1.1390900000,1.1389500000,1.1389600000,21,33,0
1785286500,1.1389600000,1.1389700000,1.1388200000,1.1388600000,32,32,0
1785286800,1.1388500000,1.1389400000,1.1387500000,1.1389000000,109,17,0
1785287100,1.1389100000,1.1389800000,1.1388800000,1.1389700000,92,10,0
1785287400,1.1389600000,1.1390500000,1.1387100000,1.1387300000,144,10,0
1785287700,1.1387400000,1.1387900000,1.1385700000,1.1385900000,102,10,0
1785288000,1.1385800000,1.1385900000,1.1383400000,1.1383800000,103,10,0
1785288300,1.1383900000,1.1385300000,1.1383800000,1.1384400000,102,10,0
1785288600,1.1384500000,1.1385900000,1.1384500000,1.1385900000,118,10,0
1785288900,1.1385900000,1.1385900000,1.1384100000,1.1384200000,92,10,0
1785289200,1.1384200000,1.1385200000,1.1384100000,1.1384700000,134,10,0
1785289500,1.1384600000,1.1384800000,1.1383800000,1.1384300000,76,10,0
1785289800,1.1384300000,1.1384800000,1.1383800000,1.1384600000,115,10,0
1785290100,1.1384500000,1.1384800000,1.1384300000,1.1384600000,71,11,0
1785290400,1.1384600000,1.1384700000,1.1382500000,1.1383700000,127,11,0
1785290700,1.1383600000,1.1383700000,1.1381700000,1.1381800000,78,10,0
1785291000,1.1381800000,1.1383900000,1.1381800000,1.1383700000,84,10,0
1785291300,1.1383800000,1.1384200000,1.1383500000,1.1384000000,53,10,0
1785291600,1.1383900000,1.1384800000,1.1383300000,1.1384500000,68,10,0
1785291900,1.1384500000,1.1384700000,1.1383800000,1.1384700000,44,10,0
1785292200,1.1384800000,1.1384800000,1.1384000000,1.1384200000,31,10,0
1785292500,1.1384200000,1.1384800000,1.1384200000,1.1384200000,33,10,0
1785292800,1.1384400000,1.1385900000,1.1384200000,1.1385700000,29,10,0
1785293100,1.1385600000,1.1385800000,1.1383500000,1.1385200000,90,10,0
1785293400,1.1385300000,1.1385800000,1.1384800000,1.1384800000,70,10,0
1785293700,1.1384800000,1.1385900000,1.1384700000,1.1385500000,97,10,0
1785294000,1.1385700000,1.1385900000,1.1382800000,1.1384800000,197,10,0
1785294300,1.1384800000,1.1385400000,1.1383400000,1.1383500000,100,10,0
1785294600,1.1383500000,1.1383600000,1.1382500000,1.1383200000,85,10,0
1785294900,1.1383100000,1.1386400000,1.1383100000,1.1386100000,75,10,0
1785295200,1.1386000000,1.1389200000,1.1386000000,1.1387600000,128,10,0
1785295500,1.1388100000,1.1389600000,1.1387600000,1.1388900000,131,10,0
1785295800,1.1389000000,1.1389500000,1.1388200000,1.1388600000,87,10,0
1785296100,1.1388600000,1.1388900000,1.1387700000,1.1388300000,92,10,0
1785296400,1.1388300000,1.1388500000,1.1387600000,1.1388400000,67,10,0
1785296700,1.1388200000,1.1389400000,1.1387100000,1.1387100000,104,10,0
1785297000,1.1387200000,1.1388500000,1.1386500000,1.1388400000,128,10,0
1785297300,1.1388300000,1.1390900000,1.1387400000,1.1390400000,196,10,0
1785297600,1.1390500000,1.1391200000,1.1389600000,1.1390000000,139,10,0
1785297900,1.1389900000,1.1390800000,1.1388500000,1.1388900000,129,10,0
1785298200,1.1388700000,1.1389300000,1.1387700000,1.1388000000,109,10,0
1785298500,1.1388000000,1.1390900000,1.1387500000,1.1390900000,131,10,0
1785298800,1.1391000000,1.1392100000,1.1390900000,1.1391400000,97,10,0
1785299100,1.1391400000,1.1391400000,1.1389500000,1.1389600000,104,10,0
1785299400,1.1389500000,1.1390000000,1.1385800000,1.1389800000,456,10,0
1785299700,1.1389900000,1.1390200000,1.1385200000,1.1386300000,338,10,0
1785300000,1.1386400000,1.1386500000,1.1384700000,1.1385600000,210,10,0
1785300300,1.1385800000,1.1387900000,1.1385100000,1.1387800000,192,10,0
1785300600,1.1387800000,1.1389600000,1.1387600000,1.1389100000,158,10,0
1785300900,1.1389200000,1.1391100000,1.1389200000,1.1390900000,146,10,0
1785301200,1.1390800000,1.1391200000,1.1389700000,1.1390400000,177,10,0
1785301500,1.1390300000,1.1392200000,1.1390300000,1.1392100000,155,10,0
1785301800,1.1392000000,1.1394400000,1.1392000000,1.1393000000,128,10,0
1785302100,1.1393200000,1.1393900000,1.1392000000,1.1392500000,159,10,0
1785302400,1.1392500000,1.1395000000,1.1392500000,1.1394600000,157,10,0
1785302700,1.1394600000,1.1395200000,1.1392700000,1.1393400000,144,10,0
1785303000,1.1393400000,1.1394200000,1.1393100000,1.1393900000,107,10,0
1785303300,1.1394000000,1.1395400000,1.1393900000,1.1394900000,73,10,0
1785303600,1.1395000000,1.1395000000,1.1393600000,1.1394000000,83,10,0
1785303900,1.1394000000,1.1394000000,1.1392600000,1.1392900000,70,10,0
1785304200,1.1392800000,1.1393200000,1.1392100000,1.1392100000,59,10,0
1785304500,1.1392200000,1.1395200000,1.1392200000,1.1394400000,75,10,0
1785304800,1.1394300000,1.1395300000,1.1394000000,1.1394800000,92,10,0
1785305100,1.1394700000,1.1395800000,1.1394600000,1.1395000000,96,10,0
1785305400,1.1394900000,1.1395900000,1.1394600000,1.1395000000,85,10,0
1785305700,1.1395200000,1.1397200000,1.1395100000,1.1396800000,47,10,0
1785306000,1.1396900000,1.1398700000,1.1396700000,1.1398600000,59,10,0
1785306300,1.1398700000,1.1398900000,1.1397800000,1.1398600000,102,10,0
1785306600,1.1398600000,1.1399400000,1.1398000000,1.1398800000,69,10,0
1785306900,1.1398900000,1.1399800000,1.1398300000,1.1399100000,90,10,0
1785307200,1.1399100000,1.1399400000,1.1398500000,1.1398700000,67,10,0
1785307500,1.1398700000,1.1399800000,1.1398700000,1.1399700000,88,10,0
1785307800,1.1399500000,1.1400300000,1.1398200000,1.1398600000,92,10,0
1785308100,1.1398500000,1.1398500000,1.1395800000,1.1396600000,103,10,0
1785308400,1.1396500000,1.1398000000,1.1395800000,1.1397700000,104,10,0
1785308700,1.1397500000,1.1398700000,1.1397300000,1.1398600000,74,10,0
1785309000,1.1398600000,1.1399500000,1.1397800000,1.1399200000,77,10,0
1785309300,1.1399100000,1.1401100000,1.1399100000,1.1400500000,107,10,0
1785309600,1.1400400000,1.1402000000,1.1400100000,1.1400600000,115,10,0
1785309900,1.1400500000,1.1401500000,1.1398000000,1.1398700000,91,10,0
1785310200,1.1398600000,1.1400500000,1.1397800000,1.1400200000,85,10,0
1785310500,1.1400300000,1.1401400000,1.1400100000,1.1401200000,78,10,0
1785310800,1.1401300000,1.1403000000,1.1401300000,1.1402300000,176,10,0
1785311100,1.1402200000,1.1403200000,1.1398700000,1.1398700000,183,10,0
1785311400,1.1398800000,1.1399700000,1.1398500000,1.1398600000,80,10,0
1785311700,1.1398800000,1.1401100000,1.1398500000,1.1400600000,80,10,0
1785312000,1.1400700000,1.1402100000,1.1400100000,1.1402000000,92,10,0
1785312300,1.1402200000,1.1402400000,1.1401800000,1.1401800000,55,10,0
1785312600,1.1401900000,1.1402300000,1.1401400000,1.1401900000,49,10,0
1785312900,1.1401800000,1.1402100000,1.1401200000,1.1401300000,83,10,0
1785313200,1.1401300000,1.1401500000,1.1400500000,1.1401200000,81,10,0
1785313500,1.1401300000,1.1401300000,1.1398900000,1.1399100000,99,10,0
1785313800,1.1399000000,1.1399100000,1.1397100000,1.1398000000,123,10,0
1785314100,1.1397900000,1.1398300000,1.1397500000,1.1397900000,66,10,0
1785314400,1.1398000000,1.1399700000,1.1397800000,1.1399400000,86,10,0
1785314700,1.1399500000,1.1399800000,1.1398800000,1.1399700000,68,10,0
1785315000,1.1399700000,1.1401100000,1.1398900000,1.1400500000,105,10,0
1785315300,1.1400600000,1.1401100000,1.1397100000,1.1397800000,144,10,0
1785315600,1.1397600000,1.1400300000,1.1397600000,1.1398900000,193,10,0
1785315900,1.1398800000,1.1399000000,1.1395700000,1.1396100000,235,10,0
1785316200,1.1396200000,1.1397200000,1.1394700000,1.1397100000,129,10,0
1785316500,1.1397000000,1.1398600000,1.1394700000,1.1394800000,139,10,0
1785316800,1.1394600000,1.1394600000,1.1393600000,1.1393900000,152,10,0
1785317100,1.1393900000,1.1394100000,1.1392600000,1.1393400000,129,10,0
1785317400,1.1393400000,1.1394400000,1.1392400000,1.1394000000,140,10,0
1785317700,1.1394100000,1.1394300000,1.1392600000,1.1393600000,105,10,0
1785318000,1.1393800000,1.1394400000,1.1392800000,1.1393900000,106,10,0
1785318300,1.1393700000,1.1393700000,1.1389600000,1.1390000000,136,10,0
1785318600,1.1390100000,1.1392100000,1.1389900000,1.1391800000,146,10,0
1785318900,1.1391700000,1.1392000000,1.1389500000,1.1391600000,235,10,0
1785319200,1.1391400000,1.1394400000,1.1389800000,1.1393400000,257,10,0
1785319500,1.1393400000,1.1395800000,1.1393100000,1.1395600000,158,10,0
1785319800,1.1395500000,1.1396100000,1.1392300000,1.1393300000,152,10,0
1785320100,1.1393300000,1.1395600000,1.1392900000,1.1395100000,195,10,0
1785320400,1.1395200000,1.1396500000,1.1394000000,1.1396400000,146,10,0
1785320700,1.1396400000,1.1396700000,1.1395500000,1.1396400000,95,10,0
1785321000,1.1396400000,1.1397100000,1.1395400000,1.1396900000,125,10,0
1785321300,1.1397100000,1.1400500000,1.1397100000,1.1400100000,159,10,0
1785321600,1.1400000000,1.1400000000,1.1397200000,1.1397200000,123,10,0
1785321900,1.1396800000,1.1399600000,1.1396200000,1.1399600000,174,10,0
1785322200,1.1399600000,1.1400600000,1.1399200000,1.1399500000,99,10,0
1785322500,1.1399300000,1.1399600000,1.1396200000,1.1397300000,165,10,0
1785322800,1.1397300000,1.1398400000,1.1396800000,1.1398000000,190,10,0
1785323100,1.1398000000,1.1399300000,1.1395800000,1.1395900000,189,10,0
1785323400,1.1396000000,1.1397900000,1.1394800000,1.1395400000,189,10,0
1785323700,1.1395500000,1.1397400000,1.1394800000,1.1397300000,197,10,0
1785324000,1.1397300000,1.1397300000,1.1394600000,1.1395200000,211,10,0
1785324300,1.1395100000,1.1395500000,1.1393800000,1.1395400000,183,10,0
1785324600,1.1395300000,1.1395300000,1.1392700000,1.1392800000,132,10,0
1785324900,1.1392700000,1.1394800000,1.1392700000,1.1394400000,159,10,0
1785325200,1.1394500000,1.1397400000,1.1394400000,1.1397300000,148,10,0
1785325500,1.1397000000,1.1399500000,1.1396700000,1.1399200000,116,10,0
1785325800,1.1399300000,1.1400000000,1.1397200000,1.1397500000,121,10,0
1785326100,1.1397500000,1.1397900000,1.1394900000,1.1396000000,162,10,0
1785326400,1.1395900000,1.1396000000,1.1394100000,1.1395700000,207,10,0
1785326700,1.1395700000,1.1396400000,1.1394800000,1.1396400000,185,10,0
1785327000,1.1396300000,1.1396500000,1.1395200000,1.1395500000,85,10,0
1785327300,1.1395400000,1.1396000000,1.1393800000,1.1394400000,105,10,0
1785327600,1.1394300000,1.1395100000,1.1393200000,1.1394800000,140,10,0
1785327900,1.1394700000,1.1395200000,1.1393700000,1.1394900000,104,10,0
1785328200,1.1394900000,1.1395900000,1.1393700000,1.1395700000,91,10,0
1785328500,1.1395600000,1.1395600000,1.1391900000,1.1391900000,113,10,0
1785328800,1.1391800000,1.1394400000,1.1391300000,1.1394100000,116,10,0
1785329100,1.1394200000,1.1395800000,1.1393300000,1.1395400000,170,10,0
1785329400,1.1395400000,1.1395600000,1.1393900000,1.1394500000,120,10,0
1785329700,1.1394600000,1.1395200000,1.1391200000,1.1391500000,196,10,0
1785330000,1.1391400000,1.1392200000,1.1389900000,1.1391900000,198,10,0
1785330300,1.1391700000,1.1392400000,1.1390400000,1.1391300000,177,10,0
1785330600,1.1391300000,1.1391400000,1.1390000000,1.1390700000,112,10,0
1785330900,1.1390600000,1.1391000000,1.1387100000,1.1387900000,166,10,0
1785331200,1.1387900000,1.1388900000,1.1387000000,1.1387000000,127,10,0
1785331500,1.1387100000,1.1390000000,1.1386600000,1.1389900000,119,10,0
1785331800,1.1389900000,1.1391700000,1.1388900000,1.1389000000,121,10,0
1785332100,1.1389100000,1.1389800000,1.1388300000,1.1388800000,140,10,0
1785332400,1.1388700000,1.1388700000,1.1386700000,1.1387600000,128,10,0
1785332700,1.1387600000,1.1387700000,1.1385100000,1.1385100000,140,10,0
1785333000,1.1385100000,1.1385200000,1.1383100000,1.1383100000,123,10,0
1785333300,1.1383100000,1.1385000000,1.1382800000,1.1384900000,112,10,0
1785333600,1.1385100000,1.1387300000,1.1385000000,1.1387000000,115,10,0
1785333900,1.1387000000,1.1387100000,1.1385100000,1.1385500000,129,10,0
1785334200,1.1385600000,1.1387600000,1.1385300000,1.1386400000,131,10,0
1785334500,1.1386400000,1.1388000000,1.1385900000,1.1386900000,104,10,0
1785334800,1.1386900000,1.1386900000,1.1384500000,1.1385300000,136,10,0
1785335100,1.1385300000,1.1386800000,1.1385100000,1.1386700000,127,10,0
1785335400,1.1387000000,1.1387500000,1.1384800000,1.1386000000,162,10,0
1785335700,1.1386000000,1.1386300000,1.1384300000,1.1384800000,128,10,0
1785336000,1.1384900000,1.1384900000,1.1381100000,1.1381400000,118,10,0
1785336300,1.1381500000,1.1384000000,1.1381300000,1.1383400000,203,10,0
1785336600,1.1383300000,1.1384100000,1.1382200000,1.1382200000,127,10,0
1785336900,1.1382300000,1.1383000000,1.1379800000,1.1381600000,310,10,0
1785337200,1.1381700000,1.1382500000,1.1379800000,1.1381900000,329,10,0
1785337500,1.1381800000,1.1382000000,1.1378700000,1.1379100000,157,10,0
1785337800,1.1379200000,1.1379900000,1.1377300000,1.1378300000,141,10,0
1785338100,1.1378400000,1.1378500000,1.1374100000,1.1375900000,502,10,0
1785338400,1.1376100000,1.1379300000,1.1375900000,1.1378900000,219,10,0
1785338700,1.1378700000,1.1379100000,1.1376200000,1.1376400000,154,10,0
1785339000,1.1376400000,1.1377900000,1.1374100000,1.1377900000,222,10,0
1785339300,1.1377700000,1.1379600000,1.1376900000,1.1379200000,216,10,0
1785339600,1.1379200000,1.1379900000,1.1378000000,1.1378700000,152,10,0
1785339900,1.1378700000,1.1379800000,1.1378400000,1.1378700000,170,10,0
1785340200,1.1378800000,1.1379800000,1.1378400000,1.1378900000,129,10,0
1785340500,1.1378800000,1.1379300000,1.1376100000,1.1377900000,162,10,0
1785340800,1.1378100000,1.1379300000,1.1376600000,1.1378300000,197,10,0
1785341100,1.1378300000,1.1378800000,1.1376100000,1.1378500000,177,10,0
1785341400,1.1378500000,1.1379600000,1.1377900000,1.1379600000,146,10,0
1785341700,1.1379500000,1.1382400000,1.1379200000,1.1380400000,186,10,0
1785342000,1.1380400000,1.1385000000,1.1380400000,1.1384500000,169,10,0
1785342300,1.1384700000,1.1386500000,1.1383700000,1.1385000000,200,10,0
1785342600,1.1385100000,1.1386600000,1.1382900000,1.1383900000,240,10,0
1785342900,1.1383900000,1.1386400000,1.1383000000,1.1385700000,223,10,0
1785343200,1.1385700000,1.1387100000,1.1384000000,1.1387100000,251,10,0
1785343500,1.1387000000,1.1390600000,1.1386500000,1.1390200000,286,10,0
1785343800,1.1390200000,1.1391800000,1.1388300000,1.1391500000,294,10,0
1785344100,1.1391500000,1.1391800000,1.1388900000,1.1391400000,240,10,0
1785344400,1.1391600000,1.1392900000,1.1391100000,1.1391900000,283,10,0
1785344700,1.1391800000,1.1392300000,1.1388800000,1.1388800000,252,10,0
1785345000,1.1388800000,1.1389100000,1.1387500000,1.1387900000,215,10,0
1785345300,1.1388000000,1.1390400000,1.1386100000,1.1390400000,241,10,0
1785345600,1.1390500000,1.1391800000,1.1388100000,1.1391800000,250,10,0
1785345900,1.1391900000,1.1394100000,1.1391400000,1.1393900000,218,10,0
1785346200,1.1394000000,1.1395900000,1.1393900000,1.1394600000,153,10,0
1785346500,1.1394600000,1.1396500000,1.1393200000,1.1395800000,206,10,0
1785346800,1.1395900000,1.1396400000,1.1389100000,1.1391900000,288,10,0
1785347100,1.1392000000,1.1392400000,1.1386300000,1.1386400000,376,10,0
1785347400,1.1386300000,1.1387600000,1.1382400000,1.1386000000,499,10,0
1785347700,1.1385900000,1.1387100000,1.1380200000,1.1380300000,579,10,0
1785348000,1.1380200000,1.1383500000,1.1378700000,1.1383500000,578,10,0
1785348300,1.1383600000,1.1384700000,1.1381800000,1.1384300000,244,10,0
1785348600,1.1384300000,1.1385100000,1.1383200000,1.1384300000,230,10,0
1785348900,1.1384400000,1.1385000000,1.1380100000,1.1380300000,264,10,0
1785349200,1.1380200000,1.1381000000,1.1378100000,1.1379800000,216,10,0
1785349500,1.1379800000,1.1380000000,1.1378000000,1.1379300000,198,10,0
1785349800,1.1379200000,1.1379900000,1.1378000000,1.1378700000,239,10,0
1785350100,1.1378600000,1.1381000000,1.1378600000,1.1378800000,203,10,0
1785350400,1.1378700000,1.1381000000,1.1377400000,1.1380900000,187,10,0
1785350700,1.1380700000,1.1382400000,1.1380500000,1.1381900000,183,10,0
1785351000,1.1381600000,1.1382400000,1.1381000000,1.1382300000,114,10,0
1785351300,1.1382200000,1.1382900000,1.1381300000,1.1382400000,171,10,0
1785351600,1.1382700000,1.1383100000,1.1380200000,1.1380300000,237,10,0
1785351900,1.1380400000,1.1380900000,1.1377500000,1.1380300000,195,10,0
1785352200,1.1380300000,1.1380300000,1.1377400000,1.1377600000,143,10,0
1785352500,1.1377600000,1.1378400000,1.1376200000,1.1377900000,142,10,0
1785352800,1.1377900000,1.1380800000,1.1377900000,1.1379900000,151,10,0
1785353100,1.1379900000,1.1382100000,1.1379800000,1.1381900000,120,10,0
1785353400,1.1381700000,1.1382000000,1.1378800000,1.1379600000,100,10,0
1785353700,1.1379800000,1.1380900000,1.1379300000,1.1380600000,109,10,0
1785354000,1.1380700000,1.1382000000,1.1380700000,1.1382000000,84,10,0
1785354300,1.1382000000,1.1383000000,1.1381500000,1.1382500000,77,10,0
1785354600,1.1382600000,1.1384500000,1.1382500000,1.1383600000,160,10,0
1785354900,1.1383600000,1.1385400000,1.1383500000,1.1384700000,105,10,0
1785355200,1.1384600000,1.1386100000,1.1383900000,1.1385500000,181,10,0
1785355500,1.1385400000,1.1389900000,1.1384300000,1.1389100000,121,10,0
1785355800,1.1389500000,1.1389500000,1.1387800000,1.1389200000,157,10,0
1785356100,1.1389100000,1.1390900000,1.1388400000,1.1390100000,121,10,0
1785356400,1.1390000000,1.1392700000,1.1389900000,1.1391600000,91,10,0
1785356700,1.1391700000,1.1392100000,1.1388900000,1.1390600000,224,10,0
1785357000,1.1390600000,1.1393200000,1.1389600000,1.1393000000,205,10,0
1785357300,1.1393100000,1.1393400000,1.1390700000,1.1391400000,114,10,0
1785357600,1.1391300000,1.1396500000,1.1391300000,1.1395400000,232,10,0
1785357900,1.1395500000,1.1397600000,1.1394800000,1.1397600000,205,10,0
1785358200,1.1397500000,1.1399500000,1.1396100000,1.1396300000,185,10,0
1785358500,1.1396400000,1.1396700000,1.1393600000,1.1393600000,258,10,0
1785358800,1.1393600000,1.1430200000,1.1386400000,1.1414500000,1737,10,0
1785359100,1.1414500000,1.1423600000,1.1414100000,1.1418300000,1183,10,0
1785359400,1.1418100000,1.1427700000,1.1415500000,1.1427100000,1010,10,0
1785359700,1.1427200000,1.1429300000,1.1422700000,1.1424100000,848,10,0
1785360000,1.1423900000,1.1424100000,1.1417900000,1.1418000000,706,10,0
1785360300,1.1418000000,1.1422000000,1.1414600000,1.1421900000,459,10,0
1785360600,1.1421800000,1.1427400000,1.1406400000,1.1415000000,1601,10,0
1785360900,1.1414900000,1.1427100000,1.1409600000,1.1425100000,1102,10,0
1785361200,1.1425200000,1.1436300000,1.1423800000,1.1435000000,1339,10,0
1785361500,1.1435000000,1.1448300000,1.1433200000,1.1447000000,1249,10,0
1785361800,1.1447000000,1.1450000000,1.1441900000,1.1448800000,1061,10,0
1785362100,1.1448700000,1.1451900000,1.1444100000,1.1451400000,825,10,0
1785362400,1.1451700000,1.1455200000,1.1445800000,1.1447900000,1052,10,0
1785362700,1.1447900000,1.1449800000,1.1441600000,1.1443000000,955,10,0
1785363000,1.1443000000,1.1452000000,1.1439300000,1.1451000000,962,10,0
1785363300,1.1451200000,1.1466200000,1.1449600000,1.1464400000,801,10,0
1785363600,1.1464500000,1.1464500000,1.1450800000,1.1454200000,1258,10,0
1785363900,1.1454200000,1.1455000000,1.1448900000,1.1452100000,952,10,0
1785364200,1.1452200000,1.1452700000,1.1445100000,1.1447900000,988,10,0
1785364500,1.1447800000,1.1453900000,1.1446500000,1.1451500000,991,10,0
1785364800,1.1451600000,1.1458100000,1.1449300000,1.1457100000,804,10,0
1785365100,1.1457200000,1.1457600000,1.1454300000,1.1457000000,635,10,0
1785365400,1.1457000000,1.1457100000,1.1450300000,1.1451000000,793,10,0
1785365700,1.1450900000,1.1452000000,1.1447200000,1.1447300000,493,10,0
1785366000,1.1447600000,1.1451100000,1.1446400000,1.1448900000,423,10,0
1785366300,1.1449200000,1.1450300000,1.1447300000,1.1448500000,296,10,0
1785366600,1.1448600000,1.1452300000,1.1446600000,1.1451100000,237,10,0
1785366900,1.1451100000,1.1451200000,1.1448300000,1.1450600000,214,10,0
1785367200,1.1450700000,1.1452200000,1.1449600000,1.1451600000,175,10,0
1785367500,1.1451600000,1.1455700000,1.1451200000,1.1455100000,206,10,0
1785367800,1.1455000000,1.1462500000,1.1454800000,1.1462500000,217,10,0
1785368100,1.1462500000,1.1464500000,1.1461100000,1.1461900000,220,10,0
1785368400,1.1462000000,1.1465500000,1.1461800000,1.1465400000,180,10,0
1785368700,1.1465400000,1.1470500000,1.1464900000,1.1466300000,219,10,0
1785369000,1.1466400000,1.1467700000,1.1464000000,1.1465800000,182,10,0
1785369300,1.1465500000,1.1469000000,1.1461600000,1.1463400000,362,10,0
1785369600,1.1463300000,1.1463300000,1.1453300000,1.1454900000,161,77,0
1785369900,1.1454900000,1.1459300000,1.1451300000,1.1453200000,135,56,0
1785370200,1.1453200000,1.1457000000,1.1453200000,1.1455800000,84,42,0
1785370500,1.1456500000,1.1458500000,1.1456500000,1.1458500000,49,53,0
1785370800,1.1457900000,1.1460600000,1.1457800000,1.1460000000,37,58,0
1785371100,1.1457500000,1.1462400000,1.1457500000,1.1462000000,139,43,0
1785371400,1.1462400000,1.1463500000,1.1462000000,1.1463300000,22,28,0
1785371700,1.1463400000,1.1463600000,1.1463200000,1.1463400000,11,26,0
1785372000,1.1463400000,1.1463600000,1.1463300000,1.1463400000,11,26,0
1785372300,1.1463400000,1.1464100000,1.1458000000,1.1458500000,294,20,0
1785372600,1.1458500000,1.1460900000,1.1458400000,1.1458600000,30,50,0
1785372900,1.1458200000,1.1458900000,1.1457800000,1.1457800000,15,53,0
1785373200,1.1458100000,1.1467900000,1.1457100000,1.1467500000,241,10,0
1785373500,1.1467400000,1.1468200000,1.1464500000,1.1466600000,159,15,0
1785373800,1.1467200000,1.1467800000,1.1466200000,1.1467800000,128,11,0
1785374100,1.1467500000,1.1468400000,1.1467000000,1.1467900000,68,12,0
1785374400,1.1468100000,1.1468400000,1.1467300000,1.1467600000,92,10,0
1785374700,1.1467500000,1.1467800000,1.1466800000,1.1467500000,146,10,0
1785375000,1.1467400000,1.1467900000,1.1467200000,1.1467900000,97,11,0
1785375300,1.1467600000,1.1468400000,1.1467300000,1.1468000000,90,11,0
1785375600,1.1468000000,1.1469000000,1.1467900000,1.1468900000,36,10,0
1785375900,1.1468900000,1.1469700000,1.1468900000,1.1469500000,25,10,0
1785376200,1.1469400000,1.1469800000,1.1468900000,1.1469600000,122,10,0
1785376500,1.1469600000,1.1470800000,1.1469600000,1.1470800000,83,10,0
1785376800,1.1470700000,1.1472700000,1.1470700000,1.1472600000,146,10,0
1785377100,1.1472500000,1.1474500000,1.1471700000,1.1473800000,107,10,0
1785377400,1.1473800000,1.1473800000,1.1469800000,1.1470000000,147,10,0
1785377700,1.1469900000,1.1469900000,1.1468500000,1.1469200000,75,10,0
1785378000,1.1469300000,1.1469400000,1.1467300000,1.1467300000,95,10,0
1785378300,1.1467000000,1.1467100000,1.1466300000,1.1466400000,37,10,0
1785378600,1.1466800000,1.1466900000,1.1464900000,1.1466900000,58,10,0
1785378900,1.1466900000,1.1466900000,1.1465800000,1.1465900000,52,10,0
1785379200,1.1466000000,1.1466400000,1.1464300000,1.1464300000,86,10,0
1785379500,1.1464400000,1.1467100000,1.1463800000,1.1466900000,101,10,0
1785379800,1.1467000000,1.1468900000,1.1466600000,1.1467300000,136,10,0
1785380100,1.1467200000,1.1467500000,1.1466100000,1.1466300000,115,10,0
1785380400,1.1466400000,1.1467500000,1.1464000000,1.1464700000,341,10,0
1785380700,1.1464800000,1.1466900000,1.1462900000,1.1465700000,257,10,0
1785381000,1.1465600000,1.1466800000,1.1464600000,1.1466200000,194,10,0
1785381300,1.1466300000,1.1467000000,1.1462400000,1.1462600000,384,10,0
1785381600,1.1462700000,1.1462800000,1.1460500000,1.1461300000,284,10,0
1785381900,1.1461300000,1.1461400000,1.1455600000,1.1456300000,325,10,0
1785382200,1.1456400000,1.1457800000,1.1456200000,1.1456700000,229,10,0
1785382500,1.1456700000,1.1457400000,1.1455300000,1.1455500000,185,10,0
1785382800,1.1455500000,1.1457400000,1.1455300000,1.1457000000,171,10,0
1785383100,1.1457000000,1.1457700000,1.1456700000,1.1456800000,137,10,0
1785383400,1.1457000000,1.1457500000,1.1455600000,1.1456800000,186,10,0
1785383700,1.1456600000,1.1457600000,1.1456400000,1.1457500000,112,10,0
1785384000,1.1457500000,1.1460400000,1.1457000000,1.1458800000,265,10,0
1785384300,1.1458900000,1.1460500000,1.1458200000,1.1458400000,202,10,0
1785384600,1.1458400000,1.1459200000,1.1457300000,1.1458800000,178,10,0
1785384900,1.1458800000,1.1458800000,1.1456500000,1.1456900000,191,10,0
1785385200,1.1456800000,1.1457300000,1.1453000000,1.1453900000,205,10,0
1785385500,1.1453800000,1.1454800000,1.1452900000,1.1454700000,143,10,0
1785385800,1.1454800000,1.1458600000,1.1453400000,1.1457300000,198,10,0
1785386100,1.1457400000,1.1458300000,1.1456600000,1.1457300000,95,10,0
1785386400,1.1457400000,1.1458200000,1.1455600000,1.1455600000,115,10,0
1785386700,1.1455600000,1.1458100000,1.1455200000,1.1456000000,97,10,0
1785387000,1.1456100000,1.1456200000,1.1453000000,1.1453300000,79,10,0
1785387300,1.1453400000,1.1453500000,1.1451900000,1.1452700000,133,10,0
1785387600,1.1452800000,1.1454500000,1.1452600000,1.1453900000,124,10,0
1785387900,1.1454000000,1.1454000000,1.1452300000,1.1453000000,91,10,0
1785388200,1.1453100000,1.1453600000,1.1451200000,1.1451700000,95,10,0
1785388500,1.1451700000,1.1451900000,1.1450800000,1.1451300000,82,10,0
1785388800,1.1451300000,1.1452500000,1.1451200000,1.1452000000,77,10,0
1785389100,1.1452000000,1.1452400000,1.1451700000,1.1452000000,63,10,0
1785389400,1.1451900000,1.1453900000,1.1451700000,1.1453600000,108,10,0
1785389700,1.1453400000,1.1454500000,1.1453200000,1.1454300000,67,10,0
1785390000,1.1454300000,1.1454500000,1.1453300000,1.1453700000,61,10,0
1785390300,1.1453800000,1.1454600000,1.1453600000,1.1454200000,57,10,0
1785390600,1.1454300000,1.1454800000,1.1453500000,1.1453700000,81,10,0
1785390900,1.1453800000,1.1453900000,1.1452300000,1.1452300000,51,10,0
1785391200,1.1452300000,1.1453800000,1.1452200000,1.1453400000,104,10,0
1785391500,1.1453400000,1.1453500000,1.1451900000,1.1452100000,48,10,0
1785391800,1.1452200000,1.1452200000,1.1450800000,1.1451300000,122,10,0
1785392100,1.1451400000,1.1451500000,1.1449800000,1.1450000000,115,10,0
1785392400,1.1449900000,1.1450500000,1.1447200000,1.1449900000,160,10,0
1785392700,1.1449900000,1.1450400000,1.1449100000,1.1449500000,109,10,0
1785393000,1.1449600000,1.1451500000,1.1448800000,1.1451300000,107,10,0
1785393300,1.1451400000,1.1452200000,1.1451100000,1.1451100000,60,10,0
1785393600,1.1451100000,1.1451900000,1.1450800000,1.1451300000,57,10,0
1785393900,1.1451400000,1.1451800000,1.1450600000,1.1451200000,64,10,0
1785394200,1.1451100000,1.1451300000,1.1450200000,1.1450800000,57,10,0
1785394500,1.1450700000,1.1450700000,1.1448900000,1.1449200000,52,10,0
1785394800,1.1449200000,1.1450800000,1.1448500000,1.1450100000,113,10,0
1785395100,1.1450100000,1.1450900000,1.1450000000,1.1450700000,43,10,0
1785395400,1.1450800000,1.1452400000,1.1450700000,1.1452300000,52,10,0
1785395700,1.1452300000,1.1452900000,1.1452000000,1.1452100000,54,10,0
1785396000,1.1452000000,1.1452800000,1.1452000000,1.1452200000,52,10,0
1785396300,1.1452300000,1.1452600000,1.1451700000,1.1452200000,50,10,0
1785396600,1.1452200000,1.1452900000,1.1452000000,1.1452800000,47,10,0
1785396900,1.1452800000,1.1452800000,1.1451900000,1.1452100000,35,10,0
1785397200,1.1452000000,1.1453500000,1.1452000000,1.1452200000,54,10,0
1785397500,1.1452200000,1.1452800000,1.1451100000,1.1451200000,58,10,0
1785397800,1.1451200000,1.1451400000,1.1450100000,1.1450400000,114,10,0
1785398100,1.1450300000,1.1450500000,1.1449400000,1.1450400000,87,10,0
1785398400,1.1450500000,1.1452200000,1.1449600000,1.1451700000,133,10,0
1785398700,1.1451800000,1.1453300000,1.1451200000,1.1453100000,73,10,0
1785399000,1.1453100000,1.1454500000,1.1453100000,1.1454400000,109,10,0
1785399300,1.1454400000,1.1454600000,1.1453800000,1.1454100000,68,10,0
1785399600,1.1454200000,1.1455600000,1.1453700000,1.1454900000,81,10,0
1785399900,1.1455000000,1.1456200000,1.1454400000,1.1455000000,96,10,0
1785400200,1.1455100000,1.1455600000,1.1453400000,1.1453600000,117,10,0
1785400500,1.1453600000,1.1453900000,1.1452100000,1.1452400000,125,10,0
1785400800,1.1452400000,1.1453200000,1.1451000000,1.1452000000,119,10,0
1785401100,1.1451800000,1.1454800000,1.1451600000,1.1452600000,195,10,0
1785401400,1.1452700000,1.1452700000,1.1451200000,1.1452000000,100,10,0
1785401700,1.1451900000,1.1451900000,1.1448400000,1.1449400000,189,10,0
1785402000,1.1449400000,1.1450900000,1.1446700000,1.1448000000,358,10,0
1785402300,1.1448100000,1.1449200000,1.1446100000,1.1446300000,219,10,0
1785402600,1.1446500000,1.1448600000,1.1443300000,1.1444300000,221,10,0
1785402900,1.1444400000,1.1446000000,1.1444100000,1.1444800000,177,10,0
1785403200,1.1444700000,1.1445300000,1.1443200000,1.1444500000,182,10,0
1785403500,1.1444300000,1.1445100000,1.1443300000,1.1444400000,152,10,0
1785403800,1.1444500000,1.1445700000,1.1442700000,1.1444500000,164,10,0
1785404100,1.1444400000,1.1448000000,1.1443800000,1.1447400000,209,10,0
1785404400,1.1447500000,1.1447700000,1.1445000000,1.1445500000,172,10,0
1785404700,1.1445400000,1.1448600000,1.1445300000,1.1448200000,141,10,0
1785405000,1.1448200000,1.1450700000,1.1448200000,1.1449000000,152,10,0
1785405300,1.1449300000,1.1450500000,1.1445800000,1.1446400000,194,10,0
1785405600,1.1446600000,1.1450600000,1.1443800000,1.1449300000,559,10,0
1785405900,1.1449400000,1.1449600000,1.1445300000,1.1445900000,414,10,0
1785406200,1.1446100000,1.1447000000,1.1442000000,1.1442200000,290,10,0
1785406500,1.1442300000,1.1444400000,1.1441200000,1.1441200000,279,10,0
1785406800,1.1441300000,1.1442900000,1.1440800000,1.1441400000,251,10,0
1785407100,1.1441700000,1.1441700000,1.1436000000,1.1436800000,392,10,0
1785407400,1.1436900000,1.1437400000,1.1433900000,1.1434600000,304,10,0
1785407700,1.1434800000,1.1437700000,1.1434400000,1.1437500000,238,10,0
1785408000,1.1437600000,1.1438400000,1.1436300000,1.1436400000,254,10,0
1785408300,1.1436400000,1.1437300000,1.1435800000,1.1436400000,188,10,0
1785408600,1.1436400000,1.1438000000,1.1436000000,1.1436200000,176,10,0
1785408900,1.1436200000,1.1438300000,1.1435700000,1.1437000000,212,10,0
1785409200,1.1437100000,1.1443000000,1.1436600000,1.1441100000,416,10,0
1785409500,1.1441200000,1.1444500000,1.1441200000,1.1443300000,267,10,0
1785409800,1.1443400000,1.1446900000,1.1443400000,1.1445400000,247,10,0
1785410100,1.1445300000,1.1448700000,1.1445300000,1.1447400000,220,10,0
1785410400,1.1447300000,1.1451000000,1.1447300000,1.1449700000,240,10,0
1785410700,1.1449900000,1.1454300000,1.1449200000,1.1453900000,379,10,0
1785411000,1.1453800000,1.1455100000,1.1450400000,1.1450400000,263,10,0
1785411300,1.1450500000,1.1450800000,1.1445700000,1.1445700000,187,10,0
1785411600,1.1445400000,1.1451200000,1.1444900000,1.1450900000,245,10,0
1785411900,1.1451000000,1.1453700000,1.1450300000,1.1450500000,259,10,0
1785412200,1.1450600000,1.1451100000,1.1448100000,1.1449600000,208,10,0
1785412500,1.1449600000,1.1451100000,1.1446200000,1.1447700000,237,10,0
1785412800,1.1447500000,1.1454000000,1.1447500000,1.1453200000,210,10,0
1785413100,1.1453100000,1.1457100000,1.1452000000,1.1456900000,192,10,0
1785413400,1.1456800000,1.1457900000,1.1455200000,1.1457000000,294,10,0
1785413700,1.1457000000,1.1459200000,1.1456000000,1.1459000000,300,10,0
1785414000,1.1459000000,1.1461300000,1.1458900000,1.1460700000,195,10,0
1785414300,1.1460600000,1.1463300000,1.1459900000,1.1461000000,195,10,0
1785414600,1.1460900000,1.1461500000,1.1459100000,1.1461000000,196,10,0
1785414900,1.1461100000,1.1463500000,1.1460800000,1.1461500000,165,10,0
1785415200,1.1461600000,1.1462600000,1.1461500000,1.1462300000,161,10,0
1785415500,1.1462300000,1.1466900000,1.1460400000,1.1466800000,253,10,0
1785415800,1.1466800000,1.1467100000,1.1462000000,1.1463200000,175,10,0
1785416100,1.1463300000,1.1465600000,1.1462900000,1.1464200000,183,10,0
1785416400,1.1464300000,1.1465300000,1.1461300000,1.1461500000,291,10,0
1785416700,1.1461400000,1.1465500000,1.1460900000,1.1465200000,333,10,0
1785417000,1.1465400000,1.1472400000,1.1465400000,1.1471500000,445,10,0
1785417300,1.1471400000,1.1479300000,1.1471100000,1.1472700000,672,10,0
1785417600,1.1472800000,1.1473000000,1.1468300000,1.1469400000,387,10,0
1785417900,1.1469400000,1.1474000000,1.1468800000,1.1471800000,427,10,0
1785418200,1.1471800000,1.1475500000,1.1471500000,1.1473500000,324,10,0
1785418500,1.1473500000,1.1474500000,1.1472600000,1.1474000000,311,10,0
1785418800,1.1474000000,1.1483600000,1.1473600000,1.1480000000,497,10,0
1785419100,1.1480100000,1.1483100000,1.1479900000,1.1481500000,330,10,0
1785419400,1.1481600000,1.1481900000,1.1475800000,1.1476300000,578,10,0
1785419700,1.1476300000,1.1477100000,1.1472300000,1.1472300000,367,10,0
1785420000,1.1472600000,1.1477500000,1.1472600000,1.1475900000,366,10,0
1785420300,1.1475900000,1.1476300000,1.1473200000,1.1474800000,231,10,0
1785420600,1.1474800000,1.1475400000,1.1471300000,1.1471500000,238,10,0
1785420900,1.1471700000,1.1472400000,1.1469600000,1.1469600000,200,10,0
1785421200,1.1469700000,1.1469900000,1.1464800000,1.1467000000,285,10,0
1785421500,1.1467000000,1.1467800000,1.1466000000,1.1467200000,217,10,0
1785421800,1.1467200000,1.1467400000,1.1465300000,1.1465500000,227,10,0
1785422100,1.1465400000,1.1466900000,1.1465200000,1.1466300000,160,10,0
1785422400,1.1466400000,1.1466400000,1.1464500000,1.1464800000,164,10,0
1785422700,1.1464800000,1.1468600000,1.1464800000,1.1468000000,175,10,0
1785423000,1.1468100000,1.1472200000,1.1468100000,1.1472000000,205,10,0
1785423300,1.1471900000,1.1475400000,1.1470300000,1.1475400000,179,10,0
1785423600,1.1475300000,1.1477600000,1.1474800000,1.1477000000,259,10,0
1785423900,1.1477100000,1.1478600000,1.1475100000,1.1475200000,254,10,0
1785424200,1.1475400000,1.1480800000,1.1475100000,1.1480100000,222,10,0
1785424500,1.1479900000,1.1480000000,1.1473800000,1.1475600000,279,10,0
1785424800,1.1475500000,1.1477300000,1.1474300000,1.1475500000,250,10,0
1785425100,1.1475600000,1.1477900000,1.1475000000,1.1475400000,206,10,0
1785425400,1.1475400000,1.1482400000,1.1472000000,1.1475200000,567,10,0
1785425700,1.1475200000,1.1482900000,1.1474400000,1.1482000000,562,10,0
1785426000,1.1481900000,1.1482300000,1.1475300000,1.1480500000,639,10,0
1785426300,1.1480500000,1.1481000000,1.1474400000,1.1475400000,625,10,0
1785426600,1.1475500000,1.1476400000,1.1470200000,1.1471500000,489,10,0
1785426900,1.1471500000,1.1475500000,1.1468900000,1.1472000000,560,10,0
1785427200,1.1472100000,1.1474700000,1.1469000000,1.1470600000,511,10,0
1785427500,1.1470400000,1.1475700000,1.1470400000,1.1471900000,527,10,0
1785427800,1.1471900000,1.1474500000,1.1470300000,1.1472000000,445,10,0
1785428100,1.1471900000,1.1474600000,1.1471000000,1.1474000000,428,10,0
1785428400,1.1473900000,1.1479300000,1.1472900000,1.1479300000,306,10,0
1785428700,1.1479500000,1.1480400000,1.1477900000,1.1479700000,324,10,0
1785429000,1.1479800000,1.1482300000,1.1478500000,1.1479900000,435,10,0
1785429300,1.1479900000,1.1493600000,1.1479000000,1.1491800000,1383,10,0
1785429600,1.1492000000,1.1503200000,1.1487000000,1.1500500000,1409,10,0
1785429900,1.1500600000,1.1508500000,1.1497600000,1.1502400000,1091,10,0
1785430200,1.1502400000,1.1514200000,1.1498400000,1.1513900000,1330,10,0
1785430500,1.1514000000,1.1523500000,1.1511900000,1.1523100000,1138,10,0
1785430800,1.1523300000,1.1536500000,1.1521500000,1.1534200000,1297,10,0
1785431100,1.1534300000,1.1536000000,1.1517000000,1.1522500000,1582,10,0
1785431400,1.1522300000,1.1530300000,1.1522200000,1.1527300000,1480,10,0
1785431700,1.1527200000,1.1531800000,1.1522800000,1.1527800000,1629,10,0
1785432000,1.1527800000,1.1529800000,1.1519700000,1.1521000000,1537,10,0
1785432300,1.1520900000,1.1523700000,1.1518500000,1.1520800000,1364,10,0
1785432600,1.1521000000,1.1522500000,1.1515300000,1.1518200000,1201,10,0
1785432900,1.1518200000,1.1519000000,1.1512400000,1.1513900000,788,10,0
1785433200,1.1513800000,1.1517000000,1.1509200000,1.1511800000,673,10,0
1785433500,1.1511900000,1.1514400000,1.1509400000,1.1511500000,700,10,0
1785433800,1.1511400000,1.1511800000,1.1506900000,1.1508300000,572,10,0
1785434100,1.1507900000,1.1509300000,1.1502000000,1.1502500000,730,10,0
1785434400,1.1502400000,1.1504300000,1.1500000000,1.1500100000,645,10,0
1785434700,1.1500300000,1.1506600000,1.1499400000,1.1502400000,578,10,0
1785435000,1.1502500000,1.1506800000,1.1498200000,1.1506400000,523,10,0
1785435300,1.1506300000,1.1511100000,1.1506300000,1.1510500000,474,10,0
1785435600,1.1510600000,1.1514400000,1.1510600000,1.1512100000,390,10,0
1785435900,1.1512200000,1.1515600000,1.1511000000,1.1515100000,380,10,0
1785436200,1.1515200000,1.1519100000,1.1512900000,1.1518700000,424,10,0
1785436500,1.1518800000,1.1521100000,1.1517600000,1.1520500000,393,10,0
1785436800,1.1520700000,1.1522100000,1.1519200000,1.1521300000,300,10,0
1785437100,1.1521200000,1.1523800000,1.1520400000,1.1523400000,308,10,0
1785437400,1.1523300000,1.1524400000,1.1520000000,1.1520500000,325,10,0
1785437700,1.1520700000,1.1523100000,1.1520100000,1.1520600000,314,10,0
1785438000,1.1520500000,1.1527700000,1.1520500000,1.1526700000,382,10,0
1785438300,1.1526600000,1.1527700000,1.1523600000,1.1527500000,343,10,0
1785438600,1.1527500000,1.1527500000,1.1522900000,1.1523900000,377,10,0
1785438900,1.1523900000,1.1528400000,1.1523100000,1.1527800000,290,10,0
1785439200,1.1527900000,1.1529700000,1.1526600000,1.1527300000,372,10,0
1785439500,1.1527200000,1.1529800000,1.1525700000,1.1529400000,277,10,0
1785439800,1.1529500000,1.1530100000,1.1527800000,1.1527800000,281,10,0
1785440100,1.1527900000,1.1529400000,1.1526300000,1.1528300000,322,10,0
1785440400,1.1528200000,1.1528600000,1.1524700000,1.1524700000,240,10,0
1785440700,1.1524800000,1.1525200000,1.1523700000,1.1524000000,232,10,0
1785441000,1.1523900000,1.1524600000,1.1522000000,1.1523300000,227,10,0
1785441300,1.1523300000,1.1528000000,1.1523300000,1.1528000000,169,10,0
1785441600,1.1528000000,1.1529900000,1.1523500000,1.1523800000,477,10,0
1785441900,1.1523900000,1.1525400000,1.1523500000,1.1525300000,217,10,0
1785442200,1.1525300000,1.1526000000,1.1520300000,1.1520500000,221,10,0
1785442500,1.1520400000,1.1520500000,1.1518400000,1.1519600000,140,10,0
1785442800,1.1519500000,1.1519600000,1.1518200000,1.1519500000,133,10,0
1785443100,1.1519500000,1.1519700000,1.1518300000,1.1518600000,165,10,0
1785443400,1.1518600000,1.1519600000,1.1515600000,1.1515600000,172,10,0
1785443700,1.1515700000,1.1524700000,1.1513300000,1.1524600000,897,10,0
1785444000,1.1524400000,1.1529500000,1.1522200000,1.1529000000,622,10,0
1785444300,1.1528900000,1.1529000000,1.1525100000,1.1525100000,436,10,0
1785444600,1.1525200000,1.1530400000,1.1525200000,1.1526300000,496,10,0
1785444900,1.1526400000,1.1529200000,1.1525200000,1.1529200000,262,10,0
1785445200,1.1529200000,1.1531800000,1.1528800000,1.1531500000,232,10,0
1785445500,1.1531600000,1.1533900000,1.1528900000,1.1533100000,279,10,0
1785445800,1.1533100000,1.1535000000,1.1532400000,1.1534500000,194,10,0
1785446100,1.1534400000,1.1534600000,1.1530000000,1.1530200000,171,10,0
1785446400,1.1530300000,1.1530900000,1.1527500000,1.1527600000,168,10,0
1785446700,1.1527800000,1.1529800000,1.1527000000,1.1529700000,126,10,0
1785447000,1.1529800000,1.1533200000,1.1529700000,1.1532200000,144,10,0
1785447300,1.1532400000,1.1532600000,1.1529000000,1.1529000000,95,10,0
1785447600,1.1528900000,1.1531100000,1.1528500000,1.1530900000,126,10,0
1785447900,1.1530900000,1.1532600000,1.1530900000,1.1532500000,123,10,0
1785448200,1.1532500000,1.1533300000,1.1531300000,1.1532500000,139,10,0
1785448500,1.1532400000,1.1535000000,1.1532000000,1.1534900000,136,10,0
1785448800,1.1535000000,1.1535200000,1.1532800000,1.1533100000,181,10,0
1785449100,1.1533000000,1.1534600000,1.1531400000,1.1531700000,142,10,0
1785449400,1.1531900000,1.1532200000,1.1528100000,1.1528700000,144,10,0
1785449700,1.1528700000,1.1532600000,1.1527500000,1.1532500000,145,10,0
1785450000,1.1532400000,1.1533800000,1.1532000000,1.1533000000,135,10,0
1785450300,1.1533000000,1.1533600000,1.1531100000,1.1531600000,126,10,0
1785450600,1.1531500000,1.1532200000,1.1530000000,1.1530500000,153,10,0
1785450900,1.1530700000,1.1530900000,1.1529500000,1.1530100000,109,10,0
1785451200,1.1530000000,1.1530800000,1.1529600000,1.1530600000,76,10,0
1785451500,1.1530600000,1.1531900000,1.1530600000,1.1531500000,96,10,0
1785451800,1.1531500000,1.1531700000,1.1528400000,1.1528500000,123,10,0
1785452100,1.1528800000,1.1531600000,1.1528000000,1.1530600000,256,10,0
1785452400,1.1530700000,1.1532000000,1.1528900000,1.1532000000,185,10,0
1785452700,1.1532200000,1.1532200000,1.1529600000,1.1530900000,80,10,0
1785453000,1.1530800000,1.1531200000,1.1530200000,1.1530300000,61,10,0
1785453300,1.1530400000,1.1530500000,1.1529000000,1.1529500000,75,10,0
1785453600,1.1529600000,1.1529600000,1.1527500000,1.1527700000,77,10,0
1785453900,1.1527800000,1.1528600000,1.1527100000,1.1527200000,79,10,0
1785454200,1.1527300000,1.1529600000,1.1526600000,1.1527200000,115,10,0
1785454500,1.1527100000,1.1527300000,1.1525900000,1.1527100000,99,10,0
1785454800,1.1527100000,1.1527400000,1.1526400000,1.1526400000,74,10,0
1785455100,1.1526500000,1.1527100000,1.1526400000,1.1526900000,87,10,0
1785455400,1.1526800000,1.1527900000,1.1526600000,1.1527900000,34,10,0
1785455700,1.1527900000,1.1528900000,1.1524500000,1.1526600000,115,10,0
1785456000,1.1526400000,1.1526400000,1.1521200000,1.1521200000,9,24,0
1785456300,1.1517200000,1.1523700000,1.1517200000,1.1522500000,10,45,0
1785456600,1.1522500000,1.1524000000,1.1522100000,1.1522500000,13,49,0
1785456900,1.1522500000,1.1523000000,1.1522500000,1.1522500000,18,33,0
1785457200,1.1522500000,1.1522800000,1.1522500000,1.1522700000,18,33,0
1785457500,1.1523000000,1.1523000000,1.1522300000,1.1522300000,19,32,0
1785457800,1.1522500000,1.1523500000,1.1522000000,1.1522100000,27,22,0
1785458100,1.1522400000,1.1522700000,1.1522300000,1.1522700000,10,39,0
1785458400,1.1522700000,1.1523600000,1.1522400000,1.1522400000,20,31,0
1785458700,1.1522400000,1.1524200000,1.1522400000,1.1523300000,20,23,0
1785459000,1.1523300000,1.1523400000,1.1523200000,1.1523300000,9,35,0
1785459300,1.1523300000,1.1523400000,1.1522900000,1.1522900000,11,38,0
1785459600,1.1523100000,1.1528900000,1.1523000000,1.1528900000,139,11,0
1785459900,1.1528800000,1.1528900000,1.1525800000,1.1525900000,53,11,0
1785460200,1.1526000000,1.1526800000,1.1524700000,1.1526300000,112,11,0
1785460500,1.1526400000,1.1527700000,1.1526200000,1.1527000000,109,10,0
1785460800,1.1526800000,1.1526800000,1.1525600000,1.1525800000,92,10,0
1785461100,1.1525600000,1.1526700000,1.1525100000,1.1526600000,127,10,0
1785461400,1.1526600000,1.1527000000,1.1525700000,1.1526900000,113,10,0
1785461700,1.1526900000,1.1530700000,1.1526600000,1.1529700000,190,10,0
1785462000,1.1529700000,1.1530300000,1.1528500000,1.1529600000,135,10,0
1785462300,1.1529600000,1.1530300000,1.1528500000,1.1529600000,95,10,0
1785462600,1.1529600000,1.1529600000,1.1528100000,1.1528600000,109,10,0
1785462900,1.1528500000,1.1528600000,1.1527500000,1.1528200000,113,11,0
1785463200,1.1528300000,1.1530300000,1.1525800000,1.1526600000,195,10,0
1785463500,1.1526700000,1.1527300000,1.1526100000,1.1526200000,52,10,0
1785463800,1.1526200000,1.1526400000,1.1524100000,1.1525100000,98,10,0
1785464100,1.1524700000,1.1525200000,1.1523100000,1.1525200000,98,10,0
1785464400,1.1525200000,1.1526300000,1.1524800000,1.1525600000,118,10,0
1785464700,1.1525600000,1.1526700000,1.1523600000,1.1523600000,96,10,0
1785465000,1.1523800000,1.1524600000,1.1523600000,1.1523800000,67,10,0
1785465300,1.1523700000,1.1523700000,1.1521700000,1.1523100000,84,10,0
1785465600,1.1523200000,1.1524300000,1.1522800000,1.1524100000,72,10,0
1785465900,1.1524100000,1.1525600000,1.1524100000,1.1524200000,89,10,0
1785466200,1.1524200000,1.1524300000,1.1522700000,1.1522800000,91,10,0
1785466500,1.1522800000,1.1523800000,1.1522400000,1.1522500000,124,10,0
1785466800,1.1522700000,1.1524200000,1.1521800000,1.1523400000,281,10,0
1785467100,1.1523500000,1.1523800000,1.1520100000,1.1521100000,245,10,0
1785467400,1.1520900000,1.1523500000,1.1520800000,1.1522000000,253,10,0
1785467700,1.1521900000,1.1523300000,1.1521100000,1.1522600000,315,10,0
1785468000,1.1522800000,1.1525900000,1.1521200000,1.1524700000,293,10,0
1785468300,1.1524600000,1.1524700000,1.1522200000,1.1522300000,144,10,0
1785468600,1.1522300000,1.1522800000,1.1518600000,1.1518600000,148,10,0
1785468900,1.1518600000,1.1518900000,1.1516600000,1.1516700000,243,10,0
1785469200,1.1516700000,1.1516900000,1.1514800000,1.1516800000,191,10,0
1785469500,1.1516800000,1.1517800000,1.1515500000,1.1517300000,305,10,0
1785469800,1.1517300000,1.1519800000,1.1517300000,1.1518100000,288,10,0
1785470100,1.1518300000,1.1519300000,1.1517200000,1.1517300000,356,10,0
1785470400,1.1517400000,1.1519400000,1.1517100000,1.1518300000,339,10,0
1785470700,1.1518400000,1.1518700000,1.1515700000,1.1517400000,251,10,0
1785471000,1.1517300000,1.1519400000,1.1514700000,1.1516000000,282,10,0
1785471300,1.1515900000,1.1516400000,1.1514800000,1.1515300000,239,10,0
1785471600,1.1515300000,1.1517500000,1.1514700000,1.1517300000,207,10,0
1785471900,1.1517300000,1.1518500000,1.1516700000,1.1516700000,161,10,0
1785472200,1.1516600000,1.1520900000,1.1516100000,1.1519500000,239,10,0
1785472500,1.1519400000,1.1519400000,1.1513800000,1.1514200000,237,10,0
1785472800,1.1514100000,1.1515200000,1.1513700000,1.1513800000,201,10,0
1785473100,1.1513900000,1.1514300000,1.1510400000,1.1511000000,240,10,0
1785473400,1.1510900000,1.1511500000,1.1509600000,1.1510600000,189,10,0
1785473700,1.1510600000,1.1511400000,1.1509400000,1.1509400000,181,10,0
1785474000,1.1509600000,1.1512400000,1.1509600000,1.1511900000,186,10,0
1785474300,1.1512000000,1.1515700000,1.1512000000,1.1513500000,209,10,0
1785474600,1.1513500000,1.1515800000,1.1512900000,1.1514600000,134,10,0
1785474900,1.1514300000,1.1514400000,1.1513300000,1.1513500000,160,10,0
1785475200,1.1513700000,1.1514900000,1.1512900000,1.1513100000,158,10,0
1785475500,1.1513100000,1.1513400000,1.1512300000,1.1512700000,114,10,0
1785475800,1.1512800000,1.1514300000,1.1512700000,1.1513300000,90,10,0
1785476100,1.1513300000,1.1513300000,1.1511600000,1.1512600000,130,10,0
1785476400,1.1512600000,1.1512600000,1.1511400000,1.1511900000,83,10,0
1785476700,1.1512000000,1.1512300000,1.1510900000,1.1511300000,111,10,0
1785477000,1.1511200000,1.1512300000,1.1510000000,1.1510800000,116,10,0
1785477300,1.1510900000,1.1511600000,1.1510300000,1.1511400000,105,10,0
1785477600,1.1511500000,1.1511600000,1.1509700000,1.1510200000,199,10,0
1785477900,1.1510100000,1.1512200000,1.1510000000,1.1511800000,117,10,0
1785478200,1.1511700000,1.1512900000,1.1508300000,1.1510000000,417,10,0
1785478500,1.1509800000,1.1510700000,1.1507600000,1.1508300000,148,10,0
1785478800,1.1508200000,1.1509500000,1.1507700000,1.1509300000,101,10,0
1785479100,1.1509300000,1.1510300000,1.1507700000,1.1508300000,193,10,0
1785479400,1.1508400000,1.1509700000,1.1507700000,1.1508300000,138,10,0
1785479700,1.1508200000,1.1508700000,1.1506700000,1.1506900000,123,10,0
1785480000,1.1507000000,1.1507500000,1.1505800000,1.1507400000,94,10,0
1785480300,1.1507400000,1.1510500000,1.1507400000,1.1509800000,143,10,0
1785480600,1.1509900000,1.1511800000,1.1509700000,1.1511300000,120,10,0
1785480900,1.1511300000,1.1513100000,1.1511300000,1.1512900000,91,10,0
1785481200,1.1512800000,1.1513400000,1.1511600000,1.1513100000,109,10,0
1785481500,1.1513000000,1.1513800000,1.1512200000,1.1513200000,122,10,0
1785481800,1.1513100000,1.1513600000,1.1511800000,1.1512600000,100,10,0
1785482100,1.1512500000,1.1512600000,1.1511400000,1.1512300000,62,10,0
1785482400,1.1511900000,1.1513300000,1.1511700000,1.1513000000,73,10,0
1785482700,1.1513000000,1.1513500000,1.1510400000,1.1510500000,127,10,0
1785483000,1.1510500000,1.1510600000,1.1507900000,1.1508800000,123,10,0
1785483300,1.1508900000,1.1509700000,1.1506700000,1.1507400000,125,10,0
1785483600,1.1507400000,1.1507500000,1.1505200000,1.1505700000,131,10,0
1785483900,1.1505700000,1.1505800000,1.1503800000,1.1504000000,120,10,0
1785484200,1.1504100000,1.1507200000,1.1504100000,1.1506900000,148,10,0
1785484500,1.1506900000,1.1507900000,1.1505700000,1.1507700000,113,10,0
1785484800,1.1507900000,1.1508100000,1.1505800000,1.1506900000,155,10,0
1785485100,1.1506800000,1.1507000000,1.1505900000,1.1506500000,86,10,0
1785485400,1.1506600000,1.1508800000,1.1505400000,1.1505500000,151,10,0
1785485700,1.1505600000,1.1506900000,1.1505200000,1.1506000000,161,10,0
1785486000,1.1506100000,1.1506400000,1.1504400000,1.1505100000,138,10,0
1785486300,1.1505100000,1.1505600000,1.1504600000,1.1504600000,78,10,0
1785486600,1.1504600000,1.1508900000,1.1504500000,1.1507800000,143,10,0
1785486900,1.1507800000,1.1508400000,1.1506700000,1.1507800000,91,10,0
1785487200,1.1507900000,1.1509100000,1.1505900000,1.1506900000,182,10,0
1785487500,1.1506800000,1.1506800000,1.1504100000,1.1504300000,132,10,0
1785487800,1.1504400000,1.1506400000,1.1504300000,1.1505500000,132,10,0
1785488100,1.1505500000,1.1506700000,1.1504800000,1.1505800000,161,10,0
1785488400,1.1505900000,1.1510700000,1.1504800000,1.1510400000,271,10,0
1785488700,1.1510600000,1.1515200000,1.1510600000,1.1514600000,216,10,0
1785489000,1.1514500000,1.1516500000,1.1512200000,1.1516200000,190,10,0
