time,open,high,low,close,tick_volume,spread,real_volume
1784063400,1.3378000000,1.3382400000,1.3376700000,1.3381900000,337,10,0
1784063700,1.3381900000,1.3383600000,1.3381500000,1.3381700000,384,10,0
1784064000,1.3381800000,1.3383300000,1.3379100000,1.3379900000,464,10,0
1784064300,1.3379900000,1.3380900000,1.3378600000,1.3380200000,333,10,0
1784064600,1.3380100000,1.3382300000,1.3379900000,1.3382000000,392,10,0
1784064900,1.3382000000,1.3382500000,1.3376400000,1.3377500000,504,10,0
1784065200,1.3377500000,1.3377500000,1.3370400000,1.3374200000,718,10,0
1784065500,1.3374200000,1.3375700000,1.3373700000,1.3374500000,485,10,0
1784065800,1.3374400000,1.3376900000,1.3373800000,1.3376600000,367,10,0
1784066100,1.3376500000,1.3382000000,1.3376300000,1.3381300000,407,10,0
1784066400,1.3381600000,1.3383100000,1.3380600000,1.3381700000,438,10,0
1784066700,1.3381700000,1.3382500000,1.3380800000,1.3382000000,333,10,0
1784067000,1.3382000000,1.3384900000,1.3380800000,1.3384100000,354,10,0
1784067300,1.3384100000,1.3385400000,1.3382700000,1.3385400000,431,10,0
1784067600,1.3385400000,1.3386300000,1.3382900000,1.3385500000,369,10,0
1784067900,1.3385400000,1.3386800000,1.3385100000,1.3386100000,322,10,0
1784068200,1.3386100000,1.3386300000,1.3381400000,1.3384100000,599,10,0
1784068500,1.3384200000,1.3385700000,1.3383500000,1.3385600000,387,10,0
1784068800,1.3385500000,1.3386800000,1.3384800000,1.3386600000,310,10,0
1784069100,1.3386600000,1.3390800000,1.3386500000,1.3388800000,298,10,0
1784069400,1.3388600000,1.3390400000,1.3388600000,1.3389400000,327,10,0
1784069700,1.3389300000,1.3390000000,1.3387400000,1.3387400000,362,10,0
1784070000,1.3387500000,1.3387600000,1.3385800000,1.3387500000,340,10,0
1784070300,1.3387500000,1.3388700000,1.3387200000,1.3387900000,240,10,0
1784070600,1.3388000000,1.3389300000,1.3386600000,1.3388200000,243,10,0
1784070900,1.3388300000,1.3388300000,1.3387200000,1.3387700000,193,10,0
1784071200,1.3387800000,1.3387900000,1.3387300000,1.3387600000,77,11,0
1784071500,1.3387500000,1.3388600000,1.3386600000,1.3386900000,83,10,0
1784071800,1.3387100000,1.3388000000,1.3386800000,1.3386900000,103,10,0
1784072100,1.3386900000,1.3389100000,1.3386900000,1.3389000000,132,10,0
1784072400,1.3389000000,1.3389000000,1.3388000000,1.3388100000,140,10,0
1784072700,1.3388300000,1.3388900000,1.3388100000,1.3388700000,180,10,0
1784073000,1.3388500000,1.3390500000,1.3388200000,1.3390500000,92,10,0
1784073300,1.3390300000,1.3391600000,1.3381500000,1.3381500000,165,10,0
1784073600,1.3381300000,1.3381600000,1.3374500000,1.3381600000,7,157,0
1784073900,1.3379500000,1.3387100000,1.3375200000,1.3384600000,43,80,0
1784074200,1.3378300000,1.3384000000,1.3375600000,1.3376800000,63,100,0
1784074500,1.3375800000,1.3375800000,1.3371700000,1.3373700000,67,157,0
1784074800,1.3373900000,1.3382800000,1.3372400000,1.3382700000,21,108,0
1784075100,1.3382700000,1.3390700000,1.3382700000,1.3382800000,92,63,0
1784075400,1.3382800000,1.3382800000,1.3382700000,1.3382700000,6,126,0
1784075700,1.3382700000,1.3382700000,1.3382600000,1.3382600000,6,119,0
1784076000,1.3382600000,1.3382900000,1.3382600000,1.3382600000,8,119,0
1784076300,1.3382700000,1.3386000000,1.3377900000,1.3378100000,60,87,0
1784076600,1.3378900000,1.3379600000,1.3378600000,1.3379300000,34,142,0
1784076900,1.3378500000,1.3381000000,1.3378300000,1.3379700000,219,151,0
1784077200,1.3379600000,1.3387900000,1.3379600000,1.3386300000,61,18,0
1784077500,1.3386200000,1.3390300000,1.3386200000,1.3388700000,37,10,0
1784077800,1.3388600000,1.3389500000,1.3386200000,1.3389400000,160,13,0
1784078100,1.3389500000,1.3391400000,1.3388400000,1.3390600000,230,12,0
1784078400,1.3390300000,1.3392300000,1.3389800000,1.3391500000,181,13,0
1784078700,1.3391400000,1.3393500000,1.3391000000,1.3393300000,154,14,0
1784079000,1.3393200000,1.3393600000,1.3391700000,1.3392200000,108,12,0
1784079300,1.3392200000,1.3393200000,1.3391500000,1.3392500000,104,14,0
1784079600,1.3392600000,1.3392700000,1.3391500000,1.3391700000,55,15,0
1784079900,1.3391700000,1.3391700000,1.3389200000,1.3389200000,87,12,0
1784080200,1.3389300000,1.3390400000,1.3389200000,1.3389300000,50,12,0
1784080500,1.3389400000,1.3390300000,1.3388500000,1.3390000000,87,14,0
1784080800,1.3390000000,1.3391200000,1.3389600000,1.3390600000,181,11,0
1784081100,1.3390600000,1.3392400000,1.3389900000,1.3392400000,202,11,0
1784081400,1.3392200000,1.3392900000,1.3391800000,1.3392400000,253,12,0
1784081700,1.3392300000,1.3392700000,1.3391500000,1.3391600000,160,11,0
1784082000,1.3391700000,1.3392100000,1.3391500000,1.3391600000,176,11,0
1784082300,1.3391600000,1.3393400000,1.3391500000,1.3393400000,331,10,0
1784082600,1.3393300000,1.3393800000,1.3392000000,1.3392600000,325,11,0
1784082900,1.3392600000,1.3393900000,1.3392600000,1.3393700000,214,12,0
1784083200,1.3393700000,1.3395700000,1.3393700000,1.3395500000,245,12,0
1784083500,1.3395600000,1.3395800000,1.3394700000,1.3395800000,205,12,0
1784083800,1.3395900000,1.3395900000,1.3394500000,1.3395700000,125,12,0
1784084100,1.3395800000,1.3396100000,1.3395100000,1.3395900000,115,12,0
1784084400,1.3396100000,1.3396500000,1.3393700000,1.3396100000,414,11,0
1784084700,1.3396100000,1.3396200000,1.3394000000,1.3395700000,287,12,0
1784085000,1.3395700000,1.3396200000,1.3394100000,1.3394500000,382,11,0
1784085300,1.3394400000,1.3396600000,1.3394400000,1.3395400000,419,10,0
1784085600,1.3395300000,1.3396400000,1.3395000000,1.3396000000,290,11,0
1784085900,1.3396000000,1.3399300000,1.3395700000,1.3398100000,245,10,0
1784086200,1.3398200000,1.3399000000,1.3397600000,1.3397600000,182,10,0
1784086500,1.3397700000,1.3398200000,1.3395800000,1.3396500000,209,10,0
1784086800,1.3396500000,1.3396600000,1.3394000000,1.3395200000,291,11,0
1784087100,1.3395100000,1.3397300000,1.3395000000,1.3397300000,219,12,0
1784087400,1.3397200000,1.3400700000,1.3397100000,1.3400100000,240,10,0
1784087700,1.3400100000,1.3403500000,1.3400100000,1.3402600000,332,11,0
1784088000,1.3402700000,1.3403700000,1.3400400000,1.3402200000,506,10,0
1784088300,1.3402100000,1.3404600000,1.3401900000,1.3403800000,356,10,0
1784088600,1.3403800000,1.3404600000,1.3402900000,1.3404300000,212,10,0
1784088900,1.3404300000,1.3405100000,1.3403300000,1.3403600000,167,10,0
1784089200,1.3403600000,1.3403800000,1.3402400000,1.3402500000,177,10,0
1784089500,1.3402500000,1.3402900000,1.3400300000,1.3401400000,214,10,0
1784089800,1.3401300000,1.3402800000,1.3400600000,1.3401600000,381,12,0
1784090100,1.3401500000,1.3402500000,1.3400200000,1.3402000000,349,10,0
1784090400,1.3402300000,1.3402500000,1.3398300000,1.3399700000,276,10,0
1784090700,1.3399600000,1.3400800000,1.3399100000,1.3400200000,283,11,0
1784091000,1.3400100000,1.3400800000,1.3398900000,1.3400100000,349,11,0
1784091300,1.3400200000,1.3402000000,1.3399900000,1.3401600000,245,10,0
1784091600,1.3401700000,1.3403600000,1.3400300000,1.3403500000,262,11,0
1784091900,1.3403500000,1.3404400000,1.3403000000,1.3403600000,147,10,0
1784092200,1.3403600000,1.3404000000,1.3401600000,1.3401900000,254,10,0
1784092500,1.3402000000,1.3402000000,1.3399400000,1.3399500000,227,11,0
1784092800,1.3399400000,1.3400500000,1.3399200000,1.3399700000,178,12,0
1784093100,1.3399800000,1.3401900000,1.3399700000,1.3401200000,198,12,0
1784093400,1.3401300000,1.3402400000,1.3400600000,1.3402400000,283,11,0
1784093700,1.3402400000,1.3403100000,1.3401800000,1.3402900000,221,12,0
1784094000,1.3403000000,1.3408600000,1.3402800000,1.3407500000,233,11,0
1784094300,1.3407400000,1.3407600000,1.3405600000,1.3406700000,261,11,0
1784094600,1.3406800000,1.3407100000,1.3404800000,1.3406000000,214,12,0
1784094900,1.3405900000,1.3407200000,1.3405200000,1.3405400000,245,11,0
1784095200,1.3405300000,1.3408500000,1.3405300000,1.3408000000,302,10,0
1784095500,1.3407900000,1.3408100000,1.3405300000,1.3406200000,284,11,0
1784095800,1.3406100000,1.3406300000,1.3402400000,1.3402500000,304,10,0
1784096100,1.3402500000,1.3402700000,1.3397800000,1.3398100000,226,11,0
1784096400,1.3398100000,1.3399400000,1.3398100000,1.3399100000,232,10,0
1784096700,1.3399200000,1.3400800000,1.3399100000,1.3400100000,212,12,0
1784097000,1.3400100000,1.3401800000,1.3399800000,1.3401500000,199,11,0
1784097300,1.3401400000,1.3401800000,1.3400500000,1.3401500000,138,10,0
1784097600,1.3401500000,1.3401700000,1.3398700000,1.3398800000,172,10,0
1784097900,1.3398700000,1.3401200000,1.3398700000,1.3401100000,143,11,0
1784098200,1.3401100000,1.3403100000,1.3401100000,1.3402400000,160,11,0
1784098500,1.3402500000,1.3404300000,1.3401800000,1.3403100000,191,11,0
1784098800,1.3403300000,1.3404500000,1.3402600000,1.3403200000,213,11,0
1784099100,1.3403200000,1.3403700000,1.3401800000,1.3402000000,187,11,0
1784099400,1.3402100000,1.3402700000,1.3401600000,1.3402300000,140,10,0
1784099700,1.3402400000,1.3404000000,1.3401900000,1.3403600000,201,11,0
1784100000,1.3403600000,1.3404100000,1.3403000000,1.3403800000,132,11,0
1784100300,1.3403900000,1.3404400000,1.3403200000,1.3403900000,157,11,0
1784100600,1.3403800000,1.3404700000,1.3403300000,1.3404400000,115,11,0
1784100900,1.3404400000,1.3404600000,1.3403600000,1.3403700000,146,10,0
1784101200,1.3403600000,1.3403700000,1.3402300000,1.3402700000,122,10,0
1784101500,1.3402700000,1.3404500000,1.3402600000,1.3403500000,117,10,0
1784101800,1.3403600000,1.3404000000,1.3402900000,1.3402900000,94,11,0
1784102100,1.3402900000,1.3403800000,1.3401800000,1.3402000000,161,10,0
1784102400,1.3402000000,1.3402200000,1.3399900000,1.3401400000,353,10,0
1784102700,1.3401400000,1.3403300000,1.3400300000,1.3401900000,269,10,0
1784103000,1.3402000000,1.3403000000,1.3401100000,1.3402600000,117,11,0
1784103300,1.3402700000,1.3403800000,1.3402300000,1.3403800000,139,10,0
1784103600,1.3403800000,1.3404900000,1.3403500000,1.3403700000,178,11,0
1784103900,1.3403600000,1.3404700000,1.3403000000,1.3403700000,155,11,0
1784104200,1.3403700000,1.3406500000,1.3403400000,1.3406400000,207,11,0
1784104500,1.3406300000,1.3407900000,1.3404700000,1.3407800000,215,10,0
1784104800,1.3407800000,1.3411300000,1.3407400000,1.3411200000,185,10,0
1784105100,1.3411300000,1.3413700000,1.3410500000,1.3413500000,265,11,0
1784105400,1.3413500000,1.3413800000,1.3411900000,1.3413000000,239,10,0
1784105700,1.3412900000,1.3413000000,1.3409600000,1.3409800000,243,11,0
1784106000,1.3409700000,1.3413900000,1.3409700000,1.3413500000,290,10,0
1784106300,1.3413500000,1.3414200000,1.3412200000,1.3414000000,283,10,0
1784106600,1.3414100000,1.3416500000,1.3413500000,1.3416400000,249,10,0
1784106900,1.3416400000,1.3419400000,1.3415700000,1.3419400000,300,10,0
1784107200,1.3419300000,1.3419300000,1.3416400000,1.3417500000,192,10,0
1784107500,1.3417500000,1.3418900000,1.3416800000,1.3416800000,279,10,0
1784107800,1.3417100000,1.3417200000,1.3412200000,1.3412500000,433,10,0
1784108100,1.3412600000,1.3414300000,1.3410100000,1.3413600000,416,10,0
1784108400,1.3413600000,1.3416400000,1.3411100000,1.3415000000,407,10,0
1784108700,1.3414700000,1.3415300000,1.3412200000,1.3413500000,399,10,0
1784109000,1.3413600000,1.3418800000,1.3410200000,1.3415400000,621,10,0
1784109300,1.3415900000,1.3417800000,1.3412400000,1.3414400000,754,10,0
1784109600,1.3414400000,1.3416500000,1.3408400000,1.3414500000,644,10,0
1784109900,1.3414500000,1.3415300000,1.3412200000,1.3414900000,528,10,0
1784110200,1.3414900000,1.3419200000,1.3414900000,1.3415200000,513,10,0
1784110500,1.3415200000,1.3415900000,1.3410100000,1.3410500000,514,10,0
1784110800,1.3410600000,1.3412300000,1.3404000000,1.3404700000,481,10,0
1784111100,1.3404700000,1.3407700000,1.3401900000,1.3407600000,358,10,0
1784111400,1.3407700000,1.3411200000,1.3404400000,1.3408100000,387,10,0
1784111700,1.3408200000,1.3408200000,1.3405200000,1.3406100000,539,10,0
1784112000,1.3406200000,1.3407700000,1.3404200000,1.3405200000,498,10,0
1784112300,1.3405100000,1.3405400000,1.3402000000,1.3404300000,423,10,0
1784112600,1.3404300000,1.3404500000,1.3402400000,1.3402900000,289,10,0
1784112900,1.3402900000,1.3403800000,1.3400500000,1.3401500000,339,10,0
1784113200,1.3401600000,1.3406700000,1.3400300000,1.3405200000,412,10,0
1784113500,1.3405300000,1.3405700000,1.3399100000,1.3399200000,393,10,0
1784113800,1.3399300000,1.3400700000,1.3395300000,1.3395500000,397,10,0
1784114100,1.3395400000,1.3397600000,1.3394200000,1.3395700000,320,10,0
1784114400,1.3395700000,1.3398300000,1.3394400000,1.3398200000,356,10,0
1784114700,1.3398300000,1.3399400000,1.3395300000,1.3398900000,358,10,0
1784115000,1.3399200000,1.3400900000,1.3398300000,1.3398300000,348,10,0
1784115300,1.3398300000,1.3399400000,1.3395600000,1.3396300000,258,10,0
1784115600,1.3396300000,1.3396400000,1.3394200000,1.3394800000,293,10,0
1784115900,1.3394700000,1.3395400000,1.3391300000,1.3391800000,364,10,0
1784116200,1.3391900000,1.3393600000,1.3390300000,1.3392800000,322,10,0
1784116500,1.3392700000,1.3395800000,1.3392200000,1.3395600000,308,10,0
1784116800,1.3395800000,1.3396800000,1.3391800000,1.3395500000,198,10,0
1784117100,1.3395500000,1.3396400000,1.3394100000,1.3396200000,271,10,0
1784117400,1.3396100000,1.3398300000,1.3394800000,1.3394900000,309,11,0
1784117700,1.3394800000,1.3396500000,1.3393600000,1.3394300000,272,11,0
1784118000,1.3394300000,1.3395900000,1.3393900000,1.3395600000,234,11,0
1784118300,1.3395700000,1.3395900000,1.3392500000,1.3392700000,267,11,0
1784118600,1.3392600000,1.3393400000,1.3388000000,1.3389600000,289,11,0
1784118900,1.3389800000,1.3391500000,1.3388200000,1.3390000000,267,11,0
1784119200,1.3390100000,1.3391800000,1.3390100000,1.3391000000,244,11,0
1784119500,1.3391000000,1.3391700000,1.3389400000,1.3390900000,248,11,0
1784119800,1.3390800000,1.3392900000,1.3389100000,1.3392800000,367,11,0
1784120100,1.3392900000,1.3393200000,1.3389100000,1.3389800000,296,11,0
1784120400,1.3389700000,1.3390200000,1.3385900000,1.3388200000,398,11,0
1784120700,1.3388300000,1.3388500000,1.3384100000,1.3386500000,356,11,0
1784121000,1.3386400000,1.3387100000,1.3384900000,1.3385100000,342,12,0
1784121300,1.3385000000,1.3387200000,1.3384100000,1.3384500000,365,11,0
1784121600,1.3384400000,1.3389200000,1.3380500000,1.3381000000,448,11,0
1784121900,1.3381000000,1.3381800000,1.3380000000,1.3381300000,367,11,0
1784122200,1.3381400000,1.3385700000,1.3381200000,1.3384500000,315,11,0
1784122500,1.3384600000,1.3387200000,1.3384300000,1.3386900000,289,11,0
1784122800,1.3386900000,1.3387500000,1.3384100000,1.3387200000,243,11,0
1784123100,1.3387100000,1.3390000000,1.3387100000,1.3389500000,229,11,0
1784123400,1.3389400000,1.3393500000,1.3388300000,1.3393500000,270,11,0
1784123700,1.3393400000,1.3399200000,1.3392100000,1.3399200000,474,11,0
1784124000,1.3399100000,1.3399600000,1.3396300000,1.3398100000,413,11,0
1784124300,1.3398200000,1.3400300000,1.3398200000,1.3400100000,287,11,0
1784124600,1.3400000000,1.3401000000,1.3397100000,1.3397500000,235,11,0
1784124900,1.3397500000,1.3398100000,1.3395200000,1.3397100000,315,11,0
1784125200,1.3397200000,1.3399500000,1.3397100000,1.3398300000,276,11,0
1784125500,1.3398400000,1.3398600000,1.3395800000,1.3397400000,270,11,0
1784125800,1.3397300000,1.3399500000,1.3396000000,1.3398900000,359,11,0
1784126100,1.3399100000,1.3402800000,1.3399000000,1.3401500000,292,11,0
1784126400,1.3401400000,1.3403100000,1.3401300000,1.3402600000,286,11,0
1784126700,1.3402700000,1.3404600000,1.3402200000,1.3403400000,382,11,0
1784127000,1.3403500000,1.3411500000,1.3402100000,1.3408700000,712,11,0
1784127300,1.3408600000,1.3414500000,1.3405900000,1.3409600000,777,11,0
1784127600,1.3409300000,1.3412700000,1.3407200000,1.3407200000,687,11,0
1784127900,1.3407300000,1.3407800000,1.3402200000,1.3404000000,468,11,0
1784128200,1.3404100000,1.3409200000,1.3404000000,1.3408000000,413,11,0
1784128500,1.3408000000,1.3412600000,1.3406300000,1.3406500000,470,11,0
1784128800,1.3406400000,1.3408400000,1.3405200000,1.3407900000,375,11,0
1784129100,1.3408000000,1.3408800000,1.3406000000,1.3407400000,317,11,0
1784129400,1.3407400000,1.3417800000,1.3407400000,1.3414200000,598,11,0
1784129700,1.3414200000,1.3415200000,1.3409500000,1.3411700000,584,11,0
1784130000,1.3411300000,1.3421200000,1.3411000000,1.3421100000,639,11,0
1784130300,1.3421100000,1.3423500000,1.3419900000,1.3422700000,485,11,0
1784130600,1.3422400000,1.3423500000,1.3421200000,1.3423500000,468,11,0
1784130900,1.3423400000,1.3429500000,1.3422100000,1.3427600000,505,11,0
1784131200,1.3427700000,1.3432200000,1.3426300000,1.3431600000,602,11,0
1784131500,1.3431600000,1.3435700000,1.3430800000,1.3433000000,552,11,0
1784131800,1.3433000000,1.3433000000,1.3425200000,1.3426700000,549,11,0
1784132100,1.3426600000,1.3432400000,1.3426500000,1.3431700000,500,11,0
1784132400,1.3431800000,1.3431800000,1.3425400000,1.3427600000,452,11,0
1784132700,1.3427500000,1.3427800000,1.3421300000,1.3423700000,532,11,0
1784133000,1.3423400000,1.3428800000,1.3423000000,1.3428400000,669,11,0
1784133300,1.3428500000,1.3430900000,1.3427200000,1.3430600000,592,11,0
1784133600,1.3430400000,1.3432800000,1.3429200000,1.3430000000,358,11,0
1784133900,1.3430300000,1.3439600000,1.3430300000,1.3437400000,454,11,0
1784134200,1.3437400000,1.3442400000,1.3434600000,1.3435500000,571,11,0
1784134500,1.3435400000,1.3448900000,1.3434700000,1.3440400000,671,11,0
1784134800,1.3441000000,1.3443200000,1.3437200000,1.3440900000,508,11,0
1784135100,1.3440800000,1.3444100000,1.3439200000,1.3441200000,712,11,0
1784135400,1.3441200000,1.3443900000,1.3440400000,1.3442100000,505,11,0
1784135700,1.3442200000,1.3445100000,1.3441300000,1.3444300000,523,11,0
1784136000,1.3444400000,1.3446800000,1.3441900000,1.3443400000,572,11,0
1784136300,1.3443500000,1.3444800000,1.3440500000,1.3444600000,619,11,0
1784136600,1.3444500000,1.3457000000,1.3444400000,1.3456700000,655,11,0
1784136900,1.3456800000,1.3460400000,1.3454600000,1.3456300000,702,11,0
1784137200,1.3456200000,1.3465900000,1.3454800000,1.3465800000,681,11,0
1784137500,1.3465900000,1.3473600000,1.3464800000,1.3473600000,695,11,0
1784137800,1.3473700000,1.3480000000,1.3472400000,1.3476800000,922,11,0
1784138100,1.3476800000,1.3481800000,1.3475200000,1.3477800000,819,11,0
1784138400,1.3477900000,1.3481000000,1.3475700000,1.3478800000,641,11,0
1784138700,1.3478900000,1.3480800000,1.3476600000,1.3477100000,575,11,0
1784139000,1.3477000000,1.3481000000,1.3472600000,1.3472700000,594,11,0
1784139300,1.3472400000,1.3477000000,1.3470700000,1.3476400000,605,11,0
1784139600,1.3476300000,1.3485400000,1.3476200000,1.3483600000,511,11,0
1784139900,1.3483600000,1.3488200000,1.3481200000,1.3487300000,595,11,0
1784140200,1.3487400000,1.3488600000,1.3484000000,1.3488600000,677,11,0
1784140500,1.3488400000,1.3489300000,1.3483000000,1.3485600000,677,11,0
1784140800,1.3485900000,1.3491000000,1.3485900000,1.3489600000,571,11,0
1784141100,1.3489700000,1.3494600000,1.3489400000,1.3490200000,549,11,0
1784141400,1.3490100000,1.3497300000,1.3489500000,1.3497100000,503,11,0
1784141700,1.3497100000,1.3497100000,1.3493800000,1.3495000000,457,11,0
1784142000,1.3494900000,1.3498500000,1.3494700000,1.3495700000,471,11,0
1784142300,1.3495700000,1.3498100000,1.3493300000,1.3495600000,399,11,0
1784142600,1.3495500000,1.3499400000,1.3494300000,1.3494900000,451,11,0
1784142900,1.3494900000,1.3500900000,1.3494300000,1.3499300000,397,11,0
1784143200,1.3499600000,1.3506600000,1.3499400000,1.3503300000,533,11,0
1784143500,1.3503200000,1.3511300000,1.3503200000,1.3511300000,538,11,0
1784143800,1.3511300000,1.3511600000,1.3507600000,1.3508400000,446,11,0
1784144100,1.3508500000,1.3510100000,1.3506200000,1.3510100000,413,11,0
1784144400,1.3510000000,1.3513100000,1.3507400000,1.3508700000,411,11,0
1784144700,1.3508800000,1.3520300000,1.3507700000,1.3519800000,530,11,0
1784145000,1.3519700000,1.3527700000,1.3519000000,1.3526200000,561,11,0
1784145300,1.3526300000,1.3526700000,1.3520300000,1.3525300000,605,11,0
1784145600,1.3525300000,1.3538100000,1.3525100000,1.3535100000,648,11,0
1784145900,1.3535100000,1.3539900000,1.3532400000,1.3539600000,523,11,0
1784146200,1.3539700000,1.3541000000,1.3531300000,1.3532600000,472,11,0
1784146500,1.3532500000,1.3535200000,1.3529700000,1.3534200000,464,11,0
1784146800,1.3534300000,1.3535500000,1.3533000000,1.3534100000,369,11,0
1784147100,1.3534100000,1.3534700000,1.3529000000,1.3531900000,519,11,0
1784147400,1.3531800000,1.3542200000,1.3531800000,1.3536400000,701,11,0
1784147700,1.3536300000,1.3540700000,1.3535400000,1.3539100000,506,11,0
1784148000,1.3539200000,1.3544200000,1.3538600000,1.3543600000,503,11,0
1784148300,1.3543500000,1.3547400000,1.3538600000,1.3547400000,523,11,0
1784148600,1.3547300000,1.3547300000,1.3542600000,1.3546000000,518,11,0
1784148900,1.3546000000,1.3548300000,1.3545600000,1.3547000000,257,11,0
1784149200,1.3546800000,1.3551600000,1.3546800000,1.3551200000,308,11,0
1784149500,1.3551100000,1.3553200000,1.3550600000,1.3551300000,421,11,0
1784149800,1.3551200000,1.3553600000,1.3548900000,1.3550400000,419,11,0
1784150100,1.3550400000,1.3557300000,1.3549200000,1.3557300000,452,11,0
1784150400,1.3557300000,1.3557400000,1.3553200000,1.3553600000,340,11,0
1784150700,1.3553500000,1.3554900000,1.3552200000,1.3553200000,288,12,0
1784151000,1.3553200000,1.3555400000,1.3552100000,1.3552200000,349,11,0
1784151300,1.3552200000,1.3552200000,1.3549100000,1.3550600000,350,11,0
1784151600,1.3550300000,1.3550400000,1.3543900000,1.3544200000,448,11,0
1784151900,1.3544000000,1.3544800000,1.3540900000,1.3541200000,674,11,0
1784152200,1.3541300000,1.3541700000,1.3538200000,1.3539200000,584,11,0
1784152500,1.3539100000,1.3539800000,1.3535200000,1.3535600000,349,11,0
1784152800,1.3535400000,1.3541500000,1.3535200000,1.3540500000,400,11,0
1784153100,1.3540600000,1.3543900000,1.3540300000,1.3542300000,375,11,0
1784153400,1.3542400000,1.3543100000,1.3540400000,1.3541700000,538,11,0
1784153700,1.3541600000,1.3542500000,1.3536300000,1.3536500000,551,11,0
1784154000,1.3536600000,1.3537800000,1.3534700000,1.3536400000,417,11,0
1784154300,1.3536400000,1.3537500000,1.3535800000,1.3536500000,379,11,0
1784154600,1.3536600000,1.3537000000,1.3528700000,1.3530400000,666,11,0
1784154900,1.3530400000,1.3532500000,1.3527000000,1.3530600000,596,11,0
1784155200,1.3530600000,1.3531300000,1.3529100000,1.3529300000,343,11,0
1784155500,1.3529300000,1.3530400000,1.3528300000,1.3529200000,359,11,0
1784155800,1.3529500000,1.3530500000,1.3528600000,1.3530100000,366,11,0
1784156100,1.3530500000,1.3534500000,1.3530400000,1.3534100000,367,11,0
1784156400,1.3534100000,1.3536400000,1.3534000000,1.3535500000,262,11,0
1784156700,1.3535500000,1.3536500000,1.3532900000,1.3533400000,224,11,0
1784157000,1.3533400000,1.3534500000,1.3533400000,1.3534300000,207,11,0
1784157300,1.3534400000,1.3535600000,1.3534100000,1.3535400000,54,11,0
1784157600,1.3535400000,1.3538200000,1.3535400000,1.3537800000,141,11,0
1784157900,1.3537700000,1.3538800000,1.3536800000,1.3537900000,99,11,0
1784158200,1.3537800000,1.3537900000,1.3535200000,1.3535900000,283,11,0
1784158500,1.3535900000,1.3536400000,1.3535100000,1.3535200000,194,11,0
1784158800,1.3535300000,1.3536400000,1.3535000000,1.3535400000,272,11,0
1784159100,1.3535200000,1.3535900000,1.3534000000,1.3535800000,181,11,0
1784159400,1.3535500000,1.3537500000,1.3535500000,1.3537400000,255,13,0
1784159700,1.3537500000,1.3538800000,1.3536800000,1.3537600000,235,12,0
1784160000,1.3535100000,1.3535100000,1.3524800000,1.3528900000,13,76,0
1784160300,1.3529200000,1.3532200000,1.3527900000,1.3530700000,19,122,0
1784160600,1.3528300000,1.3529200000,1.3526800000,1.3528600000,17,157,0
1784160900,1.3527900000,1.3529500000,1.3527700000,1.3527800000,91,157,0
1784161200,1.3527900000,1.3529300000,1.3527800000,1.3527800000,47,157,0
1784161500,1.3528200000,1.3529100000,1.3527600000,1.3527800000,108,157,0
1784161800,1.3527700000,1.3529700000,1.3527700000,1.3528400000,129,134,0
1784162100,1.3528400000,1.3529900000,1.3527800000,1.3529000000,165,136,0
1784162400,1.3529200000,1.3532100000,1.3527800000,1.3528200000,213,111,0
1784162700,1.3528100000,1.3531200000,1.3528000000,1.3529300000,164,106,0
1784163000,1.3529500000,1.3530100000,1.3526800000,1.3528500000,179,137,0
1784163300,1.3528600000,1.3535600000,1.3524700000,1.3534100000,199,38,0
1784163600,1.3534000000,1.3539300000,1.3534000000,1.3537700000,59,24,0
1784163900,1.3537800000,1.3538700000,1.3537700000,1.3538700000,23,21,0
1784164200,1.3538700000,1.3539700000,1.3538700000,1.3539200000,94,15,0
1784164500,1.3539300000,1.3540100000,1.3538600000,1.3540000000,87,17,0
1784164800,1.3539900000,1.3540200000,1.3539800000,1.3539800000,98,18,0
1784165100,1.3539900000,1.3541000000,1.3539800000,1.3540900000,92,16,0
1784165400,1.3541000000,1.3541400000,1.3539900000,1.3539900000,97,15,0
1784165700,1.3539900000,1.3540000000,1.3539300000,1.3539900000,54,17,0
1784166000,1.3539900000,1.3540100000,1.3539900000,1.3539900000,34,18,0
1784166300,1.3540000000,1.3540500000,1.3539200000,1.3539500000,55,14,0
1784166600,1.3539700000,1.3539800000,1.3535900000,1.3537100000,85,14,0
1784166900,1.3537000000,1.3537400000,1.3536100000,1.3537200000,87,16,0
1784167200,1.3537500000,1.3538200000,1.3536900000,1.3537200000,99,14,0
1784167500,1.3537100000,1.3538300000,1.3536100000,1.3538200000,117,11,0
1784167800,1.3538200000,1.3539100000,1.3537900000,1.3539100000,47,14,0
1784168100,1.3539000000,1.3540300000,1.3538000000,1.3540000000,140,12,0
1784168400,1.3540000000,1.3540100000,1.3538900000,1.3539000000,105,12,0
1784168700,1.3539000000,1.3540500000,1.3539000000,1.3540100000,108,14,0
1784169000,1.3540100000,1.3540300000,1.3538900000,1.3540300000,142,14,0
1784169300,1.3540400000,1.3541400000,1.3540000000,1.3541200000,67,13,0
1784169600,1.3541300000,1.3542500000,1.3540200000,1.3542300000,109,12,0
1784169900,1.3542300000,1.3542700000,1.3542000000,1.3542400000,135,14,0
1784170200,1.3542500000,1.3542600000,1.3540000000,1.3540400000,176,13,0
1784170500,1.3540300000,1.3540800000,1.3537800000,1.3538000000,298,11,0
1784170800,1.3538000000,1.3539500000,1.3536800000,1.3538100000,487,11,0
1784171100,1.3538100000,1.3540000000,1.3537100000,1.3539500000,291,12,0
1784171400,1.3539600000,1.3543600000,1.3539300000,1.3543000000,289,11,0
1784171700,1.3543000000,1.3543600000,1.3539100000,1.3540500000,318,11,0
1784172000,1.3540600000,1.3540700000,1.3537100000,1.3538700000,352,12,0
1784172300,1.3538700000,1.3539600000,1.3538000000,1.3538100000,233,13,0
1784172600,1.3538200000,1.3538600000,1.3533300000,1.3533600000,393,12,0
1784172900,1.3533800000,1.3534100000,1.3530300000,1.3530400000,362,11,0
1784173200,1.3530600000,1.3532400000,1.3530100000,1.3532100000,209,11,0
1784173500,1.3532100000,1.3532900000,1.3529600000,1.3529700000,317,11,0
1784173800,1.3529700000,1.3531400000,1.3526800000,1.3528200000,628,11,0
1784174100,1.3528300000,1.3533700000,1.3528000000,1.3533100000,481,12,0
1784174400,1.3533200000,1.3534400000,1.3532500000,1.3533600000,469,12,0
1784174700,1.3533600000,1.3533700000,1.3530400000,1.3532000000,327,12,0
1784175000,1.3532100000,1.3532700000,1.3530700000,1.3532100000,395,11,0
1784175300,1.3532000000,1.3532100000,1.3526900000,1.3528300000,491,12,0
1784175600,1.3528200000,1.3532400000,1.3528000000,1.3531200000,370,11,0
1784175900,1.3531300000,1.3532400000,1.3527800000,1.3528000000,480,13,0
1784176200,1.3528100000,1.3529600000,1.3525800000,1.3527000000,422,11,0
1784176500,1.3527100000,1.3527500000,1.3525800000,1.3527400000,396,13,0
1784176800,1.3527300000,1.3528300000,1.3526400000,1.3527600000,319,11,0
1784177100,1.3527500000,1.3528000000,1.3526200000,1.3527700000,360,11,0
1784177400,1.3527700000,1.3528300000,1.3526500000,1.3526800000,247,11,0
1784177700,1.3526800000,1.3526800000,1.3525100000,1.3526300000,292,11,0
1784178000,1.3526300000,1.3526300000,1.3523300000,1.3523800000,227,13,0
1784178300,1.3523800000,1.3524100000,1.3522300000,1.3523000000,213,12,0
1784178600,1.3522900000,1.3523500000,1.3520300000,1.3520600000,268,11,0
1784178900,1.3520600000,1.3521100000,1.3518900000,1.3520100000,346,13,0
1784179200,1.3520200000,1.3524500000,1.3519900000,1.3523900000,312,11,0
1784179500,1.3523900000,1.3524800000,1.3522800000,1.3524300000,258,12,0
1784179800,1.3524200000,1.3525100000,1.3523000000,1.3524100000,338,12,0
1784180100,1.3524100000,1.3524600000,1.3521300000,1.3522100000,376,12,0
1784180400,1.3521900000,1.3523000000,1.3520700000,1.3522900000,319,12,0
1784180700,1.3523000000,1.3523800000,1.3521900000,1.3521900000,244,12,0
1784181000,1.3522000000,1.3523700000,1.3520800000,1.3523200000,288,11,0
1784181300,1.3523300000,1.3526400000,1.3522500000,1.3526200000,253,12,0
1784181600,1.3526200000,1.3526900000,1.3525100000,1.3526300000,273,12,0
1784181900,1.3526400000,1.3533300000,1.3526200000,1.3533300000,393,11,0
1784182200,1.3533900000,1.3534200000,1.3531900000,1.3533200000,235,11,0
1784182500,1.3533100000,1.3534900000,1.3532900000,1.3533400000,245,12,0
1784182800,1.3533200000,1.3534600000,1.3532400000,1.3533700000,361,12,0
1784183100,1.3533600000,1.3534900000,1.3533300000,1.3533900000,382,11,0
1784183400,1.3533700000,1.3537300000,1.3533700000,1.3536100000,359,11,0
1784183700,1.3536000000,1.3536700000,1.3535600000,1.3535800000,256,12,0
1784184000,1.3535800000,1.3536200000,1.3533600000,1.3533700000,218,13,0
1784184300,1.3533600000,1.3533900000,1.3532300000,1.3532400000,381,13,0
1784184600,1.3532500000,1.3532600000,1.3530300000,1.3531300000,288,12,0
1784184900,1.3531200000,1.3532300000,1.3530200000,1.3532300000,267,11,0
1784185200,1.3532300000,1.3533300000,1.3531300000,1.3531900000,236,13,0
1784185500,1.3531900000,1.3532500000,1.3530700000,1.3530900000,258,12,0
1784185800,1.3530800000,1.3533900000,1.3530700000,1.3533900000,179,12,0
1784186100,1.3533800000,1.3533900000,1.3531300000,1.3531600000,150,12,0
1784186400,1.3531500000,1.3532700000,1.3531300000,1.3532100000,201,12,0
1784186700,1.3532100000,1.3532100000,1.3529900000,1.3530100000,312,12,0
1784187000,1.3530200000,1.3531800000,1.3530000000,1.3530900000,388,13,0
1784187300,1.3530700000,1.3533000000,1.3530600000,1.3532800000,192,13,0
1784187600,1.3532600000,1.3534200000,1.3532500000,1.3532500000,283,11,0
1784187900,1.3532500000,1.3533400000,1.3532200000,1.3532300000,312,12,0
1784188200,1.3532400000,1.3533000000,1.3531900000,1.3532700000,273,12,0
1784188500,1.3532600000,1.3532700000,1.3531000000,1.3531700000,264,12,0
1784188800,1.3531900000,1.3533800000,1.3531900000,1.3533100000,285,13,0
1784189100,1.3533100000,1.3534500000,1.3533000000,1.3534300000,259,12,0
1784189400,1.3534400000,1.3535600000,1.3534000000,1.3535000000,372,13,0
1784189700,1.3535000000,1.3537300000,1.3534900000,1.3536100000,198,11,0
1784190000,1.3536100000,1.3537200000,1.3536000000,1.3536900000,229,12,0
1784190300,1.3536900000,1.3537300000,1.3535500000,1.3536200000,215,12,0
1784190600,1.3536300000,1.3540400000,1.3535600000,1.3538400000,619,11,0
1784190900,1.3538200000,1.3538200000,1.3534100000,1.3534300000,559,11,0
1784191200,1.3534300000,1.3534900000,1.3532200000,1.3533000000,449,12,0
1784191500,1.3532900000,1.3533600000,1.3531200000,1.3532000000,453,11,0
1784191800,1.3532000000,1.3533200000,1.3530700000,1.3531000000,312,12,0
1784192100,1.3531100000,1.3532100000,1.3526300000,1.3528000000,409,11,0
1784192400,1.3526100000,1.3534300000,1.3525400000,1.3529300000,466,11,0
1784192700,1.3529200000,1.3533500000,1.3528300000,1.3532500000,592,11,0
1784193000,1.3532400000,1.3538200000,1.3532200000,1.3538200000,447,11,0
1784193300,1.3537700000,1.3537800000,1.3532800000,1.3534100000,465,11,0
1784193600,1.3534200000,1.3536800000,1.3532400000,1.3535200000,458,11,0
1784193900,1.3535200000,1.3536500000,1.3533800000,1.3535200000,433,11,0
1784194200,1.3535100000,1.3536100000,1.3532100000,1.3532300000,482,11,0
1784194500,1.3532400000,1.3535300000,1.3531900000,1.3535100000,421,11,0
1784194800,1.3535200000,1.3536100000,1.3533300000,1.3535600000,304,11,0
1784195100,1.3535500000,1.3535900000,1.3532000000,1.3535500000,473,11,0
1784195400,1.3535400000,1.3537200000,1.3534100000,1.3537100000,316,11,0
1784195700,1.3537200000,1.3541400000,1.3537100000,1.3539300000,492,11,0
1784196000,1.3539600000,1.3541600000,1.3537100000,1.3538200000,527,11,0
1784196300,1.3538000000,1.3538100000,1.3535100000,1.3535300000,487,11,0
1784196600,1.3535300000,1.3537500000,1.3535200000,1.3535500000,413,11,0
1784196900,1.3535500000,1.3536100000,1.3531200000,1.3535000000,411,11,0
1784197200,1.3535100000,1.3540400000,1.3534200000,1.3536000000,480,11,0
1784197500,1.3535900000,1.3536700000,1.3529900000,1.3532000000,391,11,0
1784197800,1.3531800000,1.3536100000,1.3531800000,1.3535500000,321,11,0
1784198100,1.3535500000,1.3536300000,1.3534100000,1.3535100000,313,11,0
1784198400,1.3535100000,1.3535500000,1.3533000000,1.3533600000,322,11,0
1784198700,1.3533600000,1.3537300000,1.3532500000,1.3537100000,456,11,0
1784199000,1.3536900000,1.3536900000,1.3533300000,1.3534300000,379,11,0
1784199300,1.3534300000,1.3537000000,1.3532500000,1.3532500000,423,11,0
1784199600,1.3532400000,1.3533700000,1.3527500000,1.3527900000,488,11,0
1784199900,1.3527900000,1.3527900000,1.3523000000,1.3524500000,390,11,0
1784200200,1.3524600000,1.3526100000,1.3521000000,1.3522300000,435,11,0
1784200500,1.3522200000,1.3523700000,1.3520500000,1.3521400000,396,11,0
1784200800,1.3521300000,1.3523000000,1.3519900000,1.3520700000,337,11,0
1784201100,1.3520700000,1.3522300000,1.3520100000,1.3521200000,383,11,0
1784201400,1.3521200000,1.3527200000,1.3521200000,1.3524500000,439,11,0
1784201700,1.3524500000,1.3525300000,1.3520300000,1.3521500000,431,11,0
1784202000,1.3521500000,1.3524400000,1.3521000000,1.3522700000,447,11,0
1784202300,1.3522800000,1.3522900000,1.3520200000,1.3521300000,295,11,0
1784202600,1.3521400000,1.3523100000,1.3518200000,1.3520200000,471,11,0
1784202900,1.3520200000,1.3521400000,1.3519200000,1.3520100000,434,11,0
1784203200,1.3520200000,1.3520600000,1.3518300000,1.3518600000,415,11,0
1784203500,1.3518500000,1.3519800000,1.3515100000,1.3515100000,368,11,0
1784203800,1.3515200000,1.3519900000,1.3514300000,1.3518200000,357,11,0
1784204100,1.3518200000,1.3518800000,1.3514900000,1.3516500000,403,11,0
1784204400,1.3516600000,1.3517200000,1.3515000000,1.3515100000,307,11,0
1784204700,1.3515000000,1.3515400000,1.3509500000,1.3509900000,322,11,0
1784205000,1.3509900000,1.3510200000,1.3505000000,1.3508400000,383,11,0
1784205300,1.3508500000,1.3509600000,1.3506400000,1.3507500000,276,11,0
1784205600,1.3507500000,1.3510700000,1.3507000000,1.3510300000,251,11,0
1784205900,1.3510200000,1.3510500000,1.3507400000,1.3509400000,310,11,0
1784206200,1.3509100000,1.3509700000,1.3507600000,1.3509500000,338,11,0
1784206500,1.3509600000,1.3510300000,1.3506500000,1.3506900000,350,11,0
1784206800,1.3507000000,1.3508200000,1.3505100000,1.3506600000,344,11,0
1784207100,1.3506700000,1.3508100000,1.3506200000,1.3506900000,274,11,0
1784207400,1.3506900000,1.3508900000,1.3506300000,1.3507200000,246,11,0
1784207700,1.3507300000,1.3508400000,1.3506200000,1.3506600000,238,11,0
1784208000,1.3506500000,1.3508700000,1.3506200000,1.3508200000,181,11,0
1784208300,1.3508100000,1.3508200000,1.3502900000,1.3503700000,432,11,0
1784208600,1.3503600000,1.3504500000,1.3501900000,1.3503300000,411,11,0
1784208900,1.3503200000,1.3505500000,1.3502300000,1.3502500000,350,11,0
1784209200,1.3502600000,1.3506400000,1.3502100000,1.3505600000,329,11,0
1784209500,1.3505500000,1.3507700000,1.3505400000,1.3506400000,294,12,0
1784209800,1.3506300000,1.3506400000,1.3503600000,1.3506100000,294,11,0
1784210100,1.3506100000,1.3506400000,1.3502200000,1.3503100000,375,11,0
1784210400,1.3503100000,1.3503400000,1.3500500000,1.3500700000,476,11,0
1784210700,1.3500700000,1.3501400000,1.3498900000,1.3500200000,477,11,0
1784211000,1.3500200000,1.3500800000,1.3496600000,1.3499600000,432,11,0
1784211300,1.3499500000,1.3499600000,1.3495900000,1.3499200000,370,11,0
1784211600,1.3499200000,1.3500400000,1.3498100000,1.3499600000,426,11,0
1784211900,1.3499400000,1.3499700000,1.3493800000,1.3495800000,567,11,0
1784212200,1.3495700000,1.3499700000,1.3495700000,1.3499300000,496,11,0
1784212500,1.3499300000,1.3501600000,1.3498800000,1.3501600000,375,11,0
1784212800,1.3501700000,1.3503300000,1.3499100000,1.3500600000,404,11,0
1784213100,1.3500500000,1.3502700000,1.3494300000,1.3497200000,389,11,0
1784213400,1.3496800000,1.3500700000,1.3492700000,1.3500300000,733,11,0
1784213700,1.3500500000,1.3506400000,1.3499700000,1.3506100000,490,11,0
1784214000,1.3506400000,1.3511000000,1.3504300000,1.3510200000,610,11,0
1784214300,1.3510100000,1.3514600000,1.3509600000,1.3510700000,583,11,0
1784214600,1.3510600000,1.3510800000,1.3507500000,1.3507900000,469,11,0
1784214900,1.3508100000,1.3509900000,1.3504400000,1.3509800000,424,11,0
1784215200,1.3509600000,1.3510400000,1.3504300000,1.3504800000,719,11,0
1784215500,1.3504800000,1.3505800000,1.3502200000,1.3503500000,393,11,0
1784215800,1.3503400000,1.3505800000,1.3499600000,1.3501400000,475,11,0
1784216100,1.3501500000,1.3506200000,1.3498400000,1.3504700000,676,11,0
1784216400,1.3504100000,1.3505800000,1.3500600000,1.3503200000,601,11,0
1784216700,1.3503200000,1.3505300000,1.3500300000,1.3502500000,636,11,0
1784217000,1.3502300000,1.3503600000,1.3499700000,1.3499800000,572,11,0
1784217300,1.3499800000,1.3499800000,1.3496700000,1.3497000000,630,11,0
1784217600,1.3497100000,1.3500000000,1.3495900000,1.3497800000,752,11,0
1784217900,1.3497900000,1.3504700000,1.3497700000,1.3504500000,668,11,0
1784218200,1.3504400000,1.3507100000,1.3503600000,1.3505500000,540,11,0
1784218500,1.3505400000,1.3506000000,1.3502200000,1.3504700000,450,11,0
1784218800,1.3504600000,1.3506200000,1.3503300000,1.3504300000,563,11,0
1784219100,1.3504100000,1.3509300000,1.3504100000,1.3508000000,519,11,0
1784219400,1.3507800000,1.3510500000,1.3505900000,1.3507600000,723,11,0
1784219700,1.3507400000,1.3510000000,1.3504600000,1.3509200000,697,11,0
1784220000,1.3509400000,1.3513500000,1.3509000000,1.3511600000,690,11,0
1784220300,1.3511700000,1.3513300000,1.3508400000,1.3509500000,695,11,0
1784220600,1.3509400000,1.3516600000,1.3509400000,1.3515700000,654,11,0
1784220900,1.3515500000,1.3515500000,1.3506700000,1.3507600000,636,11,0
1784221200,1.3507500000,1.3512900000,1.3506300000,1.3512200000,621,11,0
1784221500,1.3512000000,1.3512700000,1.3507400000,1.3507400000,511,11,0
1784221800,1.3507400000,1.3507700000,1.3503000000,1.3505800000,654,11,0
1784222100,1.3505900000,1.3510000000,1.3503700000,1.3509400000,627,11,0
1784222400,1.3509300000,1.3510200000,1.3505900000,1.3506800000,621,11,0
1784222700,1.3506900000,1.3510300000,1.3506900000,1.3507400000,541,11,0
1784223000,1.3507600000,1.3511200000,1.3507300000,1.3510700000,590,11,0
1784223300,1.3510700000,1.3510900000,1.3503300000,1.3503600000,665,11,0
1784223600,1.3503700000,1.3503700000,1.3498700000,1.3500300000,628,11,0
1784223900,1.3500600000,1.3502100000,1.3496400000,1.3496500000,590,11,0
1784224200,1.3496600000,1.3497300000,1.3488600000,1.3491300000,658,11,0
1784224500,1.3491100000,1.3491300000,1.3486600000,1.3487400000,778,11,0
1784224800,1.3487400000,1.3488700000,1.3480600000,1.3482500000,641,11,0
1784225100,1.3482500000,1.3483500000,1.3479500000,1.3481700000,389,11,0
1784225400,1.3481700000,1.3488700000,1.3481700000,1.3488600000,436,11,0
1784225700,1.3488700000,1.3490700000,1.3484400000,1.3484700000,551,11,0
1784226000,1.3484700000,1.3487000000,1.3482300000,1.3482400000,487,11,0
1784226300,1.3482500000,1.3484800000,1.3480400000,1.3480500000,546,11,0
1784226600,1.3480500000,1.3486900000,1.3479500000,1.3486800000,535,11,0
1784226900,1.3486700000,1.3486700000,1.3481200000,1.3482700000,413,11,0
1784227200,1.3482600000,1.3484400000,1.3481700000,1.3483300000,464,11,0
1784227500,1.3483300000,1.3485500000,1.3480200000,1.3485400000,490,11,0
1784227800,1.3485400000,1.3489200000,1.3485400000,1.3487600000,429,11,0
1784228100,1.3487500000,1.3487700000,1.3481600000,1.3482400000,521,11,0
1784228400,1.3482600000,1.3482900000,1.3476700000,1.3476700000,549,11,0
1784228700,1.3476800000,1.3477900000,1.3475200000,1.3475400000,418,11,0
1784229000,1.3475600000,1.3476400000,1.3473500000,1.3473500000,409,11,0
1784229300,1.3473600000,1.3474500000,1.3472500000,1.3473000000,448,11,0
1784229600,1.3473100000,1.3473100000,1.3468400000,1.3469600000,580,11,0
1784229900,1.3469600000,1.3469700000,1.3466300000,1.3467600000,467,11,0
1784230200,1.3467800000,1.3471000000,1.3467000000,1.3469500000,299,11,0
1784230500,1.3469400000,1.3469900000,1.3467700000,1.3468600000,408,11,0
1784230800,1.3468600000,1.3468700000,1.3465700000,1.3468300000,318,11,0
1784231100,1.3468400000,1.3469100000,1.3466700000,1.3468800000,299,11,0
1784231400,1.3468800000,1.3469600000,1.3466000000,1.3466500000,338,11,0
1784231700,1.3466200000,1.3468500000,1.3464600000,1.3465400000,508,11,0
1784232000,1.3465500000,1.3465600000,1.3460600000,1.3462600000,519,11,0
1784232300,1.3462500000,1.3462900000,1.3459300000,1.3459900000,422,11,0
1784232600,1.3460000000,1.3460800000,1.3459200000,1.3460700000,427,11,0
1784232900,1.3460700000,1.3465000000,1.3460500000,1.3464900000,405,11,0
1784233200,1.3464900000,1.3466300000,1.3464800000,1.3465600000,359,11,0
1784233500,1.3465500000,1.3467200000,1.3465400000,1.3466600000,281,11,0
1784233800,1.3466700000,1.3467900000,1.3465600000,1.3466600000,205,11,0
1784234100,1.3466600000,1.3466600000,1.3464900000,1.3465700000,259,11,0
1784234400,1.3465700000,1.3467700000,1.3465400000,1.3466300000,285,11,0
1784234700,1.3466300000,1.3469900000,1.3465600000,1.3469000000,267,11,0
1784235000,1.3468900000,1.3471100000,1.3468800000,1.3470300000,302,11,0
1784235300,1.3470200000,1.3471200000,1.3468800000,1.3469000000,277,11,0
1784235600,1.3469100000,1.3469300000,1.3464200000,1.3464400000,451,11,0
1784235900,1.3464300000,1.3466000000,1.3464300000,1.3465300000,443,11,0
1784236200,1.3465200000,1.3467700000,1.3465000000,1.3466700000,378,11,0
1784236500,1.3466800000,1.3468000000,1.3466500000,1.3467600000,289,11,0
1784236800,1.3467600000,1.3469100000,1.3466900000,1.3467400000,353,11,0
1784237100,1.3467300000,1.3468700000,1.3466600000,1.3467400000,396,11,0
1784237400,1.3467200000,1.3468000000,1.3466300000,1.3466500000,265,11,0
1784237700,1.3466600000,1.3467600000,1.3465800000,1.3467600000,303,11,0
1784238000,1.3467600000,1.3468300000,1.3466900000,1.3468000000,322,11,0
1784238300,1.3467900000,1.3469700000,1.3467800000,1.3468200000,425,11,0
1784238600,1.3468100000,1.3468700000,1.3466700000,1.3467800000,292,11,0
1784238900,1.3467700000,1.3470600000,1.3467700000,1.3469800000,308,11,0
1784239200,1.3469900000,1.3472600000,1.3469500000,1.3471100000,407,11,0
1784239500,1.3471000000,1.3471800000,1.3469400000,1.3469500000,212,11,0
1784239800,1.3469400000,1.3469900000,1.3467700000,1.3467800000,377,11,0
1784240100,1.3467900000,1.3468700000,1.3466700000,1.3468600000,321,11,0
1784240400,1.3468600000,1.3469100000,1.3467200000,1.3467400000,329,11,0
1784240700,1.3467500000,1.3468000000,1.3466200000,1.3467000000,315,11,0
1784241000,1.3467000000,1.3468100000,1.3466500000,1.3467300000,335,11,0
1784241300,1.3467300000,1.3470200000,1.3467200000,1.3469600000,264,11,0
1784241600,1.3469500000,1.3470700000,1.3469400000,1.3470500000,295,11,0
1784241900,1.3470400000,1.3471600000,1.3470200000,1.3471500000,257,11,0
1784242200,1.3471600000,1.3474600000,1.3470800000,1.3474400000,298,11,0
1784242500,1.3474500000,1.3474800000,1.3472800000,1.3474100000,391,11,0
1784242800,1.3474100000,1.3475500000,1.3473100000,1.3475000000,326,11,0
1784243100,1.3475000000,1.3476100000,1.3474700000,1.3475200000,170,11,0
1784243400,1.3475000000,1.3475500000,1.3473900000,1.3474300000,119,12,0
1784243700,1.3474400000,1.3475300000,1.3474300000,1.3474700000,81,11,0
1784244000,1.3474300000,1.3474800000,1.3473400000,1.3473800000,142,11,0
1784244300,1.3473700000,1.3474700000,1.3473700000,1.3474700000,133,11,0
1784244600,1.3474700000,1.3477900000,1.3474400000,1.3476900000,211,11,0
1784244900,1.3476900000,1.3477900000,1.3476700000,1.3477800000,196,11,0
1784245200,1.3477900000,1.3477900000,1.3477000000,1.3477600000,122,11,0
1784245500,1.3477600000,1.3478800000,1.3477500000,1.3478400000,177,11,0
1784245800,1.3478500000,1.3479100000,1.3478100000,1.3478700000,113,12,0
1784246100,1.3478800000,1.3479600000,1.3474800000,1.3474800000,228,11,0
1784246400,1.3474500000,1.3474500000,1.3465700000,1.3471600000,35,60,0
1784246700,1.3471500000,1.3475000000,1.3471300000,1.3472100000,31,72,0
1784247000,1.3472100000,1.3474500000,1.3468900000,1.3474500000,14,91,0
1784247300,1.3474500000,1.3477000000,1.3471900000,1.3471900000,19,72,0
1784247600,1.3471900000,1.3471900000,1.3471900000,1.3471900000,5,105,0
1784247900,1.3471900000,1.3472500000,1.3470300000,1.3472500000,10,101,0
1784248200,1.3472500000,1.3472500000,1.3470400000,1.3472500000,6,106,0
1784248500,1.3472500000,1.3472500000,1.3471100000,1.3472400000,6,88,0
1784248800,1.3472400000,1.3475400000,1.3472400000,1.3472400000,17,77,0
1784249100,1.3471100000,1.3472700000,1.3470800000,1.3471600000,25,91,0
1784249400,1.3470700000,1.3472100000,1.3470700000,1.3472100000,20,101,0
1784249700,1.3468000000,1.3472200000,1.3468000000,1.3468200000,11,114,0
1784250000,1.3471100000,1.3475900000,1.3468400000,1.3475900000,64,23,0
1784250300,1.3476000000,1.3476000000,1.3473900000,1.3474200000,26,18,0
1784250600,1.3474300000,1.3475400000,1.3474300000,1.3475100000,39,14,0
1784250900,1.3475100000,1.3475300000,1.3474200000,1.3475000000,76,17,0
1784251200,1.3474800000,1.3475200000,1.3474600000,1.3475100000,98,17,0
1784251500,1.3475100000,1.3475200000,1.3474600000,1.3474800000,86,16,0
1784251800,1.3474700000,1.3475100000,1.3474100000,1.3474100000,85,16,0
1784252100,1.3474200000,1.3474300000,1.3473900000,1.3474200000,51,16,0
1784252400,1.3474100000,1.3474200000,1.3473400000,1.3473400000,44,15,0
1784252700,1.3473400000,1.3473400000,1.3472100000,1.3472400000,87,13,0
1784253000,1.3472400000,1.3472500000,1.3472100000,1.3472300000,35,16,0
1784253300,1.3472400000,1.3473500000,1.3472100000,1.3473000000,137,14,0
1784253600,1.3473100000,1.3474000000,1.3473100000,1.3473300000,107,14,0
1784253900,1.3473400000,1.3473600000,1.3472500000,1.3473300000,157,13,0
1784254200,1.3473400000,1.3474700000,1.3472900000,1.3474600000,135,11,0
1784254500,1.3474600000,1.3475300000,1.3474400000,1.3474500000,159,12,0
1784254800,1.3474600000,1.3474700000,1.3474200000,1.3474400000,48,12,0
1784255100,1.3474500000,1.3476300000,1.3474400000,1.3475600000,177,12,0
1784255400,1.3475500000,1.3476000000,1.3474700000,1.3475500000,91,13,0
1784255700,1.3475400000,1.3476800000,1.3475400000,1.3476600000,78,13,0
1784256000,1.3476600000,1.3476600000,1.3475500000,1.3475500000,34,13,0
1784256300,1.3475500000,1.3475600000,1.3474500000,1.3475400000,120,13,0
1784256600,1.3475400000,1.3475600000,1.3474700000,1.3475000000,157,12,0
1784256900,1.3474900000,1.3477500000,1.3474800000,1.3477100000,225,12,0
1784257200,1.3477300000,1.3477900000,1.3476000000,1.3476000000,330,12,0
1784257500,1.3476000000,1.3476100000,1.3474100000,1.3474200000,263,11,0
1784257800,1.3474100000,1.3474700000,1.3473100000,1.3473500000,227,13,0
1784258100,1.3473400000,1.3475900000,1.3473400000,1.3473700000,323,11,0
1784258400,1.3473600000,1.3474100000,1.3471800000,1.3471900000,261,13,0
1784258700,1.3471900000,1.3472400000,1.3470200000,1.3470400000,238,13,0
1784259000,1.3470500000,1.3471700000,1.3469700000,1.3470300000,267,11,0
1784259300,1.3470400000,1.3471600000,1.3469800000,1.3470000000,249,13,0
1784259600,1.3470000000,1.3470200000,1.3469000000,1.3469300000,270,12,0
1784259900,1.3469200000,1.3472100000,1.3469200000,1.3472000000,334,12,0
1784260200,1.3472000000,1.3475900000,1.3471800000,1.3475600000,467,11,0
1784260500,1.3475500000,1.3476800000,1.3474000000,1.3476500000,353,11,0
1784260800,1.3476500000,1.3478500000,1.3475900000,1.3477600000,448,11,0
1784261100,1.3477500000,1.3479200000,1.3475700000,1.3476900000,332,11,0
1784261400,1.3477000000,1.3477000000,1.3474600000,1.3475700000,299,12,0
1784261700,1.3475800000,1.3477900000,1.3475800000,1.3476800000,293,12,0
1784262000,1.3476900000,1.3478000000,1.3475900000,1.3476400000,270,11,0
1784262300,1.3476500000,1.3476600000,1.3473900000,1.3474100000,344,12,0
1784262600,1.3474100000,1.3474200000,1.3472600000,1.3472700000,428,12,0
1784262900,1.3472600000,1.3472700000,1.3469500000,1.3470100000,484,11,0
1784263200,1.3470000000,1.3471800000,1.3469800000,1.3471100000,428,11,0
1784263500,1.3471000000,1.3471100000,1.3466400000,1.3466500000,407,12,0
1784263800,1.3466400000,1.3467300000,1.3463500000,1.3464300000,499,11,0
1784264100,1.3464200000,1.3465500000,1.3463200000,1.3465300000,387,11,0
1784264400,1.3465300000,1.3467700000,1.3465200000,1.3466100000,469,12,0
1784264700,1.3466000000,1.3467800000,1.3465600000,1.3466900000,396,12,0
1784265000,1.3466900000,1.3467700000,1.3466700000,1.3467600000,307,11,0
1784265300,1.3467500000,1.3468500000,1.3467200000,1.3468000000,286,12,0
1784265600,1.3468000000,1.3468100000,1.3465800000,1.3467100000,348,11,0
1784265900,1.3467000000,1.3467200000,1.3465000000,1.3465300000,410,11,0
1784266200,1.3465400000,1.3466900000,1.3463400000,1.3464100000,250,11,0
1784266500,1.3464000000,1.3464300000,1.3462300000,1.3463600000,317,12,0
1784266800,1.3463700000,1.3464400000,1.3462300000,1.3463700000,281,12,0
1784267100,1.3463800000,1.3464700000,1.3462800000,1.3464600000,302,12,0
1784267400,1.3464500000,1.3465500000,1.3463100000,1.3463100000,321,13,0
1784267700,1.3463200000,1.3464200000,1.3462400000,1.3462800000,331,13,0
1784268000,1.3462900000,1.3464500000,1.3462200000,1.3463900000,366,11,0
1784268300,1.3464000000,1.3466500000,1.3463900000,1.3464800000,370,11,0
1784268600,1.3464800000,1.3464800000,1.3463500000,1.3464300000,262,13,0
1784268900,1.3464400000,1.3468300000,1.3464300000,1.3467400000,268,12,0
1784269200,1.3467400000,1.3468200000,1.3466800000,1.3467000000,411,13,0
1784269500,1.3466900000,1.3467100000,1.3466200000,1.3466900000,310,12,0
1784269800,1.3466900000,1.3467000000,1.3464300000,1.3465100000,291,11,0
1784270100,1.3465100000,1.3465400000,1.3463400000,1.3463400000,136,11,0
1784270400,1.3463400000,1.3463500000,1.3461400000,1.3462500000,167,12,0
1784270700,1.3462400000,1.3463500000,1.3461900000,1.3463100000,483,11,0
1784271000,1.3463000000,1.3465100000,1.3462900000,1.3464900000,361,11,0
1784271300,1.3464800000,1.3465000000,1.3464100000,1.3464600000,194,12,0
1784271600,1.3464600000,1.3464800000,1.3462900000,1.3463400000,241,11,0
1784271900,1.3463400000,1.3464300000,1.3462800000,1.3463500000,335,11,0
1784272200,1.3463400000,1.3463900000,1.3463300000,1.3463400000,233,12,0
1784272500,1.3463500000,1.3463700000,1.3462100000,1.3462500000,260,11,0
1784272800,1.3462400000,1.3462800000,1.3461300000,1.3461600000,351,12,0
1784273100,1.3461400000,1.3461400000,1.3458800000,1.3459700000,318,11,0
1784273400,1.3459600000,1.3460800000,1.3458800000,1.3459600000,337,11,0
1784273700,1.3459700000,1.3460500000,1.3459300000,1.3460300000,318,11,0
1784274000,1.3460400000,1.3460400000,1.3457800000,1.3458200000,412,11,0
1784274300,1.3458300000,1.3460100000,1.3458100000,1.3458100000,293,12,0
1784274600,1.3458200000,1.3458500000,1.3456400000,1.3458000000,279,12,0
1784274900,1.3458000000,1.3458500000,1.3458000000,1.3458100000,166,12,0
1784275200,1.3458200000,1.3458900000,1.3456800000,1.3458500000,226,11,0
1784275500,1.3458500000,1.3458700000,1.3457600000,1.3458400000,106,12,0
1784275800,1.3458400000,1.3459300000,1.3458200000,1.3458700000,188,11,0
1784276100,1.3458600000,1.3460400000,1.3457400000,1.3458400000,195,11,0
1784276400,1.3458500000,1.3459300000,1.3457600000,1.3457900000,280,13,0
1784276700,1.3457900000,1.3459600000,1.3457200000,1.3459200000,284,12,0
1784277000,1.3459300000,1.3461100000,1.3459200000,1.3460200000,566,12,0
1784277300,1.3460200000,1.3463700000,1.3460100000,1.3463600000,541,12,0
1784277600,1.3463500000,1.3465500000,1.3462400000,1.3463500000,474,11,0
1784277900,1.3463500000,1.3465000000,1.3462100000,1.3464500000,424,11,0
1784278200,1.3464500000,1.3465400000,1.3463600000,1.3465400000,403,12,0
1784278500,1.3465200000,1.3465300000,1.3461600000,1.3462300000,338,11,0
1784278800,1.3462400000,1.3465400000,1.3462100000,1.3464700000,453,11,0
1784279100,1.3464500000,1.3465400000,1.3460200000,1.3460600000,352,11,0
1784279400,1.3460600000,1.3467100000,1.3458600000,1.3467000000,436,11,0
1784279700,1.3467000000,1.3471800000,1.3466600000,1.3470900000,439,11,0
1784280000,1.3470800000,1.3473700000,1.3468600000,1.3473700000,338,11,0
1784280300,1.3473700000,1.3474400000,1.3470500000,1.3470600000,456,11,0
1784280600,1.3470600000,1.3472600000,1.3469900000,1.3472200000,447,11,0
1784280900,1.3472300000,1.3472300000,1.3470600000,1.3471500000,333,11,0
1784281200,1.3471500000,1.3475200000,1.3470600000,1.3471300000,405,11,0
1784281500,1.3471300000,1.3472600000,1.3469500000,1.3469500000,407,11,0
1784281800,1.3469500000,1.3472100000,1.3469300000,1.3470400000,421,11,0
1784282100,1.3470100000,1.3474700000,1.3469500000,1.3473600000,582,11,0
1784282400,1.3473700000,1.3480100000,1.3472700000,1.3477400000,584,11,0
1784282700,1.3477300000,1.3479600000,1.3470600000,1.3470800000,430,11,0
1784283000,1.3470800000,1.3471400000,1.3469300000,1.3470300000,389,11,0
1784283300,1.3470300000,1.3471100000,1.3465000000,1.3465300000,460,11,0
1784283600,1.3465200000,1.3465400000,1.3461700000,1.3463800000,362,11,0
1784283900,1.3463800000,1.3469100000,1.3463600000,1.3469100000,345,11,0
1784284200,1.3469100000,1.3472900000,1.3467000000,1.3467400000,405,11,0
1784284500,1.3467300000,1.3467600000,1.3465000000,1.3467200000,426,11,0
1784284800,1.3467200000,1.3468000000,1.3462900000,1.3466000000,374,11,0
1784285100,1.3465600000,1.3466900000,1.3464200000,1.3466200000,327,11,0
1784285400,1.3466100000,1.3466800000,1.3462000000,1.3463300000,262,12,0
1784285700,1.3463200000,1.3463300000,1.3456400000,1.3456600000,447,11,0
1784286000,1.3456500000,1.3459000000,1.3455600000,1.3458500000,479,11,0
1784286300,1.3458200000,1.3461600000,1.3456400000,1.3461400000,416,11,0
1784286600,1.3461300000,1.3461500000,1.3451100000,1.3452200000,513,11,0
1784286900,1.3452300000,1.3453300000,1.3448200000,1.3449200000,596,11,0
1784287200,1.3449100000,1.3454300000,1.3448100000,1.3452000000,671,11,0
1784287500,1.3451800000,1.3452500000,1.3448000000,1.3448500000,563,11,0
1784287800,1.3448600000,1.3452000000,1.3447200000,1.3450700000,581,11,0
1784288100,1.3450600000,1.3450700000,1.3446300000,1.3447500000,538,11,0
1784288400,1.3447400000,1.3447600000,1.3444100000,1.3446600000,479,11,0
1784288700,1.3446600000,1.3447700000,1.3444000000,1.3445600000,458,11,0
1784289000,1.3445600000,1.3446300000,1.3441700000,1.3442000000,435,11,0
1784289300,1.3442300000,1.3443600000,1.3441200000,1.3442100000,333,11,0
1784289600,1.3442200000,1.3442400000,1.3436400000,1.3441000000,386,11,0
1784289900,1.3441000000,1.3442600000,1.3439900000,1.3442000000,476,11,0
1784290200,1.3442000000,1.3444100000,1.3438400000,1.3440300000,429,11,0
1784290500,1.3440200000,1.3441700000,1.3437700000,1.3439100000,397,11,0
1784290800,1.3439100000,1.3440200000,1.3435000000,1.3437400000,501,11,0
1784291100,1.3437300000,1.3443500000,1.3437300000,1.3443400000,347,11,0
1784291400,1.3443300000,1.3443600000,1.3440500000,1.3440600000,384,11,0
1784291700,1.3440500000,1.3441200000,1.3436600000,1.3438800000,405,11,0
1784292000,1.3438800000,1.3440000000,1.3437500000,1.3439500000,350,11,0
1784292300,1.3439300000,1.3440800000,1.3438500000,1.3439500000,306,11,0
1784292600,1.3439700000,1.3441700000,1.3438700000,1.3440600000,394,11,0
1784292900,1.3440600000,1.3442500000,1.3440300000,1.3442300000,344,11,0
1784293200,1.3442300000,1.3442400000,1.3434600000,1.3438200000,503,11,0
1784293500,1.3438400000,1.3441900000,1.3438200000,1.3438900000,356,12,0
1784293800,1.3438800000,1.3440900000,1.3437900000,1.3439800000,288,11,0
1784294100,1.3439700000,1.3441000000,1.3437400000,1.3438600000,386,11,0
1784294400,1.3438600000,1.3439900000,1.3433700000,1.3435300000,382,11,0
1784294700,1.3435000000,1.3436200000,1.3433200000,1.3433600000,396,11,0
1784295000,1.3433600000,1.3434600000,1.3431100000,1.3432600000,454,11,0
1784295300,1.3432500000,1.3433400000,1.3431400000,1.3432000000,377,11,0
1784295600,1.3431800000,1.3432500000,1.3430400000,1.3431700000,280,11,0
1784295900,1.3431600000,1.3432500000,1.3430800000,1.3432000000,279,11,0
1784296200,1.3431900000,1.3432000000,1.3425300000,1.3431700000,379,11,0
1784296500,1.3431600000,1.3432600000,1.3429500000,1.3431200000,515,11,0
1784296800,1.3431100000,1.3434700000,1.3427000000,1.3427700000,555,11,0
1784297100,1.3427800000,1.3432000000,1.3427400000,1.3431900000,487,11,0
1784297400,1.3431900000,1.3435600000,1.3431500000,1.3434700000,348,11,0
1784297700,1.3435000000,1.3439100000,1.3434700000,1.3438900000,349,11,0
1784298000,1.3438800000,1.3438800000,1.3433400000,1.3435100000,420,11,0
1784298300,1.3435100000,1.3439700000,1.3434300000,1.3438400000,375,11,0
1784298600,1.3438400000,1.3440200000,1.3437500000,1.3440000000,313,11,0
1784298900,1.3439900000,1.3445400000,1.3439600000,1.3445000000,321,11,0
1784299200,1.3445100000,1.3446100000,1.3438600000,1.3439000000,510,11,0
1784299500,1.3439100000,1.3442300000,1.3437900000,1.3438100000,419,11,0
1784299800,1.3438300000,1.3440900000,1.3436600000,1.3439900000,457,11,0
1784300100,1.3439700000,1.3439700000,1.3436900000,1.3437700000,405,11,0
1784300400,1.3437800000,1.3439700000,1.3436000000,1.3436400000,534,11,0
1784300700,1.3436300000,1.3437700000,1.3434600000,1.3436700000,468,11,0
1784301000,1.3436800000,1.3437400000,1.3435000000,1.3436500000,427,11,0
1784301300,1.3436600000,1.3437100000,1.3432600000,1.3433200000,439,11,0
1784301600,1.3432800000,1.3434200000,1.3430800000,1.3431400000,478,11,0
1784301900,1.3431500000,1.3435400000,1.3431300000,1.3434700000,314,11,0
1784302200,1.3434800000,1.3434900000,1.3427800000,1.3428100000,397,11,0
1784302500,1.3428200000,1.3432800000,1.3427800000,1.3432200000,492,11,0
1784302800,1.3432100000,1.3434000000,1.3430300000,1.3433000000,449,11,0
1784303100,1.3432900000,1.3433400000,1.3430900000,1.3433100000,406,11,0
1784303400,1.3433100000,1.3435700000,1.3432200000,1.3432500000,541,11,0
1784303700,1.3432400000,1.3434200000,1.3428600000,1.3431100000,579,11,0
1784304000,1.3431300000,1.3432900000,1.3427700000,1.3430600000,829,11,0
1784304300,1.3430500000,1.3431700000,1.3428700000,1.3429600000,651,11,0
1784304600,1.3429700000,1.3434800000,1.3428800000,1.3432800000,416,11,0
1784304900,1.3432800000,1.3434000000,1.3429000000,1.3432200000,426,11,0
1784305200,1.3432200000,1.3434800000,1.3430900000,1.3433600000,498,11,0
1784305500,1.3433700000,1.3435900000,1.3432400000,1.3433500000,569,11,0
1784305800,1.3433600000,1.3441900000,1.3432400000,1.3441000000,757,11,0
1784306100,1.3440900000,1.3444500000,1.3438400000,1.3443100000,794,11,0
1784306400,1.3443200000,1.3446000000,1.3441100000,1.3442100000,727,11,0
1784306700,1.3442100000,1.3444000000,1.3440200000,1.3443000000,770,11,0
1784307000,1.3443100000,1.3449400000,1.3442800000,1.3447600000,801,11,0
1784307300,1.3448100000,1.3450500000,1.3447300000,1.3450000000,452,11,0
1784307600,1.3450100000,1.3451800000,1.3446800000,1.3450300000,606,11,0
1784307900,1.3450300000,1.3453400000,1.3447800000,1.3448400000,644,11,0
1784308200,1.3448600000,1.3450500000,1.3445800000,1.3445900000,511,11,0
1784308500,1.3445800000,1.3450600000,1.3444300000,1.3449600000,506,11,0
1784308800,1.3449700000,1.3452900000,1.3449000000,1.3451500000,503,11,0
1784309100,1.3451400000,1.3451600000,1.3446400000,1.3447500000,512,11,0
1784309400,1.3447500000,1.3451500000,1.3446400000,1.3447600000,652,11,0
1784309700,1.3447500000,1.3451000000,1.3446800000,1.3449000000,667,11,0
1784310000,1.3449100000,1.3452700000,1.3448500000,1.3452300000,626,11,0
1784310300,1.3452400000,1.3454000000,1.3450600000,1.3450700000,547,11,0
1784310600,1.3450800000,1.3451100000,1.3447000000,1.3448000000,624,11,0
1784310900,1.3447800000,1.3449500000,1.3442200000,1.3444500000,816,11,0
1784311200,1.3444400000,1.3447600000,1.3443900000,1.3446600000,606,11,0
1784311500,1.3446500000,1.3449200000,1.3446500000,1.3446900000,477,11,0
1784311800,1.3446800000,1.3449300000,1.3444300000,1.3445300000,528,11,0
1784312100,1.3445400000,1.3449600000,1.3445300000,1.3449100000,472,11,0
1784312400,1.3449200000,1.3451400000,1.3449100000,1.3449700000,544,11,0
1784312700,1.3449700000,1.3452800000,1.3449300000,1.3452800000,384,11,0
1784313000,1.3453200000,1.3454100000,1.3449500000,1.3450700000,638,11,0
1784313300,1.3450800000,1.3451200000,1.3446100000,1.3448000000,674,11,0
1784313600,1.3448100000,1.3449000000,1.3445700000,1.3445700000,580,11,0
1784313900,1.3445500000,1.3446300000,1.3441700000,1.3444200000,654,11,0
1784314200,1.3444100000,1.3446200000,1.3443400000,1.3443400000,554,11,0
1784314500,1.3443400000,1.3446000000,1.3443400000,1.3444200000,494,11,0
1784314800,1.3444400000,1.3445300000,1.3436800000,1.3441200000,774,11,0
1784315100,1.3441300000,1.3444300000,1.3438700000,1.3443600000,579,11,0
1784315400,1.3443600000,1.3448600000,1.3442800000,1.3448200000,386,11,0
1784315700,1.3448300000,1.3450300000,1.3447900000,1.3449700000,315,11,0
1784316000,1.3449800000,1.3451600000,1.3449200000,1.3451500000,445,11,0
1784316300,1.3451400000,1.3453100000,1.3450100000,1.3452700000,436,11,0
1784316600,1.3452800000,1.3452900000,1.3449800000,1.3450800000,443,11,0
1784316900,1.3450700000,1.3451600000,1.3450200000,1.3451600000,338,11,0
1784317200,1.3451600000,1.3454600000,1.3451600000,1.3453700000,368,11,0
1784317500,1.3453700000,1.3455000000,1.3451300000,1.3454000000,389,11,0
1784317800,1.3453900000,1.3455100000,1.3452900000,1.3454700000,234,11,0
1784318100,1.3454800000,1.3455200000,1.3453500000,1.3455200000,347,11,0
1784318400,1.3455600000,1.3457600000,1.3454900000,1.3457000000,484,11,0
1784318700,1.3456900000,1.3459200000,1.3456300000,1.3456700000,419,11,0
1784319000,1.3456800000,1.3457000000,1.3454300000,1.3454800000,335,11,0
1784319300,1.3454500000,1.3455000000,1.3451600000,1.3452000000,489,11,0
1784319600,1.3451800000,1.3453100000,1.3451200000,1.3452400000,457,12,0
1784319900,1.3452300000,1.3454900000,1.3452300000,1.3454100000,326,11,0
1784320200,1.3454200000,1.3454500000,1.3452300000,1.3454400000,294,11,0
1784320500,1.3454400000,1.3454500000,1.3452500000,1.3452600000,359,11,0
1784320800,1.3452600000,1.3452700000,1.3450600000,1.3450900000,366,11,0
1784321100,1.3450900000,1.3452700000,1.3450500000,1.3452000000,356,11,0
1784321400,1.3452000000,1.3452700000,1.3451100000,1.3452700000,307,11,0
1784321700,1.3452700000,1.3453000000,1.3451500000,1.3452500000,255,11,0
1784322000,1.3452600000,1.3452600000,1.3451200000,1.3451700000,249,11,0
1784322300,1.3451700000,1.3452700000,1.3450600000,1.3452500000,281,11,0
1784322600,1.3452400000,1.3454500000,1.3452400000,1.3453000000,253,12,0
1784322900,1.3453000000,1.3455100000,1.3452400000,1.3453500000,263,12,0
1784323200,1.3453500000,1.3455100000,1.3452300000,1.3453600000,304,11,0
1784323500,1.3453700000,1.3454900000,1.3452900000,1.3454800000,335,11,0
1784323800,1.3454700000,1.3456000000,1.3453900000,1.3454700000,288,12,0
1784324100,1.3454700000,1.3454900000,1.3453000000,1.3453900000,221,11,0
1784324400,1.3453900000,1.3454000000,1.3452200000,1.3453000000,224,12,0
1784324700,1.3452800000,1.3453300000,1.3452300000,1.3452300000,260,12,0
1784325000,1.3452400000,1.3454100000,1.3451700000,1.3453900000,265,12,0
1784325300,1.3454000000,1.3454300000,1.3453300000,1.3453400000,377,11,0
1784325600,1.3453400000,1.3454600000,1.3452500000,1.3452500000,488,11,0
1784325900,1.3452600000,1.3453100000,1.3452200000,1.3452400000,306,11,0
1784326200,1.3452300000,1.3453300000,1.3451800000,1.3452500000,308,11,0
1784326500,1.3452400000,1.3452600000,1.3451400000,1.3452100000,358,11,0
1784326800,1.3451900000,1.3454100000,1.3451100000,1.3451100000,323,11,0
1784327100,1.3451200000,1.3453300000,1.3450300000,1.3452600000,441,11,0
1784327400,1.3452700000,1.3453700000,1.3452600000,1.3453500000,432,12,0
1784327700,1.3453400000,1.3453600000,1.3451300000,1.3451400000,392,11,0
1784328000,1.3451400000,1.3456700000,1.3451000000,1.3456100000,394,11,0
1784328300,1.3456100000,1.3456500000,1.3454800000,1.3455500000,384,11,0
1784328600,1.3455600000,1.3458200000,1.3454700000,1.3457700000,392,11,0
1784328900,1.3457500000,1.3459100000,1.3456400000,1.3457500000,286,11,0
1784329200,1.3457800000,1.3459300000,1.3457400000,1.3458400000,221,11,0
1784329500,1.3458500000,1.3458700000,1.3456400000,1.3456600000,132,12,0
1784329800,1.3456500000,1.3456600000,1.3455500000,1.3455500000,165,12,0
1784330100,1.3455600000,1.3455700000,1.3454800000,1.3454800000,101,11,0
1784330400,1.3454800000,1.3454800000,1.3451700000,1.3452400000,170,12,0
1784330700,1.3452500000,1.3452500000,1.3451200000,1.3452000000,218,12,0
1784331000,1.3451700000,1.3453900000,1.3451700000,1.3452400000,98,12,0
1784331300,1.3452200000,1.3452400000,1.3452100000,1.3452400000,30,14,0
1784331600,1.3452400000,1.3453200000,1.3452100000,1.3453200000,62,13,0
1784331900,1.3453200000,1.3453400000,1.3451200000,1.3453100000,169,14,0
1784332200,1.3453200000,1.3455100000,1.3452200000,1.3454500000,319,13,0
1784332500,1.3454600000,1.3454900000,1.3449300000,1.3450800000,186,15,0
1784505600,1.3446200000,1.3446200000,1.3446200000,1.3446200000,1,157,0
1784505900,1.3450300000,1.3451200000,1.3450300000,1.3451200000,7,57,0
1784506200,1.3451200000,1.3451200000,1.3451200000,1.3451200000,3,103,0
1784506500,1.3451300000,1.3452200000,1.3431200000,1.3436100000,245,93,0
1784506800,1.3435500000,1.3436300000,1.3435300000,1.3436300000,328,142,0
1784507100,1.3435600000,1.3449300000,1.3435400000,1.3449300000,257,104,0
1784507400,1.3441000000,1.3449000000,1.3437900000,1.3439900000,329,96,0
1784507700,1.3439700000,1.3441100000,1.3439600000,1.3439700000,201,157,0
1784508000,1.3439800000,1.3440300000,1.3439300000,1.3440100000,60,157,0
1784508300,1.3439900000,1.3441600000,1.3437200000,1.3437200000,119,157,0
1784508600,1.3437100000,1.3437500000,1.3432100000,1.3435800000,278,147,0
1784508900,1.3435300000,1.3437000000,1.3435100000,1.3435300000,324,144,0
1784509200,1.3437300000,1.3445100000,1.3435400000,1.3438500000,146,18,0
1784509500,1.3438700000,1.3442400000,1.3438700000,1.3442400000,63,24,0
1784509800,1.3442300000,1.3444800000,1.3441800000,1.3443700000,126,16,0
1784510100,1.3443700000,1.3446100000,1.3440900000,1.3442900000,190,13,0
1784510400,1.3442800000,1.3444500000,1.3442000000,1.3442500000,170,13,0
1784510700,1.3442500000,1.3444200000,1.3440400000,1.3443500000,137,13,0
1784511000,1.3443500000,1.3446600000,1.3442600000,1.3445500000,233,14,0
1784511300,1.3445500000,1.3446000000,1.3444100000,1.3444200000,159,14,0
1784511600,1.3444100000,1.3445800000,1.3442900000,1.3444600000,65,11,0
1784511900,1.3444400000,1.3444500000,1.3443400000,1.3444200000,55,13,0
1784512200,1.3444100000,1.3444300000,1.3443000000,1.3443300000,73,13,0
1784512500,1.3443200000,1.3443600000,1.3443000000,1.3443200000,68,14,0
1784512800,1.3443400000,1.3443800000,1.3442800000,1.3443300000,120,14,0
1784513100,1.3443200000,1.3443700000,1.3443100000,1.3443500000,129,14,0
1784513400,1.3443400000,1.3443700000,1.3442500000,1.3442600000,208,12,0
1784513700,1.3442500000,1.3443200000,1.3441100000,1.3441300000,125,13,0
1784514000,1.3441300000,1.3441800000,1.3440400000,1.3441400000,121,13,0
1784514300,1.3441500000,1.3442400000,1.3441300000,1.3442200000,186,13,0
1784514600,1.3442200000,1.3442500000,1.3441200000,1.3441600000,134,13,0
1784514900,1.3442000000,1.3442200000,1.3441100000,1.3441500000,148,13,0
1784515200,1.3441400000,1.3444600000,1.3441400000,1.3444200000,160,13,0
1784515500,1.3444300000,1.3444500000,1.3442200000,1.3443400000,208,15,0
1784515800,1.3443400000,1.3444400000,1.3441500000,1.3442100000,208,14,0
1784516100,1.3442200000,1.3444400000,1.3442100000,1.3444300000,240,15,0
1784516400,1.3444400000,1.3445700000,1.3442200000,1.3445400000,540,12,0
1784516700,1.3445500000,1.3447300000,1.3445000000,1.3446400000,402,12,0
1784517000,1.3446300000,1.3447200000,1.3445500000,1.3445800000,267,11,0
1784517300,1.3445700000,1.3449200000,1.3445700000,1.3448400000,311,12,0
1784517600,1.3448500000,1.3451100000,1.3448000000,1.3450600000,250,11,0
1784517900,1.3450500000,1.3451100000,1.3449200000,1.3449800000,275,13,0
1784518200,1.3449900000,1.3449900000,1.3447200000,1.3447500000,161,13,0
1784518500,1.3447500000,1.3448600000,1.3447000000,1.3447600000,314,12,0
1784518800,1.3447700000,1.3448800000,1.3447600000,1.3448000000,287,12,0
1784519100,1.3448000000,1.3448300000,1.3447200000,1.3447300000,190,13,0
1784519400,1.3447300000,1.3449500000,1.3447200000,1.3449200000,272,12,0
1784519700,1.3449100000,1.3450500000,1.3449000000,1.3450100000,352,11,0
1784520000,1.3450000000,1.3453200000,1.3450000000,1.3451900000,544,11,0
1784520300,1.3452000000,1.3452300000,1.3450400000,1.3452100000,310,11,0
1784520600,1.3452100000,1.3452200000,1.3447900000,1.3448500000,323,12,0
1784520900,1.3448600000,1.3450200000,1.3448500000,1.3449100000,519,12,0
1784521200,1.3449000000,1.3450200000,1.3448200000,1.3450200000,472,12,0
1784521500,1.3450200000,1.3452100000,1.3449800000,1.3451600000,380,12,0
1784521800,1.3451600000,1.3453100000,1.3451100000,1.3451700000,353,12,0
1784522100,1.3451700000,1.3451700000,1.3450400000,1.3450700000,360,13,0
1784522400,1.3450800000,1.3451600000,1.3448100000,1.3449600000,400,11,0
1784522700,1.3449600000,1.3450400000,1.3448600000,1.3450100000,421,12,0
1784523000,1.3450100000,1.3451100000,1.3449400000,1.3450500000,359,12,0
1784523300,1.3450700000,1.3453500000,1.3450400000,1.3453400000,281,11,0
1784523600,1.3453300000,1.3454700000,1.3452400000,1.3454600000,557,11,0
1784523900,1.3454600000,1.3456300000,1.3454400000,1.3456200000,280,12,0
1784524200,1.3456200000,1.3457000000,1.3454700000,1.3455600000,270,12,0
1784524500,1.3455700000,1.3457100000,1.3455200000,1.3455800000,165,13,0
1784524800,1.3455900000,1.3456900000,1.3455800000,1.3456500000,167,12,0
1784525100,1.3456500000,1.3458800000,1.3456000000,1.3458500000,216,12,0
1784525400,1.3458500000,1.3459500000,1.3458100000,1.3458400000,215,12,0
1784525700,1.3458400000,1.3459500000,1.3457600000,1.3459000000,267,11,0
1784526000,1.3459000000,1.3462700000,1.3458600000,1.3460500000,283,12,0
1784526300,1.3460500000,1.3461200000,1.3459400000,1.3461100000,176,12,0
1784526600,1.3461200000,1.3461400000,1.3460300000,1.3460300000,240,12,0
1784526900,1.3460300000,1.3460400000,1.3457700000,1.3458300000,197,13,0
1784527200,1.3458000000,1.3458400000,1.3457300000,1.3457900000,259,12,0
1784527500,1.3457900000,1.3458300000,1.3457000000,1.3457600000,194,11,0
1784527800,1.3457500000,1.3458900000,1.3457500000,1.3458500000,309,11,0
1784528100,1.3458400000,1.3458800000,1.3457900000,1.3458600000,187,12,0
1784528400,1.3458600000,1.3459200000,1.3458500000,1.3458600000,284,12,0
1784528700,1.3458700000,1.3458800000,1.3458000000,1.3458700000,141,12,0
1784529000,1.3458700000,1.3459200000,1.3458400000,1.3458800000,254,13,0
1784529300,1.3458800000,1.3459200000,1.3458000000,1.3458800000,206,13,0
1784529600,1.3458700000,1.3460800000,1.3458500000,1.3460500000,120,12,0
1784529900,1.3460500000,1.3460700000,1.3459800000,1.3459800000,245,13,0
1784530200,1.3459900000,1.3461000000,1.3459500000,1.3460900000,135,13,0
1784530500,1.3461000000,1.3461100000,1.3459900000,1.3459900000,149,11,0
1784530800,1.3460000000,1.3461600000,1.3459900000,1.3460700000,150,11,0
1784531100,1.3460600000,1.3461000000,1.3460200000,1.3460700000,92,11,0
1784531400,1.3460700000,1.3462000000,1.3460600000,1.3461800000,77,11,0
1784531700,1.3461800000,1.3463100000,1.3461800000,1.3462500000,159,11,0
1784532000,1.3462600000,1.3463700000,1.3462200000,1.3463500000,154,12,0
1784532300,1.3463500000,1.3465500000,1.3463500000,1.3465100000,166,12,0
1784532600,1.3465000000,1.3465100000,1.3464400000,1.3464900000,119,11,0
1784532900,1.3465000000,1.3466400000,1.3464900000,1.3465500000,130,12,0
1784533200,1.3465500000,1.3466200000,1.3465400000,1.3465700000,112,13,0
1784533500,1.3465800000,1.3466700000,1.3465100000,1.3466300000,175,11,0
1784533800,1.3466300000,1.3467300000,1.3466200000,1.3466600000,130,12,0
1784534100,1.3466600000,1.3466700000,1.3465500000,1.3465600000,94,11,0
1784534400,1.3465600000,1.3466000000,1.3464100000,1.3464600000,178,11,0
1784534700,1.3464600000,1.3464900000,1.3464500000,1.3464700000,138,12,0
1784535000,1.3464800000,1.3464900000,1.3462900000,1.3464100000,150,11,0
1784535300,1.3464100000,1.3467100000,1.3464000000,1.3466800000,178,12,0
1784535600,1.3466700000,1.3466900000,1.3465700000,1.3466700000,129,11,0
1784535900,1.3466600000,1.3466700000,1.3465500000,1.3465800000,215,11,0
1784536200,1.3465700000,1.3465900000,1.3464900000,1.3465700000,228,12,0
1784536500,1.3465700000,1.3466500000,1.3465500000,1.3465800000,216,12,0
1784536800,1.3465800000,1.3466800000,1.3465600000,1.3466300000,150,12,0
1784537100,1.3466200000,1.3466700000,1.3465000000,1.3465200000,215,12,0
1784537400,1.3465300000,1.3466800000,1.3464700000,1.3466700000,170,11,0
1784537700,1.3466700000,1.3466900000,1.3465400000,1.3465600000,182,11,0
1784538000,1.3465700000,1.3468200000,1.3465500000,1.3467600000,289,11,0
1784538300,1.3467500000,1.3467500000,1.3463600000,1.3463800000,362,12,0
1784538600,1.3463800000,1.3463800000,1.3460200000,1.3461100000,459,11,0
1784538900,1.3461100000,1.3465400000,1.3460700000,1.3463800000,406,11,0
1784539200,1.3463900000,1.3464900000,1.3462700000,1.3462800000,554,11,0
1784539500,1.3462900000,1.3462900000,1.3459800000,1.3460200000,551,11,0
1784539800,1.3460200000,1.3460900000,1.3457800000,1.3459500000,523,11,0
1784540100,1.3459500000,1.3462000000,1.3458400000,1.3461400000,503,11,0
1784540400,1.3461400000,1.3464100000,1.3460800000,1.3461600000,474,11,0
1784540700,1.3461500000,1.3463900000,1.3460700000,1.3461600000,431,11,0
1784541000,1.3461400000,1.3462100000,1.3459300000,1.3459800000,367,11,0
1784541300,1.3459700000,1.3460500000,1.3457000000,1.3457700000,409,11,0
1784541600,1.3457800000,1.3466100000,1.3456900000,1.3465800000,448,11,0
1784541900,1.3465700000,1.3465700000,1.3462200000,1.3462600000,486,11,0
1784542200,1.3462700000,1.3463500000,1.3460900000,1.3462500000,491,11,0
1784542500,1.3462400000,1.3462500000,1.3460200000,1.3461100000,478,11,0
1784542800,1.3460700000,1.3467400000,1.3460200000,1.3465900000,578,11,0
1784543100,1.3465900000,1.3469900000,1.3464400000,1.3469700000,455,11,0
1784543400,1.3469600000,1.3476500000,1.3469200000,1.3476400000,642,11,0
1784543700,1.3476400000,1.3479300000,1.3474200000,1.3477600000,449,11,0
1784544000,1.3477500000,1.3480500000,1.3476700000,1.3478700000,469,11,0
1784544300,1.3478600000,1.3478700000,1.3475000000,1.3476500000,458,11,0
1784544600,1.3476400000,1.3476900000,1.3473700000,1.3473700000,485,11,0
1784544900,1.3473600000,1.3475600000,1.3473400000,1.3475600000,401,11,0
1784545200,1.3475600000,1.3476200000,1.3473700000,1.3474500000,504,11,0
1784545500,1.3474400000,1.3475600000,1.3472400000,1.3473400000,320,11,0
1784545800,1.3473400000,1.3473800000,1.3472300000,1.3473300000,221,11,0
1784546100,1.3473300000,1.3475300000,1.3472300000,1.3472500000,357,11,0
1784546400,1.3472400000,1.3472400000,1.3468500000,1.3468900000,385,11,0
1784546700,1.3468800000,1.3469600000,1.3465400000,1.3466700000,407,11,0
1784547000,1.3466800000,1.3467900000,1.3465600000,1.3466500000,310,11,0
1784547300,1.3466500000,1.3469700000,1.3465800000,1.3469300000,322,11,0
1784547600,1.3469300000,1.3470800000,1.3467700000,1.3468300000,256,11,0
1784547900,1.3468400000,1.3471400000,1.3468100000,1.3471400000,209,12,0
1784548200,1.3471300000,1.3471300000,1.3466700000,1.3467500000,269,12,0
1784548500,1.3467700000,1.3469500000,1.3467200000,1.3469000000,264,11,0
1784548800,1.3468900000,1.3468900000,1.3462400000,1.3462500000,332,12,0
1784549100,1.3462600000,1.3462600000,1.3459100000,1.3460200000,386,11,0
1784549400,1.3460100000,1.3461500000,1.3459400000,1.3460600000,263,11,0
1784549700,1.3460600000,1.3462000000,1.3457100000,1.3457300000,225,11,0
1784550000,1.3457400000,1.3461100000,1.3457000000,1.3460900000,246,11,0
1784550300,1.3461000000,1.3461100000,1.3456900000,1.3457400000,260,11,0
1784550600,1.3457500000,1.3461500000,1.3457400000,1.3459900000,226,11,0
1784550900,1.3459800000,1.3461000000,1.3459200000,1.3459900000,163,11,0
1784551200,1.3459900000,1.3464700000,1.3459400000,1.3464600000,213,11,0
1784551500,1.3464500000,1.3464700000,1.3461600000,1.3462500000,312,11,0
1784551800,1.3462400000,1.3465800000,1.3462200000,1.3464300000,386,11,0
1784552100,1.3464100000,1.3465200000,1.3459200000,1.3462300000,361,11,0
1784552400,1.3462400000,1.3462400000,1.3458400000,1.3460200000,335,11,0
1784552700,1.3460500000,1.3463600000,1.3459600000,1.3463000000,231,11,0
1784553000,1.3463000000,1.3468600000,1.3462500000,1.3467200000,377,11,0
1784553300,1.3467200000,1.3469600000,1.3466000000,1.3468900000,311,11,0
1784553600,1.3469000000,1.3470200000,1.3465700000,1.3466900000,279,11,0
1784553900,1.3466800000,1.3467800000,1.3465500000,1.3466300000,231,11,0
1784554200,1.3466300000,1.3468000000,1.3465300000,1.3467900000,258,11,0
1784554500,1.3467900000,1.3472700000,1.3467500000,1.3472400000,309,11,0
1784554800,1.3472400000,1.3472900000,1.3469300000,1.3470300000,279,11,0
1784555100,1.3470300000,1.3471500000,1.3469500000,1.3470000000,259,11,0
1784555400,1.3469900000,1.3470400000,1.3467500000,1.3468800000,295,11,0
1784555700,1.3468800000,1.3471000000,1.3466700000,1.3467600000,427,11,0
1784556000,1.3467700000,1.3471700000,1.3467300000,1.3469000000,521,11,0
1784556300,1.3469000000,1.3470000000,1.3466000000,1.3466800000,433,11,0
1784556600,1.3466700000,1.3468700000,1.3464700000,1.3468400000,338,11,0
1784556900,1.3468400000,1.3468700000,1.3465700000,1.3468100000,275,11,0
1784557200,1.3468000000,1.3468900000,1.3465600000,1.3467000000,290,11,0
1784557500,1.3466900000,1.3469500000,1.3466500000,1.3468300000,264,11,0
1784557800,1.3468400000,1.3477900000,1.3468200000,1.3474800000,1032,11,0
1784558100,1.3474900000,1.3475600000,1.3469600000,1.3471600000,809,11,0
1784558400,1.3471600000,1.3472600000,1.3467600000,1.3468100000,744,11,0
1784558700,1.3468000000,1.3468100000,1.3464500000,1.3465400000,505,11,0
1784559000,1.3465500000,1.3465500000,1.3463700000,1.3464500000,404,11,0
1784559300,1.3464200000,1.3464200000,1.3460700000,1.3462100000,457,11,0
1784559600,1.3462000000,1.3462300000,1.3454800000,1.3460400000,795,11,0
1784559900,1.3460400000,1.3464100000,1.3458600000,1.3458700000,450,11,0
1784560200,1.3458800000,1.3460100000,1.3455500000,1.3458000000,421,11,0
1784560500,1.3458100000,1.3458100000,1.3453300000,1.3453800000,621,11,0
1784560800,1.3453800000,1.3454800000,1.3451400000,1.3454300000,521,11,0
1784561100,1.3454100000,1.3454500000,1.3451200000,1.3452100000,263,11,0
1784561400,1.3452000000,1.3452100000,1.3447700000,1.3449200000,298,11,0
1784561700,1.3449300000,1.3454500000,1.3449100000,1.3452300000,422,12,0
1784562000,1.3452200000,1.3452200000,1.3449300000,1.3449800000,354,11,0
1784562300,1.3449700000,1.3454800000,1.3449700000,1.3454100000,500,11,0
1784562600,1.3453900000,1.3456800000,1.3452800000,1.3454400000,428,11,0
1784562900,1.3454400000,1.3456100000,1.3452900000,1.3454100000,370,11,0
1784563200,1.3454100000,1.3455300000,1.3452000000,1.3453900000,481,11,0
1784563500,1.3453800000,1.3454100000,1.3451400000,1.3452400000,416,11,0
1784563800,1.3452400000,1.3455300000,1.3452400000,1.3454500000,297,11,0
1784564100,1.3454600000,1.3455000000,1.3452500000,1.3454700000,415,11,0
1784564400,1.3454700000,1.3457800000,1.3453900000,1.3457700000,365,11,0
1784564700,1.3457600000,1.3458200000,1.3455200000,1.3456700000,511,11,0
1784565000,1.3457000000,1.3457300000,1.3454500000,1.3455400000,604,11,0
1784565300,1.3455500000,1.3456600000,1.3452300000,1.3455400000,624,11,0
1784565600,1.3455500000,1.3456200000,1.3447400000,1.3447400000,595,11,0
1784565900,1.3447500000,1.3449700000,1.3444200000,1.3449500000,547,11,0
1784566200,1.3449500000,1.3453200000,1.3448600000,1.3451700000,380,11,0
1784566500,1.3451600000,1.3454000000,1.3451600000,1.3451800000,337,11,0
1784566800,1.3451700000,1.3456300000,1.3451700000,1.3452600000,390,11,0
1784567100,1.3452500000,1.3453800000,1.3448700000,1.3448700000,498,11,0
1784567400,1.3448600000,1.3450700000,1.3446400000,1.3450400000,574,11,0
1784567700,1.3450700000,1.3453100000,1.3450600000,1.3452200000,477,11,0
1784568000,1.3452100000,1.3452200000,1.3447300000,1.3448000000,433,11,0
1784568300,1.3448000000,1.3453500000,1.3447500000,1.3452300000,487,11,0
1784568600,1.3452300000,1.3452300000,1.3444600000,1.3445000000,546,11,0
1784568900,1.3444900000,1.3446700000,1.3443800000,1.3445700000,469,11,0
1784569200,1.3445800000,1.3446200000,1.3440400000,1.3441500000,530,11,0
1784569500,1.3441400000,1.3441400000,1.3438500000,1.3440100000,575,11,0
1784569800,1.3439900000,1.3440300000,1.3436500000,1.3436600000,428,11,0
1784570100,1.3436600000,1.3439600000,1.3432900000,1.3438600000,518,11,0
1784570400,1.3438300000,1.3438300000,1.3424300000,1.3426700000,871,11,0
1784570700,1.3426600000,1.3428900000,1.3420700000,1.3428000000,673,11,0
1784571000,1.3427900000,1.3427900000,1.3419100000,1.3419700000,545,11,0
1784571300,1.3419700000,1.3420500000,1.3416300000,1.3416700000,512,11,0
1784571600,1.3416800000,1.3418000000,1.3413300000,1.3416600000,495,11,0
1784571900,1.3416600000,1.3419900000,1.3413900000,1.3419800000,407,11,0
1784572200,1.3420200000,1.3420300000,1.3415300000,1.3416400000,405,11,0
1784572500,1.3416400000,1.3418500000,1.3415000000,1.3416900000,418,11,0
1784572800,1.3416900000,1.3417100000,1.3414000000,1.3415800000,317,11,0
1784573100,1.3416300000,1.3417200000,1.3413300000,1.3417000000,372,11,0
1784573400,1.3417000000,1.3419600000,1.3415700000,1.3417600000,406,11,0
1784573700,1.3417600000,1.3419700000,1.3417500000,1.3417600000,341,11,0
1784574000,1.3417300000,1.3418200000,1.3413100000,1.3415700000,500,11,0
1784574300,1.3415700000,1.3421600000,1.3415200000,1.3420700000,333,11,0
1784574600,1.3420700000,1.3421900000,1.3419900000,1.3420500000,234,11,0
1784574900,1.3420600000,1.3422900000,1.3420000000,1.3420600000,216,11,0
1784575200,1.3420500000,1.3421600000,1.3418900000,1.3419400000,222,11,0
1784575500,1.3419300000,1.3419600000,1.3415800000,1.3419600000,354,11,0
1784575800,1.3419500000,1.3420700000,1.3417600000,1.3417700000,270,11,0
1784576100,1.3417600000,1.3420500000,1.3417400000,1.3419100000,225,11,0
1784576400,1.3419000000,1.3419800000,1.3412000000,1.3416700000,553,11,0
1784576700,1.3416600000,1.3417500000,1.3414100000,1.3416800000,282,11,0
1784577000,1.3416800000,1.3416900000,1.3414500000,1.3416200000,273,11,0
1784577300,1.3416100000,1.3420200000,1.3415500000,1.3419800000,332,11,0
1784577600,1.3419800000,1.3423200000,1.3419600000,1.3422100000,330,11,0
1784577900,1.3422100000,1.3424600000,1.3422100000,1.3424600000,373,11,0
1784578200,1.3424500000,1.3424800000,1.3418000000,1.3419700000,354,11,0
1784578500,1.3419600000,1.3423700000,1.3418600000,1.3423400000,398,11,0
1784578800,1.3423500000,1.3427000000,1.3422700000,1.3426200000,372,11,0
1784579100,1.3426200000,1.3429400000,1.3425900000,1.3428700000,251,11,0
1784579400,1.3428800000,1.3430000000,1.3428400000,1.3428800000,210,11,0
1784579700,1.3428800000,1.3429300000,1.3425900000,1.3426100000,250,11,0
1784580000,1.3426000000,1.3429200000,1.3425500000,1.3428900000,223,11,0
1784580300,1.3428900000,1.3431700000,1.3428300000,1.3430800000,318,11,0
1784580600,1.3430700000,1.3432000000,1.3429900000,1.3430600000,354,11,0
1784580900,1.3430700000,1.3431900000,1.3430200000,1.3430600000,261,12,0
1784581200,1.3430700000,1.3433100000,1.3430600000,1.3432900000,170,11,0
1784581500,1.3432800000,1.3435800000,1.3432300000,1.3435400000,284,11,0
1784581800,1.3435500000,1.3435600000,1.3434600000,1.3435500000,267,11,0
1784582100,1.3435400000,1.3438900000,1.3435400000,1.3436900000,321,11,0
1784582400,1.3436800000,1.3438100000,1.3434800000,1.3435400000,407,11,0
1784582700,1.3434900000,1.3437000000,1.3434500000,1.3436200000,326,11,0
1784583000,1.3436600000,1.3436700000,1.3433000000,1.3433700000,399,11,0
1784583300,1.3433600000,1.3435700000,1.3433600000,1.3434100000,263,11,0
1784583600,1.3433900000,1.3434200000,1.3432700000,1.3433000000,279,11,0
1784583900,1.3432900000,1.3433600000,1.3431100000,1.3433000000,456,11,0
1784584200,1.3432900000,1.3433800000,1.3432600000,1.3433100000,434,11,0
1784584500,1.3433000000,1.3435600000,1.3431500000,1.3435500000,347,11,0
1784584800,1.3435500000,1.3435900000,1.3433300000,1.3433900000,338,11,0
1784585100,1.3433900000,1.3434100000,1.3432800000,1.3433700000,321,11,0
1784585400,1.3433600000,1.3434000000,1.3431700000,1.3431800000,376,11,0
1784585700,1.3431900000,1.3433100000,1.3431200000,1.3433000000,230,11,0
1784586000,1.3433000000,1.3434000000,1.3432600000,1.3434000000,289,11,0
1784586300,1.3433900000,1.3438200000,1.3432900000,1.3437300000,294,11,0
1784586600,1.3437600000,1.3438400000,1.3436700000,1.3436900000,352,11,0
1784586900,1.3436900000,1.3438300000,1.3436700000,1.3438300000,291,11,0
1784587200,1.3438100000,1.3438700000,1.3436200000,1.3436500000,240,11,0
1784587500,1.3436600000,1.3437700000,1.3435600000,1.3437600000,265,11,0
1784587800,1.3437200000,1.3437900000,1.3434500000,1.3435700000,286,11,0
1784588100,1.3435600000,1.3435600000,1.3433300000,1.3434500000,348,11,0
1784588400,1.3434600000,1.3436200000,1.3434300000,1.3434400000,363,11,0
1784588700,1.3434500000,1.3434700000,1.3430600000,1.3431500000,137,11,0
1784589000,1.3431400000,1.3431500000,1.3430600000,1.3430600000,110,11,0
1784589300,1.3430600000,1.3430700000,1.3428300000,1.3428900000,112,11,0
1784589600,1.3429000000,1.3430200000,1.3428100000,1.3430200000,127,11,0
1784589900,1.3430100000,1.3430500000,1.3429600000,1.3430100000,107,11,0
1784590200,1.3430100000,1.3431000000,1.3429900000,1.3430600000,116,11,0
1784590500,1.3430600000,1.3430700000,1.3429300000,1.3429400000,62,11,0
1784590800,1.3429400000,1.3430500000,1.3429000000,1.3429000000,65,12,0
1784591100,1.3429000000,1.3430300000,1.3428800000,1.3429500000,126,13,0
1784591400,1.3429400000,1.3429600000,1.3429100000,1.3429600000,44,13,0
1784591700,1.3429600000,1.3430600000,1.3429100000,1.3429400000,68,11,0
1784592000,1.3423300000,1.3423300000,1.3423300000,1.3423300000,1,157,0
1784592300,1.3424900000,1.3426100000,1.3422900000,1.3424400000,19,157,0
1784592600,1.3424500000,1.3426400000,1.3422300000,1.3424400000,19,151,0
1784592900,1.3424300000,1.3427100000,1.3424300000,1.3427100000,49,157,0
1784593200,1.3427000000,1.3427300000,1.3426700000,1.3427100000,12,53,0
1784593500,1.3427200000,1.3427200000,1.3418900000,1.3420600000,10,42,0
1784593800,1.3420600000,1.3422000000,1.3420600000,1.3421400000,51,79,0
1784594100,1.3421600000,1.3422000000,1.3420800000,1.3420800000,41,71,0
1784594400,1.3420800000,1.3424700000,1.3420600000,1.3421800000,53,48,0
1784594700,1.3421900000,1.3422200000,1.3419800000,1.3421500000,41,67,0
1784595000,1.3421500000,1.3421500000,1.3419100000,1.3421500000,12,86,0
1784595300,1.3421500000,1.3422800000,1.3420800000,1.3421600000,15,82,0
1784595600,1.3423900000,1.3424000000,1.3420400000,1.3423300000,87,22,0
1784595900,1.3423300000,1.3424400000,1.3421500000,1.3423400000,42,13,0
1784596200,1.3423900000,1.3424600000,1.3423400000,1.3423600000,53,17,0
1784596500,1.3423700000,1.3424000000,1.3423100000,1.3423400000,111,13,0
1784596800,1.3423400000,1.3423500000,1.3423200000,1.3423300000,37,17,0
1784597100,1.3423400000,1.3423500000,1.3422200000,1.3423400000,48,12,0
1784597400,1.3423400000,1.3423800000,1.3422800000,1.3423300000,27,17,0
1784597700,1.3423500000,1.3423600000,1.3423200000,1.3423400000,42,16,0
1784598000,1.3423500000,1.3423600000,1.3423200000,1.3423400000,44,15,0
1784598300,1.3423500000,1.3426100000,1.3423400000,1.3425100000,151,14,0
1784598600,1.3425000000,1.3425500000,1.3424200000,1.3425500000,77,14,0
1784598900,1.3425400000,1.3426000000,1.3425200000,1.3425400000,45,13,0
1784599200,1.3425300000,1.3426600000,1.3425200000,1.3426400000,42,14,0
1784599500,1.3426300000,1.3427400000,1.3426100000,1.3427300000,84,14,0
1784599800,1.3427300000,1.3427700000,1.3427100000,1.3427300000,51,13,0
1784600100,1.3427300000,1.3427700000,1.3427000000,1.3427600000,41,13,0
1784600400,1.3427600000,1.3427600000,1.3426700000,1.3427000000,45,11,0
1784600700,1.3427100000,1.3427300000,1.3427000000,1.3427100000,17,15,0
1784601000,1.3427100000,1.3428300000,1.3427100000,1.3428300000,33,13,0
1784601300,1.3428300000,1.3428400000,1.3427800000,1.3428000000,27,13,0
1784601600,1.3428000000,1.3428200000,1.3427300000,1.3427400000,47,13,0
1784601900,1.3427400000,1.3428700000,1.3427200000,1.3428300000,76,13,0
1784602200,1.3428500000,1.3429900000,1.3427800000,1.3429800000,84,13,0
1784602500,1.3429800000,1.3430900000,1.3429400000,1.3430500000,118,13,0
1784602800,1.3430600000,1.3432700000,1.3430000000,1.3430400000,382,11,0
1784603100,1.3430500000,1.3431000000,1.3429400000,1.3429900000,276,12,0
1784603400,1.3429800000,1.3431200000,1.3429500000,1.3430000000,321,12,0
1784603700,1.3430000000,1.3430300000,1.3428600000,1.3430200000,261,13,0
1784604000,1.3430300000,1.3430500000,1.3427100000,1.3427200000,207,11,0
1784604300,1.3427300000,1.3428200000,1.3427100000,1.3427800000,148,13,0
1784604600,1.3427700000,1.3427800000,1.3426200000,1.3427700000,171,13,0
1784604900,1.3427700000,1.3428600000,1.3427500000,1.3428600000,193,13,0
1784605200,1.3428600000,1.3431400000,1.3428500000,1.3431100000,183,13,0
1784605500,1.3431100000,1.3434200000,1.3431100000,1.3433400000,210,12,0
1784605800,1.3433400000,1.3434300000,1.3431900000,1.3433000000,249,11,0
1784606100,1.3432800000,1.3433300000,1.3430400000,1.3430700000,299,12,0
1784606400,1.3430700000,1.3431500000,1.3429300000,1.3431200000,357,11,0
1784606700,1.3431100000,1.3433900000,1.3431100000,1.3432400000,276,12,0
1784607000,1.3432500000,1.3433500000,1.3431800000,1.3431900000,208,12,0
1784607300,1.3432000000,1.3436100000,1.3431600000,1.3435400000,322,13,0
1784607600,1.3435300000,1.3435700000,1.3432300000,1.3432700000,452,12,0
1784607900,1.3432700000,1.3434500000,1.3431700000,1.3433700000,441,11,0
1784608200,1.3433800000,1.3435600000,1.3432200000,1.3434700000,369,12,0
1784608500,1.3434600000,1.3435200000,1.3431800000,1.3432400000,316,13,0
1784608800,1.3432500000,1.3436000000,1.3432400000,1.3435500000,239,11,0
1784609100,1.3435500000,1.3436200000,1.3434200000,1.3435600000,273,13,0
1784609400,1.3435700000,1.3435800000,1.3434200000,1.3435200000,286,13,0
1784609700,1.3435000000,1.3435400000,1.3433900000,1.3434200000,225,11,0
1784610000,1.3434300000,1.3436100000,1.3434200000,1.3434900000,293,13,0
1784610300,1.3434800000,1.3437500000,1.3434800000,1.3436000000,232,12,0
1784610600,1.3436100000,1.3437400000,1.3435500000,1.3435600000,285,12,0
1784610900,1.3435700000,1.3435700000,1.3434800000,1.3435100000,203,12,0
1784611200,1.3435000000,1.3437500000,1.3434600000,1.3437400000,230,12,0
1784611500,1.3437300000,1.3437400000,1.3433400000,1.3433400000,314,12,0
1784611800,1.3433500000,1.3435500000,1.3433500000,1.3434400000,245,11,0
1784612100,1.3434500000,1.3436300000,1.3434400000,1.3435000000,290,12,0
1784612400,1.3435000000,1.3435200000,1.3433900000,1.3434000000,269,12,0
1784612700,1.3434000000,1.3434000000,1.3432500000,1.3432700000,185,13,0
1784613000,1.3432700000,1.3432700000,1.3429700000,1.3429900000,259,13,0
1784613300,1.3429900000,1.3431200000,1.3429800000,1.3430600000,199,12,0
1784613600,1.3430600000,1.3431800000,1.3428600000,1.3429500000,274,12,0
1784613900,1.3429500000,1.3430500000,1.3428700000,1.3430100000,226,11,0
1784614200,1.3430200000,1.3431800000,1.3430000000,1.3430300000,158,11,0
1784614500,1.3430400000,1.3432500000,1.3429900000,1.3432400000,259,11,0
1784614800,1.3432400000,1.3433800000,1.3432100000,1.3433200000,241,11,0
1784615100,1.3433200000,1.3433500000,1.3432700000,1.3433500000,184,11,0
1784615400,1.3433500000,1.3435100000,1.3433400000,1.3435100000,137,12,0
1784615700,1.3435200000,1.3435500000,1.3434300000,1.3435300000,147,11,0
1784616000,1.3435400000,1.3435900000,1.3434900000,1.3435600000,134,12,0
1784616300,1.3435700000,1.3438700000,1.3435600000,1.3438600000,114,12,0
1784616600,1.3438600000,1.3438900000,1.3436600000,1.3436700000,152,11,0
1784616900,1.3436600000,1.3436900000,1.3435800000,1.3435900000,214,13,0
1784617200,1.3435800000,1.3436600000,1.3435200000,1.3435700000,126,11,0
1784617500,1.3435700000,1.3437700000,1.3435700000,1.3436800000,213,12,0
1784617800,1.3436900000,1.3437000000,1.3435500000,1.3436400000,187,12,0
1784618100,1.3436500000,1.3437200000,1.3436200000,1.3436400000,199,12,0
1784618400,1.3436400000,1.3437100000,1.3436000000,1.3436500000,262,12,0
1784618700,1.3436600000,1.3436900000,1.3436000000,1.3436300000,83,13,0
1784619000,1.3436200000,1.3437900000,1.3435900000,1.3437600000,157,13,0
1784619300,1.3437600000,1.3439000000,1.3437500000,1.3438900000,140,12,0
1784619600,1.3439000000,1.3439200000,1.3437400000,1.3438900000,110,11,0
1784619900,1.3438900000,1.3439900000,1.3438500000,1.3439400000,230,12,0
1784620200,1.3439300000,1.3440000000,1.3438400000,1.3439500000,233,12,0
1784620500,1.3439800000,1.3440000000,1.3438800000,1.3439600000,249,11,0
1784620800,1.3439500000,1.3440900000,1.3439400000,1.3440100000,179,11,0
1784621100,1.3440100000,1.3442300000,1.3439800000,1.3442300000,341,12,0
1784621400,1.3442000000,1.3442100000,1.3438400000,1.3438500000,267,12,0
1784621700,1.3438500000,1.3439000000,1.3438100000,1.3438200000,295,12,0
1784622000,1.3438200000,1.3439200000,1.3438100000,1.3438400000,251,12,0
1784622300,1.3438500000,1.3440000000,1.3438300000,1.3439700000,246,13,0
1784622600,1.3439800000,1.3442200000,1.3439500000,1.3441600000,202,12,0
1784622900,1.3441500000,1.3442800000,1.3441300000,1.3442500000,138,12,0
1784623200,1.3442600000,1.3445800000,1.3442400000,1.3445400000,322,11,0
1784623500,1.3445300000,1.3445300000,1.3443000000,1.3443400000,288,11,0
1784623800,1.3443600000,1.3444000000,1.3442700000,1.3443200000,385,11,0
1784624100,1.3443300000,1.3443300000,1.3441200000,1.3441200000,255,11,0
1784624400,1.3440900000,1.3449300000,1.3440900000,1.3448500000,178,11,0
1784624700,1.3448300000,1.3448300000,1.3445600000,1.3447300000,382,11,0
1784625000,1.3447400000,1.3447800000,1.3446300000,1.3447700000,318,11,0
1784625300,1.3447600000,1.3448100000,1.3445600000,1.3447200000,435,11,0
1784625600,1.3447000000,1.3450200000,1.3446200000,1.3448600000,343,11,0
1784625900,1.3448700000,1.3449000000,1.3445500000,1.3446600000,429,11,0
1784626200,1.3446800000,1.3447700000,1.3445400000,1.3447300000,416,11,0
1784626500,1.3447300000,1.3449900000,1.3446400000,1.3447500000,366,11,0
1784626800,1.3447600000,1.3450800000,1.3446800000,1.3450600000,482,11,0
1784627100,1.3450600000,1.3452200000,1.3449500000,1.3451100000,328,11,0
1784627400,1.3451100000,1.3451300000,1.3447400000,1.3447500000,440,12,0
1784627700,1.3447400000,1.3448700000,1.3446300000,1.3447100000,506,11,0
1784628000,1.3447100000,1.3451900000,1.3447000000,1.3450500000,385,11,0
1784628300,1.3450400000,1.3454900000,1.3450300000,1.3451400000,323,11,0
1784628600,1.3451300000,1.3451500000,1.3446100000,1.3448200000,421,11,0
1784628900,1.3448100000,1.3448400000,1.3445000000,1.3446200000,484,11,0
1784629200,1.3446200000,1.3448700000,1.3444400000,1.3447000000,391,11,0
1784629500,1.3447100000,1.3447800000,1.3443500000,1.3443700000,459,11,0
1784629800,1.3443600000,1.3443700000,1.3438500000,1.3443400000,413,11,0
1784630100,1.3443400000,1.3443400000,1.3441100000,1.3441600000,472,11,0
1784630400,1.3441400000,1.3441700000,1.3435900000,1.3437000000,458,11,0
1784630700,1.3437000000,1.3439600000,1.3436600000,1.3438400000,373,11,0
1784631000,1.3438400000,1.3439600000,1.3437500000,1.3438700000,354,11,0
1784631300,1.3438700000,1.3440800000,1.3438300000,1.3439900000,373,11,0
1784631600,1.3440100000,1.3441900000,1.3438800000,1.3440500000,330,11,0
1784631900,1.3440600000,1.3443600000,1.3439200000,1.3443400000,466,11,0
1784632200,1.3443300000,1.3445600000,1.3442600000,1.3444800000,291,11,0
1784632500,1.3444700000,1.3447800000,1.3440700000,1.3447500000,346,11,0
1784632800,1.3447500000,1.3447800000,1.3441300000,1.3441500000,435,11,0
1784633100,1.3441600000,1.3442100000,1.3436300000,1.3436400000,385,11,0
1784633400,1.3436300000,1.3436300000,1.3429400000,1.3430000000,496,11,0
1784633700,1.3430100000,1.3432800000,1.3426600000,1.3430900000,338,11,0
1784634000,1.3430900000,1.3432400000,1.3429800000,1.3432400000,237,11,0
1784634300,1.3432400000,1.3433300000,1.3430600000,1.3431600000,221,11,0
1784634600,1.3431500000,1.3432800000,1.3429900000,1.3430300000,229,11,0
1784634900,1.3430300000,1.3430700000,1.3428300000,1.3428500000,206,11,0
1784635200,1.3428500000,1.3429100000,1.3427100000,1.3427600000,328,11,0
1784635500,1.3427900000,1.3429100000,1.3424400000,1.3427100000,343,11,0
1784635800,1.3427200000,1.3428500000,1.3426200000,1.3427100000,263,11,0
1784636100,1.3426900000,1.3429600000,1.3426900000,1.3427200000,409,11,0
1784636400,1.3427200000,1.3428200000,1.3426000000,1.3427100000,286,11,0
1784636700,1.3426900000,1.3428100000,1.3424200000,1.3424200000,331,11,0
1784637000,1.3424200000,1.3428500000,1.3424200000,1.3428300000,246,11,0
1784637300,1.3428200000,1.3433000000,1.3426400000,1.3429200000,359,11,0
1784637600,1.3429200000,1.3429400000,1.3427100000,1.3427500000,332,11,0
1784637900,1.3427400000,1.3430600000,1.3427000000,1.3429400000,219,11,0
1784638200,1.3429500000,1.3430200000,1.3428200000,1.3429600000,286,11,0
1784638500,1.3429600000,1.3429700000,1.3426000000,1.3426600000,284,11,0
1784638800,1.3426700000,1.3427500000,1.3423900000,1.3425400000,372,11,0
1784639100,1.3425400000,1.3427700000,1.3424100000,1.3427500000,225,11,0
1784639400,1.3427500000,1.3433300000,1.3427400000,1.3430600000,478,11,0
1784639700,1.3430600000,1.3430700000,1.3426800000,1.3427300000,285,11,0
1784640000,1.3427400000,1.3430200000,1.3426300000,1.3427700000,288,11,0
1784640300,1.3427700000,1.3428300000,1.3425300000,1.3427200000,366,11,0
1784640600,1.3427100000,1.3429500000,1.3427100000,1.3427300000,239,11,0
1784640900,1.3427200000,1.3428600000,1.3425000000,1.3425100000,315,11,0
1784641200,1.3425000000,1.3425000000,1.3419300000,1.3420600000,305,11,0
1784641500,1.3420500000,1.3421100000,1.3417300000,1.3417400000,360,11,0
1784641800,1.3417200000,1.3418400000,1.3414400000,1.3415200000,333,11,0
1784642100,1.3415200000,1.3417400000,1.3413200000,1.3416100000,457,11,0
1784642400,1.3416100000,1.3419400000,1.3416100000,1.3419300000,378,11,0
1784642700,1.3419200000,1.3420100000,1.3411200000,1.3412200000,328,11,0
1784643000,1.3412100000,1.3412100000,1.3407000000,1.3409100000,262,11,0
1784643300,1.3409200000,1.3410700000,1.3406100000,1.3408800000,311,11,0
1784643600,1.3408700000,1.3410500000,1.3407400000,1.3410300000,184,11,0
1784643900,1.3410300000,1.3410300000,1.3407100000,1.3408300000,259,11,0
1784644200,1.3408300000,1.3409800000,1.3406600000,1.3407600000,255,11,0
1784644500,1.3407700000,1.3413400000,1.3407600000,1.3413300000,324,11,0
1784644800,1.3413300000,1.3413900000,1.3409100000,1.3410600000,230,11,0
1784645100,1.3410500000,1.3411800000,1.3409600000,1.3411000000,160,11,0
1784645400,1.3410900000,1.3411500000,1.3402900000,1.3403200000,310,11,0
1784645700,1.3403200000,1.3404600000,1.3401000000,1.3404600000,309,11,0
1784646000,1.3404500000,1.3406300000,1.3399700000,1.3401900000,569,11,0
1784646300,1.3401800000,1.3404400000,1.3398600000,1.3399700000,494,11,0
1784646600,1.3399500000,1.3400700000,1.3395900000,1.3397600000,411,11,0
1784646900,1.3397500000,1.3398500000,1.3393500000,1.3395000000,469,11,0
1784647200,1.3395100000,1.3396100000,1.3388700000,1.3389200000,434,11,0
1784647500,1.3389100000,1.3389300000,1.3382900000,1.3384100000,565,11,0
1784647800,1.3384100000,1.3390700000,1.3383700000,1.3389300000,591,11,0
1784648100,1.3389200000,1.3391600000,1.3388000000,1.3390300000,402,11,0
1784648400,1.3390400000,1.3390900000,1.3383200000,1.3386900000,453,11,0
1784648700,1.3386800000,1.3391800000,1.3386400000,1.3389600000,375,11,0
1784649000,1.3389500000,1.3389500000,1.3383900000,1.3385200000,474,11,0
1784649300,1.3385300000,1.3390300000,1.3381300000,1.3388100000,461,11,0
1784649600,1.3388300000,1.3389300000,1.3381900000,1.3386700000,601,11,0
1784649900,1.3386600000,1.3387500000,1.3384000000,1.3384200000,543,11,0
1784650200,1.3384100000,1.3391900000,1.3383800000,1.3391700000,382,11,0
1784650500,1.3391500000,1.3394500000,1.3386200000,1.3387300000,592,11,0
1784650800,1.3387400000,1.3388000000,1.3379300000,1.3379700000,587,11,0
1784651100,1.3379800000,1.3380600000,1.3376800000,1.3378800000,601,11,0
1784651400,1.3378900000,1.3379800000,1.3370900000,1.3371200000,794,11,0
1784651700,1.3370800000,1.3372200000,1.3359200000,1.3359500000,707,11,0
1784652000,1.3359500000,1.3363800000,1.3359500000,1.3363600000,692,11,0
1784652300,1.3363600000,1.3376700000,1.3363100000,1.3376600000,618,11,0
1784652600,1.3376600000,1.3384500000,1.3375200000,1.3382200000,609,11,0
1784652900,1.3382200000,1.3383800000,1.3378300000,1.3380800000,641,11,0
1784653200,1.3380800000,1.3384700000,1.3379100000,1.3384100000,689,11,0
1784653500,1.3384000000,1.3391400000,1.3383400000,1.3389800000,570,11,0
1784653800,1.3390000000,1.3398600000,1.3389100000,1.3398300000,530,11,0
1784654100,1.3398400000,1.3398400000,1.3392600000,1.3393100000,534,11,0
1784654400,1.3393200000,1.3394600000,1.3388100000,1.3389200000,551,11,0
1784654700,1.3389300000,1.3391500000,1.3384800000,1.3386200000,481,11,0
1784655000,1.3386100000,1.3389400000,1.3377000000,1.3377100000,533,11,0
1784655300,1.3377200000,1.3378700000,1.3375200000,1.3378300000,478,11,0
1784655600,1.3378600000,1.3382300000,1.3377100000,1.3379700000,409,11,0
1784655900,1.3379700000,1.3380100000,1.3373300000,1.3376300000,578,11,0
1784656200,1.3376200000,1.3376400000,1.3370100000,1.3372900000,538,11,0
1784656500,1.3372700000,1.3375900000,1.3365300000,1.3370800000,755,11,0
1784656800,1.3370700000,1.3371800000,1.3367400000,1.3371400000,546,11,0
1784657100,1.3371500000,1.3373200000,1.3369600000,1.3372600000,396,11,0
1784657400,1.3372700000,1.3374700000,1.3371900000,1.3373600000,382,11,0
1784657700,1.3373600000,1.3378200000,1.3373200000,1.3375900000,406,11,0
1784658000,1.3376000000,1.3380900000,1.3374100000,1.3376600000,467,11,0
1784658300,1.3376500000,1.3378400000,1.3375800000,1.3376900000,353,11,0
1784658600,1.3376900000,1.3379300000,1.3374200000,1.3379200000,496,11,0
1784658900,1.3379000000,1.3379300000,1.3374600000,1.3375200000,403,11,0
1784659200,1.3375300000,1.3376500000,1.3373600000,1.3375100000,368,11,0
1784659500,1.3375200000,1.3376200000,1.3371600000,1.3372300000,428,11,0
1784659800,1.3372400000,1.3373000000,1.3370700000,1.3371000000,322,11,0
1784660100,1.3370900000,1.3372400000,1.3370500000,1.3372400000,335,11,0
1784660400,1.3372500000,1.3373900000,1.3371100000,1.3372700000,319,11,0
1784660700,1.3372700000,1.3373100000,1.3369100000,1.3369200000,293,11,0
1784661000,1.3369300000,1.3372200000,1.3368600000,1.3370100000,311,11,0
1784661300,1.3370000000,1.3371200000,1.3369100000,1.3370500000,207,11,0
1784661600,1.3370400000,1.3373600000,1.3370000000,1.3372300000,343,11,0
1784661900,1.3372200000,1.3372700000,1.3370500000,1.3372000000,312,11,0
1784662200,1.3372100000,1.3375100000,1.3371000000,1.3374600000,164,11,0
1784662500,1.3374700000,1.3378300000,1.3374000000,1.3378000000,141,11,0
1784662800,1.3378000000,1.3382600000,1.3377600000,1.3382000000,227,11,0
1784663100,1.3382000000,1.3382300000,1.3379700000,1.3382000000,186,11,0
1784663400,1.3381900000,1.3382600000,1.3380500000,1.3381900000,193,11,0
1784663700,1.3382000000,1.3383500000,1.3381400000,1.3381900000,313,11,0
1784664000,1.3381900000,1.3384300000,1.3380800000,1.3381700000,270,11,0
1784664300,1.3381700000,1.3383000000,1.3380900000,1.3381200000,237,11,0
1784664600,1.3381200000,1.3383200000,1.3379700000,1.3382300000,270,11,0
1784664900,1.3382300000,1.3383400000,1.3381400000,1.3383100000,298,11,0
1784665200,1.3383200000,1.3383400000,1.3382100000,1.3383400000,257,11,0
1784665500,1.3383300000,1.3385800000,1.3383300000,1.3385700000,238,11,0
1784665800,1.3385800000,1.3386300000,1.3384200000,1.3384300000,243,11,0
1784666100,1.3384300000,1.3384700000,1.3383500000,1.3384500000,85,12,0
1784666400,1.3384500000,1.3385400000,1.3384000000,1.3385300000,102,12,0
1784666700,1.3385300000,1.3386200000,1.3384100000,1.3384300000,187,11,0
1784667000,1.3384300000,1.3386700000,1.3384200000,1.3386000000,166,11,0
1784667300,1.3386000000,1.3386300000,1.3383700000,1.3384000000,205,11,0
1784667600,1.3384000000,1.3384000000,1.3377500000,1.3377500000,269,11,0
1784667900,1.3377400000,1.3379100000,1.3375300000,1.3378200000,429,11,0
1784668200,1.3378200000,1.3379300000,1.3376200000,1.3376500000,245,11,0
1784668500,1.3376400000,1.3378300000,1.3375100000,1.3376500000,382,11,0
1784668800,1.3376600000,1.3377100000,1.3374300000,1.3377000000,320,11,0
1784669100,1.3377000000,1.3380600000,1.3377000000,1.3379400000,261,11,0
1784669400,1.3379200000,1.3380200000,1.3375200000,1.3375400000,218,11,0
1784669700,1.3375300000,1.3376300000,1.3374300000,1.3376100000,270,11,0
1784670000,1.3376200000,1.3378500000,1.3376000000,1.3378000000,305,11,0
1784670300,1.3377900000,1.3378900000,1.3376800000,1.3378100000,174,11,0
1784670600,1.3378100000,1.3379500000,1.3377400000,1.3379100000,232,11,0
1784670900,1.3379200000,1.3380500000,1.3378400000,1.3380400000,241,11,0
1784671200,1.3380400000,1.3382000000,1.3379300000,1.3379300000,273,11,0
1784671500,1.3379100000,1.3380800000,1.3378900000,1.3380000000,209,11,0
1784671800,1.3380100000,1.3381600000,1.3378600000,1.3380300000,260,11,0
1784672100,1.3380300000,1.3382100000,1.3380200000,1.3381600000,249,11,0
1784672400,1.3381600000,1.3382700000,1.3381100000,1.3382300000,227,11,0
1784672700,1.3382300000,1.3383700000,1.3382300000,1.3382900000,203,11,0
1784673000,1.3382800000,1.3383200000,1.3381900000,1.3382600000,213,11,0
1784673300,1.3382700000,1.3382700000,1.3379500000,1.3380300000,265,11,0
1784673600,1.3380200000,1.3381600000,1.3380200000,1.3380200000,129,11,0
1784673900,1.3380100000,1.3382200000,1.3380100000,1.3381800000,111,11,0
1784674200,1.3381700000,1.3383900000,1.3381400000,1.3382100000,254,11,0
1784674500,1.3382000000,1.3382000000,1.3378900000,1.3379700000,403,11,0
1784674800,1.3379700000,1.3379900000,1.3378000000,1.3379000000,252,11,0
1784675100,1.3379000000,1.3380000000,1.3378500000,1.3378600000,201,11,0
1784675400,1.3378600000,1.3378900000,1.3377900000,1.3378000000,51,11,0
1784675700,1.3377900000,1.3378000000,1.3376400000,1.3376500000,148,11,0
1784676000,1.3376500000,1.3377100000,1.3376000000,1.3377000000,77,11,0
1784676300,1.3377300000,1.3378600000,1.3377300000,1.3378100000,55,11,0
1784676600,1.3378100000,1.3378400000,1.3377600000,1.3377700000,68,12,0
1784676900,1.3377800000,1.3378300000,1.3377700000,1.3378300000,100,12,0
1784677200,1.3378200000,1.3378600000,1.3377100000,1.3377200000,135,11,0
1784677500,1.3377200000,1.3377700000,1.3376500000,1.3377000000,75,12,0
1784677800,1.3377000000,1.3377200000,1.3376700000,1.3376800000,31,13,0
1784678100,1.3376700000,1.3376900000,1.3373100000,1.3373400000,199,11,0
1784678400,1.3372800000,1.3372900000,1.3364500000,1.3368700000,22,50,0
1784678700,1.3368200000,1.3375300000,1.3368200000,1.3374900000,29,84,0
1784679000,1.3373600000,1.3374200000,1.3370400000,1.3370400000,31,99,0
1784679300,1.3369900000,1.3369900000,1.3365300000,1.3369000000,13,96,0
1784679600,1.3369000000,1.3370000000,1.3369000000,1.3369600000,41,112,0
1784679900,1.3371400000,1.3371400000,1.3369400000,1.3369500000,40,130,0
1784680200,1.3370000000,1.3371900000,1.3369200000,1.3371100000,61,95,0
1784680500,1.3371000000,1.3372800000,1.3369600000,1.3372400000,237,101,0
1784680800,1.3372500000,1.3373800000,1.3370800000,1.3373200000,413,94,0
1784681100,1.3373300000,1.3376300000,1.3370900000,1.3372800000,304,70,0
1784681400,1.3372700000,1.3373700000,1.3370300000,1.3373200000,241,96,0
1784681700,1.3373100000,1.3373900000,1.3369400000,1.3372900000,703,91,0
1784682000,1.3373000000,1.3376200000,1.3372800000,1.3375600000,100,20,0
1784682300,1.3375800000,1.3376200000,1.3375700000,1.3375900000,27,20,0
1784682600,1.3375900000,1.3376100000,1.3374800000,1.3374800000,91,13,0
1784682900,1.3374800000,1.3375200000,1.3374600000,1.3374800000,98,14,0
1784683200,1.3374700000,1.3375900000,1.3374700000,1.3375800000,65,15,0
1784683500,1.3375700000,1.3376700000,1.3375600000,1.3375900000,115,14,0
1784683800,1.3376000000,1.3376200000,1.3375400000,1.3376000000,155,13,0
1784684100,1.3375900000,1.3376700000,1.3375700000,1.3375700000,129,13,0
1784684400,1.3375900000,1.3375900000,1.3375300000,1.3375600000,53,16,0
1784684700,1.3375600000,1.3375700000,1.3374100000,1.3374600000,108,14,0
1784685000,1.3374700000,1.3374700000,1.3373600000,1.3373600000,50,15,0
1784685300,1.3373700000,1.3374000000,1.3373100000,1.3373400000,52,15,0
1784685600,1.3373300000,1.3373700000,1.3372600000,1.3373000000,75,15,0
1784685900,1.3373100000,1.3373900000,1.3372800000,1.3373700000,53,13,0
1784686200,1.3373800000,1.3374200000,1.3373600000,1.3373700000,60,14,0
1784686500,1.3373800000,1.3374200000,1.3373800000,1.3374100000,26,12,0
1784686800,1.3374100000,1.3374100000,1.3373100000,1.3373400000,97,12,0
1784687100,1.3373300000,1.3374200000,1.3372900000,1.3373300000,105,12,0
1784687400,1.3373300000,1.3374600000,1.3373300000,1.3374000000,101,14,0
1784687700,1.3374000000,1.3374900000,1.3374000000,1.3374100000,93,11,0
1784688000,1.3374100000,1.3374900000,1.3373900000,1.3374600000,139,13,0
1784688300,1.3374700000,1.3375200000,1.3374300000,1.3374900000,77,12,0
1784688600,1.3374900000,1.3377000000,1.3374800000,1.3376600000,161,13,0
1784688900,1.3376800000,1.3377900000,1.3376700000,1.3377700000,85,14,0
1784689200,1.3378000000,1.3380900000,1.3377000000,1.3380400000,298,12,0
1784689500,1.3380500000,1.3380600000,1.3377800000,1.3379900000,354,12,0
1784689800,1.3379900000,1.3381600000,1.3379200000,1.3381500000,320,12,0
1784690100,1.3381600000,1.3383200000,1.3380900000,1.3383200000,270,12,0
1784690400,1.3383200000,1.3385800000,1.3383100000,1.3384900000,314,11,0
1784690700,1.3384900000,1.3386000000,1.3384700000,1.3386000000,298,12,0
1784691000,1.3386000000,1.3386400000,1.3385000000,1.3385200000,245,13,0
1784691300,1.3385000000,1.3385300000,1.3380500000,1.3380600000,329,11,0
1784691600,1.3380700000,1.3381400000,1.3380200000,1.3381100000,287,12,0
1784691900,1.3381000000,1.3381900000,1.3380600000,1.3381600000,289,12,0
1784692200,1.3381700000,1.3383200000,1.3381000000,1.3381200000,300,11,0
1784692500,1.3381200000,1.3385500000,1.3380300000,1.3384400000,307,12,0
1784692800,1.3384500000,1.3387200000,1.3383900000,1.3385400000,388,12,0
1784693100,1.3385300000,1.3387100000,1.3385300000,1.3386500000,290,12,0
1784693400,1.3386600000,1.3386800000,1.3385400000,1.3386200000,256,13,0
1784693700,1.3386000000,1.3386700000,1.3383100000,1.3383400000,301,12,0
1784694000,1.3383300000,1.3384400000,1.3382300000,1.3382500000,208,12,0
1784694300,1.3382400000,1.3383500000,1.3382100000,1.3383100000,246,11,0
1784694600,1.3383100000,1.3383300000,1.3378800000,1.3380100000,344,12,0
1784694900,1.3380100000,1.3380300000,1.3378800000,1.3380100000,268,12,0
1784695200,1.3380200000,1.3381800000,1.3379800000,1.3381500000,236,12,0
1784695500,1.3381400000,1.3383400000,1.3381400000,1.3382900000,215,12,0
1784695800,1.3382800000,1.3383500000,1.3381900000,1.3383100000,218,12,0
1784696100,1.3382900000,1.3383300000,1.3381900000,1.3382700000,239,11,0
1784696400,1.3382800000,1.3383500000,1.3379900000,1.3381200000,279,11,0
1784696700,1.3381200000,1.3382400000,1.3380300000,1.3382400000,222,12,0
1784697000,1.3382400000,1.3384300000,1.3382200000,1.3383400000,241,11,0
1784697300,1.3383400000,1.3383700000,1.3382700000,1.3382900000,326,11,0
1784697600,1.3382800000,1.3385500000,1.3382800000,1.3385100000,271,12,0
1784697900,1.3385100000,1.3389100000,1.3385000000,1.3387200000,306,12,0
1784698200,1.3387300000,1.3387900000,1.3386000000,1.3386700000,341,11,0
1784698500,1.3386600000,1.3386700000,1.3384800000,1.3385200000,317,12,0
1784698800,1.3385200000,1.3386000000,1.3384600000,1.3385600000,322,13,0
1784699100,1.3385500000,1.3386000000,1.3384400000,1.3384400000,196,12,0
1784699400,1.3384400000,1.3385800000,1.3384000000,1.3385600000,161,13,0
1784699700,1.3385800000,1.3386700000,1.3384100000,1.3384600000,186,13,0
1784700000,1.3384500000,1.3385800000,1.3384100000,1.3385300000,254,12,0
1784700300,1.3385200000,1.3385700000,1.3382600000,1.3382800000,251,12,0
1784700600,1.3382800000,1.3383500000,1.3380600000,1.3382000000,314,13,0
1784700900,1.3382100000,1.3383700000,1.3382000000,1.3383400000,203,12,0
1784701200,1.3383500000,1.3384600000,1.3383200000,1.3384000000,196,12,0
1784701500,1.3384000000,1.3386300000,1.3384000000,1.3386200000,179,12,0
1784701800,1.3386100000,1.3386400000,1.3383800000,1.3384300000,171,12,0
1784702100,1.3384400000,1.3384400000,1.3382800000,1.3383800000,239,12,0
1784702400,1.3383800000,1.3383900000,1.3382600000,1.3382800000,228,12,0
1784702700,1.3382900000,1.3384100000,1.3382400000,1.3383100000,261,13,0
1784703000,1.3383100000,1.3383100000,1.3381600000,1.3382000000,158,11,0
1784703300,1.3382000000,1.3382700000,1.3382000000,1.3382400000,161,12,0
1784703600,1.3382400000,1.3382500000,1.3381600000,1.3382000000,109,11,0
1784703900,1.3382000000,1.3382400000,1.3381200000,1.3382100000,208,13,0
1784704200,1.3382100000,1.3382100000,1.3379900000,1.3381100000,172,12,0
1784704500,1.3381100000,1.3382400000,1.3381100000,1.3381400000,148,12,0
1784704800,1.3381300000,1.3381700000,1.3380300000,1.3381300000,180,12,0
1784705100,1.3381400000,1.3382000000,1.3380800000,1.3381900000,114,12,0
1784705400,1.3381900000,1.3382500000,1.3381700000,1.3382200000,110,12,0
1784705700,1.3382000000,1.3382900000,1.3381900000,1.3382800000,69,13,0
1784706000,1.3382700000,1.3384400000,1.3382700000,1.3384100000,185,12,0
1784706300,1.3384000000,1.3384100000,1.3382900000,1.3383100000,173,12,0
1784706600,1.3383100000,1.3383700000,1.3381900000,1.3382100000,148,11,0
1784706900,1.3382000000,1.3383100000,1.3381800000,1.3383000000,159,13,0
1784707200,1.3383100000,1.3385000000,1.3382600000,1.3384700000,205,13,0
1784707500,1.3384800000,1.3385300000,1.3383900000,1.3384000000,199,12,0
1784707800,1.3384000000,1.3385000000,1.3383700000,1.3383900000,329,12,0
1784708100,1.3384000000,1.3384100000,1.3382900000,1.3384100000,275,12,0
1784708400,1.3384100000,1.3385900000,1.3383900000,1.3384900000,228,11,0
1784708700,1.3384900000,1.3385000000,1.3382700000,1.3382900000,288,11,0
1784709000,1.3382800000,1.3383100000,1.3380600000,1.3381600000,349,11,0
1784709300,1.3381500000,1.3382800000,1.3381500000,1.3382300000,376,11,0
1784709600,1.3382300000,1.3382500000,1.3380000000,1.3380900000,448,12,0
1784709900,1.3380900000,1.3380900000,1.3378600000,1.3379900000,408,11,0
1784710200,1.3379800000,1.3383200000,1.3379700000,1.3382300000,313,12,0
1784710500,1.3382300000,1.3382900000,1.3379000000,1.3379500000,260,11,0
1784710800,1.3378300000,1.3390400000,1.3375200000,1.3387900000,390,11,0
1784711100,1.3387800000,1.3388100000,1.3384500000,1.3386200000,481,11,0
1784711400,1.3386100000,1.3386500000,1.3383000000,1.3383300000,442,11,0
1784711700,1.3383400000,1.3383500000,1.3379000000,1.3380100000,573,11,0
1784712000,1.3381000000,1.3381400000,1.3376900000,1.3377200000,419,11,0
1784712300,1.3377100000,1.3377300000,1.3369600000,1.3370100000,474,11,0
1784712600,1.3370100000,1.3374500000,1.3368600000,1.3371800000,328,11,0
1784712900,1.3371800000,1.3373000000,1.3369000000,1.3369900000,289,11,0
1784713200,1.3369900000,1.3374300000,1.3369800000,1.3374000000,244,11,0
1784713500,1.3373900000,1.3375800000,1.3373800000,1.3374900000,351,11,0
1784713800,1.3375000000,1.3378400000,1.3372300000,1.3377300000,320,11,0
1784714100,1.3377100000,1.3379000000,1.3375800000,1.3378900000,386,11,0
1784714400,1.3379200000,1.3379800000,1.3375800000,1.3377500000,628,11,0
1784714700,1.3377600000,1.3383300000,1.3376900000,1.3383200000,516,11,0
1784715000,1.3383100000,1.3385000000,1.3381700000,1.3383800000,386,11,0
1784715300,1.3383800000,1.3386100000,1.3381500000,1.3385300000,368,11,0
1784715600,1.3385300000,1.3390000000,1.3385200000,1.3386300000,345,11,0
1784715900,1.3386300000,1.3387800000,1.3385400000,1.3386100000,389,11,0
1784716200,1.3386000000,1.3394600000,1.3386000000,1.3388200000,617,11,0
1784716500,1.3388200000,1.3388400000,1.3383900000,1.3384600000,393,11,0
1784716800,1.3384200000,1.3384500000,1.3376100000,1.3378500000,478,11,0
1784717100,1.3378400000,1.3379400000,1.3374800000,1.3377200000,387,11,0
1784717400,1.3377200000,1.3381800000,1.3377000000,1.3381100000,371,11,0
1784717700,1.3381000000,1.3384100000,1.3380800000,1.3381700000,316,11,0
1784718000,1.3381700000,1.3382900000,1.3376800000,1.3379400000,476,11,0
1784718300,1.3379300000,1.3380000000,1.3375500000,1.3376200000,457,11,0
1784718600,1.3376300000,1.3377100000,1.3373700000,1.3374000000,333,11,0
1784718900,1.3374000000,1.3376200000,1.3372400000,1.3374200000,299,11,0
1784719200,1.3374200000,1.3379600000,1.3374000000,1.3379100000,350,11,0
1784719500,1.3379100000,1.3379100000,1.3374700000,1.3376900000,486,11,0
1784719800,1.3377000000,1.3383200000,1.3376500000,1.3379600000,460,11,0
1784720100,1.3379700000,1.3380600000,1.3377900000,1.3378600000,436,11,0
1784720400,1.3378600000,1.3381000000,1.3376800000,1.3380100000,361,11,0
1784720700,1.3380100000,1.3380300000,1.3374700000,1.3375000000,355,11,0
1784721000,1.3375100000,1.3375300000,1.3370900000,1.3372900000,306,11,0
1784721300,1.3372900000,1.3375300000,1.3372000000,1.3373000000,367,11,0
1784721600,1.3372800000,1.3374200000,1.3371000000,1.3373700000,411,11,0
1784721900,1.3373700000,1.3374000000,1.3370800000,1.3371200000,389,11,0
1784722200,1.3371300000,1.3372100000,1.3367400000,1.3368300000,347,11,0
1784722500,1.3368200000,1.3368900000,1.3366600000,1.3368900000,290,11,0
1784722800,1.3368900000,1.3371400000,1.3366700000,1.3369300000,342,11,0
1784723100,1.3369600000,1.3370300000,1.3367600000,1.3369300000,265,11,0
1784723400,1.3369200000,1.3373600000,1.3368100000,1.3372300000,305,11,0
1784723700,1.3372300000,1.3373000000,1.3370000000,1.3371200000,344,11,0
1784724000,1.3371100000,1.3372000000,1.3368100000,1.3370100000,347,11,0
1784724300,1.3370000000,1.3371200000,1.3369200000,1.3369700000,337,11,0
1784724600,1.3369800000,1.3369800000,1.3365800000,1.3367300000,358,11,0
1784724900,1.3367300000,1.3369200000,1.3366500000,1.3368600000,352,11,0
1784725200,1.3368700000,1.3370600000,1.3365900000,1.3366300000,426,11,0
1784725500,1.3366200000,1.3369400000,1.3365800000,1.3367100000,324,11,0
1784725800,1.3367100000,1.3371500000,1.3367000000,1.3370400000,349,11,0
1784726100,1.3370300000,1.3372500000,1.3370200000,1.3371000000,327,11,0
1784726400,1.3371100000,1.3373900000,1.3369100000,1.3370500000,435,11,0
1784726700,1.3370500000,1.3371300000,1.3368200000,1.3368300000,309,11,0
1784727000,1.3368200000,1.3368700000,1.3366000000,1.3367900000,335,11,0
1784727300,1.3367900000,1.3369400000,1.3365500000,1.3369000000,248,11,0
1784727600,1.3369100000,1.3369100000,1.3365200000,1.3366500000,229,11,0
1784727900,1.3366400000,1.3367800000,1.3365600000,1.3367800000,236,11,0
1784728200,1.3367800000,1.3368500000,1.3365500000,1.3366700000,334,11,0
1784728500,1.3366800000,1.3372300000,1.3366800000,1.3367900000,460,11,0
1784728800,1.3367700000,1.3372100000,1.3367700000,1.3370200000,487,11,0
1784729100,1.3370100000,1.3371100000,1.3367700000,1.3371100000,342,11,0
1784729400,1.3371000000,1.3372100000,1.3368200000,1.3368300000,301,11,0
1784729700,1.3368200000,1.3369900000,1.3365900000,1.3366000000,285,11,0
1784730000,1.3365900000,1.3368500000,1.3365900000,1.3367500000,260,11,0
1784730300,1.3367400000,1.3367400000,1.3362900000,1.3365200000,387,11,0
1784730600,1.3365200000,1.3368000000,1.3364500000,1.3367500000,316,11,0
1784730900,1.3367600000,1.3368800000,1.3364600000,1.3368400000,273,11,0
1784731200,1.3368600000,1.3368800000,1.3362900000,1.3367000000,614,11,0
1784731500,1.3366900000,1.3369700000,1.3365200000,1.3367900000,530,11,0
1784731800,1.3367800000,1.3368300000,1.3365500000,1.3366600000,514,11,0
1784732100,1.3366600000,1.3367000000,1.3364700000,1.3366600000,439,11,0
1784732400,1.3366700000,1.3368600000,1.3364900000,1.3367600000,524,11,0
1784732700,1.3367700000,1.3369500000,1.3365500000,1.3366800000,403,11,0
1784733000,1.3366900000,1.3369800000,1.3365700000,1.3369800000,366,11,0
1784733300,1.3369800000,1.3369800000,1.3365200000,1.3367400000,405,11,0
1784733600,1.3367400000,1.3367800000,1.3365100000,1.3365900000,366,11,0
1784733900,1.3366000000,1.3368400000,1.3365800000,1.3367700000,299,11,0
1784734200,1.3367800000,1.3371700000,1.3367800000,1.3371100000,285,11,0
1784734500,1.3371300000,1.3372000000,1.3367100000,1.3367200000,312,11,0
1784734800,1.3367100000,1.3367100000,1.3364800000,1.3366900000,316,11,0
1784735100,1.3367100000,1.3367200000,1.3357900000,1.3360100000,398,11,0
1784735400,1.3360200000,1.3363000000,1.3359700000,1.3361400000,321,11,0
1784735700,1.3361100000,1.3361900000,1.3354000000,1.3358400000,573,11,0
1784736000,1.3358500000,1.3366900000,1.3358500000,1.3365200000,535,11,0
1784736300,1.3365100000,1.3365800000,1.3363600000,1.3365800000,357,11,0
1784736600,1.3365800000,1.3366700000,1.3364200000,1.3365000000,379,11,0
1784736900,1.3364900000,1.3369400000,1.3363300000,1.3369000000,307,11,0
1784737200,1.3369100000,1.3377300000,1.3369000000,1.3377100000,438,11,0
1784737500,1.3377200000,1.3379200000,1.3375800000,1.3375900000,432,11,0
1784737800,1.3376500000,1.3387700000,1.3376100000,1.3383300000,604,11,0
1784738100,1.3383200000,1.3387100000,1.3380900000,1.3385800000,597,11,0
1784738400,1.3385600000,1.3388800000,1.3383100000,1.3385900000,637,11,0
1784738700,1.3385900000,1.3386200000,1.3380800000,1.3381700000,479,11,0
1784739000,1.3381700000,1.3386400000,1.3380600000,1.3386000000,509,11,0
1784739300,1.3385900000,1.3387600000,1.3383300000,1.3386200000,523,11,0
1784739600,1.3386300000,1.3389000000,1.3385600000,1.3386800000,587,11,0
1784739900,1.3386800000,1.3386800000,1.3381400000,1.3383700000,519,11,0
1784740200,1.3383800000,1.3390000000,1.3382300000,1.3388100000,462,11,0
1784740500,1.3388200000,1.3390200000,1.3387400000,1.3388200000,458,11,0
1784740800,1.3388200000,1.3389200000,1.3381800000,1.3382800000,476,11,0
1784741100,1.3382900000,1.3384900000,1.3379700000,1.3381700000,506,11,0
1784741400,1.3381700000,1.3383700000,1.3379300000,1.3382600000,535,11,0
1784741700,1.3382600000,1.3382900000,1.3377500000,1.3380200000,424,11,0
1784742000,1.3380000000,1.3380700000,1.3377500000,1.3378700000,460,11,0
1784742300,1.3378700000,1.3380300000,1.3376500000,1.3379100000,470,11,0
1784742600,1.3379000000,1.3380400000,1.3376700000,1.3378500000,511,11,0
1784742900,1.3378600000,1.3378600000,1.3371500000,1.3373500000,554,11,0
1784743200,1.3373400000,1.3377100000,1.3371900000,1.3376100000,550,11,0
1784743500,1.3375900000,1.3378600000,1.3375100000,1.3377100000,403,11,0
1784743800,1.3377100000,1.3377700000,1.3375500000,1.3375500000,289,11,0
1784744100,1.3375500000,1.3375600000,1.3371700000,1.3373600000,316,11,0
1784744400,1.3373700000,1.3376500000,1.3371900000,1.3375300000,320,11,0
1784744700,1.3375200000,1.3378600000,1.3375000000,1.3377600000,385,11,0
1784745000,1.3377500000,1.3378200000,1.3374400000,1.3374500000,496,11,0
1784745300,1.3374500000,1.3376000000,1.3370700000,1.3371500000,490,11,0
1784745600,1.3371500000,1.3375100000,1.3371200000,1.3374700000,452,11,0
1784745900,1.3374800000,1.3379900000,1.3374700000,1.3379100000,453,11,0
1784746200,1.3379200000,1.3379600000,1.3376000000,1.3376000000,449,11,0
1784746500,1.3375900000,1.3376100000,1.3372900000,1.3375500000,402,11,0
1784746800,1.3375600000,1.3375700000,1.3372400000,1.3373000000,363,11,0
1784747100,1.3373000000,1.3375200000,1.3370600000,1.3371600000,293,11,0
1784747400,1.3371700000,1.3371700000,1.3367300000,1.3368000000,399,11,0
1784747700,1.3368100000,1.3369500000,1.3364900000,1.3365400000,381,11,0
1784748000,1.3365400000,1.3369000000,1.3365100000,1.3368700000,278,11,0
1784748300,1.3368800000,1.3370400000,1.3367900000,1.3370300000,299,11,0
1784748600,1.3370500000,1.3372400000,1.3367600000,1.3367800000,371,11,0
1784748900,1.3367900000,1.3369200000,1.3366700000,1.3368100000,231,11,0
1784749200,1.3368100000,1.3369800000,1.3367700000,1.3369700000,238,11,0
1784749500,1.3369600000,1.3370000000,1.3368000000,1.3369700000,275,11,0
1784749800,1.3369600000,1.3370200000,1.3368000000,1.3369300000,269,11,0
1784750100,1.3369200000,1.3373500000,1.3369200000,1.3372400000,352,11,0
1784750400,1.3372300000,1.3373700000,1.3370700000,1.3372200000,347,11,0
1784750700,1.3372200000,1.3372700000,1.3370200000,1.3371200000,216,11,0
1784751000,1.3371200000,1.3372400000,1.3370200000,1.3370400000,295,11,0
1784751300,1.3370200000,1.3371800000,1.3369900000,1.3370700000,398,11,0
1784751600,1.3370600000,1.3372200000,1.3370100000,1.3371000000,368,11,0
1784751900,1.3370900000,1.3373100000,1.3370600000,1.3372300000,179,11,0
1784752200,1.3372200000,1.3372200000,1.3370300000,1.3370500000,182,11,0
1784752500,1.3370500000,1.3370700000,1.3368300000,1.3368800000,208,11,0
1784752800,1.3368800000,1.3370600000,1.3367900000,1.3370300000,174,11,0
1784753100,1.3370200000,1.3371200000,1.3369900000,1.3370800000,160,11,0
1784753400,1.3370900000,1.3372600000,1.3370700000,1.3370700000,215,11,0
1784753700,1.3370700000,1.3371100000,1.3369100000,1.3370800000,231,11,0
1784754000,1.3370900000,1.3372200000,1.3370000000,1.3370100000,225,11,0
1784754300,1.3370100000,1.3370800000,1.3368700000,1.3368800000,246,11,0
1784754600,1.3368700000,1.3369600000,1.3368100000,1.3369000000,164,11,0
1784754900,1.3368900000,1.3370700000,1.3368900000,1.3370500000,190,11,0
1784755200,1.3370400000,1.3371700000,1.3370100000,1.3371100000,198,11,0
1784755500,1.3371100000,1.3372100000,1.3371000000,1.3372000000,167,11,0
1784755800,1.3372100000,1.3372100000,1.3370100000,1.3371200000,226,11,0
1784756100,1.3371200000,1.3372500000,1.3371100000,1.3372200000,241,11,0
1784756400,1.3372300000,1.3372600000,1.3371000000,1.3371800000,166,11,0
1784756700,1.3371800000,1.3374900000,1.3371800000,1.3374500000,182,11,0
1784757000,1.3374400000,1.3374700000,1.3372700000,1.3373800000,235,11,0
1784757300,1.3373700000,1.3374300000,1.3372700000,1.3373200000,264,11,0
1784757600,1.3373100000,1.3373800000,1.3371800000,1.3373100000,318,11,0
1784757900,1.3373000000,1.3373800000,1.3372300000,1.3372400000,215,11,0
1784758200,1.3372400000,1.3372400000,1.3370500000,1.3370600000,160,11,0
1784758500,1.3370500000,1.3371300000,1.3370100000,1.3371000000,200,11,0
1784758800,1.3371000000,1.3372400000,1.3370700000,1.3371800000,193,11,0
1784759100,1.3371800000,1.3372100000,1.3371300000,1.3372000000,126,11,0
1784759400,1.3371900000,1.3371900000,1.3370600000,1.3371400000,148,11,0
1784759700,1.3371300000,1.3372200000,1.3371200000,1.3371600000,151,11,0
1784760000,1.3371700000,1.3372500000,1.3371600000,1.3372200000,168,11,0
1784760300,1.3372300000,1.3372800000,1.3371300000,1.3371600000,185,11,0
1784760600,1.3371700000,1.3371700000,1.3369900000,1.3370800000,216,11,0
1784760900,1.3370300000,1.3373200000,1.3370300000,1.3372900000,328,11,0
1784761200,1.3373000000,1.3375200000,1.3372700000,1.3372800000,469,11,0
1784761500,1.3372700000,1.3376400000,1.3372500000,1.3376100000,391,11,0
1784761800,1.3376200000,1.3376500000,1.3374900000,1.3375800000,190,11,0
1784762100,1.3375700000,1.3375900000,1.3375200000,1.3375500000,243,11,0
1784762400,1.3375600000,1.3375800000,1.3375000000,1.3375500000,89,11,0
1784762700,1.3375500000,1.3375900000,1.3375400000,1.3375400000,64,12,0
1784763000,1.3375300000,1.3375700000,1.3373600000,1.3373900000,261,11,0
1784763300,1.3373800000,1.3374900000,1.3373700000,1.3374500000,173,11,0
1784763600,1.3374600000,1.3375600000,1.3374600000,1.3375200000,112,11,0
1784763900,1.3375200000,1.3375300000,1.3374100000,1.3374300000,169,11,0
1784764200,1.3374100000,1.3375000000,1.3374100000,1.3374900000,96,11,0
1784764500,1.3375000000,1.3375500000,1.3372200000,1.3372300000,148,11,0
1784764800,1.3372500000,1.3374200000,1.3369400000,1.3369400000,10,49,0
1784765100,1.3370100000,1.3371000000,1.3369600000,1.3370500000,14,115,0
1784765400,1.3371200000,1.3371500000,1.3367000000,1.3370400000,20,157,0
1784765700,1.3370500000,1.3371100000,1.3368700000,1.3369600000,335,157,0
1784766000,1.3369700000,1.3371100000,1.3369600000,1.3370500000,37,157,0
1784766300,1.3370400000,1.3370600000,1.3369100000,1.3369500000,42,157,0
1784766600,1.3369800000,1.3369900000,1.3368100000,1.3368100000,63,144,0
1784766900,1.3368000000,1.3370800000,1.3367700000,1.3368000000,76,136,0
1784767200,1.3369100000,1.3370300000,1.3366400000,1.3368300000,69,134,0
1784767500,1.3368400000,1.3370900000,1.3367800000,1.3370700000,199,143,0
1784767800,1.3370500000,1.3371600000,1.3369500000,1.3370800000,79,130,0
1784768100,1.3370600000,1.3370900000,1.3369200000,1.3370700000,131,104,0
1784768400,1.3371500000,1.3371700000,1.3369100000,1.3369600000,44,15,0
1784768700,1.3369500000,1.3370300000,1.3369100000,1.3369100000,20,18,0
1784769000,1.3369000000,1.3369400000,1.3368000000,1.3368300000,34,12,0
1784769300,1.3368400000,1.3369100000,1.3367500000,1.3368200000,60,15,0
1784769600,1.3368200000,1.3368600000,1.3368200000,1.3368500000,22,19,0
1784769900,1.3368500000,1.3369200000,1.3368300000,1.3368300000,28,19,0
1784770200,1.3368400000,1.3368700000,1.3368000000,1.3368400000,36,19,0
1784770500,1.3368500000,1.3369000000,1.3367300000,1.3367400000,64,15,0
1784770800,1.3367300000,1.3367400000,1.3366400000,1.3367400000,78,16,0
1784771100,1.3367300000,1.3367900000,1.3367100000,1.3367800000,62,16,0
1784771400,1.3367700000,1.3369400000,1.3367600000,1.3369200000,150,19,0
1784771700,1.3369300000,1.3369400000,1.3368600000,1.3369300000,122,14,0
1784772000,1.3369200000,1.3370600000,1.3369200000,1.3370500000,101,14,0
1784772300,1.3370400000,1.3370700000,1.3370000000,1.3370400000,80,14,0
1784772600,1.3370500000,1.3371800000,1.3370300000,1.3371600000,81,14,0
1784772900,1.3371600000,1.3372400000,1.3371400000,1.3372000000,70,13,0
1784773200,1.3371900000,1.3372500000,1.3371500000,1.3371600000,72,12,0
1784773500,1.3371500000,1.3371900000,1.3371500000,1.3371800000,39,14,0
1784773800,1.3371900000,1.3373800000,1.3371700000,1.3373400000,106,12,0
1784774100,1.3373500000,1.3373700000,1.3372800000,1.3372800000,88,12,0
1784774400,1.3372700000,1.3373700000,1.3372500000,1.3373000000,89,13,0
1784774700,1.3372900000,1.3373700000,1.3372400000,1.3373300000,103,14,0
1784775000,1.3373400000,1.3373600000,1.3372500000,1.3372900000,152,12,0
1784775300,1.3372800000,1.3375000000,1.3372600000,1.3374100000,245,13,0
1784775600,1.3374300000,1.3376900000,1.3373900000,1.3376100000,458,12,0
1784775900,1.3376000000,1.3376200000,1.3374300000,1.3374800000,328,12,0
1784776200,1.3374800000,1.3374900000,1.3373000000,1.3373600000,306,12,0
1784776500,1.3373600000,1.3374300000,1.3372300000,1.3374000000,422,12,0
1784776800,1.3374000000,1.3375500000,1.3373100000,1.3375500000,413,11,0
1784777100,1.3375400000,1.3376100000,1.3373700000,1.3373900000,337,12,0
1784777400,1.3373700000,1.3374800000,1.3373700000,1.3374400000,278,12,0
1784777700,1.3374300000,1.3375700000,1.3374300000,1.3375100000,269,11,0
1784778000,1.3375100000,1.3376400000,1.3374600000,1.3376100000,273,12,0
1784778300,1.3376200000,1.3376400000,1.3373700000,1.3374200000,326,12,0
1784778600,1.3374200000,1.3376200000,1.3373200000,1.3376200000,393,11,0
1784778900,1.3376100000,1.3381000000,1.3375400000,1.3380600000,433,11,0
1784779200,1.3380600000,1.3383300000,1.3380600000,1.3381100000,534,11,0
1784779500,1.3381000000,1.3382500000,1.3380400000,1.3382100000,495,12,0
1784779800,1.3382100000,1.3382600000,1.3380600000,1.3380900000,577,11,0
1784780100,1.3380900000,1.3381600000,1.3380000000,1.3380200000,554,11,0
1784780400,1.3380200000,1.3381000000,1.3379300000,1.3380100000,506,12,0
1784780700,1.3380200000,1.3381300000,1.3379700000,1.3379900000,245,12,0
1784781000,1.3379900000,1.3383400000,1.3379600000,1.3383300000,561,11,0
1784781300,1.3383300000,1.3384000000,1.3381900000,1.3382300000,453,12,0
1784781600,1.3382300000,1.3385500000,1.3382000000,1.3382100000,448,11,0
1784781900,1.3382200000,1.3382400000,1.3379400000,1.3381000000,311,13,0
1784782200,1.3380900000,1.3382200000,1.3380400000,1.3381600000,335,13,0
1784782500,1.3381600000,1.3382400000,1.3380500000,1.3380800000,383,11,0
1784782800,1.3380800000,1.3383500000,1.3380600000,1.3383500000,287,12,0
1784783100,1.3383500000,1.3385100000,1.3382700000,1.3384000000,226,11,0
1784783400,1.3383900000,1.3384000000,1.3382500000,1.3383400000,189,11,0
1784783700,1.3383200000,1.3383700000,1.3382400000,1.3382400000,196,12,0
1784784000,1.3382600000,1.3385100000,1.3382400000,1.3384400000,189,12,0
1784784300,1.3384300000,1.3384500000,1.3382400000,1.3383100000,219,13,0
1784784600,1.3383000000,1.3386700000,1.3383000000,1.3385800000,297,12,0
1784784900,1.3385800000,1.3387200000,1.3384500000,1.3385000000,334,11,0
1784785200,1.3384900000,1.3387200000,1.3384500000,1.3386900000,227,11,0
1784785500,1.3386800000,1.3388100000,1.3386500000,1.3386600000,220,12,0
1784785800,1.3386500000,1.3388100000,1.3386500000,1.3387400000,177,12,0
1784786100,1.3387500000,1.3389400000,1.3387400000,1.3388900000,185,13,0
1784786400,1.3389000000,1.3390800000,1.3387700000,1.3387700000,225,11,0
1784786700,1.3387900000,1.3388000000,1.3386300000,1.3387600000,313,11,0
1784787000,1.3387500000,1.3387700000,1.3383400000,1.3383400000,338,11,0
1784787300,1.3383500000,1.3386500000,1.3382700000,1.3386400000,349,12,0
1784787600,1.3386300000,1.3388500000,1.3386300000,1.3388400000,246,12,0
1784787900,1.3388500000,1.3389300000,1.3387800000,1.3389000000,238,12,0
1784788200,1.3389100000,1.3389800000,1.3388100000,1.3389600000,199,12,0
1784788500,1.3389300000,1.3389900000,1.3388900000,1.3389400000,96,12,0
1784788800,1.3389500000,1.3389800000,1.3388600000,1.3389400000,256,12,0
1784789100,1.3389300000,1.3390200000,1.3387400000,1.3388400000,416,13,0
1784789400,1.3388500000,1.3389400000,1.3388000000,1.3388400000,287,12,0
1784789700,1.3388200000,1.3389200000,1.3387500000,1.3387700000,289,11,0
1784790000,1.3387600000,1.3388400000,1.3387000000,1.3387500000,256,12,0
1784790300,1.3387600000,1.3392400000,1.3387200000,1.3391700000,287,12,0
1784790600,1.3391800000,1.3392600000,1.3390800000,1.3391500000,233,11,0
1784790900,1.3391500000,1.3391700000,1.3386000000,1.3386300000,346,11,0
1784791200,1.3386300000,1.3387700000,1.3386300000,1.3387400000,315,12,0
1784791500,1.3387300000,1.3389400000,1.3387300000,1.3389200000,226,13,0
1784791800,1.3389300000,1.3390300000,1.3388500000,1.3389700000,205,11,0
1784792100,1.3389700000,1.3390300000,1.3389300000,1.3389400000,188,12,0
1784792400,1.3389500000,1.3389500000,1.3387000000,1.3387100000,154,13,0
1784792700,1.3387000000,1.3388600000,1.3386400000,1.3386600000,212,13,0
1784793000,1.3386500000,1.3386900000,1.3385400000,1.3385800000,326,11,0
1784793300,1.3385900000,1.3386400000,1.3383700000,1.3386000000,251,12,0
1784793600,1.3386100000,1.3387100000,1.3385300000,1.3385700000,274,12,0
1784793900,1.3385800000,1.3387200000,1.3385400000,1.3386400000,197,12,0
1784794200,1.3386500000,1.3386700000,1.3384600000,1.3384700000,199,13,0
1784794500,1.3384800000,1.3384900000,1.3381800000,1.3382400000,330,12,0
1784794800,1.3382500000,1.3383400000,1.3381400000,1.3382300000,380,12,0
1784795100,1.3382300000,1.3384600000,1.3382100000,1.3384600000,232,12,0
1784795400,1.3384500000,1.3385900000,1.3384100000,1.3385500000,264,11,0
1784795700,1.3385500000,1.3386600000,1.3384500000,1.3385400000,224,11,0
1784796000,1.3385400000,1.3386300000,1.3385000000,1.3385800000,174,12,0
1784796300,1.3385700000,1.3386600000,1.3385400000,1.3385400000,164,13,0
1784796600,1.3385400000,1.3385800000,1.3385100000,1.3385500000,169,11,0
1784796900,1.3385500000,1.3387300000,1.3385000000,1.3385300000,328,11,0
1784797200,1.3385000000,1.3390400000,1.3384500000,1.3388600000,463,11,0
1784797500,1.3388400000,1.3389300000,1.3387100000,1.3387300000,334,11,0
1784797800,1.3387400000,1.3388800000,1.3386100000,1.3388600000,290,11,0
1784798100,1.3388500000,1.3389500000,1.3385500000,1.3385800000,566,11,0
1784798400,1.3385900000,1.3387300000,1.3385700000,1.3387200000,361,11,0
1784798700,1.3387000000,1.3387500000,1.3385000000,1.3386800000,380,11,0
1784799000,1.3386900000,1.3387000000,1.3382200000,1.3382400000,290,11,0
1784799300,1.3382500000,1.3382600000,1.3379300000,1.3379400000,246,11,0
1784799600,1.3379500000,1.3379900000,1.3374700000,1.3379400000,281,11,0
1784799900,1.3379400000,1.3380600000,1.3378400000,1.3379800000,209,11,0
1784800200,1.3379800000,1.3380700000,1.3377500000,1.3377700000,332,11,0
1784800500,1.3377600000,1.3377800000,1.3375100000,1.3376500000,412,11,0
1784800800,1.3376700000,1.3376900000,1.3371000000,1.3371000000,677,11,0
1784801100,1.3371200000,1.3374800000,1.3371100000,1.3373700000,471,11,0
1784801400,1.3373500000,1.3375700000,1.3371200000,1.3375500000,474,11,0
1784801700,1.3375600000,1.3376500000,1.3373500000,1.3375900000,323,11,0
1784802000,1.3375900000,1.3379400000,1.3375600000,1.3376700000,273,11,0
1784802300,1.3376800000,1.3378900000,1.3375600000,1.3375700000,354,11,0
1784802600,1.3375600000,1.3378500000,1.3374600000,1.3377500000,346,11,0
1784802900,1.3377500000,1.3377800000,1.3374500000,1.3374700000,303,11,0
1784803200,1.3374800000,1.3375700000,1.3370400000,1.3371700000,386,11,0
1784803500,1.3371800000,1.3372400000,1.3366200000,1.3370600000,642,11,0
1784803800,1.3370500000,1.3372100000,1.3368500000,1.3368600000,426,11,0
1784804100,1.3368700000,1.3372900000,1.3367600000,1.3372900000,542,11,0
1784804400,1.3373100000,1.3373900000,1.3369900000,1.3370600000,489,11,0
1784804700,1.3370500000,1.3375400000,1.3370300000,1.3375200000,335,11,0
1784805000,1.3375300000,1.3375900000,1.3371600000,1.3371900000,280,11,0
1784805300,1.3371700000,1.3371900000,1.3366400000,1.3368700000,445,11,0
1784805600,1.3368600000,1.3370500000,1.3365500000,1.3366200000,411,11,0
1784805900,1.3366200000,1.3367000000,1.3364600000,1.3366000000,331,11,0
1784806200,1.3365900000,1.3365900000,1.3361400000,1.3363400000,466,11,0
1784806500,1.3363500000,1.3367400000,1.3363400000,1.3364700000,345,11,0
1784806800,1.3364800000,1.3364900000,1.3360200000,1.3363200000,501,11,0
1784807100,1.3363100000,1.3366100000,1.3363000000,1.3364700000,393,11,0
1784807400,1.3364700000,1.3369400000,1.3364500000,1.3369100000,351,11,0
1784807700,1.3369100000,1.3369500000,1.3367500000,1.3367800000,326,11,0
1784808000,1.3367700000,1.3373200000,1.3366600000,1.3373000000,463,11,0
1784808300,1.3373100000,1.3373600000,1.3369000000,1.3370600000,354,11,0
1784808600,1.3370500000,1.3371100000,1.3366500000,1.3366500000,331,11,0
1784808900,1.3366500000,1.3370500000,1.3366300000,1.3369700000,239,11,0
1784809200,1.3369700000,1.3370100000,1.3367500000,1.3368600000,263,11,0
1784809500,1.3368700000,1.3368900000,1.3366100000,1.3366900000,293,11,0
1784809800,1.3366900000,1.3370100000,1.3365400000,1.3369800000,326,11,0
1784810100,1.3369900000,1.3375100000,1.3369700000,1.3373900000,377,11,0
1784810400,1.3373900000,1.3376800000,1.3372900000,1.3375500000,282,11,0
1784810700,1.3375600000,1.3376100000,1.3372800000,1.3373800000,263,11,0
1784811000,1.3373700000,1.3374300000,1.3372400000,1.3374000000,250,11,0
1784811300,1.3374300000,1.3374700000,1.3369900000,1.3371600000,406,11,0
1784811600,1.3371600000,1.3372600000,1.3370000000,1.3371600000,383,11,0
1784811900,1.3371700000,1.3372000000,1.3366800000,1.3367600000,437,11,0
1784812200,1.3367700000,1.3369900000,1.3367000000,1.3369900000,306,11,0
1784812500,1.3369800000,1.3370800000,1.3368100000,1.3368200000,231,11,0
1784812800,1.3368200000,1.3369000000,1.3366000000,1.3367800000,324,11,0
1784813100,1.3367900000,1.3368900000,1.3367000000,1.3368200000,242,11,0
1784813400,1.3368100000,1.3370600000,1.3367700000,1.3368600000,371,11,0
1784813700,1.3368800000,1.3369300000,1.3365600000,1.3366800000,411,11,0
1784814000,1.3366700000,1.3366900000,1.3364100000,1.3365100000,355,11,0
1784814300,1.3364900000,1.3365000000,1.3360400000,1.3362900000,517,12,0
1784814600,1.3363000000,1.3366900000,1.3361600000,1.3366900000,326,11,0
1784814900,1.3366900000,1.3370800000,1.3365800000,1.3367000000,552,11,0
1784815200,1.3366900000,1.3367600000,1.3364400000,1.3365000000,394,11,0
1784815500,1.3365100000,1.3367900000,1.3363000000,1.3367000000,387,11,0
1784815800,1.3367000000,1.3368500000,1.3364700000,1.3366700000,423,11,0
1784816100,1.3366400000,1.3367000000,1.3361300000,1.3361900000,419,11,0
1784816400,1.3362000000,1.3362400000,1.3358800000,1.3359900000,356,11,0
1784816700,1.3359900000,1.3360400000,1.3355300000,1.3358300000,543,11,0
1784817000,1.3358300000,1.3358300000,1.3352200000,1.3353000000,602,11,0
1784817300,1.3353000000,1.3353000000,1.3344300000,1.3344500000,683,11,0
1784817600,1.3344500000,1.3345700000,1.3339500000,1.3345400000,726,11,0
1784817900,1.3345500000,1.3350900000,1.3345400000,1.3350500000,597,11,0
1784818200,1.3350500000,1.3355000000,1.3349600000,1.3351700000,525,11,0
1784818500,1.3351300000,1.3356100000,1.3351300000,1.3355100000,538,11,0
1784818800,1.3354800000,1.3355300000,1.3348000000,1.3351000000,663,11,0
1784819100,1.3350900000,1.3352900000,1.3348000000,1.3352100000,479,11,0
1784819400,1.3351900000,1.3353600000,1.3351400000,1.3352900000,382,11,0
1784819700,1.3353500000,1.3353700000,1.3345600000,1.3347100000,544,11,0
1784820000,1.3346900000,1.3346900000,1.3339600000,1.3340800000,541,11,0
1784820300,1.3340700000,1.3346800000,1.3339400000,1.3346800000,460,11,0
1784820600,1.3341000000,1.3346500000,1.3339800000,1.3345100000,364,11,0
1784820900,1.3345000000,1.3345300000,1.3339000000,1.3341300000,686,11,0
1784821200,1.3341200000,1.3341200000,1.3336100000,1.3338800000,625,11,0
1784821500,1.3338900000,1.3342100000,1.3334300000,1.3339800000,659,11,0
1784821800,1.3339700000,1.3340300000,1.3337000000,1.3339100000,582,11,0
1784822100,1.3339000000,1.3343100000,1.3338500000,1.3342100000,570,11,0
1784822400,1.3342000000,1.3342200000,1.3334400000,1.3336000000,638,11,0
1784822700,1.3336100000,1.3337900000,1.3327900000,1.3329100000,819,11,0
1784823000,1.3329200000,1.3332400000,1.3326200000,1.3327600000,784,11,0
1784823300,1.3327400000,1.3331600000,1.3326800000,1.3329700000,721,11,0
1784823600,1.3329800000,1.3333100000,1.3327900000,1.3329000000,594,11,0
1784823900,1.3329400000,1.3335700000,1.3327200000,1.3335200000,590,11,0
1784824200,1.3335200000,1.3343200000,1.3333700000,1.3341700000,803,11,0
1784824500,1.3341600000,1.3344200000,1.3337000000,1.3338000000,827,11,0
1784824800,1.3337900000,1.3340800000,1.3334900000,1.3335800000,788,11,0
1784825100,1.3335700000,1.3338200000,1.3332700000,1.3338200000,675,11,0
1784825400,1.3338200000,1.3338300000,1.3333300000,1.3337200000,581,11,0
1784825700,1.3337200000,1.3339300000,1.3326500000,1.3327700000,621,11,0
1784826000,1.3328100000,1.3330800000,1.3323400000,1.3323600000,631,11,0
1784826300,1.3323700000,1.3328000000,1.3321000000,1.3322800000,724,11,0
1784826600,1.3323300000,1.3329000000,1.3321600000,1.3327600000,707,11,0
1784826900,1.3327500000,1.3329100000,1.3322200000,1.3322600000,786,11,0
1784827200,1.3322700000,1.3324500000,1.3319500000,1.3324400000,668,11,0
1784827500,1.3324400000,1.3326200000,1.3323000000,1.3325900000,634,11,0
1784827800,1.3326000000,1.3327700000,1.3322100000,1.3322900000,617,11,0
1784828100,1.3322800000,1.3328900000,1.3320900000,1.3327100000,608,11,0
1784828400,1.3327000000,1.3327900000,1.3317700000,1.3317700000,627,11,0
1784828700,1.3317600000,1.3320200000,1.3315800000,1.3317000000,700,11,0
1784829000,1.3316900000,1.3319000000,1.3311900000,1.3312500000,683,11,0
1784829300,1.3312400000,1.3319400000,1.3312000000,1.3319100000,682,11,0
1784829600,1.3319400000,1.3322500000,1.3317800000,1.3320700000,741,11,0
1784829900,1.3320700000,1.3323600000,1.3316700000,1.3317100000,706,11,0
1784830200,1.3317100000,1.3318600000,1.3314100000,1.3317800000,627,11,0
1784830500,1.3317700000,1.3319600000,1.3312000000,1.3312900000,651,11,0
1784830800,1.3312900000,1.3313600000,1.3305600000,1.3307100000,807,11,0
1784831100,1.3307200000,1.3309500000,1.3306700000,1.3306800000,695,11,0
1784831400,1.3306700000,1.3306800000,1.3299500000,1.3301400000,770,11,0
1784831700,1.3301200000,1.3309200000,1.3298100000,1.3308400000,753,11,0
1784832000,1.3308500000,1.3312700000,1.3307600000,1.3308100000,683,11,0
1784832300,1.3308100000,1.3308400000,1.3305300000,1.3307200000,573,11,0
1784832600,1.3307100000,1.3310400000,1.3305500000,1.3309900000,545,11,0
1784832900,1.3310000000,1.3311200000,1.3306400000,1.3309800000,451,11,0
1784833200,1.3309900000,1.3314300000,1.3309400000,1.3312000000,524,11,0
1784833500,1.3312100000,1.3313100000,1.3309600000,1.3311300000,393,11,0
1784833800,1.3311300000,1.3319300000,1.3311300000,1.3318800000,453,11,0
1784834100,1.3318800000,1.3320200000,1.3312600000,1.3313300000,514,11,0
1784834400,1.3313200000,1.3317500000,1.3313200000,1.3316000000,420,11,0
1784834700,1.3315900000,1.3320000000,1.3315900000,1.3319600000,400,11,0
1784835000,1.3319500000,1.3320200000,1.3316700000,1.3317200000,534,11,0
1784835300,1.3317100000,1.3317900000,1.3315300000,1.3317700000,505,11,0
1784835600,1.3317800000,1.3323300000,1.3317000000,1.3322800000,481,11,0
1784835900,1.3322900000,1.3324700000,1.3322500000,1.3323900000,408,11,0
1784836200,1.3323900000,1.3325000000,1.3322300000,1.3322600000,313,11,0
1784836500,1.3322600000,1.3324500000,1.3322400000,1.3323100000,385,11,0
1784836800,1.3323000000,1.3324000000,1.3320000000,1.3322700000,476,11,0
1784837100,1.3322700000,1.3323800000,1.3318600000,1.3320100000,445,11,0
1784837400,1.3320100000,1.3321600000,1.3319000000,1.3319100000,352,11,0
1784837700,1.3319000000,1.3322000000,1.3318700000,1.3320800000,395,11,0
1784838000,1.3320700000,1.3322000000,1.3319400000,1.3320800000,273,11,0
1784838300,1.3320800000,1.3321000000,1.3318800000,1.3319100000,348,11,0
1784838600,1.3319200000,1.3319400000,1.3316800000,1.3318000000,419,11,0
1784838900,1.3317900000,1.3319000000,1.3315500000,1.3319000000,484,11,0
1784839200,1.3319100000,1.3319100000,1.3315700000,1.3316000000,470,11,0
1784839500,1.3316100000,1.3317900000,1.3315000000,1.3316700000,403,11,0
1784839800,1.3316600000,1.3318400000,1.3315100000,1.3317400000,390,11,0
1784840100,1.3317300000,1.3317500000,1.3312700000,1.3313100000,401,11,0
1784840400,1.3313000000,1.3314900000,1.3312500000,1.3313600000,316,11,0
1784840700,1.3313600000,1.3316800000,1.3313200000,1.3316000000,231,11,0
1784841000,1.3315900000,1.3317700000,1.3315000000,1.3315200000,345,11,0
1784841300,1.3315300000,1.3316800000,1.3312900000,1.3314100000,498,11,0
1784841600,1.3314200000,1.3314700000,1.3313300000,1.3314100000,474,11,0
1784841900,1.3314000000,1.3316800000,1.3313700000,1.3316200000,420,11,0
1784842200,1.3316200000,1.3318100000,1.3316000000,1.3317700000,478,11,0
1784842500,1.3317600000,1.3317800000,1.3315500000,1.3315700000,460,11,0
1784842800,1.3315700000,1.3315700000,1.3313100000,1.3313800000,226,11,0
1784843100,1.3313800000,1.3314500000,1.3313100000,1.3314100000,236,11,0
1784843400,1.3314100000,1.3314300000,1.3313500000,1.3313600000,165,11,0
1784843700,1.3313500000,1.3316300000,1.3313500000,1.3315900000,312,11,0
1784844000,1.3315800000,1.3318600000,1.3313900000,1.3314700000,253,11,0
1784844300,1.3314700000,1.3315200000,1.3313300000,1.3313900000,149,11,0
1784844600,1.3313900000,1.3314000000,1.3311700000,1.3311800000,120,11,0
1784844900,1.3311800000,1.3313100000,1.3310800000,1.3311600000,224,11,0
1784845200,1.3311500000,1.3312700000,1.3311300000,1.3312500000,240,11,0
1784845500,1.3312500000,1.3315700000,1.3312200000,1.3315700000,265,11,0
1784845800,1.3315700000,1.3319000000,1.3315500000,1.3316700000,354,11,0
1784846100,1.3316600000,1.3317600000,1.3315900000,1.3317100000,257,11,0
1784846400,1.3317000000,1.3317100000,1.3314100000,1.3314100000,276,11,0
1784846700,1.3314200000,1.3315800000,1.3313700000,1.3314600000,324,11,0
1784847000,1.3314800000,1.3316800000,1.3314700000,1.3316000000,336,11,0
1784847300,1.3316100000,1.3317900000,1.3315800000,1.3316600000,316,11,0
1784847600,1.3316700000,1.3318800000,1.3316100000,1.3318200000,243,11,0
1784847900,1.3318000000,1.3318600000,1.3317500000,1.3318000000,89,11,0
1784848200,1.3318100000,1.3318100000,1.3316200000,1.3316400000,69,11,0
1784848500,1.3316400000,1.3316400000,1.3314500000,1.3314800000,70,11,0
1784848800,1.3314800000,1.3315200000,1.3314500000,1.3315200000,70,11,0
1784849100,1.3315100000,1.3315900000,1.3314700000,1.3315700000,105,11,0
1784849400,1.3315800000,1.3316900000,1.3315100000,1.3315500000,87,11,0
1784849700,1.3315200000,1.3315400000,1.3314600000,1.3314800000,72,11,0
1784850000,1.3314700000,1.3315100000,1.3314400000,1.3315100000,51,12,0
1784850300,1.3315000000,1.3315700000,1.3315000000,1.3315200000,56,11,0
1784850600,1.3315100000,1.3315100000,1.3314000000,1.3314700000,38,12,0
1784850900,1.3314600000,1.3314800000,1.3310200000,1.3311500000,138,14,0
1784851200,1.3310900000,1.3310900000,1.3310100000,1.3310100000,2,82,0
1784851500,1.3306200000,1.3317100000,1.3299900000,1.3316500000,83,78,0
1784851800,1.3313800000,1.3313800000,1.3305900000,1.3307100000,19,86,0
1784852100,1.3307100000,1.3315000000,1.3307000000,1.3313200000,29,85,0
1784852400,1.3313100000,1.3313700000,1.3312300000,1.3313700000,21,78,0
1784852700,1.3313800000,1.3313900000,1.3312400000,1.3312400000,17,83,0
1784853000,1.3312400000,1.3314100000,1.3312200000,1.3314000000,23,82,0
1784853300,1.3314100000,1.3314700000,1.3306400000,1.3308800000,47,63,0
1784853600,1.3308800000,1.3310600000,1.3308800000,1.3308800000,7,82,0
1784853900,1.3308800000,1.3313700000,1.3308700000,1.3308700000,18,52,0
1784854200,1.3308700000,1.3308700000,1.3303500000,1.3306900000,19,107,0
1784854500,1.3306900000,1.3313000000,1.3306900000,1.3310300000,73,86,0
1784854800,1.3310300000,1.3314400000,1.3310300000,1.3313200000,65,25,0
1784855100,1.3313200000,1.3314300000,1.3313200000,1.3313300000,20,20,0
1784855400,1.3313400000,1.3314100000,1.3312900000,1.3313400000,26,16,0
1784855700,1.3313400000,1.3313400000,1.3313400000,1.3313400000,4,21,0
1784856000,1.3313400000,1.3314600000,1.3313400000,1.3314500000,36,19,0
1784856300,1.3314400000,1.3314500000,1.3312400000,1.3312700000,33,13,0
1784856600,1.3312800000,1.3313300000,1.3312300000,1.3313200000,86,15,0
1784856900,1.3313100000,1.3313900000,1.3313100000,1.3313300000,58,16,0
1784857200,1.3313500000,1.3313800000,1.3313300000,1.3313500000,27,16,0
1784857500,1.3313400000,1.3314000000,1.3313400000,1.3313800000,19,16,0
1784857800,1.3313700000,1.3314600000,1.3313700000,1.3314400000,66,17,0
1784858100,1.3314400000,1.3315300000,1.3314300000,1.3315000000,76,16,0
1784858400,1.3314900000,1.3315300000,1.3313500000,1.3313500000,102,14,0
1784858700,1.3313600000,1.3313800000,1.3313300000,1.3313400000,83,13,0
1784859000,1.3313400000,1.3313800000,1.3313000000,1.3313100000,71,14,0
1784859300,1.3313100000,1.3313800000,1.3313000000,1.3313700000,39,14,0
1784859600,1.3313800000,1.3314700000,1.3313800000,1.3314700000,110,12,0
1784859900,1.3314700000,1.3314800000,1.3314500000,1.3314600000,26,12,0
1784860200,1.3314600000,1.3315400000,1.3314500000,1.3314600000,34,12,0
1784860500,1.3314600000,1.3314700000,1.3313800000,1.3313800000,85,12,0
1784860800,1.3313800000,1.3313900000,1.3311300000,1.3312600000,232,12,0
1784861100,1.3312600000,1.3314500000,1.3312500000,1.3313200000,244,12,0
1784861400,1.3313100000,1.3313500000,1.3310300000,1.3310400000,245,12,0
1784861700,1.3310500000,1.3312800000,1.3310300000,1.3311600000,266,12,0
1784862000,1.3311600000,1.3314700000,1.3310600000,1.3313100000,534,11,0
1784862300,1.3313100000,1.3316600000,1.3312400000,1.3315500000,377,12,0
1784862600,1.3315600000,1.3316500000,1.3314600000,1.3314700000,296,12,0
1784862900,1.3314700000,1.3315300000,1.3313900000,1.3314800000,400,11,0
1784863200,1.3314800000,1.3316700000,1.3314200000,1.3315900000,350,11,0
1784863500,1.3316000000,1.3316600000,1.3315200000,1.3316000000,260,12,0
1784863800,1.3316100000,1.3316600000,1.3314500000,1.3314700000,182,11,0
1784864100,1.3314800000,1.3315600000,1.3314400000,1.3314600000,187,11,0
1784864400,1.3314600000,1.3315000000,1.3313600000,1.3313900000,193,12,0
1784864700,1.3314000000,1.3315400000,1.3313100000,1.3314800000,223,11,0
1784865000,1.3314700000,1.3316500000,1.3314100000,1.3315400000,283,11,0
1784865300,1.3315500000,1.3323700000,1.3315200000,1.3323700000,424,11,0
1784865600,1.3323900000,1.3326000000,1.3322800000,1.3323700000,487,11,0
1784865900,1.3323700000,1.3323800000,1.3321800000,1.3322600000,401,11,0
1784866200,1.3322600000,1.3323000000,1.3321600000,1.3322900000,424,11,0
1784866500,1.3322800000,1.3323500000,1.3321000000,1.3323500000,570,11,0
1784866800,1.3323300000,1.3323900000,1.3322600000,1.3323600000,428,12,0
1784867100,1.3323700000,1.3323700000,1.3319400000,1.3319600000,515,12,0
1784867400,1.3319500000,1.3322500000,1.3318800000,1.3321800000,489,11,0
1784867700,1.3321800000,1.3323500000,1.3321300000,1.3322000000,325,13,0
1784868000,1.3322100000,1.3325000000,1.3322100000,1.3324900000,266,13,0
1784868300,1.3325000000,1.3325000000,1.3323200000,1.3323500000,270,11,0
1784868600,1.3323400000,1.3323500000,1.3322300000,1.3323200000,308,12,0
1784868900,1.3323200000,1.3323400000,1.3319300000,1.3320200000,261,11,0
1784869200,1.3320100000,1.3321000000,1.3318400000,1.3319600000,409,11,0
1784869500,1.3319400000,1.3319600000,1.3317300000,1.3317700000,421,12,0
1784869800,1.3317600000,1.3320100000,1.3317400000,1.3319700000,350,12,0
1784870100,1.3319600000,1.3320100000,1.3317600000,1.3317800000,378,11,0
1784870400,1.3317700000,1.3319700000,1.3317200000,1.3317700000,309,11,0
1784870700,1.3317600000,1.3318900000,1.3317300000,1.3318500000,366,13,0
1784871000,1.3318500000,1.3321700000,1.3318200000,1.3320300000,344,12,0
1784871300,1.3320400000,1.3320500000,1.3318300000,1.3318400000,297,13,0
1784871600,1.3318400000,1.3318700000,1.3317600000,1.3317700000,321,13,0
1784871900,1.3317800000,1.3317900000,1.3314400000,1.3314400000,481,13,0
1784872200,1.3314500000,1.3315900000,1.3313700000,1.3314000000,487,11,0
1784872500,1.3314000000,1.3315400000,1.3313200000,1.3313300000,379,12,0
1784872800,1.3313200000,1.3313800000,1.3312100000,1.3312600000,302,11,0
1784873100,1.3312500000,1.3313700000,1.3312000000,1.3312300000,293,12,0
1784873400,1.3312400000,1.3312400000,1.3310400000,1.3311400000,396,12,0
1784873700,1.3311300000,1.3312400000,1.3311200000,1.3311400000,350,12,0
1784874000,1.3311500000,1.3312000000,1.3310400000,1.3310500000,323,11,0
1784874300,1.3310600000,1.3312000000,1.3310600000,1.3311000000,431,12,0
1784874600,1.3311000000,1.3313500000,1.3310700000,1.3313300000,356,12,0
1784874900,1.3313200000,1.3313800000,1.3312300000,1.3312800000,312,13,0
1784875200,1.3312700000,1.3314100000,1.3312700000,1.3313500000,246,12,0
1784875500,1.3313500000,1.3313500000,1.3312600000,1.3313000000,253,11,0
1784875800,1.3312900000,1.3314500000,1.3312700000,1.3314000000,196,11,0
1784876100,1.3313900000,1.3313900000,1.3312500000,1.3313400000,199,11,0
1784876400,1.3313500000,1.3314100000,1.3312900000,1.3313700000,137,13,0
1784876700,1.3313600000,1.3314100000,1.3312600000,1.3313800000,149,12,0
1784877000,1.3313800000,1.3313800000,1.3312700000,1.3313500000,184,13,0
1784877300,1.3313400000,1.3314200000,1.3312700000,1.3313200000,142,12,0
1784877600,1.3313200000,1.3313600000,1.3312100000,1.3312300000,237,13,0
1784877900,1.3312400000,1.3312400000,1.3311400000,1.3311500000,272,11,0
1784878200,1.3311500000,1.3312100000,1.3310300000,1.3310700000,229,13,0
1784878500,1.3310800000,1.3311100000,1.3310200000,1.3310700000,175,13,0
1784878800,1.3310800000,1.3310800000,1.3308200000,1.3308200000,110,13,0
1784879100,1.3308000000,1.3308600000,1.3306700000,1.3307300000,214,12,0
1784879400,1.3307200000,1.3307800000,1.3305700000,1.3307300000,284,12,0
1784879700,1.3307300000,1.3309800000,1.3307300000,1.3309700000,134,12,0
1784880000,1.3309800000,1.3310500000,1.3308700000,1.3310200000,237,11,0
1784880300,1.3310300000,1.3311600000,1.3310200000,1.3310800000,250,12,0
1784880600,1.3311200000,1.3312300000,1.3310500000,1.3311200000,211,13,0
1784880900,1.3311100000,1.3311800000,1.3310600000,1.3311500000,215,13,0
1784881200,1.3311400000,1.3313500000,1.3311400000,1.3313300000,143,12,0
1784881500,1.3313300000,1.3314300000,1.3312900000,1.3313600000,132,11,0
1784881800,1.3313700000,1.3316000000,1.3313700000,1.3315100000,195,11,0
1784882100,1.3315000000,1.3315700000,1.3313900000,1.3315000000,217,11,0
1784882400,1.3314900000,1.3315700000,1.3313200000,1.3313700000,213,12,0
1784882700,1.3313600000,1.3314800000,1.3313200000,1.3314400000,216,12,0
1784883000,1.3314400000,1.3314400000,1.3310700000,1.3311100000,341,11,0
1784883300,1.3311200000,1.3311600000,1.3306800000,1.3306800000,385,11,0
1784883600,1.3306400000,1.3311800000,1.3306400000,1.3311400000,352,11,0
1784883900,1.3311300000,1.3312300000,1.3309400000,1.3310900000,346,11,0
1784884200,1.3311000000,1.3311600000,1.3307600000,1.3311400000,424,11,0
1784884500,1.3311300000,1.3317700000,1.3311100000,1.3317500000,215,11,0
1784884800,1.3317600000,1.3320000000,1.3317600000,1.3318900000,304,12,0
1784885100,1.3318900000,1.3322100000,1.3318400000,1.3320000000,378,12,0
1784885400,1.3319900000,1.3322400000,1.3318100000,1.3322100000,303,11,0
1784885700,1.3321900000,1.3323900000,1.3321100000,1.3323500000,304,11,0
1784886000,1.3323600000,1.3324200000,1.3319600000,1.3320100000,322,11,0
1784886300,1.3320000000,1.3322900000,1.3319400000,1.3320500000,318,11,0
1784886600,1.3320400000,1.3322700000,1.3318400000,1.3320500000,385,11,0
1784886900,1.3320400000,1.3325400000,1.3319800000,1.3325400000,595,11,0
1784887200,1.3325500000,1.3327000000,1.3322000000,1.3325800000,671,11,0
1784887500,1.3325700000,1.3333600000,1.3325500000,1.3333400000,346,11,0
1784887800,1.3333400000,1.3338000000,1.3333000000,1.3336700000,382,11,0
1784888100,1.3337500000,1.3337900000,1.3330500000,1.3333700000,599,11,0
1784888400,1.3333600000,1.3337600000,1.3333600000,1.3337400000,304,11,0
1784888700,1.3337400000,1.3341000000,1.3337200000,1.3339300000,296,11,0
1784889000,1.3339200000,1.3343700000,1.3338000000,1.3340100000,508,11,0
1784889300,1.3340100000,1.3341300000,1.3335100000,1.3335300000,454,11,0
1784889600,1.3335500000,1.3335900000,1.3330500000,1.3331700000,544,11,0
1784889900,1.3331600000,1.3333700000,1.3329500000,1.3333600000,491,11,0
1784890200,1.3333500000,1.3337100000,1.3331700000,1.3337100000,336,11,0
1784890500,1.3337000000,1.3337200000,1.3334000000,1.3335100000,311,11,0
1784890800,1.3335000000,1.3336400000,1.3330700000,1.3331400000,379,11,0
1784891100,1.3331300000,1.3334700000,1.3329800000,1.3334000000,453,11,0
1784891400,1.3334100000,1.3335900000,1.3333700000,1.3335500000,339,11,0
1784891700,1.3335500000,1.3335500000,1.3329400000,1.3330900000,425,11,0
1784892000,1.3330800000,1.3331000000,1.3327000000,1.3328800000,438,11,0
1784892300,1.3328800000,1.3332100000,1.3326800000,1.3331400000,393,11,0
1784892600,1.3330700000,1.3333900000,1.3328600000,1.3328600000,360,11,0
1784892900,1.3328700000,1.3329100000,1.3325300000,1.3327500000,381,11,0
1784893200,1.3327500000,1.3328700000,1.3325800000,1.3326900000,403,11,0
1784893500,1.3326700000,1.3327000000,1.3321400000,1.3321500000,403,11,0
1784893800,1.3321400000,1.3325400000,1.3320500000,1.3325100000,508,11,0
1784894100,1.3325000000,1.3325000000,1.3319300000,1.3320500000,390,11,0
1784894400,1.3320500000,1.3321300000,1.3315600000,1.3316400000,368,11,0
1784894700,1.3316400000,1.3321600000,1.3316200000,1.3321600000,307,11,0
1784895000,1.3321500000,1.3321500000,1.3314300000,1.3314600000,322,11,0
1784895300,1.3314400000,1.3316300000,1.3312300000,1.3315100000,381,11,0
1784895600,1.3315100000,1.3315200000,1.3312500000,1.3314600000,294,11,0
1784895900,1.3314500000,1.3318500000,1.3314000000,1.3318100000,271,11,0
1784896200,1.3318100000,1.3321400000,1.3316500000,1.3320700000,251,11,0
1784896500,1.3320700000,1.3320800000,1.3317500000,1.3317800000,235,11,0
1784896800,1.3317900000,1.3319400000,1.3316400000,1.3317900000,339,11,0
1784897100,1.3318100000,1.3319500000,1.3315700000,1.3316000000,294,11,0
1784897400,1.3316000000,1.3316700000,1.3313100000,1.3316600000,380,11,0
1784897700,1.3316500000,1.3318500000,1.3316300000,1.3318400000,350,11,0
1784898000,1.3318600000,1.3319100000,1.3314400000,1.3316000000,382,11,0
1784898300,1.3315900000,1.3316100000,1.3312600000,1.3315800000,269,11,0
1784898600,1.3315700000,1.3316700000,1.3314600000,1.3315400000,314,11,0
1784898900,1.3315100000,1.3318300000,1.3315000000,1.3317600000,217,11,0
1784899200,1.3317600000,1.3323900000,1.3317200000,1.3323800000,301,11,0
1784899500,1.3324300000,1.3327900000,1.3323700000,1.3324600000,388,11,0
1784899800,1.3324600000,1.3327900000,1.3324600000,1.3326900000,259,11,0
1784900100,1.3326900000,1.3326900000,1.3324900000,1.3325200000,234,11,0
1784900400,1.3325200000,1.3325600000,1.3323400000,1.3323900000,328,11,0
1784900700,1.3323800000,1.3325800000,1.3323400000,1.3324500000,214,11,0
1784901000,1.3324400000,1.3324500000,1.3320900000,1.3321100000,330,11,0
1784901300,1.3321100000,1.3325300000,1.3318500000,1.3321400000,440,11,0
1784901600,1.3321200000,1.3325300000,1.3319500000,1.3325200000,544,11,0
1784901900,1.3325100000,1.3326400000,1.3322600000,1.3324500000,327,11,0
1784902200,1.3324600000,1.3327100000,1.3324500000,1.3327100000,225,11,0
1784902500,1.3326900000,1.3327200000,1.3325100000,1.3325200000,296,11,0
1784902800,1.3325200000,1.3325900000,1.3323400000,1.3325600000,215,11,0
1784903100,1.3325700000,1.3326300000,1.3324000000,1.3324000000,222,11,0
1784903400,1.3324100000,1.3324600000,1.3323100000,1.3323900000,262,11,0
1784903700,1.3324000000,1.3324000000,1.3321300000,1.3322100000,459,11,0
1784904000,1.3322200000,1.3322200000,1.3319200000,1.3321000000,445,11,0
1784904300,1.3321000000,1.3323100000,1.3320100000,1.3321500000,449,11,0
1784904600,1.3321500000,1.3322100000,1.3316000000,1.3317600000,405,11,0
1784904900,1.3317600000,1.3324500000,1.3313400000,1.3322300000,685,11,0
1784905200,1.3322500000,1.3324600000,1.3316900000,1.3319500000,651,11,0
1784905500,1.3319500000,1.3324000000,1.3317500000,1.3323300000,432,11,0
1784905800,1.3323300000,1.3324800000,1.3321700000,1.3323800000,364,11,0
1784906100,1.3323800000,1.3323800000,1.3320700000,1.3320900000,359,11,0
1784906400,1.3320700000,1.3320700000,1.3317200000,1.3317400000,471,11,0
1784906700,1.3317400000,1.3317500000,1.3313500000,1.3315400000,476,11,0
1784907000,1.3315500000,1.3316500000,1.3309200000,1.3309300000,433,11,0
1784907300,1.3309300000,1.3313400000,1.3309300000,1.3312300000,413,11,0
1784907600,1.3312400000,1.3312400000,1.3306400000,1.3308200000,485,11,0
1784907900,1.3308200000,1.3311300000,1.3305100000,1.3308200000,474,11,0
1784908200,1.3308100000,1.3312500000,1.3308100000,1.3311400000,340,11,0
1784908500,1.3311300000,1.3311800000,1.3308100000,1.3309300000,423,11,0
1784908800,1.3309200000,1.3312100000,1.3308100000,1.3309600000,609,11,0
1784909100,1.3309500000,1.3310300000,1.3306300000,1.3306400000,486,11,0
1784909400,1.3306300000,1.3313800000,1.3305200000,1.3311300000,482,11,0
1784909700,1.3311400000,1.3312800000,1.3311000000,1.3312400000,417,11,0
1784910000,1.3312400000,1.3313800000,1.3310100000,1.3312300000,391,11,0
1784910300,1.3312500000,1.3317700000,1.3311200000,1.3317700000,368,11,0
1784910600,1.3317600000,1.3318800000,1.3315300000,1.3315500000,639,11,0
1784910900,1.3315600000,1.3319000000,1.3312900000,1.3317500000,597,11,0
1784911200,1.3317600000,1.3319700000,1.3316200000,1.3317600000,633,11,0
1784911500,1.3315600000,1.3321800000,1.3315200000,1.3320200000,486,11,0
1784911800,1.3320200000,1.3324600000,1.3317500000,1.3324500000,611,11,0
1784912100,1.3324500000,1.3326200000,1.3323100000,1.3324900000,437,11,0
1784912400,1.3325100000,1.3328800000,1.3322800000,1.3322900000,516,11,0
1784912700,1.3323000000,1.3323600000,1.3319200000,1.3323500000,598,11,0
1784913000,1.3323400000,1.3326800000,1.3323300000,1.3324600000,579,11,0
1784913300,1.3324600000,1.3326600000,1.3320400000,1.3323500000,520,11,0
1784913600,1.3323400000,1.3328700000,1.3321400000,1.3328700000,541,11,0
1784913900,1.3329000000,1.3330700000,1.3325100000,1.3325200000,436,11,0
1784914200,1.3325400000,1.3327500000,1.3323600000,1.3327000000,464,11,0
1784914500,1.3327300000,1.3328300000,1.3323300000,1.3323400000,435,11,0
1784914800,1.3323500000,1.3327000000,1.3323400000,1.3324500000,472,11,0
1784915100,1.3324400000,1.3327800000,1.3323300000,1.3326900000,446,11,0
1784915400,1.3327100000,1.3329400000,1.3325100000,1.3328700000,564,11,0
1784915700,1.3328700000,1.3333800000,1.3325700000,1.3325900000,707,11,0
1784916000,1.3326000000,1.3331100000,1.3323700000,1.3330200000,715,11,0
1784916300,1.3330300000,1.3338700000,1.3330200000,1.3338000000,515,11,0
1784916600,1.3338000000,1.3344600000,1.3337000000,1.3342500000,866,11,0
1784916900,1.3342300000,1.3348200000,1.3339600000,1.3340500000,848,11,0
1784917200,1.3340600000,1.3343200000,1.3338900000,1.3340100000,458,11,0
1784917500,1.3340000000,1.3342500000,1.3338400000,1.3342000000,520,11,0
1784917800,1.3342000000,1.3342600000,1.3338200000,1.3340500000,516,11,0
1784918100,1.3340500000,1.3344100000,1.3339000000,1.3344000000,433,11,0
1784918400,1.3343800000,1.3344400000,1.3337500000,1.3339100000,442,11,0
1784918700,1.3339200000,1.3341400000,1.3338500000,1.3339400000,362,11,0
1784919000,1.3339400000,1.3343300000,1.3339400000,1.3341500000,295,11,0
1784919300,1.3341500000,1.3342800000,1.3339400000,1.3341300000,364,11,0
1784919600,1.3341400000,1.3342100000,1.3340000000,1.3341300000,354,11,0
1784919900,1.3341200000,1.3343700000,1.3339000000,1.3343200000,318,11,0
1784920200,1.3343100000,1.3343900000,1.3342200000,1.3343100000,302,11,0
1784920500,1.3343200000,1.3344800000,1.3342500000,1.3343400000,316,11,0
1784920800,1.3343300000,1.3343400000,1.3341200000,1.3342300000,365,11,0
1784921100,1.3342300000,1.3342400000,1.3339000000,1.3339600000,302,11,0
1784921400,1.3339500000,1.3340500000,1.3337300000,1.3340300000,452,11,0
1784921700,1.3340000000,1.3340400000,1.3336700000,1.3337200000,219,11,0
1784922000,1.3337100000,1.3337300000,1.3335100000,1.3335400000,192,11,0
1784922300,1.3335300000,1.3335500000,1.3331900000,1.3333100000,290,11,0
1784922600,1.3333100000,1.3333200000,1.3330500000,1.3332500000,272,11,0
1784922900,1.3332400000,1.3334100000,1.3331900000,1.3331900000,225,11,0
1784923200,1.3331900000,1.3332100000,1.3329700000,1.3330100000,336,11,0
1784923500,1.3330000000,1.3330300000,1.3323000000,1.3324200000,462,11,0
1784923800,1.3324200000,1.3325400000,1.3323000000,1.3324700000,320,11,0
1784924100,1.3324700000,1.3325500000,1.3322500000,1.3322500000,241,11,0
1784924400,1.3322500000,1.3323800000,1.3321300000,1.3323200000,274,11,0
1784924700,1.3323200000,1.3325600000,1.3323100000,1.3325600000,245,11,0
1784925000,1.3325400000,1.3326600000,1.3324900000,1.3325100000,229,11,0
1784925300,1.3325200000,1.3325200000,1.3321800000,1.3322000000,213,11,0
1784925600,1.3322100000,1.3323500000,1.3321000000,1.3323000000,215,11,0
1784925900,1.3322900000,1.3323100000,1.3321400000,1.3322100000,170,11,0
1784926200,1.3322100000,1.3322700000,1.3321100000,1.3322700000,189,11,0
1784926500,1.3322700000,1.3325400000,1.3322600000,1.3324300000,267,11,0
1784926800,1.3324400000,1.3325400000,1.3324000000,1.3325200000,197,11,0
1784927100,1.3325200000,1.3326200000,1.3324600000,1.3326200000,201,11,0
1784927400,1.3326200000,1.3327700000,1.3326100000,1.3327400000,210,11,0
1784927700,1.3327500000,1.3328600000,1.3327100000,1.3327200000,176,11,0
1784928000,1.3327200000,1.3327200000,1.3325100000,1.3326100000,208,11,0
1784928300,1.3326100000,1.3326600000,1.3325000000,1.3325400000,275,11,0
1784928600,1.3325300000,1.3326500000,1.3323200000,1.3324100000,248,11,0
1784928900,1.3324000000,1.3325200000,1.3323300000,1.3324300000,301,11,0
1784929200,1.3324300000,1.3325200000,1.3323500000,1.3324400000,192,12,0
1784929500,1.3324500000,1.3327700000,1.3324400000,1.3325400000,144,11,0
1784929800,1.3325400000,1.3326400000,1.3324600000,1.3324700000,164,11,0
1784930100,1.3324600000,1.3325800000,1.3324400000,1.3324800000,250,11,0
1784930400,1.3325100000,1.3326700000,1.3325100000,1.3326200000,283,11,0
1784930700,1.3326200000,1.3326400000,1.3325200000,1.3325200000,252,11,0
1784931000,1.3325200000,1.3326400000,1.3324500000,1.3324900000,212,11,0
1784931300,1.3324900000,1.3325500000,1.3323800000,1.3324700000,210,11,0
1784931600,1.3324800000,1.3325600000,1.3322100000,1.3322400000,198,11,0
1784931900,1.3322200000,1.3322800000,1.3321600000,1.3322500000,175,11,0
1784932200,1.3322600000,1.3324900000,1.3322300000,1.3323700000,288,11,0
1784932500,1.3323600000,1.3325900000,1.3323400000,1.3323700000,407,11,0
1784932800,1.3323700000,1.3324600000,1.3322700000,1.3323400000,244,11,0
1784933100,1.3323200000,1.3323700000,1.3320800000,1.3322800000,231,11,0
1784933400,1.3322800000,1.3322800000,1.3321100000,1.3322100000,310,11,0
1784933700,1.3322000000,1.3322400000,1.3320700000,1.3320700000,230,11,0
1784934000,1.3320700000,1.3321700000,1.3320500000,1.3321600000,107,11,0
1784934300,1.3321600000,1.3321700000,1.3320000000,1.3320300000,136,11,0
1784934600,1.3320100000,1.3320500000,1.3320000000,1.3320200000,201,11,0
1784934900,1.3320200000,1.3320600000,1.3319400000,1.3319400000,151,11,0
1784935200,1.3319500000,1.3319900000,1.3319400000,1.3319600000,115,11,0
1784935500,1.3319700000,1.3319800000,1.3318800000,1.3318900000,154,11,0
1784935800,1.3318800000,1.3318900000,1.3318300000,1.3318500000,34,11,0
1784936100,1.3318400000,1.3318700000,1.3315900000,1.3316100000,49,11,0
1784936400,1.3316000000,1.3318300000,1.3316000000,1.3317600000,75,12,0
1784936700,1.3317500000,1.3319400000,1.3317400000,1.3318800000,182,12,0
1784937000,1.3318900000,1.3320400000,1.3318100000,1.3319000000,189,12,0
1784937300,1.3319100000,1.3322000000,1.3319100000,1.3320800000,127,13,0
1785110700,1.3332700000,1.3332700000,1.3317400000,1.3327100000,9,150,0
1785111000,1.3318100000,1.3327100000,1.3318100000,1.3319400000,5,130,0
1785111300,1.3327000000,1.3331700000,1.3318700000,1.3330900000,26,136,0
1785111600,1.3330900000,1.3331200000,1.3330200000,1.3330900000,11,133,0
1785111900,1.3330900000,1.3331200000,1.3330700000,1.3330700000,8,131,0
1785112200,1.3332000000,1.3332600000,1.3332000000,1.3332200000,8,110,0
1785112500,1.3330100000,1.3332500000,1.3326900000,1.3327400000,103,134,0
1785112800,1.3323900000,1.3328100000,1.3323800000,1.3328000000,92,154,0
1785113100,1.3326700000,1.3339800000,1.3326700000,1.3331000000,83,67,0
1785113400,1.3331400000,1.3331400000,1.3327800000,1.3328500000,37,157,0
1785113700,1.3328600000,1.3335300000,1.3327700000,1.3333600000,66,137,0
1785114000,1.3330800000,1.3355600000,1.3328200000,1.3352300000,198,14,0
1785114300,1.3352300000,1.3354800000,1.3349700000,1.3349700000,122,13,0
1785114600,1.3349700000,1.3349700000,1.3345100000,1.3346200000,193,11,0
1785114900,1.3346000000,1.3348300000,1.3344700000,1.3347400000,386,12,0
1785115200,1.3347400000,1.3348400000,1.3343900000,1.3344000000,284,13,0
1785115500,1.3344000000,1.3346600000,1.3343100000,1.3346200000,398,11,0
1785115800,1.3346400000,1.3346600000,1.3344500000,1.3345000000,286,11,0
1785116100,1.3345100000,1.3345500000,1.3343100000,1.3343200000,204,14,0
1785116400,1.3343300000,1.3345200000,1.3343200000,1.3345000000,285,13,0
1785116700,1.3345100000,1.3345300000,1.3342700000,1.3343400000,314,11,0
1785117000,1.3343200000,1.3344300000,1.3343000000,1.3343300000,317,12,0
1785117300,1.3343300000,1.3343300000,1.3341100000,1.3342300000,209,13,0
1785117600,1.3342500000,1.3344300000,1.3341400000,1.3343300000,176,12,0
1785117900,1.3343500000,1.3345000000,1.3343300000,1.3343400000,72,11,0
1785118200,1.3343400000,1.3344100000,1.3342900000,1.3343500000,53,11,0
1785118500,1.3343500000,1.3344300000,1.3342900000,1.3343100000,102,13,0
1785118800,1.3343100000,1.3343600000,1.3342100000,1.3342100000,88,13,0
1785119100,1.3342200000,1.3343600000,1.3341900000,1.3343500000,108,12,0
1785119400,1.3343500000,1.3345600000,1.3343400000,1.3345400000,90,13,0
1785119700,1.3345500000,1.3346500000,1.3345400000,1.3346200000,91,14,0
1785120000,1.3346200000,1.3348200000,1.3346100000,1.3347300000,147,11,0
1785120300,1.3347400000,1.3348600000,1.3346200000,1.3348600000,240,14,0
1785120600,1.3348700000,1.3348700000,1.3346200000,1.3346500000,226,12,0
1785120900,1.3346400000,1.3351200000,1.3346200000,1.3350000000,224,13,0
1785121200,1.3350100000,1.3353400000,1.3349000000,1.3351200000,709,11,0
1785121500,1.3351100000,1.3351500000,1.3349100000,1.3350400000,531,11,0
1785121800,1.3350300000,1.3358000000,1.3349600000,1.3357600000,641,11,0
1785122100,1.3357700000,1.3358600000,1.3354500000,1.3356200000,560,11,0
1785122400,1.3356400000,1.3358600000,1.3354100000,1.3357700000,413,12,0
1785122700,1.3357800000,1.3361100000,1.3357200000,1.3360100000,497,12,0
1785123000,1.3360200000,1.3362300000,1.3359200000,1.3360400000,456,11,0
1785123300,1.3360400000,1.3360400000,1.3356200000,1.3357100000,395,11,0
1785123600,1.3357100000,1.3358000000,1.3356200000,1.3356900000,289,11,0
1785123900,1.3356800000,1.3357500000,1.3353800000,1.3353900000,331,11,0
1785124200,1.3353900000,1.3354000000,1.3350000000,1.3350000000,380,11,0
1785124500,1.3350000000,1.3351600000,1.3349700000,1.3350400000,363,12,0
1785124800,1.3350400000,1.3354700000,1.3350400000,1.3352500000,466,11,0
1785125100,1.3352400000,1.3355900000,1.3352400000,1.3354500000,423,12,0
1785125400,1.3354600000,1.3355600000,1.3353700000,1.3353700000,363,11,0
1785125700,1.3353800000,1.3355900000,1.3353300000,1.3354900000,423,11,0
1785126000,1.3354900000,1.3355400000,1.3352700000,1.3353700000,357,11,0
1785126300,1.3353800000,1.3353900000,1.3352500000,1.3353500000,339,12,0
1785126600,1.3353500000,1.3356900000,1.3353500000,1.3354900000,372,11,0
1785126900,1.3354900000,1.3354900000,1.3351400000,1.3352700000,327,11,0
1785127200,1.3352700000,1.3355900000,1.3352500000,1.3354700000,370,12,0
1785127500,1.3354700000,1.3358500000,1.3354700000,1.3358400000,423,11,0
1785127800,1.3358400000,1.3358600000,1.3355400000,1.3356500000,272,13,0
1785128100,1.3356600000,1.3362700000,1.3356100000,1.3362700000,327,11,0
1785128400,1.3363000000,1.3363000000,1.3359700000,1.3360100000,405,11,0
1785128700,1.3360100000,1.3361100000,1.3359600000,1.3360200000,345,11,0
1785129000,1.3360200000,1.3360600000,1.3358700000,1.3358900000,291,12,0
1785129300,1.3359000000,1.3359600000,1.3355800000,1.3356600000,289,11,0
1785129600,1.3356700000,1.3358400000,1.3356100000,1.3358200000,241,13,0
1785129900,1.3358300000,1.3359600000,1.3358300000,1.3359000000,229,12,0
1785130200,1.3358900000,1.3358900000,1.3356800000,1.3358500000,322,12,0
1785130500,1.3358500000,1.3359400000,1.3355300000,1.3355500000,256,11,0
1785130800,1.3355500000,1.3357400000,1.3355400000,1.3356500000,201,11,0
1785131100,1.3356500000,1.3356900000,1.3354900000,1.3355800000,218,12,0
1785131400,1.3355900000,1.3356300000,1.3355000000,1.3355800000,229,11,0
1785131700,1.3355600000,1.3355600000,1.3354000000,1.3354100000,295,12,0
1785132000,1.3354100000,1.3355800000,1.3353200000,1.3353500000,413,11,0
1785132300,1.3353500000,1.3355100000,1.3351800000,1.3354400000,312,11,0
1785132600,1.3354300000,1.3354400000,1.3352000000,1.3352500000,412,12,0
1785132900,1.3352500000,1.3354000000,1.3351900000,1.3353400000,346,12,0
1785133200,1.3353500000,1.3353500000,1.3352300000,1.3353000000,306,12,0
1785133500,1.3353000000,1.3353800000,1.3351800000,1.3352100000,287,11,0
1785133800,1.3351700000,1.3351800000,1.3349200000,1.3350200000,522,11,0
1785134100,1.3350300000,1.3350900000,1.3349500000,1.3350200000,358,11,0
1785134400,1.3350300000,1.3351200000,1.3349900000,1.3350800000,240,12,0
1785134700,1.3350900000,1.3352100000,1.3350400000,1.3350900000,157,12,0
1785135000,1.3351000000,1.3351800000,1.3350100000,1.3350900000,195,13,0
1785135300,1.3350900000,1.3352200000,1.3350800000,1.3351900000,108,11,0
1785135600,1.3351900000,1.3354000000,1.3351600000,1.3353100000,189,11,0
1785135900,1.3353100000,1.3353400000,1.3352100000,1.3352300000,229,12,0
1785136200,1.3352300000,1.3353200000,1.3351900000,1.3353200000,146,12,0
1785136500,1.3353300000,1.3354000000,1.3352700000,1.3353800000,182,13,0
1785136800,1.3353800000,1.3353900000,1.3350800000,1.3350800000,152,12,0
1785137100,1.3350900000,1.3351200000,1.3349200000,1.3350000000,181,12,0
1785137400,1.3350000000,1.3351800000,1.3349900000,1.3351600000,138,11,0
1785137700,1.3351600000,1.3351900000,1.3351100000,1.3351900000,270,12,0
1785138000,1.3351600000,1.3353500000,1.3351000000,1.3351400000,160,11,0
1785138300,1.3351500000,1.3351900000,1.3351000000,1.3351100000,136,11,0
1785138600,1.3351200000,1.3351300000,1.3349900000,1.3350600000,148,11,0
1785138900,1.3350400000,1.3352300000,1.3350200000,1.3350200000,220,11,0
1785139200,1.3350200000,1.3351500000,1.3349100000,1.3350600000,184,11,0
1785139500,1.3350600000,1.3352600000,1.3350200000,1.3352300000,185,12,0
1785139800,1.3352300000,1.3355300000,1.3352000000,1.3355100000,174,12,0
1785140100,1.3355100000,1.3355200000,1.3353400000,1.3354200000,248,12,0
1785140400,1.3354300000,1.3354300000,1.3352600000,1.3352600000,193,12,0
1785140700,1.3352500000,1.3353400000,1.3351500000,1.3353300000,235,12,0
1785141000,1.3353400000,1.3354500000,1.3351700000,1.3352200000,242,11,0
1785141300,1.3352200000,1.3353400000,1.3351500000,1.3352700000,265,11,0
1785141600,1.3352700000,1.3353400000,1.3351600000,1.3352100000,261,11,0
1785141900,1.3352000000,1.3353400000,1.3351400000,1.3352800000,170,12,0
1785142200,1.3352800000,1.3355300000,1.3352600000,1.3354900000,213,11,0
1785142500,1.3355000000,1.3355400000,1.3351800000,1.3352300000,320,11,0
1785142800,1.3352000000,1.3357100000,1.3350900000,1.3355300000,482,11,0
1785143100,1.3355100000,1.3355900000,1.3353300000,1.3355700000,365,11,0
1785143400,1.3355900000,1.3358100000,1.3354100000,1.3355500000,445,11,0
1785143700,1.3355500000,1.3355800000,1.3351500000,1.3351600000,454,11,0
1785144000,1.3351900000,1.3354600000,1.3351000000,1.3354400000,394,11,0
1785144300,1.3354300000,1.3358200000,1.3354300000,1.3357600000,290,11,0
1785144600,1.3357500000,1.3357900000,1.3354000000,1.3355600000,347,11,0
1785144900,1.3355700000,1.3358600000,1.3354100000,1.3358300000,286,11,0
1785145200,1.3358200000,1.3360200000,1.3356000000,1.3357400000,336,11,0
1785145500,1.3357500000,1.3358600000,1.3354000000,1.3354200000,263,11,0
1785145800,1.3354100000,1.3354800000,1.3350800000,1.3351000000,279,11,0
1785146100,1.3351000000,1.3351100000,1.3347300000,1.3349000000,413,11,0
1785146400,1.3348700000,1.3351700000,1.3342100000,1.3344300000,558,11,0
1785146700,1.3344200000,1.3345700000,1.3342400000,1.3342500000,406,11,0
1785147000,1.3342400000,1.3347300000,1.3340100000,1.3347300000,398,11,0
1785147300,1.3347400000,1.3347400000,1.3342300000,1.3342900000,558,11,0
1785147600,1.3342800000,1.3347400000,1.3340500000,1.3344500000,578,11,0
1785147900,1.3344400000,1.3348900000,1.3344100000,1.3346800000,570,11,0
1785148200,1.3346800000,1.3346900000,1.3342000000,1.3344800000,584,11,0
1785148500,1.3344800000,1.3346200000,1.3341600000,1.3342300000,490,11,0
1785148800,1.3342200000,1.3345200000,1.3339300000,1.3341500000,393,11,0
1785149100,1.3341600000,1.3342100000,1.3339100000,1.3340600000,399,11,0
1785149400,1.3340500000,1.3342300000,1.3339300000,1.3339500000,554,11,0
1785149700,1.3339600000,1.3340000000,1.3333500000,1.3333900000,398,11,0
1785150000,1.3333600000,1.3337500000,1.3333400000,1.3335400000,476,11,0
1785150300,1.3335100000,1.3336500000,1.3331500000,1.3331700000,591,11,0
1785150600,1.3331800000,1.3334900000,1.3331600000,1.3332700000,417,11,0
1785150900,1.3332600000,1.3333600000,1.3330100000,1.3332400000,357,11,0
1785151200,1.3332500000,1.3332500000,1.3330000000,1.3332400000,401,11,0
1785151500,1.3332500000,1.3334200000,1.3331900000,1.3333100000,363,11,0
1785151800,1.3333100000,1.3334300000,1.3331200000,1.3333100000,361,11,0
1785152100,1.3333100000,1.3336300000,1.3333100000,1.3335800000,247,11,0
1785152400,1.3335700000,1.3338700000,1.3334100000,1.3335100000,349,11,0
1785152700,1.3335100000,1.3336600000,1.3334600000,1.3334600000,231,11,0
1785153000,1.3334600000,1.3338100000,1.3333800000,1.3337300000,360,11,0
1785153300,1.3337200000,1.3339600000,1.3337100000,1.3337200000,341,11,0
1785153600,1.3337200000,1.3339200000,1.3335500000,1.3339200000,321,11,0
1785153900,1.3339100000,1.3340200000,1.3336900000,1.3337200000,278,11,0
1785154200,1.3337200000,1.3337600000,1.3331000000,1.3332100000,376,11,0
1785154500,1.3332200000,1.3333500000,1.3331100000,1.3331800000,341,11,0
1785154800,1.3331700000,1.3333000000,1.3330500000,1.3331000000,272,11,0
1785155100,1.3331000000,1.3333400000,1.3329900000,1.3330700000,275,11,0
1785155400,1.3330800000,1.3332400000,1.3329200000,1.3331400000,330,11,0
1785155700,1.3331300000,1.3333600000,1.3330000000,1.3333500000,274,11,0
1785156000,1.3333600000,1.3334500000,1.3332600000,1.3333000000,253,11,0
1785156300,1.3333100000,1.3333800000,1.3332000000,1.3332300000,272,11,0
1785156600,1.3332200000,1.3332400000,1.3329200000,1.3331100000,286,11,0
1785156900,1.3331200000,1.3333500000,1.3330400000,1.3330400000,317,11,0
1785157200,1.3330200000,1.3335700000,1.3329300000,1.3335500000,361,11,0
1785157500,1.3335400000,1.3335400000,1.3331800000,1.3332100000,278,11,0
1785157800,1.3332100000,1.3332600000,1.3326900000,1.3329300000,427,11,0
1785158100,1.3329400000,1.3332800000,1.3329100000,1.3329500000,384,11,0
1785158400,1.3329500000,1.3332400000,1.3329500000,1.3331300000,304,11,0
1785158700,1.3331400000,1.3331800000,1.3327900000,1.3327900000,286,12,0
1785159000,1.3328000000,1.3329300000,1.3327100000,1.3328100000,315,11,0
1785159300,1.3328200000,1.3328500000,1.3327100000,1.3328500000,250,11,0
1785159600,1.3328400000,1.3332200000,1.3328200000,1.3330200000,280,11,0
1785159900,1.3330100000,1.3330100000,1.3327400000,1.3328700000,331,11,0
1785160200,1.3328600000,1.3329000000,1.3323900000,1.3325500000,325,11,0
1785160500,1.3325500000,1.3326100000,1.3316200000,1.3318000000,444,11,0
1785160800,1.3318100000,1.3320700000,1.3316100000,1.3317100000,509,11,0
1785161100,1.3317000000,1.3317000000,1.3310100000,1.3311100000,420,11,0
1785161400,1.3311100000,1.3313200000,1.3309600000,1.3312500000,280,11,0
1785161700,1.3312600000,1.3317400000,1.3311900000,1.3316200000,252,11,0
1785162000,1.3316200000,1.3318600000,1.3314300000,1.3314400000,180,11,0
1785162300,1.3314500000,1.3317300000,1.3313400000,1.3313400000,288,11,0
1785162600,1.3313400000,1.3319500000,1.3308900000,1.3313500000,557,11,0
1785162900,1.3313900000,1.3316400000,1.3313200000,1.3314100000,377,11,0
1785163200,1.3314200000,1.3317600000,1.3313700000,1.3315300000,440,11,0
1785163500,1.3315400000,1.3316200000,1.3313200000,1.3314100000,352,11,0
1785163800,1.3314000000,1.3315500000,1.3311900000,1.3313200000,336,11,0
1785164100,1.3313300000,1.3314300000,1.3311100000,1.3313200000,293,11,0
1785164400,1.3313300000,1.3316200000,1.3313300000,1.3315300000,403,11,0
1785164700,1.3315200000,1.3317400000,1.3314400000,1.3316200000,334,11,0
1785165000,1.3316200000,1.3316200000,1.3307400000,1.3308000000,576,11,0
1785165300,1.3308000000,1.3310600000,1.3306800000,1.3310500000,375,11,0
1785165600,1.3310400000,1.3312500000,1.3309900000,1.3311600000,332,11,0
1785165900,1.3311700000,1.3314300000,1.3311500000,1.3312300000,213,11,0
1785166200,1.3312800000,1.3313200000,1.3307800000,1.3311000000,256,11,0
1785166500,1.3311000000,1.3311000000,1.3303900000,1.3305100000,339,11,0
1785166800,1.3305100000,1.3309300000,1.3303600000,1.3309200000,297,11,0
1785167100,1.3309100000,1.3312300000,1.3308100000,1.3310600000,281,11,0
1785167400,1.3310400000,1.3315800000,1.3309000000,1.3310200000,373,11,0
1785167700,1.3309900000,1.3316700000,1.3309200000,1.3313100000,512,11,0
1785168000,1.3313000000,1.3313500000,1.3309100000,1.3309500000,672,11,0
1785168300,1.3309400000,1.3312100000,1.3308100000,1.3312100000,441,11,0
1785168600,1.3312000000,1.3316100000,1.3310500000,1.3314600000,408,11,0
1785168900,1.3314600000,1.3314700000,1.3311000000,1.3312200000,366,11,0
1785169200,1.3312400000,1.3314200000,1.3311000000,1.3313000000,337,11,0
1785169500,1.3312900000,1.3313500000,1.3311200000,1.3313200000,414,11,0
1785169800,1.3313300000,1.3320400000,1.3313300000,1.3316000000,688,11,0
1785170100,1.3316100000,1.3318200000,1.3315000000,1.3316700000,549,11,0
1785170400,1.3316700000,1.3318900000,1.3314000000,1.3316100000,588,11,0
1785170700,1.3316200000,1.3318100000,1.3315000000,1.3317100000,565,11,0
1785171000,1.3317200000,1.3317500000,1.3311100000,1.3311300000,544,11,0
1785171300,1.3311200000,1.3311200000,1.3307900000,1.3309900000,615,11,0
1785171600,1.3310000000,1.3313300000,1.3305300000,1.3312100000,736,11,0
1785171900,1.3312200000,1.3313300000,1.3310300000,1.3311800000,555,11,0
1785172200,1.3311800000,1.3316600000,1.3310700000,1.3316200000,513,11,0
1785172500,1.3316200000,1.3316400000,1.3311900000,1.3312000000,493,11,0
1785172800,1.3311900000,1.3312600000,1.3310100000,1.3312300000,485,11,0
1785173100,1.3312300000,1.3312300000,1.3305200000,1.3305200000,532,11,0
1785173400,1.3305300000,1.3309300000,1.3305200000,1.3308000000,549,11,0
1785173700,1.3308000000,1.3309500000,1.3306400000,1.3309200000,546,11,0
1785174000,1.3308400000,1.3310400000,1.3304100000,1.3304500000,540,11,0
1785174300,1.3304500000,1.3308400000,1.3304500000,1.3307300000,490,11,0
1785174600,1.3307200000,1.3308100000,1.3302400000,1.3303000000,517,11,0
1785174900,1.3303100000,1.3303300000,1.3298600000,1.3301800000,553,11,0
1785175200,1.3302000000,1.3304800000,1.3299200000,1.3304400000,603,11,0
1785175500,1.3304300000,1.3304800000,1.3301000000,1.3301200000,516,11,0
1785175800,1.3301200000,1.3302800000,1.3298700000,1.3302400000,530,11,0
1785176100,1.3302400000,1.3304600000,1.3301900000,1.3304100000,511,11,0
1785176400,1.3304000000,1.3306400000,1.3303000000,1.3305500000,503,11,0
1785176700,1.3305400000,1.3305600000,1.3303200000,1.3305200000,414,11,0
1785177000,1.3305100000,1.3305300000,1.3301000000,1.3302800000,438,11,0
1785177300,1.3302800000,1.3305000000,1.3302000000,1.3304100000,471,11,0
1785177600,1.3304100000,1.3305200000,1.3302500000,1.3303300000,401,11,0
1785177900,1.3303300000,1.3303500000,1.3299700000,1.3300100000,411,11,0
1785178200,1.3300200000,1.3305800000,1.3300200000,1.3303300000,354,11,0
1785178500,1.3303200000,1.3305200000,1.3301300000,1.3301300000,340,11,0
1785178800,1.3301400000,1.3303600000,1.3299300000,1.3302200000,460,11,0
1785179100,1.3302100000,1.3302500000,1.3298900000,1.3300600000,348,11,0
1785179400,1.3300500000,1.3301900000,1.3299800000,1.3300800000,261,11,0
1785179700,1.3300800000,1.3305400000,1.3300000000,1.3305000000,292,11,0
1785180000,1.3305000000,1.3307300000,1.3304600000,1.3307100000,376,11,0
1785180300,1.3307000000,1.3313500000,1.3306900000,1.3309600000,744,11,0
1785180600,1.3309600000,1.3310900000,1.3307800000,1.3310000000,442,11,0
1785180900,1.3309900000,1.3310200000,1.3307100000,1.3307800000,432,11,0
1785181200,1.3307800000,1.3309000000,1.3305900000,1.3306000000,383,11,0
1785181500,1.3306000000,1.3306100000,1.3302300000,1.3302300000,297,11,0
1785181800,1.3302200000,1.3303500000,1.3301900000,1.3303200000,373,11,0
1785182100,1.3303100000,1.3304500000,1.3300800000,1.3302500000,473,11,0
1785182400,1.3302600000,1.3302700000,1.3285700000,1.3288900000,417,11,0
1785182700,1.3288800000,1.3291400000,1.3285000000,1.3290300000,414,11,0
1785183000,1.3290400000,1.3293100000,1.3290300000,1.3291000000,340,11,0
1785183300,1.3291100000,1.3291200000,1.3286500000,1.3286900000,218,11,0
1785183600,1.3286800000,1.3288400000,1.3284700000,1.3285200000,251,11,0
1785183900,1.3285300000,1.3286500000,1.3284100000,1.3284900000,244,11,0
1785184200,1.3284900000,1.3289200000,1.3283700000,1.3288000000,287,11,0
1785184500,1.3287900000,1.3288100000,1.3284700000,1.3285100000,253,11,0
1785184800,1.3285100000,1.3285800000,1.3283800000,1.3285000000,211,11,0
1785185100,1.3285100000,1.3287300000,1.3284700000,1.3286900000,206,11,0
1785185400,1.3286800000,1.3290000000,1.3286800000,1.3290000000,174,11,0
1785185700,1.3289900000,1.3291100000,1.3288800000,1.3290500000,251,11,0
1785186000,1.3290500000,1.3291600000,1.3289300000,1.3291000000,255,11,0
1785186300,1.3291100000,1.3291600000,1.3290000000,1.3290800000,196,11,0
1785186600,1.3290800000,1.3291500000,1.3290000000,1.3291000000,210,11,0
1785186900,1.3291000000,1.3291100000,1.3289400000,1.3289600000,290,11,0
1785187200,1.3289600000,1.3289700000,1.3287400000,1.3288600000,274,11,0
1785187500,1.3288500000,1.3289400000,1.3287800000,1.3289100000,252,11,0
1785187800,1.3289100000,1.3290300000,1.3288400000,1.3288400000,225,11,0
1785188100,1.3288400000,1.3289500000,1.3287800000,1.3288300000,173,11,0
1785188400,1.3288300000,1.3293100000,1.3287300000,1.3289100000,447,11,0
1785188700,1.3289100000,1.3291300000,1.3287500000,1.3287800000,282,11,0
1785189000,1.3287900000,1.3289900000,1.3287500000,1.3289400000,290,11,0
1785189300,1.3289300000,1.3290700000,1.3286200000,1.3287500000,434,11,0
1785189600,1.3287600000,1.3290600000,1.3287600000,1.3288200000,179,11,0
1785189900,1.3288100000,1.3289300000,1.3287900000,1.3289100000,170,11,0
1785190200,1.3289100000,1.3290500000,1.3288100000,1.3288500000,202,11,0
1785190500,1.3288400000,1.3289900000,1.3288400000,1.3289400000,174,11,0
1785190800,1.3289500000,1.3291500000,1.3289500000,1.3291400000,131,11,0
1785191100,1.3291300000,1.3292400000,1.3291200000,1.3292200000,244,11,0
1785191400,1.3292300000,1.3294400000,1.3291800000,1.3293200000,259,11,0
1785191700,1.3293200000,1.3294900000,1.3292800000,1.3294900000,205,11,0
1785192000,1.3294900000,1.3295900000,1.3293600000,1.3294400000,249,12,0
1785192300,1.3294300000,1.3295200000,1.3291400000,1.3291900000,249,11,0
1785192600,1.3292100000,1.3293200000,1.3291700000,1.3292400000,316,11,0
1785192900,1.3292100000,1.3292300000,1.3291000000,1.3291100000,216,11,0
1785193200,1.3291100000,1.3292000000,1.3290700000,1.3290900000,149,11,0
1785193500,1.3290700000,1.3290800000,1.3289100000,1.3289800000,116,12,0
1785193800,1.3289900000,1.3291300000,1.3289500000,1.3291000000,159,11,0
1785194100,1.3291100000,1.3291200000,1.3290100000,1.3290100000,67,12,0
1785194400,1.3290000000,1.3290100000,1.3289000000,1.3289300000,54,12,0
1785194700,1.3289500000,1.3290200000,1.3289200000,1.3289300000,62,12,0
1785195000,1.3289300000,1.3289300000,1.3286200000,1.3286400000,78,11,0
1785195300,1.3286500000,1.3287100000,1.3285800000,1.3286600000,47,12,0
1785195600,1.3286500000,1.3287100000,1.3286000000,1.3286100000,107,11,0
1785195900,1.3285900000,1.3286300000,1.3285400000,1.3286300000,67,11,0
1785196200,1.3286300000,1.3287100000,1.3285800000,1.3286300000,56,12,0
1785196500,1.3286200000,1.3288000000,1.3285500000,1.3286300000,109,13,0
1785196800,1.3285100000,1.3291900000,1.3284600000,1.3285100000,5,67,0
1785197100,1.3292300000,1.3292500000,1.3285700000,1.3287200000,15,157,0
1785197400,1.3292000000,1.3292000000,1.3285700000,1.3288800000,136,120,0
1785197700,1.3288700000,1.3291100000,1.3286900000,1.3290000000,156,157,0
1785198000,1.3290100000,1.3292400000,1.3287500000,1.3289200000,13,157,0
1785198300,1.3289600000,1.3289600000,1.3288700000,1.3289200000,22,157,0
1785198600,1.3288100000,1.3294600000,1.3287600000,1.3289100000,161,141,0
1785198900,1.3289300000,1.3291800000,1.3288900000,1.3290300000,284,101,0
1785199200,1.3291000000,1.3294200000,1.3289200000,1.3293300000,518,156,0
1785199500,1.3293400000,1.3293800000,1.3287500000,1.3289400000,129,91,0
1785199800,1.3289300000,1.3291100000,1.3288700000,1.3291100000,167,157,0
1785200100,1.3289000000,1.3291700000,1.3287200000,1.3287400000,300,157,0
1785200400,1.3286000000,1.3290400000,1.3284900000,1.3289200000,65,33,0
1785200700,1.3289300000,1.3290600000,1.3289200000,1.3289400000,38,18,0
1785201000,1.3289400000,1.3289400000,1.3286700000,1.3288800000,66,17,0
1785201300,1.3288700000,1.3289500000,1.3288200000,1.3289000000,41,14,0
1785201600,1.3289000000,1.3289100000,1.3288400000,1.3288900000,94,15,0
1785201900,1.3288800000,1.3289100000,1.3288000000,1.3288100000,44,16,0
1785202200,1.3288200000,1.3289000000,1.3288100000,1.3288300000,47,15,0
1785202500,1.3288200000,1.3289100000,1.3288200000,1.3288800000,92,13,0
1785202800,1.3288900000,1.3288900000,1.3287800000,1.3287800000,35,14,0
1785203100,1.3287800000,1.3288100000,1.3287700000,1.3287900000,29,17,0
1785203400,1.3287800000,1.3288600000,1.3287800000,1.3288000000,47,14,0
1785203700,1.3287900000,1.3288000000,1.3287100000,1.3287700000,29,14,0
1785204000,1.3287800000,1.3287900000,1.3286100000,1.3287100000,92,16,0
1785204300,1.3287200000,1.3288600000,1.3287200000,1.3288100000,100,14,0
1785204600,1.3287900000,1.3288200000,1.3287600000,1.3288100000,33,16,0
1785204900,1.3288100000,1.3288700000,1.3288000000,1.3288000000,36,14,0
1785205200,1.3288000000,1.3288200000,1.3287800000,1.3288000000,45,15,0
1785205500,1.3288000000,1.3288900000,1.3288000000,1.3288900000,47,14,0
1785205800,1.3288900000,1.3289200000,1.3288200000,1.3289200000,36,15,0
1785206100,1.3289200000,1.3289200000,1.3288200000,1.3288700000,22,14,0
1785206400,1.3288700000,1.3289200000,1.3288700000,1.3288900000,81,16,0
1785206700,1.3288900000,1.3289600000,1.3286300000,1.3286800000,151,13,0
1785207000,1.3287000000,1.3288100000,1.3286800000,1.3287100000,99,12,0
1785207300,1.3287200000,1.3289000000,1.3287000000,1.3289000000,106,12,0
1785207600,1.3289100000,1.3289800000,1.3286500000,1.3286500000,402,11,0
1785207900,1.3286500000,1.3288500000,1.3285200000,1.3288100000,299,12,0
1785208200,1.3288200000,1.3288300000,1.3286600000,1.3286900000,223,11,0
1785208500,1.3286900000,1.3289800000,1.3286700000,1.3289500000,253,11,0
1785208800,1.3289700000,1.3290700000,1.3289100000,1.3289900000,247,13,0
1785209100,1.3289800000,1.3292400000,1.3289800000,1.3291700000,259,12,0
1785209400,1.3291600000,1.3292200000,1.3290400000,1.3291500000,188,13,0
1785209700,1.3291600000,1.3293000000,1.3290900000,1.3292500000,160,11,0
1785210000,1.3292500000,1.3292600000,1.3290000000,1.3290700000,172,12,0
1785210300,1.3290700000,1.3290900000,1.3289300000,1.3290300000,243,12,0
1785210600,1.3290200000,1.3290300000,1.3287900000,1.3288500000,160,13,0
1785210900,1.3288200000,1.3292600000,1.3288000000,1.3292400000,291,11,0
1785211200,1.3292300000,1.3297500000,1.3292000000,1.3294000000,366,11,0
1785211500,1.3294000000,1.3295500000,1.3293900000,1.3294900000,208,12,0
1785211800,1.3294800000,1.3295000000,1.3291800000,1.3292400000,226,11,0
1785212100,1.3292500000,1.3293700000,1.3290800000,1.3293000000,262,12,0
1785212400,1.3293100000,1.3294100000,1.3292900000,1.3293200000,271,12,0
1785212700,1.3293100000,1.3294300000,1.3291800000,1.3293800000,142,12,0
1785213000,1.3293700000,1.3294800000,1.3292900000,1.3294200000,244,12,0
1785213300,1.3294200000,1.3294700000,1.3292800000,1.3293100000,208,13,0
1785213600,1.3293000000,1.3293300000,1.3291100000,1.3292100000,243,13,0
1785213900,1.3292100000,1.3292500000,1.3291000000,1.3291600000,237,11,0
1785214200,1.3291500000,1.3291800000,1.3288900000,1.3290200000,305,12,0
1785214500,1.3290200000,1.3291500000,1.3290200000,1.3291100000,160,12,0
1785214800,1.3291700000,1.3291800000,1.3290000000,1.3290900000,163,12,0
1785215100,1.3290900000,1.3295000000,1.3290800000,1.3294600000,197,12,0
1785215400,1.3294600000,1.3295400000,1.3293600000,1.3294000000,213,12,0
1785215700,1.3294200000,1.3294400000,1.3293300000,1.3294000000,346,11,0
1785216000,1.3294100000,1.3295300000,1.3293400000,1.3294600000,292,11,0
1785216300,1.3294500000,1.3294600000,1.3291900000,1.3292200000,162,12,0
1785216600,1.3292100000,1.3293300000,1.3291600000,1.3292100000,153,12,0
1785216900,1.3292200000,1.3292800000,1.3291900000,1.3292200000,139,13,0
1785217200,1.3292200000,1.3293700000,1.3291900000,1.3293600000,237,12,0
1785217500,1.3293500000,1.3295000000,1.3292300000,1.3294900000,304,12,0
1785217800,1.3295000000,1.3300100000,1.3294900000,1.3298800000,382,11,0
1785218100,1.3298900000,1.3299000000,1.3297500000,1.3297600000,308,11,0
1785218400,1.3297700000,1.3298800000,1.3296900000,1.3297700000,213,13,0
1785218700,1.3297800000,1.3297900000,1.3296500000,1.3296600000,249,12,0
1785219000,1.3296500000,1.3296900000,1.3294500000,1.3296500000,242,12,0
1785219300,1.3296600000,1.3300100000,1.3296200000,1.3299500000,207,12,0
1785219600,1.3299500000,1.3300400000,1.3299200000,1.3300000000,127,12,0
1785219900,1.3300100000,1.3300500000,1.3299600000,1.3300100000,164,12,0
1785220200,1.3300000000,1.3303600000,1.3300000000,1.3303100000,244,11,0
1785220500,1.3303100000,1.3303100000,1.3299400000,1.3300500000,313,12,0
1785220800,1.3300400000,1.3301300000,1.3299300000,1.3300100000,200,12,0
1785221100,1.3300000000,1.3300100000,1.3299000000,1.3299500000,208,12,0
1785221400,1.3299600000,1.3299600000,1.3297600000,1.3298300000,147,12,0
1785221700,1.3298100000,1.3298100000,1.3296600000,1.3297500000,169,12,0
1785222000,1.3297400000,1.3297400000,1.3293200000,1.3294600000,349,11,0
1785222300,1.3294700000,1.3295400000,1.3293800000,1.3294200000,210,12,0
1785222600,1.3294200000,1.3294700000,1.3292100000,1.3292600000,190,11,0
1785222900,1.3292600000,1.3295200000,1.3292000000,1.3295100000,210,12,0
1785223200,1.3295100000,1.3295200000,1.3292700000,1.3293300000,155,12,0
1785223500,1.3293200000,1.3293900000,1.3292100000,1.3293800000,194,12,0
1785223800,1.3293900000,1.3294200000,1.3293000000,1.3293900000,109,13,0
1785224100,1.3293800000,1.3294100000,1.3292600000,1.3293200000,147,13,0
1785224400,1.3293100000,1.3293900000,1.3293000000,1.3293900000,129,13,0
1785224700,1.3293900000,1.3295400000,1.3293600000,1.3294900000,106,11,0
1785225000,1.3295000000,1.3295400000,1.3292100000,1.3292100000,134,12,0
1785225300,1.3292100000,1.3293600000,1.3291700000,1.3293400000,206,12,0
1785225600,1.3293500000,1.3294500000,1.3292900000,1.3294200000,205,11,0
1785225900,1.3294100000,1.3294200000,1.3289600000,1.3290200000,418,12,0
1785226200,1.3290100000,1.3290200000,1.3286400000,1.3286800000,410,11,0
1785226500,1.3286800000,1.3287400000,1.3286000000,1.3286600000,209,13,0
1785226800,1.3286600000,1.3287700000,1.3285700000,1.3286700000,244,13,0
1785227100,1.3286700000,1.3289700000,1.3286300000,1.3289700000,291,11,0
1785227400,1.3289700000,1.3290300000,1.3287700000,1.3287900000,332,12,0
1785227700,1.3287700000,1.3288100000,1.3285000000,1.3286300000,237,12,0
1785228000,1.3286200000,1.3289500000,1.3285000000,1.3288600000,269,11,0
1785228300,1.3288800000,1.3288900000,1.3285300000,1.3285500000,269,11,0
1785228600,1.3285400000,1.3287300000,1.3285200000,1.3287100000,165,11,0
1785228900,1.3287000000,1.3288000000,1.3286800000,1.3287200000,180,11,0
1785229200,1.3287200000,1.3289300000,1.3286200000,1.3286600000,388,12,0
1785229500,1.3286500000,1.3287400000,1.3285400000,1.3286300000,346,11,0
1785229800,1.3286300000,1.3289500000,1.3286000000,1.3289200000,242,12,0
1785230100,1.3289100000,1.3290400000,1.3288900000,1.3289300000,293,11,0
1785230400,1.3289200000,1.3291100000,1.3289000000,1.3290800000,286,11,0
1785230700,1.3290800000,1.3295200000,1.3289300000,1.3295000000,293,11,0
1785231000,1.3295100000,1.3296300000,1.3292100000,1.3292100000,249,11,0
1785231300,1.3292000000,1.3294300000,1.3291200000,1.3293500000,247,12,0
1785231600,1.3293400000,1.3295500000,1.3292100000,1.3294200000,219,11,0
1785231900,1.3294200000,1.3294300000,1.3291700000,1.3291900000,214,11,0
1785232200,1.3292000000,1.3298100000,1.3291900000,1.3298000000,189,11,0
1785232500,1.3298100000,1.3301000000,1.3295900000,1.3298000000,366,11,0
1785232800,1.3297900000,1.3297900000,1.3292900000,1.3294500000,361,11,0
1785233100,1.3294400000,1.3301400000,1.3293800000,1.3300100000,261,11,0
1785233400,1.3300200000,1.3301500000,1.3298400000,1.3301100000,365,11,0
1785233700,1.3301100000,1.3302300000,1.3300600000,1.3301000000,206,11,0
1785234000,1.3301000000,1.3303400000,1.3300600000,1.3302100000,249,11,0
1785234300,1.3302000000,1.3304100000,1.3301700000,1.3302300000,204,11,0
1785234600,1.3302400000,1.3303900000,1.3302100000,1.3302900000,172,11,0
1785234900,1.3302900000,1.3304400000,1.3298500000,1.3299200000,187,11,0
1785235200,1.3299100000,1.3301400000,1.3296500000,1.3297400000,285,11,0
1785235500,1.3297400000,1.3297600000,1.3292700000,1.3293100000,337,11,0
1785235800,1.3292900000,1.3294700000,1.3291100000,1.3293600000,351,11,0
1785236100,1.3293900000,1.3295500000,1.3291000000,1.3291100000,306,11,0
1785236400,1.3291100000,1.3300800000,1.3291000000,1.3300600000,411,11,0
1785236700,1.3300600000,1.3301900000,1.3299600000,1.3300500000,372,11,0
1785237000,1.3300500000,1.3300700000,1.3296500000,1.3298500000,415,11,0
1785237300,1.3298500000,1.3303400000,1.3298500000,1.3299900000,405,11,0
1785237600,1.3299900000,1.3304600000,1.3299900000,1.3302700000,369,11,0
1785237900,1.3302800000,1.3302800000,1.3298300000,1.3300200000,356,11,0
1785238200,1.3300300000,1.3301100000,1.3299200000,1.3300000000,312,11,0
1785238500,1.3300100000,1.3300400000,1.3296000000,1.3296200000,296,11,0
1785238800,1.3295900000,1.3299700000,1.3295800000,1.3299400000,241,11,0
1785239100,1.3299400000,1.3302700000,1.3298100000,1.3302100000,316,11,0
1785239400,1.3302300000,1.3302600000,1.3298800000,1.3299000000,247,12,0
1785239700,1.3298900000,1.3302300000,1.3298600000,1.3302000000,249,11,0
1785240000,1.3302100000,1.3302400000,1.3300200000,1.3301000000,267,11,0
1785240300,1.3301000000,1.3301300000,1.3295000000,1.3295500000,192,11,0
1785240600,1.3295400000,1.3295400000,1.3292000000,1.3293500000,248,11,0
1785240900,1.3293600000,1.3295000000,1.3293100000,1.3293300000,277,11,0
1785241200,1.3293300000,1.3294200000,1.3292200000,1.3293200000,182,11,0
1785241500,1.3293200000,1.3294500000,1.3291500000,1.3292100000,214,11,0
1785241800,1.3292000000,1.3292100000,1.3289100000,1.3289700000,210,11,0
1785242100,1.3289700000,1.3292600000,1.3289600000,1.3291200000,192,11,0
1785242400,1.3291000000,1.3292500000,1.3287400000,1.3287600000,254,11,0
1785242700,1.3288100000,1.3288300000,1.3284700000,1.3285500000,307,11,0
1785243000,1.3285900000,1.3286200000,1.3280000000,1.3280900000,278,11,0
1785243300,1.3281000000,1.3281500000,1.3279200000,1.3279400000,290,11,0
1785243600,1.3279200000,1.3279200000,1.3276400000,1.3277100000,270,11,0
1785243900,1.3277200000,1.3277400000,1.3274600000,1.3274900000,287,11,0
1785244200,1.3274800000,1.3276700000,1.3273000000,1.3276200000,262,11,0
1785244500,1.3276000000,1.3276000000,1.3272800000,1.3273300000,184,11,0
1785244800,1.3273300000,1.3279500000,1.3273100000,1.3277900000,225,11,0
1785245100,1.3278000000,1.3278500000,1.3276300000,1.3277200000,250,11,0
1785245400,1.3277100000,1.3280300000,1.3276900000,1.3279800000,313,11,0
1785245700,1.3279700000,1.3281100000,1.3276000000,1.3280400000,432,11,0
1785246000,1.3280500000,1.3280700000,1.3276000000,1.3276300000,346,11,0
1785246300,1.3276200000,1.3277300000,1.3274800000,1.3274900000,221,11,0
1785246600,1.3274900000,1.3278600000,1.3274000000,1.3277900000,309,11,0
1785246900,1.3277800000,1.3282000000,1.3277800000,1.3279000000,390,11,0
1785247200,1.3278900000,1.3280700000,1.3275400000,1.3276100000,339,11,0
1785247500,1.3276200000,1.3277500000,1.3274500000,1.3276100000,317,11,0
1785247800,1.3276000000,1.3277100000,1.3273900000,1.3275000000,281,11,0
1785248100,1.3275000000,1.3280400000,1.3274800000,1.3277600000,491,12,0
1785248400,1.3277500000,1.3280900000,1.3277100000,1.3280900000,321,11,0
1785248700,1.3280700000,1.3282100000,1.3279100000,1.3279900000,317,11,0
1785249000,1.3279800000,1.3280900000,1.3279100000,1.3279900000,249,12,0
1785249300,1.3279800000,1.3282900000,1.3279500000,1.3281100000,382,11,0
1785249600,1.3281000000,1.3282500000,1.3279400000,1.3279500000,299,11,0
1785249900,1.3279600000,1.3280800000,1.3277400000,1.3277500000,316,11,0
1785250200,1.3277400000,1.3278200000,1.3273800000,1.3277200000,421,11,0
1785250500,1.3277500000,1.3280400000,1.3277400000,1.3278700000,407,11,0
1785250800,1.3278800000,1.3283500000,1.3278500000,1.3282400000,434,11,0
1785251100,1.3282400000,1.3285800000,1.3281600000,1.3285800000,311,11,0
1785251400,1.3285800000,1.3286200000,1.3282100000,1.3285000000,275,11,0
1785251700,1.3285100000,1.3286400000,1.3284500000,1.3285900000,216,11,0
1785252000,1.3286000000,1.3289200000,1.3284100000,1.3285600000,341,11,0
1785252300,1.3285500000,1.3285700000,1.3283700000,1.3284500000,347,12,0
1785252600,1.3284400000,1.3288000000,1.3282800000,1.3287400000,227,11,0
1785252900,1.3287500000,1.3289800000,1.3286600000,1.3289000000,379,11,0
1785253200,1.3288900000,1.3293900000,1.3288300000,1.3293200000,338,11,0
1785253500,1.3293100000,1.3297700000,1.3293000000,1.3297600000,335,11,0
1785253800,1.3297600000,1.3298100000,1.3293500000,1.3295200000,358,11,0
1785254100,1.3294800000,1.3298700000,1.3294800000,1.3297200000,298,11,0
1785254400,1.3297200000,1.3302500000,1.3297100000,1.3298400000,301,11,0
1785254700,1.3298300000,1.3301300000,1.3298100000,1.3300000000,420,11,0
1785255000,1.3299900000,1.3300900000,1.3294900000,1.3295800000,295,11,0
1785255300,1.3295900000,1.3296400000,1.3293700000,1.3294800000,282,11,0
1785255600,1.3294700000,1.3299400000,1.3294700000,1.3297000000,385,11,0
1785255900,1.3297000000,1.3298200000,1.3295400000,1.3295700000,280,11,0
1785256200,1.3295800000,1.3298300000,1.3295600000,1.3297200000,444,11,0
1785256500,1.3297300000,1.3297900000,1.3293700000,1.3295000000,399,11,0
1785256800,1.3294900000,1.3298000000,1.3294900000,1.3296300000,391,11,0
1785257100,1.3296400000,1.3302600000,1.3294900000,1.3301800000,396,11,0
1785257400,1.3301900000,1.3302600000,1.3298600000,1.3299300000,548,11,0
1785257700,1.3299200000,1.3300300000,1.3297200000,1.3299700000,316,11,0
1785258000,1.3299500000,1.3301300000,1.3298900000,1.3300000000,311,11,0
1785258300,1.3299900000,1.3301300000,1.3296600000,1.3298500000,448,11,0
1785258600,1.3298600000,1.3299300000,1.3294100000,1.3294400000,394,11,0
1785258900,1.3294600000,1.3295300000,1.3291100000,1.3291400000,392,11,0
1785259200,1.3291400000,1.3294300000,1.3290900000,1.3291900000,424,11,0
1785259500,1.3292000000,1.3295500000,1.3291800000,1.3295200000,368,11,0
1785259800,1.3295200000,1.3298200000,1.3293900000,1.3293900000,347,11,0
1785260100,1.3293800000,1.3295400000,1.3292600000,1.3292800000,356,11,0
1785260400,1.3292900000,1.3294600000,1.3291300000,1.3292800000,413,11,0
1785260700,1.3292700000,1.3293800000,1.3289500000,1.3293200000,407,11,0
1785261000,1.3293100000,1.3293300000,1.3284900000,1.3292900000,649,11,0
1785261300,1.3293000000,1.3293000000,1.3287600000,1.3290800000,649,11,0
1785261600,1.3290700000,1.3295400000,1.3289800000,1.3290000000,534,11,0
1785261900,1.3290100000,1.3295000000,1.3287800000,1.3294000000,411,11,0
1785262200,1.3294000000,1.3304600000,1.3293700000,1.3301600000,891,11,0
1785262500,1.3301600000,1.3304000000,1.3300000000,1.3303500000,712,11,0
1785262800,1.3303200000,1.3306600000,1.3301200000,1.3301500000,704,11,0
1785263100,1.3301400000,1.3306200000,1.3300500000,1.3303500000,510,11,0
1785263400,1.3303600000,1.3307500000,1.3302000000,1.3306400000,508,11,0
1785263700,1.3306500000,1.3306900000,1.3302700000,1.3302900000,425,11,0
1785264000,1.3303100000,1.3309900000,1.3303100000,1.3309000000,452,11,0
1785264300,1.3309000000,1.3309700000,1.3307800000,1.3309000000,275,11,0
1785264600,1.3309100000,1.3310400000,1.3304600000,1.3306600000,429,11,0
1785264900,1.3306600000,1.3309000000,1.3304300000,1.3308700000,508,11,0
1785265200,1.3308600000,1.3310600000,1.3306900000,1.3308300000,461,11,0
1785265500,1.3308100000,1.3309700000,1.3306500000,1.3307700000,369,11,0
1785265800,1.3307600000,1.3307800000,1.3305500000,1.3306300000,433,11,0
1785266100,1.3306200000,1.3307500000,1.3304500000,1.3305300000,353,11,0
1785266400,1.3305200000,1.3308000000,1.3304900000,1.3307100000,291,11,0
1785266700,1.3307000000,1.3308300000,1.3306400000,1.3307400000,236,11,0
1785267000,1.3307400000,1.3307400000,1.3303900000,1.3306300000,339,11,0
1785267300,1.3306300000,1.3309400000,1.3306300000,1.3308300000,234,11,0
1785267600,1.3308300000,1.3308400000,1.3304000000,1.3304100000,285,11,0
1785267900,1.3304000000,1.3305200000,1.3300100000,1.3300600000,427,11,0
1785268200,1.3300900000,1.3303100000,1.3300600000,1.3302400000,245,11,0
1785268500,1.3302400000,1.3302600000,1.3300500000,1.3300500000,226,11,0
1785268800,1.3300500000,1.3302400000,1.3300200000,1.3302200000,223,11,0
1785269100,1.3302200000,1.3304200000,1.3300100000,1.3300900000,368,11,0
1785269400,1.3300900000,1.3301000000,1.3297600000,1.3299200000,326,11,0
1785269700,1.3299200000,1.3300600000,1.3298800000,1.3300000000,290,11,0
1785270000,1.3300100000,1.3304900000,1.3298200000,1.3298200000,362,11,0
1785270300,1.3298300000,1.3300100000,1.3298000000,1.3298900000,247,11,0
1785270600,1.3298900000,1.3299400000,1.3297800000,1.3299300000,207,11,0
1785270900,1.3299400000,1.3299400000,1.3296700000,1.3297200000,148,11,0
1785271200,1.3297100000,1.3297100000,1.3294700000,1.3295300000,217,11,0
1785271500,1.3295300000,1.3295700000,1.3291900000,1.3293600000,280,11,0
1785271800,1.3293500000,1.3293600000,1.3292400000,1.3292500000,215,11,0
1785272100,1.3292400000,1.3293300000,1.3290300000,1.3291000000,330,11,0
1785272400,1.3291000000,1.3292500000,1.3288800000,1.3290000000,383,11,0
1785272700,1.3290000000,1.3290500000,1.3288800000,1.3290000000,187,11,0
1785273000,1.3290100000,1.3290900000,1.3288200000,1.3289900000,168,11,0
1785273300,1.3289900000,1.3291400000,1.3289700000,1.3290500000,253,11,0
1785273600,1.3290600000,1.3290600000,1.3288100000,1.3288700000,219,11,0
1785273900,1.3288600000,1.3288600000,1.3285800000,1.3287200000,201,11,0
1785274200,1.3287100000,1.3288900000,1.3287000000,1.3288200000,268,12,0
1785274500,1.3288300000,1.3290200000,1.3288100000,1.3289200000,167,11,0
1785274800,1.3289100000,1.3290400000,1.3288600000,1.3289900000,190,11,0
1785275100,1.3290000000,1.3290100000,1.3287100000,1.3288200000,231,11,0
1785275400,1.3288100000,1.3289600000,1.3288100000,1.3289100000,239,11,0
1785275700,1.3289100000,1.3289700000,1.3288000000,1.3288200000,195,11,0
1785276000,1.3288300000,1.3290000000,1.3287700000,1.3290000000,230,11,0
1785276300,1.3290200000,1.3292300000,1.3290100000,1.3291800000,197,11,0
1785276600,1.3291800000,1.3292100000,1.3290200000,1.3290500000,110,11,0
1785276900,1.3290600000,1.3293400000,1.3290100000,1.3293200000,101,11,0
1785277200,1.3293200000,1.3294300000,1.3292300000,1.3293200000,153,11,0
1785277500,1.3293200000,1.3293200000,1.3289900000,1.3290200000,147,11,0
1785277800,1.3290200000,1.3291600000,1.3289900000,1.3290900000,206,11,0
1785278100,1.3290900000,1.3291000000,1.3289900000,1.3291000000,153,11,0
1785278400,1.3291100000,1.3291300000,1.3289900000,1.3291100000,191,12,0
1785278700,1.3291000000,1.3294500000,1.3290900000,1.3293300000,220,11,0
1785279000,1.3293300000,1.3293300000,1.3291400000,1.3293100000,144,11,0
1785279300,1.3292800000,1.3292800000,1.3286900000,1.3287100000,275,11,0
1785279600,1.3287100000,1.3288300000,1.3286700000,1.3287000000,290,12,0
1785279900,1.3287100000,1.3289200000,1.3286800000,1.3289100000,134,11,0
1785280200,1.3289100000,1.3290300000,1.3289100000,1.3290200000,66,11,0
1785280500,1.3290200000,1.3290800000,1.3288900000,1.3289000000,122,11,0
1785280800,1.3289100000,1.3289200000,1.3288100000,1.3288400000,70,12,0
1785281100,1.3288400000,1.3288600000,1.3286300000,1.3287500000,76,12,0
1785281400,1.3287400000,1.3287400000,1.3286100000,1.3286500000,53,12,0
1785281700,1.3286700000,1.3288100000,1.3285500000,1.3287000000,105,11,0
1785282000,1.3287000000,1.3288100000,1.3286100000,1.3288100000,126,11,0
1785282300,1.3287500000,1.3287500000,1.3286700000,1.3286700000,50,11,0
1785282600,1.3286600000,1.3287400000,1.3286000000,1.3286200000,56,13,0
1785282900,1.3286200000,1.3290200000,1.3286100000,1.3287400000,293,11,0
1785283200,1.3286800000,1.3286800000,1.3285600000,1.3286500000,10,49,0
1785283500,1.3288400000,1.3288400000,1.3276800000,1.3283300000,34,67,0
1785283800,1.3285800000,1.3288300000,1.3284500000,1.3288200000,45,45,0
1785284100,1.3288100000,1.3291600000,1.3288100000,1.3291200000,76,42,0
1785284400,1.3291100000,1.3291500000,1.3290100000,1.3291200000,81,65,0
1785284700,1.3291400000,1.3291600000,1.3288900000,1.3288900000,59,63,0
1785285000,1.3288300000,1.3289600000,1.3288300000,1.3289300000,131,69,0
1785285300,1.3289100000,1.3290000000,1.3288800000,1.3289600000,40,65,0
1785285600,1.3289200000,1.3290000000,1.3288700000,1.3289300000,102,37,0
1785285900,1.3289300000,1.3290100000,1.3289100000,1.3289500000,68,33,0
1785286200,1.3289600000,1.3289900000,1.3289300000,1.3289600000,54,41,0
1785286500,1.3289800000,1.3290700000,1.3282000000,1.3283600000,78,36,0
1785286800,1.3284900000,1.3288900000,1.3284800000,1.3288400000,213,21,0
1785287100,1.3288300000,1.3289900000,1.3288300000,1.3289700000,23,21,0
1785287400,1.3289700000,1.3290100000,1.3286900000,1.3287100000,74,18,0
1785287700,1.3287200000,1.3287800000,1.3285900000,1.3285900000,90,15,0
1785288000,1.3285900000,1.3285900000,1.3282700000,1.3283000000,143,12,0
1785288300,1.3283100000,1.3284600000,1.3282600000,1.3283700000,131,14,0
1785288600,1.3283700000,1.3285000000,1.3282800000,1.3284800000,168,14,0
1785288900,1.3284700000,1.3284900000,1.3282500000,1.3282800000,142,17,0
1785289200,1.3282600000,1.3283600000,1.3282400000,1.3283000000,143,17,0
1785289500,1.3282900000,1.3283100000,1.3282400000,1.3282800000,106,19,0
1785289800,1.3283000000,1.3283600000,1.3282500000,1.3283400000,120,14,0
1785290100,1.3283400000,1.3283800000,1.3283300000,1.3283700000,36,18,0
1785290400,1.3283600000,1.3283700000,1.3281100000,1.3282700000,152,13,0
1785290700,1.3282600000,1.3282700000,1.3280000000,1.3280000000,131,15,0
1785291000,1.3280000000,1.3283100000,1.3280000000,1.3283000000,126,11,0
1785291300,1.3283000000,1.3283300000,1.3282000000,1.3282400000,121,15,0
1785291600,1.3282400000,1.3284100000,1.3282000000,1.3284000000,145,12,0
1785291900,1.3283900000,1.3284100000,1.3283000000,1.3283900000,89,15,0
1785292200,1.3284000000,1.3284100000,1.3283300000,1.3283300000,69,14,0
1785292500,1.3283300000,1.3284000000,1.3282900000,1.3283000000,90,15,0
1785292800,1.3283000000,1.3285900000,1.3282700000,1.3285800000,97,13,0
1785293100,1.3285800000,1.3286100000,1.3283800000,1.3285800000,263,12,0
1785293400,1.3285900000,1.3286300000,1.3284700000,1.3284900000,196,13,0
1785293700,1.3284900000,1.3286000000,1.3284800000,1.3286000000,163,12,0
1785294000,1.3286100000,1.3287200000,1.3282400000,1.3285700000,464,11,0
1785294300,1.3285700000,1.3287200000,1.3285000000,1.3285100000,335,11,0
1785294600,1.3285300000,1.3285500000,1.3283700000,1.3284500000,249,12,0
1785294900,1.3284500000,1.3288500000,1.3284200000,1.3288100000,266,11,0
1785295200,1.3288000000,1.3292200000,1.3287600000,1.3289000000,338,12,0
1785295500,1.3289100000,1.3291000000,1.3289000000,1.3290600000,331,12,0
1785295800,1.3290700000,1.3291700000,1.3289700000,1.3290000000,262,11,0
1785296100,1.3290000000,1.3291500000,1.3289300000,1.3290800000,258,11,0
1785296400,1.3290700000,1.3291200000,1.3289700000,1.3291200000,259,12,0
1785296700,1.3291100000,1.3292600000,1.3289200000,1.3289200000,265,11,0
1785297000,1.3289200000,1.3291200000,1.3288100000,1.3291000000,276,12,0
1785297300,1.3290600000,1.3293600000,1.3289500000,1.3291700000,334,11,0
1785297600,1.3291800000,1.3293200000,1.3291200000,1.3291400000,385,12,0
1785297900,1.3291700000,1.3292600000,1.3288900000,1.3289000000,289,11,0
1785298200,1.3288900000,1.3289400000,1.3286600000,1.3287100000,247,11,0
1785298500,1.3287100000,1.3290500000,1.3286300000,1.3290200000,309,12,0
1785298800,1.3290300000,1.3291900000,1.3290000000,1.3290200000,383,12,0
1785299100,1.3290100000,1.3290200000,1.3288000000,1.3288000000,259,13,0
1785299400,1.3288000000,1.3288000000,1.3282100000,1.3287000000,670,11,0
1785299700,1.3287000000,1.3287400000,1.3281800000,1.3283000000,640,12,0
1785300000,1.3282900000,1.3283200000,1.3280900000,1.3281900000,440,11,0
1785300300,1.3281900000,1.3284000000,1.3281300000,1.3283900000,467,11,0
1785300600,1.3283900000,1.3285300000,1.3282800000,1.3284900000,286,12,0
1785300900,1.3285000000,1.3288400000,1.3285000000,1.3287900000,316,12,0
1785301200,1.3287800000,1.3288800000,1.3286800000,1.3287200000,410,11,0
1785301500,1.3287300000,1.3291700000,1.3287200000,1.3291200000,292,11,0
1785301800,1.3291200000,1.3292900000,1.3291200000,1.3291600000,241,12,0
1785302100,1.3291800000,1.3294200000,1.3291800000,1.3293300000,273,11,0
1785302400,1.3293400000,1.3296800000,1.3293200000,1.3296300000,266,13,0
1785302700,1.3296300000,1.3297300000,1.3293300000,1.3293900000,399,11,0
1785303000,1.3293900000,1.3295000000,1.3293800000,1.3294400000,333,13,0
1785303300,1.3294400000,1.3297100000,1.3294300000,1.3296200000,240,12,0
1785303600,1.3296300000,1.3296300000,1.3294400000,1.3295500000,204,12,0
1785303900,1.3295500000,1.3295500000,1.3293100000,1.3293300000,183,11,0
1785304200,1.3293200000,1.3293700000,1.3291900000,1.3291900000,251,11,0
1785304500,1.3292000000,1.3294600000,1.3292000000,1.3293400000,200,11,0
1785304800,1.3293000000,1.3294600000,1.3293000000,1.3293600000,202,13,0
1785305100,1.3293700000,1.3295900000,1.3293200000,1.3295300000,255,11,0
1785305400,1.3295300000,1.3296000000,1.3294400000,1.3294500000,364,12,0
1785305700,1.3294600000,1.3297000000,1.3294400000,1.3296800000,281,12,0
1785306000,1.3296900000,1.3297700000,1.3296500000,1.3296700000,182,11,0
1785306300,1.3296800000,1.3297300000,1.3296200000,1.3296700000,256,12,0
1785306600,1.3296700000,1.3297000000,1.3295600000,1.3296700000,232,11,0
1785306900,1.3296700000,1.3297500000,1.3295600000,1.3296900000,211,11,0
1785307200,1.3296900000,1.3297200000,1.3296200000,1.3296800000,223,12,0
1785307500,1.3296900000,1.3298500000,1.3296600000,1.3298100000,202,12,0
1785307800,1.3298100000,1.3298500000,1.3295300000,1.3296000000,258,13,0
1785308100,1.3295900000,1.3295900000,1.3293400000,1.3294400000,313,12,0
1785308400,1.3294500000,1.3296500000,1.3293700000,1.3296300000,293,12,0
1785308700,1.3296100000,1.3297700000,1.3296000000,1.3297500000,146,12,0
1785309000,1.3297600000,1.3298300000,1.3297100000,1.3297500000,164,12,0
1785309300,1.3297600000,1.3298400000,1.3297300000,1.3297900000,191,11,0
1785309600,1.3297900000,1.3298700000,1.3297200000,1.3298500000,193,12,0
1785309900,1.3298500000,1.3299200000,1.3295900000,1.3296700000,252,11,0
1785310200,1.3296700000,1.3298900000,1.3295900000,1.3298200000,277,12,0
1785310500,1.3298300000,1.3300100000,1.3298100000,1.3298600000,185,12,0
1785310800,1.3298700000,1.3300600000,1.3298300000,1.3299100000,322,12,0
1785311100,1.3299000000,1.3300000000,1.3295200000,1.3295300000,363,12,0
1785311400,1.3295200000,1.3297300000,1.3294800000,1.3295300000,240,12,0
1785311700,1.3295400000,1.3297600000,1.3295300000,1.3297000000,156,11,0
1785312000,1.3297200000,1.3299000000,1.3297000000,1.3299000000,308,11,0
1785312300,1.3299100000,1.3299800000,1.3298500000,1.3298800000,212,12,0
1785312600,1.3298800000,1.3300500000,1.3298700000,1.3300100000,219,13,0
1785312900,1.3300100000,1.3300500000,1.3299000000,1.3299400000,211,14,0
1785313200,1.3299300000,1.3300100000,1.3299000000,1.3299900000,195,13,0
1785313500,1.3299900000,1.3300100000,1.3297300000,1.3297300000,197,12,0
1785313800,1.3297400000,1.3297600000,1.3295900000,1.3297100000,244,12,0
1785314100,1.3297100000,1.3298400000,1.3296800000,1.3297500000,174,11,0
1785314400,1.3297400000,1.3299000000,1.3297100000,1.3298700000,172,12,0
1785314700,1.3298700000,1.3299500000,1.3298100000,1.3299100000,204,12,0
1785315000,1.3299100000,1.3301200000,1.3298900000,1.3300800000,180,11,0
1785315300,1.3300600000,1.3301200000,1.3297800000,1.3298200000,221,11,0
1785315600,1.3298000000,1.3302700000,1.3298000000,1.3301700000,407,11,0
1785315900,1.3301800000,1.3301900000,1.3297700000,1.3298100000,374,11,0
1785316200,1.3298100000,1.3301400000,1.3296400000,1.3301400000,284,11,0
1785316500,1.3301300000,1.3303400000,1.3297400000,1.3297500000,292,11,0
1785316800,1.3297600000,1.3297900000,1.3294200000,1.3295700000,252,11,0
1785317100,1.3295800000,1.3296200000,1.3294100000,1.3295700000,307,12,0
1785317400,1.3295600000,1.3298600000,1.3294100000,1.3297300000,281,11,0
1785317700,1.3297400000,1.3297800000,1.3296500000,1.3297600000,218,12,0
1785318000,1.3297600000,1.3298600000,1.3296800000,1.3298500000,274,11,0
1785318300,1.3298500000,1.3298600000,1.3294500000,1.3295300000,316,11,0
1785318600,1.3295400000,1.3298400000,1.3295400000,1.3297300000,237,12,0
1785318900,1.3297300000,1.3297600000,1.3294400000,1.3296700000,367,11,0
1785319200,1.3296600000,1.3299600000,1.3294500000,1.3298700000,406,11,0
1785319500,1.3298800000,1.3300500000,1.3297300000,1.3298900000,281,11,0
1785319800,1.3298700000,1.3299500000,1.3294800000,1.3296100000,281,11,0
1785320100,1.3296200000,1.3299600000,1.3296100000,1.3299200000,208,11,0
1785320400,1.3299400000,1.3302600000,1.3299400000,1.3302400000,294,11,0
1785320700,1.3302400000,1.3302600000,1.3300000000,1.3301800000,252,11,0
1785321000,1.3301700000,1.3302900000,1.3299300000,1.3302600000,239,11,0
1785321300,1.3302600000,1.3306600000,1.3302600000,1.3305100000,370,11,0
1785321600,1.3305200000,1.3305500000,1.3302100000,1.3302400000,223,11,0
1785321900,1.3302300000,1.3302400000,1.3299700000,1.3301300000,292,11,0
1785322200,1.3301200000,1.3302200000,1.3300300000,1.3301600000,176,11,0
1785322500,1.3301600000,1.3301700000,1.3298700000,1.3301400000,255,12,0
1785322800,1.3301400000,1.3301700000,1.3298800000,1.3301400000,377,11,0
1785323100,1.3301500000,1.3303900000,1.3300700000,1.3300700000,264,11,0
1785323400,1.3300700000,1.3303700000,1.3296200000,1.3296200000,303,11,0
1785323700,1.3296200000,1.3302600000,1.3296200000,1.3302500000,195,12,0
1785324000,1.3302600000,1.3303500000,1.3300300000,1.3301400000,287,11,0
1785324300,1.3301300000,1.3301500000,1.3298100000,1.3301300000,233,11,0
1785324600,1.3301200000,1.3301300000,1.3298500000,1.3298700000,159,11,0
1785324900,1.3298600000,1.3300200000,1.3297600000,1.3300200000,245,11,0
1785325200,1.3300100000,1.3305500000,1.3300100000,1.3305500000,228,11,0
1785325500,1.3305400000,1.3308300000,1.3304700000,1.3307900000,235,11,0
1785325800,1.3307900000,1.3308200000,1.3305100000,1.3306000000,225,11,0
1785326100,1.3305900000,1.3307400000,1.3304400000,1.3305200000,244,11,0
1785326400,1.3305100000,1.3305300000,1.3301800000,1.3303800000,265,11,0
1785326700,1.3303800000,1.3303800000,1.3301200000,1.3303600000,371,11,0
1785327000,1.3303500000,1.3304500000,1.3302200000,1.3304000000,179,11,0
1785327300,1.3304100000,1.3304700000,1.3302600000,1.3303400000,250,11,0
1785327600,1.3303400000,1.3304400000,1.3300800000,1.3304100000,267,12,0
1785327900,1.3304000000,1.3304000000,1.3302400000,1.3303300000,234,11,0
1785328200,1.3303300000,1.3303300000,1.3300900000,1.3301400000,176,11,0
1785328500,1.3301300000,1.3301300000,1.3295100000,1.3295200000,264,11,0
1785328800,1.3295100000,1.3301200000,1.3294600000,1.3301200000,248,11,0
1785329100,1.3301200000,1.3301700000,1.3298700000,1.3300800000,339,12,0
1785329400,1.3300700000,1.3300700000,1.3296400000,1.3297300000,241,11,0
1785329700,1.3297400000,1.3298600000,1.3296200000,1.3296300000,340,11,0
1785330000,1.3296300000,1.3296600000,1.3293000000,1.3295000000,362,11,0
1785330300,1.3294500000,1.3295400000,1.3290900000,1.3291500000,342,11,0
1785330600,1.3292000000,1.3293200000,1.3290600000,1.3291400000,288,11,0
1785330900,1.3291400000,1.3293300000,1.3291000000,1.3291400000,266,11,0
1785331200,1.3291500000,1.3292400000,1.3289300000,1.3290100000,289,12,0
1785331500,1.3290000000,1.3291200000,1.3288400000,1.3290100000,296,11,0
1785331800,1.3290100000,1.3292300000,1.3289900000,1.3290100000,232,11,0
1785332100,1.3290100000,1.3292600000,1.3289500000,1.3290500000,314,11,0
1785332400,1.3290400000,1.3293400000,1.3289400000,1.3293400000,205,11,0
1785332700,1.3293400000,1.3293500000,1.3290000000,1.3290200000,211,11,0
1785333000,1.3290300000,1.3290400000,1.3287900000,1.3288500000,307,12,0
1785333300,1.3288400000,1.3290300000,1.3287900000,1.3290300000,187,11,0
1785333600,1.3290300000,1.3292400000,1.3290300000,1.3292000000,188,11,0
1785333900,1.3292000000,1.3292000000,1.3289500000,1.3291100000,217,11,0
1785334200,1.3291100000,1.3294300000,1.3291000000,1.3294100000,242,11,0
1785334500,1.3294300000,1.3294600000,1.3292300000,1.3292800000,176,11,0
1785334800,1.3292800000,1.3293000000,1.3291200000,1.3292100000,236,11,0
1785335100,1.3292200000,1.3296700000,1.3292100000,1.3296700000,290,11,0
1785335400,1.3296800000,1.3297200000,1.3294400000,1.3294400000,303,11,0
1785335700,1.3294500000,1.3295600000,1.3293600000,1.3294700000,229,11,0
1785336000,1.3294800000,1.3294800000,1.3291100000,1.3292800000,390,11,0
1785336300,1.3292800000,1.3294500000,1.3291300000,1.3293600000,408,11,0
1785336600,1.3293700000,1.3294700000,1.3292400000,1.3292500000,357,11,0
1785336900,1.3292400000,1.3293100000,1.3289200000,1.3292000000,327,11,0
1785337200,1.3292100000,1.3293300000,1.3288900000,1.3290900000,493,11,0
1785337500,1.3290800000,1.3291100000,1.3286100000,1.3287500000,428,11,0
1785337800,1.3287600000,1.3288100000,1.3283100000,1.3285000000,339,11,0
1785338100,1.3285100000,1.3285200000,1.3278000000,1.3282600000,722,11,0
1785338400,1.3282700000,1.3285200000,1.3280700000,1.3282900000,462,11,0
1785338700,1.3282900000,1.3285200000,1.3282600000,1.3283000000,387,11,0
1785339000,1.3282900000,1.3285600000,1.3280000000,1.3285100000,360,11,0
1785339300,1.3284700000,1.3287200000,1.3284100000,1.3286700000,353,11,0
1785339600,1.3286800000,1.3287100000,1.3284700000,1.3285800000,308,11,0
1785339900,1.3285800000,1.3287000000,1.3283600000,1.3284100000,335,11,0
1785340200,1.3284200000,1.3284600000,1.3280400000,1.3283100000,299,11,0
1785340500,1.3283200000,1.3283400000,1.3280900000,1.3283300000,215,11,0
1785340800,1.3283400000,1.3285100000,1.3282000000,1.3284200000,392,11,0
1785341100,1.3284300000,1.3284500000,1.3280900000,1.3282000000,280,11,0
1785341400,1.3281900000,1.3282700000,1.3280000000,1.3282600000,286,11,0
1785341700,1.3282600000,1.3283600000,1.3280900000,1.3281000000,349,11,0
1785342000,1.3280900000,1.3286300000,1.3280700000,1.3286100000,310,11,0
1785342300,1.3286200000,1.3288400000,1.3285300000,1.3287200000,320,11,0
1785342600,1.3287300000,1.3291700000,1.3283500000,1.3283800000,642,11,0
1785342900,1.3283900000,1.3286400000,1.3281800000,1.3285000000,434,11,0
1785343200,1.3285100000,1.3288300000,1.3283100000,1.3288200000,403,11,0
1785343500,1.3288300000,1.3290800000,1.3286900000,1.3290700000,482,11,0
1785343800,1.3290600000,1.3292900000,1.3288200000,1.3292600000,436,11,0
1785344100,1.3292500000,1.3293600000,1.3290000000,1.3293500000,360,11,0
1785344400,1.3293600000,1.3295700000,1.3293400000,1.3295600000,440,11,0
1785344700,1.3295700000,1.3295900000,1.3291500000,1.3291500000,386,11,0
1785345000,1.3291400000,1.3293000000,1.3290300000,1.3291300000,371,11,0
1785345300,1.3291400000,1.3292100000,1.3287300000,1.3290000000,409,11,0
1785345600,1.3290100000,1.3296500000,1.3288500000,1.3296500000,368,11,0
1785345900,1.3296500000,1.3298400000,1.3295000000,1.3297400000,334,11,0
1785346200,1.3297400000,1.3299300000,1.3296700000,1.3298700000,266,11,0
1785346500,1.3298600000,1.3303400000,1.3298200000,1.3301600000,412,11,0
1785346800,1.3301700000,1.3303800000,1.3293800000,1.3297900000,449,11,0
1785347100,1.3297800000,1.3298300000,1.3291500000,1.3291600000,637,11,0
1785347400,1.3291700000,1.3292500000,1.3281100000,1.3287600000,718,11,0
1785347700,1.3287500000,1.3290900000,1.3286200000,1.3286400000,772,11,0
1785348000,1.3286200000,1.3287700000,1.3283500000,1.3285600000,708,11,0
1785348300,1.3285700000,1.3292000000,1.3285500000,1.3291800000,361,11,0
1785348600,1.3291700000,1.3292500000,1.3287300000,1.3289000000,491,11,0
1785348900,1.3289000000,1.3292200000,1.3284300000,1.3284400000,422,11,0
1785349200,1.3284200000,1.3286400000,1.3282700000,1.3285600000,451,11,0
1785349500,1.3285600000,1.3285800000,1.3281200000,1.3284200000,447,11,0
1785349800,1.3284200000,1.3287300000,1.3283700000,1.3286000000,474,11,0
1785350100,1.3286000000,1.3289500000,1.3285000000,1.3285200000,387,11,0
1785350400,1.3285300000,1.3287300000,1.3284100000,1.3287100000,407,11,0
1785350700,1.3286800000,1.3288400000,1.3286200000,1.3288000000,318,11,0
1785351000,1.3287900000,1.3288500000,1.3286300000,1.3287700000,269,11,0
1785351300,1.3287500000,1.3288100000,1.3284200000,1.3285800000,472,11,0
1785351600,1.3286400000,1.3286700000,1.3284300000,1.3284500000,356,11,0
1785351900,1.3284600000,1.3287100000,1.3281900000,1.3286400000,377,11,0
1785352200,1.3286300000,1.3286300000,1.3280400000,1.3280600000,319,11,0
1785352500,1.3280200000,1.3282700000,1.3279700000,1.3282300000,328,11,0
1785352800,1.3282400000,1.3284600000,1.3282200000,1.3284200000,365,11,0
1785353100,1.3284100000,1.3285300000,1.3284100000,1.3284400000,389,11,0
1785353400,1.3284200000,1.3284500000,1.3280200000,1.3281300000,349,11,0
1785353700,1.3281200000,1.3281600000,1.3279200000,1.3280400000,258,11,0
1785354000,1.3280600000,1.3282500000,1.3280600000,1.3282200000,236,11,0
1785354300,1.3282300000,1.3283700000,1.3281500000,1.3283600000,225,11,0
1785354600,1.3283500000,1.3287400000,1.3283400000,1.3286200000,263,11,0
1785354900,1.3286200000,1.3288600000,1.3285900000,1.3288300000,301,11,0
1785355200,1.3288400000,1.3290700000,1.3287100000,1.3290000000,440,11,0
1785355500,1.3290000000,1.3294700000,1.3288200000,1.3294300000,313,11,0
1785355800,1.3294200000,1.3294900000,1.3292700000,1.3294400000,254,11,0
1785356100,1.3294300000,1.3296300000,1.3293400000,1.3295900000,255,11,0
1785356400,1.3295800000,1.3299500000,1.3295200000,1.3297900000,362,11,0
1785356700,1.3297800000,1.3298700000,1.3295000000,1.3297400000,377,11,0
1785357000,1.3297300000,1.3302800000,1.3296400000,1.3301600000,367,11,0
1785357300,1.3301700000,1.3302400000,1.3298800000,1.3299800000,315,11,0
1785357600,1.3299700000,1.3304700000,1.3299600000,1.3303600000,252,11,0
1785357900,1.3303700000,1.3306200000,1.3301100000,1.3305600000,296,11,0
1785358200,1.3305600000,1.3305800000,1.3302500000,1.3303000000,277,11,0
1785358500,1.3303000000,1.3303000000,1.3299100000,1.3299600000,352,12,0
1785358800,1.3299200000,1.3345100000,1.3286900000,1.3329200000,1120,11,0
1785359100,1.3329200000,1.3336700000,1.3325700000,1.3329300000,1006,11,0
1785359400,1.3329300000,1.3338400000,1.3324800000,1.3337400000,967,11,0
1785359700,1.3337700000,1.3339400000,1.3329500000,1.3329900000,927,11,0
1785360000,1.3329600000,1.3330400000,1.3325400000,1.3326200000,889,11,0
1785360300,1.3326100000,1.3330600000,1.3322700000,1.3330400000,516,11,0
1785360600,1.3330400000,1.3337400000,1.3312200000,1.3322700000,1071,11,0
1785360900,1.3323200000,1.3338500000,1.3317500000,1.3335600000,875,11,0
1785361200,1.3335700000,1.3346900000,1.3334500000,1.3346200000,1145,11,0
1785361500,1.3346100000,1.3359300000,1.3344300000,1.3358000000,1153,11,0
1785361800,1.3357900000,1.3362400000,1.3351700000,1.3361600000,994,11,0
1785362100,1.3361600000,1.3365200000,1.3356600000,1.3364500000,829,11,0
1785362400,1.3364900000,1.3368300000,1.3358900000,1.3361600000,1074,11,0
1785362700,1.3361600000,1.3363400000,1.3354700000,1.3356500000,1047,11,0
1785363000,1.3356300000,1.3370000000,1.3355300000,1.3369600000,968,11,0
1785363300,1.3369700000,1.3386700000,1.3367900000,1.3382700000,912,11,0
1785363600,1.3382800000,1.3382900000,1.3362200000,1.3365500000,1020,11,0
1785363900,1.3365400000,1.3366000000,1.3356500000,1.3358400000,904,11,0
1785364200,1.3358500000,1.3359300000,1.3349300000,1.3353700000,1079,11,0
1785364500,1.3353700000,1.3360900000,1.3351700000,1.3354600000,1008,11,0
1785364800,1.3355000000,1.3359800000,1.3352300000,1.3356700000,1046,11,0
1785365100,1.3356600000,1.3358900000,1.3355000000,1.3358300000,966,11,0
1785365400,1.3358100000,1.3358100000,1.3348200000,1.3349500000,1014,11,0
1785365700,1.3349400000,1.3350700000,1.3345600000,1.3345600000,659,11,0
1785366000,1.3345700000,1.3350500000,1.3344400000,1.3346800000,599,11,0
1785366300,1.3347400000,1.3348500000,1.3344700000,1.3345300000,420,11,0
1785366600,1.3345200000,1.3349500000,1.3342300000,1.3346300000,422,11,0
1785366900,1.3346300000,1.3347800000,1.3343600000,1.3347300000,239,11,0
1785367200,1.3347400000,1.3349300000,1.3346300000,1.3346800000,186,11,0
1785367500,1.3347200000,1.3348600000,1.3344800000,1.3345500000,235,11,0
1785367800,1.3345300000,1.3352500000,1.3344500000,1.3352500000,275,11,0
1785368100,1.3352900000,1.3355200000,1.3351600000,1.3355000000,312,11,0
1785368400,1.3355100000,1.3362100000,1.3355000000,1.3361700000,198,11,0
1785368700,1.3361500000,1.3365100000,1.3360700000,1.3361600000,300,11,0
1785369000,1.3361600000,1.3365600000,1.3360000000,1.3362500000,390,12,0
1785369300,1.3362600000,1.3368200000,1.3362600000,1.3365800000,374,12,0
1785369600,1.3365800000,1.3365800000,1.3363600000,1.3363600000,4,92,0
1785369900,1.3363600000,1.3363600000,1.3363600000,1.3363600000,1,92,0
1785370200,1.3361100000,1.3361100000,1.3351400000,1.3353800000,57,67,0
1785370500,1.3353400000,1.3356000000,1.3349700000,1.3354200000,150,147,0
1785370800,1.3354300000,1.3357000000,1.3354100000,1.3356200000,299,151,0
1785371100,1.3356600000,1.3359800000,1.3356200000,1.3357000000,123,141,0
1785371400,1.3356800000,1.3357300000,1.3354100000,1.3355900000,112,149,0
1785371700,1.3355900000,1.3360800000,1.3354200000,1.3354800000,156,115,0
1785372000,1.3355900000,1.3361700000,1.3354200000,1.3354900000,296,104,0
1785372300,1.3356900000,1.3363500000,1.3354100000,1.3355100000,564,86,0
1785372600,1.3355100000,1.3361700000,1.3353200000,1.3353700000,186,101,0
1785372900,1.3353700000,1.3360300000,1.3352700000,1.3355600000,505,97,0
1785373200,1.3357000000,1.3368600000,1.3356200000,1.3367700000,585,23,0
1785373500,1.3367700000,1.3368600000,1.3365000000,1.3367600000,278,23,0
1785373800,1.3367700000,1.3368200000,1.3366400000,1.3366900000,134,22,0
1785374100,1.3367000000,1.3367100000,1.3365600000,1.3365900000,85,21,0
1785374400,1.3366100000,1.3366800000,1.3365800000,1.3366200000,58,16,0
1785374700,1.3366300000,1.3366600000,1.3366200000,1.3366400000,81,17,0
1785375000,1.3366500000,1.3367900000,1.3366000000,1.3367900000,142,14,0
1785375300,1.3367600000,1.3368000000,1.3366400000,1.3366400000,95,15,0
1785375600,1.3366300000,1.3367400000,1.3366300000,1.3367400000,47,16,0
1785375900,1.3367400000,1.3368000000,1.3367200000,1.3367400000,57,18,0
1785376200,1.3367300000,1.3367600000,1.3366200000,1.3367300000,95,14,0
1785376500,1.3367400000,1.3368500000,1.3367200000,1.3368400000,112,15,0
1785376800,1.3368400000,1.3372400000,1.3368300000,1.3372400000,224,13,0
1785377100,1.3372300000,1.3374800000,1.3371400000,1.3374300000,151,15,0
1785377400,1.3374400000,1.3374400000,1.3368700000,1.3368700000,250,11,0
1785377700,1.3368800000,1.3368900000,1.3367500000,1.3367700000,279,13,0
1785378000,1.3367800000,1.3367900000,1.3366200000,1.3366200000,129,13,0
1785378300,1.3365900000,1.3365900000,1.3365100000,1.3365500000,93,14,0
1785378600,1.3365700000,1.3366900000,1.3364100000,1.3366500000,96,13,0
1785378900,1.3366600000,1.3366700000,1.3365500000,1.3365600000,103,15,0
1785379200,1.3365500000,1.3366200000,1.3364200000,1.3364600000,167,14,0
1785379500,1.3364500000,1.3366500000,1.3363400000,1.3366300000,309,13,0
1785379800,1.3366400000,1.3368400000,1.3365800000,1.3366400000,202,14,0
1785380100,1.3366500000,1.3367600000,1.3365500000,1.3366000000,252,13,0
1785380400,1.3366400000,1.3367500000,1.3362400000,1.3363300000,618,12,0
1785380700,1.3363400000,1.3366200000,1.3361700000,1.3364900000,561,11,0
1785381000,1.3364800000,1.3365800000,1.3363300000,1.3365400000,368,11,0
1785381300,1.3365300000,1.3366300000,1.3361300000,1.3361300000,525,12,0
1785381600,1.3361300000,1.3361700000,1.3358600000,1.3359900000,458,12,0
1785381900,1.3359900000,1.3360100000,1.3352600000,1.3354000000,576,11,0
1785382200,1.3354100000,1.3356400000,1.3353900000,1.3354800000,446,12,0
1785382500,1.3354800000,1.3355600000,1.3352100000,1.3352500000,366,11,0
1785382800,1.3352500000,1.3354600000,1.3352400000,1.3353500000,454,11,0
1785383100,1.3353700000,1.3355200000,1.3353200000,1.3354300000,416,11,0
1785383400,1.3354400000,1.3355000000,1.3352600000,1.3354200000,394,12,0
1785383700,1.3354200000,1.3354900000,1.3352700000,1.3354500000,317,12,0
1785384000,1.3354500000,1.3357800000,1.3354300000,1.3356400000,597,11,0
1785384300,1.3356300000,1.3358500000,1.3355300000,1.3356300000,429,11,0
1785384600,1.3356400000,1.3357400000,1.3354700000,1.3356700000,266,12,0
1785384900,1.3356700000,1.3356800000,1.3354200000,1.3355300000,322,12,0
1785385200,1.3355300000,1.3355700000,1.3351400000,1.3353100000,349,12,0
1785385500,1.3353200000,1.3354400000,1.3352200000,1.3353600000,279,13,0
1785385800,1.3353600000,1.3357600000,1.3352400000,1.3356500000,294,11,0
1785386100,1.3356500000,1.3357100000,1.3355500000,1.3356200000,305,12,0
1785386400,1.3356300000,1.3357500000,1.3353500000,1.3353700000,365,11,0
1785386700,1.3353700000,1.3356400000,1.3353300000,1.3354800000,299,12,0
1785387000,1.3354700000,1.3355000000,1.3352200000,1.3352900000,236,12,0
1785387300,1.3352900000,1.3353000000,1.3350500000,1.3351400000,247,11,0
1785387600,1.3351500000,1.3355500000,1.3351300000,1.3354700000,290,12,0
1785387900,1.3354600000,1.3355000000,1.3352300000,1.3353100000,197,11,0
1785388200,1.3353100000,1.3353800000,1.3351100000,1.3351700000,244,12,0
1785388500,1.3351500000,1.3351800000,1.3348500000,1.3350200000,380,12,0
1785388800,1.3350200000,1.3350900000,1.3348400000,1.3348800000,283,11,0
1785389100,1.3348900000,1.3349300000,1.3348200000,1.3348800000,153,11,0
1785389400,1.3348800000,1.3350900000,1.3348300000,1.3349900000,214,12,0
1785389700,1.3349800000,1.3350900000,1.3348400000,1.3350500000,184,12,0
1785390000,1.3350600000,1.3350900000,1.3349300000,1.3349900000,168,12,0
1785390300,1.3349800000,1.3351400000,1.3349600000,1.3350600000,211,11,0
1785390600,1.3350700000,1.3351900000,1.3350300000,1.3350700000,147,11,0
1785390900,1.3350600000,1.3350800000,1.3348200000,1.3348200000,174,12,0
1785391200,1.3348100000,1.3349500000,1.3347700000,1.3348400000,200,12,0
1785391500,1.3348300000,1.3348700000,1.3346500000,1.3346800000,153,12,0
1785391800,1.3346800000,1.3347300000,1.3343400000,1.3344600000,343,12,0
1785392100,1.3344500000,1.3345100000,1.3342400000,1.3342900000,209,12,0
1785392400,1.3343000000,1.3344400000,1.3341100000,1.3344300000,320,11,0
1785392700,1.3344200000,1.3344800000,1.3343500000,1.3344000000,207,11,0
1785393000,1.3344100000,1.3346200000,1.3342900000,1.3346000000,313,11,0
1785393300,1.3346100000,1.3347200000,1.3345400000,1.3345500000,214,13,0
1785393600,1.3345400000,1.3347200000,1.3345000000,1.3346600000,233,13,0
1785393900,1.3346700000,1.3347300000,1.3345500000,1.3346500000,202,12,0
1785394200,1.3346400000,1.3346800000,1.3345800000,1.3346800000,154,11,0
1785394500,1.3346500000,1.3346700000,1.3344400000,1.3344600000,180,12,0
1785394800,1.3344600000,1.3346000000,1.3343300000,1.3345000000,308,11,0
1785395100,1.3344900000,1.3345900000,1.3344700000,1.3345600000,150,12,0
1785395400,1.3345500000,1.3347200000,1.3345200000,1.3346800000,142,12,0
1785395700,1.3346900000,1.3347700000,1.3346300000,1.3347000000,190,12,0
1785396000,1.3347000000,1.3347600000,1.3346700000,1.3346800000,167,12,0
1785396300,1.3346900000,1.3347700000,1.3346400000,1.3347600000,225,11,0
1785396600,1.3347500000,1.3347900000,1.3347200000,1.3347600000,122,12,0
1785396900,1.3347500000,1.3347600000,1.3345500000,1.3345900000,110,12,0
1785397200,1.3346000000,1.3348600000,1.3345200000,1.3345500000,168,11,0
1785397500,1.3345400000,1.3346700000,1.3344900000,1.3345200000,127,13,0
1785397800,1.3345100000,1.3345200000,1.3343700000,1.3344500000,235,12,0
1785398100,1.3344600000,1.3344600000,1.3343000000,1.3343600000,194,13,0
1785398400,1.3343700000,1.3345200000,1.3342500000,1.3344500000,318,11,0
1785398700,1.3344600000,1.3346800000,1.3344400000,1.3346100000,252,12,0
1785399000,1.3346000000,1.3347700000,1.3345500000,1.3346300000,274,12,0
1785399300,1.3346400000,1.3347100000,1.3346100000,1.3347000000,274,13,0
1785399600,1.3347100000,1.3350500000,1.3347000000,1.3350500000,261,12,0
1785399900,1.3350500000,1.3355300000,1.3350200000,1.3354700000,181,12,0
1785400200,1.3354700000,1.3355000000,1.3352700000,1.3353100000,206,11,0
1785400500,1.3353100000,1.3353400000,1.3350800000,1.3352800000,313,11,0
1785400800,1.3353000000,1.3353900000,1.3352300000,1.3353600000,205,11,0
1785401100,1.3353500000,1.3356100000,1.3350900000,1.3351700000,358,11,0
1785401400,1.3351900000,1.3351900000,1.3349800000,1.3351000000,250,12,0
1785401700,1.3350700000,1.3350700000,1.3345800000,1.3348400000,369,11,0
1785402000,1.3348500000,1.3351400000,1.3345400000,1.3347300000,476,11,0
1785402300,1.3347400000,1.3348600000,1.3342500000,1.3342800000,437,11,0
1785402600,1.3342800000,1.3344000000,1.3333700000,1.3335800000,626,11,0
1785402900,1.3335700000,1.3338900000,1.3335700000,1.3336600000,426,11,0
1785403200,1.3336600000,1.3337600000,1.3334100000,1.3337200000,414,11,0
1785403500,1.3337200000,1.3338500000,1.3334600000,1.3335500000,340,11,0
1785403800,1.3335500000,1.3336500000,1.3332300000,1.3335200000,391,12,0
1785404100,1.3335200000,1.3339600000,1.3334000000,1.3339400000,431,11,0
1785404400,1.3339300000,1.3339600000,1.3336900000,1.3337100000,301,11,0
1785404700,1.3337100000,1.3342700000,1.3336900000,1.3342300000,337,11,0
1785405000,1.3342400000,1.3344100000,1.3341100000,1.3343100000,301,11,0
1785405300,1.3343200000,1.3344700000,1.3340600000,1.3341600000,278,12,0
1785405600,1.3341600000,1.3350200000,1.3340700000,1.3349500000,719,11,0
1785405900,1.3349600000,1.3350100000,1.3346300000,1.3347700000,629,11,0
1785406200,1.3347800000,1.3348800000,1.3343900000,1.3344600000,536,11,0
1785406500,1.3344600000,1.3347000000,1.3342700000,1.3343100000,468,11,0
1785406800,1.3343200000,1.3349100000,1.3343000000,1.3347800000,414,11,0
1785407100,1.3347800000,1.3348000000,1.3338200000,1.3338600000,539,11,0
1785407400,1.3338600000,1.3339600000,1.3335800000,1.3337400000,539,11,0
1785407700,1.3337500000,1.3340800000,1.3337500000,1.3340600000,345,11,0
1785408000,1.3340500000,1.3343200000,1.3340300000,1.3340800000,372,11,0
1785408300,1.3341000000,1.3342100000,1.3339000000,1.3341000000,315,11,0
1785408600,1.3341000000,1.3343300000,1.3338500000,1.3338500000,392,11,0
1785408900,1.3338300000,1.3340700000,1.3336500000,1.3337500000,293,11,0
1785409200,1.3337700000,1.3346300000,1.3337400000,1.3344100000,559,11,0
1785409500,1.3344200000,1.3347800000,1.3343500000,1.3347600000,527,11,0
1785409800,1.3347600000,1.3350400000,1.3347600000,1.3348600000,449,11,0
1785410100,1.3348600000,1.3352300000,1.3348000000,1.3348500000,403,11,0
1785410400,1.3348500000,1.3352800000,1.3348200000,1.3352100000,418,11,0
1785410700,1.3352000000,1.3356600000,1.3350600000,1.3356100000,468,11,0
1785411000,1.3356100000,1.3360900000,1.3355100000,1.3356900000,515,11,0
1785411300,1.3356800000,1.3357600000,1.3351600000,1.3351600000,361,11,0
1785411600,1.3351200000,1.3358400000,1.3350900000,1.3358300000,450,11,0
1785411900,1.3358300000,1.3361500000,1.3356900000,1.3357100000,451,11,0
1785412200,1.3357100000,1.3358200000,1.3354300000,1.3354600000,480,11,0
1785412500,1.3354500000,1.3356400000,1.3353300000,1.3355100000,307,11,0
1785412800,1.3355100000,1.3361300000,1.3355000000,1.3360600000,399,12,0
1785413100,1.3360600000,1.3365700000,1.3359500000,1.3365600000,459,11,0
1785413400,1.3365300000,1.3370900000,1.3364300000,1.3370600000,549,11,0
1785413700,1.3370600000,1.3373500000,1.3369600000,1.3373000000,508,11,0
1785414000,1.3373000000,1.3374300000,1.3371800000,1.3372200000,357,11,0
1785414300,1.3372100000,1.3375400000,1.3370400000,1.3372500000,389,11,0
1785414600,1.3372500000,1.3373700000,1.3370700000,1.3372400000,324,11,0
1785414900,1.3372300000,1.3379700000,1.3372300000,1.3376100000,380,11,0
1785415200,1.3376100000,1.3379500000,1.3375200000,1.3378800000,378,11,0
1785415500,1.3378700000,1.3382300000,1.3375500000,1.3382300000,420,11,0
1785415800,1.3382200000,1.3383600000,1.3378400000,1.3379500000,456,11,0
1785416100,1.3379500000,1.3381400000,1.3378800000,1.3380000000,439,11,0
1785416400,1.3380100000,1.3381400000,1.3376100000,1.3376600000,474,11,0
1785416700,1.3376600000,1.3379900000,1.3375300000,1.3378000000,445,11,0
1785417000,1.3378000000,1.3387900000,1.3378000000,1.3386700000,522,11,0
1785417300,1.3386800000,1.3395200000,1.3384900000,1.3385000000,798,11,0
1785417600,1.3385000000,1.3385300000,1.3375900000,1.3377000000,530,11,0
1785417900,1.3376900000,1.3382200000,1.3376500000,1.3381500000,639,11,0
1785418200,1.3381500000,1.3385700000,1.3380900000,1.3385500000,554,11,0
1785418500,1.3385400000,1.3394400000,1.3385300000,1.3394100000,517,11,0
1785418800,1.3394100000,1.3401400000,1.3393500000,1.3398000000,836,11,0
1785419100,1.3397900000,1.3406200000,1.3396700000,1.3405600000,613,11,0
1785419400,1.3405700000,1.3406200000,1.3391200000,1.3392100000,637,11,0
1785419700,1.3392400000,1.3395200000,1.3388700000,1.3388700000,543,11,0
1785420000,1.3387100000,1.3401100000,1.3387100000,1.3391900000,602,11,0
1785420300,1.3391900000,1.3392200000,1.3382200000,1.3388200000,770,11,0
1785420600,1.3388000000,1.3388100000,1.3380900000,1.3381700000,413,11,0
1785420900,1.3381700000,1.3383800000,1.3377200000,1.3377200000,467,11,0
1785421200,1.3377300000,1.3380200000,1.3372900000,1.3375800000,453,11,0
1785421500,1.3375900000,1.3378000000,1.3373800000,1.3375700000,432,11,0
1785421800,1.3375800000,1.3376700000,1.3373800000,1.3374600000,486,11,0
1785422100,1.3374700000,1.3379600000,1.3374600000,1.3378400000,334,11,0
1785422400,1.3378500000,1.3378600000,1.3372500000,1.3372900000,417,11,0
1785422700,1.3373000000,1.3376900000,1.3372600000,1.3376500000,476,11,0
1785423000,1.3376600000,1.3382800000,1.3376500000,1.3382400000,501,11,0
1785423300,1.3382400000,1.3387400000,1.3381300000,1.3387400000,351,11,0
1785423600,1.3387200000,1.3391400000,1.3386800000,1.3390600000,446,11,0
1785423900,1.3390700000,1.3391800000,1.3386900000,1.3387600000,589,11,0
1785424200,1.3387700000,1.3394200000,1.3387000000,1.3391600000,603,12,0
1785424500,1.3391600000,1.3391600000,1.3382100000,1.3385200000,555,11,0
1785424800,1.3385200000,1.3389700000,1.3384000000,1.3388000000,631,11,0
1785425100,1.3388000000,1.3393600000,1.3385600000,1.3385600000,473,11,0
1785425400,1.3385100000,1.3394400000,1.3379900000,1.3386000000,511,11,0
1785425700,1.3386100000,1.3394500000,1.3385000000,1.3393300000,813,11,0
1785426000,1.3393400000,1.3393800000,1.3374300000,1.3386400000,974,11,0
1785426300,1.3386500000,1.3386700000,1.3374200000,1.3376200000,861,11,0
1785426600,1.3376300000,1.3378600000,1.3370700000,1.3371100000,887,11,0
1785426900,1.3370900000,1.3376200000,1.3366500000,1.3370700000,866,11,0
1785427200,1.3370700000,1.3372700000,1.3367300000,1.3371500000,923,11,0
1785427500,1.3371600000,1.3379200000,1.3371500000,1.3373700000,922,11,0
1785427800,1.3373700000,1.3376600000,1.3368700000,1.3369800000,748,11,0
1785428100,1.3369800000,1.3372500000,1.3366600000,1.3371300000,671,11,0
1785428400,1.3371200000,1.3375600000,1.3367900000,1.3374900000,597,11,0
1785428700,1.3374800000,1.3375500000,1.3368700000,1.3371500000,640,11,0
1785429000,1.3371200000,1.3380000000,1.3368400000,1.3372600000,864,11,0
1785429300,1.3372800000,1.3396100000,1.3371300000,1.3395700000,1253,11,0
1785429600,1.3396000000,1.3416600000,1.3390400000,1.3413800000,1290,11,0
1785429900,1.3414000000,1.3418400000,1.3407400000,1.3408300000,1163,11,0
1785430200,1.3408500000,1.3420200000,1.3400000000,1.3419500000,1218,11,0
1785430500,1.3419400000,1.3427700000,1.3415900000,1.3427500000,1137,11,0
1785430800,1.3427600000,1.3447100000,1.3425900000,1.3442500000,1267,11,0
1785431100,1.3443100000,1.3445300000,1.3427300000,1.3433900000,1255,11,0
1785431400,1.3433800000,1.3444400000,1.3433400000,1.3443900000,1208,11,0
1785431700,1.3443800000,1.3446300000,1.3438400000,1.3441700000,1265,11,0
1785432000,1.3441600000,1.3444600000,1.3434100000,1.3435500000,1172,11,0
1785432300,1.3435500000,1.3436500000,1.3427500000,1.3430400000,1153,11,0
1785432600,1.3430600000,1.3435900000,1.3427500000,1.3431400000,1083,11,0
1785432900,1.3431500000,1.3435500000,1.3426900000,1.3430200000,898,11,0
1785433200,1.3429800000,1.3432900000,1.3422700000,1.3430900000,868,11,0
1785433500,1.3431000000,1.3433600000,1.3428300000,1.3431600000,842,11,0
1785433800,1.3431700000,1.3432500000,1.3427200000,1.3429000000,760,11,0
1785434100,1.3428700000,1.3432900000,1.3423200000,1.3424200000,891,11,0
1785434400,1.3424100000,1.3429300000,1.3422200000,1.3422900000,924,11,0
1785434700,1.3423100000,1.3433300000,1.3423100000,1.3426300000,862,11,0
1785435000,1.3426500000,1.3430700000,1.3420900000,1.3430400000,787,11,0
1785435300,1.3430500000,1.3437700000,1.3430100000,1.3437600000,761,11,0
1785435600,1.3437700000,1.3441600000,1.3437300000,1.3438300000,690,11,0
1785435900,1.3438300000,1.3442600000,1.3437000000,1.3442500000,628,11,0
1785436200,1.3442200000,1.3450300000,1.3439000000,1.3448700000,753,11,0
1785436500,1.3449600000,1.3453600000,1.3448000000,1.3451800000,786,11,0
1785436800,1.3452100000,1.3457300000,1.3450200000,1.3456500000,624,11,0
1785437100,1.3456500000,1.3460500000,1.3454300000,1.3459600000,497,11,0
1785437400,1.3459500000,1.3461500000,1.3456800000,1.3457800000,558,11,0
1785437700,1.3457800000,1.3462500000,1.3457800000,1.3458300000,519,11,0
1785438000,1.3458300000,1.3466000000,1.3458300000,1.3464100000,763,11,0
1785438300,1.3464000000,1.3465100000,1.3461000000,1.3464900000,597,11,0
1785438600,1.3464600000,1.3465500000,1.3460100000,1.3463800000,627,11,0
1785438900,1.3463800000,1.3468600000,1.3462600000,1.3468100000,579,11,0
1785439200,1.3468100000,1.3469500000,1.3464900000,1.3465200000,484,11,0
1785439500,1.3465200000,1.3466900000,1.3463000000,1.3466000000,425,11,0
1785439800,1.3466200000,1.3469500000,1.3464500000,1.3467400000,439,11,0
1785440100,1.3467300000,1.3469800000,1.3465400000,1.3467200000,424,11,0
1785440400,1.3467000000,1.3467800000,1.3460100000,1.3460100000,487,11,0
1785440700,1.3460100000,1.3461200000,1.3459200000,1.3460000000,414,11,0
1785441000,1.3460100000,1.3460500000,1.3456300000,1.3458100000,437,11,0
1785441300,1.3458200000,1.3464000000,1.3458000000,1.3463900000,428,11,0
1785441600,1.3464000000,1.3466300000,1.3461400000,1.3461900000,436,11,0
1785441900,1.3462000000,1.3463500000,1.3461100000,1.3462800000,367,11,0
1785442200,1.3462700000,1.3464000000,1.3460200000,1.3460500000,394,11,0
1785442500,1.3460400000,1.3461100000,1.3458300000,1.3460500000,356,11,0
1785442800,1.3460600000,1.3461400000,1.3458700000,1.3460100000,358,11,0
1785443100,1.3459200000,1.3459300000,1.3456900000,1.3457400000,394,11,0
1785443400,1.3457300000,1.3458700000,1.3456000000,1.3456000000,339,11,0
1785443700,1.3456100000,1.3466400000,1.3453800000,1.3466000000,988,11,0
1785444000,1.3466100000,1.3469600000,1.3460300000,1.3469600000,839,11,0
1785444300,1.3469700000,1.3470400000,1.3466100000,1.3467000000,577,11,0
1785444600,1.3467000000,1.3472700000,1.3465700000,1.3468900000,512,11,0
1785444900,1.3469000000,1.3471500000,1.3467700000,1.3471400000,324,11,0
1785445200,1.3471600000,1.3473400000,1.3470600000,1.3471500000,392,11,0
1785445500,1.3471500000,1.3472700000,1.3466500000,1.3471400000,485,11,0
1785445800,1.3471400000,1.3472500000,1.3469300000,1.3472200000,435,11,0
1785446100,1.3471800000,1.3472200000,1.3468800000,1.3469100000,332,11,0
1785446400,1.3469100000,1.3469500000,1.3466100000,1.3466300000,416,11,0
1785446700,1.3466300000,1.3469100000,1.3465400000,1.3469000000,254,11,0
1785447000,1.3469000000,1.3471900000,1.3468200000,1.3470500000,308,11,0
1785447300,1.3470500000,1.3471300000,1.3467700000,1.3468200000,267,11,0
1785447600,1.3468200000,1.3469600000,1.3467200000,1.3469500000,218,11,0
1785447900,1.3469400000,1.3472600000,1.3469400000,1.3472600000,221,11,0
1785448200,1.3472500000,1.3473900000,1.3470800000,1.3472400000,271,11,0
1785448500,1.3472500000,1.3475400000,1.3472100000,1.3475400000,264,11,0
1785448800,1.3475400000,1.3475400000,1.3473800000,1.3474300000,304,11,0
1785449100,1.3474200000,1.3476000000,1.3472800000,1.3473500000,258,11,0
1785449400,1.3473400000,1.3473700000,1.3469300000,1.3469600000,406,11,0
1785449700,1.3469600000,1.3474100000,1.3468200000,1.3473600000,304,11,0
1785450000,1.3473600000,1.3474800000,1.3472800000,1.3473900000,229,12,0
1785450300,1.3473900000,1.3474500000,1.3470900000,1.3471300000,269,11,0
1785450600,1.3471200000,1.3471600000,1.3469400000,1.3470600000,300,11,0
1785450900,1.3470600000,1.3471700000,1.3469900000,1.3470600000,295,11,0
1785451200,1.3470700000,1.3472100000,1.3470400000,1.3471300000,319,11,0
1785451500,1.3471300000,1.3472700000,1.3470300000,1.3471600000,316,11,0
1785451800,1.3471400000,1.3472300000,1.3469100000,1.3469200000,370,11,0
1785452100,1.3469300000,1.3471000000,1.3466200000,1.3469400000,510,11,0
1785452400,1.3469300000,1.3472300000,1.3467600000,1.3472000000,364,11,0
1785452700,1.3472100000,1.3472200000,1.3469100000,1.3470300000,189,11,0
1785453000,1.3470200000,1.3470700000,1.3469900000,1.3470000000,185,12,0
1785453300,1.3470000000,1.3470300000,1.3467300000,1.3467500000,186,11,0
1785453600,1.3467500000,1.3467500000,1.3464600000,1.3464800000,156,12,0
1785453900,1.3464900000,1.3466400000,1.3464600000,1.3464700000,138,11,0
1785454200,1.3464800000,1.3469500000,1.3464000000,1.3467000000,145,11,0
1785454500,1.3467200000,1.3467200000,1.3465600000,1.3466400000,205,11,0
1785454800,1.3466600000,1.3466700000,1.3466100000,1.3466400000,75,13,0
1785455100,1.3466500000,1.3466900000,1.3465100000,1.3465400000,178,11,0
1785455400,1.3465200000,1.3466600000,1.3465200000,1.3466000000,74,12,0
1785455700,1.3466200000,1.3466500000,1.3463000000,1.3463900000,316,12,0
1785456000,1.3463700000,1.3463700000,1.3459200000,1.3459200000,6,45,0
1785456300,1.3459200000,1.3459600000,1.3457400000,1.3459600000,11,134,0
1785456600,1.3459600000,1.3459600000,1.3456700000,1.3457400000,15,102,0
1785456900,1.3457000000,1.3458300000,1.3456700000,1.3456700000,22,85,0
1785457200,1.3456700000,1.3458100000,1.3456300000,1.3458000000,13,87,0
1785457500,1.3457800000,1.3458100000,1.3457800000,1.3457800000,7,104,0
1785457800,1.3457800000,1.3457800000,1.3457700000,1.3457700000,6,88,0
1785458100,1.3457700000,1.3457700000,1.3457700000,1.3457700000,5,88,0
1785458400,1.3457700000,1.3460500000,1.3457700000,1.3458200000,40,65,0
1785458700,1.3458200000,1.3461400000,1.3455600000,1.3455700000,25,69,0
1785459000,1.3455800000,1.3457900000,1.3454900000,1.3457600000,23,87,0
1785459300,1.3457700000,1.3458000000,1.3455100000,1.3457000000,36,86,0
1785459600,1.3458800000,1.3466700000,1.3458800000,1.3466700000,129,24,0
1785459900,1.3466500000,1.3467200000,1.3463700000,1.3464900000,78,20,0
1785460200,1.3464900000,1.3465700000,1.3464500000,1.3464600000,43,20,0
1785460500,1.3464600000,1.3466700000,1.3464600000,1.3465300000,196,14,0
1785460800,1.3465400000,1.3465400000,1.3463800000,1.3464800000,170,14,0
1785461100,1.3464700000,1.3465700000,1.3464700000,1.3465700000,100,16,0
1785461400,1.3465700000,1.3465800000,1.3464400000,1.3465800000,89,16,0
1785461700,1.3465800000,1.3470400000,1.3465700000,1.3468800000,149,13,0
1785462000,1.3468900000,1.3469000000,1.3466700000,1.3467700000,136,16,0
1785462300,1.3467800000,1.3468000000,1.3466700000,1.3467700000,83,13,0
1785462600,1.3467700000,1.3467700000,1.3466700000,1.3466800000,67,13,0
1785462900,1.3466700000,1.3466800000,1.3465000000,1.3466500000,76,17,0
1785463200,1.3466600000,1.3468600000,1.3465400000,1.3465900000,189,13,0
1785463500,1.3465800000,1.3466500000,1.3463100000,1.3463500000,107,14,0
1785463800,1.3463500000,1.3463700000,1.3461600000,1.3462700000,93,15,0
1785464100,1.3462700000,1.3462900000,1.3460700000,1.3462800000,127,14,0
1785464400,1.3462900000,1.3464700000,1.3462700000,1.3463700000,189,12,0
1785464700,1.3463200000,1.3464300000,1.3460900000,1.3460900000,170,13,0
1785465000,1.3461100000,1.3462100000,1.3460000000,1.3461400000,121,13,0
1785465300,1.3461400000,1.3461400000,1.3458400000,1.3459600000,218,11,0
1785465600,1.3459900000,1.3461000000,1.3459300000,1.3460900000,145,11,0
1785465900,1.3460800000,1.3463200000,1.3460800000,1.3461500000,181,13,0
1785466200,1.3461400000,1.3461500000,1.3459900000,1.3460100000,164,12,0
1785466500,1.3460100000,1.3461500000,1.3459500000,1.3459700000,209,12,0
1785466800,1.3460100000,1.3462400000,1.3458000000,1.3461400000,523,12,0
1785467100,1.3461500000,1.3461800000,1.3456600000,1.3459300000,452,11,0
1785467400,1.3459200000,1.3461800000,1.3458400000,1.3459800000,469,12,0
1785467700,1.3459800000,1.3461300000,1.3457500000,1.3459600000,433,12,0
1785468000,1.3459700000,1.3464200000,1.3458500000,1.3463200000,447,11,0
1785468300,1.3463100000,1.3463200000,1.3460200000,1.3460600000,283,11,0
1785468600,1.3460500000,1.3461800000,1.3457300000,1.3457300000,301,11,0
1785468900,1.3457400000,1.3457900000,1.3455600000,1.3455600000,391,11,0
1785469200,1.3455400000,1.3455800000,1.3453000000,1.3455200000,367,12,0
1785469500,1.3455300000,1.3455700000,1.3452400000,1.3454400000,362,12,0
1785469800,1.3454300000,1.3459000000,1.3454300000,1.3457200000,405,11,0
1785470100,1.3457200000,1.3460100000,1.3457200000,1.3457700000,487,11,0
1785470400,1.3457900000,1.3462000000,1.3457700000,1.3459900000,493,11,0
1785470700,1.3459900000,1.3460500000,1.3456700000,1.3459300000,457,11,0
1785471000,1.3459200000,1.3461200000,1.3455300000,1.3457000000,527,11,0
1785471300,1.3457100000,1.3457200000,1.3454200000,1.3454300000,534,11,0
1785471600,1.3454300000,1.3456800000,1.3453400000,1.3455700000,528,11,0
1785471900,1.3455800000,1.3457600000,1.3455500000,1.3455900000,321,12,0
1785472200,1.3455900000,1.3459600000,1.3454600000,1.3458000000,451,12,0
1785472500,1.3458000000,1.3458000000,1.3451800000,1.3452000000,453,11,0
1785472800,1.3451900000,1.3452700000,1.3450800000,1.3450900000,419,11,0
1785473100,1.3451000000,1.3451900000,1.3447800000,1.3448100000,437,13,0
1785473400,1.3448000000,1.3449900000,1.3447500000,1.3449400000,358,12,0
1785473700,1.3449600000,1.3451300000,1.3449500000,1.3450100000,353,12,0
1785474000,1.3450000000,1.3453200000,1.3449500000,1.3452700000,379,11,0
1785474300,1.3452700000,1.3457400000,1.3452700000,1.3455400000,396,11,0
1785474600,1.3455400000,1.3459100000,1.3455300000,1.3457400000,307,11,0
1785474900,1.3457100000,1.3457200000,1.3455400000,1.3456400000,264,11,0
1785475200,1.3456400000,1.3458100000,1.3454000000,1.3454300000,337,12,0
1785475500,1.3454400000,1.3456000000,1.3453300000,1.3455000000,316,11,0
1785475800,1.3454900000,1.3456600000,1.3454700000,1.3455800000,251,12,0
1785476100,1.3455400000,1.3455500000,1.3451000000,1.3451400000,247,11,0
1785476400,1.3451400000,1.3453000000,1.3451000000,1.3452300000,203,12,0
1785476700,1.3452300000,1.3452300000,1.3450000000,1.3451200000,233,11,0
1785477000,1.3451100000,1.3452400000,1.3448900000,1.3450600000,302,11,0
1785477300,1.3450700000,1.3451700000,1.3448800000,1.3449800000,316,11,0
1785477600,1.3449900000,1.3450100000,1.3447100000,1.3448200000,249,11,0
1785477900,1.3448200000,1.3450800000,1.3448100000,1.3450300000,196,12,0
1785478200,1.3450300000,1.3451400000,1.3445100000,1.3446100000,547,11,0
1785478500,1.3446200000,1.3447400000,1.3444600000,1.3445700000,267,11,0
1785478800,1.3445800000,1.3447300000,1.3445500000,1.3447300000,243,11,0
1785479100,1.3447300000,1.3448600000,1.3445200000,1.3445500000,239,11,0
1785479400,1.3445500000,1.3448300000,1.3445200000,1.3447500000,279,11,0
1785479700,1.3447500000,1.3448400000,1.3446800000,1.3447400000,216,11,0
1785480000,1.3447500000,1.3447500000,1.3445000000,1.3447300000,217,12,0
1785480300,1.3447200000,1.3450500000,1.3447100000,1.3448800000,330,11,0
1785480600,1.3448700000,1.3450200000,1.3448500000,1.3449600000,210,11,0
1785480900,1.3449700000,1.3450800000,1.3449200000,1.3450700000,206,12,0
1785481200,1.3450700000,1.3451800000,1.3449600000,1.3451500000,271,11,0
1785481500,1.3451500000,1.3451800000,1.3449400000,1.3450000000,197,12,0
1785481800,1.3450100000,1.3450600000,1.3448300000,1.3449200000,337,11,0
1785482100,1.3449300000,1.3449400000,1.3447600000,1.3449000000,197,13,0
1785482400,1.3448500000,1.3449900000,1.3447900000,1.3449200000,227,12,0
1785482700,1.3449300000,1.3450100000,1.3447400000,1.3447400000,269,11,0
1785483000,1.3447400000,1.3447900000,1.3445200000,1.3446900000,337,13,0
1785483300,1.3446900000,1.3447500000,1.3444700000,1.3445400000,311,13,0
1785483600,1.3445600000,1.3445900000,1.3443100000,1.3443300000,269,11,0
1785483900,1.3443400000,1.3443800000,1.3441500000,1.3441700000,198,12,0
1785484200,1.3441700000,1.3444600000,1.3441700000,1.3444400000,238,13,0
1785484500,1.3444100000,1.3445300000,1.3443300000,1.3445000000,273,12,0
1785484800,1.3444900000,1.3446300000,1.3444000000,1.3445400000,257,11,0
1785485100,1.3445200000,1.3446200000,1.3444800000,1.3446100000,248,12,0
1785485400,1.3446200000,1.3448600000,1.3445500000,1.3445600000,293,11,0
1785485700,1.3445600000,1.3446400000,1.3445000000,1.3445500000,181,12,0
1785486000,1.3445600000,1.3445700000,1.3442600000,1.3444200000,222,11,0
1785486300,1.3444200000,1.3444300000,1.3442500000,1.3442800000,211,11,0
1785486600,1.3442700000,1.3446300000,1.3442200000,1.3443800000,424,11,0
1785486900,1.3443900000,1.3444600000,1.3441400000,1.3443100000,391,12,0
1785487200,1.3443300000,1.3445100000,1.3442000000,1.3442400000,284,12,0
1785487500,1.3442200000,1.3442300000,1.3439900000,1.3440100000,307,11,0
1785487800,1.3440200000,1.3442000000,1.3439700000,1.3441200000,386,11,0
1785488100,1.3441100000,1.3444400000,1.3440700000,1.3442000000,346,11,0
1785488400,1.3442100000,1.3447600000,1.3442100000,1.3447500000,404,11,0
1785488700,1.3447400000,1.3453800000,1.3447400000,1.3452600000,456,11,0
1785489000,1.3452500000,1.3453900000,1.3449700000,1.3453500000,371,12,0
