time,open,high,low,close,tick_volume,spread,real_volume
1784016900,29339.9000000000,29345.5200000000,29329.5200000000,29341.0200000000,1079,195,0
1784017200,29341.9000000000,29387.6500000000,29341.4000000000,29382.2700000000,1182,195,0
1784017500,29380.0200000000,29404.2700000000,29375.9000000000,29398.5200000000,1141,195,0
1784017800,29398.7700000000,29426.1500000000,29395.4000000000,29396.2700000000,1164,195,0
1784018100,29396.5200000000,29404.4000000000,29380.5200000000,29388.4000000000,1200,195,0
1784018400,29388.5200000000,29392.7700000000,29372.1500000000,29389.5200000000,1212,195,0
1784018700,29389.6500000000,29400.0200000000,29377.2700000000,29389.0200000000,1123,195,0
1784019000,29389.5200000000,29395.2700000000,29381.6500000000,29394.1500000000,1185,195,0
1784019300,29393.5200000000,29398.9000000000,29383.4000000000,29387.2700000000,1062,195,0
1784019600,29386.1200000000,29406.1500000000,29382.4000000000,29400.2700000000,1216,195,0
1784019900,29401.0200000000,29418.0200000000,29399.3700000000,29413.1500000000,1007,195,0
1784020200,29413.2700000000,29428.5200000000,29405.1500000000,29424.0200000000,1047,195,0
1784020500,29423.8700000000,29443.6500000000,29416.0200000000,29435.9000000000,958,195,0
1784020800,29435.6500000000,29443.6500000000,29410.2700000000,29412.2700000000,934,195,0
1784021100,29411.9000000000,29416.1500000000,29389.8700000000,29397.9000000000,1063,195,0
1784021400,29400.1500000000,29428.7700000000,29395.6500000000,29424.7700000000,1048,195,0
1784021700,29423.9000000000,29426.1500000000,29403.1200000000,29409.5200000000,899,195,0
1784022000,29408.6500000000,29408.6500000000,29388.0200000000,29391.9000000000,803,195,0
1784022300,29392.2700000000,29392.6500000000,29369.6500000000,29374.9000000000,868,195,0
1784022600,29375.1500000000,29382.7700000000,29366.4000000000,29367.4000000000,742,195,0
1784022900,29367.2700000000,29375.0200000000,29357.9000000000,29359.0200000000,844,195,0
1784023200,29358.5200000000,29380.5200000000,29340.5200000000,29378.7700000000,1209,195,0
1784023500,29378.9000000000,29397.1500000000,29376.6500000000,29386.9000000000,1108,195,0
1784023800,29386.6500000000,29395.2700000000,29372.1500000000,29394.5200000000,1181,195,0
1784024100,29394.4000000000,29398.6500000000,29376.5200000000,29386.0200000000,1121,195,0
1784024400,29385.7700000000,29396.6500000000,29371.2700000000,29388.7700000000,1072,195,0
1784024700,29389.0200000000,29415.6500000000,29388.2700000000,29401.9000000000,1064,195,0
1784025000,29401.7700000000,29401.9000000000,29371.1500000000,29396.4000000000,1173,195,0
1784025300,29396.2700000000,29400.5200000000,29379.6200000000,29393.7700000000,1057,195,0
1784025600,29394.0200000000,29395.1500000000,29362.1500000000,29370.4000000000,1090,195,0
1784025900,29370.1200000000,29390.7700000000,29351.2700000000,29390.5200000000,1180,195,0
1784026200,29390.7700000000,29403.6500000000,29385.6500000000,29393.2700000000,1107,195,0
1784026500,29392.9000000000,29396.4000000000,29363.1500000000,29367.9000000000,1044,195,0
1784026800,29368.1500000000,29395.7700000000,29355.1500000000,29379.7700000000,1385,195,0
1784027100,29380.6500000000,29384.1500000000,29342.5200000000,29352.0200000000,1264,195,0
1784027400,29352.1500000000,29379.9000000000,29350.2700000000,29375.2700000000,1180,195,0
1784027700,29375.5200000000,29408.5200000000,29375.5200000000,29399.7700000000,1157,195,0
1784028000,29400.0200000000,29406.4000000000,29386.0200000000,29390.6500000000,1076,195,0
1784028300,29391.9000000000,29425.1500000000,29391.1200000000,29413.5200000000,1170,195,0
1784028600,29413.1500000000,29423.7700000000,29401.5200000000,29415.5200000000,926,195,0
1784028900,29415.4000000000,29430.0200000000,29408.9000000000,29416.2700000000,948,195,0
1784029200,29416.5200000000,29420.9000000000,29404.5200000000,29408.6500000000,947,195,0
1784029500,29408.1200000000,29409.1500000000,29375.7700000000,29376.9000000000,918,195,0
1784029800,29376.7700000000,29388.2700000000,29366.4000000000,29385.5200000000,973,195,0
1784030100,29385.4000000000,29389.5200000000,29365.7700000000,29366.6500000000,1043,195,0
1784030400,29366.7700000000,29395.4000000000,29352.9000000000,29393.4000000000,1075,195,0
1784030700,29394.0200000000,29405.6500000000,29379.6500000000,29403.0200000000,1069,195,0
1784031000,29403.1500000000,29420.2700000000,29395.9000000000,29419.0200000000,961,195,0
1784031300,29419.1500000000,29423.5200000000,29387.4000000000,29398.7700000000,1003,195,0
1784031600,29398.6500000000,29402.2700000000,29379.9000000000,29384.2700000000,868,195,0
1784031900,29384.6500000000,29389.9000000000,29366.4000000000,29368.9000000000,822,195,0
1784032200,29368.7700000000,29385.0200000000,29368.6500000000,29380.9000000000,830,195,0
1784032500,29380.5200000000,29389.5200000000,29376.7700000000,29388.7700000000,729,195,0
1784032800,29388.6500000000,29404.2700000000,29385.5200000000,29395.0200000000,774,195,0
1784033100,29394.1500000000,29417.6500000000,29391.9000000000,29416.9000000000,806,195,0
1784033400,29416.6500000000,29417.5200000000,29395.7700000000,29402.4000000000,818,195,0
1784033700,29402.7700000000,29404.0200000000,29391.0200000000,29396.6500000000,779,195,0
1784034000,29396.9000000000,29404.5200000000,29388.5200000000,29403.7700000000,817,195,0
1784034300,29404.1500000000,29409.4000000000,29392.2700000000,29407.5200000000,697,195,0
1784034600,29407.4000000000,29414.7700000000,29392.1500000000,29400.0200000000,703,195,0
1784034900,29400.2700000000,29403.0200000000,29386.9000000000,29393.5200000000,764,195,0
1784035200,29393.1500000000,29395.4000000000,29384.9000000000,29391.9000000000,660,195,0
1784035500,29392.0200000000,29394.2700000000,29380.1500000000,29391.0200000000,727,195,0
1784035800,29391.1500000000,29403.5200000000,29372.9000000000,29384.7700000000,951,195,0
1784036100,29384.9000000000,29427.1500000000,29380.6200000000,29409.9000000000,1044,195,0
1784036400,29410.4000000000,29410.4000000000,29389.1500000000,29399.0200000000,905,195,0
1784036700,29398.7700000000,29410.0200000000,29395.1500000000,29407.4000000000,779,195,0
1784037000,29407.2700000000,29414.7700000000,29393.4000000000,29396.0200000000,711,195,0
1784037300,29395.9000000000,29402.1500000000,29383.4000000000,29401.1500000000,781,195,0
1784037600,29400.5200000000,29416.0200000000,29356.3700000000,29366.7700000000,1319,195,0
1784037900,29367.0200000000,29390.6500000000,29358.6500000000,29367.1500000000,1313,195,0
1784038200,29367.2700000000,29403.4000000000,29349.5200000000,29399.8700000000,1339,195,0
1784038500,29401.2700000000,29429.2700000000,29399.0200000000,29429.1500000000,1286,195,0
1784038800,29429.2700000000,29454.6500000000,29422.0200000000,29449.5200000000,1237,195,0
1784039100,29448.4000000000,29464.7700000000,29435.0200000000,29435.6500000000,1342,195,0
1784039400,29435.5200000000,29462.4000000000,29426.2700000000,29428.7700000000,1243,195,0
1784039700,29428.9000000000,29435.6500000000,29411.0200000000,29421.4000000000,1084,195,0
1784040000,29421.6500000000,29427.6500000000,29408.6500000000,29415.1500000000,1067,195,0
1784040300,29414.9000000000,29451.5200000000,29412.0200000000,29435.9000000000,1202,195,0
1784040600,29436.0200000000,29452.2700000000,29433.1500000000,29440.9000000000,982,195,0
1784040900,29439.2700000000,29449.0200000000,29421.4000000000,29427.7700000000,943,195,0
1784041200,29427.6500000000,29432.0200000000,29392.4000000000,29394.6500000000,1144,195,0
1784041500,29394.1500000000,29395.5200000000,29376.5200000000,29383.6500000000,1126,195,0
1784041800,29383.4000000000,29389.4000000000,29364.9000000000,29384.4000000000,1058,195,0
1784042100,29385.1500000000,29410.6500000000,29372.4000000000,29403.7700000000,1033,195,0
1784042400,29403.9000000000,29446.9000000000,29391.0200000000,29445.7700000000,1213,195,0
1784042700,29445.2700000000,29485.8700000000,29444.9000000000,29482.3700000000,1157,195,0
1784043000,29476.6200000000,29712.8700000000,29474.8700000000,29692.0200000000,1650,195,0
1784043300,29691.4000000000,29691.4000000000,29603.8700000000,29624.9000000000,1591,195,0
1784043600,29625.2700000000,29642.6500000000,29600.6500000000,29616.5200000000,1456,195,0
1784043900,29616.6500000000,29632.5200000000,29581.4000000000,29598.6500000000,1448,195,0
1784044200,29597.9000000000,29598.5200000000,29556.8700000000,29568.9000000000,1415,195,0
1784044500,29569.6500000000,29582.1500000000,29548.5200000000,29567.4000000000,1396,195,0
1784044800,29567.5200000000,29590.1500000000,29559.4000000000,29570.0200000000,1472,195,0
1784045100,29570.4000000000,29602.6500000000,29565.2700000000,29583.5200000000,1405,195,0
1784045400,29583.6500000000,29595.1500000000,29566.7700000000,29576.2700000000,1374,195,0
1784045700,29576.4000000000,29581.1500000000,29550.7700000000,29552.1500000000,1307,195,0
1784046000,29552.0500000000,29593.3000000000,29538.1700000000,29589.9000000000,1401,195,0
1784046300,29589.7700000000,29626.6500000000,29589.5200000000,29606.9000000000,1509,195,0
1784046600,29606.2700000000,29609.4000000000,29485.9000000000,29489.0200000000,1872,195,0
1784046900,29488.5200000000,29590.3700000000,29481.2700000000,29565.6000000000,1874,195,0
1784047200,29566.0900000000,29575.8200000000,29497.6800000000,29549.4900000000,1865,195,0
1784047500,29548.9900000000,29601.6200000000,29521.2900000000,29559.6400000000,1867,195,0
1784047800,29560.1300000000,29593.4300000000,29511.5400000000,29552.4700000000,1858,195,0
1784048100,29553.2100000000,29590.1900000000,29534.7000000000,29576.0100000000,1808,195,0
1784048400,29576.1400000000,29598.3500000000,29486.1700000000,29489.7400000000,1848,195,0
1784048700,29489.0000000000,29499.8400000000,29434.2400000000,29462.2700000000,1823,195,0
1784049000,29462.8900000000,29485.3600000000,29437.1400000000,29460.2300000000,1829,195,0
1784049300,29460.4800000000,29460.4800000000,29364.5400000000,29427.5200000000,1862,195,0
1784049600,29427.0300000000,29508.4900000000,29423.6800000000,29454.5000000000,1820,195,0
1784049900,29455.1200000000,29524.3400000000,29434.7900000000,29479.5400000000,1803,195,0
1784050200,29479.1700000000,29629.7400000000,29456.1300000000,29568.2900000000,1807,195,0
1784050500,29565.6800000000,29590.5000000000,29547.4700000000,29581.2000000000,1775,195,0
1784050800,29580.8200000000,29596.2200000000,29512.2900000000,29523.2700000000,1784,195,0
1784051100,29524.0200000000,29540.6100000000,29475.3000000000,29483.2600000000,1787,195,0
1784051400,29483.3800000000,29555.1300000000,29456.8700000000,29554.3900000000,1758,195,0
1784051700,29555.1300000000,29579.9900000000,29549.6900000000,29570.7400000000,1735,195,0
1784052000,29570.9900000000,29629.0900000000,29550.8700000000,29609.8700000000,1724,195,0
1784052300,29609.5200000000,29660.4600000000,29593.4500000000,29652.8600000000,1754,195,0
1784052600,29653.4800000000,29661.7600000000,29636.2100000000,29645.7700000000,1680,195,0
1784052900,29644.5300000000,29662.5800000000,29623.8400000000,29644.5700000000,1665,195,0
1784053200,29644.0800000000,29676.7600000000,29629.8200000000,29671.8400000000,1657,195,0
1784053500,29671.4700000000,29685.8300000000,29656.3400000000,29683.0200000000,1561,195,0
1784053800,29681.6600000000,29692.4800000000,29633.6400000000,29642.8300000000,1632,195,0
1784054100,29641.8400000000,29662.3900000000,29622.8800000000,29656.8200000000,1680,195,0
1784054400,29656.5700000000,29656.5700000000,29597.0600000000,29632.9300000000,1690,195,0
1784054700,29632.6800000000,29648.2500000000,29624.5300000000,29625.3900000000,1637,195,0
1784055000,29625.2700000000,29633.0800000000,29566.7800000000,29573.8600000000,1706,195,0
1784055300,29574.1100000000,29595.6500000000,29559.3200000000,29583.8600000000,1687,195,0
1784055600,29583.9800000000,29588.2000000000,29516.3400000000,29532.8300000000,1661,195,0
1784055900,29533.6900000000,29560.6500000000,29510.8100000000,29545.7400000000,1679,195,0
1784056200,29547.1100000000,29551.8100000000,29521.6200000000,29537.0200000000,1589,195,0
1784056500,29538.8800000000,29548.5500000000,29504.7000000000,29548.5500000000,1481,195,0
1784056800,29548.3100000000,29559.4100000000,29525.8800000000,29555.1700000000,1441,195,0
1784057100,29555.4200000000,29582.4900000000,29554.5000000000,29578.3600000000,1377,195,0
1784057400,29578.6100000000,29589.6000000000,29551.6800000000,29584.5700000000,1589,195,0
1784057700,29584.4400000000,29595.0000000000,29567.6000000000,29586.5000000000,1512,195,0
1784058000,29587.1200000000,29622.8600000000,29580.8800000000,29608.4700000000,1493,195,0
1784058300,29608.8400000000,29628.4700000000,29583.8600000000,29608.2000000000,1509,195,0
1784058600,29608.3200000000,29620.0600000000,29603.1000000000,29606.9800000000,1369,195,0
1784058900,29607.1000000000,29625.2300000000,29607.1000000000,29625.1100000000,1351,195,0
1784059200,29625.2300000000,29635.5700000000,29616.7000000000,29619.6800000000,1419,195,0
1784059500,29619.5600000000,29643.1500000000,29613.8700000000,29641.6500000000,1343,195,0
1784059800,29641.9000000000,29648.5200000000,29619.5300000000,29620.1500000000,1337,195,0
1784060100,29620.8900000000,29633.5100000000,29606.7100000000,29632.6400000000,1420,195,0
1784060400,29632.5200000000,29661.0000000000,29632.5200000000,29655.2700000000,1360,195,0
1784060700,29655.5200000000,29663.7200000000,29644.1100000000,29646.9200000000,1241,195,0
1784061000,29647.2900000000,29659.1400000000,29628.4400000000,29628.4400000000,1345,195,0
1784061300,29629.3100000000,29650.6800000000,29616.6200000000,29649.2800000000,1315,195,0
1784061600,29648.9100000000,29655.2900000000,29635.9200000000,29643.5100000000,1223,195,0
1784061900,29643.7600000000,29655.5000000000,29627.2600000000,29647.3500000000,1317,195,0
1784062200,29646.9800000000,29661.2500000000,29646.2300000000,29658.5000000000,1208,195,0
1784062500,29658.3800000000,29662.9200000000,29651.5000000000,29661.3500000000,1161,195,0
1784062800,29660.9800000000,29667.1100000000,29641.5900000000,29663.9300000000,1302,195,0
1784063100,29663.5600000000,29665.5400000000,29643.1600000000,29662.0900000000,1235,195,0
1784063400,29661.8400000000,29668.8300000000,29657.3200000000,29667.0100000000,1142,195,0
1784063700,29667.2600000000,29675.4200000000,29658.8100000000,29664.5500000000,1185,195,0
1784064000,29664.4300000000,29668.3600000000,29649.6500000000,29653.6200000000,1216,195,0
1784064300,29653.7400000000,29664.1000000000,29646.1500000000,29651.4100000000,1257,195,0
1784064600,29651.2900000000,29661.9000000000,29644.5700000000,29659.5200000000,1257,195,0
1784064900,29660.0100000000,29667.1500000000,29636.7400000000,29648.0300000000,1315,195,0
1784065200,29646.9200000000,29647.4100000000,29610.6600000000,29623.0500000000,1485,195,0
1784065500,29623.9200000000,29635.8900000000,29613.3200000000,29614.9600000000,1369,195,0
1784065800,29615.7000000000,29641.0500000000,29611.9900000000,29633.7000000000,1305,195,0
1784066100,29633.5700000000,29633.9500000000,29618.2200000000,29623.4100000000,1250,195,0
1784066400,29623.5300000000,29631.1600000000,29592.6400000000,29596.4900000000,1434,195,0
1784066700,29596.6100000000,29601.9700000000,29578.9700000000,29587.4200000000,1379,195,0
1784067000,29587.3000000000,29621.6000000000,29583.4300000000,29613.2900000000,1333,195,0
1784067300,29613.1700000000,29625.3600000000,29609.5900000000,29617.8500000000,1291,195,0
1784067600,29618.2200000000,29635.2500000000,29609.9900000000,29633.1500000000,1260,195,0
1784067900,29633.2800000000,29633.8700000000,29595.3700000000,29595.9900000000,1360,195,0
1784068200,29595.7500000000,29601.2400000000,29569.5100000000,29598.1400000000,1596,195,0
1784068500,29597.5200000000,29607.6900000000,29584.8400000000,29590.0400000000,1418,195,0
1784068800,29589.9200000000,29613.8400000000,29586.9200000000,29609.3200000000,1339,195,0
1784069100,29609.0800000000,29621.0500000000,29605.6000000000,29619.0700000000,1287,195,0
1784069400,29618.8300000000,29633.1300000000,29596.8600000000,29602.5500000000,1533,195,0
1784069700,29601.3100000000,29614.3300000000,29576.1100000000,29583.6000000000,1603,195,0
1784070000,29584.8400000000,29595.4200000000,29569.5100000000,29572.8800000000,1253,195,0
1784070300,29572.6300000000,29605.3200000000,29570.5300000000,29586.2700000000,937,195,0
1784070600,29585.7700000000,29588.4700000000,29574.2200000000,29584.3600000000,870,195,0
1784070900,29584.6100000000,29588.6400000000,29581.3000000000,29584.5300000000,635,195,0
1784071200,29584.2800000000,29584.6500000000,29565.1600000000,29572.4000000000,544,195,0
1784071500,29572.2800000000,29578.5600000000,29565.1000000000,29571.6700000000,535,195,0
1784071800,29571.8000000000,29581.6300000000,29568.9800000000,29580.5200000000,531,195,0
1784072100,29581.0200000000,29595.0300000000,29580.7700000000,29593.9400000000,529,195,0
1784072400,29594.0600000000,29595.4300000000,29589.4400000000,29593.1200000000,409,195,0
1784072700,29592.9900000000,29597.7300000000,29585.3700000000,29585.6200000000,433,195,0
1784073000,29585.7400000000,29594.1300000000,29582.4700000000,29593.0600000000,438,195,0
1784073300,29592.9400000000,29597.6700000000,29587.8600000000,29590.7200000000,454,195,0
1784077200,29600.5700000000,29604.3200000000,29579.5700000000,29587.2200000000,499,195,0
1784077500,29587.3500000000,29591.6000000000,29567.4700000000,29572.3500000000,450,195,0
1784077800,29572.4700000000,29576.8500000000,29546.8500000000,29553.9700000000,590,195,0
1784078100,29555.0700000000,29574.7200000000,29552.5700000000,29573.0700000000,482,195,0
1784078400,29574.3500000000,29596.2200000000,29571.0700000000,29591.8500000000,519,195,0
1784078700,29592.8500000000,29593.9700000000,29585.3200000000,29588.2200000000,389,195,0
1784079000,29586.9700000000,29595.8500000000,29583.5700000000,29585.1000000000,333,195,0
1784079300,29584.9700000000,29588.8500000000,29583.2200000000,29584.3500000000,223,195,0
1784079600,29584.6000000000,29585.4700000000,29575.3200000000,29579.2200000000,292,195,0
1784079900,29579.3500000000,29583.3500000000,29575.6000000000,29576.1000000000,252,195,0
1784080200,29575.9700000000,29580.9700000000,29565.6000000000,29568.7200000000,340,195,0
1784080500,29568.6000000000,29576.1000000000,29564.7200000000,29573.3200000000,302,195,0
1784080800,29573.8500000000,29577.9700000000,29558.9700000000,29577.9700000000,412,195,0
1784081100,29578.1000000000,29589.4700000000,29577.9700000000,29584.1000000000,332,195,0
1784081400,29584.2200000000,29598.4700000000,29583.8200000000,29595.6000000000,337,195,0
1784081700,29595.0700000000,29599.1000000000,29585.5700000000,29591.9700000000,309,195,0
1784082000,29591.7200000000,29605.4700000000,29588.0700000000,29603.3500000000,346,195,0
1784082300,29603.2200000000,29669.3500000000,29600.7200000000,29667.0700000000,693,195,0
1784082600,29667.3500000000,29680.9700000000,29662.3200000000,29667.0700000000,619,195,0
1784082900,29666.0700000000,29672.8500000000,29662.3200000000,29664.8200000000,343,195,0
1784083200,29664.5700000000,29673.9700000000,29648.2200000000,29649.6000000000,474,195,0
1784083500,29649.4700000000,29676.4700000000,29644.7200000000,29674.3500000000,833,195,0
1784083800,29674.1000000000,29694.4700000000,29666.9700000000,29691.2200000000,624,195,0
1784084100,29691.7200000000,29698.8500000000,29676.3200000000,29688.8500000000,828,195,0
1784084400,29688.3500000000,29693.8500000000,29654.5700000000,29664.4700000000,1261,195,0
1784084700,29664.3200000000,29669.9700000000,29639.1000000000,29669.7200000000,1146,195,0
1784085000,29669.1000000000,29702.1000000000,29664.0700000000,29691.4700000000,1245,195,0
1784085300,29691.1000000000,29709.6000000000,29683.1000000000,29699.2200000000,1184,195,0
1784085600,29700.2200000000,29731.9700000000,29699.2200000000,29711.4700000000,1210,195,0
1784085900,29711.6000000000,29721.7200000000,29705.7200000000,29719.2200000000,1129,195,0
1784086200,29719.1000000000,29728.1000000000,29696.8500000000,29698.3500000000,1147,195,0
1784086500,29698.2200000000,29699.8500000000,29668.4700000000,29688.3500000000,1188,195,0
1784086800,29688.6000000000,29698.8500000000,29641.6000000000,29658.6000000000,1164,195,0
1784087100,29658.9700000000,29690.6000000000,29648.9700000000,29682.9700000000,1219,195,0
1784087400,29682.4700000000,29711.2200000000,29679.7200000000,29704.6000000000,1147,195,0
1784087700,29704.3500000000,29729.6000000000,29701.4700000000,29718.6000000000,1025,195,0
1784088000,29718.4700000000,29727.2200000000,29666.4700000000,29686.9700000000,1307,195,0
1784088300,29686.8500000000,29693.3500000000,29662.9700000000,29676.3500000000,1213,195,0
1784088600,29675.9700000000,29689.4700000000,29660.8500000000,29686.1000000000,1245,195,0
1784088900,29685.8500000000,29717.9700000000,29683.8200000000,29706.9700000000,1231,195,0
1784089200,29706.4700000000,29722.6000000000,29696.5700000000,29710.9700000000,1153,195,0
1784089500,29710.8500000000,29740.4700000000,29707.7200000000,29723.9700000000,1134,195,0
1784089800,29723.7200000000,29734.4700000000,29714.8200000000,29721.2200000000,1250,195,0
1784090100,29721.8500000000,29743.4700000000,29711.3500000000,29738.8500000000,1225,195,0
1784090400,29738.7200000000,29739.1000000000,29691.3500000000,29694.1000000000,1242,195,0
1784090700,29694.3500000000,29723.2200000000,29692.9700000000,29719.3500000000,1093,195,0
1784091000,29718.9700000000,29737.1000000000,29713.0700000000,29734.9700000000,1103,195,0
1784091300,29735.1000000000,29758.9700000000,29733.7200000000,29756.9700000000,985,195,0
1784091600,29757.3500000000,29761.2200000000,29750.3500000000,29759.8500000000,1035,195,0
1784091900,29760.1000000000,29773.3500000000,29753.2200000000,29765.3500000000,975,195,0
1784092200,29765.7200000000,29781.1000000000,29759.1000000000,29766.6000000000,913,195,0
1784092500,29766.4700000000,29781.7200000000,29759.7200000000,29773.7200000000,889,195,0
1784092800,29773.2200000000,29778.6000000000,29759.9700000000,29761.9700000000,899,195,0
1784093100,29761.8500000000,29772.8500000000,29759.3200000000,29769.8500000000,751,195,0
1784093400,29769.7200000000,29781.6000000000,29766.6000000000,29773.9700000000,806,195,0
1784093700,29773.7200000000,29784.9700000000,29770.7200000000,29781.3500000000,776,195,0
1784094000,29781.4700000000,29785.7200000000,29778.9700000000,29783.7200000000,617,195,0
1784094300,29783.4700000000,29786.9700000000,29777.1000000000,29778.1000000000,515,195,0
1784094600,29778.8500000000,29779.6000000000,29764.8500000000,29769.2200000000,731,195,0
1784094900,29768.9700000000,29778.1000000000,29759.7200000000,29760.7200000000,741,195,0
1784095200,29760.4700000000,29767.8500000000,29756.8500000000,29763.7200000000,810,195,0
1784095500,29763.6000000000,29763.6000000000,29754.2200000000,29758.4700000000,743,195,0
1784095800,29758.6000000000,29759.8500000000,29747.6000000000,29759.4700000000,800,195,0
1784096100,29759.8500000000,29780.2200000000,29755.3500000000,29778.4700000000,714,195,0
1784096400,29778.3500000000,29780.6000000000,29768.4700000000,29770.3500000000,706,195,0
1784096700,29770.4700000000,29785.1000000000,29769.9700000000,29779.1000000000,659,195,0
1784097000,29778.7200000000,29797.4700000000,29777.7200000000,29795.7200000000,802,195,0
1784097300,29794.7200000000,29798.2200000000,29791.6000000000,29792.4700000000,571,195,0
1784097600,29792.6000000000,29801.3500000000,29787.0700000000,29787.9700000000,608,195,0
1784097900,29787.4700000000,29808.1000000000,29787.3500000000,29807.2200000000,661,195,0
1784098200,29808.2200000000,29818.3500000000,29808.2200000000,29813.9700000000,762,195,0
1784098500,29813.8500000000,29819.1000000000,29811.1000000000,29812.6000000000,529,195,0
1784098800,29812.4700000000,29816.4700000000,29805.5700000000,29809.2200000000,639,195,0
1784099100,29808.8500000000,29810.2200000000,29796.2200000000,29798.6000000000,636,195,0
1784099400,29798.7200000000,29807.2200000000,29797.6000000000,29801.1000000000,669,195,0
1784099700,29800.9700000000,29809.4700000000,29796.8500000000,29808.9700000000,649,195,0
1784100000,29808.8500000000,29812.8500000000,29803.6000000000,29809.7200000000,570,195,0
1784100300,29809.6000000000,29811.1000000000,29789.9700000000,29790.2200000000,631,195,0
1784100600,29790.3500000000,29798.4700000000,29783.6000000000,29788.9700000000,682,195,0
1784100900,29789.1000000000,29807.3500000000,29787.8500000000,29805.8500000000,642,195,0
1784101200,29805.7200000000,29811.4700000000,29802.1000000000,29805.4700000000,594,195,0
1784101500,29805.6000000000,29813.2200000000,29804.7200000000,29805.6000000000,530,195,0
1784101800,29805.2200000000,29817.7200000000,29804.1000000000,29812.4700000000,572,195,0
1784102100,29812.3500000000,29822.8500000000,29807.4700000000,29822.4700000000,627,195,0
1784102400,29825.3300000000,29858.4700000000,29801.2200000000,29814.2200000000,1341,195,0
1784102700,29814.3500000000,29823.6000000000,29793.3500000000,29822.7200000000,1120,195,0
1784103000,29823.2200000000,29826.4700000000,29795.8500000000,29800.1000000000,1052,195,0
1784103300,29799.4700000000,29823.2200000000,29796.1000000000,29818.7200000000,1016,195,0
1784103600,29818.6000000000,29825.3500000000,29796.9700000000,29800.1000000000,979,195,0
1784103900,29798.8500000000,29798.8500000000,29776.6000000000,29781.7200000000,966,195,0
1784104200,29781.4700000000,29795.3500000000,29768.1000000000,29792.8500000000,1122,195,0
1784104500,29792.7200000000,29808.9700000000,29789.4700000000,29808.9700000000,1046,195,0
1784104800,29808.8500000000,29809.6000000000,29788.2200000000,29791.9700000000,926,195,0
1784105100,29792.1000000000,29806.6000000000,29784.2200000000,29801.2200000000,838,195,0
1784105400,29800.8500000000,29811.7200000000,29791.1000000000,29810.8500000000,868,195,0
1784105700,29810.3500000000,29831.4700000000,29808.8200000000,29830.2200000000,797,195,0
1784106000,29831.6000000000,29849.1000000000,29830.5700000000,29848.2200000000,952,195,0
1784106300,29848.8500000000,29849.8500000000,29833.7200000000,29839.7200000000,890,195,0
1784106600,29839.9700000000,29844.6000000000,29828.3500000000,29842.6000000000,882,195,0
1784106900,29842.3500000000,29842.3500000000,29826.8500000000,29839.2200000000,765,195,0
1784107200,29838.9700000000,29838.9700000000,29823.8500000000,29834.3500000000,805,195,0
1784107500,29834.2200000000,29844.7200000000,29832.3500000000,29839.9700000000,749,195,0
1784107800,29840.8500000000,29845.2200000000,29810.2200000000,29824.8500000000,853,195,0
1784108100,29824.7200000000,29830.8500000000,29818.7200000000,29819.3500000000,784,195,0
1784108400,29819.7200000000,29825.6000000000,29814.8500000000,29818.9700000000,619,195,0
1784108700,29819.1000000000,29827.1000000000,29817.7200000000,29823.7200000000,587,195,0
1784109000,29823.6000000000,29830.6000000000,29815.3500000000,29829.1000000000,662,195,0
1784109300,29829.3500000000,29836.4700000000,29816.7200000000,29831.3500000000,727,195,0
1784109600,29831.1000000000,29851.6000000000,29808.2200000000,29846.8500000000,1059,195,0
1784109900,29847.3500000000,29861.9700000000,29835.7200000000,29841.9700000000,1040,195,0
1784110200,29841.7200000000,29848.3500000000,29833.8200000000,29835.8500000000,829,195,0
1784110500,29835.4700000000,29835.9700000000,29815.1000000000,29818.8500000000,813,195,0
1784110800,29818.6000000000,29820.4700000000,29788.4700000000,29789.6000000000,781,195,0
1784111100,29789.9700000000,29790.8500000000,29729.1000000000,29767.4700000000,1184,195,0
1784111400,29767.7200000000,29769.6000000000,29745.8500000000,29760.2200000000,993,195,0
1784111700,29760.8500000000,29780.1000000000,29759.7200000000,29776.8500000000,912,195,0
1784112000,29776.6000000000,29789.3500000000,29773.4700000000,29778.7200000000,835,195,0
1784112300,29778.6000000000,29797.7200000000,29771.4700000000,29793.4700000000,789,195,0
1784112600,29791.8500000000,29804.8500000000,29789.7200000000,29791.7200000000,801,195,0
1784112900,29792.1000000000,29798.3500000000,29785.1000000000,29796.6000000000,678,195,0
1784113200,29796.8500000000,29798.4700000000,29720.4700000000,29732.4700000000,1028,195,0
1784113500,29732.8200000000,29739.6000000000,29719.8200000000,29727.8500000000,983,195,0
1784113800,29727.6000000000,29732.3500000000,29709.3500000000,29717.4700000000,996,195,0
1784114100,29717.8500000000,29725.9700000000,29697.8500000000,29709.4700000000,1056,195,0
1784114400,29709.3500000000,29714.4700000000,29671.8200000000,29686.3500000000,1034,195,0
1784114700,29686.2200000000,29713.1000000000,29681.9700000000,29712.9700000000,1080,195,0
1784115000,29713.6000000000,29719.9700000000,29701.6000000000,29709.4700000000,944,195,0
1784115300,29709.6000000000,29717.7200000000,29698.6000000000,29716.6000000000,813,195,0
1784115600,29716.4700000000,29725.8500000000,29702.9700000000,29725.8500000000,828,195,0
1784115900,29725.7200000000,29743.4700000000,29725.3500000000,29729.7200000000,819,195,0
1784116200,29729.8500000000,29730.9700000000,29712.3200000000,29716.4700000000,783,195,0
1784116500,29715.9700000000,29740.2200000000,29714.9700000000,29737.1000000000,744,195,0
1784116800,29737.4700000000,29751.7200000000,29736.8500000000,29751.6000000000,787,195,0
1784117100,29751.3500000000,29754.3500000000,29744.4700000000,29753.9700000000,724,195,0
1784117400,29754.8500000000,29758.6000000000,29743.9700000000,29752.8500000000,718,195,0
1784117700,29752.7200000000,29758.3500000000,29743.8500000000,29754.4700000000,673,195,0
1784118000,29753.6000000000,29763.3500000000,29751.8500000000,29758.1000000000,599,195,0
1784118300,29758.6000000000,29759.1000000000,29746.7200000000,29749.4700000000,680,195,0
1784118600,29749.3500000000,29751.1000000000,29734.3200000000,29735.9700000000,729,195,0
1784118900,29736.3500000000,29749.7200000000,29728.6000000000,29738.9700000000,731,195,0
1784119200,29738.3500000000,29759.1000000000,29737.1000000000,29750.9700000000,679,195,0
1784119500,29751.2200000000,29752.6000000000,29728.9700000000,29735.3500000000,692,195,0
1784119800,29734.9700000000,29744.4700000000,29721.5700000000,29729.8500000000,717,195,0
1784120100,29729.9700000000,29730.9700000000,29715.8500000000,29724.1000000000,731,195,0
1784120400,29724.3500000000,29731.6000000000,29715.9700000000,29727.6000000000,702,195,0
1784120700,29727.7200000000,29733.4700000000,29723.0700000000,29727.4700000000,651,195,0
1784121000,29727.6000000000,29743.8500000000,29724.6000000000,29742.8500000000,598,195,0
1784121300,29742.9700000000,29746.9700000000,29730.9700000000,29732.4700000000,589,195,0
1784121600,29731.9700000000,29740.4700000000,29701.7200000000,29705.3500000000,912,195,0
1784121900,29705.2200000000,29710.1000000000,29686.9700000000,29696.7200000000,1010,195,0
1784122200,29697.2200000000,29706.1000000000,29689.7200000000,29699.1000000000,904,195,0
1784122500,29699.4700000000,29721.2200000000,29697.7200000000,29715.7200000000,733,195,0
1784122800,29715.6000000000,29715.9700000000,29699.5700000000,29703.3500000000,710,195,0
1784123100,29703.6000000000,29718.7200000000,29700.3500000000,29718.4700000000,720,195,0
1784123400,29717.7200000000,29723.7200000000,29712.4700000000,29723.2200000000,665,195,0
1784123700,29722.4700000000,29733.3500000000,29721.7200000000,29726.7200000000,656,195,0
1784124000,29724.8200000000,29753.6000000000,29724.8200000000,29740.2200000000,999,195,0
1784124300,29740.1000000000,29742.7200000000,29719.9700000000,29736.9700000000,909,195,0
1784124600,29736.6000000000,29739.9700000000,29724.2200000000,29726.2200000000,830,195,0
1784124900,29726.1000000000,29741.9700000000,29721.3500000000,29727.7200000000,819,195,0
1784125200,29725.8500000000,29737.2200000000,29724.9700000000,29726.4700000000,706,195,0
1784125500,29726.3500000000,29731.4700000000,29715.5700000000,29721.3500000000,685,195,0
1784125800,29721.4700000000,29731.9700000000,29711.4700000000,29730.9700000000,850,195,0
1784126100,29731.1000000000,29737.8500000000,29723.3500000000,29733.4700000000,786,195,0
1784126400,29733.2200000000,29742.4700000000,29723.9700000000,29728.9700000000,727,195,0
1784126700,29728.8500000000,29729.2200000000,29707.4700000000,29711.4700000000,861,195,0
1784127000,29711.8500000000,29725.6000000000,29705.2200000000,29711.4700000000,791,195,0
1784127300,29711.3500000000,29726.3500000000,29709.6000000000,29712.1000000000,818,195,0
1784127600,29712.6000000000,29717.1000000000,29701.7200000000,29702.6000000000,871,195,0
1784127900,29702.1000000000,29702.1000000000,29676.9700000000,29691.1000000000,998,195,0
1784128200,29690.9700000000,29692.2200000000,29674.7200000000,29680.4700000000,938,195,0
1784128500,29680.6000000000,29692.9700000000,29680.6000000000,29681.3500000000,890,195,0
1784128800,29682.2200000000,29682.7200000000,29657.3500000000,29667.3500000000,946,195,0
1784129100,29667.2200000000,29680.3500000000,29656.3500000000,29671.3200000000,900,195,0
1784129400,29672.5700000000,29750.4700000000,29664.4500000000,29742.7200000000,1301,195,0
1784129700,29742.8500000000,29758.1000000000,29733.3500000000,29735.1000000000,1209,195,0
1784130000,29736.4700000000,29772.8500000000,29724.8500000000,29750.9700000000,1242,195,0
1784130300,29751.2200000000,29778.2200000000,29742.1000000000,29775.1000000000,1093,195,0
1784130600,29774.4700000000,29789.3500000000,29772.2200000000,29785.4700000000,1085,195,0
1784130900,29785.7200000000,29795.4700000000,29778.8500000000,29780.2200000000,1090,195,0
1784131200,29780.4700000000,29791.1000000000,29776.6000000000,29787.8500000000,1208,195,0
1784131500,29788.1000000000,29798.8500000000,29767.2200000000,29770.9700000000,1138,195,0
1784131800,29770.7200000000,29772.6000000000,29739.7200000000,29746.9700000000,1198,195,0
1784132100,29747.1000000000,29757.8500000000,29743.1000000000,29755.6000000000,1067,195,0
1784132400,29755.3500000000,29755.3500000000,29740.4700000000,29749.2200000000,1066,195,0
1784132700,29749.8500000000,29763.2200000000,29736.8500000000,29756.2200000000,1210,195,0
1784133000,29755.1000000000,29777.3500000000,29713.4700000000,29753.8500000000,1862,195,0
1784133300,29753.9700000000,29766.2200000000,29652.8500000000,29681.8500000000,1859,195,0
1784133600,29683.1000000000,29684.2200000000,29631.8500000000,29633.8500000000,1748,195,0
1784133900,29634.1000000000,29646.7200000000,29575.8200000000,29581.8500000000,1819,195,0
1784134200,29584.9700000000,29601.8500000000,29555.6000000000,29599.3500000000,1824,195,0
1784134500,29598.7200000000,29624.1000000000,29581.6000000000,29622.9700000000,1838,195,0
1784134800,29623.2200000000,29671.2200000000,29623.2200000000,29644.3500000000,1815,195,0
1784135100,29644.2200000000,29691.8500000000,29626.9700000000,29661.3500000000,1792,195,0
1784135400,29661.1000000000,29673.3500000000,29607.2900000000,29607.2900000000,1803,195,0
1784135700,29606.7900000000,29629.5600000000,29588.9600000000,29599.0400000000,1814,195,0
1784136000,29598.6700000000,29601.8900000000,29456.6100000000,29473.0400000000,1847,195,0
1784136300,29473.2900000000,29527.6000000000,29440.8500000000,29523.5300000000,1852,195,0
1784136600,29522.9100000000,29534.6100000000,29447.4700000000,29490.1300000000,1827,195,0
1784136900,29491.2400000000,29501.9200000000,29389.7700000000,29403.0700000000,1832,195,0
1784137200,29403.4400000000,29422.8500000000,29337.2800000000,29399.9100000000,1844,195,0
1784137500,29400.2800000000,29442.9100000000,29362.5800000000,29439.2500000000,1818,195,0
1784137800,29439.3800000000,29441.1100000000,29380.2500000000,29399.4900000000,1779,195,0
1784138100,29401.1000000000,29431.4700000000,29385.0500000000,29429.4800000000,1763,195,0
1784138400,29430.2300000000,29440.8900000000,29382.8600000000,29388.5400000000,1765,195,0
1784138700,29388.0400000000,29452.6100000000,29378.1100000000,29451.3800000000,1732,195,0
1784139000,29450.8900000000,29459.3300000000,29388.0400000000,29390.1300000000,1750,195,0
1784139300,29389.8900000000,29408.1700000000,29333.5200000000,29407.1700000000,1773,195,0
1784139600,29406.0500000000,29406.8000000000,29341.1800000000,29379.9300000000,1751,195,0
1784139900,29379.8100000000,29439.0200000000,29370.5100000000,29437.6600000000,1737,195,0
1784140200,29437.9000000000,29452.3300000000,29411.0400000000,29433.4700000000,1694,195,0
1784140500,29432.9700000000,29449.3500000000,29393.2900000000,29444.8200000000,1697,195,0
1784140800,29445.3100000000,29453.1300000000,29402.7800000000,29413.3700000000,1654,195,0
1784141100,29414.2400000000,29414.4900000000,29377.0100000000,29393.5700000000,1712,195,0
1784141400,29393.2000000000,29394.3100000000,29360.0600000000,29380.6900000000,1673,195,0
1784141700,29380.5600000000,29387.0200000000,29363.4700000000,29379.3000000000,1650,195,0
1784142000,29378.1800000000,29396.3500000000,29315.6400000000,29330.1700000000,1732,195,0
1784142300,29329.9300000000,29331.7800000000,29277.8200000000,29311.9700000000,1702,195,0
1784142600,29311.4700000000,29319.3400000000,29269.4400000000,29272.7700000000,1696,195,0
1784142900,29272.8900000000,29292.6400000000,29262.6100000000,29270.4600000000,1697,195,0
1784143200,29270.9500000000,29279.0400000000,29228.1500000000,29238.6700000000,1675,195,0
1784143500,29237.1800000000,29262.8900000000,29229.0800000000,29257.7000000000,1691,195,0
1784143800,29257.5700000000,29278.3200000000,29223.1300000000,29230.4600000000,1707,195,0
1784144100,29230.3300000000,29231.5700000000,29205.0200000000,29213.6200000000,1615,195,0
1784144400,29213.1200000000,29244.2200000000,29193.0500000000,29241.2500000000,1660,195,0
1784144700,29241.5000000000,29329.4700000000,29230.2400000000,29272.5900000000,1680,195,0
1784145000,29272.8400000000,29313.4900000000,29272.3400000000,29291.7300000000,1662,195,0
1784145300,29291.9700000000,29309.3600000000,29258.8900000000,29308.5600000000,1631,195,0
1784145600,29308.6800000000,29335.5100000000,29301.7400000000,29323.5900000000,1621,195,0
1784145900,29323.7100000000,29356.9100000000,29317.4300000000,29347.0700000000,1549,195,0
1784146200,29348.0600000000,29357.2400000000,29327.7400000000,29328.8600000000,1488,195,0
1784146500,29329.1000000000,29381.8300000000,29324.0200000000,29378.1000000000,1512,195,0
1784146800,29377.4800000000,29393.3500000000,29364.7600000000,29385.2100000000,1494,195,0
1784147100,29384.7200000000,29405.6700000000,29372.6100000000,29402.3700000000,1430,195,0
1784147400,29402.5000000000,29424.0400000000,29402.2800000000,29417.9900000000,1555,195,0
1784147700,29418.1200000000,29430.5500000000,29406.8500000000,29428.9700000000,1456,195,0
1784148000,29428.7200000000,29434.5600000000,29418.5700000000,29432.0400000000,1404,195,0
1784148300,29431.7900000000,29478.6700000000,29423.2300000000,29474.4800000000,1488,195,0
1784148600,29474.3600000000,29502.4800000000,29467.0000000000,29498.5300000000,1477,195,0
1784148900,29498.7800000000,29501.3000000000,29478.0400000000,29484.4800000000,1426,195,0
1784149200,29484.2300000000,29509.8600000000,29480.2600000000,29499.1300000000,1475,195,0
1784149500,29499.2600000000,29522.6200000000,29495.7900000000,29517.3000000000,1376,195,0
1784149800,29517.4300000000,29527.9100000000,29513.7900000000,29514.6600000000,1379,195,0
1784150100,29514.5300000000,29514.5300000000,29483.6200000000,29502.8300000000,1472,195,0
1784150400,29503.3200000000,29540.1400000000,29501.2500000000,29533.8300000000,1399,195,0
1784150700,29533.7000000000,29535.4400000000,29517.7500000000,29523.0800000000,1292,195,0
1784151000,29522.9500000000,29533.3600000000,29516.5600000000,29521.8000000000,1335,195,0
1784151300,29521.9200000000,29521.9200000000,29486.8900000000,29487.8900000000,1350,195,0
1784151600,29487.7700000000,29501.3000000000,29457.3300000000,29461.2900000000,1449,195,0
1784151900,29462.0400000000,29464.0000000000,29434.3600000000,29441.4300000000,1538,195,0
1784152200,29440.8100000000,29447.6000000000,29403.9500000000,29424.4300000000,1598,195,0
1784152500,29424.3100000000,29434.0600000000,29395.1000000000,29411.3200000000,1529,195,0
1784152800,29411.0700000000,29459.2100000000,29403.5900000000,29454.2500000000,1557,195,0
1784153100,29454.0000000000,29466.9100000000,29430.7300000000,29435.5800000000,1534,195,0
1784153400,29436.2000000000,29453.8300000000,29429.9100000000,29442.8700000000,1442,195,0
1784153700,29442.6300000000,29447.2100000000,29415.5400000000,29416.0400000000,1424,195,0
1784154000,29415.9100000000,29416.7800000000,29390.0000000000,29400.4500000000,1530,195,0
1784154300,29400.5700000000,29440.4300000000,29387.8600000000,29440.4300000000,1529,195,0
1784154600,29442.1700000000,29465.5900000000,29410.9100000000,29421.6000000000,1692,195,0
1784154900,29421.3500000000,29457.5700000000,29409.1300000000,29455.6000000000,1571,195,0
1784155200,29455.3500000000,29494.7300000000,29452.9900000000,29483.8100000000,1524,195,0
1784155500,29483.5600000000,29487.5000000000,29449.1900000000,29454.8000000000,1502,195,0
1784155800,29454.4300000000,29489.6400000000,29454.4300000000,29481.5000000000,1570,195,0
1784156100,29481.1200000000,29506.7600000000,29481.1200000000,29503.2000000000,1569,195,0
1784156400,29501.9600000000,29538.0000000000,29496.6900000000,29525.8900000000,1269,195,0
1784156700,29526.0100000000,29531.8200000000,29465.3400000000,29491.9100000000,898,195,0
1784157000,29491.6600000000,29504.7700000000,29488.5400000000,29503.0500000000,810,195,0
1784157300,29503.3000000000,29512.9000000000,29497.4600000000,29512.7800000000,677,195,0
1784157600,29512.5300000000,29520.5700000000,29510.1900000000,29519.2300000000,500,195,0
1784157900,29519.4700000000,29521.1600000000,29513.6100000000,29520.6800000000,375,195,0
1784158200,29519.6800000000,29519.8100000000,29506.7200000000,29508.2300000000,375,195,0
1784158500,29508.3500000000,29517.4400000000,29508.3500000000,29515.2100000000,384,195,0
1784158800,29515.0900000000,29517.9800000000,29512.6000000000,29517.6100000000,348,195,0
1784159100,29517.3700000000,29521.3800000000,29517.3600000000,29519.5900000000,325,195,0
1784159400,29519.9600000000,29521.1300000000,29513.4700000000,29514.2200000000,374,195,0
1784159700,29514.3400000000,29519.6600000000,29507.1400000000,29508.1300000000,452,195,0
1784163600,29513.3700000000,29544.9000000000,29503.1200000000,29538.5200000000,609,195,0
1784163900,29538.6500000000,29552.5200000000,29538.5200000000,29541.5200000000,579,195,0
1784164200,29541.4000000000,29543.6500000000,29528.6200000000,29531.8700000000,440,195,0
1784164500,29532.1500000000,29533.5200000000,29525.0200000000,29525.0200000000,331,195,0
1784164800,29524.9000000000,29529.0200000000,29513.8700000000,29518.7700000000,420,195,0
1784165100,29518.9000000000,29523.4000000000,29516.5200000000,29520.9000000000,350,195,0
1784165400,29521.0200000000,29527.7700000000,29509.8700000000,29512.2700000000,397,195,0
1784165700,29512.0200000000,29513.5200000000,29493.3700000000,29493.8700000000,519,195,0
1784166000,29494.5200000000,29499.6500000000,29487.3700000000,29488.5200000000,422,195,0
1784166300,29489.1500000000,29503.6500000000,29485.4000000000,29486.9000000000,442,195,0
1784166600,29486.1500000000,29515.3700000000,29483.6200000000,29493.6200000000,413,195,0
1784166900,29492.8700000000,29526.0200000000,29481.3700000000,29520.6200000000,514,195,0
1784167200,29519.8700000000,29533.0200000000,29515.6200000000,29528.6200000000,427,195,0
1784167500,29528.8700000000,29530.0200000000,29514.3700000000,29524.9000000000,327,195,0
1784167800,29524.5200000000,29539.9000000000,29521.8700000000,29524.0200000000,342,195,0
1784168100,29523.9000000000,29523.9000000000,29502.1500000000,29509.1500000000,444,195,0
1784168400,29509.5200000000,29521.2700000000,29503.6200000000,29511.5200000000,328,195,0
1784168700,29511.6200000000,29528.0200000000,29499.8700000000,29520.6200000000,353,195,0
1784169000,29520.8700000000,29537.0200000000,29516.3700000000,29534.4000000000,395,195,0
1784169300,29533.9000000000,29535.0200000000,29508.1200000000,29508.7700000000,320,195,0
1784169600,29509.1200000000,29528.0200000000,29504.6200000000,29525.0200000000,385,195,0
1784169900,29525.1500000000,29531.4000000000,29495.0200000000,29496.3700000000,619,195,0
1784170200,29497.0200000000,29508.9000000000,29490.6200000000,29496.1200000000,605,195,0
1784170500,29495.6200000000,29508.7700000000,29486.1200000000,29493.8700000000,517,195,0
1784170800,29494.5200000000,29548.5200000000,29486.8700000000,29544.6500000000,1086,195,0
1784171100,29544.3700000000,29549.4000000000,29523.6200000000,29534.8700000000,988,195,0
1784171400,29535.6500000000,29560.7700000000,29525.3700000000,29558.6500000000,1005,195,0
1784171700,29558.7700000000,29566.8700000000,29499.9000000000,29499.9000000000,1198,195,0
1784172000,29500.1500000000,29509.6500000000,29488.4000000000,29497.5200000000,1274,195,0
1784172300,29497.1500000000,29506.4000000000,29466.7700000000,29473.9000000000,1199,195,0
1784172600,29474.1500000000,29499.9000000000,29457.5200000000,29497.9000000000,1250,195,0
1784172900,29497.7700000000,29498.2700000000,29456.5200000000,29458.7700000000,1208,195,0
1784173200,29458.9000000000,29458.9000000000,29431.1500000000,29431.4000000000,1111,195,0
1784173500,29431.1500000000,29455.2700000000,29424.3700000000,29453.6500000000,1069,195,0
1784173800,29454.1500000000,29481.0200000000,29431.3700000000,29459.0200000000,1181,195,0
1784174100,29458.9000000000,29461.2700000000,29440.8700000000,29456.0200000000,1163,195,0
1784174400,29455.7700000000,29469.4000000000,29436.6200000000,29463.7700000000,1326,195,0
1784174700,29464.2700000000,29471.9000000000,29447.7700000000,29460.6500000000,1215,195,0
1784175000,29460.4000000000,29463.4000000000,29420.0200000000,29430.4000000000,1161,195,0
1784175300,29430.0200000000,29433.7700000000,29406.7700000000,29407.5200000000,1159,195,0
1784175600,29407.4000000000,29431.9000000000,29405.7700000000,29416.9000000000,1020,195,0
1784175900,29416.1200000000,29426.4000000000,29407.0200000000,29408.9000000000,1072,195,0
1784176200,29409.0200000000,29422.4000000000,29398.6500000000,29413.5200000000,1309,195,0
1784176500,29414.0200000000,29446.1500000000,29413.2700000000,29439.1500000000,1349,195,0
1784176800,29439.7700000000,29449.4000000000,29412.0200000000,29418.5200000000,1229,195,0
1784177100,29418.2700000000,29481.9000000000,29416.1200000000,29479.5200000000,1216,195,0
1784177400,29479.7700000000,29486.6500000000,29461.0200000000,29474.6500000000,1205,195,0
1784177700,29474.4000000000,29490.4000000000,29445.9000000000,29454.0200000000,1145,195,0
1784178000,29455.5200000000,29456.4000000000,29425.1500000000,29429.0200000000,1123,195,0
1784178300,29428.6500000000,29443.7700000000,29425.6500000000,29425.6500000000,1059,195,0
1784178600,29426.6500000000,29446.4000000000,29424.6500000000,29443.2700000000,1012,195,0
1784178900,29443.5200000000,29472.7700000000,29438.4000000000,29472.2700000000,956,195,0
1784179200,29470.6200000000,29499.2700000000,29463.1200000000,29496.6500000000,1037,195,0
1784179500,29496.7700000000,29509.6500000000,29487.6200000000,29500.4000000000,1040,195,0
1784179800,29500.2700000000,29507.5200000000,29489.3700000000,29502.0200000000,898,195,0
1784180100,29502.1500000000,29510.6500000000,29491.6200000000,29501.6500000000,1000,195,0
1784180400,29501.7700000000,29504.5200000000,29476.6500000000,29482.6500000000,900,195,0
1784180700,29482.7700000000,29521.5200000000,29479.6500000000,29506.6500000000,877,195,0
1784181000,29506.4000000000,29527.2700000000,29504.0200000000,29525.2700000000,908,195,0
1784181300,29525.4000000000,29539.5200000000,29523.1500000000,29531.5200000000,874,195,0
1784181600,29530.5200000000,29537.1500000000,29525.5200000000,29532.5200000000,790,195,0
1784181900,29532.4000000000,29553.6500000000,29531.7700000000,29553.0200000000,794,195,0
1784182200,29553.1500000000,29555.5200000000,29545.6500000000,29553.6500000000,777,195,0
1784182500,29553.2700000000,29555.0200000000,29522.7700000000,29526.0200000000,640,195,0
1784182800,29526.2700000000,29535.5200000000,29517.9000000000,29521.0200000000,745,195,0
1784183100,29520.9000000000,29524.2700000000,29514.5200000000,29520.5200000000,708,195,0
1784183400,29521.0200000000,29548.4000000000,29517.9000000000,29543.9000000000,1128,195,0
1784183700,29543.7700000000,29550.5200000000,29523.7700000000,29523.9000000000,956,195,0
1784184000,29523.7700000000,29539.2700000000,29522.6200000000,29524.9000000000,972,195,0
1784184300,29525.0200000000,29528.0200000000,29511.8700000000,29512.2700000000,729,195,0
1784184600,29512.1500000000,29536.2700000000,29511.2700000000,29532.0200000000,790,195,0
1784184900,29531.7700000000,29547.6500000000,29529.6200000000,29547.6500000000,626,195,0
1784185200,29547.5200000000,29552.6500000000,29541.6500000000,29543.1500000000,743,195,0
1784185500,29543.0200000000,29550.4000000000,29527.4000000000,29528.1500000000,723,195,0
1784185800,29527.9000000000,29559.5200000000,29527.0200000000,29558.9000000000,755,195,0
1784186100,29559.0200000000,29559.0200000000,29528.0200000000,29529.7700000000,775,195,0
1784186400,29529.2700000000,29533.2700000000,29514.4000000000,29527.2700000000,726,195,0
1784186700,29527.1500000000,29528.5200000000,29514.6500000000,29520.7700000000,670,195,0
1784187000,29520.5200000000,29525.2700000000,29514.6200000000,29516.7700000000,737,195,0
1784187300,29516.6500000000,29518.2700000000,29507.3700000000,29509.4000000000,655,195,0
1784187600,29509.9000000000,29516.2700000000,29501.5200000000,29507.9000000000,701,195,0
1784187900,29507.7700000000,29513.0200000000,29502.6500000000,29511.1500000000,704,195,0
1784188200,29510.9000000000,29516.5200000000,29505.6200000000,29515.0200000000,748,195,0
1784188500,29514.7700000000,29520.9000000000,29507.1200000000,29511.5200000000,693,195,0
1784188800,29512.4000000000,29529.2700000000,29512.4000000000,29524.2700000000,821,195,0
1784189100,29524.9000000000,29528.5200000000,29511.0200000000,29511.7700000000,905,195,0
1784189400,29511.5200000000,29551.5200000000,29501.4000000000,29551.4000000000,959,195,0
1784189700,29551.6500000000,29570.1500000000,29543.6500000000,29552.6500000000,988,195,0
1784190000,29552.7700000000,29573.4000000000,29552.5200000000,29566.9000000000,965,195,0
1784190300,29567.0200000000,29579.5200000000,29561.7700000000,29570.4000000000,929,195,0
1784190600,29570.2700000000,29600.1500000000,29512.8700000000,29515.0200000000,1245,195,0
1784190900,29514.9000000000,29514.9000000000,29474.4000000000,29484.0200000000,1264,195,0
1784191200,29483.7700000000,29519.7700000000,29471.1200000000,29507.1500000000,1102,195,0
1784191500,29506.9000000000,29515.1500000000,29489.9000000000,29495.2700000000,1032,195,0
1784191800,29495.1500000000,29497.7700000000,29482.7700000000,29488.6500000000,1007,195,0
1784192100,29488.5200000000,29510.6500000000,29488.0200000000,29491.0200000000,856,195,0
1784192400,29491.1500000000,29533.1500000000,29488.3700000000,29511.3700000000,989,195,0
1784192700,29511.1200000000,29540.8700000000,29450.1200000000,29520.3700000000,995,195,0
1784193000,29520.3700000000,29534.2700000000,29502.1200000000,29534.2700000000,914,195,0
1784193300,29534.1200000000,29552.6500000000,29526.3700000000,29541.1500000000,870,195,0
1784193600,29541.2700000000,29546.1500000000,29494.3700000000,29499.1200000000,816,195,0
1784193900,29500.0200000000,29505.7700000000,29487.1200000000,29490.1200000000,820,195,0
1784194200,29489.1200000000,29500.6500000000,29467.5200000000,29472.2700000000,824,195,0
1784194500,29471.9000000000,29479.7700000000,29445.6200000000,29476.9000000000,772,195,0
1784194800,29477.0200000000,29488.6500000000,29472.7700000000,29478.0200000000,628,195,0
1784195100,29478.1500000000,29487.6500000000,29462.8700000000,29485.2700000000,475,195,0
1784195400,29485.5200000000,29489.4000000000,29473.2700000000,29478.6500000000,624,195,0
1784195700,29478.9000000000,29497.7700000000,29475.3700000000,29489.1500000000,655,195,0
1784196000,29489.0200000000,29489.9000000000,29441.8700000000,29467.4000000000,980,195,0
1784196300,29466.9000000000,29468.9000000000,29447.6500000000,29453.0200000000,927,195,0
1784196600,29453.5200000000,29455.1500000000,29425.2700000000,29425.5200000000,956,195,0
1784196900,29425.6500000000,29436.7700000000,29416.1200000000,29429.4000000000,978,195,0
1784197200,29428.8700000000,29453.0200000000,29424.8700000000,29436.2700000000,871,195,0
1784197500,29435.6500000000,29439.2700000000,29417.7700000000,29426.7700000000,738,195,0
1784197800,29427.1500000000,29433.6500000000,29403.3200000000,29419.1500000000,763,195,0
1784198100,29419.2700000000,29420.6500000000,29386.9000000000,29389.2700000000,932,195,0
1784198400,29389.0200000000,29389.9000000000,29373.3700000000,29374.6500000000,752,195,0
1784198700,29374.9000000000,29387.1500000000,29361.9000000000,29384.7700000000,757,195,0
1784199000,29384.6500000000,29387.5200000000,29367.1200000000,29369.9000000000,779,195,0
1784199300,29370.2700000000,29372.9000000000,29352.5200000000,29366.7700000000,740,195,0
1784199600,29366.6500000000,29376.4000000000,29324.8700000000,29339.8700000000,1042,195,0
1784199900,29340.1200000000,29352.9000000000,29327.6200000000,29331.9000000000,1009,195,0
1784200200,29331.4000000000,29332.1500000000,29292.9000000000,29294.6200000000,1094,195,0
1784200500,29294.3700000000,29325.6500000000,29282.4000000000,29321.2700000000,1055,195,0
1784200800,29321.1500000000,29358.4000000000,29318.4000000000,29327.7700000000,1007,195,0
1784201100,29328.9000000000,29343.9000000000,29324.3700000000,29342.7700000000,899,195,0
1784201400,29342.5200000000,29359.2700000000,29332.4000000000,29348.1200000000,901,195,0
1784201700,29348.2700000000,29380.7700000000,29346.8700000000,29372.7700000000,841,195,0
1784202000,29372.6500000000,29379.5200000000,29347.8700000000,29354.1500000000,781,195,0
1784202300,29353.7700000000,29395.5200000000,29353.7700000000,29391.0200000000,853,195,0
1784202600,29391.1500000000,29393.6500000000,29381.0200000000,29387.1200000000,728,195,0
1784202900,29387.2700000000,29398.9000000000,29384.8700000000,29395.5200000000,774,195,0
1784203200,29395.6500000000,29426.0200000000,29395.6500000000,29419.7700000000,993,195,0
1784203500,29420.4000000000,29426.2700000000,29405.9000000000,29411.5200000000,791,195,0
1784203800,29411.4000000000,29438.4000000000,29408.5200000000,29429.5200000000,761,195,0
1784204100,29429.2700000000,29448.7700000000,29427.9000000000,29432.1500000000,729,195,0
1784204400,29431.9000000000,29442.4000000000,29423.9000000000,29428.0200000000,691,195,0
1784204700,29428.1500000000,29444.4000000000,29415.4000000000,29418.0200000000,779,195,0
1784205000,29418.4000000000,29435.9000000000,29413.6500000000,29416.9000000000,804,195,0
1784205300,29417.7700000000,29422.1500000000,29400.6500000000,29401.4000000000,722,195,0
1784205600,29401.2700000000,29409.9000000000,29388.1200000000,29388.7700000000,719,195,0
1784205900,29388.4000000000,29389.7700000000,29368.6500000000,29370.5200000000,835,195,0
1784206200,29370.4000000000,29376.4000000000,29362.4000000000,29373.4000000000,760,195,0
1784206500,29373.5200000000,29381.0200000000,29332.5200000000,29334.1200000000,933,195,0
1784206800,29334.7700000000,29347.9000000000,29318.6200000000,29344.7700000000,762,195,0
1784207100,29345.6500000000,29365.5200000000,29338.3700000000,29361.5200000000,682,195,0
1784207400,29361.6500000000,29364.2700000000,29340.8700000000,29354.2700000000,704,195,0
1784207700,29354.4000000000,29354.9000000000,29336.6200000000,29342.2700000000,618,195,0
1784208000,29342.0200000000,29347.9000000000,29315.6200000000,29326.1500000000,769,195,0
1784208300,29326.0200000000,29342.9000000000,29317.1200000000,29342.2700000000,758,195,0
1784208600,29342.4000000000,29359.0200000000,29338.8700000000,29356.8700000000,816,195,0
1784208900,29358.1500000000,29358.7700000000,29314.6500000000,29318.4000000000,714,195,0
1784209200,29317.9000000000,29332.1500000000,29315.1200000000,29325.4000000000,760,195,0
1784209500,29325.5200000000,29335.4000000000,29308.6200000000,29313.4000000000,688,195,0
1784209800,29313.5200000000,29326.7700000000,29307.1500000000,29322.6200000000,736,195,0
1784210100,29322.1200000000,29341.7700000000,29320.1200000000,29333.7700000000,757,195,0
1784210400,29333.6500000000,29335.4000000000,29279.3700000000,29287.4000000000,1084,195,0
1784210700,29287.5200000000,29292.9000000000,29268.3700000000,29276.7700000000,909,195,0
1784211000,29277.2700000000,29291.9000000000,29264.6500000000,29290.5200000000,790,195,0
1784211300,29291.1500000000,29294.1500000000,29251.5200000000,29259.7700000000,983,195,0
1784211600,29258.6200000000,29300.2700000000,29257.6200000000,29299.7700000000,714,195,0
1784211900,29299.9000000000,29305.2700000000,29269.7700000000,29276.1500000000,892,195,0
1784212200,29275.9000000000,29276.4000000000,29240.8700000000,29261.8700000000,953,195,0
1784212500,29262.5200000000,29274.9000000000,29240.9000000000,29255.2700000000,950,195,0
1784212800,29256.4000000000,29265.5200000000,29234.4000000000,29242.6500000000,996,195,0
1784213100,29242.4000000000,29259.7700000000,29165.8700000000,29179.6200000000,849,195,0
1784213400,29185.0200000000,29236.0200000000,29178.8700000000,29227.4000000000,1116,195,0
1784213700,29227.2700000000,29254.1500000000,29215.4000000000,29250.5200000000,1000,195,0
1784214000,29249.9000000000,29261.9000000000,29214.7700000000,29215.6500000000,1079,195,0
1784214300,29215.4000000000,29227.0200000000,29197.2700000000,29214.5200000000,1014,195,0
1784214600,29215.6500000000,29227.2700000000,29201.6200000000,29226.7700000000,966,195,0
1784214900,29227.1500000000,29242.7700000000,29216.6500000000,29238.6500000000,1002,195,0
1784215200,29239.0200000000,29243.6500000000,29184.3700000000,29189.2700000000,865,195,0
1784215500,29189.0200000000,29214.9000000000,29183.1500000000,29212.4000000000,1014,195,0
1784215800,29209.3700000000,29223.5200000000,29192.6200000000,29221.5200000000,1036,195,0
1784216100,29221.7700000000,29223.0200000000,29169.3700000000,29184.6500000000,1127,195,0
1784216400,29184.5200000000,29193.2700000000,29173.1500000000,29178.6500000000,1168,195,0
1784216700,29179.0200000000,29204.9000000000,29167.6500000000,29194.6500000000,1186,195,0
1784217000,29194.2700000000,29218.6500000000,29188.1500000000,29214.9000000000,1077,195,0
1784217300,29215.0200000000,29215.2700000000,29196.2700000000,29196.6500000000,1055,195,0
1784217600,29198.5200000000,29240.6500000000,29192.2700000000,29229.7700000000,1367,195,0
1784217900,29230.0200000000,29249.2700000000,29225.2700000000,29245.0200000000,1172,195,0
1784218200,29245.4000000000,29261.6500000000,29236.0200000000,29254.9000000000,1126,195,0
1784218500,29255.1500000000,29263.2700000000,29246.5200000000,29261.6500000000,1145,195,0
1784218800,29261.5200000000,29292.0200000000,29259.9000000000,29288.4000000000,1136,195,0
1784219100,29288.6500000000,29288.6500000000,29251.7700000000,29267.6500000000,1331,195,0
1784219400,29268.5200000000,29333.9000000000,29234.5200000000,29238.7700000000,1886,195,0
1784219700,29239.1500000000,29273.7700000000,29183.9000000000,29189.1500000000,1883,195,0
1784220000,29189.2700000000,29237.6500000000,29113.0200000000,29117.2700000000,1869,195,0
1784220300,29121.1500000000,29145.5200000000,29069.6500000000,29077.0200000000,1859,195,0
1784220600,29076.6500000000,29157.5200000000,29071.2700000000,29094.0200000000,1865,195,0
1784220900,29094.4000000000,29161.3700000000,29063.7700000000,29150.3700000000,1795,195,0
1784221200,29151.2700000000,29221.0200000000,29124.3700000000,29202.1500000000,1820,195,0
1784221500,29202.2700000000,29299.4100000000,29189.7700000000,29285.4100000000,1816,195,0
1784221800,29284.5400000000,29295.7900000000,29253.5300000000,29274.2800000000,1801,195,0
1784222100,29273.6600000000,29306.3200000000,29250.9300000000,29288.5600000000,1796,195,0
1784222400,29288.4300000000,29295.0800000000,29204.9200000000,29245.3700000000,1815,195,0
1784222700,29245.2500000000,29293.3500000000,29212.5900000000,29288.6700000000,1797,195,0
1784223000,29288.5500000000,29289.0500000000,29246.2700000000,29270.5400000000,1766,195,0
1784223300,29269.3000000000,29310.4000000000,29251.2200000000,29264.0000000000,1742,195,0
1784223600,29263.6300000000,29275.6000000000,29233.2600000000,29270.8400000000,1732,195,0
1784223900,29270.5900000000,29283.2200000000,29245.9800000000,29246.2300000000,1730,195,0
1784224200,29246.7300000000,29250.9500000000,29184.1900000000,29196.9200000000,1784,195,0
1784224500,29197.0400000000,29243.1400000000,29170.7600000000,29240.8800000000,1779,195,0
1784224800,29241.1300000000,29263.7000000000,29210.2300000000,29216.7400000000,1722,195,0
1784225100,29216.4900000000,29216.4900000000,29173.0400000000,29197.9100000000,1738,195,0
1784225400,29199.1500000000,29207.3000000000,29141.7200000000,29164.6900000000,1695,195,0
1784225700,29164.0700000000,29195.4700000000,29142.6700000000,29195.4700000000,1716,195,0
1784226000,29195.8400000000,29196.4500000000,29153.6500000000,29192.0900000000,1698,195,0
1784226300,29192.2200000000,29254.4800000000,29188.5300000000,29210.9000000000,1740,195,0
1784226600,29210.7700000000,29244.1600000000,29174.4200000000,29241.8000000000,1643,195,0
1784226900,29241.5500000000,29268.6400000000,29216.7100000000,29258.8700000000,1591,195,0
1784227200,29258.4900000000,29262.4300000000,29185.6200000000,29201.1300000000,1661,195,0
1784227500,29201.0100000000,29201.0100000000,29159.0900000000,29194.3300000000,1679,195,0
1784227800,29194.2100000000,29236.6900000000,29193.7100000000,29221.5400000000,1609,195,0
1784228100,29221.3000000000,29222.2900000000,29176.1100000000,29194.6600000000,1629,195,0
1784228400,29194.7900000000,29197.2700000000,29141.0600000000,29141.8100000000,1678,195,0
1784228700,29142.1800000000,29156.6000000000,29117.4700000000,29142.0300000000,1685,195,0
1784229000,29141.9100000000,29141.9100000000,29091.6400000000,29095.6000000000,1657,195,0
1784229300,29095.4800000000,29115.2700000000,29083.2100000000,29100.6700000000,1655,195,0
1784229600,29101.1600000000,29101.2900000000,29065.4200000000,29082.3600000000,1704,195,0
1784229900,29081.7400000000,29114.9500000000,29070.6900000000,29100.2500000000,1662,195,0
1784230200,29101.4900000000,29139.8500000000,29095.6600000000,29115.5200000000,1659,195,0
1784230500,29114.5200000000,29120.9300000000,29091.0900000000,29094.2000000000,1612,195,0
1784230800,29094.4400000000,29123.4200000000,29088.0000000000,29093.7800000000,1594,195,0
1784231100,29094.0300000000,29107.7400000000,29071.8800000000,29085.3900000000,1619,195,0
1784231400,29085.8900000000,29125.7500000000,29073.4900000000,29121.5300000000,1594,195,0
1784231700,29121.4100000000,29151.4500000000,29120.9100000000,29138.5200000000,1609,195,0
1784232000,29138.4000000000,29141.3700000000,29085.9300000000,29116.0300000000,1623,195,0
1784232300,29115.5300000000,29133.0700000000,29086.6200000000,29123.8500000000,1528,195,0
1784232600,29124.1000000000,29133.7100000000,29084.9600000000,29087.9600000000,1470,195,0
1784232900,29088.4500000000,29109.8900000000,29078.2200000000,29098.8300000000,1544,195,0
1784233200,29098.5800000000,29105.1100000000,29079.0500000000,29079.1300000000,1455,195,0
1784233500,29078.9100000000,29141.7000000000,29075.1600000000,29132.5900000000,1519,195,0
1784233800,29132.7200000000,29142.8500000000,29081.7500000000,29087.8600000000,1559,195,0
1784234100,29087.9900000000,29096.7300000000,29067.5700000000,29070.6800000000,1534,195,0
1784234400,29070.8100000000,29071.8000000000,29032.0600000000,29044.0400000000,1578,195,0
1784234700,29044.4200000000,29068.1200000000,29020.3000000000,29057.5800000000,1545,195,0
1784235000,29057.7000000000,29069.0400000000,29036.6400000000,29051.3700000000,1487,195,0
1784235300,29052.1100000000,29052.8500000000,29025.0000000000,29043.6300000000,1496,195,0
1784235600,29043.7500000000,29059.7300000000,29032.5900000000,29034.7900000000,1523,195,0
1784235900,29034.6700000000,29048.3400000000,29023.4700000000,29035.8900000000,1613,195,0
1784236200,29035.7700000000,29076.9000000000,29033.1400000000,29033.5100000000,1673,195,0
1784236500,29033.2700000000,29075.9300000000,29018.5600000000,29067.2900000000,1627,195,0
1784236800,29067.7900000000,29103.3200000000,29064.3300000000,29089.5700000000,1614,195,0
1784237100,29089.9400000000,29101.6100000000,29063.2500000000,29069.9300000000,1601,195,0
1784237400,29068.9300000000,29068.9300000000,29039.1200000000,29045.6200000000,1594,195,0
1784237700,29045.3700000000,29045.3700000000,29022.4200000000,29025.8100000000,1526,195,0
1784238000,29025.5600000000,29048.9800000000,28999.1800000000,29038.1100000000,1605,195,0
1784238300,29038.2300000000,29052.5800000000,29023.4600000000,29044.0000000000,1444,195,0
1784238600,29044.6200000000,29050.7000000000,29010.5400000000,29013.0100000000,1482,195,0
1784238900,29013.2600000000,29022.8100000000,29000.7800000000,29010.6800000000,1478,195,0
1784239200,29010.5600000000,29041.7900000000,29003.1200000000,29027.3000000000,1564,195,0
1784239500,29027.1800000000,29040.4100000000,28983.5000000000,28984.9200000000,1586,195,0
1784239800,28984.8000000000,28995.8900000000,28976.0900000000,28983.2900000000,1529,195,0
1784240100,28982.6700000000,28985.1400000000,28946.1300000000,28962.0800000000,1574,195,0
1784240400,28961.8300000000,28980.8700000000,28946.0200000000,28949.5700000000,1581,195,0
1784240700,28949.7000000000,28960.5800000000,28920.8300000000,28948.3500000000,1612,195,0
1784241000,28948.4800000000,28970.2100000000,28920.3200000000,28950.3700000000,1650,195,0
1784241300,28949.6200000000,28963.1300000000,28919.4900000000,28952.8500000000,1577,195,0
1784241600,28952.1100000000,28960.5800000000,28920.1200000000,28922.0900000000,1565,195,0
1784241900,28922.2200000000,28924.7500000000,28879.8400000000,28893.9700000000,1608,195,0
1784242200,28893.8500000000,28975.4800000000,28893.8500000000,28973.6900000000,1739,195,0
1784242500,28973.6700000000,29033.2900000000,28973.6700000000,29016.5400000000,1701,195,0
1784242800,29017.9100000000,29029.0300000000,28992.3600000000,29000.5000000000,1390,195,0
1784243100,28999.8800000000,29002.7200000000,28977.3100000000,28983.0100000000,1140,195,0
1784243400,28983.6300000000,28986.2800000000,28967.6800000000,28968.5500000000,1019,195,0
1784243700,28968.9200000000,28992.7500000000,28963.4600000000,28988.0800000000,924,195,0
1784244000,28988.3300000000,29000.2600000000,28981.2300000000,28992.5200000000,799,195,0
1784244300,28992.7600000000,28992.8900000000,28980.1900000000,28981.8000000000,564,195,0
1784244600,28981.9200000000,28982.5500000000,28965.4100000000,28974.3300000000,635,195,0
1784244900,28974.5800000000,28988.4600000000,28973.8300000000,28983.4800000000,546,195,0
1784245200,28983.9700000000,28990.7900000000,28971.8700000000,28975.3800000000,513,195,0
1784245500,28975.0100000000,28981.3700000000,28969.4400000000,28972.7900000000,584,195,0
1784245800,28972.5400000000,28979.3300000000,28969.9500000000,28976.9700000000,484,195,0
1784246100,28976.8500000000,28984.7900000000,28970.9500000000,28978.0300000000,392,195,0
1784250000,28995.8700000000,29028.5200000000,28995.8700000000,29022.6200000000,524,195,0
1784250300,29024.0200000000,29025.4000000000,29009.1200000000,29009.8700000000,304,195,0
1784250600,29012.1200000000,29014.3700000000,28989.1200000000,28994.3700000000,307,195,0
1784250900,28994.6200000000,28996.1200000000,28975.6200000000,28975.7700000000,327,195,0
1784251200,28975.6200000000,28980.5200000000,28964.6200000000,28970.9000000000,437,195,0
1784251500,28971.2700000000,28972.5200000000,28946.6200000000,28949.2700000000,394,195,0
1784251800,28948.8700000000,28968.9000000000,28944.3700000000,28952.9000000000,426,195,0
1784252100,28952.7700000000,28966.4000000000,28947.8700000000,28962.7700000000,284,195,0
1784252400,28962.5200000000,28964.0200000000,28940.8700000000,28958.4000000000,419,195,0
1784252700,28959.0200000000,28961.0200000000,28935.6500000000,28937.9000000000,488,195,0
1784253000,28938.0200000000,28948.5200000000,28932.6500000000,28933.4000000000,539,195,0
1784253300,28933.2700000000,28953.5200000000,28926.0200000000,28945.5200000000,493,195,0
1784253600,28945.6500000000,28954.1500000000,28926.7700000000,28944.0200000000,457,195,0
1784253900,28944.5200000000,28945.2700000000,28921.3700000000,28923.1200000000,417,195,0
1784254200,28924.1500000000,28946.6500000000,28917.3700000000,28940.3700000000,500,195,0
1784254500,28941.3700000000,28942.7700000000,28919.1200000000,28921.0200000000,370,195,0
1784254800,28920.9000000000,28921.0200000000,28901.6500000000,28901.7700000000,464,195,0
1784255100,28901.4000000000,28913.6500000000,28886.1500000000,28902.4000000000,681,195,0
1784255400,28901.7700000000,28906.0200000000,28877.5200000000,28888.4000000000,610,195,0
1784255700,28888.5200000000,28914.2700000000,28870.9000000000,28914.2700000000,600,195,0
1784256000,28913.7700000000,28938.0200000000,28913.1500000000,28918.1200000000,579,195,0
1784256300,28918.1200000000,28923.0200000000,28899.3700000000,28908.1200000000,866,195,0
1784256600,28908.7700000000,28928.1500000000,28904.1200000000,28918.8700000000,745,195,0
1784256900,28919.9000000000,28920.5200000000,28892.3700000000,28905.4000000000,761,195,0
1784257200,28906.4000000000,28934.0200000000,28902.8700000000,28905.3700000000,1117,195,0
1784257500,28906.0200000000,28907.5200000000,28863.3700000000,28874.1200000000,1086,195,0
1784257800,28873.6200000000,28873.6200000000,28841.8700000000,28852.9000000000,1237,195,0
1784258100,28853.0200000000,28886.2700000000,28844.3700000000,28859.0200000000,1306,195,0
1784258400,28857.7700000000,28871.7700000000,28840.6500000000,28846.6500000000,1338,195,0
1784258700,28846.9000000000,28851.9000000000,28821.7700000000,28828.4000000000,1169,195,0
1784259000,28828.1500000000,28839.9000000000,28816.5200000000,28827.6200000000,1185,195,0
1784259300,28827.9000000000,28832.1500000000,28808.3700000000,28816.7700000000,1087,195,0
1784259600,28817.0200000000,28840.2700000000,28805.5200000000,28835.1500000000,1088,195,0
1784259900,28834.7700000000,28846.5200000000,28828.5200000000,28845.4000000000,1201,195,0
1784260200,28845.1500000000,28877.9000000000,28840.1500000000,28877.0200000000,1080,195,0
1784260500,28877.6500000000,28890.6200000000,28865.4000000000,28867.1500000000,1197,195,0
1784260800,28867.2700000000,28915.7700000000,28864.0200000000,28902.5200000000,1132,195,0
1784261100,28902.6500000000,28902.6500000000,28852.5200000000,28864.9000000000,1109,195,0
1784261400,28864.6500000000,28871.0200000000,28834.3700000000,28839.5200000000,1014,195,0
1784261700,28840.2700000000,28855.7700000000,28829.1200000000,28833.0200000000,918,195,0
1784262000,28833.1500000000,28843.5200000000,28822.0200000000,28831.2700000000,924,195,0
1784262300,28831.5200000000,28851.0200000000,28821.2700000000,28850.2700000000,983,195,0
1784262600,28849.8700000000,28853.6500000000,28794.3700000000,28797.4000000000,1216,195,0
1784262900,28797.2700000000,28821.4000000000,28793.1500000000,28806.4000000000,1135,195,0
1784263200,28805.6500000000,28810.9000000000,28775.0200000000,28784.0200000000,1075,195,0
1784263500,28783.6500000000,28799.7700000000,28762.7700000000,28771.7700000000,1192,195,0
1784263800,28771.8700000000,28778.7700000000,28757.1500000000,28767.1500000000,1098,195,0
1784264100,28766.2700000000,28788.6500000000,28760.5200000000,28781.5200000000,1068,195,0
1784264400,28780.6500000000,28796.0200000000,28773.9000000000,28789.0200000000,1115,195,0
1784264700,28787.8700000000,28792.4000000000,28761.2700000000,28761.7700000000,1006,195,0
1784265000,28762.1500000000,28780.1500000000,28759.7700000000,28768.0200000000,997,195,0
1784265300,28767.6500000000,28771.4000000000,28752.0200000000,28758.2700000000,928,195,0
1784265600,28758.1500000000,28758.2700000000,28735.9000000000,28740.2700000000,862,195,0
1784265900,28740.0200000000,28748.7700000000,28727.6500000000,28738.7700000000,835,195,0
1784266200,28738.9000000000,28739.1500000000,28718.9000000000,28722.9000000000,954,195,0
1784266500,28723.0200000000,28732.1500000000,28713.8700000000,28723.9000000000,896,195,0
1784266800,28724.0200000000,28748.6500000000,28718.7700000000,28744.2700000000,893,195,0
1784267100,28744.4000000000,28748.4000000000,28719.5200000000,28723.9000000000,896,195,0
1784267400,28723.7700000000,28729.6500000000,28715.7700000000,28715.9000000000,772,195,0
1784267700,28716.1500000000,28743.9000000000,28713.1500000000,28734.4000000000,875,195,0
1784268000,28735.1500000000,28755.6500000000,28725.9000000000,28753.1500000000,909,195,0
1784268300,28752.6500000000,28766.6500000000,28751.1500000000,28761.4000000000,968,195,0
1784268600,28761.2700000000,28770.2700000000,28757.6200000000,28764.9000000000,775,195,0
1784268900,28764.6500000000,28792.2700000000,28764.2700000000,28791.6500000000,821,195,0
1784269200,28791.9000000000,28827.2700000000,28790.1500000000,28809.2700000000,934,195,0
1784269500,28809.0200000000,28835.6500000000,28808.6200000000,28825.2700000000,866,195,0
1784269800,28824.5200000000,28826.4000000000,28780.9000000000,28787.9000000000,1035,195,0
1784270100,28786.9000000000,28805.2700000000,28778.7700000000,28778.9000000000,1000,195,0
1784270400,28778.7700000000,28779.9000000000,28753.7700000000,28765.9000000000,1002,195,0
1784270700,28766.1500000000,28770.1500000000,28744.7700000000,28749.1500000000,926,195,0
1784271000,28749.0200000000,28750.5200000000,28730.1500000000,28731.7700000000,897,195,0
1784271300,28731.4000000000,28736.0200000000,28720.9000000000,28721.5200000000,864,195,0
1784271600,28721.2700000000,28722.2700000000,28673.7700000000,28673.7700000000,1088,195,0
1784271900,28673.9000000000,28689.0200000000,28666.6500000000,28672.0200000000,1048,195,0
1784272200,28671.6500000000,28680.1500000000,28654.0200000000,28659.9000000000,956,195,0
1784272500,28660.2700000000,28667.5200000000,28646.4000000000,28652.4000000000,803,195,0
1784272800,28652.2700000000,28669.1500000000,28636.2700000000,28638.5200000000,929,195,0
1784273100,28638.1500000000,28639.2700000000,28613.3700000000,28618.7700000000,1075,195,0
1784273400,28617.7700000000,28633.1500000000,28591.8700000000,28600.5200000000,1096,195,0
1784273700,28600.9000000000,28611.9000000000,28584.1200000000,28608.1500000000,1135,195,0
1784274000,28608.0200000000,28627.2700000000,28594.2700000000,28620.1500000000,1165,195,0
1784274300,28620.2700000000,28645.7700000000,28620.2700000000,28634.4000000000,1186,195,0
1784274600,28634.5200000000,28649.6500000000,28630.3700000000,28648.7700000000,1027,195,0
1784274900,28648.5200000000,28651.1500000000,28616.0200000000,28616.0200000000,1012,195,0
1784275200,28615.4000000000,28629.9000000000,28597.5200000000,28627.2700000000,1173,195,0
1784275500,28625.9000000000,28628.6500000000,28599.3700000000,28615.9000000000,1109,195,0
1784275800,28616.0200000000,28624.4000000000,28599.1500000000,28612.5200000000,1103,195,0
1784276100,28612.9000000000,28631.9000000000,28598.2700000000,28620.5200000000,1117,195,0
1784276400,28620.6500000000,28621.2700000000,28599.5200000000,28600.1500000000,1033,195,0
1784276700,28600.4000000000,28612.0200000000,28594.4000000000,28601.1500000000,1121,195,0
1784277000,28600.7700000000,28621.1500000000,28572.6500000000,28582.9000000000,1226,195,0
1784277300,28583.1500000000,28593.5200000000,28551.0200000000,28554.0200000000,1144,195,0
1784277600,28554.4000000000,28569.2700000000,28536.3700000000,28568.7700000000,1170,195,0
1784277900,28569.1500000000,28583.6500000000,28549.5200000000,28574.7700000000,1122,195,0
1784278200,28574.6500000000,28578.2700000000,28550.7700000000,28569.0200000000,1163,195,0
1784278500,28569.2700000000,28573.6500000000,28543.3700000000,28565.7700000000,1045,195,0
1784278800,28565.5200000000,28583.7700000000,28553.6200000000,28573.4000000000,1121,195,0
1784279100,28573.2700000000,28583.1500000000,28533.7700000000,28542.1500000000,1097,195,0
1784279400,28542.4000000000,28578.1500000000,28537.6500000000,28568.0200000000,1084,195,0
1784279700,28567.7700000000,28583.7700000000,28559.7700000000,28582.4000000000,980,195,0
1784280000,28582.9000000000,28620.6500000000,28582.2700000000,28618.9000000000,1009,195,0
1784280300,28619.0200000000,28634.5200000000,28618.3700000000,28625.1500000000,1024,195,0
1784280600,28624.6200000000,28634.5200000000,28616.0200000000,28626.9000000000,991,195,0
1784280900,28626.7700000000,28626.9000000000,28584.6500000000,28584.7700000000,1023,195,0
1784281200,28584.9000000000,28592.9000000000,28570.8700000000,28584.9000000000,882,195,0
1784281500,28584.7700000000,28584.7700000000,28549.3700000000,28561.6500000000,857,195,0
1784281800,28561.7700000000,28564.6500000000,28545.4000000000,28555.4000000000,837,195,0
1784282100,28556.5200000000,28562.0200000000,28542.1200000000,28553.4000000000,835,195,0
1784282400,28553.5200000000,28577.4000000000,28539.2700000000,28575.6500000000,1293,195,0
1784282700,28576.2700000000,28576.2700000000,28537.6500000000,28544.1500000000,1047,195,0
1784283000,28543.8700000000,28562.6500000000,28531.7700000000,28561.9000000000,1065,195,0
1784283300,28562.1200000000,28574.4000000000,28552.6500000000,28567.2700000000,951,195,0
1784283600,28567.5200000000,28567.5200000000,28527.6200000000,28531.4000000000,944,195,0
1784283900,28532.1500000000,28562.5200000000,28523.9000000000,28557.6500000000,995,195,0
1784284200,28557.5200000000,28568.5200000000,28535.9000000000,28535.9000000000,964,195,0
1784284500,28535.7700000000,28535.7700000000,28519.4000000000,28530.4000000000,969,195,0
1784284800,28529.9000000000,28539.6500000000,28512.5200000000,28525.2700000000,883,195,0
1784285100,28525.0200000000,28526.1500000000,28499.6500000000,28517.6500000000,1016,195,0
1784285400,28517.7700000000,28524.2700000000,28507.6200000000,28513.4000000000,899,195,0
1784285700,28513.0200000000,28531.4000000000,28492.8700000000,28496.7700000000,1006,195,0
1784286000,28496.2700000000,28540.2700000000,28490.0200000000,28529.3700000000,1320,195,0
1784286300,28530.0200000000,28544.6500000000,28504.7700000000,28520.4000000000,1200,195,0
1784286600,28519.1200000000,28519.5200000000,28478.0200000000,28487.7700000000,1299,195,0
1784286900,28486.9000000000,28489.1500000000,28390.6200000000,28401.4000000000,1426,195,0
1784287200,28401.5200000000,28424.2700000000,28390.0200000000,28411.4000000000,1291,195,0
1784287500,28409.7700000000,28442.5200000000,28388.1200000000,28418.6500000000,1118,195,0
1784287800,28418.9000000000,28426.7700000000,28387.5200000000,28391.7700000000,1107,195,0
1784288100,28391.9000000000,28400.2700000000,28374.9000000000,28381.1500000000,1066,195,0
1784288400,28379.7700000000,28401.4000000000,28366.3700000000,28395.1500000000,1135,195,0
1784288700,28395.9000000000,28425.1500000000,28391.6200000000,28403.4000000000,1096,195,0
1784289000,28404.4000000000,28442.2700000000,28401.7700000000,28435.6500000000,1049,195,0
1784289300,28435.9000000000,28469.9000000000,28433.2700000000,28439.2700000000,1075,195,0
1784289600,28439.0200000000,28450.4000000000,28429.1500000000,28448.7700000000,1170,195,0
1784289900,28449.1500000000,28460.5200000000,28434.3700000000,28460.1500000000,1039,195,0
1784290200,28460.0200000000,28485.9000000000,28449.0200000000,28482.9000000000,1038,195,0
1784290500,28482.5200000000,28482.7700000000,28440.2700000000,28448.1500000000,1066,195,0
1784290800,28449.4000000000,28477.9000000000,28443.6500000000,28477.9000000000,991,195,0
1784291100,28478.0200000000,28500.1500000000,28477.1500000000,28500.1500000000,982,195,0
1784291400,28500.2700000000,28504.0200000000,28472.1500000000,28476.1500000000,937,195,0
1784291700,28476.0200000000,28525.5200000000,28473.8700000000,28517.1500000000,940,195,0
1784292000,28515.6200000000,28518.0200000000,28488.3700000000,28495.5200000000,980,195,0
1784292300,28495.6500000000,28522.7700000000,28494.7700000000,28500.0200000000,940,195,0
1784292600,28500.9000000000,28537.2700000000,28500.9000000000,28524.9000000000,1020,195,0
1784292900,28524.7700000000,28524.7700000000,28506.5200000000,28520.9000000000,966,195,0
1784293200,28521.7700000000,28538.1500000000,28503.1200000000,28523.1500000000,1002,195,0
1784293500,28522.1500000000,28552.4000000000,28521.3700000000,28551.1500000000,1085,195,0
1784293800,28550.4000000000,28581.2700000000,28536.5200000000,28577.2700000000,1065,195,0
1784294100,28577.6500000000,28597.2700000000,28564.5200000000,28568.6200000000,1067,195,0
1784294400,28569.1500000000,28574.5200000000,28535.0200000000,28555.0200000000,1008,195,0
1784294700,28554.7700000000,28586.8200000000,28543.8700000000,28584.1500000000,856,195,0
1784295000,28583.1500000000,28601.7700000000,28570.8700000000,28601.4000000000,834,195,0
1784295300,28602.1500000000,28631.5200000000,28599.1500000000,28628.6500000000,1001,195,0
1784295600,28628.0200000000,28635.1500000000,28605.0200000000,28610.6500000000,989,195,0
1784295900,28610.9000000000,28624.7700000000,28600.5200000000,28609.9000000000,894,195,0
1784296200,28608.7700000000,28614.1500000000,28597.9000000000,28604.4000000000,857,195,0
1784296500,28603.9000000000,28612.7700000000,28587.1200000000,28594.2700000000,978,195,0
1784296800,28592.6200000000,28617.9000000000,28571.0200000000,28571.0200000000,1153,195,0
1784297100,28572.5200000000,28592.0200000000,28560.1500000000,28563.1500000000,1051,195,0
1784297400,28563.1200000000,28589.1500000000,28561.9000000000,28568.2700000000,904,195,0
1784297700,28568.5200000000,28571.1500000000,28550.7700000000,28552.7700000000,927,195,0
1784298000,28552.4000000000,28561.5200000000,28539.1500000000,28555.4000000000,997,195,0
1784298300,28555.1500000000,28577.7700000000,28554.6500000000,28571.5200000000,922,195,0
1784298600,28573.1500000000,28574.7700000000,28549.0200000000,28558.9000000000,986,195,0
1784298900,28558.6500000000,28572.1500000000,28558.2700000000,28558.2700000000,864,195,0
1784299200,28558.9000000000,28566.6500000000,28528.9000000000,28539.2700000000,1012,195,0
1784299500,28538.7700000000,28559.0200000000,28528.4000000000,28554.2700000000,892,195,0
1784299800,28554.4000000000,28570.2700000000,28536.2700000000,28568.1500000000,1022,195,0
1784300100,28567.5200000000,28570.1500000000,28546.4000000000,28550.2700000000,939,195,0
1784300400,28550.1500000000,28555.4000000000,28505.4000000000,28509.2700000000,1091,195,0
1784300700,28507.3700000000,28511.7700000000,28493.1500000000,28495.6500000000,1115,195,0
1784301000,28495.5200000000,28505.4000000000,28485.6200000000,28494.2700000000,1068,195,0
1784301300,28493.9000000000,28499.4000000000,28481.3700000000,28485.5200000000,948,195,0
1784301600,28485.1500000000,28506.0200000000,28481.5200000000,28497.9000000000,1074,195,0
1784301900,28498.1500000000,28502.7700000000,28472.5200000000,28485.9000000000,1071,195,0
1784302200,28485.6500000000,28489.4000000000,28471.7700000000,28479.6500000000,1126,195,0
1784302500,28479.5200000000,28492.2700000000,28472.6500000000,28483.6500000000,1049,195,0
1784302800,28483.4000000000,28491.1500000000,28461.4000000000,28484.6500000000,1180,195,0
1784303100,28484.5200000000,28500.6500000000,28461.6500000000,28461.6500000000,1168,195,0
1784303400,28462.1500000000,28482.1500000000,28457.5200000000,28482.1500000000,1148,195,0
1784303700,28482.2700000000,28496.2700000000,28469.9000000000,28475.1500000000,1130,195,0
1784304000,28475.4000000000,28475.4000000000,28445.2700000000,28454.5200000000,1422,195,0
1784304300,28454.4000000000,28461.1500000000,28436.1500000000,28437.5200000000,1314,195,0
1784304600,28437.7700000000,28445.2700000000,28429.9000000000,28431.3700000000,1188,195,0
1784304900,28432.1500000000,28445.2700000000,28422.0200000000,28424.4000000000,1265,195,0
1784305200,28424.5200000000,28439.7700000000,28406.9000000000,28409.0200000000,1288,195,0
1784305500,28409.2700000000,28456.1500000000,28391.4000000000,28416.9000000000,1554,195,0
1784305800,28418.0200000000,28493.7700000000,28351.5200000000,28363.9000000000,1896,195,0
1784306100,28363.7700000000,28380.2700000000,28268.7700000000,28274.0200000000,1890,195,0
1784306400,28273.5200000000,28320.8700000000,28219.4000000000,28230.0200000000,1891,195,0
1784306700,28229.9000000000,28328.7700000000,28222.2700000000,28308.6500000000,1889,195,0
1784307000,28308.9000000000,28421.6500000000,28296.0200000000,28411.7700000000,1856,195,0
1784307300,28410.9000000000,28491.9000000000,28388.7700000000,28486.6200000000,1826,195,0
1784307600,28487.5200000000,28596.5200000000,28477.3700000000,28530.9000000000,1847,195,0
1784307900,28533.2700000000,28630.2700000000,28531.9000000000,28622.7700000000,1859,195,0
1784308200,28623.5200000000,28676.0200000000,28598.2700000000,28618.0200000000,1852,195,0
1784308500,28617.9000000000,28699.9000000000,28594.5200000000,28665.2700000000,1857,195,0
1784308800,28665.4000000000,28694.0200000000,28631.0200000000,28683.7700000000,1843,195,0
1784309100,28682.0200000000,28702.9000000000,28635.2700000000,28649.5200000000,1824,195,0
1784309400,28649.9000000000,28667.0200000000,28580.0200000000,28609.9000000000,1838,195,0
1784309700,28610.4000000000,28712.5200000000,28606.6500000000,28712.4000000000,1819,195,0
1784310000,28711.4000000000,28713.1500000000,28624.2700000000,28642.7700000000,1806,195,0
1784310300,28643.0200000000,28674.7700000000,28587.2700000000,28607.0200000000,1826,195,0
1784310600,28606.7700000000,28631.6500000000,28567.2700000000,28579.4000000000,1802,195,0
1784310900,28580.0200000000,28625.6500000000,28539.6500000000,28544.4000000000,1797,195,0
1784311200,28544.5200000000,28559.6500000000,28503.4000000000,28508.1500000000,1794,195,0
1784311500,28508.2700000000,28551.2700000000,28495.0200000000,28550.0200000000,1806,195,0
1784311800,28548.7700000000,28572.9000000000,28508.4000000000,28524.9000000000,1797,195,0
1784312100,28524.7700000000,28564.6500000000,28505.0200000000,28543.6500000000,1769,195,0
1784312400,28543.2700000000,28560.5200000000,28491.5200000000,28509.7700000000,1780,195,0
1784312700,28509.9000000000,28576.7700000000,28506.7700000000,28571.0200000000,1772,195,0
1784313000,28571.9000000000,28608.2700000000,28536.6200000000,28571.1500000000,1787,195,0
1784313300,28571.1200000000,28649.2700000000,28544.0200000000,28640.9000000000,1778,195,0
1784313600,28641.1500000000,28661.1500000000,28584.1500000000,28616.5200000000,1737,195,0
1784313900,28616.9000000000,28645.5200000000,28599.9000000000,28644.0200000000,1698,195,0
1784314200,28643.9000000000,28702.1500000000,28621.0200000000,28702.1500000000,1689,195,0
1784314500,28702.2700000000,28766.6500000000,28698.2700000000,28751.5200000000,1748,195,0
1784314800,28751.9000000000,28772.7700000000,28676.1500000000,28700.5200000000,1787,195,0
1784315100,28702.7700000000,28735.6500000000,28665.1500000000,28735.4000000000,1734,195,0
1784315400,28735.1500000000,28761.6500000000,28714.9000000000,28756.2700000000,1707,195,0
1784315700,28757.6500000000,28772.7700000000,28743.9000000000,28759.1500000000,1713,195,0
1784316000,28758.9000000000,28767.1500000000,28682.4000000000,28684.2700000000,1705,195,0
1784316300,28686.0200000000,28760.5200000000,28676.1200000000,28732.4000000000,1707,195,0
1784316600,28731.9000000000,28747.9000000000,28703.8700000000,28722.0200000000,1663,195,0
1784316900,28722.2700000000,28758.9000000000,28721.5200000000,28745.6500000000,1621,195,0
1784317200,28745.7700000000,28790.6500000000,28721.5200000000,28790.6500000000,1655,195,0
1784317500,28789.6500000000,28822.0200000000,28782.1500000000,28816.6500000000,1623,195,0
1784317800,28816.7700000000,28846.7700000000,28802.7700000000,28829.5200000000,1657,195,0
1784318100,28829.4000000000,28837.9000000000,28780.9000000000,28795.0200000000,1575,195,0
1784318400,28794.0200000000,28853.1500000000,28786.7700000000,28830.7700000000,1625,195,0
1784318700,28830.2700000000,28858.6500000000,28821.9000000000,28854.4000000000,1585,195,0
1784319000,28854.5200000000,28865.8700000000,28815.0200000000,28815.0200000000,1578,195,0
1784319300,28815.5200000000,28862.2700000000,28807.4000000000,28823.1500000000,1581,195,0
1784319600,28823.0200000000,28824.7700000000,28799.4000000000,28810.5200000000,1599,195,0
1784319900,28810.0200000000,28861.2700000000,28808.5200000000,28855.4000000000,1527,195,0
1784320200,28855.5200000000,28861.5200000000,28834.4000000000,28838.4000000000,1567,195,0
1784320500,28838.2700000000,28843.7700000000,28792.0200000000,28800.6500000000,1620,195,0
1784320800,28800.7700000000,28803.7700000000,28764.1500000000,28769.9000000000,1606,195,0
1784321100,28770.0200000000,28788.1500000000,28760.9000000000,28780.5200000000,1573,195,0
1784321400,28781.0200000000,28785.4000000000,28735.8700000000,28740.2700000000,1538,195,0
1784321700,28740.1500000000,28745.1500000000,28704.0200000000,28715.7700000000,1598,195,0
1784322000,28716.4000000000,28755.4000000000,28703.2700000000,28727.0200000000,1632,195,0
1784322300,28726.6500000000,28726.6500000000,28690.5200000000,28692.4000000000,1602,195,0
1784322600,28693.4000000000,28701.1500000000,28676.7700000000,28682.7700000000,1565,195,0
1784322900,28682.9000000000,28689.7700000000,28651.9000000000,28667.5200000000,1643,195,0
1784323200,28667.4000000000,28681.9000000000,28645.5200000000,28657.9000000000,1632,195,0
1784323500,28657.4000000000,28675.0200000000,28642.6500000000,28672.4000000000,1599,195,0
1784323800,28671.9000000000,28710.9000000000,28645.0200000000,28661.7700000000,1677,195,0
1784324100,28661.5200000000,28674.5200000000,28651.0200000000,28657.7700000000,1508,195,0
1784324400,28658.2700000000,28663.1500000000,28616.9000000000,28629.0200000000,1582,195,0
1784324700,28628.2700000000,28685.0200000000,28618.2700000000,28666.7700000000,1605,195,0
1784325000,28667.2700000000,28701.0200000000,28652.2700000000,28700.7700000000,1571,195,0
1784325300,28700.1500000000,28705.5200000000,28672.1500000000,28682.0200000000,1580,195,0
1784325600,28681.5200000000,28688.6500000000,28651.1500000000,28670.1500000000,1636,195,0
1784325900,28670.2700000000,28676.2700000000,28630.1500000000,28633.6500000000,1555,195,0
1784326200,28633.5200000000,28638.0200000000,28576.0900000000,28578.0300000000,1576,195,0
1784326500,28577.1600000000,28591.8200000000,28552.9200000000,28584.7500000000,1685,195,0
1784326800,28584.1300000000,28584.1300000000,28552.5500000000,28552.5500000000,1614,195,0
1784327100,28552.3000000000,28620.7400000000,28536.4700000000,28610.7900000000,1632,195,0
1784327400,28612.7700000000,28660.4200000000,28610.0600000000,28618.5100000000,1730,195,0
1784327700,28619.2500000000,28642.2100000000,28585.0200000000,28585.8900000000,1695,195,0
1784328000,28585.7700000000,28625.4200000000,28572.9000000000,28613.1600000000,1692,195,0
1784328300,28612.6600000000,28646.3100000000,28605.9500000000,28643.4600000000,1681,195,0
1784328600,28643.8300000000,28670.3800000000,28628.4900000000,28654.7400000000,1729,195,0
1784328900,28654.1200000000,28665.1400000000,28574.5500000000,28581.8600000000,1743,195,0
1784329200,28581.1100000000,28582.7300000000,28531.0900000000,28546.3100000000,1565,195,0
1784329500,28545.4400000000,28558.4300000000,28535.5900000000,28553.6700000000,1174,195,0
1784329800,28554.4200000000,28566.3800000000,28535.6200000000,28556.4800000000,1133,195,0
1784330100,28556.6100000000,28564.8700000000,28551.6400000000,28563.1400000000,883,195,0
1784330400,28563.2600000000,28570.7000000000,28560.9000000000,28566.8600000000,767,195,0
1784330700,28567.2300000000,28572.0700000000,28565.2600000000,28567.2500000000,573,195,0
1784331000,28567.3700000000,28586.2300000000,28567.3700000000,28580.5000000000,757,195,0
1784331300,28579.2600000000,28579.6200000000,28568.3800000000,28574.2300000000,658,195,0
1784331600,28574.1100000000,28586.6300000000,28573.2400000000,28585.1400000000,538,195,0
1784331900,28585.2700000000,28587.6700000000,28575.6500000000,28576.7700000000,487,195,0
1784332200,28576.5200000000,28585.6500000000,28572.1500000000,28583.7700000000,548,195,0
1784332500,28583.9000000000,28597.4000000000,28579.6200000000,28585.9000000000,478,195,0
1784509200,28597.5800000000,28623.4600000000,28544.4600000000,28554.8300000000,961,195,0
1784509500,28554.9600000000,28560.4600000000,28533.7100000000,28546.9600000000,804,195,0
1784509800,28546.8300000000,28547.9600000000,28521.7100000000,28526.8300000000,553,195,0
1784510100,28527.4600000000,28599.7100000000,28526.4600000000,28593.0800000000,674,195,0
1784510400,28593.3300000000,28623.3300000000,28591.5800000000,28593.2100000000,667,195,0
1784510700,28593.4600000000,28598.4600000000,28573.0800000000,28576.3300000000,617,195,0
1784511000,28574.7100000000,28639.7100000000,28569.8300000000,28638.2100000000,686,195,0
1784511300,28637.2100000000,28647.7100000000,28616.3300000000,28623.4600000000,559,195,0
1784511600,28625.0800000000,28660.5800000000,28624.0800000000,28649.5800000000,575,195,0
1784511900,28650.4600000000,28659.0800000000,28629.3300000000,28640.8300000000,509,195,0
1784512200,28640.5800000000,28645.2100000000,28625.2100000000,28629.8300000000,499,195,0
1784512500,28632.2100000000,28634.2100000000,28621.9600000000,28625.7100000000,375,195,0
1784512800,28627.5800000000,28635.5800000000,28597.7100000000,28605.0800000000,611,195,0
1784513100,28605.4600000000,28634.5800000000,28598.3300000000,28634.5800000000,582,195,0
1784513400,28637.5800000000,28647.4600000000,28619.5800000000,28623.7100000000,552,195,0
1784513700,28623.5800000000,28628.2100000000,28602.5800000000,28611.5800000000,533,195,0
1784514000,28611.4600000000,28626.8300000000,28594.0800000000,28625.3300000000,534,195,0
1784514300,28625.0800000000,28635.0800000000,28603.4600000000,28615.2100000000,550,195,0
1784514600,28615.4600000000,28629.9600000000,28604.2100000000,28629.9600000000,524,195,0
1784514900,28630.0800000000,28648.7100000000,28621.9600000000,28643.8300000000,645,195,0
1784515200,28644.2100000000,28677.4600000000,28637.3300000000,28676.4600000000,574,195,0
1784515500,28676.0800000000,28677.8300000000,28627.9600000000,28637.9600000000,964,195,0
1784515800,28638.0800000000,28672.4600000000,28637.0800000000,28654.2100000000,903,195,0
1784516100,28653.9600000000,28687.9600000000,28652.4600000000,28680.2100000000,858,195,0
1784516400,28680.5800000000,28684.2100000000,28617.8300000000,28681.0800000000,1166,195,0
1784516700,28680.9600000000,28748.0800000000,28677.9600000000,28736.0800000000,1092,195,0
1784517000,28735.2100000000,28765.7100000000,28728.9600000000,28750.2100000000,1051,195,0
1784517300,28749.8300000000,28774.2100000000,28747.9600000000,28769.5800000000,1046,195,0
1784517600,28769.2100000000,28773.4600000000,28748.7100000000,28758.9600000000,1054,195,0
1784517900,28759.0800000000,28759.0800000000,28737.8300000000,28745.7100000000,1065,195,0
1784518200,28745.3300000000,28748.7100000000,28687.7100000000,28687.7100000000,1100,195,0
1784518500,28688.2100000000,28735.2100000000,28686.2100000000,28708.7100000000,1051,195,0
1784518800,28708.3300000000,28745.9600000000,28697.4600000000,28698.2100000000,1033,195,0
1784519100,28697.7100000000,28711.4600000000,28670.3300000000,28694.0800000000,1104,195,0
1784519400,28693.8300000000,28698.0800000000,28672.8300000000,28676.5800000000,982,195,0
1784519700,28677.0800000000,28700.2100000000,28663.0800000000,28669.7100000000,1041,195,0
1784520000,28670.0800000000,28698.8300000000,28658.3300000000,28673.3300000000,1240,195,0
1784520300,28672.9600000000,28717.8300000000,28667.7100000000,28715.2100000000,1146,195,0
1784520600,28714.4600000000,28728.9600000000,28658.9600000000,28662.9600000000,1145,195,0
1784520900,28664.4600000000,28680.3300000000,28641.5800000000,28646.5800000000,1177,195,0
1784521200,28644.5800000000,28689.4600000000,28632.8300000000,28674.5800000000,1178,195,0
1784521500,28675.3300000000,28695.5800000000,28623.3300000000,28626.8300000000,1143,195,0
1784521800,28626.2100000000,28640.4600000000,28616.0800000000,28621.3300000000,1196,195,0
1784522100,28621.0800000000,28645.3300000000,28613.5800000000,28636.2100000000,1133,195,0
1784522400,28635.8300000000,28645.3300000000,28587.9600000000,28608.2100000000,1141,195,0
1784522700,28608.4600000000,28631.4600000000,28597.3300000000,28624.0800000000,1120,195,0
1784523000,28623.5800000000,28627.7100000000,28578.4600000000,28580.5800000000,1087,195,0
1784523300,28580.8300000000,28617.4600000000,28574.4600000000,28607.3300000000,1067,195,0
1784523600,28607.7100000000,28689.8300000000,28607.3300000000,28684.4600000000,1169,195,0
1784523900,28685.0800000000,28698.5800000000,28677.7100000000,28679.7100000000,1127,195,0
1784524200,28679.9600000000,28680.3300000000,28644.8300000000,28649.5800000000,1020,195,0
1784524500,28649.7100000000,28658.5800000000,28619.8300000000,28622.2100000000,1020,195,0
1784524800,28623.0800000000,28626.2100000000,28604.0800000000,28612.8300000000,1087,195,0
1784525100,28613.0800000000,28634.0800000000,28604.4600000000,28622.5800000000,1080,195,0
1784525400,28621.0800000000,28687.3300000000,28619.7100000000,28673.5800000000,1078,195,0
1784525700,28673.3300000000,28699.3300000000,28667.2100000000,28671.9600000000,1098,195,0
1784526000,28671.8300000000,28726.7100000000,28668.9600000000,28710.0800000000,1037,195,0
1784526300,28710.5800000000,28743.8300000000,28705.9600000000,28743.8300000000,1046,195,0
1784526600,28743.9600000000,28750.7100000000,28713.9600000000,28716.9600000000,931,195,0
1784526900,28717.0800000000,28721.2100000000,28695.2100000000,28697.9600000000,952,195,0
1784527200,28698.2100000000,28724.3300000000,28692.7100000000,28696.3300000000,978,195,0
1784527500,28695.4600000000,28698.5800000000,28668.3300000000,28683.7100000000,988,195,0
1784527800,28683.9600000000,28702.4600000000,28677.5800000000,28695.9600000000,983,195,0
1784528100,28696.0800000000,28724.0800000000,28685.7100000000,28700.3300000000,981,195,0
1784528400,28699.5800000000,28709.3300000000,28674.5800000000,28704.2100000000,944,195,0
1784528700,28704.0800000000,28706.8300000000,28681.4600000000,28688.3300000000,943,195,0
1784529000,28688.7100000000,28714.8300000000,28675.3300000000,28678.9600000000,983,195,0
1784529300,28679.0800000000,28701.4600000000,28661.9600000000,28698.8300000000,921,195,0
1784529600,28698.7100000000,28713.5800000000,28679.5800000000,28710.2100000000,990,195,0
1784529900,28710.4600000000,28717.9600000000,28695.5800000000,28713.2100000000,897,195,0
1784530200,28712.9600000000,28748.5800000000,28710.4600000000,28742.9600000000,842,195,0
1784530500,28743.3300000000,28746.8300000000,28692.7100000000,28708.4600000000,930,195,0
1784530800,28710.7100000000,28729.5800000000,28702.8300000000,28706.2100000000,872,195,0
1784531100,28705.7100000000,28708.0800000000,28682.3300000000,28693.0800000000,864,195,0
1784531400,28693.2100000000,28697.5800000000,28674.8300000000,28678.3300000000,821,195,0
1784531700,28678.4600000000,28678.7100000000,28656.4600000000,28663.3300000000,904,195,0
1784532000,28663.4600000000,28677.5800000000,28655.5800000000,28674.8300000000,978,195,0
1784532300,28675.0800000000,28713.8300000000,28671.7100000000,28710.7100000000,906,195,0
1784532600,28710.5800000000,28746.7100000000,28699.8300000000,28716.8300000000,959,195,0
1784532900,28717.2100000000,28745.7100000000,28710.0800000000,28734.7100000000,892,195,0
1784533200,28734.4600000000,28751.3300000000,28718.3300000000,28744.8300000000,873,195,0
1784533500,28745.2100000000,28752.5800000000,28736.5800000000,28746.4600000000,845,195,0
1784533800,28749.0800000000,28752.5800000000,28725.0800000000,28725.9600000000,803,195,0
1784534100,28726.0800000000,28731.7100000000,28703.9600000000,28707.8300000000,823,195,0
1784534400,28708.3300000000,28713.3300000000,28684.5800000000,28688.4600000000,914,195,0
1784534700,28688.8300000000,28689.2100000000,28656.5800000000,28660.9600000000,920,195,0
1784535000,28662.0800000000,28679.8300000000,28623.2100000000,28673.3300000000,1036,195,0
1784535300,28673.2100000000,28673.5800000000,28649.9600000000,28663.3300000000,1012,195,0
1784535600,28663.2100000000,28667.5800000000,28638.3300000000,28651.7100000000,986,195,0
1784535900,28651.9600000000,28660.9600000000,28640.0800000000,28643.7100000000,955,195,0
1784536200,28643.2100000000,28648.3300000000,28629.2100000000,28637.5800000000,981,195,0
1784536500,28637.7100000000,28645.9600000000,28625.0800000000,28629.0800000000,954,195,0
1784536800,28627.7100000000,28642.8300000000,28620.7100000000,28623.7100000000,946,195,0
1784537100,28624.0800000000,28642.5800000000,28616.9600000000,28631.2100000000,951,195,0
1784537400,28631.4600000000,28633.4600000000,28602.0800000000,28604.9600000000,887,195,0
1784537700,28605.0800000000,28633.9600000000,28600.4600000000,28618.0800000000,885,195,0
1784538000,28619.0800000000,28634.0800000000,28610.8300000000,28629.3300000000,965,195,0
1784538300,28629.7100000000,28632.8300000000,28606.7100000000,28613.9600000000,943,195,0
1784538600,28613.8300000000,28613.8300000000,28593.3300000000,28595.8300000000,889,195,0
1784538900,28595.4600000000,28619.0800000000,28588.9600000000,28611.7100000000,936,195,0
1784539200,28611.5800000000,28626.0800000000,28581.8300000000,28583.3300000000,852,195,0
1784539500,28582.7100000000,28606.0800000000,28579.8300000000,28597.2100000000,900,195,0
1784539800,28596.9600000000,28607.4600000000,28586.3300000000,28589.9600000000,887,195,0
1784540100,28588.2100000000,28597.5800000000,28576.7100000000,28584.7100000000,843,195,0
1784540400,28585.0800000000,28624.3300000000,28582.9600000000,28615.0800000000,785,195,0
1784540700,28614.8300000000,28616.0800000000,28589.8300000000,28599.4600000000,735,195,0
1784541000,28599.0800000000,28618.9600000000,28598.7100000000,28610.0800000000,721,195,0
1784541300,28611.0800000000,28620.2100000000,28592.2100000000,28615.8300000000,675,195,0
1784541600,28619.2100000000,28645.0800000000,28617.7100000000,28632.5800000000,1016,195,0
1784541900,28631.3300000000,28639.5800000000,28619.0800000000,28630.0800000000,891,195,0
1784542200,28630.3300000000,28639.3300000000,28620.9600000000,28631.8300000000,845,195,0
1784542500,28632.2100000000,28635.8300000000,28609.5800000000,28621.4600000000,799,195,0
1784542800,28621.3300000000,28662.9600000000,28611.7100000000,28654.4600000000,934,195,0
1784543100,28654.3300000000,28696.5800000000,28650.2100000000,28690.5800000000,934,195,0
1784543400,28690.4600000000,28731.9600000000,28688.5800000000,28722.7100000000,1015,195,0
1784543700,28721.4600000000,28731.9600000000,28708.5800000000,28723.8300000000,990,195,0
1784544000,28724.2100000000,28736.5800000000,28701.5800000000,28716.4600000000,993,195,0
1784544300,28716.7100000000,28728.5800000000,28694.2100000000,28699.0800000000,858,195,0
1784544600,28699.2100000000,28709.5800000000,28690.5800000000,28703.4600000000,781,195,0
1784544900,28703.5800000000,28733.3300000000,28702.3300000000,28720.2100000000,862,195,0
1784545200,28720.5800000000,28745.0800000000,28717.4600000000,28732.9600000000,1030,195,0
1784545500,28732.4600000000,28739.2100000000,28700.7100000000,28711.0800000000,877,195,0
1784545800,28711.9600000000,28739.5800000000,28704.8300000000,28737.8300000000,832,195,0
1784546100,28737.9600000000,28750.4600000000,28724.9600000000,28726.9600000000,845,195,0
1784546400,28726.8300000000,28729.5800000000,28712.0800000000,28720.7100000000,749,195,0
1784546700,28720.4600000000,28723.0800000000,28706.5800000000,28712.3300000000,811,195,0
1784547000,28713.4600000000,28717.4600000000,28682.3300000000,28694.0800000000,807,195,0
1784547300,28693.8300000000,28694.8300000000,28672.7100000000,28686.5800000000,757,195,0
1784547600,28686.4600000000,28697.0800000000,28671.8300000000,28674.4600000000,778,195,0
1784547900,28675.2100000000,28697.7100000000,28671.8300000000,28697.4600000000,722,195,0
1784548200,28697.2100000000,28700.7100000000,28674.7100000000,28677.9600000000,681,195,0
1784548500,28678.8300000000,28696.2100000000,28676.0800000000,28692.0800000000,692,195,0
1784548800,28691.9600000000,28700.0800000000,28679.7100000000,28687.9600000000,785,195,0
1784549100,28687.8300000000,28693.2100000000,28666.7100000000,28684.2100000000,782,195,0
1784549400,28684.3300000000,28693.5800000000,28680.3300000000,28688.2100000000,660,195,0
1784549700,28687.8300000000,28712.9600000000,28687.8300000000,28693.0800000000,741,195,0
1784550000,28692.3300000000,28727.2100000000,28692.0800000000,28717.2100000000,698,195,0
1784550300,28717.4600000000,28724.2100000000,28712.8300000000,28717.5800000000,634,195,0
1784550600,28716.2100000000,28729.9600000000,28709.5800000000,28718.8300000000,697,195,0
1784550900,28718.2100000000,28734.5800000000,28717.7100000000,28734.5800000000,689,195,0
1784551200,28735.5800000000,28752.5800000000,28731.9600000000,28752.5800000000,733,195,0
1784551500,28752.7100000000,28777.5800000000,28751.0800000000,28777.5800000000,688,195,0
1784551800,28777.4600000000,28809.0800000000,28774.5800000000,28781.4600000000,746,195,0
1784552100,28780.0800000000,28780.0800000000,28759.3300000000,28763.4600000000,760,195,0
1784552400,28763.9600000000,28767.2100000000,28748.7100000000,28754.0800000000,705,195,0
1784552700,28754.3300000000,28754.5800000000,28738.5800000000,28745.4600000000,663,195,0
1784553000,28744.9600000000,28755.0800000000,28739.4600000000,28743.5800000000,691,195,0
1784553300,28743.9600000000,28749.0800000000,28732.4600000000,28745.5800000000,666,195,0
1784553600,28744.9600000000,28764.4600000000,28741.9600000000,28756.4600000000,668,195,0
1784553900,28756.0800000000,28773.0800000000,28744.4600000000,28767.7100000000,681,195,0
1784554200,28767.0800000000,28785.4600000000,28761.0800000000,28775.9600000000,712,195,0
1784554500,28776.2100000000,28777.7100000000,28758.2100000000,28765.4600000000,701,195,0
1784554800,28765.9600000000,28781.8300000000,28759.2100000000,28778.7100000000,696,195,0
1784555100,28778.9600000000,28790.2100000000,28775.2100000000,28779.5800000000,742,195,0
1784555400,28779.7100000000,28790.5800000000,28772.7100000000,28790.3300000000,642,195,0
1784555700,28790.2100000000,28790.5800000000,28776.5800000000,28780.7100000000,630,195,0
1784556000,28783.0800000000,28804.8300000000,28775.0800000000,28803.4600000000,920,195,0
1784556300,28803.3300000000,28815.0800000000,28800.5800000000,28813.3300000000,773,195,0
1784556600,28813.4600000000,28835.3300000000,28810.3300000000,28823.2100000000,758,195,0
1784556900,28823.4600000000,28829.5800000000,28811.4600000000,28813.2100000000,730,195,0
1784557200,28812.9600000000,28818.5800000000,28802.5800000000,28804.0800000000,681,195,0
1784557500,28803.8300000000,28810.4600000000,28799.3300000000,28808.8300000000,642,195,0
1784557800,28809.0800000000,28916.8300000000,28807.0800000000,28909.5800000000,1302,195,0
1784558100,28909.7100000000,28916.8300000000,28895.2100000000,28898.3300000000,1034,195,0
1784558400,28898.5800000000,28919.4600000000,28891.8300000000,28899.3300000000,966,195,0
1784558700,28899.9600000000,28908.4600000000,28873.4600000000,28873.8300000000,887,195,0
1784559000,28873.7100000000,28895.7100000000,28859.5800000000,28891.8300000000,872,195,0
1784559300,28891.9600000000,28893.9600000000,28878.8300000000,28884.2100000000,813,195,0
1784559600,28883.9600000000,28887.0800000000,28793.2100000000,28819.2100000000,1150,195,0
1784559900,28819.9600000000,28836.0800000000,28812.7100000000,28828.2100000000,1049,195,0
1784560200,28828.5800000000,28835.3300000000,28801.9600000000,28814.7100000000,946,195,0
1784560500,28814.3300000000,28830.5800000000,28802.9600000000,28824.9600000000,851,195,0
1784560800,28826.9600000000,28828.3300000000,28810.0800000000,28819.9600000000,802,195,0
1784561100,28818.8300000000,28847.0800000000,28811.4600000000,28845.7100000000,755,195,0
1784561400,28846.2100000000,28851.8300000000,28828.2100000000,28847.2100000000,858,195,0
1784561700,28847.7100000000,28856.8300000000,28844.3300000000,28846.3300000000,792,195,0
1784562000,28846.0800000000,28849.9600000000,28812.7100000000,28817.0800000000,814,195,0
1784562300,28816.9600000000,28854.2100000000,28815.3300000000,28852.3300000000,890,195,0
1784562600,28851.0800000000,28851.4600000000,28824.2100000000,28824.9600000000,797,195,0
1784562900,28824.7100000000,28836.9600000000,28814.8300000000,28835.8300000000,892,195,0
1784563200,28835.5800000000,28868.7100000000,28835.5800000000,28860.4600000000,982,195,0
1784563500,28860.0800000000,28866.2100000000,28852.5800000000,28854.9600000000,924,195,0
1784563800,28855.0800000000,28868.0800000000,28834.7100000000,28834.7100000000,922,195,0
1784564100,28835.0800000000,28852.3300000000,28832.7100000000,28850.0800000000,943,195,0
1784564400,28851.9600000000,28861.5800000000,28849.8300000000,28856.9600000000,861,195,0
1784564700,28855.4600000000,28870.0800000000,28832.8300000000,28854.9600000000,1068,195,0
1784565000,28855.5800000000,28948.3300000000,28839.0800000000,28948.0800000000,1373,195,0
1784565300,28946.4600000000,28977.5800000000,28930.9600000000,28937.5800000000,1361,195,0
1784565600,28937.2100000000,28992.4600000000,28932.9600000000,28989.7100000000,1329,195,0
1784565900,28988.5800000000,29002.9600000000,28926.8300000000,28927.9600000000,1334,195,0
1784566200,28929.0800000000,28941.9600000000,28839.3300000000,28875.9600000000,1359,195,0
1784566500,28872.3300000000,28876.3300000000,28792.4600000000,28808.2100000000,1357,195,0
1784566800,28806.7100000000,28858.9600000000,28773.7100000000,28829.5800000000,1368,195,0
1784567100,28830.4600000000,28838.0800000000,28794.7100000000,28819.4600000000,1353,195,0
1784567400,28818.5800000000,28818.5800000000,28750.4600000000,28783.7100000000,1382,195,0
1784567700,28782.7100000000,28815.5800000000,28750.9600000000,28771.5800000000,1356,195,0
1784568000,28770.9600000000,28796.3300000000,28719.0800000000,28778.5800000000,1350,195,0
1784568300,28779.5800000000,28842.7100000000,28774.2100000000,28841.2100000000,1345,195,0
1784568600,28841.7100000000,28860.3300000000,28792.5800000000,28813.0800000000,1340,195,0
1784568900,28813.7100000000,28836.4600000000,28783.3300000000,28802.2100000000,1335,195,0
1784569200,28802.8300000000,28827.5800000000,28764.3300000000,28775.2100000000,1341,195,0
1784569500,28775.3300000000,28813.9600000000,28737.9600000000,28738.8300000000,1349,195,0
1784569800,28739.3300000000,28757.5800000000,28707.5800000000,28723.3300000000,1321,195,0
1784570100,28723.0800000000,28737.8300000000,28685.9600000000,28703.0800000000,1341,195,0
1784570400,28702.4600000000,28767.7100000000,28684.8300000000,28737.4600000000,1337,195,0
1784570700,28738.0800000000,28798.5800000000,28695.2100000000,28798.2100000000,1310,195,0
1784571000,28796.0800000000,28799.9600000000,28746.9600000000,28755.9600000000,1314,195,0
1784571300,28755.5800000000,28808.0800000000,28741.7100000000,28783.9600000000,1302,195,0
1784571600,28783.8300000000,28833.7100000000,28769.9600000000,28812.9600000000,1265,195,0
1784571900,28812.8300000000,28830.5800000000,28781.4600000000,28826.3300000000,1252,195,0
1784572200,28826.7100000000,28841.7100000000,28821.7100000000,28830.9600000000,1249,195,0
1784572500,28832.4600000000,28837.2100000000,28809.7100000000,28810.9600000000,1251,195,0
1784572800,28811.5800000000,28844.4600000000,28797.7100000000,28839.4600000000,1271,195,0
1784573100,28839.3300000000,28841.8300000000,28789.7100000000,28796.2100000000,1257,195,0
1784573400,28795.9600000000,28865.4600000000,28786.2100000000,28854.9600000000,1243,195,0
1784573700,28855.9600000000,28875.8300000000,28854.5800000000,28862.4600000000,1119,195,0
1784574000,28863.3300000000,28879.4600000000,28840.3300000000,28874.4600000000,1191,195,0
1784574300,28874.9600000000,28916.4600000000,28874.3300000000,28914.4600000000,1115,195,0
1784574600,28914.9600000000,28929.5800000000,28905.9600000000,28917.4600000000,1099,195,0
1784574900,28917.7100000000,28920.7100000000,28895.5800000000,28915.4600000000,1143,195,0
1784575200,28915.2100000000,28923.7100000000,28905.3300000000,28912.2100000000,1074,195,0
1784575500,28911.7100000000,28916.3300000000,28881.4600000000,28894.8300000000,1104,195,0
1784575800,28896.4600000000,28911.7100000000,28855.2100000000,28857.2100000000,1121,195,0
1784576100,28856.8300000000,28886.7100000000,28853.8300000000,28884.8300000000,1106,195,0
1784576400,28884.5800000000,28893.8300000000,28779.7100000000,28815.8300000000,1281,195,0
1784576700,28816.4600000000,28862.9600000000,28802.9600000000,28861.2100000000,1205,195,0
1784577000,28860.7100000000,28861.8300000000,28786.7100000000,28788.4600000000,1193,195,0
1784577300,28787.2100000000,28799.8300000000,28767.2100000000,28794.5800000000,1215,195,0
1784577600,28796.5800000000,28810.2100000000,28766.2100000000,28771.9600000000,1164,195,0
1784577900,28772.2100000000,28780.9600000000,28749.5800000000,28778.4600000000,1161,195,0
1784578200,28777.7100000000,28781.2100000000,28733.3300000000,28737.5800000000,1131,195,0
1784578500,28737.4600000000,28770.9600000000,28722.5800000000,28767.9600000000,1155,195,0
1784578800,28767.0800000000,28786.9600000000,28755.2100000000,28769.4600000000,1112,195,0
1784579100,28769.3300000000,28784.9600000000,28756.0800000000,28769.4600000000,1084,195,0
1784579400,28769.8300000000,28779.0800000000,28757.7100000000,28767.9600000000,1093,195,0
1784579700,28768.0800000000,28783.4600000000,28753.8300000000,28756.8300000000,1127,195,0
1784580000,28756.3300000000,28758.9600000000,28712.0800000000,28721.3300000000,1089,195,0
1784580300,28721.4600000000,28767.3300000000,28719.4600000000,28757.2100000000,1102,195,0
1784580600,28756.7100000000,28793.2100000000,28754.7100000000,28781.2100000000,1075,195,0
1784580900,28781.0800000000,28781.7100000000,28753.2100000000,28767.7100000000,1087,195,0
1784581200,28768.8300000000,28802.8300000000,28767.9600000000,28781.7100000000,1119,195,0
1784581500,28781.4600000000,28799.4600000000,28768.2100000000,28799.2100000000,1099,195,0
1784581800,28799.5800000000,28812.7100000000,28786.9600000000,28803.9600000000,991,195,0
1784582100,28803.7100000000,28820.7100000000,28790.7100000000,28804.2100000000,1053,195,0
1784582400,28803.9600000000,28806.8300000000,28750.2100000000,28753.2100000000,1127,195,0
1784582700,28752.4600000000,28782.7100000000,28743.2100000000,28758.9600000000,1150,195,0
1784583000,28760.3300000000,28760.3300000000,28706.7100000000,28718.4600000000,1127,195,0
1784583300,28717.4600000000,28756.7100000000,28708.9600000000,28717.5800000000,1105,195,0
1784583600,28717.2100000000,28724.0800000000,28670.9600000000,28671.7100000000,1186,195,0
1784583900,28670.3300000000,28701.0800000000,28667.3300000000,28682.4600000000,1221,195,0
1784584200,28682.0800000000,28711.7100000000,28677.3300000000,28703.5800000000,1123,195,0
1784584500,28703.7100000000,28708.8300000000,28667.2100000000,28682.3300000000,1103,195,0
1784584800,28681.7100000000,28706.9600000000,28648.7100000000,28656.9600000000,1169,195,0
1784585100,28657.2100000000,28669.0800000000,28644.2100000000,28659.9600000000,1201,195,0
1784585400,28660.2100000000,28688.9600000000,28619.2100000000,28619.4600000000,1191,195,0
1784585700,28619.9600000000,28644.3300000000,28607.9600000000,28624.9600000000,1221,195,0
1784586000,28625.5800000000,28643.0800000000,28608.4600000000,28636.0800000000,1209,195,0
1784586300,28636.3300000000,28678.9600000000,28609.8300000000,28665.7100000000,1175,195,0
1784586600,28664.7100000000,28693.5800000000,28646.0800000000,28678.0800000000,1250,195,0
1784586900,28678.3300000000,28684.7100000000,28648.5800000000,28673.4600000000,1217,195,0
1784587200,28672.9600000000,28704.2100000000,28665.5800000000,28678.4600000000,1184,195,0
1784587500,28678.0800000000,28689.8300000000,28652.7100000000,28677.8300000000,1176,195,0
1784587800,28663.4600000000,28663.4600000000,28604.9600000000,28615.7100000000,1219,195,0
1784588100,28617.9600000000,28617.9600000000,28579.5800000000,28594.9600000000,1214,195,0
1784588400,28596.5800000000,28641.4600000000,28596.5800000000,28605.8300000000,1049,195,0
1784588700,28606.0800000000,28613.7100000000,28579.0800000000,28584.4600000000,843,195,0
1784589000,28583.4600000000,28594.0800000000,28579.3300000000,28584.4600000000,731,195,0
1784589300,28584.3300000000,28585.5800000000,28565.5800000000,28568.7100000000,658,195,0
1784589600,28568.3300000000,28572.7100000000,28564.9600000000,28567.5800000000,502,195,0
1784589900,28567.7100000000,28573.8300000000,28561.8300000000,28569.7100000000,545,195,0
1784590200,28570.0800000000,28584.8300000000,28569.0800000000,28584.4600000000,409,195,0
1784590500,28584.0800000000,28592.2100000000,28581.2100000000,28586.5800000000,424,195,0
1784590800,28586.4600000000,28587.5800000000,28575.0800000000,28582.3300000000,431,195,0
1784591100,28582.5800000000,28593.0800000000,28580.8300000000,28591.9600000000,405,195,0
1784591400,28591.7100000000,28593.4600000000,28579.4600000000,28590.8300000000,407,195,0
1784591700,28590.7100000000,28596.3300000000,28585.8300000000,28588.0800000000,359,195,0
1784595600,28614.9400000000,28614.9400000000,28544.3100000000,28546.1900000000,530,195,0
1784595900,28546.3100000000,28550.4400000000,28520.6900000000,28545.0600000000,537,195,0
1784596200,28545.4400000000,28550.3100000000,28535.1900000000,28535.5600000000,426,195,0
1784596500,28535.4400000000,28540.8100000000,28527.5600000000,28536.6900000000,416,195,0
1784596800,28537.8100000000,28543.4400000000,28530.6900000000,28539.8100000000,428,195,0
1784597100,28540.4400000000,28543.5600000000,28526.3100000000,28534.4400000000,373,195,0
1784597400,28534.6900000000,28548.3100000000,28516.6900000000,28521.0600000000,393,195,0
1784597700,28521.3100000000,28541.5600000000,28518.9400000000,28532.3100000000,423,195,0
1784598000,28531.8100000000,28539.1900000000,28527.4400000000,28538.8100000000,333,195,0
1784598300,28540.8100000000,28547.9400000000,28521.9400000000,28527.0600000000,375,195,0
1784598600,28527.1900000000,28534.9400000000,28521.9400000000,28532.0600000000,318,195,0
1784598900,28532.5600000000,28535.0600000000,28530.3100000000,28531.5600000000,244,195,0
1784599200,28531.3100000000,28548.3100000000,28527.1900000000,28548.3100000000,440,195,0
1784599500,28550.6900000000,28589.9400000000,28550.6900000000,28588.0600000000,564,195,0
1784599800,28587.9400000000,28592.4400000000,28571.5600000000,28583.1900000000,495,195,0
1784600100,28582.4400000000,28616.5600000000,28580.3100000000,28613.4400000000,530,195,0
1784600400,28613.8100000000,28634.8100000000,28610.3100000000,28627.4400000000,625,195,0
1784600700,28627.3100000000,28636.3100000000,28621.3100000000,28634.0600000000,403,195,0
1784601000,28633.3100000000,28638.6900000000,28626.4400000000,28630.1900000000,487,195,0
1784601300,28630.3100000000,28630.5600000000,28622.4400000000,28624.9400000000,387,195,0
1784601600,28624.6900000000,28630.9400000000,28620.4400000000,28626.0600000000,338,195,0
1784601900,28625.4400000000,28642.5600000000,28614.5600000000,28616.6900000000,869,195,0
1784602200,28617.0600000000,28617.1900000000,28573.0600000000,28597.6900000000,869,195,0
1784602500,28597.1900000000,28616.0600000000,28588.6900000000,28594.1900000000,878,195,0
1784602800,28591.8100000000,28592.0600000000,28537.3100000000,28554.5600000000,1235,195,0
1784603100,28554.4400000000,28565.1900000000,28521.5600000000,28540.9400000000,1152,195,0
1784603400,28544.1900000000,28579.6900000000,28524.0600000000,28551.8100000000,1199,195,0
1784603700,28551.9400000000,28618.5600000000,28524.5600000000,28615.9400000000,1198,195,0
1784604000,28615.3100000000,28621.6900000000,28586.0600000000,28611.4400000000,1215,195,0
1784604300,28610.3100000000,28648.8100000000,28597.1900000000,28632.1900000000,1107,195,0
1784604600,28632.0600000000,28679.4400000000,28628.5600000000,28674.8100000000,1104,195,0
1784604900,28673.9400000000,28683.4400000000,28657.8100000000,28677.0600000000,1044,195,0
1784605200,28676.5600000000,28694.0600000000,28668.1900000000,28681.0600000000,1030,195,0
1784605500,28680.9400000000,28711.1900000000,28670.3100000000,28703.0600000000,1072,195,0
1784605800,28702.9400000000,28711.6900000000,28691.9400000000,28696.6900000000,912,195,0
1784606100,28696.5600000000,28697.0600000000,28671.1900000000,28672.5600000000,1008,195,0
1784606400,28674.3100000000,28692.5600000000,28652.6900000000,28691.5600000000,1111,195,0
1784606700,28691.6900000000,28722.6900000000,28687.8100000000,28713.5600000000,1099,195,0
1784607000,28712.9400000000,28725.6900000000,28709.4400000000,28718.4400000000,1039,195,0
1784607300,28719.0600000000,28726.4400000000,28687.5600000000,28712.5600000000,1069,195,0
1784607600,28711.0600000000,28721.4400000000,28697.6900000000,28705.3100000000,1003,195,0
1784607900,28705.5600000000,28714.4400000000,28696.1900000000,28705.4400000000,978,195,0
1784608200,28705.6900000000,28730.9400000000,28701.3100000000,28727.1900000000,1013,195,0
1784608500,28726.8100000000,28735.6900000000,28703.4400000000,28704.1900000000,949,195,0
1784608800,28704.3100000000,28712.3100000000,28681.6900000000,28689.0600000000,1004,195,0
1784609100,28689.6900000000,28725.3100000000,28685.1900000000,28717.9400000000,988,195,0
1784609400,28717.8100000000,28721.9400000000,28699.8100000000,28712.0600000000,1015,195,0
1784609700,28711.5600000000,28711.5600000000,28686.5600000000,28697.9400000000,948,195,0
1784610000,28698.5600000000,28727.5600000000,28692.8100000000,28724.0600000000,1006,195,0
1784610300,28724.3100000000,28752.6900000000,28710.5600000000,28711.1900000000,991,195,0
1784610600,28711.0600000000,28714.1900000000,28694.9400000000,28699.9400000000,982,195,0
1784610900,28700.1900000000,28705.1900000000,28674.5600000000,28678.4400000000,929,195,0
1784611200,28678.3100000000,28728.4400000000,28674.3100000000,28726.9400000000,910,195,0
1784611500,28727.1900000000,28734.6900000000,28707.9400000000,28708.5600000000,920,195,0
1784611800,28708.6900000000,28741.4400000000,28708.6900000000,28736.3100000000,896,195,0
1784612100,28736.9400000000,28764.1900000000,28735.6900000000,28759.5600000000,871,195,0
1784612400,28759.9400000000,28770.0600000000,28756.1900000000,28763.8100000000,800,195,0
1784612700,28763.5600000000,28764.1900000000,28748.6900000000,28750.8100000000,781,195,0
1784613000,28750.5600000000,28756.9400000000,28742.8100000000,28750.9400000000,792,195,0
1784613300,28751.1900000000,28770.9400000000,28748.9400000000,28769.1900000000,774,195,0
1784613600,28770.1900000000,28789.1900000000,28767.3100000000,28782.4400000000,756,195,0
1784613900,28782.6900000000,28786.8100000000,28779.1900000000,28781.6900000000,681,195,0
1784614200,28781.8100000000,28796.1900000000,28781.0600000000,28789.6900000000,617,195,0
1784614500,28789.4400000000,28808.1900000000,28786.4400000000,28805.6900000000,658,195,0
1784614800,28805.3100000000,28809.3100000000,28800.8100000000,28806.5600000000,635,195,0
1784615100,28806.4400000000,28812.0600000000,28800.1900000000,28810.4400000000,617,195,0
1784615400,28810.6900000000,28830.9400000000,28807.0600000000,28829.5600000000,799,195,0
1784615700,28829.4400000000,28854.4400000000,28827.4400000000,28854.0600000000,727,195,0
1784616000,28853.4400000000,28863.8100000000,28848.4400000000,28848.4400000000,710,195,0
1784616300,28848.1900000000,28887.6900000000,28848.1900000000,28882.6900000000,850,195,0
1784616600,28882.4400000000,28891.5600000000,28877.3100000000,28889.5600000000,721,195,0
1784616900,28889.4400000000,28892.3100000000,28870.6900000000,28886.9400000000,676,195,0
1784617200,28888.4400000000,28897.0600000000,28875.3100000000,28876.8100000000,728,195,0
1784617500,28876.9400000000,28903.5600000000,28873.6900000000,28883.8100000000,723,195,0
1784617800,28883.3100000000,28891.4400000000,28880.6900000000,28881.4400000000,702,195,0
1784618100,28881.8100000000,28886.6900000000,28874.9400000000,28875.1900000000,679,195,0
1784618400,28875.4400000000,28891.6900000000,28870.4400000000,28877.5600000000,680,195,0
1784618700,28877.8100000000,28889.1900000000,28876.0600000000,28880.0600000000,623,195,0
1784619000,28880.5600000000,28882.3100000000,28872.8100000000,28875.0600000000,633,195,0
1784619300,28874.8100000000,28890.3100000000,28874.3100000000,28885.6900000000,653,195,0
1784619600,28885.5600000000,28887.9400000000,28873.3100000000,28879.0600000000,611,195,0
1784619900,28879.1900000000,28891.3100000000,28873.3100000000,28887.4400000000,523,195,0
1784620200,28887.3100000000,28888.0600000000,28866.6900000000,28868.8100000000,646,195,0
1784620500,28869.9400000000,28878.1900000000,28863.6900000000,28870.1900000000,657,195,0
1784620800,28870.0600000000,28875.6900000000,28867.3100000000,28871.0600000000,748,195,0
1784621100,28871.1900000000,28873.1900000000,28863.1900000000,28866.5600000000,694,195,0
1784621400,28866.4400000000,28866.5600000000,28848.6900000000,28850.0600000000,664,195,0
1784621700,28850.1900000000,28851.3100000000,28831.8100000000,28833.5600000000,797,195,0
1784622000,28833.4400000000,28863.8100000000,28832.6900000000,28858.0600000000,839,195,0
1784622300,28857.9400000000,28885.3100000000,28855.1900000000,28881.0600000000,805,195,0
1784622600,28881.1900000000,28885.5600000000,28854.4400000000,28873.0600000000,779,195,0
1784622900,28872.3100000000,28886.8100000000,28869.8100000000,28875.3100000000,748,195,0
1784623200,28875.9400000000,28908.3100000000,28875.9400000000,28901.6900000000,857,195,0
1784623500,28901.5600000000,28906.1900000000,28885.8100000000,28900.5600000000,749,195,0
1784623800,28900.1900000000,28915.4400000000,28899.8100000000,28911.9400000000,743,195,0
1784624100,28911.6900000000,28919.3100000000,28907.8100000000,28913.1900000000,735,195,0
1784624400,28912.8100000000,28933.6900000000,28910.6900000000,28933.4400000000,846,195,0
1784624700,28933.9400000000,28939.6900000000,28922.4400000000,28930.4400000000,752,195,0
1784625000,28930.3100000000,28954.0600000000,28924.1900000000,28947.4400000000,725,195,0
1784625300,28947.3100000000,28956.0600000000,28940.4400000000,28941.9400000000,717,195,0
1784625600,28943.8100000000,28943.9400000000,28923.4400000000,28931.4400000000,765,195,0
1784625900,28931.1900000000,28941.4400000000,28924.9400000000,28925.5600000000,796,195,0
1784626200,28928.4400000000,28949.0600000000,28927.0600000000,28948.5600000000,897,195,0
1784626500,28948.4400000000,28967.6900000000,28942.8100000000,28952.1900000000,753,195,0
1784626800,28952.3100000000,28969.1900000000,28950.6900000000,28968.8100000000,591,195,0
1784627100,28968.9400000000,28969.9400000000,28945.5600000000,28963.4400000000,617,195,0
1784627400,28963.3100000000,28964.9400000000,28951.6900000000,28956.4400000000,530,195,0
1784627700,28955.8100000000,28963.1900000000,28953.9400000000,28961.4400000000,599,195,0
1784628000,28963.3100000000,28974.9400000000,28954.1900000000,28962.3100000000,932,195,0
1784628300,28962.6900000000,28970.0600000000,28950.4400000000,28952.4400000000,681,195,0
1784628600,28952.1900000000,28960.4400000000,28932.8100000000,28945.9400000000,801,195,0
1784628900,28945.8100000000,28945.8100000000,28928.9400000000,28940.4400000000,751,195,0
1784629200,28940.1900000000,28940.1900000000,28915.1900000000,28919.8100000000,767,195,0
1784629500,28919.6900000000,28926.9400000000,28907.6900000000,28918.5600000000,794,195,0
1784629800,28918.4400000000,28934.4400000000,28902.9400000000,28934.1900000000,794,195,0
1784630100,28934.0600000000,28941.4400000000,28929.1900000000,28934.3100000000,702,195,0
1784630400,28934.5600000000,28937.3100000000,28923.5600000000,28926.6900000000,659,195,0
1784630700,28926.8100000000,28929.8100000000,28907.1900000000,28911.6900000000,654,195,0
1784631000,28912.1900000000,28925.8100000000,28906.9400000000,28922.9400000000,698,195,0
1784631300,28923.1900000000,28935.1900000000,28918.8100000000,28932.9400000000,677,195,0
1784631600,28932.3100000000,28948.9400000000,28919.6900000000,28946.9400000000,904,195,0
1784631900,28948.5600000000,28954.9400000000,28941.3100000000,28950.4400000000,860,195,0
1784632200,28950.9400000000,28968.1900000000,28937.1900000000,28966.6900000000,786,195,0
1784632500,28966.5600000000,28970.6900000000,28955.5600000000,28961.4400000000,725,195,0
1784632800,28961.3100000000,28978.0600000000,28956.3100000000,28975.9400000000,732,195,0
1784633100,28976.1900000000,28982.8100000000,28968.1900000000,28982.8100000000,686,195,0
1784633400,28983.3100000000,28989.9400000000,28976.0600000000,28976.3100000000,697,195,0
1784633700,28976.0600000000,28988.1900000000,28972.5600000000,28976.0600000000,596,195,0
1784634000,28976.1900000000,28990.9400000000,28970.9400000000,28981.6900000000,633,195,0
1784634300,28982.6900000000,28983.8100000000,28964.9400000000,28975.5600000000,623,195,0
1784634600,28975.4400000000,28980.3100000000,28969.8100000000,28975.3100000000,585,195,0
1784634900,28974.5600000000,28989.3100000000,28971.6900000000,28981.6900000000,532,195,0
1784635200,28982.0600000000,28995.9400000000,28977.9400000000,28985.6900000000,656,195,0
1784635500,28985.1900000000,28994.1900000000,28981.8100000000,28990.6900000000,644,195,0
1784635800,28991.1900000000,28994.1900000000,28982.4400000000,28986.3100000000,546,195,0
1784636100,28986.6900000000,29010.3100000000,28986.0600000000,29002.9400000000,659,195,0
1784636400,29002.8100000000,29010.3100000000,28993.1900000000,28996.5600000000,616,195,0
1784636700,28996.8100000000,29002.4400000000,28979.6900000000,28981.4400000000,638,195,0
1784637000,28981.1900000000,28994.1900000000,28970.6900000000,28986.4400000000,633,195,0
1784637300,28986.1900000000,28987.6900000000,28966.1900000000,28977.3100000000,588,195,0
1784637600,28977.1900000000,28984.6900000000,28970.0600000000,28979.8100000000,526,195,0
1784637900,28979.6900000000,28999.4400000000,28977.1900000000,28996.5600000000,572,195,0
1784638200,28996.6900000000,28996.6900000000,28985.6900000000,28992.3100000000,552,195,0
1784638500,28992.1900000000,28992.1900000000,28968.1900000000,28969.3100000000,600,195,0
1784638800,28970.3100000000,28997.3100000000,28970.1900000000,28977.1900000000,718,195,0
1784639100,28977.3100000000,28980.4400000000,28970.5600000000,28972.5600000000,556,195,0
1784639400,28972.9400000000,29012.6900000000,28970.4400000000,28986.1900000000,909,195,0
1784639700,28986.0600000000,28994.4400000000,28982.8100000000,28990.0600000000,681,195,0
1784640000,28989.4400000000,29001.6900000000,28987.9400000000,28994.8100000000,609,195,0
1784640300,28995.4400000000,28996.1900000000,28980.8100000000,28988.9400000000,588,195,0
1784640600,28989.0600000000,29001.0600000000,28985.1900000000,28996.9400000000,531,195,0
1784640900,28995.8100000000,29017.5600000000,28990.5600000000,28991.9400000000,645,195,0
1784641200,28992.3100000000,28993.8100000000,28979.4400000000,28986.5600000000,597,195,0
1784641500,28986.4400000000,28999.6900000000,28971.1900000000,28996.0600000000,580,195,0
1784641800,28996.1900000000,28996.4400000000,28979.9400000000,28979.9400000000,602,195,0
1784642100,28981.4400000000,28991.6900000000,28977.8100000000,28979.9400000000,473,195,0
1784642400,28982.6900000000,28998.5600000000,28956.5600000000,28957.3100000000,785,195,0
1784642700,28957.6900000000,28961.4400000000,28949.3100000000,28951.5600000000,724,195,0
1784643000,28951.4400000000,28977.1900000000,28948.3100000000,28972.1900000000,697,195,0
1784643300,28972.8100000000,28973.9400000000,28943.4400000000,28947.6900000000,642,195,0
1784643600,28947.8100000000,28956.1900000000,28936.3100000000,28955.9400000000,702,195,0
1784643900,28955.8100000000,28957.6900000000,28935.9400000000,28943.0600000000,683,195,0
1784644200,28943.5600000000,28958.9400000000,28941.4400000000,28956.6900000000,687,195,0
1784644500,28956.8100000000,28987.6900000000,28955.0600000000,28972.1900000000,710,195,0
1784644800,28972.9400000000,28984.9400000000,28970.1900000000,28982.0600000000,741,195,0
1784645100,28981.4400000000,28995.6900000000,28978.0600000000,28993.6900000000,643,195,0
1784645400,28993.5600000000,28996.8100000000,28968.0600000000,28970.9400000000,673,195,0
1784645700,28970.6900000000,28974.4400000000,28960.0600000000,28967.8100000000,668,195,0
1784646000,28968.4400000000,28987.6900000000,28961.0600000000,28978.4400000000,796,195,0
1784646300,28978.8100000000,29004.6900000000,28973.0600000000,28998.0600000000,793,195,0
1784646600,28996.6900000000,29008.9400000000,28990.6900000000,28992.8100000000,771,195,0
1784646900,28992.5600000000,28993.1900000000,28953.1900000000,28965.6900000000,957,195,0
1784647200,28966.0600000000,28969.8100000000,28950.0600000000,28967.1900000000,872,195,0
1784647500,28967.3100000000,28967.5600000000,28948.6900000000,28948.6900000000,780,195,0
1784647800,28949.1900000000,28956.9400000000,28942.4400000000,28948.4400000000,823,195,0
1784648100,28949.8100000000,28950.5600000000,28933.3100000000,28949.3100000000,870,195,0
1784648400,28949.0600000000,28957.6900000000,28926.6900000000,28949.5600000000,952,195,0
1784648700,28950.3100000000,28991.9400000000,28949.0600000000,28983.9400000000,992,195,0
1784649000,28984.0600000000,29001.9400000000,28980.1900000000,28991.6900000000,951,195,0
1784649300,28991.8100000000,28995.5600000000,28985.6900000000,28987.8100000000,845,195,0
1784649600,28988.4400000000,28998.0600000000,28977.9400000000,28978.6900000000,895,195,0
1784649900,28978.5600000000,28986.8100000000,28971.6900000000,28976.3100000000,856,195,0
1784650200,28976.0600000000,28982.0600000000,28971.8100000000,28977.4400000000,776,195,0
1784650500,28977.0600000000,28985.9400000000,28971.6900000000,28983.9400000000,855,195,0
1784650800,28984.4400000000,28995.5600000000,28982.4400000000,28992.9400000000,834,195,0
1784651100,28993.1900000000,29037.9400000000,28993.1900000000,29037.6900000000,993,195,0
1784651400,29037.4400000000,29060.3100000000,28948.1900000000,28960.5600000000,1381,195,0
1784651700,28962.3100000000,29039.1900000000,28953.5600000000,29005.3100000000,1380,195,0
1784652000,29006.1900000000,29007.5600000000,28945.1900000000,28958.3100000000,1381,195,0
1784652300,28958.0600000000,28967.1900000000,28911.3100000000,28956.5600000000,1375,195,0
1784652600,28957.8100000000,28991.3100000000,28933.4400000000,28956.1900000000,1364,195,0
1784652900,28956.3100000000,28977.5600000000,28908.9400000000,28967.4400000000,1355,195,0
1784653200,28967.3100000000,29002.6900000000,28904.1900000000,28928.6900000000,1362,195,0
1784653500,28928.4400000000,28952.1900000000,28889.4400000000,28894.5600000000,1364,195,0
1784653800,28895.8100000000,28951.6900000000,28879.8100000000,28945.3100000000,1354,195,0
1784654100,28945.5600000000,28976.3100000000,28882.4400000000,28972.4400000000,1350,195,0
1784654400,28973.0600000000,28985.9400000000,28928.3100000000,28963.0600000000,1339,195,0
1784654700,28959.0600000000,29032.6900000000,28956.1900000000,29021.6900000000,1279,195,0
1784655000,29022.5600000000,29044.1900000000,29018.0600000000,29032.9400000000,1271,195,0
1784655300,29033.0600000000,29049.9400000000,29001.3100000000,29018.1900000000,1256,195,0
1784655600,29019.1900000000,29040.0600000000,28978.5600000000,29038.9400000000,1257,195,0
1784655900,29040.1900000000,29069.0600000000,29026.9400000000,29042.5600000000,1268,195,0
1784656200,29042.6900000000,29050.9400000000,29025.8100000000,29044.6900000000,1239,195,0
1784656500,29045.6900000000,29055.9400000000,29027.4400000000,29052.4400000000,1237,195,0
1784656800,29052.5600000000,29059.3100000000,29007.4400000000,29014.1900000000,1298,195,0
1784657100,29014.3100000000,29095.6900000000,28996.9400000000,29088.6900000000,1246,195,0
1784657400,29089.8100000000,29111.9400000000,29084.6900000000,29106.4400000000,1154,195,0
1784657700,29107.9400000000,29112.6900000000,29095.4400000000,29098.3100000000,1136,195,0
1784658000,29098.8100000000,29122.8100000000,29086.9400000000,29115.8100000000,1143,195,0
1784658300,29114.4400000000,29134.3100000000,29112.1900000000,29122.1900000000,1055,195,0
1784658600,29121.3100000000,29122.8100000000,29083.6900000000,29109.9400000000,1112,195,0
1784658900,29110.9400000000,29120.6900000000,29090.4400000000,29091.4400000000,1032,195,0
1784659200,29090.9400000000,29097.9400000000,29073.3100000000,29075.6900000000,1054,195,0
1784659500,29075.9400000000,29106.4400000000,29073.3100000000,29103.6900000000,1096,195,0
1784659800,29103.4400000000,29115.3100000000,29088.6900000000,29089.5600000000,1050,195,0
1784660100,29090.1900000000,29098.1900000000,29072.3100000000,29074.6900000000,1057,195,0
1784660400,29074.1900000000,29117.9400000000,29069.4400000000,29117.6900000000,1092,195,0
1784660700,29117.9400000000,29138.0600000000,29113.5600000000,29123.0600000000,1050,195,0
1784661000,29123.9400000000,29128.5600000000,29111.3100000000,29117.0600000000,1049,195,0
1784661300,29116.9400000000,29134.3100000000,29115.9400000000,29130.0600000000,1012,195,0
1784661600,29130.1900000000,29151.8100000000,29127.8100000000,29140.5600000000,991,195,0
1784661900,29140.0600000000,29144.9400000000,29119.9400000000,29126.9400000000,982,195,0
1784662200,29127.0600000000,29137.1900000000,29118.4400000000,29128.9400000000,995,195,0
1784662500,29129.3100000000,29146.3100000000,29123.8100000000,29145.3100000000,921,195,0
1784662800,29145.4400000000,29149.4400000000,29127.9400000000,29133.4400000000,926,195,0
1784663100,29133.5600000000,29142.3100000000,29126.4400000000,29138.8100000000,923,195,0
1784663400,29138.6900000000,29162.0600000000,29137.0600000000,29162.0600000000,933,195,0
1784663700,29161.8100000000,29166.1900000000,29146.1900000000,29146.4400000000,920,195,0
1784664000,29146.1900000000,29165.0600000000,29145.6900000000,29163.4400000000,919,195,0
1784664300,29163.5600000000,29170.1900000000,29158.6900000000,29161.5600000000,883,195,0
1784664600,29162.3100000000,29164.8100000000,29147.9400000000,29150.0600000000,984,195,0
1784664900,29149.4400000000,29159.3100000000,29143.5600000000,29145.5600000000,957,195,0
1784665200,29145.1900000000,29154.3100000000,29140.4400000000,29143.6900000000,920,195,0
1784665500,29144.0600000000,29150.6900000000,29137.9400000000,29147.9400000000,875,195,0
1784665800,29147.6900000000,29166.0600000000,29142.4400000000,29151.9400000000,988,195,0
1784666100,29151.5600000000,29165.3100000000,29147.3100000000,29161.1900000000,972,195,0
1784666400,29161.5600000000,29162.4400000000,29149.3100000000,29156.0600000000,898,195,0
1784666700,29156.1900000000,29171.9400000000,29148.3100000000,29171.6900000000,897,195,0
1784667000,29171.8100000000,29177.3100000000,29157.9400000000,29159.1900000000,903,195,0
1784667300,29159.3100000000,29162.5600000000,29147.6900000000,29156.4400000000,914,195,0
1784667600,29155.8100000000,29169.6900000000,29153.5600000000,29158.4400000000,943,195,0
1784667900,29157.8100000000,29176.1900000000,29156.5600000000,29165.4400000000,904,195,0
1784668200,29165.1900000000,29167.0600000000,29152.5600000000,29152.5600000000,897,195,0
1784668500,29153.6900000000,29157.5600000000,29149.1900000000,29153.8100000000,852,195,0
1784668800,29153.9400000000,29159.3100000000,29145.5600000000,29155.5600000000,839,195,0
1784669100,29154.9400000000,29155.1900000000,29134.6900000000,29139.9400000000,866,195,0
1784669400,29139.8100000000,29144.0600000000,29125.6900000000,29131.1900000000,919,195,0
1784669700,29131.3100000000,29150.3100000000,29131.3100000000,29142.6900000000,868,195,0
1784670000,29141.9400000000,29163.5600000000,29134.1900000000,29162.3100000000,886,195,0
1784670300,29162.4400000000,29170.4400000000,29149.3100000000,29154.8100000000,852,195,0
1784670600,29154.6900000000,29157.1900000000,29138.4400000000,29138.4400000000,848,195,0
1784670900,29138.3100000000,29147.3100000000,29131.6900000000,29142.8100000000,864,195,0
1784671200,29143.8100000000,29150.0600000000,29126.4400000000,29133.4400000000,982,195,0
1784671500,29133.0600000000,29141.4400000000,29120.9400000000,29125.3100000000,979,195,0
1784671800,29125.4400000000,29133.6900000000,29119.9400000000,29125.0600000000,932,195,0
1784672100,29123.9400000000,29135.0600000000,29119.9400000000,29131.6900000000,917,195,0
1784672400,29131.8100000000,29134.3100000000,29121.6900000000,29125.5600000000,885,195,0
1784672700,29124.8100000000,29127.5600000000,29105.8100000000,29108.3100000000,989,195,0
1784673000,29109.8100000000,29125.9400000000,29106.5600000000,29121.3100000000,1015,195,0
1784673300,29120.4400000000,29145.9400000000,29119.5600000000,29140.0600000000,969,195,0
1784673600,29140.1900000000,29155.0600000000,29135.5600000000,29152.5600000000,961,195,0
1784673900,29151.3100000000,29155.5600000000,29140.9400000000,29154.5600000000,959,195,0
1784674200,29137.0600000000,29164.1900000000,29131.0600000000,29153.0600000000,1073,195,0
1784674500,29160.3100000000,29161.3100000000,29115.3100000000,29126.3100000000,1090,195,0
1784674800,29126.8100000000,29131.0600000000,29102.4400000000,29105.5600000000,989,195,0
1784675100,29106.0600000000,29120.4400000000,29103.6900000000,29118.5600000000,791,195,0
1784675400,29118.1900000000,29123.5600000000,29107.5600000000,29121.4400000000,614,195,0
1784675700,29119.0600000000,29119.0600000000,29098.6900000000,29104.9400000000,561,195,0
1784676000,29104.6900000000,29107.3100000000,29101.8100000000,29104.1900000000,399,195,0
1784676300,29104.0600000000,29108.4400000000,29102.1900000000,29107.6900000000,405,195,0
1784676600,29107.5600000000,29115.9400000000,29107.5600000000,29114.4400000000,363,195,0
1784676900,29114.3100000000,29117.0600000000,29110.5600000000,29114.5600000000,359,195,0
1784677200,29114.1900000000,29114.9400000000,29104.9400000000,29107.6900000000,378,195,0
1784677500,29107.8100000000,29109.4400000000,29094.1900000000,29097.5600000000,444,195,0
1784677800,29097.9400000000,29103.9400000000,29096.4400000000,29099.0600000000,336,195,0
1784678100,29098.9400000000,29105.5600000000,29095.0600000000,29104.1900000000,307,195,0
1784682000,29122.1600000000,29122.1600000000,29104.5300000000,29110.2800000000,566,195,0
1784682300,29111.0300000000,29114.5300000000,29099.1600000000,29107.2800000000,485,195,0
1784682600,29107.0300000000,29116.4100000000,29101.2800000000,29116.1600000000,467,195,0
1784682900,29116.2800000000,29120.4100000000,29112.5300000000,29117.2800000000,460,195,0
1784683200,29117.7800000000,29120.1600000000,29092.5300000000,29092.5300000000,340,195,0
1784683500,29092.6600000000,29099.1600000000,29084.0300000000,29088.9100000000,439,195,0
1784683800,29089.0300000000,29098.7800000000,29076.5300000000,29096.0300000000,410,195,0
1784684100,29095.7800000000,29100.1600000000,29090.2800000000,29093.4100000000,334,195,0
1784684400,29093.2800000000,29098.9100000000,29087.2800000000,29088.4100000000,296,195,0
1784684700,29088.2800000000,29088.2800000000,29071.1600000000,29077.5300000000,486,195,0
1784685000,29078.2800000000,29081.4100000000,29075.0300000000,29080.9100000000,401,195,0
1784685300,29082.9100000000,29094.1600000000,29076.9100000000,29092.5300000000,434,195,0
1784685600,29092.7800000000,29092.9100000000,29080.0300000000,29089.7800000000,423,195,0
1784685900,29089.6600000000,29090.1600000000,29081.9100000000,29089.9100000000,354,195,0
1784686200,29089.1600000000,29104.1600000000,29086.4100000000,29100.7800000000,415,195,0
1784686500,29101.0300000000,29122.5300000000,29091.1600000000,29119.5300000000,480,195,0
1784686800,29119.0300000000,29119.0300000000,29102.7800000000,29106.1600000000,374,195,0
1784687100,29106.0300000000,29117.0300000000,29103.9100000000,29114.5300000000,386,195,0
1784687400,29114.1600000000,29122.5300000000,29110.4100000000,29114.6600000000,410,195,0
1784687700,29114.1600000000,29114.1600000000,29102.0300000000,29104.5300000000,386,195,0
1784688000,29106.0300000000,29107.7800000000,29091.6600000000,29098.4100000000,478,195,0
1784688300,29098.2800000000,29112.7800000000,29095.5300000000,29111.2800000000,845,195,0
1784688600,29109.5300000000,29119.9100000000,29088.6600000000,29098.4100000000,763,195,0
1784688900,29098.1600000000,29121.5300000000,29098.0300000000,29116.5300000000,729,195,0
1784689200,29123.7800000000,29142.6600000000,29105.2800000000,29141.9100000000,1093,195,0
1784689500,29141.6600000000,29153.7800000000,29131.5300000000,29146.6600000000,1044,195,0
1784689800,29145.7800000000,29155.0300000000,29127.5300000000,29146.9100000000,992,195,0
1784690100,29146.6600000000,29148.6600000000,29124.5300000000,29142.6600000000,1033,195,0
1784690400,29142.5300000000,29146.0300000000,29119.1600000000,29127.7800000000,1016,195,0
1784690700,29127.2800000000,29134.9100000000,29109.5300000000,29117.7800000000,1038,195,0
1784691000,29118.7800000000,29123.6600000000,29091.0300000000,29104.4100000000,1069,195,0
1784691300,29103.9100000000,29111.7800000000,29091.6600000000,29109.2800000000,1035,195,0
1784691600,29109.6600000000,29115.9100000000,29098.4100000000,29102.6600000000,927,195,0
1784691900,29102.4100000000,29105.1600000000,29078.9100000000,29099.4100000000,956,195,0
1784692200,29099.2800000000,29101.7800000000,29083.0300000000,29086.0300000000,922,195,0
1784692500,29086.1600000000,29110.9100000000,29078.1600000000,29107.0300000000,929,195,0
1784692800,29106.9100000000,29112.5300000000,29053.1600000000,29061.0300000000,1130,195,0
1784693100,29060.1600000000,29069.2800000000,29053.7800000000,29061.4100000000,950,195,0
1784693400,29061.5300000000,29079.2800000000,29056.5300000000,29075.0300000000,863,195,0
1784693700,29075.6600000000,29089.6600000000,29074.6600000000,29082.9100000000,897,195,0
1784694000,29082.7800000000,29084.9100000000,29058.2800000000,29060.0300000000,932,195,0
1784694300,29060.5300000000,29081.5300000000,29059.0300000000,29064.9100000000,901,195,0
1784694600,29065.7800000000,29068.1600000000,29050.6600000000,29062.9100000000,1035,195,0
1784694900,29063.2800000000,29075.1600000000,29058.9100000000,29071.1600000000,916,195,0
1784695200,29071.9100000000,29079.9100000000,29058.9100000000,29073.4100000000,972,195,0
1784695500,29074.1600000000,29106.4100000000,29069.4100000000,29106.4100000000,880,195,0
1784695800,29106.1600000000,29123.9100000000,29101.0300000000,29119.6600000000,820,195,0
1784696100,29119.2800000000,29121.0300000000,29094.1600000000,29095.2800000000,769,195,0
1784696400,29096.0300000000,29102.2800000000,29065.9100000000,29081.1600000000,949,195,0
1784696700,29081.4100000000,29087.9100000000,29057.0300000000,29064.7800000000,923,195,0
1784697000,29064.6600000000,29082.6600000000,29062.1600000000,29080.0300000000,918,195,0
1784697300,29080.1600000000,29086.6600000000,29074.1600000000,29077.7800000000,884,195,0
1784697600,29077.9100000000,29085.9100000000,29072.4100000000,29082.0300000000,836,195,0
1784697900,29081.9100000000,29102.5300000000,29069.4100000000,29095.2800000000,834,195,0
1784698200,29093.9100000000,29096.6600000000,29069.6600000000,29073.2800000000,950,195,0
1784698500,29073.5300000000,29076.0300000000,29062.1600000000,29062.4100000000,868,195,0
1784698800,29063.1600000000,29083.2800000000,29062.0300000000,29071.6600000000,831,195,0
1784699100,29071.2800000000,29082.5300000000,29065.0300000000,29079.7800000000,833,195,0
1784699400,29079.1600000000,29080.1600000000,29064.0300000000,29071.1600000000,719,195,0
1784699700,29071.2800000000,29073.0300000000,29048.0300000000,29058.0300000000,748,195,0
1784700000,29057.7800000000,29059.9100000000,29046.6600000000,29053.6600000000,877,195,0
1784700300,29053.2800000000,29062.7800000000,29033.9100000000,29035.0300000000,837,195,0
1784700600,29035.1600000000,29038.5300000000,29029.0300000000,29032.5300000000,707,195,0
1784700900,29032.7800000000,29046.2800000000,29030.5300000000,29035.4100000000,807,195,0
1784701200,29035.6600000000,29069.4100000000,29035.1600000000,29067.6600000000,787,195,0
1784701500,29067.5300000000,29080.2800000000,29065.6600000000,29080.2800000000,822,195,0
1784701800,29080.4100000000,29085.5300000000,29038.4100000000,29044.7800000000,946,195,0
1784702100,29044.4100000000,29050.7800000000,29037.4100000000,29046.5300000000,885,195,0
1784702400,29046.2800000000,29053.7800000000,29036.2800000000,29041.7800000000,816,195,0
1784702700,29041.6600000000,29060.4100000000,29041.6600000000,29053.5300000000,729,195,0
1784703000,29053.0300000000,29053.2800000000,29010.4100000000,29016.2800000000,898,195,0
1784703300,29016.6600000000,29025.7800000000,29009.0300000000,29018.0300000000,853,195,0
1784703600,29018.4100000000,29031.2800000000,29006.7800000000,29031.0300000000,879,195,0
1784703900,29032.0300000000,29043.1600000000,29026.2800000000,29038.2800000000,771,195,0
1784704200,29038.6600000000,29042.6600000000,29028.1600000000,29032.1600000000,710,195,0
1784704500,29032.2800000000,29045.6600000000,29031.4100000000,29041.9100000000,710,195,0
1784704800,29041.5300000000,29054.4100000000,29038.7800000000,29050.2800000000,670,195,0
1784705100,29049.9100000000,29057.0300000000,29042.2800000000,29052.0300000000,667,195,0
1784705400,29051.7800000000,29052.0300000000,29033.9100000000,29036.2800000000,754,195,0
1784705700,29036.6600000000,29040.0300000000,29030.1600000000,29031.1600000000,642,195,0
1784706000,29030.9100000000,29042.1600000000,29027.7800000000,29035.4100000000,709,195,0
1784706300,29035.7800000000,29038.5300000000,29024.2800000000,29027.5300000000,708,195,0
1784706600,29027.6600000000,29029.5300000000,29021.6600000000,29021.6600000000,627,195,0
1784706900,29021.7800000000,29040.6600000000,29012.6600000000,29039.7800000000,829,195,0
1784707200,29040.1600000000,29043.0300000000,29019.0300000000,29020.2800000000,911,195,0
1784707500,29020.4100000000,29023.4100000000,29003.4100000000,29003.7800000000,855,195,0
1784707800,29003.6600000000,29012.9100000000,28998.4100000000,29005.5300000000,952,195,0
1784708100,29005.4100000000,29014.2800000000,28995.9100000000,29006.0300000000,1025,195,0
1784708400,29005.9100000000,29005.9100000000,28984.9100000000,28988.9100000000,934,195,0
1784708700,28988.6600000000,29004.7800000000,28984.7800000000,28984.7800000000,1007,195,0
1784709000,28984.4100000000,29003.0300000000,28981.0300000000,29000.4100000000,1027,195,0
1784709300,29000.6600000000,29001.1600000000,28973.5300000000,28986.7800000000,1016,195,0
1784709600,28986.0300000000,28989.1600000000,28964.7800000000,28966.6600000000,919,195,0
1784709900,28966.1600000000,28975.1600000000,28959.4100000000,28972.6600000000,904,195,0
1784710200,28973.6600000000,28996.0300000000,28971.2800000000,28975.4100000000,895,195,0
1784710500,28975.2800000000,28991.7800000000,28973.2800000000,28991.2800000000,844,195,0
1784710800,28987.0300000000,28991.6600000000,28968.5300000000,28970.0300000000,936,195,0
1784711100,28968.9100000000,28971.0300000000,28945.9100000000,28948.1600000000,933,195,0
1784711400,28947.9100000000,28962.0300000000,28945.1600000000,28951.6600000000,840,195,0
1784711700,28950.9100000000,28950.9100000000,28913.5300000000,28916.6600000000,833,195,0
1784712000,28917.4100000000,28917.9100000000,28878.9100000000,28900.4100000000,932,195,0
1784712300,28900.0300000000,28906.0300000000,28887.5300000000,28897.0300000000,887,195,0
1784712600,28897.5300000000,28912.7800000000,28886.6600000000,28912.7800000000,865,195,0
1784712900,28913.9100000000,28933.5300000000,28912.5300000000,28929.2800000000,756,195,0
1784713200,28929.1600000000,28933.1600000000,28920.6600000000,28920.6600000000,697,195,0
1784713500,28920.9100000000,28920.9100000000,28887.0300000000,28888.9100000000,788,195,0
1784713800,28887.9100000000,28921.0300000000,28881.5300000000,28911.9100000000,691,195,0
1784714100,28911.1600000000,28917.2800000000,28902.1600000000,28910.9100000000,727,195,0
1784714400,28912.1600000000,28920.7800000000,28891.9100000000,28902.2800000000,993,195,0
1784714700,28901.1600000000,28903.4100000000,28870.1600000000,28885.1600000000,884,195,0
1784715000,28885.2800000000,28917.4100000000,28884.1600000000,28915.7800000000,861,195,0
1784715300,28916.0300000000,28933.0300000000,28909.2800000000,28924.9100000000,810,195,0
1784715600,28924.4100000000,28933.0300000000,28907.4100000000,28910.6600000000,793,195,0
1784715900,28910.5300000000,28942.1600000000,28903.0300000000,28937.1600000000,839,195,0
1784716200,28936.0300000000,28942.4100000000,28890.1600000000,28890.1600000000,955,195,0
1784716500,28889.9100000000,28894.5300000000,28867.5300000000,28868.1600000000,945,195,0
1784716800,28867.1600000000,28883.5300000000,28844.9100000000,28883.2800000000,939,195,0
1784717100,28883.1600000000,28894.6600000000,28863.4100000000,28866.0300000000,897,195,0
1784717400,28866.2800000000,28885.9100000000,28859.1600000000,28880.1600000000,847,195,0
1784717700,28880.2800000000,28886.7800000000,28868.4100000000,28875.1600000000,801,195,0
1784718000,28879.2800000000,28905.7800000000,28859.5300000000,28902.6600000000,1075,195,0
1784718300,28902.7800000000,28925.1600000000,28886.7800000000,28912.7800000000,943,195,0
1784718600,28914.0300000000,28915.5300000000,28882.5300000000,28885.7800000000,957,195,0
1784718900,28885.9100000000,28900.1600000000,28881.0300000000,28890.9100000000,885,195,0
1784719200,28890.7800000000,28922.4100000000,28887.6600000000,28918.6600000000,879,195,0
1784719500,28918.7800000000,28922.9100000000,28906.2800000000,28919.7800000000,921,195,0
1784719800,28920.0300000000,28934.7800000000,28915.2800000000,28930.0300000000,840,195,0
1784720100,28930.4100000000,28930.9100000000,28905.2800000000,28906.9100000000,727,195,0
1784720400,28907.0300000000,28918.0300000000,28899.2800000000,28904.7800000000,783,195,0
1784720700,28905.2800000000,28925.7800000000,28904.9100000000,28913.4100000000,761,195,0
1784721000,28913.7800000000,28926.5300000000,28904.7800000000,28923.6600000000,767,195,0
1784721300,28923.7800000000,28935.9100000000,28913.4100000000,28928.7800000000,746,195,0
1784721600,28928.6600000000,28957.1600000000,28925.5300000000,28950.4100000000,799,195,0
1784721900,28950.9100000000,28968.1600000000,28943.0300000000,28955.9100000000,778,195,0
1784722200,28955.7800000000,28963.7800000000,28945.2800000000,28949.9100000000,741,195,0
1784722500,28950.2800000000,28954.7800000000,28946.7800000000,28953.5300000000,756,195,0
1784722800,28953.2800000000,28965.0300000000,28948.5300000000,28957.1600000000,743,195,0
1784723100,28957.0300000000,28961.1600000000,28943.2800000000,28944.1600000000,661,195,0
1784723400,28943.4100000000,28944.6600000000,28915.4100000000,28917.0300000000,798,195,0
1784723700,28917.1600000000,28932.9100000000,28916.1600000000,28928.9100000000,785,195,0
1784724000,28928.7800000000,28937.6600000000,28920.7800000000,28934.5300000000,774,195,0
1784724300,28934.6600000000,28942.1600000000,28931.0300000000,28933.7800000000,705,195,0
1784724600,28933.2800000000,28934.5300000000,28908.4100000000,28915.7800000000,793,195,0
1784724900,28917.0300000000,28946.4100000000,28915.2800000000,28946.1600000000,720,195,0
1784725200,28945.9100000000,28976.9100000000,28945.7800000000,28961.9100000000,757,195,0
1784725500,28962.0300000000,28964.5300000000,28949.4100000000,28951.5300000000,698,195,0
1784725800,28951.4100000000,28959.6600000000,28938.9100000000,28939.1600000000,703,195,0
1784726100,28939.4100000000,28957.0300000000,28932.6600000000,28948.9100000000,715,195,0
1784726400,28949.0300000000,28985.6600000000,28949.0300000000,28980.6600000000,973,195,0
1784726700,28980.7800000000,28983.9100000000,28974.0300000000,28980.0300000000,808,195,0
1784727000,28980.1600000000,28988.0300000000,28963.4100000000,28964.7800000000,864,195,0
1784727300,28965.1600000000,28972.4100000000,28954.4100000000,28958.5300000000,810,195,0
1784727600,28958.4100000000,28961.9100000000,28953.2800000000,28953.7800000000,732,195,0
1784727900,28953.6600000000,28989.0300000000,28952.4100000000,28989.0300000000,745,195,0
1784728200,28988.9100000000,28991.5300000000,28975.0300000000,28976.5300000000,640,195,0
1784728500,28976.4100000000,28980.7800000000,28970.5300000000,28973.1600000000,665,195,0
1784728800,28972.5300000000,28983.2800000000,28954.5300000000,28954.5300000000,920,195,0
1784729100,28953.9100000000,28964.9100000000,28949.2800000000,28954.9100000000,832,195,0
1784729400,28955.5300000000,28956.6600000000,28941.0300000000,28942.5300000000,775,195,0
1784729700,28942.6600000000,28942.6600000000,28930.2800000000,28932.0300000000,707,195,0
1784730000,28932.2800000000,28953.9100000000,28932.2800000000,28938.9100000000,777,195,0
1784730300,28938.7800000000,28939.4100000000,28918.0300000000,28920.9100000000,748,195,0
1784730600,28920.7800000000,28929.1600000000,28914.4100000000,28923.4100000000,718,195,0
1784730900,28923.2800000000,28932.5300000000,28904.0300000000,28907.1600000000,771,195,0
1784731200,28907.0300000000,28907.4100000000,28836.6600000000,28861.4100000000,1070,195,0
1784731500,28861.1600000000,28897.5300000000,28854.5300000000,28890.1600000000,947,195,0
1784731800,28890.6600000000,28892.5300000000,28876.9100000000,28883.7800000000,823,195,0
1784732100,28885.4100000000,28887.4100000000,28863.6600000000,28873.1600000000,811,195,0
1784732400,28873.2800000000,28890.0300000000,28847.5300000000,28856.0300000000,890,195,0
1784732700,28856.7800000000,28874.6600000000,28844.6600000000,28853.7800000000,849,195,0
1784733000,28854.2800000000,28868.7800000000,28845.1600000000,28863.0300000000,818,195,0
1784733300,28864.4100000000,28866.1600000000,28839.1600000000,28844.5300000000,843,195,0
1784733600,28845.0300000000,28848.4100000000,28816.1600000000,28816.6600000000,835,195,0
1784733900,28816.2800000000,28846.1600000000,28814.0300000000,28845.0300000000,876,195,0
1784734200,28846.0300000000,28885.0300000000,28846.0300000000,28878.2800000000,1045,195,0
1784734500,28878.4100000000,28885.5300000000,28861.4100000000,28882.6600000000,888,195,0
1784734800,28882.4100000000,28886.6600000000,28873.5300000000,28874.6600000000,825,195,0
1784735100,28874.7800000000,28875.1600000000,28829.9100000000,28838.0300000000,1009,195,0
1784735400,28837.7800000000,28864.9100000000,28835.0300000000,28864.4100000000,857,195,0
1784735700,28864.7800000000,28865.5300000000,28782.6600000000,28835.6600000000,975,195,0
1784736000,28844.4100000000,28865.7800000000,28841.1600000000,28863.7800000000,952,195,0
1784736300,28863.9100000000,28879.5300000000,28856.4100000000,28878.7800000000,876,195,0
1784736600,28878.4100000000,28881.4100000000,28868.5300000000,28875.2800000000,814,195,0
1784736900,28875.4100000000,28900.1600000000,28873.1600000000,28897.4100000000,850,195,0
1784737200,28897.5300000000,28908.0300000000,28887.5300000000,28908.0300000000,855,195,0
1784737500,28914.2800000000,28917.1600000000,28892.4100000000,28906.9100000000,1017,195,0
1784737800,28911.1600000000,28980.1600000000,28911.1600000000,28969.1600000000,1343,195,0
1784738100,28970.2800000000,28982.6600000000,28932.6600000000,28973.9100000000,1374,195,0
1784738400,28974.5300000000,29004.0300000000,28951.9100000000,28996.4100000000,1336,195,0
1784738700,28997.1600000000,29035.1600000000,28977.1600000000,28991.5300000000,1327,195,0
1784739000,28992.1600000000,29057.1600000000,28972.0300000000,29055.2800000000,1323,195,0
1784739300,29054.9100000000,29095.4100000000,29048.4100000000,29094.6600000000,1266,195,0
1784739600,29094.4100000000,29101.0300000000,29057.6600000000,29076.9100000000,1284,195,0
1784739900,29076.6600000000,29095.4100000000,29040.5300000000,29041.4100000000,1263,195,0
1784740200,29042.1600000000,29081.1600000000,29036.6600000000,29053.4100000000,1285,195,0
1784740500,29054.9100000000,29071.4100000000,29015.0300000000,29071.4100000000,1319,195,0
1784740800,29069.6600000000,29091.0300000000,29018.1600000000,29036.4100000000,1302,195,0
1784741100,29036.6600000000,29050.2800000000,29020.2800000000,29037.6600000000,1318,195,0
1784741400,29038.1600000000,29077.9100000000,29034.4100000000,29036.4100000000,1290,195,0
1784741700,29036.0300000000,29063.9100000000,29026.1600000000,29038.1600000000,1272,195,0
1784742000,29038.7800000000,29051.1600000000,28991.5300000000,29004.5300000000,1316,195,0
1784742300,29003.7800000000,29048.6600000000,28993.2800000000,29042.6600000000,1296,195,0
1784742600,29042.9100000000,29044.9100000000,29005.6600000000,29019.2800000000,1287,195,0
1784742900,29018.1600000000,29062.6600000000,29002.4100000000,29058.9100000000,1233,195,0
1784743200,29061.2800000000,29092.6600000000,29061.1600000000,29088.4100000000,1175,195,0
1784743500,29088.0300000000,29121.1600000000,29081.1600000000,29110.9100000000,1158,195,0
1784743800,29111.4100000000,29132.0300000000,29107.7800000000,29124.9100000000,1162,195,0
1784744100,29124.6600000000,29131.9100000000,29111.2800000000,29127.5300000000,1117,195,0
1784744400,29128.5300000000,29145.7800000000,29115.6600000000,29141.1600000000,1167,195,0
1784744700,29141.7800000000,29160.4100000000,29139.1600000000,29143.6600000000,1098,195,0
1784745000,29143.1600000000,29153.6600000000,29107.2800000000,29110.6600000000,1130,195,0
1784745300,29110.2800000000,29128.7800000000,29097.7800000000,29100.7800000000,1121,195,0
1784745600,29101.1600000000,29120.9100000000,29093.2800000000,29107.6600000000,1113,195,0
1784745900,29107.9100000000,29127.5300000000,29107.9100000000,29125.2800000000,1050,195,0
1784746200,29126.9100000000,29151.0300000000,29122.5300000000,29125.9100000000,1112,195,0
1784746500,29126.0300000000,29149.2800000000,29117.9100000000,29148.5300000000,1068,195,0
1784746800,29149.0300000000,29151.6600000000,29131.4100000000,29138.9100000000,1062,195,0
1784747100,29138.4100000000,29151.7800000000,29132.7800000000,29146.7800000000,994,195,0
1784747400,29147.0300000000,29151.2800000000,29134.6600000000,29147.7800000000,978,195,0
1784747700,29147.1600000000,29153.2800000000,29136.4100000000,29147.9100000000,998,195,0
1784748000,29147.6600000000,29147.6600000000,29126.5300000000,29133.4100000000,1062,195,0
1784748300,29133.0300000000,29135.6600000000,29119.2800000000,29129.9100000000,1010,195,0
1784748600,29129.6600000000,29146.7800000000,29126.5300000000,29141.4100000000,1013,195,0
1784748900,29141.6600000000,29141.6600000000,29120.1600000000,29123.7800000000,989,195,0
1784749200,29124.6600000000,29124.9100000000,29102.5300000000,29109.0300000000,1082,195,0
1784749500,29109.2800000000,29114.7800000000,29095.4100000000,29106.7800000000,1079,195,0
1784749800,29106.9100000000,29115.9100000000,29099.2800000000,29109.5300000000,1013,195,0
1784750100,29109.6600000000,29140.0300000000,29108.2800000000,29129.0300000000,964,195,0
1784750400,29129.2800000000,29144.9100000000,29121.6600000000,29126.6600000000,937,195,0
1784750700,29126.9100000000,29149.2800000000,29125.9100000000,29144.5300000000,950,195,0
1784751000,29144.6600000000,29146.4100000000,29126.1600000000,29128.4100000000,971,195,0
1784751300,29129.1600000000,29136.4100000000,29120.0300000000,29128.5300000000,1015,195,0
1784751600,29128.9100000000,29134.7800000000,29114.0300000000,29132.0300000000,1031,195,0
1784751900,29131.9100000000,29137.0300000000,29117.2800000000,29123.9100000000,959,195,0
1784752200,29123.4100000000,29138.1600000000,29100.7800000000,29102.1600000000,978,195,0
1784752500,29102.0300000000,29133.7800000000,29099.4100000000,29132.4100000000,994,195,0
1784752800,29132.5300000000,29132.5300000000,29108.2800000000,29112.4100000000,922,195,0
1784753100,29113.2800000000,29116.5300000000,29100.1600000000,29101.0300000000,935,195,0
1784753400,29100.6600000000,29106.0300000000,29069.0300000000,29069.1600000000,1009,195,0
1784753700,29068.5300000000,29079.5300000000,29053.1600000000,29063.1600000000,1101,195,0
1784754000,29062.5300000000,29080.0300000000,29051.1600000000,29070.6600000000,1108,195,0
1784754300,29071.1600000000,29088.7800000000,29064.1600000000,29064.4100000000,1003,195,0
1784754600,29063.9100000000,29071.9100000000,29043.0300000000,29043.0300000000,1055,195,0
1784754900,29042.9100000000,29059.4100000000,29041.1600000000,29050.6600000000,1037,195,0
1784755200,29050.4100000000,29071.4100000000,29042.9100000000,29048.1600000000,1001,195,0
1784755500,29048.0300000000,29066.1600000000,29044.2800000000,29057.6600000000,944,195,0
1784755800,29058.1600000000,29058.1600000000,29026.4100000000,29033.0300000000,1006,195,0
1784756100,29031.4100000000,29058.0300000000,29030.4100000000,29051.4100000000,978,195,0
1784756400,29052.1600000000,29054.2800000000,29041.7800000000,29047.0300000000,903,195,0
1784756700,29046.9100000000,29067.2800000000,29045.5300000000,29051.1600000000,939,195,0
1784757000,29050.9100000000,29072.7800000000,29043.5300000000,29071.9100000000,963,195,0
1784757300,29071.7800000000,29076.9100000000,29061.6600000000,29063.9100000000,893,195,0
1784757600,29064.5300000000,29076.2800000000,29053.0300000000,29067.4100000000,1026,195,0
1784757900,29067.1600000000,29072.1600000000,29059.2800000000,29064.6600000000,962,195,0
1784758200,29064.5300000000,29064.5300000000,29034.0300000000,29042.9100000000,1013,195,0
1784758500,29043.0300000000,29064.4100000000,29036.1600000000,29058.6600000000,1011,195,0
1784758800,29058.2800000000,29065.7800000000,29042.7800000000,29056.0300000000,967,195,0
1784759100,29055.4100000000,29077.7800000000,29046.4100000000,29071.7800000000,941,195,0
1784759400,29070.4100000000,29072.4100000000,29043.9100000000,29048.0300000000,1047,195,0
1784759700,29047.6600000000,29054.2800000000,29011.4100000000,29018.1600000000,1081,195,0
1784760000,29018.6600000000,29041.5300000000,29014.2800000000,29030.2800000000,1058,195,0
1784760300,29031.0300000000,29046.1600000000,29026.9100000000,29042.5300000000,1015,195,0
1784760600,29063.2800000000,29063.2800000000,29017.2800000000,29022.0300000000,1096,195,0
1784760900,29021.5300000000,29021.9100000000,28977.5300000000,28977.5300000000,1179,195,0
1784761200,28979.2800000000,29052.9100000000,28963.0800000000,28965.5300000000,1217,195,0
1784761500,28971.5300000000,28990.1600000000,28938.5300000000,28973.6600000000,1027,195,0
1784761800,28972.4100000000,29067.9100000000,28963.5300000000,29066.1600000000,932,195,0
1784762100,29064.5300000000,29077.9100000000,29040.6600000000,29067.1600000000,930,195,0
1784762400,29067.0300000000,29068.6600000000,29033.2800000000,29052.1600000000,703,195,0
1784762700,29052.2800000000,29058.2800000000,29022.9100000000,29036.7800000000,614,195,0
1784763000,29036.0300000000,29043.0300000000,29019.2800000000,29034.0300000000,602,195,0
1784763300,29033.5300000000,29039.0300000000,29002.6600000000,29015.0300000000,662,195,0
1784763600,29015.2800000000,29018.7800000000,29002.2800000000,29003.0300000000,606,195,0
1784763900,29003.1600000000,29016.9100000000,28997.5300000000,29007.5300000000,545,195,0
1784764200,29007.4100000000,29031.0300000000,29007.4100000000,29020.7800000000,612,195,0
1784764500,29020.5300000000,29020.5300000000,28984.7800000000,28984.7800000000,679,195,0
1784768400,28949.0800000000,28963.0800000000,28898.7000000000,28900.5800000000,733,195,0
1784768700,28900.7000000000,28904.2000000000,28883.3300000000,28889.5800000000,595,195,0
1784769000,28889.2000000000,28914.4500000000,28888.3300000000,28907.0800000000,575,195,0
1784769300,28907.4500000000,28915.7000000000,28893.2000000000,28905.7000000000,564,195,0
1784769600,28905.5800000000,28917.8300000000,28900.8300000000,28911.7000000000,558,195,0
1784769900,28911.5800000000,28928.3300000000,28899.0800000000,28904.4500000000,576,195,0
1784770200,28904.5800000000,28910.4500000000,28899.4500000000,28901.8300000000,516,195,0
1784770500,28901.7000000000,28907.3300000000,28868.2000000000,28869.8300000000,605,195,0
1784770800,28870.3300000000,28876.5800000000,28863.5800000000,28868.3300000000,593,195,0
1784771100,28869.2000000000,28886.9500000000,28861.8300000000,28884.8300000000,529,195,0
1784771400,28884.9500000000,28901.4500000000,28878.7000000000,28900.9500000000,511,195,0
1784771700,28900.8300000000,28906.4500000000,28891.2000000000,28894.4500000000,515,195,0
1784772000,28895.2000000000,28902.5800000000,28850.0800000000,28860.8300000000,588,195,0
1784772300,28861.8300000000,28864.3300000000,28854.5800000000,28855.9500000000,572,195,0
1784772600,28856.0800000000,28889.7000000000,28852.5800000000,28885.9500000000,601,195,0
1784772900,28885.8300000000,28888.4500000000,28857.9500000000,28865.2000000000,510,195,0
1784773200,28865.0800000000,28878.3300000000,28864.9500000000,28878.3300000000,340,195,0
1784773500,28878.5800000000,28885.4500000000,28868.9500000000,28880.2000000000,422,195,0
1784773800,28880.3300000000,28899.0800000000,28880.2000000000,28895.2000000000,531,195,0
1784774100,28893.8300000000,28905.5800000000,28893.2000000000,28901.9500000000,427,195,0
1784774400,28902.0800000000,28919.8300000000,28902.0800000000,28918.8300000000,571,195,0
1784774700,28918.7000000000,28963.2000000000,28915.0800000000,28950.2000000000,853,195,0
1784775000,28950.5800000000,28957.5800000000,28942.7000000000,28948.7000000000,678,195,0
1784775300,28948.5800000000,28965.4500000000,28941.8300000000,28965.0800000000,684,195,0
1784775600,28968.2000000000,28984.8300000000,28955.3300000000,28978.2000000000,1086,195,0
1784775900,28978.9500000000,28994.9500000000,28978.9500000000,28987.0800000000,965,195,0
1784776200,28986.5800000000,28991.8300000000,28966.0800000000,28989.8300000000,909,195,0
1784776500,28989.5800000000,29032.7000000000,28979.4500000000,29021.4500000000,1008,195,0
1784776800,29023.9500000000,29055.7000000000,29023.8300000000,29054.9500000000,990,195,0
1784777100,29055.0800000000,29078.4500000000,29048.0800000000,29049.0800000000,931,195,0
1784777400,29049.5800000000,29064.5800000000,29041.2000000000,29061.7000000000,1004,195,0
1784777700,29062.2000000000,29071.2000000000,29053.7000000000,29062.3300000000,863,195,0
1784778000,29062.2000000000,29068.9500000000,29053.4500000000,29056.4500000000,908,195,0
1784778300,29056.3300000000,29068.2000000000,29051.4500000000,29066.0800000000,869,195,0
1784778600,29066.5800000000,29104.0800000000,29054.8300000000,29090.8300000000,890,195,0
1784778900,29090.2000000000,29100.5800000000,29077.8300000000,29077.8300000000,807,195,0
1784779200,29078.9500000000,29091.7000000000,29059.5800000000,29084.4500000000,1061,195,0
1784779500,29084.2000000000,29092.2000000000,29072.4500000000,29080.4500000000,905,195,0
1784779800,29080.5800000000,29093.4500000000,29080.5800000000,29091.0800000000,865,195,0
1784780100,29091.3300000000,29095.3300000000,29061.8300000000,29064.4500000000,925,195,0
1784780400,29064.8300000000,29077.7000000000,29055.2000000000,29065.2000000000,957,195,0
1784780700,29065.0800000000,29075.2000000000,29057.0800000000,29062.5800000000,961,195,0
1784781000,29063.7000000000,29071.8300000000,29030.4500000000,29067.4500000000,1133,195,0
1784781300,29067.3300000000,29082.0800000000,29030.8300000000,29032.2000000000,1056,195,0
1784781600,29031.5800000000,29034.0800000000,29003.7000000000,29004.4500000000,1077,195,0
1784781900,29004.3300000000,29020.9500000000,29000.7000000000,29005.4500000000,1020,195,0
1784782200,29004.9500000000,29033.0800000000,28998.4500000000,29033.0800000000,1072,195,0
1784782500,29032.9500000000,29038.5800000000,28998.3300000000,28998.8300000000,990,195,0
1784782800,28998.7000000000,29016.5800000000,28987.8300000000,29015.5800000000,1053,195,0
1784783100,29016.3300000000,29022.7000000000,28999.2000000000,29000.3300000000,942,195,0
1784783400,28999.2000000000,29000.3300000000,28970.2000000000,28971.2000000000,950,195,0
1784783700,28970.8300000000,28977.3300000000,28947.7000000000,28952.7000000000,924,195,0
1784784000,28952.5800000000,28954.9500000000,28927.8300000000,28931.0800000000,920,195,0
1784784300,28930.0800000000,28931.2000000000,28914.8300000000,28926.5800000000,946,195,0
1784784600,28926.4500000000,28947.4500000000,28922.9500000000,28946.0800000000,946,195,0
1784784900,28945.9500000000,28946.0800000000,28893.7000000000,28896.9500000000,908,195,0
1784785200,28896.8300000000,28899.5800000000,28881.0800000000,28891.3300000000,927,195,0
1784785500,28891.0800000000,28914.9500000000,28890.5800000000,28890.9500000000,856,195,0
1784785800,28890.0800000000,28917.0800000000,28884.8300000000,28914.2000000000,862,195,0
1784786100,28914.9500000000,28918.8300000000,28906.8300000000,28913.8300000000,780,195,0
1784786400,28913.5800000000,28918.8300000000,28891.9500000000,28896.0800000000,858,195,0
1784786700,28896.2000000000,28900.8300000000,28866.3300000000,28873.7000000000,823,195,0
1784787000,28873.9500000000,28881.4500000000,28852.5800000000,28875.5800000000,851,195,0
1784787300,28875.7000000000,28881.5800000000,28862.8300000000,28877.2000000000,856,195,0
1784787600,28878.8300000000,28901.9500000000,28871.8300000000,28887.9500000000,861,195,0
1784787900,28888.9500000000,28906.0800000000,28868.7000000000,28906.0800000000,841,195,0
1784788200,28905.9500000000,28935.4500000000,28894.5800000000,28904.3300000000,1065,195,0
1784788500,28904.2000000000,28921.7000000000,28898.8300000000,28920.8300000000,957,195,0
1784788800,28920.4500000000,28938.8300000000,28916.5800000000,28938.8300000000,887,195,0
1784789100,28939.0800000000,28945.9500000000,28925.8300000000,28942.7000000000,802,195,0
1784789400,28942.9500000000,28950.3300000000,28934.9500000000,28946.8300000000,707,195,0
1784789700,28946.9500000000,28948.3300000000,28933.2000000000,28933.8300000000,794,195,0
1784790000,28934.4500000000,28936.5800000000,28912.7000000000,28915.5800000000,789,195,0
1784790300,28915.9500000000,28923.0800000000,28890.3300000000,28909.0800000000,898,195,0
1784790600,28908.2000000000,28956.7000000000,28907.2000000000,28956.7000000000,874,195,0
1784790900,28957.4500000000,28961.7000000000,28934.5800000000,28935.3300000000,827,195,0
1784791200,28935.5800000000,28963.9500000000,28935.5800000000,28963.2000000000,781,195,0
1784791500,28963.3300000000,28984.7000000000,28948.4500000000,28973.9500000000,824,195,0
1784791800,28973.2000000000,28987.5800000000,28966.3300000000,28986.0800000000,878,195,0
1784792100,28986.2000000000,28987.5800000000,28966.5800000000,28983.7000000000,808,195,0
1784792400,28984.2000000000,28985.5800000000,28960.3300000000,28963.5800000000,759,195,0
1784792700,28964.0800000000,28979.3300000000,28951.4500000000,28951.4500000000,768,195,0
1784793000,28950.5800000000,28951.3300000000,28935.2000000000,28941.3300000000,816,195,0
1784793300,28941.4500000000,28950.9500000000,28934.8300000000,28946.5800000000,807,195,0
1784793600,28946.4500000000,28950.7000000000,28928.9500000000,28934.8300000000,907,195,0
1784793900,28935.8300000000,28942.5800000000,28929.3300000000,28935.7000000000,938,195,0
1784794200,28936.3300000000,28940.7000000000,28922.8300000000,28939.5800000000,890,195,0
1784794500,28939.7000000000,28940.9500000000,28924.8300000000,28933.3300000000,868,195,0
1784794800,28932.8300000000,28954.3300000000,28921.5800000000,28942.0800000000,916,195,0
1784795100,28940.9500000000,28991.8300000000,28940.9500000000,28991.8300000000,903,195,0
1784795400,28992.5800000000,29005.2000000000,28989.3300000000,28996.3300000000,973,195,0
1784795700,28995.8300000000,28995.9500000000,28963.2000000000,28966.5800000000,857,195,0
1784796000,28966.0800000000,28979.5800000000,28958.0800000000,28970.4500000000,911,195,0
1784796300,28970.3300000000,28971.3300000000,28928.3300000000,28928.3300000000,849,195,0
1784796600,28929.3300000000,28940.8300000000,28901.0800000000,28901.7000000000,910,195,0
1784796900,28901.2000000000,28930.5800000000,28901.2000000000,28909.0800000000,869,195,0
1784797200,28909.4500000000,28938.5800000000,28907.7000000000,28923.0800000000,962,195,0
1784797500,28923.4500000000,28932.3300000000,28899.7000000000,28904.5800000000,901,195,0
1784797800,28905.4500000000,28925.4500000000,28901.4500000000,28920.7000000000,923,195,0
1784798100,28920.4500000000,28927.5800000000,28908.5800000000,28922.9500000000,925,195,0
1784798400,28925.4500000000,28932.0800000000,28901.5800000000,28913.2000000000,832,195,0
1784798700,28912.9500000000,28932.8300000000,28909.8300000000,28929.3300000000,831,195,0
1784799000,28930.4500000000,28935.2000000000,28913.2000000000,28919.0800000000,882,195,0
1784799300,28919.4500000000,28923.4500000000,28905.4500000000,28911.8300000000,743,195,0
1784799600,28911.9500000000,28921.3300000000,28903.8300000000,28904.4500000000,696,195,0
1784799900,28904.5800000000,28941.3300000000,28903.4500000000,28926.9500000000,651,195,0
1784800200,28926.7000000000,28930.5800000000,28903.0800000000,28908.7000000000,666,195,0
1784800500,28908.0800000000,28911.8300000000,28898.4500000000,28905.9500000000,718,195,0
1784800800,28908.4500000000,28909.2000000000,28868.3300000000,28883.2000000000,1062,195,0
1784801100,28883.3300000000,28884.8300000000,28841.0800000000,28841.8300000000,1007,195,0
1784801400,28841.7000000000,28843.9500000000,28776.8300000000,28817.4500000000,1161,195,0
1784801700,28818.0800000000,28836.5800000000,28814.9500000000,28834.9500000000,1012,195,0
1784802000,28835.3300000000,28856.2000000000,28831.5800000000,28831.7000000000,963,195,0
1784802300,28831.8300000000,28860.7000000000,28831.8300000000,28838.3300000000,961,195,0
1784802600,28838.0800000000,28842.3300000000,28798.7000000000,28803.9500000000,939,195,0
1784802900,28804.0800000000,28812.7000000000,28796.3300000000,28798.7000000000,892,195,0
1784803200,28798.9500000000,28800.2000000000,28760.3300000000,28762.8300000000,1002,195,0
1784803500,28762.2000000000,28773.7000000000,28744.9500000000,28765.5800000000,979,195,0
1784803800,28765.0800000000,28788.2000000000,28757.2000000000,28782.0800000000,986,195,0
1784804100,28783.8300000000,28810.7000000000,28782.5800000000,28809.9500000000,1012,195,0
1784804400,28810.2000000000,28823.4500000000,28781.3300000000,28816.7000000000,1075,195,0
1784804700,28816.5800000000,28857.7000000000,28813.4500000000,28857.5800000000,973,195,0
1784805000,28857.8300000000,28864.2000000000,28842.4500000000,28857.2000000000,868,195,0
1784805300,28857.8300000000,28883.2000000000,28847.8300000000,28872.2000000000,923,195,0
1784805600,28872.8300000000,28877.3300000000,28840.9500000000,28847.0800000000,938,195,0
1784805900,28847.3300000000,28873.7000000000,28841.2000000000,28873.2000000000,886,195,0
1784806200,28872.0800000000,28883.7000000000,28860.2000000000,28879.3300000000,884,195,0
1784806500,28879.2000000000,28882.7000000000,28863.5800000000,28865.3300000000,819,195,0
1784806800,28865.4500000000,28875.8300000000,28853.0800000000,28859.9500000000,820,195,0
1784807100,28859.2000000000,28878.8300000000,28857.2000000000,28872.2000000000,850,195,0
1784807400,28872.3300000000,28900.3300000000,28868.3300000000,28898.2000000000,817,195,0
1784807700,28898.3300000000,28933.2000000000,28896.5800000000,28925.2000000000,812,195,0
1784808000,28925.3300000000,28959.4500000000,28909.9500000000,28949.0800000000,980,195,0
1784808300,28949.7000000000,28950.3300000000,28928.2000000000,28928.8300000000,886,195,0
1784808600,28928.9500000000,28931.9500000000,28902.4500000000,28903.5800000000,825,195,0
1784808900,28903.3300000000,28919.3300000000,28900.0800000000,28910.8300000000,762,195,0
1784809200,28911.0800000000,28924.7000000000,28903.3300000000,28917.7000000000,753,195,0
1784809500,28917.9500000000,28921.4500000000,28907.7000000000,28913.3300000000,659,195,0
1784809800,28912.9500000000,28913.3300000000,28889.8300000000,28895.7000000000,800,195,0
1784810100,28896.3300000000,28903.2000000000,28892.5800000000,28897.8300000000,746,195,0
1784810400,28896.9500000000,28903.3300000000,28890.9500000000,28897.5800000000,743,195,0
1784810700,28897.9500000000,28908.7000000000,28895.9500000000,28896.3300000000,745,195,0
1784811000,28896.2000000000,28899.7000000000,28881.5800000000,28886.0800000000,775,195,0
1784811300,28886.4500000000,28889.8300000000,28867.7000000000,28877.4500000000,811,195,0
1784811600,28875.8300000000,28887.7000000000,28868.5800000000,28881.3300000000,834,195,0
1784811900,28881.4500000000,28889.4500000000,28867.8300000000,28870.4500000000,774,195,0
1784812200,28870.7000000000,28871.5800000000,28860.8300000000,28864.7000000000,661,195,0
1784812500,28865.0800000000,28877.0800000000,28859.2000000000,28862.7000000000,756,195,0
1784812800,28862.8300000000,28878.4500000000,28860.3300000000,28871.7000000000,849,195,0
1784813100,28872.7000000000,28885.7000000000,28868.2000000000,28876.2000000000,737,195,0
1784813400,28874.8300000000,28923.5800000000,28868.5800000000,28914.5800000000,905,195,0
1784813700,28915.5800000000,28938.5800000000,28914.5800000000,28932.2000000000,794,195,0
1784814000,28932.0800000000,28944.2000000000,28916.8300000000,28923.3300000000,813,195,0
1784814300,28923.0800000000,28930.8300000000,28917.3300000000,28928.4500000000,725,195,0
1784814600,28928.2000000000,28929.0800000000,28919.0800000000,28920.3300000000,746,195,0
1784814900,28919.8300000000,28929.9500000000,28916.7000000000,28924.7000000000,712,195,0
1784815200,28925.7000000000,28929.7000000000,28877.5800000000,28879.2000000000,985,195,0
1784815500,28879.4500000000,28880.4500000000,28857.9500000000,28863.5800000000,940,195,0
1784815800,28863.2000000000,28880.9500000000,28856.3300000000,28879.5800000000,824,195,0
1784816100,28879.3300000000,28893.8300000000,28871.0800000000,28871.7000000000,832,195,0
1784816400,28872.0800000000,28872.4500000000,28832.4500000000,28834.5800000000,918,195,0
1784816700,28834.7000000000,28842.2000000000,28815.0800000000,28816.4500000000,903,195,0
1784817000,28816.5800000000,28824.4500000000,28792.4500000000,28802.7000000000,988,195,0
1784817300,28802.8300000000,28802.9500000000,28738.3300000000,28751.3300000000,1080,195,0
1784817600,28751.2000000000,28759.4500000000,28735.9500000000,28747.2000000000,1051,195,0
1784817900,28747.5800000000,28762.4500000000,28735.8300000000,28761.2000000000,995,195,0
1784818200,28761.0800000000,28803.3300000000,28756.5800000000,28776.0800000000,968,195,0
1784818500,28775.4500000000,28795.3300000000,28764.7000000000,28786.9500000000,926,195,0
1784818800,28787.0800000000,28789.3300000000,28769.0800000000,28772.4500000000,968,195,0
1784819100,28772.2000000000,28775.2000000000,28738.5800000000,28746.5800000000,980,195,0
1784819400,28746.9500000000,28763.3300000000,28737.8300000000,28738.5800000000,771,195,0
1784819700,28738.3300000000,28759.8300000000,28709.7000000000,28714.4500000000,1064,195,0
1784820000,28714.2000000000,28720.8300000000,28684.9500000000,28696.0800000000,1121,195,0
1784820300,28695.5800000000,28700.3300000000,28677.5800000000,28688.5800000000,1011,195,0
1784820600,28688.0800000000,28696.4500000000,28650.5800000000,28660.0800000000,1084,195,0
1784820900,28659.5800000000,28660.3300000000,28613.4500000000,28617.9500000000,1120,195,0
1784821200,28617.8300000000,28629.0800000000,28591.8300000000,28610.5800000000,1158,195,0
1784821500,28610.9500000000,28619.2000000000,28578.0800000000,28608.4500000000,1194,195,0
1784821800,28608.3300000000,28626.8300000000,28599.7000000000,28606.0800000000,1155,195,0
1784822100,28606.3300000000,28617.9500000000,28595.8300000000,28608.9500000000,1085,195,0
1784822400,28609.2000000000,28626.3300000000,28587.7000000000,28592.0800000000,1202,195,0
1784822700,28591.5800000000,28594.5800000000,28547.8300000000,28549.8300000000,1186,195,0
1784823000,28549.9500000000,28561.3300000000,28538.4500000000,28549.2000000000,1136,195,0
1784823300,28548.9500000000,28553.0800000000,28525.5800000000,28538.3300000000,1108,195,0
1784823600,28538.4500000000,28543.0800000000,28522.2000000000,28524.7000000000,1107,195,0
1784823900,28532.4500000000,28546.4500000000,28520.9500000000,28541.3300000000,1169,195,0
1784824200,28538.9500000000,28585.8300000000,28479.7000000000,28582.4500000000,1374,195,0
1784824500,28581.3300000000,28639.2000000000,28560.2000000000,28618.4500000000,1397,195,0
1784824800,28622.4500000000,28704.9500000000,28622.4500000000,28679.2000000000,1375,195,0
1784825100,28678.2000000000,28690.2000000000,28570.9500000000,28582.9500000000,1387,195,0
1784825400,28580.2000000000,28641.7000000000,28541.3300000000,28638.4500000000,1381,195,0
1784825700,28637.8300000000,28656.3300000000,28518.8300000000,28530.5800000000,1384,195,0
1784826000,28537.0800000000,28591.2000000000,28530.7000000000,28570.4500000000,1401,195,0
1784826300,28571.7000000000,28622.5800000000,28500.7000000000,28538.2000000000,1397,195,0
1784826600,28537.5800000000,28592.4500000000,28519.0800000000,28526.2000000000,1384,195,0
1784826900,28526.4500000000,28564.7000000000,28509.7000000000,28526.9500000000,1395,195,0
1784827200,28527.3300000000,28601.2000000000,28514.8300000000,28531.0800000000,1376,195,0
1784827500,28531.3300000000,28564.5800000000,28517.5800000000,28555.5800000000,1364,195,0
1784827800,28553.3300000000,28573.4500000000,28465.7000000000,28491.8300000000,1366,195,0
1784828100,28492.5800000000,28586.3300000000,28469.7000000000,28577.3300000000,1352,195,0
1784828400,28577.4500000000,28594.0800000000,28448.7000000000,28468.3300000000,1374,195,0
1784828700,28468.0800000000,28492.0800000000,28443.7000000000,28451.7000000000,1364,195,0
1784829000,28452.4500000000,28467.9500000000,28401.4500000000,28404.3300000000,1335,195,0
1784829300,28404.5800000000,28440.8300000000,28399.8300000000,28418.7000000000,1349,195,0
1784829600,28421.2000000000,28426.4500000000,28380.8300000000,28390.8300000000,1296,195,0
1784829900,28389.9500000000,28394.0800000000,28348.3300000000,28351.0800000000,1312,195,0
1784830200,28350.5800000000,28366.0800000000,28305.4500000000,28316.9500000000,1297,195,0
1784830500,28315.9500000000,28360.0800000000,28314.5800000000,28358.9500000000,1335,195,0
1784830800,28358.8300000000,28391.0800000000,28283.4500000000,28325.8300000000,1341,195,0
1784831100,28323.7000000000,28329.5800000000,28270.8300000000,28288.2000000000,1298,195,0
1784831400,28290.0800000000,28313.8300000000,28255.0800000000,28311.3300000000,1277,195,0
1784831700,28310.8300000000,28358.7000000000,28310.8300000000,28349.3300000000,1333,195,0
1784832000,28349.5800000000,28372.8300000000,28316.3300000000,28316.8300000000,1276,195,0
1784832300,28316.5800000000,28350.5800000000,28301.3300000000,28344.3300000000,1305,195,0
1784832600,28342.0800000000,28379.3300000000,28327.0800000000,28378.2000000000,1305,195,0
1784832900,28378.7000000000,28412.0800000000,28373.2000000000,28410.3300000000,1214,195,0
1784833200,28411.5800000000,28449.9500000000,28396.0800000000,28438.3300000000,1255,195,0
1784833500,28438.2000000000,28445.2000000000,28399.3300000000,28445.0800000000,1277,195,0
1784833800,28444.5800000000,28465.8300000000,28439.8300000000,28451.5800000000,1235,195,0
1784834100,28451.8300000000,28466.5800000000,28432.2000000000,28452.7000000000,1209,195,0
1784834400,28452.3300000000,28518.3300000000,28452.3300000000,28510.0800000000,1184,195,0
1784834700,28509.3300000000,28536.8300000000,28495.8300000000,28528.7000000000,1148,195,0
1784835000,28529.4500000000,28530.0800000000,28508.0800000000,28512.8300000000,1185,195,0
1784835300,28512.5800000000,28559.8300000000,28505.0800000000,28553.9500000000,1219,195,0
1784835600,28554.3300000000,28555.8300000000,28509.2000000000,28509.9500000000,1167,195,0
1784835900,28509.2000000000,28509.2000000000,28458.0800000000,28459.8300000000,1231,195,0
1784836200,28459.5800000000,28468.5800000000,28431.9500000000,28433.7000000000,1236,195,0
1784836500,28434.3300000000,28468.4500000000,28434.3300000000,28463.5800000000,1243,195,0
1784836800,28465.4500000000,28484.5800000000,28436.9500000000,28437.5800000000,1248,195,0
1784837100,28437.4500000000,28452.3300000000,28410.8300000000,28448.5800000000,1279,195,0
1784837400,28448.3300000000,28479.8300000000,28447.3300000000,28465.4500000000,1278,195,0
1784837700,28461.8300000000,28478.9500000000,28437.0800000000,28461.8300000000,1250,195,0
1784838000,28462.8300000000,28495.4500000000,28450.8300000000,28485.8300000000,1236,195,0
1784838300,28486.8300000000,28498.4500000000,28473.7000000000,28474.9500000000,1189,195,0
1784838600,28473.3300000000,28479.3300000000,28427.9500000000,28442.8300000000,1255,195,0
1784838900,28442.0800000000,28446.8300000000,28409.9500000000,28411.8300000000,1275,195,0
1784839200,28412.3300000000,28426.4500000000,28393.8300000000,28416.2000000000,1250,195,0
1784839500,28416.8300000000,28451.3300000000,28404.5800000000,28442.8300000000,1257,195,0
1784839800,28443.8300000000,28449.8300000000,28418.8300000000,28418.9500000000,1239,195,0
1784840100,28418.8300000000,28419.5800000000,28388.3300000000,28391.0800000000,1175,195,0
1784840400,28391.2000000000,28403.5800000000,28373.5800000000,28383.4500000000,1244,195,0
1784840700,28383.5800000000,28393.0800000000,28365.0800000000,28369.2000000000,1168,195,0
1784841000,28369.3300000000,28399.8300000000,28365.9500000000,28381.8300000000,1181,195,0
1784841300,28382.5800000000,28399.8300000000,28367.5800000000,28378.0800000000,1133,195,0
1784841600,28377.8300000000,28403.9500000000,28371.5800000000,28402.0800000000,1137,195,0
1784841900,28402.2000000000,28406.5800000000,28377.5800000000,28397.3300000000,1173,195,0
1784842200,28396.8300000000,28418.7000000000,28391.0800000000,28418.5800000000,1131,195,0
1784842500,28418.2000000000,28425.0800000000,28376.8300000000,28390.3300000000,1113,195,0
1784842800,28390.5800000000,28398.0800000000,28367.8300000000,28372.3300000000,1107,195,0
1784843100,28372.4500000000,28400.3300000000,28371.0800000000,28386.5800000000,1095,195,0
1784843400,28386.7000000000,28391.3300000000,28353.5800000000,28354.8300000000,1087,195,0
1784843700,28354.5800000000,28373.9500000000,28348.9500000000,28373.4500000000,1098,195,0
1784844000,28378.8300000000,28388.0800000000,28337.0800000000,28337.5800000000,1105,195,0
1784844300,28338.0800000000,28349.8300000000,28330.4500000000,28332.0800000000,1060,195,0
1784844600,28331.3300000000,28345.5800000000,28323.7000000000,28329.3300000000,1053,195,0
1784844900,28327.8300000000,28363.3300000000,28326.8300000000,28348.0800000000,1092,195,0
1784845200,28345.8300000000,28395.4500000000,28345.8300000000,28395.4500000000,1127,195,0
1784845500,28395.3300000000,28416.5800000000,28383.7000000000,28404.3300000000,1183,195,0
1784845800,28404.4500000000,28417.5800000000,28356.0800000000,28382.3300000000,1203,195,0
1784846100,28381.3300000000,28387.5800000000,28362.0800000000,28362.5800000000,1148,195,0
1784846400,28361.8300000000,28366.5800000000,28324.7000000000,28324.7000000000,1151,195,0
1784846700,28324.5800000000,28333.4500000000,28308.4500000000,28320.9500000000,1180,195,0
1784847000,28326.2000000000,28366.5800000000,28326.2000000000,28357.8300000000,1229,195,0
1784847300,28376.5800000000,28455.4500000000,28375.2000000000,28429.9500000000,1281,195,0
1784847600,28440.5800000000,28547.7000000000,28435.8300000000,28530.9500000000,1215,195,0
1784847900,28531.2000000000,28545.2000000000,28522.9500000000,28535.2000000000,846,195,0
1784848200,28535.8300000000,28568.4500000000,28535.8300000000,28548.8300000000,973,195,0
1784848500,28549.3300000000,28578.3300000000,28541.4500000000,28577.0800000000,870,195,0
1784848800,28576.9500000000,28592.9500000000,28571.7000000000,28592.2000000000,803,195,0
1784849100,28592.3300000000,28599.3300000000,28581.3300000000,28591.3300000000,755,195,0
1784849400,28591.2000000000,28603.3300000000,28578.9500000000,28588.5800000000,762,195,0
1784849700,28588.7000000000,28595.0800000000,28585.7000000000,28589.5800000000,631,195,0
1784850000,28589.4500000000,28589.4500000000,28550.5800000000,28558.2000000000,690,195,0
1784850300,28557.9500000000,28561.2000000000,28547.5800000000,28551.8300000000,622,195,0
1784850600,28551.5800000000,28558.5800000000,28548.5800000000,28554.7000000000,599,195,0
1784850900,28555.0800000000,28568.5800000000,28550.9500000000,28562.7000000000,553,195,0
1784854800,28528.2800000000,28529.5300000000,28481.7800000000,28484.5300000000,783,195,0
1784855100,28483.6600000000,28491.7800000000,28476.1600000000,28486.2800000000,585,195,0
1784855400,28486.7800000000,28486.7800000000,28457.9100000000,28467.6600000000,608,195,0
1784855700,28467.1600000000,28468.6600000000,28449.4100000000,28455.5300000000,495,195,0
1784856000,28455.6600000000,28501.1600000000,28453.1600000000,28496.0300000000,669,195,0
1784856300,28495.0300000000,28498.0300000000,28478.2800000000,28488.2800000000,560,195,0
1784856600,28488.5300000000,28516.6600000000,28488.0300000000,28503.1600000000,547,195,0
1784856900,28503.0300000000,28512.9100000000,28492.5300000000,28498.6600000000,437,195,0
1784857200,28497.7800000000,28510.5300000000,28493.0300000000,28509.4100000000,397,195,0
1784857500,28509.2800000000,28531.9100000000,28508.6600000000,28522.7800000000,484,195,0
1784857800,28522.6600000000,28533.2800000000,28519.7800000000,28531.5300000000,369,195,0
1784858100,28531.4100000000,28556.9100000000,28531.4100000000,28555.1600000000,470,195,0
1784858400,28554.4100000000,28559.0300000000,28524.4100000000,28528.1600000000,527,195,0
1784858700,28528.9100000000,28535.4100000000,28517.0300000000,28527.5300000000,513,195,0
1784859000,28527.7800000000,28529.6600000000,28514.7800000000,28522.9100000000,382,195,0
1784859300,28522.5300000000,28532.2800000000,28515.1600000000,28519.7800000000,429,195,0
1784859600,28520.7800000000,28532.9100000000,28517.9100000000,28527.4100000000,399,195,0
1784859900,28527.5300000000,28530.5300000000,28521.1600000000,28524.9100000000,361,195,0
1784860200,28523.5300000000,28526.4100000000,28508.0300000000,28520.4100000000,414,195,0
1784860500,28520.5300000000,28521.5300000000,28501.1600000000,28501.7800000000,391,195,0
1784860800,28502.1600000000,28521.4100000000,28486.6600000000,28511.6600000000,761,195,0
1784861100,28512.5300000000,28534.7800000000,28500.1600000000,28504.9100000000,1064,195,0
1784861400,28505.0300000000,28511.4100000000,28483.9100000000,28489.7800000000,915,195,0
1784861700,28489.5300000000,28518.2800000000,28486.4100000000,28504.5300000000,885,195,0
1784862000,28508.6600000000,28549.4100000000,28479.2800000000,28480.4100000000,1259,195,0
1784862300,28481.1600000000,28495.1600000000,28453.2800000000,28461.4100000000,1218,195,0
1784862600,28462.5300000000,28475.0300000000,28444.4100000000,28467.5300000000,1144,195,0
1784862900,28469.9100000000,28483.0300000000,28441.2800000000,28455.6600000000,1161,195,0
1784863200,28455.2800000000,28507.9100000000,28448.1600000000,28492.4100000000,1186,195,0
1784863500,28492.6600000000,28500.5300000000,28462.2800000000,28469.7800000000,1114,195,0
1784863800,28469.4100000000,28473.2800000000,28447.9100000000,28454.9100000000,1121,195,0
1784864100,28454.1600000000,28490.5300000000,28447.5300000000,28475.6600000000,1087,195,0
1784864400,28475.9100000000,28501.4100000000,28469.1600000000,28481.0300000000,1116,195,0
1784864700,28480.5300000000,28504.6600000000,28475.7800000000,28493.2800000000,1151,195,0
1784865000,28492.9100000000,28500.4100000000,28460.6600000000,28462.6600000000,1111,195,0
1784865300,28462.5300000000,28499.9100000000,28452.2800000000,28495.6600000000,1120,195,0
1784865600,28499.7800000000,28516.4100000000,28481.7800000000,28515.1600000000,1233,195,0
1784865900,28515.4100000000,28526.2800000000,28508.5300000000,28511.7800000000,1150,195,0
1784866200,28512.0300000000,28517.1600000000,28483.2800000000,28488.1600000000,1079,195,0
1784866500,28488.0300000000,28507.9100000000,28475.1600000000,28491.4100000000,1120,195,0
1784866800,28490.7800000000,28496.9100000000,28466.5300000000,28480.1600000000,1086,195,0
1784867100,28480.0300000000,28518.0300000000,28477.6600000000,28480.7800000000,1144,195,0
1784867400,28481.1600000000,28509.6600000000,28471.9100000000,28505.2800000000,1215,195,0
1784867700,28505.5300000000,28509.6600000000,28480.2800000000,28481.6600000000,1162,195,0
1784868000,28481.5300000000,28509.7800000000,28470.5300000000,28489.6600000000,1136,195,0
1784868300,28489.1600000000,28498.0300000000,28468.6600000000,28468.7800000000,1102,195,0
1784868600,28468.5300000000,28474.5300000000,28454.4100000000,28470.6600000000,1071,195,0
1784868900,28471.6600000000,28476.4100000000,28436.1600000000,28438.9100000000,1035,195,0
1784869200,28442.9100000000,28447.6600000000,28428.0300000000,28429.2800000000,1103,195,0
1784869500,28429.0300000000,28441.9100000000,28419.0300000000,28441.7800000000,1044,195,0
1784869800,28441.5300000000,28456.5300000000,28434.4100000000,28442.6600000000,1106,195,0
1784870100,28442.7800000000,28448.5300000000,28425.0300000000,28431.0300000000,1062,195,0
1784870400,28430.9100000000,28437.0300000000,28411.5300000000,28433.4100000000,993,195,0
1784870700,28433.5300000000,28448.5300000000,28416.6600000000,28419.5300000000,1018,195,0
1784871000,28419.7800000000,28423.5300000000,28395.6600000000,28397.0300000000,1041,195,0
1784871300,28397.2800000000,28397.4100000000,28377.5300000000,28379.0300000000,939,195,0
1784871600,28379.1600000000,28386.1600000000,28373.0300000000,28373.4100000000,926,195,0
1784871900,28373.6600000000,28377.9100000000,28356.0300000000,28363.6600000000,1014,195,0
1784872200,28362.9100000000,28373.5300000000,28354.4100000000,28356.4100000000,936,195,0
1784872500,28356.1600000000,28369.4100000000,28342.4100000000,28344.6600000000,942,195,0
1784872800,28344.5300000000,28366.4100000000,28343.1600000000,28360.6600000000,959,195,0
1784873100,28360.5300000000,28370.4100000000,28349.2800000000,28351.0300000000,956,195,0
1784873400,28351.2800000000,28371.1600000000,28346.0300000000,28363.5300000000,972,195,0
1784873700,28363.6600000000,28385.6600000000,28355.9100000000,28356.9100000000,952,195,0
1784874000,28357.0300000000,28366.1600000000,28347.0300000000,28354.2800000000,1023,195,0
1784874300,28354.4100000000,28381.6600000000,28352.6600000000,28369.7800000000,1023,195,0
1784874600,28370.5300000000,28380.2800000000,28336.4100000000,28346.0300000000,1113,195,0
1784874900,28346.1600000000,28362.2800000000,28334.5300000000,28348.0300000000,1072,195,0
1784875200,28349.2800000000,28353.6600000000,28325.2800000000,28329.4100000000,1001,195,0
1784875500,28329.0300000000,28344.5300000000,28319.0300000000,28335.9100000000,983,195,0
1784875800,28335.0300000000,28336.1600000000,28319.0300000000,28323.9100000000,918,195,0
1784876100,28323.1600000000,28324.5300000000,28306.5300000000,28310.5300000000,819,195,0
1784876400,28310.6600000000,28317.0300000000,28292.1600000000,28300.9100000000,810,195,0
1784876700,28301.5300000000,28339.6600000000,28301.5300000000,28339.6600000000,1035,195,0
1784877000,28339.5300000000,28340.2800000000,28307.5300000000,28311.0300000000,880,195,0
1784877300,28310.9100000000,28338.5300000000,28307.0300000000,28336.5300000000,827,195,0
1784877600,28336.9100000000,28359.4100000000,28319.7800000000,28357.2800000000,929,195,0
1784877900,28358.1600000000,28381.4100000000,28347.2800000000,28376.2800000000,955,195,0
1784878200,28375.0300000000,28382.5300000000,28364.1600000000,28370.6600000000,965,195,0
1784878500,28371.0300000000,28377.7800000000,28353.0300000000,28354.7800000000,930,195,0
1784878800,28355.9100000000,28360.4100000000,28337.0300000000,28353.4100000000,856,195,0
1784879100,28353.5300000000,28362.0300000000,28344.7800000000,28353.9100000000,914,195,0
1784879400,28354.0300000000,28379.2800000000,28351.1600000000,28371.0300000000,900,195,0
1784879700,28369.0300000000,28396.0300000000,28366.4100000000,28390.1600000000,866,195,0
1784880000,28392.7800000000,28400.2800000000,28372.7800000000,28388.2800000000,1044,195,0
1784880300,28387.7800000000,28425.1600000000,28387.1600000000,28410.0300000000,1038,195,0
1784880600,28410.9100000000,28420.6600000000,28404.1600000000,28417.5300000000,1006,195,0
1784880900,28417.4100000000,28420.1600000000,28396.0300000000,28409.6600000000,1087,195,0
1784881200,28410.4100000000,28424.6600000000,28403.4100000000,28417.7800000000,1034,195,0
1784881500,28417.9100000000,28426.5300000000,28405.6600000000,28407.4100000000,913,195,0
1784881800,28407.5300000000,28414.6600000000,28395.4100000000,28407.7800000000,1070,195,0
1784882100,28408.6600000000,28413.2800000000,28391.5300000000,28405.9100000000,941,195,0
1784882400,28406.0300000000,28419.5300000000,28392.6600000000,28415.7800000000,979,195,0
1784882700,28414.6600000000,28431.2800000000,28410.2800000000,28414.0300000000,888,195,0
1784883000,28414.1600000000,28418.0300000000,28379.2800000000,28380.9100000000,904,195,0
1784883300,28381.6600000000,28382.5300000000,28369.2800000000,28370.6600000000,871,195,0
1784883600,28370.5300000000,28374.2800000000,28346.0300000000,28348.7800000000,914,195,0
1784883900,28348.4100000000,28354.0300000000,28338.4100000000,28342.0300000000,897,195,0
1784884200,28342.4100000000,28352.1600000000,28328.4100000000,28334.6600000000,902,195,0
1784884500,28335.2800000000,28374.0300000000,28333.7800000000,28373.4100000000,910,195,0
1784884800,28372.7800000000,28390.4100000000,28372.2800000000,28382.4100000000,920,195,0
1784885100,28382.2800000000,28400.5300000000,28347.6600000000,28359.7800000000,958,195,0
1784885400,28360.6600000000,28367.4100000000,28351.4100000000,28367.4100000000,974,195,0
1784885700,28366.4100000000,28385.7800000000,28361.6600000000,28367.9100000000,852,195,0
1784886000,28367.4100000000,28371.2800000000,28330.4100000000,28332.4100000000,695,195,0
1784886300,28332.2800000000,28332.5300000000,28306.9100000000,28309.9100000000,767,195,0
1784886600,28310.1600000000,28342.2800000000,28310.1600000000,28339.0300000000,829,195,0
1784886900,28339.4100000000,28371.9100000000,28331.4100000000,28368.7800000000,878,195,0
1784887200,28369.6600000000,28412.0300000000,28364.7800000000,28397.7800000000,1065,195,0
1784887500,28397.9100000000,28423.4100000000,28384.9100000000,28422.6600000000,989,195,0
1784887800,28422.5300000000,28462.6600000000,28422.5300000000,28461.0300000000,966,195,0
1784888100,28462.9100000000,28480.9100000000,28449.5300000000,28471.1600000000,1019,195,0
1784888400,28471.2800000000,28478.7800000000,28457.6600000000,28462.9100000000,922,195,0
1784888700,28463.2800000000,28488.2800000000,28460.9100000000,28478.0300000000,897,195,0
1784889000,28478.9100000000,28483.2800000000,28460.6600000000,28468.7800000000,961,195,0
1784889300,28469.0300000000,28473.0300000000,28455.6600000000,28457.5300000000,869,195,0
1784889600,28457.7800000000,28459.0300000000,28435.6600000000,28450.9100000000,837,195,0
1784889900,28450.7800000000,28456.7800000000,28441.6600000000,28454.0300000000,819,195,0
1784890200,28454.1600000000,28458.0300000000,28440.4100000000,28449.4100000000,795,195,0
1784890500,28450.7800000000,28456.6600000000,28437.7800000000,28440.7800000000,743,195,0
1784890800,28441.9100000000,28444.0300000000,28415.2800000000,28417.6600000000,1031,195,0
1784891100,28417.2800000000,28421.1600000000,28400.0300000000,28404.1600000000,982,195,0
1784891400,28405.0300000000,28409.2800000000,28382.2800000000,28398.9100000000,978,195,0
1784891700,28398.1600000000,28425.9100000000,28396.7800000000,28418.6600000000,943,195,0
1784892000,28418.9100000000,28427.4100000000,28410.7800000000,28412.9100000000,938,195,0
1784892300,28412.6600000000,28447.6600000000,28406.6600000000,28447.6600000000,988,195,0
1784892600,28443.6600000000,28465.4100000000,28439.1600000000,28459.9100000000,952,195,0
1784892900,28460.2800000000,28474.0300000000,28453.7800000000,28458.5300000000,906,195,0
1784893200,28458.2800000000,28462.4100000000,28444.7800000000,28454.7800000000,855,195,0
1784893500,28454.0300000000,28458.9100000000,28434.1600000000,28445.1600000000,851,195,0
1784893800,28445.5300000000,28451.4100000000,28438.2800000000,28449.1600000000,841,195,0
1784894100,28449.4100000000,28457.4100000000,28437.7800000000,28446.1600000000,863,195,0
1784894400,28448.6600000000,28462.1600000000,28436.7800000000,28446.9100000000,999,195,0
1784894700,28446.4100000000,28505.7800000000,28440.6600000000,28502.9100000000,968,195,0
1784895000,28502.7800000000,28506.4100000000,28463.6600000000,28467.5300000000,920,195,0
1784895300,28467.1600000000,28478.1600000000,28457.4100000000,28473.9100000000,852,195,0
1784895600,28473.1600000000,28487.5300000000,28468.5300000000,28486.7800000000,842,195,0
1784895900,28486.2800000000,28501.5300000000,28484.5300000000,28497.9100000000,833,195,0
1784896200,28498.6600000000,28514.7800000000,28489.0300000000,28507.5300000000,858,195,0
1784896500,28507.7800000000,28516.5300000000,28498.4100000000,28516.2800000000,748,195,0
1784896800,28517.4100000000,28526.4100000000,28509.9100000000,28521.0300000000,696,195,0
1784897100,28520.9100000000,28527.4100000000,28508.4100000000,28509.0300000000,764,195,0
1784897400,28509.5300000000,28519.2800000000,28505.7800000000,28507.6600000000,709,195,0
1784897700,28507.7800000000,28529.0300000000,28507.6600000000,28525.1600000000,704,195,0
1784898000,28525.7800000000,28530.5300000000,28502.5300000000,28504.6600000000,763,195,0
1784898300,28504.5300000000,28508.6600000000,28489.1600000000,28495.7800000000,756,195,0
1784898600,28495.5300000000,28499.9100000000,28484.1600000000,28488.4100000000,698,195,0
1784898900,28488.5300000000,28494.4100000000,28481.0300000000,28485.5300000000,621,195,0
1784899200,28485.7800000000,28496.5300000000,28479.6600000000,28493.2800000000,671,195,0
1784899500,28493.0300000000,28503.6600000000,28479.0300000000,28492.2800000000,666,195,0
1784899800,28492.5300000000,28510.4100000000,28488.6600000000,28490.1600000000,768,195,0
1784900100,28489.9100000000,28490.4100000000,28469.2800000000,28471.4100000000,731,195,0
1784900400,28471.0300000000,28477.2800000000,28462.7800000000,28472.1600000000,765,195,0
1784900700,28472.0300000000,28481.6600000000,28467.9100000000,28475.9100000000,716,195,0
1784901000,28475.6600000000,28476.1600000000,28458.2800000000,28463.7800000000,804,195,0
1784901300,28463.4100000000,28473.0300000000,28460.5300000000,28464.9100000000,763,195,0
1784901600,28464.1600000000,28484.7800000000,28457.4100000000,28477.7800000000,973,195,0
1784901900,28478.7800000000,28491.5300000000,28465.9100000000,28467.5300000000,910,195,0
1784902200,28467.7800000000,28481.6600000000,28463.2800000000,28481.6600000000,766,195,0
1784902500,28481.5300000000,28486.6600000000,28473.1600000000,28479.5300000000,769,195,0
1784902800,28479.2800000000,28488.1600000000,28465.1600000000,28480.2800000000,774,195,0
1784903100,28479.7800000000,28480.2800000000,28462.0300000000,28468.0300000000,781,195,0
1784903400,28467.2800000000,28473.6600000000,28448.0300000000,28450.5300000000,804,195,0
1784903700,28450.0300000000,28472.1600000000,28443.5300000000,28447.7800000000,939,195,0
1784904000,28447.6600000000,28459.4100000000,28441.5300000000,28441.5300000000,857,195,0
1784904300,28441.6600000000,28453.0300000000,28428.0300000000,28440.2800000000,880,195,0
1784904600,28440.4100000000,28453.9100000000,28437.4100000000,28442.4100000000,803,195,0
1784904900,28442.6600000000,28523.2800000000,28427.2800000000,28504.7800000000,947,195,0
1784905200,28504.1600000000,28504.2800000000,28456.5300000000,28477.5300000000,1141,195,0
1784905500,28477.4100000000,28502.6600000000,28450.6600000000,28499.9100000000,994,195,0
1784905800,28499.6600000000,28520.1600000000,28489.2800000000,28514.5300000000,908,195,0
1784906100,28514.0300000000,28519.6600000000,28502.7800000000,28507.6600000000,958,195,0
1784906400,28507.2800000000,28514.0300000000,28491.9100000000,28511.2800000000,903,195,0
1784906700,28511.4100000000,28516.4100000000,28480.4100000000,28511.6600000000,857,195,0
1784907000,28511.4100000000,28513.4100000000,28466.5300000000,28467.9100000000,934,195,0
1784907300,28468.1600000000,28488.7800000000,28466.2800000000,28475.2800000000,940,195,0
1784907600,28474.7800000000,28476.9100000000,28449.7800000000,28453.7800000000,948,195,0
1784907900,28454.0300000000,28459.9100000000,28442.6600000000,28449.1600000000,905,195,0
1784908200,28448.9100000000,28454.4100000000,28432.1600000000,28435.6600000000,843,195,0
1784908500,28436.0300000000,28438.2800000000,28413.5300000000,28417.0300000000,947,195,0
1784908800,28417.2800000000,28426.1600000000,28407.4100000000,28421.9100000000,1015,195,0
1784909100,28421.7800000000,28427.2800000000,28396.9100000000,28409.2800000000,950,195,0
1784909400,28408.7800000000,28421.6600000000,28402.0300000000,28416.1600000000,914,195,0
1784909700,28416.6600000000,28434.4100000000,28409.9100000000,28429.0300000000,948,195,0
1784910000,28428.2800000000,28433.7800000000,28404.2800000000,28425.9100000000,958,195,0
1784910300,28426.2800000000,28440.5300000000,28364.2800000000,28365.4100000000,1158,195,0
1784910600,28364.1600000000,28431.2800000000,28324.6600000000,28428.1600000000,1388,195,0
1784910900,28427.6600000000,28446.4100000000,28326.7800000000,28352.1600000000,1411,195,0
1784911200,28352.9100000000,28356.0300000000,28283.9100000000,28309.1600000000,1364,195,0
1784911500,28310.5300000000,28333.2800000000,28271.5300000000,28327.2800000000,1389,195,0
1784911800,28326.5300000000,28326.5300000000,28162.6600000000,28169.2800000000,1384,195,0
1784912100,28168.0300000000,28193.0300000000,28139.0300000000,28148.9100000000,1387,195,0
1784912400,28147.0300000000,28219.1600000000,28133.7800000000,28163.1600000000,1395,195,0
1784912700,28166.0300000000,28264.6600000000,28159.5300000000,28253.2800000000,1387,195,0
1784913000,28253.9100000000,28275.5300000000,28212.1600000000,28246.5300000000,1377,195,0
1784913300,28246.2800000000,28257.1600000000,28126.1600000000,28158.7800000000,1398,195,0
1784913600,28158.9100000000,28247.4100000000,28131.7800000000,28216.9100000000,1365,195,0
1784913900,28217.9100000000,28231.7800000000,28188.7800000000,28216.5300000000,1357,195,0
1784914200,28219.9100000000,28219.9100000000,28130.2800000000,28130.2800000000,1365,195,0
1784914500,28131.9100000000,28167.9100000000,28100.7800000000,28107.9100000000,1372,195,0
1784914800,28108.6600000000,28130.7800000000,28088.9100000000,28112.9100000000,1383,195,0
1784915100,28112.4100000000,28148.5300000000,28079.9100000000,28145.2800000000,1380,195,0
1784915400,28145.5300000000,28189.4100000000,28137.1600000000,28175.6600000000,1333,195,0
1784915700,28175.1600000000,28285.5300000000,28175.1600000000,28274.1600000000,1326,195,0
1784916000,28277.6600000000,28302.5300000000,28230.1600000000,28230.4100000000,1345,195,0
1784916300,28230.2800000000,28248.1600000000,28187.0300000000,28189.1600000000,1356,195,0
1784916600,28189.4100000000,28334.1600000000,28181.5300000000,28319.7800000000,1389,195,0
1784916900,28318.7800000000,28381.2800000000,28283.1600000000,28290.4100000000,1408,195,0
1784917200,28290.5300000000,28349.6600000000,28285.0300000000,28327.1600000000,1346,195,0
1784917500,28326.2800000000,28376.4100000000,28317.7800000000,28325.1600000000,1330,195,0
1784917800,28325.4100000000,28365.2800000000,28312.6600000000,28312.6600000000,1324,195,0
1784918100,28313.1600000000,28390.2800000000,28312.1600000000,28386.9100000000,1295,195,0
1784918400,28386.0300000000,28401.6600000000,28315.9100000000,28330.9100000000,1312,195,0
1784918700,28331.2800000000,28355.4100000000,28317.5300000000,28327.6600000000,1290,195,0
1784919000,28329.7800000000,28374.6600000000,28329.0300000000,28361.4100000000,1265,195,0
1784919300,28359.9100000000,28407.1600000000,28359.4100000000,28401.4100000000,1224,195,0
1784919600,28402.6600000000,28419.1600000000,28374.9100000000,28416.2800000000,1239,195,0
1784919900,28415.9100000000,28442.7800000000,28405.1600000000,28429.1600000000,1178,195,0
1784920200,28428.9100000000,28455.4100000000,28398.0300000000,28399.6600000000,1222,195,0
1784920500,28399.4100000000,28401.7800000000,28378.4100000000,28390.9100000000,1211,195,0
1784920800,28391.6600000000,28417.4100000000,28388.7800000000,28409.4100000000,1159,195,0
1784921100,28410.1600000000,28416.6600000000,28392.0300000000,28392.0300000000,1165,195,0
1784921400,28390.6600000000,28393.9100000000,28353.1600000000,28366.7800000000,1238,195,0
1784921700,28366.9100000000,28380.4100000000,28341.4100000000,28350.6600000000,1186,195,0
1784922000,28349.6600000000,28349.6600000000,28320.5300000000,28325.2800000000,1204,195,0
1784922300,28323.9100000000,28335.5300000000,28291.5300000000,28306.9100000000,1239,195,0
1784922600,28306.6600000000,28312.9100000000,28286.6600000000,28299.5300000000,1230,195,0
1784922900,28298.9100000000,28336.0300000000,28288.1600000000,28319.7800000000,1207,195,0
1784923200,28322.1600000000,28327.1600000000,28292.9100000000,28303.2800000000,1208,195,0
1784923500,28302.6600000000,28311.7800000000,28259.4100000000,28260.9100000000,1257,195,0
1784923800,28260.6600000000,28294.6600000000,28252.9100000000,28283.9100000000,1217,195,0
1784924100,28282.9100000000,28315.4100000000,28266.4100000000,28311.9100000000,1214,195,0
1784924400,28312.1600000000,28319.1600000000,28287.2800000000,28315.1600000000,1154,195,0
1784924700,28315.5300000000,28346.6600000000,28297.4100000000,28340.1600000000,1148,195,0
1784925000,28339.5300000000,28368.4100000000,28329.9100000000,28365.4100000000,1152,195,0
1784925300,28366.2800000000,28367.6600000000,28311.5300000000,28313.9100000000,1133,195,0
1784925600,28313.4100000000,28314.6600000000,28288.2800000000,28289.4100000000,1152,195,0
1784925900,28288.9100000000,28309.7800000000,28277.2800000000,28308.5300000000,1126,195,0
1784926200,28309.1600000000,28326.1600000000,28293.1600000000,28308.6600000000,1149,195,0
1784926500,28308.9100000000,28316.5300000000,28291.6600000000,28291.6600000000,1121,195,0
1784926800,28291.9100000000,28310.7800000000,28276.9100000000,28280.4100000000,1136,195,0
1784927100,28280.1600000000,28292.1600000000,28268.5300000000,28275.1600000000,1124,195,0
1784927400,28276.1600000000,28280.1600000000,28245.6600000000,28253.1600000000,1083,195,0
1784927700,28253.6600000000,28254.6600000000,28221.2800000000,28223.9100000000,1108,195,0
1784928000,28224.4100000000,28224.4100000000,28199.1600000000,28201.4100000000,1148,195,0
1784928300,28201.1600000000,28204.6600000000,28158.4100000000,28162.4100000000,1197,195,0
1784928600,28162.2800000000,28170.9100000000,28117.1600000000,28123.4100000000,1222,195,0
1784928900,28124.2800000000,28145.7800000000,28104.6600000000,28120.0300000000,1231,195,0
1784929200,28119.9100000000,28119.9100000000,28084.2800000000,28101.1600000000,1206,195,0
1784929500,28100.9100000000,28150.0300000000,28094.7800000000,28129.4100000000,1228,195,0
1784929800,28130.0300000000,28144.6600000000,28113.1600000000,28122.6600000000,1208,195,0
1784930100,28122.7800000000,28152.1600000000,28118.0300000000,28126.6600000000,1185,195,0
1784930400,28130.2800000000,28153.2800000000,28105.7800000000,28110.0300000000,1259,195,0
1784930700,28108.9100000000,28136.4100000000,28051.5300000000,28055.6600000000,1242,195,0
1784931000,28055.9100000000,28084.1600000000,28045.1600000000,28046.9100000000,1191,195,0
1784931300,28046.6600000000,28067.7800000000,28038.1600000000,28067.7800000000,1212,195,0
1784931600,28067.4100000000,28081.4100000000,28044.6600000000,28054.5300000000,1242,195,0
1784931900,28054.9100000000,28091.1600000000,28045.7800000000,28079.0300000000,1225,195,0
1784932200,28081.9100000000,28121.7800000000,28078.2800000000,28107.1600000000,1277,195,0
1784932500,28106.6600000000,28127.9100000000,28094.2800000000,28098.2800000000,1263,195,0
1784932800,28098.6600000000,28108.1600000000,28064.6600000000,28100.4100000000,1210,195,0
1784933100,28099.5300000000,28107.4100000000,28068.0300000000,28101.0300000000,1182,195,0
1784933400,28109.9100000000,28109.9100000000,28049.7800000000,28096.4100000000,1224,195,0
1784933700,28096.7800000000,28119.0300000000,28072.6600000000,28109.0300000000,1234,195,0
1784934000,28112.4100000000,28128.2800000000,28089.0300000000,28099.9100000000,1097,195,0
1784934300,28098.7800000000,28102.6600000000,28085.2800000000,28099.4100000000,876,195,0
1784934600,28099.7800000000,28120.0300000000,28092.1600000000,28116.6600000000,867,195,0
1784934900,28116.4100000000,28141.0300000000,28116.4100000000,28130.4100000000,777,195,0
1784935200,28130.9100000000,28153.9100000000,28129.9100000000,28136.9100000000,717,195,0
1784935500,28136.7800000000,28145.5300000000,28128.9100000000,28129.5300000000,676,195,0
1784935800,28129.2800000000,28132.5300000000,28111.1600000000,28116.2800000000,664,195,0
1784936100,28116.7800000000,28128.0300000000,28113.1600000000,28115.5300000000,593,195,0
1784936400,28116.5300000000,28130.4100000000,28110.2800000000,28130.4100000000,547,195,0
1784936700,28130.9100000000,28136.4100000000,28119.1600000000,28121.5300000000,558,195,0
1784937000,28122.1600000000,28136.0300000000,28114.6600000000,28135.0300000000,521,195,0
1784937300,28134.6600000000,28138.1600000000,28122.6600000000,28132.0300000000,469,195,0
1785114000,28342.9000000000,28522.9000000000,28342.9000000000,28456.1200000000,889,195,0
1785114300,28456.6200000000,28477.1200000000,28421.8700000000,28434.1200000000,754,195,0
1785114600,28436.1500000000,28456.5200000000,28426.8700000000,28456.5200000000,616,195,0
1785114900,28455.5200000000,28481.0200000000,28437.8700000000,28481.0200000000,724,195,0
1785115200,28480.6500000000,28488.0200000000,28466.8700000000,28468.0200000000,532,195,0
1785115500,28467.9000000000,28473.7700000000,28454.1500000000,28464.1200000000,522,195,0
1785115800,28464.3700000000,28478.0200000000,28460.8700000000,28472.0200000000,531,195,0
1785116100,28473.5200000000,28482.5200000000,28467.6200000000,28474.7700000000,558,195,0
1785116400,28474.6200000000,28477.0200000000,28467.8700000000,28468.7700000000,457,195,0
1785116700,28468.6500000000,28469.1500000000,28458.2700000000,28462.2700000000,401,195,0
1785117000,28462.9000000000,28476.5200000000,28457.3700000000,28458.0200000000,459,195,0
1785117300,28457.3700000000,28462.2700000000,28446.2700000000,28451.4000000000,531,195,0
1785117600,28451.3700000000,28462.1500000000,28441.2700000000,28445.6500000000,618,195,0
1785117900,28444.6200000000,28480.2700000000,28444.6200000000,28476.9000000000,662,195,0
1785118200,28477.0200000000,28479.7700000000,28468.2700000000,28472.6500000000,470,195,0
1785118500,28475.1500000000,28478.0200000000,28452.8700000000,28453.7700000000,531,195,0
1785118800,28454.9000000000,28462.0200000000,28452.3700000000,28455.4000000000,385,195,0
1785119100,28455.5200000000,28470.5200000000,28455.5200000000,28459.5200000000,406,195,0
1785119400,28460.1500000000,28474.7700000000,28452.6200000000,28473.0200000000,500,195,0
1785119700,28473.1500000000,28474.6500000000,28467.9000000000,28468.4000000000,376,195,0
1785120000,28469.4000000000,28511.2700000000,28469.1500000000,28495.9000000000,640,195,0
1785120300,28496.0200000000,28535.1500000000,28480.0200000000,28532.6500000000,1098,195,0
1785120600,28532.5200000000,28559.5200000000,28526.9000000000,28542.9000000000,1051,195,0
1785120900,28542.5200000000,28573.0200000000,28527.2700000000,28570.4000000000,1072,195,0
1785121200,28570.5200000000,28573.9000000000,28465.0200000000,28465.6500000000,1496,195,0
1785121500,28465.1500000000,28497.2700000000,28459.0200000000,28473.7700000000,1427,195,0
1785121800,28473.6500000000,28506.4000000000,28462.9000000000,28504.6500000000,1398,195,0
1785122100,28504.9000000000,28505.0200000000,28424.6500000000,28437.5200000000,1510,195,0
1785122400,28437.9000000000,28456.9000000000,28426.5200000000,28446.5200000000,1474,195,0
1785122700,28446.4000000000,28486.1500000000,28438.9000000000,28459.6500000000,1437,195,0
1785123000,28459.4000000000,28497.5200000000,28458.5200000000,28481.4000000000,1486,195,0
1785123300,28481.1500000000,28485.0200000000,28444.5200000000,28448.0200000000,1327,195,0
1785123600,28447.7700000000,28460.1500000000,28440.0200000000,28441.1500000000,1223,195,0
1785123900,28441.5200000000,28470.5200000000,28441.4000000000,28463.7700000000,1350,195,0
1785124200,28463.9000000000,28497.4000000000,28456.5200000000,28468.7700000000,1352,195,0
1785124500,28468.5200000000,28471.4000000000,28437.1500000000,28440.1500000000,1419,195,0
1785124800,28439.9000000000,28475.4000000000,28436.6500000000,28437.1500000000,1506,195,0
1785125100,28437.2700000000,28469.4000000000,28432.6500000000,28449.7700000000,1421,195,0
1785125400,28449.9000000000,28450.2700000000,28408.5200000000,28415.1500000000,1316,195,0
1785125700,28415.0200000000,28423.5200000000,28391.1500000000,28391.1500000000,1441,195,0
1785126000,28391.0200000000,28408.6500000000,28381.7700000000,28397.9000000000,1325,195,0
1785126300,28398.0200000000,28398.5200000000,28372.4000000000,28380.7700000000,1292,195,0
1785126600,28380.6500000000,28434.6500000000,28376.6200000000,28418.2700000000,1453,195,0
1785126900,28418.1500000000,28454.7700000000,28394.1500000000,28449.0200000000,1475,195,0
1785127200,28448.7700000000,28463.2700000000,28419.5200000000,28431.5200000000,1465,195,0
1785127500,28431.4000000000,28453.9000000000,28414.4000000000,28444.0200000000,1442,195,0
1785127800,28443.7700000000,28447.1500000000,28417.4000000000,28434.5200000000,1405,195,0
1785128100,28434.9000000000,28456.2700000000,28428.6500000000,28456.2700000000,1355,195,0
1785128400,28458.2700000000,28469.1500000000,28433.4000000000,28436.7700000000,1351,195,0
1785128700,28436.0200000000,28460.9000000000,28429.4000000000,28457.4000000000,1324,195,0
1785129000,28457.2700000000,28461.4000000000,28439.6500000000,28451.5200000000,1287,195,0
1785129300,28451.0200000000,28471.5200000000,28448.9000000000,28467.0200000000,1292,195,0
1785129600,28468.0200000000,28476.1500000000,28448.5200000000,28468.5200000000,1221,195,0
1785129900,28468.0200000000,28494.4000000000,28466.5200000000,28481.0200000000,1172,195,0
1785130200,28481.1500000000,28481.1500000000,28448.1500000000,28458.1500000000,1209,195,0
1785130500,28457.9000000000,28493.1500000000,28451.0200000000,28492.2700000000,1206,195,0
1785130800,28492.4000000000,28497.7700000000,28485.6500000000,28489.9000000000,1052,195,0
1785131100,28489.2700000000,28499.7700000000,28461.4000000000,28464.6500000000,1053,195,0
1785131400,28464.2700000000,28468.5200000000,28454.7700000000,28458.1500000000,989,195,0
1785131700,28458.0200000000,28465.5200000000,28453.4000000000,28456.0200000000,942,195,0
1785132000,28456.2700000000,28483.9000000000,28449.2700000000,28453.5200000000,1071,195,0
1785132300,28453.6500000000,28468.7700000000,28448.9000000000,28453.1500000000,1016,195,0
1785132600,28453.6500000000,28485.9000000000,28447.2700000000,28485.6500000000,980,195,0
1785132900,28485.7700000000,28490.2700000000,28479.4000000000,28489.5200000000,983,195,0
1785133200,28489.4000000000,28492.2700000000,28468.1500000000,28469.1500000000,1010,195,0
1785133500,28468.7700000000,28483.4000000000,28460.1500000000,28461.4000000000,940,195,0
1785133800,28461.7700000000,28463.6500000000,28441.6500000000,28455.0200000000,1290,195,0
1785134100,28455.2700000000,28458.7700000000,28447.4000000000,28452.4000000000,1203,195,0
1785134400,28451.9000000000,28478.4000000000,28448.9000000000,28461.1500000000,1129,195,0
1785134700,28460.5200000000,28469.2700000000,28442.3700000000,28446.7700000000,1159,195,0
1785135000,28446.2700000000,28454.4000000000,28442.6500000000,28452.0200000000,1075,195,0
1785135300,28452.6500000000,28466.9000000000,28435.4000000000,28455.6500000000,1119,195,0
1785135600,28455.7700000000,28466.5200000000,28450.6500000000,28453.7700000000,1207,195,0
1785135900,28454.1500000000,28464.6500000000,28439.6500000000,28448.9000000000,1162,195,0
1785136200,28448.7700000000,28463.9000000000,28444.4000000000,28462.5200000000,1132,195,0
1785136500,28462.7700000000,28482.7700000000,28453.2700000000,28481.0200000000,1108,195,0
1785136800,28481.1500000000,28488.5200000000,28467.5200000000,28467.7700000000,1067,195,0
1785137100,28468.1500000000,28477.4000000000,28449.4000000000,28462.0200000000,1133,195,0
1785137400,28461.9000000000,28486.1500000000,28451.6500000000,28483.4000000000,1051,195,0
1785137700,28483.1500000000,28486.6500000000,28475.6500000000,28482.2700000000,931,195,0
1785138000,28481.9000000000,28495.4000000000,28478.9000000000,28489.7700000000,1010,195,0
1785138300,28489.9000000000,28493.1500000000,28480.0200000000,28485.6500000000,970,195,0
1785138600,28485.5200000000,28503.4000000000,28483.0200000000,28501.7700000000,962,195,0
1785138900,28501.2700000000,28505.0200000000,28484.4000000000,28486.4000000000,912,195,0
1785139200,28486.2700000000,28498.2700000000,28480.1500000000,28485.7700000000,1183,195,0
1785139500,28485.4000000000,28502.0200000000,28482.7700000000,28500.0200000000,1030,195,0
1785139800,28500.1500000000,28516.5200000000,28499.9000000000,28511.7700000000,898,195,0
1785140100,28511.5200000000,28523.1500000000,28506.7700000000,28517.2700000000,891,195,0
1785140400,28517.5200000000,28525.7700000000,28517.1500000000,28519.2700000000,871,195,0
1785140700,28519.4000000000,28521.6500000000,28514.2700000000,28521.6500000000,882,195,0
1785141000,28521.1500000000,28530.0200000000,28516.4000000000,28528.7700000000,1052,195,0
1785141300,28528.9000000000,28545.6500000000,28527.5200000000,28541.1500000000,876,195,0
1785141600,28541.0200000000,28542.5200000000,28525.7700000000,28529.0200000000,887,195,0
1785141900,28528.7700000000,28535.2700000000,28524.0200000000,28532.2700000000,923,195,0
1785142200,28532.4000000000,28541.2700000000,28528.2700000000,28539.6500000000,824,195,0
1785142500,28539.5200000000,28545.7700000000,28534.9000000000,28536.9000000000,812,195,0
1785142800,28537.0200000000,28558.4000000000,28537.0200000000,28548.4000000000,1067,195,0
1785143100,28548.5200000000,28566.6500000000,28543.4000000000,28565.4000000000,875,195,0
1785143400,28565.5200000000,28570.1500000000,28552.2700000000,28557.5200000000,913,195,0
1785143700,28557.4000000000,28562.5200000000,28553.6500000000,28561.4000000000,887,195,0
1785144000,28561.6500000000,28561.9000000000,28538.5200000000,28542.0200000000,802,195,0
1785144300,28541.9000000000,28544.4000000000,28533.9000000000,28538.5200000000,745,195,0
1785144600,28538.0200000000,28551.7700000000,28535.4000000000,28548.2700000000,886,195,0
1785144900,28548.7700000000,28555.0200000000,28542.9000000000,28543.4000000000,770,195,0
1785145200,28543.5200000000,28546.2700000000,28534.6500000000,28537.6500000000,703,195,0
1785145500,28536.6500000000,28539.6500000000,28528.8700000000,28534.7700000000,616,195,0
1785145800,28534.6500000000,28540.2700000000,28520.7700000000,28528.7700000000,754,195,0
1785146100,28529.1500000000,28542.5200000000,28527.2700000000,28534.6500000000,750,195,0
1785146400,28533.5200000000,28565.1500000000,28529.0200000000,28562.9000000000,1149,195,0
1785146700,28562.7700000000,28563.5200000000,28534.6500000000,28545.2700000000,1018,195,0
1785147000,28545.5200000000,28568.5200000000,28543.6500000000,28567.0200000000,979,195,0
1785147300,28567.6500000000,28571.5200000000,28556.2700000000,28558.7700000000,974,195,0
1785147600,28558.5200000000,28563.0200000000,28552.4000000000,28555.6500000000,839,195,0
1785147900,28555.5200000000,28557.9000000000,28542.4000000000,28545.0200000000,865,195,0
1785148200,28544.9000000000,28545.6500000000,28530.4000000000,28536.2700000000,833,195,0
1785148500,28536.4000000000,28537.2700000000,28512.2700000000,28519.7700000000,863,195,0
1785148800,28519.5200000000,28537.6500000000,28515.7700000000,28536.4000000000,770,195,0
1785149100,28536.1500000000,28541.5200000000,28525.6500000000,28539.0200000000,845,195,0
1785149400,28539.2700000000,28539.2700000000,28515.0200000000,28519.5200000000,867,195,0
1785149700,28519.6500000000,28525.7700000000,28501.7700000000,28501.7700000000,950,195,0
1785150000,28502.0200000000,28540.5200000000,28500.5200000000,28522.4000000000,1264,195,0
1785150300,28521.0200000000,28537.1500000000,28515.4000000000,28527.9000000000,1137,195,0
1785150600,28528.0200000000,28534.5200000000,28513.4000000000,28533.6500000000,1019,195,0
1785150900,28533.5200000000,28543.9000000000,28517.9000000000,28536.7700000000,982,195,0
1785151200,28537.2700000000,28545.4000000000,28533.7700000000,28538.9000000000,901,195,0
1785151500,28539.9000000000,28563.2700000000,28539.7700000000,28560.2700000000,992,195,0
1785151800,28560.0200000000,28564.0200000000,28547.4000000000,28547.4000000000,896,195,0
1785152100,28547.2700000000,28562.0200000000,28543.4000000000,28560.7700000000,899,195,0
1785152400,28561.0200000000,28582.9000000000,28558.5200000000,28575.7700000000,923,195,0
1785152700,28575.9000000000,28579.5200000000,28567.0200000000,28567.1500000000,755,195,0
1785153000,28567.9000000000,28584.6500000000,28564.9000000000,28583.5200000000,831,195,0
1785153300,28583.1500000000,28588.6500000000,28575.6500000000,28576.6500000000,805,195,0
1785153600,28576.4000000000,28578.1500000000,28560.5200000000,28569.4000000000,794,195,0
1785153900,28569.2700000000,28571.1500000000,28561.4000000000,28563.9000000000,754,195,0
1785154200,28563.7700000000,28573.5200000000,28561.9000000000,28565.1500000000,741,195,0
1785154500,28565.6500000000,28573.1500000000,28563.2700000000,28567.6500000000,636,195,0
1785154800,28567.2700000000,28578.1500000000,28565.9000000000,28571.6500000000,653,195,0
1785155100,28571.7700000000,28577.1500000000,28563.7700000000,28566.0200000000,851,195,0
1785155400,28566.1500000000,28573.7700000000,28558.6500000000,28572.7700000000,806,195,0
1785155700,28573.2700000000,28585.4000000000,28569.2700000000,28577.4000000000,717,195,0
1785156000,28577.2700000000,28587.6500000000,28574.4000000000,28586.6500000000,588,195,0
1785156300,28586.5200000000,28602.1500000000,28582.7700000000,28598.4000000000,776,195,0
1785156600,28598.5200000000,28602.1500000000,28595.2700000000,28597.4000000000,708,195,0
1785156900,28597.1500000000,28599.1500000000,28585.9000000000,28585.9000000000,606,195,0
1785157200,28585.4000000000,28593.4000000000,28584.6500000000,28586.2700000000,656,195,0
1785157500,28586.1500000000,28589.6500000000,28581.9000000000,28583.1500000000,664,195,0
1785157800,28583.2700000000,28584.0200000000,28567.0200000000,28578.6500000000,912,195,0
1785158100,28578.4000000000,28587.7700000000,28571.1500000000,28576.6500000000,757,195,0
1785158400,28576.7700000000,28584.1500000000,28574.4000000000,28574.5200000000,659,195,0
1785158700,28574.7700000000,28584.6500000000,28574.1500000000,28578.1500000000,605,195,0
1785159000,28577.6200000000,28586.1500000000,28576.0200000000,28578.7700000000,548,195,0
1785159300,28578.6500000000,28582.2700000000,28574.2700000000,28581.7700000000,543,195,0
1785159600,28581.2700000000,28590.6500000000,28573.4000000000,28586.2700000000,614,195,0
1785159900,28586.5200000000,28590.6500000000,28580.9000000000,28589.5200000000,521,195,0
1785160200,28589.4000000000,28590.9000000000,28582.5200000000,28584.6500000000,530,195,0
1785160500,28585.5200000000,28597.6500000000,28580.0200000000,28581.4000000000,697,195,0
1785160800,28581.9000000000,28584.0200000000,28553.0200000000,28561.7700000000,1029,195,0
1785161100,28561.6500000000,28564.2700000000,28552.6500000000,28553.9000000000,744,195,0
1785161400,28553.7700000000,28563.6500000000,28548.7700000000,28551.7700000000,771,195,0
1785161700,28552.0200000000,28560.1500000000,28541.0200000000,28541.0200000000,852,195,0
1785162000,28541.6500000000,28544.6500000000,28533.4000000000,28533.4000000000,787,195,0
1785162300,28533.2700000000,28540.5200000000,28491.0200000000,28491.5200000000,909,195,0
1785162600,28493.2700000000,28525.0200000000,28487.1500000000,28502.5200000000,1169,195,0
1785162900,28502.6500000000,28520.5200000000,28500.9000000000,28518.9000000000,908,195,0
1785163200,28518.7700000000,28521.9000000000,28495.0200000000,28507.4000000000,908,195,0
1785163500,28507.2700000000,28516.6500000000,28505.1500000000,28513.7700000000,762,195,0
1785163800,28513.6500000000,28516.9000000000,28499.1500000000,28500.0200000000,808,195,0
1785164100,28499.9000000000,28515.2700000000,28499.6500000000,28512.9000000000,852,195,0
1785164400,28512.7700000000,28537.2700000000,28512.7700000000,28530.1500000000,995,195,0
1785164700,28530.7700000000,28537.1500000000,28521.5200000000,28524.0200000000,894,195,0
1785165000,28523.6500000000,28524.2700000000,28474.1500000000,28476.0200000000,1283,195,0
1785165300,28476.5200000000,28491.7700000000,28476.2700000000,28480.7700000000,1032,195,0
1785165600,28481.1500000000,28486.1500000000,28469.1500000000,28476.6500000000,963,195,0
1785165900,28476.7700000000,28492.9000000000,28474.0200000000,28489.4000000000,801,195,0
1785166200,28489.9000000000,28496.4000000000,28472.5200000000,28491.1500000000,1018,195,0
1785166500,28491.6500000000,28508.9000000000,28491.6500000000,28504.4000000000,923,195,0
1785166800,28504.2700000000,28511.4000000000,28496.4000000000,28510.0200000000,949,195,0
1785167100,28509.9000000000,28531.4000000000,28506.5200000000,28524.1500000000,919,195,0
1785167400,28522.6500000000,28530.7700000000,28507.0200000000,28530.2700000000,1123,195,0
1785167700,28530.1500000000,28531.7700000000,28515.2700000000,28530.6500000000,987,195,0
1785168000,28531.7700000000,28539.2700000000,28503.4000000000,28520.2700000000,1311,195,0
1785168300,28519.5200000000,28519.5200000000,28488.0200000000,28496.6500000000,1310,195,0
1785168600,28496.9000000000,28514.9000000000,28495.4000000000,28501.0200000000,1158,195,0
1785168900,28502.7700000000,28515.4000000000,28477.4000000000,28480.7700000000,1148,195,0
1785169200,28480.4000000000,28482.5200000000,28473.6500000000,28476.6500000000,1103,195,0
1785169500,28476.9000000000,28479.0200000000,28428.4000000000,28429.9000000000,1414,195,0
1785169800,28430.9000000000,28454.9000000000,28327.6500000000,28376.5200000000,1892,195,0
1785170100,28377.2700000000,28453.1500000000,28366.6500000000,28384.7700000000,1879,195,0
1785170400,28386.4000000000,28392.9000000000,28268.2700000000,28294.9000000000,1887,195,0
1785170700,28295.5200000000,28328.1500000000,28264.6500000000,28300.6500000000,1884,195,0
1785171000,28302.1500000000,28343.2700000000,28287.2700000000,28299.7700000000,1856,195,0
1785171300,28297.7700000000,28303.2700000000,28184.2700000000,28189.2700000000,1860,195,0
1785171600,28189.6500000000,28213.5200000000,28130.0200000000,28161.2700000000,1861,195,0
1785171900,28161.4000000000,28188.6500000000,28119.7700000000,28163.6500000000,1857,195,0
1785172200,28163.7700000000,28165.5200000000,28074.5200000000,28095.3400000000,1854,195,0
1785172500,28094.3500000000,28140.4500000000,28068.1700000000,28103.8600000000,1841,195,0
1785172800,28100.1400000000,28100.5200000000,28010.9200000000,28025.0400000000,1845,195,0
1785173100,28025.1600000000,28026.4000000000,27921.4300000000,27928.9900000000,1831,195,0
1785173400,27928.6200000000,27946.7300000000,27884.3900000000,27893.1900000000,1861,195,0
1785173700,27893.4400000000,27907.9300000000,27839.6000000000,27874.0100000000,1862,195,0
1785174000,27873.8900000000,27885.7300000000,27783.1600000000,27801.7200000000,1867,195,0
1785174300,27801.5900000000,27913.6800000000,27801.5900000000,27907.3500000000,1872,195,0
1785174600,27906.9800000000,27968.8700000000,27906.4800000000,27946.8000000000,1845,195,0
1785174900,27947.1800000000,28022.9400000000,27931.8900000000,28013.6200000000,1824,195,0
1785175200,28014.1200000000,28029.7700000000,27982.5500000000,28004.9900000000,1829,195,0
1785175500,28003.9900000000,28040.6900000000,27982.4400000000,27994.7600000000,1799,195,0
1785175800,27995.0100000000,28024.1000000000,27966.5000000000,27970.3000000000,1821,195,0
1785176100,27969.5600000000,27977.6400000000,27892.7400000000,27949.7000000000,1827,195,0
1785176400,27949.4500000000,27994.1600000000,27907.1300000000,27921.6100000000,1835,195,0
1785176700,27921.1200000000,27937.4300000000,27891.8500000000,27916.4400000000,1793,195,0
1785177000,27917.3100000000,27926.5600000000,27856.3700000000,27872.7600000000,1756,195,0
1785177300,27873.3800000000,27877.2200000000,27825.2100000000,27859.8300000000,1783,195,0
1785177600,27859.5900000000,27890.2000000000,27838.4000000000,27883.4100000000,1795,195,0
1785177900,27883.2900000000,27892.0900000000,27839.8200000000,27855.2700000000,1766,195,0
1785178200,27856.2600000000,27880.0600000000,27840.2700000000,27864.0800000000,1746,195,0
1785178500,27863.8300000000,27916.6200000000,27858.6000000000,27905.4600000000,1760,195,0
1785178800,27905.7100000000,27963.3000000000,27901.4200000000,27963.3000000000,1752,195,0
1785179100,27962.6800000000,27976.6300000000,27934.6700000000,27968.3500000000,1724,195,0
1785179400,27967.3600000000,27996.6100000000,27916.6500000000,27921.9700000000,1723,195,0
1785179700,27922.2200000000,27927.2200000000,27888.0800000000,27908.1000000000,1753,195,0
1785180000,27907.8500000000,27940.6200000000,27890.5600000000,27939.8700000000,1725,195,0
1785180300,27938.6300000000,28045.5900000000,27937.0200000000,27998.1200000000,1816,195,0
1785180600,27998.8700000000,28040.3900000000,27978.9700000000,27995.3300000000,1771,195,0
1785180900,27995.2100000000,28024.1900000000,27958.5600000000,28014.9900000000,1745,195,0
1785181200,28015.1100000000,28023.6200000000,27964.4700000000,27978.8800000000,1707,195,0
1785181500,27979.3800000000,28001.2200000000,27961.8200000000,27962.9400000000,1676,195,0
1785181800,27963.0700000000,27963.0700000000,27896.5900000000,27904.9600000000,1735,195,0
1785182100,27904.7100000000,27905.0800000000,27873.4600000000,27891.9800000000,1687,195,0
1785182400,27892.1000000000,27900.4600000000,27844.0500000000,27852.1000000000,1615,195,0
1785182700,27851.9800000000,27874.2200000000,27839.6000000000,27862.7800000000,1643,195,0
1785183000,27861.2900000000,27888.3100000000,27849.6100000000,27879.2300000000,1644,195,0
1785183300,27877.9900000000,27887.1000000000,27831.7900000000,27846.2900000000,1647,195,0
1785183600,27846.4100000000,27878.4700000000,27839.9500000000,27855.0300000000,1634,195,0
1785183900,27856.4000000000,27866.3700000000,27838.3100000000,27842.8800000000,1589,195,0
1785184200,27843.8800000000,27904.4400000000,27842.1500000000,27903.5400000000,1616,195,0
1785184500,27903.1700000000,27908.2600000000,27872.6900000000,27876.6600000000,1648,195,0
1785184800,27874.6700000000,27887.5600000000,27861.0700000000,27879.9200000000,1586,195,0
1785185100,27881.1700000000,27902.1200000000,27859.0100000000,27877.0900000000,1596,195,0
1785185400,27877.3400000000,27930.2200000000,27872.5000000000,27928.4700000000,1629,195,0
1785185700,27928.6000000000,27949.5600000000,27915.6400000000,27947.7200000000,1586,195,0
1785186000,27948.3400000000,27964.2200000000,27935.1400000000,27937.0100000000,1613,195,0
1785186300,27936.8800000000,27959.3100000000,27930.3300000000,27941.3900000000,1566,195,0
1785186600,27942.5100000000,27955.0800000000,27936.6700000000,27944.7900000000,1533,195,0
1785186900,27943.9200000000,27949.0100000000,27894.1800000000,27906.8600000000,1631,195,0
1785187200,27906.6200000000,27930.2300000000,27897.3800000000,27923.4500000000,1556,195,0
1785187500,27923.2000000000,27935.0600000000,27912.8400000000,27925.3100000000,1572,195,0
1785187800,27925.8100000000,27926.1700000000,27881.3500000000,27884.5800000000,1552,195,0
1785188100,27883.9600000000,27898.1100000000,27871.3300000000,27876.3700000000,1510,195,0
1785188400,27876.0000000000,27930.0800000000,27863.9100000000,27925.7400000000,1603,195,0
1785188700,27925.3700000000,27942.7700000000,27913.4200000000,27917.8300000000,1595,195,0
1785189000,27916.9600000000,28002.9400000000,27914.3600000000,27994.2100000000,1585,195,0
1785189300,27993.9600000000,28033.6500000000,27993.9600000000,28031.0200000000,1675,195,0
1785189600,28031.2700000000,28039.1000000000,28013.2500000000,28016.0300000000,1627,195,0
1785189900,28016.6500000000,28067.4900000000,28009.5300000000,28058.6200000000,1640,195,0
1785190200,28058.1200000000,28075.4900000000,28037.2200000000,28046.1400000000,1468,195,0
1785190500,28045.5200000000,28061.8000000000,28039.6500000000,28058.0500000000,1380,195,0
1785190800,28058.4200000000,28080.5500000000,28047.0000000000,28070.3700000000,1382,195,0
1785191100,28070.5000000000,28091.8700000000,28050.6300000000,28089.8200000000,1399,195,0
1785191400,28090.1900000000,28100.9700000000,28079.5300000000,28079.9100000000,1485,195,0
1785191700,28080.1600000000,28088.5900000000,28027.7000000000,28032.0400000000,1494,195,0
1785192000,28032.9100000000,28050.2400000000,28019.5600000000,28023.4800000000,1474,195,0
1785192300,28022.1100000000,28033.4600000000,28002.8000000000,28031.8400000000,1556,195,0
1785192600,28032.3400000000,28040.7900000000,28011.0600000000,28024.7800000000,1670,195,0
1785192900,28021.4300000000,28050.4200000000,28006.7800000000,28038.4900000000,1659,195,0
1785193200,28041.8400000000,28064.4500000000,28027.8500000000,28042.4700000000,1269,195,0
1785193500,28041.9700000000,28043.8300000000,28023.9300000000,28041.9700000000,886,195,0
1785193800,28041.8500000000,28042.2200000000,28015.0200000000,28036.4900000000,956,195,0
1785194100,28035.9900000000,28039.0900000000,28026.9400000000,28032.4700000000,656,195,0
1785194400,28032.3500000000,28033.5700000000,28019.6300000000,28028.9100000000,541,195,0
1785194700,28029.9000000000,28040.0000000000,28029.8100000000,28039.7500000000,518,195,0
1785195000,28039.6300000000,28065.2400000000,28032.8500000000,28063.6300000000,559,195,0
1785195300,28063.3800000000,28076.0800000000,28058.7900000000,28064.4400000000,748,195,0
1785195600,28064.1900000000,28065.5500000000,28052.5800000000,28052.8300000000,513,195,0
1785195900,28053.0800000000,28055.0300000000,28038.9900000000,28039.9700000000,570,195,0
1785196200,28040.3400000000,28048.9100000000,28033.1900000000,28039.1200000000,461,195,0
1785196500,28038.7500000000,28056.4600000000,28038.0100000000,28055.7100000000,467,195,0
1785200400,28049.6200000000,28075.2700000000,28036.8700000000,28037.3700000000,537,195,0
1785200700,28038.0200000000,28041.7700000000,28021.1200000000,28025.0200000000,549,195,0
1785201000,28024.1200000000,28026.0200000000,28004.0200000000,28006.0200000000,529,195,0
1785201300,28006.1500000000,28015.1500000000,28001.4000000000,28005.9000000000,511,195,0
1785201600,28005.7700000000,28013.1500000000,27994.7700000000,27997.0200000000,525,195,0
1785201900,27997.4000000000,28002.0200000000,27973.8700000000,27976.7700000000,630,195,0
1785202200,27976.6500000000,27996.2700000000,27976.6500000000,27993.9000000000,525,195,0
1785202500,27994.1500000000,28003.2700000000,27985.5200000000,27992.2700000000,434,195,0
1785202800,27991.6500000000,27992.2700000000,27973.0200000000,27981.4000000000,422,195,0
1785203100,27982.1500000000,27990.7700000000,27973.4000000000,27986.1500000000,361,195,0
1785203400,27986.5200000000,27996.2700000000,27981.4000000000,27984.0200000000,377,195,0
1785203700,27983.7700000000,27985.6500000000,27973.2700000000,27980.6500000000,357,195,0
1785204000,27980.7700000000,27982.6500000000,27953.9000000000,27959.4000000000,650,195,0
1785204300,27959.1500000000,27999.5200000000,27956.1500000000,27977.5200000000,626,195,0
1785204600,27977.9000000000,27985.6500000000,27971.7700000000,27978.1500000000,466,195,0
1785204900,27977.9000000000,27996.7700000000,27966.2700000000,27993.0200000000,520,195,0
1785205200,27993.2700000000,28006.4000000000,27985.7700000000,27995.1500000000,411,195,0
1785205500,27995.0200000000,28010.7700000000,27991.1500000000,28009.6500000000,423,195,0
1785205800,28007.1200000000,28009.0200000000,27999.0200000000,28001.5200000000,412,195,0
1785206100,28001.7700000000,28003.0200000000,27986.3700000000,27991.5200000000,417,195,0
1785206400,27992.9000000000,27993.6500000000,27977.3700000000,27980.2700000000,448,195,0
1785206700,27980.0200000000,27991.2700000000,27969.0200000000,27978.1500000000,1193,195,0
1785207000,27979.1500000000,28025.6500000000,27971.9000000000,28019.1200000000,1078,195,0
1785207300,28020.1200000000,28025.1500000000,28003.7700000000,28010.6200000000,1045,195,0
1785207600,28011.7700000000,28042.4000000000,28001.6200000000,28032.5200000000,1528,195,0
1785207900,28033.4000000000,28036.7700000000,27976.0200000000,27989.5200000000,1512,195,0
1785208200,27989.9000000000,27999.5200000000,27942.1200000000,27959.1500000000,1456,195,0
1785208500,27959.0200000000,27979.6500000000,27950.1500000000,27963.4000000000,1561,195,0
1785208800,27963.7700000000,27972.2700000000,27929.7700000000,27938.2700000000,1499,195,0
1785209100,27937.5200000000,27952.2700000000,27917.5200000000,27952.2700000000,1429,195,0
1785209400,27952.9000000000,27975.1500000000,27908.4000000000,27967.5200000000,1552,195,0
1785209700,27967.2700000000,27986.4000000000,27963.2700000000,27967.5200000000,1529,195,0
1785210000,27970.1500000000,27985.7700000000,27956.3700000000,27968.7700000000,1466,195,0
1785210300,27968.6500000000,27968.6500000000,27918.9000000000,27925.6500000000,1484,195,0
1785210600,27925.5200000000,27927.2700000000,27910.1500000000,27919.2700000000,1339,195,0
1785210900,27919.1500000000,27932.0200000000,27904.9000000000,27919.2700000000,1340,195,0
1785211200,27919.4000000000,27924.7700000000,27889.7700000000,27890.4000000000,1610,195,0
1785211500,27889.9000000000,27896.2700000000,27836.6500000000,27853.5200000000,1422,195,0
1785211800,27854.1500000000,27858.7700000000,27817.5200000000,27840.9000000000,1409,195,0
1785212100,27840.7700000000,27857.6500000000,27834.7700000000,27850.4000000000,1334,195,0
1785212400,27850.6500000000,27868.6500000000,27838.9000000000,27852.7700000000,1393,195,0
1785212700,27853.5200000000,27926.0200000000,27843.0200000000,27907.2700000000,1291,195,0
1785213000,27907.1500000000,27937.9000000000,27900.6200000000,27937.4000000000,1448,195,0
1785213300,27937.6500000000,27945.4000000000,27905.1500000000,27912.2700000000,1243,195,0
1785213600,27912.4000000000,27930.5200000000,27894.8700000000,27927.6500000000,1356,195,0
1785213900,27927.2700000000,27942.2700000000,27913.1500000000,27929.5200000000,1482,195,0
1785214200,27928.9000000000,27932.2700000000,27868.4000000000,27871.0200000000,1364,195,0
1785214500,27870.9000000000,27874.7700000000,27856.1500000000,27868.7700000000,1198,195,0
1785214800,27869.0200000000,27871.7700000000,27834.5200000000,27835.9000000000,1339,195,0
1785215100,27836.1500000000,27852.2700000000,27832.6500000000,27844.2700000000,1365,195,0
1785215400,27843.5200000000,27858.1500000000,27833.9000000000,27843.6500000000,1238,195,0
1785215700,27843.9000000000,27861.1500000000,27821.7700000000,27860.0200000000,1284,195,0
1785216000,27860.1500000000,27878.0200000000,27853.9000000000,27869.4000000000,1377,195,0
1785216300,27869.2700000000,27870.6500000000,27829.7700000000,27835.6500000000,1318,195,0
1785216600,27835.7700000000,27836.7700000000,27799.6500000000,27818.2700000000,1258,195,0
1785216900,27818.6500000000,27836.7700000000,27805.5200000000,27825.5200000000,1254,195,0
1785217200,27824.8700000000,27829.9000000000,27809.4000000000,27819.4000000000,1179,195,0
1785217500,27819.5200000000,27826.4000000000,27811.2700000000,27821.1500000000,1184,195,0
1785217800,27820.7700000000,27854.7700000000,27804.0200000000,27840.1500000000,1277,195,0
1785218100,27840.5200000000,27845.1500000000,27826.2700000000,27840.5200000000,1212,195,0
1785218400,27840.7700000000,27845.6500000000,27801.6500000000,27812.5200000000,1122,195,0
1785218700,27812.2700000000,27814.2700000000,27790.1500000000,27791.9000000000,1099,195,0
1785219000,27792.1500000000,27820.6500000000,27781.0200000000,27816.0200000000,1191,195,0
1785219300,27816.4000000000,27871.9000000000,27812.6500000000,27871.0200000000,1279,195,0
1785219600,27870.7700000000,27893.7700000000,27866.0200000000,27881.9000000000,1280,195,0
1785219900,27881.4000000000,27894.0200000000,27830.5200000000,27834.7700000000,1178,195,0
1785220200,27834.6500000000,27864.0200000000,27800.1500000000,27860.7700000000,1430,195,0
1785220500,27859.1200000000,27893.6500000000,27852.7700000000,27889.6500000000,1367,195,0
1785220800,27889.1500000000,27911.0200000000,27882.7700000000,27904.9000000000,1413,195,0
1785221100,27904.2700000000,27918.6500000000,27888.0200000000,27907.5200000000,1398,195,0
1785221400,27906.7700000000,27910.7700000000,27878.9000000000,27895.0200000000,1342,195,0
1785221700,27894.1200000000,27901.1500000000,27875.0200000000,27896.6500000000,1279,195,0
1785222000,27896.5200000000,27896.5200000000,27880.4000000000,27881.6500000000,1343,195,0
1785222300,27881.9000000000,27883.2700000000,27855.2700000000,27855.2700000000,1179,195,0
1785222600,27854.9000000000,27860.1500000000,27826.6500000000,27832.9000000000,1082,195,0
1785222900,27833.1500000000,27861.7700000000,27824.4000000000,27860.5200000000,1243,195,0
1785223200,27860.4000000000,27864.2700000000,27818.7700000000,27824.2700000000,1099,195,0
1785223500,27823.6500000000,27832.5200000000,27818.6500000000,27821.2700000000,1032,195,0
1785223800,27821.5200000000,27829.4000000000,27810.4000000000,27820.4000000000,1075,195,0
1785224100,27820.1500000000,27830.9000000000,27808.9000000000,27825.9000000000,1074,195,0
1785224400,27825.6500000000,27831.1500000000,27812.2700000000,27823.0200000000,1161,195,0
1785224700,27823.2700000000,27851.1500000000,27819.2700000000,27823.1500000000,1212,195,0
1785225000,27823.0200000000,27826.7700000000,27802.0200000000,27810.9000000000,1110,195,0
1785225300,27810.6500000000,27817.2700000000,27799.5200000000,27804.1500000000,1038,195,0
1785225600,27804.4000000000,27830.7700000000,27797.0200000000,27820.4000000000,1348,195,0
1785225900,27819.9000000000,27822.5200000000,27797.6500000000,27821.4000000000,1201,195,0
1785226200,27820.9000000000,27821.5200000000,27790.9000000000,27794.6500000000,1049,195,0
1785226500,27795.0200000000,27804.2700000000,27787.5200000000,27787.5200000000,1001,195,0
1785226800,27787.1500000000,27794.7700000000,27773.2700000000,27780.7700000000,1126,195,0
1785227100,27780.5200000000,27780.6500000000,27763.5200000000,27767.6500000000,1161,195,0
1785227400,27767.9000000000,27771.5200000000,27735.7700000000,27736.9000000000,1160,195,0
1785227700,27737.0200000000,27761.4000000000,27724.7700000000,27748.0200000000,1206,195,0
1785228000,27747.9000000000,27747.9000000000,27729.0200000000,27745.6500000000,1194,195,0
1785228300,27745.0200000000,27760.6500000000,27741.7700000000,27759.0200000000,1073,195,0
1785228600,27757.7700000000,27772.0200000000,27742.5200000000,27746.5200000000,1154,195,0
1785228900,27746.4000000000,27753.9000000000,27719.7700000000,27728.9000000000,986,195,0
1785229200,27728.7700000000,27749.5200000000,27709.2700000000,27709.7700000000,1252,195,0
1785229500,27710.7700000000,27717.4000000000,27701.9000000000,27705.4000000000,1220,195,0
1785229800,27705.9000000000,27707.7700000000,27687.5200000000,27693.1500000000,1129,195,0
1785230100,27693.2700000000,27717.6500000000,27693.1500000000,27706.2700000000,1186,195,0
1785230400,27706.1500000000,27730.1500000000,27696.5200000000,27714.1500000000,1126,195,0
1785230700,27714.2700000000,27754.7700000000,27710.7700000000,27749.7700000000,1259,195,0
1785231000,27750.1500000000,27759.6500000000,27740.5200000000,27753.3700000000,1324,195,0
1785231300,27754.1500000000,27778.6500000000,27754.1500000000,27772.4000000000,1122,195,0
1785231600,27772.2700000000,27784.1500000000,27766.2700000000,27766.2700000000,959,195,0
1785231900,27766.4000000000,27766.7700000000,27750.5200000000,27756.5200000000,894,195,0
1785232200,27757.2700000000,27774.5200000000,27754.6500000000,27774.5200000000,869,195,0
1785232500,27774.7700000000,27805.9000000000,27772.9000000000,27794.5200000000,944,195,0
1785232800,27794.1500000000,27815.2700000000,27788.2700000000,27796.2700000000,1325,195,0
1785233100,27796.6500000000,27827.4000000000,27782.5200000000,27820.9000000000,1196,195,0
1785233400,27821.2700000000,27827.9000000000,27808.1500000000,27820.2700000000,1212,195,0
1785233700,27819.9000000000,27836.0200000000,27817.2700000000,27817.6500000000,1144,195,0
1785234000,27817.5200000000,27825.1500000000,27803.5200000000,27803.5200000000,1088,195,0
1785234300,27803.7700000000,27810.9000000000,27786.5200000000,27791.4000000000,1100,195,0
1785234600,27792.1500000000,27794.7700000000,27781.9000000000,27789.4000000000,1082,195,0
1785234900,27789.6500000000,27802.9000000000,27775.6500000000,27799.4000000000,1109,195,0
1785235200,27799.1500000000,27809.5200000000,27785.0200000000,27787.9000000000,943,195,0
1785235500,27787.7700000000,27790.2700000000,27756.6500000000,27769.0200000000,1038,195,0
1785235800,27768.1500000000,27801.6500000000,27758.1500000000,27793.5200000000,1237,195,0
1785236100,27793.2700000000,27798.9000000000,27776.0200000000,27781.0200000000,1057,195,0
1785236400,27782.0200000000,27793.2700000000,27748.2700000000,27774.9000000000,1396,195,0
1785236700,27775.2700000000,27795.7700000000,27743.4000000000,27746.9000000000,1250,195,0
1785237000,27746.7700000000,27746.7700000000,27728.4000000000,27736.9000000000,1154,195,0
1785237300,27737.0200000000,27823.6500000000,27732.0200000000,27809.1500000000,1375,195,0
1785237600,27809.5200000000,27855.2700000000,27803.7700000000,27849.6500000000,1341,195,0
1785237900,27849.1500000000,27851.4000000000,27833.7700000000,27850.5200000000,1263,195,0
1785238200,27850.1500000000,27857.9000000000,27822.6500000000,27856.4000000000,1220,195,0
1785238500,27855.2700000000,27871.9000000000,27832.7700000000,27861.7700000000,1168,195,0
1785238800,27862.2700000000,27894.5200000000,27860.7700000000,27885.2700000000,1054,195,0
1785239100,27885.6500000000,27899.0200000000,27866.4000000000,27868.5200000000,1092,195,0
1785239400,27868.7700000000,27882.2700000000,27849.6500000000,27855.9000000000,1038,195,0
1785239700,27856.4000000000,27858.6500000000,27835.0200000000,27841.6500000000,905,195,0
1785240000,27841.4000000000,27854.2700000000,27834.4000000000,27842.4000000000,1084,195,0
1785240300,27842.2700000000,27858.5200000000,27838.9000000000,27851.5200000000,1011,195,0
1785240600,27851.6500000000,27862.5200000000,27830.4000000000,27836.9000000000,1017,195,0
1785240900,27837.0200000000,27851.1500000000,27833.4000000000,27850.4000000000,995,195,0
1785241200,27850.5200000000,27856.6500000000,27846.5200000000,27851.7700000000,907,195,0
1785241500,27851.6500000000,27863.9000000000,27844.1500000000,27861.2700000000,906,195,0
1785241800,27861.0200000000,27861.2700000000,27830.7700000000,27831.9000000000,953,195,0
1785242100,27831.5200000000,27835.0200000000,27817.0200000000,27826.1500000000,939,195,0
1785242400,27825.9000000000,27839.9000000000,27815.5200000000,27820.5200000000,837,195,0
1785242700,27821.2700000000,27829.4000000000,27815.2700000000,27821.5200000000,774,195,0
1785243000,27821.6500000000,27829.1500000000,27807.9000000000,27811.6500000000,826,195,0
1785243300,27812.0200000000,27813.2700000000,27790.0200000000,27804.7700000000,916,195,0
1785243600,27804.6500000000,27812.1500000000,27796.9000000000,27810.4000000000,917,195,0
1785243900,27810.5200000000,27813.6500000000,27798.5200000000,27809.4000000000,944,195,0
1785244200,27809.1500000000,27812.6500000000,27795.4000000000,27800.1200000000,912,195,0
1785244500,27800.1500000000,27817.4000000000,27796.1500000000,27816.1500000000,926,195,0
1785244800,27816.4000000000,27816.9000000000,27786.4000000000,27794.6500000000,912,195,0
1785245100,27794.9000000000,27816.4000000000,27781.4000000000,27816.0200000000,950,195,0
1785245400,27816.1500000000,27828.2700000000,27793.0200000000,27796.9000000000,1010,195,0
1785245700,27796.4000000000,27801.5200000000,27769.9000000000,27772.0200000000,1115,195,0
1785246000,27771.9000000000,27780.6500000000,27753.4000000000,27780.4000000000,1077,195,0
1785246300,27780.2700000000,27798.5200000000,27774.9000000000,27779.5200000000,1045,195,0
1785246600,27779.2700000000,27799.1500000000,27774.4000000000,27798.9000000000,893,195,0
1785246900,27798.4000000000,27798.9000000000,27780.6500000000,27791.7700000000,1011,195,0
1785247200,27791.2700000000,27800.2700000000,27739.0200000000,27741.0200000000,1342,195,0
1785247500,27740.5200000000,27757.4000000000,27730.4000000000,27738.5200000000,1225,195,0
1785247800,27738.0200000000,27742.4000000000,27713.0200000000,27718.2700000000,1223,195,0
1785248100,27717.6500000000,27796.0200000000,27717.1500000000,27794.0200000000,1351,195,0
1785248400,27793.4000000000,27805.2700000000,27764.9000000000,27765.2700000000,1234,195,0
1785248700,27765.0200000000,27765.4000000000,27730.5200000000,27731.4000000000,1069,195,0
1785249000,27731.5200000000,27742.5200000000,27716.2700000000,27724.6500000000,1205,195,0
1785249300,27723.6500000000,27774.2700000000,27719.9000000000,27721.4000000000,1243,195,0
1785249600,27721.5200000000,27725.1500000000,27697.7700000000,27710.6200000000,1205,195,0
1785249900,27709.6500000000,27767.7700000000,27709.2700000000,27757.6500000000,1169,195,0
1785250200,27757.5200000000,27775.4000000000,27747.0200000000,27766.6500000000,1142,195,0
1785250500,27767.4000000000,27821.6500000000,27767.1500000000,27811.2700000000,1208,195,0
1785250800,27811.0200000000,27841.4000000000,27802.5200000000,27831.2700000000,1301,195,0
1785251100,27832.1500000000,27849.4000000000,27818.0200000000,27827.0200000000,1231,195,0
1785251400,27826.7700000000,27830.4000000000,27797.3700000000,27811.4000000000,1128,195,0
1785251700,27811.1200000000,27820.2700000000,27796.9000000000,27817.2700000000,1058,195,0
1785252000,27816.9000000000,27827.7700000000,27802.6500000000,27822.2700000000,1192,195,0
1785252300,27822.5200000000,27865.9000000000,27817.2700000000,27857.7700000000,1199,195,0
1785252600,27857.9000000000,27875.4000000000,27821.4000000000,27827.6500000000,1317,195,0
1785252900,27827.2700000000,27845.6500000000,27812.9000000000,27813.6500000000,1178,195,0
1785253200,27813.0200000000,27865.0200000000,27804.6500000000,27857.7700000000,1286,195,0
1785253500,27857.6500000000,27880.2700000000,27850.0200000000,27855.0200000000,1267,195,0
1785253800,27855.2700000000,27860.7700000000,27825.8700000000,27856.6500000000,1191,195,0
1785254100,27856.9000000000,27865.0200000000,27840.2700000000,27841.5200000000,1189,195,0
1785254400,27841.6500000000,27850.9000000000,27822.5200000000,27826.1500000000,1353,195,0
1785254700,27825.9000000000,27874.7700000000,27822.1500000000,27865.1500000000,1275,195,0
1785255000,27865.2700000000,27871.0200000000,27844.6200000000,27849.2700000000,1201,195,0
1785255300,27849.4000000000,27876.1500000000,27843.7700000000,27862.0200000000,1281,195,0
1785255600,27861.6500000000,27868.9000000000,27834.3700000000,27846.7700000000,1232,195,0
1785255900,27838.7700000000,27838.7700000000,27786.2700000000,27798.6500000000,1496,195,0
1785256200,27793.6200000000,27837.6500000000,27719.7700000000,27724.7700000000,1891,195,0
1785256500,27725.5200000000,27773.9000000000,27636.9000000000,27639.6500000000,1881,195,0
1785256800,27640.0200000000,27688.0200000000,27577.4000000000,27597.4000000000,1879,195,0
1785257100,27597.5200000000,27611.1500000000,27506.7200000000,27600.9500000000,1887,195,0
1785257400,27601.8100000000,27643.4500000000,27529.8600000000,27543.9600000000,1902,195,0
1785257700,27543.3400000000,27566.1000000000,27490.6900000000,27509.7200000000,1830,195,0
1785258000,27508.9800000000,27594.5900000000,27499.6900000000,27561.3800000000,1866,195,0
1785258300,27561.5000000000,27638.2000000000,27514.2500000000,27521.2600000000,1887,195,0
1785258600,27521.3900000000,27576.6300000000,27456.5900000000,27476.8000000000,1875,195,0
1785258900,27477.7900000000,27501.4900000000,27451.9100000000,27461.1200000000,1863,195,0
1785259200,27461.4900000000,27562.9700000000,27453.4300000000,27522.8800000000,1879,195,0
1785259500,27526.4800000000,27557.9900000000,27506.2600000000,27552.3700000000,1860,195,0
1785259800,27551.2600000000,27573.2900000000,27515.9900000000,27525.2500000000,1852,195,0
1785260100,27525.1200000000,27607.6800000000,27519.5400000000,27568.5400000000,1850,195,0
1785260400,27569.1600000000,27638.3700000000,27560.6000000000,27617.9800000000,1824,195,0
1785260700,27616.7300000000,27700.9300000000,27591.5900000000,27697.1200000000,1806,195,0
1785261000,27696.1200000000,27736.5100000000,27693.6400000000,27699.4600000000,1801,195,0
1785261300,27699.3300000000,27722.9900000000,27645.7000000000,27650.0800000000,1784,195,0
1785261600,27650.9400000000,27686.0000000000,27630.0700000000,27630.0700000000,1801,195,0
1785261900,27629.9400000000,27683.6600000000,27617.2800000000,27675.0700000000,1792,195,0
1785262200,27674.0800000000,27729.2100000000,27651.9900000000,27701.7700000000,1843,195,0
1785262500,27701.5200000000,27764.4900000000,27686.1400000000,27763.4700000000,1797,195,0
1785262800,27763.5900000000,27822.6300000000,27762.7200000000,27822.6300000000,1804,195,0
1785263100,27822.5000000000,27857.9600000000,27806.1900000000,27813.4300000000,1767,195,0
1785263400,27813.3100000000,27842.9100000000,27798.5800000000,27827.4400000000,1725,195,0
1785263700,27829.9200000000,27864.9800000000,27825.8400000000,27855.0400000000,1700,195,0
1785264000,27853.5500000000,27883.0900000000,27838.5600000000,27880.2200000000,1675,195,0
1785264300,27879.7200000000,27910.7100000000,27877.8800000000,27894.7700000000,1646,195,0
1785264600,27893.9000000000,27905.6000000000,27861.0500000000,27881.6100000000,1694,195,0
1785264900,27882.2300000000,27910.2400000000,27864.9000000000,27896.9400000000,1653,195,0
1785265200,27897.0600000000,27917.5000000000,27882.4500000000,27899.9800000000,1657,195,0
1785265500,27900.2300000000,27913.3500000000,27856.9400000000,27856.9400000000,1617,195,0
1785265800,27856.5700000000,27876.4400000000,27846.2400000000,27855.9000000000,1585,195,0
1785266100,27856.2700000000,27879.8500000000,27841.5400000000,27878.1000000000,1596,195,0
1785266400,27877.2300000000,27892.9000000000,27836.7500000000,27846.4300000000,1531,195,0
1785266700,27846.0600000000,27855.7700000000,27832.9900000000,27840.9800000000,1506,195,0
1785267000,27842.9700000000,27842.9700000000,27800.9700000000,27822.3800000000,1631,195,0
1785267300,27823.2500000000,27870.1500000000,27815.0900000000,27869.9000000000,1569,195,0
1785267600,27869.5300000000,27890.1700000000,27860.8400000000,27879.6500000000,1583,195,0
1785267900,27879.1500000000,27886.8400000000,27840.2900000000,27863.6900000000,1616,195,0
1785268200,27863.1900000000,27925.8400000000,27862.5700000000,27915.7700000000,1559,195,0
1785268500,27915.6500000000,27925.3700000000,27901.1700000000,27905.1000000000,1507,195,0
1785268800,27904.9800000000,27913.2800000000,27866.7600000000,27869.7400000000,1492,195,0
1785269100,27869.8600000000,27879.3100000000,27833.6900000000,27836.0500000000,1598,195,0
1785269400,27835.8000000000,27857.7000000000,27818.9400000000,27837.5600000000,1642,195,0
1785269700,27837.1900000000,27846.3700000000,27823.0300000000,27841.8300000000,1544,195,0
1785270000,27841.9600000000,27893.1500000000,27834.6500000000,27836.9700000000,1584,195,0
1785270300,27836.4800000000,27868.7600000000,27824.4700000000,27845.7000000000,1539,195,0
1785270600,27845.0800000000,27880.9000000000,27838.0400000000,27870.7600000000,1526,195,0
1785270900,27870.5100000000,27891.4700000000,27840.9800000000,27842.7200000000,1438,195,0
1785271200,27842.4800000000,27857.2700000000,27798.7400000000,27803.5100000000,1498,195,0
1785271500,27803.2600000000,27833.5600000000,27788.4000000000,27828.3300000000,1563,195,0
1785271800,27827.3400000000,27827.5900000000,27786.7000000000,27789.7900000000,1471,195,0
1785272100,27789.6700000000,27822.2200000000,27774.2300000000,27821.7300000000,1516,195,0
1785272400,27823.4700000000,27846.9700000000,27801.1800000000,27817.5800000000,1585,195,0
1785272700,27818.0800000000,27822.0200000000,27787.2600000000,27792.7900000000,1503,195,0
1785273000,27792.9100000000,27797.2700000000,27763.7100000000,27765.7500000000,1495,195,0
1785273300,27765.5000000000,27785.5600000000,27761.2400000000,27777.4700000000,1486,195,0
1785273600,27777.3400000000,27795.7700000000,27770.5900000000,27774.5600000000,1494,195,0
1785273900,27774.8000000000,27783.9500000000,27762.8500000000,27774.4300000000,1519,195,0
1785274200,27774.5500000000,27810.4600000000,27769.8300000000,27795.0200000000,1583,195,0
1785274500,27795.7700000000,27804.2500000000,27778.6400000000,27780.3800000000,1512,195,0
1785274800,27780.6300000000,27792.6700000000,27770.0600000000,27786.0100000000,1508,195,0
1785275100,27785.7600000000,27822.4500000000,27777.8100000000,27803.0000000000,1528,195,0
1785275400,27802.7500000000,27825.1600000000,27792.2600000000,27800.1500000000,1462,195,0
1785275700,27799.7800000000,27826.5700000000,27787.0300000000,27821.0700000000,1466,195,0
1785276000,27820.0800000000,27866.9500000000,27820.0800000000,27863.9800000000,1548,195,0
1785276300,27863.4900000000,27869.2500000000,27825.0100000000,27827.3700000000,1504,195,0
1785276600,27827.5000000000,27841.7800000000,27821.1400000000,27836.8800000000,1450,195,0
1785276900,27835.7700000000,27843.4800000000,27815.1100000000,27839.1700000000,1480,195,0
1785277200,27839.4200000000,27867.5300000000,27832.5000000000,27867.0300000000,1476,195,0
1785277500,27866.5400000000,27870.1700000000,27836.0300000000,27866.8400000000,1475,195,0
1785277800,27867.0900000000,27872.8000000000,27845.1200000000,27851.1600000000,1554,195,0
1785278100,27851.5300000000,27851.5300000000,27792.6500000000,27798.5000000000,1563,195,0
1785278400,27798.7500000000,27811.2900000000,27793.7300000000,27805.3500000000,1519,195,0
1785278700,27804.9800000000,27807.4600000000,27781.6300000000,27804.2100000000,1514,195,0
1785279000,27804.3400000000,27837.9700000000,27786.1700000000,27833.5000000000,1606,195,0
1785279300,27832.8800000000,27832.8800000000,27761.4300000000,27770.7500000000,1689,195,0
1785279600,27768.8600000000,27802.1600000000,27761.2100000000,27765.5500000000,1055,195,0
1785279900,27765.3000000000,27812.7400000000,27732.7400000000,27755.2500000000,1234,195,0
1785280200,27753.8600000000,27784.9300000000,27746.6900000000,27766.6600000000,1086,195,0
1785280500,27767.2800000000,27798.9500000000,27759.0800000000,27796.3500000000,946,195,0
1785280800,27795.4800000000,27810.9500000000,27785.1800000000,27808.3300000000,803,195,0
1785281100,27808.7000000000,27838.6400000000,27806.2200000000,27825.3500000000,874,195,0
1785281400,27825.2300000000,27828.1800000000,27810.0600000000,27814.2800000000,774,195,0
1785281700,27814.5000000000,27831.4100000000,27792.1700000000,27796.0300000000,799,195,0
1785282000,27796.2800000000,27799.8300000000,27784.7900000000,27796.3600000000,705,195,0
1785282300,27795.9900000000,27808.0300000000,27794.1200000000,27802.0800000000,561,195,0
1785282600,27801.3400000000,27802.8300000000,27783.5600000000,27798.3000000000,653,195,0
1785282900,27798.7900000000,27810.2000000000,27796.2000000000,27806.0600000000,609,195,0
1785286800,27812.2600000000,27848.9100000000,27812.2600000000,27846.9100000000,577,195,0
1785287100,27846.5400000000,27861.9100000000,27845.9100000000,27852.0400000000,536,195,0
1785287400,27851.6600000000,27864.1600000000,27813.7600000000,27823.6600000000,556,195,0
1785287700,27823.7900000000,27830.0400000000,27772.2600000000,27787.6600000000,635,195,0
1785288000,27787.5400000000,27792.1600000000,27765.2600000000,27768.0100000000,531,195,0
1785288300,27769.4100000000,27794.4100000000,27758.2600000000,27794.0400000000,646,195,0
1785288600,27790.6600000000,27793.9100000000,27735.5400000000,27743.5100000000,606,195,0
1785288900,27744.9100000000,27761.2900000000,27707.0100000000,27711.7600000000,628,195,0
1785289200,27712.7900000000,27740.4100000000,27711.2600000000,27712.2600000000,661,195,0
1785289500,27713.5100000000,27714.1600000000,27666.0100000000,27676.2900000000,901,195,0
1785289800,27675.6600000000,27686.9100000000,27635.7600000000,27641.0100000000,890,195,0
1785290100,27641.0100000000,27660.9100000000,27607.7600000000,27607.7600000000,865,195,0
1785290400,27608.7900000000,27637.7900000000,27580.0100000000,27634.7600000000,869,195,0
1785290700,27636.5400000000,27658.1600000000,27597.0100000000,27598.7600000000,908,195,0
1785291000,27598.5100000000,27707.5100000000,27591.5100000000,27692.7600000000,943,195,0
1785291300,27691.7600000000,27694.7600000000,27666.0100000000,27675.7600000000,690,195,0
1785291600,27676.7900000000,27737.0400000000,27660.7600000000,27725.9100000000,803,195,0
1785291900,27725.7900000000,27742.1600000000,27715.2600000000,27741.5400000000,705,195,0
1785292200,27740.4100000000,27772.2900000000,27735.7600000000,27754.4100000000,753,195,0
1785292500,27753.7600000000,27760.5400000000,27741.5100000000,27746.7600000000,567,195,0
1785292800,27746.7600000000,27875.2900000000,27742.1600000000,27866.5100000000,766,195,0
1785293100,27864.1600000000,27918.0100000000,27841.7600000000,27910.7600000000,1063,195,0
1785293400,27910.7600000000,27946.9100000000,27897.5100000000,27932.0400000000,1039,195,0
1785293700,27931.4100000000,27955.5400000000,27916.7600000000,27953.9100000000,1133,195,0
1785294000,27955.1600000000,28025.0100000000,27928.7600000000,27994.2600000000,1326,195,0
1785294300,27993.5100000000,28019.4100000000,27982.0100000000,27992.2600000000,1338,195,0
1785294600,27992.1600000000,28011.4100000000,27983.2600000000,27992.0400000000,1087,195,0
1785294900,27990.9100000000,28001.4100000000,27960.6600000000,27992.5100000000,1296,195,0
1785295200,27992.0100000000,28005.0100000000,27942.5100000000,27948.5100000000,1134,195,0
1785295500,27947.7600000000,27950.4100000000,27903.7600000000,27926.2600000000,1290,195,0
1785295800,27924.7600000000,27931.4100000000,27870.1600000000,27889.0400000000,1327,195,0
1785296100,27888.9100000000,27930.6600000000,27884.1600000000,27911.7900000000,1273,195,0
1785296400,27911.9100000000,27926.0400000000,27882.7600000000,27920.5400000000,1143,195,0
1785296700,27920.4100000000,27935.7900000000,27888.2900000000,27893.4100000000,1145,195,0
1785297000,27892.7900000000,27913.1600000000,27881.2900000000,27910.0100000000,1246,195,0
1785297300,27910.1600000000,27910.1600000000,27852.9100000000,27862.0400000000,1157,195,0
1785297600,27862.2900000000,27892.2900000000,27854.7600000000,27872.0100000000,1311,195,0
1785297900,27872.5400000000,27877.0400000000,27825.5400000000,27828.2900000000,1436,195,0
1785298200,27828.4100000000,27831.0400000000,27763.0100000000,27772.4100000000,1327,195,0
1785298500,27770.5100000000,27794.5400000000,27748.5400000000,27778.5400000000,1260,195,0
1785298800,27779.1600000000,27839.4100000000,27779.1600000000,27832.5400000000,1312,195,0
1785299100,27831.7900000000,27849.1600000000,27822.2600000000,27823.2600000000,1176,195,0
1785299400,27824.4100000000,27830.4100000000,27796.7600000000,27816.0100000000,1395,195,0
1785299700,27815.2600000000,27819.2600000000,27785.2600000000,27794.0400000000,1164,195,0
1785300000,27794.1600000000,27794.6600000000,27730.0100000000,27730.5400000000,1244,195,0
1785300300,27730.1600000000,27743.4100000000,27704.2900000000,27712.2900000000,1224,195,0
1785300600,27711.9100000000,27720.7900000000,27660.7600000000,27670.0400000000,1269,195,0
1785300900,27669.6600000000,27675.4100000000,27636.1600000000,27637.7600000000,1148,195,0
1785301200,27637.2900000000,27675.5400000000,27622.6600000000,27660.1600000000,1420,195,0
1785301500,27660.0400000000,27700.0400000000,27646.4100000000,27690.2600000000,1312,195,0
1785301800,27690.0100000000,27720.1600000000,27688.2600000000,27696.1600000000,1289,195,0
1785302100,27695.4100000000,27697.6600000000,27647.7600000000,27669.0400000000,1248,195,0
1785302400,27669.4100000000,27720.7900000000,27663.5100000000,27696.5400000000,1310,195,0
1785302700,27696.1600000000,27747.0400000000,27689.2600000000,27746.7900000000,1254,195,0
1785303000,27746.9100000000,27763.0400000000,27721.7600000000,27735.2900000000,1178,195,0
1785303300,27733.2600000000,27744.2900000000,27710.6600000000,27744.2900000000,1145,195,0
1785303600,27744.1600000000,27755.5400000000,27731.0100000000,27737.5100000000,1057,195,0
1785303900,27737.9100000000,27740.6600000000,27702.0100000000,27703.5400000000,924,195,0
1785304200,27703.5100000000,27720.5400000000,27684.5100000000,27697.1600000000,1101,195,0
1785304500,27696.9100000000,27701.1600000000,27674.5100000000,27691.2900000000,1092,195,0
1785304800,27689.2600000000,27691.5400000000,27639.5100000000,27647.6600000000,1177,195,0
1785305100,27648.1600000000,27724.5400000000,27645.1600000000,27718.7900000000,1383,195,0
1785305400,27719.0400000000,27733.4100000000,27676.5100000000,27681.1600000000,1357,195,0
1785305700,27681.0400000000,27686.9100000000,27658.7600000000,27665.2900000000,1181,195,0
1785306000,27664.7900000000,27691.5400000000,27646.9100000000,27653.9100000000,1190,195,0
1785306300,27653.5400000000,27655.1600000000,27627.1600000000,27628.9100000000,1105,195,0
1785306600,27627.7900000000,27634.6600000000,27597.1600000000,27634.2900000000,1357,195,0
1785306900,27634.6600000000,27644.2900000000,27604.9100000000,27606.0400000000,1204,195,0
1785307200,27606.1600000000,27624.4100000000,27594.0400000000,27624.4100000000,1048,195,0
1785307500,27624.0400000000,27637.4100000000,27602.6600000000,27605.0400000000,1178,195,0
1785307800,27604.9100000000,27607.9100000000,27557.7600000000,27568.1600000000,1126,195,0
1785308100,27568.4100000000,27570.9100000000,27553.7900000000,27568.7900000000,966,195,0
1785308400,27569.4100000000,27574.1600000000,27537.2600000000,27551.6600000000,1153,195,0
1785308700,27552.0100000000,27565.5400000000,27536.2900000000,27563.5100000000,1350,195,0
1785309000,27564.4100000000,27565.5400000000,27528.2600000000,27544.0400000000,1296,195,0
1785309300,27543.4100000000,27546.9100000000,27499.7600000000,27526.7900000000,1272,195,0
1785309600,27526.6600000000,27556.2900000000,27505.2600000000,27550.5100000000,1459,195,0
1785309900,27551.5400000000,27564.0400000000,27521.7600000000,27535.7900000000,1434,195,0
1785310200,27535.1600000000,27548.1600000000,27513.4100000000,27528.2900000000,1397,195,0
1785310500,27528.4100000000,27570.6600000000,27527.5100000000,27547.9100000000,1391,195,0
1785310800,27548.1600000000,27548.1600000000,27500.5100000000,27501.5400000000,1218,195,0
1785311100,27502.5400000000,27532.4100000000,27492.0100000000,27516.5100000000,1281,195,0
1785311400,27516.0100000000,27582.7900000000,27515.5100000000,27578.9100000000,1417,195,0
1785311700,27578.7900000000,27610.2900000000,27576.7900000000,27608.5400000000,1331,195,0
1785312000,27608.1600000000,27640.7900000000,27587.9100000000,27624.0400000000,1414,195,0
1785312300,27623.6600000000,27672.4100000000,27601.1600000000,27663.9100000000,1400,195,0
1785312600,27664.1600000000,27685.6600000000,27655.9100000000,27684.2900000000,1294,195,0
1785312900,27684.4100000000,27684.9100000000,27626.7900000000,27635.7900000000,1262,195,0
1785313200,27636.1600000000,27660.4100000000,27624.2900000000,27659.6600000000,1205,195,0
1785313500,27660.7900000000,27680.1600000000,27654.7900000000,27664.2600000000,1225,195,0
1785313800,27667.5400000000,27676.7900000000,27637.2600000000,27675.6600000000,1373,195,0
1785314100,27675.4100000000,27698.1600000000,27669.2600000000,27696.0100000000,1264,195,0
1785314400,27695.4100000000,27705.1600000000,27665.2900000000,27677.1600000000,1178,195,0
1785314700,27680.0400000000,27693.5400000000,27666.2900000000,27674.0400000000,1271,195,0
1785315000,27675.0400000000,27688.7900000000,27657.0100000000,27681.2900000000,1134,195,0
1785315300,27680.7900000000,27685.0400000000,27641.7900000000,27644.6600000000,1099,195,0
1785315600,27646.4100000000,27649.6600000000,27596.6600000000,27598.5400000000,1294,195,0
1785315900,27598.6600000000,27607.4100000000,27588.6600000000,27597.0400000000,1186,195,0
1785316200,27597.2900000000,27618.9100000000,27588.5100000000,27614.7900000000,1259,195,0
1785316500,27616.0400000000,27642.7900000000,27607.2900000000,27626.1600000000,1123,195,0
1785316800,27625.9100000000,27642.6600000000,27606.9100000000,27632.5400000000,1111,195,0
1785317100,27632.2900000000,27662.6600000000,27629.9100000000,27662.2900000000,1102,195,0
1785317400,27661.1600000000,27722.9100000000,27661.1600000000,27718.7900000000,1233,195,0
1785317700,27718.6600000000,27755.4100000000,27715.5400000000,27742.1600000000,961,195,0
1785318000,27742.2900000000,27767.6600000000,27742.2900000000,27763.2900000000,828,195,0
1785318300,27762.7900000000,27777.0400000000,27748.9100000000,27770.7600000000,859,195,0
1785318600,27771.6600000000,27788.7900000000,27769.7600000000,27783.6600000000,831,195,0
1785318900,27783.7900000000,27796.1600000000,27781.1600000000,27784.0400000000,770,195,0
1785319200,27783.7900000000,27800.4100000000,27752.6600000000,27760.7900000000,1209,195,0
1785319500,27761.6600000000,27783.5400000000,27750.0100000000,27781.0400000000,1075,195,0
1785319800,27781.1600000000,27797.6600000000,27774.4100000000,27777.0400000000,965,195,0
1785320100,27777.5400000000,27806.5400000000,27774.2900000000,27784.7900000000,1005,195,0
1785320400,27784.5400000000,27799.1600000000,27760.4100000000,27768.0400000000,981,195,0
1785320700,27768.2900000000,27803.5400000000,27764.1600000000,27801.1600000000,949,195,0
1785321000,27801.6600000000,27813.6600000000,27790.7900000000,27795.9100000000,789,195,0
1785321300,27795.4100000000,27816.1600000000,27789.0100000000,27794.4100000000,824,195,0
1785321600,27792.7600000000,27803.1600000000,27775.2900000000,27775.4100000000,807,195,0
1785321900,27775.6600000000,27778.0400000000,27760.4100000000,27761.2900000000,918,195,0
1785322200,27761.1600000000,27763.9100000000,27748.1600000000,27749.1600000000,914,195,0
1785322500,27749.0400000000,27775.7900000000,27745.9100000000,27761.4100000000,913,195,0
1785322800,27761.0400000000,27778.5400000000,27748.0400000000,27760.0100000000,1201,195,0
1785323100,27760.9100000000,27765.0400000000,27735.7600000000,27745.2600000000,1031,195,0
1785323400,27745.5100000000,27756.2600000000,27712.0400000000,27714.9100000000,1079,195,0
1785323700,27714.7900000000,27739.1600000000,27710.5400000000,27722.4100000000,1041,195,0
1785324000,27722.1600000000,27724.1600000000,27683.0400000000,27686.5400000000,1099,195,0
1785324300,27686.4100000000,27696.2900000000,27674.5400000000,27695.0400000000,1109,195,0
1785324600,27695.9100000000,27763.0400000000,27684.6600000000,27752.1600000000,1107,195,0
1785324900,27751.0100000000,27761.4100000000,27738.9100000000,27741.0400000000,881,195,0
1785325200,27741.4100000000,27783.5400000000,27735.2900000000,27777.9100000000,944,195,0
1785325500,27778.0400000000,27793.1600000000,27767.6600000000,27785.4100000000,960,195,0
1785325800,27785.2900000000,27792.0400000000,27753.7600000000,27762.0400000000,841,195,0
1785326100,27761.6600000000,27767.4100000000,27750.4100000000,27757.7900000000,841,195,0
1785326400,27758.0400000000,27800.2900000000,27755.4100000000,27791.0400000000,998,195,0
1785326700,27791.7900000000,27821.2900000000,27786.0400000000,27814.9100000000,907,195,0
1785327000,27815.0400000000,27832.4100000000,27805.1600000000,27831.6600000000,921,195,0
1785327300,27832.2900000000,27833.4100000000,27806.0400000000,27817.6600000000,1043,195,0
1785327600,27816.0100000000,27838.9100000000,27809.9100000000,27825.0100000000,897,195,0
1785327900,27824.7600000000,27839.7900000000,27819.4100000000,27830.7600000000,797,195,0
1785328200,27830.2600000000,27834.6600000000,27809.6600000000,27824.5400000000,861,195,0
1785328500,27825.0400000000,27849.4100000000,27813.2600000000,27829.9100000000,950,195,0
1785328800,27829.0100000000,27863.1600000000,27829.0100000000,27851.5400000000,914,195,0
1785329100,27851.6600000000,27888.5400000000,27850.2600000000,27887.1600000000,852,195,0
1785329400,27887.5400000000,27911.1600000000,27884.9100000000,27885.1600000000,998,195,0
1785329700,27885.0400000000,27885.0400000000,27859.0100000000,27871.2900000000,1063,195,0
1785330000,27870.2900000000,27882.2900000000,27859.7900000000,27877.2900000000,993,195,0
1785330300,27876.6600000000,27895.6600000000,27857.2900000000,27873.5400000000,1038,195,0
1785330600,27873.6600000000,27881.1600000000,27855.7900000000,27861.2900000000,946,195,0
1785330900,27861.4100000000,27875.2900000000,27853.5400000000,27865.6600000000,896,195,0
1785331200,27864.9100000000,27871.6600000000,27856.9100000000,27858.4100000000,992,195,0
1785331500,27858.5400000000,27868.7900000000,27838.4100000000,27868.1600000000,897,195,0
1785331800,27867.9100000000,27874.5400000000,27829.2600000000,27831.1600000000,867,195,0
1785332100,27831.5400000000,27833.5400000000,27806.5400000000,27813.7900000000,973,195,0
1785332400,27813.9100000000,27835.4100000000,27808.0100000000,27819.0400000000,1015,195,0
1785332700,27818.9100000000,27820.2900000000,27801.6600000000,27810.2900000000,920,195,0
1785333000,27810.1600000000,27821.7900000000,27783.1600000000,27793.9100000000,996,195,0
1785333300,27793.4100000000,27808.9100000000,27788.4100000000,27799.5400000000,986,195,0
1785333600,27799.7900000000,27833.2900000000,27791.5100000000,27814.7900000000,1127,195,0
1785333900,27815.1600000000,27843.1600000000,27786.6600000000,27840.1600000000,1151,195,0
1785334200,27840.5400000000,27855.2900000000,27838.1600000000,27843.1600000000,948,195,0
1785334500,27842.6600000000,27868.7900000000,27835.1600000000,27857.5100000000,942,195,0
1785334800,27858.4100000000,27874.4100000000,27854.1600000000,27854.1600000000,928,195,0
1785335100,27854.0400000000,27872.9100000000,27850.0400000000,27851.1600000000,1003,195,0
1785335400,27851.2900000000,27858.7900000000,27828.6600000000,27833.1600000000,1072,195,0
1785335700,27832.9100000000,27833.9100000000,27810.7600000000,27818.1600000000,954,195,0
1785336000,27818.0400000000,27830.4100000000,27813.5400000000,27817.0400000000,813,195,0
1785336300,27817.1600000000,27847.6600000000,27808.9100000000,27839.6600000000,1050,195,0
1785336600,27837.9100000000,27838.9100000000,27810.4100000000,27811.0400000000,1016,195,0
1785336900,27810.7900000000,27855.1600000000,27808.0400000000,27854.7900000000,925,195,0
1785337200,27853.9100000000,27855.2900000000,27829.4100000000,27835.9100000000,1004,195,0
1785337500,27836.0400000000,27858.0400000000,27805.1600000000,27812.2900000000,1098,195,0
1785337800,27812.1600000000,27829.9100000000,27786.2600000000,27792.1600000000,1059,195,0
1785338100,27791.5400000000,27799.1600000000,27720.6600000000,27738.9100000000,1499,195,0
1785338400,27738.6600000000,27751.5400000000,27704.7900000000,27720.4100000000,1406,195,0
1785338700,27720.1600000000,27753.2900000000,27718.1600000000,27719.7900000000,1256,195,0
1785339000,27718.4100000000,27739.1600000000,27696.6600000000,27739.1600000000,1280,195,0
1785339300,27739.2900000000,27743.0400000000,27721.9100000000,27739.0400000000,1172,195,0
1785339600,27738.5400000000,27769.7900000000,27731.5400000000,27762.9100000000,1075,195,0
1785339900,27763.1600000000,27779.6600000000,27757.5400000000,27776.2900000000,1115,195,0
1785340200,27776.0400000000,27781.1600000000,27763.5400000000,27777.2900000000,1103,195,0
1785340500,27777.1600000000,27781.9100000000,27755.0400000000,27759.6600000000,1100,195,0
1785340800,27759.7900000000,27768.4100000000,27729.6600000000,27732.0400000000,1348,195,0
1785341100,27731.7900000000,27747.0400000000,27723.0400000000,27743.9100000000,1257,195,0
1785341400,27744.2900000000,27746.2900000000,27721.9100000000,27724.5400000000,1221,195,0
1785341700,27724.9100000000,27737.7900000000,27713.7900000000,27720.4100000000,1295,195,0
1785342000,27720.2900000000,27747.5400000000,27707.7900000000,27747.4100000000,1174,195,0
1785342300,27747.2900000000,27790.2900000000,27742.5100000000,27767.2900000000,1359,195,0
1785342600,27766.1600000000,27834.6600000000,27688.6600000000,27811.5400000000,1898,195,0
1785342900,27808.7900000000,27846.7900000000,27715.2900000000,27737.4100000000,1874,195,0
1785343200,27737.2900000000,27769.2900000000,27710.6600000000,27768.2900000000,1857,195,0
1785343500,27768.1600000000,27798.1600000000,27668.2900000000,27701.0400000000,1867,195,0
1785343800,27702.4100000000,27706.7900000000,27573.5400000000,27605.0400000000,1868,195,0
1785344100,27605.2900000000,27605.2900000000,27519.7900000000,27585.5400000000,1864,195,0
1785344400,27585.6600000000,27639.7900000000,27585.6600000000,27639.0400000000,1883,195,0
1785344700,27638.5400000000,27677.1600000000,27568.6600000000,27579.0400000000,1862,195,0
1785345000,27576.5400000000,27596.5400000000,27487.7900000000,27499.5400000000,1861,195,0
1785345300,27499.6600000000,27539.9100000000,27495.2600000000,27514.5400000000,1867,195,0
1785345600,27515.0400000000,27546.4100000000,27458.6600000000,27470.9100000000,1843,195,0
1785345900,27472.6600000000,27476.4100000000,27395.6000000000,27428.9100000000,1858,195,0
1785346200,27428.4200000000,27506.8400000000,27424.9400000000,27477.0800000000,1846,195,0
1785346500,27477.2100000000,27479.7900000000,27410.9900000000,27419.7900000000,1831,195,0
1785346800,27418.6800000000,27427.4300000000,27366.9000000000,27393.3100000000,1819,195,0
1785347100,27393.0600000000,27429.4500000000,27373.7500000000,27421.0900000000,1839,195,0
1785347400,27421.5800000000,27467.8900000000,27412.5400000000,27453.9000000000,1807,195,0
1785347700,27453.2800000000,27467.9900000000,27407.4700000000,27454.9100000000,1807,195,0
1785348000,27455.1600000000,27501.6300000000,27436.6900000000,27494.2000000000,1811,195,0
1785348300,27493.4600000000,27511.8300000000,27447.0400000000,27499.1700000000,1802,195,0
1785348600,27499.5400000000,27505.0000000000,27422.5300000000,27433.4300000000,1797,195,0
1785348900,27433.1800000000,27478.8800000000,27414.3700000000,27418.2400000000,1799,195,0
1785349200,27418.3600000000,27459.9400000000,27404.8600000000,27458.6900000000,1769,195,0
1785349500,27458.5700000000,27472.1400000000,27406.8800000000,27410.7800000000,1781,195,0
1785349800,27410.5300000000,27439.3800000000,27395.6500000000,27413.5300000000,1719,195,0
1785350100,27414.2700000000,27449.8700000000,27390.0400000000,27390.0400000000,1728,195,0
1785350400,27390.6600000000,27411.5800000000,27373.9000000000,27389.9200000000,1702,195,0
1785350700,27388.3000000000,27419.1000000000,27373.7600000000,27411.8700000000,1709,195,0
1785351000,27411.5000000000,27419.2800000000,27342.1400000000,27348.5700000000,1710,195,0
1785351300,27346.9600000000,27374.7000000000,27318.8800000000,27370.9700000000,1703,195,0
1785351600,27372.2100000000,27392.9300000000,27308.7800000000,27313.4900000000,1655,195,0
1785351900,27315.4800000000,27316.2400000000,27280.7000000000,27316.2400000000,1661,195,0
1785352200,27315.4900000000,27319.6800000000,27273.0900000000,27273.4600000000,1657,195,0
1785352500,27273.8400000000,27304.0800000000,27263.0300000000,27299.4900000000,1659,195,0
1785352800,27299.3700000000,27380.2600000000,27290.6500000000,27368.7100000000,1683,195,0
1785353100,27369.0800000000,27408.3700000000,27366.6800000000,27405.0100000000,1658,195,0
1785353400,27403.4000000000,27437.6300000000,27378.4600000000,27378.9600000000,1682,195,0
1785353700,27378.3400000000,27385.2400000000,27348.7800000000,27380.0300000000,1648,195,0
1785354000,27380.1500000000,27390.9100000000,27338.4100000000,27357.2600000000,1636,195,0
1785354300,27356.6400000000,27406.5600000000,27343.0300000000,27404.6800000000,1640,195,0
1785354600,27404.3100000000,27427.1800000000,27385.9500000000,27415.7400000000,1669,195,0
1785354900,27415.6200000000,27455.1500000000,27408.1700000000,27455.0300000000,1644,195,0
1785355200,27455.1500000000,27516.2000000000,27448.8600000000,27511.6000000000,1688,195,0
1785355500,27511.2300000000,27513.9600000000,27487.1600000000,27504.6100000000,1595,195,0
1785355800,27504.8500000000,27588.2700000000,27500.3900000000,27586.1600000000,1630,195,0
1785356100,27587.6500000000,27590.6200000000,27560.6400000000,27566.9100000000,1673,195,0
1785356400,27567.0400000000,27599.7800000000,27543.7400000000,27546.0900000000,1636,195,0
1785356700,27545.3500000000,27553.2300000000,27503.4800000000,27503.4800000000,1646,195,0
1785357000,27502.6100000000,27545.6300000000,27481.8300000000,27525.4300000000,1684,195,0
1785357300,27525.5500000000,27531.0600000000,27490.6500000000,27510.4700000000,1629,195,0
1785357600,27510.0900000000,27541.6200000000,27505.7900000000,27531.3300000000,1593,195,0
1785357900,27532.9400000000,27549.2700000000,27508.0100000000,27547.0400000000,1580,195,0
1785358200,27546.9200000000,27577.9700000000,27546.0400000000,27561.9700000000,1522,195,0
1785358500,27562.4600000000,27573.6300000000,27528.8700000000,27564.4400000000,1127,195,0
1785358800,27564.9400000000,27739.4900000000,27564.9400000000,27654.7400000000,1728,195,0
1785359100,27654.0200000000,27737.5000000000,27641.9800000000,27707.8000000000,1842,195,0
1785359400,27707.3000000000,27723.6200000000,27629.0600000000,27652.3700000000,1819,195,0
1785359700,27653.2400000000,27696.3700000000,27603.9900000000,27618.4100000000,1799,195,0
1785360000,27617.7900000000,27627.0500000000,27582.8700000000,27602.4700000000,1780,195,0
1785360300,27602.5900000000,27630.3400000000,27582.3700000000,27629.3500000000,1736,195,0
1785360600,27630.0900000000,27671.4700000000,27563.5100000000,27608.7700000000,1807,195,0
1785360900,27608.6400000000,27740.3400000000,27580.3900000000,27721.7700000000,1821,195,0
1785361200,27722.1400000000,27840.6400000000,27719.9400000000,27829.2000000000,1845,195,0
1785361500,27828.9500000000,27906.0400000000,27815.1400000000,27897.3500000000,1840,195,0
1785361800,27897.4700000000,27940.8600000000,27856.6400000000,27939.3700000000,1801,195,0
1785362100,27938.7500000000,27949.8800000000,27877.5200000000,27910.9900000000,1802,195,0
1785362400,27913.4700000000,27952.6800000000,27823.5800000000,27848.9300000000,1850,195,0
1785362700,27849.8000000000,27854.3500000000,27735.8800000000,27735.9000000000,1846,195,0
1785363000,27736.8900000000,27785.6400000000,27698.3500000000,27763.3700000000,1846,195,0
1785363300,27763.6100000000,27795.6400000000,27664.8300000000,27681.3800000000,1857,195,0
1785363600,27680.8800000000,27685.1000000000,27544.7900000000,27570.6700000000,1850,195,0
1785363900,27570.4200000000,27582.6700000000,27501.5400000000,27571.1000000000,1843,195,0
1785364200,27571.9700000000,27602.7500000000,27433.8500000000,27470.0700000000,1886,195,0
1785364500,27471.5600000000,27490.1200000000,27366.4000000000,27371.9900000000,1857,195,0
1785364800,27370.3800000000,27403.2500000000,27317.4500000000,27332.9500000000,1875,195,0
1785365100,27330.3200000000,27361.7000000000,27279.2000000000,27353.6700000000,1864,195,0
1785365400,27353.5700000000,27353.5700000000,27247.8200000000,27287.4500000000,1846,195,0
1785365700,27286.3200000000,27286.3200000000,27171.8200000000,27189.2000000000,1851,195,0
1785366000,27191.4200000000,27212.1700000000,27054.9200000000,27105.1700000000,1399,195,0
1785366300,27114.1700000000,27212.4200000000,27106.9200000000,27108.6700000000,1182,195,0
1785366600,27108.4200000000,27182.4200000000,27084.8200000000,27152.8200000000,1232,195,0
1785366900,27151.6700000000,27190.4500000000,27123.4200000000,27136.3200000000,1053,195,0
1785367200,27132.4200000000,27158.9500000000,27109.4500000000,27118.0700000000,932,195,0
1785367500,27118.2000000000,27137.4200000000,27063.6700000000,27096.4500000000,1085,195,0
1785367800,27096.6700000000,27133.2000000000,27062.5700000000,27127.9200000000,1016,195,0
1785368100,27127.1700000000,27185.4500000000,27120.4200000000,27182.9500000000,731,195,0
1785368400,27181.4200000000,27183.8200000000,27141.1700000000,27166.4200000000,777,195,0
1785368700,27166.6700000000,27176.0700000000,27128.8200000000,27128.8200000000,718,195,0
1785369000,27128.7000000000,27163.0700000000,27121.4200000000,27160.6700000000,795,195,0
1785369300,27161.9200000000,27166.0700000000,27111.4200000000,27112.9200000000,483,195,0
1785373200,27060.6200000000,27212.7700000000,27060.6200000000,27211.7700000000,939,195,0
1785373500,27211.6500000000,27306.0200000000,27208.4000000000,27295.7700000000,821,195,0
1785373800,27297.3700000000,27345.8700000000,27288.3700000000,27293.3700000000,866,195,0
1785374100,27294.1200000000,27341.6500000000,27288.8700000000,27334.6200000000,815,195,0
1785374400,27334.8700000000,27336.2700000000,27292.3700000000,27294.1200000000,719,195,0
1785374700,27296.9000000000,27304.0200000000,27254.3700000000,27293.0200000000,735,195,0
1785375000,27293.1500000000,27297.4000000000,27270.8700000000,27289.6200000000,650,195,0
1785375300,27290.7700000000,27323.1500000000,27285.8700000000,27305.9000000000,707,195,0
1785375600,27305.0200000000,27320.2700000000,27291.8700000000,27316.7700000000,642,195,0
1785375900,27317.0200000000,27336.7700000000,27297.3700000000,27301.0200000000,745,195,0
1785376200,27300.4000000000,27319.7700000000,27279.6200000000,27293.1200000000,703,195,0
1785376500,27291.6200000000,27311.4000000000,27283.8700000000,27308.6500000000,549,195,0
1785376800,27307.8700000000,27342.4000000000,27304.6200000000,27337.2700000000,696,195,0
1785377100,27337.1500000000,27382.0200000000,27327.1200000000,27365.5200000000,737,195,0
1785377400,27366.4000000000,27366.7700000000,27314.8700000000,27335.1200000000,805,195,0
1785377700,27336.1200000000,27371.6500000000,27327.6200000000,27371.2700000000,621,195,0
1785378000,27369.6200000000,27383.9000000000,27354.1200000000,27372.1500000000,652,195,0
1785378300,27371.9000000000,27398.6500000000,27367.6200000000,27392.0200000000,671,195,0
1785378600,27390.8700000000,27417.2700000000,27390.8700000000,27399.0200000000,769,195,0
1785378900,27398.9000000000,27413.1500000000,27387.3700000000,27393.5200000000,679,195,0
1785379200,27393.6200000000,27393.9000000000,27358.8700000000,27381.1500000000,872,195,0
1785379500,27381.0200000000,27413.4000000000,27368.5200000000,27371.1200000000,1274,195,0
1785379800,27371.8700000000,27397.4000000000,27355.0200000000,27396.6500000000,1238,195,0
1785380100,27397.2700000000,27407.1500000000,27378.6200000000,27380.0200000000,1266,195,0
1785380400,27379.8700000000,27402.4000000000,27331.4000000000,27360.1200000000,1620,195,0
1785380700,27362.8700000000,27450.4000000000,27357.1200000000,27440.8700000000,1572,195,0
1785381000,27439.1200000000,27465.6500000000,27425.6200000000,27437.9000000000,1442,195,0
1785381300,27438.0200000000,27460.9000000000,27418.9000000000,27430.9000000000,1660,195,0
1785381600,27431.7700000000,27449.4000000000,27409.1500000000,27430.9000000000,1573,195,0
1785381900,27429.3700000000,27460.5200000000,27425.1200000000,27451.2700000000,1498,195,0
1785382200,27452.7700000000,27468.9000000000,27413.1200000000,27415.6500000000,1489,195,0
1785382500,27415.1500000000,27417.7700000000,27386.1200000000,27392.0200000000,1490,195,0
1785382800,27392.1500000000,27402.7700000000,27347.8700000000,27365.0200000000,1467,195,0
1785383100,27364.9000000000,27403.1500000000,27349.0200000000,27386.7700000000,1605,195,0
1785383400,27386.6500000000,27407.5200000000,27362.9000000000,27396.2700000000,1554,195,0
1785383700,27396.0200000000,27406.6500000000,27369.2700000000,27405.0200000000,1477,195,0
1785384000,27405.6500000000,27448.6500000000,27393.1200000000,27448.6500000000,1551,195,0
1785384300,27449.6500000000,27516.7700000000,27438.4000000000,27459.4000000000,1499,195,0
1785384600,27459.5200000000,27473.2700000000,27423.1200000000,27428.5200000000,1584,195,0
1785384900,27428.7700000000,27464.1500000000,27422.1200000000,27449.5200000000,1552,195,0
1785385200,27452.1500000000,27477.5200000000,27439.7700000000,27473.4000000000,1550,195,0
1785385500,27472.6200000000,27506.1500000000,27472.4000000000,27497.1500000000,1495,195,0
1785385800,27497.0200000000,27540.1500000000,27494.0200000000,27529.7700000000,1436,195,0
1785386100,27529.5200000000,27548.7700000000,27520.2700000000,27539.1500000000,1424,195,0
1785386400,27539.7700000000,27552.0200000000,27526.4000000000,27535.2700000000,1413,195,0
1785386700,27535.5200000000,27554.9000000000,27522.4000000000,27539.6500000000,1386,195,0
1785387000,27540.2700000000,27545.9000000000,27511.6500000000,27528.9000000000,1386,195,0
1785387300,27529.0200000000,27546.9000000000,27506.6500000000,27509.4000000000,1443,195,0
1785387600,27509.5200000000,27545.7700000000,27497.8700000000,27499.7700000000,1505,195,0
1785387900,27499.9000000000,27519.5200000000,27491.6500000000,27506.2700000000,1453,195,0
1785388200,27506.5200000000,27531.4000000000,27487.6200000000,27494.9000000000,1414,195,0
1785388500,27494.7700000000,27495.4000000000,27476.2700000000,27482.6500000000,1414,195,0
1785388800,27482.7700000000,27507.4000000000,27478.6500000000,27495.4000000000,1419,195,0
1785389100,27495.3700000000,27509.6500000000,27462.2700000000,27470.7700000000,1308,195,0
1785389400,27470.9000000000,27471.4000000000,27444.0200000000,27445.9000000000,1359,195,0
1785389700,27445.2700000000,27445.4000000000,27424.2700000000,27427.4000000000,1261,195,0
1785390000,27427.5200000000,27469.9000000000,27419.1500000000,27468.2700000000,1310,195,0
1785390300,27468.4000000000,27488.0200000000,27441.4000000000,27455.6500000000,1333,195,0
1785390600,27455.5200000000,27470.1500000000,27436.9000000000,27448.9000000000,1350,195,0
1785390900,27448.7700000000,27463.2700000000,27397.8700000000,27399.6500000000,1312,195,0
1785391200,27399.9000000000,27434.7700000000,27395.0200000000,27418.1500000000,1407,195,0
1785391500,27417.6500000000,27426.4000000000,27376.1500000000,27377.0200000000,1378,195,0
1785391800,27377.5200000000,27379.6500000000,27344.5200000000,27356.9000000000,1227,195,0
1785392100,27357.2700000000,27364.9000000000,27330.2700000000,27343.0200000000,1302,195,0
1785392400,27343.9000000000,27352.7700000000,27332.8700000000,27352.0200000000,1271,195,0
1785392700,27351.9000000000,27381.9000000000,27345.4000000000,27373.7700000000,1340,195,0
1785393000,27374.5200000000,27407.0200000000,27339.3700000000,27406.1500000000,1505,195,0
1785393300,27406.0200000000,27415.9000000000,27349.5200000000,27351.5200000000,1454,195,0
1785393600,27351.2700000000,27389.9000000000,27344.9000000000,27389.9000000000,1395,195,0
1785393900,27389.3700000000,27421.0200000000,27376.5200000000,27409.0200000000,1365,195,0
1785394200,27408.6500000000,27420.0200000000,27390.4000000000,27408.7700000000,1365,195,0
1785394500,27408.6500000000,27421.1500000000,27377.1200000000,27388.5200000000,1305,195,0
1785394800,27388.8700000000,27401.9000000000,27376.0200000000,27391.0200000000,1406,195,0
1785395100,27391.6500000000,27396.9000000000,27346.6500000000,27346.6500000000,1308,195,0
1785395400,27347.4000000000,27355.6500000000,27340.0200000000,27344.1500000000,1223,195,0
1785395700,27343.9000000000,27346.5200000000,27318.7700000000,27330.6500000000,1237,195,0
1785396000,27329.6500000000,27357.7700000000,27320.4000000000,27350.1500000000,1347,195,0
1785396300,27349.9000000000,27400.0200000000,27346.9000000000,27393.0200000000,1344,195,0
1785396600,27392.7700000000,27401.5200000000,27380.7700000000,27388.9000000000,1339,195,0
1785396900,27389.1500000000,27401.0200000000,27342.6500000000,27351.6500000000,1311,195,0
1785397200,27351.4000000000,27362.0200000000,27320.0200000000,27329.4000000000,1329,195,0
1785397500,27329.1500000000,27369.9000000000,27324.8700000000,27341.9000000000,1330,195,0
1785397800,27342.1500000000,27344.7700000000,27303.7700000000,27316.7700000000,1317,195,0
1785398100,27316.0200000000,27318.9000000000,27293.9000000000,27305.2700000000,1262,195,0
1785398400,27305.5200000000,27312.0200000000,27280.4000000000,27298.4000000000,1401,195,0
1785398700,27298.5200000000,27311.2700000000,27281.0200000000,27290.7700000000,1366,195,0
1785399000,27291.2700000000,27316.5200000000,27279.9000000000,27316.1500000000,1327,195,0
1785399300,27315.9000000000,27350.6500000000,27311.6200000000,27350.5200000000,1436,195,0
1785399600,27350.4000000000,27357.7700000000,27315.2700000000,27342.7700000000,1392,195,0
1785399900,27342.5200000000,27357.0200000000,27320.4000000000,27336.9000000000,1417,195,0
1785400200,27335.9000000000,27367.1500000000,27323.6500000000,27350.7700000000,1495,195,0
1785400500,27351.0200000000,27360.0200000000,27329.2700000000,27347.7700000000,1460,195,0
1785400800,27348.4000000000,27385.1500000000,27344.9000000000,27378.9000000000,1331,195,0
1785401100,27379.5200000000,27404.1500000000,27345.9000000000,27355.6500000000,1322,195,0
1785401400,27354.6500000000,27359.6500000000,27335.0200000000,27341.6500000000,1275,195,0
1785401700,27341.5200000000,27351.5200000000,27322.3700000000,27346.1500000000,1305,195,0
1785402000,27344.3700000000,27350.6500000000,27329.8700000000,27347.7700000000,1419,195,0
1785402300,27347.9000000000,27364.9000000000,27328.2700000000,27329.6500000000,1327,195,0
1785402600,27330.2700000000,27345.0200000000,27317.9000000000,27327.4000000000,1352,195,0
1785402900,27326.7700000000,27326.7700000000,27305.9000000000,27319.1500000000,1146,195,0
1785403200,27318.8700000000,27337.1500000000,27306.2700000000,27336.4000000000,1123,195,0
1785403500,27336.1500000000,27354.7700000000,27330.6200000000,27339.0200000000,1191,195,0
1785403800,27338.0200000000,27341.2700000000,27305.1200000000,27318.5200000000,1102,195,0
1785404100,27318.7700000000,27329.0200000000,27307.6500000000,27313.1500000000,994,195,0
1785404400,27313.0200000000,27314.6500000000,27290.7700000000,27292.5200000000,879,195,0
1785404700,27292.1500000000,27320.0200000000,27287.9000000000,27301.5200000000,970,195,0
1785405000,27301.0200000000,27309.0200000000,27292.5200000000,27305.4000000000,901,195,0
1785405300,27304.9000000000,27314.6500000000,27273.5200000000,27292.0200000000,977,195,0
1785405600,27290.7700000000,27379.4000000000,27271.8700000000,27345.5200000000,1519,195,0
1785405900,27346.4000000000,27378.4000000000,27308.8700000000,27329.9000000000,1360,195,0
1785406200,27330.6500000000,27359.2700000000,27315.5200000000,27336.4000000000,1303,195,0
1785406500,27336.7700000000,27341.2700000000,27284.0200000000,27284.9000000000,1324,195,0
1785406800,27286.2700000000,27289.1500000000,27254.4000000000,27287.5200000000,1293,195,0
1785407100,27287.6500000000,27296.5200000000,27254.9000000000,27267.6500000000,1244,195,0
1785407400,27268.0200000000,27271.0200000000,27235.1500000000,27240.5200000000,1249,195,0
1785407700,27240.7700000000,27277.6500000000,27211.7700000000,27277.6500000000,1170,195,0
1785408000,27277.0200000000,27306.5200000000,27272.4000000000,27290.9000000000,1174,195,0
1785408300,27291.0200000000,27301.9000000000,27276.0200000000,27280.7700000000,1112,195,0
1785408600,27281.4000000000,27297.7700000000,27267.4000000000,27271.1500000000,1156,195,0
1785408900,27270.6500000000,27277.5200000000,27248.6200000000,27253.1500000000,970,195,0
1785409200,27252.5200000000,27254.7700000000,27195.7700000000,27230.5200000000,1327,195,0
1785409500,27230.7700000000,27303.4000000000,27205.7700000000,27302.9000000000,1348,195,0
1785409800,27303.4000000000,27314.5200000000,27292.2700000000,27295.9000000000,1214,195,0
1785410100,27295.4000000000,27313.9000000000,27283.4000000000,27303.2700000000,1270,195,0
1785410400,27303.1500000000,27359.7700000000,27302.2700000000,27354.6500000000,1198,195,0
1785410700,27355.1500000000,27380.7700000000,27343.6500000000,27366.0200000000,1207,195,0
1785411000,27366.1500000000,27382.7700000000,27359.8700000000,27364.1200000000,1172,195,0
1785411300,27365.4000000000,27385.2700000000,27347.2700000000,27350.7700000000,1018,195,0
1785411600,27350.6500000000,27361.0200000000,27347.1500000000,27352.7700000000,1113,195,0
1785411900,27352.5200000000,27369.0200000000,27337.9000000000,27341.7700000000,1068,195,0
1785412200,27341.6500000000,27347.4000000000,27328.6200000000,27332.5200000000,934,195,0
1785412500,27332.4000000000,27343.5200000000,27320.0200000000,27343.5200000000,926,195,0
1785412800,27343.7700000000,27370.4000000000,27328.3700000000,27360.6500000000,1060,195,0
1785413100,27360.5200000000,27370.1500000000,27349.2700000000,27361.9000000000,1073,195,0
1785413400,27363.2700000000,27413.0200000000,27355.2700000000,27393.5200000000,974,195,0
1785413700,27393.6500000000,27409.4000000000,27384.1200000000,27399.7700000000,1053,195,0
1785414000,27399.4000000000,27433.1500000000,27396.2700000000,27423.1500000000,1052,195,0
1785414300,27423.0200000000,27428.4000000000,27407.7700000000,27412.0200000000,993,195,0
1785414600,27412.1500000000,27435.9000000000,27397.6500000000,27433.7700000000,960,195,0
1785414900,27433.6500000000,27444.0200000000,27411.6500000000,27413.2700000000,998,195,0
1785415200,27413.0200000000,27415.6500000000,27397.0200000000,27402.5200000000,920,195,0
1785415500,27402.4000000000,27413.0200000000,27396.7700000000,27411.4000000000,887,195,0
1785415800,27411.0200000000,27414.0200000000,27398.6500000000,27413.2700000000,925,195,0
1785416100,27413.1500000000,27413.9000000000,27366.8700000000,27373.6200000000,937,195,0
1785416400,27375.0200000000,27382.1500000000,27347.2700000000,27364.9000000000,1039,195,0
1785416700,27365.1500000000,27419.5200000000,27364.2700000000,27412.2700000000,1013,195,0
1785417000,27412.4000000000,27421.9000000000,27394.0200000000,27401.5200000000,1048,195,0
1785417300,27401.4000000000,27457.6500000000,27399.4000000000,27454.1500000000,1166,195,0
1785417600,27454.7700000000,27475.2700000000,27454.0200000000,27463.0200000000,1042,195,0
1785417900,27463.1500000000,27485.4000000000,27461.5200000000,27475.7700000000,1007,195,0
1785418200,27475.0200000000,27495.5200000000,27465.5200000000,27471.1500000000,1036,195,0
1785418500,27471.6500000000,27490.7700000000,27469.2700000000,27479.4000000000,978,195,0
1785418800,27479.2700000000,27504.7700000000,27474.6500000000,27489.9000000000,1213,195,0
1785419100,27489.6500000000,27506.0200000000,27485.2700000000,27491.6500000000,1076,195,0
1785419400,27492.6500000000,27506.0200000000,27472.6500000000,27472.7700000000,1074,195,0
1785419700,27473.2700000000,27483.9000000000,27469.7700000000,27476.9000000000,722,195,0
1785420000,27476.5200000000,27518.4000000000,27470.6200000000,27516.7700000000,1265,195,0
1785420300,27516.6500000000,27542.7700000000,27514.1500000000,27537.7700000000,1126,195,0
1785420600,27537.6500000000,27544.7700000000,27514.2700000000,27524.1500000000,1073,195,0
1785420900,27524.6500000000,27560.1500000000,27519.6500000000,27540.4000000000,1051,195,0
1785421200,27541.0200000000,27561.7700000000,27529.4000000000,27560.2700000000,1037,195,0
1785421500,27560.0200000000,27579.6500000000,27555.8700000000,27573.0200000000,1071,195,0
1785421800,27573.2700000000,27575.6500000000,27532.5200000000,27539.7700000000,1160,195,0
1785422100,27539.5200000000,27585.0200000000,27539.0200000000,27558.9000000000,1105,195,0
1785422400,27559.0200000000,27581.4000000000,27547.5200000000,27560.2700000000,1109,195,0
1785422700,27560.0200000000,27591.4000000000,27559.2700000000,27586.6500000000,1020,195,0
1785423000,27586.7700000000,27602.2700000000,27579.4000000000,27598.5200000000,1144,195,0
1785423300,27598.4000000000,27603.4000000000,27579.6500000000,27583.0200000000,1059,195,0
1785423600,27582.7700000000,27610.2700000000,27554.6500000000,27604.0200000000,1327,195,0
1785423900,27603.9000000000,27616.4000000000,27597.6200000000,27613.6500000000,1151,195,0
1785424200,27613.5200000000,27623.4000000000,27595.2700000000,27619.6500000000,1233,195,0
1785424500,27619.8700000000,27624.4000000000,27596.5200000000,27601.6500000000,1182,195,0
1785424800,27601.4000000000,27610.4000000000,27573.1500000000,27605.6500000000,1216,195,0
1785425100,27606.2700000000,27614.2700000000,27580.0200000000,27597.7700000000,1144,195,0
1785425400,27596.6200000000,27644.6500000000,27574.1500000000,27600.6500000000,1428,195,0
1785425700,27601.2700000000,27644.1500000000,27591.6500000000,27642.6500000000,1407,195,0
1785426000,27642.5200000000,27661.6500000000,27622.6500000000,27635.2700000000,1457,195,0
1785426300,27634.7700000000,27655.9000000000,27621.7700000000,27652.6500000000,1478,195,0
1785426600,27652.0200000000,27663.1500000000,27639.1500000000,27657.1500000000,1475,195,0
1785426900,27656.6500000000,27680.1500000000,27642.1500000000,27664.4000000000,1411,195,0
1785427200,27664.2700000000,27717.2700000000,27652.7700000000,27706.7700000000,1495,195,0
1785427500,27707.1500000000,27734.6500000000,27698.6500000000,27701.4000000000,1450,195,0
1785427800,27700.9000000000,27721.9000000000,27686.0200000000,27698.5200000000,1467,195,0
1785428100,27698.0200000000,27718.4000000000,27690.2700000000,27709.2700000000,1376,195,0
1785428400,27709.4000000000,27709.7700000000,27694.0200000000,27700.7700000000,1324,195,0
1785428700,27703.1200000000,27740.7700000000,27695.6500000000,27734.5200000000,1521,195,0
1785429000,27734.8700000000,27747.5200000000,27672.2700000000,27729.9000000000,1911,195,0
1785429300,27729.4000000000,27777.6500000000,27706.6500000000,27749.2700000000,1909,195,0
1785429600,27747.4000000000,27854.2700000000,27708.7700000000,27836.0200000000,1890,195,0
1785429900,27834.1500000000,27925.0200000000,27833.1500000000,27923.6500000000,1869,195,0
1785430200,27923.9000000000,27982.7700000000,27901.9000000000,27961.1500000000,1880,195,0
1785430500,27962.7700000000,28013.4000000000,27942.9000000000,28010.5200000000,1872,195,0
1785430800,28008.5200000000,28041.5200000000,27986.9000000000,28018.6500000000,1877,195,0
1785431100,28018.2700000000,28022.9000000000,27938.7700000000,27952.2700000000,1865,195,0
1785431400,27951.0200000000,27981.4500000000,27932.6500000000,27973.6400000000,1873,195,0
1785431700,27976.0000000000,28004.8200000000,27947.4400000000,27978.9200000000,1865,195,0
1785432000,27979.9100000000,28039.7300000000,27969.1900000000,28028.1300000000,1845,195,0
1785432300,28028.3800000000,28104.6700000000,28016.2800000000,28092.2800000000,1820,195,0
1785432600,28089.5400000000,28110.3900000000,28055.2400000000,28100.7300000000,1844,195,0
1785432900,28100.1100000000,28109.3300000000,28069.8800000000,28086.4400000000,1824,195,0
1785433200,28086.8100000000,28106.2900000000,28027.2400000000,28041.6300000000,1806,195,0
1785433500,28042.3800000000,28062.3200000000,27997.4500000000,28032.7200000000,1843,195,0
1785433800,28032.1000000000,28039.2900000000,27931.3400000000,27935.8700000000,1824,195,0
1785434100,27934.1300000000,27960.2900000000,27890.5700000000,27936.9700000000,1853,195,0
1785434400,27937.3400000000,27979.6400000000,27879.7600000000,27971.6600000000,1871,195,0
1785434700,27970.4200000000,28002.4800000000,27922.9500000000,28000.2500000000,1852,195,0
1785435000,28001.1200000000,28003.1100000000,27887.1800000000,27891.9700000000,1848,195,0
1785435300,27891.5900000000,27941.6400000000,27879.6300000000,27914.7400000000,1832,195,0
1785435600,27914.8700000000,27966.6600000000,27900.3900000000,27917.6800000000,1825,195,0
1785435900,27918.0500000000,27945.8700000000,27865.6400000000,27878.1700000000,1827,195,0
1785436200,27878.5500000000,27941.1200000000,27870.2600000000,27940.8600000000,1798,195,0
1785436500,27941.6100000000,27957.0900000000,27905.7700000000,27939.3900000000,1819,195,0
1785436800,27940.2600000000,27975.7500000000,27923.5200000000,27955.1800000000,1787,195,0
1785437100,27957.4200000000,27999.4800000000,27957.4200000000,27980.8000000000,1740,195,0
1785437400,27981.4200000000,27988.1200000000,27917.8100000000,27975.8600000000,1717,195,0
1785437700,27976.1100000000,27998.7600000000,27941.1000000000,27947.3800000000,1716,195,0
1785438000,27946.6300000000,28023.5500000000,27928.1900000000,28018.3500000000,1757,195,0
1785438300,28017.9700000000,28033.5300000000,28004.8100000000,28013.9000000000,1704,195,0
1785438600,28013.0300000000,28058.2100000000,28010.9200000000,28054.9900000000,1636,195,0
1785438900,28054.8600000000,28061.0100000000,28038.0500000000,28040.6600000000,1633,195,0
1785439200,28041.0300000000,28054.1100000000,28016.8600000000,28026.5500000000,1622,195,0
1785439500,28025.9200000000,28032.5800000000,28010.5100000000,28014.0000000000,1609,195,0
1785439800,28013.8700000000,28019.8300000000,27981.6000000000,27989.1700000000,1644,195,0
1785440100,27989.2900000000,28010.3000000000,27983.9500000000,27987.4000000000,1592,195,0
1785440400,27987.2700000000,27987.6500000000,27925.5300000000,27938.7700000000,1670,195,0
1785440700,27938.5200000000,27977.5700000000,27936.5300000000,27968.6100000000,1593,195,0
1785441000,27968.8600000000,28005.1700000000,27949.2600000000,27983.2400000000,1588,195,0
1785441300,27983.3700000000,28005.5400000000,27980.2500000000,27996.7400000000,1523,195,0
1785441600,27997.4800000000,28043.4100000000,27996.7400000000,28037.1400000000,1594,195,0
1785441900,28037.6400000000,28053.1900000000,28030.2800000000,28038.6000000000,1510,195,0
1785442200,28038.4800000000,28051.7500000000,28024.1200000000,28029.3500000000,1492,195,0
1785442500,28028.9800000000,28076.4600000000,28027.5000000000,28073.3600000000,1540,195,0
1785442800,28073.2300000000,28077.1500000000,28049.1900000000,28059.1200000000,1480,195,0
1785443100,28059.7400000000,28061.2300000000,28035.3100000000,28039.4300000000,1448,195,0
1785443400,28039.8000000000,28054.3300000000,28024.4200000000,28034.3600000000,1456,195,0
1785443700,28034.4900000000,28051.2800000000,28010.3500000000,28017.8000000000,1611,195,0
1785444000,28018.0500000000,28067.8700000000,28017.5500000000,28057.9900000000,1582,195,0
1785444300,28058.3600000000,28071.6800000000,28053.8300000000,28053.8300000000,1496,195,0
1785444600,28053.5800000000,28076.9100000000,28044.5800000000,28045.9400000000,1527,195,0
1785444900,28045.8200000000,28058.0900000000,28035.8600000000,28047.9400000000,1418,195,0
1785445200,28047.5700000000,28070.5400000000,28038.0300000000,28038.7700000000,1473,195,0
1785445500,28038.9000000000,28064.9600000000,28038.0300000000,28060.9200000000,1493,195,0
1785445800,28060.4200000000,28073.9500000000,28052.1800000000,28069.2300000000,1431,195,0
1785446100,28069.8500000000,28072.4600000000,28031.9400000000,28037.5300000000,1454,195,0
1785446400,28036.7800000000,28061.1900000000,28032.4300000000,28053.9600000000,1418,195,0
1785446700,28054.3300000000,28060.3800000000,28043.7800000000,28052.5500000000,1322,195,0
1785447000,28052.3000000000,28068.4800000000,28041.2800000000,28044.8000000000,1423,195,0
1785447300,28044.6800000000,28045.3800000000,28019.1800000000,28028.6700000000,1414,195,0
1785447600,28028.1700000000,28040.5400000000,28020.9400000000,28037.4300000000,1369,195,0
1785447900,28037.1800000000,28058.7100000000,28036.3000000000,28048.9900000000,1355,195,0
1785448200,28048.3700000000,28055.7000000000,28033.0500000000,28034.4200000000,1291,195,0
1785448500,28034.0500000000,28055.4900000000,28024.6200000000,28050.7700000000,1353,195,0
1785448800,28050.6500000000,28080.7100000000,28050.5500000000,28068.3900000000,1433,195,0
1785449100,28068.2700000000,28124.7200000000,28065.4100000000,28123.8500000000,1451,195,0
1785449400,28123.6000000000,28162.2500000000,28122.6100000000,28144.0900000000,1487,195,0
1785449700,28143.9700000000,28166.7200000000,28131.4800000000,28154.8700000000,1441,195,0
1785450000,28155.7400000000,28157.1300000000,28127.5400000000,28133.8700000000,1429,195,0
1785450300,28133.6200000000,28141.0900000000,28112.3700000000,28114.3600000000,1377,195,0
1785450600,28113.4900000000,28127.3400000000,28106.3800000000,28113.3700000000,1518,195,0
1785450900,28113.2400000000,28118.1100000000,28090.6700000000,28109.2200000000,1483,195,0
1785451200,28109.3400000000,28112.3600000000,28092.5100000000,28103.4300000000,1432,195,0
1785451500,28103.9300000000,28115.9400000000,28088.9400000000,28106.7500000000,1546,195,0
1785451800,28104.8600000000,28111.7100000000,28079.1000000000,28096.3200000000,1677,195,0
1785452100,28085.5000000000,28134.3200000000,28074.9700000000,28098.8800000000,1752,195,0
1785452400,28102.7400000000,28233.5900000000,28079.0200000000,28207.4500000000,1295,195,0
1785452700,28206.9500000000,28206.9500000000,28169.7600000000,28172.5000000000,1035,195,0
1785453000,28172.7700000000,28201.2800000000,28156.3200000000,28196.5600000000,1068,195,0
1785453300,28194.4200000000,28228.2300000000,28194.4200000000,28226.2500000000,1033,195,0
1785453600,28226.7500000000,28240.6800000000,28211.3300000000,28233.0900000000,882,195,0
1785453900,28232.7200000000,28237.7900000000,28217.7700000000,28235.6500000000,749,195,0
1785454200,28236.1000000000,28272.1900000000,28184.4200000000,28230.2300000000,1041,195,0
1785454500,28229.8500000000,28230.4900000000,28197.4600000000,28216.1100000000,1020,195,0
1785454800,28215.3700000000,28233.8800000000,28194.8800000000,28232.0200000000,1013,195,0
1785455100,28232.3900000000,28235.1300000000,28210.1400000000,28216.2300000000,861,195,0
1785455400,28215.8600000000,28218.8600000000,28198.1400000000,28206.3500000000,874,195,0
1785455700,28206.1000000000,28213.4500000000,28194.7300000000,28204.7000000000,742,195,0
1785459600,28193.7600000000,28290.7900000000,28185.7600000000,28280.7600000000,934,195,0
1785459900,28281.7900000000,28283.2900000000,28253.2600000000,28275.2600000000,661,195,0
1785460200,28275.7600000000,28286.5400000000,28254.5100000000,28261.0100000000,626,195,0
1785460500,28261.2600000000,28283.9100000000,28259.9100000000,28266.5400000000,664,195,0
1785460800,28266.2900000000,28269.4100000000,28233.7900000000,28235.2900000000,834,195,0
1785461100,28235.1600000000,28255.5400000000,28228.5100000000,28232.0400000000,701,195,0
1785461400,28230.7900000000,28244.0400000000,28209.0100000000,28241.7900000000,746,195,0
1785461700,28242.0400000000,28266.2900000000,28234.9100000000,28263.1600000000,766,195,0
1785462000,28262.0400000000,28282.6600000000,28257.9100000000,28281.2900000000,645,195,0
1785462300,28280.9100000000,28283.0400000000,28270.7900000000,28276.9100000000,566,195,0
1785462600,28276.4100000000,28287.1600000000,28269.0100000000,28280.4100000000,516,195,0
1785462900,28280.9100000000,28286.0400000000,28270.4100000000,28271.7900000000,545,195,0
1785463200,28271.0400000000,28301.9100000000,28268.7600000000,28294.9100000000,734,195,0
1785463500,28294.5400000000,28298.7900000000,28273.0400000000,28273.1600000000,575,195,0
1785463800,28271.9100000000,28275.4100000000,28255.5400000000,28262.4100000000,651,195,0
1785464100,28262.2900000000,28264.7900000000,28252.0400000000,28253.4100000000,487,195,0
1785464400,28253.2900000000,28255.9100000000,28241.4100000000,28247.5400000000,464,195,0
1785464700,28247.6600000000,28269.5400000000,28247.6600000000,28256.0100000000,596,195,0
1785465000,28256.2900000000,28266.6600000000,28239.9100000000,28261.2900000000,646,195,0
1785465300,28261.5400000000,28275.6600000000,28253.2600000000,28270.7600000000,574,195,0
1785465600,28270.5100000000,28293.2900000000,28270.2600000000,28282.0100000000,671,195,0
1785465900,28283.4100000000,28301.6600000000,28275.0100000000,28296.7900000000,982,195,0
1785466200,28295.7600000000,28316.1600000000,28269.4100000000,28310.9100000000,1028,195,0
1785466500,28310.7900000000,28323.0400000000,28300.4100000000,28301.4100000000,897,195,0
1785466800,28300.6600000000,28320.0400000000,28275.4100000000,28309.9100000000,1332,195,0
1785467100,28310.5400000000,28333.7900000000,28304.0100000000,28319.1600000000,1302,195,0
1785467400,28320.1600000000,28353.6600000000,28310.7900000000,28345.2900000000,1307,195,0
1785467700,28345.4100000000,28357.2900000000,28325.2600000000,28354.0400000000,1226,195,0
1785468000,28354.1600000000,28365.5400000000,28331.6600000000,28350.6600000000,1339,195,0
1785468300,28350.9100000000,28359.9100000000,28341.0100000000,28359.9100000000,1238,195,0
1785468600,28359.6600000000,28387.1600000000,28358.4100000000,28383.7900000000,1179,195,0
1785468900,28383.1600000000,28385.7900000000,28368.1600000000,28372.0400000000,1225,195,0
1785469200,28372.2900000000,28376.9100000000,28360.5400000000,28376.9100000000,1264,195,0
1785469500,28377.0400000000,28379.9100000000,28347.0400000000,28351.1600000000,1306,195,0
1785469800,28350.7900000000,28370.5400000000,28350.4100000000,28359.6600000000,1170,195,0
1785470100,28360.1600000000,28401.9100000000,28358.5400000000,28399.7900000000,1055,195,0
1785470400,28400.0400000000,28428.7900000000,28400.0400000000,28426.5400000000,1226,195,0
1785470700,28426.6600000000,28447.0400000000,28423.4100000000,28444.0400000000,1154,195,0
1785471000,28443.7900000000,28446.0400000000,28433.2900000000,28438.0400000000,1077,195,0
1785471300,28438.1600000000,28449.4100000000,28435.6600000000,28437.5400000000,1090,195,0
1785471600,28437.4100000000,28448.6600000000,28425.2900000000,28433.0400000000,960,195,0
1785471900,28432.9100000000,28448.5400000000,28421.1600000000,28427.9100000000,1069,195,0
1785472200,28427.6600000000,28436.0400000000,28403.1600000000,28413.7900000000,1341,195,0
1785472500,28414.2900000000,28414.5400000000,28377.5400000000,28386.4100000000,1341,195,0
1785472800,28385.9100000000,28389.0400000000,28367.4100000000,28374.4100000000,1237,195,0
1785473100,28375.1600000000,28377.2900000000,28343.1600000000,28345.4100000000,1349,195,0
1785473400,28345.2900000000,28362.5400000000,28333.4100000000,28343.9100000000,1320,195,0
1785473700,28344.0400000000,28361.6600000000,28336.2900000000,28354.4100000000,1269,195,0
1785474000,28354.6600000000,28376.9100000000,28322.4100000000,28323.7900000000,1230,195,0
1785474300,28324.2900000000,28353.0400000000,28319.2900000000,28350.1600000000,1202,195,0
1785474600,28350.0400000000,28350.0400000000,28311.1600000000,28315.1600000000,1229,195,0
1785474900,28316.4100000000,28316.4100000000,28279.0100000000,28283.5400000000,1171,195,0
1785475200,28284.4100000000,28305.6600000000,28279.9100000000,28287.2900000000,1167,195,0
1785475500,28287.0400000000,28304.4100000000,28283.2900000000,28300.5400000000,1064,195,0
1785475800,28297.0100000000,28309.5400000000,28286.0400000000,28298.4100000000,1058,195,0
1785476100,28298.1600000000,28299.1600000000,28267.7900000000,28287.9100000000,1186,195,0
1785476400,28288.1600000000,28299.9100000000,28279.6600000000,28297.7900000000,1091,195,0
1785476700,28298.1600000000,28315.2900000000,28279.7900000000,28284.0400000000,1087,195,0
1785477000,28283.7900000000,28300.1600000000,28275.9100000000,28291.0400000000,1088,195,0
1785477300,28290.9100000000,28313.7900000000,28288.4100000000,28310.0400000000,1051,195,0
1785477600,28308.9100000000,28310.7900000000,28287.9100000000,28304.6600000000,1150,195,0
1785477900,28304.0400000000,28311.9100000000,28299.1600000000,28304.4100000000,1110,195,0
1785478200,28304.2900000000,28313.2900000000,28275.2900000000,28296.0400000000,1245,195,0
1785478500,28295.7900000000,28333.6600000000,28295.0400000000,28333.1600000000,1117,195,0
1785478800,28333.0400000000,28348.9100000000,28329.4100000000,28339.7900000000,1159,195,0
1785479100,28338.7900000000,28353.5400000000,28336.1600000000,28341.7900000000,1057,195,0
1785479400,28342.0400000000,28355.7900000000,28331.9100000000,28331.9100000000,1362,195,0
1785479700,28332.0400000000,28347.4100000000,28330.2900000000,28343.6600000000,1215,195,0
1785480000,28344.0400000000,28346.1600000000,28331.1600000000,28340.1600000000,1230,195,0
1785480300,28339.7900000000,28343.6600000000,28306.1600000000,28309.4100000000,1279,195,0
1785480600,28309.1600000000,28346.0400000000,28306.7900000000,28342.0400000000,1246,195,0
1785480900,28341.9100000000,28348.4100000000,28334.4100000000,28336.1600000000,1077,195,0
1785481200,28335.9100000000,28337.2900000000,28300.7900000000,28319.7900000000,1180,195,0
1785481500,28320.0400000000,28342.4100000000,28316.1600000000,28339.9100000000,1149,195,0
1785481800,28339.7900000000,28344.5400000000,28329.9100000000,28340.4100000000,1080,195,0
1785482100,28340.2900000000,28372.4100000000,28330.1600000000,28370.5400000000,1022,195,0
1785482400,28370.7900000000,28378.0400000000,28362.6600000000,28378.0400000000,953,195,0
1785482700,28377.6600000000,28389.0400000000,28370.2900000000,28388.5400000000,963,195,0
1785483000,28388.7900000000,28411.7900000000,28385.4100000000,28409.6600000000,961,195,0
1785483300,28409.7900000000,28419.9100000000,28398.2900000000,28419.0400000000,944,195,0
1785483600,28419.1600000000,28430.2900000000,28415.0400000000,28428.2900000000,741,195,0
1785483900,28428.4100000000,28434.0400000000,28422.7900000000,28424.5400000000,823,195,0
1785484200,28424.6600000000,28429.6600000000,28412.5100000000,28426.1600000000,827,195,0
1785484500,28425.9100000000,28431.6600000000,28423.4100000000,28427.1600000000,798,195,0
1785484800,28427.2900000000,28434.5400000000,28421.6600000000,28424.4100000000,875,195,0
1785485100,28424.0400000000,28442.1600000000,28416.1600000000,28441.2900000000,859,195,0
1785485400,28441.1600000000,28447.4100000000,28423.0100000000,28435.2900000000,933,195,0
1785485700,28435.4100000000,28439.0400000000,28430.0400000000,28433.9100000000,757,195,0
1785486000,28434.2900000000,28449.5400000000,28433.7900000000,28443.1600000000,759,195,0
1785486300,28442.2900000000,28458.1600000000,28437.7900000000,28450.9100000000,850,195,0
1785486600,28450.7900000000,28457.4100000000,28421.2900000000,28424.7900000000,1115,195,0
1785486900,28425.6600000000,28438.5400000000,28418.6600000000,28436.5400000000,1109,195,0
1785487200,28436.7900000000,28463.2900000000,28428.9100000000,28428.9100000000,941,195,0
1785487500,28429.2900000000,28453.9100000000,28427.0100000000,28451.5400000000,825,195,0
1785487800,28451.4100000000,28467.9100000000,28448.5400000000,28464.5400000000,840,195,0
1785488100,28464.9100000000,28467.5400000000,28443.2900000000,28463.6600000000,889,195,0
1785488400,28463.5400000000,28474.7900000000,28454.1600000000,28462.1600000000,1024,195,0
1785488700,28462.0400000000,28477.0400000000,28461.2900000000,28472.6600000000,831,195,0
1785489000,28472.4100000000,28488.7900000000,28472.1600000000,28484.7900000000,789,195,0
