time,open,high,low,close,tick_volume,spread,real_volume
1784063700,162.1760000000,162.1780000000,162.1570000000,162.1640000000,220,10,0
1784064000,162.1660000000,162.2030000000,162.1650000000,162.2000000000,403,10,0
1784064300,162.2000000000,162.2110000000,162.1930000000,162.2030000000,254,10,0
1784064600,162.2060000000,162.2200000000,162.1950000000,162.2080000000,289,10,0
1784064900,162.2090000000,162.2370000000,162.2070000000,162.2280000000,350,10,0
1784065200,162.2290000000,162.2820000000,162.2290000000,162.2500000000,599,10,0
1784065500,162.2500000000,162.2510000000,162.2190000000,162.2200000000,290,10,0
1784065800,162.2190000000,162.2380000000,162.2180000000,162.2230000000,378,10,0
1784066100,162.2230000000,162.2240000000,162.1850000000,162.1910000000,346,10,0
1784066400,162.1900000000,162.1910000000,162.1640000000,162.1740000000,348,10,0
1784066700,162.1750000000,162.1770000000,162.1600000000,162.1660000000,321,11,0
1784067000,162.1670000000,162.1720000000,162.1380000000,162.1450000000,235,10,0
1784067300,162.1460000000,162.1570000000,162.1290000000,162.1480000000,434,10,0
1784067600,162.1470000000,162.1810000000,162.1470000000,162.1690000000,297,10,0
1784067900,162.1690000000,162.1700000000,162.1550000000,162.1570000000,229,10,0
1784068200,162.1580000000,162.1970000000,162.1510000000,162.1750000000,662,10,0
1784068500,162.1760000000,162.1820000000,162.1660000000,162.1750000000,346,10,0
1784068800,162.1760000000,162.1870000000,162.1630000000,162.1650000000,288,10,0
1784069100,162.1650000000,162.1670000000,162.1350000000,162.1460000000,334,10,0
1784069400,162.1490000000,162.1720000000,162.1480000000,162.1600000000,273,10,0
1784069700,162.1590000000,162.2100000000,162.1590000000,162.2090000000,421,11,0
1784070000,162.2090000000,162.2230000000,162.2000000000,162.2190000000,145,10,0
1784070300,162.2200000000,162.2210000000,162.2090000000,162.2100000000,80,10,0
1784070600,162.2090000000,162.2230000000,162.2010000000,162.2230000000,80,10,0
1784070900,162.2230000000,162.2390000000,162.2230000000,162.2380000000,66,10,0
1784071200,162.2370000000,162.2380000000,162.2250000000,162.2300000000,53,11,0
1784071500,162.2300000000,162.2410000000,162.2240000000,162.2390000000,113,10,0
1784071800,162.2410000000,162.2420000000,162.2320000000,162.2380000000,99,10,0
1784072100,162.2390000000,162.2490000000,162.2320000000,162.2380000000,78,10,0
1784072400,162.2370000000,162.2420000000,162.2340000000,162.2410000000,68,10,0
1784072700,162.2410000000,162.2650000000,162.2400000000,162.2470000000,126,12,0
1784073000,162.2460000000,162.2570000000,162.2420000000,162.2490000000,135,12,0
1784073300,162.2480000000,162.2580000000,162.2240000000,162.2260000000,301,14,0
1784073600,162.2030000000,162.2030000000,162.0350000000,162.1610000000,35,66,0
1784073900,162.1600000000,162.1600000000,162.1330000000,162.1600000000,7,90,0
1784074200,162.1600000000,162.1840000000,162.1550000000,162.1610000000,20,99,0
1784074500,162.1610000000,162.1640000000,162.1610000000,162.1610000000,9,116,0
1784074800,162.1620000000,162.1630000000,162.1140000000,162.1610000000,11,116,0
1784075100,162.1140000000,162.1620000000,162.1140000000,162.1610000000,6,101,0
1784075400,162.1520000000,162.1620000000,162.1170000000,162.1620000000,8,123,0
1784075700,162.1730000000,162.1750000000,162.1730000000,162.1750000000,5,91,0
1784076000,162.1750000000,162.1750000000,162.1710000000,162.1720000000,7,91,0
1784076300,162.1700000000,162.1840000000,162.1690000000,162.1690000000,22,80,0
1784076600,162.1720000000,162.1740000000,162.1710000000,162.1710000000,7,93,0
1784076900,162.1710000000,162.1780000000,162.1710000000,162.1730000000,9,90,0
1784077200,162.1900000000,162.2570000000,162.1880000000,162.2250000000,66,20,0
1784077500,162.2240000000,162.2470000000,162.2180000000,162.2380000000,63,13,0
1784077800,162.2380000000,162.2490000000,162.2320000000,162.2410000000,65,19,0
1784078100,162.2410000000,162.2480000000,162.2340000000,162.2460000000,162,17,0
1784078400,162.2460000000,162.2460000000,162.2270000000,162.2320000000,122,14,0
1784078700,162.2320000000,162.2360000000,162.2200000000,162.2220000000,141,14,0
1784079000,162.2220000000,162.2230000000,162.2020000000,162.2040000000,119,15,0
1784079300,162.2050000000,162.2150000000,162.2010000000,162.2050000000,185,13,0
1784079600,162.2060000000,162.2200000000,162.2050000000,162.2120000000,155,12,0
1784079900,162.2130000000,162.2200000000,162.2070000000,162.2190000000,94,13,0
1784080200,162.2180000000,162.2310000000,162.2160000000,162.2300000000,52,11,0
1784080500,162.2290000000,162.2340000000,162.2280000000,162.2280000000,98,14,0
1784080800,162.2310000000,162.2320000000,162.2220000000,162.2290000000,80,11,0
1784081100,162.2280000000,162.2300000000,162.2130000000,162.2150000000,86,13,0
1784081400,162.2150000000,162.2180000000,162.2020000000,162.2030000000,102,12,0
1784081700,162.2030000000,162.2190000000,162.2020000000,162.2160000000,51,14,0
1784082000,162.2170000000,162.2170000000,162.2130000000,162.2140000000,31,15,0
1784082300,162.2140000000,162.2140000000,162.1800000000,162.1880000000,168,11,0
1784082600,162.1890000000,162.1930000000,162.1850000000,162.1900000000,120,13,0
1784082900,162.1900000000,162.2010000000,162.1850000000,162.1900000000,96,10,0
1784083200,162.1900000000,162.1900000000,162.1590000000,162.1610000000,144,13,0
1784083500,162.1610000000,162.1800000000,162.1600000000,162.1750000000,101,13,0
1784083800,162.1760000000,162.1880000000,162.1740000000,162.1750000000,95,10,0
1784084100,162.1760000000,162.1900000000,162.1730000000,162.1870000000,174,13,0
1784084400,162.1890000000,162.1950000000,162.1670000000,162.1740000000,341,10,0
1784084700,162.1750000000,162.2030000000,162.1730000000,162.1800000000,284,10,0
1784085000,162.1810000000,162.2300000000,162.1800000000,162.2260000000,288,10,0
1784085300,162.2270000000,162.2320000000,162.1980000000,162.2080000000,251,10,0
1784085600,162.2080000000,162.2100000000,162.1770000000,162.1950000000,199,10,0
1784085900,162.1960000000,162.2010000000,162.1160000000,162.1380000000,393,10,0
1784086200,162.1370000000,162.1630000000,162.1340000000,162.1630000000,228,10,0
1784086500,162.1620000000,162.1870000000,162.1590000000,162.1780000000,341,10,0
1784086800,162.1780000000,162.2240000000,162.1780000000,162.2100000000,472,10,0
1784087100,162.2110000000,162.2110000000,162.1650000000,162.1790000000,395,10,0
1784087400,162.1820000000,162.1840000000,162.1180000000,162.1260000000,729,10,0
1784087700,162.1210000000,162.1220000000,162.0710000000,162.0940000000,566,10,0
1784088000,162.0960000000,162.1080000000,162.0660000000,162.0790000000,443,10,0
1784088300,162.0790000000,162.0860000000,161.9770000000,162.0340000000,639,10,0
1784088600,162.0350000000,162.0500000000,161.9770000000,161.9880000000,755,10,0
1784088900,161.9870000000,162.0110000000,161.9590000000,162.0090000000,758,10,0
1784089200,162.0100000000,162.0410000000,161.9890000000,162.0380000000,444,10,0
1784089500,162.0350000000,162.0710000000,162.0230000000,162.0530000000,454,10,0
1784089800,162.0530000000,162.0640000000,162.0300000000,162.0560000000,506,10,0
1784090100,162.0570000000,162.0770000000,162.0480000000,162.0720000000,482,10,0
1784090400,162.0700000000,162.1040000000,162.0630000000,162.0840000000,411,10,0
1784090700,162.0830000000,162.1020000000,162.0810000000,162.0940000000,333,10,0
1784091000,162.0940000000,162.1210000000,162.0880000000,162.1080000000,359,10,0
1784091300,162.1070000000,162.1160000000,162.0900000000,162.0910000000,259,10,0
1784091600,162.0920000000,162.1020000000,162.0560000000,162.0560000000,271,10,0
1784091900,162.0560000000,162.0580000000,162.0270000000,162.0510000000,337,10,0
1784092200,162.0500000000,162.1100000000,162.0450000000,162.1020000000,363,10,0
1784092500,162.1010000000,162.1120000000,162.0910000000,162.1100000000,314,10,0
1784092800,162.1100000000,162.1170000000,162.0950000000,162.1110000000,242,10,0
1784093100,162.1110000000,162.1130000000,162.0940000000,162.1010000000,194,10,0
1784093400,162.1000000000,162.1050000000,162.0890000000,162.0940000000,201,10,0
1784093700,162.0930000000,162.1060000000,162.0890000000,162.0980000000,177,11,0
1784094000,162.0980000000,162.0980000000,162.0450000000,162.0600000000,321,11,0
1784094300,162.0590000000,162.0830000000,162.0580000000,162.0680000000,237,10,0
1784094600,162.0680000000,162.1000000000,162.0600000000,162.0940000000,232,11,0
1784094900,162.0940000000,162.1040000000,162.0810000000,162.1000000000,272,10,0
1784095200,162.1010000000,162.1040000000,162.0780000000,162.0810000000,273,10,0
1784095500,162.0810000000,162.1110000000,162.0810000000,162.1030000000,185,10,0
1784095800,162.1030000000,162.1520000000,162.1020000000,162.1380000000,344,11,0
1784096100,162.1390000000,162.1740000000,162.1350000000,162.1730000000,302,10,0
1784096400,162.1740000000,162.1740000000,162.1560000000,162.1610000000,213,11,0
1784096700,162.1610000000,162.1680000000,162.1500000000,162.1510000000,226,10,0
1784097000,162.1540000000,162.1600000000,162.1490000000,162.1510000000,230,11,0
1784097300,162.1510000000,162.1600000000,162.1440000000,162.1470000000,242,10,0
1784097600,162.1480000000,162.1740000000,162.1460000000,162.1730000000,174,10,0
1784097900,162.1740000000,162.1750000000,162.1440000000,162.1480000000,155,10,0
1784098200,162.1470000000,162.1500000000,162.1360000000,162.1460000000,183,10,0
1784098500,162.1450000000,162.1480000000,162.1300000000,162.1370000000,170,11,0
1784098800,162.1360000000,162.1500000000,162.1320000000,162.1440000000,127,11,0
1784099100,162.1450000000,162.1490000000,162.1280000000,162.1330000000,129,10,0
1784099400,162.1340000000,162.1640000000,162.1300000000,162.1620000000,164,10,0
1784099700,162.1630000000,162.1670000000,162.1560000000,162.1590000000,92,10,0
1784100000,162.1590000000,162.1730000000,162.1530000000,162.1620000000,144,10,0
1784100300,162.1630000000,162.2140000000,162.1630000000,162.2090000000,353,10,0
1784100600,162.2090000000,162.2130000000,162.1870000000,162.1980000000,243,11,0
1784100900,162.1950000000,162.2030000000,162.1860000000,162.1990000000,197,10,0
1784101200,162.2000000000,162.2230000000,162.1990000000,162.2130000000,157,10,0
1784101500,162.2120000000,162.2160000000,162.2010000000,162.2040000000,83,11,0
1784101800,162.2030000000,162.2150000000,162.1980000000,162.2120000000,157,10,0
1784102100,162.2130000000,162.2140000000,162.1990000000,162.2050000000,185,10,0
1784102400,162.2030000000,162.2290000000,162.2030000000,162.2140000000,322,10,0
1784102700,162.2130000000,162.2140000000,162.1810000000,162.1970000000,288,10,0
1784103000,162.1970000000,162.2040000000,162.1700000000,162.1740000000,177,10,0
1784103300,162.1750000000,162.1880000000,162.1690000000,162.1700000000,207,10,0
1784103600,162.1700000000,162.1940000000,162.1680000000,162.1890000000,136,10,0
1784103900,162.1880000000,162.2030000000,162.1880000000,162.2030000000,179,10,0
1784104200,162.2030000000,162.2040000000,162.1850000000,162.1960000000,189,10,0
1784104500,162.1970000000,162.2020000000,162.1840000000,162.1860000000,175,10,0
1784104800,162.1870000000,162.1920000000,162.1810000000,162.1820000000,137,10,0
1784105100,162.1830000000,162.2060000000,162.1710000000,162.1820000000,313,10,0
1784105400,162.1840000000,162.2050000000,162.1690000000,162.1720000000,369,10,0
1784105700,162.1730000000,162.1990000000,162.1730000000,162.1950000000,267,11,0
1784106000,162.1960000000,162.2060000000,162.1790000000,162.1840000000,327,10,0
1784106300,162.1840000000,162.2020000000,162.1730000000,162.1730000000,275,11,0
1784106600,162.1740000000,162.1940000000,162.1630000000,162.1910000000,209,10,0
1784106900,162.1910000000,162.1940000000,162.1620000000,162.1640000000,259,10,0
1784107200,162.1640000000,162.1760000000,162.1540000000,162.1560000000,279,10,0
1784107500,162.1570000000,162.1660000000,162.1340000000,162.1650000000,366,10,0
1784107800,162.1640000000,162.1910000000,162.1640000000,162.1880000000,368,10,0
1784108100,162.1880000000,162.1910000000,162.1740000000,162.1740000000,227,10,0
1784108400,162.1750000000,162.1750000000,162.1160000000,162.1240000000,470,10,0
1784108700,162.1250000000,162.1490000000,162.0960000000,162.1490000000,411,10,0
1784109000,162.1480000000,162.1840000000,162.1330000000,162.1660000000,516,11,0
1784109300,162.1670000000,162.2100000000,162.1640000000,162.2050000000,510,11,0
1784109600,162.2060000000,162.2180000000,162.1920000000,162.2080000000,440,10,0
1784109900,162.2090000000,162.2400000000,162.2080000000,162.2230000000,355,10,0
1784110200,162.2220000000,162.2250000000,162.2100000000,162.2210000000,306,10,0
1784110500,162.2210000000,162.2370000000,162.2150000000,162.2320000000,300,10,0
1784110800,162.2310000000,162.2690000000,162.2230000000,162.2680000000,274,11,0
1784111100,162.2680000000,162.3030000000,162.2600000000,162.2610000000,339,10,0
1784111400,162.2610000000,162.2790000000,162.2540000000,162.2770000000,335,10,0
1784111700,162.2780000000,162.2910000000,162.2620000000,162.2820000000,223,10,0
1784112000,162.2820000000,162.2890000000,162.2320000000,162.2380000000,343,10,0
1784112300,162.2380000000,162.2810000000,162.2380000000,162.2630000000,251,10,0
1784112600,162.2640000000,162.2640000000,162.2390000000,162.2530000000,262,10,0
1784112900,162.2530000000,162.2680000000,162.2500000000,162.2620000000,251,10,0
1784113200,162.2610000000,162.2770000000,162.2400000000,162.2560000000,364,10,0
1784113500,162.2570000000,162.2950000000,162.2540000000,162.2890000000,301,10,0
1784113800,162.2880000000,162.3450000000,162.2880000000,162.3290000000,302,10,0
1784114100,162.3280000000,162.3430000000,162.3130000000,162.3130000000,367,10,0
1784114400,162.3130000000,162.3160000000,162.2850000000,162.2920000000,361,10,0
1784114700,162.2920000000,162.3150000000,162.2730000000,162.2740000000,453,10,0
1784115000,162.2750000000,162.2950000000,162.2630000000,162.2950000000,377,10,0
1784115300,162.2950000000,162.3070000000,162.2890000000,162.3020000000,231,10,0
1784115600,162.3020000000,162.3080000000,162.2860000000,162.2890000000,329,10,0
1784115900,162.2890000000,162.3110000000,162.2850000000,162.3050000000,300,10,0
1784116200,162.3050000000,162.3190000000,162.3040000000,162.3140000000,248,10,0
1784116500,162.3140000000,162.3290000000,162.2900000000,162.2930000000,241,10,0
1784116800,162.2920000000,162.3200000000,162.2820000000,162.2950000000,296,10,0
1784117100,162.2950000000,162.3060000000,162.2870000000,162.2980000000,332,10,0
1784117400,162.2990000000,162.3030000000,162.2360000000,162.2720000000,584,10,0
1784117700,162.2700000000,162.3000000000,162.2700000000,162.2890000000,403,10,0
1784118000,162.2880000000,162.2960000000,162.2750000000,162.2800000000,391,10,0
1784118300,162.2800000000,162.3160000000,162.2800000000,162.3140000000,326,10,0
1784118600,162.3130000000,162.3320000000,162.3120000000,162.3140000000,235,10,0
1784118900,162.3140000000,162.3290000000,162.3130000000,162.3220000000,181,10,0
1784119200,162.3230000000,162.3240000000,162.3120000000,162.3140000000,88,10,0
1784119500,162.3140000000,162.3320000000,162.3130000000,162.3240000000,210,11,0
1784119800,162.3250000000,162.3540000000,162.3180000000,162.3320000000,242,10,0
1784120100,162.3320000000,162.3670000000,162.3320000000,162.3600000000,222,10,0
1784120400,162.3600000000,162.3810000000,162.3550000000,162.3670000000,196,10,0
1784120700,162.3670000000,162.3910000000,162.3650000000,162.3810000000,200,10,0
1784121000,162.3820000000,162.3850000000,162.3690000000,162.3730000000,130,10,0
1784121300,162.3720000000,162.3840000000,162.3560000000,162.3720000000,213,10,0
1784121600,162.3720000000,162.4060000000,162.3640000000,162.4040000000,275,10,0
1784121900,162.4030000000,162.4160000000,162.3870000000,162.3900000000,224,10,0
1784122200,162.3890000000,162.4050000000,162.3820000000,162.3910000000,175,10,0
1784122500,162.3920000000,162.4000000000,162.3900000000,162.3960000000,193,10,0
1784122800,162.3950000000,162.4120000000,162.3920000000,162.4080000000,184,10,0
1784123100,162.4070000000,162.4100000000,162.3920000000,162.4050000000,196,10,0
1784123400,162.4060000000,162.4080000000,162.3940000000,162.3940000000,129,11,0
1784123700,162.3950000000,162.3950000000,162.3100000000,162.3210000000,381,10,0
1784124000,162.3220000000,162.3570000000,162.2950000000,162.3540000000,380,10,0
1784124300,162.3540000000,162.3580000000,162.3370000000,162.3420000000,295,10,0
1784124600,162.3420000000,162.3460000000,162.3190000000,162.3420000000,216,10,0
1784124900,162.3420000000,162.3550000000,162.3400000000,162.3530000000,244,10,0
1784125200,162.3520000000,162.3580000000,162.3450000000,162.3580000000,260,11,0
1784125500,162.3590000000,162.3780000000,162.3570000000,162.3700000000,249,11,0
1784125800,162.3690000000,162.3890000000,162.3660000000,162.3690000000,219,10,0
1784126100,162.3680000000,162.3710000000,162.3440000000,162.3680000000,252,10,0
1784126400,162.3680000000,162.3710000000,162.3540000000,162.3600000000,194,10,0
1784126700,162.3600000000,162.3620000000,162.3470000000,162.3510000000,221,11,0
1784127000,162.3500000000,162.3550000000,162.3180000000,162.3440000000,429,10,0
1784127300,162.3450000000,162.3590000000,162.3320000000,162.3380000000,318,10,0
1784127600,162.3370000000,162.3720000000,162.3270000000,162.3700000000,328,10,0
1784127900,162.3700000000,162.3880000000,162.3670000000,162.3730000000,495,10,0
1784128200,162.3740000000,162.3870000000,162.3540000000,162.3610000000,402,10,0
1784128500,162.3600000000,162.3780000000,162.3480000000,162.3780000000,234,11,0
1784128800,162.3780000000,162.3790000000,162.3570000000,162.3590000000,200,11,0
1784129100,162.3580000000,162.3780000000,162.3540000000,162.3570000000,280,10,0
1784129400,162.3560000000,162.3560000000,162.2670000000,162.2920000000,863,10,0
1784129700,162.2920000000,162.3050000000,162.2720000000,162.2860000000,614,10,0
1784130000,162.2870000000,162.2900000000,162.2280000000,162.2310000000,581,10,0
1784130300,162.2300000000,162.2490000000,162.1950000000,162.2020000000,502,10,0
1784130600,162.2030000000,162.2390000000,162.2030000000,162.2140000000,459,10,0
1784130900,162.2130000000,162.2260000000,162.1350000000,162.1600000000,611,10,0
1784131200,162.1590000000,162.1790000000,162.1430000000,162.1590000000,584,10,0
1784131500,162.1590000000,162.1600000000,162.1270000000,162.1460000000,457,10,0
1784131800,162.1450000000,162.2290000000,162.1420000000,162.2270000000,449,10,0
1784132100,162.2280000000,162.2360000000,162.1820000000,162.1880000000,307,10,0
1784132400,162.1880000000,162.2310000000,162.1880000000,162.2270000000,314,10,0
1784132700,162.2290000000,162.2740000000,162.2290000000,162.2620000000,367,10,0
1784133000,162.2650000000,162.2660000000,162.2380000000,162.2390000000,474,10,0
1784133300,162.2390000000,162.2500000000,162.2200000000,162.2280000000,394,10,0
1784133600,162.2290000000,162.2440000000,162.2060000000,162.2410000000,205,10,0
1784133900,162.2400000000,162.2540000000,162.2160000000,162.2160000000,335,10,0
1784134200,162.2170000000,162.2440000000,162.2140000000,162.2410000000,521,10,0
1784134500,162.2400000000,162.2460000000,162.1510000000,162.2020000000,673,10,0
1784134800,162.2030000000,162.2030000000,162.1730000000,162.1980000000,380,10,0
1784135100,162.1970000000,162.2290000000,162.1830000000,162.2030000000,568,10,0
1784135400,162.2040000000,162.2120000000,162.1860000000,162.2000000000,429,10,0
1784135700,162.2010000000,162.2010000000,162.1620000000,162.1630000000,418,10,0
1784136000,162.1630000000,162.2090000000,162.1610000000,162.2000000000,479,10,0
1784136300,162.2010000000,162.2310000000,162.2010000000,162.2170000000,492,10,0
1784136600,162.2160000000,162.2220000000,162.1630000000,162.1790000000,508,10,0
1784136900,162.1780000000,162.2130000000,162.1750000000,162.2100000000,527,10,0
1784137200,162.2110000000,162.2230000000,162.1830000000,162.1950000000,594,10,0
1784137500,162.1950000000,162.1950000000,162.1470000000,162.1500000000,517,10,0
1784137800,162.1490000000,162.1940000000,162.1460000000,162.1740000000,764,10,0
1784138100,162.1760000000,162.1810000000,162.1120000000,162.1350000000,744,10,0
1784138400,162.1350000000,162.1470000000,162.1040000000,162.1360000000,509,10,0
1784138700,162.1360000000,162.1540000000,162.1260000000,162.1530000000,287,10,0
1784139000,162.1520000000,162.2040000000,162.1380000000,162.2040000000,422,10,0
1784139300,162.2070000000,162.2100000000,162.1650000000,162.1760000000,443,10,0
1784139600,162.1760000000,162.1860000000,162.1350000000,162.1440000000,317,10,0
1784139900,162.1440000000,162.1480000000,162.0870000000,162.0960000000,419,10,0
1784140200,162.0970000000,162.1240000000,162.0900000000,162.0930000000,420,10,0
1784140500,162.0940000000,162.1370000000,162.0700000000,162.1340000000,425,10,0
1784140800,162.1340000000,162.1350000000,162.1090000000,162.1220000000,316,10,0
1784141100,162.1200000000,162.1230000000,162.0860000000,162.1080000000,251,10,0
1784141400,162.1090000000,162.1400000000,162.1080000000,162.1160000000,284,10,0
1784141700,162.1160000000,162.1370000000,162.1160000000,162.1250000000,254,10,0
1784142000,162.1250000000,162.1590000000,162.1190000000,162.1540000000,372,10,0
1784142300,162.1550000000,162.1650000000,162.1490000000,162.1620000000,258,10,0
1784142600,162.1610000000,162.1670000000,162.1490000000,162.1610000000,245,10,0
1784142900,162.1610000000,162.1650000000,162.1360000000,162.1530000000,266,10,0
1784143200,162.1530000000,162.1630000000,162.1260000000,162.1370000000,353,10,0
1784143500,162.1380000000,162.1380000000,162.1140000000,162.1300000000,274,10,0
1784143800,162.1310000000,162.1560000000,162.1280000000,162.1530000000,248,10,0
1784144100,162.1530000000,162.1790000000,162.1480000000,162.1740000000,316,10,0
1784144400,162.1740000000,162.1950000000,162.1600000000,162.1850000000,265,10,0
1784144700,162.1840000000,162.1910000000,162.1200000000,162.1650000000,591,10,0
1784145000,162.1660000000,162.1770000000,162.1500000000,162.1730000000,477,10,0
1784145300,162.1740000000,162.1800000000,162.1540000000,162.1580000000,371,10,0
1784145600,162.1570000000,162.1620000000,162.1060000000,162.1200000000,483,10,0
1784145900,162.1200000000,162.1310000000,162.0870000000,162.0900000000,332,10,0
1784146200,162.0910000000,162.1150000000,162.0690000000,162.1090000000,391,10,0
1784146500,162.1100000000,162.1200000000,162.0980000000,162.1000000000,289,10,0
1784146800,162.1010000000,162.1080000000,162.0920000000,162.1060000000,194,10,0
1784147100,162.1070000000,162.1090000000,162.0770000000,162.0820000000,249,10,0
1784147400,162.0820000000,162.1040000000,162.0570000000,162.0720000000,640,10,0
1784147700,162.0710000000,162.0780000000,162.0480000000,162.0490000000,344,10,0
1784148000,162.0480000000,162.0540000000,161.9800000000,162.0200000000,564,10,0
1784148300,162.0200000000,162.0520000000,161.9630000000,161.9640000000,491,10,0
1784148600,161.9630000000,162.0060000000,161.9620000000,161.9950000000,436,10,0
1784148900,161.9940000000,161.9980000000,161.9780000000,161.9820000000,181,10,0
1784149200,161.9800000000,161.9820000000,161.8890000000,161.9020000000,348,10,0
1784149500,161.9020000000,161.9300000000,161.8910000000,161.9160000000,393,10,0
1784149800,161.9160000000,161.9510000000,161.9110000000,161.9440000000,291,10,0
1784150100,161.9440000000,161.9550000000,161.8900000000,161.8930000000,308,10,0
1784150400,161.8920000000,161.9180000000,161.8920000000,161.9140000000,234,10,0
1784150700,161.9150000000,161.9200000000,161.9050000000,161.9060000000,206,10,0
1784151000,161.9060000000,161.9130000000,161.8900000000,161.9040000000,288,10,0
1784151300,161.9050000000,161.9340000000,161.8910000000,161.8990000000,295,10,0
1784151600,161.8990000000,161.9790000000,161.8980000000,161.9780000000,433,10,0
1784151900,161.9810000000,161.9990000000,161.9700000000,161.9910000000,493,10,0
1784152200,161.9900000000,162.0320000000,161.9900000000,162.0220000000,406,10,0
1784152500,162.0220000000,162.0570000000,162.0170000000,162.0410000000,395,10,0
1784152800,162.0440000000,162.0530000000,162.0070000000,162.0300000000,344,10,0
1784153100,162.0290000000,162.0370000000,162.0090000000,162.0240000000,313,10,0
1784153400,162.0250000000,162.0350000000,162.0150000000,162.0210000000,366,10,0
1784153700,162.0210000000,162.0710000000,162.0210000000,162.0640000000,312,10,0
1784154000,162.0630000000,162.0890000000,162.0630000000,162.0840000000,311,10,0
1784154300,162.0850000000,162.1020000000,162.0790000000,162.1000000000,283,10,0
1784154600,162.1010000000,162.1850000000,162.0900000000,162.1730000000,740,10,0
1784154900,162.1730000000,162.2380000000,162.1590000000,162.2020000000,641,10,0
1784155200,162.2010000000,162.2500000000,162.1990000000,162.2410000000,347,10,0
1784155500,162.2400000000,162.2710000000,162.2340000000,162.2610000000,370,10,0
1784155800,162.2600000000,162.2750000000,162.2450000000,162.2660000000,461,10,0
1784156100,162.2640000000,162.2690000000,162.1950000000,162.2240000000,378,10,0
1784156400,162.2230000000,162.2270000000,162.1970000000,162.2100000000,216,10,0
1784156700,162.2100000000,162.2230000000,162.1960000000,162.2190000000,181,10,0
1784157000,162.2180000000,162.2240000000,162.2100000000,162.2130000000,234,10,0
1784157300,162.2140000000,162.2160000000,162.2080000000,162.2130000000,88,10,0
1784157600,162.2130000000,162.2130000000,162.1960000000,162.1990000000,91,11,0
1784157900,162.2000000000,162.2050000000,162.1890000000,162.1990000000,119,10,0
1784158200,162.1980000000,162.2160000000,162.1920000000,162.1980000000,123,10,0
1784158500,162.1970000000,162.2170000000,162.1970000000,162.2170000000,127,10,0
1784158800,162.2160000000,162.2170000000,162.1960000000,162.2040000000,169,10,0
1784159100,162.2080000000,162.2120000000,162.1970000000,162.1970000000,91,10,0
1784159400,162.1990000000,162.1990000000,162.1880000000,162.1900000000,100,12,0
1784159700,162.1890000000,162.1920000000,162.1680000000,162.1680000000,103,18,0
1784160000,162.1670000000,162.1670000000,162.0180000000,162.0380000000,33,35,0
1784160300,162.0390000000,162.0640000000,162.0240000000,162.0470000000,40,139,0
1784160600,162.0510000000,162.1510000000,162.0360000000,162.1440000000,14,39,0
1784160900,162.1440000000,162.1520000000,162.1350000000,162.1350000000,9,74,0
1784161200,162.1350000000,162.1370000000,162.1190000000,162.1230000000,9,79,0
1784161500,162.1220000000,162.1250000000,162.1100000000,162.1220000000,9,66,0
1784161800,162.1220000000,162.1270000000,162.1190000000,162.1240000000,45,58,0
1784162100,162.1240000000,162.1270000000,162.1190000000,162.1200000000,13,57,0
1784162400,162.1440000000,162.1440000000,162.1110000000,162.1320000000,48,33,0
1784162700,162.1260000000,162.1320000000,162.1260000000,162.1260000000,31,36,0
1784163000,162.1260000000,162.1270000000,162.1150000000,162.1270000000,38,47,0
1784163300,162.1220000000,162.1300000000,162.1020000000,162.1140000000,87,28,0
1784163600,162.1150000000,162.1340000000,162.0800000000,162.1230000000,184,17,0
1784163900,162.1310000000,162.1390000000,162.1200000000,162.1320000000,138,23,0
1784164200,162.1320000000,162.1390000000,162.1220000000,162.1220000000,140,16,0
1784164500,162.1240000000,162.1290000000,162.0810000000,162.0920000000,158,10,0
1784164800,162.0920000000,162.0940000000,162.0740000000,162.0920000000,95,18,0
1784165100,162.0910000000,162.0920000000,162.0830000000,162.0830000000,101,22,0
1784165400,162.0850000000,162.1050000000,162.0840000000,162.0980000000,80,21,0
1784165700,162.0990000000,162.1160000000,162.0980000000,162.1000000000,56,21,0
1784166000,162.1000000000,162.1030000000,162.0940000000,162.1010000000,50,22,0
1784166300,162.1020000000,162.1100000000,162.0990000000,162.1030000000,39,14,0
1784166600,162.1040000000,162.1290000000,162.1020000000,162.1190000000,58,17,0
1784166900,162.1180000000,162.1310000000,162.1050000000,162.1160000000,121,13,0
1784167200,162.1150000000,162.1150000000,162.1010000000,162.1050000000,192,14,0
1784167500,162.1060000000,162.1100000000,162.1030000000,162.1040000000,84,13,0
1784167800,162.1030000000,162.1080000000,162.0820000000,162.0850000000,68,13,0
1784168100,162.0840000000,162.0910000000,162.0550000000,162.0570000000,247,13,0
1784168400,162.0560000000,162.0760000000,162.0560000000,162.0760000000,82,14,0
1784168700,162.0760000000,162.0850000000,162.0710000000,162.0850000000,37,11,0
1784169000,162.0850000000,162.0910000000,162.0600000000,162.0700000000,125,10,0
1784169300,162.0690000000,162.0730000000,162.0670000000,162.0720000000,35,13,0
1784169600,162.0730000000,162.0830000000,162.0650000000,162.0690000000,130,11,0
1784169900,162.0690000000,162.0690000000,162.0470000000,162.0480000000,154,12,0
1784170200,162.0480000000,162.0630000000,162.0240000000,162.0600000000,214,10,0
1784170500,162.0590000000,162.0720000000,162.0450000000,162.0670000000,261,10,0
1784170800,162.0690000000,162.1200000000,162.0590000000,162.1160000000,422,10,0
1784171100,162.1170000000,162.1240000000,162.0780000000,162.0950000000,267,10,0
1784171400,162.0950000000,162.0970000000,162.0660000000,162.0710000000,272,12,0
1784171700,162.0720000000,162.0800000000,162.0500000000,162.0610000000,382,11,0
1784172000,162.0620000000,162.0940000000,162.0610000000,162.0740000000,365,10,0
1784172300,162.0750000000,162.0770000000,162.0620000000,162.0670000000,280,12,0
1784172600,162.0660000000,162.1190000000,162.0650000000,162.1100000000,259,11,0
1784172900,162.1090000000,162.1160000000,162.0880000000,162.0890000000,161,10,0
1784173200,162.0900000000,162.0910000000,162.0630000000,162.0760000000,313,10,0
1784173500,162.0770000000,162.0860000000,162.0640000000,162.0850000000,289,10,0
1784173800,162.0860000000,162.1490000000,162.0470000000,162.1290000000,722,10,0
1784174100,162.1260000000,162.1330000000,162.0810000000,162.0930000000,441,10,0
1784174400,162.0910000000,162.0970000000,162.0750000000,162.0830000000,278,10,0
1784174700,162.0820000000,162.0880000000,162.0690000000,162.0760000000,255,11,0
1784175000,162.0770000000,162.0850000000,162.0450000000,162.0580000000,276,10,0
1784175300,162.0590000000,162.0950000000,162.0560000000,162.0720000000,391,10,0
1784175600,162.0730000000,162.0730000000,162.0260000000,162.0260000000,358,10,0
1784175900,162.0270000000,162.0460000000,162.0230000000,162.0430000000,264,11,0
1784176200,162.0420000000,162.0590000000,162.0280000000,162.0580000000,320,10,0
1784176500,162.0580000000,162.0770000000,162.0510000000,162.0730000000,332,10,0
1784176800,162.0740000000,162.0740000000,162.0550000000,162.0600000000,198,11,0
1784177100,162.0600000000,162.0700000000,162.0560000000,162.0700000000,170,11,0
1784177400,162.0700000000,162.0980000000,162.0680000000,162.0960000000,208,10,0
1784177700,162.0960000000,162.1130000000,162.0890000000,162.1000000000,183,11,0
1784178000,162.0980000000,162.1150000000,162.0960000000,162.1110000000,211,11,0
1784178300,162.1110000000,162.1340000000,162.1080000000,162.1290000000,223,10,0
1784178600,162.1280000000,162.1610000000,162.1210000000,162.1560000000,312,10,0
1784178900,162.1530000000,162.1620000000,162.1310000000,162.1330000000,230,11,0
1784179200,162.1330000000,162.1350000000,162.1040000000,162.1070000000,251,11,0
1784179500,162.1060000000,162.1150000000,162.0950000000,162.0960000000,203,10,0
1784179800,162.0960000000,162.1240000000,162.0910000000,162.0920000000,273,10,0
1784180100,162.0940000000,162.1370000000,162.0800000000,162.1170000000,252,10,0
1784180400,162.1170000000,162.1370000000,162.1160000000,162.1250000000,268,11,0
1784180700,162.1260000000,162.1370000000,162.1190000000,162.1330000000,206,10,0
1784181000,162.1330000000,162.1470000000,162.1210000000,162.1340000000,164,10,0
1784181300,162.1340000000,162.1590000000,162.1340000000,162.1450000000,215,10,0
1784181600,162.1440000000,162.1530000000,162.1300000000,162.1320000000,297,11,0
1784181900,162.1320000000,162.1350000000,162.1080000000,162.1120000000,249,11,0
1784182200,162.1110000000,162.1260000000,162.1060000000,162.1210000000,216,11,0
1784182500,162.1200000000,162.1220000000,162.0840000000,162.0860000000,225,11,0
1784182800,162.0870000000,162.0970000000,162.0870000000,162.0950000000,156,11,0
1784183100,162.0950000000,162.0970000000,162.0790000000,162.0850000000,224,12,0
1784183400,162.0900000000,162.0900000000,162.0690000000,162.0700000000,238,10,0
1784183700,162.0690000000,162.0730000000,162.0670000000,162.0700000000,115,11,0
1784184000,162.0700000000,162.0930000000,162.0680000000,162.0930000000,126,11,0
1784184300,162.0940000000,162.0980000000,162.0790000000,162.0890000000,120,10,0
1784184600,162.0890000000,162.0970000000,162.0870000000,162.0940000000,165,11,0
1784184900,162.0940000000,162.0990000000,162.0810000000,162.0820000000,115,12,0
1784185200,162.0820000000,162.0990000000,162.0770000000,162.0910000000,202,10,0
1784185500,162.0920000000,162.1050000000,162.0790000000,162.1050000000,104,10,0
1784185800,162.1040000000,162.1190000000,162.0910000000,162.1170000000,195,10,0
1784186100,162.1170000000,162.1230000000,162.1050000000,162.1180000000,126,10,0
1784186400,162.1180000000,162.1190000000,162.1050000000,162.1120000000,67,12,0
1784186700,162.1130000000,162.1320000000,162.1130000000,162.1300000000,90,10,0
1784187000,162.1310000000,162.1330000000,162.1150000000,162.1320000000,101,10,0
1784187300,162.1320000000,162.1320000000,162.1140000000,162.1160000000,153,12,0
1784187600,162.1150000000,162.1180000000,162.1030000000,162.1160000000,213,10,0
1784187900,162.1160000000,162.1160000000,162.1050000000,162.1070000000,174,10,0
1784188200,162.1070000000,162.1100000000,162.0860000000,162.0860000000,208,10,0
1784188500,162.0870000000,162.0950000000,162.0770000000,162.0910000000,239,11,0
1784188800,162.0910000000,162.1010000000,162.0850000000,162.0940000000,150,11,0
1784189100,162.0940000000,162.1010000000,162.0850000000,162.0850000000,151,11,0
1784189400,162.0860000000,162.0980000000,162.0810000000,162.0900000000,132,10,0
1784189700,162.0910000000,162.1020000000,162.0780000000,162.1010000000,167,10,0
1784190000,162.1020000000,162.1130000000,162.0990000000,162.1120000000,133,12,0
1784190300,162.1120000000,162.1140000000,162.1010000000,162.1120000000,77,11,0
1784190600,162.1120000000,162.1220000000,162.1050000000,162.1130000000,156,10,0
1784190900,162.1130000000,162.1360000000,162.1130000000,162.1260000000,183,10,0
1784191200,162.1270000000,162.1320000000,162.1050000000,162.1050000000,310,10,0
1784191500,162.1060000000,162.1170000000,162.0990000000,162.1170000000,263,10,0
1784191800,162.1170000000,162.1260000000,162.1160000000,162.1260000000,418,11,0
1784192100,162.1250000000,162.1750000000,162.1250000000,162.1510000000,366,10,0
1784192400,162.1520000000,162.1660000000,162.1250000000,162.1530000000,388,10,0
1784192700,162.1540000000,162.1560000000,162.1170000000,162.1330000000,452,10,0
1784193000,162.1320000000,162.1500000000,162.1150000000,162.1320000000,418,10,0
1784193300,162.1330000000,162.1630000000,162.1320000000,162.1580000000,306,10,0
1784193600,162.1580000000,162.1630000000,162.1320000000,162.1430000000,355,10,0
1784193900,162.1440000000,162.1520000000,162.1320000000,162.1380000000,368,10,0
1784194200,162.1390000000,162.1700000000,162.1360000000,162.1650000000,471,11,0
1784194500,162.1660000000,162.1680000000,162.1510000000,162.1520000000,371,11,0
1784194800,162.1510000000,162.1570000000,162.1470000000,162.1500000000,378,10,0
1784195100,162.1510000000,162.1540000000,162.1220000000,162.1260000000,271,11,0
1784195400,162.1260000000,162.1510000000,162.1260000000,162.1310000000,186,10,0
1784195700,162.1320000000,162.1320000000,162.1050000000,162.1140000000,395,10,0
1784196000,162.1150000000,162.1230000000,162.0710000000,162.0710000000,551,10,0
1784196300,162.0720000000,162.0820000000,161.9840000000,162.0360000000,550,10,0
1784196600,162.0360000000,162.0650000000,162.0290000000,162.0360000000,317,10,0
1784196900,162.0370000000,162.0600000000,162.0260000000,162.0260000000,280,11,0
1784197200,162.0250000000,162.0260000000,161.9760000000,162.0050000000,573,10,0
1784197500,162.0060000000,162.0860000000,162.0060000000,162.0860000000,336,10,0
1784197800,162.0870000000,162.0890000000,162.0470000000,162.0540000000,327,10,0
1784198100,162.0530000000,162.0820000000,162.0500000000,162.0820000000,268,10,0
1784198400,162.0820000000,162.0920000000,162.0610000000,162.0670000000,291,10,0
1784198700,162.0680000000,162.0730000000,162.0060000000,162.0110000000,560,10,0
1784199000,162.0120000000,162.0570000000,162.0120000000,162.0450000000,385,10,0
1784199300,162.0460000000,162.0900000000,162.0430000000,162.0780000000,384,10,0
1784199600,162.0770000000,162.0900000000,162.0590000000,162.0890000000,340,10,0
1784199900,162.0890000000,162.1260000000,162.0850000000,162.1240000000,324,10,0
1784200200,162.1250000000,162.1480000000,162.1200000000,162.1370000000,436,10,0
1784200500,162.1380000000,162.1420000000,162.0690000000,162.1070000000,481,10,0
1784200800,162.1070000000,162.1220000000,162.1000000000,162.1030000000,310,10,0
1784201100,162.1020000000,162.1230000000,162.1000000000,162.1060000000,219,10,0
1784201400,162.1060000000,162.1110000000,162.0920000000,162.1050000000,262,10,0
1784201700,162.1050000000,162.1200000000,162.0900000000,162.1200000000,275,10,0
1784202000,162.1200000000,162.1380000000,162.1110000000,162.1380000000,199,11,0
1784202300,162.1380000000,162.1480000000,162.1230000000,162.1340000000,278,10,0
1784202600,162.1340000000,162.1610000000,162.1290000000,162.1560000000,367,10,0
1784202900,162.1570000000,162.1720000000,162.1300000000,162.1400000000,437,10,0
1784203200,162.1390000000,162.1660000000,162.1380000000,162.1630000000,358,10,0
1784203500,162.1620000000,162.1620000000,162.1370000000,162.1450000000,370,10,0
1784203800,162.1460000000,162.1490000000,162.1140000000,162.1180000000,249,10,0
1784204100,162.1180000000,162.1220000000,162.1040000000,162.1120000000,252,10,0
1784204400,162.1120000000,162.1350000000,162.1070000000,162.1220000000,202,10,0
1784204700,162.1220000000,162.1410000000,162.1200000000,162.1380000000,238,10,0
1784205000,162.1390000000,162.1800000000,162.1370000000,162.1720000000,280,10,0
1784205300,162.1720000000,162.1910000000,162.1630000000,162.1730000000,294,10,0
1784205600,162.1730000000,162.1890000000,162.1660000000,162.1730000000,286,10,0
1784205900,162.1730000000,162.1750000000,162.1430000000,162.1560000000,346,10,0
1784206200,162.1560000000,162.1690000000,162.1480000000,162.1480000000,196,10,0
1784206500,162.1470000000,162.1710000000,162.1430000000,162.1670000000,220,11,0
1784206800,162.1670000000,162.1790000000,162.1630000000,162.1710000000,246,10,0
1784207100,162.1710000000,162.1870000000,162.1700000000,162.1840000000,128,10,0
1784207400,162.1840000000,162.1890000000,162.1730000000,162.1860000000,172,11,0
1784207700,162.1850000000,162.1860000000,162.1680000000,162.1750000000,171,10,0
1784208000,162.1750000000,162.1770000000,162.1660000000,162.1730000000,110,11,0
1784208300,162.1730000000,162.1780000000,162.1560000000,162.1670000000,187,10,0
1784208600,162.1680000000,162.1790000000,162.1640000000,162.1720000000,171,10,0
1784208900,162.1710000000,162.1790000000,162.1600000000,162.1780000000,241,10,0
1784209200,162.1780000000,162.1780000000,162.1620000000,162.1650000000,144,11,0
1784209500,162.1650000000,162.1740000000,162.1610000000,162.1630000000,137,10,0
1784209800,162.1640000000,162.1770000000,162.1600000000,162.1640000000,133,10,0
1784210100,162.1640000000,162.1640000000,162.1250000000,162.1470000000,284,10,0
1784210400,162.1480000000,162.1530000000,162.1200000000,162.1260000000,250,10,0
1784210700,162.1270000000,162.1270000000,162.1090000000,162.1250000000,167,10,0
1784211000,162.1250000000,162.1440000000,162.1250000000,162.1380000000,213,10,0
1784211300,162.1380000000,162.1580000000,162.1310000000,162.1350000000,163,10,0
1784211600,162.1350000000,162.1590000000,162.1350000000,162.1520000000,182,10,0
1784211900,162.1500000000,162.1800000000,162.1480000000,162.1790000000,204,10,0
1784212200,162.1790000000,162.1870000000,162.1640000000,162.1650000000,185,10,0
1784212500,162.1650000000,162.1790000000,162.1610000000,162.1610000000,137,10,0
1784212800,162.1620000000,162.1760000000,162.1440000000,162.1600000000,178,10,0
1784213100,162.1600000000,162.2280000000,162.1410000000,162.1990000000,239,10,0
1784213400,162.1990000000,162.2240000000,162.1760000000,162.1830000000,834,10,0
1784213700,162.1830000000,162.1830000000,162.1500000000,162.1510000000,399,11,0
1784214000,162.1500000000,162.1760000000,162.1470000000,162.1630000000,498,10,0
1784214300,162.1630000000,162.1890000000,162.1590000000,162.1770000000,335,11,0
1784214600,162.1780000000,162.1940000000,162.1720000000,162.1880000000,363,10,0
1784214900,162.1880000000,162.2000000000,162.1760000000,162.1770000000,299,10,0
1784215200,162.1770000000,162.2120000000,162.1770000000,162.1960000000,487,10,0
1784215500,162.1970000000,162.2020000000,162.1640000000,162.1640000000,364,10,0
1784215800,162.1650000000,162.2250000000,162.1520000000,162.2170000000,384,10,0
1784216100,162.2160000000,162.2470000000,162.2120000000,162.2410000000,626,10,0
1784216400,162.2410000000,162.2770000000,162.2400000000,162.2650000000,564,10,0
1784216700,162.2640000000,162.2880000000,162.2560000000,162.2690000000,461,10,0
1784217000,162.2700000000,162.2770000000,162.2600000000,162.2650000000,360,10,0
1784217300,162.2640000000,162.2930000000,162.2640000000,162.2890000000,346,10,0
1784217600,162.2890000000,162.3120000000,162.2850000000,162.3030000000,478,10,0
1784217900,162.3030000000,162.3040000000,162.2530000000,162.2630000000,465,10,0
1784218200,162.2640000000,162.2690000000,162.2210000000,162.2380000000,375,10,0
1784218500,162.2400000000,162.2640000000,162.2370000000,162.2430000000,333,10,0
1784218800,162.2440000000,162.2590000000,162.2260000000,162.2400000000,309,10,0
1784219100,162.2410000000,162.2460000000,162.2240000000,162.2260000000,242,10,0
1784219400,162.2270000000,162.2290000000,162.2090000000,162.2230000000,370,10,0
1784219700,162.2240000000,162.2500000000,162.2220000000,162.2440000000,323,10,0
1784220000,162.2440000000,162.2690000000,162.2360000000,162.2690000000,342,10,0
1784220300,162.2670000000,162.2920000000,162.2650000000,162.2880000000,328,10,0
1784220600,162.2890000000,162.3100000000,162.2810000000,162.3040000000,351,10,0
1784220900,162.3050000000,162.3420000000,162.3010000000,162.3170000000,522,10,0
1784221200,162.3170000000,162.3260000000,162.3050000000,162.3140000000,398,10,0
1784221500,162.3140000000,162.3690000000,162.3060000000,162.3610000000,346,10,0
1784221800,162.3620000000,162.3970000000,162.3570000000,162.3640000000,504,10,0
1784222100,162.3650000000,162.3790000000,162.3410000000,162.3430000000,374,10,0
1784222400,162.3420000000,162.3850000000,162.3300000000,162.3800000000,321,10,0
1784222700,162.3800000000,162.3960000000,162.3770000000,162.3930000000,255,10,0
1784223000,162.3910000000,162.3930000000,162.3560000000,162.3650000000,346,10,0
1784223300,162.3650000000,162.3940000000,162.3640000000,162.3900000000,307,10,0
1784223600,162.3890000000,162.4230000000,162.3820000000,162.4120000000,269,10,0
1784223900,162.4130000000,162.4230000000,162.4060000000,162.4190000000,197,10,0
1784224200,162.4180000000,162.4380000000,162.4090000000,162.4250000000,324,10,0
1784224500,162.4260000000,162.4470000000,162.4260000000,162.4390000000,456,10,0
1784224800,162.4420000000,162.4720000000,162.4310000000,162.4600000000,406,10,0
1784225100,162.4600000000,162.4700000000,162.4540000000,162.4590000000,165,10,0
1784225400,162.4580000000,162.4600000000,162.4340000000,162.4430000000,219,10,0
1784225700,162.4430000000,162.4440000000,162.4200000000,162.4310000000,222,10,0
1784226000,162.4300000000,162.4460000000,162.4150000000,162.4450000000,177,10,0
1784226300,162.4460000000,162.4520000000,162.4380000000,162.4490000000,222,10,0
1784226600,162.4500000000,162.4610000000,162.4200000000,162.4210000000,329,10,0
1784226900,162.4220000000,162.4420000000,162.4190000000,162.4220000000,291,10,0
1784227200,162.4230000000,162.4270000000,162.4190000000,162.4200000000,273,10,0
1784227500,162.4200000000,162.4330000000,162.4050000000,162.4070000000,205,10,0
1784227800,162.4060000000,162.4200000000,162.4060000000,162.4110000000,168,10,0
1784228100,162.4120000000,162.4240000000,162.4100000000,162.4210000000,170,10,0
1784228400,162.4200000000,162.4370000000,162.4120000000,162.4350000000,193,10,0
1784228700,162.4340000000,162.4490000000,162.4290000000,162.4380000000,261,10,0
1784229000,162.4380000000,162.4570000000,162.4340000000,162.4550000000,201,10,0
1784229300,162.4590000000,162.4840000000,162.4590000000,162.4810000000,265,10,0
1784229600,162.4820000000,162.5030000000,162.4740000000,162.4860000000,391,10,0
1784229900,162.4840000000,162.5410000000,162.4840000000,162.5160000000,403,10,0
1784230200,162.5160000000,162.5170000000,162.4650000000,162.4790000000,351,10,0
1784230500,162.4790000000,162.4930000000,162.4650000000,162.4910000000,242,10,0
1784230800,162.4900000000,162.5100000000,162.4740000000,162.4770000000,264,10,0
1784231100,162.4770000000,162.4870000000,162.4730000000,162.4740000000,222,11,0
1784231400,162.4730000000,162.4760000000,162.4490000000,162.4660000000,226,10,0
1784231700,162.4670000000,162.4810000000,162.4520000000,162.4720000000,226,10,0
1784232000,162.4720000000,162.5010000000,162.4720000000,162.4940000000,174,10,0
1784232300,162.4940000000,162.5000000000,162.4910000000,162.4920000000,165,11,0
1784232600,162.4910000000,162.4950000000,162.4870000000,162.4940000000,113,12,0
1784232900,162.4940000000,162.4960000000,162.4810000000,162.4810000000,109,10,0
1784233200,162.4810000000,162.4820000000,162.4770000000,162.4790000000,81,11,0
1784233500,162.4790000000,162.4900000000,162.4690000000,162.4690000000,146,10,0
1784233800,162.4690000000,162.4690000000,162.4550000000,162.4600000000,104,10,0
1784234100,162.4590000000,162.4820000000,162.4590000000,162.4780000000,132,11,0
1784234400,162.4780000000,162.4790000000,162.4640000000,162.4680000000,178,10,0
1784234700,162.4670000000,162.4670000000,162.4240000000,162.4240000000,165,10,0
1784235000,162.4230000000,162.4370000000,162.4060000000,162.4100000000,288,10,0
1784235300,162.4090000000,162.4130000000,162.3910000000,162.4080000000,223,10,0
1784235600,162.4080000000,162.4100000000,162.3970000000,162.4060000000,305,10,0
1784235900,162.4070000000,162.4200000000,162.3940000000,162.4020000000,210,10,0
1784236200,162.4010000000,162.4100000000,162.3700000000,162.3740000000,317,10,0
1784236500,162.3720000000,162.3860000000,162.3650000000,162.3840000000,200,11,0
1784236800,162.3840000000,162.3980000000,162.3710000000,162.3950000000,324,10,0
1784237100,162.3950000000,162.4110000000,162.3770000000,162.3830000000,161,10,0
1784237400,162.3840000000,162.4000000000,162.3780000000,162.3990000000,171,10,0
1784237700,162.4000000000,162.4070000000,162.3930000000,162.3950000000,288,10,0
1784238000,162.3940000000,162.3960000000,162.3820000000,162.3870000000,248,10,0
1784238300,162.3880000000,162.3960000000,162.3800000000,162.3940000000,169,10,0
1784238600,162.3930000000,162.4010000000,162.3930000000,162.3940000000,123,11,0
1784238900,162.3940000000,162.3960000000,162.3780000000,162.3840000000,167,10,0
1784239200,162.3840000000,162.3890000000,162.3730000000,162.3850000000,189,11,0
1784239500,162.3850000000,162.4010000000,162.3850000000,162.3980000000,119,11,0
1784239800,162.3990000000,162.4090000000,162.3870000000,162.3940000000,104,11,0
1784240100,162.3930000000,162.4090000000,162.3930000000,162.3990000000,130,11,0
1784240400,162.3980000000,162.4180000000,162.3960000000,162.4180000000,147,10,0
1784240700,162.4180000000,162.4280000000,162.4120000000,162.4180000000,145,10,0
1784241000,162.4180000000,162.4220000000,162.3960000000,162.4110000000,210,10,0
1784241300,162.4100000000,162.4140000000,162.4000000000,162.4040000000,239,11,0
1784241600,162.4020000000,162.4120000000,162.4000000000,162.4070000000,95,10,0
1784241900,162.4080000000,162.4090000000,162.3860000000,162.3860000000,121,10,0
1784242200,162.3860000000,162.3900000000,162.3830000000,162.3850000000,105,10,0
1784242500,162.3850000000,162.4010000000,162.3810000000,162.4000000000,210,10,0
1784242800,162.3980000000,162.4010000000,162.3750000000,162.3760000000,168,10,0
1784243100,162.3770000000,162.3910000000,162.3730000000,162.3770000000,101,10,0
1784243400,162.3790000000,162.3890000000,162.3770000000,162.3890000000,46,11,0
1784243700,162.3880000000,162.3890000000,162.3760000000,162.3790000000,49,10,0
1784244000,162.3780000000,162.3910000000,162.3760000000,162.3870000000,40,10,0
1784244300,162.3870000000,162.3940000000,162.3660000000,162.3760000000,93,10,0
1784244600,162.3750000000,162.3850000000,162.3490000000,162.3640000000,122,10,0
1784244900,162.3630000000,162.3630000000,162.3530000000,162.3600000000,69,11,0
1784245200,162.3600000000,162.3650000000,162.3590000000,162.3640000000,41,13,0
1784245500,162.3610000000,162.3740000000,162.3600000000,162.3680000000,87,11,0
1784245800,162.3680000000,162.3680000000,162.3550000000,162.3600000000,104,13,0
1784246100,162.3590000000,162.3780000000,162.2880000000,162.3760000000,193,12,0
1784246400,162.3770000000,162.3880000000,162.3560000000,162.3870000000,12,35,0
1784246700,162.3820000000,162.3830000000,162.3720000000,162.3820000000,13,45,0
1784247000,162.3790000000,162.3820000000,162.3150000000,162.3610000000,35,62,0
1784247300,162.3570000000,162.3620000000,162.3500000000,162.3520000000,26,60,0
1784247600,162.3530000000,162.3610000000,162.3490000000,162.3570000000,21,60,0
1784247900,162.3580000000,162.3610000000,162.3440000000,162.3500000000,23,61,0
1784248200,162.3440000000,162.3440000000,162.3410000000,162.3420000000,9,79,0
1784248500,162.3470000000,162.3570000000,162.3430000000,162.3570000000,30,50,0
1784248800,162.3510000000,162.3810000000,162.3440000000,162.3520000000,44,44,0
1784249100,162.3510000000,162.3570000000,162.3410000000,162.3480000000,80,58,0
1784249400,162.3450000000,162.3510000000,162.3400000000,162.3450000000,49,66,0
1784249700,162.3440000000,162.3470000000,162.3440000000,162.3470000000,11,70,0
1784250000,162.3470000000,162.3540000000,162.3070000000,162.3080000000,52,19,0
1784250300,162.3080000000,162.3350000000,162.3080000000,162.3340000000,14,16,0
1784250600,162.3340000000,162.3340000000,162.3190000000,162.3330000000,38,16,0
1784250900,162.3330000000,162.3340000000,162.3280000000,162.3290000000,23,16,0
1784251200,162.3290000000,162.3520000000,162.3280000000,162.3500000000,39,16,0
1784251500,162.3500000000,162.3510000000,162.3470000000,162.3480000000,12,16,0
1784251800,162.3480000000,162.3510000000,162.3360000000,162.3480000000,29,10,0
1784252100,162.3480000000,162.3500000000,162.3470000000,162.3490000000,12,16,0
1784252400,162.3490000000,162.3610000000,162.3490000000,162.3610000000,47,16,0
1784252700,162.3610000000,162.3670000000,162.3610000000,162.3630000000,37,15,0
1784253000,162.3630000000,162.3640000000,162.3560000000,162.3620000000,29,13,0
1784253300,162.3620000000,162.3650000000,162.3490000000,162.3500000000,83,14,0
1784253600,162.3490000000,162.3530000000,162.3390000000,162.3520000000,83,12,0
1784253900,162.3540000000,162.3650000000,162.3530000000,162.3610000000,46,11,0
1784254200,162.3590000000,162.3650000000,162.3480000000,162.3490000000,124,10,0
1784254500,162.3480000000,162.3500000000,162.3450000000,162.3500000000,34,13,0
1784254800,162.3520000000,162.3520000000,162.3480000000,162.3490000000,55,13,0
1784255100,162.3490000000,162.3490000000,162.3250000000,162.3350000000,91,11,0
1784255400,162.3360000000,162.3360000000,162.3260000000,162.3280000000,133,11,0
1784255700,162.3290000000,162.3290000000,162.3140000000,162.3180000000,82,10,0
1784256000,162.3190000000,162.3360000000,162.3190000000,162.3360000000,43,12,0
1784256300,162.3360000000,162.3390000000,162.3240000000,162.3310000000,86,13,0
1784256600,162.3330000000,162.3520000000,162.3320000000,162.3520000000,98,13,0
1784256900,162.3520000000,162.3880000000,162.3500000000,162.3760000000,191,12,0
1784257200,162.3770000000,162.3900000000,162.3640000000,162.3900000000,316,10,0
1784257500,162.3890000000,162.4110000000,162.3790000000,162.4090000000,165,10,0
1784257800,162.4100000000,162.4190000000,162.3870000000,162.3870000000,215,10,0
1784258100,162.3880000000,162.4110000000,162.3690000000,162.4100000000,325,10,0
1784258400,162.4110000000,162.4240000000,162.4000000000,162.4160000000,181,10,0
1784258700,162.4170000000,162.4170000000,162.3790000000,162.3990000000,295,10,0
1784259000,162.3990000000,162.4150000000,162.3900000000,162.4030000000,326,10,0
1784259300,162.4030000000,162.4030000000,162.3540000000,162.3870000000,345,10,0
1784259600,162.3870000000,162.4020000000,162.3730000000,162.3840000000,247,11,0
1784259900,162.3830000000,162.4040000000,162.3710000000,162.3720000000,328,10,0
1784260200,162.3730000000,162.4490000000,162.3540000000,162.4140000000,714,10,0
1784260500,162.4130000000,162.4270000000,162.3920000000,162.4150000000,316,10,0
1784260800,162.4160000000,162.4310000000,162.4080000000,162.4290000000,331,10,0
1784261100,162.4290000000,162.4450000000,162.4110000000,162.4370000000,241,10,0
1784261400,162.4400000000,162.4610000000,162.4370000000,162.4380000000,194,10,0
1784261700,162.4380000000,162.4400000000,162.4190000000,162.4260000000,193,11,0
1784262000,162.4260000000,162.4380000000,162.4210000000,162.4260000000,231,10,0
1784262300,162.4250000000,162.4390000000,162.4090000000,162.4360000000,255,10,0
1784262600,162.4360000000,162.4360000000,162.4200000000,162.4340000000,214,10,0
1784262900,162.4330000000,162.4520000000,162.4330000000,162.4490000000,306,10,0
1784263200,162.4500000000,162.4600000000,162.4340000000,162.4390000000,251,10,0
1784263500,162.4380000000,162.4540000000,162.4360000000,162.4490000000,214,11,0
1784263800,162.4480000000,162.4670000000,162.4390000000,162.4620000000,293,10,0
1784264100,162.4620000000,162.4680000000,162.4570000000,162.4610000000,175,12,0
1784264400,162.4620000000,162.4620000000,162.4310000000,162.4400000000,282,11,0
1784264700,162.4410000000,162.4480000000,162.4150000000,162.4190000000,219,10,0
1784265000,162.4190000000,162.4410000000,162.4150000000,162.4260000000,115,11,0
1784265300,162.4270000000,162.4360000000,162.4250000000,162.4270000000,150,10,0
1784265600,162.4250000000,162.4260000000,162.4070000000,162.4120000000,187,10,0
1784265900,162.4130000000,162.4270000000,162.4120000000,162.4270000000,174,11,0
1784266200,162.4230000000,162.4340000000,162.4200000000,162.4230000000,143,10,0
1784266500,162.4220000000,162.4280000000,162.4110000000,162.4200000000,130,10,0
1784266800,162.4200000000,162.4210000000,162.3960000000,162.4060000000,176,11,0
1784267100,162.4070000000,162.4140000000,162.3670000000,162.3720000000,191,10,0
1784267400,162.3720000000,162.3820000000,162.3640000000,162.3690000000,180,10,0
1784267700,162.3700000000,162.3700000000,162.3330000000,162.3640000000,268,10,0
1784268000,162.3660000000,162.3800000000,162.3530000000,162.3670000000,186,10,0
1784268300,162.3660000000,162.3700000000,162.3560000000,162.3600000000,185,10,0
1784268600,162.3600000000,162.3710000000,162.3600000000,162.3670000000,99,11,0
1784268900,162.3660000000,162.3710000000,162.3520000000,162.3710000000,177,11,0
1784269200,162.3710000000,162.3750000000,162.3680000000,162.3720000000,79,12,0
1784269500,162.3730000000,162.3860000000,162.3720000000,162.3780000000,186,11,0
1784269800,162.3770000000,162.3870000000,162.3720000000,162.3780000000,115,10,0
1784270100,162.3780000000,162.3860000000,162.3740000000,162.3840000000,158,11,0
1784270400,162.3840000000,162.3910000000,162.3730000000,162.3900000000,176,10,0
1784270700,162.3890000000,162.4060000000,162.3870000000,162.4030000000,152,10,0
1784271000,162.4030000000,162.4030000000,162.3890000000,162.3990000000,150,10,0
1784271300,162.3990000000,162.4020000000,162.3820000000,162.3880000000,133,11,0
1784271600,162.3890000000,162.3920000000,162.3650000000,162.3790000000,137,11,0
1784271900,162.3860000000,162.4050000000,162.3860000000,162.4020000000,85,10,0
1784272200,162.4030000000,162.4110000000,162.3970000000,162.4040000000,78,11,0
1784272500,162.4030000000,162.4190000000,162.4010000000,162.4150000000,100,10,0
1784272800,162.4140000000,162.4180000000,162.4040000000,162.4130000000,69,10,0
1784273100,162.4140000000,162.4200000000,162.4130000000,162.4180000000,109,10,0
1784273400,162.4180000000,162.4200000000,162.4110000000,162.4200000000,70,10,0
1784273700,162.4190000000,162.4260000000,162.4080000000,162.4130000000,110,10,0
1784274000,162.4140000000,162.4190000000,162.4060000000,162.4080000000,261,11,0
1784274300,162.4090000000,162.4120000000,162.3950000000,162.4080000000,185,11,0
1784274600,162.4080000000,162.4140000000,162.3960000000,162.4080000000,256,10,0
1784274900,162.4070000000,162.4130000000,162.4040000000,162.4120000000,108,12,0
1784275200,162.4110000000,162.4150000000,162.4050000000,162.4060000000,108,12,0
1784275500,162.4060000000,162.4130000000,162.4010000000,162.4090000000,132,12,0
1784275800,162.4100000000,162.4380000000,162.4090000000,162.4270000000,134,11,0
1784276100,162.4280000000,162.4380000000,162.4210000000,162.4260000000,144,11,0
1784276400,162.4250000000,162.4340000000,162.4240000000,162.4270000000,125,11,0
1784276700,162.4280000000,162.4370000000,162.4090000000,162.4110000000,138,11,0
1784277000,162.4120000000,162.4120000000,162.3950000000,162.4120000000,209,11,0
1784277300,162.4120000000,162.4130000000,162.3680000000,162.3700000000,274,11,0
1784277600,162.3710000000,162.3850000000,162.3540000000,162.3770000000,321,10,0
1784277900,162.3770000000,162.3910000000,162.3680000000,162.3700000000,242,10,0
1784278200,162.3710000000,162.3850000000,162.3680000000,162.3840000000,252,10,0
1784278500,162.3850000000,162.4050000000,162.3850000000,162.3940000000,387,10,0
1784278800,162.3950000000,162.3990000000,162.3830000000,162.3840000000,437,10,0
1784279100,162.3840000000,162.4170000000,162.3780000000,162.4100000000,348,10,0
1784279400,162.4110000000,162.4140000000,162.3890000000,162.3930000000,368,10,0
1784279700,162.3950000000,162.3960000000,162.3480000000,162.3550000000,432,10,0
1784280000,162.3550000000,162.3630000000,162.3290000000,162.3300000000,421,11,0
1784280300,162.3310000000,162.3590000000,162.3290000000,162.3420000000,357,10,0
1784280600,162.3420000000,162.3690000000,162.3270000000,162.3690000000,352,10,0
1784280900,162.3690000000,162.3870000000,162.3620000000,162.3780000000,313,10,0
1784281200,162.3790000000,162.3930000000,162.3740000000,162.3770000000,250,10,0
1784281500,162.3760000000,162.3880000000,162.3540000000,162.3740000000,298,10,0
1784281800,162.3730000000,162.3760000000,162.3430000000,162.3490000000,228,10,0
1784282100,162.3480000000,162.3550000000,162.1140000000,162.2560000000,1130,10,0
1784282400,162.2560000000,162.2590000000,162.1760000000,162.2040000000,872,10,0
1784282700,162.2050000000,162.2190000000,162.1680000000,162.2060000000,582,10,0
1784283000,162.2050000000,162.2230000000,162.1490000000,162.1700000000,542,10,0
1784283300,162.1690000000,162.1920000000,162.1530000000,162.1780000000,453,10,0
1784283600,162.1770000000,162.2100000000,162.1770000000,162.2050000000,327,10,0
1784283900,162.2060000000,162.2340000000,162.2040000000,162.2160000000,322,10,0
1784284200,162.2170000000,162.2430000000,162.1920000000,162.2200000000,331,10,0
1784284500,162.2210000000,162.2440000000,162.2110000000,162.2200000000,281,10,0
1784284800,162.2210000000,162.2540000000,162.2190000000,162.2330000000,256,10,0
1784285100,162.2340000000,162.2430000000,162.2170000000,162.2310000000,218,11,0
1784285400,162.2320000000,162.2490000000,162.2050000000,162.2470000000,295,10,0
1784285700,162.2480000000,162.2860000000,162.2410000000,162.2850000000,462,10,0
1784286000,162.2810000000,162.2920000000,162.2660000000,162.2750000000,356,10,0
1784286300,162.2750000000,162.3100000000,162.2550000000,162.3080000000,350,10,0
1784286600,162.3090000000,162.3770000000,162.3090000000,162.3660000000,498,10,0
1784286900,162.3650000000,162.3750000000,162.3500000000,162.3500000000,473,10,0
1784287200,162.3570000000,162.3780000000,162.3300000000,162.3780000000,444,10,0
1784287500,162.3830000000,162.4170000000,162.3830000000,162.4080000000,677,10,0
1784287800,162.4070000000,162.4120000000,162.3590000000,162.3700000000,481,10,0
1784288100,162.3710000000,162.3740000000,162.3440000000,162.3570000000,370,10,0
1784288400,162.3570000000,162.3720000000,162.3500000000,162.3600000000,307,10,0
1784288700,162.3590000000,162.3870000000,162.3590000000,162.3850000000,335,10,0
1784289000,162.3850000000,162.3960000000,162.3800000000,162.3880000000,312,10,0
1784289300,162.3860000000,162.3880000000,162.3620000000,162.3840000000,225,10,0
1784289600,162.3850000000,162.4200000000,162.3850000000,162.4060000000,326,10,0
1784289900,162.4060000000,162.4100000000,162.3960000000,162.4070000000,284,10,0
1784290200,162.4080000000,162.4440000000,162.4010000000,162.4320000000,325,10,0
1784290500,162.4320000000,162.4450000000,162.4210000000,162.4320000000,364,10,0
1784290800,162.4330000000,162.4460000000,162.4230000000,162.4250000000,322,10,0
1784291100,162.4250000000,162.4280000000,162.4130000000,162.4220000000,241,10,0
1784291400,162.4230000000,162.4450000000,162.4210000000,162.4360000000,216,10,0
1784291700,162.4370000000,162.4380000000,162.4230000000,162.4320000000,310,10,0
1784292000,162.4310000000,162.4340000000,162.4190000000,162.4200000000,157,10,0
1784292300,162.4200000000,162.4200000000,162.4020000000,162.4100000000,201,10,0
1784292600,162.4110000000,162.4170000000,162.3870000000,162.3890000000,216,10,0
1784292900,162.3880000000,162.3930000000,162.3520000000,162.3550000000,329,10,0
1784293200,162.3560000000,162.3710000000,162.3510000000,162.3640000000,273,10,0
1784293500,162.3640000000,162.3820000000,162.3540000000,162.3800000000,188,10,0
1784293800,162.3810000000,162.3910000000,162.3600000000,162.3650000000,174,10,0
1784294100,162.3650000000,162.3860000000,162.3610000000,162.3860000000,208,10,0
1784294400,162.3860000000,162.4010000000,162.3790000000,162.3980000000,224,10,0
1784294700,162.3980000000,162.4140000000,162.3980000000,162.4080000000,118,10,0
1784295000,162.4080000000,162.4110000000,162.3890000000,162.3910000000,182,10,0
1784295300,162.3920000000,162.3970000000,162.3840000000,162.3860000000,200,10,0
1784295600,162.3870000000,162.3940000000,162.3860000000,162.3890000000,137,11,0
1784295900,162.3890000000,162.3940000000,162.3830000000,162.3850000000,108,11,0
1784296200,162.3840000000,162.4030000000,162.3820000000,162.3830000000,193,10,0
1784296500,162.3840000000,162.3840000000,162.3520000000,162.3540000000,460,10,0
1784296800,162.3540000000,162.3540000000,162.3000000000,162.3430000000,343,10,0
1784297100,162.3430000000,162.3680000000,162.3400000000,162.3440000000,172,10,0
1784297400,162.3440000000,162.3560000000,162.3350000000,162.3460000000,160,10,0
1784297700,162.3470000000,162.3580000000,162.3410000000,162.3440000000,126,10,0
1784298000,162.3450000000,162.3580000000,162.3340000000,162.3360000000,187,10,0
1784298300,162.3360000000,162.3480000000,162.3200000000,162.3310000000,197,10,0
1784298600,162.3300000000,162.3420000000,162.3150000000,162.3370000000,154,11,0
1784298900,162.3370000000,162.3390000000,162.3060000000,162.3140000000,146,10,0
1784299200,162.3130000000,162.3200000000,162.3020000000,162.3080000000,232,10,0
1784299500,162.3080000000,162.3260000000,162.2980000000,162.3200000000,166,11,0
1784299800,162.3200000000,162.3340000000,162.3180000000,162.3340000000,159,10,0
1784300100,162.3370000000,162.3620000000,162.3310000000,162.3560000000,274,10,0
1784300400,162.3570000000,162.3580000000,162.3310000000,162.3510000000,474,10,0
1784300700,162.3500000000,162.3600000000,162.3460000000,162.3470000000,321,10,0
1784301000,162.3460000000,162.3640000000,162.3440000000,162.3590000000,263,10,0
1784301300,162.3580000000,162.3630000000,162.3470000000,162.3520000000,286,10,0
1784301600,162.3530000000,162.3590000000,162.3330000000,162.3430000000,367,10,0
1784301900,162.3410000000,162.3490000000,162.2970000000,162.3210000000,226,10,0
1784302200,162.3190000000,162.3680000000,162.3120000000,162.3630000000,240,10,0
1784302500,162.3620000000,162.3700000000,162.3510000000,162.3690000000,350,10,0
1784302800,162.3700000000,162.3860000000,162.3680000000,162.3820000000,322,11,0
1784303100,162.3820000000,162.4000000000,162.3800000000,162.3970000000,331,10,0
1784303400,162.3970000000,162.4140000000,162.3940000000,162.4070000000,431,10,0
1784303700,162.4070000000,162.4120000000,162.3860000000,162.4040000000,424,10,0
1784304000,162.4050000000,162.4330000000,162.3960000000,162.4000000000,592,10,0
1784304300,162.3990000000,162.4140000000,162.3940000000,162.4100000000,342,11,0
1784304600,162.4110000000,162.4140000000,162.3930000000,162.4130000000,203,10,0
1784304900,162.4120000000,162.4260000000,162.3950000000,162.4160000000,325,10,0
1784305200,162.4150000000,162.4390000000,162.4060000000,162.4270000000,332,10,0
1784305500,162.4260000000,162.4290000000,162.4010000000,162.4110000000,370,10,0
1784305800,162.4120000000,162.4390000000,162.3770000000,162.3920000000,478,10,0
1784306100,162.3910000000,162.3920000000,162.3180000000,162.3380000000,618,10,0
1784306400,162.3380000000,162.3650000000,162.3340000000,162.3510000000,466,10,0
1784306700,162.3520000000,162.3870000000,162.3450000000,162.3750000000,467,10,0
1784307000,162.3740000000,162.3990000000,162.3720000000,162.3870000000,431,10,0
1784307300,162.3840000000,162.3920000000,162.3360000000,162.3520000000,446,10,0
1784307600,162.3500000000,162.3750000000,162.3390000000,162.3610000000,450,10,0
1784307900,162.3610000000,162.3640000000,162.3350000000,162.3360000000,439,10,0
1784308200,162.3350000000,162.3530000000,162.3220000000,162.3490000000,439,10,0
1784308500,162.3490000000,162.3660000000,162.3320000000,162.3530000000,487,10,0
1784308800,162.3550000000,162.3800000000,162.3440000000,162.3790000000,353,10,0
1784309100,162.3790000000,162.3990000000,162.3740000000,162.3920000000,409,10,0
1784309400,162.3920000000,162.3990000000,162.3730000000,162.3820000000,291,10,0
1784309700,162.3810000000,162.3870000000,162.3620000000,162.3630000000,218,10,0
1784310000,162.3630000000,162.3800000000,162.3600000000,162.3720000000,242,10,0
1784310300,162.3720000000,162.3770000000,162.3580000000,162.3730000000,358,10,0
1784310600,162.3710000000,162.3960000000,162.3700000000,162.3940000000,333,10,0
1784310900,162.3950000000,162.4070000000,162.3860000000,162.4040000000,565,10,0
1784311200,162.4030000000,162.4190000000,162.3900000000,162.3920000000,441,10,0
1784311500,162.3920000000,162.3940000000,162.3710000000,162.3790000000,278,10,0
1784311800,162.3780000000,162.3880000000,162.3500000000,162.3840000000,300,10,0
1784312100,162.3790000000,162.3830000000,162.3610000000,162.3640000000,292,10,0
1784312400,162.3650000000,162.3660000000,162.3420000000,162.3600000000,262,10,0
1784312700,162.3590000000,162.3640000000,162.3450000000,162.3570000000,155,11,0
1784313000,162.3570000000,162.3880000000,162.3490000000,162.3740000000,380,10,0
1784313300,162.3750000000,162.3990000000,162.3740000000,162.3970000000,252,10,0
1784313600,162.3980000000,162.4160000000,162.3950000000,162.4100000000,190,10,0
1784313900,162.4100000000,162.4220000000,162.3950000000,162.4130000000,197,10,0
1784314200,162.4140000000,162.4220000000,162.4060000000,162.4220000000,204,10,0
1784314500,162.4210000000,162.4370000000,162.4170000000,162.4300000000,331,10,0
1784314800,162.4280000000,162.4900000000,162.4270000000,162.4790000000,606,10,0
1784315100,162.4800000000,162.4880000000,162.4480000000,162.4540000000,376,10,0
1784315400,162.4530000000,162.4660000000,162.4530000000,162.4660000000,284,10,0
1784315700,162.4650000000,162.4890000000,162.4620000000,162.4880000000,335,10,0
1784316000,162.4890000000,162.4900000000,162.4760000000,162.4790000000,264,10,0
1784316300,162.4790000000,162.4830000000,162.4610000000,162.4640000000,255,10,0
1784316600,162.4650000000,162.4880000000,162.4610000000,162.4830000000,214,10,0
1784316900,162.4840000000,162.4950000000,162.4770000000,162.4780000000,254,10,0
1784317200,162.4770000000,162.4890000000,162.4720000000,162.4880000000,214,10,0
1784317500,162.4840000000,162.5150000000,162.4840000000,162.4920000000,244,10,0
1784317800,162.4920000000,162.4950000000,162.4740000000,162.4740000000,124,10,0
1784318100,162.4730000000,162.4780000000,162.4230000000,162.4230000000,133,10,0
1784318400,162.4240000000,162.4420000000,162.3960000000,162.4150000000,353,10,0
1784318700,162.4130000000,162.4310000000,162.4100000000,162.4300000000,248,11,0
1784319000,162.4300000000,162.4550000000,162.4260000000,162.4530000000,261,10,0
1784319300,162.4550000000,162.4700000000,162.4520000000,162.4700000000,250,10,0
1784319600,162.4700000000,162.4710000000,162.4550000000,162.4570000000,181,11,0
1784319900,162.4560000000,162.4590000000,162.4440000000,162.4510000000,226,10,0
1784320200,162.4520000000,162.4570000000,162.4450000000,162.4450000000,112,10,0
1784320500,162.4450000000,162.4580000000,162.4440000000,162.4550000000,171,10,0
1784320800,162.4550000000,162.4630000000,162.4500000000,162.4580000000,202,11,0
1784321100,162.4580000000,162.4670000000,162.4440000000,162.4650000000,191,10,0
1784321400,162.4640000000,162.4680000000,162.4550000000,162.4560000000,71,11,0
1784321700,162.4560000000,162.4600000000,162.4380000000,162.4410000000,175,10,0
1784322000,162.4400000000,162.4550000000,162.4400000000,162.4490000000,117,10,0
1784322300,162.4500000000,162.4520000000,162.4230000000,162.4250000000,205,10,0
1784322600,162.4240000000,162.4400000000,162.4100000000,162.4290000000,252,10,0
1784322900,162.4300000000,162.4550000000,162.4290000000,162.4410000000,250,10,0
1784323200,162.4420000000,162.4530000000,162.4290000000,162.4430000000,280,10,0
1784323500,162.4430000000,162.4450000000,162.4240000000,162.4250000000,203,10,0
1784323800,162.4250000000,162.4430000000,162.4250000000,162.4350000000,185,10,0
1784324100,162.4350000000,162.4390000000,162.4280000000,162.4320000000,247,11,0
1784324400,162.4330000000,162.4400000000,162.4300000000,162.4400000000,144,11,0
1784324700,162.4410000000,162.4430000000,162.4280000000,162.4340000000,198,11,0
1784325000,162.4360000000,162.4370000000,162.4240000000,162.4240000000,131,10,0
1784325300,162.4240000000,162.4400000000,162.4230000000,162.4390000000,190,10,0
1784325600,162.4400000000,162.4420000000,162.4100000000,162.4370000000,292,10,0
1784325900,162.4370000000,162.4390000000,162.4260000000,162.4370000000,124,10,0
1784326200,162.4370000000,162.4450000000,162.4370000000,162.4430000000,131,10,0
1784326500,162.4430000000,162.4600000000,162.4420000000,162.4550000000,200,10,0
1784326800,162.4530000000,162.4600000000,162.4490000000,162.4600000000,177,10,0
1784327100,162.4600000000,162.4690000000,162.4510000000,162.4540000000,281,11,0
1784327400,162.4540000000,162.4550000000,162.4380000000,162.4450000000,205,11,0
1784327700,162.4480000000,162.4650000000,162.4480000000,162.4640000000,158,11,0
1784328000,162.4640000000,162.4660000000,162.4430000000,162.4510000000,162,10,0
1784328300,162.4500000000,162.4640000000,162.4490000000,162.4540000000,153,10,0
1784328600,162.4530000000,162.4600000000,162.4280000000,162.4400000000,219,11,0
1784328900,162.4420000000,162.4500000000,162.3780000000,162.3800000000,470,10,0
1784329200,162.3790000000,162.3910000000,162.3600000000,162.3770000000,299,10,0
1784329500,162.3770000000,162.4050000000,162.3670000000,162.3980000000,121,10,0
1784329800,162.3980000000,162.4030000000,162.3890000000,162.4030000000,59,12,0
1784330100,162.4030000000,162.4210000000,162.3970000000,162.4200000000,56,12,0
1784330400,162.4200000000,162.4310000000,162.4140000000,162.4270000000,71,12,0
1784330700,162.4280000000,162.4390000000,162.4220000000,162.4220000000,78,12,0
1784331000,162.4220000000,162.4270000000,162.4130000000,162.4190000000,90,10,0
1784331300,162.4190000000,162.4280000000,162.4160000000,162.4170000000,61,10,0
1784331600,162.4160000000,162.4210000000,162.4120000000,162.4150000000,107,11,0
1784331900,162.4150000000,162.4210000000,162.3860000000,162.3930000000,174,10,0
1784332200,162.3950000000,162.4050000000,162.3770000000,162.3950000000,413,10,0
1784332500,162.3900000000,162.4100000000,162.3900000000,162.3960000000,108,16,0
1784505600,162.4030000000,162.4100000000,162.4030000000,162.4100000000,8,86,0
1784505900,162.3950000000,162.4090000000,162.3950000000,162.4080000000,9,92,0
1784506200,162.4090000000,162.4090000000,162.4010000000,162.4030000000,10,87,0
1784506500,162.4040000000,162.4070000000,162.3960000000,162.4070000000,6,83,0
1784506800,162.4050000000,162.4080000000,162.4030000000,162.4030000000,6,76,0
1784507100,162.4030000000,162.4090000000,162.4030000000,162.4080000000,7,71,0
1784507400,162.4070000000,162.4110000000,162.2960000000,162.3080000000,31,67,0
1784507700,162.3080000000,162.3100000000,162.3070000000,162.3090000000,10,182,0
1784508000,162.3080000000,162.3970000000,162.3030000000,162.3950000000,12,79,0
1784508300,162.4030000000,162.4100000000,162.3190000000,162.3970000000,46,54,0
1784508600,162.3980000000,162.3990000000,162.3980000000,162.3990000000,5,67,0
1784508900,162.4000000000,162.4040000000,162.3350000000,162.3350000000,14,64,0
1784509200,162.3520000000,162.5770000000,162.3390000000,162.5220000000,292,10,0
1784509500,162.5220000000,162.5220000000,162.4960000000,162.5040000000,108,10,0
1784509800,162.5040000000,162.5170000000,162.4950000000,162.4960000000,305,10,0
1784510100,162.4960000000,162.5220000000,162.4560000000,162.4960000000,175,10,0
1784510400,162.4960000000,162.5230000000,162.4820000000,162.5100000000,240,11,0
1784510700,162.5090000000,162.5350000000,162.5080000000,162.5110000000,155,10,0
1784511000,162.5130000000,162.5200000000,162.4860000000,162.4990000000,166,14,0
1784511300,162.4990000000,162.5090000000,162.4980000000,162.5010000000,53,14,0
1784511600,162.5020000000,162.5120000000,162.4990000000,162.5110000000,81,16,0
1784511900,162.5120000000,162.5230000000,162.4980000000,162.5090000000,41,15,0
1784512200,162.5090000000,162.5110000000,162.4980000000,162.5070000000,71,14,0
1784512500,162.5070000000,162.5120000000,162.4990000000,162.5000000000,101,14,0
1784512800,162.5010000000,162.5160000000,162.4740000000,162.5140000000,196,14,0
1784513100,162.5150000000,162.5190000000,162.5100000000,162.5150000000,91,13,0
1784513400,162.5130000000,162.5280000000,162.5130000000,162.5270000000,128,14,0
1784513700,162.5260000000,162.5270000000,162.4970000000,162.5170000000,145,11,0
1784514000,162.5160000000,162.5280000000,162.5150000000,162.5240000000,77,12,0
1784514300,162.5250000000,162.5310000000,162.5150000000,162.5270000000,97,10,0
1784514600,162.5270000000,162.5300000000,162.5270000000,162.5280000000,41,11,0
1784514900,162.5280000000,162.5400000000,162.5250000000,162.5340000000,89,13,0
1784515200,162.5350000000,162.5350000000,162.5130000000,162.5140000000,123,13,0
1784515500,162.5150000000,162.5260000000,162.4980000000,162.5110000000,225,12,0
1784515800,162.5100000000,162.5390000000,162.5040000000,162.5300000000,362,12,0
1784516100,162.5300000000,162.5390000000,162.5130000000,162.5130000000,214,12,0
1784516400,162.5130000000,162.5320000000,162.5020000000,162.5060000000,226,11,0
1784516700,162.5060000000,162.5190000000,162.4980000000,162.5000000000,178,11,0
1784517000,162.4990000000,162.5120000000,162.4910000000,162.4930000000,203,10,0
1784517300,162.4930000000,162.4930000000,162.4750000000,162.4790000000,269,11,0
1784517600,162.4780000000,162.4820000000,162.4540000000,162.4580000000,215,11,0
1784517900,162.4580000000,162.4700000000,162.4510000000,162.4540000000,162,10,0
1784518200,162.4550000000,162.4570000000,162.4320000000,162.4430000000,286,10,0
1784518500,162.4440000000,162.4580000000,162.4410000000,162.4410000000,146,10,0
1784518800,162.4420000000,162.4420000000,162.4010000000,162.4190000000,189,10,0
1784519100,162.4180000000,162.4180000000,162.4010000000,162.4070000000,112,10,0
1784519400,162.4070000000,162.4080000000,162.3220000000,162.3410000000,378,10,0
1784519700,162.3400000000,162.3540000000,162.3220000000,162.3340000000,447,10,0
1784520000,162.3330000000,162.3330000000,162.3000000000,162.3220000000,366,10,0
1784520300,162.3230000000,162.3450000000,162.3170000000,162.3200000000,255,10,0
1784520600,162.3200000000,162.3460000000,162.3190000000,162.3440000000,277,10,0
1784520900,162.3430000000,162.3700000000,162.3390000000,162.3690000000,334,10,0
1784521200,162.3680000000,162.4060000000,162.3660000000,162.3680000000,316,10,0
1784521500,162.3670000000,162.3930000000,162.3650000000,162.3760000000,311,10,0
1784521800,162.3750000000,162.3770000000,162.3380000000,162.3510000000,271,10,0
1784522100,162.3520000000,162.3710000000,162.3520000000,162.3680000000,92,10,0
1784522400,162.3690000000,162.3810000000,162.3390000000,162.3450000000,289,10,0
1784522700,162.3460000000,162.3790000000,162.3410000000,162.3770000000,157,11,0
1784523000,162.3770000000,162.3800000000,162.3510000000,162.3680000000,166,11,0
1784523300,162.3680000000,162.3700000000,162.3500000000,162.3540000000,103,10,0
1784523600,162.3550000000,162.3670000000,162.3360000000,162.3580000000,188,11,0
1784523900,162.3570000000,162.3580000000,162.3300000000,162.3390000000,199,10,0
1784524200,162.3380000000,162.3520000000,162.3260000000,162.3440000000,202,10,0
1784524500,162.3450000000,162.3520000000,162.3350000000,162.3410000000,127,11,0
1784524800,162.3400000000,162.3510000000,162.3380000000,162.3390000000,114,10,0
1784525100,162.3380000000,162.3430000000,162.3290000000,162.3350000000,153,11,0
1784525400,162.3350000000,162.3430000000,162.3290000000,162.3420000000,81,10,0
1784525700,162.3420000000,162.3540000000,162.3380000000,162.3490000000,127,10,0
1784526000,162.3490000000,162.3560000000,162.3330000000,162.3540000000,123,10,0
1784526300,162.3540000000,162.3540000000,162.3390000000,162.3470000000,88,10,0
1784526600,162.3470000000,162.3540000000,162.3370000000,162.3500000000,128,10,0
1784526900,162.3510000000,162.3660000000,162.3500000000,162.3640000000,137,11,0
1784527200,162.3630000000,162.3700000000,162.3590000000,162.3600000000,105,11,0
1784527500,162.3590000000,162.3630000000,162.3490000000,162.3510000000,82,10,0
1784527800,162.3510000000,162.3610000000,162.3470000000,162.3590000000,60,11,0
1784528100,162.3590000000,162.3750000000,162.3540000000,162.3660000000,109,10,0
1784528400,162.3660000000,162.3730000000,162.3580000000,162.3640000000,75,10,0
1784528700,162.3650000000,162.3740000000,162.3610000000,162.3640000000,66,10,0
1784529000,162.3640000000,162.3660000000,162.3610000000,162.3640000000,85,11,0
1784529300,162.3640000000,162.3670000000,162.3610000000,162.3630000000,47,12,0
1784529600,162.3630000000,162.3640000000,162.3490000000,162.3520000000,87,11,0
1784529900,162.3520000000,162.3620000000,162.3480000000,162.3600000000,101,10,0
1784530200,162.3610000000,162.3620000000,162.3570000000,162.3610000000,24,12,0
1784530500,162.3610000000,162.3670000000,162.3610000000,162.3650000000,97,11,0
1784530800,162.3650000000,162.3770000000,162.3600000000,162.3750000000,78,10,0
1784531100,162.3740000000,162.3790000000,162.3630000000,162.3780000000,59,10,0
1784531400,162.3780000000,162.3790000000,162.3660000000,162.3700000000,56,11,0
1784531700,162.3700000000,162.3740000000,162.3610000000,162.3740000000,56,10,0
1784532000,162.3730000000,162.3750000000,162.3480000000,162.3600000000,75,10,0
1784532300,162.3600000000,162.3670000000,162.3440000000,162.3640000000,85,10,0
1784532600,162.3640000000,162.3640000000,162.3580000000,162.3590000000,60,11,0
1784532900,162.3600000000,162.3640000000,162.3380000000,162.3500000000,146,10,0
1784533200,162.3500000000,162.3510000000,162.3490000000,162.3500000000,20,11,0
1784533500,162.3490000000,162.3510000000,162.3250000000,162.3320000000,105,10,0
1784533800,162.3320000000,162.3420000000,162.3260000000,162.3320000000,128,12,0
1784534100,162.3320000000,162.3370000000,162.3300000000,162.3340000000,55,10,0
1784534400,162.3340000000,162.3370000000,162.3220000000,162.3270000000,97,10,0
1784534700,162.3290000000,162.3300000000,162.3180000000,162.3300000000,136,10,0
1784535000,162.3300000000,162.3430000000,162.3280000000,162.3410000000,131,11,0
1784535300,162.3410000000,162.3420000000,162.3370000000,162.3380000000,86,12,0
1784535600,162.3380000000,162.3410000000,162.3360000000,162.3410000000,52,12,0
1784535900,162.3410000000,162.3580000000,162.3410000000,162.3530000000,76,11,0
1784536200,162.3530000000,162.3540000000,162.3420000000,162.3450000000,162,11,0
1784536500,162.3450000000,162.3500000000,162.3400000000,162.3430000000,88,11,0
1784536800,162.3430000000,162.3430000000,162.3280000000,162.3410000000,79,12,0
1784537100,162.3410000000,162.3570000000,162.3410000000,162.3560000000,113,10,0
1784537400,162.3560000000,162.3560000000,162.3510000000,162.3540000000,55,12,0
1784537700,162.3540000000,162.3700000000,162.3540000000,162.3680000000,150,11,0
1784538000,162.3680000000,162.3810000000,162.3580000000,162.3700000000,226,10,0
1784538300,162.3700000000,162.3880000000,162.3620000000,162.3860000000,202,10,0
1784538600,162.3870000000,162.4020000000,162.3790000000,162.3960000000,247,10,0
1784538900,162.3960000000,162.3970000000,162.3750000000,162.3830000000,239,10,0
1784539200,162.3840000000,162.3920000000,162.3660000000,162.3800000000,197,11,0
1784539500,162.3800000000,162.3930000000,162.3800000000,162.3860000000,151,10,0
1784539800,162.3870000000,162.3870000000,162.3640000000,162.3640000000,216,10,0
1784540100,162.3650000000,162.3830000000,162.3640000000,162.3770000000,135,11,0
1784540400,162.3780000000,162.3790000000,162.3600000000,162.3650000000,189,10,0
1784540700,162.3640000000,162.3760000000,162.3560000000,162.3710000000,176,10,0
1784541000,162.3710000000,162.3920000000,162.3670000000,162.3910000000,119,11,0
1784541300,162.3920000000,162.4090000000,162.3860000000,162.4050000000,175,10,0
1784541600,162.4040000000,162.4080000000,162.3840000000,162.3910000000,245,11,0
1784541900,162.3920000000,162.4240000000,162.3910000000,162.4220000000,199,10,0
1784542200,162.4220000000,162.4430000000,162.4210000000,162.4290000000,269,10,0
1784542500,162.4280000000,162.4480000000,162.4280000000,162.4350000000,178,10,0
1784542800,162.4350000000,162.4420000000,162.3950000000,162.4120000000,429,10,0
1784543100,162.4120000000,162.4200000000,162.3930000000,162.3930000000,390,10,0
1784543400,162.3940000000,162.3990000000,162.3290000000,162.3370000000,634,10,0
1784543700,162.3350000000,162.3570000000,162.3350000000,162.3430000000,469,10,0
1784544000,162.3420000000,162.3490000000,162.3090000000,162.3140000000,410,10,0
1784544300,162.3140000000,162.3540000000,162.3120000000,162.3520000000,402,11,0
1784544600,162.3520000000,162.3580000000,162.3330000000,162.3570000000,263,10,0
1784544900,162.3570000000,162.3700000000,162.3490000000,162.3580000000,349,10,0
1784545200,162.3580000000,162.3680000000,162.3520000000,162.3660000000,352,10,0
1784545500,162.3670000000,162.3690000000,162.3630000000,162.3640000000,227,10,0
1784545800,162.3630000000,162.3750000000,162.3490000000,162.3500000000,257,10,0
1784546100,162.3490000000,162.3490000000,162.3310000000,162.3380000000,316,10,0
1784546400,162.3390000000,162.3580000000,162.3380000000,162.3530000000,174,10,0
1784546700,162.3530000000,162.3700000000,162.3530000000,162.3690000000,107,10,0
1784547000,162.3690000000,162.3740000000,162.3560000000,162.3660000000,158,10,0
1784547300,162.3660000000,162.3700000000,162.3440000000,162.3450000000,95,10,0
1784547600,162.3450000000,162.3570000000,162.3410000000,162.3570000000,154,11,0
1784547900,162.3570000000,162.3650000000,162.3400000000,162.3400000000,142,10,0
1784548200,162.3410000000,162.3660000000,162.3400000000,162.3610000000,183,10,0
1784548500,162.3610000000,162.3640000000,162.3550000000,162.3630000000,202,12,0
1784548800,162.3640000000,162.3810000000,162.3610000000,162.3790000000,214,10,0
1784549100,162.3800000000,162.3980000000,162.3770000000,162.3880000000,258,11,0
1784549400,162.3890000000,162.3950000000,162.3710000000,162.3750000000,195,11,0
1784549700,162.3740000000,162.3890000000,162.3670000000,162.3890000000,114,11,0
1784550000,162.3900000000,162.3900000000,162.3690000000,162.3740000000,205,11,0
1784550300,162.3750000000,162.4000000000,162.3750000000,162.3990000000,153,11,0
1784550600,162.3990000000,162.4110000000,162.3980000000,162.4110000000,129,10,0
1784550900,162.4080000000,162.4150000000,162.3980000000,162.4090000000,138,10,0
1784551200,162.4090000000,162.4140000000,162.4010000000,162.4070000000,200,11,0
1784551500,162.4070000000,162.4170000000,162.4060000000,162.4130000000,223,10,0
1784551800,162.4140000000,162.4160000000,162.4080000000,162.4160000000,122,12,0
1784552100,162.4150000000,162.4280000000,162.4120000000,162.4120000000,152,10,0
1784552400,162.4120000000,162.4230000000,162.4110000000,162.4200000000,176,10,0
1784552700,162.4210000000,162.4220000000,162.4080000000,162.4120000000,198,11,0
1784553000,162.4090000000,162.4120000000,162.3850000000,162.3970000000,135,12,0
1784553300,162.3980000000,162.4000000000,162.3850000000,162.3920000000,150,11,0
1784553600,162.3930000000,162.3980000000,162.3840000000,162.3870000000,129,11,0
1784553900,162.3880000000,162.3970000000,162.3880000000,162.3970000000,134,12,0
1784554200,162.3980000000,162.4000000000,162.3840000000,162.3890000000,148,11,0
1784554500,162.3880000000,162.3920000000,162.3830000000,162.3860000000,170,10,0
1784554800,162.3870000000,162.4010000000,162.3840000000,162.3970000000,138,10,0
1784555100,162.3970000000,162.3980000000,162.3910000000,162.3970000000,136,11,0
1784555400,162.3960000000,162.3990000000,162.3850000000,162.3880000000,146,10,0
1784555700,162.3880000000,162.4000000000,162.3840000000,162.3980000000,224,11,0
1784556000,162.3980000000,162.4010000000,162.3850000000,162.3900000000,251,10,0
1784556300,162.3910000000,162.4000000000,162.3870000000,162.3990000000,221,10,0
1784556600,162.4000000000,162.4240000000,162.4000000000,162.4110000000,197,10,0
1784556900,162.4110000000,162.4190000000,162.4090000000,162.4100000000,89,10,0
1784557200,162.4110000000,162.4180000000,162.4070000000,162.4110000000,111,11,0
1784557500,162.4110000000,162.4160000000,162.3970000000,162.3990000000,142,10,0
1784557800,162.3990000000,162.4000000000,162.1980000000,162.2990000000,1230,10,0
1784558100,162.2990000000,162.3270000000,162.2870000000,162.3140000000,499,10,0
1784558400,162.3140000000,162.3220000000,162.2980000000,162.3110000000,459,10,0
1784558700,162.3120000000,162.3400000000,162.3120000000,162.3390000000,380,10,0
1784559000,162.3400000000,162.3410000000,162.3350000000,162.3380000000,176,11,0
1784559300,162.3380000000,162.3500000000,162.3350000000,162.3430000000,354,10,0
1784559600,162.3420000000,162.3940000000,162.3400000000,162.3820000000,760,10,0
1784559900,162.3830000000,162.3880000000,162.3630000000,162.3870000000,383,10,0
1784560200,162.3880000000,162.3990000000,162.3830000000,162.3870000000,255,11,0
1784560500,162.3860000000,162.3990000000,162.3820000000,162.3900000000,304,10,0
1784560800,162.3880000000,162.4220000000,162.3860000000,162.4110000000,311,10,0
1784561100,162.4110000000,162.4250000000,162.3960000000,162.3990000000,152,10,0
1784561400,162.3980000000,162.4110000000,162.3850000000,162.3990000000,178,10,0
1784561700,162.4000000000,162.4000000000,162.3830000000,162.3900000000,159,11,0
1784562000,162.3900000000,162.4140000000,162.3880000000,162.4090000000,181,10,0
1784562300,162.4100000000,162.4100000000,162.3880000000,162.3940000000,287,10,0
1784562600,162.3940000000,162.4030000000,162.3790000000,162.3900000000,257,10,0
1784562900,162.3890000000,162.4090000000,162.3870000000,162.4030000000,261,10,0
1784563200,162.4040000000,162.4180000000,162.3990000000,162.4010000000,309,10,0
1784563500,162.4020000000,162.4220000000,162.4020000000,162.4140000000,205,10,0
1784563800,162.4130000000,162.4210000000,162.4070000000,162.4140000000,175,11,0
1784564100,162.4140000000,162.4200000000,162.4090000000,162.4100000000,118,10,0
1784564400,162.4090000000,162.4150000000,162.3990000000,162.3990000000,148,10,0
1784564700,162.4000000000,162.4150000000,162.3990000000,162.4120000000,208,10,0
1784565000,162.4130000000,162.4200000000,162.4070000000,162.4130000000,262,11,0
1784565300,162.4130000000,162.4150000000,162.3820000000,162.3890000000,287,10,0
1784565600,162.3890000000,162.4150000000,162.3860000000,162.4110000000,260,10,0
1784565900,162.4120000000,162.4130000000,162.3940000000,162.3960000000,271,11,0
1784566200,162.3960000000,162.4120000000,162.3810000000,162.4020000000,183,10,0
1784566500,162.4020000000,162.4710000000,162.3960000000,162.4700000000,297,10,0
1784566800,162.4710000000,162.4850000000,162.4580000000,162.4760000000,323,10,0
1784567100,162.4800000000,162.5400000000,162.4740000000,162.5310000000,551,10,0
1784567400,162.5400000000,162.5610000000,162.5110000000,162.5280000000,504,10,0
1784567700,162.5260000000,162.5310000000,162.5110000000,162.5130000000,353,10,0
1784568000,162.5140000000,162.5500000000,162.5140000000,162.5430000000,353,10,0
1784568300,162.5430000000,162.5510000000,162.5230000000,162.5390000000,279,10,0
1784568600,162.5390000000,162.5710000000,162.5390000000,162.5520000000,339,10,0
1784568900,162.5510000000,162.5670000000,162.5400000000,162.5500000000,255,10,0
1784569200,162.5510000000,162.5820000000,162.5490000000,162.5660000000,374,10,0
1784569500,162.5670000000,162.5780000000,162.5520000000,162.5690000000,274,10,0
1784569800,162.5690000000,162.5820000000,162.5540000000,162.5800000000,226,10,0
1784570100,162.5780000000,162.5830000000,162.5030000000,162.5170000000,518,10,0
1784570400,162.5180000000,162.5590000000,162.5180000000,162.5400000000,553,10,0
1784570700,162.5400000000,162.5670000000,162.5240000000,162.5300000000,457,10,0
1784571000,162.5310000000,162.5690000000,162.5300000000,162.5640000000,359,10,0
1784571300,162.5640000000,162.5720000000,162.5480000000,162.5530000000,237,10,0
1784571600,162.5520000000,162.5580000000,162.5400000000,162.5440000000,182,10,0
1784571900,162.5430000000,162.5540000000,162.5400000000,162.5510000000,153,10,0
1784572200,162.5520000000,162.5690000000,162.5450000000,162.5660000000,240,10,0
1784572500,162.5660000000,162.5770000000,162.5570000000,162.5690000000,165,10,0
1784572800,162.5690000000,162.5780000000,162.5570000000,162.5570000000,123,10,0
1784573100,162.5560000000,162.5650000000,162.5380000000,162.5430000000,168,10,0
1784573400,162.5440000000,162.5650000000,162.5400000000,162.5590000000,203,10,0
1784573700,162.5580000000,162.5640000000,162.5490000000,162.5640000000,163,10,0
1784574000,162.5650000000,162.5910000000,162.5300000000,162.5430000000,359,10,0
1784574300,162.5420000000,162.5440000000,162.5270000000,162.5280000000,189,10,0
1784574600,162.5280000000,162.5320000000,162.5260000000,162.5280000000,131,10,0
1784574900,162.5280000000,162.5430000000,162.5270000000,162.5340000000,119,10,0
1784575200,162.5330000000,162.5410000000,162.5290000000,162.5330000000,144,10,0
1784575500,162.5340000000,162.5540000000,162.5340000000,162.5420000000,159,10,0
1784575800,162.5410000000,162.5440000000,162.5290000000,162.5330000000,171,10,0
1784576100,162.5330000000,162.5360000000,162.5260000000,162.5300000000,113,10,0
1784576400,162.5290000000,162.5670000000,162.5280000000,162.5300000000,346,10,0
1784576700,162.5300000000,162.5440000000,162.5300000000,162.5410000000,121,10,0
1784577000,162.5400000000,162.5460000000,162.5400000000,162.5430000000,82,10,0
1784577300,162.5440000000,162.5440000000,162.5170000000,162.5180000000,151,10,0
1784577600,162.5170000000,162.5180000000,162.4740000000,162.4870000000,231,10,0
1784577900,162.4880000000,162.4910000000,162.4750000000,162.4750000000,145,10,0
1784578200,162.4760000000,162.5020000000,162.4760000000,162.4930000000,177,10,0
1784578500,162.4930000000,162.4930000000,162.4790000000,162.4810000000,169,10,0
1784578800,162.4820000000,162.4880000000,162.4670000000,162.4730000000,160,10,0
1784579100,162.4720000000,162.4730000000,162.4550000000,162.4670000000,144,10,0
1784579400,162.4680000000,162.4710000000,162.4610000000,162.4690000000,86,10,0
1784579700,162.4680000000,162.4850000000,162.4670000000,162.4840000000,93,10,0
1784580000,162.4840000000,162.4840000000,162.4660000000,162.4680000000,98,10,0
1784580300,162.4690000000,162.4720000000,162.4590000000,162.4590000000,118,11,0
1784580600,162.4580000000,162.4670000000,162.4540000000,162.4580000000,131,10,0
1784580900,162.4580000000,162.4660000000,162.4540000000,162.4590000000,77,10,0
1784581200,162.4590000000,162.4600000000,162.4520000000,162.4550000000,78,10,0
1784581500,162.4540000000,162.4570000000,162.4360000000,162.4380000000,125,11,0
1784581800,162.4390000000,162.4410000000,162.4370000000,162.4410000000,78,11,0
1784582100,162.4400000000,162.4410000000,162.4150000000,162.4320000000,225,10,0
1784582400,162.4330000000,162.4760000000,162.4330000000,162.4700000000,263,10,0
1784582700,162.4700000000,162.4710000000,162.4560000000,162.4610000000,210,10,0
1784583000,162.4580000000,162.4830000000,162.4580000000,162.4810000000,223,10,0
1784583300,162.4820000000,162.4860000000,162.4770000000,162.4800000000,180,10,0
1784583600,162.4830000000,162.4940000000,162.4810000000,162.4940000000,71,10,0
1784583900,162.4960000000,162.5100000000,162.4890000000,162.4950000000,140,10,0
1784584200,162.4940000000,162.5120000000,162.4940000000,162.5090000000,131,10,0
1784584500,162.5100000000,162.5240000000,162.4980000000,162.4980000000,209,10,0
1784584800,162.4980000000,162.5050000000,162.4810000000,162.4900000000,255,10,0
1784585100,162.4890000000,162.4940000000,162.4800000000,162.4820000000,143,11,0
1784585400,162.4830000000,162.5030000000,162.4820000000,162.4950000000,230,10,0
1784585700,162.4960000000,162.5040000000,162.4850000000,162.4870000000,140,10,0
1784586000,162.4860000000,162.4930000000,162.4780000000,162.4810000000,186,10,0
1784586300,162.4810000000,162.4920000000,162.4560000000,162.4640000000,269,10,0
1784586600,162.4620000000,162.4710000000,162.4550000000,162.4680000000,262,10,0
1784586900,162.4670000000,162.4800000000,162.4640000000,162.4780000000,206,10,0
1784587200,162.4780000000,162.4940000000,162.4770000000,162.4930000000,89,10,0
1784587500,162.4930000000,162.4950000000,162.4770000000,162.4780000000,134,10,0
1784587800,162.4780000000,162.4790000000,162.4630000000,162.4690000000,184,10,0
1784588100,162.4680000000,162.5130000000,162.4680000000,162.5130000000,341,10,0
1784588400,162.5130000000,162.5210000000,162.4820000000,162.4890000000,265,10,0
1784588700,162.4890000000,162.5090000000,162.4870000000,162.5020000000,73,10,0
1784589000,162.5040000000,162.5110000000,162.4980000000,162.4980000000,64,10,0
1784589300,162.4990000000,162.5250000000,162.4990000000,162.5210000000,72,10,0
1784589600,162.5200000000,162.5210000000,162.4970000000,162.4970000000,90,11,0
1784589900,162.4980000000,162.5110000000,162.4950000000,162.5050000000,112,10,0
1784590200,162.5040000000,162.5090000000,162.5020000000,162.5060000000,85,10,0
1784590500,162.5070000000,162.5130000000,162.5040000000,162.5100000000,49,11,0
1784590800,162.5100000000,162.5270000000,162.5080000000,162.5250000000,49,11,0
1784591100,162.5250000000,162.5260000000,162.5130000000,162.5200000000,70,12,0
1784591400,162.5200000000,162.5240000000,162.4920000000,162.4940000000,122,13,0
1784591700,162.4950000000,162.4970000000,162.4700000000,162.4830000000,120,15,0
1784592000,162.4660000000,162.4660000000,162.3880000000,162.4610000000,13,66,0
1784592300,162.4690000000,162.4690000000,162.4690000000,162.4690000000,4,67,0
1784592600,162.4810000000,162.4810000000,162.4660000000,162.4660000000,17,54,0
1784592900,162.4570000000,162.4670000000,162.4500000000,162.4670000000,10,71,0
1784593200,162.4670000000,162.4690000000,162.4670000000,162.4690000000,5,67,0
1784593500,162.4690000000,162.4900000000,162.4690000000,162.4850000000,17,60,0
1784593800,162.4840000000,162.4850000000,162.4820000000,162.4830000000,34,67,0
1784594100,162.4830000000,162.4970000000,162.4690000000,162.4690000000,74,48,0
1784594400,162.4670000000,162.4920000000,162.4670000000,162.4710000000,59,48,0
1784594700,162.4700000000,162.4970000000,162.4660000000,162.4680000000,48,43,0
1784595000,162.4680000000,162.4680000000,162.4630000000,162.4630000000,12,63,0
1784595300,162.4640000000,162.4660000000,162.4590000000,162.4620000000,82,62,0
1784595600,162.4610000000,162.4880000000,162.4610000000,162.4850000000,134,27,0
1784595900,162.4850000000,162.4960000000,162.4730000000,162.4940000000,43,13,0
1784596200,162.4950000000,162.4990000000,162.4920000000,162.4960000000,29,17,0
1784596500,162.4930000000,162.5010000000,162.4790000000,162.4810000000,51,14,0
1784596800,162.4810000000,162.4910000000,162.4780000000,162.4840000000,68,12,0
1784597100,162.4830000000,162.4870000000,162.4810000000,162.4850000000,78,15,0
1784597400,162.4860000000,162.4940000000,162.4820000000,162.4920000000,41,16,0
1784597700,162.4930000000,162.5000000000,162.4850000000,162.4890000000,71,13,0
1784598000,162.4890000000,162.5080000000,162.4870000000,162.4990000000,92,10,0
1784598300,162.5000000000,162.5000000000,162.4800000000,162.4890000000,135,12,0
1784598600,162.4890000000,162.4960000000,162.4840000000,162.4840000000,64,13,0
1784598900,162.4840000000,162.4940000000,162.4790000000,162.4930000000,41,17,0
1784599200,162.4930000000,162.5010000000,162.4840000000,162.4950000000,93,13,0
1784599500,162.4950000000,162.4970000000,162.4910000000,162.4940000000,42,13,0
1784599800,162.4940000000,162.4970000000,162.4860000000,162.4960000000,96,13,0
1784600100,162.4960000000,162.4960000000,162.4860000000,162.4870000000,68,12,0
1784600400,162.4870000000,162.5010000000,162.4870000000,162.4950000000,35,14,0
1784600700,162.4950000000,162.4960000000,162.4930000000,162.4960000000,18,13,0
1784601000,162.4960000000,162.5000000000,162.4930000000,162.4940000000,36,14,0
1784601300,162.4930000000,162.4960000000,162.4930000000,162.4950000000,49,12,0
1784601600,162.4940000000,162.4960000000,162.4930000000,162.4940000000,36,12,0
1784601900,162.4940000000,162.4990000000,162.4910000000,162.4960000000,124,10,0
1784602200,162.4950000000,162.5010000000,162.4830000000,162.4850000000,138,10,0
1784602500,162.4850000000,162.4930000000,162.4800000000,162.4810000000,147,10,0
1784602800,162.4820000000,162.4870000000,162.4400000000,162.4740000000,427,10,0
1784603100,162.4740000000,162.4840000000,162.4580000000,162.4720000000,248,10,0
1784603400,162.4730000000,162.4850000000,162.4590000000,162.4800000000,321,10,0
1784603700,162.4810000000,162.4920000000,162.4750000000,162.4870000000,237,10,0
1784604000,162.4860000000,162.5040000000,162.4780000000,162.4970000000,275,10,0
1784604300,162.4970000000,162.5050000000,162.4890000000,162.5030000000,165,11,0
1784604600,162.5030000000,162.5230000000,162.5020000000,162.5170000000,148,10,0
1784604900,162.5180000000,162.5290000000,162.5070000000,162.5230000000,102,10,0
1784605200,162.5240000000,162.5240000000,162.5020000000,162.5040000000,176,10,0
1784605500,162.5050000000,162.5100000000,162.4950000000,162.5080000000,221,10,0
1784605800,162.5060000000,162.5230000000,162.4780000000,162.5080000000,525,10,0
1784606100,162.5060000000,162.5290000000,162.5040000000,162.5290000000,442,10,0
1784606400,162.5290000000,162.5320000000,162.5060000000,162.5180000000,248,10,0
1784606700,162.5190000000,162.5190000000,162.4900000000,162.5040000000,271,10,0
1784607000,162.5020000000,162.5100000000,162.4970000000,162.5050000000,160,10,0
1784607300,162.5070000000,162.5110000000,162.4870000000,162.4940000000,202,11,0
1784607600,162.4950000000,162.5110000000,162.4930000000,162.5060000000,150,10,0
1784607900,162.5080000000,162.5100000000,162.4260000000,162.4750000000,312,10,0
1784608200,162.4760000000,162.4960000000,162.4500000000,162.4880000000,452,10,0
1784608500,162.4890000000,162.5200000000,162.4850000000,162.4950000000,317,11,0
1784608800,162.4940000000,162.4980000000,162.4850000000,162.4960000000,291,11,0
1784609100,162.4960000000,162.5050000000,162.4890000000,162.4960000000,228,10,0
1784609400,162.4970000000,162.5170000000,162.4960000000,162.5100000000,185,11,0
1784609700,162.5100000000,162.5150000000,162.4990000000,162.5010000000,90,10,0
1784610000,162.5010000000,162.5200000000,162.4930000000,162.5120000000,186,10,0
1784610300,162.5120000000,162.5160000000,162.5020000000,162.5100000000,105,10,0
1784610600,162.5060000000,162.5100000000,162.4950000000,162.5050000000,182,10,0
1784610900,162.5050000000,162.5090000000,162.4950000000,162.5030000000,111,10,0
1784611200,162.5040000000,162.5050000000,162.4920000000,162.4950000000,109,11,0
1784611500,162.4940000000,162.4990000000,162.4830000000,162.4950000000,180,11,0
1784611800,162.4940000000,162.4990000000,162.4910000000,162.4920000000,120,11,0
1784612100,162.4910000000,162.4960000000,162.4850000000,162.4930000000,112,10,0
1784612400,162.4930000000,162.4970000000,162.4810000000,162.4900000000,129,10,0
1784612700,162.4910000000,162.4950000000,162.4910000000,162.4940000000,108,10,0
1784613000,162.4940000000,162.4950000000,162.4820000000,162.4910000000,120,11,0
1784613300,162.4910000000,162.4950000000,162.4780000000,162.4870000000,130,10,0
1784613600,162.4870000000,162.5040000000,162.4810000000,162.5030000000,169,10,0
1784613900,162.5030000000,162.5100000000,162.5010000000,162.5020000000,126,10,0
1784614200,162.5010000000,162.5100000000,162.4940000000,162.5060000000,113,10,0
1784614500,162.5070000000,162.5080000000,162.4950000000,162.5000000000,86,10,0
1784614800,162.5000000000,162.5000000000,162.4880000000,162.4950000000,94,10,0
1784615100,162.4950000000,162.5050000000,162.4900000000,162.4900000000,63,11,0
1784615400,162.4900000000,162.4910000000,162.4860000000,162.4880000000,70,10,0
1784615700,162.4880000000,162.4940000000,162.4790000000,162.4800000000,122,10,0
1784616000,162.4800000000,162.4880000000,162.4660000000,162.4670000000,126,10,0
1784616300,162.4680000000,162.4720000000,162.4570000000,162.4570000000,129,11,0
1784616600,162.4550000000,162.4710000000,162.4480000000,162.4700000000,128,11,0
1784616900,162.4700000000,162.4820000000,162.4690000000,162.4810000000,86,12,0
1784617200,162.4810000000,162.4860000000,162.4790000000,162.4850000000,117,11,0
1784617500,162.4840000000,162.4840000000,162.4650000000,162.4690000000,120,12,0
1784617800,162.4700000000,162.4810000000,162.4670000000,162.4740000000,106,10,0
1784618100,162.4740000000,162.4810000000,162.4690000000,162.4780000000,88,10,0
1784618400,162.4770000000,162.4770000000,162.4700000000,162.4710000000,36,12,0
1784618700,162.4710000000,162.4820000000,162.4700000000,162.4740000000,60,10,0
1784619000,162.4740000000,162.4930000000,162.4690000000,162.4780000000,109,10,0
1784619300,162.4780000000,162.4940000000,162.4720000000,162.4920000000,169,10,0
1784619600,162.4910000000,162.4950000000,162.4780000000,162.4840000000,143,10,0
1784619900,162.4840000000,162.4870000000,162.4780000000,162.4840000000,98,10,0
1784620200,162.4840000000,162.4910000000,162.4840000000,162.4880000000,57,12,0
1784620500,162.4870000000,162.4880000000,162.4820000000,162.4820000000,97,11,0
1784620800,162.4830000000,162.4930000000,162.4800000000,162.4930000000,118,11,0
1784621100,162.4950000000,162.5010000000,162.4850000000,162.4890000000,108,10,0
1784621400,162.4890000000,162.5110000000,162.4860000000,162.5070000000,150,10,0
1784621700,162.5070000000,162.5110000000,162.5060000000,162.5100000000,63,10,0
1784622000,162.5100000000,162.5210000000,162.5040000000,162.5080000000,157,11,0
1784622300,162.5090000000,162.5110000000,162.5040000000,162.5070000000,88,11,0
1784622600,162.5090000000,162.5090000000,162.4910000000,162.5000000000,131,11,0
1784622900,162.5010000000,162.5040000000,162.4860000000,162.4900000000,107,11,0
1784623200,162.4890000000,162.4920000000,162.4670000000,162.4680000000,165,10,0
1784623500,162.4690000000,162.4860000000,162.4640000000,162.4860000000,100,10,0
1784623800,162.4850000000,162.5130000000,162.4800000000,162.5120000000,238,10,0
1784624100,162.5120000000,162.5140000000,162.4990000000,162.5000000000,171,10,0
1784624400,162.5030000000,162.5070000000,162.4810000000,162.4980000000,253,10,0
1784624700,162.4980000000,162.5090000000,162.4860000000,162.5050000000,264,10,0
1784625000,162.5060000000,162.5220000000,162.5020000000,162.5160000000,183,10,0
1784625300,162.5160000000,162.5180000000,162.5050000000,162.5170000000,180,10,0
1784625600,162.5180000000,162.5220000000,162.5070000000,162.5190000000,199,10,0
1784625900,162.5180000000,162.5240000000,162.5160000000,162.5190000000,178,10,0
1784626200,162.5190000000,162.5410000000,162.5140000000,162.5270000000,310,10,0
1784626500,162.5270000000,162.5400000000,162.5170000000,162.5340000000,207,10,0
1784626800,162.5340000000,162.5480000000,162.5330000000,162.5410000000,254,10,0
1784627100,162.5410000000,162.5520000000,162.5150000000,162.5240000000,242,10,0
1784627400,162.5240000000,162.5290000000,162.5120000000,162.5190000000,237,11,0
1784627700,162.5190000000,162.5350000000,162.5180000000,162.5230000000,273,11,0
1784628000,162.5240000000,162.5400000000,162.5170000000,162.5340000000,362,11,0
1784628300,162.5340000000,162.5420000000,162.5210000000,162.5380000000,207,10,0
1784628600,162.5400000000,162.5570000000,162.5400000000,162.5540000000,268,10,0
1784628900,162.5540000000,162.5740000000,162.5450000000,162.5470000000,315,10,0
1784629200,162.5470000000,162.5730000000,162.5410000000,162.5720000000,226,10,0
1784629500,162.5740000000,162.5830000000,162.5710000000,162.5830000000,239,10,0
1784629800,162.5820000000,162.5950000000,162.5670000000,162.5680000000,221,10,0
1784630100,162.5660000000,162.5710000000,162.5480000000,162.5620000000,217,10,0
1784630400,162.5620000000,162.5870000000,162.5610000000,162.5820000000,167,10,0
1784630700,162.5820000000,162.5890000000,162.5760000000,162.5850000000,119,10,0
1784631000,162.5840000000,162.6110000000,162.5830000000,162.6060000000,249,10,0
1784631300,162.6070000000,162.6130000000,162.5880000000,162.5950000000,218,10,0
1784631600,162.5940000000,162.6110000000,162.5810000000,162.6090000000,174,10,0
1784631900,162.6090000000,162.6290000000,162.6080000000,162.6290000000,195,10,0
1784632200,162.6280000000,162.6430000000,162.6280000000,162.6390000000,143,10,0
1784632500,162.6390000000,162.6660000000,162.6330000000,162.6340000000,238,10,0
1784632800,162.6350000000,162.6500000000,162.6330000000,162.6360000000,230,10,0
1784633100,162.6370000000,162.6720000000,162.6340000000,162.6680000000,181,10,0
1784633400,162.6680000000,162.6900000000,162.6680000000,162.6750000000,182,10,0
1784633700,162.6760000000,162.6920000000,162.6740000000,162.6830000000,182,10,0
1784634000,162.6830000000,162.6850000000,162.6670000000,162.6740000000,109,10,0
1784634300,162.6750000000,162.6910000000,162.6730000000,162.6890000000,117,10,0
1784634600,162.6880000000,162.6930000000,162.6770000000,162.6770000000,128,10,0
1784634900,162.6780000000,162.6830000000,162.6760000000,162.6810000000,88,10,0
1784635200,162.6810000000,162.6910000000,162.6750000000,162.6760000000,99,10,0
1784635500,162.6760000000,162.6800000000,162.6660000000,162.6800000000,241,10,0
1784635800,162.6790000000,162.6910000000,162.6770000000,162.6900000000,111,10,0
1784636100,162.6900000000,162.6910000000,162.6050000000,162.6570000000,336,10,0
1784636400,162.6560000000,162.6680000000,162.6510000000,162.6640000000,245,10,0
1784636700,162.6630000000,162.6780000000,162.6610000000,162.6770000000,310,10,0
1784637000,162.6770000000,162.6890000000,162.6540000000,162.6600000000,204,10,0
1784637300,162.6600000000,162.6720000000,162.6500000000,162.6640000000,249,10,0
1784637600,162.6620000000,162.6670000000,162.6530000000,162.6650000000,197,10,0
1784637900,162.6630000000,162.6660000000,162.6510000000,162.6620000000,140,10,0
1784638200,162.6620000000,162.6780000000,162.6520000000,162.6620000000,158,11,0
1784638500,162.6630000000,162.6780000000,162.6620000000,162.6670000000,142,10,0
1784638800,162.6670000000,162.6760000000,162.6360000000,162.6710000000,262,10,0
1784639100,162.6710000000,162.6820000000,162.6700000000,162.6770000000,131,10,0
1784639400,162.6770000000,162.6770000000,162.6420000000,162.6670000000,481,10,0
1784639700,162.6670000000,162.6730000000,162.6530000000,162.6620000000,183,10,0
1784640000,162.6630000000,162.6630000000,162.6450000000,162.6580000000,180,10,0
1784640300,162.6580000000,162.6590000000,162.6430000000,162.6490000000,127,10,0
1784640600,162.6500000000,162.6660000000,162.6440000000,162.6650000000,191,10,0
1784640900,162.6650000000,162.6820000000,162.6610000000,162.6800000000,224,11,0
1784641200,162.6780000000,162.6870000000,162.6770000000,162.6830000000,197,11,0
1784641500,162.6840000000,162.6910000000,162.6830000000,162.6890000000,122,10,0
1784641800,162.6890000000,162.6930000000,162.6760000000,162.6780000000,158,10,0
1784642100,162.6770000000,162.6800000000,162.6540000000,162.6620000000,425,10,0
1784642400,162.6600000000,162.6890000000,162.6550000000,162.6800000000,320,10,0
1784642700,162.6810000000,162.7160000000,162.6800000000,162.7130000000,192,10,0
1784643000,162.7140000000,162.7310000000,162.7130000000,162.7190000000,187,10,0
1784643300,162.7190000000,162.7340000000,162.7160000000,162.7340000000,162,10,0
1784643600,162.7330000000,162.7400000000,162.7320000000,162.7330000000,104,10,0
1784643900,162.7330000000,162.7370000000,162.7320000000,162.7360000000,66,11,0
1784644200,162.7360000000,162.7440000000,162.7240000000,162.7430000000,140,10,0
1784644500,162.7420000000,162.7440000000,162.7240000000,162.7320000000,126,10,0
1784644800,162.7310000000,162.7410000000,162.7290000000,162.7320000000,129,10,0
1784645100,162.7320000000,162.7370000000,162.7290000000,162.7300000000,59,11,0
1784645400,162.7290000000,162.7450000000,162.7290000000,162.7410000000,106,10,0
1784645700,162.7410000000,162.7440000000,162.7240000000,162.7270000000,120,10,0
1784646000,162.7240000000,162.7460000000,162.7150000000,162.7430000000,273,10,0
1784646300,162.7420000000,162.7440000000,162.7300000000,162.7420000000,191,10,0
1784646600,162.7410000000,162.7440000000,162.7330000000,162.7360000000,126,10,0
1784646900,162.7360000000,162.7460000000,162.7320000000,162.7430000000,168,10,0
1784647200,162.7420000000,162.7720000000,162.7420000000,162.7700000000,185,10,0
1784647500,162.7680000000,162.7940000000,162.7670000000,162.7830000000,230,10,0
1784647800,162.7840000000,162.7940000000,162.7700000000,162.7800000000,204,10,0
1784648100,162.7850000000,162.7960000000,162.7810000000,162.7900000000,128,10,0
1784648400,162.7890000000,162.7970000000,162.7800000000,162.7840000000,290,10,0
1784648700,162.7830000000,162.7830000000,162.7650000000,162.7700000000,198,10,0
1784649000,162.7710000000,162.7750000000,162.6890000000,162.7250000000,483,10,0
1784649300,162.7240000000,162.7410000000,162.7170000000,162.7190000000,304,10,0
1784649600,162.7190000000,162.7620000000,162.7180000000,162.7490000000,333,10,0
1784649900,162.7500000000,162.7620000000,162.7400000000,162.7620000000,270,10,0
1784650200,162.7610000000,162.7620000000,162.7330000000,162.7500000000,207,10,0
1784650500,162.7490000000,162.7920000000,162.7480000000,162.7880000000,184,10,0
1784650800,162.7880000000,162.7990000000,162.7800000000,162.7850000000,243,10,0
1784651100,162.7840000000,162.8000000000,162.7770000000,162.7930000000,218,10,0
1784651400,162.7930000000,162.8030000000,162.7660000000,162.7860000000,285,10,0
1784651700,162.7870000000,162.8210000000,162.7780000000,162.8200000000,381,10,0
1784652000,162.8190000000,162.8320000000,162.7900000000,162.8260000000,425,10,0
1784652300,162.8250000000,162.8370000000,162.7890000000,162.8230000000,352,10,0
1784652600,162.8210000000,162.8880000000,162.8150000000,162.8680000000,643,10,0
1784652900,162.8670000000,162.8840000000,162.8520000000,162.8640000000,405,10,0
1784653200,162.8640000000,162.8800000000,162.8520000000,162.8580000000,354,10,0
1784653500,162.8580000000,162.9210000000,162.8530000000,162.9160000000,462,10,0
1784653800,162.9150000000,162.9200000000,162.8900000000,162.8910000000,418,10,0
1784654100,162.8920000000,162.9200000000,162.8920000000,162.9140000000,251,10,0
1784654400,162.9130000000,162.9140000000,162.8990000000,162.9020000000,328,10,0
1784654700,162.9010000000,162.9460000000,162.9000000000,162.9440000000,235,10,0
1784655000,162.9450000000,162.9830000000,162.9180000000,162.9730000000,485,10,0
1784655300,162.9740000000,162.9840000000,162.9610000000,162.9710000000,357,10,0
1784655600,162.9720000000,162.9720000000,162.9470000000,162.9610000000,353,10,0
1784655900,162.9610000000,162.9770000000,162.9430000000,162.9700000000,340,10,0
1784656200,162.9710000000,163.0370000000,162.9550000000,162.9820000000,338,10,0
1784656500,162.9780000000,163.0370000000,162.8940000000,163.0140000000,1086,10,0
1784656800,163.0150000000,163.0160000000,162.9860000000,162.9890000000,527,10,0
1784657100,162.9880000000,162.9960000000,162.9760000000,162.9870000000,439,10,0
1784657400,162.9860000000,162.9870000000,162.9540000000,162.9570000000,321,10,0
1784657700,162.9570000000,162.9580000000,162.9290000000,162.9330000000,391,10,0
1784658000,162.9330000000,162.9470000000,162.9080000000,162.9360000000,556,10,0
1784658300,162.9360000000,162.9610000000,162.9350000000,162.9590000000,271,10,0
1784658600,162.9590000000,162.9870000000,162.9470000000,162.9660000000,369,10,0
1784658900,162.9670000000,162.9780000000,162.9560000000,162.9740000000,313,10,0
1784659200,162.9730000000,163.0120000000,162.9710000000,163.0090000000,293,10,0
1784659500,163.0070000000,163.0240000000,163.0030000000,163.0210000000,243,10,0
1784659800,163.0230000000,163.0320000000,163.0110000000,163.0280000000,165,10,0
1784660100,163.0270000000,163.0290000000,163.0090000000,163.0110000000,180,10,0
1784660400,163.0120000000,163.0250000000,163.0030000000,163.0030000000,200,10,0
1784660700,163.0020000000,163.0120000000,163.0000000000,163.0080000000,257,10,0
1784661000,163.0090000000,163.0140000000,162.9960000000,163.0120000000,380,10,0
1784661300,163.0130000000,163.0160000000,163.0040000000,163.0130000000,145,10,0
1784661600,163.0120000000,163.0250000000,162.9960000000,162.9990000000,186,10,0
1784661900,162.9980000000,163.0010000000,162.9820000000,162.9940000000,174,10,0
1784662200,162.9940000000,163.0000000000,162.9740000000,162.9880000000,148,10,0
1784662500,162.9870000000,162.9970000000,162.9850000000,162.9890000000,185,10,0
1784662800,162.9910000000,162.9910000000,162.9550000000,162.9620000000,216,10,0
1784663100,162.9610000000,162.9920000000,162.9540000000,162.9910000000,169,10,0
1784663400,162.9910000000,163.0040000000,162.9890000000,163.0000000000,137,11,0
1784663700,163.0000000000,163.0050000000,162.9900000000,163.0010000000,170,10,0
1784664000,163.0010000000,163.0030000000,162.9720000000,162.9910000000,142,12,0
1784664300,162.9890000000,163.0110000000,162.9890000000,163.0100000000,111,10,0
1784664600,163.0100000000,163.0120000000,163.0010000000,163.0110000000,106,11,0
1784664900,163.0100000000,163.0140000000,162.9930000000,162.9990000000,103,11,0
1784665200,162.9990000000,163.0000000000,162.9860000000,162.9880000000,114,11,0
1784665500,162.9880000000,162.9890000000,162.9720000000,162.9750000000,136,11,0
1784665800,162.9760000000,162.9980000000,162.9750000000,162.9960000000,195,10,0
1784666100,162.9960000000,163.0010000000,162.9950000000,162.9990000000,82,10,0
1784666400,162.9990000000,163.0110000000,162.9970000000,163.0010000000,136,10,0
1784666700,163.0010000000,163.0130000000,163.0000000000,163.0110000000,117,10,0
1784667000,163.0100000000,163.0110000000,163.0080000000,163.0090000000,77,11,0
1784667300,163.0100000000,163.0250000000,163.0090000000,163.0230000000,79,10,0
1784667600,163.0240000000,163.0950000000,163.0220000000,163.0920000000,167,10,0
1784667900,163.0930000000,163.2190000000,163.0800000000,163.1420000000,705,10,0
1784668200,163.1420000000,163.1420000000,163.1170000000,163.1350000000,429,10,0
1784668500,163.1360000000,163.1510000000,163.1310000000,163.1480000000,352,10,0
1784668800,163.1490000000,163.1740000000,163.1440000000,163.1590000000,332,10,0
1784669100,163.1600000000,163.1600000000,163.1240000000,163.1500000000,317,10,0
1784669400,163.1520000000,163.1720000000,163.1430000000,163.1720000000,400,10,0
1784669700,163.1710000000,163.1860000000,163.1710000000,163.1720000000,202,10,0
1784670000,163.1710000000,163.2280000000,163.1710000000,163.2250000000,399,10,0
1784670300,163.2260000000,163.2290000000,163.2170000000,163.2290000000,313,10,0
1784670600,163.2300000000,163.2310000000,163.1950000000,163.1980000000,226,10,0
1784670900,163.1990000000,163.2110000000,163.1720000000,163.1830000000,233,10,0
1784671200,163.1820000000,163.2000000000,163.1580000000,163.2000000000,301,10,0
1784671500,163.2000000000,163.2040000000,163.1820000000,163.1970000000,224,10,0
1784671800,163.1980000000,163.2150000000,163.1980000000,163.2110000000,196,10,0
1784672100,163.2110000000,163.2110000000,163.1940000000,163.1950000000,168,10,0
1784672400,163.1940000000,163.1950000000,163.1620000000,163.1710000000,174,10,0
1784672700,163.1700000000,163.1770000000,163.1580000000,163.1680000000,280,10,0
1784673000,163.1680000000,163.1700000000,163.1580000000,163.1610000000,251,10,0
1784673300,163.1600000000,163.2000000000,163.1600000000,163.1950000000,187,10,0
1784673600,163.1950000000,163.1980000000,163.1820000000,163.1970000000,200,10,0
1784673900,163.1940000000,163.1990000000,163.1840000000,163.1900000000,158,10,0
1784674200,163.1900000000,163.1980000000,163.1810000000,163.1850000000,220,10,0
1784674500,163.1840000000,163.2070000000,163.1840000000,163.2000000000,398,10,0
1784674800,163.2000000000,163.2230000000,163.1930000000,163.2120000000,406,10,0
1784675100,163.2120000000,163.2170000000,163.2070000000,163.2170000000,88,10,0
1784675400,163.2160000000,163.2220000000,163.2060000000,163.2210000000,63,11,0
1784675700,163.2220000000,163.2280000000,163.2210000000,163.2230000000,73,11,0
1784676000,163.2230000000,163.2330000000,163.2230000000,163.2320000000,80,11,0
1784676300,163.2330000000,163.2330000000,163.2200000000,163.2260000000,56,10,0
1784676600,163.2270000000,163.2300000000,163.2240000000,163.2280000000,100,10,0
1784676900,163.2280000000,163.2280000000,163.2110000000,163.2120000000,114,10,0
1784677200,163.2120000000,163.2140000000,163.1950000000,163.2100000000,142,10,0
1784677500,163.2100000000,163.2130000000,163.1970000000,163.1970000000,68,10,0
1784677800,163.1980000000,163.1990000000,163.1860000000,163.1940000000,144,12,0
1784678100,163.1890000000,163.2140000000,163.0750000000,163.1590000000,237,13,0
1784678400,163.1480000000,163.1710000000,163.1440000000,163.1710000000,10,34,0
1784678700,163.1690000000,163.1750000000,163.1630000000,163.1690000000,17,39,0
1784679000,163.1640000000,163.1730000000,163.1230000000,163.1390000000,32,34,0
1784679300,163.1380000000,163.1640000000,163.1300000000,163.1640000000,69,47,0
1784679600,163.1620000000,163.1660000000,163.1620000000,163.1650000000,23,42,0
1784679900,163.1670000000,163.1710000000,163.1600000000,163.1700000000,35,34,0
1784680200,163.1690000000,163.1700000000,163.1660000000,163.1660000000,20,37,0
1784680500,163.1660000000,163.1780000000,163.1520000000,163.1580000000,33,26,0
1784680800,163.1570000000,163.1580000000,163.1470000000,163.1500000000,50,27,0
1784681100,163.1420000000,163.1500000000,163.1420000000,163.1470000000,19,30,0
1784681400,163.1470000000,163.1480000000,163.1450000000,163.1470000000,19,31,0
1784681700,163.1460000000,163.1510000000,163.1460000000,163.1490000000,12,29,0
1784682000,163.1480000000,163.1860000000,163.1480000000,163.1810000000,107,16,0
1784682300,163.1800000000,163.1810000000,163.1580000000,163.1670000000,34,14,0
1784682600,163.1670000000,163.1830000000,163.1660000000,163.1810000000,96,14,0
1784682900,163.1800000000,163.1850000000,163.1740000000,163.1770000000,71,12,0
1784683200,163.1750000000,163.1830000000,163.1710000000,163.1830000000,97,14,0
1784683500,163.1840000000,163.1850000000,163.1720000000,163.1840000000,88,14,0
1784683800,163.1810000000,163.1860000000,163.1730000000,163.1750000000,44,14,0
1784684100,163.1740000000,163.1840000000,163.1710000000,163.1840000000,43,10,0
1784684400,163.1830000000,163.1890000000,163.1830000000,163.1870000000,35,14,0
1784684700,163.1850000000,163.1900000000,163.1790000000,163.1860000000,70,13,0
1784685000,163.1860000000,163.2010000000,163.1860000000,163.1980000000,77,13,0
1784685300,163.1980000000,163.2050000000,163.1950000000,163.2000000000,63,11,0
1784685600,163.2000000000,163.2140000000,163.1990000000,163.2100000000,101,13,0
1784685900,163.2110000000,163.2120000000,163.1990000000,163.2010000000,53,12,0
1784686200,163.2010000000,163.2080000000,163.1920000000,163.2010000000,77,11,0
1784686500,163.2000000000,163.2090000000,163.1940000000,163.2080000000,65,13,0
1784686800,163.2080000000,163.2180000000,163.2080000000,163.2120000000,41,12,0
1784687100,163.2110000000,163.2210000000,163.1990000000,163.2010000000,103,11,0
1784687400,163.2000000000,163.2000000000,163.1950000000,163.1970000000,45,14,0
1784687700,163.1970000000,163.2050000000,163.1960000000,163.2000000000,71,13,0
1784688000,163.2000000000,163.2130000000,163.1990000000,163.2100000000,61,11,0
1784688300,163.2100000000,163.2130000000,163.2090000000,163.2100000000,22,13,0
1784688600,163.2100000000,163.2100000000,163.1940000000,163.1950000000,81,10,0
1784688900,163.1960000000,163.2040000000,163.1800000000,163.1820000000,85,12,0
1784689200,163.1830000000,163.1880000000,163.1270000000,163.1340000000,340,10,0
1784689500,163.1340000000,163.1990000000,163.1310000000,163.1580000000,375,10,0
1784689800,163.1590000000,163.1740000000,163.1000000000,163.1060000000,349,10,0
1784690100,163.1060000000,163.1240000000,163.0660000000,163.0660000000,466,10,0
1784690400,163.0680000000,163.0780000000,163.0220000000,163.0680000000,491,10,0
1784690700,163.0690000000,163.0950000000,163.0550000000,163.0570000000,334,10,0
1784691000,163.0580000000,163.0760000000,163.0460000000,163.0580000000,365,10,0
1784691300,163.0580000000,163.1240000000,163.0580000000,163.1240000000,326,10,0
1784691600,163.1230000000,163.1400000000,163.1030000000,163.1130000000,310,10,0
1784691900,163.1130000000,163.1530000000,163.1120000000,163.1420000000,327,10,0
1784692200,163.1410000000,163.1640000000,163.0980000000,163.1630000000,668,10,0
1784692500,163.1600000000,163.1720000000,163.1290000000,163.1330000000,482,10,0
1784692800,163.1320000000,163.1540000000,163.0990000000,163.1490000000,572,10,0
1784693100,163.1500000000,163.1500000000,163.1190000000,163.1320000000,322,10,0
1784693400,163.1320000000,163.1420000000,163.1180000000,163.1320000000,271,10,0
1784693700,163.1330000000,163.1590000000,163.1290000000,163.1450000000,246,10,0
1784694000,163.1460000000,163.1770000000,163.1390000000,163.1750000000,232,10,0
1784694300,163.1750000000,163.1790000000,163.1610000000,163.1620000000,294,10,0
1784694600,163.1610000000,163.1980000000,163.1600000000,163.1840000000,287,10,0
1784694900,163.1840000000,163.1900000000,163.1700000000,163.1740000000,274,10,0
1784695200,163.1740000000,163.1790000000,163.1610000000,163.1730000000,229,10,0
1784695500,163.1730000000,163.1740000000,163.1570000000,163.1580000000,199,10,0
1784695800,163.1580000000,163.1680000000,163.1540000000,163.1560000000,188,10,0
1784696100,163.1570000000,163.1600000000,163.1430000000,163.1450000000,143,10,0
1784696400,163.1450000000,163.1730000000,163.1420000000,163.1590000000,234,10,0
1784696700,163.1590000000,163.1640000000,163.1500000000,163.1570000000,141,10,0
1784697000,163.1560000000,163.1630000000,163.1490000000,163.1600000000,143,10,0
1784697300,163.1590000000,163.1640000000,163.1510000000,163.1590000000,144,11,0
1784697600,163.1580000000,163.1580000000,163.1420000000,163.1430000000,167,10,0
1784697900,163.1440000000,163.1440000000,163.0660000000,163.0920000000,512,10,0
1784698200,163.0900000000,163.1000000000,163.0790000000,163.0980000000,307,10,0
1784698500,163.0980000000,163.1080000000,163.0940000000,163.1020000000,153,10,0
1784698800,163.1020000000,163.1020000000,163.0790000000,163.0930000000,213,10,0
1784699100,163.0930000000,163.1240000000,163.0860000000,163.1240000000,214,11,0
1784699400,163.1240000000,163.1250000000,163.1100000000,163.1130000000,171,10,0
1784699700,163.1120000000,163.1180000000,163.0960000000,163.1140000000,195,10,0
1784700000,163.1140000000,163.1410000000,163.1090000000,163.1160000000,290,10,0
1784700300,163.1150000000,163.1500000000,163.1150000000,163.1480000000,264,10,0
1784700600,163.1470000000,163.1500000000,163.1360000000,163.1390000000,211,10,0
1784700900,163.1390000000,163.1460000000,163.1310000000,163.1390000000,161,10,0
1784701200,163.1390000000,163.1500000000,163.1390000000,163.1460000000,197,10,0
1784701500,163.1470000000,163.1470000000,163.1240000000,163.1250000000,181,10,0
1784701800,163.1250000000,163.1370000000,163.1100000000,163.1260000000,267,10,0
1784702100,163.1250000000,163.1390000000,163.1170000000,163.1230000000,145,10,0
1784702400,163.1210000000,163.1360000000,163.1210000000,163.1330000000,156,11,0
1784702700,163.1330000000,163.1480000000,163.1310000000,163.1480000000,163,10,0
1784703000,163.1480000000,163.1610000000,163.1420000000,163.1590000000,199,10,0
1784703300,163.1600000000,163.1610000000,163.1390000000,163.1530000000,302,10,0
1784703600,163.1520000000,163.1600000000,163.1500000000,163.1540000000,162,10,0
1784703900,163.1530000000,163.1620000000,163.1430000000,163.1620000000,157,11,0
1784704200,163.1600000000,163.1900000000,163.1600000000,163.1830000000,182,10,0
1784704500,163.1830000000,163.1830000000,163.1710000000,163.1740000000,129,11,0
1784704800,163.1740000000,163.1910000000,163.1720000000,163.1890000000,162,10,0
1784705100,163.1880000000,163.1890000000,163.1690000000,163.1710000000,121,10,0
1784705400,163.1710000000,163.1760000000,163.1570000000,163.1600000000,121,10,0
1784705700,163.1610000000,163.1700000000,163.1610000000,163.1640000000,73,10,0
1784706000,163.1630000000,163.1630000000,163.1460000000,163.1480000000,113,10,0
1784706300,163.1470000000,163.1630000000,163.1470000000,163.1630000000,111,10,0
1784706600,163.1640000000,163.1680000000,163.1560000000,163.1620000000,88,10,0
1784706900,163.1630000000,163.1770000000,163.1610000000,163.1680000000,83,11,0
1784707200,163.1690000000,163.1730000000,163.1600000000,163.1630000000,126,10,0
1784707500,163.1640000000,163.1670000000,163.1580000000,163.1660000000,136,11,0
1784707800,163.1660000000,163.1670000000,163.1500000000,163.1550000000,86,10,0
1784708100,163.1550000000,163.1650000000,163.1510000000,163.1510000000,89,10,0
1784708400,163.1520000000,163.1560000000,163.1430000000,163.1550000000,109,10,0
1784708700,163.1550000000,163.1680000000,163.1530000000,163.1660000000,64,10,0
1784709000,163.1650000000,163.1820000000,163.1650000000,163.1800000000,107,10,0
1784709300,163.1810000000,163.1810000000,163.1580000000,163.1640000000,121,10,0
1784709600,163.1640000000,163.1640000000,163.1410000000,163.1430000000,142,10,0
1784709900,163.1430000000,163.1550000000,163.1410000000,163.1440000000,179,11,0
1784710200,163.1450000000,163.1610000000,163.1420000000,163.1550000000,145,10,0
1784710500,163.1570000000,163.1600000000,163.0770000000,163.0820000000,481,10,0
1784710800,163.0870000000,163.0880000000,163.0470000000,163.0840000000,467,10,0
1784711100,163.0850000000,163.0900000000,163.0650000000,163.0660000000,317,10,0
1784711400,163.0660000000,163.0810000000,163.0470000000,163.0780000000,382,10,0
1784711700,163.0770000000,163.1160000000,163.0770000000,163.0960000000,269,10,0
1784712000,163.0940000000,163.1010000000,163.0700000000,163.0960000000,357,10,0
1784712300,163.0950000000,163.1200000000,163.0920000000,163.1050000000,379,10,0
1784712600,163.1060000000,163.1180000000,163.0880000000,163.0980000000,262,10,0
1784712900,163.0990000000,163.1370000000,163.0910000000,163.1310000000,213,10,0
1784713200,163.1310000000,163.1390000000,163.1130000000,163.1140000000,278,10,0
1784713500,163.1150000000,163.1200000000,163.1030000000,163.1160000000,177,10,0
1784713800,163.1170000000,163.1320000000,163.1130000000,163.1190000000,206,10,0
1784714100,163.1180000000,163.1240000000,163.0830000000,163.0850000000,279,10,0
1784714400,163.0850000000,163.1060000000,163.0850000000,163.1010000000,343,10,0
1784714700,163.1020000000,163.1090000000,163.0790000000,163.0820000000,224,11,0
1784715000,163.0830000000,163.0950000000,163.0620000000,163.0800000000,255,10,0
1784715300,163.0820000000,163.1050000000,163.0820000000,163.0920000000,258,10,0
1784715600,163.0950000000,163.1200000000,163.0830000000,163.1120000000,185,10,0
1784715900,163.1120000000,163.1320000000,163.1010000000,163.1270000000,208,10,0
1784716200,163.1280000000,163.1290000000,162.6680000000,162.9170000000,1255,10,0
1784716500,162.9180000000,162.9530000000,162.9150000000,162.9280000000,518,10,0
1784716800,162.9280000000,162.9440000000,162.8910000000,162.9380000000,504,10,0
1784717100,162.9390000000,162.9710000000,162.9190000000,162.9200000000,658,10,0
1784717400,162.9200000000,162.9390000000,162.8940000000,162.9050000000,499,10,0
1784717700,162.9050000000,162.9450000000,162.9020000000,162.9380000000,358,10,0
1784718000,162.9370000000,162.9600000000,162.9040000000,162.9520000000,548,10,0
1784718300,162.9530000000,163.0540000000,162.9460000000,163.0260000000,542,10,0
1784718600,163.0260000000,163.0540000000,163.0180000000,163.0530000000,429,10,0
1784718900,163.0530000000,163.1080000000,163.0520000000,163.0860000000,448,10,0
1784719200,163.0870000000,163.1010000000,163.0680000000,163.0680000000,332,10,0
1784719500,163.0690000000,163.0780000000,163.0450000000,163.0670000000,450,10,0
1784719800,163.0680000000,163.0690000000,163.0110000000,163.0290000000,510,10,0
1784720100,163.0300000000,163.0310000000,162.9960000000,163.0140000000,249,10,0
1784720400,163.0140000000,163.0360000000,163.0010000000,163.0060000000,412,10,0
1784720700,163.0070000000,163.0290000000,162.9940000000,163.0290000000,455,10,0
1784721000,163.0290000000,163.0320000000,163.0120000000,163.0120000000,282,10,0
1784721300,163.0130000000,163.0140000000,162.9460000000,162.9520000000,344,10,0
1784721600,162.9530000000,162.9780000000,162.9380000000,162.9470000000,536,10,0
1784721900,162.9460000000,162.9720000000,162.9440000000,162.9520000000,395,10,0
1784722200,162.9510000000,162.9880000000,162.9450000000,162.9770000000,334,10,0
1784722500,162.9780000000,162.9890000000,162.9540000000,162.9620000000,335,10,0
1784722800,162.9620000000,162.9890000000,162.9620000000,162.9800000000,352,11,0
1784723100,162.9790000000,162.9840000000,162.9650000000,162.9730000000,382,10,0
1784723400,162.9740000000,163.0030000000,162.9740000000,162.9950000000,339,10,0
1784723700,162.9950000000,163.0030000000,162.9910000000,163.0030000000,226,10,0
1784724000,163.0030000000,163.0220000000,162.9920000000,162.9960000000,396,10,0
1784724300,162.9960000000,163.0160000000,162.9850000000,163.0110000000,291,10,0
1784724600,163.0120000000,163.0460000000,163.0110000000,163.0360000000,270,10,0
1784724900,163.0350000000,163.0470000000,163.0220000000,163.0280000000,220,10,0
1784725200,163.0280000000,163.0490000000,163.0080000000,163.0450000000,327,10,0
1784725500,163.0460000000,163.0650000000,163.0460000000,163.0640000000,168,11,0
1784725800,163.0640000000,163.0720000000,163.0500000000,163.0720000000,208,10,0
1784726100,163.0720000000,163.0730000000,163.0500000000,163.0580000000,206,10,0
1784726400,163.0580000000,163.0600000000,163.0390000000,163.0530000000,283,10,0
1784726700,163.0540000000,163.0540000000,163.0310000000,163.0370000000,150,10,0
1784727000,163.0380000000,163.0490000000,163.0270000000,163.0290000000,131,10,0
1784727300,163.0300000000,163.0310000000,163.0060000000,163.0150000000,186,10,0
1784727600,163.0160000000,163.0460000000,163.0160000000,163.0240000000,176,11,0
1784727900,163.0240000000,163.0390000000,163.0220000000,163.0390000000,144,10,0
1784728200,163.0390000000,163.0600000000,163.0370000000,163.0590000000,159,10,0
1784728500,163.0570000000,163.0610000000,163.0010000000,163.0180000000,337,10,0
1784728800,163.0160000000,163.0320000000,162.9870000000,163.0060000000,359,10,0
1784729100,163.0060000000,163.0170000000,162.9900000000,162.9940000000,175,10,0
1784729400,162.9940000000,163.0170000000,162.9920000000,163.0060000000,122,10,0
1784729700,163.0060000000,163.0310000000,163.0030000000,163.0100000000,148,10,0
1784730000,163.0100000000,163.0320000000,163.0070000000,163.0290000000,146,10,0
1784730300,163.0290000000,163.0390000000,163.0250000000,163.0350000000,132,10,0
1784730600,163.0360000000,163.0370000000,163.0080000000,163.0140000000,148,10,0
1784730900,163.0140000000,163.0330000000,163.0110000000,163.0180000000,142,10,0
1784731200,163.0220000000,163.0610000000,163.0200000000,163.0460000000,410,10,0
1784731500,163.0470000000,163.0530000000,163.0290000000,163.0410000000,211,11,0
1784731800,163.0410000000,163.0700000000,163.0360000000,163.0590000000,235,10,0
1784732100,163.0590000000,163.0740000000,163.0510000000,163.0700000000,140,10,0
1784732400,163.0660000000,163.0680000000,163.0460000000,163.0620000000,344,10,0
1784732700,163.0620000000,163.0730000000,163.0550000000,163.0620000000,200,10,0
1784733000,163.0610000000,163.0630000000,163.0440000000,163.0460000000,374,10,0
1784733300,163.0450000000,163.0580000000,163.0430000000,163.0480000000,333,10,0
1784733600,163.0470000000,163.0710000000,163.0420000000,163.0590000000,274,10,0
1784733900,163.0610000000,163.0730000000,163.0530000000,163.0590000000,203,10,0
1784734200,163.0600000000,163.0610000000,163.0450000000,163.0490000000,143,10,0
1784734500,163.0500000000,163.0610000000,163.0380000000,163.0470000000,293,10,0
1784734800,163.0480000000,163.0550000000,163.0330000000,163.0470000000,215,10,0
1784735100,163.0470000000,163.0720000000,163.0470000000,163.0640000000,285,10,0
1784735400,163.0630000000,163.0770000000,163.0600000000,163.0710000000,226,10,0
1784735700,163.0720000000,163.1310000000,163.0700000000,163.0980000000,649,10,0
1784736000,163.0990000000,163.1020000000,163.0630000000,163.0770000000,624,10,0
1784736300,163.0770000000,163.0900000000,163.0730000000,163.0890000000,274,10,0
1784736600,163.0880000000,163.1020000000,163.0730000000,163.0900000000,223,10,0
1784736900,163.0910000000,163.1040000000,163.0760000000,163.0790000000,240,10,0
1784737200,163.0780000000,163.0930000000,163.0640000000,163.0650000000,301,10,0
1784737500,163.0640000000,163.0760000000,163.0490000000,163.0650000000,266,10,0
1784737800,163.0630000000,163.0670000000,163.0080000000,163.0330000000,474,10,0
1784738100,163.0320000000,163.0380000000,163.0140000000,163.0150000000,372,10,0
1784738400,163.0160000000,163.0310000000,163.0090000000,163.0230000000,403,10,0
1784738700,163.0240000000,163.0480000000,163.0220000000,163.0360000000,337,10,0
1784739000,163.0350000000,163.0510000000,163.0340000000,163.0470000000,295,10,0
1784739300,163.0470000000,163.0840000000,163.0430000000,163.0530000000,410,10,0
1784739600,163.0520000000,163.0640000000,163.0420000000,163.0490000000,295,10,0
1784739900,163.0500000000,163.0790000000,163.0470000000,163.0660000000,317,10,0
1784740200,163.0700000000,163.0730000000,163.0480000000,163.0540000000,227,10,0
1784740500,163.0550000000,163.0620000000,163.0430000000,163.0580000000,334,10,0
1784740800,163.0590000000,163.0690000000,163.0460000000,163.0610000000,302,10,0
1784741100,163.0600000000,163.0770000000,163.0590000000,163.0690000000,250,10,0
1784741400,163.0680000000,163.0770000000,163.0500000000,163.0590000000,285,10,0
1784741700,163.0580000000,163.0700000000,163.0500000000,163.0500000000,281,10,0
1784742000,163.0500000000,163.0620000000,163.0460000000,163.0510000000,278,10,0
1784742300,163.0510000000,163.0520000000,163.0360000000,163.0520000000,301,10,0
1784742600,163.0510000000,163.0770000000,163.0500000000,163.0750000000,416,10,0
1784742900,163.0760000000,163.1150000000,163.0750000000,163.1120000000,382,10,0
1784743200,163.1130000000,163.1130000000,163.0720000000,163.0860000000,374,10,0
1784743500,163.0870000000,163.1010000000,163.0770000000,163.0840000000,282,10,0
1784743800,163.0830000000,163.0950000000,163.0740000000,163.0950000000,153,10,0
1784744100,163.0940000000,163.1160000000,163.0930000000,163.1120000000,146,10,0
1784744400,163.1110000000,163.1130000000,163.0980000000,163.1030000000,144,10,0
1784744700,163.1040000000,163.1090000000,163.1010000000,163.1030000000,148,10,0
1784745000,163.1020000000,163.1190000000,163.0970000000,163.1140000000,214,10,0
1784745300,163.1140000000,163.1280000000,163.1110000000,163.1150000000,232,10,0
1784745600,163.1150000000,163.1210000000,163.0950000000,163.1000000000,225,10,0
1784745900,163.1010000000,163.1120000000,163.0790000000,163.0790000000,237,10,0
1784746200,163.0780000000,163.0960000000,163.0650000000,163.0960000000,256,10,0
1784746500,163.0960000000,163.1030000000,163.0690000000,163.0740000000,190,10,0
1784746800,163.0740000000,163.0780000000,163.0600000000,163.0730000000,257,10,0
1784747100,163.0740000000,163.0920000000,163.0720000000,163.0870000000,205,10,0
1784747400,163.0870000000,163.1010000000,163.0870000000,163.0990000000,279,10,0
1784747700,163.0990000000,163.1230000000,163.0910000000,163.1030000000,337,10,0
1784748000,163.1030000000,163.1120000000,163.0950000000,163.0970000000,222,10,0
1784748300,163.0930000000,163.1040000000,163.0820000000,163.0870000000,241,10,0
1784748600,163.0870000000,163.1020000000,163.0750000000,163.1000000000,203,10,0
1784748900,163.1000000000,163.1100000000,163.0960000000,163.1040000000,145,10,0
1784749200,163.1040000000,163.1070000000,163.0970000000,163.1060000000,125,10,0
1784749500,163.1050000000,163.1120000000,163.0930000000,163.0930000000,149,10,0
1784749800,163.0920000000,163.1010000000,163.0890000000,163.0960000000,138,10,0
1784750100,163.0970000000,163.1070000000,163.0890000000,163.1060000000,190,10,0
1784750400,163.1060000000,163.1200000000,163.1010000000,163.1080000000,243,10,0
1784750700,163.1080000000,163.1210000000,163.1060000000,163.1190000000,140,10,0
1784751000,163.1180000000,163.1310000000,163.1160000000,163.1290000000,87,10,0
1784751300,163.1290000000,163.1330000000,163.1170000000,163.1320000000,206,10,0
1784751600,163.1320000000,163.1410000000,163.1260000000,163.1390000000,229,10,0
1784751900,163.1400000000,163.1410000000,163.1280000000,163.1290000000,157,10,0
1784752200,163.1300000000,163.1440000000,163.1300000000,163.1440000000,149,10,0
1784752500,163.1440000000,163.1590000000,163.1420000000,163.1590000000,139,10,0
1784752800,163.1620000000,163.1720000000,163.1540000000,163.1580000000,151,10,0
1784753100,163.1580000000,163.1590000000,163.1490000000,163.1580000000,135,10,0
1784753400,163.1570000000,163.1600000000,163.1420000000,163.1550000000,122,10,0
1784753700,163.1560000000,163.1580000000,163.1430000000,163.1500000000,192,10,0
1784754000,163.1500000000,163.1670000000,163.1500000000,163.1640000000,152,10,0
1784754300,163.1650000000,163.1680000000,163.1400000000,163.1520000000,272,10,0
1784754600,163.1530000000,163.1540000000,163.1460000000,163.1520000000,171,11,0
1784754900,163.1530000000,163.1660000000,163.1480000000,163.1490000000,270,10,0
1784755200,163.1490000000,163.1520000000,163.1220000000,163.1260000000,266,10,0
1784755500,163.1250000000,163.1350000000,163.1220000000,163.1240000000,241,10,0
1784755800,163.1240000000,163.1310000000,163.1210000000,163.1230000000,107,10,0
1784756100,163.1220000000,163.1240000000,163.1080000000,163.1090000000,150,10,0
1784756400,163.1100000000,163.1240000000,163.1100000000,163.1150000000,161,10,0
1784756700,163.1160000000,163.1180000000,163.1030000000,163.1160000000,137,10,0
1784757000,163.1170000000,163.1270000000,163.1160000000,163.1190000000,140,10,0
1784757300,163.1190000000,163.1330000000,163.1190000000,163.1230000000,163,11,0
1784757600,163.1220000000,163.1380000000,163.1140000000,163.1160000000,220,10,0
1784757900,163.1150000000,163.1310000000,163.1120000000,163.1290000000,163,11,0
1784758200,163.1300000000,163.1410000000,163.1290000000,163.1410000000,106,11,0
1784758500,163.1400000000,163.1410000000,163.1310000000,163.1340000000,192,11,0
1784758800,163.1350000000,163.1350000000,163.1280000000,163.1310000000,128,10,0
1784759100,163.1310000000,163.1420000000,163.1300000000,163.1390000000,126,11,0
1784759400,163.1400000000,163.1450000000,163.1280000000,163.1390000000,180,11,0
1784759700,163.1390000000,163.1470000000,163.1390000000,163.1450000000,214,11,0
1784760000,163.1440000000,163.1490000000,163.1420000000,163.1460000000,152,11,0
1784760300,163.1450000000,163.1490000000,163.1430000000,163.1440000000,83,12,0
1784760600,163.1450000000,163.1550000000,163.1420000000,163.1530000000,167,10,0
1784760900,163.1510000000,163.1550000000,163.1390000000,163.1430000000,333,10,0
1784761200,163.1430000000,163.1490000000,163.1290000000,163.1490000000,275,10,0
1784761500,163.1490000000,163.1490000000,163.1330000000,163.1330000000,225,10,0
1784761800,163.1330000000,163.1440000000,163.1330000000,163.1420000000,175,10,0
1784762100,163.1430000000,163.1480000000,163.1360000000,163.1430000000,85,12,0
1784762400,163.1430000000,163.1480000000,163.1390000000,163.1480000000,71,11,0
1784762700,163.1490000000,163.1490000000,163.1370000000,163.1430000000,74,10,0
1784763000,163.1430000000,163.1460000000,163.1370000000,163.1420000000,129,10,0
1784763300,163.1430000000,163.1460000000,163.1410000000,163.1430000000,110,11,0
1784763600,163.1420000000,163.1470000000,163.1400000000,163.1440000000,90,12,0
1784763900,163.1450000000,163.1590000000,163.1450000000,163.1580000000,166,11,0
1784764200,163.1590000000,163.1590000000,163.1510000000,163.1550000000,553,13,0
1784764500,163.1540000000,163.1560000000,163.1310000000,163.1340000000,133,10,0
1784764800,163.1270000000,163.1270000000,163.0750000000,163.0790000000,10,32,0
1784765100,163.0770000000,163.0920000000,163.0770000000,163.0830000000,10,82,0
1784765400,163.0840000000,163.1110000000,163.0790000000,163.0830000000,16,60,0
1784765700,163.0830000000,163.0880000000,163.0830000000,163.0840000000,16,69,0
1784766000,163.0850000000,163.0890000000,163.0840000000,163.0890000000,17,71,0
1784766300,163.0870000000,163.0900000000,163.0870000000,163.0900000000,24,61,0
1784766600,163.0890000000,163.0950000000,163.0830000000,163.0840000000,35,58,0
1784766900,163.0840000000,163.0990000000,163.0840000000,163.0870000000,66,41,0
1784767200,163.0840000000,163.1030000000,163.0830000000,163.0840000000,40,49,0
1784767500,163.0840000000,163.0920000000,163.0820000000,163.0830000000,14,59,0
1784767800,163.0810000000,163.0940000000,163.0810000000,163.0930000000,34,53,0
1784768100,163.0930000000,163.0930000000,163.0780000000,163.0780000000,15,54,0
1784768400,163.0780000000,163.1220000000,163.0780000000,163.0900000000,53,11,0
1784768700,163.0910000000,163.1050000000,163.0740000000,163.1000000000,32,10,0
1784769000,163.1020000000,163.1060000000,163.0840000000,163.0900000000,70,10,0
1784769300,163.0870000000,163.0950000000,163.0740000000,163.0900000000,134,13,0
1784769600,163.0900000000,163.0950000000,163.0860000000,163.0910000000,26,11,0
1784769900,163.0910000000,163.0980000000,163.0910000000,163.0940000000,15,16,0
1784770200,163.0960000000,163.1160000000,163.0900000000,163.1090000000,53,10,0
1784770500,163.1090000000,163.1210000000,163.1060000000,163.1210000000,24,15,0
1784770800,163.1200000000,163.1430000000,163.1200000000,163.1210000000,99,14,0
1784771100,163.1190000000,163.1250000000,163.1170000000,163.1170000000,49,13,0
1784771400,163.1170000000,163.1180000000,163.1030000000,163.1040000000,78,15,0
1784771700,163.1030000000,163.1150000000,163.1020000000,163.1080000000,37,12,0
1784772000,163.1080000000,163.1090000000,163.0850000000,163.0990000000,92,12,0
1784772300,163.1000000000,163.1100000000,163.0920000000,163.1100000000,58,13,0
1784772600,163.1090000000,163.1170000000,163.1080000000,163.1080000000,61,14,0
1784772900,163.1090000000,163.1100000000,163.0890000000,163.0920000000,116,12,0
1784773200,163.0910000000,163.1050000000,163.0890000000,163.1050000000,55,13,0
1784773500,163.1060000000,163.1080000000,163.1010000000,163.1030000000,37,11,0
1784773800,163.1040000000,163.1070000000,163.0940000000,163.0950000000,79,12,0
1784774100,163.0940000000,163.0970000000,163.0900000000,163.0950000000,52,13,0
1784774400,163.0940000000,163.1000000000,163.0890000000,163.0900000000,82,14,0
1784774700,163.0910000000,163.0970000000,163.0900000000,163.0950000000,85,13,0
1784775000,163.0940000000,163.1050000000,163.0940000000,163.0980000000,88,12,0
1784775300,163.0990000000,163.1050000000,163.0820000000,163.0820000000,167,12,0
1784775600,163.0820000000,163.0950000000,163.0580000000,163.0750000000,357,10,0
1784775900,163.0770000000,163.0990000000,163.0760000000,163.0920000000,226,10,0
1784776200,163.0920000000,163.1000000000,163.0820000000,163.0960000000,179,10,0
1784776500,163.0960000000,163.1080000000,163.0900000000,163.0990000000,202,10,0
1784776800,163.0990000000,163.1080000000,163.0760000000,163.0810000000,291,10,0
1784777100,163.0800000000,163.0950000000,163.0790000000,163.0910000000,233,10,0
1784777400,163.0910000000,163.1010000000,163.0870000000,163.0940000000,192,10,0
1784777700,163.0940000000,163.0990000000,163.0880000000,163.0900000000,175,11,0
1784778000,163.0890000000,163.0970000000,163.0820000000,163.0910000000,207,11,0
1784778300,163.0910000000,163.1160000000,163.0890000000,163.1150000000,197,10,0
1784778600,163.1140000000,163.1330000000,163.0580000000,163.0640000000,427,10,0
1784778900,163.0650000000,163.0950000000,163.0400000000,163.0520000000,372,10,0
1784779200,163.0480000000,163.0800000000,163.0190000000,163.0790000000,569,10,0
1784779500,163.0800000000,163.0800000000,163.0530000000,163.0570000000,407,10,0
1784779800,163.0570000000,163.0670000000,163.0240000000,163.0590000000,401,10,0
1784780100,163.0600000000,163.0660000000,163.0430000000,163.0600000000,388,11,0
1784780400,163.0600000000,163.0660000000,163.0570000000,163.0620000000,139,10,0
1784780700,163.0600000000,163.0650000000,163.0530000000,163.0650000000,127,10,0
1784781000,163.0650000000,163.0650000000,163.0280000000,163.0290000000,357,10,0
1784781300,163.0280000000,163.0300000000,162.9930000000,163.0160000000,466,11,0
1784781600,163.0140000000,163.0240000000,162.9890000000,163.0240000000,450,10,0
1784781900,163.0240000000,163.0450000000,163.0230000000,163.0420000000,345,10,0
1784782200,163.0430000000,163.0520000000,163.0370000000,163.0410000000,306,10,0
1784782500,163.0400000000,163.0600000000,163.0370000000,163.0600000000,232,10,0
1784782800,163.0600000000,163.0720000000,163.0580000000,163.0640000000,195,10,0
1784783100,163.0640000000,163.0700000000,163.0420000000,163.0520000000,269,11,0
1784783400,163.0540000000,163.0630000000,163.0510000000,163.0570000000,169,10,0
1784783700,163.0560000000,163.0600000000,163.0500000000,163.0570000000,171,11,0
1784784000,163.0580000000,163.0590000000,163.0400000000,163.0530000000,202,10,0
1784784300,163.0540000000,163.0710000000,163.0500000000,163.0650000000,177,10,0
1784784600,163.0650000000,163.0790000000,163.0570000000,163.0780000000,160,10,0
1784784900,163.0780000000,163.0910000000,163.0690000000,163.0820000000,213,10,0
1784785200,163.0820000000,163.0840000000,163.0690000000,163.0710000000,104,10,0
1784785500,163.0710000000,163.0810000000,163.0550000000,163.0590000000,227,10,0
1784785800,163.0590000000,163.0700000000,163.0580000000,163.0680000000,122,10,0
1784786100,163.0670000000,163.0680000000,163.0590000000,163.0630000000,116,10,0
1784786400,163.0620000000,163.0710000000,163.0530000000,163.0630000000,178,10,0
1784786700,163.0620000000,163.0770000000,163.0610000000,163.0640000000,117,10,0
1784787000,163.0650000000,163.0790000000,163.0550000000,163.0780000000,156,11,0
1784787300,163.0790000000,163.0790000000,163.0550000000,163.0560000000,133,11,0
1784787600,163.0550000000,163.0680000000,163.0540000000,163.0540000000,175,10,0
1784787900,163.0530000000,163.0550000000,163.0380000000,163.0520000000,171,10,0
1784788200,163.0510000000,163.0570000000,163.0410000000,163.0410000000,209,11,0
1784788500,163.0420000000,163.0590000000,163.0410000000,163.0500000000,100,10,0
1784788800,163.0510000000,163.0530000000,163.0370000000,163.0410000000,112,13,0
1784789100,163.0410000000,163.0520000000,163.0380000000,163.0420000000,144,11,0
1784789400,163.0420000000,163.0490000000,163.0350000000,163.0370000000,131,10,0
1784789700,163.0380000000,163.0490000000,163.0260000000,163.0370000000,169,11,0
1784790000,163.0380000000,163.0500000000,163.0350000000,163.0500000000,125,11,0
1784790300,163.0500000000,163.0550000000,163.0250000000,163.0310000000,225,10,0
1784790600,163.0300000000,163.0520000000,163.0300000000,163.0470000000,160,10,0
1784790900,163.0480000000,163.0540000000,163.0460000000,163.0530000000,127,11,0
1784791200,163.0520000000,163.0540000000,163.0470000000,163.0500000000,56,10,0
1784791500,163.0490000000,163.0500000000,163.0360000000,163.0380000000,63,11,0
1784791800,163.0370000000,163.0500000000,163.0370000000,163.0470000000,74,11,0
1784792100,163.0470000000,163.0500000000,163.0380000000,163.0490000000,108,10,0
1784792400,163.0490000000,163.0550000000,163.0490000000,163.0510000000,45,11,0
1784792700,163.0580000000,163.0680000000,163.0500000000,163.0630000000,141,11,0
1784793000,163.0630000000,163.0720000000,163.0540000000,163.0700000000,187,10,0
1784793300,163.0700000000,163.0770000000,163.0620000000,163.0660000000,187,11,0
1784793600,163.0660000000,163.0750000000,163.0620000000,163.0740000000,192,10,0
1784793900,163.0730000000,163.0780000000,163.0730000000,163.0760000000,53,12,0
1784794200,163.0760000000,163.0780000000,163.0720000000,163.0740000000,91,10,0
1784794500,163.0740000000,163.1000000000,163.0740000000,163.0960000000,130,10,0
1784794800,163.0950000000,163.1030000000,163.0890000000,163.0900000000,105,10,0
1784795100,163.0980000000,163.1000000000,163.0860000000,163.0880000000,70,10,0
1784795400,163.0890000000,163.0900000000,163.0780000000,163.0810000000,113,10,0
1784795700,163.0810000000,163.0820000000,163.0610000000,163.0680000000,158,11,0
1784796000,163.0680000000,163.0870000000,163.0660000000,163.0780000000,137,10,0
1784796300,163.0790000000,163.0880000000,163.0750000000,163.0830000000,141,11,0
1784796600,163.0830000000,163.0950000000,163.0810000000,163.0930000000,163,10,0
1784796900,163.0930000000,163.1050000000,163.0900000000,163.1040000000,135,11,0
1784797200,163.1030000000,163.1120000000,163.0890000000,163.0990000000,281,10,0
1784797500,163.1000000000,163.1090000000,163.0890000000,163.0960000000,215,10,0
1784797800,163.0950000000,163.0960000000,163.0670000000,163.0720000000,270,10,0
1784798100,163.0720000000,163.0940000000,163.0720000000,163.0810000000,147,10,0
1784798400,163.0810000000,163.0840000000,163.0700000000,163.0740000000,207,10,0
1784798700,163.0730000000,163.0870000000,163.0650000000,163.0670000000,370,10,0
1784799000,163.0670000000,163.0790000000,163.0640000000,163.0710000000,313,11,0
1784799300,163.0700000000,163.0840000000,163.0700000000,163.0830000000,205,10,0
1784799600,163.0830000000,163.0920000000,163.0770000000,163.0830000000,137,10,0
1784799900,163.0830000000,163.0920000000,163.0810000000,163.0830000000,159,10,0
1784800200,163.0840000000,163.1020000000,163.0820000000,163.0880000000,212,10,0
1784800500,163.0880000000,163.1110000000,163.0880000000,163.1040000000,102,10,0
1784800800,163.1060000000,163.1460000000,163.1050000000,163.1420000000,226,10,0
1784801100,163.1430000000,163.1490000000,163.1290000000,163.1390000000,335,10,0
1784801400,163.1400000000,163.1430000000,163.1240000000,163.1280000000,432,10,0
1784801700,163.1280000000,163.1500000000,163.1280000000,163.1440000000,352,10,0
1784802000,163.1440000000,163.1510000000,163.1390000000,163.1430000000,314,11,0
1784802300,163.1430000000,163.1660000000,163.1430000000,163.1610000000,252,10,0
1784802600,163.1620000000,163.1720000000,163.1590000000,163.1600000000,150,10,0
1784802900,163.1590000000,163.1830000000,163.1590000000,163.1790000000,132,10,0
1784803200,163.1790000000,163.2560000000,163.1790000000,163.2240000000,520,10,0
1784803500,163.2230000000,163.3370000000,163.2230000000,163.3010000000,873,10,0
1784803800,163.3000000000,163.4090000000,163.2970000000,163.4010000000,754,10,0
1784804100,163.4030000000,163.4200000000,163.1870000000,163.3110000000,785,10,0
1784804400,163.3110000000,163.3600000000,163.2830000000,163.3520000000,711,10,0
1784804700,163.3520000000,163.3610000000,163.3270000000,163.3280000000,329,10,0
1784805000,163.3280000000,163.3920000000,163.3280000000,163.3770000000,343,10,0
1784805300,163.3770000000,163.3840000000,163.3560000000,163.3700000000,367,10,0
1784805600,163.3690000000,163.3950000000,163.3650000000,163.3760000000,361,10,0
1784805900,163.3760000000,163.3940000000,163.3690000000,163.3920000000,277,10,0
1784806200,163.3930000000,163.4200000000,163.3890000000,163.4030000000,341,10,0
1784806500,163.4030000000,163.4200000000,163.3950000000,163.4120000000,291,10,0
1784806800,163.4120000000,163.4360000000,163.3650000000,163.3890000000,407,10,0
1784807100,163.3900000000,163.3960000000,163.3300000000,163.3490000000,690,10,0
1784807400,163.3480000000,163.3700000000,163.3440000000,163.3670000000,419,10,0
1784807700,163.3680000000,163.3770000000,163.3280000000,163.3330000000,322,10,0
1784808000,163.3330000000,163.3530000000,163.2970000000,163.2980000000,545,10,0
1784808300,163.2980000000,163.3300000000,163.2840000000,163.3270000000,389,10,0
1784808600,163.3270000000,163.3580000000,163.3240000000,163.3570000000,243,10,0
1784808900,163.3570000000,163.3650000000,163.3340000000,163.3560000000,354,10,0
1784809200,163.3560000000,163.3760000000,163.3490000000,163.3750000000,401,10,0
1784809500,163.3750000000,163.3920000000,163.3700000000,163.3730000000,482,11,0
1784809800,163.3720000000,163.3750000000,163.3510000000,163.3540000000,299,11,0
1784810100,163.3550000000,163.3560000000,163.3380000000,163.3390000000,235,11,0
1784810400,163.3390000000,163.3480000000,163.3150000000,163.3350000000,281,10,0
1784810700,163.3340000000,163.3620000000,163.3280000000,163.3610000000,197,10,0
1784811000,163.3620000000,163.3700000000,163.3510000000,163.3550000000,200,10,0
1784811300,163.3540000000,163.3770000000,163.3530000000,163.3650000000,212,10,0
1784811600,163.3660000000,163.3710000000,163.3530000000,163.3640000000,223,10,0
1784811900,163.3620000000,163.3780000000,163.3540000000,163.3720000000,318,11,0
1784812200,163.3720000000,163.3790000000,163.3500000000,163.3540000000,201,10,0
1784812500,163.3530000000,163.3610000000,163.3400000000,163.3610000000,253,11,0
1784812800,163.3600000000,163.3650000000,163.3460000000,163.3540000000,274,10,0
1784813100,163.3530000000,163.3650000000,163.3490000000,163.3570000000,232,11,0
1784813400,163.3580000000,163.3590000000,163.3440000000,163.3480000000,251,10,0
1784813700,163.3470000000,163.3680000000,163.3450000000,163.3630000000,156,10,0
1784814000,163.3630000000,163.3670000000,163.3500000000,163.3530000000,187,10,0
1784814300,163.3540000000,163.3770000000,163.3530000000,163.3650000000,210,10,0
1784814600,163.3640000000,163.3730000000,163.3520000000,163.3540000000,184,10,0
1784814900,163.3560000000,163.3690000000,163.3520000000,163.3680000000,163,10,0
1784815200,163.3680000000,163.3760000000,163.3640000000,163.3660000000,275,10,0
1784815500,163.3660000000,163.3700000000,163.3560000000,163.3650000000,215,11,0
1784815800,163.3660000000,163.3670000000,163.3530000000,163.3560000000,168,12,0
1784816100,163.3550000000,163.3790000000,163.3550000000,163.3780000000,200,10,0
1784816400,163.3790000000,163.3970000000,163.3770000000,163.3940000000,178,10,0
1784816700,163.3950000000,163.4200000000,163.3930000000,163.4120000000,173,10,0
1784817000,163.4130000000,163.4390000000,163.4090000000,163.4270000000,373,11,0
1784817300,163.4280000000,163.5220000000,163.4280000000,163.5110000000,750,10,0
1784817600,163.5100000000,163.6430000000,163.5090000000,163.5820000000,749,10,0
1784817900,163.5800000000,163.5840000000,163.3240000000,163.4810000000,935,10,0
1784818200,163.4820000000,163.4870000000,163.4080000000,163.4870000000,912,10,0
1784818500,163.4870000000,163.5020000000,163.4610000000,163.4840000000,546,10,0
1784818800,163.4860000000,163.5090000000,163.4760000000,163.4780000000,548,10,0
1784819100,163.4780000000,163.4930000000,163.4520000000,163.4610000000,441,10,0
1784819400,163.4610000000,163.4880000000,163.4560000000,163.4710000000,281,10,0
1784819700,163.4700000000,163.5130000000,163.4630000000,163.4850000000,414,10,0
1784820000,163.4860000000,163.5680000000,163.4860000000,163.5610000000,441,10,0
1784820300,163.5610000000,163.5890000000,163.5560000000,163.5660000000,393,10,0
1784820600,163.5940000000,163.6050000000,163.5740000000,163.5960000000,388,10,0
1784820900,163.5980000000,163.6850000000,163.5890000000,163.6700000000,585,10,0
1784821200,163.6690000000,163.7520000000,163.6680000000,163.7060000000,730,10,0
1784821500,163.7070000000,163.7170000000,163.6720000000,163.6770000000,790,10,0
1784821800,163.6780000000,163.7010000000,163.6630000000,163.6660000000,737,10,0
1784822100,163.6660000000,163.6850000000,163.6450000000,163.6690000000,674,10,0
1784822400,163.6700000000,163.7450000000,163.6600000000,163.7300000000,719,10,0
1784822700,163.7310000000,163.7960000000,163.7240000000,163.7880000000,497,10,0
1784823000,163.7880000000,163.8450000000,163.7710000000,163.8060000000,624,10,0
1784823300,163.8070000000,163.8190000000,163.7690000000,163.7820000000,658,10,0
1784823600,163.7830000000,163.8190000000,163.7700000000,163.8090000000,538,10,0
1784823900,163.8070000000,163.8120000000,163.7740000000,163.7830000000,515,10,0
1784824200,163.7830000000,163.7870000000,163.7360000000,163.7470000000,761,10,0
1784824500,163.7480000000,163.7860000000,163.7300000000,163.7800000000,737,10,0
1784824800,163.7800000000,163.8380000000,163.7760000000,163.8380000000,754,10,0
1784825100,163.8390000000,163.8800000000,163.8360000000,163.8560000000,666,10,0
1784825400,163.8550000000,163.8880000000,163.8380000000,163.8770000000,604,10,0
1784825700,163.8780000000,163.9590000000,163.8630000000,163.9570000000,720,10,0
1784826000,163.9560000000,163.9560000000,163.8830000000,163.9410000000,479,10,0
1784826300,163.9400000000,163.9420000000,163.9150000000,163.9270000000,499,10,0
1784826600,163.9280000000,163.9360000000,163.8750000000,163.8900000000,571,10,0
1784826900,163.8890000000,163.9420000000,163.8680000000,163.9330000000,625,10,0
1784827200,163.9340000000,163.9460000000,163.8990000000,163.8990000000,475,10,0
1784827500,163.9000000000,163.9360000000,163.9000000000,163.9340000000,457,10,0
1784827800,163.9330000000,163.9480000000,163.9160000000,163.9310000000,390,10,0
1784828100,163.9310000000,163.9420000000,163.8890000000,163.9050000000,586,10,0
1784828400,163.9050000000,163.9340000000,163.9010000000,163.9340000000,382,10,0
1784828700,163.9330000000,163.9700000000,163.9320000000,163.9680000000,362,10,0
1784829000,163.9680000000,163.9720000000,163.9400000000,163.9550000000,340,10,0
1784829300,163.9610000000,163.9820000000,163.9150000000,163.9170000000,550,10,0
1784829600,163.9150000000,163.9470000000,163.8600000000,163.8620000000,778,10,0
1784829900,163.8630000000,163.8990000000,163.8430000000,163.8780000000,456,10,0
1784830200,163.8770000000,163.8910000000,163.8450000000,163.8550000000,410,10,0
1784830500,163.8560000000,163.8790000000,163.8460000000,163.8760000000,374,10,0
1784830800,163.8750000000,163.8760000000,163.7680000000,163.8420000000,1042,10,0
1784831100,163.8430000000,163.8660000000,163.8120000000,163.8630000000,519,10,0
1784831400,163.8640000000,163.9100000000,163.8530000000,163.8770000000,758,10,0
1784831700,163.8760000000,163.9060000000,163.8070000000,163.8180000000,779,10,0
1784832000,163.8220000000,163.8280000000,163.7860000000,163.8140000000,426,10,0
1784832300,163.8130000000,163.8390000000,163.8130000000,163.8270000000,367,10,0
1784832600,163.8280000000,163.8330000000,163.7960000000,163.7980000000,294,10,0
1784832900,163.7970000000,163.8270000000,163.7820000000,163.7990000000,332,10,0
1784833200,163.7990000000,163.8180000000,163.7880000000,163.8180000000,323,10,0
1784833500,163.8170000000,163.8290000000,163.8110000000,163.8170000000,285,10,0
1784833800,163.8160000000,163.8170000000,163.7760000000,163.7780000000,313,10,0
1784834100,163.7770000000,163.8260000000,163.7610000000,163.8140000000,388,10,0
1784834400,163.8140000000,163.8140000000,163.7820000000,163.7880000000,307,10,0
1784834700,163.7860000000,163.7880000000,163.7380000000,163.7400000000,359,10,0
1784835000,163.7390000000,163.7780000000,163.7150000000,163.7740000000,415,10,0
1784835300,163.7750000000,163.7920000000,163.7590000000,163.7760000000,301,10,0
1784835600,163.7750000000,163.7760000000,163.7460000000,163.7510000000,261,10,0
1784835900,163.7520000000,163.7740000000,163.7460000000,163.7520000000,243,10,0
1784836200,163.7540000000,163.7700000000,163.7460000000,163.7680000000,246,10,0
1784836500,163.7680000000,163.7710000000,163.7600000000,163.7640000000,199,10,0
1784836800,163.7630000000,163.7840000000,163.7230000000,163.7280000000,388,10,0
1784837100,163.7240000000,163.7600000000,163.7120000000,163.7490000000,469,10,0
1784837400,163.7480000000,163.7650000000,163.7480000000,163.7640000000,334,10,0
1784837700,163.7640000000,163.7730000000,163.7470000000,163.7510000000,323,10,0
1784838000,163.7510000000,163.7670000000,163.7340000000,163.7640000000,221,10,0
1784838300,163.7650000000,163.7800000000,163.7640000000,163.7770000000,156,10,0
1784838600,163.7770000000,163.7910000000,163.7750000000,163.7860000000,229,10,0
1784838900,163.7870000000,163.8030000000,163.7860000000,163.7870000000,274,10,0
1784839200,163.7870000000,163.8010000000,163.7780000000,163.8000000000,239,10,0
1784839500,163.8000000000,163.8200000000,163.8000000000,163.8140000000,300,10,0
1784839800,163.8140000000,163.8170000000,163.8020000000,163.8070000000,173,10,0
1784840100,163.8080000000,163.8390000000,163.8070000000,163.8360000000,230,10,0
1784840400,163.8360000000,163.8420000000,163.8160000000,163.8260000000,159,10,0
1784840700,163.8270000000,163.8310000000,163.8140000000,163.8170000000,164,10,0
1784841000,163.8180000000,163.8190000000,163.7980000000,163.8030000000,200,10,0
1784841300,163.8030000000,163.8050000000,163.7850000000,163.7970000000,238,10,0
1784841600,163.7970000000,163.8040000000,163.7900000000,163.8030000000,180,10,0
1784841900,163.8040000000,163.8040000000,163.7780000000,163.7890000000,318,10,0
1784842200,163.7890000000,163.7900000000,163.7720000000,163.7830000000,318,10,0
1784842500,163.7830000000,163.8070000000,163.7750000000,163.8040000000,180,10,0
1784842800,163.8040000000,163.8140000000,163.7880000000,163.7880000000,179,10,0
1784843100,163.7870000000,163.8010000000,163.7870000000,163.7990000000,142,10,0
1784843400,163.8000000000,163.8040000000,163.7960000000,163.8030000000,127,10,0
1784843700,163.8030000000,163.8140000000,163.7910000000,163.7990000000,186,10,0
1784844000,163.7970000000,163.8030000000,163.7740000000,163.7900000000,329,11,0
1784844300,163.7900000000,163.8030000000,163.7870000000,163.8000000000,146,10,0
1784844600,163.8000000000,163.8140000000,163.7960000000,163.8140000000,91,10,0
1784844900,163.8150000000,163.8270000000,163.8090000000,163.8270000000,160,11,0
1784845200,163.8260000000,163.8310000000,163.8180000000,163.8230000000,186,10,0
1784845500,163.8230000000,163.8310000000,163.8010000000,163.8030000000,130,10,0
1784845800,163.8030000000,163.8130000000,163.7630000000,163.8120000000,468,10,0
1784846100,163.8130000000,163.8170000000,163.8080000000,163.8140000000,223,10,0
1784846400,163.8130000000,163.8390000000,163.8130000000,163.8390000000,170,11,0
1784846700,163.8390000000,163.8530000000,163.8370000000,163.8380000000,143,10,0
1784847000,163.8370000000,163.8390000000,163.8240000000,163.8270000000,287,10,0
1784847300,163.8260000000,163.8280000000,163.8040000000,163.8180000000,136,11,0
1784847600,163.8200000000,163.8210000000,163.7970000000,163.8030000000,187,10,0
1784847900,163.8070000000,163.8120000000,163.7990000000,163.7990000000,123,10,0
1784848200,163.8000000000,163.8190000000,163.7990000000,163.8180000000,68,11,0
1784848500,163.8180000000,163.8290000000,163.8170000000,163.8180000000,99,11,0
1784848800,163.8180000000,163.8350000000,163.8140000000,163.8310000000,54,11,0
1784849100,163.8310000000,163.8340000000,163.8100000000,163.8210000000,81,10,0
1784849400,163.8200000000,163.8590000000,163.8140000000,163.8580000000,94,10,0
1784849700,163.8580000000,163.8590000000,163.8520000000,163.8570000000,61,12,0
1784850000,163.8570000000,163.8720000000,163.8520000000,163.8680000000,73,12,0
1784850300,163.8670000000,163.8680000000,163.8530000000,163.8560000000,133,10,0
1784850600,163.8560000000,163.8630000000,163.8470000000,163.8520000000,61,10,0
1784850900,163.8500000000,163.8550000000,163.8220000000,163.8220000000,125,21,0
1784851200,163.8210000000,163.8210000000,163.7620000000,163.8110000000,16,57,0
1784851500,163.7990000000,163.7990000000,163.7850000000,163.7990000000,6,123,0
1784851800,163.7990000000,163.8100000000,163.7960000000,163.8070000000,12,77,0
1784852100,163.8070000000,163.8400000000,163.8070000000,163.8380000000,15,47,0
1784852400,163.8380000000,163.8480000000,163.8370000000,163.8390000000,32,28,0
1784852700,163.8390000000,163.8520000000,163.8380000000,163.8400000000,9,35,0
1784853000,163.8320000000,163.8320000000,163.8190000000,163.8190000000,14,38,0
1784853300,163.8190000000,163.8210000000,163.8080000000,163.8080000000,16,57,0
1784853600,163.8080000000,163.8080000000,163.7630000000,163.7830000000,25,57,0
1784853900,163.7810000000,163.7850000000,163.7620000000,163.7620000000,23,51,0
1784854200,163.7620000000,163.7760000000,163.7550000000,163.7760000000,54,60,0
1784854500,163.7760000000,163.7970000000,163.7410000000,163.7660000000,29,41,0
1784854800,163.7850000000,163.8310000000,163.7740000000,163.8170000000,96,10,0
1784855100,163.8170000000,163.8220000000,163.8070000000,163.8210000000,39,21,0
1784855400,163.8210000000,163.8350000000,163.8210000000,163.8270000000,41,18,0
1784855700,163.8270000000,163.8290000000,163.8270000000,163.8290000000,28,19,0
1784856000,163.8290000000,163.8330000000,163.8240000000,163.8250000000,33,18,0
1784856300,163.8270000000,163.8410000000,163.8270000000,163.8350000000,45,14,0
1784856600,163.8410000000,163.8440000000,163.8370000000,163.8370000000,50,17,0
1784856900,163.8370000000,163.8370000000,163.8190000000,163.8220000000,52,10,0
1784857200,163.8230000000,163.8230000000,163.8190000000,163.8230000000,59,18,0
1784857500,163.8220000000,163.8390000000,163.8210000000,163.8370000000,34,18,0
1784857800,163.8370000000,163.8380000000,163.8260000000,163.8380000000,84,18,0
1784858100,163.8380000000,163.8390000000,163.8360000000,163.8390000000,26,17,0
1784858400,163.8380000000,163.8430000000,163.8370000000,163.8410000000,48,11,0
1784858700,163.8410000000,163.8430000000,163.8400000000,163.8400000000,32,12,0
1784859000,163.8400000000,163.8420000000,163.8290000000,163.8290000000,68,13,0
1784859300,163.8280000000,163.8290000000,163.8210000000,163.8250000000,83,13,0
1784859600,163.8250000000,163.8250000000,163.8210000000,163.8240000000,39,14,0
1784859900,163.8220000000,163.8220000000,163.8100000000,163.8120000000,68,12,0
1784860200,163.8110000000,163.8160000000,163.8000000000,163.8100000000,36,10,0
1784860500,163.8110000000,163.8230000000,163.8100000000,163.8220000000,42,11,0
1784860800,163.8210000000,163.8310000000,163.8190000000,163.8240000000,114,10,0
1784861100,163.8230000000,163.8340000000,163.8200000000,163.8330000000,164,10,0
1784861400,163.8320000000,163.8620000000,163.8280000000,163.8620000000,173,10,0
1784861700,163.8600000000,163.8620000000,163.8340000000,163.8340000000,337,12,0
1784862000,163.8350000000,163.8980000000,163.8300000000,163.8490000000,567,10,0
1784862300,163.8490000000,163.8910000000,163.7900000000,163.8490000000,545,10,0
1784862600,163.8480000000,163.8540000000,163.8170000000,163.8450000000,408,10,0
1784862900,163.8440000000,163.8840000000,163.8390000000,163.8430000000,529,10,0
1784863200,163.8420000000,163.8610000000,163.8250000000,163.8330000000,337,10,0
1784863500,163.8340000000,163.8660000000,163.8330000000,163.8560000000,310,10,0
1784863800,163.8570000000,163.8670000000,163.8380000000,163.8590000000,265,10,0
1784864100,163.8590000000,163.8770000000,163.8490000000,163.8760000000,173,10,0
1784864400,163.8760000000,163.9200000000,163.8760000000,163.9190000000,205,10,0
1784864700,163.9190000000,163.9210000000,163.8870000000,163.9020000000,332,10,0
1784865000,163.9010000000,163.9320000000,163.8690000000,163.9260000000,706,10,0
1784865300,163.9270000000,163.9270000000,163.8090000000,163.8090000000,799,10,0
1784865600,163.8030000000,163.8460000000,163.7970000000,163.8450000000,529,10,0
1784865900,163.8460000000,163.8520000000,163.8090000000,163.8270000000,421,10,0
1784866200,163.8260000000,163.8560000000,163.8240000000,163.8410000000,232,10,0
1784866500,163.8420000000,163.8490000000,163.7730000000,163.8060000000,550,10,0
1784866800,163.8070000000,163.8190000000,163.7860000000,163.8020000000,414,10,0
1784867100,163.8030000000,163.8370000000,163.8020000000,163.8360000000,376,11,0
1784867400,163.8350000000,163.8390000000,163.7690000000,163.7770000000,518,10,0
1784867700,163.7770000000,163.7910000000,163.7410000000,163.7640000000,577,11,0
1784868000,163.7630000000,163.7630000000,163.7180000000,163.7280000000,585,10,0
1784868300,163.7280000000,163.7610000000,163.7270000000,163.7530000000,376,10,0
1784868600,163.7520000000,163.7630000000,163.7440000000,163.7530000000,346,10,0
1784868900,163.7530000000,163.7760000000,163.7530000000,163.7720000000,203,10,0
1784869200,163.7730000000,163.7850000000,163.7570000000,163.7690000000,360,10,0
1784869500,163.7710000000,163.8010000000,163.7620000000,163.7840000000,230,10,0
1784869800,163.7850000000,163.7860000000,163.7610000000,163.7700000000,259,10,0
1784870100,163.7700000000,163.7810000000,163.7670000000,163.7720000000,221,10,0
1784870400,163.7720000000,163.7770000000,163.7430000000,163.7680000000,331,10,0
1784870700,163.7660000000,163.7760000000,163.7590000000,163.7710000000,205,11,0
1784871000,163.7720000000,163.7760000000,163.7220000000,163.7340000000,282,11,0
1784871300,163.7340000000,163.7580000000,163.7290000000,163.7510000000,148,10,0
1784871600,163.7500000000,163.7620000000,163.7420000000,163.7620000000,187,10,0
1784871900,163.7620000000,163.7730000000,163.7460000000,163.7620000000,226,10,0
1784872200,163.7610000000,163.7790000000,163.7540000000,163.7780000000,262,11,0
1784872500,163.7760000000,163.7790000000,163.7590000000,163.7710000000,227,11,0
1784872800,163.7710000000,163.7890000000,163.7650000000,163.7870000000,232,10,0
1784873100,163.7870000000,163.7910000000,163.7750000000,163.7900000000,171,11,0
1784873400,163.7910000000,163.8220000000,163.7910000000,163.8160000000,248,10,0
1784873700,163.8150000000,163.8240000000,163.8110000000,163.8170000000,199,10,0
1784874000,163.8170000000,163.8500000000,163.8170000000,163.8480000000,183,10,0
1784874300,163.8480000000,163.8630000000,163.8430000000,163.8540000000,101,10,0
1784874600,163.8540000000,163.8550000000,163.8220000000,163.8270000000,206,10,0
1784874900,163.8270000000,163.8300000000,163.8140000000,163.8300000000,214,10,0
1784875200,163.8300000000,163.8300000000,163.8050000000,163.8120000000,134,11,0
1784875500,163.8130000000,163.8210000000,163.8090000000,163.8120000000,165,11,0
1784875800,163.8090000000,163.8120000000,163.7970000000,163.8020000000,282,10,0
1784876100,163.8030000000,163.8140000000,163.7880000000,163.7970000000,270,11,0
1784876400,163.7960000000,163.8140000000,163.7960000000,163.8060000000,392,10,0
1784876700,163.8040000000,163.8080000000,163.7950000000,163.7990000000,643,10,0
1784877000,163.7980000000,163.8040000000,163.7770000000,163.8040000000,377,10,0
1784877300,163.8080000000,163.8180000000,163.8060000000,163.8080000000,144,11,0
1784877600,163.8090000000,163.8240000000,163.8070000000,163.8200000000,193,12,0
1784877900,163.8190000000,163.8310000000,163.8150000000,163.8280000000,171,11,0
1784878200,163.8270000000,163.8350000000,163.8190000000,163.8190000000,161,12,0
1784878500,163.8130000000,163.8200000000,163.8080000000,163.8120000000,209,11,0
1784878800,163.8120000000,163.8260000000,163.8090000000,163.8250000000,125,11,0
1784879100,163.8250000000,163.8370000000,163.8210000000,163.8340000000,157,11,0
1784879400,163.8340000000,163.8400000000,163.8280000000,163.8350000000,114,10,0
1784879700,163.8350000000,163.8370000000,163.8190000000,163.8210000000,89,12,0
1784880000,163.8210000000,163.8240000000,163.8190000000,163.8230000000,67,11,0
1784880300,163.8220000000,163.8230000000,163.7990000000,163.8120000000,153,11,0
1784880600,163.8120000000,163.8180000000,163.8050000000,163.8120000000,221,11,0
1784880900,163.8120000000,163.8220000000,163.8080000000,163.8150000000,280,10,0
1784881200,163.8140000000,163.8150000000,163.7950000000,163.7990000000,212,12,0
1784881500,163.8000000000,163.8100000000,163.7970000000,163.8020000000,149,11,0
1784881800,163.8030000000,163.8190000000,163.8030000000,163.8160000000,85,10,0
1784882100,163.8160000000,163.8190000000,163.8010000000,163.8090000000,81,10,0
1784882400,163.8110000000,163.8170000000,163.7900000000,163.8110000000,175,10,0
1784882700,163.8100000000,163.8140000000,163.7970000000,163.8090000000,167,10,0
1784883000,163.8090000000,163.8380000000,163.7970000000,163.8370000000,208,10,0
1784883300,163.8360000000,163.8420000000,163.8270000000,163.8330000000,250,10,0
1784883600,163.8330000000,163.8410000000,163.8100000000,163.8150000000,337,10,0
1784883900,163.8150000000,163.8150000000,163.7700000000,163.8050000000,386,10,0
1784884200,163.8050000000,163.8160000000,163.7970000000,163.8020000000,331,10,0
1784884500,163.8010000000,163.8040000000,163.7870000000,163.7910000000,263,10,0
1784884800,163.7920000000,163.7930000000,163.7700000000,163.7770000000,346,10,0
1784885100,163.7760000000,163.7870000000,163.7610000000,163.7810000000,404,10,0
1784885400,163.7810000000,163.8000000000,163.7780000000,163.7800000000,283,10,0
1784885700,163.7790000000,163.7950000000,163.7690000000,163.7770000000,301,10,0
1784886000,163.7760000000,163.7900000000,163.7710000000,163.7760000000,356,10,0
1784886300,163.7760000000,163.7870000000,163.7660000000,163.7750000000,189,11,0
1784886600,163.7750000000,163.7890000000,163.7710000000,163.7870000000,270,10,0
1784886900,163.7860000000,163.7900000000,163.7590000000,163.7590000000,307,10,0
1784887200,163.7590000000,163.7740000000,163.6770000000,163.7230000000,610,10,0
1784887500,163.7240000000,163.7570000000,163.7040000000,163.7060000000,474,10,0
1784887800,163.7050000000,163.7050000000,163.6460000000,163.6890000000,423,10,0
1784888100,163.6880000000,163.7410000000,163.6880000000,163.7340000000,325,11,0
1784888400,163.7330000000,163.7490000000,163.7020000000,163.7160000000,310,10,0
1784888700,163.7160000000,163.7190000000,163.6800000000,163.6870000000,317,11,0
1784889000,163.6900000000,163.7080000000,163.6570000000,163.7030000000,409,10,0
1784889300,163.7030000000,163.7580000000,163.7020000000,163.7540000000,268,10,0
1784889600,163.7520000000,163.7900000000,163.7520000000,163.7610000000,373,10,0
1784889900,163.7630000000,163.7960000000,163.7630000000,163.7800000000,389,10,0
1784890200,163.7810000000,163.7890000000,163.7540000000,163.7600000000,434,10,0
1784890500,163.7600000000,163.7800000000,163.7520000000,163.7600000000,255,11,0
1784890800,163.7580000000,163.8020000000,163.7480000000,163.7990000000,420,10,0
1784891100,163.7990000000,163.8070000000,163.7690000000,163.7710000000,288,10,0
1784891400,163.7710000000,163.7740000000,163.7540000000,163.7610000000,390,11,0
1784891700,163.7640000000,163.7870000000,163.7590000000,163.7600000000,327,10,0
1784892000,163.7630000000,163.7740000000,163.7420000000,163.7580000000,446,10,0
1784892300,163.7590000000,163.7650000000,163.7290000000,163.7290000000,388,11,0
1784892600,163.7310000000,163.7450000000,163.7190000000,163.7320000000,379,10,0
1784892900,163.7310000000,163.7620000000,163.7300000000,163.7480000000,222,10,0
1784893200,163.7490000000,163.7820000000,163.7440000000,163.7690000000,302,10,0
1784893500,163.7700000000,163.7950000000,163.7560000000,163.7810000000,346,10,0
1784893800,163.7800000000,163.7970000000,163.7690000000,163.7730000000,313,10,0
1784894100,163.7730000000,163.7750000000,163.7170000000,163.7250000000,332,10,0
1784894400,163.7250000000,163.7600000000,163.7250000000,163.7560000000,398,10,0
1784894700,163.7570000000,163.7590000000,163.7290000000,163.7290000000,387,10,0
1784895000,163.7300000000,163.7550000000,163.7300000000,163.7310000000,306,10,0
1784895300,163.7320000000,163.7430000000,163.7210000000,163.7230000000,211,11,0
1784895600,163.7240000000,163.7430000000,163.7230000000,163.7320000000,222,10,0
1784895900,163.7330000000,163.7460000000,163.7280000000,163.7380000000,209,10,0
1784896200,163.7390000000,163.7550000000,163.7200000000,163.7300000000,240,10,0
1784896500,163.7300000000,163.7560000000,163.7300000000,163.7450000000,226,10,0
1784896800,163.7460000000,163.7540000000,163.7210000000,163.7280000000,253,10,0
1784897100,163.7270000000,163.7400000000,163.7240000000,163.7260000000,282,10,0
1784897400,163.7260000000,163.7370000000,163.6950000000,163.6980000000,284,10,0
1784897700,163.6970000000,163.7070000000,163.6790000000,163.6830000000,215,10,0
1784898000,163.6820000000,163.7050000000,163.6700000000,163.6940000000,262,10,0
1784898300,163.6940000000,163.7220000000,163.6940000000,163.7170000000,175,10,0
1784898600,163.7170000000,163.7300000000,163.7170000000,163.7220000000,114,11,0
1784898900,163.7230000000,163.7250000000,163.6990000000,163.7070000000,162,10,0
1784899200,163.7070000000,163.7190000000,163.7010000000,163.7150000000,217,11,0
1784899500,163.7160000000,163.7190000000,163.7040000000,163.7140000000,227,10,0
1784899800,163.7150000000,163.7260000000,163.7000000000,163.7240000000,267,10,0
1784900100,163.7270000000,163.7390000000,163.7220000000,163.7390000000,126,11,0
1784900400,163.7380000000,163.7550000000,163.7370000000,163.7500000000,227,10,0
1784900700,163.7510000000,163.7670000000,163.7500000000,163.7670000000,197,11,0
1784901000,163.7660000000,163.7960000000,163.7640000000,163.7920000000,319,10,0
1784901300,163.7920000000,163.8010000000,163.7830000000,163.7850000000,232,11,0
1784901600,163.7860000000,163.7960000000,163.7580000000,163.7680000000,329,10,0
1784901900,163.7690000000,163.7810000000,163.7550000000,163.7720000000,269,10,0
1784902200,163.7710000000,163.7740000000,163.7590000000,163.7590000000,183,10,0
1784902500,163.7590000000,163.7720000000,163.7550000000,163.7710000000,259,10,0
1784902800,163.7720000000,163.7820000000,163.7680000000,163.7700000000,175,10,0
1784903100,163.7700000000,163.7820000000,163.7670000000,163.7810000000,173,10,0
1784903400,163.7800000000,163.7820000000,163.7580000000,163.7790000000,216,10,0
1784903700,163.7800000000,163.7930000000,163.7730000000,163.7900000000,189,10,0
1784904000,163.7900000000,163.7970000000,163.7870000000,163.7960000000,227,10,0
1784904300,163.7960000000,163.7960000000,163.7810000000,163.7910000000,266,10,0
1784904600,163.7910000000,163.8260000000,163.7910000000,163.8220000000,216,10,0
1784904900,163.8220000000,163.8350000000,163.7790000000,163.8010000000,573,11,0
1784905200,163.8000000000,163.8220000000,163.7960000000,163.8140000000,380,11,0
1784905500,163.8140000000,163.8270000000,163.8090000000,163.8140000000,270,10,0
1784905800,163.8140000000,163.8160000000,163.7990000000,163.8000000000,219,10,0
1784906100,163.8000000000,163.8110000000,163.7950000000,163.8090000000,283,10,0
1784906400,163.8100000000,163.8260000000,163.8050000000,163.8110000000,231,10,0
1784906700,163.8100000000,163.8350000000,163.8100000000,163.8240000000,287,10,0
1784907000,163.8240000000,163.8270000000,163.8010000000,163.8240000000,207,10,0
1784907300,163.8230000000,163.8240000000,163.8110000000,163.8150000000,238,10,0
1784907600,163.8150000000,163.8400000000,163.8140000000,163.8250000000,293,10,0
1784907900,163.8240000000,163.8410000000,163.8200000000,163.8350000000,208,11,0
1784908200,163.8340000000,163.8390000000,163.8290000000,163.8350000000,207,11,0
1784908500,163.8360000000,163.8590000000,163.8350000000,163.8470000000,277,10,0
1784908800,163.8470000000,163.8660000000,163.8350000000,163.8610000000,400,10,0
1784909100,163.8600000000,163.8680000000,163.8560000000,163.8650000000,207,10,0
1784909400,163.8640000000,163.8740000000,163.8350000000,163.8390000000,296,10,0
1784909700,163.8390000000,163.8520000000,163.8380000000,163.8490000000,248,10,0
1784910000,163.8480000000,163.8550000000,163.8390000000,163.8540000000,226,10,0
1784910300,163.8530000000,163.8690000000,163.8510000000,163.8610000000,204,10,0
1784910600,163.8540000000,163.8650000000,163.8450000000,163.8490000000,307,10,0
1784910900,163.8480000000,163.8650000000,163.8340000000,163.8380000000,287,10,0
1784911200,163.8380000000,163.8390000000,163.8200000000,163.8360000000,324,10,0
1784911500,163.8560000000,163.8560000000,163.8330000000,163.8410000000,448,10,0
1784911800,163.8400000000,163.8500000000,163.8260000000,163.8350000000,370,10,0
1784912100,163.8360000000,163.8410000000,163.7760000000,163.7760000000,401,10,0
1784912400,163.7710000000,163.7910000000,163.7570000000,163.7850000000,391,10,0
1784912700,163.7850000000,163.8300000000,163.7840000000,163.8120000000,380,10,0
1784913000,163.8130000000,163.8300000000,163.8040000000,163.8220000000,381,10,0
1784913300,163.8220000000,163.8220000000,163.7970000000,163.8030000000,170,10,0
1784913600,163.8020000000,163.8130000000,163.7740000000,163.7840000000,343,10,0
1784913900,163.7830000000,163.7970000000,163.7730000000,163.7840000000,192,10,0
1784914200,163.7840000000,163.7980000000,163.7650000000,163.7660000000,253,10,0
1784914500,163.7650000000,163.7790000000,163.7530000000,163.7790000000,250,10,0
1784914800,163.7790000000,163.7810000000,163.7520000000,163.7580000000,254,10,0
1784915100,163.7580000000,163.7670000000,163.7140000000,163.7180000000,241,10,0
1784915400,163.7180000000,163.7310000000,163.6910000000,163.7150000000,512,10,0
1784915700,163.7130000000,163.7520000000,163.7010000000,163.7520000000,624,10,0
1784916000,163.7520000000,163.7700000000,163.7400000000,163.7550000000,484,10,0
1784916300,163.7540000000,163.7550000000,163.7200000000,163.7280000000,320,10,0
1784916600,163.7270000000,163.7280000000,163.6620000000,163.6760000000,782,10,0
1784916900,163.6770000000,163.7000000000,163.6370000000,163.6780000000,793,10,0
1784917200,163.6770000000,163.7030000000,163.6630000000,163.6910000000,477,10,0
1784917500,163.6910000000,163.7010000000,163.6800000000,163.6920000000,329,10,0
1784917800,163.6910000000,163.7070000000,163.6810000000,163.7060000000,397,10,0
1784918100,163.7060000000,163.7290000000,163.6890000000,163.6940000000,242,10,0
1784918400,163.6940000000,163.7440000000,163.6920000000,163.7280000000,293,10,0
1784918700,163.7270000000,163.7350000000,163.7160000000,163.7290000000,186,10,0
1784919000,163.7270000000,163.7330000000,163.7170000000,163.7210000000,156,11,0
1784919300,163.7210000000,163.7320000000,163.7020000000,163.7050000000,173,10,0
1784919600,163.7040000000,163.7400000000,163.7040000000,163.7110000000,222,10,0
1784919900,163.7110000000,163.7210000000,163.7040000000,163.7130000000,225,10,0
1784920200,163.7130000000,163.7150000000,163.7020000000,163.7060000000,270,10,0
1784920500,163.7050000000,163.7130000000,163.6970000000,163.7070000000,350,10,0
1784920800,163.7050000000,163.7210000000,163.7050000000,163.7190000000,159,10,0
1784921100,163.7190000000,163.7300000000,163.7170000000,163.7220000000,170,11,0
1784921400,163.7230000000,163.7440000000,163.7130000000,163.7180000000,362,10,0
1784921700,163.7180000000,163.7490000000,163.7100000000,163.7460000000,294,10,0
1784922000,163.7450000000,163.7540000000,163.7400000000,163.7450000000,230,10,0
1784922300,163.7460000000,163.7560000000,163.7420000000,163.7540000000,281,10,0
1784922600,163.7530000000,163.7590000000,163.7530000000,163.7580000000,177,11,0
1784922900,163.7580000000,163.7760000000,163.7540000000,163.7760000000,142,10,0
1784923200,163.7750000000,163.7920000000,163.7750000000,163.7840000000,133,10,0
1784923500,163.7830000000,163.8110000000,163.7830000000,163.7990000000,349,10,0
1784923800,163.7990000000,163.8190000000,163.7970000000,163.8100000000,243,10,0
1784924100,163.8090000000,163.8220000000,163.8000000000,163.8180000000,165,10,0
1784924400,163.8190000000,163.8260000000,163.8150000000,163.8210000000,210,10,0
1784924700,163.8200000000,163.8240000000,163.8020000000,163.8050000000,131,10,0
1784925000,163.8050000000,163.8150000000,163.8040000000,163.8110000000,78,11,0
1784925300,163.8120000000,163.8250000000,163.8120000000,163.8240000000,124,10,0
1784925600,163.8250000000,163.8340000000,163.8190000000,163.8200000000,122,10,0
1784925900,163.8200000000,163.8300000000,163.8190000000,163.8250000000,108,10,0
1784926200,163.8240000000,163.8310000000,163.8200000000,163.8230000000,89,10,0
1784926500,163.8220000000,163.8220000000,163.8050000000,163.8070000000,67,10,0
1784926800,163.8080000000,163.8230000000,163.8060000000,163.8080000000,94,10,0
1784927100,163.8070000000,163.8190000000,163.8040000000,163.8090000000,91,11,0
1784927400,163.8080000000,163.8120000000,163.8070000000,163.8090000000,76,11,0
1784927700,163.8090000000,163.8090000000,163.7930000000,163.8090000000,118,10,0
1784928000,163.8110000000,163.8250000000,163.8100000000,163.8200000000,58,10,0
1784928300,163.8200000000,163.8340000000,163.8190000000,163.8340000000,33,10,0
1784928600,163.8340000000,163.8470000000,163.8210000000,163.8460000000,124,10,0
1784928900,163.8460000000,163.8480000000,163.8340000000,163.8460000000,206,10,0
1784929200,163.8460000000,163.8500000000,163.8330000000,163.8350000000,78,10,0
1784929500,163.8340000000,163.8430000000,163.8250000000,163.8390000000,121,10,0
1784929800,163.8380000000,163.8400000000,163.8320000000,163.8360000000,76,10,0
1784930100,163.8360000000,163.8400000000,163.8320000000,163.8370000000,101,10,0
1784930400,163.8360000000,163.8360000000,163.8040000000,163.8180000000,163,10,0
1784930700,163.8190000000,163.8200000000,163.8060000000,163.8180000000,91,10,0
1784931000,163.8190000000,163.8280000000,163.8180000000,163.8240000000,68,10,0
1784931300,163.8240000000,163.8360000000,163.8240000000,163.8290000000,83,10,0
1784931600,163.8290000000,163.8440000000,163.8240000000,163.8410000000,134,10,0
1784931900,163.8410000000,163.8500000000,163.8350000000,163.8450000000,136,10,0
1784932200,163.8480000000,163.8490000000,163.8330000000,163.8460000000,204,10,0
1784932500,163.8450000000,163.8450000000,163.8230000000,163.8230000000,229,10,0
1784932800,163.8240000000,163.8260000000,163.8090000000,163.8230000000,112,10,0
1784933100,163.8230000000,163.8340000000,163.8210000000,163.8320000000,120,10,0
1784933400,163.8320000000,163.8370000000,163.8300000000,163.8340000000,128,10,0
1784933700,163.8330000000,163.8490000000,163.8200000000,163.8470000000,209,10,0
1784934000,163.8470000000,163.8510000000,163.8360000000,163.8450000000,147,10,0
1784934300,163.8440000000,163.8550000000,163.8440000000,163.8490000000,113,10,0
1784934600,163.8480000000,163.8490000000,163.8410000000,163.8470000000,58,11,0
1784934900,163.8470000000,163.8500000000,163.8460000000,163.8490000000,36,12,0
1784935200,163.8490000000,163.8490000000,163.8470000000,163.8490000000,17,11,0
1784935500,163.8540000000,163.8590000000,163.8480000000,163.8540000000,75,10,0
1784935800,163.8530000000,163.8620000000,163.8500000000,163.8600000000,34,11,0
1784936100,163.8590000000,163.8610000000,163.8510000000,163.8530000000,41,12,0
1784936400,163.8520000000,163.8580000000,163.8440000000,163.8470000000,158,11,0
1784936700,163.8470000000,163.8560000000,163.8440000000,163.8450000000,139,12,0
1784937000,163.8430000000,163.8570000000,163.8350000000,163.8570000000,134,11,0
1784937300,163.8580000000,163.8610000000,163.8440000000,163.8440000000,99,13,0
1785110400,163.5550000000,163.5550000000,163.5190000000,163.5340000000,8,115,0
1785110700,163.5340000000,163.5850000000,163.5150000000,163.5220000000,15,93,0
1785111000,163.5340000000,163.5420000000,163.5260000000,163.5420000000,15,126,0
1785111300,163.5410000000,163.6210000000,163.5410000000,163.6080000000,63,58,0
1785111600,163.6090000000,163.6530000000,163.5640000000,163.6120000000,94,53,0
1785111900,163.6140000000,163.6140000000,163.6140000000,163.6140000000,5,84,0
1785112200,163.6140000000,163.6170000000,163.5530000000,163.5540000000,35,86,0
1785112500,163.5540000000,163.6240000000,163.5520000000,163.6230000000,53,82,0
1785112800,163.6240000000,163.6390000000,163.6240000000,163.6380000000,33,67,0
1785113100,163.6390000000,163.6400000000,163.5300000000,163.5600000000,38,47,0
1785113400,163.5590000000,163.5600000000,163.5320000000,163.5550000000,17,114,0
1785113700,163.5530000000,163.5860000000,163.5530000000,163.5860000000,25,89,0
1785114000,163.5890000000,163.6260000000,163.5650000000,163.5840000000,309,12,0
1785114300,163.5830000000,163.5830000000,163.5470000000,163.5740000000,142,10,0
1785114600,163.5730000000,163.6770000000,163.5730000000,163.6500000000,307,13,0
1785114900,163.6490000000,163.6640000000,163.6450000000,163.6590000000,156,14,0
1785115200,163.6590000000,163.6810000000,163.6460000000,163.6800000000,165,14,0
1785115500,163.6800000000,163.7020000000,163.6760000000,163.6890000000,121,15,0
1785115800,163.6890000000,163.6890000000,163.6630000000,163.6660000000,155,15,0
1785116100,163.6660000000,163.6940000000,163.6630000000,163.6890000000,50,13,0
1785116400,163.6900000000,163.6900000000,163.6750000000,163.6760000000,69,16,0
1785116700,163.6750000000,163.6800000000,163.6640000000,163.6800000000,88,11,0
1785117000,163.6800000000,163.6820000000,163.6670000000,163.6770000000,47,13,0
1785117300,163.6770000000,163.6940000000,163.6770000000,163.6880000000,67,14,0
1785117600,163.6900000000,163.6930000000,163.6760000000,163.6810000000,129,10,0
1785117900,163.6810000000,163.6830000000,163.6690000000,163.6740000000,135,13,0
1785118200,163.6730000000,163.6850000000,163.6730000000,163.6800000000,92,12,0
1785118500,163.6790000000,163.6800000000,163.6660000000,163.6790000000,93,12,0
1785118800,163.6780000000,163.6810000000,163.6760000000,163.6800000000,41,13,0
1785119100,163.6800000000,163.6820000000,163.6760000000,163.6780000000,59,13,0
1785119400,163.6780000000,163.6800000000,163.6560000000,163.6670000000,93,10,0
1785119700,163.6670000000,163.6670000000,163.6410000000,163.6540000000,82,10,0
1785120000,163.6550000000,163.6580000000,163.6430000000,163.6570000000,102,13,0
1785120300,163.6580000000,163.6590000000,163.6430000000,163.6450000000,158,10,0
1785120600,163.6430000000,163.6590000000,163.6410000000,163.6540000000,130,13,0
1785120900,163.6540000000,163.6550000000,163.6030000000,163.6150000000,171,12,0
1785121200,163.6160000000,163.6170000000,163.5470000000,163.5480000000,631,10,0
1785121500,163.5490000000,163.5980000000,163.5480000000,163.5730000000,496,10,0
1785121800,163.5740000000,163.5900000000,163.5290000000,163.5310000000,539,10,0
1785122100,163.5320000000,163.5570000000,163.5210000000,163.5470000000,656,10,0
1785122400,163.5460000000,163.5890000000,163.5400000000,163.5580000000,484,11,0
1785122700,163.5560000000,163.5610000000,163.5270000000,163.5340000000,607,10,0
1785123000,163.5330000000,163.5350000000,163.5140000000,163.5260000000,446,10,0
1785123300,163.5250000000,163.5820000000,163.5250000000,163.5770000000,420,11,0
1785123600,163.5780000000,163.5840000000,163.5620000000,163.5650000000,230,11,0
1785123900,163.5650000000,163.6000000000,163.5550000000,163.5870000000,318,10,0
1785124200,163.5870000000,163.6480000000,163.5800000000,163.6410000000,618,10,0
1785124500,163.6400000000,163.6430000000,163.6050000000,163.6270000000,348,10,0
1785124800,163.6270000000,163.6320000000,163.6000000000,163.6060000000,322,11,0
1785125100,163.6070000000,163.6070000000,163.5770000000,163.5800000000,324,10,0
1785125400,163.5790000000,163.5800000000,163.5550000000,163.5590000000,322,10,0
1785125700,163.5590000000,163.5750000000,163.5400000000,163.5690000000,362,10,0
1785126000,163.5690000000,163.5770000000,163.5600000000,163.5610000000,227,10,0
1785126300,163.5600000000,163.5750000000,163.5560000000,163.5600000000,197,11,0
1785126600,163.5590000000,163.5590000000,163.5270000000,163.5440000000,248,11,0
1785126900,163.5430000000,163.5700000000,163.5430000000,163.5690000000,187,10,0
1785127200,163.5700000000,163.5720000000,163.5460000000,163.5470000000,176,10,0
1785127500,163.5460000000,163.5530000000,163.5330000000,163.5350000000,288,10,0
1785127800,163.5340000000,163.5560000000,163.5320000000,163.5460000000,233,10,0
1785128100,163.5460000000,163.5470000000,163.4720000000,163.4720000000,346,10,0
1785128400,163.4740000000,163.5070000000,163.4510000000,163.5040000000,381,10,0
1785128700,163.5040000000,163.5230000000,163.5000000000,163.5130000000,267,10,0
1785129000,163.5130000000,163.5440000000,163.5010000000,163.5420000000,247,10,0
1785129300,163.5420000000,163.5450000000,163.5270000000,163.5430000000,278,10,0
1785129600,163.5440000000,163.5470000000,163.5250000000,163.5260000000,167,10,0
1785129900,163.5270000000,163.5270000000,163.5080000000,163.5150000000,108,11,0
1785130200,163.5160000000,163.5400000000,163.5150000000,163.5180000000,244,10,0
1785130500,163.5190000000,163.5200000000,163.4980000000,163.5180000000,188,11,0
1785130800,163.5160000000,163.5390000000,163.5110000000,163.5260000000,218,10,0
1785131100,163.5260000000,163.5540000000,163.5220000000,163.5420000000,172,10,0
1785131400,163.5410000000,163.5570000000,163.5410000000,163.5500000000,150,10,0
1785131700,163.5500000000,163.5750000000,163.5500000000,163.5710000000,166,10,0
1785132000,163.5720000000,163.5750000000,163.5490000000,163.5580000000,259,11,0
1785132300,163.5580000000,163.5700000000,163.5550000000,163.5660000000,162,11,0
1785132600,163.5650000000,163.5900000000,163.5650000000,163.5850000000,162,10,0
1785132900,163.5840000000,163.5880000000,163.5670000000,163.5800000000,170,11,0
1785133200,163.5790000000,163.5990000000,163.5760000000,163.5940000000,183,11,0
1785133500,163.5930000000,163.5950000000,163.5700000000,163.5840000000,241,10,0
1785133800,163.5850000000,163.6090000000,163.5840000000,163.5970000000,269,10,0
1785134100,163.5980000000,163.6010000000,163.5830000000,163.5890000000,155,10,0
1785134400,163.5900000000,163.5990000000,163.5810000000,163.5940000000,206,10,0
1785134700,163.5930000000,163.5950000000,163.5730000000,163.5820000000,226,10,0
1785135000,163.5830000000,163.5830000000,163.5590000000,163.5710000000,171,10,0
1785135300,163.5700000000,163.5750000000,163.5640000000,163.5710000000,124,11,0
1785135600,163.5710000000,163.5710000000,163.5530000000,163.5580000000,121,11,0
1785135900,163.5590000000,163.5610000000,163.5460000000,163.5570000000,133,10,0
1785136200,163.5570000000,163.5680000000,163.5540000000,163.5540000000,158,10,0
1785136500,163.5550000000,163.5570000000,163.5430000000,163.5480000000,156,11,0
1785136800,163.5480000000,163.5580000000,163.5430000000,163.5580000000,96,10,0
1785137100,163.5580000000,163.5790000000,163.5570000000,163.5720000000,83,10,0
1785137400,163.5720000000,163.5840000000,163.5720000000,163.5730000000,90,10,0
1785137700,163.5740000000,163.5860000000,163.5720000000,163.5850000000,34,10,0
1785138000,163.5840000000,163.5860000000,163.5700000000,163.5850000000,136,10,0
1785138300,163.5850000000,163.5850000000,163.5720000000,163.5850000000,123,10,0
1785138600,163.5850000000,163.5940000000,163.5800000000,163.5820000000,98,11,0
1785138900,163.5820000000,163.5840000000,163.5680000000,163.5740000000,157,11,0
1785139200,163.5730000000,163.5940000000,163.5690000000,163.5780000000,240,10,0
1785139500,163.5780000000,163.5860000000,163.5600000000,163.5660000000,222,10,0
1785139800,163.5660000000,163.5700000000,163.5570000000,163.5590000000,156,10,0
1785140100,163.5590000000,163.5750000000,163.5590000000,163.5690000000,181,10,0
1785140400,163.5700000000,163.5750000000,163.5650000000,163.5700000000,122,10,0
1785140700,163.5700000000,163.5820000000,163.5580000000,163.5630000000,261,10,0
1785141000,163.5630000000,163.5720000000,163.5530000000,163.5610000000,241,11,0
1785141300,163.5630000000,163.5730000000,163.5610000000,163.5660000000,226,10,0
1785141600,163.5660000000,163.5910000000,163.5610000000,163.5880000000,205,11,0
1785141900,163.5880000000,163.6010000000,163.5860000000,163.5990000000,114,10,0
1785142200,163.5990000000,163.6000000000,163.5800000000,163.5840000000,136,11,0
1785142500,163.5840000000,163.5950000000,163.5750000000,163.5840000000,232,10,0
1785142800,163.5830000000,163.5990000000,163.5570000000,163.5650000000,426,10,0
1785143100,163.5650000000,163.5750000000,163.5540000000,163.5600000000,349,10,0
1785143400,163.5590000000,163.5620000000,163.5290000000,163.5290000000,238,10,0
1785143700,163.5280000000,163.5590000000,163.5200000000,163.5590000000,425,10,0
1785144000,163.5580000000,163.5600000000,163.5350000000,163.5600000000,306,10,0
1785144300,163.5610000000,163.5610000000,163.5400000000,163.5580000000,119,10,0
1785144600,163.5580000000,163.5850000000,163.5510000000,163.5730000000,319,10,0
1785144900,163.5740000000,163.5850000000,163.5460000000,163.5470000000,252,10,0
1785145200,163.5480000000,163.5580000000,163.5160000000,163.5250000000,357,10,0
1785145500,163.5250000000,163.5460000000,163.5220000000,163.5320000000,277,10,0
1785145800,163.5340000000,163.5430000000,163.5180000000,163.5330000000,290,10,0
1785146100,163.5320000000,163.5450000000,163.5070000000,163.5150000000,297,10,0
1785146400,163.5160000000,163.5320000000,163.4800000000,163.5130000000,376,10,0
1785146700,163.5140000000,163.5170000000,163.4930000000,163.5050000000,417,10,0
1785147000,163.5060000000,163.5310000000,163.4660000000,163.4660000000,427,10,0
1785147300,163.4650000000,163.4930000000,163.4650000000,163.4760000000,388,10,0
1785147600,163.4770000000,163.4780000000,163.3530000000,163.4080000000,737,10,0
1785147900,163.4090000000,163.4110000000,163.3240000000,163.3300000000,633,10,0
1785148200,163.3310000000,163.4020000000,163.3260000000,163.3950000000,576,10,0
1785148500,163.3950000000,163.4410000000,163.3800000000,163.4410000000,388,10,0
1785148800,163.4420000000,163.4670000000,163.4290000000,163.4510000000,412,10,0
1785149100,163.4510000000,163.4570000000,163.4340000000,163.4410000000,348,10,0
1785149400,163.4400000000,163.4680000000,163.4380000000,163.4670000000,343,10,0
1785149700,163.4660000000,163.5220000000,163.4630000000,163.5210000000,484,10,0
1785150000,163.5210000000,163.5240000000,163.5030000000,163.5160000000,347,10,0
1785150300,163.5160000000,163.5210000000,163.4870000000,163.5110000000,356,10,0
1785150600,163.5100000000,163.5350000000,163.5030000000,163.5190000000,246,10,0
1785150900,163.5200000000,163.5360000000,163.5130000000,163.5350000000,223,10,0
1785151200,163.5400000000,163.5470000000,163.5190000000,163.5310000000,293,10,0
1785151500,163.5310000000,163.5460000000,163.5260000000,163.5370000000,347,10,0
1785151800,163.5360000000,163.5510000000,163.5310000000,163.5490000000,257,10,0
1785152100,163.5500000000,163.5500000000,163.5270000000,163.5370000000,288,10,0
1785152400,163.5370000000,163.5390000000,163.4980000000,163.5170000000,296,10,0
1785152700,163.5160000000,163.5400000000,163.5160000000,163.5340000000,232,10,0
1785153000,163.5330000000,163.5400000000,163.5040000000,163.5050000000,342,10,0
1785153300,163.5060000000,163.5160000000,163.5020000000,163.5140000000,308,10,0
1785153600,163.5150000000,163.5270000000,163.4920000000,163.5010000000,280,10,0
1785153900,163.5010000000,163.5220000000,163.5010000000,163.5080000000,252,10,0
1785154200,163.5090000000,163.5730000000,163.5040000000,163.5680000000,267,10,0
1785154500,163.5670000000,163.6000000000,163.5650000000,163.5980000000,301,10,0
1785154800,163.5990000000,163.6010000000,163.5600000000,163.5600000000,263,10,0
1785155100,163.5600000000,163.5710000000,163.5310000000,163.5710000000,412,10,0
1785155400,163.5700000000,163.5860000000,163.5660000000,163.5690000000,248,10,0
1785155700,163.5690000000,163.5700000000,163.5550000000,163.5660000000,201,10,0
1785156000,163.5660000000,163.5680000000,163.5470000000,163.5470000000,177,11,0
1785156300,163.5460000000,163.5730000000,163.5430000000,163.5430000000,239,10,0
1785156600,163.5410000000,163.5440000000,163.5160000000,163.5220000000,267,10,0
1785156900,163.5210000000,163.5310000000,163.4990000000,163.5310000000,267,10,0
1785157200,163.5330000000,163.5430000000,163.5270000000,163.5290000000,271,10,0
1785157500,163.5280000000,163.5660000000,163.5280000000,163.5620000000,296,10,0
1785157800,163.5630000000,163.5930000000,163.5520000000,163.5570000000,524,10,0
1785158100,163.5570000000,163.5580000000,163.5260000000,163.5400000000,340,10,0
1785158400,163.5390000000,163.5520000000,163.5310000000,163.5380000000,243,10,0
1785158700,163.5390000000,163.5460000000,163.5310000000,163.5460000000,173,10,0
1785159000,163.5460000000,163.5620000000,163.5400000000,163.5520000000,343,10,0
1785159300,163.5520000000,163.5700000000,163.5510000000,163.5660000000,155,10,0
1785159600,163.5670000000,163.5690000000,163.5450000000,163.5530000000,206,10,0
1785159900,163.5540000000,163.5690000000,163.5530000000,163.5580000000,188,10,0
1785160200,163.5580000000,163.5800000000,163.5570000000,163.5690000000,198,10,0
1785160500,163.5680000000,163.5960000000,163.5590000000,163.5870000000,258,10,0
1785160800,163.5860000000,163.6110000000,163.5850000000,163.6010000000,297,10,0
1785161100,163.6010000000,163.6400000000,163.6010000000,163.6190000000,287,10,0
1785161400,163.6200000000,163.6340000000,163.6200000000,163.6280000000,190,10,0
1785161700,163.6270000000,163.6330000000,163.6090000000,163.6220000000,194,10,0
1785162000,163.6210000000,163.6280000000,163.6070000000,163.6260000000,185,11,0
1785162300,163.6270000000,163.6370000000,163.6070000000,163.6370000000,346,10,0
1785162600,163.6350000000,163.6440000000,163.6070000000,163.6120000000,453,10,0
1785162900,163.6100000000,163.6130000000,163.5920000000,163.5990000000,341,11,0
1785163200,163.5980000000,163.6070000000,163.5770000000,163.5970000000,444,10,0
1785163500,163.5960000000,163.6220000000,163.5920000000,163.6160000000,320,10,0
1785163800,163.6160000000,163.6360000000,163.6100000000,163.6280000000,324,11,0
1785164100,163.6270000000,163.6460000000,163.6270000000,163.6440000000,238,10,0
1785164400,163.6450000000,163.6510000000,163.6330000000,163.6410000000,288,10,0
1785164700,163.6400000000,163.6490000000,163.6210000000,163.6260000000,299,11,0
1785165000,163.6300000000,163.6800000000,163.6280000000,163.6720000000,599,10,0
1785165300,163.6730000000,163.6830000000,163.6580000000,163.6630000000,357,10,0
1785165600,163.6650000000,163.6750000000,163.6570000000,163.6610000000,366,10,0
1785165900,163.6610000000,163.6630000000,163.6500000000,163.6620000000,144,10,0
1785166200,163.6630000000,163.6720000000,163.6470000000,163.6590000000,179,10,0
1785166500,163.6570000000,163.6930000000,163.6540000000,163.6900000000,266,10,0
1785166800,163.6900000000,163.7000000000,163.6790000000,163.6840000000,213,10,0
1785167100,163.6830000000,163.6900000000,163.6740000000,163.6890000000,186,10,0
1785167400,163.6900000000,163.6910000000,163.6660000000,163.6860000000,272,10,0
1785167700,163.6860000000,163.6910000000,163.6690000000,163.6860000000,297,10,0
1785168000,163.6870000000,163.6930000000,163.6760000000,163.6870000000,551,10,0
1785168300,163.6880000000,163.6930000000,163.6710000000,163.6710000000,296,10,0
1785168600,163.6710000000,163.6800000000,163.6490000000,163.6610000000,289,10,0
1785168900,163.6610000000,163.6770000000,163.6540000000,163.6740000000,276,10,0
1785169200,163.6740000000,163.6890000000,163.6740000000,163.6800000000,217,10,0
1785169500,163.6790000000,163.7160000000,163.6790000000,163.7030000000,318,10,0
1785169800,163.7010000000,163.7190000000,163.6770000000,163.7070000000,433,10,0
1785170100,163.7070000000,163.7200000000,163.6930000000,163.7050000000,315,10,0
1785170400,163.7040000000,163.7080000000,163.6940000000,163.6950000000,223,10,0
1785170700,163.6950000000,163.7070000000,163.6920000000,163.6940000000,239,10,0
1785171000,163.6950000000,163.7200000000,163.6940000000,163.7160000000,279,10,0
1785171300,163.7170000000,163.7550000000,163.7140000000,163.7450000000,391,10,0
1785171600,163.7440000000,163.7620000000,163.7210000000,163.7410000000,367,10,0
1785171900,163.7410000000,163.7410000000,163.7180000000,163.7220000000,315,10,0
1785172200,163.7230000000,163.7320000000,163.7080000000,163.7210000000,258,10,0
1785172500,163.7200000000,163.7430000000,163.7200000000,163.7390000000,220,10,0
1785172800,163.7380000000,163.7460000000,163.7280000000,163.7330000000,259,10,0
1785173100,163.7340000000,163.7560000000,163.7340000000,163.7540000000,240,10,0
1785173400,163.7550000000,163.7560000000,163.7320000000,163.7420000000,273,10,0
1785173700,163.7420000000,163.7630000000,163.7190000000,163.7190000000,325,10,0
1785174000,163.7200000000,163.7540000000,163.7200000000,163.7470000000,294,10,0
1785174300,163.7470000000,163.7470000000,163.7190000000,163.7420000000,325,10,0
1785174600,163.7410000000,163.7580000000,163.7330000000,163.7480000000,246,10,0
1785174900,163.7480000000,163.7560000000,163.6910000000,163.7020000000,391,10,0
1785175200,163.7030000000,163.7190000000,163.6810000000,163.6950000000,379,10,0
1785175500,163.6950000000,163.7150000000,163.6930000000,163.7090000000,256,10,0
1785175800,163.7080000000,163.7190000000,163.6960000000,163.7040000000,194,10,0
1785176100,163.7040000000,163.7050000000,163.6760000000,163.6900000000,310,10,0
1785176400,163.6900000000,163.6930000000,163.6550000000,163.6630000000,398,10,0
1785176700,163.6620000000,163.6690000000,163.6530000000,163.6620000000,265,10,0
1785177000,163.6620000000,163.6930000000,163.6620000000,163.6880000000,387,10,0
1785177300,163.6880000000,163.6890000000,163.6700000000,163.6780000000,293,10,0
1785177600,163.6780000000,163.6850000000,163.6700000000,163.6730000000,303,10,0
1785177900,163.6730000000,163.6830000000,163.6680000000,163.6790000000,255,10,0
1785178200,163.6780000000,163.6830000000,163.6680000000,163.6780000000,233,10,0
1785178500,163.6790000000,163.7090000000,163.6760000000,163.7090000000,198,10,0
1785178800,163.7090000000,163.7100000000,163.6930000000,163.6990000000,278,10,0
1785179100,163.7000000000,163.7040000000,163.6950000000,163.6990000000,333,10,0
1785179400,163.6990000000,163.7020000000,163.6870000000,163.6920000000,296,10,0
1785179700,163.6920000000,163.6930000000,163.6520000000,163.6630000000,251,10,0
1785180000,163.6620000000,163.6630000000,163.6400000000,163.6550000000,252,10,0
1785180300,163.6550000000,163.6560000000,163.6100000000,163.6190000000,817,10,0
1785180600,163.6180000000,163.6220000000,163.5910000000,163.5930000000,357,10,0
1785180900,163.5920000000,163.6080000000,163.5820000000,163.5950000000,498,10,0
1785181200,163.5950000000,163.6240000000,163.5920000000,163.6180000000,269,10,0
1785181500,163.6190000000,163.6540000000,163.6190000000,163.6530000000,292,10,0
1785181800,163.6530000000,163.6530000000,163.6380000000,163.6400000000,328,10,0
1785182100,163.6410000000,163.6550000000,163.6370000000,163.6510000000,345,10,0
1785182400,163.6500000000,163.6940000000,163.6470000000,163.6880000000,379,10,0
1785182700,163.6870000000,163.6910000000,163.6750000000,163.6820000000,395,10,0
1785183000,163.6820000000,163.6920000000,163.6770000000,163.6920000000,355,10,0
1785183300,163.6920000000,163.7080000000,163.6890000000,163.7070000000,266,10,0
1785183600,163.7080000000,163.7090000000,163.7020000000,163.7040000000,153,10,0
1785183900,163.7030000000,163.7080000000,163.6940000000,163.7040000000,169,11,0
1785184200,163.7040000000,163.7090000000,163.6900000000,163.6940000000,160,11,0
1785184500,163.6940000000,163.7060000000,163.6930000000,163.7060000000,167,10,0
1785184800,163.7060000000,163.7190000000,163.7050000000,163.7170000000,106,11,0
1785185100,163.7170000000,163.7300000000,163.7170000000,163.7220000000,163,10,0
1785185400,163.7230000000,163.7310000000,163.7170000000,163.7170000000,118,10,0
1785185700,163.7180000000,163.7230000000,163.7100000000,163.7230000000,140,11,0
1785186000,163.7210000000,163.7230000000,163.7080000000,163.7090000000,175,10,0
1785186300,163.7090000000,163.7100000000,163.6940000000,163.7040000000,204,10,0
1785186600,163.7050000000,163.7070000000,163.6950000000,163.7020000000,178,10,0
1785186900,163.7030000000,163.7170000000,163.7000000000,163.7080000000,137,10,0
1785187200,163.7080000000,163.7310000000,163.7080000000,163.7260000000,149,10,0
1785187500,163.7250000000,163.7410000000,163.7250000000,163.7270000000,133,10,0
1785187800,163.7280000000,163.7280000000,163.7090000000,163.7250000000,140,10,0
1785188100,163.7240000000,163.7290000000,163.7130000000,163.7260000000,118,10,0
1785188400,163.7250000000,163.7400000000,163.6900000000,163.7280000000,284,10,0
1785188700,163.7280000000,163.7500000000,163.7250000000,163.7400000000,265,10,0
1785189000,163.7390000000,163.7630000000,163.7380000000,163.7510000000,230,10,0
1785189300,163.7510000000,163.7940000000,163.7370000000,163.7750000000,392,10,0
1785189600,163.7750000000,163.7750000000,163.7480000000,163.7680000000,182,10,0
1785189900,163.7680000000,163.7680000000,163.7520000000,163.7560000000,118,10,0
1785190200,163.7560000000,163.7570000000,163.7500000000,163.7500000000,103,10,0
1785190500,163.7490000000,163.7550000000,163.7390000000,163.7420000000,84,11,0
1785190800,163.7420000000,163.7430000000,163.7290000000,163.7360000000,95,10,0
1785191100,163.7350000000,163.7400000000,163.7230000000,163.7250000000,75,10,0
1785191400,163.7250000000,163.7270000000,163.7000000000,163.7110000000,238,10,0
1785191700,163.7100000000,163.7150000000,163.6990000000,163.7000000000,117,10,0
1785192000,163.7000000000,163.7130000000,163.6920000000,163.7000000000,175,10,0
1785192300,163.7010000000,163.7160000000,163.6960000000,163.7150000000,251,10,0
1785192600,163.7150000000,163.7250000000,163.6980000000,163.7240000000,216,10,0
1785192900,163.7250000000,163.7340000000,163.7130000000,163.7330000000,354,10,0
1785193200,163.7350000000,163.7410000000,163.7250000000,163.7270000000,168,10,0
1785193500,163.7280000000,163.7400000000,163.7270000000,163.7380000000,68,10,0
1785193800,163.7380000000,163.7400000000,163.7370000000,163.7390000000,36,10,0
1785194100,163.7390000000,163.7390000000,163.7250000000,163.7290000000,45,10,0
1785194400,163.7280000000,163.7400000000,163.7270000000,163.7280000000,39,10,0
1785194700,163.7270000000,163.7400000000,163.7230000000,163.7380000000,34,10,0
1785195000,163.7360000000,163.7540000000,163.7340000000,163.7540000000,73,10,0
1785195300,163.7540000000,163.7590000000,163.7510000000,163.7540000000,79,11,0
1785195600,163.7540000000,163.7660000000,163.7520000000,163.7610000000,56,10,0
1785195900,163.7610000000,163.7630000000,163.7500000000,163.7520000000,195,11,0
1785196200,163.7510000000,163.7530000000,163.7350000000,163.7410000000,213,13,0
1785196500,163.7400000000,163.7440000000,163.7160000000,163.7190000000,111,14,0
1785196800,163.7190000000,163.7260000000,163.5780000000,163.6750000000,11,46,0
1785197100,163.6750000000,163.6760000000,163.6750000000,163.6760000000,5,90,0
1785197400,163.6760000000,163.6810000000,163.6730000000,163.6760000000,21,95,0
1785197700,163.6760000000,163.6940000000,163.6680000000,163.6770000000,18,77,0
1785198000,163.6770000000,163.6850000000,163.6740000000,163.6740000000,8,87,0
1785198300,163.6740000000,163.6750000000,163.6740000000,163.6750000000,5,96,0
1785198600,163.6750000000,163.6750000000,163.6700000000,163.6750000000,11,91,0
1785198900,163.6750000000,163.6770000000,163.6750000000,163.6750000000,16,90,0
1785199200,163.6760000000,163.6910000000,163.6750000000,163.6810000000,8,76,0
1785199500,163.6930000000,163.6980000000,163.6750000000,163.6760000000,39,68,0
1785199800,163.6770000000,163.6800000000,163.6750000000,163.6800000000,83,87,0
1785200100,163.6730000000,163.6910000000,163.6730000000,163.6910000000,117,81,0
1785200400,163.6980000000,163.7340000000,163.6940000000,163.7310000000,85,30,0
1785200700,163.7310000000,163.7340000000,163.7230000000,163.7270000000,70,18,0
1785201000,163.7230000000,163.7520000000,163.7230000000,163.7410000000,75,13,0
1785201300,163.7400000000,163.7420000000,163.7360000000,163.7370000000,92,13,0
1785201600,163.7370000000,163.7500000000,163.7360000000,163.7490000000,58,15,0
1785201900,163.7480000000,163.7510000000,163.7460000000,163.7500000000,28,13,0
1785202200,163.7470000000,163.7510000000,163.7340000000,163.7350000000,58,13,0
1785202500,163.7340000000,163.7430000000,163.7340000000,163.7410000000,50,13,0
1785202800,163.7400000000,163.7400000000,163.7380000000,163.7380000000,24,17,0
1785203100,163.7390000000,163.7420000000,163.7390000000,163.7390000000,35,16,0
1785203400,163.7410000000,163.7440000000,163.7390000000,163.7410000000,53,13,0
1785203700,163.7420000000,163.7450000000,163.7360000000,163.7370000000,51,16,0
1785204000,163.7370000000,163.7420000000,163.7140000000,163.7300000000,237,10,0
1785204300,163.7300000000,163.7320000000,163.7180000000,163.7210000000,116,13,0
1785204600,163.7220000000,163.7240000000,163.7170000000,163.7190000000,422,12,0
1785204900,163.7200000000,163.7220000000,163.7180000000,163.7210000000,759,11,0
1785205200,163.7200000000,163.7320000000,163.7180000000,163.7290000000,108,12,0
1785205500,163.7290000000,163.7300000000,163.7160000000,163.7260000000,68,10,0
1785205800,163.7260000000,163.7570000000,163.7250000000,163.7420000000,137,10,0
1785206100,163.7410000000,163.7460000000,163.7410000000,163.7460000000,34,13,0
1785206400,163.7460000000,163.7460000000,163.7380000000,163.7410000000,48,13,0
1785206700,163.7400000000,163.7570000000,163.7290000000,163.7520000000,127,10,0
1785207000,163.7530000000,163.7800000000,163.7510000000,163.7790000000,134,10,0
1785207300,163.7780000000,163.7780000000,163.7680000000,163.7720000000,59,12,0
1785207600,163.7740000000,163.8210000000,163.7700000000,163.8200000000,285,10,0
1785207900,163.8210000000,163.8350000000,163.8070000000,163.8180000000,359,10,0
1785208200,163.8170000000,163.8190000000,163.8070000000,163.8100000000,204,10,0
1785208500,163.8100000000,163.8160000000,163.7770000000,163.7820000000,196,10,0
1785208800,163.7780000000,163.7910000000,163.7680000000,163.7760000000,231,10,0
1785209100,163.7770000000,163.7790000000,163.7520000000,163.7740000000,255,10,0
1785209400,163.7750000000,163.7860000000,163.7600000000,163.7730000000,264,10,0
1785209700,163.7720000000,163.7780000000,163.7530000000,163.7680000000,204,10,0
1785210000,163.7670000000,163.7840000000,163.7600000000,163.7610000000,240,11,0
1785210300,163.7610000000,163.7770000000,163.7520000000,163.7630000000,234,10,0
1785210600,163.7640000000,163.8150000000,163.7640000000,163.7670000000,371,10,0
1785210900,163.7720000000,163.7870000000,163.7330000000,163.7410000000,299,10,0
1785211200,163.7410000000,163.7500000000,163.7090000000,163.7450000000,414,10,0
1785211500,163.7450000000,163.7520000000,163.7310000000,163.7410000000,224,11,0
1785211800,163.7410000000,163.7530000000,163.7370000000,163.7470000000,226,11,0
1785212100,163.7480000000,163.7610000000,163.7340000000,163.7390000000,282,11,0
1785212400,163.7380000000,163.7500000000,163.7310000000,163.7450000000,151,10,0
1785212700,163.7450000000,163.7530000000,163.7370000000,163.7410000000,345,10,0
1785213000,163.7410000000,163.7630000000,163.7330000000,163.7540000000,234,10,0
1785213300,163.7530000000,163.7590000000,163.7470000000,163.7550000000,270,11,0
1785213600,163.7560000000,163.7700000000,163.7530000000,163.7560000000,329,10,0
1785213900,163.7570000000,163.7700000000,163.7450000000,163.7600000000,250,10,0
1785214200,163.7610000000,163.7860000000,163.7610000000,163.7690000000,237,10,0
1785214500,163.7690000000,163.7780000000,163.7590000000,163.7610000000,181,11,0
1785214800,163.7620000000,163.7840000000,163.7580000000,163.7750000000,223,10,0
1785215100,163.7760000000,163.7810000000,163.7630000000,163.7740000000,128,11,0
1785215400,163.7740000000,163.7770000000,163.7620000000,163.7740000000,116,10,0
1785215700,163.7740000000,163.7750000000,163.7580000000,163.7630000000,83,11,0
1785216000,163.7630000000,163.7630000000,163.7350000000,163.7510000000,176,10,0
1785216300,163.7500000000,163.7620000000,163.7470000000,163.7480000000,117,10,0
1785216600,163.7540000000,163.7590000000,163.7470000000,163.7590000000,178,10,0
1785216900,163.7590000000,163.7600000000,163.7470000000,163.7570000000,151,11,0
1785217200,163.7570000000,163.7570000000,163.7320000000,163.7360000000,160,11,0
1785217500,163.7350000000,163.7450000000,163.7190000000,163.7330000000,117,10,0
1785217800,163.7340000000,163.7340000000,163.6690000000,163.6940000000,365,10,0
1785218100,163.6940000000,163.7110000000,163.6920000000,163.7090000000,196,11,0
1785218400,163.7080000000,163.7100000000,163.6970000000,163.7090000000,180,11,0
1785218700,163.7090000000,163.7220000000,163.7040000000,163.7100000000,195,10,0
1785219000,163.7100000000,163.7350000000,163.7100000000,163.7340000000,212,10,0
1785219300,163.7350000000,163.7360000000,163.7180000000,163.7230000000,191,11,0
1785219600,163.7220000000,163.7320000000,163.7200000000,163.7320000000,193,11,0
1785219900,163.7310000000,163.7340000000,163.7140000000,163.7160000000,167,11,0
1785220200,163.7160000000,163.7230000000,163.7070000000,163.7190000000,261,10,0
1785220500,163.7180000000,163.7440000000,163.7180000000,163.7380000000,212,10,0
1785220800,163.7410000000,163.7560000000,163.7410000000,163.7550000000,207,10,0
1785221100,163.7560000000,163.7620000000,163.7530000000,163.7570000000,140,11,0
1785221400,163.7570000000,163.7570000000,163.7450000000,163.7530000000,190,11,0
1785221700,163.7530000000,163.7570000000,163.7520000000,163.7560000000,144,12,0
1785222000,163.7570000000,163.7690000000,163.7520000000,163.7630000000,329,11,0
1785222300,163.7630000000,163.7700000000,163.7590000000,163.7660000000,221,10,0
1785222600,163.7650000000,163.7690000000,163.7570000000,163.7650000000,195,11,0
1785222900,163.7660000000,163.7720000000,163.7530000000,163.7560000000,186,11,0
1785223200,163.7560000000,163.7680000000,163.7550000000,163.7650000000,117,11,0
1785223500,163.7650000000,163.7710000000,163.7580000000,163.7610000000,97,11,0
1785223800,163.7600000000,163.7690000000,163.7540000000,163.7640000000,122,10,0
1785224100,163.7650000000,163.7700000000,163.7540000000,163.7540000000,99,11,0
1785224400,163.7540000000,163.7550000000,163.7430000000,163.7530000000,107,11,0
1785224700,163.7520000000,163.7540000000,163.7410000000,163.7480000000,121,11,0
1785225000,163.7480000000,163.7590000000,163.7390000000,163.7570000000,164,10,0
1785225300,163.7580000000,163.7590000000,163.7400000000,163.7450000000,79,10,0
1785225600,163.7450000000,163.7580000000,163.7440000000,163.7480000000,138,10,0
1785225900,163.7490000000,163.7560000000,163.7400000000,163.7530000000,223,11,0
1785226200,163.7530000000,163.7620000000,163.7430000000,163.7590000000,172,10,0
1785226500,163.7600000000,163.7640000000,163.7540000000,163.7570000000,177,11,0
1785226800,163.7570000000,163.7590000000,163.7440000000,163.7450000000,164,12,0
1785227100,163.7440000000,163.7490000000,163.7200000000,163.7210000000,195,10,0
1785227400,163.7210000000,163.7310000000,163.7180000000,163.7310000000,189,10,0
1785227700,163.7310000000,163.7480000000,163.7310000000,163.7370000000,144,10,0
1785228000,163.7370000000,163.7470000000,163.7330000000,163.7410000000,175,10,0
1785228300,163.7410000000,163.7580000000,163.7400000000,163.7530000000,152,11,0
1785228600,163.7530000000,163.7580000000,163.7190000000,163.7300000000,195,10,0
1785228900,163.7290000000,163.7400000000,163.7240000000,163.7330000000,127,11,0
1785229200,163.7340000000,163.7370000000,163.7180000000,163.7370000000,367,11,0
1785229500,163.7370000000,163.7370000000,163.7200000000,163.7230000000,226,10,0
1785229800,163.7220000000,163.7330000000,163.6860000000,163.6890000000,363,10,0
1785230100,163.6900000000,163.7110000000,163.6740000000,163.7070000000,289,10,0
1785230400,163.7070000000,163.7240000000,163.6980000000,163.6980000000,268,10,0
1785230700,163.6960000000,163.7140000000,163.6900000000,163.6950000000,283,10,0
1785231000,163.6940000000,163.7100000000,163.6810000000,163.6930000000,246,10,0
1785231300,163.6930000000,163.7110000000,163.6830000000,163.6980000000,308,10,0
1785231600,163.6970000000,163.7010000000,163.6640000000,163.6820000000,351,10,0
1785231900,163.6820000000,163.6970000000,163.6660000000,163.6970000000,191,10,0
1785232200,163.6960000000,163.6970000000,163.6770000000,163.6780000000,191,10,0
1785232500,163.6780000000,163.7060000000,163.6640000000,163.7050000000,403,11,0
1785232800,163.7050000000,163.7350000000,163.7050000000,163.7310000000,354,10,0
1785233100,163.7300000000,163.7450000000,163.7170000000,163.7190000000,252,10,0
1785233400,163.7180000000,163.7430000000,163.7150000000,163.7310000000,456,10,0
1785233700,163.7320000000,163.7330000000,163.7170000000,163.7220000000,252,11,0
1785234000,163.7210000000,163.7470000000,163.7210000000,163.7460000000,230,10,0
1785234300,163.7460000000,163.7610000000,163.7420000000,163.7520000000,246,10,0
1785234600,163.7530000000,163.7540000000,163.7400000000,163.7520000000,154,10,0
1785234900,163.7520000000,163.7600000000,163.7400000000,163.7430000000,276,10,0
1785235200,163.7430000000,163.7680000000,163.7420000000,163.7650000000,313,10,0
1785235500,163.7650000000,163.7880000000,163.7640000000,163.7800000000,285,10,0
1785235800,163.7790000000,163.7880000000,163.7690000000,163.7800000000,340,11,0
1785236100,163.7800000000,163.7860000000,163.7720000000,163.7780000000,231,10,0
1785236400,163.7770000000,163.7850000000,163.7640000000,163.7650000000,314,10,0
1785236700,163.7650000000,163.7760000000,163.7540000000,163.7700000000,252,10,0
1785237000,163.7700000000,163.7890000000,163.7700000000,163.7870000000,226,10,0
1785237300,163.7880000000,163.8150000000,163.7810000000,163.8100000000,203,10,0
1785237600,163.8120000000,163.8200000000,163.7920000000,163.8060000000,198,10,0
1785237900,163.8070000000,163.8370000000,163.8070000000,163.8340000000,228,11,0
1785238200,163.8330000000,163.8440000000,163.8200000000,163.8230000000,224,10,0
1785238500,163.8240000000,163.8370000000,163.8210000000,163.8340000000,176,10,0
1785238800,163.8350000000,163.8470000000,163.8320000000,163.8350000000,162,11,0
1785239100,163.8310000000,163.8350000000,163.8050000000,163.8120000000,153,11,0
1785239400,163.8100000000,163.8220000000,163.8050000000,163.8190000000,130,10,0
1785239700,163.8190000000,163.8270000000,163.8080000000,163.8190000000,115,10,0
1785240000,163.8190000000,163.8230000000,163.8050000000,163.8090000000,158,10,0
1785240300,163.8080000000,163.8190000000,163.8040000000,163.8120000000,249,10,0
1785240600,163.8130000000,163.8250000000,163.8100000000,163.8160000000,176,10,0
1785240900,163.8150000000,163.8220000000,163.8080000000,163.8110000000,328,10,0
1785241200,163.8100000000,163.8150000000,163.8040000000,163.8120000000,236,10,0
1785241500,163.8120000000,163.8260000000,163.8100000000,163.8230000000,150,10,0
1785241800,163.8240000000,163.8490000000,163.8240000000,163.8330000000,209,10,0
1785242100,163.8340000000,163.8430000000,163.8330000000,163.8330000000,255,11,0
1785242400,163.8350000000,163.8360000000,163.8240000000,163.8350000000,183,10,0
1785242700,163.8350000000,163.8490000000,163.8330000000,163.8440000000,187,10,0
1785243000,163.8440000000,163.8590000000,163.8430000000,163.8560000000,118,11,0
1785243300,163.8580000000,163.8840000000,163.8570000000,163.8740000000,160,10,0
1785243600,163.8750000000,163.8860000000,163.8620000000,163.8740000000,248,10,0
1785243900,163.8740000000,163.8950000000,163.8740000000,163.8840000000,236,10,0
1785244200,163.8850000000,163.8920000000,163.8760000000,163.8890000000,168,10,0
1785244500,163.8900000000,163.9170000000,163.8900000000,163.9120000000,187,10,0
1785244800,163.9130000000,163.9300000000,163.9120000000,163.9210000000,203,10,0
1785245100,163.9200000000,163.9300000000,163.9170000000,163.9230000000,151,10,0
1785245400,163.9240000000,163.9290000000,163.9030000000,163.9110000000,151,10,0
1785245700,163.9130000000,163.9260000000,163.9130000000,163.9200000000,142,10,0
1785246000,163.9190000000,163.9390000000,163.9170000000,163.9390000000,102,10,0
1785246300,163.9380000000,163.9440000000,163.9300000000,163.9350000000,108,10,0
1785246600,163.9350000000,163.9390000000,163.9240000000,163.9270000000,108,10,0
1785246900,163.9260000000,163.9390000000,163.9170000000,163.9320000000,86,10,0
1785247200,163.9310000000,163.9310000000,163.9130000000,163.9170000000,156,11,0
1785247500,163.9160000000,163.9310000000,163.9150000000,163.9300000000,111,10,0
1785247800,163.9290000000,163.9330000000,163.9270000000,163.9300000000,102,11,0
1785248100,163.9310000000,163.9320000000,163.9090000000,163.9150000000,240,10,0
1785248400,163.9150000000,163.9180000000,163.9020000000,163.9130000000,150,10,0
1785248700,163.9130000000,163.9180000000,163.9110000000,163.9170000000,115,11,0
1785249000,163.9170000000,163.9260000000,163.9150000000,163.9190000000,133,10,0
1785249300,163.9200000000,163.9210000000,163.9040000000,163.9100000000,168,10,0
1785249600,163.9110000000,163.9260000000,163.9100000000,163.9240000000,120,11,0
1785249900,163.9240000000,163.9280000000,163.9210000000,163.9240000000,53,10,0
1785250200,163.9250000000,163.9300000000,163.9230000000,163.9250000000,73,10,0
1785250500,163.9270000000,163.9340000000,163.9160000000,163.9270000000,121,10,0
1785250800,163.9260000000,163.9270000000,163.9120000000,163.9150000000,298,10,0
1785251100,163.9160000000,163.9240000000,163.9090000000,163.9160000000,177,10,0
1785251400,163.9170000000,163.9290000000,163.9160000000,163.9160000000,164,11,0
1785251700,163.9170000000,163.9200000000,163.9060000000,163.9130000000,170,10,0
1785252000,163.9120000000,163.9130000000,163.8880000000,163.8930000000,183,10,0
1785252300,163.8920000000,163.8960000000,163.8780000000,163.8870000000,130,12,0
1785252600,163.8860000000,163.8980000000,163.8770000000,163.8870000000,135,10,0
1785252900,163.8880000000,163.8920000000,163.8760000000,163.8880000000,208,10,0
1785253200,163.8880000000,163.8900000000,163.8790000000,163.8790000000,158,10,0
1785253500,163.8800000000,163.8800000000,163.8410000000,163.8530000000,180,10,0
1785253800,163.8530000000,163.8700000000,163.8490000000,163.8690000000,223,10,0
1785254100,163.8700000000,163.8810000000,163.8680000000,163.8740000000,155,10,0
1785254400,163.8730000000,163.8790000000,163.8620000000,163.8680000000,170,11,0
1785254700,163.8670000000,163.8750000000,163.8520000000,163.8520000000,172,10,0
1785255000,163.8530000000,163.8690000000,163.8490000000,163.8680000000,190,10,0
1785255300,163.8680000000,163.8690000000,163.8530000000,163.8590000000,203,10,0
1785255600,163.8590000000,163.8590000000,163.8380000000,163.8530000000,158,10,0
1785255900,163.8530000000,163.8710000000,163.8430000000,163.8680000000,167,10,0
1785256200,163.8680000000,163.8690000000,163.8460000000,163.8520000000,310,10,0
1785256500,163.8520000000,163.8720000000,163.8440000000,163.8650000000,239,10,0
1785256800,163.8670000000,163.8760000000,163.8420000000,163.8490000000,180,10,0
1785257100,163.8520000000,163.8560000000,163.8130000000,163.8260000000,349,10,0
1785257400,163.8250000000,163.8430000000,163.8140000000,163.8280000000,313,10,0
1785257700,163.8290000000,163.8420000000,163.8190000000,163.8230000000,129,10,0
1785258000,163.8220000000,163.8420000000,163.8210000000,163.8260000000,292,10,0
1785258300,163.8260000000,163.8480000000,163.8240000000,163.8410000000,288,10,0
1785258600,163.8400000000,163.8550000000,163.8300000000,163.8550000000,223,10,0
1785258900,163.8550000000,163.8570000000,163.8370000000,163.8480000000,157,10,0
1785259200,163.8480000000,163.8570000000,163.8390000000,163.8430000000,227,10,0
1785259500,163.8430000000,163.8440000000,163.8290000000,163.8390000000,205,10,0
1785259800,163.8410000000,163.8500000000,163.8290000000,163.8490000000,209,10,0
1785260100,163.8500000000,163.8510000000,163.8400000000,163.8460000000,155,10,0
1785260400,163.8470000000,163.8480000000,163.8350000000,163.8460000000,163,10,0
1785260700,163.8450000000,163.8770000000,163.8450000000,163.8590000000,231,10,0
1785261000,163.8590000000,163.8680000000,163.8470000000,163.8490000000,296,10,0
1785261300,163.8490000000,163.8790000000,163.8490000000,163.8620000000,373,10,0
1785261600,163.8620000000,163.8620000000,163.8130000000,163.8410000000,351,10,0
1785261900,163.8410000000,163.8510000000,163.8150000000,163.8150000000,212,10,0
1785262200,163.8150000000,163.8160000000,163.7350000000,163.7440000000,866,10,0
1785262500,163.7440000000,163.7550000000,163.7190000000,163.7190000000,654,10,0
1785262800,163.7200000000,163.7210000000,163.6510000000,163.7210000000,650,10,0
1785263100,163.7210000000,163.7290000000,163.6790000000,163.6890000000,418,10,0
1785263400,163.6890000000,163.7090000000,163.6630000000,163.6790000000,572,10,0
1785263700,163.6790000000,163.7040000000,163.6690000000,163.6950000000,358,10,0
1785264000,163.6940000000,163.7030000000,163.6520000000,163.6670000000,366,10,0
1785264300,163.6680000000,163.6820000000,163.6540000000,163.6770000000,297,10,0
1785264600,163.6780000000,163.7070000000,163.6650000000,163.6730000000,416,10,0
1785264900,163.6720000000,163.6920000000,163.6430000000,163.6440000000,378,10,0
1785265200,163.6450000000,163.6810000000,163.6390000000,163.6770000000,383,10,0
1785265500,163.6770000000,163.6800000000,163.6660000000,163.6670000000,335,10,0
1785265800,163.6680000000,163.6940000000,163.6630000000,163.6690000000,335,10,0
1785266100,163.6680000000,163.6720000000,163.6520000000,163.6600000000,275,10,0
1785266400,163.6600000000,163.6840000000,163.6530000000,163.6660000000,242,10,0
1785266700,163.6670000000,163.6770000000,163.6580000000,163.6740000000,160,10,0
1785267000,163.6750000000,163.6950000000,163.6740000000,163.6850000000,303,10,0
1785267300,163.6840000000,163.6890000000,163.6650000000,163.6710000000,210,10,0
1785267600,163.6730000000,163.7020000000,163.6710000000,163.7020000000,151,10,0
1785267900,163.7010000000,163.7350000000,163.6980000000,163.7310000000,297,10,0
1785268200,163.7310000000,163.7380000000,163.7270000000,163.7340000000,152,11,0
1785268500,163.7350000000,163.7440000000,163.7320000000,163.7390000000,190,10,0
1785268800,163.7380000000,163.7460000000,163.7180000000,163.7200000000,286,10,0
1785269100,163.7210000000,163.7330000000,163.7110000000,163.7200000000,220,10,0
1785269400,163.7200000000,163.7470000000,163.7190000000,163.7430000000,224,10,0
1785269700,163.7430000000,163.7620000000,163.7430000000,163.7590000000,192,10,0
1785270000,163.7580000000,163.7720000000,163.7200000000,163.7720000000,408,10,0
1785270300,163.7720000000,163.7750000000,163.7580000000,163.7690000000,146,10,0
1785270600,163.7690000000,163.7740000000,163.7590000000,163.7590000000,138,10,0
1785270900,163.7590000000,163.7740000000,163.7590000000,163.7680000000,117,11,0
1785271200,163.7690000000,163.7840000000,163.7690000000,163.7830000000,63,11,0
1785271500,163.7840000000,163.7900000000,163.7720000000,163.7830000000,105,10,0
1785271800,163.7840000000,163.8000000000,163.7830000000,163.7990000000,139,10,0
1785272100,163.7980000000,163.8100000000,163.7960000000,163.7990000000,168,10,0
1785272400,163.7980000000,163.8100000000,163.7950000000,163.8010000000,144,10,0
1785272700,163.8010000000,163.8020000000,163.7820000000,163.7820000000,129,11,0
1785273000,163.7820000000,163.7920000000,163.7650000000,163.7890000000,154,10,0
1785273300,163.7890000000,163.7890000000,163.7720000000,163.7840000000,214,10,0
1785273600,163.7840000000,163.7970000000,163.7840000000,163.7950000000,124,10,0
1785273900,163.7950000000,163.8150000000,163.7940000000,163.8120000000,127,11,0
1785274200,163.8130000000,163.8160000000,163.8070000000,163.8150000000,90,11,0
1785274500,163.8150000000,163.8160000000,163.8080000000,163.8150000000,93,10,0
1785274800,163.8140000000,163.8270000000,163.8140000000,163.8250000000,93,10,0
1785275100,163.8250000000,163.8450000000,163.8250000000,163.8410000000,93,10,0
1785275400,163.8400000000,163.8440000000,163.8320000000,163.8430000000,68,10,0
1785275700,163.8440000000,163.8560000000,163.8400000000,163.8550000000,63,10,0
1785276000,163.8570000000,163.8660000000,163.8400000000,163.8400000000,165,10,0
1785276300,163.8410000000,163.8410000000,163.8220000000,163.8240000000,212,10,0
1785276600,163.8230000000,163.8500000000,163.8210000000,163.8490000000,120,10,0
1785276900,163.8490000000,163.8490000000,163.8300000000,163.8310000000,124,10,0
1785277200,163.8290000000,163.8470000000,163.8240000000,163.8440000000,143,10,0
1785277500,163.8440000000,163.8480000000,163.8420000000,163.8420000000,93,11,0
1785277800,163.8430000000,163.8430000000,163.8230000000,163.8290000000,180,10,0
1785278100,163.8300000000,163.8360000000,163.8210000000,163.8270000000,110,10,0
1785278400,163.8270000000,163.8360000000,163.8230000000,163.8350000000,83,10,0
1785278700,163.8350000000,163.8350000000,163.8230000000,163.8280000000,92,10,0
1785279000,163.8270000000,163.8350000000,163.8210000000,163.8230000000,108,10,0
1785279300,163.8310000000,163.8570000000,163.8300000000,163.8500000000,175,11,0
1785279600,163.8500000000,163.8620000000,163.8500000000,163.8600000000,91,11,0
1785279900,163.8610000000,163.8710000000,163.8550000000,163.8560000000,62,11,0
1785280200,163.8560000000,163.8560000000,163.8430000000,163.8440000000,60,12,0
1785280500,163.8440000000,163.8570000000,163.8360000000,163.8550000000,116,11,0
1785280800,163.8550000000,163.8580000000,163.8520000000,163.8550000000,30,11,0
1785281100,163.8560000000,163.8620000000,163.8560000000,163.8600000000,51,11,0
1785281400,163.8600000000,163.8690000000,163.8560000000,163.8600000000,44,10,0
1785281700,163.8590000000,163.8820000000,163.8560000000,163.8690000000,83,10,0
1785282000,163.8690000000,163.8740000000,163.8530000000,163.8530000000,92,10,0
1785282300,163.8550000000,163.8600000000,163.8330000000,163.8370000000,99,11,0
1785282600,163.8390000000,163.8500000000,163.8320000000,163.8470000000,108,11,0
1785282900,163.8470000000,163.8590000000,163.7940000000,163.7940000000,114,14,0
1785283200,163.7690000000,163.7730000000,163.6640000000,163.7730000000,23,64,0
1785283500,163.7730000000,163.7900000000,163.7420000000,163.7900000000,9,63,0
1785283800,163.7890000000,163.8250000000,163.7850000000,163.8240000000,20,45,0
1785284100,163.8140000000,163.8320000000,163.8140000000,163.8220000000,37,35,0
1785284400,163.8220000000,163.8320000000,163.7970000000,163.7970000000,34,30,0
1785284700,163.7960000000,163.7970000000,163.7850000000,163.7850000000,38,51,0
1785285000,163.7830000000,163.7910000000,163.7810000000,163.7830000000,67,47,0
1785285300,163.7840000000,163.7840000000,163.7620000000,163.7650000000,31,35,0
1785285600,163.7640000000,163.7970000000,163.7620000000,163.7710000000,54,24,0
1785285900,163.7720000000,163.8000000000,163.7620000000,163.7690000000,56,21,0
1785286200,163.7690000000,163.8120000000,163.7660000000,163.8110000000,62,38,0
1785286500,163.8110000000,163.8120000000,163.7940000000,163.7980000000,56,34,0
1785286800,163.7950000000,163.8230000000,163.7950000000,163.8230000000,57,23,0
1785287100,163.8230000000,163.8230000000,163.8170000000,163.8190000000,28,19,0
1785287400,163.8180000000,163.8320000000,163.8070000000,163.8300000000,118,14,0
1785287700,163.8290000000,163.8580000000,163.8280000000,163.8530000000,144,14,0
1785288000,163.8530000000,163.8660000000,163.8520000000,163.8560000000,136,16,0
1785288300,163.8550000000,163.8730000000,163.8400000000,163.8440000000,221,10,0
1785288600,163.8450000000,163.8550000000,163.8390000000,163.8460000000,116,12,0
1785288900,163.8460000000,163.8550000000,163.8440000000,163.8520000000,135,15,0
1785289200,163.8530000000,163.8610000000,163.8520000000,163.8570000000,61,15,0
1785289500,163.8560000000,163.8620000000,163.8560000000,163.8620000000,159,16,0
1785289800,163.8610000000,163.8620000000,163.8440000000,163.8450000000,82,14,0
1785290100,163.8440000000,163.8460000000,163.8400000000,163.8430000000,54,17,0
1785290400,163.8430000000,163.8550000000,163.8390000000,163.8400000000,113,12,0
1785290700,163.8410000000,163.8590000000,163.8410000000,163.8550000000,97,10,0
1785291000,163.8540000000,163.8600000000,163.8440000000,163.8500000000,103,10,0
1785291300,163.8500000000,163.8670000000,163.8490000000,163.8660000000,59,10,0
1785291600,163.8660000000,163.8660000000,163.8500000000,163.8500000000,73,12,0
1785291900,163.8510000000,163.8590000000,163.8500000000,163.8560000000,29,12,0
1785292200,163.8550000000,163.8600000000,163.8550000000,163.8570000000,20,13,0
1785292500,163.8580000000,163.8610000000,163.8570000000,163.8610000000,24,13,0
1785292800,163.8610000000,163.8630000000,163.8500000000,163.8540000000,29,12,0
1785293100,163.8550000000,163.8650000000,163.8540000000,163.8550000000,113,11,0
1785293400,163.8550000000,163.8590000000,163.8440000000,163.8590000000,109,12,0
1785293700,163.8590000000,163.8620000000,163.8550000000,163.8620000000,70,11,0
1785294000,163.8620000000,163.8740000000,163.8420000000,163.8620000000,300,10,0
1785294300,163.8610000000,163.8770000000,163.8610000000,163.8710000000,140,10,0
1785294600,163.8700000000,163.8760000000,163.8640000000,163.8700000000,140,11,0
1785294900,163.8700000000,163.8740000000,163.8090000000,163.8280000000,272,10,0
1785295200,163.8280000000,163.8280000000,163.7930000000,163.8070000000,338,11,0
1785295500,163.8080000000,163.8180000000,163.7970000000,163.7990000000,240,10,0
1785295800,163.7980000000,163.8120000000,163.7950000000,163.8050000000,172,10,0
1785296100,163.8050000000,163.8110000000,163.7820000000,163.7880000000,158,10,0
1785296400,163.7880000000,163.7940000000,163.7570000000,163.7600000000,236,10,0
1785296700,163.7610000000,163.7700000000,163.7420000000,163.7610000000,258,10,0
1785297000,163.7620000000,163.7690000000,163.6680000000,163.6770000000,642,10,0
1785297300,163.6770000000,163.7120000000,163.6730000000,163.7020000000,365,10,0
1785297600,163.7020000000,163.7200000000,163.6760000000,163.7140000000,306,10,0
1785297900,163.7140000000,163.7270000000,163.7040000000,163.7220000000,323,10,0
1785298200,163.7210000000,163.7360000000,163.7160000000,163.7300000000,313,11,0
1785298500,163.7300000000,163.7330000000,163.7050000000,163.7290000000,445,10,0
1785298800,163.7290000000,163.7350000000,163.7160000000,163.7320000000,212,10,0
1785299100,163.7320000000,163.7590000000,163.7300000000,163.7390000000,191,10,0
1785299400,163.7370000000,163.7580000000,163.7240000000,163.7420000000,418,10,0
1785299700,163.7420000000,163.7740000000,163.7330000000,163.7690000000,247,10,0
1785300000,163.7690000000,163.7730000000,163.7600000000,163.7640000000,286,10,0
1785300300,163.7630000000,163.7680000000,163.7450000000,163.7460000000,278,10,0
1785300600,163.7480000000,163.7530000000,163.7190000000,163.7220000000,144,10,0
1785300900,163.7210000000,163.7230000000,163.7020000000,163.7180000000,255,11,0
1785301200,163.7180000000,163.7470000000,163.6970000000,163.7190000000,322,10,0
1785301500,163.7180000000,163.7200000000,163.6910000000,163.7160000000,283,10,0
1785301800,163.7150000000,163.7270000000,163.6910000000,163.7060000000,197,11,0
1785302100,163.7050000000,163.7210000000,163.7010000000,163.7070000000,161,10,0
1785302400,163.7070000000,163.7070000000,163.6900000000,163.6970000000,250,11,0
1785302700,163.6970000000,163.7060000000,163.6810000000,163.7040000000,251,10,0
1785303000,163.7040000000,163.7120000000,163.7000000000,163.7020000000,161,10,0
1785303300,163.7020000000,163.7030000000,163.6520000000,163.6740000000,221,10,0
1785303600,163.6730000000,163.6950000000,163.6730000000,163.6940000000,163,10,0
1785303900,163.6940000000,163.7140000000,163.6930000000,163.7070000000,204,10,0
1785304200,163.7070000000,163.7290000000,163.7060000000,163.7290000000,142,10,0
1785304500,163.7280000000,163.7300000000,163.7030000000,163.7140000000,175,10,0
1785304800,163.7150000000,163.7180000000,163.6990000000,163.7040000000,185,10,0
1785305100,163.7040000000,163.7080000000,163.6850000000,163.7000000000,157,11,0
1785305400,163.7000000000,163.7060000000,163.6890000000,163.6920000000,130,11,0
1785305700,163.6910000000,163.6950000000,163.6770000000,163.6820000000,152,10,0
1785306000,163.6850000000,163.6940000000,163.6740000000,163.6790000000,167,10,0
1785306300,163.6780000000,163.6790000000,163.6600000000,163.6670000000,241,11,0
1785306600,163.6660000000,163.6820000000,163.6630000000,163.6760000000,182,11,0
1785306900,163.6770000000,163.6770000000,163.6250000000,163.6370000000,242,10,0
1785307200,163.6370000000,163.6490000000,163.6230000000,163.6240000000,159,10,0
1785307500,163.6240000000,163.6260000000,163.5580000000,163.5850000000,462,10,0
1785307800,163.5850000000,163.6100000000,163.5740000000,163.6060000000,337,10,0
1785308100,163.6070000000,163.6250000000,163.6070000000,163.6210000000,221,10,0
1785308400,163.6200000000,163.6200000000,163.5810000000,163.6060000000,276,10,0
1785308700,163.6060000000,163.6130000000,163.5800000000,163.5820000000,162,10,0
1785309000,163.5830000000,163.5880000000,163.5330000000,163.5470000000,314,10,0
1785309300,163.5460000000,163.5600000000,163.5290000000,163.5330000000,283,10,0
1785309600,163.5340000000,163.5370000000,163.4780000000,163.4870000000,262,10,0
1785309900,163.4870000000,163.5140000000,163.4770000000,163.5100000000,356,10,0
1785310200,163.5090000000,163.5200000000,163.4490000000,163.4560000000,374,10,0
1785310500,163.4550000000,163.4560000000,163.3750000000,163.4100000000,534,10,0
1785310800,163.4100000000,163.4100000000,163.2920000000,163.2950000000,915,10,0
1785311100,163.2930000000,163.5200000000,163.2720000000,163.4390000000,907,10,0
1785311400,163.4400000000,163.4810000000,163.4180000000,163.4670000000,831,10,0
1785311700,163.4660000000,163.4700000000,163.4030000000,163.4190000000,462,10,0
1785312000,163.4200000000,163.4510000000,163.4110000000,163.4180000000,341,10,0
1785312300,163.4180000000,163.4240000000,163.3920000000,163.4120000000,286,10,0
1785312600,163.4130000000,163.4320000000,163.4070000000,163.4110000000,262,10,0
1785312900,163.4120000000,163.4140000000,163.3780000000,163.3930000000,209,10,0
1785313200,163.3930000000,163.4000000000,163.3390000000,163.3540000000,292,10,0
1785313500,163.3540000000,163.3930000000,163.3540000000,163.3800000000,196,11,0
1785313800,163.3800000000,163.4680000000,163.3780000000,163.4610000000,453,10,0
1785314100,163.4600000000,163.4750000000,163.4280000000,163.4400000000,308,10,0
1785314400,163.4400000000,163.4480000000,163.3980000000,163.4110000000,374,11,0
1785314700,163.4120000000,163.4530000000,163.4100000000,163.4250000000,323,11,0
1785315000,163.4260000000,163.4280000000,163.3980000000,163.4150000000,220,10,0
1785315300,163.4130000000,163.4910000000,163.4130000000,163.4890000000,353,10,0
1785315600,163.4830000000,163.4860000000,163.4480000000,163.4820000000,452,10,0
1785315900,163.4830000000,163.5590000000,163.4750000000,163.5320000000,528,10,0
1785316200,163.5320000000,163.5650000000,163.5020000000,163.5040000000,379,10,0
1785316500,163.5040000000,163.5210000000,163.4920000000,163.4990000000,252,10,0
1785316800,163.5000000000,163.5130000000,163.4730000000,163.5120000000,376,10,0
1785317100,163.5120000000,163.5570000000,163.5050000000,163.5430000000,430,10,0
1785317400,163.5440000000,163.5560000000,163.5330000000,163.5400000000,398,10,0
1785317700,163.5400000000,163.5740000000,163.5360000000,163.5630000000,262,10,0
1785318000,163.5640000000,163.5700000000,163.4610000000,163.4910000000,480,10,0
1785318300,163.4920000000,163.5480000000,163.4920000000,163.5330000000,344,10,0
1785318600,163.5340000000,163.5360000000,163.5000000000,163.5250000000,486,10,0
1785318900,163.5260000000,163.5460000000,163.5120000000,163.5250000000,484,10,0
1785319200,163.5260000000,163.5430000000,163.5120000000,163.5310000000,453,10,0
1785319500,163.5310000000,163.5540000000,163.5140000000,163.5200000000,422,10,0
1785319800,163.5210000000,163.5560000000,163.5170000000,163.5380000000,370,10,0
1785320100,163.5390000000,163.5430000000,163.5080000000,163.5190000000,384,10,0
1785320400,163.5190000000,163.5410000000,163.4900000000,163.5320000000,408,10,0
1785320700,163.5340000000,163.5890000000,163.5240000000,163.5830000000,389,10,0
1785321000,163.5820000000,163.6060000000,163.5810000000,163.5940000000,415,10,0
1785321300,163.5950000000,163.5970000000,163.5630000000,163.5690000000,283,10,0
1785321600,163.5700000000,163.5990000000,163.5490000000,163.5970000000,293,10,0
1785321900,163.5980000000,163.6080000000,163.5830000000,163.5990000000,293,10,0
1785322200,163.6000000000,163.6540000000,163.6000000000,163.6470000000,259,10,0
1785322500,163.6490000000,163.6890000000,163.6480000000,163.6760000000,561,10,0
1785322800,163.6770000000,163.6900000000,163.6510000000,163.6630000000,412,10,0
1785323100,163.6640000000,163.6670000000,163.6470000000,163.6630000000,321,10,0
1785323400,163.6620000000,163.6800000000,163.6450000000,163.6460000000,410,10,0
1785323700,163.6470000000,163.6510000000,163.6320000000,163.6370000000,274,10,0
1785324000,163.6380000000,163.6380000000,163.6050000000,163.6140000000,319,10,0
1785324300,163.6150000000,163.6340000000,163.6020000000,163.6040000000,223,10,0
1785324600,163.6040000000,163.6390000000,163.6040000000,163.6200000000,220,10,0
1785324900,163.6200000000,163.6250000000,163.6020000000,163.6050000000,319,10,0
1785325200,163.6050000000,163.6060000000,163.5850000000,163.5890000000,203,10,0
1785325500,163.5900000000,163.5920000000,163.5580000000,163.5660000000,189,10,0
1785325800,163.5660000000,163.5700000000,163.5520000000,163.5680000000,167,10,0
1785326100,163.5680000000,163.5970000000,163.5670000000,163.5800000000,249,10,0
1785326400,163.5790000000,163.6140000000,163.5790000000,163.5850000000,261,10,0
1785326700,163.5850000000,163.5900000000,163.5500000000,163.5550000000,363,10,0
1785327000,163.5540000000,163.5550000000,163.5350000000,163.5360000000,255,10,0
1785327300,163.5370000000,163.5380000000,163.5220000000,163.5310000000,214,10,0
1785327600,163.5310000000,163.5570000000,163.5280000000,163.5300000000,203,10,0
1785327900,163.5290000000,163.5460000000,163.5290000000,163.5320000000,137,10,0
1785328200,163.5310000000,163.5410000000,163.5020000000,163.5040000000,183,10,0
1785328500,163.5040000000,163.5590000000,163.5010000000,163.5590000000,224,10,0
1785328800,163.5590000000,163.5730000000,163.5420000000,163.5620000000,189,10,0
1785329100,163.5610000000,163.5850000000,163.5490000000,163.5700000000,267,10,0
1785329400,163.5750000000,163.5930000000,163.5750000000,163.5890000000,191,10,0
1785329700,163.5900000000,163.6100000000,163.5830000000,163.6050000000,261,10,0
1785330000,163.6060000000,163.6320000000,163.5990000000,163.5990000000,253,10,0
1785330300,163.6000000000,163.6390000000,163.5990000000,163.6250000000,353,10,0
1785330600,163.6250000000,163.6400000000,163.6230000000,163.6360000000,239,10,0
1785330900,163.6360000000,163.6480000000,163.6120000000,163.6250000000,216,10,0
1785331200,163.6240000000,163.6490000000,163.6230000000,163.6490000000,186,10,0
1785331500,163.6490000000,163.6650000000,163.6470000000,163.6480000000,232,11,0
1785331800,163.6470000000,163.6620000000,163.6390000000,163.6600000000,168,10,0
1785332100,163.6590000000,163.6800000000,163.6570000000,163.6780000000,216,11,0
1785332400,163.6790000000,163.6900000000,163.6660000000,163.6730000000,217,11,0
1785332700,163.6730000000,163.6820000000,163.6660000000,163.6740000000,256,11,0
1785333000,163.6750000000,163.6860000000,163.6740000000,163.6830000000,211,10,0
1785333300,163.6830000000,163.6850000000,163.6510000000,163.6550000000,134,11,0
1785333600,163.6530000000,163.6830000000,163.6430000000,163.6810000000,232,11,0
1785333900,163.6810000000,163.6810000000,163.6630000000,163.6640000000,186,10,0
1785334200,163.6650000000,163.6800000000,163.6630000000,163.6760000000,152,10,0
1785334500,163.6760000000,163.6800000000,163.6550000000,163.6560000000,148,10,0
1785334800,163.6570000000,163.6810000000,163.6550000000,163.6680000000,156,10,0
1785335100,163.6680000000,163.6690000000,163.6370000000,163.6370000000,195,10,0
1785335400,163.6370000000,163.6730000000,163.6350000000,163.6650000000,196,10,0
1785335700,163.6660000000,163.6760000000,163.6580000000,163.6590000000,156,11,0
1785336000,163.6590000000,163.6740000000,163.6580000000,163.6660000000,136,10,0
1785336300,163.6670000000,163.6760000000,163.6510000000,163.6630000000,212,10,0
1785336600,163.6630000000,163.6670000000,163.6520000000,163.6610000000,180,10,0
1785336900,163.6610000000,163.6660000000,163.6400000000,163.6410000000,220,11,0
1785337200,163.6400000000,163.6570000000,163.6260000000,163.6520000000,413,11,0
1785337500,163.6520000000,163.6800000000,163.6520000000,163.6760000000,294,10,0
1785337800,163.6750000000,163.7140000000,163.6730000000,163.6900000000,195,10,0
1785338100,163.6910000000,163.7640000000,163.6900000000,163.7440000000,730,10,0
1785338400,163.7430000000,163.7550000000,163.7310000000,163.7480000000,359,10,0
1785338700,163.7490000000,163.7590000000,163.7410000000,163.7540000000,326,11,0
1785339000,163.7540000000,163.7730000000,163.7450000000,163.7470000000,277,10,0
1785339300,163.7480000000,163.7520000000,163.7340000000,163.7410000000,318,10,0
1785339600,163.7430000000,163.7870000000,163.7420000000,163.7650000000,359,11,0
1785339900,163.7640000000,163.7740000000,163.7590000000,163.7660000000,228,10,0
1785340200,163.7660000000,163.8050000000,163.7650000000,163.7980000000,328,10,0
1785340500,163.7970000000,163.8160000000,163.7920000000,163.7920000000,294,10,0
1785340800,163.7920000000,163.8090000000,163.7840000000,163.7880000000,292,10,0
1785341100,163.7890000000,163.7950000000,163.7700000000,163.7810000000,295,10,0
1785341400,163.7820000000,163.7960000000,163.7690000000,163.7690000000,191,10,0
1785341700,163.7690000000,163.7730000000,163.7550000000,163.7580000000,251,10,0
1785342000,163.7590000000,163.7590000000,163.7260000000,163.7410000000,286,10,0
1785342300,163.7420000000,163.7470000000,163.7260000000,163.7430000000,260,10,0
1785342600,163.7420000000,163.7790000000,163.7390000000,163.7600000000,297,10,0
1785342900,163.7590000000,163.7720000000,163.7450000000,163.7480000000,303,10,0
1785343200,163.7480000000,163.7570000000,163.7240000000,163.7320000000,247,10,0
1785343500,163.7320000000,163.7450000000,163.7270000000,163.7270000000,244,10,0
1785343800,163.7280000000,163.7570000000,163.7280000000,163.7460000000,227,10,0
1785344100,163.7450000000,163.7630000000,163.7440000000,163.7470000000,253,10,0
1785344400,163.7460000000,163.7500000000,163.7340000000,163.7460000000,198,10,0
1785344700,163.7470000000,163.7680000000,163.7440000000,163.7680000000,260,10,0
1785345000,163.7680000000,163.7830000000,163.7560000000,163.7750000000,274,10,0
1785345300,163.7750000000,163.7880000000,163.7700000000,163.7750000000,230,10,0
1785345600,163.7760000000,163.7880000000,163.7560000000,163.7560000000,275,10,0
1785345900,163.7570000000,163.7610000000,163.7450000000,163.7530000000,278,10,0
1785346200,163.7510000000,163.7760000000,163.7440000000,163.7750000000,212,10,0
1785346500,163.7740000000,163.7870000000,163.7680000000,163.7830000000,250,10,0
1785346800,163.7810000000,163.8340000000,163.7740000000,163.8230000000,336,10,0
1785347100,163.8220000000,163.8450000000,163.8200000000,163.8420000000,331,10,0
1785347400,163.8410000000,163.8500000000,163.8240000000,163.8440000000,289,10,0
1785347700,163.8440000000,163.8820000000,163.8440000000,163.8810000000,482,10,0
1785348000,163.8830000000,163.8830000000,163.8460000000,163.8500000000,480,10,0
1785348300,163.8490000000,163.8560000000,163.8380000000,163.8390000000,183,10,0
1785348600,163.8390000000,163.8390000000,163.8260000000,163.8360000000,289,10,0
1785348900,163.8370000000,163.8650000000,163.8280000000,163.8630000000,189,11,0
1785349200,163.8650000000,163.8690000000,163.8550000000,163.8610000000,124,10,0
1785349500,163.8660000000,163.8680000000,163.8410000000,163.8450000000,215,10,0
1785349800,163.8460000000,163.8550000000,163.8370000000,163.8520000000,461,10,0
1785350100,163.8530000000,163.8560000000,163.8390000000,163.8550000000,254,10,0
1785350400,163.8550000000,163.8640000000,163.8480000000,163.8550000000,228,10,0
1785350700,163.8550000000,163.8560000000,163.8380000000,163.8510000000,172,10,0
1785351000,163.8510000000,163.8560000000,163.8490000000,163.8500000000,91,10,0
1785351300,163.8500000000,163.8650000000,163.8410000000,163.8550000000,198,10,0
1785351600,163.8540000000,163.8760000000,163.8520000000,163.8670000000,185,10,0
1785351900,163.8670000000,163.8900000000,163.8660000000,163.8800000000,243,10,0
1785352200,163.8800000000,163.9010000000,163.8740000000,163.8850000000,191,10,0
1785352500,163.8850000000,163.8920000000,163.8760000000,163.8820000000,217,10,0
1785352800,163.8830000000,163.8880000000,163.8610000000,163.8750000000,295,10,0
1785353100,163.8750000000,163.8810000000,163.8680000000,163.8750000000,191,10,0
1785353400,163.8760000000,163.8900000000,163.8600000000,163.8890000000,143,10,0
1785353700,163.8880000000,163.8910000000,163.8750000000,163.8770000000,125,10,0
1785354000,163.8780000000,163.8780000000,163.8700000000,163.8720000000,84,11,0
1785354300,163.8730000000,163.8760000000,163.8700000000,163.8730000000,90,10,0
1785354600,163.8720000000,163.8790000000,163.8650000000,163.8780000000,184,10,0
1785354900,163.8790000000,163.8900000000,163.8730000000,163.8900000000,151,10,0
1785355200,163.8900000000,163.8920000000,163.8740000000,163.8780000000,165,10,0
1785355500,163.8780000000,163.8900000000,163.8600000000,163.8600000000,208,10,0
1785355800,163.8590000000,163.8610000000,163.8380000000,163.8400000000,218,10,0
1785356100,163.8400000000,163.8490000000,163.8280000000,163.8310000000,225,11,0
1785356400,163.8310000000,163.8350000000,163.8180000000,163.8250000000,208,11,0
1785356700,163.8260000000,163.8480000000,163.8240000000,163.8390000000,278,10,0
1785357000,163.8380000000,163.8500000000,163.8250000000,163.8310000000,229,10,0
1785357300,163.8320000000,163.8510000000,163.8270000000,163.8460000000,164,10,0
1785357600,163.8460000000,163.8510000000,163.8080000000,163.8130000000,283,10,0
1785357900,163.8160000000,163.8210000000,163.7860000000,163.8000000000,342,10,0
1785358200,163.8000000000,163.8000000000,163.7620000000,163.7780000000,355,10,0
1785358500,163.7760000000,163.7920000000,163.7680000000,163.7870000000,205,11,0
1785358800,163.7900000000,163.8310000000,163.4440000000,163.5630000000,1491,10,0
1785359100,163.5610000000,163.5960000000,163.4860000000,163.5580000000,1373,10,0
1785359400,163.5600000000,163.6020000000,163.4990000000,163.5020000000,1224,10,0
1785359700,163.5010000000,163.5580000000,163.4770000000,163.5560000000,924,10,0
1785360000,163.5570000000,163.5850000000,163.5500000000,163.5840000000,720,10,0
1785360300,163.5850000000,163.6060000000,163.5410000000,163.5450000000,402,10,0
1785360600,163.5430000000,163.6460000000,163.4430000000,163.5800000000,1372,10,0
1785360900,163.5790000000,163.6230000000,163.4700000000,163.4780000000,813,10,0
1785361200,163.4770000000,163.5120000000,163.4330000000,163.4420000000,1151,10,0
1785361500,163.4430000000,163.4510000000,163.3420000000,163.3590000000,1186,10,0
1785361800,163.3580000000,163.4050000000,163.3160000000,163.3280000000,1230,10,0
1785362100,163.3300000000,163.3740000000,163.3100000000,163.3130000000,949,10,0
1785362400,163.3120000000,163.3540000000,163.2250000000,163.3380000000,1310,10,0
1785362700,163.3380000000,163.4230000000,163.3270000000,163.4210000000,1103,10,0
1785363000,163.4220000000,163.4420000000,163.3440000000,163.3550000000,1100,10,0
1785363300,163.3550000000,163.3700000000,163.2490000000,163.2540000000,1075,10,0
1785363600,163.2550000000,163.4330000000,163.2520000000,163.3920000000,1231,10,0
1785363900,163.3920000000,163.4100000000,163.3620000000,163.3920000000,1102,10,0
1785364200,163.3900000000,163.4970000000,163.3860000000,163.4630000000,1182,10,0
1785364500,163.4640000000,163.4800000000,163.4090000000,163.4220000000,1182,10,0
1785364800,163.4200000000,163.4460000000,163.3860000000,163.4120000000,1045,10,0
1785365100,163.4110000000,163.4490000000,163.4100000000,163.4230000000,792,10,0
1785365400,163.4260000000,163.4860000000,163.4210000000,163.4720000000,918,10,0
1785365700,163.4740000000,163.5150000000,163.4630000000,163.5080000000,592,10,0
1785366000,163.5080000000,163.5300000000,163.4730000000,163.5050000000,544,10,0
1785366300,163.5030000000,163.5300000000,163.4990000000,163.5170000000,327,10,0
1785366600,163.5170000000,163.5450000000,163.5120000000,163.5280000000,348,10,0
1785366900,163.5280000000,163.5570000000,163.5220000000,163.5340000000,245,10,0
1785367200,163.5350000000,163.5480000000,163.5260000000,163.5430000000,149,11,0
1785367500,163.5430000000,163.5620000000,163.5250000000,163.5460000000,251,10,0
1785367800,163.5450000000,163.5490000000,163.4890000000,163.4890000000,361,10,0
1785368100,163.4890000000,163.5000000000,163.4760000000,163.4900000000,209,10,0
1785368400,163.4890000000,163.4930000000,163.4650000000,163.4680000000,376,10,0
1785368700,163.4670000000,163.4670000000,163.4230000000,163.4540000000,496,11,0
1785369000,163.4520000000,163.4610000000,163.4430000000,163.4490000000,411,13,0
1785369300,163.4480000000,163.4490000000,163.3310000000,163.3760000000,445,13,0
1785369600,163.3770000000,163.3960000000,163.3000000000,163.3720000000,16,48,0
1785369900,163.3650000000,163.3740000000,163.3580000000,163.3740000000,9,83,0
1785370200,163.3720000000,163.3840000000,163.3690000000,163.3720000000,22,65,0
1785370500,163.3720000000,163.3720000000,163.3720000000,163.3720000000,5,78,0
1785370800,163.3730000000,163.3730000000,163.3680000000,163.3680000000,8,71,0
1785371100,163.3690000000,163.3740000000,163.3690000000,163.3710000000,32,61,0
1785371400,163.3710000000,163.3800000000,163.3680000000,163.3740000000,90,56,0
1785371700,163.3750000000,163.3780000000,163.3540000000,163.3580000000,167,45,0
1785372000,163.3700000000,163.3820000000,163.3580000000,163.3820000000,107,50,0
1785372300,163.3790000000,163.3940000000,163.3680000000,163.3750000000,112,37,0
1785372600,163.3760000000,163.3840000000,163.3680000000,163.3810000000,76,57,0
1785372900,163.3850000000,163.3850000000,163.3720000000,163.3830000000,72,60,0
1785373200,163.3830000000,163.4140000000,163.3750000000,163.3880000000,164,22,0
1785373500,163.3850000000,163.4150000000,163.3810000000,163.4100000000,231,20,0
1785373800,163.4110000000,163.4140000000,163.4000000000,163.4060000000,95,21,0
1785374100,163.4060000000,163.4120000000,163.3900000000,163.4090000000,134,19,0
1785374400,163.4080000000,163.4310000000,163.4070000000,163.4250000000,64,16,0
1785374700,163.4260000000,163.4430000000,163.4250000000,163.4370000000,146,14,0
1785375000,163.4370000000,163.4390000000,163.4200000000,163.4200000000,133,15,0
1785375300,163.4210000000,163.4230000000,163.4060000000,163.4200000000,56,16,0
1785375600,163.4210000000,163.4220000000,163.4040000000,163.4060000000,103,15,0
1785375900,163.4060000000,163.4070000000,163.3930000000,163.3980000000,106,12,0
1785376200,163.3990000000,163.4070000000,163.3880000000,163.3980000000,149,14,0
1785376500,163.3980000000,163.3980000000,163.3740000000,163.3780000000,145,14,0
1785376800,163.3780000000,163.3820000000,163.3230000000,163.3240000000,223,12,0
1785377100,163.3230000000,163.3390000000,163.2960000000,163.3070000000,219,10,0
1785377400,163.3080000000,163.3610000000,163.3050000000,163.3520000000,308,10,0
1785377700,163.3520000000,163.3760000000,163.3500000000,163.3730000000,125,10,0
1785378000,163.3740000000,163.3760000000,163.3600000000,163.3760000000,145,11,0
1785378300,163.3770000000,163.3810000000,163.3630000000,163.3650000000,106,12,0
1785378600,163.3620000000,163.3790000000,163.3600000000,163.3620000000,107,11,0
1785378900,163.3620000000,163.3770000000,163.3620000000,163.3760000000,78,12,0
1785379200,163.3760000000,163.3800000000,163.3630000000,163.3760000000,136,10,0
1785379500,163.3760000000,163.3800000000,163.3220000000,163.3220000000,168,10,0
1785379800,163.3230000000,163.3250000000,163.2680000000,163.3090000000,423,10,0
1785380100,163.3090000000,163.3280000000,163.2950000000,163.3020000000,303,10,0
1785380400,163.3030000000,163.3070000000,163.2290000000,163.2610000000,766,10,0
1785380700,163.2600000000,163.2910000000,163.2030000000,163.2350000000,615,10,0
1785381000,163.2350000000,163.2740000000,163.2300000000,163.2520000000,453,10,0
1785381300,163.2520000000,163.3350000000,163.2470000000,163.3340000000,607,10,0
1785381600,163.3330000000,163.3640000000,163.3270000000,163.3550000000,545,10,0
1785381900,163.3560000000,163.4940000000,163.3560000000,163.4860000000,740,10,0
1785382200,163.4850000000,163.4900000000,163.4500000000,163.4670000000,617,10,0
1785382500,163.4680000000,163.5090000000,163.4510000000,163.4840000000,517,10,0
1785382800,163.4840000000,163.4870000000,163.4380000000,163.4420000000,561,10,0
1785383100,163.4420000000,163.4650000000,163.4120000000,163.4200000000,380,10,0
1785383400,163.4170000000,163.4710000000,163.4030000000,163.4350000000,875,10,0
1785383700,163.4340000000,163.4900000000,163.4120000000,163.4860000000,395,10,0
1785384000,163.4850000000,163.4850000000,163.4350000000,163.4430000000,493,10,0
1785384300,163.4420000000,163.4590000000,163.4220000000,163.4360000000,378,10,0
1785384600,163.4380000000,163.4550000000,163.4090000000,163.4290000000,425,10,0
1785384900,163.4270000000,163.4690000000,163.4260000000,163.4540000000,540,10,0
1785385200,163.4540000000,163.5270000000,163.4530000000,163.5070000000,491,10,0
1785385500,163.5070000000,163.5120000000,163.4720000000,163.4810000000,352,10,0
1785385800,163.4810000000,163.4870000000,163.4120000000,163.4430000000,393,10,0
1785386100,163.4440000000,163.4470000000,163.4180000000,163.4360000000,291,10,0
1785386400,163.4370000000,163.4710000000,163.4320000000,163.4690000000,258,10,0
1785386700,163.4700000000,163.4890000000,163.4610000000,163.4840000000,294,10,0
1785387000,163.4850000000,163.4970000000,163.4650000000,163.4820000000,259,11,0
1785387300,163.4820000000,163.5110000000,163.4810000000,163.4960000000,241,10,0
1785387600,163.4970000000,163.4980000000,163.4460000000,163.4460000000,217,10,0
1785387900,163.4450000000,163.4820000000,163.4440000000,163.4580000000,281,11,0
1785388200,163.4580000000,163.4780000000,163.4480000000,163.4720000000,277,10,0
1785388500,163.4720000000,163.4960000000,163.4710000000,163.4870000000,197,10,0
1785388800,163.4870000000,163.4990000000,163.4710000000,163.4970000000,191,10,0
1785389100,163.4950000000,163.4970000000,163.4780000000,163.4860000000,193,11,0
1785389400,163.4860000000,163.4890000000,163.4530000000,163.4660000000,202,10,0
1785389700,163.4670000000,163.4740000000,163.4570000000,163.4690000000,131,10,0
1785390000,163.4680000000,163.4790000000,163.4620000000,163.4680000000,187,10,0
1785390300,163.4670000000,163.4700000000,163.4600000000,163.4670000000,130,11,0
1785390600,163.4660000000,163.4690000000,163.4510000000,163.4570000000,171,11,0
1785390900,163.4570000000,163.4840000000,163.4560000000,163.4830000000,200,10,0
1785391200,163.4840000000,163.5090000000,163.4800000000,163.4930000000,163,10,0
1785391500,163.4940000000,163.5090000000,163.4890000000,163.5050000000,160,11,0
1785391800,163.5060000000,163.5340000000,163.5050000000,163.5200000000,312,10,0
1785392100,163.5200000000,163.5400000000,163.5180000000,163.5330000000,177,10,0
1785392400,163.5330000000,163.5330000000,163.4910000000,163.4980000000,380,11,0
1785392700,163.4980000000,163.5210000000,163.4960000000,163.5110000000,222,10,0
1785393000,163.5110000000,163.5480000000,163.5100000000,163.5220000000,285,10,0
1785393300,163.5210000000,163.5230000000,163.5060000000,163.5120000000,168,11,0
1785393600,163.5130000000,163.5130000000,163.4980000000,163.5060000000,156,11,0
1785393900,163.5070000000,163.5090000000,163.4920000000,163.4960000000,184,11,0
1785394200,163.4970000000,163.5070000000,163.4910000000,163.4940000000,143,10,0
1785394500,163.4940000000,163.4980000000,163.4910000000,163.4960000000,80,10,0
1785394800,163.4950000000,163.5110000000,163.4840000000,163.5070000000,148,11,0
1785395100,163.5070000000,163.5180000000,163.4960000000,163.4980000000,138,10,0
1785395400,163.4970000000,163.4990000000,163.4770000000,163.4780000000,88,10,0
1785395700,163.4750000000,163.4790000000,163.4570000000,163.4770000000,134,11,0
1785396000,163.4780000000,163.4890000000,163.4630000000,163.4730000000,194,11,0
1785396300,163.4740000000,163.4810000000,163.4700000000,163.4740000000,139,10,0
1785396600,163.4730000000,163.4730000000,163.4590000000,163.4610000000,166,11,0
1785396900,163.4620000000,163.4730000000,163.4620000000,163.4680000000,135,12,0
1785397200,163.4680000000,163.4850000000,163.4590000000,163.4750000000,182,11,0
1785397500,163.4750000000,163.4850000000,163.4740000000,163.4830000000,141,10,0
1785397800,163.4820000000,163.5110000000,163.4820000000,163.4910000000,183,10,0
1785398100,163.4900000000,163.5070000000,163.4820000000,163.4850000000,187,11,0
1785398400,163.4850000000,163.5040000000,163.4840000000,163.4850000000,170,11,0
1785398700,163.4840000000,163.4880000000,163.4790000000,163.4810000000,108,11,0
1785399000,163.4800000000,163.4860000000,163.4520000000,163.4560000000,124,10,0
1785399300,163.4570000000,163.4860000000,163.4560000000,163.4850000000,120,10,0
1785399600,163.4850000000,163.4890000000,163.4700000000,163.4780000000,169,10,0
1785399900,163.4780000000,163.4870000000,163.4760000000,163.4870000000,120,11,0
1785400200,163.4860000000,163.5150000000,163.4830000000,163.5090000000,176,11,0
1785400500,163.5100000000,163.5160000000,163.5010000000,163.5100000000,119,11,0
1785400800,163.5100000000,163.5120000000,163.4980000000,163.4990000000,208,10,0
1785401100,163.5030000000,163.5110000000,163.4780000000,163.4960000000,221,10,0
1785401400,163.4950000000,163.5110000000,163.4950000000,163.5010000000,254,10,0
1785401700,163.5020000000,163.5430000000,163.5020000000,163.5320000000,283,10,0
1785402000,163.5310000000,163.5660000000,163.5280000000,163.5560000000,409,10,0
1785402300,163.5560000000,163.5720000000,163.5540000000,163.5680000000,240,10,0
1785402600,163.5680000000,163.5980000000,163.5600000000,163.5910000000,331,11,0
1785402900,163.5910000000,163.6140000000,163.5860000000,163.6130000000,326,10,0
1785403200,163.6130000000,163.6290000000,163.5880000000,163.5890000000,193,10,0
1785403500,163.5890000000,163.5970000000,163.5790000000,163.5940000000,209,10,0
1785403800,163.5940000000,163.6210000000,163.5780000000,163.5800000000,266,10,0
1785404100,163.5800000000,163.5910000000,163.5490000000,163.5650000000,341,10,0
1785404400,163.5650000000,163.5810000000,163.5620000000,163.5760000000,397,10,0
1785404700,163.5770000000,163.5880000000,163.5580000000,163.5800000000,333,10,0
1785405000,163.5790000000,163.6030000000,163.5560000000,163.6010000000,292,11,0
1785405300,163.6020000000,163.6400000000,163.6010000000,163.6360000000,324,10,0
1785405600,163.6360000000,163.6420000000,163.5540000000,163.5690000000,618,10,0
1785405900,163.5680000000,163.5930000000,163.5600000000,163.5860000000,568,10,0
1785406200,163.5850000000,163.6080000000,163.5800000000,163.5960000000,451,10,0
1785406500,163.5970000000,163.6200000000,163.5970000000,163.6180000000,473,10,0
1785406800,163.6190000000,163.6350000000,163.6000000000,163.6020000000,376,10,0
1785407100,163.6030000000,163.6470000000,163.6020000000,163.6420000000,431,10,0
1785407400,163.6420000000,163.6900000000,163.6410000000,163.6850000000,568,10,0
1785407700,163.6840000000,163.6960000000,163.6630000000,163.6660000000,385,10,0
1785408000,163.6660000000,163.6970000000,163.6630000000,163.6970000000,330,10,0
1785408300,163.6960000000,163.7250000000,163.6940000000,163.7190000000,335,10,0
1785408600,163.7190000000,163.7330000000,163.7060000000,163.7330000000,406,10,0
1785408900,163.7320000000,163.7340000000,163.7150000000,163.7260000000,365,10,0
1785409200,163.7270000000,163.7290000000,163.6890000000,163.6930000000,473,10,0
1785409500,163.6920000000,163.6930000000,163.6590000000,163.6780000000,412,10,0
1785409800,163.6770000000,163.6780000000,163.6210000000,163.6400000000,381,10,0
1785410100,163.6400000000,163.6550000000,163.6260000000,163.6540000000,296,10,0
1785410400,163.6540000000,163.6590000000,163.6160000000,163.6360000000,394,10,0
1785410700,163.6370000000,163.6430000000,163.6030000000,163.6100000000,406,10,0
1785411000,163.6100000000,163.6210000000,163.5980000000,163.6210000000,355,11,0
1785411300,163.6210000000,163.6470000000,163.6190000000,163.6470000000,213,10,0
1785411600,163.6480000000,163.6480000000,163.6160000000,163.6170000000,242,10,0
1785411900,163.6160000000,163.6320000000,163.6050000000,163.6270000000,299,10,0
1785412200,163.6270000000,163.6560000000,163.6270000000,163.6460000000,277,11,0
1785412500,163.6450000000,163.6550000000,163.6360000000,163.6460000000,212,10,0
1785412800,163.6450000000,163.6460000000,163.5690000000,163.5790000000,372,10,0
1785413100,163.5800000000,163.5910000000,163.4820000000,163.4960000000,398,10,0
1785413400,163.5030000000,163.5340000000,163.4840000000,163.5260000000,659,10,0
1785413700,163.5270000000,163.5370000000,163.4780000000,163.4950000000,509,10,0
1785414000,163.4960000000,163.4970000000,163.4560000000,163.4830000000,529,10,0
1785414300,163.4830000000,163.4980000000,163.4510000000,163.4610000000,393,10,0
1785414600,163.4590000000,163.4810000000,163.4350000000,163.4410000000,419,10,0
1785414900,163.4420000000,163.4420000000,163.3780000000,163.4130000000,448,10,0
1785415200,163.4120000000,163.4180000000,163.3850000000,163.3950000000,417,10,0
1785415500,163.3960000000,163.4070000000,163.2890000000,163.2980000000,567,10,0
1785415800,163.2990000000,163.3480000000,163.2870000000,163.3360000000,541,10,0
1785416100,163.3360000000,163.3370000000,163.2770000000,163.3020000000,515,10,0
1785416400,163.3010000000,163.3100000000,163.2510000000,163.2970000000,528,10,0
1785416700,163.2970000000,163.3060000000,163.1900000000,163.2080000000,558,10,0
1785417000,163.2070000000,163.2070000000,162.9180000000,162.9810000000,1113,10,0
1785417300,162.9780000000,162.9840000000,162.2850000000,162.8540000000,1699,10,0
1785417600,162.8520000000,162.9610000000,162.8170000000,162.8200000000,1157,10,0
1785417900,162.8180000000,162.8650000000,162.6390000000,162.8630000000,959,10,0
1785418200,162.8630000000,162.8630000000,162.7360000000,162.8110000000,1023,10,0
1785418500,162.8100000000,162.8460000000,162.7900000000,162.8140000000,800,10,0
1785418800,162.8130000000,162.8260000000,162.6990000000,162.7300000000,1057,10,0
1785419100,162.7290000000,162.7840000000,162.6840000000,162.7830000000,952,10,0
1785419400,162.7850000000,162.8510000000,162.7730000000,162.8270000000,798,10,0
1785419700,162.8250000000,162.8500000000,162.8100000000,162.8200000000,458,10,0
1785420000,162.8180000000,162.8300000000,162.7150000000,162.7320000000,598,10,0
1785420300,162.7310000000,162.7850000000,162.7100000000,162.7610000000,817,10,0
1785420600,162.7630000000,162.8230000000,162.7590000000,162.7910000000,580,10,0
1785420900,162.7890000000,162.8190000000,162.7720000000,162.8150000000,653,10,0
1785421200,162.8140000000,162.9210000000,162.8060000000,162.8930000000,704,10,0
1785421500,162.8920000000,162.9740000000,162.8820000000,162.9540000000,484,10,0
1785421800,162.9530000000,163.0070000000,162.9270000000,163.0070000000,608,10,0
1785422100,163.0070000000,163.0380000000,162.9700000000,163.0020000000,628,10,0
1785422400,163.0020000000,163.0250000000,162.9740000000,162.9790000000,548,10,0
1785422700,162.9770000000,162.9790000000,162.9150000000,162.9160000000,434,10,0
1785423000,162.9150000000,162.9610000000,162.8870000000,162.9220000000,704,10,0
1785423300,162.9280000000,162.9300000000,162.8730000000,162.8870000000,320,10,0
1785423600,162.8880000000,162.9170000000,162.8720000000,162.8980000000,533,10,0
1785423900,162.8980000000,162.9420000000,162.8890000000,162.9420000000,627,10,0
1785424200,162.9400000000,162.9400000000,162.8490000000,162.8730000000,705,10,0
1785424500,162.8740000000,162.9310000000,162.8730000000,162.8990000000,625,10,0
1785424800,162.8990000000,162.9130000000,162.8700000000,162.8920000000,609,10,0
1785425100,162.8890000000,162.8990000000,162.8640000000,162.8900000000,270,10,0
1785425400,162.8900000000,162.9240000000,162.7740000000,162.8680000000,740,10,0
1785425700,162.8690000000,162.8840000000,162.7680000000,162.7780000000,1021,10,0
1785426000,162.7770000000,162.8270000000,162.6970000000,162.7140000000,1034,10,0
1785426300,162.7150000000,162.8080000000,162.6890000000,162.7940000000,1078,10,0
1785426600,162.7940000000,162.9170000000,162.7820000000,162.8970000000,945,10,0
1785426900,162.8970000000,162.9520000000,162.8840000000,162.9500000000,870,10,0
1785427200,162.9510000000,162.9540000000,162.9010000000,162.9170000000,932,10,0
1785427500,162.9160000000,162.9220000000,162.8450000000,162.9040000000,990,10,0
1785427800,162.9030000000,162.9250000000,162.8460000000,162.8770000000,979,10,0
1785428100,162.8790000000,162.9000000000,162.8630000000,162.8660000000,801,10,0
1785428400,162.8650000000,162.8750000000,162.7460000000,162.7470000000,707,10,0
1785428700,162.7450000000,162.8040000000,162.7060000000,162.7730000000,821,10,0
1785429000,162.7740000000,162.8070000000,162.7260000000,162.7920000000,794,10,0
1785429300,162.7940000000,162.8030000000,160.7760000000,161.0540000000,2413,10,0
1785429600,161.0590000000,161.4640000000,160.2800000000,160.6010000000,2524,10,0
1785429900,160.5980000000,160.9720000000,160.4260000000,160.8310000000,2188,10,0
1785430200,160.8310000000,161.1830000000,160.1130000000,160.1280000000,2312,10,0
1785430500,160.1290000000,160.2680000000,159.7360000000,159.7410000000,2233,10,0
1785430800,159.7390000000,159.8350000000,159.1970000000,159.2330000000,2195,10,0
1785431100,159.2330000000,159.9490000000,159.0060000000,159.1870000000,2344,10,0
1785431400,159.1910000000,159.3600000000,158.7850000000,158.8650000000,2558,10,0
1785431700,158.8650000000,158.8830000000,158.2470000000,158.2630000000,2493,10,0
1785432000,158.2630000000,158.6400000000,157.9580000000,158.6340000000,2502,10,0
1785432300,158.6350000000,159.3570000000,158.6200000000,159.2260000000,2283,10,0
1785432600,159.2230000000,159.4340000000,158.7170000000,159.2220000000,2153,10,0
1785432900,159.2180000000,159.3950000000,159.1580000000,159.3630000000,1905,10,0
1785433200,159.3640000000,159.6520000000,159.2980000000,159.4410000000,1841,10,0
1785433500,159.4410000000,159.6490000000,159.3320000000,159.5820000000,1706,10,0
1785433800,159.5810000000,159.6700000000,159.4610000000,159.5060000000,1574,10,0
1785434100,159.5060000000,159.5500000000,159.2700000000,159.2760000000,1577,10,0
1785434400,159.2770000000,159.4810000000,159.2620000000,159.4780000000,1483,10,0
1785434700,159.4760000000,159.5080000000,158.8990000000,159.2490000000,1557,10,0
1785435000,159.2510000000,159.6100000000,159.2340000000,159.4170000000,1539,10,0
1785435300,159.4180000000,159.5070000000,159.3480000000,159.4580000000,1312,10,0
1785435600,159.4580000000,159.4780000000,159.4050000000,159.4290000000,1072,10,0
1785435900,159.4280000000,159.4510000000,159.3800000000,159.4440000000,923,10,0
1785436200,159.4450000000,159.5400000000,159.3390000000,159.3650000000,1001,10,0
1785436500,159.3650000000,159.4260000000,159.3000000000,159.3160000000,891,10,0
1785436800,159.3150000000,159.3560000000,159.2780000000,159.3070000000,713,10,0
1785437100,159.3060000000,159.4400000000,159.2750000000,159.3370000000,891,10,0
1785437400,159.3360000000,159.4790000000,159.3080000000,159.4380000000,951,10,0
1785437700,159.4430000000,159.4700000000,159.3860000000,159.4670000000,759,10,0
1785438000,159.4680000000,159.5220000000,159.4270000000,159.4660000000,818,10,0
1785438300,159.4650000000,159.4960000000,159.3820000000,159.3930000000,903,10,0
1785438600,159.3980000000,159.4850000000,159.3880000000,159.4410000000,1042,10,0
1785438900,159.4420000000,159.4960000000,159.3850000000,159.3910000000,811,10,0
1785439200,159.3900000000,159.4670000000,159.3650000000,159.4420000000,778,10,0
1785439500,159.4430000000,159.4800000000,159.3920000000,159.4310000000,698,10,0
1785439800,159.4260000000,159.4790000000,159.4040000000,159.4780000000,735,10,0
1785440100,159.4770000000,159.5400000000,159.4640000000,159.5180000000,633,10,0
1785440400,159.5170000000,159.5990000000,159.4910000000,159.5890000000,591,10,0
1785440700,159.5890000000,159.6340000000,159.5620000000,159.5820000000,466,10,0
1785441000,159.5820000000,159.6850000000,159.5710000000,159.6550000000,491,10,0
1785441300,159.6540000000,159.6620000000,159.5650000000,159.5660000000,484,10,0
1785441600,159.5650000000,159.6810000000,159.5530000000,159.6770000000,631,10,0
1785441900,159.6760000000,159.6810000000,159.6300000000,159.6300000000,422,10,0
1785442200,159.6310000000,159.6920000000,159.6220000000,159.6600000000,452,10,0
1785442500,159.6600000000,159.7280000000,159.6580000000,159.7150000000,513,10,0
1785442800,159.7150000000,159.8130000000,159.7120000000,159.8100000000,446,10,0
1785443100,159.8090000000,159.8390000000,159.7670000000,159.7840000000,526,10,0
1785443400,159.7840000000,159.8170000000,159.7460000000,159.8120000000,470,10,0
1785443700,159.8110000000,159.8200000000,158.5080000000,158.5360000000,1662,10,0
1785444000,158.5360000000,159.2570000000,158.5030000000,158.7850000000,1511,10,0
1785444300,158.7840000000,159.0540000000,158.7550000000,159.0340000000,1098,10,0
1785444600,159.0330000000,159.1070000000,158.9430000000,159.1010000000,1207,10,0
1785444900,159.1000000000,159.1370000000,158.9750000000,158.9910000000,896,10,0
1785445200,158.9850000000,159.0350000000,158.9420000000,158.9800000000,1081,10,0
1785445500,158.9790000000,159.0790000000,158.8560000000,158.8960000000,788,10,0
1785445800,158.8940000000,158.9400000000,158.8380000000,158.8710000000,638,10,0
1785446100,158.8680000000,158.9890000000,158.8440000000,158.9880000000,486,10,0
1785446400,158.9880000000,159.0860000000,158.9520000000,159.0700000000,629,10,0
1785446700,159.0720000000,159.0910000000,158.9930000000,159.0060000000,457,10,0
1785447000,159.0070000000,159.0840000000,158.9400000000,158.9740000000,569,10,0
1785447300,158.9730000000,159.0920000000,158.9730000000,159.0880000000,294,10,0
1785447600,159.0880000000,159.0940000000,158.9920000000,159.0200000000,407,10,0
1785447900,159.0210000000,159.0290000000,158.9860000000,159.0100000000,312,10,0
1785448200,159.0020000000,159.0670000000,158.9790000000,159.0020000000,578,10,0
1785448500,159.0010000000,159.0300000000,158.8790000000,158.8880000000,859,10,0
1785448800,158.8880000000,159.0990000000,158.8880000000,159.0910000000,750,10,0
1785449100,159.0910000000,159.1560000000,159.0520000000,159.1350000000,498,10,0
1785449400,159.1350000000,159.2020000000,159.1120000000,159.1700000000,504,10,0
1785449700,159.1720000000,159.2350000000,159.1710000000,159.2000000000,471,10,0
1785450000,159.2010000000,159.2280000000,159.1760000000,159.2130000000,389,10,0
1785450300,159.2130000000,159.3260000000,159.1890000000,159.3060000000,438,10,0
1785450600,159.3070000000,159.3920000000,159.2990000000,159.3900000000,585,10,0
1785450900,159.3900000000,159.4260000000,159.3760000000,159.4190000000,482,10,0
1785451200,159.4180000000,159.4230000000,159.3760000000,159.3920000000,363,10,0
1785451500,159.3910000000,159.3910000000,159.3080000000,159.3190000000,445,10,0
1785451800,159.3200000000,159.4190000000,159.3030000000,159.3760000000,445,10,0
1785452100,159.3670000000,159.3670000000,159.2800000000,159.3430000000,668,10,0
1785452400,159.3440000000,159.3840000000,159.3340000000,159.3520000000,365,10,0
1785452700,159.3530000000,159.3950000000,159.3520000000,159.3590000000,253,10,0
1785453000,159.3610000000,159.3910000000,159.3500000000,159.3870000000,154,11,0
1785453300,159.3840000000,159.4610000000,159.3790000000,159.4560000000,254,10,0
1785453600,159.4550000000,159.5150000000,159.4490000000,159.5090000000,339,10,0
1785453900,159.5090000000,159.5110000000,159.4700000000,159.4950000000,327,10,0
1785454200,159.4940000000,159.5070000000,159.3410000000,159.4950000000,444,10,0
1785454500,159.4960000000,159.5390000000,159.4760000000,159.4900000000,258,10,0
1785454800,159.4910000000,159.5370000000,159.4770000000,159.5370000000,229,10,0
1785455100,159.5370000000,159.6020000000,159.5200000000,159.5910000000,480,11,0
1785455400,159.5910000000,159.5920000000,159.5590000000,159.5860000000,150,10,0
1785455700,159.5830000000,159.5830000000,159.4530000000,159.5110000000,234,14,0
1785456000,159.5020000000,159.5020000000,159.3900000000,159.4200000000,16,66,0
1785456300,159.4200000000,159.4710000000,159.3920000000,159.4260000000,21,94,0
1785456600,159.4110000000,159.4710000000,159.4030000000,159.4710000000,12,91,0
1785456900,159.4770000000,159.4960000000,159.4770000000,159.4930000000,17,63,0
1785457200,159.4930000000,159.4930000000,159.4890000000,159.4910000000,7,61,0
1785457500,159.4910000000,159.5130000000,159.4780000000,159.5130000000,26,52,0
1785457800,159.5120000000,159.5570000000,159.5090000000,159.5430000000,24,48,0
1785458100,159.5280000000,159.5600000000,159.5280000000,159.5590000000,17,51,0
1785458400,159.5590000000,159.5920000000,159.5550000000,159.5900000000,15,40,0
1785458700,159.5910000000,159.5960000000,159.5590000000,159.5730000000,64,31,0
1785459000,159.5740000000,159.6210000000,159.5680000000,159.6160000000,71,20,0
1785459300,159.6160000000,159.6680000000,159.5910000000,159.6320000000,62,23,0
1785459600,159.6320000000,159.6410000000,159.4930000000,159.4930000000,553,18,0
1785459900,159.4810000000,159.6140000000,159.4810000000,159.5880000000,250,15,0
1785460200,159.5880000000,159.6890000000,159.5860000000,159.6700000000,131,14,0
1785460500,159.6700000000,159.7620000000,159.6550000000,159.7120000000,260,14,0
1785460800,159.7220000000,159.7770000000,159.7130000000,159.7440000000,338,10,0
1785461100,159.7440000000,159.7720000000,159.7180000000,159.7180000000,150,10,0
1785461400,159.7180000000,159.7570000000,159.7050000000,159.7080000000,238,11,0
1785461700,159.7140000000,159.7210000000,159.3630000000,159.4740000000,707,10,0
1785462000,159.4760000000,159.6400000000,159.4670000000,159.5760000000,475,10,0
1785462300,159.5740000000,159.6150000000,159.5490000000,159.6090000000,328,10,0
1785462600,159.6080000000,159.7060000000,159.6020000000,159.6800000000,472,10,0
1785462900,159.6800000000,159.6970000000,159.6470000000,159.6470000000,274,11,0
1785463200,159.6500000000,159.6500000000,159.5710000000,159.6330000000,588,10,0
1785463500,159.6340000000,159.7350000000,159.5840000000,159.7340000000,339,10,0
1785463800,159.7360000000,159.8610000000,159.7290000000,159.8370000000,418,10,0
1785464100,159.8400000000,159.9160000000,159.7960000000,159.7980000000,524,10,0
1785464400,159.7970000000,159.8580000000,159.7700000000,159.8580000000,568,10,0
1785464700,159.8600000000,159.9150000000,159.8180000000,159.9120000000,336,10,0
1785465000,159.9110000000,160.0050000000,159.9000000000,159.9680000000,394,10,0
1785465300,159.9680000000,160.1540000000,159.9560000000,160.1320000000,907,10,0
1785465600,160.1330000000,160.1880000000,160.0630000000,160.1850000000,775,10,0
1785465900,160.1850000000,160.1850000000,160.1330000000,160.1600000000,433,10,0
1785466200,160.1600000000,160.1860000000,160.1210000000,160.1730000000,521,10,0
1785466500,160.1740000000,160.2040000000,160.1290000000,160.1820000000,500,10,0
1785466800,160.1760000000,160.2520000000,160.1560000000,160.2210000000,1086,10,0
1785467100,160.2210000000,160.3980000000,160.2170000000,160.3060000000,1083,10,0
1785467400,160.3070000000,160.3390000000,160.2140000000,160.3070000000,970,10,0
1785467700,160.3080000000,160.3540000000,160.2150000000,160.2280000000,812,10,0
1785468000,160.2290000000,160.2830000000,160.1390000000,160.1930000000,761,10,0
1785468300,160.1930000000,160.2820000000,160.1930000000,160.2610000000,538,10,0
1785468600,160.2600000000,160.3740000000,160.2450000000,160.3620000000,614,10,0
1785468900,160.3630000000,160.5180000000,160.3390000000,160.4910000000,795,10,0
1785469200,160.4910000000,160.5380000000,160.4650000000,160.5200000000,838,10,0
1785469500,160.5170000000,160.6410000000,160.4950000000,160.6270000000,828,10,0
1785469800,160.6260000000,160.6800000000,160.4940000000,160.6390000000,1245,10,0
1785470100,160.6320000000,160.6340000000,160.4270000000,160.5340000000,1280,10,0
1785470400,160.5320000000,160.6370000000,160.5140000000,160.5630000000,929,10,0
1785470700,160.5600000000,160.6140000000,160.5160000000,160.5560000000,861,10,0
1785471000,160.5540000000,160.6080000000,160.3330000000,160.4760000000,1075,10,0
1785471300,160.4750000000,160.5810000000,160.4610000000,160.5040000000,1010,10,0
1785471600,160.5030000000,160.5350000000,160.4270000000,160.4860000000,787,10,0
1785471900,160.4850000000,160.5040000000,160.4150000000,160.5010000000,486,10,0
1785472200,160.5030000000,160.5510000000,160.4420000000,160.5100000000,717,10,0
1785472500,160.5110000000,160.5890000000,160.5110000000,160.5880000000,767,10,0
1785472800,160.5880000000,160.6110000000,160.5540000000,160.5970000000,680,10,0
1785473100,160.5970000000,160.6610000000,160.5750000000,160.6600000000,603,10,0
1785473400,160.6600000000,160.7160000000,160.6420000000,160.7100000000,527,10,0
1785473700,160.7110000000,160.7390000000,160.6710000000,160.7310000000,539,10,0
1785474000,160.7300000000,160.7300000000,160.6300000000,160.6580000000,688,10,0
1785474300,160.6570000000,160.6610000000,160.5870000000,160.6220000000,600,10,0
1785474600,160.6220000000,160.6330000000,160.5320000000,160.5530000000,512,10,0
1785474900,160.5530000000,160.6100000000,160.5530000000,160.6080000000,342,10,0
1785475200,160.6080000000,160.6080000000,160.4980000000,160.6010000000,578,10,0
1785475500,160.6010000000,160.6100000000,160.5300000000,160.5970000000,417,10,0
1785475800,160.5970000000,160.6050000000,160.4720000000,160.5090000000,318,10,0
1785476100,160.5090000000,160.5590000000,160.5060000000,160.5450000000,234,10,0
1785476400,160.5470000000,160.6240000000,160.5460000000,160.6090000000,194,10,0
1785476700,160.6080000000,160.6500000000,160.5480000000,160.5560000000,478,10,0
1785477000,160.5560000000,160.5720000000,160.4280000000,160.5130000000,387,10,0
1785477300,160.5120000000,160.5670000000,160.4770000000,160.5040000000,481,10,0
1785477600,160.5050000000,160.6240000000,160.4660000000,160.6240000000,495,10,0
1785477900,160.6240000000,160.6360000000,160.5550000000,160.5990000000,369,10,0
1785478200,160.5990000000,160.8750000000,160.5830000000,160.7380000000,1053,10,0
1785478500,160.7340000000,160.8340000000,160.7060000000,160.7870000000,577,10,0
1785478800,160.7840000000,160.8400000000,160.7640000000,160.8250000000,373,10,0
1785479100,160.8250000000,160.8410000000,160.7660000000,160.8290000000,619,10,0
1785479400,160.8280000000,160.8570000000,160.6800000000,160.6810000000,680,10,0
1785479700,160.6800000000,160.7260000000,160.6490000000,160.6950000000,679,10,0
1785480000,160.6880000000,160.7650000000,160.6750000000,160.6750000000,459,10,0
1785480300,160.6760000000,160.6800000000,160.4930000000,160.6500000000,696,10,0
1785480600,160.6520000000,160.6840000000,160.6030000000,160.6780000000,583,10,0
1785480900,160.6780000000,160.6780000000,160.5780000000,160.6060000000,570,10,0
1785481200,160.6070000000,160.6220000000,160.5550000000,160.5940000000,478,10,0
1785481500,160.5950000000,160.6750000000,160.5760000000,160.6450000000,402,10,0
1785481800,160.6450000000,160.6860000000,160.6230000000,160.6850000000,517,10,0
1785482100,160.6860000000,160.7400000000,160.6660000000,160.6910000000,520,10,0
1785482400,160.6930000000,160.7100000000,160.6340000000,160.6850000000,483,10,0
1785482700,160.6850000000,160.7380000000,160.6590000000,160.7250000000,398,10,0
1785483000,160.7260000000,160.7270000000,160.6860000000,160.7080000000,591,10,0
1785483300,160.7100000000,160.7500000000,160.6970000000,160.7390000000,453,10,0
1785483600,160.7390000000,160.7450000000,160.6930000000,160.7060000000,410,10,0
1785483900,160.7050000000,160.7950000000,160.7010000000,160.7890000000,298,10,0
1785484200,160.7890000000,160.8020000000,160.6590000000,160.6790000000,480,10,0
1785484500,160.6790000000,160.7200000000,160.6590000000,160.6770000000,540,10,0
1785484800,160.6770000000,160.6970000000,160.6180000000,160.6500000000,602,10,0
1785485100,160.6520000000,160.6730000000,160.5850000000,160.6290000000,490,10,0
1785485400,160.6300000000,160.6710000000,160.5960000000,160.6620000000,436,11,0
1785485700,160.6610000000,160.6620000000,160.5840000000,160.6160000000,401,10,0
1785486000,160.6150000000,160.6880000000,160.6140000000,160.6780000000,422,10,0
1785486300,160.6790000000,160.7380000000,160.6760000000,160.7330000000,480,10,0
1785486600,160.7280000000,160.7400000000,160.5350000000,160.6490000000,816,10,0
1785486900,160.6480000000,160.6890000000,160.6110000000,160.6640000000,683,10,0
1785487200,160.6630000000,160.6850000000,160.6180000000,160.6720000000,717,10,0
1785487500,160.6730000000,160.6980000000,160.6610000000,160.6800000000,596,10,0
1785487800,160.6800000000,160.6860000000,160.6230000000,160.6350000000,467,10,0
1785488100,160.6350000000,160.6450000000,160.5560000000,160.5960000000,505,10,0
1785488400,160.5910000000,160.6030000000,160.4840000000,160.4900000000,712,10,0
1785488700,160.4910000000,160.5220000000,160.3140000000,160.3800000000,1102,10,0
1785489000,160.3800000000,160.4470000000,160.3590000000,160.3710000000,676,10,0
