balance,drawdown_money,drawdown_percent,equity,event_number,peak_equity,replay_event_id,timestamp
1000.0,0.0,0.0,1000.0,0,1000.0,S1B-GER40Cash-20260804T112808-196b791da6|EVENT|000000,1784093520.0
1000.0,0.0,0.0,1000.0,1,1000.0,S1B-GER40Cash-20260804T112808-196b791da6|EVENT|000001,1784093580.0
1000.0,0.0,0.0,1000.0,2,1000.0,S1B-GER40Cash-20260804T112808-196b791da6|EVENT|000002,1784093640.0
1000.0,0.0,0.0,1000.0,3,1000.0,S1B-GER40Cash-20260804T112808-196b791da6|EVENT|000003,1784093700.0
1000.0,0.0,0.0,1000.0,4,1000.0,S1B-GER40Cash-20260804T112808-196b791da6|EVENT|000004,1784093760.0
1000.0,0.0,0.0,1000.0,5,1000.0,S1B-GER40Cash-20260804T112808-196b791da6|EVENT|000005,1784093820.0
1000.0,0.0,0.0,1000.0,6,1000.0,S1B-GER40Cash-20260804T112808-196b791da6|EVENT|000006,1784093880.0
1000.0,0.0,0.0,1000.0,7,1000.0,S1B-GER40Cash-20260804T112808-196b791da6|EVENT|000007,1784093940.0
1000.0,0.0,0.0,1000.0,8,1000.0,S1B-GER40Cash-20260804T112808-196b791da6|EVENT|000008,1784094000.0
1000.0,0.0,0.0,1000.0,9,1000.0,S1B-GER40Cash-20260804T112808-196b791da6|EVENT|000009,1784094060.0
1000.0,0.0,0.0,1000.0,10,1000.0,S1B-GER40Cash-20260804T112808-196b791da6|EVENT|000010,1784094120.0
1000.0,0.0,0.0,1000.0,11,1000.0,S1B-GER40Cash-20260804T112808-196b791da6|EVENT|000011,1784094180.0
1000.0,0.0,0.0,1000.0,12,1000.0,S1B-GER40Cash-20260804T112808-196b791da6|EVENT|000012,1784094240.0
1000.0,0.0,0.0,1000.0,13,1000.0,S1B-GER40Cash-20260804T112808-196b791da6|EVENT|000013,1784094300.0
1000.0,0.0,0.0,1000.0,14,1000.0,S1B-GER40Cash-20260804T112808-196b791da6|EVENT|000014,1784094360.0
1000.0,0.0,0.0,1000.0,15,1000.0,S1B-GER40Cash-20260804T112808-196b791da6|EVENT|000015,1784094420.0
1000.0,0.0,0.0,1000.0,16,1000.0,S1B-GER40Cash-20260804T112808-196b791da6|EVENT|000016,1784094480.0
1000.0,0.0,0.0,1000.0,17,1000.0,S1B-GER40Cash-20260804T112808-196b791da6|EVENT|000017,1784094540.0
1000.0,0.0,0.0,1000.0,18,1000.0,S1B-GER40Cash-20260804T112808-196b791da6|EVENT|000018,1784094600.0
1000.0,0.0,0.0,1000.0,19,1000.0,S1B-GER40Cash-20260804T112808-196b791da6|EVENT|000019,1784094660.0
1000.0,0.0,0.0,1000.0,20,1000.0,S1B-GER40Cash-20260804T112808-196b791da6|EVENT|000020,1784094720.0
1000.0,0.0,0.0,1000.0,21,1000.0,S1B-GER40Cash-20260804T112808-196b791da6|EVENT|000021,1784094780.0
1000.0,0.0,0.0,1000.0,22,1000.0,S1B-GER40Cash-20260804T112808-196b791da6|EVENT|000022,1784094840.0
1000.0,0.0,0.0,1000.0,23,1000.0,S1B-GER40Cash-20260804T112808-196b791da6|EVENT|000023,1784094900.0
1000.0,0.0,0.0,1000.0,24,1000.0,S1B-GER40Cash-20260804T112808-196b791da6|EVENT|000024,1784094960.0
1000.0,0.0,0.0,1000.0,25,1000.0,S1B-GER40Cash-20260804T112808-196b791da6|EVENT|000025,1784095020.0
1000.0,0.0,0.0,1000.0,26,1000.0,S1B-GER40Cash-20260804T112808-196b791da6|EVENT|000026,1784095080.0
1000.0,0.0,0.0,1000.0,27,1000.0,S1B-GER40Cash-20260804T112808-196b791da6|EVENT|000027,1784095140.0
1000.0,0.0,0.0,1000.0,28,1000.0,S1B-GER40Cash-20260804T112808-196b791da6|EVENT|000028,1784095200.0
1000.0,0.0,0.0,1000.0,29,1000.0,S1B-GER40Cash-20260804T112808-196b791da6|EVENT|000029,1784095260.0
1000.0,0.0,0.0,1000.0,30,1000.0,S1B-GER40Cash-20260804T112808-196b791da6|EVENT|000030,1784095320.0
1000.0,0.0,0.0,1000.0,31,1000.0,S1B-GER40Cash-20260804T112808-196b791da6|EVENT|000031,1784095380.0
1000.0,0.0,0.0,1000.0,32,1000.0,S1B-GER40Cash-20260804T112808-196b791da6|EVENT|000032,1784095440.0
1000.0,0.0,0.0,1000.0,33,1000.0,S1B-GER40Cash-20260804T112808-196b791da6|EVENT|000033,1784095500.0
1000.0,0.0,0.0,1000.0,34,1000.0,S1B-GER40Cash-20260804T112808-196b791da6|EVENT|000034,1784095560.0
1000.0,0.0,0.0,1000.0,35,1000.0,S1B-GER40Cash-20260804T112808-196b791da6|EVENT|000035,1784095620.0
1000.0,0.0,0.0,1000.0,36,1000.0,S1B-GER40Cash-20260804T112808-196b791da6|EVENT|000036,1784095680.0
1000.0,0.0,0.0,1000.0,37,1000.0,S1B-GER40Cash-20260804T112808-196b791da6|EVENT|000037,1784095740.0
1000.0,0.0,0.0,1000.0,38,1000.0,S1B-GER40Cash-20260804T112808-196b791da6|EVENT|000038,1784095800.0
1000.0,0.0,0.0,1000.0,39,1000.0,S1B-GER40Cash-20260804T112808-196b791da6|EVENT|000039,1784095860.0
1000.0,0.0,0.0,1000.0,40,1000.0,S1B-GER40Cash-20260804T112808-196b791da6|EVENT|000040,1784095920.0
1000.0,0.0,0.0,1000.0,41,1000.0,S1B-GER40Cash-20260804T112808-196b791da6|EVENT|000041,1784095980.0
1000.0,0.0,0.0,1000.0,42,1000.0,S1B-GER40Cash-20260804T112808-196b791da6|EVENT|000042,1784096040.0
1000.0,0.0,0.0,1000.0,43,1000.0,S1B-GER40Cash-20260804T112808-196b791da6|EVENT|000043,1784096100.0
1000.0,0.0,0.0,1000.0,44,1000.0,S1B-GER40Cash-20260804T112808-196b791da6|EVENT|000044,1784096220.0
1000.0,0.0,0.0,1000.0,45,1000.0,S1B-GER40Cash-20260804T112808-196b791da6|EVENT|000045,1784096280.0
1000.0,0.0,0.0,1000.0,46,1000.0,S1B-GER40Cash-20260804T112808-196b791da6|EVENT|000046,1784096340.0
1000.0,0.0,0.0,1000.0,47,1000.0,S1B-GER40Cash-20260804T112808-196b791da6|EVENT|000047,1784096400.0
1000.0,0.0,0.0,1000.0,48,1000.0,S1B-GER40Cash-20260804T112808-196b791da6|EVENT|000048,1784096460.0
1000.0,0.0,0.0,1000.0,49,1000.0,S1B-GER40Cash-20260804T112808-196b791da6|EVENT|000049,1784096520.0
1000.0,0.0,0.0,1000.0,50,1000.0,S1B-GER40Cash-20260804T112808-196b791da6|EVENT|000050,1784096580.0
1000.0,0.0,0.0,1000.0,51,1000.0,S1B-GER40Cash-20260804T112808-196b791da6|EVENT|000051,1784096640.0
1000.0,0.0,0.0,1000.0,52,1000.0,S1B-GER40Cash-20260804T112808-196b791da6|EVENT|000052,1784096700.0
1000.0,0.0,0.0,1000.0,53,1000.0,S1B-GER40Cash-20260804T112808-196b791da6|EVENT|000053,1784096760.0
1000.0,0.0,0.0,1000.0,54,1000.0,S1B-GER40Cash-20260804T112808-196b791da6|EVENT|000054,1784096820.0
1000.0,0.0,0.0,1000.0,55,1000.0,S1B-GER40Cash-20260804T112808-196b791da6|EVENT|000055,1784096880.0
1000.0,0.0,0.0,1000.0,56,1000.0,S1B-GER40Cash-20260804T112808-196b791da6|EVENT|000056,1784096940.0
1000.0,0.0,0.0,1000.0,57,1000.0,S1B-GER40Cash-20260804T112808-196b791da6|EVENT|000057,1784097000.0
1000.0,0.0,0.0,1000.0,58,1000.0,S1B-GER40Cash-20260804T112808-196b791da6|EVENT|000058,1784097060.0
1000.0,0.0,0.0,1000.0,59,1000.0,S1B-GER40Cash-20260804T112808-196b791da6|EVENT|000059,1784097120.0
1000.0,0.0,0.0,1000.0,60,1000.0,S1B-GER40Cash-20260804T112808-196b791da6|EVENT|000060,1784097180.0
1000.0,0.0,0.0,1000.0,61,1000.0,S1B-GER40Cash-20260804T112808-196b791da6|EVENT|000061,1784097300.0
1000.0,0.0,0.0,1000.0,62,1000.0,S1B-GER40Cash-20260804T112808-196b791da6|EVENT|000062,1784097360.0
1000.0,0.0,0.0,1000.0,63,1000.0,S1B-GER40Cash-20260804T112808-196b791da6|EVENT|000063,1784097420.0
1000.0,0.0,0.0,1000.0,64,1000.0,S1B-GER40Cash-20260804T112808-196b791da6|EVENT|000064,1784097480.0
1000.0,0.0,0.0,1000.0,65,1000.0,S1B-GER40Cash-20260804T112808-196b791da6|EVENT|000065,1784097540.0
1000.0,0.0,0.0,1000.0,66,1000.0,S1B-GER40Cash-20260804T112808-196b791da6|EVENT|000066,1784097600.0
1000.0,0.0,0.0,1000.0,67,1000.0,S1B-GER40Cash-20260804T112808-196b791da6|EVENT|000067,1784097660.0
1000.0,0.0,0.0,1000.0,68,1000.0,S1B-GER40Cash-20260804T112808-196b791da6|EVENT|000068,1784097720.0
1000.0,0.0,0.0,1000.0,69,1000.0,S1B-GER40Cash-20260804T112808-196b791da6|EVENT|000069,1784097780.0
1000.0,0.0,0.0,1000.0,70,1000.0,S1B-GER40Cash-20260804T112808-196b791da6|EVENT|000070,1784097840.0
1000.0,0.0,0.0,1000.0,71,1000.0,S1B-GER40Cash-20260804T112808-196b791da6|EVENT|000071,1784097900.0
1000.0,0.0,0.0,1000.0,72,1000.0,S1B-GER40Cash-20260804T112808-196b791da6|EVENT|000072,1784097960.0
1000.0,0.0,0.0,1000.0,73,1000.0,S1B-GER40Cash-20260804T112808-196b791da6|EVENT|000073,1784098020.0
1000.0,0.0,0.0,1000.0,74,1000.0,S1B-GER40Cash-20260804T112808-196b791da6|EVENT|000074,1784098080.0
1000.0,0.0,0.0,1000.0,75,1000.0,S1B-GER40Cash-20260804T112808-196b791da6|EVENT|000075,1784098140.0
1000.0,0.0,0.0,1000.0,76,1000.0,S1B-GER40Cash-20260804T112808-196b791da6|EVENT|000076,1784098200.0
1000.0,0.0,0.0,1000.0,77,1000.0,S1B-GER40Cash-20260804T112808-196b791da6|EVENT|000077,1784098260.0
1000.0,0.0,0.0,1000.0,78,1000.0,S1B-GER40Cash-20260804T112808-196b791da6|EVENT|000078,1784098320.0
1000.0,0.0,0.0,1000.0,79,1000.0,S1B-GER40Cash-20260804T112808-196b791da6|EVENT|000079,1784098380.0
1000.0,0.0,0.0,1000.0,80,1000.0,S1B-GER40Cash-20260804T112808-196b791da6|EVENT|000080,1784098440.0
1000.0,0.0,0.0,1000.0,81,1000.0,S1B-GER40Cash-20260804T112808-196b791da6|EVENT|000081,1784098500.0
1000.0,0.0,0.0,1000.0,82,1000.0,S1B-GER40Cash-20260804T112808-196b791da6|EVENT|000082,1784098560.0
1000.0,0.0,0.0,1000.0,83,1000.0,S1B-GER40Cash-20260804T112808-196b791da6|EVENT|000083,1784098620.0
1000.0,0.0,0.0,1000.0,84,1000.0,S1B-GER40Cash-20260804T112808-196b791da6|EVENT|000084,1784098680.0
1000.0,0.0,0.0,1000.0,85,1000.0,S1B-GER40Cash-20260804T112808-196b791da6|EVENT|000085,1784098740.0
1000.0,0.0,0.0,1000.0,86,1000.0,S1B-GER40Cash-20260804T112808-196b791da6|EVENT|000086,1784098800.0
1000.0,0.0,0.0,1000.0,87,1000.0,S1B-GER40Cash-20260804T112808-196b791da6|EVENT|000087,1784098860.0
1000.0,0.0,0.0,1000.0,88,1000.0,S1B-GER40Cash-20260804T112808-196b791da6|EVENT|000088,1784098920.0
1000.0,0.0,0.0,1000.0,89,1000.0,S1B-GER40Cash-20260804T112808-196b791da6|EVENT|000089,1784098980.0
1000.0,0.0,0.0,1000.0,90,1000.0,S1B-GER40Cash-20260804T112808-196b791da6|EVENT|000090,1784099040.0
1000.0,0.0,0.0,1000.0,91,1000.0,S1B-GER40Cash-20260804T112808-196b791da6|EVENT|000091,1784099100.0
1000.0,0.0,0.0,1000.0,92,1000.0,S1B-GER40Cash-20260804T112808-196b791da6|EVENT|000092,1784099220.0
1000.0,0.0,0.0,1000.0,93,1000.0,S1B-GER40Cash-20260804T112808-196b791da6|EVENT|000093,1784099280.0
1000.0,0.0,0.0,1000.0,94,1000.0,S1B-GER40Cash-20260804T112808-196b791da6|EVENT|000094,1784099340.0
1000.0,0.0,0.0,1000.0,95,1000.0,S1B-GER40Cash-20260804T112808-196b791da6|EVENT|000095,1784099400.0
1000.0,0.0,0.0,1000.0,96,1000.0,S1B-GER40Cash-20260804T112808-196b791da6|EVENT|000096,1784099460.0
1000.0,0.0,0.0,1000.0,97,1000.0,S1B-GER40Cash-20260804T112808-196b791da6|EVENT|000097,1784099520.0
1000.0,0.0,0.0,1000.0,98,1000.0,S1B-GER40Cash-20260804T112808-196b791da6|EVENT|000098,1784099580.0
1000.0,0.0,0.0,1000.0,99,1000.0,S1B-GER40Cash-20260804T112808-196b791da6|EVENT|000099,1784099640.0
1000.0,0.0,0.0,1000.0,100,1000.0,S1B-GER40Cash-20260804T112808-196b791da6|EVENT|000100,1784099700.0
1000.0,0.0,0.0,1000.0,101,1000.0,S1B-GER40Cash-20260804T112808-196b791da6|EVENT|000101,1784099760.0
1000.0,0.0,0.0,1000.0,102,1000.0,S1B-GER40Cash-20260804T112808-196b791da6|EVENT|000102,1784099820.0
1000.0,0.0,0.0,1000.0,103,1000.0,S1B-GER40Cash-20260804T112808-196b791da6|EVENT|000103,1784099880.0
1000.0,0.0,0.0,1000.0,104,1000.0,S1B-GER40Cash-20260804T112808-196b791da6|EVENT|000104,1784099940.0
1000.0,0.0,0.0,1000.0,105,1000.0,S1B-GER40Cash-20260804T112808-196b791da6|EVENT|000105,1784100000.0
1000.0,0.0,0.0,1000.0,106,1000.0,S1B-GER40Cash-20260804T112808-196b791da6|EVENT|000106,1784100060.0
1000.0,0.0,0.0,1000.0,107,1000.0,S1B-GER40Cash-20260804T112808-196b791da6|EVENT|000107,1784100120.0
1000.0,0.0,0.0,1000.0,108,1000.0,S1B-GER40Cash-20260804T112808-196b791da6|EVENT|000108,1784100180.0
1000.0,0.0,0.0,1000.0,109,1000.0,S1B-GER40Cash-20260804T112808-196b791da6|EVENT|000109,1784100240.0
1000.0,0.0,0.0,1000.0,110,1000.0,S1B-GER40Cash-20260804T112808-196b791da6|EVENT|000110,1784100300.0
1000.0,0.0,0.0,1000.0,111,1000.0,S1B-GER40Cash-20260804T112808-196b791da6|EVENT|000111,1784100420.0
1000.0,0.0,0.0,1000.0,112,1000.0,S1B-GER40Cash-20260804T112808-196b791da6|EVENT|000112,1784100480.0
1000.0,0.0,0.0,1000.0,113,1000.0,S1B-GER40Cash-20260804T112808-196b791da6|EVENT|000113,1784100540.0
1000.0,0.0,0.0,1000.0,114,1000.0,S1B-GER40Cash-20260804T112808-196b791da6|EVENT|000114,1784100600.0
1000.0,0.0,0.0,1000.0,115,1000.0,S1B-GER40Cash-20260804T112808-196b791da6|EVENT|000115,1784100660.0
1000.0,0.0,0.0,1000.0,116,1000.0,S1B-GER40Cash-20260804T112808-196b791da6|EVENT|000116,1784100720.0
1000.0,0.0,0.0,1000.0,117,1000.0,S1B-GER40Cash-20260804T112808-196b791da6|EVENT|000117,1784100780.0
1000.0,0.0,0.0,1000.0,118,1000.0,S1B-GER40Cash-20260804T112808-196b791da6|EVENT|000118,1784100900.0
1000.0,0.0,0.0,1000.0,119,1000.0,S1B-GER40Cash-20260804T112808-196b791da6|EVENT|000119,1784100960.0
1000.0,0.0,0.0,1000.0,120,1000.0,S1B-GER40Cash-20260804T112808-196b791da6|EVENT|000120,1784101020.0
1000.0,0.0,0.0,1000.0,121,1000.0,S1B-GER40Cash-20260804T112808-196b791da6|EVENT|000121,1784101080.0
1000.0,0.0,0.0,1000.0,122,1000.0,S1B-GER40Cash-20260804T112808-196b791da6|EVENT|000122,1784101140.0
1000.0,0.0,0.0,1000.0,123,1000.0,S1B-GER40Cash-20260804T112808-196b791da6|EVENT|000123,1784101200.0
1000.0,0.0,0.0,1000.0,124,1000.0,S1B-GER40Cash-20260804T112808-196b791da6|EVENT|000124,1784101260.0
1000.0,0.0,0.0,1000.0,125,1000.0,S1B-GER40Cash-20260804T112808-196b791da6|EVENT|000125,1784101320.0
1000.0,0.0,0.0,1000.0,126,1000.0,S1B-GER40Cash-20260804T112808-196b791da6|EVENT|000126,1784101380.0
1000.0,0.0,0.0,1000.0,127,1000.0,S1B-GER40Cash-20260804T112808-196b791da6|EVENT|000127,1784101440.0
1000.0,0.0,0.0,1000.0,128,1000.0,S1B-GER40Cash-20260804T112808-196b791da6|EVENT|000128,1784101500.0
1000.0,0.0,0.0,1000.0,129,1000.0,S1B-GER40Cash-20260804T112808-196b791da6|EVENT|000129,1784101560.0
1000.0,0.0,0.0,1000.0,130,1000.0,S1B-GER40Cash-20260804T112808-196b791da6|EVENT|000130,1784101620.0
1000.0,0.0,0.0,1000.0,131,1000.0,S1B-GER40Cash-20260804T112808-196b791da6|EVENT|000131,1784101680.0
1000.0,0.0,0.0,1000.0,132,1000.0,S1B-GER40Cash-20260804T112808-196b791da6|EVENT|000132,1784101740.0
1000.0,0.0,0.0,1000.0,133,1000.0,S1B-GER40Cash-20260804T112808-196b791da6|EVENT|000133,1784101800.0
1000.0,0.0,0.0,1000.0,134,1000.0,S1B-GER40Cash-20260804T112808-196b791da6|EVENT|000134,1784101860.0
1000.0,0.0,0.0,1000.0,135,1000.0,S1B-GER40Cash-20260804T112808-196b791da6|EVENT|000135,1784101920.0
1000.0,0.0,0.0,1000.0,136,1000.0,S1B-GER40Cash-20260804T112808-196b791da6|EVENT|000136,1784101980.0
1000.0,0.0,0.0,1000.0,137,1000.0,S1B-GER40Cash-20260804T112808-196b791da6|EVENT|000137,1784102040.0
1000.0,0.0,0.0,1000.0,138,1000.0,S1B-GER40Cash-20260804T112808-196b791da6|EVENT|000138,1784102100.0
1000.0,0.0,0.0,1000.0,139,1000.0,S1B-GER40Cash-20260804T112808-196b791da6|EVENT|000139,1784102160.0
1000.0,0.0,0.0,1000.0,140,1000.0,S1B-GER40Cash-20260804T112808-196b791da6|EVENT|000140,1784102220.0
1000.0,0.0,0.0,1000.0,141,1000.0,S1B-GER40Cash-20260804T112808-196b791da6|EVENT|000141,1784102280.0
1000.0,0.0,0.0,1000.0,142,1000.0,S1B-GER40Cash-20260804T112808-196b791da6|EVENT|000142,1784102340.0
1000.0,0.0,0.0,1000.0,143,1000.0,S1B-GER40Cash-20260804T112808-196b791da6|EVENT|000143,1784102400.0
1000.0,0.0,0.0,1000.0,144,1000.0,S1B-GER40Cash-20260804T112808-196b791da6|EVENT|000144,1784102460.0
1000.0,0.0,0.0,1000.0,145,1000.0,S1B-GER40Cash-20260804T112808-196b791da6|EVENT|000145,1784102520.0
1000.0,0.0,0.0,1000.0,146,1000.0,S1B-GER40Cash-20260804T112808-196b791da6|EVENT|000146,1784102580.0
1000.0,0.0,0.0,1000.0,147,1000.0,S1B-GER40Cash-20260804T112808-196b791da6|EVENT|000147,1784102640.0
1000.0,0.0,0.0,1000.0,148,1000.0,S1B-GER40Cash-20260804T112808-196b791da6|EVENT|000148,1784102700.0
1000.0,0.0,0.0,1000.0,149,1000.0,S1B-GER40Cash-20260804T112808-196b791da6|EVENT|000149,1784102760.0
1000.0,0.0,0.0,1000.0,150,1000.0,S1B-GER40Cash-20260804T112808-196b791da6|EVENT|000150,1784102820.0
1000.0,0.0,0.0,1000.0,151,1000.0,S1B-GER40Cash-20260804T112808-196b791da6|EVENT|000151,1784102880.0
1000.0,0.0,0.0,1000.0,152,1000.0,S1B-GER40Cash-20260804T112808-196b791da6|EVENT|000152,1784102940.0
1000.0,0.0,0.0,1000.0,153,1000.0,S1B-GER40Cash-20260804T112808-196b791da6|EVENT|000153,1784103000.0
1000.0,0.0,0.0,1000.0,154,1000.0,S1B-GER40Cash-20260804T112808-196b791da6|EVENT|000154,1784103060.0
1000.0,0.0,0.0,1000.0,155,1000.0,S1B-GER40Cash-20260804T112808-196b791da6|EVENT|000155,1784103120.0
1000.0,0.0,0.0,1000.0,156,1000.0,S1B-GER40Cash-20260804T112808-196b791da6|EVENT|000156,1784103180.0
1000.0,0.0,0.0,1000.0,157,1000.0,S1B-GER40Cash-20260804T112808-196b791da6|EVENT|000157,1784103240.0
1000.0,0.0,0.0,1000.0,158,1000.0,S1B-GER40Cash-20260804T112808-196b791da6|EVENT|000158,1784103300.0
1000.0,0.0,0.0,1000.0,159,1000.0,S1B-GER40Cash-20260804T112808-196b791da6|EVENT|000159,1784103360.0
1000.0,0.0,0.0,1000.0,160,1000.0,S1B-GER40Cash-20260804T112808-196b791da6|EVENT|000160,1784103420.0
1000.0,0.0,0.0,1000.0,161,1000.0,S1B-GER40Cash-20260804T112808-196b791da6|EVENT|000161,1784103480.0
1000.0,0.0,0.0,1000.0,162,1000.0,S1B-GER40Cash-20260804T112808-196b791da6|EVENT|000162,1784103540.0
1000.0,0.0,0.0,1000.0,163,1000.0,S1B-GER40Cash-20260804T112808-196b791da6|EVENT|000163,1784103600.0
1000.0,0.0,0.0,1000.0,164,1000.0,S1B-GER40Cash-20260804T112808-196b791da6|EVENT|000164,1784103660.0
1000.0,0.0,0.0,1000.0,165,1000.0,S1B-GER40Cash-20260804T112808-196b791da6|EVENT|000165,1784103720.0
1000.0,0.0,0.0,1000.0,166,1000.0,S1B-GER40Cash-20260804T112808-196b791da6|EVENT|000166,1784103780.0
1000.0,0.0,0.0,1000.0,167,1000.0,S1B-GER40Cash-20260804T112808-196b791da6|EVENT|000167,1784103840.0
1000.0,0.0,0.0,1000.0,168,1000.0,S1B-GER40Cash-20260804T112808-196b791da6|EVENT|000168,1784103900.0
1000.0,0.0,0.0,1000.0,169,1000.0,S1B-GER40Cash-20260804T112808-196b791da6|EVENT|000169,1784103960.0
1000.0,0.0,0.0,1000.0,170,1000.0,S1B-GER40Cash-20260804T112808-196b791da6|EVENT|000170,1784104020.0
1000.0,0.0,0.0,1000.0,171,1000.0,S1B-GER40Cash-20260804T112808-196b791da6|EVENT|000171,1784104080.0
1000.0,0.0,0.0,1000.0,172,1000.0,S1B-GER40Cash-20260804T112808-196b791da6|EVENT|000172,1784104140.0
1000.0,0.0,0.0,1000.0,173,1000.0,S1B-GER40Cash-20260804T112808-196b791da6|EVENT|000173,1784104200.0
1000.0,0.0,0.0,1000.0,174,1000.0,S1B-GER40Cash-20260804T112808-196b791da6|EVENT|000174,1784104260.0
1000.0,0.0,0.0,1000.0,175,1000.0,S1B-GER40Cash-20260804T112808-196b791da6|EVENT|000175,1784104320.0
1000.0,0.0,0.0,1000.0,176,1000.0,S1B-GER40Cash-20260804T112808-196b791da6|EVENT|000176,1784104380.0
1000.0,0.0,0.0,1000.0,177,1000.0,S1B-GER40Cash-20260804T112808-196b791da6|EVENT|000177,1784104440.0
1000.0,0.0,0.0,1000.0,178,1000.0,S1B-GER40Cash-20260804T112808-196b791da6|EVENT|000178,1784104500.0
1000.0,0.0,0.0,1000.0,179,1000.0,S1B-GER40Cash-20260804T112808-196b791da6|EVENT|000179,1784104560.0
1000.0,0.0,0.0,1000.0,180,1000.0,S1B-GER40Cash-20260804T112808-196b791da6|EVENT|000180,1784104620.0
1000.0,0.0,0.0,1000.0,181,1000.0,S1B-GER40Cash-20260804T112808-196b791da6|EVENT|000181,1784104680.0
1000.0,0.0,0.0,1000.0,182,1000.0,S1B-GER40Cash-20260804T112808-196b791da6|EVENT|000182,1784104740.0
1000.0,0.0,0.0,1000.0,183,1000.0,S1B-GER40Cash-20260804T112808-196b791da6|EVENT|000183,1784104800.0
1000.0,0.0,0.0,1000.0,184,1000.0,S1B-GER40Cash-20260804T112808-196b791da6|EVENT|000184,1784104860.0
1000.0,0.0,0.0,1000.0,185,1000.0,S1B-GER40Cash-20260804T112808-196b791da6|EVENT|000185,1784104920.0
1000.0,0.0,0.0,1000.0,186,1000.0,S1B-GER40Cash-20260804T112808-196b791da6|EVENT|000186,1784104980.0
1000.0,0.0,0.0,1000.0,187,1000.0,S1B-GER40Cash-20260804T112808-196b791da6|EVENT|000187,1784105040.0
1000.0,0.0,0.0,1000.0,188,1000.0,S1B-GER40Cash-20260804T112808-196b791da6|EVENT|000188,1784105100.0
1000.0,0.0,0.0,1000.0,189,1000.0,S1B-GER40Cash-20260804T112808-196b791da6|EVENT|000189,1784105160.0
1000.0,0.0,0.0,1000.0,190,1000.0,S1B-GER40Cash-20260804T112808-196b791da6|EVENT|000190,1784105220.0
1000.0,0.0,0.0,1000.0,191,1000.0,S1B-GER40Cash-20260804T112808-196b791da6|EVENT|000191,1784105280.0
1000.0,0.0,0.0,1000.0,192,1000.0,S1B-GER40Cash-20260804T112808-196b791da6|EVENT|000192,1784105340.0
1000.0,0.0,0.0,1000.0,193,1000.0,S1B-GER40Cash-20260804T112808-196b791da6|EVENT|000193,1784105400.0
1000.0,0.0,0.0,1000.0,194,1000.0,S1B-GER40Cash-20260804T112808-196b791da6|EVENT|000194,1784105460.0
1000.0,0.0,0.0,1000.0,195,1000.0,S1B-GER40Cash-20260804T112808-196b791da6|EVENT|000195,1784105520.0
1000.0,0.0,0.0,1000.0,196,1000.0,S1B-GER40Cash-20260804T112808-196b791da6|EVENT|000196,1784105580.0
1000.0,0.0,0.0,1000.0,197,1000.0,S1B-GER40Cash-20260804T112808-196b791da6|EVENT|000197,1784105640.0
1000.0,0.0,0.0,1000.0,198,1000.0,S1B-GER40Cash-20260804T112808-196b791da6|EVENT|000198,1784105700.0
1000.0,0.0,0.0,1000.0,199,1000.0,S1B-GER40Cash-20260804T112808-196b791da6|EVENT|000199,1784105760.0
1000.0,0.0,0.0,1000.0,200,1000.0,S1B-GER40Cash-20260804T112808-196b791da6|EVENT|000200,1784105820.0
1000.0,0.0,0.0,1000.0,201,1000.0,S1B-GER40Cash-20260804T112808-196b791da6|EVENT|000201,1784105880.0
1000.0,0.0,0.0,1000.0,202,1000.0,S1B-GER40Cash-20260804T112808-196b791da6|EVENT|000202,1784105940.0
1000.0,0.0,0.0,1000.0,203,1000.0,S1B-GER40Cash-20260804T112808-196b791da6|EVENT|000203,1784106000.0
1000.0,0.0,0.0,1000.0,204,1000.0,S1B-GER40Cash-20260804T112808-196b791da6|EVENT|000204,1784106060.0
1000.0,0.0,0.0,1000.0,205,1000.0,S1B-GER40Cash-20260804T112808-196b791da6|EVENT|000205,1784106120.0
1000.0,0.0,0.0,1000.0,206,1000.0,S1B-GER40Cash-20260804T112808-196b791da6|EVENT|000206,1784106180.0
1000.0,0.0,0.0,1000.0,207,1000.0,S1B-GER40Cash-20260804T112808-196b791da6|EVENT|000207,1784106240.0
1000.0,0.0,0.0,1000.0,208,1000.0,S1B-GER40Cash-20260804T112808-196b791da6|EVENT|000208,1784106300.0
1000.0,0.0,0.0,1000.0,209,1000.0,S1B-GER40Cash-20260804T112808-196b791da6|EVENT|000209,1784106360.0
1000.0,0.0,0.0,1000.0,210,1000.0,S1B-GER40Cash-20260804T112808-196b791da6|EVENT|000210,1784106420.0
1000.0,0.0,0.0,1000.0,211,1000.0,S1B-GER40Cash-20260804T112808-196b791da6|EVENT|000211,1784106480.0
1000.0,0.0,0.0,1000.0,212,1000.0,S1B-GER40Cash-20260804T112808-196b791da6|EVENT|000212,1784106540.0
1000.0,0.0,0.0,1000.0,213,1000.0,S1B-GER40Cash-20260804T112808-196b791da6|EVENT|000213,1784106600.0
1000.0,0.0,0.0,1000.0,214,1000.0,S1B-GER40Cash-20260804T112808-196b791da6|EVENT|000214,1784106660.0
1000.0,0.0,0.0,1000.0,215,1000.0,S1B-GER40Cash-20260804T112808-196b791da6|EVENT|000215,1784106720.0
1000.0,0.0,0.0,1000.0,216,1000.0,S1B-GER40Cash-20260804T112808-196b791da6|EVENT|000216,1784106780.0
1000.0,0.0,0.0,1000.0,217,1000.0,S1B-GER40Cash-20260804T112808-196b791da6|EVENT|000217,1784106840.0
1000.0,0.0,0.0,1000.0,218,1000.0,S1B-GER40Cash-20260804T112808-196b791da6|EVENT|000218,1784106900.0
1000.0,0.0,0.0,1000.0,219,1000.0,S1B-GER40Cash-20260804T112808-196b791da6|EVENT|000219,1784106960.0
1000.0,0.0,0.0,1000.0,220,1000.0,S1B-GER40Cash-20260804T112808-196b791da6|EVENT|000220,1784107020.0
1000.0,0.0,0.0,1000.0,221,1000.0,S1B-GER40Cash-20260804T112808-196b791da6|EVENT|000221,1784107080.0
1000.0,0.0,0.0,1000.0,222,1000.0,S1B-GER40Cash-20260804T112808-196b791da6|EVENT|000222,1784107140.0
1000.0,0.0,0.0,1000.0,223,1000.0,S1B-GER40Cash-20260804T112808-196b791da6|EVENT|000223,1784107200.0
1000.0,0.0,0.0,1000.0,224,1000.0,S1B-GER40Cash-20260804T112808-196b791da6|EVENT|000224,1784107260.0
1000.0,0.0,0.0,1000.0,225,1000.0,S1B-GER40Cash-20260804T112808-196b791da6|EVENT|000225,1784107320.0
1000.0,0.0,0.0,1000.0,226,1000.0,S1B-GER40Cash-20260804T112808-196b791da6|EVENT|000226,1784107380.0
1000.0,0.0,0.0,1000.0,227,1000.0,S1B-GER40Cash-20260804T112808-196b791da6|EVENT|000227,1784107440.0
1000.0,0.0,0.0,1000.0,228,1000.0,S1B-GER40Cash-20260804T112808-196b791da6|EVENT|000228,1784107500.0
1000.0,0.0,0.0,1000.0,229,1000.0,S1B-GER40Cash-20260804T112808-196b791da6|EVENT|000229,1784107560.0
1000.0,0.0,0.0,1000.0,230,1000.0,S1B-GER40Cash-20260804T112808-196b791da6|EVENT|000230,1784107620.0
1000.0,0.0,0.0,1000.0,231,1000.0,S1B-GER40Cash-20260804T112808-196b791da6|EVENT|000231,1784107680.0
1000.0,0.0,0.0,1000.0,232,1000.0,S1B-GER40Cash-20260804T112808-196b791da6|EVENT|000232,1784107740.0
1000.0,0.0,0.0,1000.0,233,1000.0,S1B-GER40Cash-20260804T112808-196b791da6|EVENT|000233,1784107800.0
1000.0,0.0,0.0,1000.0,234,1000.0,S1B-GER40Cash-20260804T112808-196b791da6|EVENT|000234,1784107860.0
1000.0,0.0,0.0,1000.0,235,1000.0,S1B-GER40Cash-20260804T112808-196b791da6|EVENT|000235,1784107920.0
1000.0,0.0,0.0,1000.0,236,1000.0,S1B-GER40Cash-20260804T112808-196b791da6|EVENT|000236,1784107980.0
1000.0,0.0,0.0,1000.0,237,1000.0,S1B-GER40Cash-20260804T112808-196b791da6|EVENT|000237,1784108040.0
1000.0,0.0,0.0,1000.0,238,1000.0,S1B-GER40Cash-20260804T112808-196b791da6|EVENT|000238,1784108100.0
1000.0,0.0,0.0,1000.0,239,1000.0,S1B-GER40Cash-20260804T112808-196b791da6|EVENT|000239,1784108160.0
1000.0,0.0,0.0,1000.0,240,1000.0,S1B-GER40Cash-20260804T112808-196b791da6|EVENT|000240,1784108220.0
1000.0,0.0,0.0,1000.0,241,1000.0,S1B-GER40Cash-20260804T112808-196b791da6|EVENT|000241,1784108280.0
1000.0,0.0,0.0,1000.0,242,1000.0,S1B-GER40Cash-20260804T112808-196b791da6|EVENT|000242,1784108340.0
1000.0,0.0,0.0,1000.0,243,1000.0,S1B-GER40Cash-20260804T112808-196b791da6|EVENT|000243,1784108400.0
1000.0,0.0,0.0,1000.0,244,1000.0,S1B-GER40Cash-20260804T112808-196b791da6|EVENT|000244,1784108460.0
1000.0,0.0,0.0,1000.0,245,1000.0,S1B-GER40Cash-20260804T112808-196b791da6|EVENT|000245,1784108520.0
1000.0,0.0,0.0,1000.0,246,1000.0,S1B-GER40Cash-20260804T112808-196b791da6|EVENT|000246,1784108580.0
1000.0,0.0,0.0,1000.0,247,1000.0,S1B-GER40Cash-20260804T112808-196b791da6|EVENT|000247,1784108640.0
1000.0,0.0,0.0,1000.0,248,1000.0,S1B-GER40Cash-20260804T112808-196b791da6|EVENT|000248,1784108700.0
1000.0,0.0,0.0,1000.0,249,1000.0,S1B-GER40Cash-20260804T112808-196b791da6|EVENT|000249,1784108760.0
1000.0,0.0,0.0,1000.0,250,1000.0,S1B-GER40Cash-20260804T112808-196b791da6|EVENT|000250,1784108820.0
1000.0,0.0,0.0,1000.0,251,1000.0,S1B-GER40Cash-20260804T112808-196b791da6|EVENT|000251,1784108880.0
1000.0,0.0,0.0,1000.0,252,1000.0,S1B-GER40Cash-20260804T112808-196b791da6|EVENT|000252,1784108940.0
1000.0,0.0,0.0,1000.0,253,1000.0,S1B-GER40Cash-20260804T112808-196b791da6|EVENT|000253,1784109000.0
1000.0,0.0,0.0,1000.0,254,1000.0,S1B-GER40Cash-20260804T112808-196b791da6|EVENT|000254,1784109060.0
1000.0,0.0,0.0,1000.0,255,1000.0,S1B-GER40Cash-20260804T112808-196b791da6|EVENT|000255,1784109120.0
1000.0,0.0,0.0,1000.0,256,1000.0,S1B-GER40Cash-20260804T112808-196b791da6|EVENT|000256,1784109180.0
1000.0,0.0,0.0,1000.0,257,1000.0,S1B-GER40Cash-20260804T112808-196b791da6|EVENT|000257,1784109240.0
1000.0,0.0,0.0,1000.0,258,1000.0,S1B-GER40Cash-20260804T112808-196b791da6|EVENT|000258,1784109300.0
1000.0,0.0,0.0,1000.0,259,1000.0,S1B-GER40Cash-20260804T112808-196b791da6|EVENT|000259,1784109360.0
1000.0,0.0,0.0,1000.0,260,1000.0,S1B-GER40Cash-20260804T112808-196b791da6|EVENT|000260,1784109420.0
1000.0,0.0,0.0,1000.0,261,1000.0,S1B-GER40Cash-20260804T112808-196b791da6|EVENT|000261,1784109480.0
1000.0,0.0,0.0,1000.0,262,1000.0,S1B-GER40Cash-20260804T112808-196b791da6|EVENT|000262,1784109540.0
1000.0,0.0,0.0,1000.0,263,1000.0,S1B-GER40Cash-20260804T112808-196b791da6|EVENT|000263,1784109600.0
1000.0,0.0,0.0,1000.0,264,1000.0,S1B-GER40Cash-20260804T112808-196b791da6|EVENT|000264,1784109660.0
1000.0,0.0,0.0,1000.0,265,1000.0,S1B-GER40Cash-20260804T112808-196b791da6|EVENT|000265,1784109720.0
1000.0,0.0,0.0,1000.0,266,1000.0,S1B-GER40Cash-20260804T112808-196b791da6|EVENT|000266,1784109780.0
1000.0,0.0,0.0,1000.0,267,1000.0,S1B-GER40Cash-20260804T112808-196b791da6|EVENT|000267,1784109840.0
1000.0,0.0,0.0,1000.0,268,1000.0,S1B-GER40Cash-20260804T112808-196b791da6|EVENT|000268,1784109900.0
1000.0,0.0,0.0,1000.0,269,1000.0,S1B-GER40Cash-20260804T112808-196b791da6|EVENT|000269,1784109960.0
1000.0,0.0,0.0,1000.0,270,1000.0,S1B-GER40Cash-20260804T112808-196b791da6|EVENT|000270,1784110020.0
1000.0,0.0,0.0,1000.0,271,1000.0,S1B-GER40Cash-20260804T112808-196b791da6|EVENT|000271,1784110080.0
1000.0,0.0,0.0,1000.0,272,1000.0,S1B-GER40Cash-20260804T112808-196b791da6|EVENT|000272,1784110140.0
1000.0,0.0,0.0,1000.0,273,1000.0,S1B-GER40Cash-20260804T112808-196b791da6|EVENT|000273,1784110200.0
1000.0,0.0,0.0,1000.0,274,1000.0,S1B-GER40Cash-20260804T112808-196b791da6|EVENT|000274,1784110260.0
1000.0,0.0,0.0,1000.0,275,1000.0,S1B-GER40Cash-20260804T112808-196b791da6|EVENT|000275,1784110320.0
1000.0,0.0,0.0,1000.0,276,1000.0,S1B-GER40Cash-20260804T112808-196b791da6|EVENT|000276,1784110380.0
1000.0,0.0,0.0,1000.0,277,1000.0,S1B-GER40Cash-20260804T112808-196b791da6|EVENT|000277,1784110440.0
1000.0,0.0,0.0,1000.0,278,1000.0,S1B-GER40Cash-20260804T112808-196b791da6|EVENT|000278,1784110500.0
1000.0,0.0,0.0,1000.0,279,1000.0,S1B-GER40Cash-20260804T112808-196b791da6|EVENT|000279,1784110560.0
1000.0,0.0,0.0,1000.0,280,1000.0,S1B-GER40Cash-20260804T112808-196b791da6|EVENT|000280,1784110620.0
1000.0,0.0,0.0,1000.0,281,1000.0,S1B-GER40Cash-20260804T112808-196b791da6|EVENT|000281,1784110680.0
1000.0,0.0,0.0,1000.0,282,1000.0,S1B-GER40Cash-20260804T112808-196b791da6|EVENT|000282,1784110740.0
1000.0,0.0,0.0,1000.0,283,1000.0,S1B-GER40Cash-20260804T112808-196b791da6|EVENT|000283,1784110800.0
1000.0,0.0,0.0,1000.0,284,1000.0,S1B-GER40Cash-20260804T112808-196b791da6|EVENT|000284,1784110860.0
1000.0,0.0,0.0,1000.0,285,1000.0,S1B-GER40Cash-20260804T112808-196b791da6|EVENT|000285,1784110920.0
1000.0,0.0,0.0,1000.0,286,1000.0,S1B-GER40Cash-20260804T112808-196b791da6|EVENT|000286,1784110980.0
1000.0,0.0,0.0,1000.0,287,1000.0,S1B-GER40Cash-20260804T112808-196b791da6|EVENT|000287,1784111040.0
1000.0,0.0,0.0,1000.0,288,1000.0,S1B-GER40Cash-20260804T112808-196b791da6|EVENT|000288,1784111100.0
1000.0,0.0,0.0,1000.0,289,1000.0,S1B-GER40Cash-20260804T112808-196b791da6|EVENT|000289,1784111160.0
1000.0,0.0,0.0,1000.0,290,1000.0,S1B-GER40Cash-20260804T112808-196b791da6|EVENT|000290,1784111220.0
1000.0,0.0,0.0,1000.0,291,1000.0,S1B-GER40Cash-20260804T112808-196b791da6|EVENT|000291,1784111280.0
1000.0,0.0,0.0,1000.0,292,1000.0,S1B-GER40Cash-20260804T112808-196b791da6|EVENT|000292,1784111340.0
1000.0,0.0,0.0,1000.0,293,1000.0,S1B-GER40Cash-20260804T112808-196b791da6|EVENT|000293,1784111400.0
1000.0,0.0,0.0,1000.0,294,1000.0,S1B-GER40Cash-20260804T112808-196b791da6|EVENT|000294,1784111460.0
1000.0,0.0,0.0,1000.0,295,1000.0,S1B-GER40Cash-20260804T112808-196b791da6|EVENT|000295,1784111520.0
1000.0,0.0,0.0,1000.0,296,1000.0,S1B-GER40Cash-20260804T112808-196b791da6|EVENT|000296,1784111580.0
1000.0,0.0,0.0,1000.0,297,1000.0,S1B-GER40Cash-20260804T112808-196b791da6|EVENT|000297,1784111640.0
1000.0,0.0,0.0,1000.0,298,1000.0,S1B-GER40Cash-20260804T112808-196b791da6|EVENT|000298,1784111700.0
1000.0,0.0,0.0,1000.0,299,1000.0,S1B-GER40Cash-20260804T112808-196b791da6|EVENT|000299,1784111760.0
1000.0,0.0,0.0,1000.0,300,1000.0,S1B-GER40Cash-20260804T112808-196b791da6|EVENT|000300,1784111820.0
1000.0,0.0,0.0,1000.0,301,1000.0,S1B-GER40Cash-20260804T112808-196b791da6|EVENT|000301,1784111880.0
1000.0,0.0,0.0,1000.0,302,1000.0,S1B-GER40Cash-20260804T112808-196b791da6|EVENT|000302,1784111940.0
1000.0,0.0,0.0,1000.0,303,1000.0,S1B-GER40Cash-20260804T112808-196b791da6|EVENT|000303,1784112000.0
1000.0,0.0,0.0,1000.0,304,1000.0,S1B-GER40Cash-20260804T112808-196b791da6|EVENT|000304,1784112060.0
1000.0,0.0,0.0,1000.0,305,1000.0,S1B-GER40Cash-20260804T112808-196b791da6|EVENT|000305,1784112120.0
1000.0,0.0,0.0,1000.0,306,1000.0,S1B-GER40Cash-20260804T112808-196b791da6|EVENT|000306,1784112180.0
1000.0,0.0,0.0,1000.0,307,1000.0,S1B-GER40Cash-20260804T112808-196b791da6|EVENT|000307,1784112240.0
1000.0,0.0,0.0,1000.0,308,1000.0,S1B-GER40Cash-20260804T112808-196b791da6|EVENT|000308,1784112300.0
1000.0,0.0,0.0,1000.0,309,1000.0,S1B-GER40Cash-20260804T112808-196b791da6|EVENT|000309,1784112360.0
1000.0,0.0,0.0,1000.0,310,1000.0,S1B-GER40Cash-20260804T112808-196b791da6|EVENT|000310,1784112420.0
1000.0,0.0,0.0,1000.0,311,1000.0,S1B-GER40Cash-20260804T112808-196b791da6|EVENT|000311,1784112480.0
1000.0,0.0,0.0,1000.0,312,1000.0,S1B-GER40Cash-20260804T112808-196b791da6|EVENT|000312,1784112540.0
1000.0,0.0,0.0,1000.0,313,1000.0,S1B-GER40Cash-20260804T112808-196b791da6|EVENT|000313,1784112600.0
1000.0,0.0,0.0,1000.0,314,1000.0,S1B-GER40Cash-20260804T112808-196b791da6|EVENT|000314,1784112660.0
1000.0,0.0,0.0,1000.0,315,1000.0,S1B-GER40Cash-20260804T112808-196b791da6|EVENT|000315,1784112720.0
1000.0,0.0,0.0,1000.0,316,1000.0,S1B-GER40Cash-20260804T112808-196b791da6|EVENT|000316,1784112780.0
1000.0,0.0,0.0,1000.0,317,1000.0,S1B-GER40Cash-20260804T112808-196b791da6|EVENT|000317,1784112840.0
1000.0,0.0,0.0,1000.0,318,1000.0,S1B-GER40Cash-20260804T112808-196b791da6|EVENT|000318,1784112900.0
1000.0,0.0,0.0,1000.0,319,1000.0,S1B-GER40Cash-20260804T112808-196b791da6|EVENT|000319,1784112960.0
1000.0,0.0,0.0,1000.0,320,1000.0,S1B-GER40Cash-20260804T112808-196b791da6|EVENT|000320,1784113020.0
1000.0,0.0,0.0,1000.0,321,1000.0,S1B-GER40Cash-20260804T112808-196b791da6|EVENT|000321,1784113080.0
1000.0,0.0,0.0,1000.0,322,1000.0,S1B-GER40Cash-20260804T112808-196b791da6|EVENT|000322,1784113140.0
1000.0,0.0,0.0,1000.0,323,1000.0,S1B-GER40Cash-20260804T112808-196b791da6|EVENT|000323,1784113200.0
1000.0,0.0,0.0,1000.0,324,1000.0,S1B-GER40Cash-20260804T112808-196b791da6|EVENT|000324,1784113260.0
1000.0,0.0,0.0,1000.0,325,1000.0,S1B-GER40Cash-20260804T112808-196b791da6|EVENT|000325,1784113320.0
1000.0,0.0,0.0,1000.0,326,1000.0,S1B-GER40Cash-20260804T112808-196b791da6|EVENT|000326,1784113380.0
1000.0,0.0,0.0,1000.0,327,1000.0,S1B-GER40Cash-20260804T112808-196b791da6|EVENT|000327,1784113440.0
1000.0,0.0,0.0,1000.0,328,1000.0,S1B-GER40Cash-20260804T112808-196b791da6|EVENT|000328,1784113500.0
1000.0,0.0,0.0,1000.0,329,1000.0,S1B-GER40Cash-20260804T112808-196b791da6|EVENT|000329,1784113560.0
1000.0,0.0,0.0,1000.0,330,1000.0,S1B-GER40Cash-20260804T112808-196b791da6|EVENT|000330,1784113620.0
1000.0,0.0,0.0,1000.0,331,1000.0,S1B-GER40Cash-20260804T112808-196b791da6|EVENT|000331,1784113680.0
1000.0,0.0,0.0,1000.0,332,1000.0,S1B-GER40Cash-20260804T112808-196b791da6|EVENT|000332,1784113740.0
1000.0,0.0,0.0,1000.0,333,1000.0,S1B-GER40Cash-20260804T112808-196b791da6|EVENT|000333,1784113800.0
1000.0,0.0,0.0,1000.0,334,1000.0,S1B-GER40Cash-20260804T112808-196b791da6|EVENT|000334,1784113860.0
1000.0,0.0,0.0,1000.0,335,1000.0,S1B-GER40Cash-20260804T112808-196b791da6|EVENT|000335,1784113920.0
1000.0,0.0,0.0,1000.0,336,1000.0,S1B-GER40Cash-20260804T112808-196b791da6|EVENT|000336,1784113980.0
1000.0,0.0,0.0,1000.0,337,1000.0,S1B-GER40Cash-20260804T112808-196b791da6|EVENT|000337,1784114040.0
1000.0,0.0,0.0,1000.0,338,1000.0,S1B-GER40Cash-20260804T112808-196b791da6|EVENT|000338,1784114100.0
1000.0,0.0,0.0,1000.0,339,1000.0,S1B-GER40Cash-20260804T112808-196b791da6|EVENT|000339,1784114160.0
1000.0,0.0,0.0,1000.0,340,1000.0,S1B-GER40Cash-20260804T112808-196b791da6|EVENT|000340,1784114220.0
1000.0,0.0,0.0,1000.0,341,1000.0,S1B-GER40Cash-20260804T112808-196b791da6|EVENT|000341,1784114280.0
1000.0,0.0,0.0,1000.0,342,1000.0,S1B-GER40Cash-20260804T112808-196b791da6|EVENT|000342,1784114340.0
1000.0,0.0,0.0,1000.0,343,1000.0,S1B-GER40Cash-20260804T112808-196b791da6|EVENT|000343,1784114400.0
1000.0,0.0,0.0,1000.0,344,1000.0,S1B-GER40Cash-20260804T112808-196b791da6|EVENT|000344,1784114460.0
1000.0,0.0,0.0,1000.0,345,1000.0,S1B-GER40Cash-20260804T112808-196b791da6|EVENT|000345,1784114520.0
1000.0,0.0,0.0,1000.0,346,1000.0,S1B-GER40Cash-20260804T112808-196b791da6|EVENT|000346,1784114580.0
1000.0,0.0,0.0,1000.0,347,1000.0,S1B-GER40Cash-20260804T112808-196b791da6|EVENT|000347,1784114640.0
1000.0,0.0,0.0,1000.0,348,1000.0,S1B-GER40Cash-20260804T112808-196b791da6|EVENT|000348,1784114700.0
1000.0,0.0,0.0,1000.0,349,1000.0,S1B-GER40Cash-20260804T112808-196b791da6|EVENT|000349,1784114760.0
1000.0,0.0,0.0,1000.0,350,1000.0,S1B-GER40Cash-20260804T112808-196b791da6|EVENT|000350,1784114820.0
1000.0,0.0,0.0,1000.0,351,1000.0,S1B-GER40Cash-20260804T112808-196b791da6|EVENT|000351,1784114880.0
1000.0,0.0,0.0,1000.0,352,1000.0,S1B-GER40Cash-20260804T112808-196b791da6|EVENT|000352,1784114940.0
1000.0,0.0,0.0,1000.0,353,1000.0,S1B-GER40Cash-20260804T112808-196b791da6|EVENT|000353,1784115000.0
1000.0,0.0,0.0,1000.0,354,1000.0,S1B-GER40Cash-20260804T112808-196b791da6|EVENT|000354,1784115060.0
1000.0,0.0,0.0,1000.0,355,1000.0,S1B-GER40Cash-20260804T112808-196b791da6|EVENT|000355,1784115120.0
1000.0,0.0,0.0,1000.0,356,1000.0,S1B-GER40Cash-20260804T112808-196b791da6|EVENT|000356,1784115180.0
1000.0,0.0,0.0,1000.0,357,1000.0,S1B-GER40Cash-20260804T112808-196b791da6|EVENT|000357,1784115240.0
1000.0,0.0,0.0,1000.0,358,1000.0,S1B-GER40Cash-20260804T112808-196b791da6|EVENT|000358,1784115300.0
1000.0,0.0,0.0,1000.0,359,1000.0,S1B-GER40Cash-20260804T112808-196b791da6|EVENT|000359,1784115360.0
1000.0,0.0,0.0,1000.0,360,1000.0,S1B-GER40Cash-20260804T112808-196b791da6|EVENT|000360,1784115420.0
1000.0,0.0,0.0,1000.0,361,1000.0,S1B-GER40Cash-20260804T112808-196b791da6|EVENT|000361,1784115480.0
1000.0,0.0,0.0,1000.0,362,1000.0,S1B-GER40Cash-20260804T112808-196b791da6|EVENT|000362,1784115540.0
1000.0,0.0,0.0,1000.0,363,1000.0,S1B-GER40Cash-20260804T112808-196b791da6|EVENT|000363,1784115600.0
1000.0,0.0,0.0,1000.0,364,1000.0,S1B-GER40Cash-20260804T112808-196b791da6|EVENT|000364,1784115660.0
1000.0,0.0,0.0,1000.0,365,1000.0,S1B-GER40Cash-20260804T112808-196b791da6|EVENT|000365,1784115720.0
1000.0,0.0,0.0,1000.0,366,1000.0,S1B-GER40Cash-20260804T112808-196b791da6|EVENT|000366,1784115780.0
1000.0,0.0,0.0,1000.0,367,1000.0,S1B-GER40Cash-20260804T112808-196b791da6|EVENT|000367,1784115840.0
1000.0,0.0,0.0,1000.0,368,1000.0,S1B-GER40Cash-20260804T112808-196b791da6|EVENT|000368,1784115900.0
1000.0,0.0,0.0,1000.0,369,1000.0,S1B-GER40Cash-20260804T112808-196b791da6|EVENT|000369,1784115960.0
1000.0,0.0,0.0,1000.0,370,1000.0,S1B-GER40Cash-20260804T112808-196b791da6|EVENT|000370,1784116020.0
1000.0,0.0,0.0,1000.0,371,1000.0,S1B-GER40Cash-20260804T112808-196b791da6|EVENT|000371,1784116080.0
1000.0,0.0,0.0,1000.0,372,1000.0,S1B-GER40Cash-20260804T112808-196b791da6|EVENT|000372,1784116140.0
1000.0,0.0,0.0,1000.0,373,1000.0,S1B-GER40Cash-20260804T112808-196b791da6|EVENT|000373,1784116200.0
1000.0,0.0,0.0,1000.0,374,1000.0,S1B-GER40Cash-20260804T112808-196b791da6|EVENT|000374,1784116260.0
1000.0,0.0,0.0,1000.0,375,1000.0,S1B-GER40Cash-20260804T112808-196b791da6|EVENT|000375,1784116320.0
1000.0,0.0,0.0,1000.0,376,1000.0,S1B-GER40Cash-20260804T112808-196b791da6|EVENT|000376,1784116380.0
1000.0,0.0,0.0,1000.0,377,1000.0,S1B-GER40Cash-20260804T112808-196b791da6|EVENT|000377,1784116440.0
1000.0,0.0,0.0,1000.0,378,1000.0,S1B-GER40Cash-20260804T112808-196b791da6|EVENT|000378,1784116500.0
1000.0,0.0,0.0,1000.0,379,1000.0,S1B-GER40Cash-20260804T112808-196b791da6|EVENT|000379,1784116560.0
1000.0,0.0,0.0,1000.0,380,1000.0,S1B-GER40Cash-20260804T112808-196b791da6|EVENT|000380,1784116620.0
1000.0,0.0,0.0,1000.0,381,1000.0,S1B-GER40Cash-20260804T112808-196b791da6|EVENT|000381,1784116680.0
1000.0,0.0,0.0,1000.0,382,1000.0,S1B-GER40Cash-20260804T112808-196b791da6|EVENT|000382,1784116740.0
1000.0,0.0,0.0,1000.0,383,1000.0,S1B-GER40Cash-20260804T112808-196b791da6|EVENT|000383,1784116800.0
1000.0,0.0,0.0,1000.0,384,1000.0,S1B-GER40Cash-20260804T112808-196b791da6|EVENT|000384,1784116860.0
1000.0,0.0,0.0,1000.0,385,1000.0,S1B-GER40Cash-20260804T112808-196b791da6|EVENT|000385,1784116920.0
1000.0,0.0,0.0,1000.0,386,1000.0,S1B-GER40Cash-20260804T112808-196b791da6|EVENT|000386,1784116980.0
1000.0,0.0,0.0,1000.0,387,1000.0,S1B-GER40Cash-20260804T112808-196b791da6|EVENT|000387,1784117040.0
1000.0,0.0,0.0,1000.0,388,1000.0,S1B-GER40Cash-20260804T112808-196b791da6|EVENT|000388,1784117100.0
1000.0,0.0,0.0,1000.0,389,1000.0,S1B-GER40Cash-20260804T112808-196b791da6|EVENT|000389,1784117160.0
1000.0,0.0,0.0,1000.0,390,1000.0,S1B-GER40Cash-20260804T112808-196b791da6|EVENT|000390,1784117220.0
1000.0,0.0,0.0,1000.0,391,1000.0,S1B-GER40Cash-20260804T112808-196b791da6|EVENT|000391,1784117280.0
1000.0,0.0,0.0,1000.0,392,1000.0,S1B-GER40Cash-20260804T112808-196b791da6|EVENT|000392,1784117340.0
1000.0,0.0,0.0,1000.0,393,1000.0,S1B-GER40Cash-20260804T112808-196b791da6|EVENT|000393,1784117400.0
1000.0,0.0,0.0,1000.0,394,1000.0,S1B-GER40Cash-20260804T112808-196b791da6|EVENT|000394,1784117460.0
1000.0,0.0,0.0,1000.0,395,1000.0,S1B-GER40Cash-20260804T112808-196b791da6|EVENT|000395,1784117520.0
1000.0,0.0,0.0,1000.0,396,1000.0,S1B-GER40Cash-20260804T112808-196b791da6|EVENT|000396,1784117580.0
1000.0,0.0,0.0,1000.0,397,1000.0,S1B-GER40Cash-20260804T112808-196b791da6|EVENT|000397,1784117640.0
1000.0,0.0,0.0,1000.0,398,1000.0,S1B-GER40Cash-20260804T112808-196b791da6|EVENT|000398,1784117700.0
1000.0,0.0,0.0,1000.0,399,1000.0,S1B-GER40Cash-20260804T112808-196b791da6|EVENT|000399,1784117760.0
1000.0,0.0,0.0,1000.0,400,1000.0,S1B-GER40Cash-20260804T112808-196b791da6|EVENT|000400,1784117820.0
1000.0,0.0,0.0,1000.0,401,1000.0,S1B-GER40Cash-20260804T112808-196b791da6|EVENT|000401,1784117880.0
1000.0,0.0,0.0,1000.0,402,1000.0,S1B-GER40Cash-20260804T112808-196b791da6|EVENT|000402,1784117940.0
1000.0,0.0,0.0,1000.0,403,1000.0,S1B-GER40Cash-20260804T112808-196b791da6|EVENT|000403,1784118000.0
1000.0,0.0,0.0,1000.0,404,1000.0,S1B-GER40Cash-20260804T112808-196b791da6|EVENT|000404,1784118060.0
1000.0,0.0,0.0,1000.0,405,1000.0,S1B-GER40Cash-20260804T112808-196b791da6|EVENT|000405,1784118120.0
1000.0,0.0,0.0,1000.0,406,1000.0,S1B-GER40Cash-20260804T112808-196b791da6|EVENT|000406,1784118180.0
1000.0,0.0,0.0,1000.0,407,1000.0,S1B-GER40Cash-20260804T112808-196b791da6|EVENT|000407,1784118240.0
1000.0,0.0,0.0,1000.0,408,1000.0,S1B-GER40Cash-20260804T112808-196b791da6|EVENT|000408,1784118300.0
1000.0,0.0,0.0,1000.0,409,1000.0,S1B-GER40Cash-20260804T112808-196b791da6|EVENT|000409,1784118360.0
1000.0,0.0,0.0,1000.0,410,1000.0,S1B-GER40Cash-20260804T112808-196b791da6|EVENT|000410,1784118420.0
1000.0,0.0,0.0,1000.0,411,1000.0,S1B-GER40Cash-20260804T112808-196b791da6|EVENT|000411,1784118480.0
1000.0,0.0,0.0,1000.0,412,1000.0,S1B-GER40Cash-20260804T112808-196b791da6|EVENT|000412,1784118540.0
1000.0,0.0,0.0,1000.0,413,1000.0,S1B-GER40Cash-20260804T112808-196b791da6|EVENT|000413,1784118600.0
1000.0,8.0111230374,0.8011123037,991.9888769626,414,1000.0,S1B-GER40Cash-20260804T112808-196b791da6|EVENT|000414,1784118660.0
1000.0,0.0,0.0,1009.5847769626,415,1009.5847769626,S1B-GER40Cash-20260804T112808-196b791da6|EVENT|000415,1784118720.0
1000.0,0.0,0.0,1023.0709769626,416,1023.0709769626,S1B-GER40Cash-20260804T112808-196b791da6|EVENT|000416,1784118780.0
1000.0,0.0,0.0,1030.8913769626,417,1030.8913769626,S1B-GER40Cash-20260804T112808-196b791da6|EVENT|000417,1784118840.0
1000.0,0.0,0.0,1048.9261769626,418,1048.9261769626,S1B-GER40Cash-20260804T112808-196b791da6|EVENT|000418,1784118900.0
1000.0,6.3042,0.6010146508,1042.6219769626,419,1048.9261769626,S1B-GER40Cash-20260804T112808-196b791da6|EVENT|000419,1784118960.0
1000.0,0.0,0.0,1077.2152769626,420,1077.2152769626,S1B-GER40Cash-20260804T112808-196b791da6|EVENT|000420,1784119020.0
1000.0,25.6956,2.3853727801,1051.5196769626,421,1077.2152769626,S1B-GER40Cash-20260804T112808-196b791da6|EVENT|000421,1784119080.0
1000.0,27.7704,2.5779805201,1049.4448769626,422,1077.2152769626,S1B-GER40Cash-20260804T112808-196b791da6|EVENT|000422,1784119140.0
1000.0,0.0,0.0,1118.5516769626,423,1118.5516769626,S1B-GER40Cash-20260804T112808-196b791da6|EVENT|000423,1784119200.0
1000.0,12.0099,1.0737009516,1106.5417769626,424,1118.5516769626,S1B-GER40Cash-20260804T112808-196b791da6|EVENT|000424,1784119260.0
1000.0,55.3014,4.9440183354,1063.2502769626,425,1118.5516769626,S1B-GER40Cash-20260804T112808-196b791da6|EVENT|000425,1784119320.0
1000.0,66.5133,5.9463770311,1052.0383769626,426,1118.5516769626,S1B-GER40Cash-20260804T112808-196b791da6|EVENT|000426,1784119380.0
1000.0,86.982,7.7763058955,1031.5696769626,427,1118.5516769626,S1B-GER40Cash-20260804T112808-196b791da6|EVENT|000427,1784119440.0
1000.0,77.1267,6.8952290349,1041.4249769626,428,1118.5516769626,S1B-GER40Cash-20260804T112808-196b791da6|EVENT|000428,1784119500.0
1000.0,43.6905,3.9059885117,1074.8611769626,429,1118.5516769626,S1B-GER40Cash-20260804T112808-196b791da6|EVENT|000429,1784119560.0
1000.0,0.0,0.0,1126.1725769626,430,1126.1725769626,S1B-GER40Cash-20260804T112808-196b791da6|EVENT|000430,1784119620.0
1000.0,10.5735,0.9388880724,1115.5990769626,431,1126.1725769626,S1B-GER40Cash-20260804T112808-196b791da6|EVENT|000431,1784119680.0
1000.0,0.0,0.0,1150.5115769626,432,1150.5115769626,S1B-GER40Cash-20260804T112808-196b791da6|EVENT|000432,1784119740.0
1000.0,0.0,0.0,1156.6162769626,433,1156.6162769626,S1B-GER40Cash-20260804T112808-196b791da6|EVENT|000433,1784119800.0
1000.0,22.9824,1.9870375731,1133.6338769626,434,1156.6162769626,S1B-GER40Cash-20260804T112808-196b791da6|EVENT|000434,1784119860.0
1000.0,0.0,0.0,1167.7084769626,435,1167.7084769626,S1B-GER40Cash-20260804T112808-196b791da6|EVENT|000435,1784119920.0
1000.0,0.0,0.0,1191.6484769626,436,1191.6484769626,S1B-GER40Cash-20260804T112808-196b791da6|EVENT|000436,1784119980.0
1000.0,0.0,0.0,1210.9999769626,437,1210.9999769626,S1B-GER40Cash-20260804T112808-196b791da6|EVENT|000437,1784120040.0
1000.0,1.8354,0.1515606965,1209.1645769626,438,1210.9999769626,S1B-GER40Cash-20260804T112808-196b791da6|EVENT|000438,1784120100.0
1000.0,5.7057,0.4711560783,1205.2942769626,439,1210.9999769626,S1B-GER40Cash-20260804T112808-196b791da6|EVENT|000439,1784120160.0
1000.0,0.0,0.0,1225.5235769626,440,1225.5235769626,S1B-GER40Cash-20260804T112808-196b791da6|EVENT|000440,1784120220.0
1000.0,0.0,0.0,1225.6432769626,441,1225.6432769626,S1B-GER40Cash-20260804T112808-196b791da6|EVENT|000441,1784120280.0
1000.0,13.8453,1.1296353727,1211.7979769626,442,1225.6432769626,S1B-GER40Cash-20260804T112808-196b791da6|EVENT|000442,1784120340.0
1000.0,5.6259,0.4590161025,1220.0173769626,443,1225.6432769626,S1B-GER40Cash-20260804T112808-196b791da6|EVENT|000443,1784120400.0
1000.0,30.8826,2.5197054135,1194.7606769626,444,1225.6432769626,S1B-GER40Cash-20260804T112808-196b791da6|EVENT|000444,1784120460.0
1000.0,84.5082,6.895007837,1141.1350769626,445,1225.6432769626,S1B-GER40Cash-20260804T112808-196b791da6|EVENT|000445,1784120520.0
1000.0,109.9245,8.9687188814,1115.7187769626,446,1225.6432769626,S1B-GER40Cash-20260804T112808-196b791da6|EVENT|000446,1784120580.0
1000.0,106.3734,8.6789853132,1119.2698769626,447,1225.6432769626,S1B-GER40Cash-20260804T112808-196b791da6|EVENT|000447,1784120640.0
1000.0,128.1189,10.4531964894,1097.5243769626,448,1225.6432769626,S1B-GER40Cash-20260804T112808-196b791da6|EVENT|000448,1784120700.0
1000.0,114.1938,9.31705025,1111.4494769626,449,1225.6432769626,S1B-GER40Cash-20260804T112808-196b791da6|EVENT|000449,1784120760.0
1000.0,92.568,7.5526053738,1133.0752769626,450,1225.6432769626,S1B-GER40Cash-20260804T112808-196b791da6|EVENT|000450,1784120820.0
1124.4602828665,101.1829940961,8.2555010906,1124.4602828665,451,1225.6432769626,S1B-GER40Cash-20260804T112808-196b791da6|EVENT|000451,1784120880.0
1124.4602828665,101.1829940961,8.2555010906,1124.4602828665,452,1225.6432769626,S1B-GER40Cash-20260804T112808-196b791da6|EVENT|000452,1784120940.0
1124.4602828665,101.1829940961,8.2555010906,1124.4602828665,453,1225.6432769626,S1B-GER40Cash-20260804T112808-196b791da6|EVENT|000453,1784121000.0
1124.4602828665,101.1829940961,8.2555010906,1124.4602828665,454,1225.6432769626,S1B-GER40Cash-20260804T112808-196b791da6|EVENT|000454,1784121060.0
1124.4602828665,101.1829940961,8.2555010906,1124.4602828665,455,1225.6432769626,S1B-GER40Cash-20260804T112808-196b791da6|EVENT|000455,1784121120.0
1124.4602828665,101.1829940961,8.2555010906,1124.4602828665,456,1225.6432769626,S1B-GER40Cash-20260804T112808-196b791da6|EVENT|000456,1784121180.0
1124.4602828665,101.1829940961,8.2555010906,1124.4602828665,457,1225.6432769626,S1B-GER40Cash-20260804T112808-196b791da6|EVENT|000457,1784121240.0
1124.4602828665,101.1829940961,8.2555010906,1124.4602828665,458,1225.6432769626,S1B-GER40Cash-20260804T112808-196b791da6|EVENT|000458,1784121300.0
1124.4602828665,101.1829940961,8.2555010906,1124.4602828665,459,1225.6432769626,S1B-GER40Cash-20260804T112808-196b791da6|EVENT|000459,1784121360.0
1124.4602828665,101.1829940961,8.2555010906,1124.4602828665,460,1225.6432769626,S1B-GER40Cash-20260804T112808-196b791da6|EVENT|000460,1784121420.0
1124.4602828665,101.1829940961,8.2555010906,1124.4602828665,461,1225.6432769626,S1B-GER40Cash-20260804T112808-196b791da6|EVENT|000461,1784121480.0
1124.4602828665,101.1829940961,8.2555010906,1124.4602828665,462,1225.6432769626,S1B-GER40Cash-20260804T112808-196b791da6|EVENT|000462,1784121540.0
1124.4602828665,101.1829940961,8.2555010906,1124.4602828665,463,1225.6432769626,S1B-GER40Cash-20260804T112808-196b791da6|EVENT|000463,1784121600.0
1124.4602828665,101.1829940961,8.2555010906,1124.4602828665,464,1225.6432769626,S1B-GER40Cash-20260804T112808-196b791da6|EVENT|000464,1784121660.0
1124.4602828665,101.1829940961,8.2555010906,1124.4602828665,465,1225.6432769626,S1B-GER40Cash-20260804T112808-196b791da6|EVENT|000465,1784121720.0
1124.4602828665,101.1829940961,8.2555010906,1124.4602828665,466,1225.6432769626,S1B-GER40Cash-20260804T112808-196b791da6|EVENT|000466,1784121780.0
1124.4602828665,110.1570797166,8.9876950159,1115.486197246,467,1225.6432769626,S1B-GER40Cash-20260804T112808-196b791da6|EVENT|000467,1784121840.0
1124.4602828665,86.1666797166,7.0303228791,1139.476597246,468,1225.6432769626,S1B-GER40Cash-20260804T112808-196b791da6|EVENT|000468,1784121900.0
1124.4602828665,60.0594797166,4.9002414361,1165.583797246,469,1225.6432769626,S1B-GER40Cash-20260804T112808-196b791da6|EVENT|000469,1784121960.0
1124.4602828665,85.7697797166,6.9979398842,1139.873497246,470,1225.6432769626,S1B-GER40Cash-20260804T112808-196b791da6|EVENT|000470,1784122020.0
1124.4602828665,41.6256797166,3.396231228,1184.017597246,471,1225.6432769626,S1B-GER40Cash-20260804T112808-196b791da6|EVENT|000471,1784122080.0
1124.4602828665,14.5482797166,1.186991353,1211.094997246,472,1225.6432769626,S1B-GER40Cash-20260804T112808-196b791da6|EVENT|000472,1784122140.0
1124.4602828665,27.4254797166,2.2376396324,1198.217797246,473,1225.6432769626,S1B-GER40Cash-20260804T112808-196b791da6|EVENT|000473,1784122200.0
1124.4602828665,44.8890797166,3.6624914084,1180.754197246,474,1225.6432769626,S1B-GER40Cash-20260804T112808-196b791da6|EVENT|000474,1784122260.0
1124.4602828665,46.4325797166,3.7884252775,1179.210697246,475,1225.6432769626,S1B-GER40Cash-20260804T112808-196b791da6|EVENT|000475,1784122320.0
1124.4602828665,31.5267797166,2.5722639131,1194.116497246,476,1225.6432769626,S1B-GER40Cash-20260804T112808-196b791da6|EVENT|000476,1784122380.0
1124.4602828665,28.1310797166,2.2952094011,1197.512197246,477,1225.6432769626,S1B-GER40Cash-20260804T112808-196b791da6|EVENT|000477,1784122440.0
1124.4602828665,23.8092797166,1.9425945676,1201.833997246,478,1225.6432769626,S1B-GER40Cash-20260804T112808-196b791da6|EVENT|000478,1784122500.0
1124.4602828665,43.4337797166,3.5437537604,1182.209497246,479,1225.6432769626,S1B-GER40Cash-20260804T112808-196b791da6|EVENT|000479,1784122560.0
1124.4602828665,54.1500797166,4.418094623,1171.493197246,480,1225.6432769626,S1B-GER40Cash-20260804T112808-196b791da6|EVENT|000480,1784122620.0
1124.4602828665,104.2476797166,8.5055482028,1121.395597246,481,1225.6432769626,S1B-GER40Cash-20260804T112808-196b791da6|EVENT|000481,1784122680.0
1124.4602828665,104.5122797166,8.5271368661,1121.130997246,482,1225.6432769626,S1B-GER40Cash-20260804T112808-196b791da6|EVENT|000482,1784122740.0
1124.4602828665,74.5242797166,6.0804216951,1151.118997246,483,1225.6432769626,S1B-GER40Cash-20260804T112808-196b791da6|EVENT|000483,1784122800.0
1124.4602828665,66.3216797166,5.4111731336,1159.321597246,484,1225.6432769626,S1B-GER40Cash-20260804T112808-196b791da6|EVENT|000484,1784122860.0
1124.4602828665,33.9522797166,2.7701599931,1191.690997246,485,1225.6432769626,S1B-GER40Cash-20260804T112808-196b791da6|EVENT|000485,1784122920.0
1124.4602828665,26.0142797166,2.1225000949,1199.628997246,486,1225.6432769626,S1B-GER40Cash-20260804T112808-196b791da6|EVENT|000486,1784122980.0
1124.4602828665,48.4170797166,3.9503402521,1177.226197246,487,1225.6432769626,S1B-GER40Cash-20260804T112808-196b791da6|EVENT|000487,1784123040.0
1124.4602828665,2.9058797166,0.237090169,1222.737397246,488,1225.6432769626,S1B-GER40Cash-20260804T112808-196b791da6|EVENT|000488,1784123100.0
1124.4602828665,16.3122797166,1.3309157749,1209.330997246,489,1225.6432769626,S1B-GER40Cash-20260804T112808-196b791da6|EVENT|000489,1784123160.0
1124.4602828665,0.0,0.0,1229.396497246,490,1229.396497246,S1B-GER40Cash-20260804T112808-196b791da6|EVENT|000490,1784123220.0
1124.4602828665,7.1883,0.5847015195,1222.208197246,491,1229.396497246,S1B-GER40Cash-20260804T112808-196b791da6|EVENT|000491,1784123280.0
1124.4602828665,0.0,0.0,1232.792197246,492,1232.792197246,S1B-GER40Cash-20260804T112808-196b791da6|EVENT|000492,1784123340.0
1124.4602828665,36.9117,2.9941542526,1195.880497246,493,1232.792197246,S1B-GER40Cash-20260804T112808-196b791da6|EVENT|000493,1784123400.0
1124.4602828665,24.1668,1.9603303828,1208.625397246,494,1232.792197246,S1B-GER40Cash-20260804T112808-196b791da6|EVENT|000494,1784123460.0
1124.4602828665,4.4541,0.3613017676,1228.338097246,495,1232.792197246,S1B-GER40Cash-20260804T112808-196b791da6|EVENT|000495,1784123520.0
1124.4602828665,37.3527,3.0299267049,1195.439497246,496,1232.792197246,S1B-GER40Cash-20260804T112808-196b791da6|EVENT|000496,1784123580.0
1124.4602828665,43.7031,3.5450500172,1189.089097246,497,1232.792197246,S1B-GER40Cash-20260804T112808-196b791da6|EVENT|000497,1784123640.0
1124.4602828665,44.1882,3.5843997146,1188.603997246,498,1232.792197246,S1B-GER40Cash-20260804T112808-196b791da6|EVENT|000498,1784123700.0
1124.4602828665,43.8354,3.5557817528,1188.956797246,499,1232.792197246,S1B-GER40Cash-20260804T112808-196b791da6|EVENT|000499,1784123760.0
1124.4602828665,38.8521,3.1515530425,1193.940097246,500,1232.792197246,S1B-GER40Cash-20260804T112808-196b791da6|EVENT|000500,1784123820.0
1124.4602828665,0.0,0.0,1237.599097246,501,1237.599097246,S1B-GER40Cash-20260804T112808-196b791da6|EVENT|000501,1784123880.0
1124.4602828665,17.9487,1.4502838633,1219.650397246,502,1237.599097246,S1B-GER40Cash-20260804T112808-196b791da6|EVENT|000502,1784123940.0
1124.4602828665,0.0,0.0,1261.501297246,503,1261.501297246,S1B-GER40Cash-20260804T112808-196b791da6|EVENT|000503,1784124000.0
1124.4602828665,0.0,0.0,1265.867197246,504,1265.867197246,S1B-GER40Cash-20260804T112808-196b791da6|EVENT|000504,1784124060.0
1124.4602828665,0.0,0.0,1273.055497246,505,1273.055497246,S1B-GER40Cash-20260804T112808-196b791da6|EVENT|000505,1784124120.0
1124.4602828665,0.0,0.0,1301.632297246,506,1301.632297246,S1B-GER40Cash-20260804T112808-196b791da6|EVENT|000506,1784124180.0
1124.4602828665,16.0083,1.2298634594,1285.623997246,507,1301.632297246,S1B-GER40Cash-20260804T112808-196b791da6|EVENT|000507,1784124240.0
1124.4602828665,20.4183,1.5686688202,1281.213997246,508,1301.632297246,S1B-GER40Cash-20260804T112808-196b791da6|EVENT|000508,1784124300.0
1124.4602828665,37.9701,2.9171141558,1263.662197246,509,1301.632297246,S1B-GER40Cash-20260804T112808-196b791da6|EVENT|000509,1784124360.0
1124.4602828665,0.0,0.0,1310.364097246,510,1310.364097246,S1B-GER40Cash-20260804T112808-196b791da6|EVENT|000510,1784124420.0
1124.4602828665,19.7568,1.5077336171,1290.607297246,511,1310.364097246,S1B-GER40Cash-20260804T112808-196b791da6|EVENT|000511,1784124480.0
1124.4602828665,48.9069,3.7323137976,1261.457197246,512,1310.364097246,S1B-GER40Cash-20260804T112808-196b791da6|EVENT|000512,1784124540.0
1124.4602828665,35.7651,2.7294017041,1274.598997246,513,1310.364097246,S1B-GER40Cash-20260804T112808-196b791da6|EVENT|000513,1784124600.0
1124.4602828665,0.0,0.0,1317.728797246,514,1317.728797246,S1B-GER40Cash-20260804T112808-196b791da6|EVENT|000514,1784124660.0
1124.4602828665,0.0,0.0,1324.255597246,515,1324.255597246,S1B-GER40Cash-20260804T112808-196b791da6|EVENT|000515,1784124720.0
1124.4602828665,0.0,0.0,1324.520197246,516,1324.520197246,S1B-GER40Cash-20260804T112808-196b791da6|EVENT|000516,1784124780.0
1124.4602828665,11.5983,0.8756604863,1312.921897246,517,1324.520197246,S1B-GER40Cash-20260804T112808-196b791da6|EVENT|000517,1784124840.0
1273.1922023509,51.3279948951,3.8752142098,1273.1922023509,518,1324.520197246,S1B-GER40Cash-20260804T112808-196b791da6|EVENT|000518,1784124900.0
1273.1922023509,51.3279948951,3.8752142098,1273.1922023509,519,1324.520197246,S1B-GER40Cash-20260804T112808-196b791da6|EVENT|000519,1784124960.0
1273.1922023509,51.3279948951,3.8752142098,1273.1922023509,520,1324.520197246,S1B-GER40Cash-20260804T112808-196b791da6|EVENT|000520,1784125020.0
1273.1922023509,51.3279948951,3.8752142098,1273.1922023509,521,1324.520197246,S1B-GER40Cash-20260804T112808-196b791da6|EVENT|000521,1784125080.0
1273.1922023509,51.3279948951,3.8752142098,1273.1922023509,522,1324.520197246,S1B-GER40Cash-20260804T112808-196b791da6|EVENT|000522,1784125140.0
1273.1922023509,51.3279948951,3.8752142098,1273.1922023509,523,1324.520197246,S1B-GER40Cash-20260804T112808-196b791da6|EVENT|000523,1784125200.0
1273.1922023509,51.3279948951,3.8752142098,1273.1922023509,524,1324.520197246,S1B-GER40Cash-20260804T112808-196b791da6|EVENT|000524,1784125260.0
1273.1922023509,51.3279948951,3.8752142098,1273.1922023509,525,1324.520197246,S1B-GER40Cash-20260804T112808-196b791da6|EVENT|000525,1784125320.0
1273.1922023509,51.3279948951,3.8752142098,1273.1922023509,526,1324.520197246,S1B-GER40Cash-20260804T112808-196b791da6|EVENT|000526,1784125380.0
1273.1922023509,51.3279948951,3.8752142098,1273.1922023509,527,1324.520197246,S1B-GER40Cash-20260804T112808-196b791da6|EVENT|000527,1784125440.0
1273.1922023509,51.3279948951,3.8752142098,1273.1922023509,528,1324.520197246,S1B-GER40Cash-20260804T112808-196b791da6|EVENT|000528,1784125500.0
1273.1922023509,51.3279948951,3.8752142098,1273.1922023509,529,1324.520197246,S1B-GER40Cash-20260804T112808-196b791da6|EVENT|000529,1784125560.0
1273.1922023509,51.3279948951,3.8752142098,1273.1922023509,530,1324.520197246,S1B-GER40Cash-20260804T112808-196b791da6|EVENT|000530,1784125620.0
1273.1922023509,51.3279948951,3.8752142098,1273.1922023509,531,1324.520197246,S1B-GER40Cash-20260804T112808-196b791da6|EVENT|000531,1784125680.0
1273.1922023509,51.3279948951,3.8752142098,1273.1922023509,532,1324.520197246,S1B-GER40Cash-20260804T112808-196b791da6|EVENT|000532,1784125740.0
1273.1922023509,51.3279948951,3.8752142098,1273.1922023509,533,1324.520197246,S1B-GER40Cash-20260804T112808-196b791da6|EVENT|000533,1784125800.0
1273.1922023509,51.3279948951,3.8752142098,1273.1922023509,534,1324.520197246,S1B-GER40Cash-20260804T112808-196b791da6|EVENT|000534,1784125860.0
1273.1922023509,51.3279948951,3.8752142098,1273.1922023509,535,1324.520197246,S1B-GER40Cash-20260804T112808-196b791da6|EVENT|000535,1784125920.0
1273.1922023509,51.3279948951,3.8752142098,1273.1922023509,536,1324.520197246,S1B-GER40Cash-20260804T112808-196b791da6|EVENT|000536,1784125980.0
1273.1922023509,51.3279948951,3.8752142098,1273.1922023509,537,1324.520197246,S1B-GER40Cash-20260804T112808-196b791da6|EVENT|000537,1784126040.0
1273.1922023509,51.3279948951,3.8752142098,1273.1922023509,538,1324.520197246,S1B-GER40Cash-20260804T112808-196b791da6|EVENT|000538,1784126100.0
1273.1922023509,51.3279948951,3.8752142098,1273.1922023509,539,1324.520197246,S1B-GER40Cash-20260804T112808-196b791da6|EVENT|000539,1784126160.0
1273.1922023509,51.3279948951,3.8752142098,1273.1922023509,540,1324.520197246,S1B-GER40Cash-20260804T112808-196b791da6|EVENT|000540,1784126220.0
1273.1922023509,51.3279948951,3.8752142098,1273.1922023509,541,1324.520197246,S1B-GER40Cash-20260804T112808-196b791da6|EVENT|000541,1784126280.0
1273.1922023509,51.3279948951,3.8752142098,1273.1922023509,542,1324.520197246,S1B-GER40Cash-20260804T112808-196b791da6|EVENT|000542,1784126340.0
1273.1922023509,51.3279948951,3.8752142098,1273.1922023509,543,1324.520197246,S1B-GER40Cash-20260804T112808-196b791da6|EVENT|000543,1784126400.0
1273.1922023509,51.3279948951,3.8752142098,1273.1922023509,544,1324.520197246,S1B-GER40Cash-20260804T112808-196b791da6|EVENT|000544,1784126460.0
1273.1922023509,51.3279948951,3.8752142098,1273.1922023509,545,1324.520197246,S1B-GER40Cash-20260804T112808-196b791da6|EVENT|000545,1784126520.0
1273.1922023509,51.3279948951,3.8752142098,1273.1922023509,546,1324.520197246,S1B-GER40Cash-20260804T112808-196b791da6|EVENT|000546,1784126580.0
1273.1922023509,51.3279948951,3.8752142098,1273.1922023509,547,1324.520197246,S1B-GER40Cash-20260804T112808-196b791da6|EVENT|000547,1784126640.0
1273.1922023509,51.3279948951,3.8752142098,1273.1922023509,548,1324.520197246,S1B-GER40Cash-20260804T112808-196b791da6|EVENT|000548,1784126700.0
1273.1922023509,51.3279948951,3.8752142098,1273.1922023509,549,1324.520197246,S1B-GER40Cash-20260804T112808-196b791da6|EVENT|000549,1784126760.0
1273.1922023509,51.3279948951,3.8752142098,1273.1922023509,550,1324.520197246,S1B-GER40Cash-20260804T112808-196b791da6|EVENT|000550,1784126820.0
1273.1922023509,51.3279948951,3.8752142098,1273.1922023509,551,1324.520197246,S1B-GER40Cash-20260804T112808-196b791da6|EVENT|000551,1784126880.0
1273.1922023509,51.3279948951,3.8752142098,1273.1922023509,552,1324.520197246,S1B-GER40Cash-20260804T112808-196b791da6|EVENT|000552,1784126940.0
1273.1922023509,51.3279948951,3.8752142098,1273.1922023509,553,1324.520197246,S1B-GER40Cash-20260804T112808-196b791da6|EVENT|000553,1784127000.0
1273.1922023509,51.3279948951,3.8752142098,1273.1922023509,554,1324.520197246,S1B-GER40Cash-20260804T112808-196b791da6|EVENT|000554,1784127060.0
1273.1922023509,51.3279948951,3.8752142098,1273.1922023509,555,1324.520197246,S1B-GER40Cash-20260804T112808-196b791da6|EVENT|000555,1784127120.0
1273.1922023509,51.3279948951,3.8752142098,1273.1922023509,556,1324.520197246,S1B-GER40Cash-20260804T112808-196b791da6|EVENT|000556,1784127180.0
1273.1922023509,51.3279948951,3.8752142098,1273.1922023509,557,1324.520197246,S1B-GER40Cash-20260804T112808-196b791da6|EVENT|000557,1784127240.0
1273.1922023509,51.3279948951,3.8752142098,1273.1922023509,558,1324.520197246,S1B-GER40Cash-20260804T112808-196b791da6|EVENT|000558,1784127300.0
1273.1922023509,51.3279948951,3.8752142098,1273.1922023509,559,1324.520197246,S1B-GER40Cash-20260804T112808-196b791da6|EVENT|000559,1784127360.0
1273.1922023509,51.3279948951,3.8752142098,1273.1922023509,560,1324.520197246,S1B-GER40Cash-20260804T112808-196b791da6|EVENT|000560,1784127420.0
1273.1922023509,51.3279948951,3.8752142098,1273.1922023509,561,1324.520197246,S1B-GER40Cash-20260804T112808-196b791da6|EVENT|000561,1784127480.0
1273.1922023509,51.3279948951,3.8752142098,1273.1922023509,562,1324.520197246,S1B-GER40Cash-20260804T112808-196b791da6|EVENT|000562,1784127540.0
1273.1922023509,51.3279948951,3.8752142098,1273.1922023509,563,1324.520197246,S1B-GER40Cash-20260804T112808-196b791da6|EVENT|000563,1784127600.0
1273.1922023509,51.3279948951,3.8752142098,1273.1922023509,564,1324.520197246,S1B-GER40Cash-20260804T112808-196b791da6|EVENT|000564,1784127660.0
1273.1922023509,51.3279948951,3.8752142098,1273.1922023509,565,1324.520197246,S1B-GER40Cash-20260804T112808-196b791da6|EVENT|000565,1784127720.0
1273.1922023509,51.3279948951,3.8752142098,1273.1922023509,566,1324.520197246,S1B-GER40Cash-20260804T112808-196b791da6|EVENT|000566,1784127780.0
1273.1922023509,51.3279948951,3.8752142098,1273.1922023509,567,1324.520197246,S1B-GER40Cash-20260804T112808-196b791da6|EVENT|000567,1784127840.0
1273.1922023509,51.3279948951,3.8752142098,1273.1922023509,568,1324.520197246,S1B-GER40Cash-20260804T112808-196b791da6|EVENT|000568,1784127900.0
1273.1922023509,51.3279948951,3.8752142098,1273.1922023509,569,1324.520197246,S1B-GER40Cash-20260804T112808-196b791da6|EVENT|000569,1784127960.0
1273.1922023509,51.3279948951,3.8752142098,1273.1922023509,570,1324.520197246,S1B-GER40Cash-20260804T112808-196b791da6|EVENT|000570,1784128020.0
1273.1922023509,51.3279948951,3.8752142098,1273.1922023509,571,1324.520197246,S1B-GER40Cash-20260804T112808-196b791da6|EVENT|000571,1784128080.0
1273.1922023509,51.3279948951,3.8752142098,1273.1922023509,572,1324.520197246,S1B-GER40Cash-20260804T112808-196b791da6|EVENT|000572,1784128140.0
1273.1922023509,51.3279948951,3.8752142098,1273.1922023509,573,1324.520197246,S1B-GER40Cash-20260804T112808-196b791da6|EVENT|000573,1784128200.0
1273.1922023509,51.3279948951,3.8752142098,1273.1922023509,574,1324.520197246,S1B-GER40Cash-20260804T112808-196b791da6|EVENT|000574,1784128260.0
1273.1922023509,51.3279948951,3.8752142098,1273.1922023509,575,1324.520197246,S1B-GER40Cash-20260804T112808-196b791da6|EVENT|000575,1784128320.0
1273.1922023509,51.3279948951,3.8752142098,1273.1922023509,576,1324.520197246,S1B-GER40Cash-20260804T112808-196b791da6|EVENT|000576,1784128380.0
1273.1922023509,51.3279948951,3.8752142098,1273.1922023509,577,1324.520197246,S1B-GER40Cash-20260804T112808-196b791da6|EVENT|000577,1784128440.0
1273.1922023509,51.3279948951,3.8752142098,1273.1922023509,578,1324.520197246,S1B-GER40Cash-20260804T112808-196b791da6|EVENT|000578,1784128500.0
1273.1922023509,51.3279948951,3.8752142098,1273.1922023509,579,1324.520197246,S1B-GER40Cash-20260804T112808-196b791da6|EVENT|000579,1784128560.0
1273.1922023509,51.3279948951,3.8752142098,1273.1922023509,580,1324.520197246,S1B-GER40Cash-20260804T112808-196b791da6|EVENT|000580,1784128620.0
1273.1922023509,51.3279948951,3.8752142098,1273.1922023509,581,1324.520197246,S1B-GER40Cash-20260804T112808-196b791da6|EVENT|000581,1784128680.0
1273.1922023509,51.3279948951,3.8752142098,1273.1922023509,582,1324.520197246,S1B-GER40Cash-20260804T112808-196b791da6|EVENT|000582,1784128740.0
1273.1922023509,51.3279948951,3.8752142098,1273.1922023509,583,1324.520197246,S1B-GER40Cash-20260804T112808-196b791da6|EVENT|000583,1784128800.0
1273.1922023509,51.3279948951,3.8752142098,1273.1922023509,584,1324.520197246,S1B-GER40Cash-20260804T112808-196b791da6|EVENT|000584,1784128860.0
1273.1922023509,51.3279948951,3.8752142098,1273.1922023509,585,1324.520197246,S1B-GER40Cash-20260804T112808-196b791da6|EVENT|000585,1784128920.0
1273.1922023509,51.3279948951,3.8752142098,1273.1922023509,586,1324.520197246,S1B-GER40Cash-20260804T112808-196b791da6|EVENT|000586,1784128980.0
1273.1922023509,51.3279948951,3.8752142098,1273.1922023509,587,1324.520197246,S1B-GER40Cash-20260804T112808-196b791da6|EVENT|000587,1784129040.0
1273.1922023509,51.3279948951,3.8752142098,1273.1922023509,588,1324.520197246,S1B-GER40Cash-20260804T112808-196b791da6|EVENT|000588,1784129100.0
1273.1922023509,51.3279948951,3.8752142098,1273.1922023509,589,1324.520197246,S1B-GER40Cash-20260804T112808-196b791da6|EVENT|000589,1784129160.0
1273.1922023509,51.3279948951,3.8752142098,1273.1922023509,590,1324.520197246,S1B-GER40Cash-20260804T112808-196b791da6|EVENT|000590,1784129220.0
1273.1922023509,51.3279948951,3.8752142098,1273.1922023509,591,1324.520197246,S1B-GER40Cash-20260804T112808-196b791da6|EVENT|000591,1784129280.0
1273.1922023509,51.3279948951,3.8752142098,1273.1922023509,592,1324.520197246,S1B-GER40Cash-20260804T112808-196b791da6|EVENT|000592,1784129340.0
1273.1922023509,51.3279948951,3.8752142098,1273.1922023509,593,1324.520197246,S1B-GER40Cash-20260804T112808-196b791da6|EVENT|000593,1784129400.0
1273.1922023509,51.3279948951,3.8752142098,1273.1922023509,594,1324.520197246,S1B-GER40Cash-20260804T112808-196b791da6|EVENT|000594,1784129460.0
1273.1922023509,51.3279948951,3.8752142098,1273.1922023509,595,1324.520197246,S1B-GER40Cash-20260804T112808-196b791da6|EVENT|000595,1784129520.0
1273.1922023509,51.3279948951,3.8752142098,1273.1922023509,596,1324.520197246,S1B-GER40Cash-20260804T112808-196b791da6|EVENT|000596,1784129580.0
1273.1922023509,51.3279948951,3.8752142098,1273.1922023509,597,1324.520197246,S1B-GER40Cash-20260804T112808-196b791da6|EVENT|000597,1784129640.0
1273.1922023509,51.3279948951,3.8752142098,1273.1922023509,598,1324.520197246,S1B-GER40Cash-20260804T112808-196b791da6|EVENT|000598,1784129700.0
1273.1922023509,51.3279948951,3.8752142098,1273.1922023509,599,1324.520197246,S1B-GER40Cash-20260804T112808-196b791da6|EVENT|000599,1784129760.0
1273.1922023509,51.3279948951,3.8752142098,1273.1922023509,600,1324.520197246,S1B-GER40Cash-20260804T112808-196b791da6|EVENT|000600,1784129820.0
1273.1922023509,51.3279948951,3.8752142098,1273.1922023509,601,1324.520197246,S1B-GER40Cash-20260804T112808-196b791da6|EVENT|000601,1784129880.0
1273.1922023509,51.3279948951,3.8752142098,1273.1922023509,602,1324.520197246,S1B-GER40Cash-20260804T112808-196b791da6|EVENT|000602,1784129940.0
1273.1922023509,51.3279948951,3.8752142098,1273.1922023509,603,1324.520197246,S1B-GER40Cash-20260804T112808-196b791da6|EVENT|000603,1784130000.0
1273.1922023509,51.3279948951,3.8752142098,1273.1922023509,604,1324.520197246,S1B-GER40Cash-20260804T112808-196b791da6|EVENT|000604,1784130060.0
1273.1922023509,51.3279948951,3.8752142098,1273.1922023509,605,1324.520197246,S1B-GER40Cash-20260804T112808-196b791da6|EVENT|000605,1784130120.0
1273.1922023509,51.3279948951,3.8752142098,1273.1922023509,606,1324.520197246,S1B-GER40Cash-20260804T112808-196b791da6|EVENT|000606,1784130180.0
1273.1922023509,51.3279948951,3.8752142098,1273.1922023509,607,1324.520197246,S1B-GER40Cash-20260804T112808-196b791da6|EVENT|000607,1784130240.0
1273.1922023509,51.3279948951,3.8752142098,1273.1922023509,608,1324.520197246,S1B-GER40Cash-20260804T112808-196b791da6|EVENT|000608,1784130300.0
1273.1922023509,51.3279948951,3.8752142098,1273.1922023509,609,1324.520197246,S1B-GER40Cash-20260804T112808-196b791da6|EVENT|000609,1784130360.0
1273.1922023509,51.3279948951,3.8752142098,1273.1922023509,610,1324.520197246,S1B-GER40Cash-20260804T112808-196b791da6|EVENT|000610,1784130420.0
1273.1922023509,51.3279948951,3.8752142098,1273.1922023509,611,1324.520197246,S1B-GER40Cash-20260804T112808-196b791da6|EVENT|000611,1784130480.0
1273.1922023509,51.3279948951,3.8752142098,1273.1922023509,612,1324.520197246,S1B-GER40Cash-20260804T112808-196b791da6|EVENT|000612,1784130540.0
1273.1922023509,51.3279948951,3.8752142098,1273.1922023509,613,1324.520197246,S1B-GER40Cash-20260804T112808-196b791da6|EVENT|000613,1784130600.0
1273.1922023509,51.3279948951,3.8752142098,1273.1922023509,614,1324.520197246,S1B-GER40Cash-20260804T112808-196b791da6|EVENT|000614,1784130660.0
1273.1922023509,51.3279948951,3.8752142098,1273.1922023509,615,1324.520197246,S1B-GER40Cash-20260804T112808-196b791da6|EVENT|000615,1784130720.0
1273.1922023509,51.3279948951,3.8752142098,1273.1922023509,616,1324.520197246,S1B-GER40Cash-20260804T112808-196b791da6|EVENT|000616,1784130780.0
1273.1922023509,51.3279948951,3.8752142098,1273.1922023509,617,1324.520197246,S1B-GER40Cash-20260804T112808-196b791da6|EVENT|000617,1784130840.0
1273.1922023509,51.3279948951,3.8752142098,1273.1922023509,618,1324.520197246,S1B-GER40Cash-20260804T112808-196b791da6|EVENT|000618,1784130900.0
1273.1922023509,51.3279948951,3.8752142098,1273.1922023509,619,1324.520197246,S1B-GER40Cash-20260804T112808-196b791da6|EVENT|000619,1784130960.0
1273.1922023509,51.3279948951,3.8752142098,1273.1922023509,620,1324.520197246,S1B-GER40Cash-20260804T112808-196b791da6|EVENT|000620,1784131020.0
1273.1922023509,51.3279948951,3.8752142098,1273.1922023509,621,1324.520197246,S1B-GER40Cash-20260804T112808-196b791da6|EVENT|000621,1784131080.0
1273.1922023509,51.3279948951,3.8752142098,1273.1922023509,622,1324.520197246,S1B-GER40Cash-20260804T112808-196b791da6|EVENT|000622,1784131140.0
1273.1922023509,51.3279948951,3.8752142098,1273.1922023509,623,1324.520197246,S1B-GER40Cash-20260804T112808-196b791da6|EVENT|000623,1784131200.0
1273.1922023509,51.3279948951,3.8752142098,1273.1922023509,624,1324.520197246,S1B-GER40Cash-20260804T112808-196b791da6|EVENT|000624,1784131260.0
1273.1922023509,51.3279948951,3.8752142098,1273.1922023509,625,1324.520197246,S1B-GER40Cash-20260804T112808-196b791da6|EVENT|000625,1784131320.0
1273.1922023509,51.3279948951,3.8752142098,1273.1922023509,626,1324.520197246,S1B-GER40Cash-20260804T112808-196b791da6|EVENT|000626,1784131380.0
1273.1922023509,51.3279948951,3.8752142098,1273.1922023509,627,1324.520197246,S1B-GER40Cash-20260804T112808-196b791da6|EVENT|000627,1784131440.0
1273.1922023509,51.3279948951,3.8752142098,1273.1922023509,628,1324.520197246,S1B-GER40Cash-20260804T112808-196b791da6|EVENT|000628,1784131500.0
1273.1922023509,51.3279948951,3.8752142098,1273.1922023509,629,1324.520197246,S1B-GER40Cash-20260804T112808-196b791da6|EVENT|000629,1784131560.0
1273.1922023509,51.3279948951,3.8752142098,1273.1922023509,630,1324.520197246,S1B-GER40Cash-20260804T112808-196b791da6|EVENT|000630,1784131620.0
1273.1922023509,51.3279948951,3.8752142098,1273.1922023509,631,1324.520197246,S1B-GER40Cash-20260804T112808-196b791da6|EVENT|000631,1784131680.0
1273.1922023509,51.3279948951,3.8752142098,1273.1922023509,632,1324.520197246,S1B-GER40Cash-20260804T112808-196b791da6|EVENT|000632,1784131740.0
1273.1922023509,51.3279948951,3.8752142098,1273.1922023509,633,1324.520197246,S1B-GER40Cash-20260804T112808-196b791da6|EVENT|000633,1784131800.0
1273.1922023509,51.3279948951,3.8752142098,1273.1922023509,634,1324.520197246,S1B-GER40Cash-20260804T112808-196b791da6|EVENT|000634,1784131860.0
1273.1922023509,51.3279948951,3.8752142098,1273.1922023509,635,1324.520197246,S1B-GER40Cash-20260804T112808-196b791da6|EVENT|000635,1784131920.0
1273.1922023509,51.3279948951,3.8752142098,1273.1922023509,636,1324.520197246,S1B-GER40Cash-20260804T112808-196b791da6|EVENT|000636,1784131980.0
1273.1922023509,51.3279948951,3.8752142098,1273.1922023509,637,1324.520197246,S1B-GER40Cash-20260804T112808-196b791da6|EVENT|000637,1784132040.0
1273.1922023509,51.3279948951,3.8752142098,1273.1922023509,638,1324.520197246,S1B-GER40Cash-20260804T112808-196b791da6|EVENT|000638,1784132100.0
1273.1922023509,51.3279948951,3.8752142098,1273.1922023509,639,1324.520197246,S1B-GER40Cash-20260804T112808-196b791da6|EVENT|000639,1784132160.0
1273.1922023509,51.3279948951,3.8752142098,1273.1922023509,640,1324.520197246,S1B-GER40Cash-20260804T112808-196b791da6|EVENT|000640,1784132220.0
1273.1922023509,51.3279948951,3.8752142098,1273.1922023509,641,1324.520197246,S1B-GER40Cash-20260804T112808-196b791da6|EVENT|000641,1784132280.0
1273.1922023509,51.3279948951,3.8752142098,1273.1922023509,642,1324.520197246,S1B-GER40Cash-20260804T112808-196b791da6|EVENT|000642,1784132340.0
1273.1922023509,51.3279948951,3.8752142098,1273.1922023509,643,1324.520197246,S1B-GER40Cash-20260804T112808-196b791da6|EVENT|000643,1784132400.0
1273.1922023509,51.3279948951,3.8752142098,1273.1922023509,644,1324.520197246,S1B-GER40Cash-20260804T112808-196b791da6|EVENT|000644,1784132460.0
1273.1922023509,51.3279948951,3.8752142098,1273.1922023509,645,1324.520197246,S1B-GER40Cash-20260804T112808-196b791da6|EVENT|000645,1784132520.0
1273.1922023509,51.3279948951,3.8752142098,1273.1922023509,646,1324.520197246,S1B-GER40Cash-20260804T112808-196b791da6|EVENT|000646,1784132580.0
1273.1922023509,51.3279948951,3.8752142098,1273.1922023509,647,1324.520197246,S1B-GER40Cash-20260804T112808-196b791da6|EVENT|000647,1784132640.0
1273.1922023509,51.3279948951,3.8752142098,1273.1922023509,648,1324.520197246,S1B-GER40Cash-20260804T112808-196b791da6|EVENT|000648,1784132700.0
1273.1922023509,51.3279948951,3.8752142098,1273.1922023509,649,1324.520197246,S1B-GER40Cash-20260804T112808-196b791da6|EVENT|000649,1784132760.0
1273.1922023509,51.3279948951,3.8752142098,1273.1922023509,650,1324.520197246,S1B-GER40Cash-20260804T112808-196b791da6|EVENT|000650,1784132820.0
1273.1922023509,51.3279948951,3.8752142098,1273.1922023509,651,1324.520197246,S1B-GER40Cash-20260804T112808-196b791da6|EVENT|000651,1784132880.0
1273.1922023509,51.3279948951,3.8752142098,1273.1922023509,652,1324.520197246,S1B-GER40Cash-20260804T112808-196b791da6|EVENT|000652,1784132940.0
1273.1922023509,51.3279948951,3.8752142098,1273.1922023509,653,1324.520197246,S1B-GER40Cash-20260804T112808-196b791da6|EVENT|000653,1784133000.0
1273.1922023509,51.3279948951,3.8752142098,1273.1922023509,654,1324.520197246,S1B-GER40Cash-20260804T112808-196b791da6|EVENT|000654,1784133060.0
1273.1922023509,51.3279948951,3.8752142098,1273.1922023509,655,1324.520197246,S1B-GER40Cash-20260804T112808-196b791da6|EVENT|000655,1784133120.0
1273.1922023509,51.3279948951,3.8752142098,1273.1922023509,656,1324.520197246,S1B-GER40Cash-20260804T112808-196b791da6|EVENT|000656,1784133180.0
1273.1922023509,51.3279948951,3.8752142098,1273.1922023509,657,1324.520197246,S1B-GER40Cash-20260804T112808-196b791da6|EVENT|000657,1784133240.0
1273.1922023509,51.3279948951,3.8752142098,1273.1922023509,658,1324.520197246,S1B-GER40Cash-20260804T112808-196b791da6|EVENT|000658,1784133300.0
1273.1922023509,51.3279948951,3.8752142098,1273.1922023509,659,1324.520197246,S1B-GER40Cash-20260804T112808-196b791da6|EVENT|000659,1784133360.0
1273.1922023509,51.3279948951,3.8752142098,1273.1922023509,660,1324.520197246,S1B-GER40Cash-20260804T112808-196b791da6|EVENT|000660,1784133420.0
1273.1922023509,51.3279948951,3.8752142098,1273.1922023509,661,1324.520197246,S1B-GER40Cash-20260804T112808-196b791da6|EVENT|000661,1784133480.0
1273.1922023509,51.3279948951,3.8752142098,1273.1922023509,662,1324.520197246,S1B-GER40Cash-20260804T112808-196b791da6|EVENT|000662,1784133540.0
1273.1922023509,51.3279948951,3.8752142098,1273.1922023509,663,1324.520197246,S1B-GER40Cash-20260804T112808-196b791da6|EVENT|000663,1784133600.0
1273.1922023509,51.3279948951,3.8752142098,1273.1922023509,664,1324.520197246,S1B-GER40Cash-20260804T112808-196b791da6|EVENT|000664,1784133660.0
1273.1922023509,51.3279948951,3.8752142098,1273.1922023509,665,1324.520197246,S1B-GER40Cash-20260804T112808-196b791da6|EVENT|000665,1784133720.0
1273.1922023509,51.3279948951,3.8752142098,1273.1922023509,666,1324.520197246,S1B-GER40Cash-20260804T112808-196b791da6|EVENT|000666,1784133780.0
1273.1922023509,51.3279948951,3.8752142098,1273.1922023509,667,1324.520197246,S1B-GER40Cash-20260804T112808-196b791da6|EVENT|000667,1784133840.0
1273.1922023509,51.3279948951,3.8752142098,1273.1922023509,668,1324.520197246,S1B-GER40Cash-20260804T112808-196b791da6|EVENT|000668,1784133900.0
1273.1922023509,51.3279948951,3.8752142098,1273.1922023509,669,1324.520197246,S1B-GER40Cash-20260804T112808-196b791da6|EVENT|000669,1784133960.0
1273.1922023509,51.3279948951,3.8752142098,1273.1922023509,670,1324.520197246,S1B-GER40Cash-20260804T112808-196b791da6|EVENT|000670,1784134020.0
1273.1922023509,51.3279948951,3.8752142098,1273.1922023509,671,1324.520197246,S1B-GER40Cash-20260804T112808-196b791da6|EVENT|000671,1784134080.0
1273.1922023509,51.3279948951,3.8752142098,1273.1922023509,672,1324.520197246,S1B-GER40Cash-20260804T112808-196b791da6|EVENT|000672,1784134140.0
1273.1922023509,51.3279948951,3.8752142098,1273.1922023509,673,1324.520197246,S1B-GER40Cash-20260804T112808-196b791da6|EVENT|000673,1784134200.0
1273.1922023509,51.3279948951,3.8752142098,1273.1922023509,674,1324.520197246,S1B-GER40Cash-20260804T112808-196b791da6|EVENT|000674,1784134260.0
1273.1922023509,51.3279948951,3.8752142098,1273.1922023509,675,1324.520197246,S1B-GER40Cash-20260804T112808-196b791da6|EVENT|000675,1784134320.0
1273.1922023509,51.3279948951,3.8752142098,1273.1922023509,676,1324.520197246,S1B-GER40Cash-20260804T112808-196b791da6|EVENT|000676,1784134380.0
1273.1922023509,51.3279948951,3.8752142098,1273.1922023509,677,1324.520197246,S1B-GER40Cash-20260804T112808-196b791da6|EVENT|000677,1784134440.0
1273.1922023509,51.3279948951,3.8752142098,1273.1922023509,678,1324.520197246,S1B-GER40Cash-20260804T112808-196b791da6|EVENT|000678,1784134500.0
1273.1922023509,51.3279948951,3.8752142098,1273.1922023509,679,1324.520197246,S1B-GER40Cash-20260804T112808-196b791da6|EVENT|000679,1784134560.0
1273.1922023509,51.3279948951,3.8752142098,1273.1922023509,680,1324.520197246,S1B-GER40Cash-20260804T112808-196b791da6|EVENT|000680,1784134620.0
1273.1922023509,51.3279948951,3.8752142098,1273.1922023509,681,1324.520197246,S1B-GER40Cash-20260804T112808-196b791da6|EVENT|000681,1784134680.0
1273.1922023509,51.3279948951,3.8752142098,1273.1922023509,682,1324.520197246,S1B-GER40Cash-20260804T112808-196b791da6|EVENT|000682,1784134740.0
1273.1922023509,51.3279948951,3.8752142098,1273.1922023509,683,1324.520197246,S1B-GER40Cash-20260804T112808-196b791da6|EVENT|000683,1784134800.0
1273.1922023509,51.3279948951,3.8752142098,1273.1922023509,684,1324.520197246,S1B-GER40Cash-20260804T112808-196b791da6|EVENT|000684,1784134860.0
1273.1922023509,51.3279948951,3.8752142098,1273.1922023509,685,1324.520197246,S1B-GER40Cash-20260804T112808-196b791da6|EVENT|000685,1784134920.0
1273.1922023509,51.3279948951,3.8752142098,1273.1922023509,686,1324.520197246,S1B-GER40Cash-20260804T112808-196b791da6|EVENT|000686,1784134980.0
1273.1922023509,51.3279948951,3.8752142098,1273.1922023509,687,1324.520197246,S1B-GER40Cash-20260804T112808-196b791da6|EVENT|000687,1784135040.0
1273.1922023509,51.3279948951,3.8752142098,1273.1922023509,688,1324.520197246,S1B-GER40Cash-20260804T112808-196b791da6|EVENT|000688,1784135100.0
1273.1922023509,51.3279948951,3.8752142098,1273.1922023509,689,1324.520197246,S1B-GER40Cash-20260804T112808-196b791da6|EVENT|000689,1784135160.0
1273.1922023509,51.3279948951,3.8752142098,1273.1922023509,690,1324.520197246,S1B-GER40Cash-20260804T112808-196b791da6|EVENT|000690,1784135220.0
1273.1922023509,51.3279948951,3.8752142098,1273.1922023509,691,1324.520197246,S1B-GER40Cash-20260804T112808-196b791da6|EVENT|000691,1784135280.0
1273.1922023509,51.3279948951,3.8752142098,1273.1922023509,692,1324.520197246,S1B-GER40Cash-20260804T112808-196b791da6|EVENT|000692,1784135340.0
1273.1922023509,51.3279948951,3.8752142098,1273.1922023509,693,1324.520197246,S1B-GER40Cash-20260804T112808-196b791da6|EVENT|000693,1784135400.0
1273.1922023509,51.3279948951,3.8752142098,1273.1922023509,694,1324.520197246,S1B-GER40Cash-20260804T112808-196b791da6|EVENT|000694,1784135460.0
1273.1922023509,51.3279948951,3.8752142098,1273.1922023509,695,1324.520197246,S1B-GER40Cash-20260804T112808-196b791da6|EVENT|000695,1784135520.0
1273.1922023509,51.3279948951,3.8752142098,1273.1922023509,696,1324.520197246,S1B-GER40Cash-20260804T112808-196b791da6|EVENT|000696,1784135580.0
1273.1922023509,51.3279948951,3.8752142098,1273.1922023509,697,1324.520197246,S1B-GER40Cash-20260804T112808-196b791da6|EVENT|000697,1784135640.0
1273.1922023509,51.3279948951,3.8752142098,1273.1922023509,698,1324.520197246,S1B-GER40Cash-20260804T112808-196b791da6|EVENT|000698,1784135700.0
1273.1922023509,51.3279948951,3.8752142098,1273.1922023509,699,1324.520197246,S1B-GER40Cash-20260804T112808-196b791da6|EVENT|000699,1784135760.0
1273.1922023509,51.3279948951,3.8752142098,1273.1922023509,700,1324.520197246,S1B-GER40Cash-20260804T112808-196b791da6|EVENT|000700,1784135820.0
1273.1922023509,51.3279948951,3.8752142098,1273.1922023509,701,1324.520197246,S1B-GER40Cash-20260804T112808-196b791da6|EVENT|000701,1784135880.0
1273.1922023509,51.3279948951,3.8752142098,1273.1922023509,702,1324.520197246,S1B-GER40Cash-20260804T112808-196b791da6|EVENT|000702,1784135940.0
1273.1922023509,51.3279948951,3.8752142098,1273.1922023509,703,1324.520197246,S1B-GER40Cash-20260804T112808-196b791da6|EVENT|000703,1784136000.0
1273.1922023509,51.3279948951,3.8752142098,1273.1922023509,704,1324.520197246,S1B-GER40Cash-20260804T112808-196b791da6|EVENT|000704,1784136060.0
1273.1922023509,51.3279948951,3.8752142098,1273.1922023509,705,1324.520197246,S1B-GER40Cash-20260804T112808-196b791da6|EVENT|000705,1784136120.0
1273.1922023509,51.3279948951,3.8752142098,1273.1922023509,706,1324.520197246,S1B-GER40Cash-20260804T112808-196b791da6|EVENT|000706,1784136180.0
1273.1922023509,51.3279948951,3.8752142098,1273.1922023509,707,1324.520197246,S1B-GER40Cash-20260804T112808-196b791da6|EVENT|000707,1784136240.0
1273.1922023509,51.3279948951,3.8752142098,1273.1922023509,708,1324.520197246,S1B-GER40Cash-20260804T112808-196b791da6|EVENT|000708,1784136300.0
1273.1922023509,51.3279948951,3.8752142098,1273.1922023509,709,1324.520197246,S1B-GER40Cash-20260804T112808-196b791da6|EVENT|000709,1784136360.0
1273.1922023509,51.3279948951,3.8752142098,1273.1922023509,710,1324.520197246,S1B-GER40Cash-20260804T112808-196b791da6|EVENT|000710,1784136420.0
1273.1922023509,51.3279948951,3.8752142098,1273.1922023509,711,1324.520197246,S1B-GER40Cash-20260804T112808-196b791da6|EVENT|000711,1784136480.0
1273.1922023509,51.3279948951,3.8752142098,1273.1922023509,712,1324.520197246,S1B-GER40Cash-20260804T112808-196b791da6|EVENT|000712,1784136540.0
1273.1922023509,51.3279948951,3.8752142098,1273.1922023509,713,1324.520197246,S1B-GER40Cash-20260804T112808-196b791da6|EVENT|000713,1784136600.0
1273.1922023509,51.3279948951,3.8752142098,1273.1922023509,714,1324.520197246,S1B-GER40Cash-20260804T112808-196b791da6|EVENT|000714,1784136660.0
1273.1922023509,51.3279948951,3.8752142098,1273.1922023509,715,1324.520197246,S1B-GER40Cash-20260804T112808-196b791da6|EVENT|000715,1784136720.0
1273.1922023509,51.3279948951,3.8752142098,1273.1922023509,716,1324.520197246,S1B-GER40Cash-20260804T112808-196b791da6|EVENT|000716,1784136780.0
1273.1922023509,51.3279948951,3.8752142098,1273.1922023509,717,1324.520197246,S1B-GER40Cash-20260804T112808-196b791da6|EVENT|000717,1784136840.0
1273.1922023509,51.3279948951,3.8752142098,1273.1922023509,718,1324.520197246,S1B-GER40Cash-20260804T112808-196b791da6|EVENT|000718,1784136900.0
1273.1922023509,51.3279948951,3.8752142098,1273.1922023509,719,1324.520197246,S1B-GER40Cash-20260804T112808-196b791da6|EVENT|000719,1784136960.0
1273.1922023509,51.3279948951,3.8752142098,1273.1922023509,720,1324.520197246,S1B-GER40Cash-20260804T112808-196b791da6|EVENT|000720,1784137020.0
1273.1922023509,51.3279948951,3.8752142098,1273.1922023509,721,1324.520197246,S1B-GER40Cash-20260804T112808-196b791da6|EVENT|000721,1784137080.0
1273.1922023509,51.3279948951,3.8752142098,1273.1922023509,722,1324.520197246,S1B-GER40Cash-20260804T112808-196b791da6|EVENT|000722,1784137140.0
1273.1922023509,51.3279948951,3.8752142098,1273.1922023509,723,1324.520197246,S1B-GER40Cash-20260804T112808-196b791da6|EVENT|000723,1784137200.0
1273.1922023509,51.3279948951,3.8752142098,1273.1922023509,724,1324.520197246,S1B-GER40Cash-20260804T112808-196b791da6|EVENT|000724,1784137260.0
1273.1922023509,51.3279948951,3.8752142098,1273.1922023509,725,1324.520197246,S1B-GER40Cash-20260804T112808-196b791da6|EVENT|000725,1784137320.0
1273.1922023509,51.3279948951,3.8752142098,1273.1922023509,726,1324.520197246,S1B-GER40Cash-20260804T112808-196b791da6|EVENT|000726,1784137380.0
1273.1922023509,51.3279948951,3.8752142098,1273.1922023509,727,1324.520197246,S1B-GER40Cash-20260804T112808-196b791da6|EVENT|000727,1784137440.0
1273.1922023509,51.3279948951,3.8752142098,1273.1922023509,728,1324.520197246,S1B-GER40Cash-20260804T112808-196b791da6|EVENT|000728,1784137500.0
1273.1922023509,51.3279948951,3.8752142098,1273.1922023509,729,1324.520197246,S1B-GER40Cash-20260804T112808-196b791da6|EVENT|000729,1784137560.0
1273.1922023509,51.3279948951,3.8752142098,1273.1922023509,730,1324.520197246,S1B-GER40Cash-20260804T112808-196b791da6|EVENT|000730,1784137620.0
1273.1922023509,51.3279948951,3.8752142098,1273.1922023509,731,1324.520197246,S1B-GER40Cash-20260804T112808-196b791da6|EVENT|000731,1784137680.0
1273.1922023509,51.3279948951,3.8752142098,1273.1922023509,732,1324.520197246,S1B-GER40Cash-20260804T112808-196b791da6|EVENT|000732,1784137740.0
1273.1922023509,51.3279948951,3.8752142098,1273.1922023509,733,1324.520197246,S1B-GER40Cash-20260804T112808-196b791da6|EVENT|000733,1784137800.0
1273.1922023509,51.3279948951,3.8752142098,1273.1922023509,734,1324.520197246,S1B-GER40Cash-20260804T112808-196b791da6|EVENT|000734,1784137860.0
1273.1922023509,51.3279948951,3.8752142098,1273.1922023509,735,1324.520197246,S1B-GER40Cash-20260804T112808-196b791da6|EVENT|000735,1784137920.0
1273.1922023509,51.3279948951,3.8752142098,1273.1922023509,736,1324.520197246,S1B-GER40Cash-20260804T112808-196b791da6|EVENT|000736,1784137980.0
1273.1922023509,51.3279948951,3.8752142098,1273.1922023509,737,1324.520197246,S1B-GER40Cash-20260804T112808-196b791da6|EVENT|000737,1784138040.0
1273.1922023509,51.3279948951,3.8752142098,1273.1922023509,738,1324.520197246,S1B-GER40Cash-20260804T112808-196b791da6|EVENT|000738,1784138100.0
1273.1922023509,51.3279948951,3.8752142098,1273.1922023509,739,1324.520197246,S1B-GER40Cash-20260804T112808-196b791da6|EVENT|000739,1784138160.0
1273.1922023509,51.3279948951,3.8752142098,1273.1922023509,740,1324.520197246,S1B-GER40Cash-20260804T112808-196b791da6|EVENT|000740,1784138220.0
1273.1922023509,51.3279948951,3.8752142098,1273.1922023509,741,1324.520197246,S1B-GER40Cash-20260804T112808-196b791da6|EVENT|000741,1784138280.0
1273.1922023509,51.3279948951,3.8752142098,1273.1922023509,742,1324.520197246,S1B-GER40Cash-20260804T112808-196b791da6|EVENT|000742,1784138340.0
1273.1922023509,51.3279948951,3.8752142098,1273.1922023509,743,1324.520197246,S1B-GER40Cash-20260804T112808-196b791da6|EVENT|000743,1784138400.0
1273.1922023509,51.3279948951,3.8752142098,1273.1922023509,744,1324.520197246,S1B-GER40Cash-20260804T112808-196b791da6|EVENT|000744,1784138460.0
1273.1922023509,51.3279948951,3.8752142098,1273.1922023509,745,1324.520197246,S1B-GER40Cash-20260804T112808-196b791da6|EVENT|000745,1784138520.0
1273.1922023509,51.3279948951,3.8752142098,1273.1922023509,746,1324.520197246,S1B-GER40Cash-20260804T112808-196b791da6|EVENT|000746,1784138580.0
1273.1922023509,51.3279948951,3.8752142098,1273.1922023509,747,1324.520197246,S1B-GER40Cash-20260804T112808-196b791da6|EVENT|000747,1784138640.0
1273.1922023509,51.3279948951,3.8752142098,1273.1922023509,748,1324.520197246,S1B-GER40Cash-20260804T112808-196b791da6|EVENT|000748,1784138700.0
1273.1922023509,51.3279948951,3.8752142098,1273.1922023509,749,1324.520197246,S1B-GER40Cash-20260804T112808-196b791da6|EVENT|000749,1784138760.0
1273.1922023509,51.3279948951,3.8752142098,1273.1922023509,750,1324.520197246,S1B-GER40Cash-20260804T112808-196b791da6|EVENT|000750,1784138820.0
1273.1922023509,51.3279948951,3.8752142098,1273.1922023509,751,1324.520197246,S1B-GER40Cash-20260804T112808-196b791da6|EVENT|000751,1784138880.0
1273.1922023509,51.3279948951,3.8752142098,1273.1922023509,752,1324.520197246,S1B-GER40Cash-20260804T112808-196b791da6|EVENT|000752,1784138940.0
1273.1922023509,51.3279948951,3.8752142098,1273.1922023509,753,1324.520197246,S1B-GER40Cash-20260804T112808-196b791da6|EVENT|000753,1784139000.0
1273.1922023509,51.3279948951,3.8752142098,1273.1922023509,754,1324.520197246,S1B-GER40Cash-20260804T112808-196b791da6|EVENT|000754,1784139060.0
1273.1922023509,51.3279948951,3.8752142098,1273.1922023509,755,1324.520197246,S1B-GER40Cash-20260804T112808-196b791da6|EVENT|000755,1784139120.0
1273.1922023509,51.3279948951,3.8752142098,1273.1922023509,756,1324.520197246,S1B-GER40Cash-20260804T112808-196b791da6|EVENT|000756,1784139180.0
1273.1922023509,51.3279948951,3.8752142098,1273.1922023509,757,1324.520197246,S1B-GER40Cash-20260804T112808-196b791da6|EVENT|000757,1784139240.0
1273.1922023509,51.3279948951,3.8752142098,1273.1922023509,758,1324.520197246,S1B-GER40Cash-20260804T112808-196b791da6|EVENT|000758,1784139300.0
1273.1922023509,51.3279948951,3.8752142098,1273.1922023509,759,1324.520197246,S1B-GER40Cash-20260804T112808-196b791da6|EVENT|000759,1784139360.0
1273.1922023509,51.3279948951,3.8752142098,1273.1922023509,760,1324.520197246,S1B-GER40Cash-20260804T112808-196b791da6|EVENT|000760,1784139420.0
1273.1922023509,51.3279948951,3.8752142098,1273.1922023509,761,1324.520197246,S1B-GER40Cash-20260804T112808-196b791da6|EVENT|000761,1784139480.0
1273.1922023509,51.3279948951,3.8752142098,1273.1922023509,762,1324.520197246,S1B-GER40Cash-20260804T112808-196b791da6|EVENT|000762,1784139540.0
1273.1922023509,51.3279948951,3.8752142098,1273.1922023509,763,1324.520197246,S1B-GER40Cash-20260804T112808-196b791da6|EVENT|000763,1784139600.0
1273.1922023509,51.3279948951,3.8752142098,1273.1922023509,764,1324.520197246,S1B-GER40Cash-20260804T112808-196b791da6|EVENT|000764,1784139660.0
1273.1922023509,51.3279948951,3.8752142098,1273.1922023509,765,1324.520197246,S1B-GER40Cash-20260804T112808-196b791da6|EVENT|000765,1784139720.0
1273.1922023509,51.3279948951,3.8752142098,1273.1922023509,766,1324.520197246,S1B-GER40Cash-20260804T112808-196b791da6|EVENT|000766,1784139780.0
1273.1922023509,51.3279948951,3.8752142098,1273.1922023509,767,1324.520197246,S1B-GER40Cash-20260804T112808-196b791da6|EVENT|000767,1784139840.0
1273.1922023509,51.3279948951,3.8752142098,1273.1922023509,768,1324.520197246,S1B-GER40Cash-20260804T112808-196b791da6|EVENT|000768,1784139900.0
1273.1922023509,51.3279948951,3.8752142098,1273.1922023509,769,1324.520197246,S1B-GER40Cash-20260804T112808-196b791da6|EVENT|000769,1784139960.0
1273.1922023509,51.3279948951,3.8752142098,1273.1922023509,770,1324.520197246,S1B-GER40Cash-20260804T112808-196b791da6|EVENT|000770,1784140020.0
1273.1922023509,51.3279948951,3.8752142098,1273.1922023509,771,1324.520197246,S1B-GER40Cash-20260804T112808-196b791da6|EVENT|000771,1784140080.0
1273.1922023509,51.3279948951,3.8752142098,1273.1922023509,772,1324.520197246,S1B-GER40Cash-20260804T112808-196b791da6|EVENT|000772,1784140140.0
1273.1922023509,51.3279948951,3.8752142098,1273.1922023509,773,1324.520197246,S1B-GER40Cash-20260804T112808-196b791da6|EVENT|000773,1784140200.0
1273.1922023509,51.3279948951,3.8752142098,1273.1922023509,774,1324.520197246,S1B-GER40Cash-20260804T112808-196b791da6|EVENT|000774,1784140260.0
1273.1922023509,51.3279948951,3.8752142098,1273.1922023509,775,1324.520197246,S1B-GER40Cash-20260804T112808-196b791da6|EVENT|000775,1784140320.0
1273.1922023509,51.3279948951,3.8752142098,1273.1922023509,776,1324.520197246,S1B-GER40Cash-20260804T112808-196b791da6|EVENT|000776,1784140380.0
1273.1922023509,51.3279948951,3.8752142098,1273.1922023509,777,1324.520197246,S1B-GER40Cash-20260804T112808-196b791da6|EVENT|000777,1784140440.0
1273.1922023509,51.3279948951,3.8752142098,1273.1922023509,778,1324.520197246,S1B-GER40Cash-20260804T112808-196b791da6|EVENT|000778,1784140500.0
1273.1922023509,51.3279948951,3.8752142098,1273.1922023509,779,1324.520197246,S1B-GER40Cash-20260804T112808-196b791da6|EVENT|000779,1784140560.0
1273.1922023509,51.3279948951,3.8752142098,1273.1922023509,780,1324.520197246,S1B-GER40Cash-20260804T112808-196b791da6|EVENT|000780,1784140620.0
1273.1922023509,51.3279948951,3.8752142098,1273.1922023509,781,1324.520197246,S1B-GER40Cash-20260804T112808-196b791da6|EVENT|000781,1784140680.0
1273.1922023509,51.3279948951,3.8752142098,1273.1922023509,782,1324.520197246,S1B-GER40Cash-20260804T112808-196b791da6|EVENT|000782,1784140740.0
1273.1922023509,51.3279948951,3.8752142098,1273.1922023509,783,1324.520197246,S1B-GER40Cash-20260804T112808-196b791da6|EVENT|000783,1784140800.0
1273.1922023509,51.3279948951,3.8752142098,1273.1922023509,784,1324.520197246,S1B-GER40Cash-20260804T112808-196b791da6|EVENT|000784,1784140860.0
1273.1922023509,51.3279948951,3.8752142098,1273.1922023509,785,1324.520197246,S1B-GER40Cash-20260804T112808-196b791da6|EVENT|000785,1784140920.0
1273.1922023509,51.3279948951,3.8752142098,1273.1922023509,786,1324.520197246,S1B-GER40Cash-20260804T112808-196b791da6|EVENT|000786,1784140980.0
1273.1922023509,51.3279948951,3.8752142098,1273.1922023509,787,1324.520197246,S1B-GER40Cash-20260804T112808-196b791da6|EVENT|000787,1784141040.0
1273.1922023509,51.3279948951,3.8752142098,1273.1922023509,788,1324.520197246,S1B-GER40Cash-20260804T112808-196b791da6|EVENT|000788,1784141100.0
1273.1922023509,51.3279948951,3.8752142098,1273.1922023509,789,1324.520197246,S1B-GER40Cash-20260804T112808-196b791da6|EVENT|000789,1784141160.0
1273.1922023509,51.3279948951,3.8752142098,1273.1922023509,790,1324.520197246,S1B-GER40Cash-20260804T112808-196b791da6|EVENT|000790,1784141220.0
1273.1922023509,51.3279948951,3.8752142098,1273.1922023509,791,1324.520197246,S1B-GER40Cash-20260804T112808-196b791da6|EVENT|000791,1784141280.0
1273.1922023509,51.3279948951,3.8752142098,1273.1922023509,792,1324.520197246,S1B-GER40Cash-20260804T112808-196b791da6|EVENT|000792,1784141340.0
1273.1922023509,51.3279948951,3.8752142098,1273.1922023509,793,1324.520197246,S1B-GER40Cash-20260804T112808-196b791da6|EVENT|000793,1784141400.0
1273.1922023509,51.3279948951,3.8752142098,1273.1922023509,794,1324.520197246,S1B-GER40Cash-20260804T112808-196b791da6|EVENT|000794,1784141460.0
1273.1922023509,51.3279948951,3.8752142098,1273.1922023509,795,1324.520197246,S1B-GER40Cash-20260804T112808-196b791da6|EVENT|000795,1784141520.0
1273.1922023509,51.3279948951,3.8752142098,1273.1922023509,796,1324.520197246,S1B-GER40Cash-20260804T112808-196b791da6|EVENT|000796,1784141580.0
1273.1922023509,51.3279948951,3.8752142098,1273.1922023509,797,1324.520197246,S1B-GER40Cash-20260804T112808-196b791da6|EVENT|000797,1784141640.0
1273.1922023509,51.3279948951,3.8752142098,1273.1922023509,798,1324.520197246,S1B-GER40Cash-20260804T112808-196b791da6|EVENT|000798,1784141700.0
1273.1922023509,51.3279948951,3.8752142098,1273.1922023509,799,1324.520197246,S1B-GER40Cash-20260804T112808-196b791da6|EVENT|000799,1784141760.0
1273.1922023509,51.3279948951,3.8752142098,1273.1922023509,800,1324.520197246,S1B-GER40Cash-20260804T112808-196b791da6|EVENT|000800,1784141820.0
1273.1922023509,51.3279948951,3.8752142098,1273.1922023509,801,1324.520197246,S1B-GER40Cash-20260804T112808-196b791da6|EVENT|000801,1784141880.0
1273.1922023509,51.3279948951,3.8752142098,1273.1922023509,802,1324.520197246,S1B-GER40Cash-20260804T112808-196b791da6|EVENT|000802,1784141940.0
1273.1922023509,51.3279948951,3.8752142098,1273.1922023509,803,1324.520197246,S1B-GER40Cash-20260804T112808-196b791da6|EVENT|000803,1784142000.0
1273.1922023509,51.3279948951,3.8752142098,1273.1922023509,804,1324.520197246,S1B-GER40Cash-20260804T112808-196b791da6|EVENT|000804,1784142060.0
1273.1922023509,51.3279948951,3.8752142098,1273.1922023509,805,1324.520197246,S1B-GER40Cash-20260804T112808-196b791da6|EVENT|000805,1784142120.0
1273.1922023509,51.3279948951,3.8752142098,1273.1922023509,806,1324.520197246,S1B-GER40Cash-20260804T112808-196b791da6|EVENT|000806,1784142180.0
1273.1922023509,51.3279948951,3.8752142098,1273.1922023509,807,1324.520197246,S1B-GER40Cash-20260804T112808-196b791da6|EVENT|000807,1784142240.0
1273.1922023509,51.3279948951,3.8752142098,1273.1922023509,808,1324.520197246,S1B-GER40Cash-20260804T112808-196b791da6|EVENT|000808,1784142300.0
1273.1922023509,51.3279948951,3.8752142098,1273.1922023509,809,1324.520197246,S1B-GER40Cash-20260804T112808-196b791da6|EVENT|000809,1784142360.0
1273.1922023509,51.3279948951,3.8752142098,1273.1922023509,810,1324.520197246,S1B-GER40Cash-20260804T112808-196b791da6|EVENT|000810,1784142420.0
1273.1922023509,51.3279948951,3.8752142098,1273.1922023509,811,1324.520197246,S1B-GER40Cash-20260804T112808-196b791da6|EVENT|000811,1784142480.0
1273.1922023509,51.3279948951,3.8752142098,1273.1922023509,812,1324.520197246,S1B-GER40Cash-20260804T112808-196b791da6|EVENT|000812,1784142540.0
1273.1922023509,51.3279948951,3.8752142098,1273.1922023509,813,1324.520197246,S1B-GER40Cash-20260804T112808-196b791da6|EVENT|000813,1784142600.0
1273.1922023509,51.3279948951,3.8752142098,1273.1922023509,814,1324.520197246,S1B-GER40Cash-20260804T112808-196b791da6|EVENT|000814,1784142660.0
1273.1922023509,51.3279948951,3.8752142098,1273.1922023509,815,1324.520197246,S1B-GER40Cash-20260804T112808-196b791da6|EVENT|000815,1784142720.0
1273.1922023509,51.3279948951,3.8752142098,1273.1922023509,816,1324.520197246,S1B-GER40Cash-20260804T112808-196b791da6|EVENT|000816,1784142780.0
1273.1922023509,51.3279948951,3.8752142098,1273.1922023509,817,1324.520197246,S1B-GER40Cash-20260804T112808-196b791da6|EVENT|000817,1784142840.0
1273.1922023509,51.3279948951,3.8752142098,1273.1922023509,818,1324.520197246,S1B-GER40Cash-20260804T112808-196b791da6|EVENT|000818,1784142900.0
1273.1922023509,51.3279948951,3.8752142098,1273.1922023509,819,1324.520197246,S1B-GER40Cash-20260804T112808-196b791da6|EVENT|000819,1784142960.0
1273.1922023509,51.3279948951,3.8752142098,1273.1922023509,820,1324.520197246,S1B-GER40Cash-20260804T112808-196b791da6|EVENT|000820,1784143020.0
1273.1922023509,51.3279948951,3.8752142098,1273.1922023509,821,1324.520197246,S1B-GER40Cash-20260804T112808-196b791da6|EVENT|000821,1784143080.0
1273.1922023509,51.3279948951,3.8752142098,1273.1922023509,822,1324.520197246,S1B-GER40Cash-20260804T112808-196b791da6|EVENT|000822,1784143140.0
1273.1922023509,51.3279948951,3.8752142098,1273.1922023509,823,1324.520197246,S1B-GER40Cash-20260804T112808-196b791da6|EVENT|000823,1784143200.0
1273.1922023509,51.3279948951,3.8752142098,1273.1922023509,824,1324.520197246,S1B-GER40Cash-20260804T112808-196b791da6|EVENT|000824,1784143260.0
1273.1922023509,51.3279948951,3.8752142098,1273.1922023509,825,1324.520197246,S1B-GER40Cash-20260804T112808-196b791da6|EVENT|000825,1784143320.0
1273.1922023509,51.3279948951,3.8752142098,1273.1922023509,826,1324.520197246,S1B-GER40Cash-20260804T112808-196b791da6|EVENT|000826,1784143380.0
1273.1922023509,51.3279948951,3.8752142098,1273.1922023509,827,1324.520197246,S1B-GER40Cash-20260804T112808-196b791da6|EVENT|000827,1784143440.0
1273.1922023509,51.3279948951,3.8752142098,1273.1922023509,828,1324.520197246,S1B-GER40Cash-20260804T112808-196b791da6|EVENT|000828,1784143500.0
1273.1922023509,51.3279948951,3.8752142098,1273.1922023509,829,1324.520197246,S1B-GER40Cash-20260804T112808-196b791da6|EVENT|000829,1784143560.0
1273.1922023509,51.3279948951,3.8752142098,1273.1922023509,830,1324.520197246,S1B-GER40Cash-20260804T112808-196b791da6|EVENT|000830,1784143620.0
1273.1922023509,51.3279948951,3.8752142098,1273.1922023509,831,1324.520197246,S1B-GER40Cash-20260804T112808-196b791da6|EVENT|000831,1784143680.0
1273.1922023509,51.3279948951,3.8752142098,1273.1922023509,832,1324.520197246,S1B-GER40Cash-20260804T112808-196b791da6|EVENT|000832,1784143740.0
1273.1922023509,51.3279948951,3.8752142098,1273.1922023509,833,1324.520197246,S1B-GER40Cash-20260804T112808-196b791da6|EVENT|000833,1784143800.0
1273.1922023509,51.3279948951,3.8752142098,1273.1922023509,834,1324.520197246,S1B-GER40Cash-20260804T112808-196b791da6|EVENT|000834,1784143860.0
1273.1922023509,51.3279948951,3.8752142098,1273.1922023509,835,1324.520197246,S1B-GER40Cash-20260804T112808-196b791da6|EVENT|000835,1784143920.0
1273.1922023509,51.3279948951,3.8752142098,1273.1922023509,836,1324.520197246,S1B-GER40Cash-20260804T112808-196b791da6|EVENT|000836,1784143980.0
1273.1922023509,51.3279948951,3.8752142098,1273.1922023509,837,1324.520197246,S1B-GER40Cash-20260804T112808-196b791da6|EVENT|000837,1784144040.0
1273.1922023509,51.3279948951,3.8752142098,1273.1922023509,838,1324.520197246,S1B-GER40Cash-20260804T112808-196b791da6|EVENT|000838,1784144100.0
1273.1922023509,51.3279948951,3.8752142098,1273.1922023509,839,1324.520197246,S1B-GER40Cash-20260804T112808-196b791da6|EVENT|000839,1784144160.0
1273.1922023509,51.3279948951,3.8752142098,1273.1922023509,840,1324.520197246,S1B-GER40Cash-20260804T112808-196b791da6|EVENT|000840,1784144220.0
1273.1922023509,51.3279948951,3.8752142098,1273.1922023509,841,1324.520197246,S1B-GER40Cash-20260804T112808-196b791da6|EVENT|000841,1784144280.0
1273.1922023509,51.3279948951,3.8752142098,1273.1922023509,842,1324.520197246,S1B-GER40Cash-20260804T112808-196b791da6|EVENT|000842,1784144340.0
1273.1922023509,51.3279948951,3.8752142098,1273.1922023509,843,1324.520197246,S1B-GER40Cash-20260804T112808-196b791da6|EVENT|000843,1784144400.0
1273.1922023509,51.3279948951,3.8752142098,1273.1922023509,844,1324.520197246,S1B-GER40Cash-20260804T112808-196b791da6|EVENT|000844,1784144460.0
1273.1922023509,51.3279948951,3.8752142098,1273.1922023509,845,1324.520197246,S1B-GER40Cash-20260804T112808-196b791da6|EVENT|000845,1784144520.0
1273.1922023509,51.3279948951,3.8752142098,1273.1922023509,846,1324.520197246,S1B-GER40Cash-20260804T112808-196b791da6|EVENT|000846,1784144580.0
1273.1922023509,51.3279948951,3.8752142098,1273.1922023509,847,1324.520197246,S1B-GER40Cash-20260804T112808-196b791da6|EVENT|000847,1784144640.0
1273.1922023509,51.3279948951,3.8752142098,1273.1922023509,848,1324.520197246,S1B-GER40Cash-20260804T112808-196b791da6|EVENT|000848,1784144700.0
1273.1922023509,51.3279948951,3.8752142098,1273.1922023509,849,1324.520197246,S1B-GER40Cash-20260804T112808-196b791da6|EVENT|000849,1784144760.0
1273.1922023509,51.3279948951,3.8752142098,1273.1922023509,850,1324.520197246,S1B-GER40Cash-20260804T112808-196b791da6|EVENT|000850,1784144820.0
1273.1922023509,51.3279948951,3.8752142098,1273.1922023509,851,1324.520197246,S1B-GER40Cash-20260804T112808-196b791da6|EVENT|000851,1784144880.0
1273.1922023509,51.3279948951,3.8752142098,1273.1922023509,852,1324.520197246,S1B-GER40Cash-20260804T112808-196b791da6|EVENT|000852,1784144940.0
1273.1922023509,51.3279948951,3.8752142098,1273.1922023509,853,1324.520197246,S1B-GER40Cash-20260804T112808-196b791da6|EVENT|000853,1784145000.0
1273.1922023509,51.3279948951,3.8752142098,1273.1922023509,854,1324.520197246,S1B-GER40Cash-20260804T112808-196b791da6|EVENT|000854,1784145060.0
1273.1922023509,51.3279948951,3.8752142098,1273.1922023509,855,1324.520197246,S1B-GER40Cash-20260804T112808-196b791da6|EVENT|000855,1784145120.0
1273.1922023509,51.3279948951,3.8752142098,1273.1922023509,856,1324.520197246,S1B-GER40Cash-20260804T112808-196b791da6|EVENT|000856,1784145180.0
1273.1922023509,51.3279948951,3.8752142098,1273.1922023509,857,1324.520197246,S1B-GER40Cash-20260804T112808-196b791da6|EVENT|000857,1784145240.0
1273.1922023509,51.3279948951,3.8752142098,1273.1922023509,858,1324.520197246,S1B-GER40Cash-20260804T112808-196b791da6|EVENT|000858,1784145300.0
1273.1922023509,51.3279948951,3.8752142098,1273.1922023509,859,1324.520197246,S1B-GER40Cash-20260804T112808-196b791da6|EVENT|000859,1784145360.0
1273.1922023509,51.3279948951,3.8752142098,1273.1922023509,860,1324.520197246,S1B-GER40Cash-20260804T112808-196b791da6|EVENT|000860,1784145420.0
1273.1922023509,51.3279948951,3.8752142098,1273.1922023509,861,1324.520197246,S1B-GER40Cash-20260804T112808-196b791da6|EVENT|000861,1784145480.0
1273.1922023509,51.3279948951,3.8752142098,1273.1922023509,862,1324.520197246,S1B-GER40Cash-20260804T112808-196b791da6|EVENT|000862,1784145540.0
1273.1922023509,51.3279948951,3.8752142098,1273.1922023509,863,1324.520197246,S1B-GER40Cash-20260804T112808-196b791da6|EVENT|000863,1784145600.0
1273.1922023509,51.3279948951,3.8752142098,1273.1922023509,864,1324.520197246,S1B-GER40Cash-20260804T112808-196b791da6|EVENT|000864,1784145660.0
1273.1922023509,51.3279948951,3.8752142098,1273.1922023509,865,1324.520197246,S1B-GER40Cash-20260804T112808-196b791da6|EVENT|000865,1784145720.0
1273.1922023509,51.3279948951,3.8752142098,1273.1922023509,866,1324.520197246,S1B-GER40Cash-20260804T112808-196b791da6|EVENT|000866,1784145780.0
1273.1922023509,51.3279948951,3.8752142098,1273.1922023509,867,1324.520197246,S1B-GER40Cash-20260804T112808-196b791da6|EVENT|000867,1784145840.0
1273.1922023509,51.3279948951,3.8752142098,1273.1922023509,868,1324.520197246,S1B-GER40Cash-20260804T112808-196b791da6|EVENT|000868,1784145900.0
1273.1922023509,51.3279948951,3.8752142098,1273.1922023509,869,1324.520197246,S1B-GER40Cash-20260804T112808-196b791da6|EVENT|000869,1784145960.0
1273.1922023509,51.3279948951,3.8752142098,1273.1922023509,870,1324.520197246,S1B-GER40Cash-20260804T112808-196b791da6|EVENT|000870,1784146020.0
1273.1922023509,51.3279948951,3.8752142098,1273.1922023509,871,1324.520197246,S1B-GER40Cash-20260804T112808-196b791da6|EVENT|000871,1784146080.0
1273.1922023509,51.3279948951,3.8752142098,1273.1922023509,872,1324.520197246,S1B-GER40Cash-20260804T112808-196b791da6|EVENT|000872,1784146140.0
1273.1922023509,51.3279948951,3.8752142098,1273.1922023509,873,1324.520197246,S1B-GER40Cash-20260804T112808-196b791da6|EVENT|000873,1784146200.0
1273.1922023509,51.3279948951,3.8752142098,1273.1922023509,874,1324.520197246,S1B-GER40Cash-20260804T112808-196b791da6|EVENT|000874,1784146260.0
1273.1922023509,51.3279948951,3.8752142098,1273.1922023509,875,1324.520197246,S1B-GER40Cash-20260804T112808-196b791da6|EVENT|000875,1784146320.0
1273.1922023509,51.3279948951,3.8752142098,1273.1922023509,876,1324.520197246,S1B-GER40Cash-20260804T112808-196b791da6|EVENT|000876,1784146380.0
1273.1922023509,51.3279948951,3.8752142098,1273.1922023509,877,1324.520197246,S1B-GER40Cash-20260804T112808-196b791da6|EVENT|000877,1784146440.0
1273.1922023509,51.3279948951,3.8752142098,1273.1922023509,878,1324.520197246,S1B-GER40Cash-20260804T112808-196b791da6|EVENT|000878,1784146500.0
1273.1922023509,51.3279948951,3.8752142098,1273.1922023509,879,1324.520197246,S1B-GER40Cash-20260804T112808-196b791da6|EVENT|000879,1784146560.0
1273.1922023509,51.3279948951,3.8752142098,1273.1922023509,880,1324.520197246,S1B-GER40Cash-20260804T112808-196b791da6|EVENT|000880,1784146620.0
1273.1922023509,51.3279948951,3.8752142098,1273.1922023509,881,1324.520197246,S1B-GER40Cash-20260804T112808-196b791da6|EVENT|000881,1784146680.0
1273.1922023509,51.3279948951,3.8752142098,1273.1922023509,882,1324.520197246,S1B-GER40Cash-20260804T112808-196b791da6|EVENT|000882,1784146740.0
1273.1922023509,51.3279948951,3.8752142098,1273.1922023509,883,1324.520197246,S1B-GER40Cash-20260804T112808-196b791da6|EVENT|000883,1784146800.0
1273.1922023509,51.3279948951,3.8752142098,1273.1922023509,884,1324.520197246,S1B-GER40Cash-20260804T112808-196b791da6|EVENT|000884,1784146860.0
1273.1922023509,51.3279948951,3.8752142098,1273.1922023509,885,1324.520197246,S1B-GER40Cash-20260804T112808-196b791da6|EVENT|000885,1784146920.0
1273.1922023509,51.3279948951,3.8752142098,1273.1922023509,886,1324.520197246,S1B-GER40Cash-20260804T112808-196b791da6|EVENT|000886,1784146980.0
1273.1922023509,51.3279948951,3.8752142098,1273.1922023509,887,1324.520197246,S1B-GER40Cash-20260804T112808-196b791da6|EVENT|000887,1784147040.0
1273.1922023509,51.3279948951,3.8752142098,1273.1922023509,888,1324.520197246,S1B-GER40Cash-20260804T112808-196b791da6|EVENT|000888,1784147100.0
1273.1922023509,51.3279948951,3.8752142098,1273.1922023509,889,1324.520197246,S1B-GER40Cash-20260804T112808-196b791da6|EVENT|000889,1784147160.0
1273.1922023509,51.3279948951,3.8752142098,1273.1922023509,890,1324.520197246,S1B-GER40Cash-20260804T112808-196b791da6|EVENT|000890,1784147220.0
1273.1922023509,51.3279948951,3.8752142098,1273.1922023509,891,1324.520197246,S1B-GER40Cash-20260804T112808-196b791da6|EVENT|000891,1784147280.0
1273.1922023509,51.3279948951,3.8752142098,1273.1922023509,892,1324.520197246,S1B-GER40Cash-20260804T112808-196b791da6|EVENT|000892,1784147340.0
1273.1922023509,51.3279948951,3.8752142098,1273.1922023509,893,1324.520197246,S1B-GER40Cash-20260804T112808-196b791da6|EVENT|000893,1784147400.0
1273.1922023509,51.3279948951,3.8752142098,1273.1922023509,894,1324.520197246,S1B-GER40Cash-20260804T112808-196b791da6|EVENT|000894,1784147460.0
1273.1922023509,51.3279948951,3.8752142098,1273.1922023509,895,1324.520197246,S1B-GER40Cash-20260804T112808-196b791da6|EVENT|000895,1784147520.0
1273.1922023509,51.3279948951,3.8752142098,1273.1922023509,896,1324.520197246,S1B-GER40Cash-20260804T112808-196b791da6|EVENT|000896,1784147580.0
1273.1922023509,51.3279948951,3.8752142098,1273.1922023509,897,1324.520197246,S1B-GER40Cash-20260804T112808-196b791da6|EVENT|000897,1784147640.0
1273.1922023509,51.3279948951,3.8752142098,1273.1922023509,898,1324.520197246,S1B-GER40Cash-20260804T112808-196b791da6|EVENT|000898,1784147700.0
1273.1922023509,51.3279948951,3.8752142098,1273.1922023509,899,1324.520197246,S1B-GER40Cash-20260804T112808-196b791da6|EVENT|000899,1784147760.0
1273.1922023509,51.3279948951,3.8752142098,1273.1922023509,900,1324.520197246,S1B-GER40Cash-20260804T112808-196b791da6|EVENT|000900,1784147820.0
1273.1922023509,51.3279948951,3.8752142098,1273.1922023509,901,1324.520197246,S1B-GER40Cash-20260804T112808-196b791da6|EVENT|000901,1784147880.0
1273.1922023509,51.3279948951,3.8752142098,1273.1922023509,902,1324.520197246,S1B-GER40Cash-20260804T112808-196b791da6|EVENT|000902,1784147940.0
1273.1922023509,51.3279948951,3.8752142098,1273.1922023509,903,1324.520197246,S1B-GER40Cash-20260804T112808-196b791da6|EVENT|000903,1784148000.0
1273.1922023509,51.3279948951,3.8752142098,1273.1922023509,904,1324.520197246,S1B-GER40Cash-20260804T112808-196b791da6|EVENT|000904,1784148060.0
1273.1922023509,51.3279948951,3.8752142098,1273.1922023509,905,1324.520197246,S1B-GER40Cash-20260804T112808-196b791da6|EVENT|000905,1784148120.0
1273.1922023509,51.3279948951,3.8752142098,1273.1922023509,906,1324.520197246,S1B-GER40Cash-20260804T112808-196b791da6|EVENT|000906,1784148180.0
1273.1922023509,51.3279948951,3.8752142098,1273.1922023509,907,1324.520197246,S1B-GER40Cash-20260804T112808-196b791da6|EVENT|000907,1784148240.0
1273.1922023509,51.3279948951,3.8752142098,1273.1922023509,908,1324.520197246,S1B-GER40Cash-20260804T112808-196b791da6|EVENT|000908,1784148300.0
1273.1922023509,51.3279948951,3.8752142098,1273.1922023509,909,1324.520197246,S1B-GER40Cash-20260804T112808-196b791da6|EVENT|000909,1784148360.0
1273.1922023509,51.3279948951,3.8752142098,1273.1922023509,910,1324.520197246,S1B-GER40Cash-20260804T112808-196b791da6|EVENT|000910,1784148420.0
1273.1922023509,51.3279948951,3.8752142098,1273.1922023509,911,1324.520197246,S1B-GER40Cash-20260804T112808-196b791da6|EVENT|000911,1784148480.0
1273.1922023509,51.3279948951,3.8752142098,1273.1922023509,912,1324.520197246,S1B-GER40Cash-20260804T112808-196b791da6|EVENT|000912,1784148540.0
1273.1922023509,51.3279948951,3.8752142098,1273.1922023509,913,1324.520197246,S1B-GER40Cash-20260804T112808-196b791da6|EVENT|000913,1784148600.0
1273.1922023509,51.3279948951,3.8752142098,1273.1922023509,914,1324.520197246,S1B-GER40Cash-20260804T112808-196b791da6|EVENT|000914,1784148660.0
1273.1922023509,51.3279948951,3.8752142098,1273.1922023509,915,1324.520197246,S1B-GER40Cash-20260804T112808-196b791da6|EVENT|000915,1784148720.0
1273.1922023509,51.3279948951,3.8752142098,1273.1922023509,916,1324.520197246,S1B-GER40Cash-20260804T112808-196b791da6|EVENT|000916,1784148780.0
1273.1922023509,51.3279948951,3.8752142098,1273.1922023509,917,1324.520197246,S1B-GER40Cash-20260804T112808-196b791da6|EVENT|000917,1784148840.0
1273.1922023509,51.3279948951,3.8752142098,1273.1922023509,918,1324.520197246,S1B-GER40Cash-20260804T112808-196b791da6|EVENT|000918,1784148900.0
1273.1922023509,51.3279948951,3.8752142098,1273.1922023509,919,1324.520197246,S1B-GER40Cash-20260804T112808-196b791da6|EVENT|000919,1784148960.0
1273.1922023509,51.3279948951,3.8752142098,1273.1922023509,920,1324.520197246,S1B-GER40Cash-20260804T112808-196b791da6|EVENT|000920,1784149020.0
1273.1922023509,51.3279948951,3.8752142098,1273.1922023509,921,1324.520197246,S1B-GER40Cash-20260804T112808-196b791da6|EVENT|000921,1784149080.0
1273.1922023509,51.3279948951,3.8752142098,1273.1922023509,922,1324.520197246,S1B-GER40Cash-20260804T112808-196b791da6|EVENT|000922,1784149140.0
1273.1922023509,51.3279948951,3.8752142098,1273.1922023509,923,1324.520197246,S1B-GER40Cash-20260804T112808-196b791da6|EVENT|000923,1784149200.0
1273.1922023509,51.3279948951,3.8752142098,1273.1922023509,924,1324.520197246,S1B-GER40Cash-20260804T112808-196b791da6|EVENT|000924,1784149260.0
1273.1922023509,51.3279948951,3.8752142098,1273.1922023509,925,1324.520197246,S1B-GER40Cash-20260804T112808-196b791da6|EVENT|000925,1784149320.0
1273.1922023509,51.3279948951,3.8752142098,1273.1922023509,926,1324.520197246,S1B-GER40Cash-20260804T112808-196b791da6|EVENT|000926,1784149380.0
1273.1922023509,51.3279948951,3.8752142098,1273.1922023509,927,1324.520197246,S1B-GER40Cash-20260804T112808-196b791da6|EVENT|000927,1784149440.0
1273.1922023509,51.3279948951,3.8752142098,1273.1922023509,928,1324.520197246,S1B-GER40Cash-20260804T112808-196b791da6|EVENT|000928,1784149500.0
1273.1922023509,51.3279948951,3.8752142098,1273.1922023509,929,1324.520197246,S1B-GER40Cash-20260804T112808-196b791da6|EVENT|000929,1784149560.0
1273.1922023509,51.3279948951,3.8752142098,1273.1922023509,930,1324.520197246,S1B-GER40Cash-20260804T112808-196b791da6|EVENT|000930,1784149620.0
1273.1922023509,51.3279948951,3.8752142098,1273.1922023509,931,1324.520197246,S1B-GER40Cash-20260804T112808-196b791da6|EVENT|000931,1784149680.0
1273.1922023509,51.3279948951,3.8752142098,1273.1922023509,932,1324.520197246,S1B-GER40Cash-20260804T112808-196b791da6|EVENT|000932,1784149740.0
1273.1922023509,51.3279948951,3.8752142098,1273.1922023509,933,1324.520197246,S1B-GER40Cash-20260804T112808-196b791da6|EVENT|000933,1784149800.0
1273.1922023509,51.3279948951,3.8752142098,1273.1922023509,934,1324.520197246,S1B-GER40Cash-20260804T112808-196b791da6|EVENT|000934,1784149860.0
1273.1922023509,51.3279948951,3.8752142098,1273.1922023509,935,1324.520197246,S1B-GER40Cash-20260804T112808-196b791da6|EVENT|000935,1784149920.0
1273.1922023509,51.3279948951,3.8752142098,1273.1922023509,936,1324.520197246,S1B-GER40Cash-20260804T112808-196b791da6|EVENT|000936,1784149980.0
1273.1922023509,51.3279948951,3.8752142098,1273.1922023509,937,1324.520197246,S1B-GER40Cash-20260804T112808-196b791da6|EVENT|000937,1784150040.0
1273.1922023509,51.3279948951,3.8752142098,1273.1922023509,938,1324.520197246,S1B-GER40Cash-20260804T112808-196b791da6|EVENT|000938,1784150100.0
1273.1922023509,51.3279948951,3.8752142098,1273.1922023509,939,1324.520197246,S1B-GER40Cash-20260804T112808-196b791da6|EVENT|000939,1784150160.0
1273.1922023509,51.3279948951,3.8752142098,1273.1922023509,940,1324.520197246,S1B-GER40Cash-20260804T112808-196b791da6|EVENT|000940,1784150220.0
1273.1922023509,51.3279948951,3.8752142098,1273.1922023509,941,1324.520197246,S1B-GER40Cash-20260804T112808-196b791da6|EVENT|000941,1784150280.0
1273.1922023509,51.3279948951,3.8752142098,1273.1922023509,942,1324.520197246,S1B-GER40Cash-20260804T112808-196b791da6|EVENT|000942,1784150340.0
1273.1922023509,51.3279948951,3.8752142098,1273.1922023509,943,1324.520197246,S1B-GER40Cash-20260804T112808-196b791da6|EVENT|000943,1784150400.0
1273.1922023509,51.3279948951,3.8752142098,1273.1922023509,944,1324.520197246,S1B-GER40Cash-20260804T112808-196b791da6|EVENT|000944,1784150460.0
1273.1922023509,51.3279948951,3.8752142098,1273.1922023509,945,1324.520197246,S1B-GER40Cash-20260804T112808-196b791da6|EVENT|000945,1784150520.0
1273.1922023509,51.3279948951,3.8752142098,1273.1922023509,946,1324.520197246,S1B-GER40Cash-20260804T112808-196b791da6|EVENT|000946,1784150580.0
1273.1922023509,51.3279948951,3.8752142098,1273.1922023509,947,1324.520197246,S1B-GER40Cash-20260804T112808-196b791da6|EVENT|000947,1784150640.0
1273.1922023509,51.3279948951,3.8752142098,1273.1922023509,948,1324.520197246,S1B-GER40Cash-20260804T112808-196b791da6|EVENT|000948,1784150700.0
1273.1922023509,51.3279948951,3.8752142098,1273.1922023509,949,1324.520197246,S1B-GER40Cash-20260804T112808-196b791da6|EVENT|000949,1784150760.0
1273.1922023509,51.3279948951,3.8752142098,1273.1922023509,950,1324.520197246,S1B-GER40Cash-20260804T112808-196b791da6|EVENT|000950,1784150820.0
1273.1922023509,51.3279948951,3.8752142098,1273.1922023509,951,1324.520197246,S1B-GER40Cash-20260804T112808-196b791da6|EVENT|000951,1784150880.0
1273.1922023509,51.3279948951,3.8752142098,1273.1922023509,952,1324.520197246,S1B-GER40Cash-20260804T112808-196b791da6|EVENT|000952,1784150940.0
1273.1922023509,51.3279948951,3.8752142098,1273.1922023509,953,1324.520197246,S1B-GER40Cash-20260804T112808-196b791da6|EVENT|000953,1784151000.0
1273.1922023509,51.3279948951,3.8752142098,1273.1922023509,954,1324.520197246,S1B-GER40Cash-20260804T112808-196b791da6|EVENT|000954,1784151060.0
1273.1922023509,51.3279948951,3.8752142098,1273.1922023509,955,1324.520197246,S1B-GER40Cash-20260804T112808-196b791da6|EVENT|000955,1784151120.0
1273.1922023509,51.3279948951,3.8752142098,1273.1922023509,956,1324.520197246,S1B-GER40Cash-20260804T112808-196b791da6|EVENT|000956,1784151180.0
1273.1922023509,51.3279948951,3.8752142098,1273.1922023509,957,1324.520197246,S1B-GER40Cash-20260804T112808-196b791da6|EVENT|000957,1784151240.0
1273.1922023509,51.3279948951,3.8752142098,1273.1922023509,958,1324.520197246,S1B-GER40Cash-20260804T112808-196b791da6|EVENT|000958,1784151300.0
1273.1922023509,51.3279948951,3.8752142098,1273.1922023509,959,1324.520197246,S1B-GER40Cash-20260804T112808-196b791da6|EVENT|000959,1784151360.0
1273.1922023509,51.3279948951,3.8752142098,1273.1922023509,960,1324.520197246,S1B-GER40Cash-20260804T112808-196b791da6|EVENT|000960,1784151420.0
1273.1922023509,51.3279948951,3.8752142098,1273.1922023509,961,1324.520197246,S1B-GER40Cash-20260804T112808-196b791da6|EVENT|000961,1784151480.0
1273.1922023509,51.3279948951,3.8752142098,1273.1922023509,962,1324.520197246,S1B-GER40Cash-20260804T112808-196b791da6|EVENT|000962,1784151540.0
1273.1922023509,51.3279948951,3.8752142098,1273.1922023509,963,1324.520197246,S1B-GER40Cash-20260804T112808-196b791da6|EVENT|000963,1784151600.0
1273.1922023509,51.3279948951,3.8752142098,1273.1922023509,964,1324.520197246,S1B-GER40Cash-20260804T112808-196b791da6|EVENT|000964,1784151660.0
1273.1922023509,51.3279948951,3.8752142098,1273.1922023509,965,1324.520197246,S1B-GER40Cash-20260804T112808-196b791da6|EVENT|000965,1784151720.0
1273.1922023509,51.3279948951,3.8752142098,1273.1922023509,966,1324.520197246,S1B-GER40Cash-20260804T112808-196b791da6|EVENT|000966,1784151780.0
1273.1922023509,51.3279948951,3.8752142098,1273.1922023509,967,1324.520197246,S1B-GER40Cash-20260804T112808-196b791da6|EVENT|000967,1784151840.0
1273.1922023509,51.3279948951,3.8752142098,1273.1922023509,968,1324.520197246,S1B-GER40Cash-20260804T112808-196b791da6|EVENT|000968,1784151900.0
1273.1922023509,51.3279948951,3.8752142098,1273.1922023509,969,1324.520197246,S1B-GER40Cash-20260804T112808-196b791da6|EVENT|000969,1784151960.0
1273.1922023509,51.3279948951,3.8752142098,1273.1922023509,970,1324.520197246,S1B-GER40Cash-20260804T112808-196b791da6|EVENT|000970,1784152020.0
1273.1922023509,51.3279948951,3.8752142098,1273.1922023509,971,1324.520197246,S1B-GER40Cash-20260804T112808-196b791da6|EVENT|000971,1784152080.0
1273.1922023509,51.3279948951,3.8752142098,1273.1922023509,972,1324.520197246,S1B-GER40Cash-20260804T112808-196b791da6|EVENT|000972,1784152140.0
1273.1922023509,51.3279948951,3.8752142098,1273.1922023509,973,1324.520197246,S1B-GER40Cash-20260804T112808-196b791da6|EVENT|000973,1784152200.0
1273.1922023509,51.3279948951,3.8752142098,1273.1922023509,974,1324.520197246,S1B-GER40Cash-20260804T112808-196b791da6|EVENT|000974,1784152260.0
1273.1922023509,51.3279948951,3.8752142098,1273.1922023509,975,1324.520197246,S1B-GER40Cash-20260804T112808-196b791da6|EVENT|000975,1784152320.0
1273.1922023509,51.3279948951,3.8752142098,1273.1922023509,976,1324.520197246,S1B-GER40Cash-20260804T112808-196b791da6|EVENT|000976,1784152380.0
1273.1922023509,51.3279948951,3.8752142098,1273.1922023509,977,1324.520197246,S1B-GER40Cash-20260804T112808-196b791da6|EVENT|000977,1784152440.0
1273.1922023509,51.3279948951,3.8752142098,1273.1922023509,978,1324.520197246,S1B-GER40Cash-20260804T112808-196b791da6|EVENT|000978,1784152500.0
1273.1922023509,51.3279948951,3.8752142098,1273.1922023509,979,1324.520197246,S1B-GER40Cash-20260804T112808-196b791da6|EVENT|000979,1784152560.0
1273.1922023509,51.3279948951,3.8752142098,1273.1922023509,980,1324.520197246,S1B-GER40Cash-20260804T112808-196b791da6|EVENT|000980,1784152620.0
1273.1922023509,51.3279948951,3.8752142098,1273.1922023509,981,1324.520197246,S1B-GER40Cash-20260804T112808-196b791da6|EVENT|000981,1784152680.0
1273.1922023509,51.3279948951,3.8752142098,1273.1922023509,982,1324.520197246,S1B-GER40Cash-20260804T112808-196b791da6|EVENT|000982,1784152740.0
1273.1922023509,51.3279948951,3.8752142098,1273.1922023509,983,1324.520197246,S1B-GER40Cash-20260804T112808-196b791da6|EVENT|000983,1784152800.0
1273.1922023509,51.3279948951,3.8752142098,1273.1922023509,984,1324.520197246,S1B-GER40Cash-20260804T112808-196b791da6|EVENT|000984,1784152860.0
1273.1922023509,51.3279948951,3.8752142098,1273.1922023509,985,1324.520197246,S1B-GER40Cash-20260804T112808-196b791da6|EVENT|000985,1784152920.0
1273.1922023509,51.3279948951,3.8752142098,1273.1922023509,986,1324.520197246,S1B-GER40Cash-20260804T112808-196b791da6|EVENT|000986,1784152980.0
1273.1922023509,51.3279948951,3.8752142098,1273.1922023509,987,1324.520197246,S1B-GER40Cash-20260804T112808-196b791da6|EVENT|000987,1784153040.0
1273.1922023509,51.3279948951,3.8752142098,1273.1922023509,988,1324.520197246,S1B-GER40Cash-20260804T112808-196b791da6|EVENT|000988,1784153100.0
1273.1922023509,51.3279948951,3.8752142098,1273.1922023509,989,1324.520197246,S1B-GER40Cash-20260804T112808-196b791da6|EVENT|000989,1784153160.0
1273.1922023509,51.3279948951,3.8752142098,1273.1922023509,990,1324.520197246,S1B-GER40Cash-20260804T112808-196b791da6|EVENT|000990,1784153220.0
1273.1922023509,51.3279948951,3.8752142098,1273.1922023509,991,1324.520197246,S1B-GER40Cash-20260804T112808-196b791da6|EVENT|000991,1784153280.0
1273.1922023509,51.3279948951,3.8752142098,1273.1922023509,992,1324.520197246,S1B-GER40Cash-20260804T112808-196b791da6|EVENT|000992,1784153340.0
1273.1922023509,51.3279948951,3.8752142098,1273.1922023509,993,1324.520197246,S1B-GER40Cash-20260804T112808-196b791da6|EVENT|000993,1784153400.0
1273.1922023509,51.3279948951,3.8752142098,1273.1922023509,994,1324.520197246,S1B-GER40Cash-20260804T112808-196b791da6|EVENT|000994,1784153460.0
1273.1922023509,51.3279948951,3.8752142098,1273.1922023509,995,1324.520197246,S1B-GER40Cash-20260804T112808-196b791da6|EVENT|000995,1784153520.0
1273.1922023509,51.3279948951,3.8752142098,1273.1922023509,996,1324.520197246,S1B-GER40Cash-20260804T112808-196b791da6|EVENT|000996,1784153580.0
1273.1922023509,51.3279948951,3.8752142098,1273.1922023509,997,1324.520197246,S1B-GER40Cash-20260804T112808-196b791da6|EVENT|000997,1784153640.0
1273.1922023509,51.3279948951,3.8752142098,1273.1922023509,998,1324.520197246,S1B-GER40Cash-20260804T112808-196b791da6|EVENT|000998,1784153700.0
1273.1922023509,51.3279948951,3.8752142098,1273.1922023509,999,1324.520197246,S1B-GER40Cash-20260804T112808-196b791da6|EVENT|000999,1784153760.0
1273.1922023509,51.3279948951,3.8752142098,1273.1922023509,1000,1324.520197246,S1B-GER40Cash-20260804T112808-196b791da6|EVENT|001000,1784153820.0
1273.1922023509,51.3279948951,3.8752142098,1273.1922023509,1001,1324.520197246,S1B-GER40Cash-20260804T112808-196b791da6|EVENT|001001,1784153880.0
1273.1922023509,51.3279948951,3.8752142098,1273.1922023509,1002,1324.520197246,S1B-GER40Cash-20260804T112808-196b791da6|EVENT|001002,1784153940.0
1273.1922023509,51.3279948951,3.8752142098,1273.1922023509,1003,1324.520197246,S1B-GER40Cash-20260804T112808-196b791da6|EVENT|001003,1784154000.0
1273.1922023509,51.3279948951,3.8752142098,1273.1922023509,1004,1324.520197246,S1B-GER40Cash-20260804T112808-196b791da6|EVENT|001004,1784154060.0
1273.1922023509,51.3279948951,3.8752142098,1273.1922023509,1005,1324.520197246,S1B-GER40Cash-20260804T112808-196b791da6|EVENT|001005,1784154120.0
1273.1922023509,51.3279948951,3.8752142098,1273.1922023509,1006,1324.520197246,S1B-GER40Cash-20260804T112808-196b791da6|EVENT|001006,1784154180.0
1273.1922023509,51.3279948951,3.8752142098,1273.1922023509,1007,1324.520197246,S1B-GER40Cash-20260804T112808-196b791da6|EVENT|001007,1784154240.0
1273.1922023509,51.3279948951,3.8752142098,1273.1922023509,1008,1324.520197246,S1B-GER40Cash-20260804T112808-196b791da6|EVENT|001008,1784154300.0
1273.1922023509,51.3279948951,3.8752142098,1273.1922023509,1009,1324.520197246,S1B-GER40Cash-20260804T112808-196b791da6|EVENT|001009,1784154360.0
1273.1922023509,51.3279948951,3.8752142098,1273.1922023509,1010,1324.520197246,S1B-GER40Cash-20260804T112808-196b791da6|EVENT|001010,1784154420.0
1273.1922023509,51.3279948951,3.8752142098,1273.1922023509,1011,1324.520197246,S1B-GER40Cash-20260804T112808-196b791da6|EVENT|001011,1784154480.0
1273.1922023509,51.3279948951,3.8752142098,1273.1922023509,1012,1324.520197246,S1B-GER40Cash-20260804T112808-196b791da6|EVENT|001012,1784154540.0
1273.1922023509,51.3279948951,3.8752142098,1273.1922023509,1013,1324.520197246,S1B-GER40Cash-20260804T112808-196b791da6|EVENT|001013,1784154600.0
1273.1922023509,51.3279948951,3.8752142098,1273.1922023509,1014,1324.520197246,S1B-GER40Cash-20260804T112808-196b791da6|EVENT|001014,1784154660.0
1273.1922023509,51.3279948951,3.8752142098,1273.1922023509,1015,1324.520197246,S1B-GER40Cash-20260804T112808-196b791da6|EVENT|001015,1784154720.0
1273.1922023509,51.3279948951,3.8752142098,1273.1922023509,1016,1324.520197246,S1B-GER40Cash-20260804T112808-196b791da6|EVENT|001016,1784154780.0
1273.1922023509,51.3279948951,3.8752142098,1273.1922023509,1017,1324.520197246,S1B-GER40Cash-20260804T112808-196b791da6|EVENT|001017,1784154840.0
1273.1922023509,51.3279948951,3.8752142098,1273.1922023509,1018,1324.520197246,S1B-GER40Cash-20260804T112808-196b791da6|EVENT|001018,1784154900.0
1273.1922023509,51.3279948951,3.8752142098,1273.1922023509,1019,1324.520197246,S1B-GER40Cash-20260804T112808-196b791da6|EVENT|001019,1784154960.0
1273.1922023509,51.3279948951,3.8752142098,1273.1922023509,1020,1324.520197246,S1B-GER40Cash-20260804T112808-196b791da6|EVENT|001020,1784155020.0
1273.1922023509,51.3279948951,3.8752142098,1273.1922023509,1021,1324.520197246,S1B-GER40Cash-20260804T112808-196b791da6|EVENT|001021,1784155080.0
1273.1922023509,51.3279948951,3.8752142098,1273.1922023509,1022,1324.520197246,S1B-GER40Cash-20260804T112808-196b791da6|EVENT|001022,1784155140.0
1273.1922023509,51.3279948951,3.8752142098,1273.1922023509,1023,1324.520197246,S1B-GER40Cash-20260804T112808-196b791da6|EVENT|001023,1784155200.0
1273.1922023509,51.3279948951,3.8752142098,1273.1922023509,1024,1324.520197246,S1B-GER40Cash-20260804T112808-196b791da6|EVENT|001024,1784155260.0
1273.1922023509,51.3279948951,3.8752142098,1273.1922023509,1025,1324.520197246,S1B-GER40Cash-20260804T112808-196b791da6|EVENT|001025,1784155320.0
1273.1922023509,51.3279948951,3.8752142098,1273.1922023509,1026,1324.520197246,S1B-GER40Cash-20260804T112808-196b791da6|EVENT|001026,1784155380.0
1273.1922023509,51.3279948951,3.8752142098,1273.1922023509,1027,1324.520197246,S1B-GER40Cash-20260804T112808-196b791da6|EVENT|001027,1784155440.0
1273.1922023509,51.3279948951,3.8752142098,1273.1922023509,1028,1324.520197246,S1B-GER40Cash-20260804T112808-196b791da6|EVENT|001028,1784155500.0
1273.1922023509,51.3279948951,3.8752142098,1273.1922023509,1029,1324.520197246,S1B-GER40Cash-20260804T112808-196b791da6|EVENT|001029,1784155560.0
1273.1922023509,51.3279948951,3.8752142098,1273.1922023509,1030,1324.520197246,S1B-GER40Cash-20260804T112808-196b791da6|EVENT|001030,1784155620.0
1273.1922023509,51.3279948951,3.8752142098,1273.1922023509,1031,1324.520197246,S1B-GER40Cash-20260804T112808-196b791da6|EVENT|001031,1784155680.0
1273.1922023509,51.3279948951,3.8752142098,1273.1922023509,1032,1324.520197246,S1B-GER40Cash-20260804T112808-196b791da6|EVENT|001032,1784155740.0
1273.1922023509,51.3279948951,3.8752142098,1273.1922023509,1033,1324.520197246,S1B-GER40Cash-20260804T112808-196b791da6|EVENT|001033,1784155800.0
1273.1922023509,51.3279948951,3.8752142098,1273.1922023509,1034,1324.520197246,S1B-GER40Cash-20260804T112808-196b791da6|EVENT|001034,1784155860.0
1273.1922023509,51.3279948951,3.8752142098,1273.1922023509,1035,1324.520197246,S1B-GER40Cash-20260804T112808-196b791da6|EVENT|001035,1784155920.0
1273.1922023509,51.3279948951,3.8752142098,1273.1922023509,1036,1324.520197246,S1B-GER40Cash-20260804T112808-196b791da6|EVENT|001036,1784155980.0
1273.1922023509,51.3279948951,3.8752142098,1273.1922023509,1037,1324.520197246,S1B-GER40Cash-20260804T112808-196b791da6|EVENT|001037,1784156040.0
1273.1922023509,51.3279948951,3.8752142098,1273.1922023509,1038,1324.520197246,S1B-GER40Cash-20260804T112808-196b791da6|EVENT|001038,1784156100.0
1273.1922023509,51.3279948951,3.8752142098,1273.1922023509,1039,1324.520197246,S1B-GER40Cash-20260804T112808-196b791da6|EVENT|001039,1784156160.0
1273.1922023509,51.3279948951,3.8752142098,1273.1922023509,1040,1324.520197246,S1B-GER40Cash-20260804T112808-196b791da6|EVENT|001040,1784156220.0
1273.1922023509,51.3279948951,3.8752142098,1273.1922023509,1041,1324.520197246,S1B-GER40Cash-20260804T112808-196b791da6|EVENT|001041,1784156280.0
1273.1922023509,51.3279948951,3.8752142098,1273.1922023509,1042,1324.520197246,S1B-GER40Cash-20260804T112808-196b791da6|EVENT|001042,1784156340.0
1273.1922023509,51.3279948951,3.8752142098,1273.1922023509,1043,1324.520197246,S1B-GER40Cash-20260804T112808-196b791da6|EVENT|001043,1784156400.0
1273.1922023509,51.3279948951,3.8752142098,1273.1922023509,1044,1324.520197246,S1B-GER40Cash-20260804T112808-196b791da6|EVENT|001044,1784156460.0
1273.1922023509,51.3279948951,3.8752142098,1273.1922023509,1045,1324.520197246,S1B-GER40Cash-20260804T112808-196b791da6|EVENT|001045,1784156520.0
1273.1922023509,51.3279948951,3.8752142098,1273.1922023509,1046,1324.520197246,S1B-GER40Cash-20260804T112808-196b791da6|EVENT|001046,1784156580.0
1273.1922023509,51.3279948951,3.8752142098,1273.1922023509,1047,1324.520197246,S1B-GER40Cash-20260804T112808-196b791da6|EVENT|001047,1784156640.0
1273.1922023509,51.3279948951,3.8752142098,1273.1922023509,1048,1324.520197246,S1B-GER40Cash-20260804T112808-196b791da6|EVENT|001048,1784156700.0
1273.1922023509,51.3279948951,3.8752142098,1273.1922023509,1049,1324.520197246,S1B-GER40Cash-20260804T112808-196b791da6|EVENT|001049,1784156760.0
1273.1922023509,51.3279948951,3.8752142098,1273.1922023509,1050,1324.520197246,S1B-GER40Cash-20260804T112808-196b791da6|EVENT|001050,1784156820.0
1273.1922023509,51.3279948951,3.8752142098,1273.1922023509,1051,1324.520197246,S1B-GER40Cash-20260804T112808-196b791da6|EVENT|001051,1784156880.0
1273.1922023509,51.3279948951,3.8752142098,1273.1922023509,1052,1324.520197246,S1B-GER40Cash-20260804T112808-196b791da6|EVENT|001052,1784156940.0
1273.1922023509,51.3279948951,3.8752142098,1273.1922023509,1053,1324.520197246,S1B-GER40Cash-20260804T112808-196b791da6|EVENT|001053,1784157000.0
1273.1922023509,51.3279948951,3.8752142098,1273.1922023509,1054,1324.520197246,S1B-GER40Cash-20260804T112808-196b791da6|EVENT|001054,1784157060.0
1273.1922023509,51.3279948951,3.8752142098,1273.1922023509,1055,1324.520197246,S1B-GER40Cash-20260804T112808-196b791da6|EVENT|001055,1784157120.0
1273.1922023509,51.3279948951,3.8752142098,1273.1922023509,1056,1324.520197246,S1B-GER40Cash-20260804T112808-196b791da6|EVENT|001056,1784157180.0
1273.1922023509,51.3279948951,3.8752142098,1273.1922023509,1057,1324.520197246,S1B-GER40Cash-20260804T112808-196b791da6|EVENT|001057,1784157240.0
1273.1922023509,51.3279948951,3.8752142098,1273.1922023509,1058,1324.520197246,S1B-GER40Cash-20260804T112808-196b791da6|EVENT|001058,1784157300.0
1273.1922023509,51.3279948951,3.8752142098,1273.1922023509,1059,1324.520197246,S1B-GER40Cash-20260804T112808-196b791da6|EVENT|001059,1784157360.0
1273.1922023509,51.3279948951,3.8752142098,1273.1922023509,1060,1324.520197246,S1B-GER40Cash-20260804T112808-196b791da6|EVENT|001060,1784157420.0
1273.1922023509,51.3279948951,3.8752142098,1273.1922023509,1061,1324.520197246,S1B-GER40Cash-20260804T112808-196b791da6|EVENT|001061,1784157480.0
1273.1922023509,51.3279948951,3.8752142098,1273.1922023509,1062,1324.520197246,S1B-GER40Cash-20260804T112808-196b791da6|EVENT|001062,1784157540.0
1273.1922023509,51.3279948951,3.8752142098,1273.1922023509,1063,1324.520197246,S1B-GER40Cash-20260804T112808-196b791da6|EVENT|001063,1784157600.0
1273.1922023509,51.3279948951,3.8752142098,1273.1922023509,1064,1324.520197246,S1B-GER40Cash-20260804T112808-196b791da6|EVENT|001064,1784157660.0
1273.1922023509,51.3279948951,3.8752142098,1273.1922023509,1065,1324.520197246,S1B-GER40Cash-20260804T112808-196b791da6|EVENT|001065,1784157720.0
1273.1922023509,51.3279948951,3.8752142098,1273.1922023509,1066,1324.520197246,S1B-GER40Cash-20260804T112808-196b791da6|EVENT|001066,1784157780.0
1273.1922023509,51.3279948951,3.8752142098,1273.1922023509,1067,1324.520197246,S1B-GER40Cash-20260804T112808-196b791da6|EVENT|001067,1784157840.0
1273.1922023509,51.3279948951,3.8752142098,1273.1922023509,1068,1324.520197246,S1B-GER40Cash-20260804T112808-196b791da6|EVENT|001068,1784157900.0
1273.1922023509,51.3279948951,3.8752142098,1273.1922023509,1069,1324.520197246,S1B-GER40Cash-20260804T112808-196b791da6|EVENT|001069,1784157960.0
1273.1922023509,51.3279948951,3.8752142098,1273.1922023509,1070,1324.520197246,S1B-GER40Cash-20260804T112808-196b791da6|EVENT|001070,1784158020.0
1273.1922023509,51.3279948951,3.8752142098,1273.1922023509,1071,1324.520197246,S1B-GER40Cash-20260804T112808-196b791da6|EVENT|001071,1784158080.0
1273.1922023509,51.3279948951,3.8752142098,1273.1922023509,1072,1324.520197246,S1B-GER40Cash-20260804T112808-196b791da6|EVENT|001072,1784158140.0
1273.1922023509,51.3279948951,3.8752142098,1273.1922023509,1073,1324.520197246,S1B-GER40Cash-20260804T112808-196b791da6|EVENT|001073,1784158200.0
1273.1922023509,51.3279948951,3.8752142098,1273.1922023509,1074,1324.520197246,S1B-GER40Cash-20260804T112808-196b791da6|EVENT|001074,1784158260.0
1273.1922023509,51.3279948951,3.8752142098,1273.1922023509,1075,1324.520197246,S1B-GER40Cash-20260804T112808-196b791da6|EVENT|001075,1784158320.0
1273.1922023509,51.3279948951,3.8752142098,1273.1922023509,1076,1324.520197246,S1B-GER40Cash-20260804T112808-196b791da6|EVENT|001076,1784158380.0
1273.1922023509,51.3279948951,3.8752142098,1273.1922023509,1077,1324.520197246,S1B-GER40Cash-20260804T112808-196b791da6|EVENT|001077,1784158440.0
1273.1922023509,51.3279948951,3.8752142098,1273.1922023509,1078,1324.520197246,S1B-GER40Cash-20260804T112808-196b791da6|EVENT|001078,1784158500.0
1273.1922023509,51.3279948951,3.8752142098,1273.1922023509,1079,1324.520197246,S1B-GER40Cash-20260804T112808-196b791da6|EVENT|001079,1784158560.0
1273.1922023509,51.3279948951,3.8752142098,1273.1922023509,1080,1324.520197246,S1B-GER40Cash-20260804T112808-196b791da6|EVENT|001080,1784158620.0
1273.1922023509,51.3279948951,3.8752142098,1273.1922023509,1081,1324.520197246,S1B-GER40Cash-20260804T112808-196b791da6|EVENT|001081,1784158680.0
1273.1922023509,51.3279948951,3.8752142098,1273.1922023509,1082,1324.520197246,S1B-GER40Cash-20260804T112808-196b791da6|EVENT|001082,1784158740.0
1273.1922023509,51.3279948951,3.8752142098,1273.1922023509,1083,1324.520197246,S1B-GER40Cash-20260804T112808-196b791da6|EVENT|001083,1784158800.0
1273.1922023509,51.3279948951,3.8752142098,1273.1922023509,1084,1324.520197246,S1B-GER40Cash-20260804T112808-196b791da6|EVENT|001084,1784158860.0
1273.1922023509,51.3279948951,3.8752142098,1273.1922023509,1085,1324.520197246,S1B-GER40Cash-20260804T112808-196b791da6|EVENT|001085,1784158920.0
1273.1922023509,51.3279948951,3.8752142098,1273.1922023509,1086,1324.520197246,S1B-GER40Cash-20260804T112808-196b791da6|EVENT|001086,1784158980.0
1273.1922023509,51.3279948951,3.8752142098,1273.1922023509,1087,1324.520197246,S1B-GER40Cash-20260804T112808-196b791da6|EVENT|001087,1784159040.0
1273.1922023509,51.3279948951,3.8752142098,1273.1922023509,1088,1324.520197246,S1B-GER40Cash-20260804T112808-196b791da6|EVENT|001088,1784159100.0
1273.1922023509,51.3279948951,3.8752142098,1273.1922023509,1089,1324.520197246,S1B-GER40Cash-20260804T112808-196b791da6|EVENT|001089,1784159160.0
1273.1922023509,51.3279948951,3.8752142098,1273.1922023509,1090,1324.520197246,S1B-GER40Cash-20260804T112808-196b791da6|EVENT|001090,1784159220.0
1273.1922023509,51.3279948951,3.8752142098,1273.1922023509,1091,1324.520197246,S1B-GER40Cash-20260804T112808-196b791da6|EVENT|001091,1784159280.0
1273.1922023509,51.3279948951,3.8752142098,1273.1922023509,1092,1324.520197246,S1B-GER40Cash-20260804T112808-196b791da6|EVENT|001092,1784159340.0
1273.1922023509,51.3279948951,3.8752142098,1273.1922023509,1093,1324.520197246,S1B-GER40Cash-20260804T112808-196b791da6|EVENT|001093,1784159400.0
1273.1922023509,51.3279948951,3.8752142098,1273.1922023509,1094,1324.520197246,S1B-GER40Cash-20260804T112808-196b791da6|EVENT|001094,1784159460.0
1273.1922023509,51.3279948951,3.8752142098,1273.1922023509,1095,1324.520197246,S1B-GER40Cash-20260804T112808-196b791da6|EVENT|001095,1784159580.0
1273.1922023509,51.3279948951,3.8752142098,1273.1922023509,1096,1324.520197246,S1B-GER40Cash-20260804T112808-196b791da6|EVENT|001096,1784159640.0
1273.1922023509,51.3279948951,3.8752142098,1273.1922023509,1097,1324.520197246,S1B-GER40Cash-20260804T112808-196b791da6|EVENT|001097,1784159700.0
1273.1922023509,51.3279948951,3.8752142098,1273.1922023509,1098,1324.520197246,S1B-GER40Cash-20260804T112808-196b791da6|EVENT|001098,1784159760.0
1273.1922023509,51.3279948951,3.8752142098,1273.1922023509,1099,1324.520197246,S1B-GER40Cash-20260804T112808-196b791da6|EVENT|001099,1784159820.0
1273.1922023509,51.3279948951,3.8752142098,1273.1922023509,1100,1324.520197246,S1B-GER40Cash-20260804T112808-196b791da6|EVENT|001100,1784159880.0
1273.1922023509,51.3279948951,3.8752142098,1273.1922023509,1101,1324.520197246,S1B-GER40Cash-20260804T112808-196b791da6|EVENT|001101,1784159940.0
1273.1922023509,51.3279948951,3.8752142098,1273.1922023509,1102,1324.520197246,S1B-GER40Cash-20260804T112808-196b791da6|EVENT|001102,1784160000.0
1273.1922023509,51.3279948951,3.8752142098,1273.1922023509,1103,1324.520197246,S1B-GER40Cash-20260804T112808-196b791da6|EVENT|001103,1784163960.0
1273.1922023509,51.3279948951,3.8752142098,1273.1922023509,1104,1324.520197246,S1B-GER40Cash-20260804T112808-196b791da6|EVENT|001104,1784164020.0
1273.1922023509,51.3279948951,3.8752142098,1273.1922023509,1105,1324.520197246,S1B-GER40Cash-20260804T112808-196b791da6|EVENT|001105,1784164080.0
1273.1922023509,51.3279948951,3.8752142098,1273.1922023509,1106,1324.520197246,S1B-GER40Cash-20260804T112808-196b791da6|EVENT|001106,1784164140.0
1273.1922023509,51.3279948951,3.8752142098,1273.1922023509,1107,1324.520197246,S1B-GER40Cash-20260804T112808-196b791da6|EVENT|001107,1784164200.0
1273.1922023509,51.3279948951,3.8752142098,1273.1922023509,1108,1324.520197246,S1B-GER40Cash-20260804T112808-196b791da6|EVENT|001108,1784164260.0
1273.1922023509,51.3279948951,3.8752142098,1273.1922023509,1109,1324.520197246,S1B-GER40Cash-20260804T112808-196b791da6|EVENT|001109,1784164320.0
1273.1922023509,51.3279948951,3.8752142098,1273.1922023509,1110,1324.520197246,S1B-GER40Cash-20260804T112808-196b791da6|EVENT|001110,1784164380.0
1273.1922023509,51.3279948951,3.8752142098,1273.1922023509,1111,1324.520197246,S1B-GER40Cash-20260804T112808-196b791da6|EVENT|001111,1784164440.0
1273.1922023509,51.3279948951,3.8752142098,1273.1922023509,1112,1324.520197246,S1B-GER40Cash-20260804T112808-196b791da6|EVENT|001112,1784164500.0
1273.1922023509,51.3279948951,3.8752142098,1273.1922023509,1113,1324.520197246,S1B-GER40Cash-20260804T112808-196b791da6|EVENT|001113,1784164560.0
1273.1922023509,51.3279948951,3.8752142098,1273.1922023509,1114,1324.520197246,S1B-GER40Cash-20260804T112808-196b791da6|EVENT|001114,1784164620.0
1273.1922023509,51.3279948951,3.8752142098,1273.1922023509,1115,1324.520197246,S1B-GER40Cash-20260804T112808-196b791da6|EVENT|001115,1784164680.0
1273.1922023509,51.3279948951,3.8752142098,1273.1922023509,1116,1324.520197246,S1B-GER40Cash-20260804T112808-196b791da6|EVENT|001116,1784164740.0
1273.1922023509,51.3279948951,3.8752142098,1273.1922023509,1117,1324.520197246,S1B-GER40Cash-20260804T112808-196b791da6|EVENT|001117,1784164800.0
1273.1922023509,51.3279948951,3.8752142098,1273.1922023509,1118,1324.520197246,S1B-GER40Cash-20260804T112808-196b791da6|EVENT|001118,1784164860.0
1273.1922023509,51.3279948951,3.8752142098,1273.1922023509,1119,1324.520197246,S1B-GER40Cash-20260804T112808-196b791da6|EVENT|001119,1784164920.0
1273.1922023509,51.3279948951,3.8752142098,1273.1922023509,1120,1324.520197246,S1B-GER40Cash-20260804T112808-196b791da6|EVENT|001120,1784164980.0
1273.1922023509,51.3279948951,3.8752142098,1273.1922023509,1121,1324.520197246,S1B-GER40Cash-20260804T112808-196b791da6|EVENT|001121,1784165040.0
1273.1922023509,51.3279948951,3.8752142098,1273.1922023509,1122,1324.520197246,S1B-GER40Cash-20260804T112808-196b791da6|EVENT|001122,1784165100.0
1273.1922023509,51.3279948951,3.8752142098,1273.1922023509,1123,1324.520197246,S1B-GER40Cash-20260804T112808-196b791da6|EVENT|001123,1784165160.0
1273.1922023509,51.3279948951,3.8752142098,1273.1922023509,1124,1324.520197246,S1B-GER40Cash-20260804T112808-196b791da6|EVENT|001124,1784165220.0
1273.1922023509,51.3279948951,3.8752142098,1273.1922023509,1125,1324.520197246,S1B-GER40Cash-20260804T112808-196b791da6|EVENT|001125,1784165280.0
1273.1922023509,51.3279948951,3.8752142098,1273.1922023509,1126,1324.520197246,S1B-GER40Cash-20260804T112808-196b791da6|EVENT|001126,1784165340.0
1273.1922023509,51.3279948951,3.8752142098,1273.1922023509,1127,1324.520197246,S1B-GER40Cash-20260804T112808-196b791da6|EVENT|001127,1784165400.0
1273.1922023509,51.3279948951,3.8752142098,1273.1922023509,1128,1324.520197246,S1B-GER40Cash-20260804T112808-196b791da6|EVENT|001128,1784165460.0
1273.1922023509,51.3279948951,3.8752142098,1273.1922023509,1129,1324.520197246,S1B-GER40Cash-20260804T112808-196b791da6|EVENT|001129,1784165520.0
1273.1922023509,51.3279948951,3.8752142098,1273.1922023509,1130,1324.520197246,S1B-GER40Cash-20260804T112808-196b791da6|EVENT|001130,1784165580.0
1273.1922023509,51.3279948951,3.8752142098,1273.1922023509,1131,1324.520197246,S1B-GER40Cash-20260804T112808-196b791da6|EVENT|001131,1784165640.0
1273.1922023509,51.3279948951,3.8752142098,1273.1922023509,1132,1324.520197246,S1B-GER40Cash-20260804T112808-196b791da6|EVENT|001132,1784165700.0
1273.1922023509,51.3279948951,3.8752142098,1273.1922023509,1133,1324.520197246,S1B-GER40Cash-20260804T112808-196b791da6|EVENT|001133,1784165760.0
1273.1922023509,51.3279948951,3.8752142098,1273.1922023509,1134,1324.520197246,S1B-GER40Cash-20260804T112808-196b791da6|EVENT|001134,1784165820.0
1273.1922023509,51.3279948951,3.8752142098,1273.1922023509,1135,1324.520197246,S1B-GER40Cash-20260804T112808-196b791da6|EVENT|001135,1784165880.0
1273.1922023509,51.3279948951,3.8752142098,1273.1922023509,1136,1324.520197246,S1B-GER40Cash-20260804T112808-196b791da6|EVENT|001136,1784165940.0
1273.1922023509,51.3279948951,3.8752142098,1273.1922023509,1137,1324.520197246,S1B-GER40Cash-20260804T112808-196b791da6|EVENT|001137,1784166000.0
1273.1922023509,51.3279948951,3.8752142098,1273.1922023509,1138,1324.520197246,S1B-GER40Cash-20260804T112808-196b791da6|EVENT|001138,1784166060.0
1273.1922023509,51.3279948951,3.8752142098,1273.1922023509,1139,1324.520197246,S1B-GER40Cash-20260804T112808-196b791da6|EVENT|001139,1784166120.0
1273.1922023509,51.3279948951,3.8752142098,1273.1922023509,1140,1324.520197246,S1B-GER40Cash-20260804T112808-196b791da6|EVENT|001140,1784166180.0
1273.1922023509,51.3279948951,3.8752142098,1273.1922023509,1141,1324.520197246,S1B-GER40Cash-20260804T112808-196b791da6|EVENT|001141,1784166240.0
1273.1922023509,51.3279948951,3.8752142098,1273.1922023509,1142,1324.520197246,S1B-GER40Cash-20260804T112808-196b791da6|EVENT|001142,1784166300.0
1273.1922023509,51.3279948951,3.8752142098,1273.1922023509,1143,1324.520197246,S1B-GER40Cash-20260804T112808-196b791da6|EVENT|001143,1784166360.0
1273.1922023509,51.3279948951,3.8752142098,1273.1922023509,1144,1324.520197246,S1B-GER40Cash-20260804T112808-196b791da6|EVENT|001144,1784166420.0
1273.1922023509,51.3279948951,3.8752142098,1273.1922023509,1145,1324.520197246,S1B-GER40Cash-20260804T112808-196b791da6|EVENT|001145,1784166480.0
1273.1922023509,51.3279948951,3.8752142098,1273.1922023509,1146,1324.520197246,S1B-GER40Cash-20260804T112808-196b791da6|EVENT|001146,1784166540.0
1273.1922023509,51.3279948951,3.8752142098,1273.1922023509,1147,1324.520197246,S1B-GER40Cash-20260804T112808-196b791da6|EVENT|001147,1784166600.0
1273.1922023509,51.3279948951,3.8752142098,1273.1922023509,1148,1324.520197246,S1B-GER40Cash-20260804T112808-196b791da6|EVENT|001148,1784166660.0
1273.1922023509,51.3279948951,3.8752142098,1273.1922023509,1149,1324.520197246,S1B-GER40Cash-20260804T112808-196b791da6|EVENT|001149,1784166720.0
1273.1922023509,51.3279948951,3.8752142098,1273.1922023509,1150,1324.520197246,S1B-GER40Cash-20260804T112808-196b791da6|EVENT|001150,1784166780.0
1273.1922023509,51.3279948951,3.8752142098,1273.1922023509,1151,1324.520197246,S1B-GER40Cash-20260804T112808-196b791da6|EVENT|001151,1784166840.0
1273.1922023509,51.3279948951,3.8752142098,1273.1922023509,1152,1324.520197246,S1B-GER40Cash-20260804T112808-196b791da6|EVENT|001152,1784166900.0
1273.1922023509,51.3279948951,3.8752142098,1273.1922023509,1153,1324.520197246,S1B-GER40Cash-20260804T112808-196b791da6|EVENT|001153,1784166960.0
1273.1922023509,51.3279948951,3.8752142098,1273.1922023509,1154,1324.520197246,S1B-GER40Cash-20260804T112808-196b791da6|EVENT|001154,1784167020.0
1273.1922023509,51.3279948951,3.8752142098,1273.1922023509,1155,1324.520197246,S1B-GER40Cash-20260804T112808-196b791da6|EVENT|001155,1784167080.0
1273.1922023509,51.3279948951,3.8752142098,1273.1922023509,1156,1324.520197246,S1B-GER40Cash-20260804T112808-196b791da6|EVENT|001156,1784167140.0
1273.1922023509,51.3279948951,3.8752142098,1273.1922023509,1157,1324.520197246,S1B-GER40Cash-20260804T112808-196b791da6|EVENT|001157,1784167200.0
1273.1922023509,51.3279948951,3.8752142098,1273.1922023509,1158,1324.520197246,S1B-GER40Cash-20260804T112808-196b791da6|EVENT|001158,1784167260.0
1273.1922023509,51.3279948951,3.8752142098,1273.1922023509,1159,1324.520197246,S1B-GER40Cash-20260804T112808-196b791da6|EVENT|001159,1784167320.0
1273.1922023509,51.3279948951,3.8752142098,1273.1922023509,1160,1324.520197246,S1B-GER40Cash-20260804T112808-196b791da6|EVENT|001160,1784167380.0
1273.1922023509,51.3279948951,3.8752142098,1273.1922023509,1161,1324.520197246,S1B-GER40Cash-20260804T112808-196b791da6|EVENT|001161,1784167440.0
1273.1922023509,51.3279948951,3.8752142098,1273.1922023509,1162,1324.520197246,S1B-GER40Cash-20260804T112808-196b791da6|EVENT|001162,1784167500.0
1273.1922023509,51.3279948951,3.8752142098,1273.1922023509,1163,1324.520197246,S1B-GER40Cash-20260804T112808-196b791da6|EVENT|001163,1784167560.0
1273.1922023509,51.3279948951,3.8752142098,1273.1922023509,1164,1324.520197246,S1B-GER40Cash-20260804T112808-196b791da6|EVENT|001164,1784167620.0
1273.1922023509,51.3279948951,3.8752142098,1273.1922023509,1165,1324.520197246,S1B-GER40Cash-20260804T112808-196b791da6|EVENT|001165,1784167680.0
1273.1922023509,51.3279948951,3.8752142098,1273.1922023509,1166,1324.520197246,S1B-GER40Cash-20260804T112808-196b791da6|EVENT|001166,1784167740.0
1273.1922023509,51.3279948951,3.8752142098,1273.1922023509,1167,1324.520197246,S1B-GER40Cash-20260804T112808-196b791da6|EVENT|001167,1784167800.0
1273.1922023509,51.3279948951,3.8752142098,1273.1922023509,1168,1324.520197246,S1B-GER40Cash-20260804T112808-196b791da6|EVENT|001168,1784167860.0
1273.1922023509,51.3279948951,3.8752142098,1273.1922023509,1169,1324.520197246,S1B-GER40Cash-20260804T112808-196b791da6|EVENT|001169,1784167920.0
1273.1922023509,51.3279948951,3.8752142098,1273.1922023509,1170,1324.520197246,S1B-GER40Cash-20260804T112808-196b791da6|EVENT|001170,1784167980.0
1273.1922023509,51.3279948951,3.8752142098,1273.1922023509,1171,1324.520197246,S1B-GER40Cash-20260804T112808-196b791da6|EVENT|001171,1784168040.0
1273.1922023509,51.3279948951,3.8752142098,1273.1922023509,1172,1324.520197246,S1B-GER40Cash-20260804T112808-196b791da6|EVENT|001172,1784168100.0
1273.1922023509,51.3279948951,3.8752142098,1273.1922023509,1173,1324.520197246,S1B-GER40Cash-20260804T112808-196b791da6|EVENT|001173,1784168160.0
1273.1922023509,51.3279948951,3.8752142098,1273.1922023509,1174,1324.520197246,S1B-GER40Cash-20260804T112808-196b791da6|EVENT|001174,1784168220.0
1273.1922023509,51.3279948951,3.8752142098,1273.1922023509,1175,1324.520197246,S1B-GER40Cash-20260804T112808-196b791da6|EVENT|001175,1784168280.0
1273.1922023509,51.3279948951,3.8752142098,1273.1922023509,1176,1324.520197246,S1B-GER40Cash-20260804T112808-196b791da6|EVENT|001176,1784168340.0
1273.1922023509,51.3279948951,3.8752142098,1273.1922023509,1177,1324.520197246,S1B-GER40Cash-20260804T112808-196b791da6|EVENT|001177,1784168400.0
1273.1922023509,51.3279948951,3.8752142098,1273.1922023509,1178,1324.520197246,S1B-GER40Cash-20260804T112808-196b791da6|EVENT|001178,1784168460.0
1273.1922023509,51.3279948951,3.8752142098,1273.1922023509,1179,1324.520197246,S1B-GER40Cash-20260804T112808-196b791da6|EVENT|001179,1784168520.0
1273.1922023509,51.3279948951,3.8752142098,1273.1922023509,1180,1324.520197246,S1B-GER40Cash-20260804T112808-196b791da6|EVENT|001180,1784168580.0
1273.1922023509,51.3279948951,3.8752142098,1273.1922023509,1181,1324.520197246,S1B-GER40Cash-20260804T112808-196b791da6|EVENT|001181,1784168640.0
1273.1922023509,51.3279948951,3.8752142098,1273.1922023509,1182,1324.520197246,S1B-GER40Cash-20260804T112808-196b791da6|EVENT|001182,1784168700.0
1273.1922023509,51.3279948951,3.8752142098,1273.1922023509,1183,1324.520197246,S1B-GER40Cash-20260804T112808-196b791da6|EVENT|001183,1784168760.0
1273.1922023509,51.3279948951,3.8752142098,1273.1922023509,1184,1324.520197246,S1B-GER40Cash-20260804T112808-196b791da6|EVENT|001184,1784168820.0
1273.1922023509,51.3279948951,3.8752142098,1273.1922023509,1185,1324.520197246,S1B-GER40Cash-20260804T112808-196b791da6|EVENT|001185,1784168880.0
1273.1922023509,51.3279948951,3.8752142098,1273.1922023509,1186,1324.520197246,S1B-GER40Cash-20260804T112808-196b791da6|EVENT|001186,1784168940.0
1273.1922023509,51.3279948951,3.8752142098,1273.1922023509,1187,1324.520197246,S1B-GER40Cash-20260804T112808-196b791da6|EVENT|001187,1784169000.0
1273.1922023509,51.3279948951,3.8752142098,1273.1922023509,1188,1324.520197246,S1B-GER40Cash-20260804T112808-196b791da6|EVENT|001188,1784169060.0
1273.1922023509,51.3279948951,3.8752142098,1273.1922023509,1189,1324.520197246,S1B-GER40Cash-20260804T112808-196b791da6|EVENT|001189,1784169120.0
1273.1922023509,51.3279948951,3.8752142098,1273.1922023509,1190,1324.520197246,S1B-GER40Cash-20260804T112808-196b791da6|EVENT|001190,1784169180.0
1273.1922023509,51.3279948951,3.8752142098,1273.1922023509,1191,1324.520197246,S1B-GER40Cash-20260804T112808-196b791da6|EVENT|001191,1784169240.0
1273.1922023509,51.3279948951,3.8752142098,1273.1922023509,1192,1324.520197246,S1B-GER40Cash-20260804T112808-196b791da6|EVENT|001192,1784169300.0
1273.1922023509,51.3279948951,3.8752142098,1273.1922023509,1193,1324.520197246,S1B-GER40Cash-20260804T112808-196b791da6|EVENT|001193,1784169360.0
1273.1922023509,51.3279948951,3.8752142098,1273.1922023509,1194,1324.520197246,S1B-GER40Cash-20260804T112808-196b791da6|EVENT|001194,1784169420.0
1273.1922023509,51.3279948951,3.8752142098,1273.1922023509,1195,1324.520197246,S1B-GER40Cash-20260804T112808-196b791da6|EVENT|001195,1784169480.0
1273.1922023509,51.3279948951,3.8752142098,1273.1922023509,1196,1324.520197246,S1B-GER40Cash-20260804T112808-196b791da6|EVENT|001196,1784169540.0
1273.1922023509,51.3279948951,3.8752142098,1273.1922023509,1197,1324.520197246,S1B-GER40Cash-20260804T112808-196b791da6|EVENT|001197,1784169600.0
1273.1922023509,51.3279948951,3.8752142098,1273.1922023509,1198,1324.520197246,S1B-GER40Cash-20260804T112808-196b791da6|EVENT|001198,1784169660.0
1273.1922023509,51.3279948951,3.8752142098,1273.1922023509,1199,1324.520197246,S1B-GER40Cash-20260804T112808-196b791da6|EVENT|001199,1784169720.0
1273.1922023509,51.3279948951,3.8752142098,1273.1922023509,1200,1324.520197246,S1B-GER40Cash-20260804T112808-196b791da6|EVENT|001200,1784169780.0
1273.1922023509,51.3279948951,3.8752142098,1273.1922023509,1201,1324.520197246,S1B-GER40Cash-20260804T112808-196b791da6|EVENT|001201,1784169840.0
1273.1922023509,51.3279948951,3.8752142098,1273.1922023509,1202,1324.520197246,S1B-GER40Cash-20260804T112808-196b791da6|EVENT|001202,1784169900.0
1273.1922023509,51.3279948951,3.8752142098,1273.1922023509,1203,1324.520197246,S1B-GER40Cash-20260804T112808-196b791da6|EVENT|001203,1784169960.0
1273.1922023509,51.3279948951,3.8752142098,1273.1922023509,1204,1324.520197246,S1B-GER40Cash-20260804T112808-196b791da6|EVENT|001204,1784170020.0
1273.1922023509,51.3279948951,3.8752142098,1273.1922023509,1205,1324.520197246,S1B-GER40Cash-20260804T112808-196b791da6|EVENT|001205,1784170080.0
1273.1922023509,51.3279948951,3.8752142098,1273.1922023509,1206,1324.520197246,S1B-GER40Cash-20260804T112808-196b791da6|EVENT|001206,1784170140.0
1273.1922023509,51.3279948951,3.8752142098,1273.1922023509,1207,1324.520197246,S1B-GER40Cash-20260804T112808-196b791da6|EVENT|001207,1784170200.0
1273.1922023509,51.3279948951,3.8752142098,1273.1922023509,1208,1324.520197246,S1B-GER40Cash-20260804T112808-196b791da6|EVENT|001208,1784170260.0
1273.1922023509,51.3279948951,3.8752142098,1273.1922023509,1209,1324.520197246,S1B-GER40Cash-20260804T112808-196b791da6|EVENT|001209,1784170320.0
1273.1922023509,51.3279948951,3.8752142098,1273.1922023509,1210,1324.520197246,S1B-GER40Cash-20260804T112808-196b791da6|EVENT|001210,1784170380.0
1273.1922023509,51.3279948951,3.8752142098,1273.1922023509,1211,1324.520197246,S1B-GER40Cash-20260804T112808-196b791da6|EVENT|001211,1784170440.0
1273.1922023509,51.3279948951,3.8752142098,1273.1922023509,1212,1324.520197246,S1B-GER40Cash-20260804T112808-196b791da6|EVENT|001212,1784170500.0
1273.1922023509,51.3279948951,3.8752142098,1273.1922023509,1213,1324.520197246,S1B-GER40Cash-20260804T112808-196b791da6|EVENT|001213,1784170560.0
1273.1922023509,51.3279948951,3.8752142098,1273.1922023509,1214,1324.520197246,S1B-GER40Cash-20260804T112808-196b791da6|EVENT|001214,1784170620.0
1273.1922023509,51.3279948951,3.8752142098,1273.1922023509,1215,1324.520197246,S1B-GER40Cash-20260804T112808-196b791da6|EVENT|001215,1784170680.0
1273.1922023509,51.3279948951,3.8752142098,1273.1922023509,1216,1324.520197246,S1B-GER40Cash-20260804T112808-196b791da6|EVENT|001216,1784170740.0
1273.1922023509,51.3279948951,3.8752142098,1273.1922023509,1217,1324.520197246,S1B-GER40Cash-20260804T112808-196b791da6|EVENT|001217,1784170800.0
1273.1922023509,51.3279948951,3.8752142098,1273.1922023509,1218,1324.520197246,S1B-GER40Cash-20260804T112808-196b791da6|EVENT|001218,1784171760.0
1273.1922023509,51.3279948951,3.8752142098,1273.1922023509,1219,1324.520197246,S1B-GER40Cash-20260804T112808-196b791da6|EVENT|001219,1784171820.0
1273.1922023509,51.3279948951,3.8752142098,1273.1922023509,1220,1324.520197246,S1B-GER40Cash-20260804T112808-196b791da6|EVENT|001220,1784171880.0
1273.1922023509,51.3279948951,3.8752142098,1273.1922023509,1221,1324.520197246,S1B-GER40Cash-20260804T112808-196b791da6|EVENT|001221,1784171940.0
1273.1922023509,51.3279948951,3.8752142098,1273.1922023509,1222,1324.520197246,S1B-GER40Cash-20260804T112808-196b791da6|EVENT|001222,1784172000.0
1273.1922023509,51.3279948951,3.8752142098,1273.1922023509,1223,1324.520197246,S1B-GER40Cash-20260804T112808-196b791da6|EVENT|001223,1784172060.0
1273.1922023509,51.3279948951,3.8752142098,1273.1922023509,1224,1324.520197246,S1B-GER40Cash-20260804T112808-196b791da6|EVENT|001224,1784172120.0
1273.1922023509,51.3279948951,3.8752142098,1273.1922023509,1225,1324.520197246,S1B-GER40Cash-20260804T112808-196b791da6|EVENT|001225,1784172180.0
1273.1922023509,51.3279948951,3.8752142098,1273.1922023509,1226,1324.520197246,S1B-GER40Cash-20260804T112808-196b791da6|EVENT|001226,1784172240.0
1273.1922023509,51.3279948951,3.8752142098,1273.1922023509,1227,1324.520197246,S1B-GER40Cash-20260804T112808-196b791da6|EVENT|001227,1784172300.0
1273.1922023509,51.3279948951,3.8752142098,1273.1922023509,1228,1324.520197246,S1B-GER40Cash-20260804T112808-196b791da6|EVENT|001228,1784172360.0
1273.1922023509,51.3279948951,3.8752142098,1273.1922023509,1229,1324.520197246,S1B-GER40Cash-20260804T112808-196b791da6|EVENT|001229,1784172420.0
1273.1922023509,51.3279948951,3.8752142098,1273.1922023509,1230,1324.520197246,S1B-GER40Cash-20260804T112808-196b791da6|EVENT|001230,1784172480.0
1273.1922023509,51.3279948951,3.8752142098,1273.1922023509,1231,1324.520197246,S1B-GER40Cash-20260804T112808-196b791da6|EVENT|001231,1784172540.0
1273.1922023509,51.3279948951,3.8752142098,1273.1922023509,1232,1324.520197246,S1B-GER40Cash-20260804T112808-196b791da6|EVENT|001232,1784172600.0
1273.1922023509,51.3279948951,3.8752142098,1273.1922023509,1233,1324.520197246,S1B-GER40Cash-20260804T112808-196b791da6|EVENT|001233,1784172660.0
1273.1922023509,51.3279948951,3.8752142098,1273.1922023509,1234,1324.520197246,S1B-GER40Cash-20260804T112808-196b791da6|EVENT|001234,1784172720.0
1273.1922023509,51.3279948951,3.8752142098,1273.1922023509,1235,1324.520197246,S1B-GER40Cash-20260804T112808-196b791da6|EVENT|001235,1784172780.0
1273.1922023509,51.3279948951,3.8752142098,1273.1922023509,1236,1324.520197246,S1B-GER40Cash-20260804T112808-196b791da6|EVENT|001236,1784172840.0
1273.1922023509,51.3279948951,3.8752142098,1273.1922023509,1237,1324.520197246,S1B-GER40Cash-20260804T112808-196b791da6|EVENT|001237,1784172900.0
1273.1922023509,51.3279948951,3.8752142098,1273.1922023509,1238,1324.520197246,S1B-GER40Cash-20260804T112808-196b791da6|EVENT|001238,1784172960.0
1273.1922023509,51.3279948951,3.8752142098,1273.1922023509,1239,1324.520197246,S1B-GER40Cash-20260804T112808-196b791da6|EVENT|001239,1784173020.0
1273.1922023509,51.3279948951,3.8752142098,1273.1922023509,1240,1324.520197246,S1B-GER40Cash-20260804T112808-196b791da6|EVENT|001240,1784173080.0
1273.1922023509,51.3279948951,3.8752142098,1273.1922023509,1241,1324.520197246,S1B-GER40Cash-20260804T112808-196b791da6|EVENT|001241,1784173140.0
1273.1922023509,51.3279948951,3.8752142098,1273.1922023509,1242,1324.520197246,S1B-GER40Cash-20260804T112808-196b791da6|EVENT|001242,1784173200.0
1273.1922023509,51.3279948951,3.8752142098,1273.1922023509,1243,1324.520197246,S1B-GER40Cash-20260804T112808-196b791da6|EVENT|001243,1784173260.0
1273.1922023509,51.3279948951,3.8752142098,1273.1922023509,1244,1324.520197246,S1B-GER40Cash-20260804T112808-196b791da6|EVENT|001244,1784173320.0
1273.1922023509,51.3279948951,3.8752142098,1273.1922023509,1245,1324.520197246,S1B-GER40Cash-20260804T112808-196b791da6|EVENT|001245,1784173380.0
1273.1922023509,51.3279948951,3.8752142098,1273.1922023509,1246,1324.520197246,S1B-GER40Cash-20260804T112808-196b791da6|EVENT|001246,1784173440.0
1273.1922023509,51.3279948951,3.8752142098,1273.1922023509,1247,1324.520197246,S1B-GER40Cash-20260804T112808-196b791da6|EVENT|001247,1784173500.0
1273.1922023509,51.3279948951,3.8752142098,1273.1922023509,1248,1324.520197246,S1B-GER40Cash-20260804T112808-196b791da6|EVENT|001248,1784173560.0
1273.1922023509,51.3279948951,3.8752142098,1273.1922023509,1249,1324.520197246,S1B-GER40Cash-20260804T112808-196b791da6|EVENT|001249,1784173620.0
1273.1922023509,51.3279948951,3.8752142098,1273.1922023509,1250,1324.520197246,S1B-GER40Cash-20260804T112808-196b791da6|EVENT|001250,1784173680.0
1273.1922023509,51.3279948951,3.8752142098,1273.1922023509,1251,1324.520197246,S1B-GER40Cash-20260804T112808-196b791da6|EVENT|001251,1784173740.0
1273.1922023509,51.3279948951,3.8752142098,1273.1922023509,1252,1324.520197246,S1B-GER40Cash-20260804T112808-196b791da6|EVENT|001252,1784173800.0
1273.1922023509,51.3279948951,3.8752142098,1273.1922023509,1253,1324.520197246,S1B-GER40Cash-20260804T112808-196b791da6|EVENT|001253,1784173860.0
1273.1922023509,51.3279948951,3.8752142098,1273.1922023509,1254,1324.520197246,S1B-GER40Cash-20260804T112808-196b791da6|EVENT|001254,1784173920.0
1273.1922023509,51.3279948951,3.8752142098,1273.1922023509,1255,1324.520197246,S1B-GER40Cash-20260804T112808-196b791da6|EVENT|001255,1784173980.0
1273.1922023509,51.3279948951,3.8752142098,1273.1922023509,1256,1324.520197246,S1B-GER40Cash-20260804T112808-196b791da6|EVENT|001256,1784174040.0
1273.1922023509,51.3279948951,3.8752142098,1273.1922023509,1257,1324.520197246,S1B-GER40Cash-20260804T112808-196b791da6|EVENT|001257,1784174100.0
1273.1922023509,51.3279948951,3.8752142098,1273.1922023509,1258,1324.520197246,S1B-GER40Cash-20260804T112808-196b791da6|EVENT|001258,1784174160.0
1273.1922023509,51.3279948951,3.8752142098,1273.1922023509,1259,1324.520197246,S1B-GER40Cash-20260804T112808-196b791da6|EVENT|001259,1784174220.0
1273.1922023509,51.3279948951,3.8752142098,1273.1922023509,1260,1324.520197246,S1B-GER40Cash-20260804T112808-196b791da6|EVENT|001260,1784174280.0
1273.1922023509,51.3279948951,3.8752142098,1273.1922023509,1261,1324.520197246,S1B-GER40Cash-20260804T112808-196b791da6|EVENT|001261,1784174340.0
1273.1922023509,51.3279948951,3.8752142098,1273.1922023509,1262,1324.520197246,S1B-GER40Cash-20260804T112808-196b791da6|EVENT|001262,1784174400.0
1273.1922023509,51.3279948951,3.8752142098,1273.1922023509,1263,1324.520197246,S1B-GER40Cash-20260804T112808-196b791da6|EVENT|001263,1784174460.0
1273.1922023509,51.3279948951,3.8752142098,1273.1922023509,1264,1324.520197246,S1B-GER40Cash-20260804T112808-196b791da6|EVENT|001264,1784174520.0
1273.1922023509,51.3279948951,3.8752142098,1273.1922023509,1265,1324.520197246,S1B-GER40Cash-20260804T112808-196b791da6|EVENT|001265,1784174580.0
1273.1922023509,51.3279948951,3.8752142098,1273.1922023509,1266,1324.520197246,S1B-GER40Cash-20260804T112808-196b791da6|EVENT|001266,1784174640.0
1273.1922023509,51.3279948951,3.8752142098,1273.1922023509,1267,1324.520197246,S1B-GER40Cash-20260804T112808-196b791da6|EVENT|001267,1784174700.0
1273.1922023509,51.3279948951,3.8752142098,1273.1922023509,1268,1324.520197246,S1B-GER40Cash-20260804T112808-196b791da6|EVENT|001268,1784174760.0
1273.1922023509,51.3279948951,3.8752142098,1273.1922023509,1269,1324.520197246,S1B-GER40Cash-20260804T112808-196b791da6|EVENT|001269,1784174820.0
1273.1922023509,51.3279948951,3.8752142098,1273.1922023509,1270,1324.520197246,S1B-GER40Cash-20260804T112808-196b791da6|EVENT|001270,1784174880.0
1273.1922023509,51.3279948951,3.8752142098,1273.1922023509,1271,1324.520197246,S1B-GER40Cash-20260804T112808-196b791da6|EVENT|001271,1784174940.0
1273.1922023509,51.3279948951,3.8752142098,1273.1922023509,1272,1324.520197246,S1B-GER40Cash-20260804T112808-196b791da6|EVENT|001272,1784175000.0
1273.1922023509,51.3279948951,3.8752142098,1273.1922023509,1273,1324.520197246,S1B-GER40Cash-20260804T112808-196b791da6|EVENT|001273,1784175060.0
1273.1922023509,51.3279948951,3.8752142098,1273.1922023509,1274,1324.520197246,S1B-GER40Cash-20260804T112808-196b791da6|EVENT|001274,1784175120.0
1273.1922023509,51.3279948951,3.8752142098,1273.1922023509,1275,1324.520197246,S1B-GER40Cash-20260804T112808-196b791da6|EVENT|001275,1784175180.0
1273.1922023509,51.3279948951,3.8752142098,1273.1922023509,1276,1324.520197246,S1B-GER40Cash-20260804T112808-196b791da6|EVENT|001276,1784175240.0
1273.1922023509,51.3279948951,3.8752142098,1273.1922023509,1277,1324.520197246,S1B-GER40Cash-20260804T112808-196b791da6|EVENT|001277,1784175300.0
1273.1922023509,51.3279948951,3.8752142098,1273.1922023509,1278,1324.520197246,S1B-GER40Cash-20260804T112808-196b791da6|EVENT|001278,1784175360.0
1273.1922023509,51.3279948951,3.8752142098,1273.1922023509,1279,1324.520197246,S1B-GER40Cash-20260804T112808-196b791da6|EVENT|001279,1784175420.0
1273.1922023509,51.3279948951,3.8752142098,1273.1922023509,1280,1324.520197246,S1B-GER40Cash-20260804T112808-196b791da6|EVENT|001280,1784175480.0
1273.1922023509,51.3279948951,3.8752142098,1273.1922023509,1281,1324.520197246,S1B-GER40Cash-20260804T112808-196b791da6|EVENT|001281,1784175540.0
1273.1922023509,51.3279948951,3.8752142098,1273.1922023509,1282,1324.520197246,S1B-GER40Cash-20260804T112808-196b791da6|EVENT|001282,1784175600.0
1273.1922023509,51.3279948951,3.8752142098,1273.1922023509,1283,1324.520197246,S1B-GER40Cash-20260804T112808-196b791da6|EVENT|001283,1784175660.0
1273.1922023509,51.3279948951,3.8752142098,1273.1922023509,1284,1324.520197246,S1B-GER40Cash-20260804T112808-196b791da6|EVENT|001284,1784175720.0
1273.1922023509,51.3279948951,3.8752142098,1273.1922023509,1285,1324.520197246,S1B-GER40Cash-20260804T112808-196b791da6|EVENT|001285,1784175780.0
1273.1922023509,51.3279948951,3.8752142098,1273.1922023509,1286,1324.520197246,S1B-GER40Cash-20260804T112808-196b791da6|EVENT|001286,1784175840.0
1273.1922023509,51.3279948951,3.8752142098,1273.1922023509,1287,1324.520197246,S1B-GER40Cash-20260804T112808-196b791da6|EVENT|001287,1784175900.0
1273.1922023509,51.3279948951,3.8752142098,1273.1922023509,1288,1324.520197246,S1B-GER40Cash-20260804T112808-196b791da6|EVENT|001288,1784175960.0
1273.1922023509,51.3279948951,3.8752142098,1273.1922023509,1289,1324.520197246,S1B-GER40Cash-20260804T112808-196b791da6|EVENT|001289,1784176020.0
1273.1922023509,51.3279948951,3.8752142098,1273.1922023509,1290,1324.520197246,S1B-GER40Cash-20260804T112808-196b791da6|EVENT|001290,1784176080.0
1273.1922023509,51.3279948951,3.8752142098,1273.1922023509,1291,1324.520197246,S1B-GER40Cash-20260804T112808-196b791da6|EVENT|001291,1784176140.0
1273.1922023509,51.3279948951,3.8752142098,1273.1922023509,1292,1324.520197246,S1B-GER40Cash-20260804T112808-196b791da6|EVENT|001292,1784176200.0
1273.1922023509,51.3279948951,3.8752142098,1273.1922023509,1293,1324.520197246,S1B-GER40Cash-20260804T112808-196b791da6|EVENT|001293,1784176260.0
1273.1922023509,51.3279948951,3.8752142098,1273.1922023509,1294,1324.520197246,S1B-GER40Cash-20260804T112808-196b791da6|EVENT|001294,1784176320.0
1273.1922023509,51.3279948951,3.8752142098,1273.1922023509,1295,1324.520197246,S1B-GER40Cash-20260804T112808-196b791da6|EVENT|001295,1784176380.0
1273.1922023509,51.3279948951,3.8752142098,1273.1922023509,1296,1324.520197246,S1B-GER40Cash-20260804T112808-196b791da6|EVENT|001296,1784176440.0
1273.1922023509,51.3279948951,3.8752142098,1273.1922023509,1297,1324.520197246,S1B-GER40Cash-20260804T112808-196b791da6|EVENT|001297,1784176500.0
1273.1922023509,51.3279948951,3.8752142098,1273.1922023509,1298,1324.520197246,S1B-GER40Cash-20260804T112808-196b791da6|EVENT|001298,1784176560.0
1273.1922023509,51.3279948951,3.8752142098,1273.1922023509,1299,1324.520197246,S1B-GER40Cash-20260804T112808-196b791da6|EVENT|001299,1784176620.0
1273.1922023509,51.3279948951,3.8752142098,1273.1922023509,1300,1324.520197246,S1B-GER40Cash-20260804T112808-196b791da6|EVENT|001300,1784176680.0
1273.1922023509,51.3279948951,3.8752142098,1273.1922023509,1301,1324.520197246,S1B-GER40Cash-20260804T112808-196b791da6|EVENT|001301,1784176740.0
1273.1922023509,51.3279948951,3.8752142098,1273.1922023509,1302,1324.520197246,S1B-GER40Cash-20260804T112808-196b791da6|EVENT|001302,1784176800.0
1273.1922023509,51.3279948951,3.8752142098,1273.1922023509,1303,1324.520197246,S1B-GER40Cash-20260804T112808-196b791da6|EVENT|001303,1784176860.0
1273.1922023509,51.3279948951,3.8752142098,1273.1922023509,1304,1324.520197246,S1B-GER40Cash-20260804T112808-196b791da6|EVENT|001304,1784176920.0
1273.1922023509,51.3279948951,3.8752142098,1273.1922023509,1305,1324.520197246,S1B-GER40Cash-20260804T112808-196b791da6|EVENT|001305,1784176980.0
1273.1922023509,51.3279948951,3.8752142098,1273.1922023509,1306,1324.520197246,S1B-GER40Cash-20260804T112808-196b791da6|EVENT|001306,1784177040.0
1273.1922023509,51.3279948951,3.8752142098,1273.1922023509,1307,1324.520197246,S1B-GER40Cash-20260804T112808-196b791da6|EVENT|001307,1784177100.0
1273.1922023509,51.3279948951,3.8752142098,1273.1922023509,1308,1324.520197246,S1B-GER40Cash-20260804T112808-196b791da6|EVENT|001308,1784177160.0
1273.1922023509,51.3279948951,3.8752142098,1273.1922023509,1309,1324.520197246,S1B-GER40Cash-20260804T112808-196b791da6|EVENT|001309,1784177220.0
1273.1922023509,51.3279948951,3.8752142098,1273.1922023509,1310,1324.520197246,S1B-GER40Cash-20260804T112808-196b791da6|EVENT|001310,1784177280.0
1273.1922023509,51.3279948951,3.8752142098,1273.1922023509,1311,1324.520197246,S1B-GER40Cash-20260804T112808-196b791da6|EVENT|001311,1784177340.0
1273.1922023509,51.3279948951,3.8752142098,1273.1922023509,1312,1324.520197246,S1B-GER40Cash-20260804T112808-196b791da6|EVENT|001312,1784177400.0
1273.1922023509,51.3279948951,3.8752142098,1273.1922023509,1313,1324.520197246,S1B-GER40Cash-20260804T112808-196b791da6|EVENT|001313,1784177460.0
1273.1922023509,51.3279948951,3.8752142098,1273.1922023509,1314,1324.520197246,S1B-GER40Cash-20260804T112808-196b791da6|EVENT|001314,1784177520.0
1273.1922023509,51.3279948951,3.8752142098,1273.1922023509,1315,1324.520197246,S1B-GER40Cash-20260804T112808-196b791da6|EVENT|001315,1784177580.0
1273.1922023509,51.3279948951,3.8752142098,1273.1922023509,1316,1324.520197246,S1B-GER40Cash-20260804T112808-196b791da6|EVENT|001316,1784177640.0
1273.1922023509,51.3279948951,3.8752142098,1273.1922023509,1317,1324.520197246,S1B-GER40Cash-20260804T112808-196b791da6|EVENT|001317,1784177700.0
1273.1922023509,51.3279948951,3.8752142098,1273.1922023509,1318,1324.520197246,S1B-GER40Cash-20260804T112808-196b791da6|EVENT|001318,1784177760.0
1273.1922023509,51.3279948951,3.8752142098,1273.1922023509,1319,1324.520197246,S1B-GER40Cash-20260804T112808-196b791da6|EVENT|001319,1784177820.0
1273.1922023509,51.3279948951,3.8752142098,1273.1922023509,1320,1324.520197246,S1B-GER40Cash-20260804T112808-196b791da6|EVENT|001320,1784177880.0
1273.1922023509,51.3279948951,3.8752142098,1273.1922023509,1321,1324.520197246,S1B-GER40Cash-20260804T112808-196b791da6|EVENT|001321,1784177940.0
1273.1922023509,51.3279948951,3.8752142098,1273.1922023509,1322,1324.520197246,S1B-GER40Cash-20260804T112808-196b791da6|EVENT|001322,1784178000.0
1273.1922023509,51.3279948951,3.8752142098,1273.1922023509,1323,1324.520197246,S1B-GER40Cash-20260804T112808-196b791da6|EVENT|001323,1784178060.0
1273.1922023509,51.3279948951,3.8752142098,1273.1922023509,1324,1324.520197246,S1B-GER40Cash-20260804T112808-196b791da6|EVENT|001324,1784178120.0
1273.1922023509,51.3279948951,3.8752142098,1273.1922023509,1325,1324.520197246,S1B-GER40Cash-20260804T112808-196b791da6|EVENT|001325,1784178180.0
1273.1922023509,51.3279948951,3.8752142098,1273.1922023509,1326,1324.520197246,S1B-GER40Cash-20260804T112808-196b791da6|EVENT|001326,1784178240.0
1273.1922023509,51.3279948951,3.8752142098,1273.1922023509,1327,1324.520197246,S1B-GER40Cash-20260804T112808-196b791da6|EVENT|001327,1784178300.0
1273.1922023509,51.3279948951,3.8752142098,1273.1922023509,1328,1324.520197246,S1B-GER40Cash-20260804T112808-196b791da6|EVENT|001328,1784178360.0
1273.1922023509,51.3279948951,3.8752142098,1273.1922023509,1329,1324.520197246,S1B-GER40Cash-20260804T112808-196b791da6|EVENT|001329,1784178420.0
1273.1922023509,51.3279948951,3.8752142098,1273.1922023509,1330,1324.520197246,S1B-GER40Cash-20260804T112808-196b791da6|EVENT|001330,1784178480.0
1273.1922023509,51.3279948951,3.8752142098,1273.1922023509,1331,1324.520197246,S1B-GER40Cash-20260804T112808-196b791da6|EVENT|001331,1784178540.0
1273.1922023509,51.3279948951,3.8752142098,1273.1922023509,1332,1324.520197246,S1B-GER40Cash-20260804T112808-196b791da6|EVENT|001332,1784178600.0
1273.1922023509,51.3279948951,3.8752142098,1273.1922023509,1333,1324.520197246,S1B-GER40Cash-20260804T112808-196b791da6|EVENT|001333,1784178660.0
1273.1922023509,51.3279948951,3.8752142098,1273.1922023509,1334,1324.520197246,S1B-GER40Cash-20260804T112808-196b791da6|EVENT|001334,1784178720.0
1273.1922023509,51.3279948951,3.8752142098,1273.1922023509,1335,1324.520197246,S1B-GER40Cash-20260804T112808-196b791da6|EVENT|001335,1784178780.0
1273.1922023509,51.3279948951,3.8752142098,1273.1922023509,1336,1324.520197246,S1B-GER40Cash-20260804T112808-196b791da6|EVENT|001336,1784178840.0
1273.1922023509,51.3279948951,3.8752142098,1273.1922023509,1337,1324.520197246,S1B-GER40Cash-20260804T112808-196b791da6|EVENT|001337,1784178900.0
1273.1922023509,51.3279948951,3.8752142098,1273.1922023509,1338,1324.520197246,S1B-GER40Cash-20260804T112808-196b791da6|EVENT|001338,1784178960.0
1273.1922023509,51.3279948951,3.8752142098,1273.1922023509,1339,1324.520197246,S1B-GER40Cash-20260804T112808-196b791da6|EVENT|001339,1784179020.0
1273.1922023509,51.3279948951,3.8752142098,1273.1922023509,1340,1324.520197246,S1B-GER40Cash-20260804T112808-196b791da6|EVENT|001340,1784179080.0
1273.1922023509,51.3279948951,3.8752142098,1273.1922023509,1341,1324.520197246,S1B-GER40Cash-20260804T112808-196b791da6|EVENT|001341,1784179140.0
1273.1922023509,51.3279948951,3.8752142098,1273.1922023509,1342,1324.520197246,S1B-GER40Cash-20260804T112808-196b791da6|EVENT|001342,1784179200.0
1273.1922023509,51.3279948951,3.8752142098,1273.1922023509,1343,1324.520197246,S1B-GER40Cash-20260804T112808-196b791da6|EVENT|001343,1784179260.0
1273.1922023509,51.3279948951,3.8752142098,1273.1922023509,1344,1324.520197246,S1B-GER40Cash-20260804T112808-196b791da6|EVENT|001344,1784179320.0
1273.1922023509,51.3279948951,3.8752142098,1273.1922023509,1345,1324.520197246,S1B-GER40Cash-20260804T112808-196b791da6|EVENT|001345,1784179380.0
1273.1922023509,51.3279948951,3.8752142098,1273.1922023509,1346,1324.520197246,S1B-GER40Cash-20260804T112808-196b791da6|EVENT|001346,1784179440.0
1273.1922023509,51.3279948951,3.8752142098,1273.1922023509,1347,1324.520197246,S1B-GER40Cash-20260804T112808-196b791da6|EVENT|001347,1784179500.0
1273.1922023509,51.3279948951,3.8752142098,1273.1922023509,1348,1324.520197246,S1B-GER40Cash-20260804T112808-196b791da6|EVENT|001348,1784179560.0
1273.1922023509,51.3279948951,3.8752142098,1273.1922023509,1349,1324.520197246,S1B-GER40Cash-20260804T112808-196b791da6|EVENT|001349,1784179620.0
1273.1922023509,51.3279948951,3.8752142098,1273.1922023509,1350,1324.520197246,S1B-GER40Cash-20260804T112808-196b791da6|EVENT|001350,1784179680.0
1273.1922023509,51.3279948951,3.8752142098,1273.1922023509,1351,1324.520197246,S1B-GER40Cash-20260804T112808-196b791da6|EVENT|001351,1784179740.0
1273.1922023509,51.3279948951,3.8752142098,1273.1922023509,1352,1324.520197246,S1B-GER40Cash-20260804T112808-196b791da6|EVENT|001352,1784179800.0
1273.1922023509,51.3279948951,3.8752142098,1273.1922023509,1353,1324.520197246,S1B-GER40Cash-20260804T112808-196b791da6|EVENT|001353,1784179860.0
1273.1922023509,51.3279948951,3.8752142098,1273.1922023509,1354,1324.520197246,S1B-GER40Cash-20260804T112808-196b791da6|EVENT|001354,1784179920.0
1273.1922023509,51.3279948951,3.8752142098,1273.1922023509,1355,1324.520197246,S1B-GER40Cash-20260804T112808-196b791da6|EVENT|001355,1784179980.0
1273.1922023509,51.3279948951,3.8752142098,1273.1922023509,1356,1324.520197246,S1B-GER40Cash-20260804T112808-196b791da6|EVENT|001356,1784180040.0
1273.1922023509,51.3279948951,3.8752142098,1273.1922023509,1357,1324.520197246,S1B-GER40Cash-20260804T112808-196b791da6|EVENT|001357,1784180100.0
1273.1922023509,51.3279948951,3.8752142098,1273.1922023509,1358,1324.520197246,S1B-GER40Cash-20260804T112808-196b791da6|EVENT|001358,1784180160.0
1273.1922023509,51.3279948951,3.8752142098,1273.1922023509,1359,1324.520197246,S1B-GER40Cash-20260804T112808-196b791da6|EVENT|001359,1784180220.0
1273.1922023509,51.3279948951,3.8752142098,1273.1922023509,1360,1324.520197246,S1B-GER40Cash-20260804T112808-196b791da6|EVENT|001360,1784180280.0
1273.1922023509,51.3279948951,3.8752142098,1273.1922023509,1361,1324.520197246,S1B-GER40Cash-20260804T112808-196b791da6|EVENT|001361,1784180340.0
1273.1922023509,51.3279948951,3.8752142098,1273.1922023509,1362,1324.520197246,S1B-GER40Cash-20260804T112808-196b791da6|EVENT|001362,1784180400.0
1273.1922023509,51.3279948951,3.8752142098,1273.1922023509,1363,1324.520197246,S1B-GER40Cash-20260804T112808-196b791da6|EVENT|001363,1784180460.0
1273.1922023509,51.3279948951,3.8752142098,1273.1922023509,1364,1324.520197246,S1B-GER40Cash-20260804T112808-196b791da6|EVENT|001364,1784180520.0
1273.1922023509,51.3279948951,3.8752142098,1273.1922023509,1365,1324.520197246,S1B-GER40Cash-20260804T112808-196b791da6|EVENT|001365,1784180580.0
1273.1922023509,51.3279948951,3.8752142098,1273.1922023509,1366,1324.520197246,S1B-GER40Cash-20260804T112808-196b791da6|EVENT|001366,1784180640.0
1273.1922023509,51.3279948951,3.8752142098,1273.1922023509,1367,1324.520197246,S1B-GER40Cash-20260804T112808-196b791da6|EVENT|001367,1784180700.0
1273.1922023509,51.3279948951,3.8752142098,1273.1922023509,1368,1324.520197246,S1B-GER40Cash-20260804T112808-196b791da6|EVENT|001368,1784180760.0
1273.1922023509,51.3279948951,3.8752142098,1273.1922023509,1369,1324.520197246,S1B-GER40Cash-20260804T112808-196b791da6|EVENT|001369,1784180820.0
1273.1922023509,51.3279948951,3.8752142098,1273.1922023509,1370,1324.520197246,S1B-GER40Cash-20260804T112808-196b791da6|EVENT|001370,1784180880.0
1273.1922023509,51.3279948951,3.8752142098,1273.1922023509,1371,1324.520197246,S1B-GER40Cash-20260804T112808-196b791da6|EVENT|001371,1784180940.0
1273.1922023509,51.3279948951,3.8752142098,1273.1922023509,1372,1324.520197246,S1B-GER40Cash-20260804T112808-196b791da6|EVENT|001372,1784181000.0
1273.1922023509,51.3279948951,3.8752142098,1273.1922023509,1373,1324.520197246,S1B-GER40Cash-20260804T112808-196b791da6|EVENT|001373,1784181060.0
1273.1922023509,51.3279948951,3.8752142098,1273.1922023509,1374,1324.520197246,S1B-GER40Cash-20260804T112808-196b791da6|EVENT|001374,1784181120.0
1273.1922023509,51.3279948951,3.8752142098,1273.1922023509,1375,1324.520197246,S1B-GER40Cash-20260804T112808-196b791da6|EVENT|001375,1784181180.0
1273.1922023509,51.3279948951,3.8752142098,1273.1922023509,1376,1324.520197246,S1B-GER40Cash-20260804T112808-196b791da6|EVENT|001376,1784181240.0
1273.1922023509,51.3279948951,3.8752142098,1273.1922023509,1377,1324.520197246,S1B-GER40Cash-20260804T112808-196b791da6|EVENT|001377,1784181300.0
1273.1922023509,51.3279948951,3.8752142098,1273.1922023509,1378,1324.520197246,S1B-GER40Cash-20260804T112808-196b791da6|EVENT|001378,1784181360.0
1273.1922023509,51.3279948951,3.8752142098,1273.1922023509,1379,1324.520197246,S1B-GER40Cash-20260804T112808-196b791da6|EVENT|001379,1784181420.0
1273.1922023509,51.3279948951,3.8752142098,1273.1922023509,1380,1324.520197246,S1B-GER40Cash-20260804T112808-196b791da6|EVENT|001380,1784181480.0
1273.1922023509,51.3279948951,3.8752142098,1273.1922023509,1381,1324.520197246,S1B-GER40Cash-20260804T112808-196b791da6|EVENT|001381,1784181540.0
1273.1922023509,51.3279948951,3.8752142098,1273.1922023509,1382,1324.520197246,S1B-GER40Cash-20260804T112808-196b791da6|EVENT|001382,1784181600.0
1273.1922023509,51.3279948951,3.8752142098,1273.1922023509,1383,1324.520197246,S1B-GER40Cash-20260804T112808-196b791da6|EVENT|001383,1784181660.0
1273.1922023509,51.3279948951,3.8752142098,1273.1922023509,1384,1324.520197246,S1B-GER40Cash-20260804T112808-196b791da6|EVENT|001384,1784181720.0
1273.1922023509,51.3279948951,3.8752142098,1273.1922023509,1385,1324.520197246,S1B-GER40Cash-20260804T112808-196b791da6|EVENT|001385,1784181780.0
1273.1922023509,51.3279948951,3.8752142098,1273.1922023509,1386,1324.520197246,S1B-GER40Cash-20260804T112808-196b791da6|EVENT|001386,1784181840.0
1273.1922023509,51.3279948951,3.8752142098,1273.1922023509,1387,1324.520197246,S1B-GER40Cash-20260804T112808-196b791da6|EVENT|001387,1784181900.0
1273.1922023509,51.3279948951,3.8752142098,1273.1922023509,1388,1324.520197246,S1B-GER40Cash-20260804T112808-196b791da6|EVENT|001388,1784181960.0
1273.1922023509,51.3279948951,3.8752142098,1273.1922023509,1389,1324.520197246,S1B-GER40Cash-20260804T112808-196b791da6|EVENT|001389,1784182020.0
1273.1922023509,51.3279948951,3.8752142098,1273.1922023509,1390,1324.520197246,S1B-GER40Cash-20260804T112808-196b791da6|EVENT|001390,1784182080.0
1273.1922023509,51.3279948951,3.8752142098,1273.1922023509,1391,1324.520197246,S1B-GER40Cash-20260804T112808-196b791da6|EVENT|001391,1784182140.0
1273.1922023509,51.3279948951,3.8752142098,1273.1922023509,1392,1324.520197246,S1B-GER40Cash-20260804T112808-196b791da6|EVENT|001392,1784182200.0
1273.1922023509,51.3279948951,3.8752142098,1273.1922023509,1393,1324.520197246,S1B-GER40Cash-20260804T112808-196b791da6|EVENT|001393,1784182260.0
1273.1922023509,51.3279948951,3.8752142098,1273.1922023509,1394,1324.520197246,S1B-GER40Cash-20260804T112808-196b791da6|EVENT|001394,1784182320.0
1273.1922023509,51.3279948951,3.8752142098,1273.1922023509,1395,1324.520197246,S1B-GER40Cash-20260804T112808-196b791da6|EVENT|001395,1784182380.0
1273.1922023509,51.3279948951,3.8752142098,1273.1922023509,1396,1324.520197246,S1B-GER40Cash-20260804T112808-196b791da6|EVENT|001396,1784182440.0
1273.1922023509,51.3279948951,3.8752142098,1273.1922023509,1397,1324.520197246,S1B-GER40Cash-20260804T112808-196b791da6|EVENT|001397,1784182500.0
1273.1922023509,51.3279948951,3.8752142098,1273.1922023509,1398,1324.520197246,S1B-GER40Cash-20260804T112808-196b791da6|EVENT|001398,1784182560.0
1273.1922023509,51.3279948951,3.8752142098,1273.1922023509,1399,1324.520197246,S1B-GER40Cash-20260804T112808-196b791da6|EVENT|001399,1784182620.0
1273.1922023509,51.3279948951,3.8752142098,1273.1922023509,1400,1324.520197246,S1B-GER40Cash-20260804T112808-196b791da6|EVENT|001400,1784182680.0
1273.1922023509,51.3279948951,3.8752142098,1273.1922023509,1401,1324.520197246,S1B-GER40Cash-20260804T112808-196b791da6|EVENT|001401,1784182740.0
1273.1922023509,51.3279948951,3.8752142098,1273.1922023509,1402,1324.520197246,S1B-GER40Cash-20260804T112808-196b791da6|EVENT|001402,1784182800.0
1273.1922023509,51.3279948951,3.8752142098,1273.1922023509,1403,1324.520197246,S1B-GER40Cash-20260804T112808-196b791da6|EVENT|001403,1784182860.0
1273.1922023509,51.3279948951,3.8752142098,1273.1922023509,1404,1324.520197246,S1B-GER40Cash-20260804T112808-196b791da6|EVENT|001404,1784182920.0
1273.1922023509,51.3279948951,3.8752142098,1273.1922023509,1405,1324.520197246,S1B-GER40Cash-20260804T112808-196b791da6|EVENT|001405,1784182980.0
1273.1922023509,51.3279948951,3.8752142098,1273.1922023509,1406,1324.520197246,S1B-GER40Cash-20260804T112808-196b791da6|EVENT|001406,1784183040.0
1273.1922023509,51.3279948951,3.8752142098,1273.1922023509,1407,1324.520197246,S1B-GER40Cash-20260804T112808-196b791da6|EVENT|001407,1784183100.0
1273.1922023509,51.3279948951,3.8752142098,1273.1922023509,1408,1324.520197246,S1B-GER40Cash-20260804T112808-196b791da6|EVENT|001408,1784183160.0
1273.1922023509,51.3279948951,3.8752142098,1273.1922023509,1409,1324.520197246,S1B-GER40Cash-20260804T112808-196b791da6|EVENT|001409,1784183220.0
1273.1922023509,51.3279948951,3.8752142098,1273.1922023509,1410,1324.520197246,S1B-GER40Cash-20260804T112808-196b791da6|EVENT|001410,1784183280.0
1273.1922023509,51.3279948951,3.8752142098,1273.1922023509,1411,1324.520197246,S1B-GER40Cash-20260804T112808-196b791da6|EVENT|001411,1784183340.0
1273.1922023509,51.3279948951,3.8752142098,1273.1922023509,1412,1324.520197246,S1B-GER40Cash-20260804T112808-196b791da6|EVENT|001412,1784183400.0
1273.1922023509,51.3279948951,3.8752142098,1273.1922023509,1413,1324.520197246,S1B-GER40Cash-20260804T112808-196b791da6|EVENT|001413,1784183460.0
1273.1922023509,51.3279948951,3.8752142098,1273.1922023509,1414,1324.520197246,S1B-GER40Cash-20260804T112808-196b791da6|EVENT|001414,1784183520.0
1273.1922023509,51.3279948951,3.8752142098,1273.1922023509,1415,1324.520197246,S1B-GER40Cash-20260804T112808-196b791da6|EVENT|001415,1784183580.0
1273.1922023509,51.3279948951,3.8752142098,1273.1922023509,1416,1324.520197246,S1B-GER40Cash-20260804T112808-196b791da6|EVENT|001416,1784183640.0
1273.1922023509,51.3279948951,3.8752142098,1273.1922023509,1417,1324.520197246,S1B-GER40Cash-20260804T112808-196b791da6|EVENT|001417,1784183700.0
1273.1922023509,51.3279948951,3.8752142098,1273.1922023509,1418,1324.520197246,S1B-GER40Cash-20260804T112808-196b791da6|EVENT|001418,1784183760.0
1273.1922023509,51.3279948951,3.8752142098,1273.1922023509,1419,1324.520197246,S1B-GER40Cash-20260804T112808-196b791da6|EVENT|001419,1784183820.0
1273.1922023509,51.3279948951,3.8752142098,1273.1922023509,1420,1324.520197246,S1B-GER40Cash-20260804T112808-196b791da6|EVENT|001420,1784183880.0
1273.1922023509,51.3279948951,3.8752142098,1273.1922023509,1421,1324.520197246,S1B-GER40Cash-20260804T112808-196b791da6|EVENT|001421,1784183940.0
1273.1922023509,51.3279948951,3.8752142098,1273.1922023509,1422,1324.520197246,S1B-GER40Cash-20260804T112808-196b791da6|EVENT|001422,1784184000.0
1273.1922023509,51.3279948951,3.8752142098,1273.1922023509,1423,1324.520197246,S1B-GER40Cash-20260804T112808-196b791da6|EVENT|001423,1784184060.0
1273.1922023509,51.3279948951,3.8752142098,1273.1922023509,1424,1324.520197246,S1B-GER40Cash-20260804T112808-196b791da6|EVENT|001424,1784184120.0
1273.1922023509,51.3279948951,3.8752142098,1273.1922023509,1425,1324.520197246,S1B-GER40Cash-20260804T112808-196b791da6|EVENT|001425,1784184180.0
1273.1922023509,51.3279948951,3.8752142098,1273.1922023509,1426,1324.520197246,S1B-GER40Cash-20260804T112808-196b791da6|EVENT|001426,1784184240.0
1273.1922023509,51.3279948951,3.8752142098,1273.1922023509,1427,1324.520197246,S1B-GER40Cash-20260804T112808-196b791da6|EVENT|001427,1784184300.0
1273.1922023509,51.3279948951,3.8752142098,1273.1922023509,1428,1324.520197246,S1B-GER40Cash-20260804T112808-196b791da6|EVENT|001428,1784184360.0
1273.1922023509,51.3279948951,3.8752142098,1273.1922023509,1429,1324.520197246,S1B-GER40Cash-20260804T112808-196b791da6|EVENT|001429,1784184480.0
1273.1922023509,51.3279948951,3.8752142098,1273.1922023509,1430,1324.520197246,S1B-GER40Cash-20260804T112808-196b791da6|EVENT|001430,1784184540.0
1273.1922023509,51.3279948951,3.8752142098,1273.1922023509,1431,1324.520197246,S1B-GER40Cash-20260804T112808-196b791da6|EVENT|001431,1784184600.0
1273.1922023509,51.3279948951,3.8752142098,1273.1922023509,1432,1324.520197246,S1B-GER40Cash-20260804T112808-196b791da6|EVENT|001432,1784184660.0
1273.1922023509,51.3279948951,3.8752142098,1273.1922023509,1433,1324.520197246,S1B-GER40Cash-20260804T112808-196b791da6|EVENT|001433,1784184720.0
1273.1922023509,51.3279948951,3.8752142098,1273.1922023509,1434,1324.520197246,S1B-GER40Cash-20260804T112808-196b791da6|EVENT|001434,1784184780.0
1273.1922023509,51.3279948951,3.8752142098,1273.1922023509,1435,1324.520197246,S1B-GER40Cash-20260804T112808-196b791da6|EVENT|001435,1784184840.0
1273.1922023509,51.3279948951,3.8752142098,1273.1922023509,1436,1324.520197246,S1B-GER40Cash-20260804T112808-196b791da6|EVENT|001436,1784184900.0
1273.1922023509,51.3279948951,3.8752142098,1273.1922023509,1437,1324.520197246,S1B-GER40Cash-20260804T112808-196b791da6|EVENT|001437,1784184960.0
1273.1922023509,51.3279948951,3.8752142098,1273.1922023509,1438,1324.520197246,S1B-GER40Cash-20260804T112808-196b791da6|EVENT|001438,1784185020.0
1273.1922023509,51.3279948951,3.8752142098,1273.1922023509,1439,1324.520197246,S1B-GER40Cash-20260804T112808-196b791da6|EVENT|001439,1784185080.0
1273.1922023509,51.3279948951,3.8752142098,1273.1922023509,1440,1324.520197246,S1B-GER40Cash-20260804T112808-196b791da6|EVENT|001440,1784185140.0
1273.1922023509,51.3279948951,3.8752142098,1273.1922023509,1441,1324.520197246,S1B-GER40Cash-20260804T112808-196b791da6|EVENT|001441,1784185200.0
1273.1922023509,51.3279948951,3.8752142098,1273.1922023509,1442,1324.520197246,S1B-GER40Cash-20260804T112808-196b791da6|EVENT|001442,1784185260.0
1273.1922023509,51.3279948951,3.8752142098,1273.1922023509,1443,1324.520197246,S1B-GER40Cash-20260804T112808-196b791da6|EVENT|001443,1784185320.0
1273.1922023509,51.3279948951,3.8752142098,1273.1922023509,1444,1324.520197246,S1B-GER40Cash-20260804T112808-196b791da6|EVENT|001444,1784185380.0
1273.1922023509,51.3279948951,3.8752142098,1273.1922023509,1445,1324.520197246,S1B-GER40Cash-20260804T112808-196b791da6|EVENT|001445,1784185440.0
1273.1922023509,51.3279948951,3.8752142098,1273.1922023509,1446,1324.520197246,S1B-GER40Cash-20260804T112808-196b791da6|EVENT|001446,1784185500.0
1273.1922023509,51.3279948951,3.8752142098,1273.1922023509,1447,1324.520197246,S1B-GER40Cash-20260804T112808-196b791da6|EVENT|001447,1784185560.0
1273.1922023509,51.3279948951,3.8752142098,1273.1922023509,1448,1324.520197246,S1B-GER40Cash-20260804T112808-196b791da6|EVENT|001448,1784185620.0
1273.1922023509,51.3279948951,3.8752142098,1273.1922023509,1449,1324.520197246,S1B-GER40Cash-20260804T112808-196b791da6|EVENT|001449,1784185680.0
1273.1922023509,51.3279948951,3.8752142098,1273.1922023509,1450,1324.520197246,S1B-GER40Cash-20260804T112808-196b791da6|EVENT|001450,1784185740.0
1273.1922023509,51.3279948951,3.8752142098,1273.1922023509,1451,1324.520197246,S1B-GER40Cash-20260804T112808-196b791da6|EVENT|001451,1784185800.0
1273.1922023509,51.3279948951,3.8752142098,1273.1922023509,1452,1324.520197246,S1B-GER40Cash-20260804T112808-196b791da6|EVENT|001452,1784185860.0
1273.1922023509,51.3279948951,3.8752142098,1273.1922023509,1453,1324.520197246,S1B-GER40Cash-20260804T112808-196b791da6|EVENT|001453,1784185920.0
1273.1922023509,51.3279948951,3.8752142098,1273.1922023509,1454,1324.520197246,S1B-GER40Cash-20260804T112808-196b791da6|EVENT|001454,1784185980.0
1273.1922023509,51.3279948951,3.8752142098,1273.1922023509,1455,1324.520197246,S1B-GER40Cash-20260804T112808-196b791da6|EVENT|001455,1784186040.0
1273.1922023509,51.3279948951,3.8752142098,1273.1922023509,1456,1324.520197246,S1B-GER40Cash-20260804T112808-196b791da6|EVENT|001456,1784186100.0
1273.1922023509,51.3279948951,3.8752142098,1273.1922023509,1457,1324.520197246,S1B-GER40Cash-20260804T112808-196b791da6|EVENT|001457,1784186160.0
1273.1922023509,51.3279948951,3.8752142098,1273.1922023509,1458,1324.520197246,S1B-GER40Cash-20260804T112808-196b791da6|EVENT|001458,1784186220.0
1273.1922023509,51.3279948951,3.8752142098,1273.1922023509,1459,1324.520197246,S1B-GER40Cash-20260804T112808-196b791da6|EVENT|001459,1784186280.0
1273.1922023509,51.3279948951,3.8752142098,1273.1922023509,1460,1324.520197246,S1B-GER40Cash-20260804T112808-196b791da6|EVENT|001460,1784186340.0
1273.1922023509,51.3279948951,3.8752142098,1273.1922023509,1461,1324.520197246,S1B-GER40Cash-20260804T112808-196b791da6|EVENT|001461,1784186400.0
1273.1922023509,51.3279948951,3.8752142098,1273.1922023509,1462,1324.520197246,S1B-GER40Cash-20260804T112808-196b791da6|EVENT|001462,1784186460.0
1273.1922023509,51.3279948951,3.8752142098,1273.1922023509,1463,1324.520197246,S1B-GER40Cash-20260804T112808-196b791da6|EVENT|001463,1784186520.0
1273.1922023509,51.3279948951,3.8752142098,1273.1922023509,1464,1324.520197246,S1B-GER40Cash-20260804T112808-196b791da6|EVENT|001464,1784186580.0
1273.1922023509,51.3279948951,3.8752142098,1273.1922023509,1465,1324.520197246,S1B-GER40Cash-20260804T112808-196b791da6|EVENT|001465,1784186640.0
1273.1922023509,51.3279948951,3.8752142098,1273.1922023509,1466,1324.520197246,S1B-GER40Cash-20260804T112808-196b791da6|EVENT|001466,1784186700.0
1273.1922023509,51.3279948951,3.8752142098,1273.1922023509,1467,1324.520197246,S1B-GER40Cash-20260804T112808-196b791da6|EVENT|001467,1784186760.0
1273.1922023509,51.3279948951,3.8752142098,1273.1922023509,1468,1324.520197246,S1B-GER40Cash-20260804T112808-196b791da6|EVENT|001468,1784186820.0
1273.1922023509,51.3279948951,3.8752142098,1273.1922023509,1469,1324.520197246,S1B-GER40Cash-20260804T112808-196b791da6|EVENT|001469,1784186880.0
1273.1922023509,51.3279948951,3.8752142098,1273.1922023509,1470,1324.520197246,S1B-GER40Cash-20260804T112808-196b791da6|EVENT|001470,1784186940.0
1273.1922023509,51.3279948951,3.8752142098,1273.1922023509,1471,1324.520197246,S1B-GER40Cash-20260804T112808-196b791da6|EVENT|001471,1784187000.0
1273.1922023509,51.3279948951,3.8752142098,1273.1922023509,1472,1324.520197246,S1B-GER40Cash-20260804T112808-196b791da6|EVENT|001472,1784187060.0
1273.1922023509,51.3279948951,3.8752142098,1273.1922023509,1473,1324.520197246,S1B-GER40Cash-20260804T112808-196b791da6|EVENT|001473,1784187120.0
1273.1922023509,51.3279948951,3.8752142098,1273.1922023509,1474,1324.520197246,S1B-GER40Cash-20260804T112808-196b791da6|EVENT|001474,1784187180.0
1273.1922023509,51.3279948951,3.8752142098,1273.1922023509,1475,1324.520197246,S1B-GER40Cash-20260804T112808-196b791da6|EVENT|001475,1784187240.0
1273.1922023509,51.3279948951,3.8752142098,1273.1922023509,1476,1324.520197246,S1B-GER40Cash-20260804T112808-196b791da6|EVENT|001476,1784187300.0
1273.1922023509,51.3279948951,3.8752142098,1273.1922023509,1477,1324.520197246,S1B-GER40Cash-20260804T112808-196b791da6|EVENT|001477,1784187360.0
1273.1922023509,51.3279948951,3.8752142098,1273.1922023509,1478,1324.520197246,S1B-GER40Cash-20260804T112808-196b791da6|EVENT|001478,1784187420.0
1273.1922023509,51.3279948951,3.8752142098,1273.1922023509,1479,1324.520197246,S1B-GER40Cash-20260804T112808-196b791da6|EVENT|001479,1784187480.0
1273.1922023509,51.3279948951,3.8752142098,1273.1922023509,1480,1324.520197246,S1B-GER40Cash-20260804T112808-196b791da6|EVENT|001480,1784187540.0
1273.1922023509,51.3279948951,3.8752142098,1273.1922023509,1481,1324.520197246,S1B-GER40Cash-20260804T112808-196b791da6|EVENT|001481,1784187600.0
1273.1922023509,51.3279948951,3.8752142098,1273.1922023509,1482,1324.520197246,S1B-GER40Cash-20260804T112808-196b791da6|EVENT|001482,1784187660.0
1273.1922023509,51.3279948951,3.8752142098,1273.1922023509,1483,1324.520197246,S1B-GER40Cash-20260804T112808-196b791da6|EVENT|001483,1784187720.0
1273.1922023509,51.3279948951,3.8752142098,1273.1922023509,1484,1324.520197246,S1B-GER40Cash-20260804T112808-196b791da6|EVENT|001484,1784187780.0
1273.1922023509,51.3279948951,3.8752142098,1273.1922023509,1485,1324.520197246,S1B-GER40Cash-20260804T112808-196b791da6|EVENT|001485,1784187840.0
1273.1922023509,51.3279948951,3.8752142098,1273.1922023509,1486,1324.520197246,S1B-GER40Cash-20260804T112808-196b791da6|EVENT|001486,1784187900.0
1273.1922023509,51.3279948951,3.8752142098,1273.1922023509,1487,1324.520197246,S1B-GER40Cash-20260804T112808-196b791da6|EVENT|001487,1784187960.0
1273.1922023509,51.3279948951,3.8752142098,1273.1922023509,1488,1324.520197246,S1B-GER40Cash-20260804T112808-196b791da6|EVENT|001488,1784188020.0
1273.1922023509,51.3279948951,3.8752142098,1273.1922023509,1489,1324.520197246,S1B-GER40Cash-20260804T112808-196b791da6|EVENT|001489,1784188080.0
1273.1922023509,51.3279948951,3.8752142098,1273.1922023509,1490,1324.520197246,S1B-GER40Cash-20260804T112808-196b791da6|EVENT|001490,1784188140.0
1273.1922023509,51.3279948951,3.8752142098,1273.1922023509,1491,1324.520197246,S1B-GER40Cash-20260804T112808-196b791da6|EVENT|001491,1784188200.0
1273.1922023509,51.3279948951,3.8752142098,1273.1922023509,1492,1324.520197246,S1B-GER40Cash-20260804T112808-196b791da6|EVENT|001492,1784188260.0
1273.1922023509,51.3279948951,3.8752142098,1273.1922023509,1493,1324.520197246,S1B-GER40Cash-20260804T112808-196b791da6|EVENT|001493,1784188440.0
1273.1922023509,51.3279948951,3.8752142098,1273.1922023509,1494,1324.520197246,S1B-GER40Cash-20260804T112808-196b791da6|EVENT|001494,1784188500.0
1273.1922023509,51.3279948951,3.8752142098,1273.1922023509,1495,1324.520197246,S1B-GER40Cash-20260804T112808-196b791da6|EVENT|001495,1784188560.0
1273.1922023509,51.3279948951,3.8752142098,1273.1922023509,1496,1324.520197246,S1B-GER40Cash-20260804T112808-196b791da6|EVENT|001496,1784188620.0
1273.1922023509,51.3279948951,3.8752142098,1273.1922023509,1497,1324.520197246,S1B-GER40Cash-20260804T112808-196b791da6|EVENT|001497,1784188680.0
1273.1922023509,51.3279948951,3.8752142098,1273.1922023509,1498,1324.520197246,S1B-GER40Cash-20260804T112808-196b791da6|EVENT|001498,1784188740.0
1273.1922023509,51.3279948951,3.8752142098,1273.1922023509,1499,1324.520197246,S1B-GER40Cash-20260804T112808-196b791da6|EVENT|001499,1784188800.0
1273.1922023509,51.3279948951,3.8752142098,1273.1922023509,1500,1324.520197246,S1B-GER40Cash-20260804T112808-196b791da6|EVENT|001500,1784188860.0
1273.1922023509,51.3279948951,3.8752142098,1273.1922023509,1501,1324.520197246,S1B-GER40Cash-20260804T112808-196b791da6|EVENT|001501,1784188920.0
1273.1922023509,51.3279948951,3.8752142098,1273.1922023509,1502,1324.520197246,S1B-GER40Cash-20260804T112808-196b791da6|EVENT|001502,1784188980.0
1273.1922023509,51.3279948951,3.8752142098,1273.1922023509,1503,1324.520197246,S1B-GER40Cash-20260804T112808-196b791da6|EVENT|001503,1784189040.0
1273.1922023509,51.3279948951,3.8752142098,1273.1922023509,1504,1324.520197246,S1B-GER40Cash-20260804T112808-196b791da6|EVENT|001504,1784189100.0
1273.1922023509,51.3279948951,3.8752142098,1273.1922023509,1505,1324.520197246,S1B-GER40Cash-20260804T112808-196b791da6|EVENT|001505,1784189160.0
1273.1922023509,51.3279948951,3.8752142098,1273.1922023509,1506,1324.520197246,S1B-GER40Cash-20260804T112808-196b791da6|EVENT|001506,1784189220.0
1273.1922023509,51.3279948951,3.8752142098,1273.1922023509,1507,1324.520197246,S1B-GER40Cash-20260804T112808-196b791da6|EVENT|001507,1784189280.0
1273.1922023509,51.3279948951,3.8752142098,1273.1922023509,1508,1324.520197246,S1B-GER40Cash-20260804T112808-196b791da6|EVENT|001508,1784189340.0
1273.1922023509,51.3279948951,3.8752142098,1273.1922023509,1509,1324.520197246,S1B-GER40Cash-20260804T112808-196b791da6|EVENT|001509,1784189400.0
1273.1922023509,51.3279948951,3.8752142098,1273.1922023509,1510,1324.520197246,S1B-GER40Cash-20260804T112808-196b791da6|EVENT|001510,1784189460.0
1273.1922023509,51.3279948951,3.8752142098,1273.1922023509,1511,1324.520197246,S1B-GER40Cash-20260804T112808-196b791da6|EVENT|001511,1784189520.0
1273.1922023509,51.3279948951,3.8752142098,1273.1922023509,1512,1324.520197246,S1B-GER40Cash-20260804T112808-196b791da6|EVENT|001512,1784189580.0
1273.1922023509,51.3279948951,3.8752142098,1273.1922023509,1513,1324.520197246,S1B-GER40Cash-20260804T112808-196b791da6|EVENT|001513,1784189640.0
1273.1922023509,51.3279948951,3.8752142098,1273.1922023509,1514,1324.520197246,S1B-GER40Cash-20260804T112808-196b791da6|EVENT|001514,1784189700.0
1273.1922023509,51.3279948951,3.8752142098,1273.1922023509,1515,1324.520197246,S1B-GER40Cash-20260804T112808-196b791da6|EVENT|001515,1784189760.0
1273.1922023509,51.3279948951,3.8752142098,1273.1922023509,1516,1324.520197246,S1B-GER40Cash-20260804T112808-196b791da6|EVENT|001516,1784189820.0
1273.1922023509,51.3279948951,3.8752142098,1273.1922023509,1517,1324.520197246,S1B-GER40Cash-20260804T112808-196b791da6|EVENT|001517,1784189880.0
1273.1922023509,51.3279948951,3.8752142098,1273.1922023509,1518,1324.520197246,S1B-GER40Cash-20260804T112808-196b791da6|EVENT|001518,1784189940.0
1273.1922023509,51.3279948951,3.8752142098,1273.1922023509,1519,1324.520197246,S1B-GER40Cash-20260804T112808-196b791da6|EVENT|001519,1784190000.0
1273.1922023509,51.3279948951,3.8752142098,1273.1922023509,1520,1324.520197246,S1B-GER40Cash-20260804T112808-196b791da6|EVENT|001520,1784190060.0
1273.1922023509,51.3279948951,3.8752142098,1273.1922023509,1521,1324.520197246,S1B-GER40Cash-20260804T112808-196b791da6|EVENT|001521,1784190120.0
1273.1922023509,51.3279948951,3.8752142098,1273.1922023509,1522,1324.520197246,S1B-GER40Cash-20260804T112808-196b791da6|EVENT|001522,1784190180.0
1273.1922023509,51.3279948951,3.8752142098,1273.1922023509,1523,1324.520197246,S1B-GER40Cash-20260804T112808-196b791da6|EVENT|001523,1784190240.0
1273.1922023509,51.3279948951,3.8752142098,1273.1922023509,1524,1324.520197246,S1B-GER40Cash-20260804T112808-196b791da6|EVENT|001524,1784190300.0
1273.1922023509,51.3279948951,3.8752142098,1273.1922023509,1525,1324.520197246,S1B-GER40Cash-20260804T112808-196b791da6|EVENT|001525,1784190360.0
1273.1922023509,51.3279948951,3.8752142098,1273.1922023509,1526,1324.520197246,S1B-GER40Cash-20260804T112808-196b791da6|EVENT|001526,1784190420.0
1273.1922023509,51.3279948951,3.8752142098,1273.1922023509,1527,1324.520197246,S1B-GER40Cash-20260804T112808-196b791da6|EVENT|001527,1784190480.0
1273.1922023509,51.3279948951,3.8752142098,1273.1922023509,1528,1324.520197246,S1B-GER40Cash-20260804T112808-196b791da6|EVENT|001528,1784190540.0
1273.1922023509,51.3279948951,3.8752142098,1273.1922023509,1529,1324.520197246,S1B-GER40Cash-20260804T112808-196b791da6|EVENT|001529,1784190600.0
1273.1922023509,51.3279948951,3.8752142098,1273.1922023509,1530,1324.520197246,S1B-GER40Cash-20260804T112808-196b791da6|EVENT|001530,1784190660.0
1273.1922023509,51.3279948951,3.8752142098,1273.1922023509,1531,1324.520197246,S1B-GER40Cash-20260804T112808-196b791da6|EVENT|001531,1784190720.0
1273.1922023509,51.3279948951,3.8752142098,1273.1922023509,1532,1324.520197246,S1B-GER40Cash-20260804T112808-196b791da6|EVENT|001532,1784190780.0
1273.1922023509,51.3279948951,3.8752142098,1273.1922023509,1533,1324.520197246,S1B-GER40Cash-20260804T112808-196b791da6|EVENT|001533,1784190840.0
1273.1922023509,51.3279948951,3.8752142098,1273.1922023509,1534,1324.520197246,S1B-GER40Cash-20260804T112808-196b791da6|EVENT|001534,1784190900.0
1273.1922023509,51.3279948951,3.8752142098,1273.1922023509,1535,1324.520197246,S1B-GER40Cash-20260804T112808-196b791da6|EVENT|001535,1784190960.0
1273.1922023509,51.3279948951,3.8752142098,1273.1922023509,1536,1324.520197246,S1B-GER40Cash-20260804T112808-196b791da6|EVENT|001536,1784191020.0
1273.1922023509,51.3279948951,3.8752142098,1273.1922023509,1537,1324.520197246,S1B-GER40Cash-20260804T112808-196b791da6|EVENT|001537,1784191080.0
1273.1922023509,51.3279948951,3.8752142098,1273.1922023509,1538,1324.520197246,S1B-GER40Cash-20260804T112808-196b791da6|EVENT|001538,1784191140.0
1273.1922023509,51.3279948951,3.8752142098,1273.1922023509,1539,1324.520197246,S1B-GER40Cash-20260804T112808-196b791da6|EVENT|001539,1784191200.0
1273.1922023509,51.3279948951,3.8752142098,1273.1922023509,1540,1324.520197246,S1B-GER40Cash-20260804T112808-196b791da6|EVENT|001540,1784191260.0
1273.1922023509,51.3279948951,3.8752142098,1273.1922023509,1541,1324.520197246,S1B-GER40Cash-20260804T112808-196b791da6|EVENT|001541,1784191320.0
1273.1922023509,51.3279948951,3.8752142098,1273.1922023509,1542,1324.520197246,S1B-GER40Cash-20260804T112808-196b791da6|EVENT|001542,1784191380.0
1273.1922023509,51.3279948951,3.8752142098,1273.1922023509,1543,1324.520197246,S1B-GER40Cash-20260804T112808-196b791da6|EVENT|001543,1784191440.0
1273.1922023509,51.3279948951,3.8752142098,1273.1922023509,1544,1324.520197246,S1B-GER40Cash-20260804T112808-196b791da6|EVENT|001544,1784191500.0
1273.1922023509,51.3279948951,3.8752142098,1273.1922023509,1545,1324.520197246,S1B-GER40Cash-20260804T112808-196b791da6|EVENT|001545,1784191560.0
1273.1922023509,51.3279948951,3.8752142098,1273.1922023509,1546,1324.520197246,S1B-GER40Cash-20260804T112808-196b791da6|EVENT|001546,1784191620.0
1273.1922023509,51.3279948951,3.8752142098,1273.1922023509,1547,1324.520197246,S1B-GER40Cash-20260804T112808-196b791da6|EVENT|001547,1784191680.0
1273.1922023509,51.3279948951,3.8752142098,1273.1922023509,1548,1324.520197246,S1B-GER40Cash-20260804T112808-196b791da6|EVENT|001548,1784191740.0
1273.1922023509,51.3279948951,3.8752142098,1273.1922023509,1549,1324.520197246,S1B-GER40Cash-20260804T112808-196b791da6|EVENT|001549,1784191800.0
1273.1922023509,51.3279948951,3.8752142098,1273.1922023509,1550,1324.520197246,S1B-GER40Cash-20260804T112808-196b791da6|EVENT|001550,1784191860.0
1273.1922023509,51.3279948951,3.8752142098,1273.1922023509,1551,1324.520197246,S1B-GER40Cash-20260804T112808-196b791da6|EVENT|001551,1784191920.0
1273.1922023509,51.3279948951,3.8752142098,1273.1922023509,1552,1324.520197246,S1B-GER40Cash-20260804T112808-196b791da6|EVENT|001552,1784191980.0
1273.1922023509,51.3279948951,3.8752142098,1273.1922023509,1553,1324.520197246,S1B-GER40Cash-20260804T112808-196b791da6|EVENT|001553,1784192040.0
1273.1922023509,51.3279948951,3.8752142098,1273.1922023509,1554,1324.520197246,S1B-GER40Cash-20260804T112808-196b791da6|EVENT|001554,1784192100.0
1273.1922023509,51.3279948951,3.8752142098,1273.1922023509,1555,1324.520197246,S1B-GER40Cash-20260804T112808-196b791da6|EVENT|001555,1784192160.0
1273.1922023509,51.3279948951,3.8752142098,1273.1922023509,1556,1324.520197246,S1B-GER40Cash-20260804T112808-196b791da6|EVENT|001556,1784192220.0
1273.1922023509,51.3279948951,3.8752142098,1273.1922023509,1557,1324.520197246,S1B-GER40Cash-20260804T112808-196b791da6|EVENT|001557,1784192280.0
1273.1922023509,51.3279948951,3.8752142098,1273.1922023509,1558,1324.520197246,S1B-GER40Cash-20260804T112808-196b791da6|EVENT|001558,1784192340.0
1273.1922023509,51.3279948951,3.8752142098,1273.1922023509,1559,1324.520197246,S1B-GER40Cash-20260804T112808-196b791da6|EVENT|001559,1784192400.0
1273.1922023509,51.3279948951,3.8752142098,1273.1922023509,1560,1324.520197246,S1B-GER40Cash-20260804T112808-196b791da6|EVENT|001560,1784192460.0
1273.1922023509,51.3279948951,3.8752142098,1273.1922023509,1561,1324.520197246,S1B-GER40Cash-20260804T112808-196b791da6|EVENT|001561,1784192520.0
1273.1922023509,51.3279948951,3.8752142098,1273.1922023509,1562,1324.520197246,S1B-GER40Cash-20260804T112808-196b791da6|EVENT|001562,1784192580.0
1273.1922023509,51.3279948951,3.8752142098,1273.1922023509,1563,1324.520197246,S1B-GER40Cash-20260804T112808-196b791da6|EVENT|001563,1784192640.0
1273.1922023509,51.3279948951,3.8752142098,1273.1922023509,1564,1324.520197246,S1B-GER40Cash-20260804T112808-196b791da6|EVENT|001564,1784192700.0
1273.1922023509,51.3279948951,3.8752142098,1273.1922023509,1565,1324.520197246,S1B-GER40Cash-20260804T112808-196b791da6|EVENT|001565,1784192760.0
1273.1922023509,51.3279948951,3.8752142098,1273.1922023509,1566,1324.520197246,S1B-GER40Cash-20260804T112808-196b791da6|EVENT|001566,1784192820.0
1273.1922023509,51.3279948951,3.8752142098,1273.1922023509,1567,1324.520197246,S1B-GER40Cash-20260804T112808-196b791da6|EVENT|001567,1784192880.0
1273.1922023509,51.3279948951,3.8752142098,1273.1922023509,1568,1324.520197246,S1B-GER40Cash-20260804T112808-196b791da6|EVENT|001568,1784192940.0
1273.1922023509,51.3279948951,3.8752142098,1273.1922023509,1569,1324.520197246,S1B-GER40Cash-20260804T112808-196b791da6|EVENT|001569,1784193000.0
1273.1922023509,51.3279948951,3.8752142098,1273.1922023509,1570,1324.520197246,S1B-GER40Cash-20260804T112808-196b791da6|EVENT|001570,1784193060.0
1273.1922023509,51.3279948951,3.8752142098,1273.1922023509,1571,1324.520197246,S1B-GER40Cash-20260804T112808-196b791da6|EVENT|001571,1784193120.0
1273.1922023509,51.3279948951,3.8752142098,1273.1922023509,1572,1324.520197246,S1B-GER40Cash-20260804T112808-196b791da6|EVENT|001572,1784193180.0
1273.1922023509,51.3279948951,3.8752142098,1273.1922023509,1573,1324.520197246,S1B-GER40Cash-20260804T112808-196b791da6|EVENT|001573,1784193240.0
1273.1922023509,51.3279948951,3.8752142098,1273.1922023509,1574,1324.520197246,S1B-GER40Cash-20260804T112808-196b791da6|EVENT|001574,1784193300.0
1273.1922023509,51.3279948951,3.8752142098,1273.1922023509,1575,1324.520197246,S1B-GER40Cash-20260804T112808-196b791da6|EVENT|001575,1784193360.0
1273.1922023509,51.3279948951,3.8752142098,1273.1922023509,1576,1324.520197246,S1B-GER40Cash-20260804T112808-196b791da6|EVENT|001576,1784193420.0
1273.1922023509,51.3279948951,3.8752142098,1273.1922023509,1577,1324.520197246,S1B-GER40Cash-20260804T112808-196b791da6|EVENT|001577,1784193480.0
1273.1922023509,51.3279948951,3.8752142098,1273.1922023509,1578,1324.520197246,S1B-GER40Cash-20260804T112808-196b791da6|EVENT|001578,1784193540.0
1273.1922023509,51.3279948951,3.8752142098,1273.1922023509,1579,1324.520197246,S1B-GER40Cash-20260804T112808-196b791da6|EVENT|001579,1784193600.0
1273.1922023509,51.3279948951,3.8752142098,1273.1922023509,1580,1324.520197246,S1B-GER40Cash-20260804T112808-196b791da6|EVENT|001580,1784193660.0
1273.1922023509,51.3279948951,3.8752142098,1273.1922023509,1581,1324.520197246,S1B-GER40Cash-20260804T112808-196b791da6|EVENT|001581,1784193720.0
1273.1922023509,51.3279948951,3.8752142098,1273.1922023509,1582,1324.520197246,S1B-GER40Cash-20260804T112808-196b791da6|EVENT|001582,1784193780.0
1273.1922023509,51.3279948951,3.8752142098,1273.1922023509,1583,1324.520197246,S1B-GER40Cash-20260804T112808-196b791da6|EVENT|001583,1784193840.0
1273.1922023509,51.3279948951,3.8752142098,1273.1922023509,1584,1324.520197246,S1B-GER40Cash-20260804T112808-196b791da6|EVENT|001584,1784193900.0
1273.1922023509,51.3279948951,3.8752142098,1273.1922023509,1585,1324.520197246,S1B-GER40Cash-20260804T112808-196b791da6|EVENT|001585,1784193960.0
1273.1922023509,51.3279948951,3.8752142098,1273.1922023509,1586,1324.520197246,S1B-GER40Cash-20260804T112808-196b791da6|EVENT|001586,1784194020.0
1273.1922023509,51.3279948951,3.8752142098,1273.1922023509,1587,1324.520197246,S1B-GER40Cash-20260804T112808-196b791da6|EVENT|001587,1784194080.0
1273.1922023509,51.3279948951,3.8752142098,1273.1922023509,1588,1324.520197246,S1B-GER40Cash-20260804T112808-196b791da6|EVENT|001588,1784194140.0
1273.1922023509,51.3279948951,3.8752142098,1273.1922023509,1589,1324.520197246,S1B-GER40Cash-20260804T112808-196b791da6|EVENT|001589,1784194200.0
1273.1922023509,51.3279948951,3.8752142098,1273.1922023509,1590,1324.520197246,S1B-GER40Cash-20260804T112808-196b791da6|EVENT|001590,1784194260.0
1273.1922023509,51.3279948951,3.8752142098,1273.1922023509,1591,1324.520197246,S1B-GER40Cash-20260804T112808-196b791da6|EVENT|001591,1784194320.0
1273.1922023509,51.3279948951,3.8752142098,1273.1922023509,1592,1324.520197246,S1B-GER40Cash-20260804T112808-196b791da6|EVENT|001592,1784194380.0
1273.1922023509,51.3279948951,3.8752142098,1273.1922023509,1593,1324.520197246,S1B-GER40Cash-20260804T112808-196b791da6|EVENT|001593,1784194440.0
1273.1922023509,51.3279948951,3.8752142098,1273.1922023509,1594,1324.520197246,S1B-GER40Cash-20260804T112808-196b791da6|EVENT|001594,1784194500.0
1273.1922023509,51.3279948951,3.8752142098,1273.1922023509,1595,1324.520197246,S1B-GER40Cash-20260804T112808-196b791da6|EVENT|001595,1784194560.0
1273.1922023509,51.3279948951,3.8752142098,1273.1922023509,1596,1324.520197246,S1B-GER40Cash-20260804T112808-196b791da6|EVENT|001596,1784194620.0
1273.1922023509,51.3279948951,3.8752142098,1273.1922023509,1597,1324.520197246,S1B-GER40Cash-20260804T112808-196b791da6|EVENT|001597,1784194680.0
1273.1922023509,51.3279948951,3.8752142098,1273.1922023509,1598,1324.520197246,S1B-GER40Cash-20260804T112808-196b791da6|EVENT|001598,1784194740.0
1273.1922023509,51.3279948951,3.8752142098,1273.1922023509,1599,1324.520197246,S1B-GER40Cash-20260804T112808-196b791da6|EVENT|001599,1784194800.0
1273.1922023509,51.3279948951,3.8752142098,1273.1922023509,1600,1324.520197246,S1B-GER40Cash-20260804T112808-196b791da6|EVENT|001600,1784194860.0
1273.1922023509,51.3279948951,3.8752142098,1273.1922023509,1601,1324.520197246,S1B-GER40Cash-20260804T112808-196b791da6|EVENT|001601,1784194920.0
1273.1922023509,51.3279948951,3.8752142098,1273.1922023509,1602,1324.520197246,S1B-GER40Cash-20260804T112808-196b791da6|EVENT|001602,1784194980.0
1273.1922023509,51.3279948951,3.8752142098,1273.1922023509,1603,1324.520197246,S1B-GER40Cash-20260804T112808-196b791da6|EVENT|001603,1784195040.0
1273.1922023509,51.3279948951,3.8752142098,1273.1922023509,1604,1324.520197246,S1B-GER40Cash-20260804T112808-196b791da6|EVENT|001604,1784195100.0
1273.1922023509,51.3279948951,3.8752142098,1273.1922023509,1605,1324.520197246,S1B-GER40Cash-20260804T112808-196b791da6|EVENT|001605,1784195160.0
1273.1922023509,51.3279948951,3.8752142098,1273.1922023509,1606,1324.520197246,S1B-GER40Cash-20260804T112808-196b791da6|EVENT|001606,1784195220.0
1273.1922023509,51.3279948951,3.8752142098,1273.1922023509,1607,1324.520197246,S1B-GER40Cash-20260804T112808-196b791da6|EVENT|001607,1784195280.0
1273.1922023509,51.3279948951,3.8752142098,1273.1922023509,1608,1324.520197246,S1B-GER40Cash-20260804T112808-196b791da6|EVENT|001608,1784195340.0
1273.1922023509,51.3279948951,3.8752142098,1273.1922023509,1609,1324.520197246,S1B-GER40Cash-20260804T112808-196b791da6|EVENT|001609,1784195400.0
1273.1922023509,51.3279948951,3.8752142098,1273.1922023509,1610,1324.520197246,S1B-GER40Cash-20260804T112808-196b791da6|EVENT|001610,1784195460.0
1273.1922023509,51.3279948951,3.8752142098,1273.1922023509,1611,1324.520197246,S1B-GER40Cash-20260804T112808-196b791da6|EVENT|001611,1784195520.0
1273.1922023509,51.3279948951,3.8752142098,1273.1922023509,1612,1324.520197246,S1B-GER40Cash-20260804T112808-196b791da6|EVENT|001612,1784195580.0
1273.1922023509,51.3279948951,3.8752142098,1273.1922023509,1613,1324.520197246,S1B-GER40Cash-20260804T112808-196b791da6|EVENT|001613,1784195640.0
1273.1922023509,51.3279948951,3.8752142098,1273.1922023509,1614,1324.520197246,S1B-GER40Cash-20260804T112808-196b791da6|EVENT|001614,1784195700.0
1273.1922023509,51.3279948951,3.8752142098,1273.1922023509,1615,1324.520197246,S1B-GER40Cash-20260804T112808-196b791da6|EVENT|001615,1784195760.0
1273.1922023509,51.3279948951,3.8752142098,1273.1922023509,1616,1324.520197246,S1B-GER40Cash-20260804T112808-196b791da6|EVENT|001616,1784195820.0
1273.1922023509,51.3279948951,3.8752142098,1273.1922023509,1617,1324.520197246,S1B-GER40Cash-20260804T112808-196b791da6|EVENT|001617,1784195880.0
1273.1922023509,51.3279948951,3.8752142098,1273.1922023509,1618,1324.520197246,S1B-GER40Cash-20260804T112808-196b791da6|EVENT|001618,1784195940.0
1273.1922023509,51.3279948951,3.8752142098,1273.1922023509,1619,1324.520197246,S1B-GER40Cash-20260804T112808-196b791da6|EVENT|001619,1784196000.0
1273.1922023509,51.3279948951,3.8752142098,1273.1922023509,1620,1324.520197246,S1B-GER40Cash-20260804T112808-196b791da6|EVENT|001620,1784196060.0
1273.1922023509,51.3279948951,3.8752142098,1273.1922023509,1621,1324.520197246,S1B-GER40Cash-20260804T112808-196b791da6|EVENT|001621,1784196120.0
1273.1922023509,51.3279948951,3.8752142098,1273.1922023509,1622,1324.520197246,S1B-GER40Cash-20260804T112808-196b791da6|EVENT|001622,1784196180.0
1273.1922023509,51.3279948951,3.8752142098,1273.1922023509,1623,1324.520197246,S1B-GER40Cash-20260804T112808-196b791da6|EVENT|001623,1784196240.0
1273.1922023509,51.3279948951,3.8752142098,1273.1922023509,1624,1324.520197246,S1B-GER40Cash-20260804T112808-196b791da6|EVENT|001624,1784196300.0
1273.1922023509,51.3279948951,3.8752142098,1273.1922023509,1625,1324.520197246,S1B-GER40Cash-20260804T112808-196b791da6|EVENT|001625,1784196360.0
1273.1922023509,51.3279948951,3.8752142098,1273.1922023509,1626,1324.520197246,S1B-GER40Cash-20260804T112808-196b791da6|EVENT|001626,1784196420.0
1273.1922023509,51.3279948951,3.8752142098,1273.1922023509,1627,1324.520197246,S1B-GER40Cash-20260804T112808-196b791da6|EVENT|001627,1784196480.0
1273.1922023509,51.3279948951,3.8752142098,1273.1922023509,1628,1324.520197246,S1B-GER40Cash-20260804T112808-196b791da6|EVENT|001628,1784196540.0
1273.1922023509,51.3279948951,3.8752142098,1273.1922023509,1629,1324.520197246,S1B-GER40Cash-20260804T112808-196b791da6|EVENT|001629,1784196600.0
1273.1922023509,51.3279948951,3.8752142098,1273.1922023509,1630,1324.520197246,S1B-GER40Cash-20260804T112808-196b791da6|EVENT|001630,1784196660.0
1273.1922023509,51.3279948951,3.8752142098,1273.1922023509,1631,1324.520197246,S1B-GER40Cash-20260804T112808-196b791da6|EVENT|001631,1784196720.0
1273.1922023509,51.3279948951,3.8752142098,1273.1922023509,1632,1324.520197246,S1B-GER40Cash-20260804T112808-196b791da6|EVENT|001632,1784196780.0
1273.1922023509,51.3279948951,3.8752142098,1273.1922023509,1633,1324.520197246,S1B-GER40Cash-20260804T112808-196b791da6|EVENT|001633,1784196840.0
1273.1922023509,51.3279948951,3.8752142098,1273.1922023509,1634,1324.520197246,S1B-GER40Cash-20260804T112808-196b791da6|EVENT|001634,1784196900.0
1273.1922023509,51.3279948951,3.8752142098,1273.1922023509,1635,1324.520197246,S1B-GER40Cash-20260804T112808-196b791da6|EVENT|001635,1784196960.0
1273.1922023509,51.3279948951,3.8752142098,1273.1922023509,1636,1324.520197246,S1B-GER40Cash-20260804T112808-196b791da6|EVENT|001636,1784197020.0
1273.1922023509,51.3279948951,3.8752142098,1273.1922023509,1637,1324.520197246,S1B-GER40Cash-20260804T112808-196b791da6|EVENT|001637,1784197080.0
1273.1922023509,51.3279948951,3.8752142098,1273.1922023509,1638,1324.520197246,S1B-GER40Cash-20260804T112808-196b791da6|EVENT|001638,1784197140.0
1273.1922023509,51.3279948951,3.8752142098,1273.1922023509,1639,1324.520197246,S1B-GER40Cash-20260804T112808-196b791da6|EVENT|001639,1784197200.0
1273.1922023509,51.3279948951,3.8752142098,1273.1922023509,1640,1324.520197246,S1B-GER40Cash-20260804T112808-196b791da6|EVENT|001640,1784197260.0
1273.1922023509,51.3279948951,3.8752142098,1273.1922023509,1641,1324.520197246,S1B-GER40Cash-20260804T112808-196b791da6|EVENT|001641,1784197320.0
1273.1922023509,51.3279948951,3.8752142098,1273.1922023509,1642,1324.520197246,S1B-GER40Cash-20260804T112808-196b791da6|EVENT|001642,1784197380.0
1273.1922023509,51.3279948951,3.8752142098,1273.1922023509,1643,1324.520197246,S1B-GER40Cash-20260804T112808-196b791da6|EVENT|001643,1784197440.0
1273.1922023509,51.3279948951,3.8752142098,1273.1922023509,1644,1324.520197246,S1B-GER40Cash-20260804T112808-196b791da6|EVENT|001644,1784197500.0
1273.1922023509,51.3279948951,3.8752142098,1273.1922023509,1645,1324.520197246,S1B-GER40Cash-20260804T112808-196b791da6|EVENT|001645,1784197560.0
1273.1922023509,51.3279948951,3.8752142098,1273.1922023509,1646,1324.520197246,S1B-GER40Cash-20260804T112808-196b791da6|EVENT|001646,1784197620.0
1273.1922023509,51.3279948951,3.8752142098,1273.1922023509,1647,1324.520197246,S1B-GER40Cash-20260804T112808-196b791da6|EVENT|001647,1784197680.0
1273.1922023509,51.3279948951,3.8752142098,1273.1922023509,1648,1324.520197246,S1B-GER40Cash-20260804T112808-196b791da6|EVENT|001648,1784197740.0
1273.1922023509,51.3279948951,3.8752142098,1273.1922023509,1649,1324.520197246,S1B-GER40Cash-20260804T112808-196b791da6|EVENT|001649,1784197800.0
1273.1922023509,51.3279948951,3.8752142098,1273.1922023509,1650,1324.520197246,S1B-GER40Cash-20260804T112808-196b791da6|EVENT|001650,1784197860.0
1273.1922023509,51.3279948951,3.8752142098,1273.1922023509,1651,1324.520197246,S1B-GER40Cash-20260804T112808-196b791da6|EVENT|001651,1784197920.0
1273.1922023509,51.3279948951,3.8752142098,1273.1922023509,1652,1324.520197246,S1B-GER40Cash-20260804T112808-196b791da6|EVENT|001652,1784197980.0
1273.1922023509,51.3279948951,3.8752142098,1273.1922023509,1653,1324.520197246,S1B-GER40Cash-20260804T112808-196b791da6|EVENT|001653,1784198040.0
1273.1922023509,51.3279948951,3.8752142098,1273.1922023509,1654,1324.520197246,S1B-GER40Cash-20260804T112808-196b791da6|EVENT|001654,1784198100.0
1273.1922023509,51.3279948951,3.8752142098,1273.1922023509,1655,1324.520197246,S1B-GER40Cash-20260804T112808-196b791da6|EVENT|001655,1784198160.0
1273.1922023509,51.3279948951,3.8752142098,1273.1922023509,1656,1324.520197246,S1B-GER40Cash-20260804T112808-196b791da6|EVENT|001656,1784198220.0
1273.1922023509,51.3279948951,3.8752142098,1273.1922023509,1657,1324.520197246,S1B-GER40Cash-20260804T112808-196b791da6|EVENT|001657,1784198280.0
1273.1922023509,51.3279948951,3.8752142098,1273.1922023509,1658,1324.520197246,S1B-GER40Cash-20260804T112808-196b791da6|EVENT|001658,1784198340.0
1273.1922023509,51.3279948951,3.8752142098,1273.1922023509,1659,1324.520197246,S1B-GER40Cash-20260804T112808-196b791da6|EVENT|001659,1784198400.0
1273.1922023509,51.3279948951,3.8752142098,1273.1922023509,1660,1324.520197246,S1B-GER40Cash-20260804T112808-196b791da6|EVENT|001660,1784198460.0
1273.1922023509,51.3279948951,3.8752142098,1273.1922023509,1661,1324.520197246,S1B-GER40Cash-20260804T112808-196b791da6|EVENT|001661,1784198520.0
1273.1922023509,51.3279948951,3.8752142098,1273.1922023509,1662,1324.520197246,S1B-GER40Cash-20260804T112808-196b791da6|EVENT|001662,1784198580.0
1273.1922023509,51.3279948951,3.8752142098,1273.1922023509,1663,1324.520197246,S1B-GER40Cash-20260804T112808-196b791da6|EVENT|001663,1784198640.0
1273.1922023509,51.3279948951,3.8752142098,1273.1922023509,1664,1324.520197246,S1B-GER40Cash-20260804T112808-196b791da6|EVENT|001664,1784198700.0
1273.1922023509,51.3279948951,3.8752142098,1273.1922023509,1665,1324.520197246,S1B-GER40Cash-20260804T112808-196b791da6|EVENT|001665,1784198760.0
1273.1922023509,51.3279948951,3.8752142098,1273.1922023509,1666,1324.520197246,S1B-GER40Cash-20260804T112808-196b791da6|EVENT|001666,1784198820.0
1273.1922023509,51.3279948951,3.8752142098,1273.1922023509,1667,1324.520197246,S1B-GER40Cash-20260804T112808-196b791da6|EVENT|001667,1784198880.0
1273.1922023509,51.3279948951,3.8752142098,1273.1922023509,1668,1324.520197246,S1B-GER40Cash-20260804T112808-196b791da6|EVENT|001668,1784198940.0
1273.1922023509,51.3279948951,3.8752142098,1273.1922023509,1669,1324.520197246,S1B-GER40Cash-20260804T112808-196b791da6|EVENT|001669,1784199000.0
1273.1922023509,51.3279948951,3.8752142098,1273.1922023509,1670,1324.520197246,S1B-GER40Cash-20260804T112808-196b791da6|EVENT|001670,1784199060.0
1273.1922023509,51.3279948951,3.8752142098,1273.1922023509,1671,1324.520197246,S1B-GER40Cash-20260804T112808-196b791da6|EVENT|001671,1784199120.0
1273.1922023509,51.3279948951,3.8752142098,1273.1922023509,1672,1324.520197246,S1B-GER40Cash-20260804T112808-196b791da6|EVENT|001672,1784199180.0
1273.1922023509,51.3279948951,3.8752142098,1273.1922023509,1673,1324.520197246,S1B-GER40Cash-20260804T112808-196b791da6|EVENT|001673,1784199240.0
1273.1922023509,51.3279948951,3.8752142098,1273.1922023509,1674,1324.520197246,S1B-GER40Cash-20260804T112808-196b791da6|EVENT|001674,1784199300.0
1273.1922023509,51.3279948951,3.8752142098,1273.1922023509,1675,1324.520197246,S1B-GER40Cash-20260804T112808-196b791da6|EVENT|001675,1784199360.0
1273.1922023509,51.3279948951,3.8752142098,1273.1922023509,1676,1324.520197246,S1B-GER40Cash-20260804T112808-196b791da6|EVENT|001676,1784199420.0
1273.1922023509,51.3279948951,3.8752142098,1273.1922023509,1677,1324.520197246,S1B-GER40Cash-20260804T112808-196b791da6|EVENT|001677,1784199480.0
1273.1922023509,51.3279948951,3.8752142098,1273.1922023509,1678,1324.520197246,S1B-GER40Cash-20260804T112808-196b791da6|EVENT|001678,1784199540.0
1273.1922023509,51.3279948951,3.8752142098,1273.1922023509,1679,1324.520197246,S1B-GER40Cash-20260804T112808-196b791da6|EVENT|001679,1784199600.0
1273.1922023509,51.3279948951,3.8752142098,1273.1922023509,1680,1324.520197246,S1B-GER40Cash-20260804T112808-196b791da6|EVENT|001680,1784199660.0
1273.1922023509,51.3279948951,3.8752142098,1273.1922023509,1681,1324.520197246,S1B-GER40Cash-20260804T112808-196b791da6|EVENT|001681,1784199720.0
1273.1922023509,51.3279948951,3.8752142098,1273.1922023509,1682,1324.520197246,S1B-GER40Cash-20260804T112808-196b791da6|EVENT|001682,1784199780.0
1273.1922023509,51.3279948951,3.8752142098,1273.1922023509,1683,1324.520197246,S1B-GER40Cash-20260804T112808-196b791da6|EVENT|001683,1784199840.0
1273.1922023509,51.3279948951,3.8752142098,1273.1922023509,1684,1324.520197246,S1B-GER40Cash-20260804T112808-196b791da6|EVENT|001684,1784199900.0
1273.1922023509,51.3279948951,3.8752142098,1273.1922023509,1685,1324.520197246,S1B-GER40Cash-20260804T112808-196b791da6|EVENT|001685,1784199960.0
1273.1922023509,51.3279948951,3.8752142098,1273.1922023509,1686,1324.520197246,S1B-GER40Cash-20260804T112808-196b791da6|EVENT|001686,1784200020.0
1273.1922023509,51.3279948951,3.8752142098,1273.1922023509,1687,1324.520197246,S1B-GER40Cash-20260804T112808-196b791da6|EVENT|001687,1784200080.0
1273.1922023509,51.3279948951,3.8752142098,1273.1922023509,1688,1324.520197246,S1B-GER40Cash-20260804T112808-196b791da6|EVENT|001688,1784200140.0
1273.1922023509,51.3279948951,3.8752142098,1273.1922023509,1689,1324.520197246,S1B-GER40Cash-20260804T112808-196b791da6|EVENT|001689,1784200200.0
1273.1922023509,51.3279948951,3.8752142098,1273.1922023509,1690,1324.520197246,S1B-GER40Cash-20260804T112808-196b791da6|EVENT|001690,1784200260.0
1273.1922023509,51.3279948951,3.8752142098,1273.1922023509,1691,1324.520197246,S1B-GER40Cash-20260804T112808-196b791da6|EVENT|001691,1784200320.0
1273.1922023509,51.3279948951,3.8752142098,1273.1922023509,1692,1324.520197246,S1B-GER40Cash-20260804T112808-196b791da6|EVENT|001692,1784200380.0
1273.1922023509,51.3279948951,3.8752142098,1273.1922023509,1693,1324.520197246,S1B-GER40Cash-20260804T112808-196b791da6|EVENT|001693,1784200440.0
1273.1922023509,51.3279948951,3.8752142098,1273.1922023509,1694,1324.520197246,S1B-GER40Cash-20260804T112808-196b791da6|EVENT|001694,1784200500.0
1273.1922023509,51.3279948951,3.8752142098,1273.1922023509,1695,1324.520197246,S1B-GER40Cash-20260804T112808-196b791da6|EVENT|001695,1784200560.0
1273.1922023509,51.3279948951,3.8752142098,1273.1922023509,1696,1324.520197246,S1B-GER40Cash-20260804T112808-196b791da6|EVENT|001696,1784200620.0
1273.1922023509,51.3279948951,3.8752142098,1273.1922023509,1697,1324.520197246,S1B-GER40Cash-20260804T112808-196b791da6|EVENT|001697,1784200680.0
1273.1922023509,51.3279948951,3.8752142098,1273.1922023509,1698,1324.520197246,S1B-GER40Cash-20260804T112808-196b791da6|EVENT|001698,1784200740.0
1273.1922023509,51.3279948951,3.8752142098,1273.1922023509,1699,1324.520197246,S1B-GER40Cash-20260804T112808-196b791da6|EVENT|001699,1784200800.0
1273.1922023509,51.3279948951,3.8752142098,1273.1922023509,1700,1324.520197246,S1B-GER40Cash-20260804T112808-196b791da6|EVENT|001700,1784200860.0
1273.1922023509,51.3279948951,3.8752142098,1273.1922023509,1701,1324.520197246,S1B-GER40Cash-20260804T112808-196b791da6|EVENT|001701,1784200920.0
1273.1922023509,51.3279948951,3.8752142098,1273.1922023509,1702,1324.520197246,S1B-GER40Cash-20260804T112808-196b791da6|EVENT|001702,1784200980.0
1273.1922023509,51.3279948951,3.8752142098,1273.1922023509,1703,1324.520197246,S1B-GER40Cash-20260804T112808-196b791da6|EVENT|001703,1784201040.0
1273.1922023509,51.3279948951,3.8752142098,1273.1922023509,1704,1324.520197246,S1B-GER40Cash-20260804T112808-196b791da6|EVENT|001704,1784201100.0
1273.1922023509,51.3279948951,3.8752142098,1273.1922023509,1705,1324.520197246,S1B-GER40Cash-20260804T112808-196b791da6|EVENT|001705,1784201160.0
1273.1922023509,51.3279948951,3.8752142098,1273.1922023509,1706,1324.520197246,S1B-GER40Cash-20260804T112808-196b791da6|EVENT|001706,1784201220.0
1273.1922023509,51.3279948951,3.8752142098,1273.1922023509,1707,1324.520197246,S1B-GER40Cash-20260804T112808-196b791da6|EVENT|001707,1784201280.0
1273.1922023509,51.3279948951,3.8752142098,1273.1922023509,1708,1324.520197246,S1B-GER40Cash-20260804T112808-196b791da6|EVENT|001708,1784201340.0
1273.1922023509,51.3279948951,3.8752142098,1273.1922023509,1709,1324.520197246,S1B-GER40Cash-20260804T112808-196b791da6|EVENT|001709,1784201400.0
1273.1922023509,51.3279948951,3.8752142098,1273.1922023509,1710,1324.520197246,S1B-GER40Cash-20260804T112808-196b791da6|EVENT|001710,1784201460.0
1273.1922023509,51.3279948951,3.8752142098,1273.1922023509,1711,1324.520197246,S1B-GER40Cash-20260804T112808-196b791da6|EVENT|001711,1784201520.0
1273.1922023509,51.3279948951,3.8752142098,1273.1922023509,1712,1324.520197246,S1B-GER40Cash-20260804T112808-196b791da6|EVENT|001712,1784201580.0
1273.1922023509,51.3279948951,3.8752142098,1273.1922023509,1713,1324.520197246,S1B-GER40Cash-20260804T112808-196b791da6|EVENT|001713,1784201640.0
1273.1922023509,51.3279948951,3.8752142098,1273.1922023509,1714,1324.520197246,S1B-GER40Cash-20260804T112808-196b791da6|EVENT|001714,1784201700.0
1273.1922023509,51.3279948951,3.8752142098,1273.1922023509,1715,1324.520197246,S1B-GER40Cash-20260804T112808-196b791da6|EVENT|001715,1784201760.0
1273.1922023509,51.3279948951,3.8752142098,1273.1922023509,1716,1324.520197246,S1B-GER40Cash-20260804T112808-196b791da6|EVENT|001716,1784201820.0
1273.1922023509,51.3279948951,3.8752142098,1273.1922023509,1717,1324.520197246,S1B-GER40Cash-20260804T112808-196b791da6|EVENT|001717,1784201880.0
1273.1922023509,51.3279948951,3.8752142098,1273.1922023509,1718,1324.520197246,S1B-GER40Cash-20260804T112808-196b791da6|EVENT|001718,1784201940.0
1273.1922023509,51.3279948951,3.8752142098,1273.1922023509,1719,1324.520197246,S1B-GER40Cash-20260804T112808-196b791da6|EVENT|001719,1784202000.0
1273.1922023509,51.3279948951,3.8752142098,1273.1922023509,1720,1324.520197246,S1B-GER40Cash-20260804T112808-196b791da6|EVENT|001720,1784202060.0
1273.1922023509,51.3279948951,3.8752142098,1273.1922023509,1721,1324.520197246,S1B-GER40Cash-20260804T112808-196b791da6|EVENT|001721,1784202120.0
1273.1922023509,51.3279948951,3.8752142098,1273.1922023509,1722,1324.520197246,S1B-GER40Cash-20260804T112808-196b791da6|EVENT|001722,1784202180.0
1273.1922023509,51.3279948951,3.8752142098,1273.1922023509,1723,1324.520197246,S1B-GER40Cash-20260804T112808-196b791da6|EVENT|001723,1784202240.0
1273.1922023509,51.3279948951,3.8752142098,1273.1922023509,1724,1324.520197246,S1B-GER40Cash-20260804T112808-196b791da6|EVENT|001724,1784202300.0
1273.1922023509,51.3279948951,3.8752142098,1273.1922023509,1725,1324.520197246,S1B-GER40Cash-20260804T112808-196b791da6|EVENT|001725,1784202360.0
1273.1922023509,51.3279948951,3.8752142098,1273.1922023509,1726,1324.520197246,S1B-GER40Cash-20260804T112808-196b791da6|EVENT|001726,1784202420.0
1273.1922023509,51.3279948951,3.8752142098,1273.1922023509,1727,1324.520197246,S1B-GER40Cash-20260804T112808-196b791da6|EVENT|001727,1784202480.0
1273.1922023509,51.3279948951,3.8752142098,1273.1922023509,1728,1324.520197246,S1B-GER40Cash-20260804T112808-196b791da6|EVENT|001728,1784202540.0
1273.1922023509,51.3279948951,3.8752142098,1273.1922023509,1729,1324.520197246,S1B-GER40Cash-20260804T112808-196b791da6|EVENT|001729,1784202600.0
1273.1922023509,51.3279948951,3.8752142098,1273.1922023509,1730,1324.520197246,S1B-GER40Cash-20260804T112808-196b791da6|EVENT|001730,1784202660.0
1273.1922023509,51.3279948951,3.8752142098,1273.1922023509,1731,1324.520197246,S1B-GER40Cash-20260804T112808-196b791da6|EVENT|001731,1784202720.0
1273.1922023509,51.3279948951,3.8752142098,1273.1922023509,1732,1324.520197246,S1B-GER40Cash-20260804T112808-196b791da6|EVENT|001732,1784202780.0
1273.1922023509,51.3279948951,3.8752142098,1273.1922023509,1733,1324.520197246,S1B-GER40Cash-20260804T112808-196b791da6|EVENT|001733,1784202840.0
1273.1922023509,51.3279948951,3.8752142098,1273.1922023509,1734,1324.520197246,S1B-GER40Cash-20260804T112808-196b791da6|EVENT|001734,1784202900.0
1273.1922023509,51.3279948951,3.8752142098,1273.1922023509,1735,1324.520197246,S1B-GER40Cash-20260804T112808-196b791da6|EVENT|001735,1784202960.0
1273.1922023509,51.3279948951,3.8752142098,1273.1922023509,1736,1324.520197246,S1B-GER40Cash-20260804T112808-196b791da6|EVENT|001736,1784203020.0
1273.1922023509,51.3279948951,3.8752142098,1273.1922023509,1737,1324.520197246,S1B-GER40Cash-20260804T112808-196b791da6|EVENT|001737,1784203080.0
1273.1922023509,51.3279948951,3.8752142098,1273.1922023509,1738,1324.520197246,S1B-GER40Cash-20260804T112808-196b791da6|EVENT|001738,1784203140.0
1273.1922023509,51.3279948951,3.8752142098,1273.1922023509,1739,1324.520197246,S1B-GER40Cash-20260804T112808-196b791da6|EVENT|001739,1784203200.0
1273.1922023509,51.3279948951,3.8752142098,1273.1922023509,1740,1324.520197246,S1B-GER40Cash-20260804T112808-196b791da6|EVENT|001740,1784203260.0
1273.1922023509,51.3279948951,3.8752142098,1273.1922023509,1741,1324.520197246,S1B-GER40Cash-20260804T112808-196b791da6|EVENT|001741,1784203320.0
1273.1922023509,51.3279948951,3.8752142098,1273.1922023509,1742,1324.520197246,S1B-GER40Cash-20260804T112808-196b791da6|EVENT|001742,1784203380.0
1273.1922023509,51.3279948951,3.8752142098,1273.1922023509,1743,1324.520197246,S1B-GER40Cash-20260804T112808-196b791da6|EVENT|001743,1784203440.0
1273.1922023509,51.3279948951,3.8752142098,1273.1922023509,1744,1324.520197246,S1B-GER40Cash-20260804T112808-196b791da6|EVENT|001744,1784203500.0
1273.1922023509,51.3279948951,3.8752142098,1273.1922023509,1745,1324.520197246,S1B-GER40Cash-20260804T112808-196b791da6|EVENT|001745,1784203560.0
1273.1922023509,51.3279948951,3.8752142098,1273.1922023509,1746,1324.520197246,S1B-GER40Cash-20260804T112808-196b791da6|EVENT|001746,1784203620.0
1273.1922023509,51.3279948951,3.8752142098,1273.1922023509,1747,1324.520197246,S1B-GER40Cash-20260804T112808-196b791da6|EVENT|001747,1784203680.0
1273.1922023509,51.3279948951,3.8752142098,1273.1922023509,1748,1324.520197246,S1B-GER40Cash-20260804T112808-196b791da6|EVENT|001748,1784203740.0
1273.1922023509,51.3279948951,3.8752142098,1273.1922023509,1749,1324.520197246,S1B-GER40Cash-20260804T112808-196b791da6|EVENT|001749,1784203800.0
1273.1922023509,51.3279948951,3.8752142098,1273.1922023509,1750,1324.520197246,S1B-GER40Cash-20260804T112808-196b791da6|EVENT|001750,1784203860.0
1273.1922023509,51.3279948951,3.8752142098,1273.1922023509,1751,1324.520197246,S1B-GER40Cash-20260804T112808-196b791da6|EVENT|001751,1784203920.0
1273.1922023509,51.3279948951,3.8752142098,1273.1922023509,1752,1324.520197246,S1B-GER40Cash-20260804T112808-196b791da6|EVENT|001752,1784203980.0
1273.1922023509,51.3279948951,3.8752142098,1273.1922023509,1753,1324.520197246,S1B-GER40Cash-20260804T112808-196b791da6|EVENT|001753,1784204040.0
1273.1922023509,51.3279948951,3.8752142098,1273.1922023509,1754,1324.520197246,S1B-GER40Cash-20260804T112808-196b791da6|EVENT|001754,1784204100.0
1273.1922023509,51.3279948951,3.8752142098,1273.1922023509,1755,1324.520197246,S1B-GER40Cash-20260804T112808-196b791da6|EVENT|001755,1784204160.0
1273.1922023509,51.3279948951,3.8752142098,1273.1922023509,1756,1324.520197246,S1B-GER40Cash-20260804T112808-196b791da6|EVENT|001756,1784204220.0
1273.1922023509,51.3279948951,3.8752142098,1273.1922023509,1757,1324.520197246,S1B-GER40Cash-20260804T112808-196b791da6|EVENT|001757,1784204280.0
1273.1922023509,51.3279948951,3.8752142098,1273.1922023509,1758,1324.520197246,S1B-GER40Cash-20260804T112808-196b791da6|EVENT|001758,1784204340.0
1273.1922023509,51.3279948951,3.8752142098,1273.1922023509,1759,1324.520197246,S1B-GER40Cash-20260804T112808-196b791da6|EVENT|001759,1784204400.0
1273.1922023509,51.3279948951,3.8752142098,1273.1922023509,1760,1324.520197246,S1B-GER40Cash-20260804T112808-196b791da6|EVENT|001760,1784204460.0
1273.1922023509,51.3279948951,3.8752142098,1273.1922023509,1761,1324.520197246,S1B-GER40Cash-20260804T112808-196b791da6|EVENT|001761,1784204520.0
1273.1922023509,51.3279948951,3.8752142098,1273.1922023509,1762,1324.520197246,S1B-GER40Cash-20260804T112808-196b791da6|EVENT|001762,1784204580.0
1273.1922023509,51.3279948951,3.8752142098,1273.1922023509,1763,1324.520197246,S1B-GER40Cash-20260804T112808-196b791da6|EVENT|001763,1784204640.0
1273.1922023509,51.3279948951,3.8752142098,1273.1922023509,1764,1324.520197246,S1B-GER40Cash-20260804T112808-196b791da6|EVENT|001764,1784204700.0
1273.1922023509,51.3279948951,3.8752142098,1273.1922023509,1765,1324.520197246,S1B-GER40Cash-20260804T112808-196b791da6|EVENT|001765,1784204760.0
1273.1922023509,51.3279948951,3.8752142098,1273.1922023509,1766,1324.520197246,S1B-GER40Cash-20260804T112808-196b791da6|EVENT|001766,1784204820.0
1273.1922023509,51.3279948951,3.8752142098,1273.1922023509,1767,1324.520197246,S1B-GER40Cash-20260804T112808-196b791da6|EVENT|001767,1784204880.0
1273.1922023509,51.3279948951,3.8752142098,1273.1922023509,1768,1324.520197246,S1B-GER40Cash-20260804T112808-196b791da6|EVENT|001768,1784204940.0
1273.1922023509,51.3279948951,3.8752142098,1273.1922023509,1769,1324.520197246,S1B-GER40Cash-20260804T112808-196b791da6|EVENT|001769,1784205000.0
1273.1922023509,51.3279948951,3.8752142098,1273.1922023509,1770,1324.520197246,S1B-GER40Cash-20260804T112808-196b791da6|EVENT|001770,1784205060.0
1273.1922023509,51.3279948951,3.8752142098,1273.1922023509,1771,1324.520197246,S1B-GER40Cash-20260804T112808-196b791da6|EVENT|001771,1784205120.0
1273.1922023509,51.3279948951,3.8752142098,1273.1922023509,1772,1324.520197246,S1B-GER40Cash-20260804T112808-196b791da6|EVENT|001772,1784205180.0
1273.1922023509,51.3279948951,3.8752142098,1273.1922023509,1773,1324.520197246,S1B-GER40Cash-20260804T112808-196b791da6|EVENT|001773,1784205240.0
1273.1922023509,51.3279948951,3.8752142098,1273.1922023509,1774,1324.520197246,S1B-GER40Cash-20260804T112808-196b791da6|EVENT|001774,1784205300.0
1273.1922023509,51.3279948951,3.8752142098,1273.1922023509,1775,1324.520197246,S1B-GER40Cash-20260804T112808-196b791da6|EVENT|001775,1784205360.0
1273.1922023509,51.3279948951,3.8752142098,1273.1922023509,1776,1324.520197246,S1B-GER40Cash-20260804T112808-196b791da6|EVENT|001776,1784205420.0
1273.1922023509,51.3279948951,3.8752142098,1273.1922023509,1777,1324.520197246,S1B-GER40Cash-20260804T112808-196b791da6|EVENT|001777,1784205480.0
1273.1922023509,51.3279948951,3.8752142098,1273.1922023509,1778,1324.520197246,S1B-GER40Cash-20260804T112808-196b791da6|EVENT|001778,1784205540.0
1273.1922023509,51.3279948951,3.8752142098,1273.1922023509,1779,1324.520197246,S1B-GER40Cash-20260804T112808-196b791da6|EVENT|001779,1784205600.0
1273.1922023509,51.3279948951,3.8752142098,1273.1922023509,1780,1324.520197246,S1B-GER40Cash-20260804T112808-196b791da6|EVENT|001780,1784205660.0
1273.1922023509,51.3279948951,3.8752142098,1273.1922023509,1781,1324.520197246,S1B-GER40Cash-20260804T112808-196b791da6|EVENT|001781,1784205720.0
1273.1922023509,51.3279948951,3.8752142098,1273.1922023509,1782,1324.520197246,S1B-GER40Cash-20260804T112808-196b791da6|EVENT|001782,1784205780.0
1273.1922023509,51.3279948951,3.8752142098,1273.1922023509,1783,1324.520197246,S1B-GER40Cash-20260804T112808-196b791da6|EVENT|001783,1784205840.0
1273.1922023509,51.3279948951,3.8752142098,1273.1922023509,1784,1324.520197246,S1B-GER40Cash-20260804T112808-196b791da6|EVENT|001784,1784205900.0
1273.1922023509,51.3279948951,3.8752142098,1273.1922023509,1785,1324.520197246,S1B-GER40Cash-20260804T112808-196b791da6|EVENT|001785,1784205960.0
1273.1922023509,51.3279948951,3.8752142098,1273.1922023509,1786,1324.520197246,S1B-GER40Cash-20260804T112808-196b791da6|EVENT|001786,1784206020.0
1273.1922023509,51.3279948951,3.8752142098,1273.1922023509,1787,1324.520197246,S1B-GER40Cash-20260804T112808-196b791da6|EVENT|001787,1784206080.0
1273.1922023509,51.3279948951,3.8752142098,1273.1922023509,1788,1324.520197246,S1B-GER40Cash-20260804T112808-196b791da6|EVENT|001788,1784206140.0
1273.1922023509,51.3279948951,3.8752142098,1273.1922023509,1789,1324.520197246,S1B-GER40Cash-20260804T112808-196b791da6|EVENT|001789,1784206200.0
1273.1922023509,51.3279948951,3.8752142098,1273.1922023509,1790,1324.520197246,S1B-GER40Cash-20260804T112808-196b791da6|EVENT|001790,1784206260.0
1273.1922023509,51.3279948951,3.8752142098,1273.1922023509,1791,1324.520197246,S1B-GER40Cash-20260804T112808-196b791da6|EVENT|001791,1784206320.0
1273.1922023509,51.3279948951,3.8752142098,1273.1922023509,1792,1324.520197246,S1B-GER40Cash-20260804T112808-196b791da6|EVENT|001792,1784206380.0
1273.1922023509,51.3279948951,3.8752142098,1273.1922023509,1793,1324.520197246,S1B-GER40Cash-20260804T112808-196b791da6|EVENT|001793,1784206440.0
1273.1922023509,51.3279948951,3.8752142098,1273.1922023509,1794,1324.520197246,S1B-GER40Cash-20260804T112808-196b791da6|EVENT|001794,1784206500.0
1273.1922023509,51.3279948951,3.8752142098,1273.1922023509,1795,1324.520197246,S1B-GER40Cash-20260804T112808-196b791da6|EVENT|001795,1784206560.0
1273.1922023509,51.3279948951,3.8752142098,1273.1922023509,1796,1324.520197246,S1B-GER40Cash-20260804T112808-196b791da6|EVENT|001796,1784206620.0
1273.1922023509,51.3279948951,3.8752142098,1273.1922023509,1797,1324.520197246,S1B-GER40Cash-20260804T112808-196b791da6|EVENT|001797,1784206680.0
1273.1922023509,51.3279948951,3.8752142098,1273.1922023509,1798,1324.520197246,S1B-GER40Cash-20260804T112808-196b791da6|EVENT|001798,1784206740.0
1273.1922023509,51.3279948951,3.8752142098,1273.1922023509,1799,1324.520197246,S1B-GER40Cash-20260804T112808-196b791da6|EVENT|001799,1784206800.0
1273.1922023509,51.3279948951,3.8752142098,1273.1922023509,1800,1324.520197246,S1B-GER40Cash-20260804T112808-196b791da6|EVENT|001800,1784206860.0
1273.1922023509,51.3279948951,3.8752142098,1273.1922023509,1801,1324.520197246,S1B-GER40Cash-20260804T112808-196b791da6|EVENT|001801,1784206920.0
1273.1922023509,51.3279948951,3.8752142098,1273.1922023509,1802,1324.520197246,S1B-GER40Cash-20260804T112808-196b791da6|EVENT|001802,1784206980.0
1273.1922023509,51.3279948951,3.8752142098,1273.1922023509,1803,1324.520197246,S1B-GER40Cash-20260804T112808-196b791da6|EVENT|001803,1784207040.0
1273.1922023509,51.3279948951,3.8752142098,1273.1922023509,1804,1324.520197246,S1B-GER40Cash-20260804T112808-196b791da6|EVENT|001804,1784207100.0
1273.1922023509,51.3279948951,3.8752142098,1273.1922023509,1805,1324.520197246,S1B-GER40Cash-20260804T112808-196b791da6|EVENT|001805,1784207160.0
1273.1922023509,51.3279948951,3.8752142098,1273.1922023509,1806,1324.520197246,S1B-GER40Cash-20260804T112808-196b791da6|EVENT|001806,1784207220.0
1273.1922023509,51.3279948951,3.8752142098,1273.1922023509,1807,1324.520197246,S1B-GER40Cash-20260804T112808-196b791da6|EVENT|001807,1784207280.0
1273.1922023509,51.3279948951,3.8752142098,1273.1922023509,1808,1324.520197246,S1B-GER40Cash-20260804T112808-196b791da6|EVENT|001808,1784207340.0
1273.1922023509,51.3279948951,3.8752142098,1273.1922023509,1809,1324.520197246,S1B-GER40Cash-20260804T112808-196b791da6|EVENT|001809,1784207400.0
1273.1922023509,51.3279948951,3.8752142098,1273.1922023509,1810,1324.520197246,S1B-GER40Cash-20260804T112808-196b791da6|EVENT|001810,1784207460.0
1273.1922023509,51.3279948951,3.8752142098,1273.1922023509,1811,1324.520197246,S1B-GER40Cash-20260804T112808-196b791da6|EVENT|001811,1784207520.0
1273.1922023509,51.3279948951,3.8752142098,1273.1922023509,1812,1324.520197246,S1B-GER40Cash-20260804T112808-196b791da6|EVENT|001812,1784207580.0
1273.1922023509,51.3279948951,3.8752142098,1273.1922023509,1813,1324.520197246,S1B-GER40Cash-20260804T112808-196b791da6|EVENT|001813,1784207640.0
1273.1922023509,51.3279948951,3.8752142098,1273.1922023509,1814,1324.520197246,S1B-GER40Cash-20260804T112808-196b791da6|EVENT|001814,1784207700.0
1273.1922023509,51.3279948951,3.8752142098,1273.1922023509,1815,1324.520197246,S1B-GER40Cash-20260804T112808-196b791da6|EVENT|001815,1784207760.0
1273.1922023509,51.3279948951,3.8752142098,1273.1922023509,1816,1324.520197246,S1B-GER40Cash-20260804T112808-196b791da6|EVENT|001816,1784207820.0
1273.1922023509,51.3279948951,3.8752142098,1273.1922023509,1817,1324.520197246,S1B-GER40Cash-20260804T112808-196b791da6|EVENT|001817,1784207880.0
1273.1922023509,51.3279948951,3.8752142098,1273.1922023509,1818,1324.520197246,S1B-GER40Cash-20260804T112808-196b791da6|EVENT|001818,1784207940.0
1273.1922023509,51.3279948951,3.8752142098,1273.1922023509,1819,1324.520197246,S1B-GER40Cash-20260804T112808-196b791da6|EVENT|001819,1784208000.0
1273.1922023509,51.3279948951,3.8752142098,1273.1922023509,1820,1324.520197246,S1B-GER40Cash-20260804T112808-196b791da6|EVENT|001820,1784208060.0
1273.1922023509,51.3279948951,3.8752142098,1273.1922023509,1821,1324.520197246,S1B-GER40Cash-20260804T112808-196b791da6|EVENT|001821,1784208120.0
1273.1922023509,51.3279948951,3.8752142098,1273.1922023509,1822,1324.520197246,S1B-GER40Cash-20260804T112808-196b791da6|EVENT|001822,1784208180.0
1273.1922023509,51.3279948951,3.8752142098,1273.1922023509,1823,1324.520197246,S1B-GER40Cash-20260804T112808-196b791da6|EVENT|001823,1784208240.0
1273.1922023509,51.3279948951,3.8752142098,1273.1922023509,1824,1324.520197246,S1B-GER40Cash-20260804T112808-196b791da6|EVENT|001824,1784208300.0
1273.1922023509,51.3279948951,3.8752142098,1273.1922023509,1825,1324.520197246,S1B-GER40Cash-20260804T112808-196b791da6|EVENT|001825,1784208360.0
1273.1922023509,51.3279948951,3.8752142098,1273.1922023509,1826,1324.520197246,S1B-GER40Cash-20260804T112808-196b791da6|EVENT|001826,1784208420.0
1273.1922023509,51.3279948951,3.8752142098,1273.1922023509,1827,1324.520197246,S1B-GER40Cash-20260804T112808-196b791da6|EVENT|001827,1784208480.0
1273.1922023509,51.3279948951,3.8752142098,1273.1922023509,1828,1324.520197246,S1B-GER40Cash-20260804T112808-196b791da6|EVENT|001828,1784208540.0
1273.1922023509,51.3279948951,3.8752142098,1273.1922023509,1829,1324.520197246,S1B-GER40Cash-20260804T112808-196b791da6|EVENT|001829,1784208600.0
1273.1922023509,51.3279948951,3.8752142098,1273.1922023509,1830,1324.520197246,S1B-GER40Cash-20260804T112808-196b791da6|EVENT|001830,1784208660.0
1273.1922023509,51.3279948951,3.8752142098,1273.1922023509,1831,1324.520197246,S1B-GER40Cash-20260804T112808-196b791da6|EVENT|001831,1784208720.0
1273.1922023509,51.3279948951,3.8752142098,1273.1922023509,1832,1324.520197246,S1B-GER40Cash-20260804T112808-196b791da6|EVENT|001832,1784208780.0
1273.1922023509,51.3279948951,3.8752142098,1273.1922023509,1833,1324.520197246,S1B-GER40Cash-20260804T112808-196b791da6|EVENT|001833,1784208840.0
1273.1922023509,51.3279948951,3.8752142098,1273.1922023509,1834,1324.520197246,S1B-GER40Cash-20260804T112808-196b791da6|EVENT|001834,1784208900.0
1273.1922023509,51.3279948951,3.8752142098,1273.1922023509,1835,1324.520197246,S1B-GER40Cash-20260804T112808-196b791da6|EVENT|001835,1784208960.0
1273.1922023509,51.3279948951,3.8752142098,1273.1922023509,1836,1324.520197246,S1B-GER40Cash-20260804T112808-196b791da6|EVENT|001836,1784209020.0
1273.1922023509,51.3279948951,3.8752142098,1273.1922023509,1837,1324.520197246,S1B-GER40Cash-20260804T112808-196b791da6|EVENT|001837,1784209080.0
1273.1922023509,51.3279948951,3.8752142098,1273.1922023509,1838,1324.520197246,S1B-GER40Cash-20260804T112808-196b791da6|EVENT|001838,1784209140.0
1273.1922023509,51.3279948951,3.8752142098,1273.1922023509,1839,1324.520197246,S1B-GER40Cash-20260804T112808-196b791da6|EVENT|001839,1784209200.0
1273.1922023509,51.3279948951,3.8752142098,1273.1922023509,1840,1324.520197246,S1B-GER40Cash-20260804T112808-196b791da6|EVENT|001840,1784209260.0
1273.1922023509,51.3279948951,3.8752142098,1273.1922023509,1841,1324.520197246,S1B-GER40Cash-20260804T112808-196b791da6|EVENT|001841,1784209320.0
1273.1922023509,51.3279948951,3.8752142098,1273.1922023509,1842,1324.520197246,S1B-GER40Cash-20260804T112808-196b791da6|EVENT|001842,1784209380.0
1273.1922023509,51.3279948951,3.8752142098,1273.1922023509,1843,1324.520197246,S1B-GER40Cash-20260804T112808-196b791da6|EVENT|001843,1784209440.0
1273.1922023509,51.3279948951,3.8752142098,1273.1922023509,1844,1324.520197246,S1B-GER40Cash-20260804T112808-196b791da6|EVENT|001844,1784209500.0
1273.1922023509,51.3279948951,3.8752142098,1273.1922023509,1845,1324.520197246,S1B-GER40Cash-20260804T112808-196b791da6|EVENT|001845,1784209560.0
1273.1922023509,51.3279948951,3.8752142098,1273.1922023509,1846,1324.520197246,S1B-GER40Cash-20260804T112808-196b791da6|EVENT|001846,1784209620.0
1273.1922023509,51.3279948951,3.8752142098,1273.1922023509,1847,1324.520197246,S1B-GER40Cash-20260804T112808-196b791da6|EVENT|001847,1784209680.0
1273.1922023509,51.3279948951,3.8752142098,1273.1922023509,1848,1324.520197246,S1B-GER40Cash-20260804T112808-196b791da6|EVENT|001848,1784209740.0
1273.1922023509,51.3279948951,3.8752142098,1273.1922023509,1849,1324.520197246,S1B-GER40Cash-20260804T112808-196b791da6|EVENT|001849,1784209800.0
1273.1922023509,51.3279948951,3.8752142098,1273.1922023509,1850,1324.520197246,S1B-GER40Cash-20260804T112808-196b791da6|EVENT|001850,1784209860.0
1273.1922023509,51.3279948951,3.8752142098,1273.1922023509,1851,1324.520197246,S1B-GER40Cash-20260804T112808-196b791da6|EVENT|001851,1784209920.0
1273.1922023509,51.3279948951,3.8752142098,1273.1922023509,1852,1324.520197246,S1B-GER40Cash-20260804T112808-196b791da6|EVENT|001852,1784209980.0
1273.1922023509,51.3279948951,3.8752142098,1273.1922023509,1853,1324.520197246,S1B-GER40Cash-20260804T112808-196b791da6|EVENT|001853,1784210040.0
1273.1922023509,51.3279948951,3.8752142098,1273.1922023509,1854,1324.520197246,S1B-GER40Cash-20260804T112808-196b791da6|EVENT|001854,1784210100.0
1273.1922023509,51.3279948951,3.8752142098,1273.1922023509,1855,1324.520197246,S1B-GER40Cash-20260804T112808-196b791da6|EVENT|001855,1784210160.0
1273.1922023509,51.3279948951,3.8752142098,1273.1922023509,1856,1324.520197246,S1B-GER40Cash-20260804T112808-196b791da6|EVENT|001856,1784210220.0
1273.1922023509,51.3279948951,3.8752142098,1273.1922023509,1857,1324.520197246,S1B-GER40Cash-20260804T112808-196b791da6|EVENT|001857,1784210280.0
1273.1922023509,51.3279948951,3.8752142098,1273.1922023509,1858,1324.520197246,S1B-GER40Cash-20260804T112808-196b791da6|EVENT|001858,1784210340.0
1273.1922023509,51.3279948951,3.8752142098,1273.1922023509,1859,1324.520197246,S1B-GER40Cash-20260804T112808-196b791da6|EVENT|001859,1784210400.0
1273.1922023509,51.3279948951,3.8752142098,1273.1922023509,1860,1324.520197246,S1B-GER40Cash-20260804T112808-196b791da6|EVENT|001860,1784210460.0
1273.1922023509,51.3279948951,3.8752142098,1273.1922023509,1861,1324.520197246,S1B-GER40Cash-20260804T112808-196b791da6|EVENT|001861,1784210520.0
1273.1922023509,51.3279948951,3.8752142098,1273.1922023509,1862,1324.520197246,S1B-GER40Cash-20260804T112808-196b791da6|EVENT|001862,1784210580.0
1273.1922023509,51.3279948951,3.8752142098,1273.1922023509,1863,1324.520197246,S1B-GER40Cash-20260804T112808-196b791da6|EVENT|001863,1784210640.0
1273.1922023509,51.3279948951,3.8752142098,1273.1922023509,1864,1324.520197246,S1B-GER40Cash-20260804T112808-196b791da6|EVENT|001864,1784210700.0
1273.1922023509,51.3279948951,3.8752142098,1273.1922023509,1865,1324.520197246,S1B-GER40Cash-20260804T112808-196b791da6|EVENT|001865,1784210760.0
1273.1922023509,51.3279948951,3.8752142098,1273.1922023509,1866,1324.520197246,S1B-GER40Cash-20260804T112808-196b791da6|EVENT|001866,1784210820.0
1273.1922023509,51.3279948951,3.8752142098,1273.1922023509,1867,1324.520197246,S1B-GER40Cash-20260804T112808-196b791da6|EVENT|001867,1784210880.0
1273.1922023509,51.3279948951,3.8752142098,1273.1922023509,1868,1324.520197246,S1B-GER40Cash-20260804T112808-196b791da6|EVENT|001868,1784210940.0
1273.1922023509,51.3279948951,3.8752142098,1273.1922023509,1869,1324.520197246,S1B-GER40Cash-20260804T112808-196b791da6|EVENT|001869,1784211000.0
1273.1922023509,51.3279948951,3.8752142098,1273.1922023509,1870,1324.520197246,S1B-GER40Cash-20260804T112808-196b791da6|EVENT|001870,1784211060.0
1273.1922023509,51.3279948951,3.8752142098,1273.1922023509,1871,1324.520197246,S1B-GER40Cash-20260804T112808-196b791da6|EVENT|001871,1784211120.0
1273.1922023509,51.3279948951,3.8752142098,1273.1922023509,1872,1324.520197246,S1B-GER40Cash-20260804T112808-196b791da6|EVENT|001872,1784211180.0
1273.1922023509,51.3279948951,3.8752142098,1273.1922023509,1873,1324.520197246,S1B-GER40Cash-20260804T112808-196b791da6|EVENT|001873,1784211240.0
1273.1922023509,51.3279948951,3.8752142098,1273.1922023509,1874,1324.520197246,S1B-GER40Cash-20260804T112808-196b791da6|EVENT|001874,1784211300.0
1273.1922023509,51.3279948951,3.8752142098,1273.1922023509,1875,1324.520197246,S1B-GER40Cash-20260804T112808-196b791da6|EVENT|001875,1784211360.0
1273.1922023509,51.3279948951,3.8752142098,1273.1922023509,1876,1324.520197246,S1B-GER40Cash-20260804T112808-196b791da6|EVENT|001876,1784211420.0
1273.1922023509,51.3279948951,3.8752142098,1273.1922023509,1877,1324.520197246,S1B-GER40Cash-20260804T112808-196b791da6|EVENT|001877,1784211480.0
1273.1922023509,51.3279948951,3.8752142098,1273.1922023509,1878,1324.520197246,S1B-GER40Cash-20260804T112808-196b791da6|EVENT|001878,1784211540.0
1273.1922023509,51.3279948951,3.8752142098,1273.1922023509,1879,1324.520197246,S1B-GER40Cash-20260804T112808-196b791da6|EVENT|001879,1784211600.0
1273.1922023509,51.3279948951,3.8752142098,1273.1922023509,1880,1324.520197246,S1B-GER40Cash-20260804T112808-196b791da6|EVENT|001880,1784211660.0
1273.1922023509,51.3279948951,3.8752142098,1273.1922023509,1881,1324.520197246,S1B-GER40Cash-20260804T112808-196b791da6|EVENT|001881,1784211720.0
1273.1922023509,51.3279948951,3.8752142098,1273.1922023509,1882,1324.520197246,S1B-GER40Cash-20260804T112808-196b791da6|EVENT|001882,1784211780.0
1273.1922023509,51.3279948951,3.8752142098,1273.1922023509,1883,1324.520197246,S1B-GER40Cash-20260804T112808-196b791da6|EVENT|001883,1784211840.0
1273.1922023509,51.3279948951,3.8752142098,1273.1922023509,1884,1324.520197246,S1B-GER40Cash-20260804T112808-196b791da6|EVENT|001884,1784211900.0
1273.1922023509,51.3279948951,3.8752142098,1273.1922023509,1885,1324.520197246,S1B-GER40Cash-20260804T112808-196b791da6|EVENT|001885,1784211960.0
1273.1922023509,51.3279948951,3.8752142098,1273.1922023509,1886,1324.520197246,S1B-GER40Cash-20260804T112808-196b791da6|EVENT|001886,1784212020.0
1273.1922023509,51.3279948951,3.8752142098,1273.1922023509,1887,1324.520197246,S1B-GER40Cash-20260804T112808-196b791da6|EVENT|001887,1784212080.0
1273.1922023509,51.3279948951,3.8752142098,1273.1922023509,1888,1324.520197246,S1B-GER40Cash-20260804T112808-196b791da6|EVENT|001888,1784212140.0
1273.1922023509,51.3279948951,3.8752142098,1273.1922023509,1889,1324.520197246,S1B-GER40Cash-20260804T112808-196b791da6|EVENT|001889,1784212200.0
1273.1922023509,51.3279948951,3.8752142098,1273.1922023509,1890,1324.520197246,S1B-GER40Cash-20260804T112808-196b791da6|EVENT|001890,1784212260.0
1273.1922023509,51.3279948951,3.8752142098,1273.1922023509,1891,1324.520197246,S1B-GER40Cash-20260804T112808-196b791da6|EVENT|001891,1784212320.0
1273.1922023509,51.3279948951,3.8752142098,1273.1922023509,1892,1324.520197246,S1B-GER40Cash-20260804T112808-196b791da6|EVENT|001892,1784212380.0
1273.1922023509,51.3279948951,3.8752142098,1273.1922023509,1893,1324.520197246,S1B-GER40Cash-20260804T112808-196b791da6|EVENT|001893,1784212440.0
1273.1922023509,51.3279948951,3.8752142098,1273.1922023509,1894,1324.520197246,S1B-GER40Cash-20260804T112808-196b791da6|EVENT|001894,1784212500.0
1273.1922023509,51.3279948951,3.8752142098,1273.1922023509,1895,1324.520197246,S1B-GER40Cash-20260804T112808-196b791da6|EVENT|001895,1784212560.0
1273.1922023509,51.3279948951,3.8752142098,1273.1922023509,1896,1324.520197246,S1B-GER40Cash-20260804T112808-196b791da6|EVENT|001896,1784212620.0
1273.1922023509,51.3279948951,3.8752142098,1273.1922023509,1897,1324.520197246,S1B-GER40Cash-20260804T112808-196b791da6|EVENT|001897,1784212680.0
1273.1922023509,51.3279948951,3.8752142098,1273.1922023509,1898,1324.520197246,S1B-GER40Cash-20260804T112808-196b791da6|EVENT|001898,1784212740.0
1273.1922023509,51.3279948951,3.8752142098,1273.1922023509,1899,1324.520197246,S1B-GER40Cash-20260804T112808-196b791da6|EVENT|001899,1784212800.0
1273.1922023509,51.3279948951,3.8752142098,1273.1922023509,1900,1324.520197246,S1B-GER40Cash-20260804T112808-196b791da6|EVENT|001900,1784212860.0
1273.1922023509,51.3279948951,3.8752142098,1273.1922023509,1901,1324.520197246,S1B-GER40Cash-20260804T112808-196b791da6|EVENT|001901,1784212920.0
1273.1922023509,51.3279948951,3.8752142098,1273.1922023509,1902,1324.520197246,S1B-GER40Cash-20260804T112808-196b791da6|EVENT|001902,1784212980.0
1273.1922023509,51.3279948951,3.8752142098,1273.1922023509,1903,1324.520197246,S1B-GER40Cash-20260804T112808-196b791da6|EVENT|001903,1784213040.0
1273.1922023509,51.3279948951,3.8752142098,1273.1922023509,1904,1324.520197246,S1B-GER40Cash-20260804T112808-196b791da6|EVENT|001904,1784213100.0
1273.1922023509,51.3279948951,3.8752142098,1273.1922023509,1905,1324.520197246,S1B-GER40Cash-20260804T112808-196b791da6|EVENT|001905,1784213160.0
1273.1922023509,51.3279948951,3.8752142098,1273.1922023509,1906,1324.520197246,S1B-GER40Cash-20260804T112808-196b791da6|EVENT|001906,1784213220.0
1273.1922023509,51.3279948951,3.8752142098,1273.1922023509,1907,1324.520197246,S1B-GER40Cash-20260804T112808-196b791da6|EVENT|001907,1784213280.0
1273.1922023509,51.3279948951,3.8752142098,1273.1922023509,1908,1324.520197246,S1B-GER40Cash-20260804T112808-196b791da6|EVENT|001908,1784213340.0
1273.1922023509,51.3279948951,3.8752142098,1273.1922023509,1909,1324.520197246,S1B-GER40Cash-20260804T112808-196b791da6|EVENT|001909,1784213400.0
1273.1922023509,51.3279948951,3.8752142098,1273.1922023509,1910,1324.520197246,S1B-GER40Cash-20260804T112808-196b791da6|EVENT|001910,1784213460.0
1273.1922023509,51.3279948951,3.8752142098,1273.1922023509,1911,1324.520197246,S1B-GER40Cash-20260804T112808-196b791da6|EVENT|001911,1784213520.0
1273.1922023509,51.3279948951,3.8752142098,1273.1922023509,1912,1324.520197246,S1B-GER40Cash-20260804T112808-196b791da6|EVENT|001912,1784213580.0
1273.1922023509,51.3279948951,3.8752142098,1273.1922023509,1913,1324.520197246,S1B-GER40Cash-20260804T112808-196b791da6|EVENT|001913,1784213640.0
1273.1922023509,51.3279948951,3.8752142098,1273.1922023509,1914,1324.520197246,S1B-GER40Cash-20260804T112808-196b791da6|EVENT|001914,1784213700.0
1273.1922023509,51.3279948951,3.8752142098,1273.1922023509,1915,1324.520197246,S1B-GER40Cash-20260804T112808-196b791da6|EVENT|001915,1784213760.0
1273.1922023509,51.3279948951,3.8752142098,1273.1922023509,1916,1324.520197246,S1B-GER40Cash-20260804T112808-196b791da6|EVENT|001916,1784213820.0
1273.1922023509,51.3279948951,3.8752142098,1273.1922023509,1917,1324.520197246,S1B-GER40Cash-20260804T112808-196b791da6|EVENT|001917,1784213880.0
1273.1922023509,51.3279948951,3.8752142098,1273.1922023509,1918,1324.520197246,S1B-GER40Cash-20260804T112808-196b791da6|EVENT|001918,1784213940.0
1273.1922023509,51.3279948951,3.8752142098,1273.1922023509,1919,1324.520197246,S1B-GER40Cash-20260804T112808-196b791da6|EVENT|001919,1784214000.0
1273.1922023509,51.3279948951,3.8752142098,1273.1922023509,1920,1324.520197246,S1B-GER40Cash-20260804T112808-196b791da6|EVENT|001920,1784214060.0
1273.1922023509,51.3279948951,3.8752142098,1273.1922023509,1921,1324.520197246,S1B-GER40Cash-20260804T112808-196b791da6|EVENT|001921,1784214120.0
1273.1922023509,51.3279948951,3.8752142098,1273.1922023509,1922,1324.520197246,S1B-GER40Cash-20260804T112808-196b791da6|EVENT|001922,1784214180.0
1273.1922023509,51.3279948951,3.8752142098,1273.1922023509,1923,1324.520197246,S1B-GER40Cash-20260804T112808-196b791da6|EVENT|001923,1784214240.0
1273.1922023509,51.3279948951,3.8752142098,1273.1922023509,1924,1324.520197246,S1B-GER40Cash-20260804T112808-196b791da6|EVENT|001924,1784214300.0
1273.1922023509,51.3279948951,3.8752142098,1273.1922023509,1925,1324.520197246,S1B-GER40Cash-20260804T112808-196b791da6|EVENT|001925,1784214360.0
1273.1922023509,51.3279948951,3.8752142098,1273.1922023509,1926,1324.520197246,S1B-GER40Cash-20260804T112808-196b791da6|EVENT|001926,1784214420.0
1273.1922023509,51.3279948951,3.8752142098,1273.1922023509,1927,1324.520197246,S1B-GER40Cash-20260804T112808-196b791da6|EVENT|001927,1784214480.0
1273.1922023509,51.3279948951,3.8752142098,1273.1922023509,1928,1324.520197246,S1B-GER40Cash-20260804T112808-196b791da6|EVENT|001928,1784214540.0
1273.1922023509,51.3279948951,3.8752142098,1273.1922023509,1929,1324.520197246,S1B-GER40Cash-20260804T112808-196b791da6|EVENT|001929,1784214600.0
1273.1922023509,51.3279948951,3.8752142098,1273.1922023509,1930,1324.520197246,S1B-GER40Cash-20260804T112808-196b791da6|EVENT|001930,1784214660.0
1273.1922023509,51.3279948951,3.8752142098,1273.1922023509,1931,1324.520197246,S1B-GER40Cash-20260804T112808-196b791da6|EVENT|001931,1784214720.0
1273.1922023509,51.3279948951,3.8752142098,1273.1922023509,1932,1324.520197246,S1B-GER40Cash-20260804T112808-196b791da6|EVENT|001932,1784214780.0
1273.1922023509,51.3279948951,3.8752142098,1273.1922023509,1933,1324.520197246,S1B-GER40Cash-20260804T112808-196b791da6|EVENT|001933,1784214840.0
1273.1922023509,51.3279948951,3.8752142098,1273.1922023509,1934,1324.520197246,S1B-GER40Cash-20260804T112808-196b791da6|EVENT|001934,1784214900.0
1273.1922023509,51.3279948951,3.8752142098,1273.1922023509,1935,1324.520197246,S1B-GER40Cash-20260804T112808-196b791da6|EVENT|001935,1784214960.0
1273.1922023509,51.3279948951,3.8752142098,1273.1922023509,1936,1324.520197246,S1B-GER40Cash-20260804T112808-196b791da6|EVENT|001936,1784215020.0
1273.1922023509,51.3279948951,3.8752142098,1273.1922023509,1937,1324.520197246,S1B-GER40Cash-20260804T112808-196b791da6|EVENT|001937,1784215080.0
1273.1922023509,51.3279948951,3.8752142098,1273.1922023509,1938,1324.520197246,S1B-GER40Cash-20260804T112808-196b791da6|EVENT|001938,1784215140.0
1273.1922023509,51.3279948951,3.8752142098,1273.1922023509,1939,1324.520197246,S1B-GER40Cash-20260804T112808-196b791da6|EVENT|001939,1784215200.0
1273.1922023509,51.3279948951,3.8752142098,1273.1922023509,1940,1324.520197246,S1B-GER40Cash-20260804T112808-196b791da6|EVENT|001940,1784215260.0
1273.1922023509,51.3279948951,3.8752142098,1273.1922023509,1941,1324.520197246,S1B-GER40Cash-20260804T112808-196b791da6|EVENT|001941,1784215320.0
1273.1922023509,51.3279948951,3.8752142098,1273.1922023509,1942,1324.520197246,S1B-GER40Cash-20260804T112808-196b791da6|EVENT|001942,1784215380.0
1273.1922023509,51.3279948951,3.8752142098,1273.1922023509,1943,1324.520197246,S1B-GER40Cash-20260804T112808-196b791da6|EVENT|001943,1784215440.0
1273.1922023509,51.3279948951,3.8752142098,1273.1922023509,1944,1324.520197246,S1B-GER40Cash-20260804T112808-196b791da6|EVENT|001944,1784215500.0
1273.1922023509,51.3279948951,3.8752142098,1273.1922023509,1945,1324.520197246,S1B-GER40Cash-20260804T112808-196b791da6|EVENT|001945,1784215560.0
1273.1922023509,51.3279948951,3.8752142098,1273.1922023509,1946,1324.520197246,S1B-GER40Cash-20260804T112808-196b791da6|EVENT|001946,1784215620.0
1273.1922023509,51.3279948951,3.8752142098,1273.1922023509,1947,1324.520197246,S1B-GER40Cash-20260804T112808-196b791da6|EVENT|001947,1784215680.0
1273.1922023509,51.3279948951,3.8752142098,1273.1922023509,1948,1324.520197246,S1B-GER40Cash-20260804T112808-196b791da6|EVENT|001948,1784215740.0
1273.1922023509,51.3279948951,3.8752142098,1273.1922023509,1949,1324.520197246,S1B-GER40Cash-20260804T112808-196b791da6|EVENT|001949,1784215800.0
1273.1922023509,51.3279948951,3.8752142098,1273.1922023509,1950,1324.520197246,S1B-GER40Cash-20260804T112808-196b791da6|EVENT|001950,1784215860.0
1273.1922023509,51.3279948951,3.8752142098,1273.1922023509,1951,1324.520197246,S1B-GER40Cash-20260804T112808-196b791da6|EVENT|001951,1784215920.0
1273.1922023509,51.3279948951,3.8752142098,1273.1922023509,1952,1324.520197246,S1B-GER40Cash-20260804T112808-196b791da6|EVENT|001952,1784215980.0
1273.1922023509,51.3279948951,3.8752142098,1273.1922023509,1953,1324.520197246,S1B-GER40Cash-20260804T112808-196b791da6|EVENT|001953,1784216040.0
1273.1922023509,51.3279948951,3.8752142098,1273.1922023509,1954,1324.520197246,S1B-GER40Cash-20260804T112808-196b791da6|EVENT|001954,1784216100.0
1273.1922023509,51.3279948951,3.8752142098,1273.1922023509,1955,1324.520197246,S1B-GER40Cash-20260804T112808-196b791da6|EVENT|001955,1784216160.0
1273.1922023509,51.3279948951,3.8752142098,1273.1922023509,1956,1324.520197246,S1B-GER40Cash-20260804T112808-196b791da6|EVENT|001956,1784216220.0
1273.1922023509,51.3279948951,3.8752142098,1273.1922023509,1957,1324.520197246,S1B-GER40Cash-20260804T112808-196b791da6|EVENT|001957,1784216280.0
1273.1922023509,51.3279948951,3.8752142098,1273.1922023509,1958,1324.520197246,S1B-GER40Cash-20260804T112808-196b791da6|EVENT|001958,1784216340.0
1273.1922023509,51.3279948951,3.8752142098,1273.1922023509,1959,1324.520197246,S1B-GER40Cash-20260804T112808-196b791da6|EVENT|001959,1784216400.0
1273.1922023509,51.3279948951,3.8752142098,1273.1922023509,1960,1324.520197246,S1B-GER40Cash-20260804T112808-196b791da6|EVENT|001960,1784216460.0
1273.1922023509,51.3279948951,3.8752142098,1273.1922023509,1961,1324.520197246,S1B-GER40Cash-20260804T112808-196b791da6|EVENT|001961,1784216520.0
1273.1922023509,51.3279948951,3.8752142098,1273.1922023509,1962,1324.520197246,S1B-GER40Cash-20260804T112808-196b791da6|EVENT|001962,1784216580.0
1273.1922023509,51.3279948951,3.8752142098,1273.1922023509,1963,1324.520197246,S1B-GER40Cash-20260804T112808-196b791da6|EVENT|001963,1784216640.0
1273.1922023509,51.3279948951,3.8752142098,1273.1922023509,1964,1324.520197246,S1B-GER40Cash-20260804T112808-196b791da6|EVENT|001964,1784216700.0
1273.1922023509,51.3279948951,3.8752142098,1273.1922023509,1965,1324.520197246,S1B-GER40Cash-20260804T112808-196b791da6|EVENT|001965,1784216760.0
1273.1922023509,51.3279948951,3.8752142098,1273.1922023509,1966,1324.520197246,S1B-GER40Cash-20260804T112808-196b791da6|EVENT|001966,1784216820.0
1273.1922023509,51.3279948951,3.8752142098,1273.1922023509,1967,1324.520197246,S1B-GER40Cash-20260804T112808-196b791da6|EVENT|001967,1784216880.0
1273.1922023509,51.3279948951,3.8752142098,1273.1922023509,1968,1324.520197246,S1B-GER40Cash-20260804T112808-196b791da6|EVENT|001968,1784216940.0
1273.1922023509,51.3279948951,3.8752142098,1273.1922023509,1969,1324.520197246,S1B-GER40Cash-20260804T112808-196b791da6|EVENT|001969,1784217000.0
1273.1922023509,51.3279948951,3.8752142098,1273.1922023509,1970,1324.520197246,S1B-GER40Cash-20260804T112808-196b791da6|EVENT|001970,1784217060.0
1273.1922023509,51.3279948951,3.8752142098,1273.1922023509,1971,1324.520197246,S1B-GER40Cash-20260804T112808-196b791da6|EVENT|001971,1784217120.0
1273.1922023509,51.3279948951,3.8752142098,1273.1922023509,1972,1324.520197246,S1B-GER40Cash-20260804T112808-196b791da6|EVENT|001972,1784217180.0
1273.1922023509,51.3279948951,3.8752142098,1273.1922023509,1973,1324.520197246,S1B-GER40Cash-20260804T112808-196b791da6|EVENT|001973,1784217240.0
1273.1922023509,51.3279948951,3.8752142098,1273.1922023509,1974,1324.520197246,S1B-GER40Cash-20260804T112808-196b791da6|EVENT|001974,1784217300.0
1273.1922023509,51.3279948951,3.8752142098,1273.1922023509,1975,1324.520197246,S1B-GER40Cash-20260804T112808-196b791da6|EVENT|001975,1784217360.0
1273.1922023509,51.3279948951,3.8752142098,1273.1922023509,1976,1324.520197246,S1B-GER40Cash-20260804T112808-196b791da6|EVENT|001976,1784217420.0
1273.1922023509,51.3279948951,3.8752142098,1273.1922023509,1977,1324.520197246,S1B-GER40Cash-20260804T112808-196b791da6|EVENT|001977,1784217480.0
1273.1922023509,51.3279948951,3.8752142098,1273.1922023509,1978,1324.520197246,S1B-GER40Cash-20260804T112808-196b791da6|EVENT|001978,1784217540.0
1273.1922023509,51.3279948951,3.8752142098,1273.1922023509,1979,1324.520197246,S1B-GER40Cash-20260804T112808-196b791da6|EVENT|001979,1784217600.0
1273.1922023509,51.3279948951,3.8752142098,1273.1922023509,1980,1324.520197246,S1B-GER40Cash-20260804T112808-196b791da6|EVENT|001980,1784217660.0
1273.1922023509,51.3279948951,3.8752142098,1273.1922023509,1981,1324.520197246,S1B-GER40Cash-20260804T112808-196b791da6|EVENT|001981,1784217720.0
1273.1922023509,51.3279948951,3.8752142098,1273.1922023509,1982,1324.520197246,S1B-GER40Cash-20260804T112808-196b791da6|EVENT|001982,1784217780.0
1273.1922023509,51.3279948951,3.8752142098,1273.1922023509,1983,1324.520197246,S1B-GER40Cash-20260804T112808-196b791da6|EVENT|001983,1784217840.0
1273.1922023509,51.3279948951,3.8752142098,1273.1922023509,1984,1324.520197246,S1B-GER40Cash-20260804T112808-196b791da6|EVENT|001984,1784217900.0
1273.1922023509,51.3279948951,3.8752142098,1273.1922023509,1985,1324.520197246,S1B-GER40Cash-20260804T112808-196b791da6|EVENT|001985,1784217960.0
1273.1922023509,51.3279948951,3.8752142098,1273.1922023509,1986,1324.520197246,S1B-GER40Cash-20260804T112808-196b791da6|EVENT|001986,1784218020.0
1273.1922023509,51.3279948951,3.8752142098,1273.1922023509,1987,1324.520197246,S1B-GER40Cash-20260804T112808-196b791da6|EVENT|001987,1784218080.0
1273.1922023509,51.3279948951,3.8752142098,1273.1922023509,1988,1324.520197246,S1B-GER40Cash-20260804T112808-196b791da6|EVENT|001988,1784218140.0
1273.1922023509,51.3279948951,3.8752142098,1273.1922023509,1989,1324.520197246,S1B-GER40Cash-20260804T112808-196b791da6|EVENT|001989,1784218200.0
1273.1922023509,51.3279948951,3.8752142098,1273.1922023509,1990,1324.520197246,S1B-GER40Cash-20260804T112808-196b791da6|EVENT|001990,1784218260.0
1273.1922023509,51.3279948951,3.8752142098,1273.1922023509,1991,1324.520197246,S1B-GER40Cash-20260804T112808-196b791da6|EVENT|001991,1784218320.0
1273.1922023509,51.3279948951,3.8752142098,1273.1922023509,1992,1324.520197246,S1B-GER40Cash-20260804T112808-196b791da6|EVENT|001992,1784218380.0
1273.1922023509,51.3279948951,3.8752142098,1273.1922023509,1993,1324.520197246,S1B-GER40Cash-20260804T112808-196b791da6|EVENT|001993,1784218440.0
1273.1922023509,51.3279948951,3.8752142098,1273.1922023509,1994,1324.520197246,S1B-GER40Cash-20260804T112808-196b791da6|EVENT|001994,1784218500.0
1273.1922023509,51.3279948951,3.8752142098,1273.1922023509,1995,1324.520197246,S1B-GER40Cash-20260804T112808-196b791da6|EVENT|001995,1784218560.0
1273.1922023509,51.3279948951,3.8752142098,1273.1922023509,1996,1324.520197246,S1B-GER40Cash-20260804T112808-196b791da6|EVENT|001996,1784218620.0
1273.1922023509,51.3279948951,3.8752142098,1273.1922023509,1997,1324.520197246,S1B-GER40Cash-20260804T112808-196b791da6|EVENT|001997,1784218680.0
1273.1922023509,51.3279948951,3.8752142098,1273.1922023509,1998,1324.520197246,S1B-GER40Cash-20260804T112808-196b791da6|EVENT|001998,1784218740.0
1273.1922023509,51.3279948951,3.8752142098,1273.1922023509,1999,1324.520197246,S1B-GER40Cash-20260804T112808-196b791da6|EVENT|001999,1784218800.0
