balance,drawdown_money,drawdown_percent,equity,event_number,peak_equity,replay_event_id,timestamp
1000.0,0.0,0.0,1000.0,0,1000.0,S1B-GER40Cash-20260804T112811-196b791da6|EVENT|000000,1784093520.0
1000.0,0.0,0.0,1000.0,1,1000.0,S1B-GER40Cash-20260804T112811-196b791da6|EVENT|000001,1784093580.0
1000.0,0.0,0.0,1000.0,2,1000.0,S1B-GER40Cash-20260804T112811-196b791da6|EVENT|000002,1784093640.0
1000.0,0.0,0.0,1000.0,3,1000.0,S1B-GER40Cash-20260804T112811-196b791da6|EVENT|000003,1784093700.0
1000.0,0.0,0.0,1000.0,4,1000.0,S1B-GER40Cash-20260804T112811-196b791da6|EVENT|000004,1784093760.0
1000.0,0.0,0.0,1000.0,5,1000.0,S1B-GER40Cash-20260804T112811-196b791da6|EVENT|000005,1784093820.0
1000.0,0.0,0.0,1000.0,6,1000.0,S1B-GER40Cash-20260804T112811-196b791da6|EVENT|000006,1784093880.0
1000.0,0.0,0.0,1000.0,7,1000.0,S1B-GER40Cash-20260804T112811-196b791da6|EVENT|000007,1784093940.0
1000.0,0.0,0.0,1000.0,8,1000.0,S1B-GER40Cash-20260804T112811-196b791da6|EVENT|000008,1784094000.0
1000.0,0.0,0.0,1000.0,9,1000.0,S1B-GER40Cash-20260804T112811-196b791da6|EVENT|000009,1784094060.0
1000.0,0.0,0.0,1000.0,10,1000.0,S1B-GER40Cash-20260804T112811-196b791da6|EVENT|000010,1784094120.0
1000.0,0.0,0.0,1000.0,11,1000.0,S1B-GER40Cash-20260804T112811-196b791da6|EVENT|000011,1784094180.0
1000.0,0.0,0.0,1000.0,12,1000.0,S1B-GER40Cash-20260804T112811-196b791da6|EVENT|000012,1784094240.0
1000.0,0.0,0.0,1000.0,13,1000.0,S1B-GER40Cash-20260804T112811-196b791da6|EVENT|000013,1784094300.0
1000.0,0.0,0.0,1000.0,14,1000.0,S1B-GER40Cash-20260804T112811-196b791da6|EVENT|000014,1784094360.0
1000.0,0.0,0.0,1000.0,15,1000.0,S1B-GER40Cash-20260804T112811-196b791da6|EVENT|000015,1784094420.0
1000.0,0.0,0.0,1000.0,16,1000.0,S1B-GER40Cash-20260804T112811-196b791da6|EVENT|000016,1784094480.0
1000.0,0.0,0.0,1000.0,17,1000.0,S1B-GER40Cash-20260804T112811-196b791da6|EVENT|000017,1784094540.0
1000.0,0.0,0.0,1000.0,18,1000.0,S1B-GER40Cash-20260804T112811-196b791da6|EVENT|000018,1784094600.0
1000.0,0.0,0.0,1000.0,19,1000.0,S1B-GER40Cash-20260804T112811-196b791da6|EVENT|000019,1784094660.0
1000.0,0.0,0.0,1000.0,20,1000.0,S1B-GER40Cash-20260804T112811-196b791da6|EVENT|000020,1784094720.0
1000.0,0.0,0.0,1000.0,21,1000.0,S1B-GER40Cash-20260804T112811-196b791da6|EVENT|000021,1784094780.0
1000.0,0.0,0.0,1000.0,22,1000.0,S1B-GER40Cash-20260804T112811-196b791da6|EVENT|000022,1784094840.0
1000.0,0.0,0.0,1000.0,23,1000.0,S1B-GER40Cash-20260804T112811-196b791da6|EVENT|000023,1784094900.0
1000.0,0.0,0.0,1000.0,24,1000.0,S1B-GER40Cash-20260804T112811-196b791da6|EVENT|000024,1784094960.0
1000.0,0.0,0.0,1000.0,25,1000.0,S1B-GER40Cash-20260804T112811-196b791da6|EVENT|000025,1784095020.0
1000.0,0.0,0.0,1000.0,26,1000.0,S1B-GER40Cash-20260804T112811-196b791da6|EVENT|000026,1784095080.0
1000.0,0.0,0.0,1000.0,27,1000.0,S1B-GER40Cash-20260804T112811-196b791da6|EVENT|000027,1784095140.0
1000.0,0.0,0.0,1000.0,28,1000.0,S1B-GER40Cash-20260804T112811-196b791da6|EVENT|000028,1784095200.0
1000.0,0.0,0.0,1000.0,29,1000.0,S1B-GER40Cash-20260804T112811-196b791da6|EVENT|000029,1784095260.0
1000.0,0.0,0.0,1000.0,30,1000.0,S1B-GER40Cash-20260804T112811-196b791da6|EVENT|000030,1784095320.0
1000.0,0.0,0.0,1000.0,31,1000.0,S1B-GER40Cash-20260804T112811-196b791da6|EVENT|000031,1784095380.0
1000.0,0.0,0.0,1000.0,32,1000.0,S1B-GER40Cash-20260804T112811-196b791da6|EVENT|000032,1784095440.0
1000.0,0.0,0.0,1000.0,33,1000.0,S1B-GER40Cash-20260804T112811-196b791da6|EVENT|000033,1784095500.0
1000.0,0.0,0.0,1000.0,34,1000.0,S1B-GER40Cash-20260804T112811-196b791da6|EVENT|000034,1784095560.0
1000.0,0.0,0.0,1000.0,35,1000.0,S1B-GER40Cash-20260804T112811-196b791da6|EVENT|000035,1784095620.0
1000.0,0.0,0.0,1000.0,36,1000.0,S1B-GER40Cash-20260804T112811-196b791da6|EVENT|000036,1784095680.0
1000.0,0.0,0.0,1000.0,37,1000.0,S1B-GER40Cash-20260804T112811-196b791da6|EVENT|000037,1784095740.0
1000.0,0.0,0.0,1000.0,38,1000.0,S1B-GER40Cash-20260804T112811-196b791da6|EVENT|000038,1784095800.0
1000.0,0.0,0.0,1000.0,39,1000.0,S1B-GER40Cash-20260804T112811-196b791da6|EVENT|000039,1784095860.0
1000.0,0.0,0.0,1000.0,40,1000.0,S1B-GER40Cash-20260804T112811-196b791da6|EVENT|000040,1784095920.0
1000.0,0.0,0.0,1000.0,41,1000.0,S1B-GER40Cash-20260804T112811-196b791da6|EVENT|000041,1784095980.0
1000.0,0.0,0.0,1000.0,42,1000.0,S1B-GER40Cash-20260804T112811-196b791da6|EVENT|000042,1784096040.0
1000.0,0.0,0.0,1000.0,43,1000.0,S1B-GER40Cash-20260804T112811-196b791da6|EVENT|000043,1784096100.0
1000.0,0.0,0.0,1000.0,44,1000.0,S1B-GER40Cash-20260804T112811-196b791da6|EVENT|000044,1784096220.0
1000.0,0.0,0.0,1000.0,45,1000.0,S1B-GER40Cash-20260804T112811-196b791da6|EVENT|000045,1784096280.0
1000.0,0.0,0.0,1000.0,46,1000.0,S1B-GER40Cash-20260804T112811-196b791da6|EVENT|000046,1784096340.0
1000.0,0.0,0.0,1000.0,47,1000.0,S1B-GER40Cash-20260804T112811-196b791da6|EVENT|000047,1784096400.0
1000.0,0.0,0.0,1000.0,48,1000.0,S1B-GER40Cash-20260804T112811-196b791da6|EVENT|000048,1784096460.0
1000.0,0.0,0.0,1000.0,49,1000.0,S1B-GER40Cash-20260804T112811-196b791da6|EVENT|000049,1784096520.0
1000.0,0.0,0.0,1000.0,50,1000.0,S1B-GER40Cash-20260804T112811-196b791da6|EVENT|000050,1784096580.0
1000.0,0.0,0.0,1000.0,51,1000.0,S1B-GER40Cash-20260804T112811-196b791da6|EVENT|000051,1784096640.0
1000.0,0.0,0.0,1000.0,52,1000.0,S1B-GER40Cash-20260804T112811-196b791da6|EVENT|000052,1784096700.0
1000.0,0.0,0.0,1000.0,53,1000.0,S1B-GER40Cash-20260804T112811-196b791da6|EVENT|000053,1784096760.0
1000.0,0.0,0.0,1000.0,54,1000.0,S1B-GER40Cash-20260804T112811-196b791da6|EVENT|000054,1784096820.0
1000.0,0.0,0.0,1000.0,55,1000.0,S1B-GER40Cash-20260804T112811-196b791da6|EVENT|000055,1784096880.0
1000.0,0.0,0.0,1000.0,56,1000.0,S1B-GER40Cash-20260804T112811-196b791da6|EVENT|000056,1784096940.0
1000.0,0.0,0.0,1000.0,57,1000.0,S1B-GER40Cash-20260804T112811-196b791da6|EVENT|000057,1784097000.0
1000.0,0.0,0.0,1000.0,58,1000.0,S1B-GER40Cash-20260804T112811-196b791da6|EVENT|000058,1784097060.0
1000.0,0.0,0.0,1000.0,59,1000.0,S1B-GER40Cash-20260804T112811-196b791da6|EVENT|000059,1784097120.0
1000.0,0.0,0.0,1000.0,60,1000.0,S1B-GER40Cash-20260804T112811-196b791da6|EVENT|000060,1784097180.0
1000.0,0.0,0.0,1000.0,61,1000.0,S1B-GER40Cash-20260804T112811-196b791da6|EVENT|000061,1784097300.0
1000.0,0.0,0.0,1000.0,62,1000.0,S1B-GER40Cash-20260804T112811-196b791da6|EVENT|000062,1784097360.0
1000.0,0.0,0.0,1000.0,63,1000.0,S1B-GER40Cash-20260804T112811-196b791da6|EVENT|000063,1784097420.0
1000.0,0.0,0.0,1000.0,64,1000.0,S1B-GER40Cash-20260804T112811-196b791da6|EVENT|000064,1784097480.0
1000.0,0.0,0.0,1000.0,65,1000.0,S1B-GER40Cash-20260804T112811-196b791da6|EVENT|000065,1784097540.0
1000.0,0.0,0.0,1000.0,66,1000.0,S1B-GER40Cash-20260804T112811-196b791da6|EVENT|000066,1784097600.0
1000.0,0.0,0.0,1000.0,67,1000.0,S1B-GER40Cash-20260804T112811-196b791da6|EVENT|000067,1784097660.0
1000.0,0.0,0.0,1000.0,68,1000.0,S1B-GER40Cash-20260804T112811-196b791da6|EVENT|000068,1784097720.0
1000.0,0.0,0.0,1000.0,69,1000.0,S1B-GER40Cash-20260804T112811-196b791da6|EVENT|000069,1784097780.0
1000.0,0.0,0.0,1000.0,70,1000.0,S1B-GER40Cash-20260804T112811-196b791da6|EVENT|000070,1784097840.0
1000.0,0.0,0.0,1000.0,71,1000.0,S1B-GER40Cash-20260804T112811-196b791da6|EVENT|000071,1784097900.0
1000.0,0.0,0.0,1000.0,72,1000.0,S1B-GER40Cash-20260804T112811-196b791da6|EVENT|000072,1784097960.0
1000.0,0.0,0.0,1000.0,73,1000.0,S1B-GER40Cash-20260804T112811-196b791da6|EVENT|000073,1784098020.0
1000.0,0.0,0.0,1000.0,74,1000.0,S1B-GER40Cash-20260804T112811-196b791da6|EVENT|000074,1784098080.0
1000.0,0.0,0.0,1000.0,75,1000.0,S1B-GER40Cash-20260804T112811-196b791da6|EVENT|000075,1784098140.0
1000.0,0.0,0.0,1000.0,76,1000.0,S1B-GER40Cash-20260804T112811-196b791da6|EVENT|000076,1784098200.0
1000.0,0.0,0.0,1000.0,77,1000.0,S1B-GER40Cash-20260804T112811-196b791da6|EVENT|000077,1784098260.0
1000.0,0.0,0.0,1000.0,78,1000.0,S1B-GER40Cash-20260804T112811-196b791da6|EVENT|000078,1784098320.0
1000.0,0.0,0.0,1000.0,79,1000.0,S1B-GER40Cash-20260804T112811-196b791da6|EVENT|000079,1784098380.0
1000.0,0.0,0.0,1000.0,80,1000.0,S1B-GER40Cash-20260804T112811-196b791da6|EVENT|000080,1784098440.0
1000.0,0.0,0.0,1000.0,81,1000.0,S1B-GER40Cash-20260804T112811-196b791da6|EVENT|000081,1784098500.0
1000.0,0.0,0.0,1000.0,82,1000.0,S1B-GER40Cash-20260804T112811-196b791da6|EVENT|000082,1784098560.0
1000.0,0.0,0.0,1000.0,83,1000.0,S1B-GER40Cash-20260804T112811-196b791da6|EVENT|000083,1784098620.0
1000.0,0.0,0.0,1000.0,84,1000.0,S1B-GER40Cash-20260804T112811-196b791da6|EVENT|000084,1784098680.0
1000.0,0.0,0.0,1000.0,85,1000.0,S1B-GER40Cash-20260804T112811-196b791da6|EVENT|000085,1784098740.0
1000.0,0.0,0.0,1000.0,86,1000.0,S1B-GER40Cash-20260804T112811-196b791da6|EVENT|000086,1784098800.0
1000.0,0.0,0.0,1000.0,87,1000.0,S1B-GER40Cash-20260804T112811-196b791da6|EVENT|000087,1784098860.0
1000.0,0.0,0.0,1000.0,88,1000.0,S1B-GER40Cash-20260804T112811-196b791da6|EVENT|000088,1784098920.0
1000.0,0.0,0.0,1000.0,89,1000.0,S1B-GER40Cash-20260804T112811-196b791da6|EVENT|000089,1784098980.0
1000.0,0.0,0.0,1000.0,90,1000.0,S1B-GER40Cash-20260804T112811-196b791da6|EVENT|000090,1784099040.0
1000.0,0.0,0.0,1000.0,91,1000.0,S1B-GER40Cash-20260804T112811-196b791da6|EVENT|000091,1784099100.0
1000.0,0.0,0.0,1000.0,92,1000.0,S1B-GER40Cash-20260804T112811-196b791da6|EVENT|000092,1784099220.0
1000.0,0.0,0.0,1000.0,93,1000.0,S1B-GER40Cash-20260804T112811-196b791da6|EVENT|000093,1784099280.0
1000.0,0.0,0.0,1000.0,94,1000.0,S1B-GER40Cash-20260804T112811-196b791da6|EVENT|000094,1784099340.0
1000.0,0.0,0.0,1000.0,95,1000.0,S1B-GER40Cash-20260804T112811-196b791da6|EVENT|000095,1784099400.0
1000.0,0.0,0.0,1000.0,96,1000.0,S1B-GER40Cash-20260804T112811-196b791da6|EVENT|000096,1784099460.0
1000.0,0.0,0.0,1000.0,97,1000.0,S1B-GER40Cash-20260804T112811-196b791da6|EVENT|000097,1784099520.0
1000.0,0.0,0.0,1000.0,98,1000.0,S1B-GER40Cash-20260804T112811-196b791da6|EVENT|000098,1784099580.0
1000.0,0.0,0.0,1000.0,99,1000.0,S1B-GER40Cash-20260804T112811-196b791da6|EVENT|000099,1784099640.0
1000.0,0.0,0.0,1000.0,100,1000.0,S1B-GER40Cash-20260804T112811-196b791da6|EVENT|000100,1784099700.0
1000.0,0.0,0.0,1000.0,101,1000.0,S1B-GER40Cash-20260804T112811-196b791da6|EVENT|000101,1784099760.0
1000.0,0.0,0.0,1000.0,102,1000.0,S1B-GER40Cash-20260804T112811-196b791da6|EVENT|000102,1784099820.0
1000.0,0.0,0.0,1000.0,103,1000.0,S1B-GER40Cash-20260804T112811-196b791da6|EVENT|000103,1784099880.0
1000.0,0.0,0.0,1000.0,104,1000.0,S1B-GER40Cash-20260804T112811-196b791da6|EVENT|000104,1784099940.0
1000.0,0.0,0.0,1000.0,105,1000.0,S1B-GER40Cash-20260804T112811-196b791da6|EVENT|000105,1784100000.0
1000.0,0.0,0.0,1000.0,106,1000.0,S1B-GER40Cash-20260804T112811-196b791da6|EVENT|000106,1784100060.0
1000.0,0.0,0.0,1000.0,107,1000.0,S1B-GER40Cash-20260804T112811-196b791da6|EVENT|000107,1784100120.0
1000.0,0.0,0.0,1000.0,108,1000.0,S1B-GER40Cash-20260804T112811-196b791da6|EVENT|000108,1784100180.0
1000.0,0.0,0.0,1000.0,109,1000.0,S1B-GER40Cash-20260804T112811-196b791da6|EVENT|000109,1784100240.0
1000.0,0.0,0.0,1000.0,110,1000.0,S1B-GER40Cash-20260804T112811-196b791da6|EVENT|000110,1784100300.0
1000.0,0.0,0.0,1000.0,111,1000.0,S1B-GER40Cash-20260804T112811-196b791da6|EVENT|000111,1784100420.0
1000.0,0.0,0.0,1000.0,112,1000.0,S1B-GER40Cash-20260804T112811-196b791da6|EVENT|000112,1784100480.0
1000.0,0.0,0.0,1000.0,113,1000.0,S1B-GER40Cash-20260804T112811-196b791da6|EVENT|000113,1784100540.0
1000.0,0.0,0.0,1000.0,114,1000.0,S1B-GER40Cash-20260804T112811-196b791da6|EVENT|000114,1784100600.0
1000.0,0.0,0.0,1000.0,115,1000.0,S1B-GER40Cash-20260804T112811-196b791da6|EVENT|000115,1784100660.0
1000.0,0.0,0.0,1000.0,116,1000.0,S1B-GER40Cash-20260804T112811-196b791da6|EVENT|000116,1784100720.0
1000.0,0.0,0.0,1000.0,117,1000.0,S1B-GER40Cash-20260804T112811-196b791da6|EVENT|000117,1784100780.0
1000.0,0.0,0.0,1000.0,118,1000.0,S1B-GER40Cash-20260804T112811-196b791da6|EVENT|000118,1784100900.0
1000.0,0.0,0.0,1000.0,119,1000.0,S1B-GER40Cash-20260804T112811-196b791da6|EVENT|000119,1784100960.0
1000.0,0.0,0.0,1000.0,120,1000.0,S1B-GER40Cash-20260804T112811-196b791da6|EVENT|000120,1784101020.0
1000.0,0.0,0.0,1000.0,121,1000.0,S1B-GER40Cash-20260804T112811-196b791da6|EVENT|000121,1784101080.0
1000.0,0.0,0.0,1000.0,122,1000.0,S1B-GER40Cash-20260804T112811-196b791da6|EVENT|000122,1784101140.0
1000.0,0.0,0.0,1000.0,123,1000.0,S1B-GER40Cash-20260804T112811-196b791da6|EVENT|000123,1784101200.0
1000.0,0.0,0.0,1000.0,124,1000.0,S1B-GER40Cash-20260804T112811-196b791da6|EVENT|000124,1784101260.0
1000.0,0.0,0.0,1000.0,125,1000.0,S1B-GER40Cash-20260804T112811-196b791da6|EVENT|000125,1784101320.0
1000.0,0.0,0.0,1000.0,126,1000.0,S1B-GER40Cash-20260804T112811-196b791da6|EVENT|000126,1784101380.0
1000.0,0.0,0.0,1000.0,127,1000.0,S1B-GER40Cash-20260804T112811-196b791da6|EVENT|000127,1784101440.0
1000.0,0.0,0.0,1000.0,128,1000.0,S1B-GER40Cash-20260804T112811-196b791da6|EVENT|000128,1784101500.0
1000.0,0.0,0.0,1000.0,129,1000.0,S1B-GER40Cash-20260804T112811-196b791da6|EVENT|000129,1784101560.0
1000.0,0.0,0.0,1000.0,130,1000.0,S1B-GER40Cash-20260804T112811-196b791da6|EVENT|000130,1784101620.0
1000.0,0.0,0.0,1000.0,131,1000.0,S1B-GER40Cash-20260804T112811-196b791da6|EVENT|000131,1784101680.0
1000.0,0.0,0.0,1000.0,132,1000.0,S1B-GER40Cash-20260804T112811-196b791da6|EVENT|000132,1784101740.0
1000.0,0.0,0.0,1000.0,133,1000.0,S1B-GER40Cash-20260804T112811-196b791da6|EVENT|000133,1784101800.0
1000.0,0.0,0.0,1000.0,134,1000.0,S1B-GER40Cash-20260804T112811-196b791da6|EVENT|000134,1784101860.0
1000.0,0.0,0.0,1000.0,135,1000.0,S1B-GER40Cash-20260804T112811-196b791da6|EVENT|000135,1784101920.0
1000.0,0.0,0.0,1000.0,136,1000.0,S1B-GER40Cash-20260804T112811-196b791da6|EVENT|000136,1784101980.0
1000.0,0.0,0.0,1000.0,137,1000.0,S1B-GER40Cash-20260804T112811-196b791da6|EVENT|000137,1784102040.0
1000.0,0.0,0.0,1000.0,138,1000.0,S1B-GER40Cash-20260804T112811-196b791da6|EVENT|000138,1784102100.0
1000.0,0.0,0.0,1000.0,139,1000.0,S1B-GER40Cash-20260804T112811-196b791da6|EVENT|000139,1784102160.0
1000.0,0.0,0.0,1000.0,140,1000.0,S1B-GER40Cash-20260804T112811-196b791da6|EVENT|000140,1784102220.0
1000.0,0.0,0.0,1000.0,141,1000.0,S1B-GER40Cash-20260804T112811-196b791da6|EVENT|000141,1784102280.0
1000.0,0.0,0.0,1000.0,142,1000.0,S1B-GER40Cash-20260804T112811-196b791da6|EVENT|000142,1784102340.0
1000.0,0.0,0.0,1000.0,143,1000.0,S1B-GER40Cash-20260804T112811-196b791da6|EVENT|000143,1784102400.0
1000.0,0.0,0.0,1000.0,144,1000.0,S1B-GER40Cash-20260804T112811-196b791da6|EVENT|000144,1784102460.0
1000.0,0.0,0.0,1000.0,145,1000.0,S1B-GER40Cash-20260804T112811-196b791da6|EVENT|000145,1784102520.0
1000.0,0.0,0.0,1000.0,146,1000.0,S1B-GER40Cash-20260804T112811-196b791da6|EVENT|000146,1784102580.0
1000.0,0.0,0.0,1000.0,147,1000.0,S1B-GER40Cash-20260804T112811-196b791da6|EVENT|000147,1784102640.0
1000.0,0.0,0.0,1000.0,148,1000.0,S1B-GER40Cash-20260804T112811-196b791da6|EVENT|000148,1784102700.0
1000.0,0.0,0.0,1000.0,149,1000.0,S1B-GER40Cash-20260804T112811-196b791da6|EVENT|000149,1784102760.0
1000.0,0.0,0.0,1000.0,150,1000.0,S1B-GER40Cash-20260804T112811-196b791da6|EVENT|000150,1784102820.0
1000.0,0.0,0.0,1000.0,151,1000.0,S1B-GER40Cash-20260804T112811-196b791da6|EVENT|000151,1784102880.0
1000.0,0.0,0.0,1000.0,152,1000.0,S1B-GER40Cash-20260804T112811-196b791da6|EVENT|000152,1784102940.0
1000.0,0.0,0.0,1000.0,153,1000.0,S1B-GER40Cash-20260804T112811-196b791da6|EVENT|000153,1784103000.0
1000.0,0.0,0.0,1000.0,154,1000.0,S1B-GER40Cash-20260804T112811-196b791da6|EVENT|000154,1784103060.0
1000.0,0.0,0.0,1000.0,155,1000.0,S1B-GER40Cash-20260804T112811-196b791da6|EVENT|000155,1784103120.0
1000.0,0.0,0.0,1000.0,156,1000.0,S1B-GER40Cash-20260804T112811-196b791da6|EVENT|000156,1784103180.0
1000.0,0.0,0.0,1000.0,157,1000.0,S1B-GER40Cash-20260804T112811-196b791da6|EVENT|000157,1784103240.0
1000.0,0.0,0.0,1000.0,158,1000.0,S1B-GER40Cash-20260804T112811-196b791da6|EVENT|000158,1784103300.0
1000.0,0.0,0.0,1000.0,159,1000.0,S1B-GER40Cash-20260804T112811-196b791da6|EVENT|000159,1784103360.0
1000.0,0.0,0.0,1000.0,160,1000.0,S1B-GER40Cash-20260804T112811-196b791da6|EVENT|000160,1784103420.0
1000.0,0.0,0.0,1000.0,161,1000.0,S1B-GER40Cash-20260804T112811-196b791da6|EVENT|000161,1784103480.0
1000.0,0.0,0.0,1000.0,162,1000.0,S1B-GER40Cash-20260804T112811-196b791da6|EVENT|000162,1784103540.0
1000.0,0.0,0.0,1000.0,163,1000.0,S1B-GER40Cash-20260804T112811-196b791da6|EVENT|000163,1784103600.0
1000.0,0.0,0.0,1000.0,164,1000.0,S1B-GER40Cash-20260804T112811-196b791da6|EVENT|000164,1784103660.0
1000.0,0.0,0.0,1000.0,165,1000.0,S1B-GER40Cash-20260804T112811-196b791da6|EVENT|000165,1784103720.0
1000.0,0.0,0.0,1000.0,166,1000.0,S1B-GER40Cash-20260804T112811-196b791da6|EVENT|000166,1784103780.0
1000.0,0.0,0.0,1000.0,167,1000.0,S1B-GER40Cash-20260804T112811-196b791da6|EVENT|000167,1784103840.0
1000.0,0.0,0.0,1000.0,168,1000.0,S1B-GER40Cash-20260804T112811-196b791da6|EVENT|000168,1784103900.0
1000.0,0.0,0.0,1000.0,169,1000.0,S1B-GER40Cash-20260804T112811-196b791da6|EVENT|000169,1784103960.0
1000.0,0.0,0.0,1000.0,170,1000.0,S1B-GER40Cash-20260804T112811-196b791da6|EVENT|000170,1784104020.0
1000.0,0.0,0.0,1000.0,171,1000.0,S1B-GER40Cash-20260804T112811-196b791da6|EVENT|000171,1784104080.0
1000.0,0.0,0.0,1000.0,172,1000.0,S1B-GER40Cash-20260804T112811-196b791da6|EVENT|000172,1784104140.0
1000.0,0.0,0.0,1000.0,173,1000.0,S1B-GER40Cash-20260804T112811-196b791da6|EVENT|000173,1784104200.0
1000.0,0.0,0.0,1000.0,174,1000.0,S1B-GER40Cash-20260804T112811-196b791da6|EVENT|000174,1784104260.0
1000.0,0.0,0.0,1000.0,175,1000.0,S1B-GER40Cash-20260804T112811-196b791da6|EVENT|000175,1784104320.0
1000.0,0.0,0.0,1000.0,176,1000.0,S1B-GER40Cash-20260804T112811-196b791da6|EVENT|000176,1784104380.0
1000.0,0.0,0.0,1000.0,177,1000.0,S1B-GER40Cash-20260804T112811-196b791da6|EVENT|000177,1784104440.0
1000.0,0.0,0.0,1000.0,178,1000.0,S1B-GER40Cash-20260804T112811-196b791da6|EVENT|000178,1784104500.0
1000.0,0.0,0.0,1000.0,179,1000.0,S1B-GER40Cash-20260804T112811-196b791da6|EVENT|000179,1784104560.0
1000.0,0.0,0.0,1000.0,180,1000.0,S1B-GER40Cash-20260804T112811-196b791da6|EVENT|000180,1784104620.0
1000.0,0.0,0.0,1000.0,181,1000.0,S1B-GER40Cash-20260804T112811-196b791da6|EVENT|000181,1784104680.0
1000.0,0.0,0.0,1000.0,182,1000.0,S1B-GER40Cash-20260804T112811-196b791da6|EVENT|000182,1784104740.0
1000.0,0.0,0.0,1000.0,183,1000.0,S1B-GER40Cash-20260804T112811-196b791da6|EVENT|000183,1784104800.0
1000.0,0.0,0.0,1000.0,184,1000.0,S1B-GER40Cash-20260804T112811-196b791da6|EVENT|000184,1784104860.0
1000.0,0.0,0.0,1000.0,185,1000.0,S1B-GER40Cash-20260804T112811-196b791da6|EVENT|000185,1784104920.0
1000.0,0.0,0.0,1000.0,186,1000.0,S1B-GER40Cash-20260804T112811-196b791da6|EVENT|000186,1784104980.0
1000.0,0.0,0.0,1000.0,187,1000.0,S1B-GER40Cash-20260804T112811-196b791da6|EVENT|000187,1784105040.0
1000.0,0.0,0.0,1000.0,188,1000.0,S1B-GER40Cash-20260804T112811-196b791da6|EVENT|000188,1784105100.0
1000.0,0.0,0.0,1000.0,189,1000.0,S1B-GER40Cash-20260804T112811-196b791da6|EVENT|000189,1784105160.0
1000.0,0.0,0.0,1000.0,190,1000.0,S1B-GER40Cash-20260804T112811-196b791da6|EVENT|000190,1784105220.0
1000.0,0.0,0.0,1000.0,191,1000.0,S1B-GER40Cash-20260804T112811-196b791da6|EVENT|000191,1784105280.0
1000.0,0.0,0.0,1000.0,192,1000.0,S1B-GER40Cash-20260804T112811-196b791da6|EVENT|000192,1784105340.0
1000.0,0.0,0.0,1000.0,193,1000.0,S1B-GER40Cash-20260804T112811-196b791da6|EVENT|000193,1784105400.0
1000.0,0.0,0.0,1000.0,194,1000.0,S1B-GER40Cash-20260804T112811-196b791da6|EVENT|000194,1784105460.0
1000.0,0.0,0.0,1000.0,195,1000.0,S1B-GER40Cash-20260804T112811-196b791da6|EVENT|000195,1784105520.0
1000.0,0.0,0.0,1000.0,196,1000.0,S1B-GER40Cash-20260804T112811-196b791da6|EVENT|000196,1784105580.0
1000.0,0.0,0.0,1000.0,197,1000.0,S1B-GER40Cash-20260804T112811-196b791da6|EVENT|000197,1784105640.0
1000.0,0.0,0.0,1000.0,198,1000.0,S1B-GER40Cash-20260804T112811-196b791da6|EVENT|000198,1784105700.0
1000.0,0.0,0.0,1000.0,199,1000.0,S1B-GER40Cash-20260804T112811-196b791da6|EVENT|000199,1784105760.0
1000.0,0.0,0.0,1000.0,200,1000.0,S1B-GER40Cash-20260804T112811-196b791da6|EVENT|000200,1784105820.0
1000.0,0.0,0.0,1000.0,201,1000.0,S1B-GER40Cash-20260804T112811-196b791da6|EVENT|000201,1784105880.0
1000.0,0.0,0.0,1000.0,202,1000.0,S1B-GER40Cash-20260804T112811-196b791da6|EVENT|000202,1784105940.0
1000.0,0.0,0.0,1000.0,203,1000.0,S1B-GER40Cash-20260804T112811-196b791da6|EVENT|000203,1784106000.0
1000.0,0.0,0.0,1000.0,204,1000.0,S1B-GER40Cash-20260804T112811-196b791da6|EVENT|000204,1784106060.0
1000.0,0.0,0.0,1000.0,205,1000.0,S1B-GER40Cash-20260804T112811-196b791da6|EVENT|000205,1784106120.0
1000.0,0.0,0.0,1000.0,206,1000.0,S1B-GER40Cash-20260804T112811-196b791da6|EVENT|000206,1784106180.0
1000.0,0.0,0.0,1000.0,207,1000.0,S1B-GER40Cash-20260804T112811-196b791da6|EVENT|000207,1784106240.0
1000.0,0.0,0.0,1000.0,208,1000.0,S1B-GER40Cash-20260804T112811-196b791da6|EVENT|000208,1784106300.0
1000.0,0.0,0.0,1000.0,209,1000.0,S1B-GER40Cash-20260804T112811-196b791da6|EVENT|000209,1784106360.0
1000.0,0.0,0.0,1000.0,210,1000.0,S1B-GER40Cash-20260804T112811-196b791da6|EVENT|000210,1784106420.0
1000.0,0.0,0.0,1000.0,211,1000.0,S1B-GER40Cash-20260804T112811-196b791da6|EVENT|000211,1784106480.0
1000.0,0.0,0.0,1000.0,212,1000.0,S1B-GER40Cash-20260804T112811-196b791da6|EVENT|000212,1784106540.0
1000.0,0.0,0.0,1000.0,213,1000.0,S1B-GER40Cash-20260804T112811-196b791da6|EVENT|000213,1784106600.0
1000.0,0.0,0.0,1000.0,214,1000.0,S1B-GER40Cash-20260804T112811-196b791da6|EVENT|000214,1784106660.0
1000.0,0.0,0.0,1000.0,215,1000.0,S1B-GER40Cash-20260804T112811-196b791da6|EVENT|000215,1784106720.0
1000.0,0.0,0.0,1000.0,216,1000.0,S1B-GER40Cash-20260804T112811-196b791da6|EVENT|000216,1784106780.0
1000.0,0.0,0.0,1000.0,217,1000.0,S1B-GER40Cash-20260804T112811-196b791da6|EVENT|000217,1784106840.0
1000.0,0.0,0.0,1000.0,218,1000.0,S1B-GER40Cash-20260804T112811-196b791da6|EVENT|000218,1784106900.0
1000.0,0.0,0.0,1000.0,219,1000.0,S1B-GER40Cash-20260804T112811-196b791da6|EVENT|000219,1784106960.0
1000.0,0.0,0.0,1000.0,220,1000.0,S1B-GER40Cash-20260804T112811-196b791da6|EVENT|000220,1784107020.0
1000.0,0.0,0.0,1000.0,221,1000.0,S1B-GER40Cash-20260804T112811-196b791da6|EVENT|000221,1784107080.0
1000.0,0.0,0.0,1000.0,222,1000.0,S1B-GER40Cash-20260804T112811-196b791da6|EVENT|000222,1784107140.0
1000.0,0.0,0.0,1000.0,223,1000.0,S1B-GER40Cash-20260804T112811-196b791da6|EVENT|000223,1784107200.0
1000.0,0.0,0.0,1000.0,224,1000.0,S1B-GER40Cash-20260804T112811-196b791da6|EVENT|000224,1784107260.0
1000.0,0.0,0.0,1000.0,225,1000.0,S1B-GER40Cash-20260804T112811-196b791da6|EVENT|000225,1784107320.0
1000.0,0.0,0.0,1000.0,226,1000.0,S1B-GER40Cash-20260804T112811-196b791da6|EVENT|000226,1784107380.0
1000.0,0.0,0.0,1000.0,227,1000.0,S1B-GER40Cash-20260804T112811-196b791da6|EVENT|000227,1784107440.0
1000.0,0.0,0.0,1000.0,228,1000.0,S1B-GER40Cash-20260804T112811-196b791da6|EVENT|000228,1784107500.0
1000.0,0.0,0.0,1000.0,229,1000.0,S1B-GER40Cash-20260804T112811-196b791da6|EVENT|000229,1784107560.0
1000.0,0.0,0.0,1000.0,230,1000.0,S1B-GER40Cash-20260804T112811-196b791da6|EVENT|000230,1784107620.0
1000.0,0.0,0.0,1000.0,231,1000.0,S1B-GER40Cash-20260804T112811-196b791da6|EVENT|000231,1784107680.0
1000.0,0.0,0.0,1000.0,232,1000.0,S1B-GER40Cash-20260804T112811-196b791da6|EVENT|000232,1784107740.0
1000.0,0.0,0.0,1000.0,233,1000.0,S1B-GER40Cash-20260804T112811-196b791da6|EVENT|000233,1784107800.0
1000.0,0.0,0.0,1000.0,234,1000.0,S1B-GER40Cash-20260804T112811-196b791da6|EVENT|000234,1784107860.0
1000.0,0.0,0.0,1000.0,235,1000.0,S1B-GER40Cash-20260804T112811-196b791da6|EVENT|000235,1784107920.0
1000.0,0.0,0.0,1000.0,236,1000.0,S1B-GER40Cash-20260804T112811-196b791da6|EVENT|000236,1784107980.0
1000.0,0.0,0.0,1000.0,237,1000.0,S1B-GER40Cash-20260804T112811-196b791da6|EVENT|000237,1784108040.0
1000.0,0.0,0.0,1000.0,238,1000.0,S1B-GER40Cash-20260804T112811-196b791da6|EVENT|000238,1784108100.0
1000.0,0.0,0.0,1000.0,239,1000.0,S1B-GER40Cash-20260804T112811-196b791da6|EVENT|000239,1784108160.0
1000.0,0.0,0.0,1000.0,240,1000.0,S1B-GER40Cash-20260804T112811-196b791da6|EVENT|000240,1784108220.0
1000.0,0.0,0.0,1000.0,241,1000.0,S1B-GER40Cash-20260804T112811-196b791da6|EVENT|000241,1784108280.0
1000.0,0.0,0.0,1000.0,242,1000.0,S1B-GER40Cash-20260804T112811-196b791da6|EVENT|000242,1784108340.0
1000.0,0.0,0.0,1000.0,243,1000.0,S1B-GER40Cash-20260804T112811-196b791da6|EVENT|000243,1784108400.0
1000.0,0.0,0.0,1000.0,244,1000.0,S1B-GER40Cash-20260804T112811-196b791da6|EVENT|000244,1784108460.0
1000.0,0.0,0.0,1000.0,245,1000.0,S1B-GER40Cash-20260804T112811-196b791da6|EVENT|000245,1784108520.0
1000.0,0.0,0.0,1000.0,246,1000.0,S1B-GER40Cash-20260804T112811-196b791da6|EVENT|000246,1784108580.0
1000.0,0.0,0.0,1000.0,247,1000.0,S1B-GER40Cash-20260804T112811-196b791da6|EVENT|000247,1784108640.0
1000.0,0.0,0.0,1000.0,248,1000.0,S1B-GER40Cash-20260804T112811-196b791da6|EVENT|000248,1784108700.0
1000.0,0.0,0.0,1000.0,249,1000.0,S1B-GER40Cash-20260804T112811-196b791da6|EVENT|000249,1784108760.0
1000.0,0.0,0.0,1000.0,250,1000.0,S1B-GER40Cash-20260804T112811-196b791da6|EVENT|000250,1784108820.0
1000.0,0.0,0.0,1000.0,251,1000.0,S1B-GER40Cash-20260804T112811-196b791da6|EVENT|000251,1784108880.0
1000.0,0.0,0.0,1000.0,252,1000.0,S1B-GER40Cash-20260804T112811-196b791da6|EVENT|000252,1784108940.0
1000.0,0.0,0.0,1000.0,253,1000.0,S1B-GER40Cash-20260804T112811-196b791da6|EVENT|000253,1784109000.0
1000.0,0.0,0.0,1000.0,254,1000.0,S1B-GER40Cash-20260804T112811-196b791da6|EVENT|000254,1784109060.0
1000.0,0.0,0.0,1000.0,255,1000.0,S1B-GER40Cash-20260804T112811-196b791da6|EVENT|000255,1784109120.0
1000.0,0.0,0.0,1000.0,256,1000.0,S1B-GER40Cash-20260804T112811-196b791da6|EVENT|000256,1784109180.0
1000.0,0.0,0.0,1000.0,257,1000.0,S1B-GER40Cash-20260804T112811-196b791da6|EVENT|000257,1784109240.0
1000.0,0.0,0.0,1000.0,258,1000.0,S1B-GER40Cash-20260804T112811-196b791da6|EVENT|000258,1784109300.0
1000.0,0.0,0.0,1000.0,259,1000.0,S1B-GER40Cash-20260804T112811-196b791da6|EVENT|000259,1784109360.0
1000.0,0.0,0.0,1000.0,260,1000.0,S1B-GER40Cash-20260804T112811-196b791da6|EVENT|000260,1784109420.0
1000.0,0.0,0.0,1000.0,261,1000.0,S1B-GER40Cash-20260804T112811-196b791da6|EVENT|000261,1784109480.0
1000.0,0.0,0.0,1000.0,262,1000.0,S1B-GER40Cash-20260804T112811-196b791da6|EVENT|000262,1784109540.0
1000.0,0.0,0.0,1000.0,263,1000.0,S1B-GER40Cash-20260804T112811-196b791da6|EVENT|000263,1784109600.0
1000.0,0.0,0.0,1000.0,264,1000.0,S1B-GER40Cash-20260804T112811-196b791da6|EVENT|000264,1784109660.0
1000.0,0.0,0.0,1000.0,265,1000.0,S1B-GER40Cash-20260804T112811-196b791da6|EVENT|000265,1784109720.0
1000.0,0.0,0.0,1000.0,266,1000.0,S1B-GER40Cash-20260804T112811-196b791da6|EVENT|000266,1784109780.0
1000.0,0.0,0.0,1000.0,267,1000.0,S1B-GER40Cash-20260804T112811-196b791da6|EVENT|000267,1784109840.0
1000.0,0.0,0.0,1000.0,268,1000.0,S1B-GER40Cash-20260804T112811-196b791da6|EVENT|000268,1784109900.0
1000.0,0.0,0.0,1000.0,269,1000.0,S1B-GER40Cash-20260804T112811-196b791da6|EVENT|000269,1784109960.0
1000.0,0.0,0.0,1000.0,270,1000.0,S1B-GER40Cash-20260804T112811-196b791da6|EVENT|000270,1784110020.0
1000.0,0.0,0.0,1000.0,271,1000.0,S1B-GER40Cash-20260804T112811-196b791da6|EVENT|000271,1784110080.0
1000.0,0.0,0.0,1000.0,272,1000.0,S1B-GER40Cash-20260804T112811-196b791da6|EVENT|000272,1784110140.0
1000.0,0.0,0.0,1000.0,273,1000.0,S1B-GER40Cash-20260804T112811-196b791da6|EVENT|000273,1784110200.0
1000.0,0.0,0.0,1000.0,274,1000.0,S1B-GER40Cash-20260804T112811-196b791da6|EVENT|000274,1784110260.0
1000.0,0.0,0.0,1000.0,275,1000.0,S1B-GER40Cash-20260804T112811-196b791da6|EVENT|000275,1784110320.0
1000.0,0.0,0.0,1000.0,276,1000.0,S1B-GER40Cash-20260804T112811-196b791da6|EVENT|000276,1784110380.0
1000.0,0.0,0.0,1000.0,277,1000.0,S1B-GER40Cash-20260804T112811-196b791da6|EVENT|000277,1784110440.0
1000.0,0.0,0.0,1000.0,278,1000.0,S1B-GER40Cash-20260804T112811-196b791da6|EVENT|000278,1784110500.0
1000.0,0.0,0.0,1000.0,279,1000.0,S1B-GER40Cash-20260804T112811-196b791da6|EVENT|000279,1784110560.0
1000.0,0.0,0.0,1000.0,280,1000.0,S1B-GER40Cash-20260804T112811-196b791da6|EVENT|000280,1784110620.0
1000.0,0.0,0.0,1000.0,281,1000.0,S1B-GER40Cash-20260804T112811-196b791da6|EVENT|000281,1784110680.0
1000.0,0.0,0.0,1000.0,282,1000.0,S1B-GER40Cash-20260804T112811-196b791da6|EVENT|000282,1784110740.0
1000.0,0.0,0.0,1000.0,283,1000.0,S1B-GER40Cash-20260804T112811-196b791da6|EVENT|000283,1784110800.0
1000.0,0.0,0.0,1000.0,284,1000.0,S1B-GER40Cash-20260804T112811-196b791da6|EVENT|000284,1784110860.0
1000.0,0.0,0.0,1000.0,285,1000.0,S1B-GER40Cash-20260804T112811-196b791da6|EVENT|000285,1784110920.0
1000.0,0.0,0.0,1000.0,286,1000.0,S1B-GER40Cash-20260804T112811-196b791da6|EVENT|000286,1784110980.0
1000.0,0.0,0.0,1000.0,287,1000.0,S1B-GER40Cash-20260804T112811-196b791da6|EVENT|000287,1784111040.0
1000.0,0.0,0.0,1000.0,288,1000.0,S1B-GER40Cash-20260804T112811-196b791da6|EVENT|000288,1784111100.0
1000.0,0.0,0.0,1000.0,289,1000.0,S1B-GER40Cash-20260804T112811-196b791da6|EVENT|000289,1784111160.0
1000.0,0.0,0.0,1000.0,290,1000.0,S1B-GER40Cash-20260804T112811-196b791da6|EVENT|000290,1784111220.0
1000.0,0.0,0.0,1000.0,291,1000.0,S1B-GER40Cash-20260804T112811-196b791da6|EVENT|000291,1784111280.0
1000.0,0.0,0.0,1000.0,292,1000.0,S1B-GER40Cash-20260804T112811-196b791da6|EVENT|000292,1784111340.0
1000.0,0.0,0.0,1000.0,293,1000.0,S1B-GER40Cash-20260804T112811-196b791da6|EVENT|000293,1784111400.0
1000.0,0.0,0.0,1000.0,294,1000.0,S1B-GER40Cash-20260804T112811-196b791da6|EVENT|000294,1784111460.0
1000.0,0.0,0.0,1000.0,295,1000.0,S1B-GER40Cash-20260804T112811-196b791da6|EVENT|000295,1784111520.0
1000.0,0.0,0.0,1000.0,296,1000.0,S1B-GER40Cash-20260804T112811-196b791da6|EVENT|000296,1784111580.0
1000.0,0.0,0.0,1000.0,297,1000.0,S1B-GER40Cash-20260804T112811-196b791da6|EVENT|000297,1784111640.0
1000.0,0.0,0.0,1000.0,298,1000.0,S1B-GER40Cash-20260804T112811-196b791da6|EVENT|000298,1784111700.0
1000.0,0.0,0.0,1000.0,299,1000.0,S1B-GER40Cash-20260804T112811-196b791da6|EVENT|000299,1784111760.0
1000.0,0.0,0.0,1000.0,300,1000.0,S1B-GER40Cash-20260804T112811-196b791da6|EVENT|000300,1784111820.0
1000.0,0.0,0.0,1000.0,301,1000.0,S1B-GER40Cash-20260804T112811-196b791da6|EVENT|000301,1784111880.0
1000.0,0.0,0.0,1000.0,302,1000.0,S1B-GER40Cash-20260804T112811-196b791da6|EVENT|000302,1784111940.0
1000.0,0.0,0.0,1000.0,303,1000.0,S1B-GER40Cash-20260804T112811-196b791da6|EVENT|000303,1784112000.0
1000.0,0.0,0.0,1000.0,304,1000.0,S1B-GER40Cash-20260804T112811-196b791da6|EVENT|000304,1784112060.0
1000.0,0.0,0.0,1000.0,305,1000.0,S1B-GER40Cash-20260804T112811-196b791da6|EVENT|000305,1784112120.0
1000.0,0.0,0.0,1000.0,306,1000.0,S1B-GER40Cash-20260804T112811-196b791da6|EVENT|000306,1784112180.0
1000.0,0.0,0.0,1000.0,307,1000.0,S1B-GER40Cash-20260804T112811-196b791da6|EVENT|000307,1784112240.0
1000.0,0.0,0.0,1000.0,308,1000.0,S1B-GER40Cash-20260804T112811-196b791da6|EVENT|000308,1784112300.0
1000.0,0.0,0.0,1000.0,309,1000.0,S1B-GER40Cash-20260804T112811-196b791da6|EVENT|000309,1784112360.0
1000.0,0.0,0.0,1000.0,310,1000.0,S1B-GER40Cash-20260804T112811-196b791da6|EVENT|000310,1784112420.0
1000.0,0.0,0.0,1000.0,311,1000.0,S1B-GER40Cash-20260804T112811-196b791da6|EVENT|000311,1784112480.0
1000.0,0.0,0.0,1000.0,312,1000.0,S1B-GER40Cash-20260804T112811-196b791da6|EVENT|000312,1784112540.0
1000.0,0.0,0.0,1000.0,313,1000.0,S1B-GER40Cash-20260804T112811-196b791da6|EVENT|000313,1784112600.0
1000.0,0.0,0.0,1000.0,314,1000.0,S1B-GER40Cash-20260804T112811-196b791da6|EVENT|000314,1784112660.0
1000.0,0.0,0.0,1000.0,315,1000.0,S1B-GER40Cash-20260804T112811-196b791da6|EVENT|000315,1784112720.0
1000.0,0.0,0.0,1000.0,316,1000.0,S1B-GER40Cash-20260804T112811-196b791da6|EVENT|000316,1784112780.0
1000.0,0.0,0.0,1000.0,317,1000.0,S1B-GER40Cash-20260804T112811-196b791da6|EVENT|000317,1784112840.0
1000.0,0.0,0.0,1000.0,318,1000.0,S1B-GER40Cash-20260804T112811-196b791da6|EVENT|000318,1784112900.0
1000.0,0.0,0.0,1000.0,319,1000.0,S1B-GER40Cash-20260804T112811-196b791da6|EVENT|000319,1784112960.0
1000.0,0.0,0.0,1000.0,320,1000.0,S1B-GER40Cash-20260804T112811-196b791da6|EVENT|000320,1784113020.0
1000.0,0.0,0.0,1000.0,321,1000.0,S1B-GER40Cash-20260804T112811-196b791da6|EVENT|000321,1784113080.0
1000.0,0.0,0.0,1000.0,322,1000.0,S1B-GER40Cash-20260804T112811-196b791da6|EVENT|000322,1784113140.0
1000.0,0.0,0.0,1000.0,323,1000.0,S1B-GER40Cash-20260804T112811-196b791da6|EVENT|000323,1784113200.0
1000.0,0.0,0.0,1000.0,324,1000.0,S1B-GER40Cash-20260804T112811-196b791da6|EVENT|000324,1784113260.0
1000.0,0.0,0.0,1000.0,325,1000.0,S1B-GER40Cash-20260804T112811-196b791da6|EVENT|000325,1784113320.0
1000.0,0.0,0.0,1000.0,326,1000.0,S1B-GER40Cash-20260804T112811-196b791da6|EVENT|000326,1784113380.0
1000.0,0.0,0.0,1000.0,327,1000.0,S1B-GER40Cash-20260804T112811-196b791da6|EVENT|000327,1784113440.0
1000.0,0.0,0.0,1000.0,328,1000.0,S1B-GER40Cash-20260804T112811-196b791da6|EVENT|000328,1784113500.0
1000.0,0.0,0.0,1000.0,329,1000.0,S1B-GER40Cash-20260804T112811-196b791da6|EVENT|000329,1784113560.0
1000.0,0.0,0.0,1000.0,330,1000.0,S1B-GER40Cash-20260804T112811-196b791da6|EVENT|000330,1784113620.0
1000.0,0.0,0.0,1000.0,331,1000.0,S1B-GER40Cash-20260804T112811-196b791da6|EVENT|000331,1784113680.0
1000.0,0.0,0.0,1000.0,332,1000.0,S1B-GER40Cash-20260804T112811-196b791da6|EVENT|000332,1784113740.0
1000.0,0.0,0.0,1000.0,333,1000.0,S1B-GER40Cash-20260804T112811-196b791da6|EVENT|000333,1784113800.0
1000.0,0.0,0.0,1000.0,334,1000.0,S1B-GER40Cash-20260804T112811-196b791da6|EVENT|000334,1784113860.0
1000.0,0.0,0.0,1000.0,335,1000.0,S1B-GER40Cash-20260804T112811-196b791da6|EVENT|000335,1784113920.0
1000.0,0.0,0.0,1000.0,336,1000.0,S1B-GER40Cash-20260804T112811-196b791da6|EVENT|000336,1784113980.0
1000.0,0.0,0.0,1000.0,337,1000.0,S1B-GER40Cash-20260804T112811-196b791da6|EVENT|000337,1784114040.0
1000.0,0.0,0.0,1000.0,338,1000.0,S1B-GER40Cash-20260804T112811-196b791da6|EVENT|000338,1784114100.0
1000.0,0.0,0.0,1000.0,339,1000.0,S1B-GER40Cash-20260804T112811-196b791da6|EVENT|000339,1784114160.0
1000.0,0.0,0.0,1000.0,340,1000.0,S1B-GER40Cash-20260804T112811-196b791da6|EVENT|000340,1784114220.0
1000.0,0.0,0.0,1000.0,341,1000.0,S1B-GER40Cash-20260804T112811-196b791da6|EVENT|000341,1784114280.0
1000.0,0.0,0.0,1000.0,342,1000.0,S1B-GER40Cash-20260804T112811-196b791da6|EVENT|000342,1784114340.0
1000.0,0.0,0.0,1000.0,343,1000.0,S1B-GER40Cash-20260804T112811-196b791da6|EVENT|000343,1784114400.0
1000.0,0.0,0.0,1000.0,344,1000.0,S1B-GER40Cash-20260804T112811-196b791da6|EVENT|000344,1784114460.0
1000.0,0.0,0.0,1000.0,345,1000.0,S1B-GER40Cash-20260804T112811-196b791da6|EVENT|000345,1784114520.0
1000.0,0.0,0.0,1000.0,346,1000.0,S1B-GER40Cash-20260804T112811-196b791da6|EVENT|000346,1784114580.0
1000.0,0.0,0.0,1000.0,347,1000.0,S1B-GER40Cash-20260804T112811-196b791da6|EVENT|000347,1784114640.0
1000.0,0.0,0.0,1000.0,348,1000.0,S1B-GER40Cash-20260804T112811-196b791da6|EVENT|000348,1784114700.0
1000.0,0.0,0.0,1000.0,349,1000.0,S1B-GER40Cash-20260804T112811-196b791da6|EVENT|000349,1784114760.0
1000.0,0.0,0.0,1000.0,350,1000.0,S1B-GER40Cash-20260804T112811-196b791da6|EVENT|000350,1784114820.0
1000.0,0.0,0.0,1000.0,351,1000.0,S1B-GER40Cash-20260804T112811-196b791da6|EVENT|000351,1784114880.0
1000.0,0.0,0.0,1000.0,352,1000.0,S1B-GER40Cash-20260804T112811-196b791da6|EVENT|000352,1784114940.0
1000.0,0.0,0.0,1000.0,353,1000.0,S1B-GER40Cash-20260804T112811-196b791da6|EVENT|000353,1784115000.0
1000.0,0.0,0.0,1000.0,354,1000.0,S1B-GER40Cash-20260804T112811-196b791da6|EVENT|000354,1784115060.0
1000.0,0.0,0.0,1000.0,355,1000.0,S1B-GER40Cash-20260804T112811-196b791da6|EVENT|000355,1784115120.0
1000.0,0.0,0.0,1000.0,356,1000.0,S1B-GER40Cash-20260804T112811-196b791da6|EVENT|000356,1784115180.0
1000.0,0.0,0.0,1000.0,357,1000.0,S1B-GER40Cash-20260804T112811-196b791da6|EVENT|000357,1784115240.0
1000.0,0.0,0.0,1000.0,358,1000.0,S1B-GER40Cash-20260804T112811-196b791da6|EVENT|000358,1784115300.0
1000.0,0.0,0.0,1000.0,359,1000.0,S1B-GER40Cash-20260804T112811-196b791da6|EVENT|000359,1784115360.0
1000.0,0.0,0.0,1000.0,360,1000.0,S1B-GER40Cash-20260804T112811-196b791da6|EVENT|000360,1784115420.0
1000.0,0.0,0.0,1000.0,361,1000.0,S1B-GER40Cash-20260804T112811-196b791da6|EVENT|000361,1784115480.0
1000.0,0.0,0.0,1000.0,362,1000.0,S1B-GER40Cash-20260804T112811-196b791da6|EVENT|000362,1784115540.0
1000.0,0.0,0.0,1000.0,363,1000.0,S1B-GER40Cash-20260804T112811-196b791da6|EVENT|000363,1784115600.0
1000.0,0.0,0.0,1000.0,364,1000.0,S1B-GER40Cash-20260804T112811-196b791da6|EVENT|000364,1784115660.0
1000.0,0.0,0.0,1000.0,365,1000.0,S1B-GER40Cash-20260804T112811-196b791da6|EVENT|000365,1784115720.0
1000.0,0.0,0.0,1000.0,366,1000.0,S1B-GER40Cash-20260804T112811-196b791da6|EVENT|000366,1784115780.0
1000.0,0.0,0.0,1000.0,367,1000.0,S1B-GER40Cash-20260804T112811-196b791da6|EVENT|000367,1784115840.0
1000.0,0.0,0.0,1000.0,368,1000.0,S1B-GER40Cash-20260804T112811-196b791da6|EVENT|000368,1784115900.0
1000.0,0.0,0.0,1000.0,369,1000.0,S1B-GER40Cash-20260804T112811-196b791da6|EVENT|000369,1784115960.0
1000.0,0.0,0.0,1000.0,370,1000.0,S1B-GER40Cash-20260804T112811-196b791da6|EVENT|000370,1784116020.0
1000.0,0.0,0.0,1000.0,371,1000.0,S1B-GER40Cash-20260804T112811-196b791da6|EVENT|000371,1784116080.0
1000.0,0.0,0.0,1000.0,372,1000.0,S1B-GER40Cash-20260804T112811-196b791da6|EVENT|000372,1784116140.0
1000.0,0.0,0.0,1000.0,373,1000.0,S1B-GER40Cash-20260804T112811-196b791da6|EVENT|000373,1784116200.0
1000.0,0.0,0.0,1000.0,374,1000.0,S1B-GER40Cash-20260804T112811-196b791da6|EVENT|000374,1784116260.0
1000.0,0.0,0.0,1000.0,375,1000.0,S1B-GER40Cash-20260804T112811-196b791da6|EVENT|000375,1784116320.0
1000.0,0.0,0.0,1000.0,376,1000.0,S1B-GER40Cash-20260804T112811-196b791da6|EVENT|000376,1784116380.0
1000.0,0.0,0.0,1000.0,377,1000.0,S1B-GER40Cash-20260804T112811-196b791da6|EVENT|000377,1784116440.0
1000.0,0.0,0.0,1000.0,378,1000.0,S1B-GER40Cash-20260804T112811-196b791da6|EVENT|000378,1784116500.0
1000.0,0.0,0.0,1000.0,379,1000.0,S1B-GER40Cash-20260804T112811-196b791da6|EVENT|000379,1784116560.0
1000.0,0.0,0.0,1000.0,380,1000.0,S1B-GER40Cash-20260804T112811-196b791da6|EVENT|000380,1784116620.0
1000.0,0.0,0.0,1000.0,381,1000.0,S1B-GER40Cash-20260804T112811-196b791da6|EVENT|000381,1784116680.0
1000.0,0.0,0.0,1000.0,382,1000.0,S1B-GER40Cash-20260804T112811-196b791da6|EVENT|000382,1784116740.0
1000.0,0.0,0.0,1000.0,383,1000.0,S1B-GER40Cash-20260804T112811-196b791da6|EVENT|000383,1784116800.0
1000.0,0.0,0.0,1000.0,384,1000.0,S1B-GER40Cash-20260804T112811-196b791da6|EVENT|000384,1784116860.0
1000.0,0.0,0.0,1000.0,385,1000.0,S1B-GER40Cash-20260804T112811-196b791da6|EVENT|000385,1784116920.0
1000.0,0.0,0.0,1000.0,386,1000.0,S1B-GER40Cash-20260804T112811-196b791da6|EVENT|000386,1784116980.0
1000.0,0.0,0.0,1000.0,387,1000.0,S1B-GER40Cash-20260804T112811-196b791da6|EVENT|000387,1784117040.0
1000.0,0.0,0.0,1000.0,388,1000.0,S1B-GER40Cash-20260804T112811-196b791da6|EVENT|000388,1784117100.0
1000.0,0.0,0.0,1000.0,389,1000.0,S1B-GER40Cash-20260804T112811-196b791da6|EVENT|000389,1784117160.0
1000.0,0.0,0.0,1000.0,390,1000.0,S1B-GER40Cash-20260804T112811-196b791da6|EVENT|000390,1784117220.0
1000.0,0.0,0.0,1000.0,391,1000.0,S1B-GER40Cash-20260804T112811-196b791da6|EVENT|000391,1784117280.0
1000.0,0.0,0.0,1000.0,392,1000.0,S1B-GER40Cash-20260804T112811-196b791da6|EVENT|000392,1784117340.0
1000.0,0.0,0.0,1000.0,393,1000.0,S1B-GER40Cash-20260804T112811-196b791da6|EVENT|000393,1784117400.0
1000.0,0.0,0.0,1000.0,394,1000.0,S1B-GER40Cash-20260804T112811-196b791da6|EVENT|000394,1784117460.0
1000.0,0.0,0.0,1000.0,395,1000.0,S1B-GER40Cash-20260804T112811-196b791da6|EVENT|000395,1784117520.0
1000.0,0.0,0.0,1000.0,396,1000.0,S1B-GER40Cash-20260804T112811-196b791da6|EVENT|000396,1784117580.0
1000.0,0.0,0.0,1000.0,397,1000.0,S1B-GER40Cash-20260804T112811-196b791da6|EVENT|000397,1784117640.0
1000.0,0.0,0.0,1000.0,398,1000.0,S1B-GER40Cash-20260804T112811-196b791da6|EVENT|000398,1784117700.0
1000.0,0.0,0.0,1000.0,399,1000.0,S1B-GER40Cash-20260804T112811-196b791da6|EVENT|000399,1784117760.0
1000.0,0.0,0.0,1000.0,400,1000.0,S1B-GER40Cash-20260804T112811-196b791da6|EVENT|000400,1784117820.0
1000.0,0.0,0.0,1000.0,401,1000.0,S1B-GER40Cash-20260804T112811-196b791da6|EVENT|000401,1784117880.0
1000.0,0.0,0.0,1000.0,402,1000.0,S1B-GER40Cash-20260804T112811-196b791da6|EVENT|000402,1784117940.0
1000.0,0.0,0.0,1000.0,403,1000.0,S1B-GER40Cash-20260804T112811-196b791da6|EVENT|000403,1784118000.0
1000.0,0.0,0.0,1000.0,404,1000.0,S1B-GER40Cash-20260804T112811-196b791da6|EVENT|000404,1784118060.0
1000.0,0.0,0.0,1000.0,405,1000.0,S1B-GER40Cash-20260804T112811-196b791da6|EVENT|000405,1784118120.0
1000.0,0.0,0.0,1000.0,406,1000.0,S1B-GER40Cash-20260804T112811-196b791da6|EVENT|000406,1784118180.0
1000.0,0.0,0.0,1000.0,407,1000.0,S1B-GER40Cash-20260804T112811-196b791da6|EVENT|000407,1784118240.0
1000.0,0.0,0.0,1000.0,408,1000.0,S1B-GER40Cash-20260804T112811-196b791da6|EVENT|000408,1784118300.0
1000.0,0.0,0.0,1000.0,409,1000.0,S1B-GER40Cash-20260804T112811-196b791da6|EVENT|000409,1784118360.0
1000.0,0.0,0.0,1000.0,410,1000.0,S1B-GER40Cash-20260804T112811-196b791da6|EVENT|000410,1784118420.0
1000.0,0.0,0.0,1000.0,411,1000.0,S1B-GER40Cash-20260804T112811-196b791da6|EVENT|000411,1784118480.0
1000.0,0.0,0.0,1000.0,412,1000.0,S1B-GER40Cash-20260804T112811-196b791da6|EVENT|000412,1784118540.0
1000.0,0.0,0.0,1000.0,413,1000.0,S1B-GER40Cash-20260804T112811-196b791da6|EVENT|000413,1784118600.0
1000.0,8.0735183382,0.8073518338,991.9264816618,414,1000.0,S1B-GER40Cash-20260804T112811-196b791da6|EVENT|000414,1784118660.0
1000.0,0.0,0.0,1009.5223816618,415,1009.5223816618,S1B-GER40Cash-20260804T112811-196b791da6|EVENT|000415,1784118720.0
1000.0,0.0,0.0,1023.0085816618,416,1023.0085816618,S1B-GER40Cash-20260804T112811-196b791da6|EVENT|000416,1784118780.0
1000.0,0.0,0.0,1030.8289816618,417,1030.8289816618,S1B-GER40Cash-20260804T112811-196b791da6|EVENT|000417,1784118840.0
1000.0,0.0,0.0,1048.8637816618,418,1048.8637816618,S1B-GER40Cash-20260804T112811-196b791da6|EVENT|000418,1784118900.0
1000.0,6.3042,0.6010504043,1042.5595816618,419,1048.8637816618,S1B-GER40Cash-20260804T112811-196b791da6|EVENT|000419,1784118960.0
1000.0,0.0,0.0,1077.1528816618,420,1077.1528816618,S1B-GER40Cash-20260804T112811-196b791da6|EVENT|000420,1784119020.0
1000.0,25.6956,2.3855109555,1051.4572816618,421,1077.1528816618,S1B-GER40Cash-20260804T112811-196b791da6|EVENT|000421,1784119080.0
1000.0,27.7704,2.5781298526,1049.3824816618,422,1077.1528816618,S1B-GER40Cash-20260804T112811-196b791da6|EVENT|000422,1784119140.0
1000.0,0.0,0.0,1118.4892816618,423,1118.4892816618,S1B-GER40Cash-20260804T112811-196b791da6|EVENT|000423,1784119200.0
1000.0,12.0099,1.0737608484,1106.4793816618,424,1118.4892816618,S1B-GER40Cash-20260804T112811-196b791da6|EVENT|000424,1784119260.0
1000.0,55.3014,4.9442941391,1063.1878816618,425,1118.4892816618,S1B-GER40Cash-20260804T112811-196b791da6|EVENT|000425,1784119320.0
1000.0,66.5133,5.9467087518,1051.9759816618,426,1118.4892816618,S1B-GER40Cash-20260804T112811-196b791da6|EVENT|000426,1784119380.0
1000.0,86.982,7.7767396994,1031.5072816618,427,1118.4892816618,S1B-GER40Cash-20260804T112811-196b791da6|EVENT|000427,1784119440.0
1000.0,77.1267,6.8956136875,1041.3625816618,428,1118.4892816618,S1B-GER40Cash-20260804T112811-196b791da6|EVENT|000428,1784119500.0
1000.0,43.6905,3.9062064086,1074.7987816618,429,1118.4892816618,S1B-GER40Cash-20260804T112811-196b791da6|EVENT|000429,1784119560.0
1000.0,0.0,0.0,1126.1101816618,430,1126.1101816618,S1B-GER40Cash-20260804T112811-196b791da6|EVENT|000430,1784119620.0
1000.0,10.5735,0.9389400942,1115.5366816618,431,1126.1101816618,S1B-GER40Cash-20260804T112811-196b791da6|EVENT|000431,1784119680.0
1000.0,0.0,0.0,1150.4491816618,432,1150.4491816618,S1B-GER40Cash-20260804T112811-196b791da6|EVENT|000432,1784119740.0
1000.0,0.0,0.0,1156.5538816618,433,1156.5538816618,S1B-GER40Cash-20260804T112811-196b791da6|EVENT|000433,1784119800.0
1000.0,22.9824,1.9871447724,1133.5714816618,434,1156.5538816618,S1B-GER40Cash-20260804T112811-196b791da6|EVENT|000434,1784119860.0
1000.0,0.0,0.0,1167.6460816618,435,1167.6460816618,S1B-GER40Cash-20260804T112811-196b791da6|EVENT|000435,1784119920.0
1000.0,0.0,0.0,1191.5860816618,436,1191.5860816618,S1B-GER40Cash-20260804T112811-196b791da6|EVENT|000436,1784119980.0
1000.0,0.0,0.0,1210.9375816618,437,1210.9375816618,S1B-GER40Cash-20260804T112811-196b791da6|EVENT|000437,1784120040.0
1000.0,1.8354,0.1515685059,1209.1021816618,438,1210.9375816618,S1B-GER40Cash-20260804T112811-196b791da6|EVENT|000438,1784120100.0
1000.0,5.7057,0.4711803553,1205.2318816618,439,1210.9375816618,S1B-GER40Cash-20260804T112811-196b791da6|EVENT|000439,1784120160.0
1000.0,0.0,0.0,1225.4611816618,440,1225.4611816618,S1B-GER40Cash-20260804T112811-196b791da6|EVENT|000440,1784120220.0
1000.0,0.0,0.0,1225.5808816618,441,1225.5808816618,S1B-GER40Cash-20260804T112811-196b791da6|EVENT|000441,1784120280.0
1000.0,13.8453,1.1296928834,1211.7355816618,442,1225.5808816618,S1B-GER40Cash-20260804T112811-196b791da6|EVENT|000442,1784120340.0
1000.0,5.6259,0.4590394713,1219.9549816618,443,1225.5808816618,S1B-GER40Cash-20260804T112811-196b791da6|EVENT|000443,1784120400.0
1000.0,30.8826,2.5198336937,1194.6982816618,444,1225.5808816618,S1B-GER40Cash-20260804T112811-196b791da6|EVENT|000444,1784120460.0
1000.0,84.5082,6.8953588673,1141.0726816618,445,1225.5808816618,S1B-GER40Cash-20260804T112811-196b791da6|EVENT|000445,1784120520.0
1000.0,109.9245,8.9691754861,1115.6563816618,446,1225.5808816618,S1B-GER40Cash-20260804T112811-196b791da6|EVENT|000446,1784120580.0
1000.0,106.3734,8.6794271673,1119.2074816618,447,1225.5808816618,S1B-GER40Cash-20260804T112811-196b791da6|EVENT|000447,1784120640.0
1000.0,128.1189,10.45372867,1097.4619816618,448,1225.5808816618,S1B-GER40Cash-20260804T112811-196b791da6|EVENT|000448,1784120700.0
1000.0,114.1938,9.3175245884,1111.3870816618,449,1225.5808816618,S1B-GER40Cash-20260804T112811-196b791da6|EVENT|000449,1784120760.0
1000.0,92.568,7.552989883,1133.0128816618,450,1225.5808816618,S1B-GER40Cash-20260804T112811-196b791da6|EVENT|000450,1784120820.0
1124.8214809282,100.7594007336,8.221358724,1124.8214809282,451,1225.5808816618,S1B-GER40Cash-20260804T112811-196b791da6|EVENT|000451,1784120880.0
1124.8214809282,100.7594007336,8.221358724,1124.8214809282,452,1225.5808816618,S1B-GER40Cash-20260804T112811-196b791da6|EVENT|000452,1784120940.0
1124.8214809282,100.7594007336,8.221358724,1124.8214809282,453,1225.5808816618,S1B-GER40Cash-20260804T112811-196b791da6|EVENT|000453,1784121000.0
1124.8214809282,100.7594007336,8.221358724,1124.8214809282,454,1225.5808816618,S1B-GER40Cash-20260804T112811-196b791da6|EVENT|000454,1784121060.0
1124.8214809282,100.7594007336,8.221358724,1124.8214809282,455,1225.5808816618,S1B-GER40Cash-20260804T112811-196b791da6|EVENT|000455,1784121120.0
1124.8214809282,100.7594007336,8.221358724,1124.8214809282,456,1225.5808816618,S1B-GER40Cash-20260804T112811-196b791da6|EVENT|000456,1784121180.0
1124.8214809282,100.7594007336,8.221358724,1124.8214809282,457,1225.5808816618,S1B-GER40Cash-20260804T112811-196b791da6|EVENT|000457,1784121240.0
1124.8214809282,100.7594007336,8.221358724,1124.8214809282,458,1225.5808816618,S1B-GER40Cash-20260804T112811-196b791da6|EVENT|000458,1784121300.0
1124.8214809282,100.7594007336,8.221358724,1124.8214809282,459,1225.5808816618,S1B-GER40Cash-20260804T112811-196b791da6|EVENT|000459,1784121360.0
1124.8214809282,100.7594007336,8.221358724,1124.8214809282,460,1225.5808816618,S1B-GER40Cash-20260804T112811-196b791da6|EVENT|000460,1784121420.0
1124.8214809282,100.7594007336,8.221358724,1124.8214809282,461,1225.5808816618,S1B-GER40Cash-20260804T112811-196b791da6|EVENT|000461,1784121480.0
1124.8214809282,100.7594007336,8.221358724,1124.8214809282,462,1225.5808816618,S1B-GER40Cash-20260804T112811-196b791da6|EVENT|000462,1784121540.0
1124.8214809282,100.7594007336,8.221358724,1124.8214809282,463,1225.5808816618,S1B-GER40Cash-20260804T112811-196b791da6|EVENT|000463,1784121600.0
1124.8214809282,100.7594007336,8.221358724,1124.8214809282,464,1225.5808816618,S1B-GER40Cash-20260804T112811-196b791da6|EVENT|000464,1784121660.0
1124.8214809282,100.7594007336,8.221358724,1124.8214809282,465,1225.5808816618,S1B-GER40Cash-20260804T112811-196b791da6|EVENT|000465,1784121720.0
1124.8214809282,100.7594007336,8.221358724,1124.8214809282,466,1225.5808816618,S1B-GER40Cash-20260804T112811-196b791da6|EVENT|000466,1784121780.0
1124.8214809282,109.6101379044,8.9435254372,1115.9707437574,467,1225.5808816618,S1B-GER40Cash-20260804T112811-196b791da6|EVENT|000467,1784121840.0
1124.8214809282,85.6197379044,6.986053649,1139.9611437574,468,1225.5808816618,S1B-GER40Cash-20260804T112811-196b791da6|EVENT|000468,1784121900.0
1124.8214809282,59.5125379044,4.8558637618,1166.0683437574,469,1225.5808816618,S1B-GER40Cash-20260804T112811-196b791da6|EVENT|000469,1784121960.0
1124.8214809282,85.2228379044,6.9536690054,1140.3580437574,470,1225.5808816618,S1B-GER40Cash-20260804T112811-196b791da6|EVENT|000470,1784122020.0
1124.8214809282,41.0787379044,3.3517769834,1184.5021437574,471,1225.5808816618,S1B-GER40Cash-20260804T112811-196b791da6|EVENT|000471,1784122080.0
1124.8214809282,14.0013379044,1.1424246342,1211.5795437574,472,1225.5808816618,S1B-GER40Cash-20260804T112811-196b791da6|EVENT|000472,1784122140.0
1124.8214809282,26.8785379044,2.1931264029,1198.7023437574,473,1225.5808816618,S1B-GER40Cash-20260804T112811-196b791da6|EVENT|000473,1784122200.0
1124.8214809282,44.3421379044,3.6180507193,1181.2387437574,474,1225.5808816618,S1B-GER40Cash-20260804T112811-196b791da6|EVENT|000474,1784122260.0
1124.8214809282,45.8856379044,3.7439909998,1179.6952437574,475,1225.5808816618,S1B-GER40Cash-20260804T112811-196b791da6|EVENT|000475,1784122320.0
1124.8214809282,30.9798379044,2.5277677196,1194.6010437574,476,1225.5808816618,S1B-GER40Cash-20260804T112811-196b791da6|EVENT|000476,1784122380.0
1124.8214809282,27.5841379044,2.2506991025,1197.9967437574,477,1225.5808816618,S1B-GER40Cash-20260804T112811-196b791da6|EVENT|000477,1784122440.0
1124.8214809282,23.2623379044,1.8980663172,1202.3185437574,478,1225.5808816618,S1B-GER40Cash-20260804T112811-196b791da6|EVENT|000478,1784122500.0
1124.8214809282,42.8868379044,3.4993070263,1182.6940437574,479,1225.5808816618,S1B-GER40Cash-20260804T112811-196b791da6|EVENT|000479,1784122560.0
1124.8214809282,53.6031379044,4.3736924022,1171.9777437574,480,1225.5808816618,S1B-GER40Cash-20260804T112811-196b791da6|EVENT|000480,1784122620.0
1124.8214809282,103.7007379044,8.4613540776,1121.8801437574,481,1225.5808816618,S1B-GER40Cash-20260804T112811-196b791da6|EVENT|000481,1784122680.0
1124.8214809282,103.9653379044,8.4829438399,1121.6155437574,482,1225.5808816618,S1B-GER40Cash-20260804T112811-196b791da6|EVENT|000482,1784122740.0
1124.8214809282,73.9773379044,6.0361041047,1151.6035437574,483,1225.5808816618,S1B-GER40Cash-20260804T112811-196b791da6|EVENT|000483,1784122800.0
1124.8214809282,65.7747379044,5.3668214712,1159.8061437574,484,1225.5808816618,S1B-GER40Cash-20260804T112811-196b791da6|EVENT|000484,1784122860.0
1124.8214809282,33.4053379044,2.7256738747,1192.1755437574,485,1225.5808816618,S1B-GER40Cash-20260804T112811-196b791da6|EVENT|000485,1784122920.0
1124.8214809282,25.4673379044,2.0779810036,1200.1135437574,486,1225.5808816618,S1B-GER40Cash-20260804T112811-196b791da6|EVENT|000486,1784122980.0
1124.8214809282,47.8701379044,3.9059142176,1177.7107437574,487,1225.5808816618,S1B-GER40Cash-20260804T112811-196b791da6|EVENT|000487,1784123040.0
1124.8214809282,2.3589379044,0.19247509,1223.2219437574,488,1225.5808816618,S1B-GER40Cash-20260804T112811-196b791da6|EVENT|000488,1784123100.0
1124.8214809282,15.7653379044,1.2863563834,1209.8155437574,489,1225.5808816618,S1B-GER40Cash-20260804T112811-196b791da6|EVENT|000489,1784123160.0
1124.8214809282,0.0,0.0,1229.8810437574,490,1229.8810437574,S1B-GER40Cash-20260804T112811-196b791da6|EVENT|000490,1784123220.0
1124.8214809282,7.1883,0.5844711597,1222.6927437574,491,1229.8810437574,S1B-GER40Cash-20260804T112811-196b791da6|EVENT|000491,1784123280.0
1124.8214809282,0.0,0.0,1233.2767437574,492,1233.2767437574,S1B-GER40Cash-20260804T112811-196b791da6|EVENT|000492,1784123340.0
1124.8214809282,36.9117,2.9929778687,1196.3650437574,493,1233.2767437574,S1B-GER40Cash-20260804T112811-196b791da6|EVENT|000493,1784123400.0
1124.8214809282,24.1668,1.9595601816,1209.1099437574,494,1233.2767437574,S1B-GER40Cash-20260804T112811-196b791da6|EVENT|000494,1784123460.0
1124.8214809282,4.4541,0.3611598145,1228.8226437574,495,1233.2767437574,S1B-GER40Cash-20260804T112811-196b791da6|EVENT|000495,1784123520.0
1124.8214809282,37.3527,3.0287362661,1195.9240437574,496,1233.2767437574,S1B-GER40Cash-20260804T112811-196b791da6|EVENT|000496,1784123580.0
1124.8214809282,43.7031,3.5436571898,1189.5736437574,497,1233.2767437574,S1B-GER40Cash-20260804T112811-196b791da6|EVENT|000497,1784123640.0
1124.8214809282,44.1882,3.582991427,1189.0885437574,498,1233.2767437574,S1B-GER40Cash-20260804T112811-196b791da6|EVENT|000498,1784123700.0
1124.8214809282,43.8354,3.554384709,1189.4413437574,499,1233.2767437574,S1B-GER40Cash-20260804T112811-196b791da6|EVENT|000499,1784123760.0
1124.8214809282,38.8521,3.1503148176,1194.4246437574,500,1233.2767437574,S1B-GER40Cash-20260804T112811-196b791da6|EVENT|000500,1784123820.0
1124.8214809282,0.0,0.0,1238.0836437574,501,1238.0836437574,S1B-GER40Cash-20260804T112811-196b791da6|EVENT|000501,1784123880.0
1124.8214809282,17.9487,1.4497162684,1220.1349437574,502,1238.0836437574,S1B-GER40Cash-20260804T112811-196b791da6|EVENT|000502,1784123940.0
1124.8214809282,0.0,0.0,1261.9858437574,503,1261.9858437574,S1B-GER40Cash-20260804T112811-196b791da6|EVENT|000503,1784124000.0
1124.8214809282,0.0,0.0,1266.3517437574,504,1266.3517437574,S1B-GER40Cash-20260804T112811-196b791da6|EVENT|000504,1784124060.0
1124.8214809282,0.0,0.0,1273.5400437574,505,1273.5400437574,S1B-GER40Cash-20260804T112811-196b791da6|EVENT|000505,1784124120.0
1124.8214809282,0.0,0.0,1302.1168437574,506,1302.1168437574,S1B-GER40Cash-20260804T112811-196b791da6|EVENT|000506,1784124180.0
1124.8214809282,16.0083,1.2294058,1286.1085437574,507,1302.1168437574,S1B-GER40Cash-20260804T112811-196b791da6|EVENT|000507,1784124240.0
1124.8214809282,20.4183,1.5680850838,1281.6985437574,508,1302.1168437574,S1B-GER40Cash-20260804T112811-196b791da6|EVENT|000508,1784124300.0
1124.8214809282,37.9701,2.9160286331,1264.1467437574,509,1302.1168437574,S1B-GER40Cash-20260804T112811-196b791da6|EVENT|000509,1784124360.0
1124.8214809282,0.0,0.0,1310.8486437574,510,1310.8486437574,S1B-GER40Cash-20260804T112811-196b791da6|EVENT|000510,1784124420.0
1124.8214809282,19.7568,1.5071762933,1291.0918437574,511,1310.8486437574,S1B-GER40Cash-20260804T112811-196b791da6|EVENT|000511,1784124480.0
1124.8214809282,48.9069,3.7309341725,1261.9417437574,512,1310.8486437574,S1B-GER40Cash-20260804T112811-196b791da6|EVENT|000512,1784124540.0
1124.8214809282,35.7651,2.7283927988,1275.0835437574,513,1310.8486437574,S1B-GER40Cash-20260804T112811-196b791da6|EVENT|000513,1784124600.0
1124.8214809282,0.0,0.0,1318.2133437574,514,1318.2133437574,S1B-GER40Cash-20260804T112811-196b791da6|EVENT|000514,1784124660.0
1124.8214809282,0.0,0.0,1324.7401437574,515,1324.7401437574,S1B-GER40Cash-20260804T112811-196b791da6|EVENT|000515,1784124720.0
1124.8214809282,0.0,0.0,1325.0047437574,516,1325.0047437574,S1B-GER40Cash-20260804T112811-196b791da6|EVENT|000516,1784124780.0
1124.8214809282,11.5983,0.8753402623,1313.4064437574,517,1325.0047437574,S1B-GER40Cash-20260804T112811-196b791da6|EVENT|000517,1784124840.0
1273.3215733717,51.6831703857,3.900602668,1273.3215733717,518,1325.0047437574,S1B-GER40Cash-20260804T112811-196b791da6|EVENT|000518,1784124900.0
1273.3215733717,51.6831703857,3.900602668,1273.3215733717,519,1325.0047437574,S1B-GER40Cash-20260804T112811-196b791da6|EVENT|000519,1784124960.0
1273.3215733717,51.6831703857,3.900602668,1273.3215733717,520,1325.0047437574,S1B-GER40Cash-20260804T112811-196b791da6|EVENT|000520,1784125020.0
1273.3215733717,51.6831703857,3.900602668,1273.3215733717,521,1325.0047437574,S1B-GER40Cash-20260804T112811-196b791da6|EVENT|000521,1784125080.0
1273.3215733717,51.6831703857,3.900602668,1273.3215733717,522,1325.0047437574,S1B-GER40Cash-20260804T112811-196b791da6|EVENT|000522,1784125140.0
1273.3215733717,51.6831703857,3.900602668,1273.3215733717,523,1325.0047437574,S1B-GER40Cash-20260804T112811-196b791da6|EVENT|000523,1784125200.0
1273.3215733717,51.6831703857,3.900602668,1273.3215733717,524,1325.0047437574,S1B-GER40Cash-20260804T112811-196b791da6|EVENT|000524,1784125260.0
1273.3215733717,51.6831703857,3.900602668,1273.3215733717,525,1325.0047437574,S1B-GER40Cash-20260804T112811-196b791da6|EVENT|000525,1784125320.0
1273.3215733717,51.6831703857,3.900602668,1273.3215733717,526,1325.0047437574,S1B-GER40Cash-20260804T112811-196b791da6|EVENT|000526,1784125380.0
1273.3215733717,51.6831703857,3.900602668,1273.3215733717,527,1325.0047437574,S1B-GER40Cash-20260804T112811-196b791da6|EVENT|000527,1784125440.0
1273.3215733717,51.6831703857,3.900602668,1273.3215733717,528,1325.0047437574,S1B-GER40Cash-20260804T112811-196b791da6|EVENT|000528,1784125500.0
1273.3215733717,51.6831703857,3.900602668,1273.3215733717,529,1325.0047437574,S1B-GER40Cash-20260804T112811-196b791da6|EVENT|000529,1784125560.0
1273.3215733717,51.6831703857,3.900602668,1273.3215733717,530,1325.0047437574,S1B-GER40Cash-20260804T112811-196b791da6|EVENT|000530,1784125620.0
1273.3215733717,51.6831703857,3.900602668,1273.3215733717,531,1325.0047437574,S1B-GER40Cash-20260804T112811-196b791da6|EVENT|000531,1784125680.0
1273.3215733717,51.6831703857,3.900602668,1273.3215733717,532,1325.0047437574,S1B-GER40Cash-20260804T112811-196b791da6|EVENT|000532,1784125740.0
1273.3215733717,51.6831703857,3.900602668,1273.3215733717,533,1325.0047437574,S1B-GER40Cash-20260804T112811-196b791da6|EVENT|000533,1784125800.0
1273.3215733717,51.6831703857,3.900602668,1273.3215733717,534,1325.0047437574,S1B-GER40Cash-20260804T112811-196b791da6|EVENT|000534,1784125860.0
1273.3215733717,51.6831703857,3.900602668,1273.3215733717,535,1325.0047437574,S1B-GER40Cash-20260804T112811-196b791da6|EVENT|000535,1784125920.0
1273.3215733717,51.6831703857,3.900602668,1273.3215733717,536,1325.0047437574,S1B-GER40Cash-20260804T112811-196b791da6|EVENT|000536,1784125980.0
1273.3215733717,51.6831703857,3.900602668,1273.3215733717,537,1325.0047437574,S1B-GER40Cash-20260804T112811-196b791da6|EVENT|000537,1784126040.0
1273.3215733717,51.6831703857,3.900602668,1273.3215733717,538,1325.0047437574,S1B-GER40Cash-20260804T112811-196b791da6|EVENT|000538,1784126100.0
1273.3215733717,51.6831703857,3.900602668,1273.3215733717,539,1325.0047437574,S1B-GER40Cash-20260804T112811-196b791da6|EVENT|000539,1784126160.0
1273.3215733717,51.6831703857,3.900602668,1273.3215733717,540,1325.0047437574,S1B-GER40Cash-20260804T112811-196b791da6|EVENT|000540,1784126220.0
1273.3215733717,51.6831703857,3.900602668,1273.3215733717,541,1325.0047437574,S1B-GER40Cash-20260804T112811-196b791da6|EVENT|000541,1784126280.0
1273.3215733717,51.6831703857,3.900602668,1273.3215733717,542,1325.0047437574,S1B-GER40Cash-20260804T112811-196b791da6|EVENT|000542,1784126340.0
1273.3215733717,51.6831703857,3.900602668,1273.3215733717,543,1325.0047437574,S1B-GER40Cash-20260804T112811-196b791da6|EVENT|000543,1784126400.0
1273.3215733717,51.6831703857,3.900602668,1273.3215733717,544,1325.0047437574,S1B-GER40Cash-20260804T112811-196b791da6|EVENT|000544,1784126460.0
1273.3215733717,51.6831703857,3.900602668,1273.3215733717,545,1325.0047437574,S1B-GER40Cash-20260804T112811-196b791da6|EVENT|000545,1784126520.0
1273.3215733717,51.6831703857,3.900602668,1273.3215733717,546,1325.0047437574,S1B-GER40Cash-20260804T112811-196b791da6|EVENT|000546,1784126580.0
1273.3215733717,51.6831703857,3.900602668,1273.3215733717,547,1325.0047437574,S1B-GER40Cash-20260804T112811-196b791da6|EVENT|000547,1784126640.0
1273.3215733717,51.6831703857,3.900602668,1273.3215733717,548,1325.0047437574,S1B-GER40Cash-20260804T112811-196b791da6|EVENT|000548,1784126700.0
1273.3215733717,51.6831703857,3.900602668,1273.3215733717,549,1325.0047437574,S1B-GER40Cash-20260804T112811-196b791da6|EVENT|000549,1784126760.0
1273.3215733717,51.6831703857,3.900602668,1273.3215733717,550,1325.0047437574,S1B-GER40Cash-20260804T112811-196b791da6|EVENT|000550,1784126820.0
1273.3215733717,51.6831703857,3.900602668,1273.3215733717,551,1325.0047437574,S1B-GER40Cash-20260804T112811-196b791da6|EVENT|000551,1784126880.0
1273.3215733717,51.6831703857,3.900602668,1273.3215733717,552,1325.0047437574,S1B-GER40Cash-20260804T112811-196b791da6|EVENT|000552,1784126940.0
1273.3215733717,51.6831703857,3.900602668,1273.3215733717,553,1325.0047437574,S1B-GER40Cash-20260804T112811-196b791da6|EVENT|000553,1784127000.0
1273.3215733717,51.6831703857,3.900602668,1273.3215733717,554,1325.0047437574,S1B-GER40Cash-20260804T112811-196b791da6|EVENT|000554,1784127060.0
1273.3215733717,51.6831703857,3.900602668,1273.3215733717,555,1325.0047437574,S1B-GER40Cash-20260804T112811-196b791da6|EVENT|000555,1784127120.0
1273.3215733717,51.6831703857,3.900602668,1273.3215733717,556,1325.0047437574,S1B-GER40Cash-20260804T112811-196b791da6|EVENT|000556,1784127180.0
1273.3215733717,51.6831703857,3.900602668,1273.3215733717,557,1325.0047437574,S1B-GER40Cash-20260804T112811-196b791da6|EVENT|000557,1784127240.0
1273.3215733717,51.6831703857,3.900602668,1273.3215733717,558,1325.0047437574,S1B-GER40Cash-20260804T112811-196b791da6|EVENT|000558,1784127300.0
1273.3215733717,51.6831703857,3.900602668,1273.3215733717,559,1325.0047437574,S1B-GER40Cash-20260804T112811-196b791da6|EVENT|000559,1784127360.0
1273.3215733717,51.6831703857,3.900602668,1273.3215733717,560,1325.0047437574,S1B-GER40Cash-20260804T112811-196b791da6|EVENT|000560,1784127420.0
1273.3215733717,51.6831703857,3.900602668,1273.3215733717,561,1325.0047437574,S1B-GER40Cash-20260804T112811-196b791da6|EVENT|000561,1784127480.0
1273.3215733717,51.6831703857,3.900602668,1273.3215733717,562,1325.0047437574,S1B-GER40Cash-20260804T112811-196b791da6|EVENT|000562,1784127540.0
1273.3215733717,51.6831703857,3.900602668,1273.3215733717,563,1325.0047437574,S1B-GER40Cash-20260804T112811-196b791da6|EVENT|000563,1784127600.0
1273.3215733717,51.6831703857,3.900602668,1273.3215733717,564,1325.0047437574,S1B-GER40Cash-20260804T112811-196b791da6|EVENT|000564,1784127660.0
1273.3215733717,51.6831703857,3.900602668,1273.3215733717,565,1325.0047437574,S1B-GER40Cash-20260804T112811-196b791da6|EVENT|000565,1784127720.0
1273.3215733717,51.6831703857,3.900602668,1273.3215733717,566,1325.0047437574,S1B-GER40Cash-20260804T112811-196b791da6|EVENT|000566,1784127780.0
1273.3215733717,51.6831703857,3.900602668,1273.3215733717,567,1325.0047437574,S1B-GER40Cash-20260804T112811-196b791da6|EVENT|000567,1784127840.0
1273.3215733717,51.6831703857,3.900602668,1273.3215733717,568,1325.0047437574,S1B-GER40Cash-20260804T112811-196b791da6|EVENT|000568,1784127900.0
1273.3215733717,51.6831703857,3.900602668,1273.3215733717,569,1325.0047437574,S1B-GER40Cash-20260804T112811-196b791da6|EVENT|000569,1784127960.0
1273.3215733717,51.6831703857,3.900602668,1273.3215733717,570,1325.0047437574,S1B-GER40Cash-20260804T112811-196b791da6|EVENT|000570,1784128020.0
1273.3215733717,51.6831703857,3.900602668,1273.3215733717,571,1325.0047437574,S1B-GER40Cash-20260804T112811-196b791da6|EVENT|000571,1784128080.0
1273.3215733717,51.6831703857,3.900602668,1273.3215733717,572,1325.0047437574,S1B-GER40Cash-20260804T112811-196b791da6|EVENT|000572,1784128140.0
1273.3215733717,51.6831703857,3.900602668,1273.3215733717,573,1325.0047437574,S1B-GER40Cash-20260804T112811-196b791da6|EVENT|000573,1784128200.0
1273.3215733717,51.6831703857,3.900602668,1273.3215733717,574,1325.0047437574,S1B-GER40Cash-20260804T112811-196b791da6|EVENT|000574,1784128260.0
1273.3215733717,51.6831703857,3.900602668,1273.3215733717,575,1325.0047437574,S1B-GER40Cash-20260804T112811-196b791da6|EVENT|000575,1784128320.0
1273.3215733717,51.6831703857,3.900602668,1273.3215733717,576,1325.0047437574,S1B-GER40Cash-20260804T112811-196b791da6|EVENT|000576,1784128380.0
1273.3215733717,51.6831703857,3.900602668,1273.3215733717,577,1325.0047437574,S1B-GER40Cash-20260804T112811-196b791da6|EVENT|000577,1784128440.0
1273.3215733717,51.6831703857,3.900602668,1273.3215733717,578,1325.0047437574,S1B-GER40Cash-20260804T112811-196b791da6|EVENT|000578,1784128500.0
1273.3215733717,51.6831703857,3.900602668,1273.3215733717,579,1325.0047437574,S1B-GER40Cash-20260804T112811-196b791da6|EVENT|000579,1784128560.0
1273.3215733717,51.6831703857,3.900602668,1273.3215733717,580,1325.0047437574,S1B-GER40Cash-20260804T112811-196b791da6|EVENT|000580,1784128620.0
1273.3215733717,51.6831703857,3.900602668,1273.3215733717,581,1325.0047437574,S1B-GER40Cash-20260804T112811-196b791da6|EVENT|000581,1784128680.0
1273.3215733717,51.6831703857,3.900602668,1273.3215733717,582,1325.0047437574,S1B-GER40Cash-20260804T112811-196b791da6|EVENT|000582,1784128740.0
1273.3215733717,51.6831703857,3.900602668,1273.3215733717,583,1325.0047437574,S1B-GER40Cash-20260804T112811-196b791da6|EVENT|000583,1784128800.0
1273.3215733717,51.6831703857,3.900602668,1273.3215733717,584,1325.0047437574,S1B-GER40Cash-20260804T112811-196b791da6|EVENT|000584,1784128860.0
1273.3215733717,51.6831703857,3.900602668,1273.3215733717,585,1325.0047437574,S1B-GER40Cash-20260804T112811-196b791da6|EVENT|000585,1784128920.0
1273.3215733717,51.6831703857,3.900602668,1273.3215733717,586,1325.0047437574,S1B-GER40Cash-20260804T112811-196b791da6|EVENT|000586,1784128980.0
1273.3215733717,51.6831703857,3.900602668,1273.3215733717,587,1325.0047437574,S1B-GER40Cash-20260804T112811-196b791da6|EVENT|000587,1784129040.0
1273.3215733717,51.6831703857,3.900602668,1273.3215733717,588,1325.0047437574,S1B-GER40Cash-20260804T112811-196b791da6|EVENT|000588,1784129100.0
1273.3215733717,51.6831703857,3.900602668,1273.3215733717,589,1325.0047437574,S1B-GER40Cash-20260804T112811-196b791da6|EVENT|000589,1784129160.0
1273.3215733717,51.6831703857,3.900602668,1273.3215733717,590,1325.0047437574,S1B-GER40Cash-20260804T112811-196b791da6|EVENT|000590,1784129220.0
1273.3215733717,51.6831703857,3.900602668,1273.3215733717,591,1325.0047437574,S1B-GER40Cash-20260804T112811-196b791da6|EVENT|000591,1784129280.0
1273.3215733717,51.6831703857,3.900602668,1273.3215733717,592,1325.0047437574,S1B-GER40Cash-20260804T112811-196b791da6|EVENT|000592,1784129340.0
1273.3215733717,51.6831703857,3.900602668,1273.3215733717,593,1325.0047437574,S1B-GER40Cash-20260804T112811-196b791da6|EVENT|000593,1784129400.0
1273.3215733717,51.6831703857,3.900602668,1273.3215733717,594,1325.0047437574,S1B-GER40Cash-20260804T112811-196b791da6|EVENT|000594,1784129460.0
1273.3215733717,51.6831703857,3.900602668,1273.3215733717,595,1325.0047437574,S1B-GER40Cash-20260804T112811-196b791da6|EVENT|000595,1784129520.0
1273.3215733717,51.6831703857,3.900602668,1273.3215733717,596,1325.0047437574,S1B-GER40Cash-20260804T112811-196b791da6|EVENT|000596,1784129580.0
1273.3215733717,51.6831703857,3.900602668,1273.3215733717,597,1325.0047437574,S1B-GER40Cash-20260804T112811-196b791da6|EVENT|000597,1784129640.0
1273.3215733717,51.6831703857,3.900602668,1273.3215733717,598,1325.0047437574,S1B-GER40Cash-20260804T112811-196b791da6|EVENT|000598,1784129700.0
1273.3215733717,51.6831703857,3.900602668,1273.3215733717,599,1325.0047437574,S1B-GER40Cash-20260804T112811-196b791da6|EVENT|000599,1784129760.0
1273.3215733717,51.6831703857,3.900602668,1273.3215733717,600,1325.0047437574,S1B-GER40Cash-20260804T112811-196b791da6|EVENT|000600,1784129820.0
1273.3215733717,51.6831703857,3.900602668,1273.3215733717,601,1325.0047437574,S1B-GER40Cash-20260804T112811-196b791da6|EVENT|000601,1784129880.0
1273.3215733717,51.6831703857,3.900602668,1273.3215733717,602,1325.0047437574,S1B-GER40Cash-20260804T112811-196b791da6|EVENT|000602,1784129940.0
1273.3215733717,51.6831703857,3.900602668,1273.3215733717,603,1325.0047437574,S1B-GER40Cash-20260804T112811-196b791da6|EVENT|000603,1784130000.0
1273.3215733717,51.6831703857,3.900602668,1273.3215733717,604,1325.0047437574,S1B-GER40Cash-20260804T112811-196b791da6|EVENT|000604,1784130060.0
1273.3215733717,51.6831703857,3.900602668,1273.3215733717,605,1325.0047437574,S1B-GER40Cash-20260804T112811-196b791da6|EVENT|000605,1784130120.0
1273.3215733717,51.6831703857,3.900602668,1273.3215733717,606,1325.0047437574,S1B-GER40Cash-20260804T112811-196b791da6|EVENT|000606,1784130180.0
1273.3215733717,51.6831703857,3.900602668,1273.3215733717,607,1325.0047437574,S1B-GER40Cash-20260804T112811-196b791da6|EVENT|000607,1784130240.0
1273.3215733717,51.6831703857,3.900602668,1273.3215733717,608,1325.0047437574,S1B-GER40Cash-20260804T112811-196b791da6|EVENT|000608,1784130300.0
1273.3215733717,51.6831703857,3.900602668,1273.3215733717,609,1325.0047437574,S1B-GER40Cash-20260804T112811-196b791da6|EVENT|000609,1784130360.0
1273.3215733717,51.6831703857,3.900602668,1273.3215733717,610,1325.0047437574,S1B-GER40Cash-20260804T112811-196b791da6|EVENT|000610,1784130420.0
1273.3215733717,51.6831703857,3.900602668,1273.3215733717,611,1325.0047437574,S1B-GER40Cash-20260804T112811-196b791da6|EVENT|000611,1784130480.0
1273.3215733717,51.6831703857,3.900602668,1273.3215733717,612,1325.0047437574,S1B-GER40Cash-20260804T112811-196b791da6|EVENT|000612,1784130540.0
1273.3215733717,51.6831703857,3.900602668,1273.3215733717,613,1325.0047437574,S1B-GER40Cash-20260804T112811-196b791da6|EVENT|000613,1784130600.0
1273.3215733717,51.6831703857,3.900602668,1273.3215733717,614,1325.0047437574,S1B-GER40Cash-20260804T112811-196b791da6|EVENT|000614,1784130660.0
1273.3215733717,51.6831703857,3.900602668,1273.3215733717,615,1325.0047437574,S1B-GER40Cash-20260804T112811-196b791da6|EVENT|000615,1784130720.0
1273.3215733717,51.6831703857,3.900602668,1273.3215733717,616,1325.0047437574,S1B-GER40Cash-20260804T112811-196b791da6|EVENT|000616,1784130780.0
1273.3215733717,51.6831703857,3.900602668,1273.3215733717,617,1325.0047437574,S1B-GER40Cash-20260804T112811-196b791da6|EVENT|000617,1784130840.0
1273.3215733717,51.6831703857,3.900602668,1273.3215733717,618,1325.0047437574,S1B-GER40Cash-20260804T112811-196b791da6|EVENT|000618,1784130900.0
1273.3215733717,51.6831703857,3.900602668,1273.3215733717,619,1325.0047437574,S1B-GER40Cash-20260804T112811-196b791da6|EVENT|000619,1784130960.0
1273.3215733717,51.6831703857,3.900602668,1273.3215733717,620,1325.0047437574,S1B-GER40Cash-20260804T112811-196b791da6|EVENT|000620,1784131020.0
1273.3215733717,51.6831703857,3.900602668,1273.3215733717,621,1325.0047437574,S1B-GER40Cash-20260804T112811-196b791da6|EVENT|000621,1784131080.0
1273.3215733717,51.6831703857,3.900602668,1273.3215733717,622,1325.0047437574,S1B-GER40Cash-20260804T112811-196b791da6|EVENT|000622,1784131140.0
1273.3215733717,51.6831703857,3.900602668,1273.3215733717,623,1325.0047437574,S1B-GER40Cash-20260804T112811-196b791da6|EVENT|000623,1784131200.0
1273.3215733717,51.6831703857,3.900602668,1273.3215733717,624,1325.0047437574,S1B-GER40Cash-20260804T112811-196b791da6|EVENT|000624,1784131260.0
1273.3215733717,51.6831703857,3.900602668,1273.3215733717,625,1325.0047437574,S1B-GER40Cash-20260804T112811-196b791da6|EVENT|000625,1784131320.0
1273.3215733717,51.6831703857,3.900602668,1273.3215733717,626,1325.0047437574,S1B-GER40Cash-20260804T112811-196b791da6|EVENT|000626,1784131380.0
1273.3215733717,51.6831703857,3.900602668,1273.3215733717,627,1325.0047437574,S1B-GER40Cash-20260804T112811-196b791da6|EVENT|000627,1784131440.0
1273.3215733717,51.6831703857,3.900602668,1273.3215733717,628,1325.0047437574,S1B-GER40Cash-20260804T112811-196b791da6|EVENT|000628,1784131500.0
1273.3215733717,51.6831703857,3.900602668,1273.3215733717,629,1325.0047437574,S1B-GER40Cash-20260804T112811-196b791da6|EVENT|000629,1784131560.0
1273.3215733717,51.6831703857,3.900602668,1273.3215733717,630,1325.0047437574,S1B-GER40Cash-20260804T112811-196b791da6|EVENT|000630,1784131620.0
1273.3215733717,51.6831703857,3.900602668,1273.3215733717,631,1325.0047437574,S1B-GER40Cash-20260804T112811-196b791da6|EVENT|000631,1784131680.0
1273.3215733717,51.6831703857,3.900602668,1273.3215733717,632,1325.0047437574,S1B-GER40Cash-20260804T112811-196b791da6|EVENT|000632,1784131740.0
1273.3215733717,51.6831703857,3.900602668,1273.3215733717,633,1325.0047437574,S1B-GER40Cash-20260804T112811-196b791da6|EVENT|000633,1784131800.0
1273.3215733717,51.6831703857,3.900602668,1273.3215733717,634,1325.0047437574,S1B-GER40Cash-20260804T112811-196b791da6|EVENT|000634,1784131860.0
1273.3215733717,51.6831703857,3.900602668,1273.3215733717,635,1325.0047437574,S1B-GER40Cash-20260804T112811-196b791da6|EVENT|000635,1784131920.0
1273.3215733717,51.6831703857,3.900602668,1273.3215733717,636,1325.0047437574,S1B-GER40Cash-20260804T112811-196b791da6|EVENT|000636,1784131980.0
1273.3215733717,51.6831703857,3.900602668,1273.3215733717,637,1325.0047437574,S1B-GER40Cash-20260804T112811-196b791da6|EVENT|000637,1784132040.0
1273.3215733717,51.6831703857,3.900602668,1273.3215733717,638,1325.0047437574,S1B-GER40Cash-20260804T112811-196b791da6|EVENT|000638,1784132100.0
1273.3215733717,51.6831703857,3.900602668,1273.3215733717,639,1325.0047437574,S1B-GER40Cash-20260804T112811-196b791da6|EVENT|000639,1784132160.0
1273.3215733717,51.6831703857,3.900602668,1273.3215733717,640,1325.0047437574,S1B-GER40Cash-20260804T112811-196b791da6|EVENT|000640,1784132220.0
1273.3215733717,51.6831703857,3.900602668,1273.3215733717,641,1325.0047437574,S1B-GER40Cash-20260804T112811-196b791da6|EVENT|000641,1784132280.0
1273.3215733717,51.6831703857,3.900602668,1273.3215733717,642,1325.0047437574,S1B-GER40Cash-20260804T112811-196b791da6|EVENT|000642,1784132340.0
1273.3215733717,51.6831703857,3.900602668,1273.3215733717,643,1325.0047437574,S1B-GER40Cash-20260804T112811-196b791da6|EVENT|000643,1784132400.0
1273.3215733717,51.6831703857,3.900602668,1273.3215733717,644,1325.0047437574,S1B-GER40Cash-20260804T112811-196b791da6|EVENT|000644,1784132460.0
1273.3215733717,51.6831703857,3.900602668,1273.3215733717,645,1325.0047437574,S1B-GER40Cash-20260804T112811-196b791da6|EVENT|000645,1784132520.0
1273.3215733717,51.6831703857,3.900602668,1273.3215733717,646,1325.0047437574,S1B-GER40Cash-20260804T112811-196b791da6|EVENT|000646,1784132580.0
1273.3215733717,51.6831703857,3.900602668,1273.3215733717,647,1325.0047437574,S1B-GER40Cash-20260804T112811-196b791da6|EVENT|000647,1784132640.0
1273.3215733717,51.6831703857,3.900602668,1273.3215733717,648,1325.0047437574,S1B-GER40Cash-20260804T112811-196b791da6|EVENT|000648,1784132700.0
1273.3215733717,51.6831703857,3.900602668,1273.3215733717,649,1325.0047437574,S1B-GER40Cash-20260804T112811-196b791da6|EVENT|000649,1784132760.0
1273.3215733717,51.6831703857,3.900602668,1273.3215733717,650,1325.0047437574,S1B-GER40Cash-20260804T112811-196b791da6|EVENT|000650,1784132820.0
1273.3215733717,51.6831703857,3.900602668,1273.3215733717,651,1325.0047437574,S1B-GER40Cash-20260804T112811-196b791da6|EVENT|000651,1784132880.0
1273.3215733717,51.6831703857,3.900602668,1273.3215733717,652,1325.0047437574,S1B-GER40Cash-20260804T112811-196b791da6|EVENT|000652,1784132940.0
1273.3215733717,51.6831703857,3.900602668,1273.3215733717,653,1325.0047437574,S1B-GER40Cash-20260804T112811-196b791da6|EVENT|000653,1784133000.0
1273.3215733717,51.6831703857,3.900602668,1273.3215733717,654,1325.0047437574,S1B-GER40Cash-20260804T112811-196b791da6|EVENT|000654,1784133060.0
1273.3215733717,51.6831703857,3.900602668,1273.3215733717,655,1325.0047437574,S1B-GER40Cash-20260804T112811-196b791da6|EVENT|000655,1784133120.0
1273.3215733717,51.6831703857,3.900602668,1273.3215733717,656,1325.0047437574,S1B-GER40Cash-20260804T112811-196b791da6|EVENT|000656,1784133180.0
1273.3215733717,51.6831703857,3.900602668,1273.3215733717,657,1325.0047437574,S1B-GER40Cash-20260804T112811-196b791da6|EVENT|000657,1784133240.0
1273.3215733717,51.6831703857,3.900602668,1273.3215733717,658,1325.0047437574,S1B-GER40Cash-20260804T112811-196b791da6|EVENT|000658,1784133300.0
1273.3215733717,51.6831703857,3.900602668,1273.3215733717,659,1325.0047437574,S1B-GER40Cash-20260804T112811-196b791da6|EVENT|000659,1784133360.0
1273.3215733717,51.6831703857,3.900602668,1273.3215733717,660,1325.0047437574,S1B-GER40Cash-20260804T112811-196b791da6|EVENT|000660,1784133420.0
1273.3215733717,51.6831703857,3.900602668,1273.3215733717,661,1325.0047437574,S1B-GER40Cash-20260804T112811-196b791da6|EVENT|000661,1784133480.0
1273.3215733717,51.6831703857,3.900602668,1273.3215733717,662,1325.0047437574,S1B-GER40Cash-20260804T112811-196b791da6|EVENT|000662,1784133540.0
1273.3215733717,51.6831703857,3.900602668,1273.3215733717,663,1325.0047437574,S1B-GER40Cash-20260804T112811-196b791da6|EVENT|000663,1784133600.0
1273.3215733717,51.6831703857,3.900602668,1273.3215733717,664,1325.0047437574,S1B-GER40Cash-20260804T112811-196b791da6|EVENT|000664,1784133660.0
1273.3215733717,51.6831703857,3.900602668,1273.3215733717,665,1325.0047437574,S1B-GER40Cash-20260804T112811-196b791da6|EVENT|000665,1784133720.0
1273.3215733717,51.6831703857,3.900602668,1273.3215733717,666,1325.0047437574,S1B-GER40Cash-20260804T112811-196b791da6|EVENT|000666,1784133780.0
1273.3215733717,51.6831703857,3.900602668,1273.3215733717,667,1325.0047437574,S1B-GER40Cash-20260804T112811-196b791da6|EVENT|000667,1784133840.0
1273.3215733717,51.6831703857,3.900602668,1273.3215733717,668,1325.0047437574,S1B-GER40Cash-20260804T112811-196b791da6|EVENT|000668,1784133900.0
1273.3215733717,51.6831703857,3.900602668,1273.3215733717,669,1325.0047437574,S1B-GER40Cash-20260804T112811-196b791da6|EVENT|000669,1784133960.0
1273.3215733717,51.6831703857,3.900602668,1273.3215733717,670,1325.0047437574,S1B-GER40Cash-20260804T112811-196b791da6|EVENT|000670,1784134020.0
1273.3215733717,51.6831703857,3.900602668,1273.3215733717,671,1325.0047437574,S1B-GER40Cash-20260804T112811-196b791da6|EVENT|000671,1784134080.0
1273.3215733717,51.6831703857,3.900602668,1273.3215733717,672,1325.0047437574,S1B-GER40Cash-20260804T112811-196b791da6|EVENT|000672,1784134140.0
1273.3215733717,51.6831703857,3.900602668,1273.3215733717,673,1325.0047437574,S1B-GER40Cash-20260804T112811-196b791da6|EVENT|000673,1784134200.0
1273.3215733717,51.6831703857,3.900602668,1273.3215733717,674,1325.0047437574,S1B-GER40Cash-20260804T112811-196b791da6|EVENT|000674,1784134260.0
1273.3215733717,51.6831703857,3.900602668,1273.3215733717,675,1325.0047437574,S1B-GER40Cash-20260804T112811-196b791da6|EVENT|000675,1784134320.0
1273.3215733717,51.6831703857,3.900602668,1273.3215733717,676,1325.0047437574,S1B-GER40Cash-20260804T112811-196b791da6|EVENT|000676,1784134380.0
1273.3215733717,51.6831703857,3.900602668,1273.3215733717,677,1325.0047437574,S1B-GER40Cash-20260804T112811-196b791da6|EVENT|000677,1784134440.0
1273.3215733717,51.6831703857,3.900602668,1273.3215733717,678,1325.0047437574,S1B-GER40Cash-20260804T112811-196b791da6|EVENT|000678,1784134500.0
1273.3215733717,51.6831703857,3.900602668,1273.3215733717,679,1325.0047437574,S1B-GER40Cash-20260804T112811-196b791da6|EVENT|000679,1784134560.0
1273.3215733717,51.6831703857,3.900602668,1273.3215733717,680,1325.0047437574,S1B-GER40Cash-20260804T112811-196b791da6|EVENT|000680,1784134620.0
1273.3215733717,51.6831703857,3.900602668,1273.3215733717,681,1325.0047437574,S1B-GER40Cash-20260804T112811-196b791da6|EVENT|000681,1784134680.0
1273.3215733717,51.6831703857,3.900602668,1273.3215733717,682,1325.0047437574,S1B-GER40Cash-20260804T112811-196b791da6|EVENT|000682,1784134740.0
1273.3215733717,51.6831703857,3.900602668,1273.3215733717,683,1325.0047437574,S1B-GER40Cash-20260804T112811-196b791da6|EVENT|000683,1784134800.0
1273.3215733717,51.6831703857,3.900602668,1273.3215733717,684,1325.0047437574,S1B-GER40Cash-20260804T112811-196b791da6|EVENT|000684,1784134860.0
1273.3215733717,51.6831703857,3.900602668,1273.3215733717,685,1325.0047437574,S1B-GER40Cash-20260804T112811-196b791da6|EVENT|000685,1784134920.0
1273.3215733717,51.6831703857,3.900602668,1273.3215733717,686,1325.0047437574,S1B-GER40Cash-20260804T112811-196b791da6|EVENT|000686,1784134980.0
1273.3215733717,51.6831703857,3.900602668,1273.3215733717,687,1325.0047437574,S1B-GER40Cash-20260804T112811-196b791da6|EVENT|000687,1784135040.0
1273.3215733717,51.6831703857,3.900602668,1273.3215733717,688,1325.0047437574,S1B-GER40Cash-20260804T112811-196b791da6|EVENT|000688,1784135100.0
1273.3215733717,51.6831703857,3.900602668,1273.3215733717,689,1325.0047437574,S1B-GER40Cash-20260804T112811-196b791da6|EVENT|000689,1784135160.0
1273.3215733717,51.6831703857,3.900602668,1273.3215733717,690,1325.0047437574,S1B-GER40Cash-20260804T112811-196b791da6|EVENT|000690,1784135220.0
1273.3215733717,51.6831703857,3.900602668,1273.3215733717,691,1325.0047437574,S1B-GER40Cash-20260804T112811-196b791da6|EVENT|000691,1784135280.0
1273.3215733717,51.6831703857,3.900602668,1273.3215733717,692,1325.0047437574,S1B-GER40Cash-20260804T112811-196b791da6|EVENT|000692,1784135340.0
1273.3215733717,51.6831703857,3.900602668,1273.3215733717,693,1325.0047437574,S1B-GER40Cash-20260804T112811-196b791da6|EVENT|000693,1784135400.0
1273.3215733717,51.6831703857,3.900602668,1273.3215733717,694,1325.0047437574,S1B-GER40Cash-20260804T112811-196b791da6|EVENT|000694,1784135460.0
1273.3215733717,51.6831703857,3.900602668,1273.3215733717,695,1325.0047437574,S1B-GER40Cash-20260804T112811-196b791da6|EVENT|000695,1784135520.0
1273.3215733717,51.6831703857,3.900602668,1273.3215733717,696,1325.0047437574,S1B-GER40Cash-20260804T112811-196b791da6|EVENT|000696,1784135580.0
1273.3215733717,51.6831703857,3.900602668,1273.3215733717,697,1325.0047437574,S1B-GER40Cash-20260804T112811-196b791da6|EVENT|000697,1784135640.0
1273.3215733717,51.6831703857,3.900602668,1273.3215733717,698,1325.0047437574,S1B-GER40Cash-20260804T112811-196b791da6|EVENT|000698,1784135700.0
1273.3215733717,51.6831703857,3.900602668,1273.3215733717,699,1325.0047437574,S1B-GER40Cash-20260804T112811-196b791da6|EVENT|000699,1784135760.0
1273.3215733717,51.6831703857,3.900602668,1273.3215733717,700,1325.0047437574,S1B-GER40Cash-20260804T112811-196b791da6|EVENT|000700,1784135820.0
1273.3215733717,51.6831703857,3.900602668,1273.3215733717,701,1325.0047437574,S1B-GER40Cash-20260804T112811-196b791da6|EVENT|000701,1784135880.0
1273.3215733717,51.6831703857,3.900602668,1273.3215733717,702,1325.0047437574,S1B-GER40Cash-20260804T112811-196b791da6|EVENT|000702,1784135940.0
1273.3215733717,51.6831703857,3.900602668,1273.3215733717,703,1325.0047437574,S1B-GER40Cash-20260804T112811-196b791da6|EVENT|000703,1784136000.0
1273.3215733717,51.6831703857,3.900602668,1273.3215733717,704,1325.0047437574,S1B-GER40Cash-20260804T112811-196b791da6|EVENT|000704,1784136060.0
1273.3215733717,51.6831703857,3.900602668,1273.3215733717,705,1325.0047437574,S1B-GER40Cash-20260804T112811-196b791da6|EVENT|000705,1784136120.0
1273.3215733717,51.6831703857,3.900602668,1273.3215733717,706,1325.0047437574,S1B-GER40Cash-20260804T112811-196b791da6|EVENT|000706,1784136180.0
1273.3215733717,51.6831703857,3.900602668,1273.3215733717,707,1325.0047437574,S1B-GER40Cash-20260804T112811-196b791da6|EVENT|000707,1784136240.0
1273.3215733717,51.6831703857,3.900602668,1273.3215733717,708,1325.0047437574,S1B-GER40Cash-20260804T112811-196b791da6|EVENT|000708,1784136300.0
1273.3215733717,51.6831703857,3.900602668,1273.3215733717,709,1325.0047437574,S1B-GER40Cash-20260804T112811-196b791da6|EVENT|000709,1784136360.0
1273.3215733717,51.6831703857,3.900602668,1273.3215733717,710,1325.0047437574,S1B-GER40Cash-20260804T112811-196b791da6|EVENT|000710,1784136420.0
1273.3215733717,51.6831703857,3.900602668,1273.3215733717,711,1325.0047437574,S1B-GER40Cash-20260804T112811-196b791da6|EVENT|000711,1784136480.0
1273.3215733717,51.6831703857,3.900602668,1273.3215733717,712,1325.0047437574,S1B-GER40Cash-20260804T112811-196b791da6|EVENT|000712,1784136540.0
1273.3215733717,51.6831703857,3.900602668,1273.3215733717,713,1325.0047437574,S1B-GER40Cash-20260804T112811-196b791da6|EVENT|000713,1784136600.0
1273.3215733717,51.6831703857,3.900602668,1273.3215733717,714,1325.0047437574,S1B-GER40Cash-20260804T112811-196b791da6|EVENT|000714,1784136660.0
1273.3215733717,51.6831703857,3.900602668,1273.3215733717,715,1325.0047437574,S1B-GER40Cash-20260804T112811-196b791da6|EVENT|000715,1784136720.0
1273.3215733717,51.6831703857,3.900602668,1273.3215733717,716,1325.0047437574,S1B-GER40Cash-20260804T112811-196b791da6|EVENT|000716,1784136780.0
1273.3215733717,51.6831703857,3.900602668,1273.3215733717,717,1325.0047437574,S1B-GER40Cash-20260804T112811-196b791da6|EVENT|000717,1784136840.0
1273.3215733717,51.6831703857,3.900602668,1273.3215733717,718,1325.0047437574,S1B-GER40Cash-20260804T112811-196b791da6|EVENT|000718,1784136900.0
1273.3215733717,51.6831703857,3.900602668,1273.3215733717,719,1325.0047437574,S1B-GER40Cash-20260804T112811-196b791da6|EVENT|000719,1784136960.0
1273.3215733717,51.6831703857,3.900602668,1273.3215733717,720,1325.0047437574,S1B-GER40Cash-20260804T112811-196b791da6|EVENT|000720,1784137020.0
1273.3215733717,51.6831703857,3.900602668,1273.3215733717,721,1325.0047437574,S1B-GER40Cash-20260804T112811-196b791da6|EVENT|000721,1784137080.0
1273.3215733717,51.6831703857,3.900602668,1273.3215733717,722,1325.0047437574,S1B-GER40Cash-20260804T112811-196b791da6|EVENT|000722,1784137140.0
1273.3215733717,51.6831703857,3.900602668,1273.3215733717,723,1325.0047437574,S1B-GER40Cash-20260804T112811-196b791da6|EVENT|000723,1784137200.0
1273.3215733717,51.6831703857,3.900602668,1273.3215733717,724,1325.0047437574,S1B-GER40Cash-20260804T112811-196b791da6|EVENT|000724,1784137260.0
1273.3215733717,51.6831703857,3.900602668,1273.3215733717,725,1325.0047437574,S1B-GER40Cash-20260804T112811-196b791da6|EVENT|000725,1784137320.0
1273.3215733717,51.6831703857,3.900602668,1273.3215733717,726,1325.0047437574,S1B-GER40Cash-20260804T112811-196b791da6|EVENT|000726,1784137380.0
1273.3215733717,51.6831703857,3.900602668,1273.3215733717,727,1325.0047437574,S1B-GER40Cash-20260804T112811-196b791da6|EVENT|000727,1784137440.0
1273.3215733717,51.6831703857,3.900602668,1273.3215733717,728,1325.0047437574,S1B-GER40Cash-20260804T112811-196b791da6|EVENT|000728,1784137500.0
1273.3215733717,51.6831703857,3.900602668,1273.3215733717,729,1325.0047437574,S1B-GER40Cash-20260804T112811-196b791da6|EVENT|000729,1784137560.0
1273.3215733717,51.6831703857,3.900602668,1273.3215733717,730,1325.0047437574,S1B-GER40Cash-20260804T112811-196b791da6|EVENT|000730,1784137620.0
1273.3215733717,51.6831703857,3.900602668,1273.3215733717,731,1325.0047437574,S1B-GER40Cash-20260804T112811-196b791da6|EVENT|000731,1784137680.0
1273.3215733717,51.6831703857,3.900602668,1273.3215733717,732,1325.0047437574,S1B-GER40Cash-20260804T112811-196b791da6|EVENT|000732,1784137740.0
1273.3215733717,51.6831703857,3.900602668,1273.3215733717,733,1325.0047437574,S1B-GER40Cash-20260804T112811-196b791da6|EVENT|000733,1784137800.0
1273.3215733717,51.6831703857,3.900602668,1273.3215733717,734,1325.0047437574,S1B-GER40Cash-20260804T112811-196b791da6|EVENT|000734,1784137860.0
1273.3215733717,51.6831703857,3.900602668,1273.3215733717,735,1325.0047437574,S1B-GER40Cash-20260804T112811-196b791da6|EVENT|000735,1784137920.0
1273.3215733717,51.6831703857,3.900602668,1273.3215733717,736,1325.0047437574,S1B-GER40Cash-20260804T112811-196b791da6|EVENT|000736,1784137980.0
1273.3215733717,51.6831703857,3.900602668,1273.3215733717,737,1325.0047437574,S1B-GER40Cash-20260804T112811-196b791da6|EVENT|000737,1784138040.0
1273.3215733717,51.6831703857,3.900602668,1273.3215733717,738,1325.0047437574,S1B-GER40Cash-20260804T112811-196b791da6|EVENT|000738,1784138100.0
1273.3215733717,51.6831703857,3.900602668,1273.3215733717,739,1325.0047437574,S1B-GER40Cash-20260804T112811-196b791da6|EVENT|000739,1784138160.0
1273.3215733717,51.6831703857,3.900602668,1273.3215733717,740,1325.0047437574,S1B-GER40Cash-20260804T112811-196b791da6|EVENT|000740,1784138220.0
1273.3215733717,51.6831703857,3.900602668,1273.3215733717,741,1325.0047437574,S1B-GER40Cash-20260804T112811-196b791da6|EVENT|000741,1784138280.0
1273.3215733717,51.6831703857,3.900602668,1273.3215733717,742,1325.0047437574,S1B-GER40Cash-20260804T112811-196b791da6|EVENT|000742,1784138340.0
1273.3215733717,51.6831703857,3.900602668,1273.3215733717,743,1325.0047437574,S1B-GER40Cash-20260804T112811-196b791da6|EVENT|000743,1784138400.0
1273.3215733717,51.6831703857,3.900602668,1273.3215733717,744,1325.0047437574,S1B-GER40Cash-20260804T112811-196b791da6|EVENT|000744,1784138460.0
1273.3215733717,51.6831703857,3.900602668,1273.3215733717,745,1325.0047437574,S1B-GER40Cash-20260804T112811-196b791da6|EVENT|000745,1784138520.0
1273.3215733717,51.6831703857,3.900602668,1273.3215733717,746,1325.0047437574,S1B-GER40Cash-20260804T112811-196b791da6|EVENT|000746,1784138580.0
1273.3215733717,51.6831703857,3.900602668,1273.3215733717,747,1325.0047437574,S1B-GER40Cash-20260804T112811-196b791da6|EVENT|000747,1784138640.0
1273.3215733717,51.6831703857,3.900602668,1273.3215733717,748,1325.0047437574,S1B-GER40Cash-20260804T112811-196b791da6|EVENT|000748,1784138700.0
1273.3215733717,51.6831703857,3.900602668,1273.3215733717,749,1325.0047437574,S1B-GER40Cash-20260804T112811-196b791da6|EVENT|000749,1784138760.0
1273.3215733717,51.6831703857,3.900602668,1273.3215733717,750,1325.0047437574,S1B-GER40Cash-20260804T112811-196b791da6|EVENT|000750,1784138820.0
1273.3215733717,51.6831703857,3.900602668,1273.3215733717,751,1325.0047437574,S1B-GER40Cash-20260804T112811-196b791da6|EVENT|000751,1784138880.0
1273.3215733717,51.6831703857,3.900602668,1273.3215733717,752,1325.0047437574,S1B-GER40Cash-20260804T112811-196b791da6|EVENT|000752,1784138940.0
1273.3215733717,51.6831703857,3.900602668,1273.3215733717,753,1325.0047437574,S1B-GER40Cash-20260804T112811-196b791da6|EVENT|000753,1784139000.0
1273.3215733717,51.6831703857,3.900602668,1273.3215733717,754,1325.0047437574,S1B-GER40Cash-20260804T112811-196b791da6|EVENT|000754,1784139060.0
1273.3215733717,51.6831703857,3.900602668,1273.3215733717,755,1325.0047437574,S1B-GER40Cash-20260804T112811-196b791da6|EVENT|000755,1784139120.0
1273.3215733717,51.6831703857,3.900602668,1273.3215733717,756,1325.0047437574,S1B-GER40Cash-20260804T112811-196b791da6|EVENT|000756,1784139180.0
1273.3215733717,51.6831703857,3.900602668,1273.3215733717,757,1325.0047437574,S1B-GER40Cash-20260804T112811-196b791da6|EVENT|000757,1784139240.0
1273.3215733717,51.6831703857,3.900602668,1273.3215733717,758,1325.0047437574,S1B-GER40Cash-20260804T112811-196b791da6|EVENT|000758,1784139300.0
1273.3215733717,51.6831703857,3.900602668,1273.3215733717,759,1325.0047437574,S1B-GER40Cash-20260804T112811-196b791da6|EVENT|000759,1784139360.0
1273.3215733717,51.6831703857,3.900602668,1273.3215733717,760,1325.0047437574,S1B-GER40Cash-20260804T112811-196b791da6|EVENT|000760,1784139420.0
1273.3215733717,51.6831703857,3.900602668,1273.3215733717,761,1325.0047437574,S1B-GER40Cash-20260804T112811-196b791da6|EVENT|000761,1784139480.0
1273.3215733717,51.6831703857,3.900602668,1273.3215733717,762,1325.0047437574,S1B-GER40Cash-20260804T112811-196b791da6|EVENT|000762,1784139540.0
1273.3215733717,51.6831703857,3.900602668,1273.3215733717,763,1325.0047437574,S1B-GER40Cash-20260804T112811-196b791da6|EVENT|000763,1784139600.0
1273.3215733717,51.6831703857,3.900602668,1273.3215733717,764,1325.0047437574,S1B-GER40Cash-20260804T112811-196b791da6|EVENT|000764,1784139660.0
1273.3215733717,51.6831703857,3.900602668,1273.3215733717,765,1325.0047437574,S1B-GER40Cash-20260804T112811-196b791da6|EVENT|000765,1784139720.0
1273.3215733717,51.6831703857,3.900602668,1273.3215733717,766,1325.0047437574,S1B-GER40Cash-20260804T112811-196b791da6|EVENT|000766,1784139780.0
1273.3215733717,51.6831703857,3.900602668,1273.3215733717,767,1325.0047437574,S1B-GER40Cash-20260804T112811-196b791da6|EVENT|000767,1784139840.0
1273.3215733717,51.6831703857,3.900602668,1273.3215733717,768,1325.0047437574,S1B-GER40Cash-20260804T112811-196b791da6|EVENT|000768,1784139900.0
1273.3215733717,51.6831703857,3.900602668,1273.3215733717,769,1325.0047437574,S1B-GER40Cash-20260804T112811-196b791da6|EVENT|000769,1784139960.0
1273.3215733717,51.6831703857,3.900602668,1273.3215733717,770,1325.0047437574,S1B-GER40Cash-20260804T112811-196b791da6|EVENT|000770,1784140020.0
1273.3215733717,51.6831703857,3.900602668,1273.3215733717,771,1325.0047437574,S1B-GER40Cash-20260804T112811-196b791da6|EVENT|000771,1784140080.0
1273.3215733717,51.6831703857,3.900602668,1273.3215733717,772,1325.0047437574,S1B-GER40Cash-20260804T112811-196b791da6|EVENT|000772,1784140140.0
1273.3215733717,51.6831703857,3.900602668,1273.3215733717,773,1325.0047437574,S1B-GER40Cash-20260804T112811-196b791da6|EVENT|000773,1784140200.0
1273.3215733717,51.6831703857,3.900602668,1273.3215733717,774,1325.0047437574,S1B-GER40Cash-20260804T112811-196b791da6|EVENT|000774,1784140260.0
1273.3215733717,51.6831703857,3.900602668,1273.3215733717,775,1325.0047437574,S1B-GER40Cash-20260804T112811-196b791da6|EVENT|000775,1784140320.0
1273.3215733717,51.6831703857,3.900602668,1273.3215733717,776,1325.0047437574,S1B-GER40Cash-20260804T112811-196b791da6|EVENT|000776,1784140380.0
1273.3215733717,51.6831703857,3.900602668,1273.3215733717,777,1325.0047437574,S1B-GER40Cash-20260804T112811-196b791da6|EVENT|000777,1784140440.0
1273.3215733717,51.6831703857,3.900602668,1273.3215733717,778,1325.0047437574,S1B-GER40Cash-20260804T112811-196b791da6|EVENT|000778,1784140500.0
1273.3215733717,51.6831703857,3.900602668,1273.3215733717,779,1325.0047437574,S1B-GER40Cash-20260804T112811-196b791da6|EVENT|000779,1784140560.0
1273.3215733717,51.6831703857,3.900602668,1273.3215733717,780,1325.0047437574,S1B-GER40Cash-20260804T112811-196b791da6|EVENT|000780,1784140620.0
1273.3215733717,51.6831703857,3.900602668,1273.3215733717,781,1325.0047437574,S1B-GER40Cash-20260804T112811-196b791da6|EVENT|000781,1784140680.0
1273.3215733717,51.6831703857,3.900602668,1273.3215733717,782,1325.0047437574,S1B-GER40Cash-20260804T112811-196b791da6|EVENT|000782,1784140740.0
1273.3215733717,51.6831703857,3.900602668,1273.3215733717,783,1325.0047437574,S1B-GER40Cash-20260804T112811-196b791da6|EVENT|000783,1784140800.0
1273.3215733717,51.6831703857,3.900602668,1273.3215733717,784,1325.0047437574,S1B-GER40Cash-20260804T112811-196b791da6|EVENT|000784,1784140860.0
1273.3215733717,51.6831703857,3.900602668,1273.3215733717,785,1325.0047437574,S1B-GER40Cash-20260804T112811-196b791da6|EVENT|000785,1784140920.0
1273.3215733717,51.6831703857,3.900602668,1273.3215733717,786,1325.0047437574,S1B-GER40Cash-20260804T112811-196b791da6|EVENT|000786,1784140980.0
1273.3215733717,51.6831703857,3.900602668,1273.3215733717,787,1325.0047437574,S1B-GER40Cash-20260804T112811-196b791da6|EVENT|000787,1784141040.0
1273.3215733717,51.6831703857,3.900602668,1273.3215733717,788,1325.0047437574,S1B-GER40Cash-20260804T112811-196b791da6|EVENT|000788,1784141100.0
1273.3215733717,51.6831703857,3.900602668,1273.3215733717,789,1325.0047437574,S1B-GER40Cash-20260804T112811-196b791da6|EVENT|000789,1784141160.0
1273.3215733717,51.6831703857,3.900602668,1273.3215733717,790,1325.0047437574,S1B-GER40Cash-20260804T112811-196b791da6|EVENT|000790,1784141220.0
1273.3215733717,51.6831703857,3.900602668,1273.3215733717,791,1325.0047437574,S1B-GER40Cash-20260804T112811-196b791da6|EVENT|000791,1784141280.0
1273.3215733717,51.6831703857,3.900602668,1273.3215733717,792,1325.0047437574,S1B-GER40Cash-20260804T112811-196b791da6|EVENT|000792,1784141340.0
1273.3215733717,51.6831703857,3.900602668,1273.3215733717,793,1325.0047437574,S1B-GER40Cash-20260804T112811-196b791da6|EVENT|000793,1784141400.0
1273.3215733717,51.6831703857,3.900602668,1273.3215733717,794,1325.0047437574,S1B-GER40Cash-20260804T112811-196b791da6|EVENT|000794,1784141460.0
1273.3215733717,51.6831703857,3.900602668,1273.3215733717,795,1325.0047437574,S1B-GER40Cash-20260804T112811-196b791da6|EVENT|000795,1784141520.0
1273.3215733717,51.6831703857,3.900602668,1273.3215733717,796,1325.0047437574,S1B-GER40Cash-20260804T112811-196b791da6|EVENT|000796,1784141580.0
1273.3215733717,51.6831703857,3.900602668,1273.3215733717,797,1325.0047437574,S1B-GER40Cash-20260804T112811-196b791da6|EVENT|000797,1784141640.0
1273.3215733717,51.6831703857,3.900602668,1273.3215733717,798,1325.0047437574,S1B-GER40Cash-20260804T112811-196b791da6|EVENT|000798,1784141700.0
1273.3215733717,51.6831703857,3.900602668,1273.3215733717,799,1325.0047437574,S1B-GER40Cash-20260804T112811-196b791da6|EVENT|000799,1784141760.0
1273.3215733717,51.6831703857,3.900602668,1273.3215733717,800,1325.0047437574,S1B-GER40Cash-20260804T112811-196b791da6|EVENT|000800,1784141820.0
1273.3215733717,51.6831703857,3.900602668,1273.3215733717,801,1325.0047437574,S1B-GER40Cash-20260804T112811-196b791da6|EVENT|000801,1784141880.0
1273.3215733717,51.6831703857,3.900602668,1273.3215733717,802,1325.0047437574,S1B-GER40Cash-20260804T112811-196b791da6|EVENT|000802,1784141940.0
1273.3215733717,51.6831703857,3.900602668,1273.3215733717,803,1325.0047437574,S1B-GER40Cash-20260804T112811-196b791da6|EVENT|000803,1784142000.0
1273.3215733717,51.6831703857,3.900602668,1273.3215733717,804,1325.0047437574,S1B-GER40Cash-20260804T112811-196b791da6|EVENT|000804,1784142060.0
1273.3215733717,51.6831703857,3.900602668,1273.3215733717,805,1325.0047437574,S1B-GER40Cash-20260804T112811-196b791da6|EVENT|000805,1784142120.0
1273.3215733717,51.6831703857,3.900602668,1273.3215733717,806,1325.0047437574,S1B-GER40Cash-20260804T112811-196b791da6|EVENT|000806,1784142180.0
1273.3215733717,51.6831703857,3.900602668,1273.3215733717,807,1325.0047437574,S1B-GER40Cash-20260804T112811-196b791da6|EVENT|000807,1784142240.0
1273.3215733717,51.6831703857,3.900602668,1273.3215733717,808,1325.0047437574,S1B-GER40Cash-20260804T112811-196b791da6|EVENT|000808,1784142300.0
1273.3215733717,51.6831703857,3.900602668,1273.3215733717,809,1325.0047437574,S1B-GER40Cash-20260804T112811-196b791da6|EVENT|000809,1784142360.0
1273.3215733717,51.6831703857,3.900602668,1273.3215733717,810,1325.0047437574,S1B-GER40Cash-20260804T112811-196b791da6|EVENT|000810,1784142420.0
1273.3215733717,51.6831703857,3.900602668,1273.3215733717,811,1325.0047437574,S1B-GER40Cash-20260804T112811-196b791da6|EVENT|000811,1784142480.0
1273.3215733717,51.6831703857,3.900602668,1273.3215733717,812,1325.0047437574,S1B-GER40Cash-20260804T112811-196b791da6|EVENT|000812,1784142540.0
1273.3215733717,51.6831703857,3.900602668,1273.3215733717,813,1325.0047437574,S1B-GER40Cash-20260804T112811-196b791da6|EVENT|000813,1784142600.0
1273.3215733717,51.6831703857,3.900602668,1273.3215733717,814,1325.0047437574,S1B-GER40Cash-20260804T112811-196b791da6|EVENT|000814,1784142660.0
1273.3215733717,51.6831703857,3.900602668,1273.3215733717,815,1325.0047437574,S1B-GER40Cash-20260804T112811-196b791da6|EVENT|000815,1784142720.0
1273.3215733717,51.6831703857,3.900602668,1273.3215733717,816,1325.0047437574,S1B-GER40Cash-20260804T112811-196b791da6|EVENT|000816,1784142780.0
1273.3215733717,51.6831703857,3.900602668,1273.3215733717,817,1325.0047437574,S1B-GER40Cash-20260804T112811-196b791da6|EVENT|000817,1784142840.0
1273.3215733717,51.6831703857,3.900602668,1273.3215733717,818,1325.0047437574,S1B-GER40Cash-20260804T112811-196b791da6|EVENT|000818,1784142900.0
1273.3215733717,51.6831703857,3.900602668,1273.3215733717,819,1325.0047437574,S1B-GER40Cash-20260804T112811-196b791da6|EVENT|000819,1784142960.0
1273.3215733717,51.6831703857,3.900602668,1273.3215733717,820,1325.0047437574,S1B-GER40Cash-20260804T112811-196b791da6|EVENT|000820,1784143020.0
1273.3215733717,51.6831703857,3.900602668,1273.3215733717,821,1325.0047437574,S1B-GER40Cash-20260804T112811-196b791da6|EVENT|000821,1784143080.0
1273.3215733717,51.6831703857,3.900602668,1273.3215733717,822,1325.0047437574,S1B-GER40Cash-20260804T112811-196b791da6|EVENT|000822,1784143140.0
1273.3215733717,51.6831703857,3.900602668,1273.3215733717,823,1325.0047437574,S1B-GER40Cash-20260804T112811-196b791da6|EVENT|000823,1784143200.0
1273.3215733717,51.6831703857,3.900602668,1273.3215733717,824,1325.0047437574,S1B-GER40Cash-20260804T112811-196b791da6|EVENT|000824,1784143260.0
1273.3215733717,51.6831703857,3.900602668,1273.3215733717,825,1325.0047437574,S1B-GER40Cash-20260804T112811-196b791da6|EVENT|000825,1784143320.0
1273.3215733717,51.6831703857,3.900602668,1273.3215733717,826,1325.0047437574,S1B-GER40Cash-20260804T112811-196b791da6|EVENT|000826,1784143380.0
1273.3215733717,51.6831703857,3.900602668,1273.3215733717,827,1325.0047437574,S1B-GER40Cash-20260804T112811-196b791da6|EVENT|000827,1784143440.0
1273.3215733717,51.6831703857,3.900602668,1273.3215733717,828,1325.0047437574,S1B-GER40Cash-20260804T112811-196b791da6|EVENT|000828,1784143500.0
1273.3215733717,51.6831703857,3.900602668,1273.3215733717,829,1325.0047437574,S1B-GER40Cash-20260804T112811-196b791da6|EVENT|000829,1784143560.0
1273.3215733717,51.6831703857,3.900602668,1273.3215733717,830,1325.0047437574,S1B-GER40Cash-20260804T112811-196b791da6|EVENT|000830,1784143620.0
1273.3215733717,51.6831703857,3.900602668,1273.3215733717,831,1325.0047437574,S1B-GER40Cash-20260804T112811-196b791da6|EVENT|000831,1784143680.0
1273.3215733717,51.6831703857,3.900602668,1273.3215733717,832,1325.0047437574,S1B-GER40Cash-20260804T112811-196b791da6|EVENT|000832,1784143740.0
1273.3215733717,51.6831703857,3.900602668,1273.3215733717,833,1325.0047437574,S1B-GER40Cash-20260804T112811-196b791da6|EVENT|000833,1784143800.0
1273.3215733717,51.6831703857,3.900602668,1273.3215733717,834,1325.0047437574,S1B-GER40Cash-20260804T112811-196b791da6|EVENT|000834,1784143860.0
1273.3215733717,51.6831703857,3.900602668,1273.3215733717,835,1325.0047437574,S1B-GER40Cash-20260804T112811-196b791da6|EVENT|000835,1784143920.0
1273.3215733717,51.6831703857,3.900602668,1273.3215733717,836,1325.0047437574,S1B-GER40Cash-20260804T112811-196b791da6|EVENT|000836,1784143980.0
1273.3215733717,51.6831703857,3.900602668,1273.3215733717,837,1325.0047437574,S1B-GER40Cash-20260804T112811-196b791da6|EVENT|000837,1784144040.0
1273.3215733717,51.6831703857,3.900602668,1273.3215733717,838,1325.0047437574,S1B-GER40Cash-20260804T112811-196b791da6|EVENT|000838,1784144100.0
1273.3215733717,51.6831703857,3.900602668,1273.3215733717,839,1325.0047437574,S1B-GER40Cash-20260804T112811-196b791da6|EVENT|000839,1784144160.0
1273.3215733717,51.6831703857,3.900602668,1273.3215733717,840,1325.0047437574,S1B-GER40Cash-20260804T112811-196b791da6|EVENT|000840,1784144220.0
1273.3215733717,51.6831703857,3.900602668,1273.3215733717,841,1325.0047437574,S1B-GER40Cash-20260804T112811-196b791da6|EVENT|000841,1784144280.0
1273.3215733717,51.6831703857,3.900602668,1273.3215733717,842,1325.0047437574,S1B-GER40Cash-20260804T112811-196b791da6|EVENT|000842,1784144340.0
1273.3215733717,51.6831703857,3.900602668,1273.3215733717,843,1325.0047437574,S1B-GER40Cash-20260804T112811-196b791da6|EVENT|000843,1784144400.0
1273.3215733717,51.6831703857,3.900602668,1273.3215733717,844,1325.0047437574,S1B-GER40Cash-20260804T112811-196b791da6|EVENT|000844,1784144460.0
1273.3215733717,51.6831703857,3.900602668,1273.3215733717,845,1325.0047437574,S1B-GER40Cash-20260804T112811-196b791da6|EVENT|000845,1784144520.0
1273.3215733717,51.6831703857,3.900602668,1273.3215733717,846,1325.0047437574,S1B-GER40Cash-20260804T112811-196b791da6|EVENT|000846,1784144580.0
1273.3215733717,51.6831703857,3.900602668,1273.3215733717,847,1325.0047437574,S1B-GER40Cash-20260804T112811-196b791da6|EVENT|000847,1784144640.0
1273.3215733717,51.6831703857,3.900602668,1273.3215733717,848,1325.0047437574,S1B-GER40Cash-20260804T112811-196b791da6|EVENT|000848,1784144700.0
1273.3215733717,51.6831703857,3.900602668,1273.3215733717,849,1325.0047437574,S1B-GER40Cash-20260804T112811-196b791da6|EVENT|000849,1784144760.0
1273.3215733717,51.6831703857,3.900602668,1273.3215733717,850,1325.0047437574,S1B-GER40Cash-20260804T112811-196b791da6|EVENT|000850,1784144820.0
1273.3215733717,51.6831703857,3.900602668,1273.3215733717,851,1325.0047437574,S1B-GER40Cash-20260804T112811-196b791da6|EVENT|000851,1784144880.0
1273.3215733717,51.6831703857,3.900602668,1273.3215733717,852,1325.0047437574,S1B-GER40Cash-20260804T112811-196b791da6|EVENT|000852,1784144940.0
1273.3215733717,51.6831703857,3.900602668,1273.3215733717,853,1325.0047437574,S1B-GER40Cash-20260804T112811-196b791da6|EVENT|000853,1784145000.0
1273.3215733717,51.6831703857,3.900602668,1273.3215733717,854,1325.0047437574,S1B-GER40Cash-20260804T112811-196b791da6|EVENT|000854,1784145060.0
1273.3215733717,51.6831703857,3.900602668,1273.3215733717,855,1325.0047437574,S1B-GER40Cash-20260804T112811-196b791da6|EVENT|000855,1784145120.0
1273.3215733717,51.6831703857,3.900602668,1273.3215733717,856,1325.0047437574,S1B-GER40Cash-20260804T112811-196b791da6|EVENT|000856,1784145180.0
1273.3215733717,51.6831703857,3.900602668,1273.3215733717,857,1325.0047437574,S1B-GER40Cash-20260804T112811-196b791da6|EVENT|000857,1784145240.0
1273.3215733717,51.6831703857,3.900602668,1273.3215733717,858,1325.0047437574,S1B-GER40Cash-20260804T112811-196b791da6|EVENT|000858,1784145300.0
1273.3215733717,51.6831703857,3.900602668,1273.3215733717,859,1325.0047437574,S1B-GER40Cash-20260804T112811-196b791da6|EVENT|000859,1784145360.0
1273.3215733717,51.6831703857,3.900602668,1273.3215733717,860,1325.0047437574,S1B-GER40Cash-20260804T112811-196b791da6|EVENT|000860,1784145420.0
1273.3215733717,51.6831703857,3.900602668,1273.3215733717,861,1325.0047437574,S1B-GER40Cash-20260804T112811-196b791da6|EVENT|000861,1784145480.0
1273.3215733717,51.6831703857,3.900602668,1273.3215733717,862,1325.0047437574,S1B-GER40Cash-20260804T112811-196b791da6|EVENT|000862,1784145540.0
1273.3215733717,51.6831703857,3.900602668,1273.3215733717,863,1325.0047437574,S1B-GER40Cash-20260804T112811-196b791da6|EVENT|000863,1784145600.0
1273.3215733717,51.6831703857,3.900602668,1273.3215733717,864,1325.0047437574,S1B-GER40Cash-20260804T112811-196b791da6|EVENT|000864,1784145660.0
1273.3215733717,51.6831703857,3.900602668,1273.3215733717,865,1325.0047437574,S1B-GER40Cash-20260804T112811-196b791da6|EVENT|000865,1784145720.0
1273.3215733717,51.6831703857,3.900602668,1273.3215733717,866,1325.0047437574,S1B-GER40Cash-20260804T112811-196b791da6|EVENT|000866,1784145780.0
1273.3215733717,51.6831703857,3.900602668,1273.3215733717,867,1325.0047437574,S1B-GER40Cash-20260804T112811-196b791da6|EVENT|000867,1784145840.0
1273.3215733717,51.6831703857,3.900602668,1273.3215733717,868,1325.0047437574,S1B-GER40Cash-20260804T112811-196b791da6|EVENT|000868,1784145900.0
1273.3215733717,51.6831703857,3.900602668,1273.3215733717,869,1325.0047437574,S1B-GER40Cash-20260804T112811-196b791da6|EVENT|000869,1784145960.0
1273.3215733717,51.6831703857,3.900602668,1273.3215733717,870,1325.0047437574,S1B-GER40Cash-20260804T112811-196b791da6|EVENT|000870,1784146020.0
1273.3215733717,51.6831703857,3.900602668,1273.3215733717,871,1325.0047437574,S1B-GER40Cash-20260804T112811-196b791da6|EVENT|000871,1784146080.0
1273.3215733717,51.6831703857,3.900602668,1273.3215733717,872,1325.0047437574,S1B-GER40Cash-20260804T112811-196b791da6|EVENT|000872,1784146140.0
1273.3215733717,51.6831703857,3.900602668,1273.3215733717,873,1325.0047437574,S1B-GER40Cash-20260804T112811-196b791da6|EVENT|000873,1784146200.0
1273.3215733717,51.6831703857,3.900602668,1273.3215733717,874,1325.0047437574,S1B-GER40Cash-20260804T112811-196b791da6|EVENT|000874,1784146260.0
1273.3215733717,51.6831703857,3.900602668,1273.3215733717,875,1325.0047437574,S1B-GER40Cash-20260804T112811-196b791da6|EVENT|000875,1784146320.0
1273.3215733717,51.6831703857,3.900602668,1273.3215733717,876,1325.0047437574,S1B-GER40Cash-20260804T112811-196b791da6|EVENT|000876,1784146380.0
1273.3215733717,51.6831703857,3.900602668,1273.3215733717,877,1325.0047437574,S1B-GER40Cash-20260804T112811-196b791da6|EVENT|000877,1784146440.0
1273.3215733717,51.6831703857,3.900602668,1273.3215733717,878,1325.0047437574,S1B-GER40Cash-20260804T112811-196b791da6|EVENT|000878,1784146500.0
1273.3215733717,51.6831703857,3.900602668,1273.3215733717,879,1325.0047437574,S1B-GER40Cash-20260804T112811-196b791da6|EVENT|000879,1784146560.0
1273.3215733717,51.6831703857,3.900602668,1273.3215733717,880,1325.0047437574,S1B-GER40Cash-20260804T112811-196b791da6|EVENT|000880,1784146620.0
1273.3215733717,51.6831703857,3.900602668,1273.3215733717,881,1325.0047437574,S1B-GER40Cash-20260804T112811-196b791da6|EVENT|000881,1784146680.0
1273.3215733717,51.6831703857,3.900602668,1273.3215733717,882,1325.0047437574,S1B-GER40Cash-20260804T112811-196b791da6|EVENT|000882,1784146740.0
1273.3215733717,51.6831703857,3.900602668,1273.3215733717,883,1325.0047437574,S1B-GER40Cash-20260804T112811-196b791da6|EVENT|000883,1784146800.0
1273.3215733717,51.6831703857,3.900602668,1273.3215733717,884,1325.0047437574,S1B-GER40Cash-20260804T112811-196b791da6|EVENT|000884,1784146860.0
1273.3215733717,51.6831703857,3.900602668,1273.3215733717,885,1325.0047437574,S1B-GER40Cash-20260804T112811-196b791da6|EVENT|000885,1784146920.0
1273.3215733717,51.6831703857,3.900602668,1273.3215733717,886,1325.0047437574,S1B-GER40Cash-20260804T112811-196b791da6|EVENT|000886,1784146980.0
1273.3215733717,51.6831703857,3.900602668,1273.3215733717,887,1325.0047437574,S1B-GER40Cash-20260804T112811-196b791da6|EVENT|000887,1784147040.0
1273.3215733717,51.6831703857,3.900602668,1273.3215733717,888,1325.0047437574,S1B-GER40Cash-20260804T112811-196b791da6|EVENT|000888,1784147100.0
1273.3215733717,51.6831703857,3.900602668,1273.3215733717,889,1325.0047437574,S1B-GER40Cash-20260804T112811-196b791da6|EVENT|000889,1784147160.0
1273.3215733717,51.6831703857,3.900602668,1273.3215733717,890,1325.0047437574,S1B-GER40Cash-20260804T112811-196b791da6|EVENT|000890,1784147220.0
1273.3215733717,51.6831703857,3.900602668,1273.3215733717,891,1325.0047437574,S1B-GER40Cash-20260804T112811-196b791da6|EVENT|000891,1784147280.0
1273.3215733717,51.6831703857,3.900602668,1273.3215733717,892,1325.0047437574,S1B-GER40Cash-20260804T112811-196b791da6|EVENT|000892,1784147340.0
1273.3215733717,51.6831703857,3.900602668,1273.3215733717,893,1325.0047437574,S1B-GER40Cash-20260804T112811-196b791da6|EVENT|000893,1784147400.0
1273.3215733717,51.6831703857,3.900602668,1273.3215733717,894,1325.0047437574,S1B-GER40Cash-20260804T112811-196b791da6|EVENT|000894,1784147460.0
1273.3215733717,51.6831703857,3.900602668,1273.3215733717,895,1325.0047437574,S1B-GER40Cash-20260804T112811-196b791da6|EVENT|000895,1784147520.0
1273.3215733717,51.6831703857,3.900602668,1273.3215733717,896,1325.0047437574,S1B-GER40Cash-20260804T112811-196b791da6|EVENT|000896,1784147580.0
1273.3215733717,51.6831703857,3.900602668,1273.3215733717,897,1325.0047437574,S1B-GER40Cash-20260804T112811-196b791da6|EVENT|000897,1784147640.0
1273.3215733717,51.6831703857,3.900602668,1273.3215733717,898,1325.0047437574,S1B-GER40Cash-20260804T112811-196b791da6|EVENT|000898,1784147700.0
1273.3215733717,51.6831703857,3.900602668,1273.3215733717,899,1325.0047437574,S1B-GER40Cash-20260804T112811-196b791da6|EVENT|000899,1784147760.0
1273.3215733717,51.6831703857,3.900602668,1273.3215733717,900,1325.0047437574,S1B-GER40Cash-20260804T112811-196b791da6|EVENT|000900,1784147820.0
1273.3215733717,51.6831703857,3.900602668,1273.3215733717,901,1325.0047437574,S1B-GER40Cash-20260804T112811-196b791da6|EVENT|000901,1784147880.0
1273.3215733717,51.6831703857,3.900602668,1273.3215733717,902,1325.0047437574,S1B-GER40Cash-20260804T112811-196b791da6|EVENT|000902,1784147940.0
1273.3215733717,51.6831703857,3.900602668,1273.3215733717,903,1325.0047437574,S1B-GER40Cash-20260804T112811-196b791da6|EVENT|000903,1784148000.0
1273.3215733717,51.6831703857,3.900602668,1273.3215733717,904,1325.0047437574,S1B-GER40Cash-20260804T112811-196b791da6|EVENT|000904,1784148060.0
1273.3215733717,51.6831703857,3.900602668,1273.3215733717,905,1325.0047437574,S1B-GER40Cash-20260804T112811-196b791da6|EVENT|000905,1784148120.0
1273.3215733717,51.6831703857,3.900602668,1273.3215733717,906,1325.0047437574,S1B-GER40Cash-20260804T112811-196b791da6|EVENT|000906,1784148180.0
1273.3215733717,51.6831703857,3.900602668,1273.3215733717,907,1325.0047437574,S1B-GER40Cash-20260804T112811-196b791da6|EVENT|000907,1784148240.0
1273.3215733717,51.6831703857,3.900602668,1273.3215733717,908,1325.0047437574,S1B-GER40Cash-20260804T112811-196b791da6|EVENT|000908,1784148300.0
1273.3215733717,51.6831703857,3.900602668,1273.3215733717,909,1325.0047437574,S1B-GER40Cash-20260804T112811-196b791da6|EVENT|000909,1784148360.0
1273.3215733717,51.6831703857,3.900602668,1273.3215733717,910,1325.0047437574,S1B-GER40Cash-20260804T112811-196b791da6|EVENT|000910,1784148420.0
1273.3215733717,51.6831703857,3.900602668,1273.3215733717,911,1325.0047437574,S1B-GER40Cash-20260804T112811-196b791da6|EVENT|000911,1784148480.0
1273.3215733717,51.6831703857,3.900602668,1273.3215733717,912,1325.0047437574,S1B-GER40Cash-20260804T112811-196b791da6|EVENT|000912,1784148540.0
1273.3215733717,51.6831703857,3.900602668,1273.3215733717,913,1325.0047437574,S1B-GER40Cash-20260804T112811-196b791da6|EVENT|000913,1784148600.0
1273.3215733717,51.6831703857,3.900602668,1273.3215733717,914,1325.0047437574,S1B-GER40Cash-20260804T112811-196b791da6|EVENT|000914,1784148660.0
1273.3215733717,51.6831703857,3.900602668,1273.3215733717,915,1325.0047437574,S1B-GER40Cash-20260804T112811-196b791da6|EVENT|000915,1784148720.0
1273.3215733717,51.6831703857,3.900602668,1273.3215733717,916,1325.0047437574,S1B-GER40Cash-20260804T112811-196b791da6|EVENT|000916,1784148780.0
1273.3215733717,51.6831703857,3.900602668,1273.3215733717,917,1325.0047437574,S1B-GER40Cash-20260804T112811-196b791da6|EVENT|000917,1784148840.0
1273.3215733717,51.6831703857,3.900602668,1273.3215733717,918,1325.0047437574,S1B-GER40Cash-20260804T112811-196b791da6|EVENT|000918,1784148900.0
1273.3215733717,51.6831703857,3.900602668,1273.3215733717,919,1325.0047437574,S1B-GER40Cash-20260804T112811-196b791da6|EVENT|000919,1784148960.0
1273.3215733717,51.6831703857,3.900602668,1273.3215733717,920,1325.0047437574,S1B-GER40Cash-20260804T112811-196b791da6|EVENT|000920,1784149020.0
1273.3215733717,51.6831703857,3.900602668,1273.3215733717,921,1325.0047437574,S1B-GER40Cash-20260804T112811-196b791da6|EVENT|000921,1784149080.0
1273.3215733717,51.6831703857,3.900602668,1273.3215733717,922,1325.0047437574,S1B-GER40Cash-20260804T112811-196b791da6|EVENT|000922,1784149140.0
1273.3215733717,51.6831703857,3.900602668,1273.3215733717,923,1325.0047437574,S1B-GER40Cash-20260804T112811-196b791da6|EVENT|000923,1784149200.0
1273.3215733717,51.6831703857,3.900602668,1273.3215733717,924,1325.0047437574,S1B-GER40Cash-20260804T112811-196b791da6|EVENT|000924,1784149260.0
1273.3215733717,51.6831703857,3.900602668,1273.3215733717,925,1325.0047437574,S1B-GER40Cash-20260804T112811-196b791da6|EVENT|000925,1784149320.0
1273.3215733717,51.6831703857,3.900602668,1273.3215733717,926,1325.0047437574,S1B-GER40Cash-20260804T112811-196b791da6|EVENT|000926,1784149380.0
1273.3215733717,51.6831703857,3.900602668,1273.3215733717,927,1325.0047437574,S1B-GER40Cash-20260804T112811-196b791da6|EVENT|000927,1784149440.0
1273.3215733717,51.6831703857,3.900602668,1273.3215733717,928,1325.0047437574,S1B-GER40Cash-20260804T112811-196b791da6|EVENT|000928,1784149500.0
1273.3215733717,51.6831703857,3.900602668,1273.3215733717,929,1325.0047437574,S1B-GER40Cash-20260804T112811-196b791da6|EVENT|000929,1784149560.0
1273.3215733717,51.6831703857,3.900602668,1273.3215733717,930,1325.0047437574,S1B-GER40Cash-20260804T112811-196b791da6|EVENT|000930,1784149620.0
1273.3215733717,51.6831703857,3.900602668,1273.3215733717,931,1325.0047437574,S1B-GER40Cash-20260804T112811-196b791da6|EVENT|000931,1784149680.0
1273.3215733717,51.6831703857,3.900602668,1273.3215733717,932,1325.0047437574,S1B-GER40Cash-20260804T112811-196b791da6|EVENT|000932,1784149740.0
1273.3215733717,51.6831703857,3.900602668,1273.3215733717,933,1325.0047437574,S1B-GER40Cash-20260804T112811-196b791da6|EVENT|000933,1784149800.0
1273.3215733717,51.6831703857,3.900602668,1273.3215733717,934,1325.0047437574,S1B-GER40Cash-20260804T112811-196b791da6|EVENT|000934,1784149860.0
1273.3215733717,51.6831703857,3.900602668,1273.3215733717,935,1325.0047437574,S1B-GER40Cash-20260804T112811-196b791da6|EVENT|000935,1784149920.0
1273.3215733717,51.6831703857,3.900602668,1273.3215733717,936,1325.0047437574,S1B-GER40Cash-20260804T112811-196b791da6|EVENT|000936,1784149980.0
1273.3215733717,51.6831703857,3.900602668,1273.3215733717,937,1325.0047437574,S1B-GER40Cash-20260804T112811-196b791da6|EVENT|000937,1784150040.0
1273.3215733717,51.6831703857,3.900602668,1273.3215733717,938,1325.0047437574,S1B-GER40Cash-20260804T112811-196b791da6|EVENT|000938,1784150100.0
1273.3215733717,51.6831703857,3.900602668,1273.3215733717,939,1325.0047437574,S1B-GER40Cash-20260804T112811-196b791da6|EVENT|000939,1784150160.0
1273.3215733717,51.6831703857,3.900602668,1273.3215733717,940,1325.0047437574,S1B-GER40Cash-20260804T112811-196b791da6|EVENT|000940,1784150220.0
1273.3215733717,51.6831703857,3.900602668,1273.3215733717,941,1325.0047437574,S1B-GER40Cash-20260804T112811-196b791da6|EVENT|000941,1784150280.0
1273.3215733717,51.6831703857,3.900602668,1273.3215733717,942,1325.0047437574,S1B-GER40Cash-20260804T112811-196b791da6|EVENT|000942,1784150340.0
1273.3215733717,51.6831703857,3.900602668,1273.3215733717,943,1325.0047437574,S1B-GER40Cash-20260804T112811-196b791da6|EVENT|000943,1784150400.0
1273.3215733717,51.6831703857,3.900602668,1273.3215733717,944,1325.0047437574,S1B-GER40Cash-20260804T112811-196b791da6|EVENT|000944,1784150460.0
1273.3215733717,51.6831703857,3.900602668,1273.3215733717,945,1325.0047437574,S1B-GER40Cash-20260804T112811-196b791da6|EVENT|000945,1784150520.0
1273.3215733717,51.6831703857,3.900602668,1273.3215733717,946,1325.0047437574,S1B-GER40Cash-20260804T112811-196b791da6|EVENT|000946,1784150580.0
1273.3215733717,51.6831703857,3.900602668,1273.3215733717,947,1325.0047437574,S1B-GER40Cash-20260804T112811-196b791da6|EVENT|000947,1784150640.0
1273.3215733717,51.6831703857,3.900602668,1273.3215733717,948,1325.0047437574,S1B-GER40Cash-20260804T112811-196b791da6|EVENT|000948,1784150700.0
1273.3215733717,51.6831703857,3.900602668,1273.3215733717,949,1325.0047437574,S1B-GER40Cash-20260804T112811-196b791da6|EVENT|000949,1784150760.0
1273.3215733717,51.6831703857,3.900602668,1273.3215733717,950,1325.0047437574,S1B-GER40Cash-20260804T112811-196b791da6|EVENT|000950,1784150820.0
1273.3215733717,51.6831703857,3.900602668,1273.3215733717,951,1325.0047437574,S1B-GER40Cash-20260804T112811-196b791da6|EVENT|000951,1784150880.0
1273.3215733717,51.6831703857,3.900602668,1273.3215733717,952,1325.0047437574,S1B-GER40Cash-20260804T112811-196b791da6|EVENT|000952,1784150940.0
1273.3215733717,51.6831703857,3.900602668,1273.3215733717,953,1325.0047437574,S1B-GER40Cash-20260804T112811-196b791da6|EVENT|000953,1784151000.0
1273.3215733717,51.6831703857,3.900602668,1273.3215733717,954,1325.0047437574,S1B-GER40Cash-20260804T112811-196b791da6|EVENT|000954,1784151060.0
1273.3215733717,51.6831703857,3.900602668,1273.3215733717,955,1325.0047437574,S1B-GER40Cash-20260804T112811-196b791da6|EVENT|000955,1784151120.0
1273.3215733717,51.6831703857,3.900602668,1273.3215733717,956,1325.0047437574,S1B-GER40Cash-20260804T112811-196b791da6|EVENT|000956,1784151180.0
1273.3215733717,51.6831703857,3.900602668,1273.3215733717,957,1325.0047437574,S1B-GER40Cash-20260804T112811-196b791da6|EVENT|000957,1784151240.0
1273.3215733717,51.6831703857,3.900602668,1273.3215733717,958,1325.0047437574,S1B-GER40Cash-20260804T112811-196b791da6|EVENT|000958,1784151300.0
1273.3215733717,51.6831703857,3.900602668,1273.3215733717,959,1325.0047437574,S1B-GER40Cash-20260804T112811-196b791da6|EVENT|000959,1784151360.0
1273.3215733717,51.6831703857,3.900602668,1273.3215733717,960,1325.0047437574,S1B-GER40Cash-20260804T112811-196b791da6|EVENT|000960,1784151420.0
1273.3215733717,51.6831703857,3.900602668,1273.3215733717,961,1325.0047437574,S1B-GER40Cash-20260804T112811-196b791da6|EVENT|000961,1784151480.0
1273.3215733717,51.6831703857,3.900602668,1273.3215733717,962,1325.0047437574,S1B-GER40Cash-20260804T112811-196b791da6|EVENT|000962,1784151540.0
1273.3215733717,51.6831703857,3.900602668,1273.3215733717,963,1325.0047437574,S1B-GER40Cash-20260804T112811-196b791da6|EVENT|000963,1784151600.0
1273.3215733717,51.6831703857,3.900602668,1273.3215733717,964,1325.0047437574,S1B-GER40Cash-20260804T112811-196b791da6|EVENT|000964,1784151660.0
1273.3215733717,51.6831703857,3.900602668,1273.3215733717,965,1325.0047437574,S1B-GER40Cash-20260804T112811-196b791da6|EVENT|000965,1784151720.0
1273.3215733717,51.6831703857,3.900602668,1273.3215733717,966,1325.0047437574,S1B-GER40Cash-20260804T112811-196b791da6|EVENT|000966,1784151780.0
1273.3215733717,51.6831703857,3.900602668,1273.3215733717,967,1325.0047437574,S1B-GER40Cash-20260804T112811-196b791da6|EVENT|000967,1784151840.0
1273.3215733717,51.6831703857,3.900602668,1273.3215733717,968,1325.0047437574,S1B-GER40Cash-20260804T112811-196b791da6|EVENT|000968,1784151900.0
1273.3215733717,51.6831703857,3.900602668,1273.3215733717,969,1325.0047437574,S1B-GER40Cash-20260804T112811-196b791da6|EVENT|000969,1784151960.0
1273.3215733717,51.6831703857,3.900602668,1273.3215733717,970,1325.0047437574,S1B-GER40Cash-20260804T112811-196b791da6|EVENT|000970,1784152020.0
1273.3215733717,51.6831703857,3.900602668,1273.3215733717,971,1325.0047437574,S1B-GER40Cash-20260804T112811-196b791da6|EVENT|000971,1784152080.0
1273.3215733717,51.6831703857,3.900602668,1273.3215733717,972,1325.0047437574,S1B-GER40Cash-20260804T112811-196b791da6|EVENT|000972,1784152140.0
1273.3215733717,51.6831703857,3.900602668,1273.3215733717,973,1325.0047437574,S1B-GER40Cash-20260804T112811-196b791da6|EVENT|000973,1784152200.0
1273.3215733717,51.6831703857,3.900602668,1273.3215733717,974,1325.0047437574,S1B-GER40Cash-20260804T112811-196b791da6|EVENT|000974,1784152260.0
1273.3215733717,51.6831703857,3.900602668,1273.3215733717,975,1325.0047437574,S1B-GER40Cash-20260804T112811-196b791da6|EVENT|000975,1784152320.0
1273.3215733717,51.6831703857,3.900602668,1273.3215733717,976,1325.0047437574,S1B-GER40Cash-20260804T112811-196b791da6|EVENT|000976,1784152380.0
1273.3215733717,51.6831703857,3.900602668,1273.3215733717,977,1325.0047437574,S1B-GER40Cash-20260804T112811-196b791da6|EVENT|000977,1784152440.0
1273.3215733717,51.6831703857,3.900602668,1273.3215733717,978,1325.0047437574,S1B-GER40Cash-20260804T112811-196b791da6|EVENT|000978,1784152500.0
1273.3215733717,51.6831703857,3.900602668,1273.3215733717,979,1325.0047437574,S1B-GER40Cash-20260804T112811-196b791da6|EVENT|000979,1784152560.0
1273.3215733717,51.6831703857,3.900602668,1273.3215733717,980,1325.0047437574,S1B-GER40Cash-20260804T112811-196b791da6|EVENT|000980,1784152620.0
1273.3215733717,51.6831703857,3.900602668,1273.3215733717,981,1325.0047437574,S1B-GER40Cash-20260804T112811-196b791da6|EVENT|000981,1784152680.0
1273.3215733717,51.6831703857,3.900602668,1273.3215733717,982,1325.0047437574,S1B-GER40Cash-20260804T112811-196b791da6|EVENT|000982,1784152740.0
1273.3215733717,51.6831703857,3.900602668,1273.3215733717,983,1325.0047437574,S1B-GER40Cash-20260804T112811-196b791da6|EVENT|000983,1784152800.0
1273.3215733717,51.6831703857,3.900602668,1273.3215733717,984,1325.0047437574,S1B-GER40Cash-20260804T112811-196b791da6|EVENT|000984,1784152860.0
1273.3215733717,51.6831703857,3.900602668,1273.3215733717,985,1325.0047437574,S1B-GER40Cash-20260804T112811-196b791da6|EVENT|000985,1784152920.0
1273.3215733717,51.6831703857,3.900602668,1273.3215733717,986,1325.0047437574,S1B-GER40Cash-20260804T112811-196b791da6|EVENT|000986,1784152980.0
1273.3215733717,51.6831703857,3.900602668,1273.3215733717,987,1325.0047437574,S1B-GER40Cash-20260804T112811-196b791da6|EVENT|000987,1784153040.0
1273.3215733717,51.6831703857,3.900602668,1273.3215733717,988,1325.0047437574,S1B-GER40Cash-20260804T112811-196b791da6|EVENT|000988,1784153100.0
1273.3215733717,51.6831703857,3.900602668,1273.3215733717,989,1325.0047437574,S1B-GER40Cash-20260804T112811-196b791da6|EVENT|000989,1784153160.0
1273.3215733717,51.6831703857,3.900602668,1273.3215733717,990,1325.0047437574,S1B-GER40Cash-20260804T112811-196b791da6|EVENT|000990,1784153220.0
1273.3215733717,51.6831703857,3.900602668,1273.3215733717,991,1325.0047437574,S1B-GER40Cash-20260804T112811-196b791da6|EVENT|000991,1784153280.0
1273.3215733717,51.6831703857,3.900602668,1273.3215733717,992,1325.0047437574,S1B-GER40Cash-20260804T112811-196b791da6|EVENT|000992,1784153340.0
1273.3215733717,51.6831703857,3.900602668,1273.3215733717,993,1325.0047437574,S1B-GER40Cash-20260804T112811-196b791da6|EVENT|000993,1784153400.0
1273.3215733717,51.6831703857,3.900602668,1273.3215733717,994,1325.0047437574,S1B-GER40Cash-20260804T112811-196b791da6|EVENT|000994,1784153460.0
1273.3215733717,51.6831703857,3.900602668,1273.3215733717,995,1325.0047437574,S1B-GER40Cash-20260804T112811-196b791da6|EVENT|000995,1784153520.0
1273.3215733717,51.6831703857,3.900602668,1273.3215733717,996,1325.0047437574,S1B-GER40Cash-20260804T112811-196b791da6|EVENT|000996,1784153580.0
1273.3215733717,51.6831703857,3.900602668,1273.3215733717,997,1325.0047437574,S1B-GER40Cash-20260804T112811-196b791da6|EVENT|000997,1784153640.0
1273.3215733717,51.6831703857,3.900602668,1273.3215733717,998,1325.0047437574,S1B-GER40Cash-20260804T112811-196b791da6|EVENT|000998,1784153700.0
1273.3215733717,51.6831703857,3.900602668,1273.3215733717,999,1325.0047437574,S1B-GER40Cash-20260804T112811-196b791da6|EVENT|000999,1784153760.0
1273.3215733717,51.6831703857,3.900602668,1273.3215733717,1000,1325.0047437574,S1B-GER40Cash-20260804T112811-196b791da6|EVENT|001000,1784153820.0
1273.3215733717,51.6831703857,3.900602668,1273.3215733717,1001,1325.0047437574,S1B-GER40Cash-20260804T112811-196b791da6|EVENT|001001,1784153880.0
1273.3215733717,51.6831703857,3.900602668,1273.3215733717,1002,1325.0047437574,S1B-GER40Cash-20260804T112811-196b791da6|EVENT|001002,1784153940.0
1273.3215733717,51.6831703857,3.900602668,1273.3215733717,1003,1325.0047437574,S1B-GER40Cash-20260804T112811-196b791da6|EVENT|001003,1784154000.0
1273.3215733717,51.6831703857,3.900602668,1273.3215733717,1004,1325.0047437574,S1B-GER40Cash-20260804T112811-196b791da6|EVENT|001004,1784154060.0
1273.3215733717,51.6831703857,3.900602668,1273.3215733717,1005,1325.0047437574,S1B-GER40Cash-20260804T112811-196b791da6|EVENT|001005,1784154120.0
1273.3215733717,51.6831703857,3.900602668,1273.3215733717,1006,1325.0047437574,S1B-GER40Cash-20260804T112811-196b791da6|EVENT|001006,1784154180.0
1273.3215733717,51.6831703857,3.900602668,1273.3215733717,1007,1325.0047437574,S1B-GER40Cash-20260804T112811-196b791da6|EVENT|001007,1784154240.0
1273.3215733717,51.6831703857,3.900602668,1273.3215733717,1008,1325.0047437574,S1B-GER40Cash-20260804T112811-196b791da6|EVENT|001008,1784154300.0
1273.3215733717,51.6831703857,3.900602668,1273.3215733717,1009,1325.0047437574,S1B-GER40Cash-20260804T112811-196b791da6|EVENT|001009,1784154360.0
1273.3215733717,51.6831703857,3.900602668,1273.3215733717,1010,1325.0047437574,S1B-GER40Cash-20260804T112811-196b791da6|EVENT|001010,1784154420.0
1273.3215733717,51.6831703857,3.900602668,1273.3215733717,1011,1325.0047437574,S1B-GER40Cash-20260804T112811-196b791da6|EVENT|001011,1784154480.0
1273.3215733717,51.6831703857,3.900602668,1273.3215733717,1012,1325.0047437574,S1B-GER40Cash-20260804T112811-196b791da6|EVENT|001012,1784154540.0
1273.3215733717,51.6831703857,3.900602668,1273.3215733717,1013,1325.0047437574,S1B-GER40Cash-20260804T112811-196b791da6|EVENT|001013,1784154600.0
1273.3215733717,51.6831703857,3.900602668,1273.3215733717,1014,1325.0047437574,S1B-GER40Cash-20260804T112811-196b791da6|EVENT|001014,1784154660.0
1273.3215733717,51.6831703857,3.900602668,1273.3215733717,1015,1325.0047437574,S1B-GER40Cash-20260804T112811-196b791da6|EVENT|001015,1784154720.0
1273.3215733717,51.6831703857,3.900602668,1273.3215733717,1016,1325.0047437574,S1B-GER40Cash-20260804T112811-196b791da6|EVENT|001016,1784154780.0
1273.3215733717,51.6831703857,3.900602668,1273.3215733717,1017,1325.0047437574,S1B-GER40Cash-20260804T112811-196b791da6|EVENT|001017,1784154840.0
1273.3215733717,51.6831703857,3.900602668,1273.3215733717,1018,1325.0047437574,S1B-GER40Cash-20260804T112811-196b791da6|EVENT|001018,1784154900.0
1273.3215733717,51.6831703857,3.900602668,1273.3215733717,1019,1325.0047437574,S1B-GER40Cash-20260804T112811-196b791da6|EVENT|001019,1784154960.0
1273.3215733717,51.6831703857,3.900602668,1273.3215733717,1020,1325.0047437574,S1B-GER40Cash-20260804T112811-196b791da6|EVENT|001020,1784155020.0
1273.3215733717,51.6831703857,3.900602668,1273.3215733717,1021,1325.0047437574,S1B-GER40Cash-20260804T112811-196b791da6|EVENT|001021,1784155080.0
1273.3215733717,51.6831703857,3.900602668,1273.3215733717,1022,1325.0047437574,S1B-GER40Cash-20260804T112811-196b791da6|EVENT|001022,1784155140.0
1273.3215733717,51.6831703857,3.900602668,1273.3215733717,1023,1325.0047437574,S1B-GER40Cash-20260804T112811-196b791da6|EVENT|001023,1784155200.0
1273.3215733717,51.6831703857,3.900602668,1273.3215733717,1024,1325.0047437574,S1B-GER40Cash-20260804T112811-196b791da6|EVENT|001024,1784155260.0
1273.3215733717,51.6831703857,3.900602668,1273.3215733717,1025,1325.0047437574,S1B-GER40Cash-20260804T112811-196b791da6|EVENT|001025,1784155320.0
1273.3215733717,51.6831703857,3.900602668,1273.3215733717,1026,1325.0047437574,S1B-GER40Cash-20260804T112811-196b791da6|EVENT|001026,1784155380.0
1273.3215733717,51.6831703857,3.900602668,1273.3215733717,1027,1325.0047437574,S1B-GER40Cash-20260804T112811-196b791da6|EVENT|001027,1784155440.0
1273.3215733717,51.6831703857,3.900602668,1273.3215733717,1028,1325.0047437574,S1B-GER40Cash-20260804T112811-196b791da6|EVENT|001028,1784155500.0
1273.3215733717,51.6831703857,3.900602668,1273.3215733717,1029,1325.0047437574,S1B-GER40Cash-20260804T112811-196b791da6|EVENT|001029,1784155560.0
1273.3215733717,51.6831703857,3.900602668,1273.3215733717,1030,1325.0047437574,S1B-GER40Cash-20260804T112811-196b791da6|EVENT|001030,1784155620.0
1273.3215733717,51.6831703857,3.900602668,1273.3215733717,1031,1325.0047437574,S1B-GER40Cash-20260804T112811-196b791da6|EVENT|001031,1784155680.0
1273.3215733717,51.6831703857,3.900602668,1273.3215733717,1032,1325.0047437574,S1B-GER40Cash-20260804T112811-196b791da6|EVENT|001032,1784155740.0
1273.3215733717,51.6831703857,3.900602668,1273.3215733717,1033,1325.0047437574,S1B-GER40Cash-20260804T112811-196b791da6|EVENT|001033,1784155800.0
1273.3215733717,51.6831703857,3.900602668,1273.3215733717,1034,1325.0047437574,S1B-GER40Cash-20260804T112811-196b791da6|EVENT|001034,1784155860.0
1273.3215733717,51.6831703857,3.900602668,1273.3215733717,1035,1325.0047437574,S1B-GER40Cash-20260804T112811-196b791da6|EVENT|001035,1784155920.0
1273.3215733717,51.6831703857,3.900602668,1273.3215733717,1036,1325.0047437574,S1B-GER40Cash-20260804T112811-196b791da6|EVENT|001036,1784155980.0
1273.3215733717,51.6831703857,3.900602668,1273.3215733717,1037,1325.0047437574,S1B-GER40Cash-20260804T112811-196b791da6|EVENT|001037,1784156040.0
1273.3215733717,51.6831703857,3.900602668,1273.3215733717,1038,1325.0047437574,S1B-GER40Cash-20260804T112811-196b791da6|EVENT|001038,1784156100.0
1273.3215733717,51.6831703857,3.900602668,1273.3215733717,1039,1325.0047437574,S1B-GER40Cash-20260804T112811-196b791da6|EVENT|001039,1784156160.0
1273.3215733717,51.6831703857,3.900602668,1273.3215733717,1040,1325.0047437574,S1B-GER40Cash-20260804T112811-196b791da6|EVENT|001040,1784156220.0
1273.3215733717,51.6831703857,3.900602668,1273.3215733717,1041,1325.0047437574,S1B-GER40Cash-20260804T112811-196b791da6|EVENT|001041,1784156280.0
1273.3215733717,51.6831703857,3.900602668,1273.3215733717,1042,1325.0047437574,S1B-GER40Cash-20260804T112811-196b791da6|EVENT|001042,1784156340.0
1273.3215733717,51.6831703857,3.900602668,1273.3215733717,1043,1325.0047437574,S1B-GER40Cash-20260804T112811-196b791da6|EVENT|001043,1784156400.0
1273.3215733717,51.6831703857,3.900602668,1273.3215733717,1044,1325.0047437574,S1B-GER40Cash-20260804T112811-196b791da6|EVENT|001044,1784156460.0
1273.3215733717,51.6831703857,3.900602668,1273.3215733717,1045,1325.0047437574,S1B-GER40Cash-20260804T112811-196b791da6|EVENT|001045,1784156520.0
1273.3215733717,51.6831703857,3.900602668,1273.3215733717,1046,1325.0047437574,S1B-GER40Cash-20260804T112811-196b791da6|EVENT|001046,1784156580.0
1273.3215733717,51.6831703857,3.900602668,1273.3215733717,1047,1325.0047437574,S1B-GER40Cash-20260804T112811-196b791da6|EVENT|001047,1784156640.0
1273.3215733717,51.6831703857,3.900602668,1273.3215733717,1048,1325.0047437574,S1B-GER40Cash-20260804T112811-196b791da6|EVENT|001048,1784156700.0
1273.3215733717,51.6831703857,3.900602668,1273.3215733717,1049,1325.0047437574,S1B-GER40Cash-20260804T112811-196b791da6|EVENT|001049,1784156760.0
1273.3215733717,51.6831703857,3.900602668,1273.3215733717,1050,1325.0047437574,S1B-GER40Cash-20260804T112811-196b791da6|EVENT|001050,1784156820.0
1273.3215733717,51.6831703857,3.900602668,1273.3215733717,1051,1325.0047437574,S1B-GER40Cash-20260804T112811-196b791da6|EVENT|001051,1784156880.0
1273.3215733717,51.6831703857,3.900602668,1273.3215733717,1052,1325.0047437574,S1B-GER40Cash-20260804T112811-196b791da6|EVENT|001052,1784156940.0
1273.3215733717,51.6831703857,3.900602668,1273.3215733717,1053,1325.0047437574,S1B-GER40Cash-20260804T112811-196b791da6|EVENT|001053,1784157000.0
1273.3215733717,51.6831703857,3.900602668,1273.3215733717,1054,1325.0047437574,S1B-GER40Cash-20260804T112811-196b791da6|EVENT|001054,1784157060.0
1273.3215733717,51.6831703857,3.900602668,1273.3215733717,1055,1325.0047437574,S1B-GER40Cash-20260804T112811-196b791da6|EVENT|001055,1784157120.0
1273.3215733717,51.6831703857,3.900602668,1273.3215733717,1056,1325.0047437574,S1B-GER40Cash-20260804T112811-196b791da6|EVENT|001056,1784157180.0
1273.3215733717,51.6831703857,3.900602668,1273.3215733717,1057,1325.0047437574,S1B-GER40Cash-20260804T112811-196b791da6|EVENT|001057,1784157240.0
1273.3215733717,51.6831703857,3.900602668,1273.3215733717,1058,1325.0047437574,S1B-GER40Cash-20260804T112811-196b791da6|EVENT|001058,1784157300.0
1273.3215733717,51.6831703857,3.900602668,1273.3215733717,1059,1325.0047437574,S1B-GER40Cash-20260804T112811-196b791da6|EVENT|001059,1784157360.0
1273.3215733717,51.6831703857,3.900602668,1273.3215733717,1060,1325.0047437574,S1B-GER40Cash-20260804T112811-196b791da6|EVENT|001060,1784157420.0
1273.3215733717,51.6831703857,3.900602668,1273.3215733717,1061,1325.0047437574,S1B-GER40Cash-20260804T112811-196b791da6|EVENT|001061,1784157480.0
1273.3215733717,51.6831703857,3.900602668,1273.3215733717,1062,1325.0047437574,S1B-GER40Cash-20260804T112811-196b791da6|EVENT|001062,1784157540.0
1273.3215733717,51.6831703857,3.900602668,1273.3215733717,1063,1325.0047437574,S1B-GER40Cash-20260804T112811-196b791da6|EVENT|001063,1784157600.0
1273.3215733717,51.6831703857,3.900602668,1273.3215733717,1064,1325.0047437574,S1B-GER40Cash-20260804T112811-196b791da6|EVENT|001064,1784157660.0
1273.3215733717,51.6831703857,3.900602668,1273.3215733717,1065,1325.0047437574,S1B-GER40Cash-20260804T112811-196b791da6|EVENT|001065,1784157720.0
1273.3215733717,51.6831703857,3.900602668,1273.3215733717,1066,1325.0047437574,S1B-GER40Cash-20260804T112811-196b791da6|EVENT|001066,1784157780.0
1273.3215733717,51.6831703857,3.900602668,1273.3215733717,1067,1325.0047437574,S1B-GER40Cash-20260804T112811-196b791da6|EVENT|001067,1784157840.0
1273.3215733717,51.6831703857,3.900602668,1273.3215733717,1068,1325.0047437574,S1B-GER40Cash-20260804T112811-196b791da6|EVENT|001068,1784157900.0
1273.3215733717,51.6831703857,3.900602668,1273.3215733717,1069,1325.0047437574,S1B-GER40Cash-20260804T112811-196b791da6|EVENT|001069,1784157960.0
1273.3215733717,51.6831703857,3.900602668,1273.3215733717,1070,1325.0047437574,S1B-GER40Cash-20260804T112811-196b791da6|EVENT|001070,1784158020.0
1273.3215733717,51.6831703857,3.900602668,1273.3215733717,1071,1325.0047437574,S1B-GER40Cash-20260804T112811-196b791da6|EVENT|001071,1784158080.0
1273.3215733717,51.6831703857,3.900602668,1273.3215733717,1072,1325.0047437574,S1B-GER40Cash-20260804T112811-196b791da6|EVENT|001072,1784158140.0
1273.3215733717,51.6831703857,3.900602668,1273.3215733717,1073,1325.0047437574,S1B-GER40Cash-20260804T112811-196b791da6|EVENT|001073,1784158200.0
1273.3215733717,51.6831703857,3.900602668,1273.3215733717,1074,1325.0047437574,S1B-GER40Cash-20260804T112811-196b791da6|EVENT|001074,1784158260.0
1273.3215733717,51.6831703857,3.900602668,1273.3215733717,1075,1325.0047437574,S1B-GER40Cash-20260804T112811-196b791da6|EVENT|001075,1784158320.0
1273.3215733717,51.6831703857,3.900602668,1273.3215733717,1076,1325.0047437574,S1B-GER40Cash-20260804T112811-196b791da6|EVENT|001076,1784158380.0
1273.3215733717,51.6831703857,3.900602668,1273.3215733717,1077,1325.0047437574,S1B-GER40Cash-20260804T112811-196b791da6|EVENT|001077,1784158440.0
1273.3215733717,51.6831703857,3.900602668,1273.3215733717,1078,1325.0047437574,S1B-GER40Cash-20260804T112811-196b791da6|EVENT|001078,1784158500.0
1273.3215733717,51.6831703857,3.900602668,1273.3215733717,1079,1325.0047437574,S1B-GER40Cash-20260804T112811-196b791da6|EVENT|001079,1784158560.0
1273.3215733717,51.6831703857,3.900602668,1273.3215733717,1080,1325.0047437574,S1B-GER40Cash-20260804T112811-196b791da6|EVENT|001080,1784158620.0
1273.3215733717,51.6831703857,3.900602668,1273.3215733717,1081,1325.0047437574,S1B-GER40Cash-20260804T112811-196b791da6|EVENT|001081,1784158680.0
1273.3215733717,51.6831703857,3.900602668,1273.3215733717,1082,1325.0047437574,S1B-GER40Cash-20260804T112811-196b791da6|EVENT|001082,1784158740.0
1273.3215733717,51.6831703857,3.900602668,1273.3215733717,1083,1325.0047437574,S1B-GER40Cash-20260804T112811-196b791da6|EVENT|001083,1784158800.0
1273.3215733717,51.6831703857,3.900602668,1273.3215733717,1084,1325.0047437574,S1B-GER40Cash-20260804T112811-196b791da6|EVENT|001084,1784158860.0
1273.3215733717,51.6831703857,3.900602668,1273.3215733717,1085,1325.0047437574,S1B-GER40Cash-20260804T112811-196b791da6|EVENT|001085,1784158920.0
1273.3215733717,51.6831703857,3.900602668,1273.3215733717,1086,1325.0047437574,S1B-GER40Cash-20260804T112811-196b791da6|EVENT|001086,1784158980.0
1273.3215733717,51.6831703857,3.900602668,1273.3215733717,1087,1325.0047437574,S1B-GER40Cash-20260804T112811-196b791da6|EVENT|001087,1784159040.0
1273.3215733717,51.6831703857,3.900602668,1273.3215733717,1088,1325.0047437574,S1B-GER40Cash-20260804T112811-196b791da6|EVENT|001088,1784159100.0
1273.3215733717,51.6831703857,3.900602668,1273.3215733717,1089,1325.0047437574,S1B-GER40Cash-20260804T112811-196b791da6|EVENT|001089,1784159160.0
1273.3215733717,51.6831703857,3.900602668,1273.3215733717,1090,1325.0047437574,S1B-GER40Cash-20260804T112811-196b791da6|EVENT|001090,1784159220.0
1273.3215733717,51.6831703857,3.900602668,1273.3215733717,1091,1325.0047437574,S1B-GER40Cash-20260804T112811-196b791da6|EVENT|001091,1784159280.0
1273.3215733717,51.6831703857,3.900602668,1273.3215733717,1092,1325.0047437574,S1B-GER40Cash-20260804T112811-196b791da6|EVENT|001092,1784159340.0
1273.3215733717,51.6831703857,3.900602668,1273.3215733717,1093,1325.0047437574,S1B-GER40Cash-20260804T112811-196b791da6|EVENT|001093,1784159400.0
1273.3215733717,51.6831703857,3.900602668,1273.3215733717,1094,1325.0047437574,S1B-GER40Cash-20260804T112811-196b791da6|EVENT|001094,1784159460.0
1273.3215733717,51.6831703857,3.900602668,1273.3215733717,1095,1325.0047437574,S1B-GER40Cash-20260804T112811-196b791da6|EVENT|001095,1784159580.0
1273.3215733717,51.6831703857,3.900602668,1273.3215733717,1096,1325.0047437574,S1B-GER40Cash-20260804T112811-196b791da6|EVENT|001096,1784159640.0
1273.3215733717,51.6831703857,3.900602668,1273.3215733717,1097,1325.0047437574,S1B-GER40Cash-20260804T112811-196b791da6|EVENT|001097,1784159700.0
1273.3215733717,51.6831703857,3.900602668,1273.3215733717,1098,1325.0047437574,S1B-GER40Cash-20260804T112811-196b791da6|EVENT|001098,1784159760.0
1273.3215733717,51.6831703857,3.900602668,1273.3215733717,1099,1325.0047437574,S1B-GER40Cash-20260804T112811-196b791da6|EVENT|001099,1784159820.0
1273.3215733717,51.6831703857,3.900602668,1273.3215733717,1100,1325.0047437574,S1B-GER40Cash-20260804T112811-196b791da6|EVENT|001100,1784159880.0
1273.3215733717,51.6831703857,3.900602668,1273.3215733717,1101,1325.0047437574,S1B-GER40Cash-20260804T112811-196b791da6|EVENT|001101,1784159940.0
1273.3215733717,51.6831703857,3.900602668,1273.3215733717,1102,1325.0047437574,S1B-GER40Cash-20260804T112811-196b791da6|EVENT|001102,1784160000.0
1273.3215733717,51.6831703857,3.900602668,1273.3215733717,1103,1325.0047437574,S1B-GER40Cash-20260804T112811-196b791da6|EVENT|001103,1784163960.0
1273.3215733717,51.6831703857,3.900602668,1273.3215733717,1104,1325.0047437574,S1B-GER40Cash-20260804T112811-196b791da6|EVENT|001104,1784164020.0
1273.3215733717,51.6831703857,3.900602668,1273.3215733717,1105,1325.0047437574,S1B-GER40Cash-20260804T112811-196b791da6|EVENT|001105,1784164080.0
1273.3215733717,51.6831703857,3.900602668,1273.3215733717,1106,1325.0047437574,S1B-GER40Cash-20260804T112811-196b791da6|EVENT|001106,1784164140.0
1273.3215733717,51.6831703857,3.900602668,1273.3215733717,1107,1325.0047437574,S1B-GER40Cash-20260804T112811-196b791da6|EVENT|001107,1784164200.0
1273.3215733717,51.6831703857,3.900602668,1273.3215733717,1108,1325.0047437574,S1B-GER40Cash-20260804T112811-196b791da6|EVENT|001108,1784164260.0
1273.3215733717,51.6831703857,3.900602668,1273.3215733717,1109,1325.0047437574,S1B-GER40Cash-20260804T112811-196b791da6|EVENT|001109,1784164320.0
1273.3215733717,51.6831703857,3.900602668,1273.3215733717,1110,1325.0047437574,S1B-GER40Cash-20260804T112811-196b791da6|EVENT|001110,1784164380.0
1273.3215733717,51.6831703857,3.900602668,1273.3215733717,1111,1325.0047437574,S1B-GER40Cash-20260804T112811-196b791da6|EVENT|001111,1784164440.0
1273.3215733717,51.6831703857,3.900602668,1273.3215733717,1112,1325.0047437574,S1B-GER40Cash-20260804T112811-196b791da6|EVENT|001112,1784164500.0
1273.3215733717,51.6831703857,3.900602668,1273.3215733717,1113,1325.0047437574,S1B-GER40Cash-20260804T112811-196b791da6|EVENT|001113,1784164560.0
1273.3215733717,51.6831703857,3.900602668,1273.3215733717,1114,1325.0047437574,S1B-GER40Cash-20260804T112811-196b791da6|EVENT|001114,1784164620.0
1273.3215733717,51.6831703857,3.900602668,1273.3215733717,1115,1325.0047437574,S1B-GER40Cash-20260804T112811-196b791da6|EVENT|001115,1784164680.0
1273.3215733717,51.6831703857,3.900602668,1273.3215733717,1116,1325.0047437574,S1B-GER40Cash-20260804T112811-196b791da6|EVENT|001116,1784164740.0
1273.3215733717,51.6831703857,3.900602668,1273.3215733717,1117,1325.0047437574,S1B-GER40Cash-20260804T112811-196b791da6|EVENT|001117,1784164800.0
1273.3215733717,51.6831703857,3.900602668,1273.3215733717,1118,1325.0047437574,S1B-GER40Cash-20260804T112811-196b791da6|EVENT|001118,1784164860.0
1273.3215733717,51.6831703857,3.900602668,1273.3215733717,1119,1325.0047437574,S1B-GER40Cash-20260804T112811-196b791da6|EVENT|001119,1784164920.0
1273.3215733717,51.6831703857,3.900602668,1273.3215733717,1120,1325.0047437574,S1B-GER40Cash-20260804T112811-196b791da6|EVENT|001120,1784164980.0
1273.3215733717,51.6831703857,3.900602668,1273.3215733717,1121,1325.0047437574,S1B-GER40Cash-20260804T112811-196b791da6|EVENT|001121,1784165040.0
1273.3215733717,51.6831703857,3.900602668,1273.3215733717,1122,1325.0047437574,S1B-GER40Cash-20260804T112811-196b791da6|EVENT|001122,1784165100.0
1273.3215733717,51.6831703857,3.900602668,1273.3215733717,1123,1325.0047437574,S1B-GER40Cash-20260804T112811-196b791da6|EVENT|001123,1784165160.0
1273.3215733717,51.6831703857,3.900602668,1273.3215733717,1124,1325.0047437574,S1B-GER40Cash-20260804T112811-196b791da6|EVENT|001124,1784165220.0
1273.3215733717,51.6831703857,3.900602668,1273.3215733717,1125,1325.0047437574,S1B-GER40Cash-20260804T112811-196b791da6|EVENT|001125,1784165280.0
1273.3215733717,51.6831703857,3.900602668,1273.3215733717,1126,1325.0047437574,S1B-GER40Cash-20260804T112811-196b791da6|EVENT|001126,1784165340.0
1273.3215733717,51.6831703857,3.900602668,1273.3215733717,1127,1325.0047437574,S1B-GER40Cash-20260804T112811-196b791da6|EVENT|001127,1784165400.0
1273.3215733717,51.6831703857,3.900602668,1273.3215733717,1128,1325.0047437574,S1B-GER40Cash-20260804T112811-196b791da6|EVENT|001128,1784165460.0
1273.3215733717,51.6831703857,3.900602668,1273.3215733717,1129,1325.0047437574,S1B-GER40Cash-20260804T112811-196b791da6|EVENT|001129,1784165520.0
1273.3215733717,51.6831703857,3.900602668,1273.3215733717,1130,1325.0047437574,S1B-GER40Cash-20260804T112811-196b791da6|EVENT|001130,1784165580.0
1273.3215733717,51.6831703857,3.900602668,1273.3215733717,1131,1325.0047437574,S1B-GER40Cash-20260804T112811-196b791da6|EVENT|001131,1784165640.0
1273.3215733717,51.6831703857,3.900602668,1273.3215733717,1132,1325.0047437574,S1B-GER40Cash-20260804T112811-196b791da6|EVENT|001132,1784165700.0
1273.3215733717,51.6831703857,3.900602668,1273.3215733717,1133,1325.0047437574,S1B-GER40Cash-20260804T112811-196b791da6|EVENT|001133,1784165760.0
1273.3215733717,51.6831703857,3.900602668,1273.3215733717,1134,1325.0047437574,S1B-GER40Cash-20260804T112811-196b791da6|EVENT|001134,1784165820.0
1273.3215733717,51.6831703857,3.900602668,1273.3215733717,1135,1325.0047437574,S1B-GER40Cash-20260804T112811-196b791da6|EVENT|001135,1784165880.0
1273.3215733717,51.6831703857,3.900602668,1273.3215733717,1136,1325.0047437574,S1B-GER40Cash-20260804T112811-196b791da6|EVENT|001136,1784165940.0
1273.3215733717,51.6831703857,3.900602668,1273.3215733717,1137,1325.0047437574,S1B-GER40Cash-20260804T112811-196b791da6|EVENT|001137,1784166000.0
1273.3215733717,51.6831703857,3.900602668,1273.3215733717,1138,1325.0047437574,S1B-GER40Cash-20260804T112811-196b791da6|EVENT|001138,1784166060.0
1273.3215733717,51.6831703857,3.900602668,1273.3215733717,1139,1325.0047437574,S1B-GER40Cash-20260804T112811-196b791da6|EVENT|001139,1784166120.0
1273.3215733717,51.6831703857,3.900602668,1273.3215733717,1140,1325.0047437574,S1B-GER40Cash-20260804T112811-196b791da6|EVENT|001140,1784166180.0
1273.3215733717,51.6831703857,3.900602668,1273.3215733717,1141,1325.0047437574,S1B-GER40Cash-20260804T112811-196b791da6|EVENT|001141,1784166240.0
1273.3215733717,51.6831703857,3.900602668,1273.3215733717,1142,1325.0047437574,S1B-GER40Cash-20260804T112811-196b791da6|EVENT|001142,1784166300.0
1273.3215733717,51.6831703857,3.900602668,1273.3215733717,1143,1325.0047437574,S1B-GER40Cash-20260804T112811-196b791da6|EVENT|001143,1784166360.0
1273.3215733717,51.6831703857,3.900602668,1273.3215733717,1144,1325.0047437574,S1B-GER40Cash-20260804T112811-196b791da6|EVENT|001144,1784166420.0
1273.3215733717,51.6831703857,3.900602668,1273.3215733717,1145,1325.0047437574,S1B-GER40Cash-20260804T112811-196b791da6|EVENT|001145,1784166480.0
1273.3215733717,51.6831703857,3.900602668,1273.3215733717,1146,1325.0047437574,S1B-GER40Cash-20260804T112811-196b791da6|EVENT|001146,1784166540.0
1273.3215733717,51.6831703857,3.900602668,1273.3215733717,1147,1325.0047437574,S1B-GER40Cash-20260804T112811-196b791da6|EVENT|001147,1784166600.0
1273.3215733717,51.6831703857,3.900602668,1273.3215733717,1148,1325.0047437574,S1B-GER40Cash-20260804T112811-196b791da6|EVENT|001148,1784166660.0
1273.3215733717,51.6831703857,3.900602668,1273.3215733717,1149,1325.0047437574,S1B-GER40Cash-20260804T112811-196b791da6|EVENT|001149,1784166720.0
1273.3215733717,51.6831703857,3.900602668,1273.3215733717,1150,1325.0047437574,S1B-GER40Cash-20260804T112811-196b791da6|EVENT|001150,1784166780.0
1273.3215733717,51.6831703857,3.900602668,1273.3215733717,1151,1325.0047437574,S1B-GER40Cash-20260804T112811-196b791da6|EVENT|001151,1784166840.0
1273.3215733717,51.6831703857,3.900602668,1273.3215733717,1152,1325.0047437574,S1B-GER40Cash-20260804T112811-196b791da6|EVENT|001152,1784166900.0
1273.3215733717,51.6831703857,3.900602668,1273.3215733717,1153,1325.0047437574,S1B-GER40Cash-20260804T112811-196b791da6|EVENT|001153,1784166960.0
1273.3215733717,51.6831703857,3.900602668,1273.3215733717,1154,1325.0047437574,S1B-GER40Cash-20260804T112811-196b791da6|EVENT|001154,1784167020.0
1273.3215733717,51.6831703857,3.900602668,1273.3215733717,1155,1325.0047437574,S1B-GER40Cash-20260804T112811-196b791da6|EVENT|001155,1784167080.0
1273.3215733717,51.6831703857,3.900602668,1273.3215733717,1156,1325.0047437574,S1B-GER40Cash-20260804T112811-196b791da6|EVENT|001156,1784167140.0
1273.3215733717,51.6831703857,3.900602668,1273.3215733717,1157,1325.0047437574,S1B-GER40Cash-20260804T112811-196b791da6|EVENT|001157,1784167200.0
1273.3215733717,51.6831703857,3.900602668,1273.3215733717,1158,1325.0047437574,S1B-GER40Cash-20260804T112811-196b791da6|EVENT|001158,1784167260.0
1273.3215733717,51.6831703857,3.900602668,1273.3215733717,1159,1325.0047437574,S1B-GER40Cash-20260804T112811-196b791da6|EVENT|001159,1784167320.0
1273.3215733717,51.6831703857,3.900602668,1273.3215733717,1160,1325.0047437574,S1B-GER40Cash-20260804T112811-196b791da6|EVENT|001160,1784167380.0
1273.3215733717,51.6831703857,3.900602668,1273.3215733717,1161,1325.0047437574,S1B-GER40Cash-20260804T112811-196b791da6|EVENT|001161,1784167440.0
1273.3215733717,51.6831703857,3.900602668,1273.3215733717,1162,1325.0047437574,S1B-GER40Cash-20260804T112811-196b791da6|EVENT|001162,1784167500.0
1273.3215733717,51.6831703857,3.900602668,1273.3215733717,1163,1325.0047437574,S1B-GER40Cash-20260804T112811-196b791da6|EVENT|001163,1784167560.0
1273.3215733717,51.6831703857,3.900602668,1273.3215733717,1164,1325.0047437574,S1B-GER40Cash-20260804T112811-196b791da6|EVENT|001164,1784167620.0
1273.3215733717,51.6831703857,3.900602668,1273.3215733717,1165,1325.0047437574,S1B-GER40Cash-20260804T112811-196b791da6|EVENT|001165,1784167680.0
1273.3215733717,51.6831703857,3.900602668,1273.3215733717,1166,1325.0047437574,S1B-GER40Cash-20260804T112811-196b791da6|EVENT|001166,1784167740.0
1273.3215733717,51.6831703857,3.900602668,1273.3215733717,1167,1325.0047437574,S1B-GER40Cash-20260804T112811-196b791da6|EVENT|001167,1784167800.0
1273.3215733717,51.6831703857,3.900602668,1273.3215733717,1168,1325.0047437574,S1B-GER40Cash-20260804T112811-196b791da6|EVENT|001168,1784167860.0
1273.3215733717,51.6831703857,3.900602668,1273.3215733717,1169,1325.0047437574,S1B-GER40Cash-20260804T112811-196b791da6|EVENT|001169,1784167920.0
1273.3215733717,51.6831703857,3.900602668,1273.3215733717,1170,1325.0047437574,S1B-GER40Cash-20260804T112811-196b791da6|EVENT|001170,1784167980.0
1273.3215733717,51.6831703857,3.900602668,1273.3215733717,1171,1325.0047437574,S1B-GER40Cash-20260804T112811-196b791da6|EVENT|001171,1784168040.0
1273.3215733717,51.6831703857,3.900602668,1273.3215733717,1172,1325.0047437574,S1B-GER40Cash-20260804T112811-196b791da6|EVENT|001172,1784168100.0
1273.3215733717,51.6831703857,3.900602668,1273.3215733717,1173,1325.0047437574,S1B-GER40Cash-20260804T112811-196b791da6|EVENT|001173,1784168160.0
1273.3215733717,51.6831703857,3.900602668,1273.3215733717,1174,1325.0047437574,S1B-GER40Cash-20260804T112811-196b791da6|EVENT|001174,1784168220.0
1273.3215733717,51.6831703857,3.900602668,1273.3215733717,1175,1325.0047437574,S1B-GER40Cash-20260804T112811-196b791da6|EVENT|001175,1784168280.0
1273.3215733717,51.6831703857,3.900602668,1273.3215733717,1176,1325.0047437574,S1B-GER40Cash-20260804T112811-196b791da6|EVENT|001176,1784168340.0
1273.3215733717,51.6831703857,3.900602668,1273.3215733717,1177,1325.0047437574,S1B-GER40Cash-20260804T112811-196b791da6|EVENT|001177,1784168400.0
1273.3215733717,51.6831703857,3.900602668,1273.3215733717,1178,1325.0047437574,S1B-GER40Cash-20260804T112811-196b791da6|EVENT|001178,1784168460.0
1273.3215733717,51.6831703857,3.900602668,1273.3215733717,1179,1325.0047437574,S1B-GER40Cash-20260804T112811-196b791da6|EVENT|001179,1784168520.0
1273.3215733717,51.6831703857,3.900602668,1273.3215733717,1180,1325.0047437574,S1B-GER40Cash-20260804T112811-196b791da6|EVENT|001180,1784168580.0
1273.3215733717,51.6831703857,3.900602668,1273.3215733717,1181,1325.0047437574,S1B-GER40Cash-20260804T112811-196b791da6|EVENT|001181,1784168640.0
1273.3215733717,51.6831703857,3.900602668,1273.3215733717,1182,1325.0047437574,S1B-GER40Cash-20260804T112811-196b791da6|EVENT|001182,1784168700.0
1273.3215733717,51.6831703857,3.900602668,1273.3215733717,1183,1325.0047437574,S1B-GER40Cash-20260804T112811-196b791da6|EVENT|001183,1784168760.0
1273.3215733717,51.6831703857,3.900602668,1273.3215733717,1184,1325.0047437574,S1B-GER40Cash-20260804T112811-196b791da6|EVENT|001184,1784168820.0
1273.3215733717,51.6831703857,3.900602668,1273.3215733717,1185,1325.0047437574,S1B-GER40Cash-20260804T112811-196b791da6|EVENT|001185,1784168880.0
1273.3215733717,51.6831703857,3.900602668,1273.3215733717,1186,1325.0047437574,S1B-GER40Cash-20260804T112811-196b791da6|EVENT|001186,1784168940.0
1273.3215733717,51.6831703857,3.900602668,1273.3215733717,1187,1325.0047437574,S1B-GER40Cash-20260804T112811-196b791da6|EVENT|001187,1784169000.0
1273.3215733717,51.6831703857,3.900602668,1273.3215733717,1188,1325.0047437574,S1B-GER40Cash-20260804T112811-196b791da6|EVENT|001188,1784169060.0
1273.3215733717,51.6831703857,3.900602668,1273.3215733717,1189,1325.0047437574,S1B-GER40Cash-20260804T112811-196b791da6|EVENT|001189,1784169120.0
1273.3215733717,51.6831703857,3.900602668,1273.3215733717,1190,1325.0047437574,S1B-GER40Cash-20260804T112811-196b791da6|EVENT|001190,1784169180.0
1273.3215733717,51.6831703857,3.900602668,1273.3215733717,1191,1325.0047437574,S1B-GER40Cash-20260804T112811-196b791da6|EVENT|001191,1784169240.0
1273.3215733717,51.6831703857,3.900602668,1273.3215733717,1192,1325.0047437574,S1B-GER40Cash-20260804T112811-196b791da6|EVENT|001192,1784169300.0
1273.3215733717,51.6831703857,3.900602668,1273.3215733717,1193,1325.0047437574,S1B-GER40Cash-20260804T112811-196b791da6|EVENT|001193,1784169360.0
1273.3215733717,51.6831703857,3.900602668,1273.3215733717,1194,1325.0047437574,S1B-GER40Cash-20260804T112811-196b791da6|EVENT|001194,1784169420.0
1273.3215733717,51.6831703857,3.900602668,1273.3215733717,1195,1325.0047437574,S1B-GER40Cash-20260804T112811-196b791da6|EVENT|001195,1784169480.0
1273.3215733717,51.6831703857,3.900602668,1273.3215733717,1196,1325.0047437574,S1B-GER40Cash-20260804T112811-196b791da6|EVENT|001196,1784169540.0
1273.3215733717,51.6831703857,3.900602668,1273.3215733717,1197,1325.0047437574,S1B-GER40Cash-20260804T112811-196b791da6|EVENT|001197,1784169600.0
1273.3215733717,51.6831703857,3.900602668,1273.3215733717,1198,1325.0047437574,S1B-GER40Cash-20260804T112811-196b791da6|EVENT|001198,1784169660.0
1273.3215733717,51.6831703857,3.900602668,1273.3215733717,1199,1325.0047437574,S1B-GER40Cash-20260804T112811-196b791da6|EVENT|001199,1784169720.0
1273.3215733717,51.6831703857,3.900602668,1273.3215733717,1200,1325.0047437574,S1B-GER40Cash-20260804T112811-196b791da6|EVENT|001200,1784169780.0
1273.3215733717,51.6831703857,3.900602668,1273.3215733717,1201,1325.0047437574,S1B-GER40Cash-20260804T112811-196b791da6|EVENT|001201,1784169840.0
1273.3215733717,51.6831703857,3.900602668,1273.3215733717,1202,1325.0047437574,S1B-GER40Cash-20260804T112811-196b791da6|EVENT|001202,1784169900.0
1273.3215733717,51.6831703857,3.900602668,1273.3215733717,1203,1325.0047437574,S1B-GER40Cash-20260804T112811-196b791da6|EVENT|001203,1784169960.0
1273.3215733717,51.6831703857,3.900602668,1273.3215733717,1204,1325.0047437574,S1B-GER40Cash-20260804T112811-196b791da6|EVENT|001204,1784170020.0
1273.3215733717,51.6831703857,3.900602668,1273.3215733717,1205,1325.0047437574,S1B-GER40Cash-20260804T112811-196b791da6|EVENT|001205,1784170080.0
1273.3215733717,51.6831703857,3.900602668,1273.3215733717,1206,1325.0047437574,S1B-GER40Cash-20260804T112811-196b791da6|EVENT|001206,1784170140.0
1273.3215733717,51.6831703857,3.900602668,1273.3215733717,1207,1325.0047437574,S1B-GER40Cash-20260804T112811-196b791da6|EVENT|001207,1784170200.0
1273.3215733717,51.6831703857,3.900602668,1273.3215733717,1208,1325.0047437574,S1B-GER40Cash-20260804T112811-196b791da6|EVENT|001208,1784170260.0
1273.3215733717,51.6831703857,3.900602668,1273.3215733717,1209,1325.0047437574,S1B-GER40Cash-20260804T112811-196b791da6|EVENT|001209,1784170320.0
1273.3215733717,51.6831703857,3.900602668,1273.3215733717,1210,1325.0047437574,S1B-GER40Cash-20260804T112811-196b791da6|EVENT|001210,1784170380.0
1273.3215733717,51.6831703857,3.900602668,1273.3215733717,1211,1325.0047437574,S1B-GER40Cash-20260804T112811-196b791da6|EVENT|001211,1784170440.0
1273.3215733717,51.6831703857,3.900602668,1273.3215733717,1212,1325.0047437574,S1B-GER40Cash-20260804T112811-196b791da6|EVENT|001212,1784170500.0
1273.3215733717,51.6831703857,3.900602668,1273.3215733717,1213,1325.0047437574,S1B-GER40Cash-20260804T112811-196b791da6|EVENT|001213,1784170560.0
1273.3215733717,51.6831703857,3.900602668,1273.3215733717,1214,1325.0047437574,S1B-GER40Cash-20260804T112811-196b791da6|EVENT|001214,1784170620.0
1273.3215733717,51.6831703857,3.900602668,1273.3215733717,1215,1325.0047437574,S1B-GER40Cash-20260804T112811-196b791da6|EVENT|001215,1784170680.0
1273.3215733717,51.6831703857,3.900602668,1273.3215733717,1216,1325.0047437574,S1B-GER40Cash-20260804T112811-196b791da6|EVENT|001216,1784170740.0
1273.3215733717,51.6831703857,3.900602668,1273.3215733717,1217,1325.0047437574,S1B-GER40Cash-20260804T112811-196b791da6|EVENT|001217,1784170800.0
1273.3215733717,51.6831703857,3.900602668,1273.3215733717,1218,1325.0047437574,S1B-GER40Cash-20260804T112811-196b791da6|EVENT|001218,1784171760.0
1273.3215733717,51.6831703857,3.900602668,1273.3215733717,1219,1325.0047437574,S1B-GER40Cash-20260804T112811-196b791da6|EVENT|001219,1784171820.0
1273.3215733717,51.6831703857,3.900602668,1273.3215733717,1220,1325.0047437574,S1B-GER40Cash-20260804T112811-196b791da6|EVENT|001220,1784171880.0
1273.3215733717,51.6831703857,3.900602668,1273.3215733717,1221,1325.0047437574,S1B-GER40Cash-20260804T112811-196b791da6|EVENT|001221,1784171940.0
1273.3215733717,51.6831703857,3.900602668,1273.3215733717,1222,1325.0047437574,S1B-GER40Cash-20260804T112811-196b791da6|EVENT|001222,1784172000.0
1273.3215733717,51.6831703857,3.900602668,1273.3215733717,1223,1325.0047437574,S1B-GER40Cash-20260804T112811-196b791da6|EVENT|001223,1784172060.0
1273.3215733717,51.6831703857,3.900602668,1273.3215733717,1224,1325.0047437574,S1B-GER40Cash-20260804T112811-196b791da6|EVENT|001224,1784172120.0
1273.3215733717,51.6831703857,3.900602668,1273.3215733717,1225,1325.0047437574,S1B-GER40Cash-20260804T112811-196b791da6|EVENT|001225,1784172180.0
1273.3215733717,51.6831703857,3.900602668,1273.3215733717,1226,1325.0047437574,S1B-GER40Cash-20260804T112811-196b791da6|EVENT|001226,1784172240.0
1273.3215733717,51.6831703857,3.900602668,1273.3215733717,1227,1325.0047437574,S1B-GER40Cash-20260804T112811-196b791da6|EVENT|001227,1784172300.0
1273.3215733717,51.6831703857,3.900602668,1273.3215733717,1228,1325.0047437574,S1B-GER40Cash-20260804T112811-196b791da6|EVENT|001228,1784172360.0
1273.3215733717,51.6831703857,3.900602668,1273.3215733717,1229,1325.0047437574,S1B-GER40Cash-20260804T112811-196b791da6|EVENT|001229,1784172420.0
1273.3215733717,51.6831703857,3.900602668,1273.3215733717,1230,1325.0047437574,S1B-GER40Cash-20260804T112811-196b791da6|EVENT|001230,1784172480.0
1273.3215733717,51.6831703857,3.900602668,1273.3215733717,1231,1325.0047437574,S1B-GER40Cash-20260804T112811-196b791da6|EVENT|001231,1784172540.0
1273.3215733717,51.6831703857,3.900602668,1273.3215733717,1232,1325.0047437574,S1B-GER40Cash-20260804T112811-196b791da6|EVENT|001232,1784172600.0
1273.3215733717,51.6831703857,3.900602668,1273.3215733717,1233,1325.0047437574,S1B-GER40Cash-20260804T112811-196b791da6|EVENT|001233,1784172660.0
1273.3215733717,51.6831703857,3.900602668,1273.3215733717,1234,1325.0047437574,S1B-GER40Cash-20260804T112811-196b791da6|EVENT|001234,1784172720.0
1273.3215733717,51.6831703857,3.900602668,1273.3215733717,1235,1325.0047437574,S1B-GER40Cash-20260804T112811-196b791da6|EVENT|001235,1784172780.0
1273.3215733717,51.6831703857,3.900602668,1273.3215733717,1236,1325.0047437574,S1B-GER40Cash-20260804T112811-196b791da6|EVENT|001236,1784172840.0
1273.3215733717,51.6831703857,3.900602668,1273.3215733717,1237,1325.0047437574,S1B-GER40Cash-20260804T112811-196b791da6|EVENT|001237,1784172900.0
1273.3215733717,51.6831703857,3.900602668,1273.3215733717,1238,1325.0047437574,S1B-GER40Cash-20260804T112811-196b791da6|EVENT|001238,1784172960.0
1273.3215733717,51.6831703857,3.900602668,1273.3215733717,1239,1325.0047437574,S1B-GER40Cash-20260804T112811-196b791da6|EVENT|001239,1784173020.0
1273.3215733717,51.6831703857,3.900602668,1273.3215733717,1240,1325.0047437574,S1B-GER40Cash-20260804T112811-196b791da6|EVENT|001240,1784173080.0
1273.3215733717,51.6831703857,3.900602668,1273.3215733717,1241,1325.0047437574,S1B-GER40Cash-20260804T112811-196b791da6|EVENT|001241,1784173140.0
1273.3215733717,51.6831703857,3.900602668,1273.3215733717,1242,1325.0047437574,S1B-GER40Cash-20260804T112811-196b791da6|EVENT|001242,1784173200.0
1273.3215733717,51.6831703857,3.900602668,1273.3215733717,1243,1325.0047437574,S1B-GER40Cash-20260804T112811-196b791da6|EVENT|001243,1784173260.0
1273.3215733717,51.6831703857,3.900602668,1273.3215733717,1244,1325.0047437574,S1B-GER40Cash-20260804T112811-196b791da6|EVENT|001244,1784173320.0
1273.3215733717,51.6831703857,3.900602668,1273.3215733717,1245,1325.0047437574,S1B-GER40Cash-20260804T112811-196b791da6|EVENT|001245,1784173380.0
1273.3215733717,51.6831703857,3.900602668,1273.3215733717,1246,1325.0047437574,S1B-GER40Cash-20260804T112811-196b791da6|EVENT|001246,1784173440.0
1273.3215733717,51.6831703857,3.900602668,1273.3215733717,1247,1325.0047437574,S1B-GER40Cash-20260804T112811-196b791da6|EVENT|001247,1784173500.0
1273.3215733717,51.6831703857,3.900602668,1273.3215733717,1248,1325.0047437574,S1B-GER40Cash-20260804T112811-196b791da6|EVENT|001248,1784173560.0
1273.3215733717,51.6831703857,3.900602668,1273.3215733717,1249,1325.0047437574,S1B-GER40Cash-20260804T112811-196b791da6|EVENT|001249,1784173620.0
1273.3215733717,51.6831703857,3.900602668,1273.3215733717,1250,1325.0047437574,S1B-GER40Cash-20260804T112811-196b791da6|EVENT|001250,1784173680.0
1273.3215733717,51.6831703857,3.900602668,1273.3215733717,1251,1325.0047437574,S1B-GER40Cash-20260804T112811-196b791da6|EVENT|001251,1784173740.0
1273.3215733717,51.6831703857,3.900602668,1273.3215733717,1252,1325.0047437574,S1B-GER40Cash-20260804T112811-196b791da6|EVENT|001252,1784173800.0
1273.3215733717,51.6831703857,3.900602668,1273.3215733717,1253,1325.0047437574,S1B-GER40Cash-20260804T112811-196b791da6|EVENT|001253,1784173860.0
1273.3215733717,51.6831703857,3.900602668,1273.3215733717,1254,1325.0047437574,S1B-GER40Cash-20260804T112811-196b791da6|EVENT|001254,1784173920.0
1273.3215733717,51.6831703857,3.900602668,1273.3215733717,1255,1325.0047437574,S1B-GER40Cash-20260804T112811-196b791da6|EVENT|001255,1784173980.0
1273.3215733717,51.6831703857,3.900602668,1273.3215733717,1256,1325.0047437574,S1B-GER40Cash-20260804T112811-196b791da6|EVENT|001256,1784174040.0
1273.3215733717,51.6831703857,3.900602668,1273.3215733717,1257,1325.0047437574,S1B-GER40Cash-20260804T112811-196b791da6|EVENT|001257,1784174100.0
1273.3215733717,51.6831703857,3.900602668,1273.3215733717,1258,1325.0047437574,S1B-GER40Cash-20260804T112811-196b791da6|EVENT|001258,1784174160.0
1273.3215733717,51.6831703857,3.900602668,1273.3215733717,1259,1325.0047437574,S1B-GER40Cash-20260804T112811-196b791da6|EVENT|001259,1784174220.0
1273.3215733717,51.6831703857,3.900602668,1273.3215733717,1260,1325.0047437574,S1B-GER40Cash-20260804T112811-196b791da6|EVENT|001260,1784174280.0
1273.3215733717,51.6831703857,3.900602668,1273.3215733717,1261,1325.0047437574,S1B-GER40Cash-20260804T112811-196b791da6|EVENT|001261,1784174340.0
1273.3215733717,51.6831703857,3.900602668,1273.3215733717,1262,1325.0047437574,S1B-GER40Cash-20260804T112811-196b791da6|EVENT|001262,1784174400.0
1273.3215733717,51.6831703857,3.900602668,1273.3215733717,1263,1325.0047437574,S1B-GER40Cash-20260804T112811-196b791da6|EVENT|001263,1784174460.0
1273.3215733717,51.6831703857,3.900602668,1273.3215733717,1264,1325.0047437574,S1B-GER40Cash-20260804T112811-196b791da6|EVENT|001264,1784174520.0
1273.3215733717,51.6831703857,3.900602668,1273.3215733717,1265,1325.0047437574,S1B-GER40Cash-20260804T112811-196b791da6|EVENT|001265,1784174580.0
1273.3215733717,51.6831703857,3.900602668,1273.3215733717,1266,1325.0047437574,S1B-GER40Cash-20260804T112811-196b791da6|EVENT|001266,1784174640.0
1273.3215733717,51.6831703857,3.900602668,1273.3215733717,1267,1325.0047437574,S1B-GER40Cash-20260804T112811-196b791da6|EVENT|001267,1784174700.0
1273.3215733717,51.6831703857,3.900602668,1273.3215733717,1268,1325.0047437574,S1B-GER40Cash-20260804T112811-196b791da6|EVENT|001268,1784174760.0
1273.3215733717,51.6831703857,3.900602668,1273.3215733717,1269,1325.0047437574,S1B-GER40Cash-20260804T112811-196b791da6|EVENT|001269,1784174820.0
1273.3215733717,51.6831703857,3.900602668,1273.3215733717,1270,1325.0047437574,S1B-GER40Cash-20260804T112811-196b791da6|EVENT|001270,1784174880.0
1273.3215733717,51.6831703857,3.900602668,1273.3215733717,1271,1325.0047437574,S1B-GER40Cash-20260804T112811-196b791da6|EVENT|001271,1784174940.0
1273.3215733717,51.6831703857,3.900602668,1273.3215733717,1272,1325.0047437574,S1B-GER40Cash-20260804T112811-196b791da6|EVENT|001272,1784175000.0
1273.3215733717,51.6831703857,3.900602668,1273.3215733717,1273,1325.0047437574,S1B-GER40Cash-20260804T112811-196b791da6|EVENT|001273,1784175060.0
1273.3215733717,51.6831703857,3.900602668,1273.3215733717,1274,1325.0047437574,S1B-GER40Cash-20260804T112811-196b791da6|EVENT|001274,1784175120.0
1273.3215733717,51.6831703857,3.900602668,1273.3215733717,1275,1325.0047437574,S1B-GER40Cash-20260804T112811-196b791da6|EVENT|001275,1784175180.0
1273.3215733717,51.6831703857,3.900602668,1273.3215733717,1276,1325.0047437574,S1B-GER40Cash-20260804T112811-196b791da6|EVENT|001276,1784175240.0
1273.3215733717,51.6831703857,3.900602668,1273.3215733717,1277,1325.0047437574,S1B-GER40Cash-20260804T112811-196b791da6|EVENT|001277,1784175300.0
1273.3215733717,51.6831703857,3.900602668,1273.3215733717,1278,1325.0047437574,S1B-GER40Cash-20260804T112811-196b791da6|EVENT|001278,1784175360.0
1273.3215733717,51.6831703857,3.900602668,1273.3215733717,1279,1325.0047437574,S1B-GER40Cash-20260804T112811-196b791da6|EVENT|001279,1784175420.0
1273.3215733717,51.6831703857,3.900602668,1273.3215733717,1280,1325.0047437574,S1B-GER40Cash-20260804T112811-196b791da6|EVENT|001280,1784175480.0
1273.3215733717,51.6831703857,3.900602668,1273.3215733717,1281,1325.0047437574,S1B-GER40Cash-20260804T112811-196b791da6|EVENT|001281,1784175540.0
1273.3215733717,51.6831703857,3.900602668,1273.3215733717,1282,1325.0047437574,S1B-GER40Cash-20260804T112811-196b791da6|EVENT|001282,1784175600.0
1273.3215733717,51.6831703857,3.900602668,1273.3215733717,1283,1325.0047437574,S1B-GER40Cash-20260804T112811-196b791da6|EVENT|001283,1784175660.0
1273.3215733717,51.6831703857,3.900602668,1273.3215733717,1284,1325.0047437574,S1B-GER40Cash-20260804T112811-196b791da6|EVENT|001284,1784175720.0
1273.3215733717,51.6831703857,3.900602668,1273.3215733717,1285,1325.0047437574,S1B-GER40Cash-20260804T112811-196b791da6|EVENT|001285,1784175780.0
1273.3215733717,51.6831703857,3.900602668,1273.3215733717,1286,1325.0047437574,S1B-GER40Cash-20260804T112811-196b791da6|EVENT|001286,1784175840.0
1273.3215733717,51.6831703857,3.900602668,1273.3215733717,1287,1325.0047437574,S1B-GER40Cash-20260804T112811-196b791da6|EVENT|001287,1784175900.0
1273.3215733717,51.6831703857,3.900602668,1273.3215733717,1288,1325.0047437574,S1B-GER40Cash-20260804T112811-196b791da6|EVENT|001288,1784175960.0
1273.3215733717,51.6831703857,3.900602668,1273.3215733717,1289,1325.0047437574,S1B-GER40Cash-20260804T112811-196b791da6|EVENT|001289,1784176020.0
1273.3215733717,51.6831703857,3.900602668,1273.3215733717,1290,1325.0047437574,S1B-GER40Cash-20260804T112811-196b791da6|EVENT|001290,1784176080.0
1273.3215733717,51.6831703857,3.900602668,1273.3215733717,1291,1325.0047437574,S1B-GER40Cash-20260804T112811-196b791da6|EVENT|001291,1784176140.0
1273.3215733717,51.6831703857,3.900602668,1273.3215733717,1292,1325.0047437574,S1B-GER40Cash-20260804T112811-196b791da6|EVENT|001292,1784176200.0
1273.3215733717,51.6831703857,3.900602668,1273.3215733717,1293,1325.0047437574,S1B-GER40Cash-20260804T112811-196b791da6|EVENT|001293,1784176260.0
1273.3215733717,51.6831703857,3.900602668,1273.3215733717,1294,1325.0047437574,S1B-GER40Cash-20260804T112811-196b791da6|EVENT|001294,1784176320.0
1273.3215733717,51.6831703857,3.900602668,1273.3215733717,1295,1325.0047437574,S1B-GER40Cash-20260804T112811-196b791da6|EVENT|001295,1784176380.0
1273.3215733717,51.6831703857,3.900602668,1273.3215733717,1296,1325.0047437574,S1B-GER40Cash-20260804T112811-196b791da6|EVENT|001296,1784176440.0
1273.3215733717,51.6831703857,3.900602668,1273.3215733717,1297,1325.0047437574,S1B-GER40Cash-20260804T112811-196b791da6|EVENT|001297,1784176500.0
1273.3215733717,51.6831703857,3.900602668,1273.3215733717,1298,1325.0047437574,S1B-GER40Cash-20260804T112811-196b791da6|EVENT|001298,1784176560.0
1273.3215733717,51.6831703857,3.900602668,1273.3215733717,1299,1325.0047437574,S1B-GER40Cash-20260804T112811-196b791da6|EVENT|001299,1784176620.0
1273.3215733717,51.6831703857,3.900602668,1273.3215733717,1300,1325.0047437574,S1B-GER40Cash-20260804T112811-196b791da6|EVENT|001300,1784176680.0
1273.3215733717,51.6831703857,3.900602668,1273.3215733717,1301,1325.0047437574,S1B-GER40Cash-20260804T112811-196b791da6|EVENT|001301,1784176740.0
1273.3215733717,51.6831703857,3.900602668,1273.3215733717,1302,1325.0047437574,S1B-GER40Cash-20260804T112811-196b791da6|EVENT|001302,1784176800.0
1273.3215733717,51.6831703857,3.900602668,1273.3215733717,1303,1325.0047437574,S1B-GER40Cash-20260804T112811-196b791da6|EVENT|001303,1784176860.0
1273.3215733717,51.6831703857,3.900602668,1273.3215733717,1304,1325.0047437574,S1B-GER40Cash-20260804T112811-196b791da6|EVENT|001304,1784176920.0
1273.3215733717,51.6831703857,3.900602668,1273.3215733717,1305,1325.0047437574,S1B-GER40Cash-20260804T112811-196b791da6|EVENT|001305,1784176980.0
1273.3215733717,51.6831703857,3.900602668,1273.3215733717,1306,1325.0047437574,S1B-GER40Cash-20260804T112811-196b791da6|EVENT|001306,1784177040.0
1273.3215733717,51.6831703857,3.900602668,1273.3215733717,1307,1325.0047437574,S1B-GER40Cash-20260804T112811-196b791da6|EVENT|001307,1784177100.0
1273.3215733717,51.6831703857,3.900602668,1273.3215733717,1308,1325.0047437574,S1B-GER40Cash-20260804T112811-196b791da6|EVENT|001308,1784177160.0
1273.3215733717,51.6831703857,3.900602668,1273.3215733717,1309,1325.0047437574,S1B-GER40Cash-20260804T112811-196b791da6|EVENT|001309,1784177220.0
1273.3215733717,51.6831703857,3.900602668,1273.3215733717,1310,1325.0047437574,S1B-GER40Cash-20260804T112811-196b791da6|EVENT|001310,1784177280.0
1273.3215733717,51.6831703857,3.900602668,1273.3215733717,1311,1325.0047437574,S1B-GER40Cash-20260804T112811-196b791da6|EVENT|001311,1784177340.0
1273.3215733717,51.6831703857,3.900602668,1273.3215733717,1312,1325.0047437574,S1B-GER40Cash-20260804T112811-196b791da6|EVENT|001312,1784177400.0
1273.3215733717,51.6831703857,3.900602668,1273.3215733717,1313,1325.0047437574,S1B-GER40Cash-20260804T112811-196b791da6|EVENT|001313,1784177460.0
1273.3215733717,51.6831703857,3.900602668,1273.3215733717,1314,1325.0047437574,S1B-GER40Cash-20260804T112811-196b791da6|EVENT|001314,1784177520.0
1273.3215733717,51.6831703857,3.900602668,1273.3215733717,1315,1325.0047437574,S1B-GER40Cash-20260804T112811-196b791da6|EVENT|001315,1784177580.0
1273.3215733717,51.6831703857,3.900602668,1273.3215733717,1316,1325.0047437574,S1B-GER40Cash-20260804T112811-196b791da6|EVENT|001316,1784177640.0
1273.3215733717,51.6831703857,3.900602668,1273.3215733717,1317,1325.0047437574,S1B-GER40Cash-20260804T112811-196b791da6|EVENT|001317,1784177700.0
1273.3215733717,51.6831703857,3.900602668,1273.3215733717,1318,1325.0047437574,S1B-GER40Cash-20260804T112811-196b791da6|EVENT|001318,1784177760.0
1273.3215733717,51.6831703857,3.900602668,1273.3215733717,1319,1325.0047437574,S1B-GER40Cash-20260804T112811-196b791da6|EVENT|001319,1784177820.0
1273.3215733717,51.6831703857,3.900602668,1273.3215733717,1320,1325.0047437574,S1B-GER40Cash-20260804T112811-196b791da6|EVENT|001320,1784177880.0
1273.3215733717,51.6831703857,3.900602668,1273.3215733717,1321,1325.0047437574,S1B-GER40Cash-20260804T112811-196b791da6|EVENT|001321,1784177940.0
1273.3215733717,51.6831703857,3.900602668,1273.3215733717,1322,1325.0047437574,S1B-GER40Cash-20260804T112811-196b791da6|EVENT|001322,1784178000.0
1273.3215733717,51.6831703857,3.900602668,1273.3215733717,1323,1325.0047437574,S1B-GER40Cash-20260804T112811-196b791da6|EVENT|001323,1784178060.0
1273.3215733717,51.6831703857,3.900602668,1273.3215733717,1324,1325.0047437574,S1B-GER40Cash-20260804T112811-196b791da6|EVENT|001324,1784178120.0
1273.3215733717,51.6831703857,3.900602668,1273.3215733717,1325,1325.0047437574,S1B-GER40Cash-20260804T112811-196b791da6|EVENT|001325,1784178180.0
1273.3215733717,51.6831703857,3.900602668,1273.3215733717,1326,1325.0047437574,S1B-GER40Cash-20260804T112811-196b791da6|EVENT|001326,1784178240.0
1273.3215733717,51.6831703857,3.900602668,1273.3215733717,1327,1325.0047437574,S1B-GER40Cash-20260804T112811-196b791da6|EVENT|001327,1784178300.0
1273.3215733717,51.6831703857,3.900602668,1273.3215733717,1328,1325.0047437574,S1B-GER40Cash-20260804T112811-196b791da6|EVENT|001328,1784178360.0
1273.3215733717,51.6831703857,3.900602668,1273.3215733717,1329,1325.0047437574,S1B-GER40Cash-20260804T112811-196b791da6|EVENT|001329,1784178420.0
1273.3215733717,51.6831703857,3.900602668,1273.3215733717,1330,1325.0047437574,S1B-GER40Cash-20260804T112811-196b791da6|EVENT|001330,1784178480.0
1273.3215733717,51.6831703857,3.900602668,1273.3215733717,1331,1325.0047437574,S1B-GER40Cash-20260804T112811-196b791da6|EVENT|001331,1784178540.0
1273.3215733717,51.6831703857,3.900602668,1273.3215733717,1332,1325.0047437574,S1B-GER40Cash-20260804T112811-196b791da6|EVENT|001332,1784178600.0
1273.3215733717,51.6831703857,3.900602668,1273.3215733717,1333,1325.0047437574,S1B-GER40Cash-20260804T112811-196b791da6|EVENT|001333,1784178660.0
1273.3215733717,51.6831703857,3.900602668,1273.3215733717,1334,1325.0047437574,S1B-GER40Cash-20260804T112811-196b791da6|EVENT|001334,1784178720.0
1273.3215733717,51.6831703857,3.900602668,1273.3215733717,1335,1325.0047437574,S1B-GER40Cash-20260804T112811-196b791da6|EVENT|001335,1784178780.0
1273.3215733717,51.6831703857,3.900602668,1273.3215733717,1336,1325.0047437574,S1B-GER40Cash-20260804T112811-196b791da6|EVENT|001336,1784178840.0
1273.3215733717,51.6831703857,3.900602668,1273.3215733717,1337,1325.0047437574,S1B-GER40Cash-20260804T112811-196b791da6|EVENT|001337,1784178900.0
1273.3215733717,51.6831703857,3.900602668,1273.3215733717,1338,1325.0047437574,S1B-GER40Cash-20260804T112811-196b791da6|EVENT|001338,1784178960.0
1273.3215733717,51.6831703857,3.900602668,1273.3215733717,1339,1325.0047437574,S1B-GER40Cash-20260804T112811-196b791da6|EVENT|001339,1784179020.0
1273.3215733717,51.6831703857,3.900602668,1273.3215733717,1340,1325.0047437574,S1B-GER40Cash-20260804T112811-196b791da6|EVENT|001340,1784179080.0
1273.3215733717,51.6831703857,3.900602668,1273.3215733717,1341,1325.0047437574,S1B-GER40Cash-20260804T112811-196b791da6|EVENT|001341,1784179140.0
1273.3215733717,51.6831703857,3.900602668,1273.3215733717,1342,1325.0047437574,S1B-GER40Cash-20260804T112811-196b791da6|EVENT|001342,1784179200.0
1273.3215733717,51.6831703857,3.900602668,1273.3215733717,1343,1325.0047437574,S1B-GER40Cash-20260804T112811-196b791da6|EVENT|001343,1784179260.0
1273.3215733717,51.6831703857,3.900602668,1273.3215733717,1344,1325.0047437574,S1B-GER40Cash-20260804T112811-196b791da6|EVENT|001344,1784179320.0
1273.3215733717,51.6831703857,3.900602668,1273.3215733717,1345,1325.0047437574,S1B-GER40Cash-20260804T112811-196b791da6|EVENT|001345,1784179380.0
1273.3215733717,51.6831703857,3.900602668,1273.3215733717,1346,1325.0047437574,S1B-GER40Cash-20260804T112811-196b791da6|EVENT|001346,1784179440.0
1273.3215733717,51.6831703857,3.900602668,1273.3215733717,1347,1325.0047437574,S1B-GER40Cash-20260804T112811-196b791da6|EVENT|001347,1784179500.0
1273.3215733717,51.6831703857,3.900602668,1273.3215733717,1348,1325.0047437574,S1B-GER40Cash-20260804T112811-196b791da6|EVENT|001348,1784179560.0
1273.3215733717,51.6831703857,3.900602668,1273.3215733717,1349,1325.0047437574,S1B-GER40Cash-20260804T112811-196b791da6|EVENT|001349,1784179620.0
1273.3215733717,51.6831703857,3.900602668,1273.3215733717,1350,1325.0047437574,S1B-GER40Cash-20260804T112811-196b791da6|EVENT|001350,1784179680.0
1273.3215733717,51.6831703857,3.900602668,1273.3215733717,1351,1325.0047437574,S1B-GER40Cash-20260804T112811-196b791da6|EVENT|001351,1784179740.0
1273.3215733717,51.6831703857,3.900602668,1273.3215733717,1352,1325.0047437574,S1B-GER40Cash-20260804T112811-196b791da6|EVENT|001352,1784179800.0
1273.3215733717,51.6831703857,3.900602668,1273.3215733717,1353,1325.0047437574,S1B-GER40Cash-20260804T112811-196b791da6|EVENT|001353,1784179860.0
1273.3215733717,51.6831703857,3.900602668,1273.3215733717,1354,1325.0047437574,S1B-GER40Cash-20260804T112811-196b791da6|EVENT|001354,1784179920.0
1273.3215733717,51.6831703857,3.900602668,1273.3215733717,1355,1325.0047437574,S1B-GER40Cash-20260804T112811-196b791da6|EVENT|001355,1784179980.0
1273.3215733717,51.6831703857,3.900602668,1273.3215733717,1356,1325.0047437574,S1B-GER40Cash-20260804T112811-196b791da6|EVENT|001356,1784180040.0
1273.3215733717,51.6831703857,3.900602668,1273.3215733717,1357,1325.0047437574,S1B-GER40Cash-20260804T112811-196b791da6|EVENT|001357,1784180100.0
1273.3215733717,51.6831703857,3.900602668,1273.3215733717,1358,1325.0047437574,S1B-GER40Cash-20260804T112811-196b791da6|EVENT|001358,1784180160.0
1273.3215733717,51.6831703857,3.900602668,1273.3215733717,1359,1325.0047437574,S1B-GER40Cash-20260804T112811-196b791da6|EVENT|001359,1784180220.0
1273.3215733717,51.6831703857,3.900602668,1273.3215733717,1360,1325.0047437574,S1B-GER40Cash-20260804T112811-196b791da6|EVENT|001360,1784180280.0
1273.3215733717,51.6831703857,3.900602668,1273.3215733717,1361,1325.0047437574,S1B-GER40Cash-20260804T112811-196b791da6|EVENT|001361,1784180340.0
1273.3215733717,51.6831703857,3.900602668,1273.3215733717,1362,1325.0047437574,S1B-GER40Cash-20260804T112811-196b791da6|EVENT|001362,1784180400.0
1273.3215733717,51.6831703857,3.900602668,1273.3215733717,1363,1325.0047437574,S1B-GER40Cash-20260804T112811-196b791da6|EVENT|001363,1784180460.0
1273.3215733717,51.6831703857,3.900602668,1273.3215733717,1364,1325.0047437574,S1B-GER40Cash-20260804T112811-196b791da6|EVENT|001364,1784180520.0
1273.3215733717,51.6831703857,3.900602668,1273.3215733717,1365,1325.0047437574,S1B-GER40Cash-20260804T112811-196b791da6|EVENT|001365,1784180580.0
1273.3215733717,51.6831703857,3.900602668,1273.3215733717,1366,1325.0047437574,S1B-GER40Cash-20260804T112811-196b791da6|EVENT|001366,1784180640.0
1273.3215733717,51.6831703857,3.900602668,1273.3215733717,1367,1325.0047437574,S1B-GER40Cash-20260804T112811-196b791da6|EVENT|001367,1784180700.0
1273.3215733717,51.6831703857,3.900602668,1273.3215733717,1368,1325.0047437574,S1B-GER40Cash-20260804T112811-196b791da6|EVENT|001368,1784180760.0
1273.3215733717,51.6831703857,3.900602668,1273.3215733717,1369,1325.0047437574,S1B-GER40Cash-20260804T112811-196b791da6|EVENT|001369,1784180820.0
1273.3215733717,51.6831703857,3.900602668,1273.3215733717,1370,1325.0047437574,S1B-GER40Cash-20260804T112811-196b791da6|EVENT|001370,1784180880.0
1273.3215733717,51.6831703857,3.900602668,1273.3215733717,1371,1325.0047437574,S1B-GER40Cash-20260804T112811-196b791da6|EVENT|001371,1784180940.0
1273.3215733717,51.6831703857,3.900602668,1273.3215733717,1372,1325.0047437574,S1B-GER40Cash-20260804T112811-196b791da6|EVENT|001372,1784181000.0
1273.3215733717,51.6831703857,3.900602668,1273.3215733717,1373,1325.0047437574,S1B-GER40Cash-20260804T112811-196b791da6|EVENT|001373,1784181060.0
1273.3215733717,51.6831703857,3.900602668,1273.3215733717,1374,1325.0047437574,S1B-GER40Cash-20260804T112811-196b791da6|EVENT|001374,1784181120.0
1273.3215733717,51.6831703857,3.900602668,1273.3215733717,1375,1325.0047437574,S1B-GER40Cash-20260804T112811-196b791da6|EVENT|001375,1784181180.0
1273.3215733717,51.6831703857,3.900602668,1273.3215733717,1376,1325.0047437574,S1B-GER40Cash-20260804T112811-196b791da6|EVENT|001376,1784181240.0
1273.3215733717,51.6831703857,3.900602668,1273.3215733717,1377,1325.0047437574,S1B-GER40Cash-20260804T112811-196b791da6|EVENT|001377,1784181300.0
1273.3215733717,51.6831703857,3.900602668,1273.3215733717,1378,1325.0047437574,S1B-GER40Cash-20260804T112811-196b791da6|EVENT|001378,1784181360.0
1273.3215733717,51.6831703857,3.900602668,1273.3215733717,1379,1325.0047437574,S1B-GER40Cash-20260804T112811-196b791da6|EVENT|001379,1784181420.0
1273.3215733717,51.6831703857,3.900602668,1273.3215733717,1380,1325.0047437574,S1B-GER40Cash-20260804T112811-196b791da6|EVENT|001380,1784181480.0
1273.3215733717,51.6831703857,3.900602668,1273.3215733717,1381,1325.0047437574,S1B-GER40Cash-20260804T112811-196b791da6|EVENT|001381,1784181540.0
1273.3215733717,51.6831703857,3.900602668,1273.3215733717,1382,1325.0047437574,S1B-GER40Cash-20260804T112811-196b791da6|EVENT|001382,1784181600.0
1273.3215733717,51.6831703857,3.900602668,1273.3215733717,1383,1325.0047437574,S1B-GER40Cash-20260804T112811-196b791da6|EVENT|001383,1784181660.0
1273.3215733717,51.6831703857,3.900602668,1273.3215733717,1384,1325.0047437574,S1B-GER40Cash-20260804T112811-196b791da6|EVENT|001384,1784181720.0
1273.3215733717,51.6831703857,3.900602668,1273.3215733717,1385,1325.0047437574,S1B-GER40Cash-20260804T112811-196b791da6|EVENT|001385,1784181780.0
1273.3215733717,51.6831703857,3.900602668,1273.3215733717,1386,1325.0047437574,S1B-GER40Cash-20260804T112811-196b791da6|EVENT|001386,1784181840.0
1273.3215733717,51.6831703857,3.900602668,1273.3215733717,1387,1325.0047437574,S1B-GER40Cash-20260804T112811-196b791da6|EVENT|001387,1784181900.0
1273.3215733717,51.6831703857,3.900602668,1273.3215733717,1388,1325.0047437574,S1B-GER40Cash-20260804T112811-196b791da6|EVENT|001388,1784181960.0
1273.3215733717,51.6831703857,3.900602668,1273.3215733717,1389,1325.0047437574,S1B-GER40Cash-20260804T112811-196b791da6|EVENT|001389,1784182020.0
1273.3215733717,51.6831703857,3.900602668,1273.3215733717,1390,1325.0047437574,S1B-GER40Cash-20260804T112811-196b791da6|EVENT|001390,1784182080.0
1273.3215733717,51.6831703857,3.900602668,1273.3215733717,1391,1325.0047437574,S1B-GER40Cash-20260804T112811-196b791da6|EVENT|001391,1784182140.0
1273.3215733717,51.6831703857,3.900602668,1273.3215733717,1392,1325.0047437574,S1B-GER40Cash-20260804T112811-196b791da6|EVENT|001392,1784182200.0
1273.3215733717,51.6831703857,3.900602668,1273.3215733717,1393,1325.0047437574,S1B-GER40Cash-20260804T112811-196b791da6|EVENT|001393,1784182260.0
1273.3215733717,51.6831703857,3.900602668,1273.3215733717,1394,1325.0047437574,S1B-GER40Cash-20260804T112811-196b791da6|EVENT|001394,1784182320.0
1273.3215733717,51.6831703857,3.900602668,1273.3215733717,1395,1325.0047437574,S1B-GER40Cash-20260804T112811-196b791da6|EVENT|001395,1784182380.0
1273.3215733717,51.6831703857,3.900602668,1273.3215733717,1396,1325.0047437574,S1B-GER40Cash-20260804T112811-196b791da6|EVENT|001396,1784182440.0
1273.3215733717,51.6831703857,3.900602668,1273.3215733717,1397,1325.0047437574,S1B-GER40Cash-20260804T112811-196b791da6|EVENT|001397,1784182500.0
1273.3215733717,51.6831703857,3.900602668,1273.3215733717,1398,1325.0047437574,S1B-GER40Cash-20260804T112811-196b791da6|EVENT|001398,1784182560.0
1273.3215733717,51.6831703857,3.900602668,1273.3215733717,1399,1325.0047437574,S1B-GER40Cash-20260804T112811-196b791da6|EVENT|001399,1784182620.0
1273.3215733717,51.6831703857,3.900602668,1273.3215733717,1400,1325.0047437574,S1B-GER40Cash-20260804T112811-196b791da6|EVENT|001400,1784182680.0
1273.3215733717,51.6831703857,3.900602668,1273.3215733717,1401,1325.0047437574,S1B-GER40Cash-20260804T112811-196b791da6|EVENT|001401,1784182740.0
1273.3215733717,51.6831703857,3.900602668,1273.3215733717,1402,1325.0047437574,S1B-GER40Cash-20260804T112811-196b791da6|EVENT|001402,1784182800.0
1273.3215733717,51.6831703857,3.900602668,1273.3215733717,1403,1325.0047437574,S1B-GER40Cash-20260804T112811-196b791da6|EVENT|001403,1784182860.0
1273.3215733717,51.6831703857,3.900602668,1273.3215733717,1404,1325.0047437574,S1B-GER40Cash-20260804T112811-196b791da6|EVENT|001404,1784182920.0
1273.3215733717,51.6831703857,3.900602668,1273.3215733717,1405,1325.0047437574,S1B-GER40Cash-20260804T112811-196b791da6|EVENT|001405,1784182980.0
1273.3215733717,51.6831703857,3.900602668,1273.3215733717,1406,1325.0047437574,S1B-GER40Cash-20260804T112811-196b791da6|EVENT|001406,1784183040.0
1273.3215733717,51.6831703857,3.900602668,1273.3215733717,1407,1325.0047437574,S1B-GER40Cash-20260804T112811-196b791da6|EVENT|001407,1784183100.0
1273.3215733717,51.6831703857,3.900602668,1273.3215733717,1408,1325.0047437574,S1B-GER40Cash-20260804T112811-196b791da6|EVENT|001408,1784183160.0
1273.3215733717,51.6831703857,3.900602668,1273.3215733717,1409,1325.0047437574,S1B-GER40Cash-20260804T112811-196b791da6|EVENT|001409,1784183220.0
1273.3215733717,51.6831703857,3.900602668,1273.3215733717,1410,1325.0047437574,S1B-GER40Cash-20260804T112811-196b791da6|EVENT|001410,1784183280.0
1273.3215733717,51.6831703857,3.900602668,1273.3215733717,1411,1325.0047437574,S1B-GER40Cash-20260804T112811-196b791da6|EVENT|001411,1784183340.0
1273.3215733717,51.6831703857,3.900602668,1273.3215733717,1412,1325.0047437574,S1B-GER40Cash-20260804T112811-196b791da6|EVENT|001412,1784183400.0
1273.3215733717,51.6831703857,3.900602668,1273.3215733717,1413,1325.0047437574,S1B-GER40Cash-20260804T112811-196b791da6|EVENT|001413,1784183460.0
1273.3215733717,51.6831703857,3.900602668,1273.3215733717,1414,1325.0047437574,S1B-GER40Cash-20260804T112811-196b791da6|EVENT|001414,1784183520.0
1273.3215733717,51.6831703857,3.900602668,1273.3215733717,1415,1325.0047437574,S1B-GER40Cash-20260804T112811-196b791da6|EVENT|001415,1784183580.0
1273.3215733717,51.6831703857,3.900602668,1273.3215733717,1416,1325.0047437574,S1B-GER40Cash-20260804T112811-196b791da6|EVENT|001416,1784183640.0
1273.3215733717,51.6831703857,3.900602668,1273.3215733717,1417,1325.0047437574,S1B-GER40Cash-20260804T112811-196b791da6|EVENT|001417,1784183700.0
1273.3215733717,51.6831703857,3.900602668,1273.3215733717,1418,1325.0047437574,S1B-GER40Cash-20260804T112811-196b791da6|EVENT|001418,1784183760.0
1273.3215733717,51.6831703857,3.900602668,1273.3215733717,1419,1325.0047437574,S1B-GER40Cash-20260804T112811-196b791da6|EVENT|001419,1784183820.0
1273.3215733717,51.6831703857,3.900602668,1273.3215733717,1420,1325.0047437574,S1B-GER40Cash-20260804T112811-196b791da6|EVENT|001420,1784183880.0
1273.3215733717,51.6831703857,3.900602668,1273.3215733717,1421,1325.0047437574,S1B-GER40Cash-20260804T112811-196b791da6|EVENT|001421,1784183940.0
1273.3215733717,51.6831703857,3.900602668,1273.3215733717,1422,1325.0047437574,S1B-GER40Cash-20260804T112811-196b791da6|EVENT|001422,1784184000.0
1273.3215733717,51.6831703857,3.900602668,1273.3215733717,1423,1325.0047437574,S1B-GER40Cash-20260804T112811-196b791da6|EVENT|001423,1784184060.0
1273.3215733717,51.6831703857,3.900602668,1273.3215733717,1424,1325.0047437574,S1B-GER40Cash-20260804T112811-196b791da6|EVENT|001424,1784184120.0
1273.3215733717,51.6831703857,3.900602668,1273.3215733717,1425,1325.0047437574,S1B-GER40Cash-20260804T112811-196b791da6|EVENT|001425,1784184180.0
1273.3215733717,51.6831703857,3.900602668,1273.3215733717,1426,1325.0047437574,S1B-GER40Cash-20260804T112811-196b791da6|EVENT|001426,1784184240.0
1273.3215733717,51.6831703857,3.900602668,1273.3215733717,1427,1325.0047437574,S1B-GER40Cash-20260804T112811-196b791da6|EVENT|001427,1784184300.0
1273.3215733717,51.6831703857,3.900602668,1273.3215733717,1428,1325.0047437574,S1B-GER40Cash-20260804T112811-196b791da6|EVENT|001428,1784184360.0
1273.3215733717,51.6831703857,3.900602668,1273.3215733717,1429,1325.0047437574,S1B-GER40Cash-20260804T112811-196b791da6|EVENT|001429,1784184480.0
1273.3215733717,51.6831703857,3.900602668,1273.3215733717,1430,1325.0047437574,S1B-GER40Cash-20260804T112811-196b791da6|EVENT|001430,1784184540.0
1273.3215733717,51.6831703857,3.900602668,1273.3215733717,1431,1325.0047437574,S1B-GER40Cash-20260804T112811-196b791da6|EVENT|001431,1784184600.0
1273.3215733717,51.6831703857,3.900602668,1273.3215733717,1432,1325.0047437574,S1B-GER40Cash-20260804T112811-196b791da6|EVENT|001432,1784184660.0
1273.3215733717,51.6831703857,3.900602668,1273.3215733717,1433,1325.0047437574,S1B-GER40Cash-20260804T112811-196b791da6|EVENT|001433,1784184720.0
1273.3215733717,51.6831703857,3.900602668,1273.3215733717,1434,1325.0047437574,S1B-GER40Cash-20260804T112811-196b791da6|EVENT|001434,1784184780.0
1273.3215733717,51.6831703857,3.900602668,1273.3215733717,1435,1325.0047437574,S1B-GER40Cash-20260804T112811-196b791da6|EVENT|001435,1784184840.0
1273.3215733717,51.6831703857,3.900602668,1273.3215733717,1436,1325.0047437574,S1B-GER40Cash-20260804T112811-196b791da6|EVENT|001436,1784184900.0
1273.3215733717,51.6831703857,3.900602668,1273.3215733717,1437,1325.0047437574,S1B-GER40Cash-20260804T112811-196b791da6|EVENT|001437,1784184960.0
1273.3215733717,51.6831703857,3.900602668,1273.3215733717,1438,1325.0047437574,S1B-GER40Cash-20260804T112811-196b791da6|EVENT|001438,1784185020.0
1273.3215733717,51.6831703857,3.900602668,1273.3215733717,1439,1325.0047437574,S1B-GER40Cash-20260804T112811-196b791da6|EVENT|001439,1784185080.0
1273.3215733717,51.6831703857,3.900602668,1273.3215733717,1440,1325.0047437574,S1B-GER40Cash-20260804T112811-196b791da6|EVENT|001440,1784185140.0
1273.3215733717,51.6831703857,3.900602668,1273.3215733717,1441,1325.0047437574,S1B-GER40Cash-20260804T112811-196b791da6|EVENT|001441,1784185200.0
1273.3215733717,51.6831703857,3.900602668,1273.3215733717,1442,1325.0047437574,S1B-GER40Cash-20260804T112811-196b791da6|EVENT|001442,1784185260.0
1273.3215733717,51.6831703857,3.900602668,1273.3215733717,1443,1325.0047437574,S1B-GER40Cash-20260804T112811-196b791da6|EVENT|001443,1784185320.0
1273.3215733717,51.6831703857,3.900602668,1273.3215733717,1444,1325.0047437574,S1B-GER40Cash-20260804T112811-196b791da6|EVENT|001444,1784185380.0
1273.3215733717,51.6831703857,3.900602668,1273.3215733717,1445,1325.0047437574,S1B-GER40Cash-20260804T112811-196b791da6|EVENT|001445,1784185440.0
1273.3215733717,51.6831703857,3.900602668,1273.3215733717,1446,1325.0047437574,S1B-GER40Cash-20260804T112811-196b791da6|EVENT|001446,1784185500.0
1273.3215733717,51.6831703857,3.900602668,1273.3215733717,1447,1325.0047437574,S1B-GER40Cash-20260804T112811-196b791da6|EVENT|001447,1784185560.0
1273.3215733717,51.6831703857,3.900602668,1273.3215733717,1448,1325.0047437574,S1B-GER40Cash-20260804T112811-196b791da6|EVENT|001448,1784185620.0
1273.3215733717,51.6831703857,3.900602668,1273.3215733717,1449,1325.0047437574,S1B-GER40Cash-20260804T112811-196b791da6|EVENT|001449,1784185680.0
1273.3215733717,51.6831703857,3.900602668,1273.3215733717,1450,1325.0047437574,S1B-GER40Cash-20260804T112811-196b791da6|EVENT|001450,1784185740.0
1273.3215733717,51.6831703857,3.900602668,1273.3215733717,1451,1325.0047437574,S1B-GER40Cash-20260804T112811-196b791da6|EVENT|001451,1784185800.0
1273.3215733717,51.6831703857,3.900602668,1273.3215733717,1452,1325.0047437574,S1B-GER40Cash-20260804T112811-196b791da6|EVENT|001452,1784185860.0
1273.3215733717,51.6831703857,3.900602668,1273.3215733717,1453,1325.0047437574,S1B-GER40Cash-20260804T112811-196b791da6|EVENT|001453,1784185920.0
1273.3215733717,51.6831703857,3.900602668,1273.3215733717,1454,1325.0047437574,S1B-GER40Cash-20260804T112811-196b791da6|EVENT|001454,1784185980.0
1273.3215733717,51.6831703857,3.900602668,1273.3215733717,1455,1325.0047437574,S1B-GER40Cash-20260804T112811-196b791da6|EVENT|001455,1784186040.0
1273.3215733717,51.6831703857,3.900602668,1273.3215733717,1456,1325.0047437574,S1B-GER40Cash-20260804T112811-196b791da6|EVENT|001456,1784186100.0
1273.3215733717,51.6831703857,3.900602668,1273.3215733717,1457,1325.0047437574,S1B-GER40Cash-20260804T112811-196b791da6|EVENT|001457,1784186160.0
1273.3215733717,51.6831703857,3.900602668,1273.3215733717,1458,1325.0047437574,S1B-GER40Cash-20260804T112811-196b791da6|EVENT|001458,1784186220.0
1273.3215733717,51.6831703857,3.900602668,1273.3215733717,1459,1325.0047437574,S1B-GER40Cash-20260804T112811-196b791da6|EVENT|001459,1784186280.0
1273.3215733717,51.6831703857,3.900602668,1273.3215733717,1460,1325.0047437574,S1B-GER40Cash-20260804T112811-196b791da6|EVENT|001460,1784186340.0
1273.3215733717,51.6831703857,3.900602668,1273.3215733717,1461,1325.0047437574,S1B-GER40Cash-20260804T112811-196b791da6|EVENT|001461,1784186400.0
1273.3215733717,51.6831703857,3.900602668,1273.3215733717,1462,1325.0047437574,S1B-GER40Cash-20260804T112811-196b791da6|EVENT|001462,1784186460.0
1273.3215733717,51.6831703857,3.900602668,1273.3215733717,1463,1325.0047437574,S1B-GER40Cash-20260804T112811-196b791da6|EVENT|001463,1784186520.0
1273.3215733717,51.6831703857,3.900602668,1273.3215733717,1464,1325.0047437574,S1B-GER40Cash-20260804T112811-196b791da6|EVENT|001464,1784186580.0
1273.3215733717,51.6831703857,3.900602668,1273.3215733717,1465,1325.0047437574,S1B-GER40Cash-20260804T112811-196b791da6|EVENT|001465,1784186640.0
1273.3215733717,51.6831703857,3.900602668,1273.3215733717,1466,1325.0047437574,S1B-GER40Cash-20260804T112811-196b791da6|EVENT|001466,1784186700.0
1273.3215733717,51.6831703857,3.900602668,1273.3215733717,1467,1325.0047437574,S1B-GER40Cash-20260804T112811-196b791da6|EVENT|001467,1784186760.0
1273.3215733717,51.6831703857,3.900602668,1273.3215733717,1468,1325.0047437574,S1B-GER40Cash-20260804T112811-196b791da6|EVENT|001468,1784186820.0
1273.3215733717,51.6831703857,3.900602668,1273.3215733717,1469,1325.0047437574,S1B-GER40Cash-20260804T112811-196b791da6|EVENT|001469,1784186880.0
1273.3215733717,51.6831703857,3.900602668,1273.3215733717,1470,1325.0047437574,S1B-GER40Cash-20260804T112811-196b791da6|EVENT|001470,1784186940.0
1273.3215733717,51.6831703857,3.900602668,1273.3215733717,1471,1325.0047437574,S1B-GER40Cash-20260804T112811-196b791da6|EVENT|001471,1784187000.0
1273.3215733717,51.6831703857,3.900602668,1273.3215733717,1472,1325.0047437574,S1B-GER40Cash-20260804T112811-196b791da6|EVENT|001472,1784187060.0
1273.3215733717,51.6831703857,3.900602668,1273.3215733717,1473,1325.0047437574,S1B-GER40Cash-20260804T112811-196b791da6|EVENT|001473,1784187120.0
1273.3215733717,51.6831703857,3.900602668,1273.3215733717,1474,1325.0047437574,S1B-GER40Cash-20260804T112811-196b791da6|EVENT|001474,1784187180.0
1273.3215733717,51.6831703857,3.900602668,1273.3215733717,1475,1325.0047437574,S1B-GER40Cash-20260804T112811-196b791da6|EVENT|001475,1784187240.0
1273.3215733717,51.6831703857,3.900602668,1273.3215733717,1476,1325.0047437574,S1B-GER40Cash-20260804T112811-196b791da6|EVENT|001476,1784187300.0
1273.3215733717,51.6831703857,3.900602668,1273.3215733717,1477,1325.0047437574,S1B-GER40Cash-20260804T112811-196b791da6|EVENT|001477,1784187360.0
1273.3215733717,51.6831703857,3.900602668,1273.3215733717,1478,1325.0047437574,S1B-GER40Cash-20260804T112811-196b791da6|EVENT|001478,1784187420.0
1273.3215733717,51.6831703857,3.900602668,1273.3215733717,1479,1325.0047437574,S1B-GER40Cash-20260804T112811-196b791da6|EVENT|001479,1784187480.0
1273.3215733717,51.6831703857,3.900602668,1273.3215733717,1480,1325.0047437574,S1B-GER40Cash-20260804T112811-196b791da6|EVENT|001480,1784187540.0
1273.3215733717,51.6831703857,3.900602668,1273.3215733717,1481,1325.0047437574,S1B-GER40Cash-20260804T112811-196b791da6|EVENT|001481,1784187600.0
1273.3215733717,51.6831703857,3.900602668,1273.3215733717,1482,1325.0047437574,S1B-GER40Cash-20260804T112811-196b791da6|EVENT|001482,1784187660.0
1273.3215733717,51.6831703857,3.900602668,1273.3215733717,1483,1325.0047437574,S1B-GER40Cash-20260804T112811-196b791da6|EVENT|001483,1784187720.0
1273.3215733717,51.6831703857,3.900602668,1273.3215733717,1484,1325.0047437574,S1B-GER40Cash-20260804T112811-196b791da6|EVENT|001484,1784187780.0
1273.3215733717,51.6831703857,3.900602668,1273.3215733717,1485,1325.0047437574,S1B-GER40Cash-20260804T112811-196b791da6|EVENT|001485,1784187840.0
1273.3215733717,51.6831703857,3.900602668,1273.3215733717,1486,1325.0047437574,S1B-GER40Cash-20260804T112811-196b791da6|EVENT|001486,1784187900.0
1273.3215733717,51.6831703857,3.900602668,1273.3215733717,1487,1325.0047437574,S1B-GER40Cash-20260804T112811-196b791da6|EVENT|001487,1784187960.0
1273.3215733717,51.6831703857,3.900602668,1273.3215733717,1488,1325.0047437574,S1B-GER40Cash-20260804T112811-196b791da6|EVENT|001488,1784188020.0
1273.3215733717,51.6831703857,3.900602668,1273.3215733717,1489,1325.0047437574,S1B-GER40Cash-20260804T112811-196b791da6|EVENT|001489,1784188080.0
1273.3215733717,51.6831703857,3.900602668,1273.3215733717,1490,1325.0047437574,S1B-GER40Cash-20260804T112811-196b791da6|EVENT|001490,1784188140.0
1273.3215733717,51.6831703857,3.900602668,1273.3215733717,1491,1325.0047437574,S1B-GER40Cash-20260804T112811-196b791da6|EVENT|001491,1784188200.0
1273.3215733717,51.6831703857,3.900602668,1273.3215733717,1492,1325.0047437574,S1B-GER40Cash-20260804T112811-196b791da6|EVENT|001492,1784188260.0
1273.3215733717,51.6831703857,3.900602668,1273.3215733717,1493,1325.0047437574,S1B-GER40Cash-20260804T112811-196b791da6|EVENT|001493,1784188440.0
1273.3215733717,51.6831703857,3.900602668,1273.3215733717,1494,1325.0047437574,S1B-GER40Cash-20260804T112811-196b791da6|EVENT|001494,1784188500.0
1273.3215733717,51.6831703857,3.900602668,1273.3215733717,1495,1325.0047437574,S1B-GER40Cash-20260804T112811-196b791da6|EVENT|001495,1784188560.0
1273.3215733717,51.6831703857,3.900602668,1273.3215733717,1496,1325.0047437574,S1B-GER40Cash-20260804T112811-196b791da6|EVENT|001496,1784188620.0
1273.3215733717,51.6831703857,3.900602668,1273.3215733717,1497,1325.0047437574,S1B-GER40Cash-20260804T112811-196b791da6|EVENT|001497,1784188680.0
1273.3215733717,51.6831703857,3.900602668,1273.3215733717,1498,1325.0047437574,S1B-GER40Cash-20260804T112811-196b791da6|EVENT|001498,1784188740.0
1273.3215733717,51.6831703857,3.900602668,1273.3215733717,1499,1325.0047437574,S1B-GER40Cash-20260804T112811-196b791da6|EVENT|001499,1784188800.0
1273.3215733717,51.6831703857,3.900602668,1273.3215733717,1500,1325.0047437574,S1B-GER40Cash-20260804T112811-196b791da6|EVENT|001500,1784188860.0
1273.3215733717,51.6831703857,3.900602668,1273.3215733717,1501,1325.0047437574,S1B-GER40Cash-20260804T112811-196b791da6|EVENT|001501,1784188920.0
1273.3215733717,51.6831703857,3.900602668,1273.3215733717,1502,1325.0047437574,S1B-GER40Cash-20260804T112811-196b791da6|EVENT|001502,1784188980.0
1273.3215733717,51.6831703857,3.900602668,1273.3215733717,1503,1325.0047437574,S1B-GER40Cash-20260804T112811-196b791da6|EVENT|001503,1784189040.0
1273.3215733717,51.6831703857,3.900602668,1273.3215733717,1504,1325.0047437574,S1B-GER40Cash-20260804T112811-196b791da6|EVENT|001504,1784189100.0
1273.3215733717,51.6831703857,3.900602668,1273.3215733717,1505,1325.0047437574,S1B-GER40Cash-20260804T112811-196b791da6|EVENT|001505,1784189160.0
1273.3215733717,51.6831703857,3.900602668,1273.3215733717,1506,1325.0047437574,S1B-GER40Cash-20260804T112811-196b791da6|EVENT|001506,1784189220.0
1273.3215733717,51.6831703857,3.900602668,1273.3215733717,1507,1325.0047437574,S1B-GER40Cash-20260804T112811-196b791da6|EVENT|001507,1784189280.0
1273.3215733717,51.6831703857,3.900602668,1273.3215733717,1508,1325.0047437574,S1B-GER40Cash-20260804T112811-196b791da6|EVENT|001508,1784189340.0
1273.3215733717,51.6831703857,3.900602668,1273.3215733717,1509,1325.0047437574,S1B-GER40Cash-20260804T112811-196b791da6|EVENT|001509,1784189400.0
1273.3215733717,51.6831703857,3.900602668,1273.3215733717,1510,1325.0047437574,S1B-GER40Cash-20260804T112811-196b791da6|EVENT|001510,1784189460.0
1273.3215733717,51.6831703857,3.900602668,1273.3215733717,1511,1325.0047437574,S1B-GER40Cash-20260804T112811-196b791da6|EVENT|001511,1784189520.0
1273.3215733717,51.6831703857,3.900602668,1273.3215733717,1512,1325.0047437574,S1B-GER40Cash-20260804T112811-196b791da6|EVENT|001512,1784189580.0
1273.3215733717,51.6831703857,3.900602668,1273.3215733717,1513,1325.0047437574,S1B-GER40Cash-20260804T112811-196b791da6|EVENT|001513,1784189640.0
1273.3215733717,51.6831703857,3.900602668,1273.3215733717,1514,1325.0047437574,S1B-GER40Cash-20260804T112811-196b791da6|EVENT|001514,1784189700.0
1273.3215733717,51.6831703857,3.900602668,1273.3215733717,1515,1325.0047437574,S1B-GER40Cash-20260804T112811-196b791da6|EVENT|001515,1784189760.0
1273.3215733717,51.6831703857,3.900602668,1273.3215733717,1516,1325.0047437574,S1B-GER40Cash-20260804T112811-196b791da6|EVENT|001516,1784189820.0
1273.3215733717,51.6831703857,3.900602668,1273.3215733717,1517,1325.0047437574,S1B-GER40Cash-20260804T112811-196b791da6|EVENT|001517,1784189880.0
1273.3215733717,51.6831703857,3.900602668,1273.3215733717,1518,1325.0047437574,S1B-GER40Cash-20260804T112811-196b791da6|EVENT|001518,1784189940.0
1273.3215733717,51.6831703857,3.900602668,1273.3215733717,1519,1325.0047437574,S1B-GER40Cash-20260804T112811-196b791da6|EVENT|001519,1784190000.0
1273.3215733717,51.6831703857,3.900602668,1273.3215733717,1520,1325.0047437574,S1B-GER40Cash-20260804T112811-196b791da6|EVENT|001520,1784190060.0
1273.3215733717,51.6831703857,3.900602668,1273.3215733717,1521,1325.0047437574,S1B-GER40Cash-20260804T112811-196b791da6|EVENT|001521,1784190120.0
1273.3215733717,51.6831703857,3.900602668,1273.3215733717,1522,1325.0047437574,S1B-GER40Cash-20260804T112811-196b791da6|EVENT|001522,1784190180.0
1273.3215733717,51.6831703857,3.900602668,1273.3215733717,1523,1325.0047437574,S1B-GER40Cash-20260804T112811-196b791da6|EVENT|001523,1784190240.0
1273.3215733717,51.6831703857,3.900602668,1273.3215733717,1524,1325.0047437574,S1B-GER40Cash-20260804T112811-196b791da6|EVENT|001524,1784190300.0
1273.3215733717,51.6831703857,3.900602668,1273.3215733717,1525,1325.0047437574,S1B-GER40Cash-20260804T112811-196b791da6|EVENT|001525,1784190360.0
1273.3215733717,51.6831703857,3.900602668,1273.3215733717,1526,1325.0047437574,S1B-GER40Cash-20260804T112811-196b791da6|EVENT|001526,1784190420.0
1273.3215733717,51.6831703857,3.900602668,1273.3215733717,1527,1325.0047437574,S1B-GER40Cash-20260804T112811-196b791da6|EVENT|001527,1784190480.0
1273.3215733717,51.6831703857,3.900602668,1273.3215733717,1528,1325.0047437574,S1B-GER40Cash-20260804T112811-196b791da6|EVENT|001528,1784190540.0
1273.3215733717,51.6831703857,3.900602668,1273.3215733717,1529,1325.0047437574,S1B-GER40Cash-20260804T112811-196b791da6|EVENT|001529,1784190600.0
1273.3215733717,51.6831703857,3.900602668,1273.3215733717,1530,1325.0047437574,S1B-GER40Cash-20260804T112811-196b791da6|EVENT|001530,1784190660.0
1273.3215733717,51.6831703857,3.900602668,1273.3215733717,1531,1325.0047437574,S1B-GER40Cash-20260804T112811-196b791da6|EVENT|001531,1784190720.0
1273.3215733717,51.6831703857,3.900602668,1273.3215733717,1532,1325.0047437574,S1B-GER40Cash-20260804T112811-196b791da6|EVENT|001532,1784190780.0
1273.3215733717,51.6831703857,3.900602668,1273.3215733717,1533,1325.0047437574,S1B-GER40Cash-20260804T112811-196b791da6|EVENT|001533,1784190840.0
1273.3215733717,51.6831703857,3.900602668,1273.3215733717,1534,1325.0047437574,S1B-GER40Cash-20260804T112811-196b791da6|EVENT|001534,1784190900.0
1273.3215733717,51.6831703857,3.900602668,1273.3215733717,1535,1325.0047437574,S1B-GER40Cash-20260804T112811-196b791da6|EVENT|001535,1784190960.0
1273.3215733717,51.6831703857,3.900602668,1273.3215733717,1536,1325.0047437574,S1B-GER40Cash-20260804T112811-196b791da6|EVENT|001536,1784191020.0
1273.3215733717,51.6831703857,3.900602668,1273.3215733717,1537,1325.0047437574,S1B-GER40Cash-20260804T112811-196b791da6|EVENT|001537,1784191080.0
1273.3215733717,51.6831703857,3.900602668,1273.3215733717,1538,1325.0047437574,S1B-GER40Cash-20260804T112811-196b791da6|EVENT|001538,1784191140.0
1273.3215733717,51.6831703857,3.900602668,1273.3215733717,1539,1325.0047437574,S1B-GER40Cash-20260804T112811-196b791da6|EVENT|001539,1784191200.0
1273.3215733717,51.6831703857,3.900602668,1273.3215733717,1540,1325.0047437574,S1B-GER40Cash-20260804T112811-196b791da6|EVENT|001540,1784191260.0
1273.3215733717,51.6831703857,3.900602668,1273.3215733717,1541,1325.0047437574,S1B-GER40Cash-20260804T112811-196b791da6|EVENT|001541,1784191320.0
1273.3215733717,51.6831703857,3.900602668,1273.3215733717,1542,1325.0047437574,S1B-GER40Cash-20260804T112811-196b791da6|EVENT|001542,1784191380.0
1273.3215733717,51.6831703857,3.900602668,1273.3215733717,1543,1325.0047437574,S1B-GER40Cash-20260804T112811-196b791da6|EVENT|001543,1784191440.0
1273.3215733717,51.6831703857,3.900602668,1273.3215733717,1544,1325.0047437574,S1B-GER40Cash-20260804T112811-196b791da6|EVENT|001544,1784191500.0
1273.3215733717,51.6831703857,3.900602668,1273.3215733717,1545,1325.0047437574,S1B-GER40Cash-20260804T112811-196b791da6|EVENT|001545,1784191560.0
1273.3215733717,51.6831703857,3.900602668,1273.3215733717,1546,1325.0047437574,S1B-GER40Cash-20260804T112811-196b791da6|EVENT|001546,1784191620.0
1273.3215733717,51.6831703857,3.900602668,1273.3215733717,1547,1325.0047437574,S1B-GER40Cash-20260804T112811-196b791da6|EVENT|001547,1784191680.0
1273.3215733717,51.6831703857,3.900602668,1273.3215733717,1548,1325.0047437574,S1B-GER40Cash-20260804T112811-196b791da6|EVENT|001548,1784191740.0
1273.3215733717,51.6831703857,3.900602668,1273.3215733717,1549,1325.0047437574,S1B-GER40Cash-20260804T112811-196b791da6|EVENT|001549,1784191800.0
1273.3215733717,51.6831703857,3.900602668,1273.3215733717,1550,1325.0047437574,S1B-GER40Cash-20260804T112811-196b791da6|EVENT|001550,1784191860.0
1273.3215733717,51.6831703857,3.900602668,1273.3215733717,1551,1325.0047437574,S1B-GER40Cash-20260804T112811-196b791da6|EVENT|001551,1784191920.0
1273.3215733717,51.6831703857,3.900602668,1273.3215733717,1552,1325.0047437574,S1B-GER40Cash-20260804T112811-196b791da6|EVENT|001552,1784191980.0
1273.3215733717,51.6831703857,3.900602668,1273.3215733717,1553,1325.0047437574,S1B-GER40Cash-20260804T112811-196b791da6|EVENT|001553,1784192040.0
1273.3215733717,51.6831703857,3.900602668,1273.3215733717,1554,1325.0047437574,S1B-GER40Cash-20260804T112811-196b791da6|EVENT|001554,1784192100.0
1273.3215733717,51.6831703857,3.900602668,1273.3215733717,1555,1325.0047437574,S1B-GER40Cash-20260804T112811-196b791da6|EVENT|001555,1784192160.0
1273.3215733717,51.6831703857,3.900602668,1273.3215733717,1556,1325.0047437574,S1B-GER40Cash-20260804T112811-196b791da6|EVENT|001556,1784192220.0
1273.3215733717,51.6831703857,3.900602668,1273.3215733717,1557,1325.0047437574,S1B-GER40Cash-20260804T112811-196b791da6|EVENT|001557,1784192280.0
1273.3215733717,51.6831703857,3.900602668,1273.3215733717,1558,1325.0047437574,S1B-GER40Cash-20260804T112811-196b791da6|EVENT|001558,1784192340.0
1273.3215733717,51.6831703857,3.900602668,1273.3215733717,1559,1325.0047437574,S1B-GER40Cash-20260804T112811-196b791da6|EVENT|001559,1784192400.0
1273.3215733717,51.6831703857,3.900602668,1273.3215733717,1560,1325.0047437574,S1B-GER40Cash-20260804T112811-196b791da6|EVENT|001560,1784192460.0
1273.3215733717,51.6831703857,3.900602668,1273.3215733717,1561,1325.0047437574,S1B-GER40Cash-20260804T112811-196b791da6|EVENT|001561,1784192520.0
1273.3215733717,51.6831703857,3.900602668,1273.3215733717,1562,1325.0047437574,S1B-GER40Cash-20260804T112811-196b791da6|EVENT|001562,1784192580.0
1273.3215733717,51.6831703857,3.900602668,1273.3215733717,1563,1325.0047437574,S1B-GER40Cash-20260804T112811-196b791da6|EVENT|001563,1784192640.0
1273.3215733717,51.6831703857,3.900602668,1273.3215733717,1564,1325.0047437574,S1B-GER40Cash-20260804T112811-196b791da6|EVENT|001564,1784192700.0
1273.3215733717,51.6831703857,3.900602668,1273.3215733717,1565,1325.0047437574,S1B-GER40Cash-20260804T112811-196b791da6|EVENT|001565,1784192760.0
1273.3215733717,51.6831703857,3.900602668,1273.3215733717,1566,1325.0047437574,S1B-GER40Cash-20260804T112811-196b791da6|EVENT|001566,1784192820.0
1273.3215733717,51.6831703857,3.900602668,1273.3215733717,1567,1325.0047437574,S1B-GER40Cash-20260804T112811-196b791da6|EVENT|001567,1784192880.0
1273.3215733717,51.6831703857,3.900602668,1273.3215733717,1568,1325.0047437574,S1B-GER40Cash-20260804T112811-196b791da6|EVENT|001568,1784192940.0
1273.3215733717,51.6831703857,3.900602668,1273.3215733717,1569,1325.0047437574,S1B-GER40Cash-20260804T112811-196b791da6|EVENT|001569,1784193000.0
1273.3215733717,51.6831703857,3.900602668,1273.3215733717,1570,1325.0047437574,S1B-GER40Cash-20260804T112811-196b791da6|EVENT|001570,1784193060.0
1273.3215733717,51.6831703857,3.900602668,1273.3215733717,1571,1325.0047437574,S1B-GER40Cash-20260804T112811-196b791da6|EVENT|001571,1784193120.0
1273.3215733717,51.6831703857,3.900602668,1273.3215733717,1572,1325.0047437574,S1B-GER40Cash-20260804T112811-196b791da6|EVENT|001572,1784193180.0
1273.3215733717,51.6831703857,3.900602668,1273.3215733717,1573,1325.0047437574,S1B-GER40Cash-20260804T112811-196b791da6|EVENT|001573,1784193240.0
1273.3215733717,51.6831703857,3.900602668,1273.3215733717,1574,1325.0047437574,S1B-GER40Cash-20260804T112811-196b791da6|EVENT|001574,1784193300.0
1273.3215733717,51.6831703857,3.900602668,1273.3215733717,1575,1325.0047437574,S1B-GER40Cash-20260804T112811-196b791da6|EVENT|001575,1784193360.0
1273.3215733717,51.6831703857,3.900602668,1273.3215733717,1576,1325.0047437574,S1B-GER40Cash-20260804T112811-196b791da6|EVENT|001576,1784193420.0
1273.3215733717,51.6831703857,3.900602668,1273.3215733717,1577,1325.0047437574,S1B-GER40Cash-20260804T112811-196b791da6|EVENT|001577,1784193480.0
1273.3215733717,51.6831703857,3.900602668,1273.3215733717,1578,1325.0047437574,S1B-GER40Cash-20260804T112811-196b791da6|EVENT|001578,1784193540.0
1273.3215733717,51.6831703857,3.900602668,1273.3215733717,1579,1325.0047437574,S1B-GER40Cash-20260804T112811-196b791da6|EVENT|001579,1784193600.0
1273.3215733717,51.6831703857,3.900602668,1273.3215733717,1580,1325.0047437574,S1B-GER40Cash-20260804T112811-196b791da6|EVENT|001580,1784193660.0
1273.3215733717,51.6831703857,3.900602668,1273.3215733717,1581,1325.0047437574,S1B-GER40Cash-20260804T112811-196b791da6|EVENT|001581,1784193720.0
1273.3215733717,51.6831703857,3.900602668,1273.3215733717,1582,1325.0047437574,S1B-GER40Cash-20260804T112811-196b791da6|EVENT|001582,1784193780.0
1273.3215733717,51.6831703857,3.900602668,1273.3215733717,1583,1325.0047437574,S1B-GER40Cash-20260804T112811-196b791da6|EVENT|001583,1784193840.0
1273.3215733717,51.6831703857,3.900602668,1273.3215733717,1584,1325.0047437574,S1B-GER40Cash-20260804T112811-196b791da6|EVENT|001584,1784193900.0
1273.3215733717,51.6831703857,3.900602668,1273.3215733717,1585,1325.0047437574,S1B-GER40Cash-20260804T112811-196b791da6|EVENT|001585,1784193960.0
1273.3215733717,51.6831703857,3.900602668,1273.3215733717,1586,1325.0047437574,S1B-GER40Cash-20260804T112811-196b791da6|EVENT|001586,1784194020.0
1273.3215733717,51.6831703857,3.900602668,1273.3215733717,1587,1325.0047437574,S1B-GER40Cash-20260804T112811-196b791da6|EVENT|001587,1784194080.0
1273.3215733717,51.6831703857,3.900602668,1273.3215733717,1588,1325.0047437574,S1B-GER40Cash-20260804T112811-196b791da6|EVENT|001588,1784194140.0
1273.3215733717,51.6831703857,3.900602668,1273.3215733717,1589,1325.0047437574,S1B-GER40Cash-20260804T112811-196b791da6|EVENT|001589,1784194200.0
1273.3215733717,51.6831703857,3.900602668,1273.3215733717,1590,1325.0047437574,S1B-GER40Cash-20260804T112811-196b791da6|EVENT|001590,1784194260.0
1273.3215733717,51.6831703857,3.900602668,1273.3215733717,1591,1325.0047437574,S1B-GER40Cash-20260804T112811-196b791da6|EVENT|001591,1784194320.0
1273.3215733717,51.6831703857,3.900602668,1273.3215733717,1592,1325.0047437574,S1B-GER40Cash-20260804T112811-196b791da6|EVENT|001592,1784194380.0
1273.3215733717,51.6831703857,3.900602668,1273.3215733717,1593,1325.0047437574,S1B-GER40Cash-20260804T112811-196b791da6|EVENT|001593,1784194440.0
1273.3215733717,51.6831703857,3.900602668,1273.3215733717,1594,1325.0047437574,S1B-GER40Cash-20260804T112811-196b791da6|EVENT|001594,1784194500.0
1273.3215733717,51.6831703857,3.900602668,1273.3215733717,1595,1325.0047437574,S1B-GER40Cash-20260804T112811-196b791da6|EVENT|001595,1784194560.0
1273.3215733717,51.6831703857,3.900602668,1273.3215733717,1596,1325.0047437574,S1B-GER40Cash-20260804T112811-196b791da6|EVENT|001596,1784194620.0
1273.3215733717,51.6831703857,3.900602668,1273.3215733717,1597,1325.0047437574,S1B-GER40Cash-20260804T112811-196b791da6|EVENT|001597,1784194680.0
1273.3215733717,51.6831703857,3.900602668,1273.3215733717,1598,1325.0047437574,S1B-GER40Cash-20260804T112811-196b791da6|EVENT|001598,1784194740.0
1273.3215733717,51.6831703857,3.900602668,1273.3215733717,1599,1325.0047437574,S1B-GER40Cash-20260804T112811-196b791da6|EVENT|001599,1784194800.0
1273.3215733717,51.6831703857,3.900602668,1273.3215733717,1600,1325.0047437574,S1B-GER40Cash-20260804T112811-196b791da6|EVENT|001600,1784194860.0
1273.3215733717,51.6831703857,3.900602668,1273.3215733717,1601,1325.0047437574,S1B-GER40Cash-20260804T112811-196b791da6|EVENT|001601,1784194920.0
1273.3215733717,51.6831703857,3.900602668,1273.3215733717,1602,1325.0047437574,S1B-GER40Cash-20260804T112811-196b791da6|EVENT|001602,1784194980.0
1273.3215733717,51.6831703857,3.900602668,1273.3215733717,1603,1325.0047437574,S1B-GER40Cash-20260804T112811-196b791da6|EVENT|001603,1784195040.0
1273.3215733717,51.6831703857,3.900602668,1273.3215733717,1604,1325.0047437574,S1B-GER40Cash-20260804T112811-196b791da6|EVENT|001604,1784195100.0
1273.3215733717,51.6831703857,3.900602668,1273.3215733717,1605,1325.0047437574,S1B-GER40Cash-20260804T112811-196b791da6|EVENT|001605,1784195160.0
1273.3215733717,51.6831703857,3.900602668,1273.3215733717,1606,1325.0047437574,S1B-GER40Cash-20260804T112811-196b791da6|EVENT|001606,1784195220.0
1273.3215733717,51.6831703857,3.900602668,1273.3215733717,1607,1325.0047437574,S1B-GER40Cash-20260804T112811-196b791da6|EVENT|001607,1784195280.0
1273.3215733717,51.6831703857,3.900602668,1273.3215733717,1608,1325.0047437574,S1B-GER40Cash-20260804T112811-196b791da6|EVENT|001608,1784195340.0
1273.3215733717,51.6831703857,3.900602668,1273.3215733717,1609,1325.0047437574,S1B-GER40Cash-20260804T112811-196b791da6|EVENT|001609,1784195400.0
1273.3215733717,51.6831703857,3.900602668,1273.3215733717,1610,1325.0047437574,S1B-GER40Cash-20260804T112811-196b791da6|EVENT|001610,1784195460.0
1273.3215733717,51.6831703857,3.900602668,1273.3215733717,1611,1325.0047437574,S1B-GER40Cash-20260804T112811-196b791da6|EVENT|001611,1784195520.0
1273.3215733717,51.6831703857,3.900602668,1273.3215733717,1612,1325.0047437574,S1B-GER40Cash-20260804T112811-196b791da6|EVENT|001612,1784195580.0
1273.3215733717,51.6831703857,3.900602668,1273.3215733717,1613,1325.0047437574,S1B-GER40Cash-20260804T112811-196b791da6|EVENT|001613,1784195640.0
1273.3215733717,51.6831703857,3.900602668,1273.3215733717,1614,1325.0047437574,S1B-GER40Cash-20260804T112811-196b791da6|EVENT|001614,1784195700.0
1273.3215733717,51.6831703857,3.900602668,1273.3215733717,1615,1325.0047437574,S1B-GER40Cash-20260804T112811-196b791da6|EVENT|001615,1784195760.0
1273.3215733717,51.6831703857,3.900602668,1273.3215733717,1616,1325.0047437574,S1B-GER40Cash-20260804T112811-196b791da6|EVENT|001616,1784195820.0
1273.3215733717,51.6831703857,3.900602668,1273.3215733717,1617,1325.0047437574,S1B-GER40Cash-20260804T112811-196b791da6|EVENT|001617,1784195880.0
1273.3215733717,51.6831703857,3.900602668,1273.3215733717,1618,1325.0047437574,S1B-GER40Cash-20260804T112811-196b791da6|EVENT|001618,1784195940.0
1273.3215733717,51.6831703857,3.900602668,1273.3215733717,1619,1325.0047437574,S1B-GER40Cash-20260804T112811-196b791da6|EVENT|001619,1784196000.0
1273.3215733717,51.6831703857,3.900602668,1273.3215733717,1620,1325.0047437574,S1B-GER40Cash-20260804T112811-196b791da6|EVENT|001620,1784196060.0
1273.3215733717,51.6831703857,3.900602668,1273.3215733717,1621,1325.0047437574,S1B-GER40Cash-20260804T112811-196b791da6|EVENT|001621,1784196120.0
1273.3215733717,51.6831703857,3.900602668,1273.3215733717,1622,1325.0047437574,S1B-GER40Cash-20260804T112811-196b791da6|EVENT|001622,1784196180.0
1273.3215733717,51.6831703857,3.900602668,1273.3215733717,1623,1325.0047437574,S1B-GER40Cash-20260804T112811-196b791da6|EVENT|001623,1784196240.0
1273.3215733717,51.6831703857,3.900602668,1273.3215733717,1624,1325.0047437574,S1B-GER40Cash-20260804T112811-196b791da6|EVENT|001624,1784196300.0
1273.3215733717,51.6831703857,3.900602668,1273.3215733717,1625,1325.0047437574,S1B-GER40Cash-20260804T112811-196b791da6|EVENT|001625,1784196360.0
1273.3215733717,51.6831703857,3.900602668,1273.3215733717,1626,1325.0047437574,S1B-GER40Cash-20260804T112811-196b791da6|EVENT|001626,1784196420.0
1273.3215733717,51.6831703857,3.900602668,1273.3215733717,1627,1325.0047437574,S1B-GER40Cash-20260804T112811-196b791da6|EVENT|001627,1784196480.0
1273.3215733717,51.6831703857,3.900602668,1273.3215733717,1628,1325.0047437574,S1B-GER40Cash-20260804T112811-196b791da6|EVENT|001628,1784196540.0
1273.3215733717,51.6831703857,3.900602668,1273.3215733717,1629,1325.0047437574,S1B-GER40Cash-20260804T112811-196b791da6|EVENT|001629,1784196600.0
1273.3215733717,51.6831703857,3.900602668,1273.3215733717,1630,1325.0047437574,S1B-GER40Cash-20260804T112811-196b791da6|EVENT|001630,1784196660.0
1273.3215733717,51.6831703857,3.900602668,1273.3215733717,1631,1325.0047437574,S1B-GER40Cash-20260804T112811-196b791da6|EVENT|001631,1784196720.0
1273.3215733717,51.6831703857,3.900602668,1273.3215733717,1632,1325.0047437574,S1B-GER40Cash-20260804T112811-196b791da6|EVENT|001632,1784196780.0
1273.3215733717,51.6831703857,3.900602668,1273.3215733717,1633,1325.0047437574,S1B-GER40Cash-20260804T112811-196b791da6|EVENT|001633,1784196840.0
1273.3215733717,51.6831703857,3.900602668,1273.3215733717,1634,1325.0047437574,S1B-GER40Cash-20260804T112811-196b791da6|EVENT|001634,1784196900.0
1273.3215733717,51.6831703857,3.900602668,1273.3215733717,1635,1325.0047437574,S1B-GER40Cash-20260804T112811-196b791da6|EVENT|001635,1784196960.0
1273.3215733717,51.6831703857,3.900602668,1273.3215733717,1636,1325.0047437574,S1B-GER40Cash-20260804T112811-196b791da6|EVENT|001636,1784197020.0
1273.3215733717,51.6831703857,3.900602668,1273.3215733717,1637,1325.0047437574,S1B-GER40Cash-20260804T112811-196b791da6|EVENT|001637,1784197080.0
1273.3215733717,51.6831703857,3.900602668,1273.3215733717,1638,1325.0047437574,S1B-GER40Cash-20260804T112811-196b791da6|EVENT|001638,1784197140.0
1273.3215733717,51.6831703857,3.900602668,1273.3215733717,1639,1325.0047437574,S1B-GER40Cash-20260804T112811-196b791da6|EVENT|001639,1784197200.0
1273.3215733717,51.6831703857,3.900602668,1273.3215733717,1640,1325.0047437574,S1B-GER40Cash-20260804T112811-196b791da6|EVENT|001640,1784197260.0
1273.3215733717,51.6831703857,3.900602668,1273.3215733717,1641,1325.0047437574,S1B-GER40Cash-20260804T112811-196b791da6|EVENT|001641,1784197320.0
1273.3215733717,51.6831703857,3.900602668,1273.3215733717,1642,1325.0047437574,S1B-GER40Cash-20260804T112811-196b791da6|EVENT|001642,1784197380.0
1273.3215733717,51.6831703857,3.900602668,1273.3215733717,1643,1325.0047437574,S1B-GER40Cash-20260804T112811-196b791da6|EVENT|001643,1784197440.0
1273.3215733717,51.6831703857,3.900602668,1273.3215733717,1644,1325.0047437574,S1B-GER40Cash-20260804T112811-196b791da6|EVENT|001644,1784197500.0
1273.3215733717,51.6831703857,3.900602668,1273.3215733717,1645,1325.0047437574,S1B-GER40Cash-20260804T112811-196b791da6|EVENT|001645,1784197560.0
1273.3215733717,51.6831703857,3.900602668,1273.3215733717,1646,1325.0047437574,S1B-GER40Cash-20260804T112811-196b791da6|EVENT|001646,1784197620.0
1273.3215733717,51.6831703857,3.900602668,1273.3215733717,1647,1325.0047437574,S1B-GER40Cash-20260804T112811-196b791da6|EVENT|001647,1784197680.0
1273.3215733717,51.6831703857,3.900602668,1273.3215733717,1648,1325.0047437574,S1B-GER40Cash-20260804T112811-196b791da6|EVENT|001648,1784197740.0
1273.3215733717,51.6831703857,3.900602668,1273.3215733717,1649,1325.0047437574,S1B-GER40Cash-20260804T112811-196b791da6|EVENT|001649,1784197800.0
1273.3215733717,51.6831703857,3.900602668,1273.3215733717,1650,1325.0047437574,S1B-GER40Cash-20260804T112811-196b791da6|EVENT|001650,1784197860.0
1273.3215733717,51.6831703857,3.900602668,1273.3215733717,1651,1325.0047437574,S1B-GER40Cash-20260804T112811-196b791da6|EVENT|001651,1784197920.0
1273.3215733717,51.6831703857,3.900602668,1273.3215733717,1652,1325.0047437574,S1B-GER40Cash-20260804T112811-196b791da6|EVENT|001652,1784197980.0
1273.3215733717,51.6831703857,3.900602668,1273.3215733717,1653,1325.0047437574,S1B-GER40Cash-20260804T112811-196b791da6|EVENT|001653,1784198040.0
1273.3215733717,51.6831703857,3.900602668,1273.3215733717,1654,1325.0047437574,S1B-GER40Cash-20260804T112811-196b791da6|EVENT|001654,1784198100.0
1273.3215733717,51.6831703857,3.900602668,1273.3215733717,1655,1325.0047437574,S1B-GER40Cash-20260804T112811-196b791da6|EVENT|001655,1784198160.0
1273.3215733717,51.6831703857,3.900602668,1273.3215733717,1656,1325.0047437574,S1B-GER40Cash-20260804T112811-196b791da6|EVENT|001656,1784198220.0
1273.3215733717,51.6831703857,3.900602668,1273.3215733717,1657,1325.0047437574,S1B-GER40Cash-20260804T112811-196b791da6|EVENT|001657,1784198280.0
1273.3215733717,51.6831703857,3.900602668,1273.3215733717,1658,1325.0047437574,S1B-GER40Cash-20260804T112811-196b791da6|EVENT|001658,1784198340.0
1273.3215733717,51.6831703857,3.900602668,1273.3215733717,1659,1325.0047437574,S1B-GER40Cash-20260804T112811-196b791da6|EVENT|001659,1784198400.0
1273.3215733717,51.6831703857,3.900602668,1273.3215733717,1660,1325.0047437574,S1B-GER40Cash-20260804T112811-196b791da6|EVENT|001660,1784198460.0
1273.3215733717,51.6831703857,3.900602668,1273.3215733717,1661,1325.0047437574,S1B-GER40Cash-20260804T112811-196b791da6|EVENT|001661,1784198520.0
1273.3215733717,51.6831703857,3.900602668,1273.3215733717,1662,1325.0047437574,S1B-GER40Cash-20260804T112811-196b791da6|EVENT|001662,1784198580.0
1273.3215733717,51.6831703857,3.900602668,1273.3215733717,1663,1325.0047437574,S1B-GER40Cash-20260804T112811-196b791da6|EVENT|001663,1784198640.0
1273.3215733717,51.6831703857,3.900602668,1273.3215733717,1664,1325.0047437574,S1B-GER40Cash-20260804T112811-196b791da6|EVENT|001664,1784198700.0
1273.3215733717,51.6831703857,3.900602668,1273.3215733717,1665,1325.0047437574,S1B-GER40Cash-20260804T112811-196b791da6|EVENT|001665,1784198760.0
1273.3215733717,51.6831703857,3.900602668,1273.3215733717,1666,1325.0047437574,S1B-GER40Cash-20260804T112811-196b791da6|EVENT|001666,1784198820.0
1273.3215733717,51.6831703857,3.900602668,1273.3215733717,1667,1325.0047437574,S1B-GER40Cash-20260804T112811-196b791da6|EVENT|001667,1784198880.0
1273.3215733717,51.6831703857,3.900602668,1273.3215733717,1668,1325.0047437574,S1B-GER40Cash-20260804T112811-196b791da6|EVENT|001668,1784198940.0
1273.3215733717,51.6831703857,3.900602668,1273.3215733717,1669,1325.0047437574,S1B-GER40Cash-20260804T112811-196b791da6|EVENT|001669,1784199000.0
1273.3215733717,51.6831703857,3.900602668,1273.3215733717,1670,1325.0047437574,S1B-GER40Cash-20260804T112811-196b791da6|EVENT|001670,1784199060.0
1273.3215733717,51.6831703857,3.900602668,1273.3215733717,1671,1325.0047437574,S1B-GER40Cash-20260804T112811-196b791da6|EVENT|001671,1784199120.0
1273.3215733717,51.6831703857,3.900602668,1273.3215733717,1672,1325.0047437574,S1B-GER40Cash-20260804T112811-196b791da6|EVENT|001672,1784199180.0
1273.3215733717,51.6831703857,3.900602668,1273.3215733717,1673,1325.0047437574,S1B-GER40Cash-20260804T112811-196b791da6|EVENT|001673,1784199240.0
1273.3215733717,51.6831703857,3.900602668,1273.3215733717,1674,1325.0047437574,S1B-GER40Cash-20260804T112811-196b791da6|EVENT|001674,1784199300.0
1273.3215733717,51.6831703857,3.900602668,1273.3215733717,1675,1325.0047437574,S1B-GER40Cash-20260804T112811-196b791da6|EVENT|001675,1784199360.0
1273.3215733717,51.6831703857,3.900602668,1273.3215733717,1676,1325.0047437574,S1B-GER40Cash-20260804T112811-196b791da6|EVENT|001676,1784199420.0
1273.3215733717,51.6831703857,3.900602668,1273.3215733717,1677,1325.0047437574,S1B-GER40Cash-20260804T112811-196b791da6|EVENT|001677,1784199480.0
1273.3215733717,51.6831703857,3.900602668,1273.3215733717,1678,1325.0047437574,S1B-GER40Cash-20260804T112811-196b791da6|EVENT|001678,1784199540.0
1273.3215733717,51.6831703857,3.900602668,1273.3215733717,1679,1325.0047437574,S1B-GER40Cash-20260804T112811-196b791da6|EVENT|001679,1784199600.0
1273.3215733717,51.6831703857,3.900602668,1273.3215733717,1680,1325.0047437574,S1B-GER40Cash-20260804T112811-196b791da6|EVENT|001680,1784199660.0
1273.3215733717,51.6831703857,3.900602668,1273.3215733717,1681,1325.0047437574,S1B-GER40Cash-20260804T112811-196b791da6|EVENT|001681,1784199720.0
1273.3215733717,51.6831703857,3.900602668,1273.3215733717,1682,1325.0047437574,S1B-GER40Cash-20260804T112811-196b791da6|EVENT|001682,1784199780.0
1273.3215733717,51.6831703857,3.900602668,1273.3215733717,1683,1325.0047437574,S1B-GER40Cash-20260804T112811-196b791da6|EVENT|001683,1784199840.0
1273.3215733717,51.6831703857,3.900602668,1273.3215733717,1684,1325.0047437574,S1B-GER40Cash-20260804T112811-196b791da6|EVENT|001684,1784199900.0
1273.3215733717,51.6831703857,3.900602668,1273.3215733717,1685,1325.0047437574,S1B-GER40Cash-20260804T112811-196b791da6|EVENT|001685,1784199960.0
1273.3215733717,51.6831703857,3.900602668,1273.3215733717,1686,1325.0047437574,S1B-GER40Cash-20260804T112811-196b791da6|EVENT|001686,1784200020.0
1273.3215733717,51.6831703857,3.900602668,1273.3215733717,1687,1325.0047437574,S1B-GER40Cash-20260804T112811-196b791da6|EVENT|001687,1784200080.0
1273.3215733717,51.6831703857,3.900602668,1273.3215733717,1688,1325.0047437574,S1B-GER40Cash-20260804T112811-196b791da6|EVENT|001688,1784200140.0
1273.3215733717,51.6831703857,3.900602668,1273.3215733717,1689,1325.0047437574,S1B-GER40Cash-20260804T112811-196b791da6|EVENT|001689,1784200200.0
1273.3215733717,51.6831703857,3.900602668,1273.3215733717,1690,1325.0047437574,S1B-GER40Cash-20260804T112811-196b791da6|EVENT|001690,1784200260.0
1273.3215733717,51.6831703857,3.900602668,1273.3215733717,1691,1325.0047437574,S1B-GER40Cash-20260804T112811-196b791da6|EVENT|001691,1784200320.0
1273.3215733717,51.6831703857,3.900602668,1273.3215733717,1692,1325.0047437574,S1B-GER40Cash-20260804T112811-196b791da6|EVENT|001692,1784200380.0
1273.3215733717,51.6831703857,3.900602668,1273.3215733717,1693,1325.0047437574,S1B-GER40Cash-20260804T112811-196b791da6|EVENT|001693,1784200440.0
1273.3215733717,51.6831703857,3.900602668,1273.3215733717,1694,1325.0047437574,S1B-GER40Cash-20260804T112811-196b791da6|EVENT|001694,1784200500.0
1273.3215733717,51.6831703857,3.900602668,1273.3215733717,1695,1325.0047437574,S1B-GER40Cash-20260804T112811-196b791da6|EVENT|001695,1784200560.0
1273.3215733717,51.6831703857,3.900602668,1273.3215733717,1696,1325.0047437574,S1B-GER40Cash-20260804T112811-196b791da6|EVENT|001696,1784200620.0
1273.3215733717,51.6831703857,3.900602668,1273.3215733717,1697,1325.0047437574,S1B-GER40Cash-20260804T112811-196b791da6|EVENT|001697,1784200680.0
1273.3215733717,51.6831703857,3.900602668,1273.3215733717,1698,1325.0047437574,S1B-GER40Cash-20260804T112811-196b791da6|EVENT|001698,1784200740.0
1273.3215733717,51.6831703857,3.900602668,1273.3215733717,1699,1325.0047437574,S1B-GER40Cash-20260804T112811-196b791da6|EVENT|001699,1784200800.0
1273.3215733717,51.6831703857,3.900602668,1273.3215733717,1700,1325.0047437574,S1B-GER40Cash-20260804T112811-196b791da6|EVENT|001700,1784200860.0
1273.3215733717,51.6831703857,3.900602668,1273.3215733717,1701,1325.0047437574,S1B-GER40Cash-20260804T112811-196b791da6|EVENT|001701,1784200920.0
1273.3215733717,51.6831703857,3.900602668,1273.3215733717,1702,1325.0047437574,S1B-GER40Cash-20260804T112811-196b791da6|EVENT|001702,1784200980.0
1273.3215733717,51.6831703857,3.900602668,1273.3215733717,1703,1325.0047437574,S1B-GER40Cash-20260804T112811-196b791da6|EVENT|001703,1784201040.0
1273.3215733717,51.6831703857,3.900602668,1273.3215733717,1704,1325.0047437574,S1B-GER40Cash-20260804T112811-196b791da6|EVENT|001704,1784201100.0
1273.3215733717,51.6831703857,3.900602668,1273.3215733717,1705,1325.0047437574,S1B-GER40Cash-20260804T112811-196b791da6|EVENT|001705,1784201160.0
1273.3215733717,51.6831703857,3.900602668,1273.3215733717,1706,1325.0047437574,S1B-GER40Cash-20260804T112811-196b791da6|EVENT|001706,1784201220.0
1273.3215733717,51.6831703857,3.900602668,1273.3215733717,1707,1325.0047437574,S1B-GER40Cash-20260804T112811-196b791da6|EVENT|001707,1784201280.0
1273.3215733717,51.6831703857,3.900602668,1273.3215733717,1708,1325.0047437574,S1B-GER40Cash-20260804T112811-196b791da6|EVENT|001708,1784201340.0
1273.3215733717,51.6831703857,3.900602668,1273.3215733717,1709,1325.0047437574,S1B-GER40Cash-20260804T112811-196b791da6|EVENT|001709,1784201400.0
1273.3215733717,51.6831703857,3.900602668,1273.3215733717,1710,1325.0047437574,S1B-GER40Cash-20260804T112811-196b791da6|EVENT|001710,1784201460.0
1273.3215733717,51.6831703857,3.900602668,1273.3215733717,1711,1325.0047437574,S1B-GER40Cash-20260804T112811-196b791da6|EVENT|001711,1784201520.0
1273.3215733717,51.6831703857,3.900602668,1273.3215733717,1712,1325.0047437574,S1B-GER40Cash-20260804T112811-196b791da6|EVENT|001712,1784201580.0
1273.3215733717,51.6831703857,3.900602668,1273.3215733717,1713,1325.0047437574,S1B-GER40Cash-20260804T112811-196b791da6|EVENT|001713,1784201640.0
1273.3215733717,51.6831703857,3.900602668,1273.3215733717,1714,1325.0047437574,S1B-GER40Cash-20260804T112811-196b791da6|EVENT|001714,1784201700.0
1273.3215733717,51.6831703857,3.900602668,1273.3215733717,1715,1325.0047437574,S1B-GER40Cash-20260804T112811-196b791da6|EVENT|001715,1784201760.0
1273.3215733717,51.6831703857,3.900602668,1273.3215733717,1716,1325.0047437574,S1B-GER40Cash-20260804T112811-196b791da6|EVENT|001716,1784201820.0
1273.3215733717,51.6831703857,3.900602668,1273.3215733717,1717,1325.0047437574,S1B-GER40Cash-20260804T112811-196b791da6|EVENT|001717,1784201880.0
1273.3215733717,51.6831703857,3.900602668,1273.3215733717,1718,1325.0047437574,S1B-GER40Cash-20260804T112811-196b791da6|EVENT|001718,1784201940.0
1273.3215733717,51.6831703857,3.900602668,1273.3215733717,1719,1325.0047437574,S1B-GER40Cash-20260804T112811-196b791da6|EVENT|001719,1784202000.0
1273.3215733717,51.6831703857,3.900602668,1273.3215733717,1720,1325.0047437574,S1B-GER40Cash-20260804T112811-196b791da6|EVENT|001720,1784202060.0
1273.3215733717,51.6831703857,3.900602668,1273.3215733717,1721,1325.0047437574,S1B-GER40Cash-20260804T112811-196b791da6|EVENT|001721,1784202120.0
1273.3215733717,51.6831703857,3.900602668,1273.3215733717,1722,1325.0047437574,S1B-GER40Cash-20260804T112811-196b791da6|EVENT|001722,1784202180.0
1273.3215733717,51.6831703857,3.900602668,1273.3215733717,1723,1325.0047437574,S1B-GER40Cash-20260804T112811-196b791da6|EVENT|001723,1784202240.0
1273.3215733717,51.6831703857,3.900602668,1273.3215733717,1724,1325.0047437574,S1B-GER40Cash-20260804T112811-196b791da6|EVENT|001724,1784202300.0
1273.3215733717,51.6831703857,3.900602668,1273.3215733717,1725,1325.0047437574,S1B-GER40Cash-20260804T112811-196b791da6|EVENT|001725,1784202360.0
1273.3215733717,51.6831703857,3.900602668,1273.3215733717,1726,1325.0047437574,S1B-GER40Cash-20260804T112811-196b791da6|EVENT|001726,1784202420.0
1273.3215733717,51.6831703857,3.900602668,1273.3215733717,1727,1325.0047437574,S1B-GER40Cash-20260804T112811-196b791da6|EVENT|001727,1784202480.0
1273.3215733717,51.6831703857,3.900602668,1273.3215733717,1728,1325.0047437574,S1B-GER40Cash-20260804T112811-196b791da6|EVENT|001728,1784202540.0
1273.3215733717,51.6831703857,3.900602668,1273.3215733717,1729,1325.0047437574,S1B-GER40Cash-20260804T112811-196b791da6|EVENT|001729,1784202600.0
1273.3215733717,51.6831703857,3.900602668,1273.3215733717,1730,1325.0047437574,S1B-GER40Cash-20260804T112811-196b791da6|EVENT|001730,1784202660.0
1273.3215733717,51.6831703857,3.900602668,1273.3215733717,1731,1325.0047437574,S1B-GER40Cash-20260804T112811-196b791da6|EVENT|001731,1784202720.0
1273.3215733717,51.6831703857,3.900602668,1273.3215733717,1732,1325.0047437574,S1B-GER40Cash-20260804T112811-196b791da6|EVENT|001732,1784202780.0
1273.3215733717,51.6831703857,3.900602668,1273.3215733717,1733,1325.0047437574,S1B-GER40Cash-20260804T112811-196b791da6|EVENT|001733,1784202840.0
1273.3215733717,51.6831703857,3.900602668,1273.3215733717,1734,1325.0047437574,S1B-GER40Cash-20260804T112811-196b791da6|EVENT|001734,1784202900.0
1273.3215733717,51.6831703857,3.900602668,1273.3215733717,1735,1325.0047437574,S1B-GER40Cash-20260804T112811-196b791da6|EVENT|001735,1784202960.0
1273.3215733717,51.6831703857,3.900602668,1273.3215733717,1736,1325.0047437574,S1B-GER40Cash-20260804T112811-196b791da6|EVENT|001736,1784203020.0
1273.3215733717,51.6831703857,3.900602668,1273.3215733717,1737,1325.0047437574,S1B-GER40Cash-20260804T112811-196b791da6|EVENT|001737,1784203080.0
1273.3215733717,51.6831703857,3.900602668,1273.3215733717,1738,1325.0047437574,S1B-GER40Cash-20260804T112811-196b791da6|EVENT|001738,1784203140.0
1273.3215733717,51.6831703857,3.900602668,1273.3215733717,1739,1325.0047437574,S1B-GER40Cash-20260804T112811-196b791da6|EVENT|001739,1784203200.0
1273.3215733717,51.6831703857,3.900602668,1273.3215733717,1740,1325.0047437574,S1B-GER40Cash-20260804T112811-196b791da6|EVENT|001740,1784203260.0
1273.3215733717,51.6831703857,3.900602668,1273.3215733717,1741,1325.0047437574,S1B-GER40Cash-20260804T112811-196b791da6|EVENT|001741,1784203320.0
1273.3215733717,51.6831703857,3.900602668,1273.3215733717,1742,1325.0047437574,S1B-GER40Cash-20260804T112811-196b791da6|EVENT|001742,1784203380.0
1273.3215733717,51.6831703857,3.900602668,1273.3215733717,1743,1325.0047437574,S1B-GER40Cash-20260804T112811-196b791da6|EVENT|001743,1784203440.0
1273.3215733717,51.6831703857,3.900602668,1273.3215733717,1744,1325.0047437574,S1B-GER40Cash-20260804T112811-196b791da6|EVENT|001744,1784203500.0
1273.3215733717,51.6831703857,3.900602668,1273.3215733717,1745,1325.0047437574,S1B-GER40Cash-20260804T112811-196b791da6|EVENT|001745,1784203560.0
1273.3215733717,51.6831703857,3.900602668,1273.3215733717,1746,1325.0047437574,S1B-GER40Cash-20260804T112811-196b791da6|EVENT|001746,1784203620.0
1273.3215733717,51.6831703857,3.900602668,1273.3215733717,1747,1325.0047437574,S1B-GER40Cash-20260804T112811-196b791da6|EVENT|001747,1784203680.0
1273.3215733717,51.6831703857,3.900602668,1273.3215733717,1748,1325.0047437574,S1B-GER40Cash-20260804T112811-196b791da6|EVENT|001748,1784203740.0
1273.3215733717,51.6831703857,3.900602668,1273.3215733717,1749,1325.0047437574,S1B-GER40Cash-20260804T112811-196b791da6|EVENT|001749,1784203800.0
1273.3215733717,51.6831703857,3.900602668,1273.3215733717,1750,1325.0047437574,S1B-GER40Cash-20260804T112811-196b791da6|EVENT|001750,1784203860.0
1273.3215733717,51.6831703857,3.900602668,1273.3215733717,1751,1325.0047437574,S1B-GER40Cash-20260804T112811-196b791da6|EVENT|001751,1784203920.0
1273.3215733717,51.6831703857,3.900602668,1273.3215733717,1752,1325.0047437574,S1B-GER40Cash-20260804T112811-196b791da6|EVENT|001752,1784203980.0
1273.3215733717,51.6831703857,3.900602668,1273.3215733717,1753,1325.0047437574,S1B-GER40Cash-20260804T112811-196b791da6|EVENT|001753,1784204040.0
1273.3215733717,51.6831703857,3.900602668,1273.3215733717,1754,1325.0047437574,S1B-GER40Cash-20260804T112811-196b791da6|EVENT|001754,1784204100.0
1273.3215733717,51.6831703857,3.900602668,1273.3215733717,1755,1325.0047437574,S1B-GER40Cash-20260804T112811-196b791da6|EVENT|001755,1784204160.0
1273.3215733717,51.6831703857,3.900602668,1273.3215733717,1756,1325.0047437574,S1B-GER40Cash-20260804T112811-196b791da6|EVENT|001756,1784204220.0
1273.3215733717,51.6831703857,3.900602668,1273.3215733717,1757,1325.0047437574,S1B-GER40Cash-20260804T112811-196b791da6|EVENT|001757,1784204280.0
1273.3215733717,51.6831703857,3.900602668,1273.3215733717,1758,1325.0047437574,S1B-GER40Cash-20260804T112811-196b791da6|EVENT|001758,1784204340.0
1273.3215733717,51.6831703857,3.900602668,1273.3215733717,1759,1325.0047437574,S1B-GER40Cash-20260804T112811-196b791da6|EVENT|001759,1784204400.0
1273.3215733717,51.6831703857,3.900602668,1273.3215733717,1760,1325.0047437574,S1B-GER40Cash-20260804T112811-196b791da6|EVENT|001760,1784204460.0
1273.3215733717,51.6831703857,3.900602668,1273.3215733717,1761,1325.0047437574,S1B-GER40Cash-20260804T112811-196b791da6|EVENT|001761,1784204520.0
1273.3215733717,51.6831703857,3.900602668,1273.3215733717,1762,1325.0047437574,S1B-GER40Cash-20260804T112811-196b791da6|EVENT|001762,1784204580.0
1273.3215733717,51.6831703857,3.900602668,1273.3215733717,1763,1325.0047437574,S1B-GER40Cash-20260804T112811-196b791da6|EVENT|001763,1784204640.0
1273.3215733717,51.6831703857,3.900602668,1273.3215733717,1764,1325.0047437574,S1B-GER40Cash-20260804T112811-196b791da6|EVENT|001764,1784204700.0
1273.3215733717,51.6831703857,3.900602668,1273.3215733717,1765,1325.0047437574,S1B-GER40Cash-20260804T112811-196b791da6|EVENT|001765,1784204760.0
1273.3215733717,51.6831703857,3.900602668,1273.3215733717,1766,1325.0047437574,S1B-GER40Cash-20260804T112811-196b791da6|EVENT|001766,1784204820.0
1273.3215733717,51.6831703857,3.900602668,1273.3215733717,1767,1325.0047437574,S1B-GER40Cash-20260804T112811-196b791da6|EVENT|001767,1784204880.0
1273.3215733717,51.6831703857,3.900602668,1273.3215733717,1768,1325.0047437574,S1B-GER40Cash-20260804T112811-196b791da6|EVENT|001768,1784204940.0
1273.3215733717,51.6831703857,3.900602668,1273.3215733717,1769,1325.0047437574,S1B-GER40Cash-20260804T112811-196b791da6|EVENT|001769,1784205000.0
1273.3215733717,51.6831703857,3.900602668,1273.3215733717,1770,1325.0047437574,S1B-GER40Cash-20260804T112811-196b791da6|EVENT|001770,1784205060.0
1273.3215733717,51.6831703857,3.900602668,1273.3215733717,1771,1325.0047437574,S1B-GER40Cash-20260804T112811-196b791da6|EVENT|001771,1784205120.0
1273.3215733717,51.6831703857,3.900602668,1273.3215733717,1772,1325.0047437574,S1B-GER40Cash-20260804T112811-196b791da6|EVENT|001772,1784205180.0
1273.3215733717,51.6831703857,3.900602668,1273.3215733717,1773,1325.0047437574,S1B-GER40Cash-20260804T112811-196b791da6|EVENT|001773,1784205240.0
1273.3215733717,51.6831703857,3.900602668,1273.3215733717,1774,1325.0047437574,S1B-GER40Cash-20260804T112811-196b791da6|EVENT|001774,1784205300.0
1273.3215733717,51.6831703857,3.900602668,1273.3215733717,1775,1325.0047437574,S1B-GER40Cash-20260804T112811-196b791da6|EVENT|001775,1784205360.0
1273.3215733717,51.6831703857,3.900602668,1273.3215733717,1776,1325.0047437574,S1B-GER40Cash-20260804T112811-196b791da6|EVENT|001776,1784205420.0
1273.3215733717,51.6831703857,3.900602668,1273.3215733717,1777,1325.0047437574,S1B-GER40Cash-20260804T112811-196b791da6|EVENT|001777,1784205480.0
1273.3215733717,51.6831703857,3.900602668,1273.3215733717,1778,1325.0047437574,S1B-GER40Cash-20260804T112811-196b791da6|EVENT|001778,1784205540.0
1273.3215733717,51.6831703857,3.900602668,1273.3215733717,1779,1325.0047437574,S1B-GER40Cash-20260804T112811-196b791da6|EVENT|001779,1784205600.0
1273.3215733717,51.6831703857,3.900602668,1273.3215733717,1780,1325.0047437574,S1B-GER40Cash-20260804T112811-196b791da6|EVENT|001780,1784205660.0
1273.3215733717,51.6831703857,3.900602668,1273.3215733717,1781,1325.0047437574,S1B-GER40Cash-20260804T112811-196b791da6|EVENT|001781,1784205720.0
1273.3215733717,51.6831703857,3.900602668,1273.3215733717,1782,1325.0047437574,S1B-GER40Cash-20260804T112811-196b791da6|EVENT|001782,1784205780.0
1273.3215733717,51.6831703857,3.900602668,1273.3215733717,1783,1325.0047437574,S1B-GER40Cash-20260804T112811-196b791da6|EVENT|001783,1784205840.0
1273.3215733717,51.6831703857,3.900602668,1273.3215733717,1784,1325.0047437574,S1B-GER40Cash-20260804T112811-196b791da6|EVENT|001784,1784205900.0
1273.3215733717,51.6831703857,3.900602668,1273.3215733717,1785,1325.0047437574,S1B-GER40Cash-20260804T112811-196b791da6|EVENT|001785,1784205960.0
1273.3215733717,51.6831703857,3.900602668,1273.3215733717,1786,1325.0047437574,S1B-GER40Cash-20260804T112811-196b791da6|EVENT|001786,1784206020.0
1273.3215733717,51.6831703857,3.900602668,1273.3215733717,1787,1325.0047437574,S1B-GER40Cash-20260804T112811-196b791da6|EVENT|001787,1784206080.0
1273.3215733717,51.6831703857,3.900602668,1273.3215733717,1788,1325.0047437574,S1B-GER40Cash-20260804T112811-196b791da6|EVENT|001788,1784206140.0
1273.3215733717,51.6831703857,3.900602668,1273.3215733717,1789,1325.0047437574,S1B-GER40Cash-20260804T112811-196b791da6|EVENT|001789,1784206200.0
1273.3215733717,51.6831703857,3.900602668,1273.3215733717,1790,1325.0047437574,S1B-GER40Cash-20260804T112811-196b791da6|EVENT|001790,1784206260.0
1273.3215733717,51.6831703857,3.900602668,1273.3215733717,1791,1325.0047437574,S1B-GER40Cash-20260804T112811-196b791da6|EVENT|001791,1784206320.0
1273.3215733717,51.6831703857,3.900602668,1273.3215733717,1792,1325.0047437574,S1B-GER40Cash-20260804T112811-196b791da6|EVENT|001792,1784206380.0
1273.3215733717,51.6831703857,3.900602668,1273.3215733717,1793,1325.0047437574,S1B-GER40Cash-20260804T112811-196b791da6|EVENT|001793,1784206440.0
1273.3215733717,51.6831703857,3.900602668,1273.3215733717,1794,1325.0047437574,S1B-GER40Cash-20260804T112811-196b791da6|EVENT|001794,1784206500.0
1273.3215733717,51.6831703857,3.900602668,1273.3215733717,1795,1325.0047437574,S1B-GER40Cash-20260804T112811-196b791da6|EVENT|001795,1784206560.0
1273.3215733717,51.6831703857,3.900602668,1273.3215733717,1796,1325.0047437574,S1B-GER40Cash-20260804T112811-196b791da6|EVENT|001796,1784206620.0
1273.3215733717,51.6831703857,3.900602668,1273.3215733717,1797,1325.0047437574,S1B-GER40Cash-20260804T112811-196b791da6|EVENT|001797,1784206680.0
1273.3215733717,51.6831703857,3.900602668,1273.3215733717,1798,1325.0047437574,S1B-GER40Cash-20260804T112811-196b791da6|EVENT|001798,1784206740.0
1273.3215733717,51.6831703857,3.900602668,1273.3215733717,1799,1325.0047437574,S1B-GER40Cash-20260804T112811-196b791da6|EVENT|001799,1784206800.0
1273.3215733717,51.6831703857,3.900602668,1273.3215733717,1800,1325.0047437574,S1B-GER40Cash-20260804T112811-196b791da6|EVENT|001800,1784206860.0
1273.3215733717,51.6831703857,3.900602668,1273.3215733717,1801,1325.0047437574,S1B-GER40Cash-20260804T112811-196b791da6|EVENT|001801,1784206920.0
1273.3215733717,51.6831703857,3.900602668,1273.3215733717,1802,1325.0047437574,S1B-GER40Cash-20260804T112811-196b791da6|EVENT|001802,1784206980.0
1273.3215733717,51.6831703857,3.900602668,1273.3215733717,1803,1325.0047437574,S1B-GER40Cash-20260804T112811-196b791da6|EVENT|001803,1784207040.0
1273.3215733717,51.6831703857,3.900602668,1273.3215733717,1804,1325.0047437574,S1B-GER40Cash-20260804T112811-196b791da6|EVENT|001804,1784207100.0
1273.3215733717,51.6831703857,3.900602668,1273.3215733717,1805,1325.0047437574,S1B-GER40Cash-20260804T112811-196b791da6|EVENT|001805,1784207160.0
1273.3215733717,51.6831703857,3.900602668,1273.3215733717,1806,1325.0047437574,S1B-GER40Cash-20260804T112811-196b791da6|EVENT|001806,1784207220.0
1273.3215733717,51.6831703857,3.900602668,1273.3215733717,1807,1325.0047437574,S1B-GER40Cash-20260804T112811-196b791da6|EVENT|001807,1784207280.0
1273.3215733717,51.6831703857,3.900602668,1273.3215733717,1808,1325.0047437574,S1B-GER40Cash-20260804T112811-196b791da6|EVENT|001808,1784207340.0
1273.3215733717,51.6831703857,3.900602668,1273.3215733717,1809,1325.0047437574,S1B-GER40Cash-20260804T112811-196b791da6|EVENT|001809,1784207400.0
1273.3215733717,51.6831703857,3.900602668,1273.3215733717,1810,1325.0047437574,S1B-GER40Cash-20260804T112811-196b791da6|EVENT|001810,1784207460.0
1273.3215733717,51.6831703857,3.900602668,1273.3215733717,1811,1325.0047437574,S1B-GER40Cash-20260804T112811-196b791da6|EVENT|001811,1784207520.0
1273.3215733717,51.6831703857,3.900602668,1273.3215733717,1812,1325.0047437574,S1B-GER40Cash-20260804T112811-196b791da6|EVENT|001812,1784207580.0
1273.3215733717,51.6831703857,3.900602668,1273.3215733717,1813,1325.0047437574,S1B-GER40Cash-20260804T112811-196b791da6|EVENT|001813,1784207640.0
1273.3215733717,51.6831703857,3.900602668,1273.3215733717,1814,1325.0047437574,S1B-GER40Cash-20260804T112811-196b791da6|EVENT|001814,1784207700.0
1273.3215733717,51.6831703857,3.900602668,1273.3215733717,1815,1325.0047437574,S1B-GER40Cash-20260804T112811-196b791da6|EVENT|001815,1784207760.0
1273.3215733717,51.6831703857,3.900602668,1273.3215733717,1816,1325.0047437574,S1B-GER40Cash-20260804T112811-196b791da6|EVENT|001816,1784207820.0
1273.3215733717,51.6831703857,3.900602668,1273.3215733717,1817,1325.0047437574,S1B-GER40Cash-20260804T112811-196b791da6|EVENT|001817,1784207880.0
1273.3215733717,51.6831703857,3.900602668,1273.3215733717,1818,1325.0047437574,S1B-GER40Cash-20260804T112811-196b791da6|EVENT|001818,1784207940.0
1273.3215733717,51.6831703857,3.900602668,1273.3215733717,1819,1325.0047437574,S1B-GER40Cash-20260804T112811-196b791da6|EVENT|001819,1784208000.0
1273.3215733717,51.6831703857,3.900602668,1273.3215733717,1820,1325.0047437574,S1B-GER40Cash-20260804T112811-196b791da6|EVENT|001820,1784208060.0
1273.3215733717,51.6831703857,3.900602668,1273.3215733717,1821,1325.0047437574,S1B-GER40Cash-20260804T112811-196b791da6|EVENT|001821,1784208120.0
1273.3215733717,51.6831703857,3.900602668,1273.3215733717,1822,1325.0047437574,S1B-GER40Cash-20260804T112811-196b791da6|EVENT|001822,1784208180.0
1273.3215733717,51.6831703857,3.900602668,1273.3215733717,1823,1325.0047437574,S1B-GER40Cash-20260804T112811-196b791da6|EVENT|001823,1784208240.0
1273.3215733717,51.6831703857,3.900602668,1273.3215733717,1824,1325.0047437574,S1B-GER40Cash-20260804T112811-196b791da6|EVENT|001824,1784208300.0
1273.3215733717,51.6831703857,3.900602668,1273.3215733717,1825,1325.0047437574,S1B-GER40Cash-20260804T112811-196b791da6|EVENT|001825,1784208360.0
1273.3215733717,51.6831703857,3.900602668,1273.3215733717,1826,1325.0047437574,S1B-GER40Cash-20260804T112811-196b791da6|EVENT|001826,1784208420.0
1273.3215733717,51.6831703857,3.900602668,1273.3215733717,1827,1325.0047437574,S1B-GER40Cash-20260804T112811-196b791da6|EVENT|001827,1784208480.0
1273.3215733717,51.6831703857,3.900602668,1273.3215733717,1828,1325.0047437574,S1B-GER40Cash-20260804T112811-196b791da6|EVENT|001828,1784208540.0
1273.3215733717,51.6831703857,3.900602668,1273.3215733717,1829,1325.0047437574,S1B-GER40Cash-20260804T112811-196b791da6|EVENT|001829,1784208600.0
1273.3215733717,51.6831703857,3.900602668,1273.3215733717,1830,1325.0047437574,S1B-GER40Cash-20260804T112811-196b791da6|EVENT|001830,1784208660.0
1273.3215733717,51.6831703857,3.900602668,1273.3215733717,1831,1325.0047437574,S1B-GER40Cash-20260804T112811-196b791da6|EVENT|001831,1784208720.0
1273.3215733717,51.6831703857,3.900602668,1273.3215733717,1832,1325.0047437574,S1B-GER40Cash-20260804T112811-196b791da6|EVENT|001832,1784208780.0
1273.3215733717,51.6831703857,3.900602668,1273.3215733717,1833,1325.0047437574,S1B-GER40Cash-20260804T112811-196b791da6|EVENT|001833,1784208840.0
1273.3215733717,51.6831703857,3.900602668,1273.3215733717,1834,1325.0047437574,S1B-GER40Cash-20260804T112811-196b791da6|EVENT|001834,1784208900.0
1273.3215733717,51.6831703857,3.900602668,1273.3215733717,1835,1325.0047437574,S1B-GER40Cash-20260804T112811-196b791da6|EVENT|001835,1784208960.0
1273.3215733717,51.6831703857,3.900602668,1273.3215733717,1836,1325.0047437574,S1B-GER40Cash-20260804T112811-196b791da6|EVENT|001836,1784209020.0
1273.3215733717,51.6831703857,3.900602668,1273.3215733717,1837,1325.0047437574,S1B-GER40Cash-20260804T112811-196b791da6|EVENT|001837,1784209080.0
1273.3215733717,51.6831703857,3.900602668,1273.3215733717,1838,1325.0047437574,S1B-GER40Cash-20260804T112811-196b791da6|EVENT|001838,1784209140.0
1273.3215733717,51.6831703857,3.900602668,1273.3215733717,1839,1325.0047437574,S1B-GER40Cash-20260804T112811-196b791da6|EVENT|001839,1784209200.0
1273.3215733717,51.6831703857,3.900602668,1273.3215733717,1840,1325.0047437574,S1B-GER40Cash-20260804T112811-196b791da6|EVENT|001840,1784209260.0
1273.3215733717,51.6831703857,3.900602668,1273.3215733717,1841,1325.0047437574,S1B-GER40Cash-20260804T112811-196b791da6|EVENT|001841,1784209320.0
1273.3215733717,51.6831703857,3.900602668,1273.3215733717,1842,1325.0047437574,S1B-GER40Cash-20260804T112811-196b791da6|EVENT|001842,1784209380.0
1273.3215733717,51.6831703857,3.900602668,1273.3215733717,1843,1325.0047437574,S1B-GER40Cash-20260804T112811-196b791da6|EVENT|001843,1784209440.0
1273.3215733717,51.6831703857,3.900602668,1273.3215733717,1844,1325.0047437574,S1B-GER40Cash-20260804T112811-196b791da6|EVENT|001844,1784209500.0
1273.3215733717,51.6831703857,3.900602668,1273.3215733717,1845,1325.0047437574,S1B-GER40Cash-20260804T112811-196b791da6|EVENT|001845,1784209560.0
1273.3215733717,51.6831703857,3.900602668,1273.3215733717,1846,1325.0047437574,S1B-GER40Cash-20260804T112811-196b791da6|EVENT|001846,1784209620.0
1273.3215733717,51.6831703857,3.900602668,1273.3215733717,1847,1325.0047437574,S1B-GER40Cash-20260804T112811-196b791da6|EVENT|001847,1784209680.0
1273.3215733717,51.6831703857,3.900602668,1273.3215733717,1848,1325.0047437574,S1B-GER40Cash-20260804T112811-196b791da6|EVENT|001848,1784209740.0
1273.3215733717,51.6831703857,3.900602668,1273.3215733717,1849,1325.0047437574,S1B-GER40Cash-20260804T112811-196b791da6|EVENT|001849,1784209800.0
1273.3215733717,51.6831703857,3.900602668,1273.3215733717,1850,1325.0047437574,S1B-GER40Cash-20260804T112811-196b791da6|EVENT|001850,1784209860.0
1273.3215733717,51.6831703857,3.900602668,1273.3215733717,1851,1325.0047437574,S1B-GER40Cash-20260804T112811-196b791da6|EVENT|001851,1784209920.0
1273.3215733717,51.6831703857,3.900602668,1273.3215733717,1852,1325.0047437574,S1B-GER40Cash-20260804T112811-196b791da6|EVENT|001852,1784209980.0
1273.3215733717,51.6831703857,3.900602668,1273.3215733717,1853,1325.0047437574,S1B-GER40Cash-20260804T112811-196b791da6|EVENT|001853,1784210040.0
1273.3215733717,51.6831703857,3.900602668,1273.3215733717,1854,1325.0047437574,S1B-GER40Cash-20260804T112811-196b791da6|EVENT|001854,1784210100.0
1273.3215733717,51.6831703857,3.900602668,1273.3215733717,1855,1325.0047437574,S1B-GER40Cash-20260804T112811-196b791da6|EVENT|001855,1784210160.0
1273.3215733717,51.6831703857,3.900602668,1273.3215733717,1856,1325.0047437574,S1B-GER40Cash-20260804T112811-196b791da6|EVENT|001856,1784210220.0
1273.3215733717,51.6831703857,3.900602668,1273.3215733717,1857,1325.0047437574,S1B-GER40Cash-20260804T112811-196b791da6|EVENT|001857,1784210280.0
1273.3215733717,51.6831703857,3.900602668,1273.3215733717,1858,1325.0047437574,S1B-GER40Cash-20260804T112811-196b791da6|EVENT|001858,1784210340.0
1273.3215733717,51.6831703857,3.900602668,1273.3215733717,1859,1325.0047437574,S1B-GER40Cash-20260804T112811-196b791da6|EVENT|001859,1784210400.0
1273.3215733717,51.6831703857,3.900602668,1273.3215733717,1860,1325.0047437574,S1B-GER40Cash-20260804T112811-196b791da6|EVENT|001860,1784210460.0
1273.3215733717,51.6831703857,3.900602668,1273.3215733717,1861,1325.0047437574,S1B-GER40Cash-20260804T112811-196b791da6|EVENT|001861,1784210520.0
1273.3215733717,51.6831703857,3.900602668,1273.3215733717,1862,1325.0047437574,S1B-GER40Cash-20260804T112811-196b791da6|EVENT|001862,1784210580.0
1273.3215733717,51.6831703857,3.900602668,1273.3215733717,1863,1325.0047437574,S1B-GER40Cash-20260804T112811-196b791da6|EVENT|001863,1784210640.0
1273.3215733717,51.6831703857,3.900602668,1273.3215733717,1864,1325.0047437574,S1B-GER40Cash-20260804T112811-196b791da6|EVENT|001864,1784210700.0
1273.3215733717,51.6831703857,3.900602668,1273.3215733717,1865,1325.0047437574,S1B-GER40Cash-20260804T112811-196b791da6|EVENT|001865,1784210760.0
1273.3215733717,51.6831703857,3.900602668,1273.3215733717,1866,1325.0047437574,S1B-GER40Cash-20260804T112811-196b791da6|EVENT|001866,1784210820.0
1273.3215733717,51.6831703857,3.900602668,1273.3215733717,1867,1325.0047437574,S1B-GER40Cash-20260804T112811-196b791da6|EVENT|001867,1784210880.0
1273.3215733717,51.6831703857,3.900602668,1273.3215733717,1868,1325.0047437574,S1B-GER40Cash-20260804T112811-196b791da6|EVENT|001868,1784210940.0
1273.3215733717,51.6831703857,3.900602668,1273.3215733717,1869,1325.0047437574,S1B-GER40Cash-20260804T112811-196b791da6|EVENT|001869,1784211000.0
1273.3215733717,51.6831703857,3.900602668,1273.3215733717,1870,1325.0047437574,S1B-GER40Cash-20260804T112811-196b791da6|EVENT|001870,1784211060.0
1273.3215733717,51.6831703857,3.900602668,1273.3215733717,1871,1325.0047437574,S1B-GER40Cash-20260804T112811-196b791da6|EVENT|001871,1784211120.0
1273.3215733717,51.6831703857,3.900602668,1273.3215733717,1872,1325.0047437574,S1B-GER40Cash-20260804T112811-196b791da6|EVENT|001872,1784211180.0
1273.3215733717,51.6831703857,3.900602668,1273.3215733717,1873,1325.0047437574,S1B-GER40Cash-20260804T112811-196b791da6|EVENT|001873,1784211240.0
1273.3215733717,51.6831703857,3.900602668,1273.3215733717,1874,1325.0047437574,S1B-GER40Cash-20260804T112811-196b791da6|EVENT|001874,1784211300.0
1273.3215733717,51.6831703857,3.900602668,1273.3215733717,1875,1325.0047437574,S1B-GER40Cash-20260804T112811-196b791da6|EVENT|001875,1784211360.0
1273.3215733717,51.6831703857,3.900602668,1273.3215733717,1876,1325.0047437574,S1B-GER40Cash-20260804T112811-196b791da6|EVENT|001876,1784211420.0
1273.3215733717,51.6831703857,3.900602668,1273.3215733717,1877,1325.0047437574,S1B-GER40Cash-20260804T112811-196b791da6|EVENT|001877,1784211480.0
1273.3215733717,51.6831703857,3.900602668,1273.3215733717,1878,1325.0047437574,S1B-GER40Cash-20260804T112811-196b791da6|EVENT|001878,1784211540.0
1273.3215733717,51.6831703857,3.900602668,1273.3215733717,1879,1325.0047437574,S1B-GER40Cash-20260804T112811-196b791da6|EVENT|001879,1784211600.0
1273.3215733717,51.6831703857,3.900602668,1273.3215733717,1880,1325.0047437574,S1B-GER40Cash-20260804T112811-196b791da6|EVENT|001880,1784211660.0
1273.3215733717,51.6831703857,3.900602668,1273.3215733717,1881,1325.0047437574,S1B-GER40Cash-20260804T112811-196b791da6|EVENT|001881,1784211720.0
1273.3215733717,51.6831703857,3.900602668,1273.3215733717,1882,1325.0047437574,S1B-GER40Cash-20260804T112811-196b791da6|EVENT|001882,1784211780.0
1273.3215733717,51.6831703857,3.900602668,1273.3215733717,1883,1325.0047437574,S1B-GER40Cash-20260804T112811-196b791da6|EVENT|001883,1784211840.0
1273.3215733717,51.6831703857,3.900602668,1273.3215733717,1884,1325.0047437574,S1B-GER40Cash-20260804T112811-196b791da6|EVENT|001884,1784211900.0
1273.3215733717,51.6831703857,3.900602668,1273.3215733717,1885,1325.0047437574,S1B-GER40Cash-20260804T112811-196b791da6|EVENT|001885,1784211960.0
1273.3215733717,51.6831703857,3.900602668,1273.3215733717,1886,1325.0047437574,S1B-GER40Cash-20260804T112811-196b791da6|EVENT|001886,1784212020.0
1273.3215733717,51.6831703857,3.900602668,1273.3215733717,1887,1325.0047437574,S1B-GER40Cash-20260804T112811-196b791da6|EVENT|001887,1784212080.0
1273.3215733717,51.6831703857,3.900602668,1273.3215733717,1888,1325.0047437574,S1B-GER40Cash-20260804T112811-196b791da6|EVENT|001888,1784212140.0
1273.3215733717,51.6831703857,3.900602668,1273.3215733717,1889,1325.0047437574,S1B-GER40Cash-20260804T112811-196b791da6|EVENT|001889,1784212200.0
1273.3215733717,51.6831703857,3.900602668,1273.3215733717,1890,1325.0047437574,S1B-GER40Cash-20260804T112811-196b791da6|EVENT|001890,1784212260.0
1273.3215733717,51.6831703857,3.900602668,1273.3215733717,1891,1325.0047437574,S1B-GER40Cash-20260804T112811-196b791da6|EVENT|001891,1784212320.0
1273.3215733717,51.6831703857,3.900602668,1273.3215733717,1892,1325.0047437574,S1B-GER40Cash-20260804T112811-196b791da6|EVENT|001892,1784212380.0
1273.3215733717,51.6831703857,3.900602668,1273.3215733717,1893,1325.0047437574,S1B-GER40Cash-20260804T112811-196b791da6|EVENT|001893,1784212440.0
1273.3215733717,51.6831703857,3.900602668,1273.3215733717,1894,1325.0047437574,S1B-GER40Cash-20260804T112811-196b791da6|EVENT|001894,1784212500.0
1273.3215733717,51.6831703857,3.900602668,1273.3215733717,1895,1325.0047437574,S1B-GER40Cash-20260804T112811-196b791da6|EVENT|001895,1784212560.0
1273.3215733717,51.6831703857,3.900602668,1273.3215733717,1896,1325.0047437574,S1B-GER40Cash-20260804T112811-196b791da6|EVENT|001896,1784212620.0
1273.3215733717,51.6831703857,3.900602668,1273.3215733717,1897,1325.0047437574,S1B-GER40Cash-20260804T112811-196b791da6|EVENT|001897,1784212680.0
1273.3215733717,51.6831703857,3.900602668,1273.3215733717,1898,1325.0047437574,S1B-GER40Cash-20260804T112811-196b791da6|EVENT|001898,1784212740.0
1273.3215733717,51.6831703857,3.900602668,1273.3215733717,1899,1325.0047437574,S1B-GER40Cash-20260804T112811-196b791da6|EVENT|001899,1784212800.0
1273.3215733717,51.6831703857,3.900602668,1273.3215733717,1900,1325.0047437574,S1B-GER40Cash-20260804T112811-196b791da6|EVENT|001900,1784212860.0
1273.3215733717,51.6831703857,3.900602668,1273.3215733717,1901,1325.0047437574,S1B-GER40Cash-20260804T112811-196b791da6|EVENT|001901,1784212920.0
1273.3215733717,51.6831703857,3.900602668,1273.3215733717,1902,1325.0047437574,S1B-GER40Cash-20260804T112811-196b791da6|EVENT|001902,1784212980.0
1273.3215733717,51.6831703857,3.900602668,1273.3215733717,1903,1325.0047437574,S1B-GER40Cash-20260804T112811-196b791da6|EVENT|001903,1784213040.0
1273.3215733717,51.6831703857,3.900602668,1273.3215733717,1904,1325.0047437574,S1B-GER40Cash-20260804T112811-196b791da6|EVENT|001904,1784213100.0
1273.3215733717,51.6831703857,3.900602668,1273.3215733717,1905,1325.0047437574,S1B-GER40Cash-20260804T112811-196b791da6|EVENT|001905,1784213160.0
1273.3215733717,51.6831703857,3.900602668,1273.3215733717,1906,1325.0047437574,S1B-GER40Cash-20260804T112811-196b791da6|EVENT|001906,1784213220.0
1273.3215733717,51.6831703857,3.900602668,1273.3215733717,1907,1325.0047437574,S1B-GER40Cash-20260804T112811-196b791da6|EVENT|001907,1784213280.0
1273.3215733717,51.6831703857,3.900602668,1273.3215733717,1908,1325.0047437574,S1B-GER40Cash-20260804T112811-196b791da6|EVENT|001908,1784213340.0
1273.3215733717,51.6831703857,3.900602668,1273.3215733717,1909,1325.0047437574,S1B-GER40Cash-20260804T112811-196b791da6|EVENT|001909,1784213400.0
1273.3215733717,51.6831703857,3.900602668,1273.3215733717,1910,1325.0047437574,S1B-GER40Cash-20260804T112811-196b791da6|EVENT|001910,1784213460.0
1273.3215733717,51.6831703857,3.900602668,1273.3215733717,1911,1325.0047437574,S1B-GER40Cash-20260804T112811-196b791da6|EVENT|001911,1784213520.0
1273.3215733717,51.6831703857,3.900602668,1273.3215733717,1912,1325.0047437574,S1B-GER40Cash-20260804T112811-196b791da6|EVENT|001912,1784213580.0
1273.3215733717,51.6831703857,3.900602668,1273.3215733717,1913,1325.0047437574,S1B-GER40Cash-20260804T112811-196b791da6|EVENT|001913,1784213640.0
1273.3215733717,51.6831703857,3.900602668,1273.3215733717,1914,1325.0047437574,S1B-GER40Cash-20260804T112811-196b791da6|EVENT|001914,1784213700.0
1273.3215733717,51.6831703857,3.900602668,1273.3215733717,1915,1325.0047437574,S1B-GER40Cash-20260804T112811-196b791da6|EVENT|001915,1784213760.0
1273.3215733717,51.6831703857,3.900602668,1273.3215733717,1916,1325.0047437574,S1B-GER40Cash-20260804T112811-196b791da6|EVENT|001916,1784213820.0
1273.3215733717,51.6831703857,3.900602668,1273.3215733717,1917,1325.0047437574,S1B-GER40Cash-20260804T112811-196b791da6|EVENT|001917,1784213880.0
1273.3215733717,51.6831703857,3.900602668,1273.3215733717,1918,1325.0047437574,S1B-GER40Cash-20260804T112811-196b791da6|EVENT|001918,1784213940.0
1273.3215733717,51.6831703857,3.900602668,1273.3215733717,1919,1325.0047437574,S1B-GER40Cash-20260804T112811-196b791da6|EVENT|001919,1784214000.0
1273.3215733717,51.6831703857,3.900602668,1273.3215733717,1920,1325.0047437574,S1B-GER40Cash-20260804T112811-196b791da6|EVENT|001920,1784214060.0
1273.3215733717,51.6831703857,3.900602668,1273.3215733717,1921,1325.0047437574,S1B-GER40Cash-20260804T112811-196b791da6|EVENT|001921,1784214120.0
1273.3215733717,51.6831703857,3.900602668,1273.3215733717,1922,1325.0047437574,S1B-GER40Cash-20260804T112811-196b791da6|EVENT|001922,1784214180.0
1273.3215733717,51.6831703857,3.900602668,1273.3215733717,1923,1325.0047437574,S1B-GER40Cash-20260804T112811-196b791da6|EVENT|001923,1784214240.0
1273.3215733717,51.6831703857,3.900602668,1273.3215733717,1924,1325.0047437574,S1B-GER40Cash-20260804T112811-196b791da6|EVENT|001924,1784214300.0
1273.3215733717,51.6831703857,3.900602668,1273.3215733717,1925,1325.0047437574,S1B-GER40Cash-20260804T112811-196b791da6|EVENT|001925,1784214360.0
1273.3215733717,51.6831703857,3.900602668,1273.3215733717,1926,1325.0047437574,S1B-GER40Cash-20260804T112811-196b791da6|EVENT|001926,1784214420.0
1273.3215733717,51.6831703857,3.900602668,1273.3215733717,1927,1325.0047437574,S1B-GER40Cash-20260804T112811-196b791da6|EVENT|001927,1784214480.0
1273.3215733717,51.6831703857,3.900602668,1273.3215733717,1928,1325.0047437574,S1B-GER40Cash-20260804T112811-196b791da6|EVENT|001928,1784214540.0
1273.3215733717,51.6831703857,3.900602668,1273.3215733717,1929,1325.0047437574,S1B-GER40Cash-20260804T112811-196b791da6|EVENT|001929,1784214600.0
1273.3215733717,51.6831703857,3.900602668,1273.3215733717,1930,1325.0047437574,S1B-GER40Cash-20260804T112811-196b791da6|EVENT|001930,1784214660.0
1273.3215733717,51.6831703857,3.900602668,1273.3215733717,1931,1325.0047437574,S1B-GER40Cash-20260804T112811-196b791da6|EVENT|001931,1784214720.0
1273.3215733717,51.6831703857,3.900602668,1273.3215733717,1932,1325.0047437574,S1B-GER40Cash-20260804T112811-196b791da6|EVENT|001932,1784214780.0
1273.3215733717,51.6831703857,3.900602668,1273.3215733717,1933,1325.0047437574,S1B-GER40Cash-20260804T112811-196b791da6|EVENT|001933,1784214840.0
1273.3215733717,51.6831703857,3.900602668,1273.3215733717,1934,1325.0047437574,S1B-GER40Cash-20260804T112811-196b791da6|EVENT|001934,1784214900.0
1273.3215733717,51.6831703857,3.900602668,1273.3215733717,1935,1325.0047437574,S1B-GER40Cash-20260804T112811-196b791da6|EVENT|001935,1784214960.0
1273.3215733717,51.6831703857,3.900602668,1273.3215733717,1936,1325.0047437574,S1B-GER40Cash-20260804T112811-196b791da6|EVENT|001936,1784215020.0
1273.3215733717,51.6831703857,3.900602668,1273.3215733717,1937,1325.0047437574,S1B-GER40Cash-20260804T112811-196b791da6|EVENT|001937,1784215080.0
1273.3215733717,51.6831703857,3.900602668,1273.3215733717,1938,1325.0047437574,S1B-GER40Cash-20260804T112811-196b791da6|EVENT|001938,1784215140.0
1273.3215733717,51.6831703857,3.900602668,1273.3215733717,1939,1325.0047437574,S1B-GER40Cash-20260804T112811-196b791da6|EVENT|001939,1784215200.0
1273.3215733717,51.6831703857,3.900602668,1273.3215733717,1940,1325.0047437574,S1B-GER40Cash-20260804T112811-196b791da6|EVENT|001940,1784215260.0
1273.3215733717,51.6831703857,3.900602668,1273.3215733717,1941,1325.0047437574,S1B-GER40Cash-20260804T112811-196b791da6|EVENT|001941,1784215320.0
1273.3215733717,51.6831703857,3.900602668,1273.3215733717,1942,1325.0047437574,S1B-GER40Cash-20260804T112811-196b791da6|EVENT|001942,1784215380.0
1273.3215733717,51.6831703857,3.900602668,1273.3215733717,1943,1325.0047437574,S1B-GER40Cash-20260804T112811-196b791da6|EVENT|001943,1784215440.0
1273.3215733717,51.6831703857,3.900602668,1273.3215733717,1944,1325.0047437574,S1B-GER40Cash-20260804T112811-196b791da6|EVENT|001944,1784215500.0
1273.3215733717,51.6831703857,3.900602668,1273.3215733717,1945,1325.0047437574,S1B-GER40Cash-20260804T112811-196b791da6|EVENT|001945,1784215560.0
1273.3215733717,51.6831703857,3.900602668,1273.3215733717,1946,1325.0047437574,S1B-GER40Cash-20260804T112811-196b791da6|EVENT|001946,1784215620.0
1273.3215733717,51.6831703857,3.900602668,1273.3215733717,1947,1325.0047437574,S1B-GER40Cash-20260804T112811-196b791da6|EVENT|001947,1784215680.0
1273.3215733717,51.6831703857,3.900602668,1273.3215733717,1948,1325.0047437574,S1B-GER40Cash-20260804T112811-196b791da6|EVENT|001948,1784215740.0
1273.3215733717,51.6831703857,3.900602668,1273.3215733717,1949,1325.0047437574,S1B-GER40Cash-20260804T112811-196b791da6|EVENT|001949,1784215800.0
1273.3215733717,51.6831703857,3.900602668,1273.3215733717,1950,1325.0047437574,S1B-GER40Cash-20260804T112811-196b791da6|EVENT|001950,1784215860.0
1273.3215733717,51.6831703857,3.900602668,1273.3215733717,1951,1325.0047437574,S1B-GER40Cash-20260804T112811-196b791da6|EVENT|001951,1784215920.0
1273.3215733717,51.6831703857,3.900602668,1273.3215733717,1952,1325.0047437574,S1B-GER40Cash-20260804T112811-196b791da6|EVENT|001952,1784215980.0
1273.3215733717,51.6831703857,3.900602668,1273.3215733717,1953,1325.0047437574,S1B-GER40Cash-20260804T112811-196b791da6|EVENT|001953,1784216040.0
1273.3215733717,51.6831703857,3.900602668,1273.3215733717,1954,1325.0047437574,S1B-GER40Cash-20260804T112811-196b791da6|EVENT|001954,1784216100.0
1273.3215733717,51.6831703857,3.900602668,1273.3215733717,1955,1325.0047437574,S1B-GER40Cash-20260804T112811-196b791da6|EVENT|001955,1784216160.0
1273.3215733717,51.6831703857,3.900602668,1273.3215733717,1956,1325.0047437574,S1B-GER40Cash-20260804T112811-196b791da6|EVENT|001956,1784216220.0
1273.3215733717,51.6831703857,3.900602668,1273.3215733717,1957,1325.0047437574,S1B-GER40Cash-20260804T112811-196b791da6|EVENT|001957,1784216280.0
1273.3215733717,51.6831703857,3.900602668,1273.3215733717,1958,1325.0047437574,S1B-GER40Cash-20260804T112811-196b791da6|EVENT|001958,1784216340.0
1273.3215733717,51.6831703857,3.900602668,1273.3215733717,1959,1325.0047437574,S1B-GER40Cash-20260804T112811-196b791da6|EVENT|001959,1784216400.0
1273.3215733717,51.6831703857,3.900602668,1273.3215733717,1960,1325.0047437574,S1B-GER40Cash-20260804T112811-196b791da6|EVENT|001960,1784216460.0
1273.3215733717,51.6831703857,3.900602668,1273.3215733717,1961,1325.0047437574,S1B-GER40Cash-20260804T112811-196b791da6|EVENT|001961,1784216520.0
1273.3215733717,51.6831703857,3.900602668,1273.3215733717,1962,1325.0047437574,S1B-GER40Cash-20260804T112811-196b791da6|EVENT|001962,1784216580.0
1273.3215733717,51.6831703857,3.900602668,1273.3215733717,1963,1325.0047437574,S1B-GER40Cash-20260804T112811-196b791da6|EVENT|001963,1784216640.0
1273.3215733717,51.6831703857,3.900602668,1273.3215733717,1964,1325.0047437574,S1B-GER40Cash-20260804T112811-196b791da6|EVENT|001964,1784216700.0
1273.3215733717,51.6831703857,3.900602668,1273.3215733717,1965,1325.0047437574,S1B-GER40Cash-20260804T112811-196b791da6|EVENT|001965,1784216760.0
1273.3215733717,51.6831703857,3.900602668,1273.3215733717,1966,1325.0047437574,S1B-GER40Cash-20260804T112811-196b791da6|EVENT|001966,1784216820.0
1273.3215733717,51.6831703857,3.900602668,1273.3215733717,1967,1325.0047437574,S1B-GER40Cash-20260804T112811-196b791da6|EVENT|001967,1784216880.0
1273.3215733717,51.6831703857,3.900602668,1273.3215733717,1968,1325.0047437574,S1B-GER40Cash-20260804T112811-196b791da6|EVENT|001968,1784216940.0
1273.3215733717,51.6831703857,3.900602668,1273.3215733717,1969,1325.0047437574,S1B-GER40Cash-20260804T112811-196b791da6|EVENT|001969,1784217000.0
1273.3215733717,51.6831703857,3.900602668,1273.3215733717,1970,1325.0047437574,S1B-GER40Cash-20260804T112811-196b791da6|EVENT|001970,1784217060.0
1273.3215733717,51.6831703857,3.900602668,1273.3215733717,1971,1325.0047437574,S1B-GER40Cash-20260804T112811-196b791da6|EVENT|001971,1784217120.0
1273.3215733717,51.6831703857,3.900602668,1273.3215733717,1972,1325.0047437574,S1B-GER40Cash-20260804T112811-196b791da6|EVENT|001972,1784217180.0
1273.3215733717,51.6831703857,3.900602668,1273.3215733717,1973,1325.0047437574,S1B-GER40Cash-20260804T112811-196b791da6|EVENT|001973,1784217240.0
1273.3215733717,51.6831703857,3.900602668,1273.3215733717,1974,1325.0047437574,S1B-GER40Cash-20260804T112811-196b791da6|EVENT|001974,1784217300.0
1273.3215733717,51.6831703857,3.900602668,1273.3215733717,1975,1325.0047437574,S1B-GER40Cash-20260804T112811-196b791da6|EVENT|001975,1784217360.0
1273.3215733717,51.6831703857,3.900602668,1273.3215733717,1976,1325.0047437574,S1B-GER40Cash-20260804T112811-196b791da6|EVENT|001976,1784217420.0
1273.3215733717,51.6831703857,3.900602668,1273.3215733717,1977,1325.0047437574,S1B-GER40Cash-20260804T112811-196b791da6|EVENT|001977,1784217480.0
1273.3215733717,51.6831703857,3.900602668,1273.3215733717,1978,1325.0047437574,S1B-GER40Cash-20260804T112811-196b791da6|EVENT|001978,1784217540.0
1273.3215733717,51.6831703857,3.900602668,1273.3215733717,1979,1325.0047437574,S1B-GER40Cash-20260804T112811-196b791da6|EVENT|001979,1784217600.0
1273.3215733717,51.6831703857,3.900602668,1273.3215733717,1980,1325.0047437574,S1B-GER40Cash-20260804T112811-196b791da6|EVENT|001980,1784217660.0
1273.3215733717,51.6831703857,3.900602668,1273.3215733717,1981,1325.0047437574,S1B-GER40Cash-20260804T112811-196b791da6|EVENT|001981,1784217720.0
1273.3215733717,51.6831703857,3.900602668,1273.3215733717,1982,1325.0047437574,S1B-GER40Cash-20260804T112811-196b791da6|EVENT|001982,1784217780.0
1273.3215733717,51.6831703857,3.900602668,1273.3215733717,1983,1325.0047437574,S1B-GER40Cash-20260804T112811-196b791da6|EVENT|001983,1784217840.0
1273.3215733717,51.6831703857,3.900602668,1273.3215733717,1984,1325.0047437574,S1B-GER40Cash-20260804T112811-196b791da6|EVENT|001984,1784217900.0
1273.3215733717,51.6831703857,3.900602668,1273.3215733717,1985,1325.0047437574,S1B-GER40Cash-20260804T112811-196b791da6|EVENT|001985,1784217960.0
1273.3215733717,51.6831703857,3.900602668,1273.3215733717,1986,1325.0047437574,S1B-GER40Cash-20260804T112811-196b791da6|EVENT|001986,1784218020.0
1273.3215733717,51.6831703857,3.900602668,1273.3215733717,1987,1325.0047437574,S1B-GER40Cash-20260804T112811-196b791da6|EVENT|001987,1784218080.0
1273.3215733717,51.6831703857,3.900602668,1273.3215733717,1988,1325.0047437574,S1B-GER40Cash-20260804T112811-196b791da6|EVENT|001988,1784218140.0
1273.3215733717,51.6831703857,3.900602668,1273.3215733717,1989,1325.0047437574,S1B-GER40Cash-20260804T112811-196b791da6|EVENT|001989,1784218200.0
1273.3215733717,51.6831703857,3.900602668,1273.3215733717,1990,1325.0047437574,S1B-GER40Cash-20260804T112811-196b791da6|EVENT|001990,1784218260.0
1273.3215733717,51.6831703857,3.900602668,1273.3215733717,1991,1325.0047437574,S1B-GER40Cash-20260804T112811-196b791da6|EVENT|001991,1784218320.0
1273.3215733717,51.6831703857,3.900602668,1273.3215733717,1992,1325.0047437574,S1B-GER40Cash-20260804T112811-196b791da6|EVENT|001992,1784218380.0
1273.3215733717,51.6831703857,3.900602668,1273.3215733717,1993,1325.0047437574,S1B-GER40Cash-20260804T112811-196b791da6|EVENT|001993,1784218440.0
1273.3215733717,51.6831703857,3.900602668,1273.3215733717,1994,1325.0047437574,S1B-GER40Cash-20260804T112811-196b791da6|EVENT|001994,1784218500.0
1273.3215733717,51.6831703857,3.900602668,1273.3215733717,1995,1325.0047437574,S1B-GER40Cash-20260804T112811-196b791da6|EVENT|001995,1784218560.0
1273.3215733717,51.6831703857,3.900602668,1273.3215733717,1996,1325.0047437574,S1B-GER40Cash-20260804T112811-196b791da6|EVENT|001996,1784218620.0
1273.3215733717,51.6831703857,3.900602668,1273.3215733717,1997,1325.0047437574,S1B-GER40Cash-20260804T112811-196b791da6|EVENT|001997,1784218680.0
1273.3215733717,51.6831703857,3.900602668,1273.3215733717,1998,1325.0047437574,S1B-GER40Cash-20260804T112811-196b791da6|EVENT|001998,1784218740.0
1273.3215733717,51.6831703857,3.900602668,1273.3215733717,1999,1325.0047437574,S1B-GER40Cash-20260804T112811-196b791da6|EVENT|001999,1784218800.0
