time,open,high,low,close,tick_volume,spread,real_volume
1782236100,1.13782,1.13794,1.13754,1.13768,399,10,0
1782236400,1.13769,1.13796,1.13762,1.13795,376,10,0
1782236700,1.13796,1.13843,1.13794,1.13825,377,10,0
1782237000,1.13824,1.13827,1.13798,1.13822,493,10,0
1782237300,1.13822,1.13831,1.1378,1.13815,370,10,0
1782237600,1.13816,1.13825,1.13797,1.13809,443,10,0
1782237900,1.1381000000000001,1.13811,1.13754,1.13758,362,10,0
1782238200,1.1375899999999999,1.13835,1.1375899999999999,1.13822,310,10,0
1782238500,1.13823,1.1385,1.13806,1.13809,267,10,0
1782238800,1.1381000000000001,1.13826,1.13798,1.1381999999999999,204,10,0
1782239100,1.13821,1.13833,1.13804,1.13804,209,10,0
1782239400,1.13803,1.1384400000000001,1.13803,1.13818,205,10,0
1782239700,1.13817,1.13827,1.13779,1.13779,301,10,0
1782240000,1.13781,1.13788,1.13772,1.13784,244,10,0
1782240300,1.13784,1.1379,1.13774,1.13776,193,10,0
1782240600,1.13778,1.13806,1.13776,1.13805,168,10,0
1782240900,1.13805,1.13825,1.13791,1.13825,188,10,0
1782241200,1.13825,1.13831,1.13797,1.13813,278,10,0
1782241500,1.13812,1.13825,1.1378300000000001,1.138,198,10,0
1782241800,1.138,1.13832,1.13786,1.13825,191,10,0
1782242100,1.13826,1.13831,1.13806,1.13819,174,10,0
1782242400,1.1381999999999999,1.13832,1.13814,1.13821,125,10,0
1782242700,1.1381999999999999,1.13824,1.13794,1.13794,164,10,0
1782243000,1.1379,1.13799,1.13785,1.13795,98,10,0
1782243300,1.13795,1.13831,1.1379299999999999,1.13831,92,10,0
1782243600,1.13831,1.13832,1.13823,1.13831,110,10,0
1782243900,1.13831,1.13833,1.13817,1.1381999999999999,125,10,0
1782244200,1.13821,1.13823,1.1379299999999999,1.13804,166,10,0
1782244500,1.13804,1.13811,1.13781,1.1379,157,10,0
1782244800,1.1379,1.13791,1.13768,1.13768,126,10,0
1782245100,1.13769,1.13789,1.1376,1.13787,119,10,0
1782245400,1.13788,1.13804,1.1378300000000001,1.13794,120,10,0
1782245700,1.13794,1.13799,1.13784,1.13786,110,10,0
1782246000,1.13786,1.13802,1.13784,1.13791,76,10,0
1782246300,1.1379,1.1379299999999999,1.13778,1.1378,86,10,0
1782246600,1.1378,1.13801,1.13779,1.13799,97,10,0
1782246900,1.13797,1.13802,1.13782,1.13795,86,10,0
1782247200,1.13795,1.13813,1.1379299999999999,1.13807,81,10,0
1782247500,1.13806,1.13806,1.1379299999999999,1.13795,67,10,0
1782247800,1.13795,1.13801,1.13785,1.13798,106,10,0
1782248100,1.13798,1.138,1.13781,1.1379,141,10,0
1782248400,1.13791,1.13801,1.1378300000000001,1.13787,150,10,0
1782248700,1.13788,1.13796,1.13781,1.1379299999999999,111,10,0
1782249000,1.13794,1.138,1.1379,1.13795,87,10,0
1782249300,1.13794,1.138,1.1379,1.13791,85,10,0
1782249600,1.13791,1.138,1.13785,1.13794,82,10,0
1782249900,1.1379299999999999,1.13795,1.13782,1.13782,73,10,0
1782250200,1.1378300000000001,1.13789,1.13779,1.13789,69,10,0
1782250500,1.13789,1.1379299999999999,1.13762,1.13764,148,10,0
1782250800,1.13764,1.13766,1.13756,1.1375899999999999,100,10,0
1782251100,1.13758,1.13764,1.13758,1.1376,72,10,0
1782251400,1.13761,1.13779,1.13761,1.13777,84,10,0
1782251700,1.13778,1.13785,1.13765,1.13782,119,10,0
1782252000,1.1378300000000001,1.13813,1.13781,1.13804,174,10,0
1782252300,1.13803,1.13819,1.13795,1.13815,167,10,0
1782252600,1.13815,1.13823,1.1381000000000001,1.13816,95,10,0
1782252900,1.13817,1.1381999999999999,1.13797,1.138,67,10,0
1782253200,1.13799,1.13812,1.13797,1.13811,52,10,0
1782253500,1.13813,1.13813,1.13806,1.13809,76,10,0
1782253800,1.13809,1.13815,1.13802,1.1381000000000001,80,10,0
1782254100,1.13811,1.13811,1.13795,1.13799,73,10,0
1782254400,1.13799,1.13806,1.13795,1.138,58,10,0
1782254700,1.13801,1.13809,1.13799,1.13801,74,10,0
1782255000,1.13799,1.13805,1.13792,1.138,95,10,0
1782255300,1.138,1.13807,1.13784,1.13784,127,10,0
1782255600,1.13785,1.1379,1.13774,1.13788,122,10,0
1782255900,1.13788,1.138,1.13788,1.13791,36,10,0
1782256200,1.1379,1.13794,1.13782,1.13792,51,10,0
1782256500,1.1379299999999999,1.13795,1.13788,1.13792,28,10,0
1782256800,1.13791,1.13791,1.1378,1.13787,26,10,0
1782257100,1.13788,1.13795,1.13785,1.13792,44,10,0
1782257400,1.13792,1.13799,1.13787,1.13799,48,10,0
1782257700,1.13798,1.13798,1.13784,1.13784,22,10,0
1782258000,1.13786,1.13798,1.13786,1.13797,31,10,0
1782258300,1.13796,1.13801,1.13795,1.138,46,10,0
1782258600,1.13799,1.13809,1.13799,1.13806,75,10,0
1782258900,1.13804,1.13814,1.13787,1.13799,136,11,0
1782259200,1.13804,1.13821,1.13771,1.13819,26,24,0
1782259500,1.13816,1.1381999999999999,1.13816,1.1381999999999999,8,31,0
1782259800,1.13826,1.13834,1.1381999999999999,1.13822,56,19,0
1782260100,1.13821,1.13823,1.1381999999999999,1.1381999999999999,20,33,0
1782260400,1.1381999999999999,1.13821,1.13817,1.13817,14,27,0
1782260700,1.13817,1.13818,1.13817,1.13817,6,33,0
1782261000,1.13817,1.1383,1.13816,1.13816,11,21,0
1782261300,1.13825,1.13826,1.13816,1.13816,15,28,0
1782261600,1.13823,1.13825,1.13816,1.13819,18,28,0
1782261900,1.13831,1.13831,1.13819,1.13825,62,23,0
1782262200,1.13825,1.13832,1.13822,1.13824,38,19,0
1782262500,1.13824,1.13824,1.13821,1.13823,17,24,0
1782262800,1.13823,1.13825,1.13779,1.13785,78,16,0
1782263100,1.13787,1.13798,1.13787,1.13795,37,10,0
1782263400,1.13795,1.13799,1.1379299999999999,1.13799,36,11,0
1782263700,1.13798,1.13801,1.1379,1.13796,49,11,0
1782264000,1.13796,1.13796,1.13789,1.13789,44,11,0
1782264300,1.13788,1.13797,1.13788,1.13788,68,10,0
1782264600,1.13789,1.138,1.13788,1.1379,79,10,0
1782264900,1.1379299999999999,1.138,1.13792,1.138,96,11,0
1782265200,1.13801,1.13805,1.13799,1.13803,68,11,0
1782265500,1.13804,1.13812,1.13803,1.13808,80,11,0
1782265800,1.1381000000000001,1.13817,1.13808,1.13811,77,11,0
1782266100,1.13811,1.13811,1.13805,1.13808,39,12,0
1782266400,1.13809,1.13815,1.13803,1.13813,64,11,0
1782266700,1.13813,1.1381999999999999,1.13809,1.13814,75,10,0
1782267000,1.13813,1.13813,1.13806,1.13811,24,10,0
1782267300,1.1381000000000001,1.13816,1.13809,1.1381000000000001,20,10,0
1782267600,1.1381000000000001,1.13815,1.1381000000000001,1.13815,10,10,0
1782267900,1.13815,1.13816,1.13796,1.13797,49,10,0
1782268200,1.13796,1.13796,1.1378300000000001,1.1379,54,10,0
1782268500,1.13791,1.138,1.13791,1.1379299999999999,49,10,0
1782268800,1.1379299999999999,1.13816,1.13791,1.13816,66,10,0
1782269100,1.13815,1.13826,1.13813,1.13824,115,10,0
1782269400,1.13825,1.13831,1.13808,1.13808,74,10,0
1782269700,1.13808,1.13808,1.1378300000000001,1.13784,96,10,0
1782270000,1.13784,1.13804,1.13769,1.13796,337,10,0
1782270300,1.13796,1.13816,1.13795,1.13809,219,10,0
1782270600,1.13809,1.13815,1.13773,1.13778,207,10,0
1782270900,1.13778,1.13788,1.1377,1.1377,278,10,0
1782271200,1.13771,1.13775,1.13746,1.1374900000000001,232,10,0
1782271500,1.13748,1.13754,1.13727,1.13739,222,10,0
1782271800,1.13739,1.13758,1.13739,1.13757,222,10,0
1782272100,1.13758,1.13762,1.13745,1.13754,173,10,0
1782272400,1.13753,1.13754,1.13729,1.1375,168,10,0
1782272700,1.1375,1.13776,1.1375,1.13767,180,10,0
1782273000,1.13767,1.13778,1.13757,1.1376,136,10,0
1782273300,1.13757,1.13765,1.13748,1.13758,181,10,0
1782273600,1.1375899999999999,1.1376,1.13707,1.1372200000000001,323,10,0
1782273900,1.13723,1.13748,1.1372200000000001,1.13733,216,10,0
1782274200,1.1373199999999999,1.13744,1.13727,1.13743,163,10,0
1782274500,1.13743,1.13744,1.13709,1.1372200000000001,130,10,0
1782274800,1.1372200000000001,1.13728,1.13706,1.13711,156,10,0
1782275100,1.1371,1.13719,1.13704,1.13712,162,10,0
1782275400,1.13712,1.13742,1.13705,1.1373,295,10,0
1782275700,1.1373,1.1373199999999999,1.13717,1.13727,234,10,0
1782276000,1.13728,1.13752,1.13728,1.13739,175,10,0
1782276300,1.13739,1.13741,1.13727,1.13739,172,10,0
1782276600,1.13739,1.13753,1.13738,1.13753,115,10,0
1782276900,1.13753,1.13764,1.13744,1.1376,60,10,0
1782277200,1.1376,1.13763,1.13748,1.1375899999999999,73,10,0
1782277500,1.1375899999999999,1.1375899999999999,1.13739,1.1375,59,10,0
1782277800,1.13751,1.13754,1.13742,1.13754,61,10,0
1782278100,1.13754,1.13762,1.13746,1.13753,86,10,0
1782278400,1.13754,1.13754,1.13741,1.13743,62,10,0
1782278700,1.13743,1.13754,1.13743,1.13744,62,10,0
1782279000,1.13745,1.1376,1.13741,1.13753,80,10,0
1782279300,1.13754,1.13754,1.13731,1.13738,120,10,0
1782279600,1.13738,1.1374900000000001,1.13724,1.13728,102,10,0
1782279900,1.13728,1.13729,1.13713,1.13714,125,10,0
1782280200,1.13714,1.13721,1.13705,1.13708,137,10,0
1782280500,1.13708,1.13717,1.1366100000000001,1.13669,172,10,0
1782280800,1.13669,1.1368,1.13643,1.13645,274,10,0
1782281100,1.13644,1.1365,1.13615,1.13623,252,10,0
1782281400,1.13623,1.13646,1.13613,1.13629,244,10,0
1782281700,1.13628,1.13634,1.13609,1.13624,202,10,0
1782282000,1.13624,1.13631,1.13617,1.13622,121,10,0
1782282300,1.13623,1.13643,1.13622,1.13643,192,10,0
1782282600,1.13643,1.13646,1.13632,1.13644,186,10,0
1782282900,1.13643,1.13657,1.13638,1.13656,139,10,0
1782283200,1.13655,1.13683,1.1365,1.13674,98,10,0
1782283500,1.13674,1.13675,1.13665,1.13672,110,10,0
1782283800,1.1367099999999999,1.1368,1.13668,1.1367,92,10,0
1782284100,1.1367,1.13676,1.13665,1.13667,88,10,0
1782284400,1.13669,1.1367,1.13633,1.13638,104,10,0
1782284700,1.13639,1.13639,1.13612,1.13612,144,10,0
1782285000,1.13612,1.13625,1.13607,1.13624,117,10,0
1782285300,1.13625,1.13638,1.13625,1.13633,137,10,0
1782285600,1.13634,1.1363699999999999,1.13628,1.13634,70,10,0
1782285900,1.13633,1.13665,1.13633,1.13638,97,10,0
1782286200,1.13639,1.13648,1.13631,1.1363699999999999,88,10,0
1782286500,1.1363699999999999,1.13639,1.1363,1.13634,128,10,0
1782286800,1.13635,1.13645,1.13634,1.13636,92,10,0
1782287100,1.13636,1.13643,1.13632,1.13635,101,10,0
1782287400,1.13634,1.13635,1.13614,1.13614,54,10,0
1782287700,1.13614,1.13629,1.13614,1.13625,58,10,0
1782288000,1.13626,1.13635,1.13623,1.13633,87,10,0
1782288300,1.1363,1.13664,1.13623,1.13663,126,10,0
1782288600,1.13663,1.13669,1.13653,1.13659,88,10,0
1782288900,1.13658,1.13674,1.13653,1.13666,156,10,0
1782289200,1.13666,1.13666,1.13648,1.13653,115,10,0
1782289500,1.13654,1.13666,1.1365,1.13659,141,10,0
1782289800,1.13658,1.1367099999999999,1.13658,1.13663,142,10,0
1782290100,1.13663,1.13664,1.13651,1.13659,77,10,0
1782290400,1.1366,1.1366100000000001,1.13643,1.13644,99,10,0
1782290700,1.13644,1.13674,1.13644,1.13664,90,10,0
1782291000,1.13663,1.1367,1.13658,1.13669,82,10,0
1782291300,1.13669,1.13678,1.13663,1.13675,69,10,0
1782291600,1.13676,1.13691,1.13666,1.13691,156,10,0
1782291900,1.1369,1.1372,1.13682,1.13719,179,10,0
1782292200,1.13718,1.13747,1.13713,1.13735,117,10,0
1782292500,1.13734,1.13734,1.13656,1.13674,258,10,0
1782292800,1.1367099999999999,1.13701,1.13663,1.13683,167,10,0
1782293100,1.13682,1.13682,1.1364,1.13648,210,10,0
1782293400,1.13648,1.13666,1.13633,1.13656,183,10,0
1782293700,1.13656,1.1367099999999999,1.13639,1.1364,145,10,0
1782294000,1.13639,1.13669,1.13638,1.13667,141,10,0
1782294300,1.13665,1.13676,1.13647,1.13647,133,10,0
1782294600,1.13648,1.13648,1.13617,1.1363,173,10,0
1782294900,1.13629,1.13655,1.13571,1.13589,533,10,0
1782295200,1.13588,1.13604,1.13545,1.1357599999999999,513,10,0
1782295500,1.13575,1.13584,1.13537,1.13542,322,10,0
1782295800,1.13541,1.13548,1.13511,1.13532,245,10,0
1782296100,1.13531,1.13564,1.13527,1.13554,265,10,0
1782296400,1.13556,1.13564,1.13536,1.13544,241,10,0
1782296700,1.13543,1.13567,1.13527,1.13548,271,10,0
1782297000,1.13547,1.13561,1.13536,1.13546,338,10,0
1782297300,1.13547,1.13548,1.1352,1.13521,251,10,0
1782297600,1.13517,1.13591,1.13516,1.13587,274,10,0
1782297900,1.13586,1.13604,1.13568,1.13588,243,10,0
1782298200,1.13587,1.13593,1.13556,1.13574,272,10,0
1782298500,1.13573,1.13575,1.13509,1.13511,237,10,0
1782298800,1.13509,1.13554,1.13508,1.1353900000000001,263,10,0
1782299100,1.13538,1.1353900000000001,1.13514,1.13516,175,10,0
1782299400,1.1351499999999999,1.13518,1.13374,1.13392,460,10,0
1782299700,1.13392,1.1347800000000001,1.13385,1.1347800000000001,327,10,0
1782300000,1.1347800000000001,1.13495,1.1345,1.13473,325,10,0
1782300300,1.13471,1.13529,1.13464,1.13526,273,10,0
1782300600,1.13526,1.13551,1.13516,1.13527,267,10,0
1782300900,1.13526,1.13527,1.13432,1.13453,347,10,0
1782301200,1.13453,1.13514,1.13451,1.135,230,10,0
1782301500,1.135,1.13531,1.13494,1.13525,218,10,0
1782301800,1.13524,1.13546,1.13521,1.1354,202,10,0
1782302100,1.1354,1.13543,1.13519,1.13522,260,10,0
1782302400,1.13522,1.13532,1.1348,1.13482,345,10,0
1782302700,1.13481,1.13494,1.1346,1.13461,335,10,0
1782303000,1.1346,1.13514,1.13441,1.13509,268,10,0
1782303300,1.13508,1.13522,1.13482,1.13519,205,10,0
1782303600,1.1352,1.13524,1.13491,1.13492,206,10,0
1782303900,1.13492,1.13492,1.13451,1.13469,249,10,0
1782304200,1.13469,1.1347800000000001,1.13438,1.13458,275,10,0
1782304500,1.13459,1.13487,1.13447,1.13483,192,10,0
1782304800,1.13482,1.13489,1.13446,1.13447,179,10,0
1782305100,1.13446,1.1348,1.13442,1.13473,151,10,0
1782305400,1.13473,1.13494,1.13466,1.13482,142,10,0
1782305700,1.13485,1.13485,1.1345399999999999,1.1345399999999999,202,10,0
1782306000,1.1345399999999999,1.13459,1.13433,1.13438,267,10,0
1782306300,1.13439,1.13447,1.13397,1.13397,226,10,0
1782306600,1.13396,1.13427,1.13396,1.13426,233,10,0
1782306900,1.13425,1.1343,1.13405,1.13412,248,10,0
1782307200,1.13411,1.13413,1.1339,1.13396,193,10,0
1782307500,1.13395,1.13402,1.13387,1.13402,195,10,0
1782307800,1.13401,1.1341700000000001,1.13391,1.13407,179,10,0
1782308100,1.13406,1.13408,1.13384,1.13397,198,10,0
1782308400,1.13396,1.13449,1.13392,1.13418,271,10,0
1782308700,1.1341700000000001,1.13429,1.1339299999999999,1.13407,194,10,0
1782309000,1.13406,1.13418,1.13384,1.13392,168,10,0
1782309300,1.13391,1.13409,1.13379,1.13392,176,10,0
1782309600,1.1339299999999999,1.13411,1.13371,1.13373,240,10,0
1782309900,1.13374,1.13404,1.13364,1.13398,169,10,0
1782310200,1.134,1.13416,1.1339299999999999,1.13398,144,10,0
1782310500,1.13397,1.13406,1.13389,1.13405,145,10,0
1782310800,1.13404,1.13422,1.13389,1.1342,156,10,0
1782311100,1.1342,1.13443,1.13414,1.13434,198,10,0
1782311400,1.13433,1.13448,1.13418,1.13447,290,10,0
1782311700,1.13447,1.13484,1.13441,1.13457,351,10,0
1782312000,1.13458,1.13463,1.13422,1.13438,267,10,0
1782312300,1.13438,1.13445,1.13407,1.13438,272,10,0
1782312600,1.13437,1.13484,1.13436,1.13445,288,10,0
1782312900,1.1344400000000001,1.1344400000000001,1.13375,1.13398,464,10,0
1782313200,1.13398,1.13456,1.13396,1.13427,456,10,0
1782313500,1.13428,1.13431,1.13378,1.13397,288,10,0
1782313800,1.13397,1.13405,1.13376,1.13389,196,10,0
1782314100,1.13389,1.1341,1.13369,1.13403,235,10,0
1782314400,1.13401,1.13413,1.13378,1.13378,219,10,0
1782314700,1.13379,1.1339,1.13369,1.13379,265,10,0
1782315000,1.13379,1.13385,1.13297,1.13316,409,10,0
1782315300,1.13315,1.13339,1.1329500000000001,1.13301,474,10,0
1782315600,1.133,1.13311,1.13247,1.13297,539,10,0
1782315900,1.13297,1.13323,1.13263,1.13276,413,10,0
1782316200,1.13277,1.13286,1.13258,1.13274,343,10,0
1782316500,1.13275,1.1329799999999999,1.13268,1.13287,245,10,0
1782316800,1.13285,1.13312,1.1326,1.1328,450,10,0
1782317100,1.1328,1.1329,1.13242,1.13255,412,10,0
1782317400,1.13254,1.13265,1.13245,1.13254,231,10,0
1782317700,1.13255,1.13296,1.13244,1.1329,339,10,0
1782318000,1.1329,1.13318,1.13258,1.13317,361,10,0
1782318300,1.13318,1.13381,1.13318,1.13372,450,10,0
1782318600,1.1337,1.13425,1.13365,1.1338300000000001,584,10,0
1782318900,1.13382,1.1341700000000001,1.13363,1.1338300000000001,453,10,0
1782319200,1.1338300000000001,1.1341,1.13378,1.13394,478,10,0
1782319500,1.13394,1.13398,1.1333199999999999,1.13379,602,10,0
1782319800,1.13379,1.13438,1.13379,1.13438,459,10,0
1782320100,1.13436,1.13475,1.13427,1.13436,389,10,0
1782320400,1.13439,1.13493,1.1341700000000001,1.13492,455,10,0
1782320700,1.13492,1.1351499999999999,1.13465,1.13514,547,10,0
1782321000,1.13514,1.13517,1.13436,1.13463,625,10,0
1782321300,1.13462,1.13476,1.13405,1.13405,511,10,0
1782321600,1.13404,1.13429,1.13384,1.13421,480,10,0
1782321900,1.1342,1.13466,1.1342,1.13441,450,10,0
1782322200,1.1344,1.13459,1.13408,1.13449,405,10,0
1782322500,1.13449,1.1345,1.13379,1.13385,338,10,0
1782322800,1.13385,1.13416,1.13373,1.13415,401,10,0
1782323100,1.13415,1.1343,1.13363,1.13376,394,10,0
1782323400,1.13377,1.13411,1.13369,1.13377,441,10,0
1782323700,1.13378,1.13413,1.13354,1.13411,480,10,0
1782324000,1.13412,1.13473,1.13396,1.13456,512,10,0
1782324300,1.13457,1.13467,1.1344,1.13457,284,10,0
1782324600,1.13457,1.13514,1.13451,1.13506,263,10,0
1782324900,1.13506,1.13543,1.13497,1.13542,205,10,0
1782325200,1.13542,1.1360000000000001,1.13533,1.13578,339,10,0
1782325500,1.13578,1.13614,1.13533,1.1354899999999999,521,10,0
1782325800,1.1354899999999999,1.1355,1.13518,1.13526,379,10,0
1782326100,1.13525,1.13528,1.13487,1.1349,296,10,0
1782326400,1.13489,1.13525,1.1348,1.13519,215,10,0
1782326700,1.13521,1.13536,1.1350500000000001,1.13523,259,10,0
1782327000,1.13525,1.13527,1.13461,1.13489,331,10,0
1782327300,1.1349,1.13503,1.13475,1.13475,174,10,0
1782327600,1.13476,1.13506,1.13464,1.13495,214,10,0
1782327900,1.13495,1.13535,1.13495,1.13527,175,10,0
1782328200,1.13527,1.13529,1.13491,1.13514,293,10,0
1782328500,1.13517,1.13557,1.1350500000000001,1.13536,163,10,0
1782328800,1.1353900000000001,1.1356600000000001,1.1353900000000001,1.1356600000000001,122,10,0
1782329100,1.13564,1.13611,1.13564,1.1360999999999999,181,10,0
1782329400,1.13609,1.13628,1.13606,1.13621,171,10,0
1782329700,1.13624,1.13675,1.13623,1.13651,259,10,0
1782330000,1.1365,1.13657,1.13586,1.13602,352,10,0
1782330300,1.13603,1.13606,1.13575,1.13578,196,10,0
1782330600,1.13579,1.13597,1.1357599999999999,1.13581,211,10,0
1782330900,1.1358,1.13591,1.13572,1.13591,137,10,0
1782331200,1.13592,1.13607,1.13581,1.13591,236,10,0
1782331500,1.13591,1.13591,1.13541,1.13545,223,10,0
1782331800,1.13546,1.1355,1.13533,1.13543,227,10,0
1782332100,1.13544,1.13552,1.13529,1.13537,210,10,0
1782332400,1.13536,1.13536,1.13509,1.13516,198,10,0
1782332700,1.1351499999999999,1.13517,1.13502,1.13513,196,10,0
1782333000,1.13513,1.1359,1.13512,1.13564,404,10,0
1782333300,1.13563,1.1357599999999999,1.1352,1.13541,289,10,0
1782333600,1.13541,1.13542,1.13512,1.13525,142,10,0
1782333900,1.13522,1.13525,1.13494,1.13494,164,10,0
1782334200,1.13495,1.13502,1.13485,1.13494,204,10,0
1782334500,1.13493,1.13522,1.13492,1.13492,224,10,0
1782334800,1.13491,1.13518,1.13491,1.13508,301,10,0
1782335100,1.13509,1.13545,1.13509,1.13525,285,10,0
1782335400,1.13526,1.1353900000000001,1.1351499999999999,1.1352,183,10,0
1782335700,1.13521,1.13544,1.13521,1.1354,157,10,0
1782336000,1.1354,1.13561,1.13518,1.13558,176,10,0
1782336300,1.1356,1.13578,1.1356,1.13571,150,10,0
1782336600,1.13574,1.13603,1.13571,1.13571,145,10,0
1782336900,1.13568,1.13568,1.1355,1.13562,176,10,0
1782337200,1.13563,1.13571,1.13546,1.13548,112,10,0
1782337500,1.13547,1.13553,1.1354,1.13553,92,10,0
1782337800,1.13554,1.13567,1.13552,1.13557,109,10,0
1782338100,1.13559,1.13567,1.1353,1.13545,186,10,0
1782338400,1.13547,1.13581,1.13546,1.13577,268,10,0
1782338700,1.13578,1.13578,1.13546,1.13551,164,10,0
1782339000,1.13551,1.13551,1.13531,1.13531,151,10,0
1782339300,1.1353,1.13531,1.13503,1.13516,224,10,0
1782339600,1.13516,1.13531,1.13514,1.13528,118,10,0
1782339900,1.13529,1.13544,1.13526,1.13542,87,10,0
1782340200,1.13542,1.13559,1.13534,1.13542,122,10,0
1782340500,1.13542,1.13552,1.13537,1.1354899999999999,69,10,0
1782340800,1.1354899999999999,1.13562,1.13546,1.13562,107,10,0
1782341100,1.13562,1.1357,1.13556,1.13557,95,10,0
1782341400,1.13554,1.13569,1.13546,1.13565,151,10,0
1782341700,1.13565,1.13565,1.13525,1.13527,178,10,0
1782342000,1.13527,1.13558,1.13518,1.13542,233,10,0
1782342300,1.13541,1.13548,1.13536,1.13538,128,10,0
1782342600,1.13537,1.13546,1.13525,1.13534,88,10,0
1782342900,1.13533,1.13541,1.13525,1.1353900000000001,64,10,0
1782343200,1.1353900000000001,1.13558,1.13536,1.13558,45,10,0
1782343500,1.13558,1.13575,1.13555,1.1357,118,10,0
1782343800,1.13571,1.13591,1.13568,1.13573,92,10,0
1782344100,1.13572,1.13581,1.13572,1.1358,87,10,0
1782344400,1.13579,1.13591,1.13579,1.13586,146,10,0
1782344700,1.13585,1.1359,1.13567,1.13569,201,10,0
1782345000,1.13565,1.1360000000000001,1.13562,1.13587,225,10,0
1782345300,1.13586,1.1359,1.13529,1.1353,245,10,0
1782345600,1.13545,1.13545,1.1351,1.13544,7,136,0
1782345900,1.13543,1.13555,1.13518,1.13518,23,90,0
1782346200,1.13538,1.13559,1.13518,1.13523,43,73,0
1782346500,1.13523,1.13526,1.13518,1.13518,18,77,0
1782346800,1.13519,1.13519,1.13519,1.13519,5,82,0
1782347100,1.13519,1.13524,1.13519,1.13519,30,72,0
1782347400,1.13519,1.13519,1.13503,1.13518,94,84,0
1782347700,1.13518,1.13518,1.13518,1.13518,5,83,0
1782348000,1.13518,1.13518,1.13503,1.13503,8,88,0
1782348300,1.1353900000000001,1.1353900000000001,1.13503,1.13511,19,54,0
1782348600,1.13511,1.13542,1.13511,1.13542,15,28,0
1782348900,1.13547,1.13573,1.13547,1.13567,26,32,0
1782349200,1.13567,1.13577,1.13565,1.13569,91,10,0
1782349500,1.13567,1.13573,1.13561,1.13562,66,10,0
1782349800,1.13561,1.13569,1.13561,1.13562,72,11,0
1782350100,1.13562,1.13562,1.13553,1.13554,66,10,0
1782350400,1.13554,1.13558,1.1354899999999999,1.13553,29,10,0
1782350700,1.13551,1.13554,1.13548,1.13551,40,11,0
1782351000,1.13553,1.13562,1.1354899999999999,1.13562,79,11,0
1782351300,1.13561,1.13564,1.13558,1.13563,55,11,0
1782351600,1.13562,1.13569,1.13561,1.13563,44,11,0
1782351900,1.13564,1.13565,1.13556,1.13556,39,11,0
1782352200,1.13557,1.13558,1.13542,1.13544,53,11,0
1782352500,1.13542,1.13546,1.13542,1.13544,27,11,0
1782352800,1.13546,1.13546,1.13533,1.13534,61,11,0
1782353100,1.13534,1.1354,1.13531,1.1354,18,11,0
1782353400,1.1353900000000001,1.13545,1.13538,1.13543,33,10,0
1782353700,1.13542,1.13558,1.13542,1.13555,70,10,0
1782354000,1.13555,1.13555,1.13544,1.1354899999999999,23,10,0
1782354300,1.1354899999999999,1.13551,1.13544,1.13544,20,10,0
1782354600,1.13544,1.1355,1.13537,1.13548,23,10,0
1782354900,1.13546,1.13558,1.13545,1.13556,17,10,0
1782355200,1.13555,1.13556,1.1354,1.13548,28,10,0
1782355500,1.13547,1.13556,1.13532,1.13535,64,10,0
1782355800,1.13535,1.13536,1.13522,1.13528,35,10,0
1782356100,1.13529,1.13537,1.13526,1.13534,72,10,0
1782356400,1.13533,1.13543,1.13517,1.1354,237,10,0
1782356700,1.1354,1.13546,1.13524,1.13525,148,10,0
1782357000,1.13524,1.13528,1.13499,1.1351,129,10,0
1782357300,1.13509,1.13517,1.13502,1.13504,148,10,0
1782357600,1.13504,1.1351,1.13499,1.13501,142,10,0
1782357900,1.135,1.13502,1.13485,1.13494,120,10,0
1782358200,1.13493,1.13495,1.13481,1.13483,67,10,0
1782358500,1.13483,1.13485,1.13471,1.1347800000000001,64,10,0
1782358800,1.1348,1.13486,1.13471,1.13485,100,10,0
1782359100,1.13485,1.13501,1.13485,1.13497,75,10,0
1782359400,1.13497,1.13536,1.13496,1.1353,123,10,0
1782359700,1.13529,1.13536,1.13519,1.13528,106,10,0
1782360000,1.13529,1.13584,1.13528,1.13569,223,10,0
1782360300,1.13568,1.13591,1.13554,1.1359,171,10,0
1782360600,1.1359,1.13608,1.13575,1.13606,133,10,0
1782360900,1.13607,1.13664,1.13599,1.13662,194,10,0
1782361200,1.13663,1.13669,1.13636,1.13642,253,10,0
1782361500,1.13646,1.13649,1.13607,1.13613,172,10,0
1782361800,1.13614,1.13638,1.1357,1.13574,293,10,0
1782362100,1.13574,1.13609,1.13563,1.13603,222,10,0
1782362400,1.13602,1.13611,1.1359,1.13605,132,10,0
1782362700,1.13602,1.13602,1.13582,1.1359,108,10,0
1782363000,1.13591,1.13604,1.13586,1.13596,137,10,0
1782363300,1.13597,1.13604,1.13567,1.1357599999999999,125,10,0
1782363600,1.13574,1.13583,1.1356,1.1357599999999999,186,10,0
1782363900,1.1357599999999999,1.13608,1.13574,1.13596,160,10,0
1782364200,1.13596,1.1360000000000001,1.13581,1.1360000000000001,115,10,0
1782364500,1.1360000000000001,1.13623,1.13589,1.13623,163,10,0
1782364800,1.13622,1.13641,1.1362,1.13631,128,10,0
1782365100,1.13631,1.13645,1.13631,1.13638,99,10,0
1782365400,1.13638,1.1364,1.13626,1.13631,102,10,0
1782365700,1.13631,1.1365,1.13631,1.13647,50,10,0
1782366000,1.13648,1.13648,1.13616,1.13626,91,10,0
1782366300,1.13626,1.1362700000000001,1.13611,1.13618,85,10,0
1782366600,1.13618,1.1363,1.13611,1.1363,93,10,0
1782366900,1.1363,1.13634,1.1362,1.1363,82,10,0
1782367200,1.1363,1.13658,1.13624,1.13652,130,10,0
1782367500,1.13653,1.13663,1.13644,1.13646,86,10,0
1782367800,1.13645,1.13663,1.13641,1.13662,69,10,0
1782368100,1.13662,1.13668,1.13638,1.13667,132,10,0
1782368400,1.13666,1.1367099999999999,1.13646,1.1366,92,10,0
1782368700,1.1366100000000001,1.13666,1.13648,1.13651,85,10,0
1782369000,1.13651,1.13658,1.13648,1.13657,88,10,0
1782369300,1.13657,1.13663,1.1365,1.13663,60,10,0
1782369600,1.13662,1.13674,1.13658,1.13672,78,10,0
1782369900,1.13673,1.13701,1.13667,1.13693,108,10,0
1782370200,1.13694,1.13707,1.13692,1.13693,100,10,0
1782370500,1.13693,1.13695,1.13676,1.13695,68,10,0
1782370800,1.13695,1.1369799999999999,1.13686,1.13686,117,10,0
1782371100,1.13686,1.13693,1.13676,1.13689,54,10,0
1782371400,1.1368800000000001,1.13701,1.13683,1.13697,81,10,0
1782371700,1.13696,1.137,1.13685,1.1369799999999999,44,10,0
1782372000,1.1369799999999999,1.13703,1.13691,1.13691,63,10,0
1782372300,1.13691,1.13703,1.1369,1.13693,110,10,0
1782372600,1.13693,1.1369799999999999,1.13674,1.13675,93,10,0
1782372900,1.13676,1.13687,1.13672,1.13672,39,10,0
1782373200,1.1367099999999999,1.13672,1.13655,1.13664,57,10,0
1782373500,1.13662,1.13666,1.13657,1.13657,42,10,0
1782373800,1.1366100000000001,1.13667,1.1366100000000001,1.13667,33,10,0
1782374100,1.13666,1.13677,1.1366100000000001,1.13666,59,10,0
1782374400,1.13665,1.13673,1.1366,1.13673,86,10,0
1782374700,1.13675,1.13676,1.13656,1.13667,102,10,0
1782375000,1.13667,1.13673,1.13654,1.13657,107,10,0
1782375300,1.13657,1.13662,1.13652,1.13652,74,10,0
1782375600,1.13653,1.13653,1.13635,1.13641,70,10,0
1782375900,1.13642,1.13649,1.13631,1.13638,133,10,0
1782376200,1.1363699999999999,1.13644,1.1362700000000001,1.1363699999999999,115,10,0
1782376500,1.13636,1.13652,1.13633,1.1363699999999999,123,10,0
1782376800,1.1363699999999999,1.13638,1.13622,1.13622,94,10,0
1782377100,1.13622,1.13631,1.13609,1.13623,110,10,0
1782377400,1.13622,1.1363699999999999,1.13617,1.13621,118,10,0
1782377700,1.13619,1.1362,1.13593,1.13606,126,10,0
1782378000,1.13606,1.1363,1.13604,1.13606,133,10,0
1782378300,1.13607,1.13626,1.13586,1.13611,163,10,0
1782378600,1.13611,1.13636,1.13609,1.13635,102,10,0
1782378900,1.13635,1.13636,1.13615,1.1362700000000001,134,10,0
1782379200,1.1362700000000001,1.13645,1.13616,1.13641,148,10,0
1782379500,1.13642,1.13642,1.13618,1.13622,138,10,0
1782379800,1.13622,1.13622,1.13545,1.1354899999999999,285,10,0
1782380100,1.1354899999999999,1.13571,1.1353900000000001,1.13568,213,10,0
1782380400,1.13569,1.1357,1.13544,1.13565,192,10,0
1782380700,1.13564,1.13581,1.13541,1.13559,134,10,0
1782381000,1.1356,1.13573,1.13546,1.13547,151,10,0
1782381300,1.13547,1.13548,1.13518,1.13523,281,10,0
1782381600,1.13524,1.13583,1.13519,1.13578,308,10,0
1782381900,1.13577,1.1360000000000001,1.13563,1.1357,193,10,0
1782382200,1.13571,1.13575,1.13497,1.13498,305,10,0
1782382500,1.13498,1.1351,1.13442,1.13509,259,10,0
1782382800,1.1351,1.1354,1.1348,1.135,336,10,0
1782383100,1.135,1.13535,1.13484,1.13513,279,10,0
1782383400,1.1351499999999999,1.13553,1.13514,1.13524,208,10,0
1782383700,1.13525,1.13548,1.13524,1.1354,203,10,0
1782384000,1.1354,1.13547,1.13526,1.13537,114,10,0
1782384300,1.13537,1.13555,1.13526,1.13544,136,10,0
1782384600,1.13544,1.13579,1.1354,1.13562,143,10,0
1782384900,1.13562,1.13591,1.13547,1.13588,184,10,0
1782385200,1.1359,1.13636,1.13585,1.13609,292,10,0
1782385500,1.13609,1.13639,1.13588,1.13604,239,10,0
1782385800,1.13605,1.13624,1.13604,1.13609,143,10,0
1782386100,1.1360999999999999,1.13622,1.13603,1.13611,134,10,0
1782386400,1.13609,1.1367099999999999,1.13609,1.1367099999999999,174,10,0
1782386700,1.13667,1.13674,1.13657,1.13674,145,10,0
1782387000,1.13673,1.13719,1.13669,1.13706,252,10,0
1782387300,1.13706,1.13718,1.13691,1.13712,154,10,0
1782387600,1.13712,1.13712,1.1369,1.13703,116,10,0
1782387900,1.13702,1.13713,1.13679,1.13709,273,10,0
1782388200,1.13707,1.13715,1.13662,1.13665,167,10,0
1782388500,1.13664,1.13679,1.1366,1.1367099999999999,157,10,0
1782388800,1.13674,1.13675,1.13648,1.1367,276,10,0
1782389100,1.1367,1.1367,1.1362700000000001,1.13636,188,10,0
1782389400,1.13636,1.13654,1.13633,1.13654,140,10,0
1782389700,1.13654,1.13662,1.13647,1.13647,107,10,0
1782390000,1.13649,1.13659,1.1363699999999999,1.13659,127,10,0
1782390300,1.13658,1.137,1.1364,1.13693,193,10,0
1782390600,1.13693,1.13735,1.13691,1.13702,203,10,0
1782390900,1.13703,1.13703,1.13679,1.13679,137,10,0
1782391200,1.13679,1.13679,1.13635,1.13635,196,10,0
1782391500,1.13636,1.13638,1.13617,1.13633,158,10,0
1782391800,1.13634,1.13655,1.13628,1.13646,179,10,0
1782392100,1.13647,1.13649,1.1360999999999999,1.13612,138,10,0
1782392400,1.13611,1.13613,1.13571,1.13572,255,10,0
1782392700,1.13571,1.13579,1.13559,1.13563,167,10,0
1782393000,1.13562,1.13564,1.13541,1.13561,168,10,0
1782393300,1.13561,1.13561,1.13525,1.13536,199,10,0
1782393600,1.13537,1.1355,1.13536,1.13548,144,10,0
1782393900,1.13548,1.13556,1.13531,1.13542,141,10,0
1782394200,1.13537,1.1355,1.13511,1.1353,205,10,0
1782394500,1.1353,1.1353,1.13498,1.13499,116,10,0
1782394800,1.135,1.1351,1.13481,1.13483,167,10,0
1782395100,1.13482,1.13482,1.13451,1.13463,159,10,0
1782395400,1.13462,1.13474,1.13437,1.13442,165,10,0
1782395700,1.13443,1.13452,1.13422,1.13452,219,10,0
1782396000,1.13453,1.1345399999999999,1.13412,1.13429,229,10,0
1782396300,1.13428,1.13445,1.13423,1.13437,133,10,0
1782396600,1.13437,1.13443,1.13427,1.13436,144,10,0
1782396900,1.13436,1.13438,1.13392,1.134,181,10,0
1782397200,1.13401,1.13413,1.13379,1.13392,218,10,0
1782397500,1.13391,1.13399,1.13367,1.13368,204,10,0
1782397800,1.13368,1.1338,1.1335,1.1335,152,10,0
1782398100,1.13351,1.13361,1.1333199999999999,1.13348,221,10,0
1782398400,1.13348,1.13385,1.13347,1.13368,173,10,0
1782398700,1.13367,1.13368,1.1335,1.1335600000000001,138,10,0
1782399000,1.1335600000000001,1.1338300000000001,1.13334,1.13344,353,10,0
1782399300,1.13344,1.13371,1.13329,1.13371,273,10,0
1782399600,1.13372,1.13391,1.13358,1.1338,217,10,0
1782399900,1.1338,1.13422,1.13374,1.1341,160,10,0
1782400200,1.1341,1.13413,1.13396,1.13412,134,10,0
1782400500,1.13413,1.13421,1.13388,1.13412,186,10,0
1782400800,1.13412,1.13412,1.1338,1.13406,216,10,0
1782401100,1.13406,1.1341,1.1339,1.13394,164,10,0
1782401400,1.13394,1.13568,1.13394,1.13507,946,10,0
1782401700,1.13508,1.13584,1.13493,1.13552,710,10,0
1782402000,1.13553,1.13641,1.13522,1.13623,616,10,0
1782402300,1.13623,1.1363699999999999,1.1357599999999999,1.13586,557,10,0
1782402600,1.13587,1.13594,1.13548,1.13573,434,10,0
1782402900,1.13573,1.1359,1.13516,1.1353,355,10,0
1782403200,1.13531,1.13573,1.13522,1.13529,430,10,0
1782403500,1.1353,1.13554,1.13496,1.13497,329,10,0
1782403800,1.13497,1.1353900000000001,1.13487,1.13533,339,10,0
1782404100,1.13537,1.1356,1.13527,1.13554,250,10,0
1782404400,1.13555,1.13644,1.13555,1.13629,365,10,0
1782404700,1.13628,1.13652,1.13619,1.13649,244,10,0
1782405000,1.13649,1.13663,1.13612,1.13633,472,10,0
1782405300,1.13632,1.13693,1.13628,1.13693,412,10,0
1782405600,1.13692,1.13692,1.13605,1.13611,522,10,0
1782405900,1.13611,1.13667,1.13598,1.13642,652,10,0
1782406200,1.13641,1.13681,1.13614,1.13622,540,10,0
1782406500,1.13622,1.13633,1.13584,1.13631,556,10,0
1782406800,1.13633,1.1379,1.13624,1.13789,743,10,0
1782407100,1.1379,1.13833,1.1373199999999999,1.13762,845,10,0
1782407400,1.13762,1.13777,1.13728,1.13735,490,10,0
1782407700,1.13736,1.13767,1.1369,1.13703,569,10,0
1782408000,1.13702,1.13713,1.13651,1.13656,578,10,0
1782408300,1.13656,1.13714,1.13655,1.13711,370,10,0
1782408600,1.13711,1.13741,1.13697,1.1374,557,10,0
1782408900,1.13739,1.13768,1.13733,1.13764,489,10,0
1782409200,1.13763,1.13787,1.1373,1.13776,420,10,0
1782409500,1.13777,1.13811,1.13766,1.13794,367,10,0
1782409800,1.13794,1.13804,1.13737,1.1375899999999999,361,10,0
1782410100,1.1376,1.13808,1.13739,1.13743,531,10,0
1782410400,1.13744,1.13832,1.13741,1.13832,602,10,0
1782410700,1.13831,1.1385399999999999,1.13779,1.13781,633,10,0
1782411000,1.1378,1.13787,1.1373,1.13755,405,10,0
1782411300,1.13756,1.13796,1.13735,1.13791,383,10,0
1782411600,1.13791,1.13834,1.13787,1.13833,334,10,0
1782411900,1.13834,1.13874,1.13831,1.13867,447,10,0
1782412200,1.13867,1.13876,1.1381999999999999,1.1383,373,10,0
1782412500,1.1383,1.13846,1.13816,1.13822,308,10,0
1782412800,1.13823,1.13831,1.13796,1.13799,317,10,0
1782413100,1.13798,1.13831,1.1379,1.13809,325,10,0
1782413400,1.1381000000000001,1.13812,1.13779,1.1378300000000001,370,10,0
1782413700,1.13784,1.1384400000000001,1.13777,1.13838,414,10,0
1782414000,1.13839,1.13852,1.1381999999999999,1.13824,377,10,0
1782414300,1.13825,1.1383,1.1379299999999999,1.13814,216,10,0
1782414600,1.13814,1.13825,1.13807,1.13809,187,10,0
1782414900,1.1381000000000001,1.13859,1.13803,1.1384400000000001,258,10,0
1782415200,1.13845,1.13851,1.13828,1.13828,183,10,0
1782415500,1.13829,1.13861,1.13827,1.13849,134,10,0
1782415800,1.13846,1.13851,1.13815,1.13818,232,10,0
1782416100,1.13815,1.13824,1.13802,1.13813,174,10,0
1782416400,1.13814,1.13814,1.13771,1.13773,137,10,0
1782416700,1.13772,1.13779,1.13751,1.13768,230,10,0
1782417000,1.13768,1.13768,1.13735,1.13745,163,10,0
1782417300,1.13746,1.13754,1.13728,1.13736,205,10,0
1782417600,1.13737,1.1374900000000001,1.13728,1.13747,169,10,0
1782417900,1.13741,1.13766,1.13737,1.13744,161,10,0
1782418200,1.13745,1.13754,1.13739,1.1374,194,10,0
1782418500,1.13741,1.13743,1.13728,1.13731,187,10,0
1782418800,1.1373199999999999,1.1373199999999999,1.13713,1.13723,161,10,0
1782419100,1.13725,1.13745,1.13717,1.13734,143,10,0
1782419400,1.13734,1.13744,1.1371,1.1372,158,10,0
1782419700,1.1372,1.13735,1.13717,1.13724,81,10,0
1782420000,1.13725,1.13735,1.13723,1.13726,75,10,0
1782420300,1.13727,1.1373,1.13719,1.13729,59,10,0
1782420600,1.13729,1.13766,1.13729,1.13764,125,10,0
1782420900,1.13764,1.13772,1.13737,1.13737,192,10,0
1782421200,1.13738,1.13742,1.13694,1.13719,352,10,0
1782421500,1.1372,1.13744,1.13708,1.13743,199,10,0
1782421800,1.13745,1.13786,1.13745,1.13782,130,10,0
1782422100,1.13782,1.13801,1.13774,1.13786,123,10,0
1782422400,1.13787,1.13788,1.13771,1.13773,120,10,0
1782422700,1.13774,1.13786,1.13763,1.13785,100,10,0
1782423000,1.13786,1.13786,1.13752,1.13754,142,10,0
1782423300,1.13755,1.13767,1.13742,1.1376,144,10,0
1782423600,1.1376,1.1376,1.13735,1.13741,142,10,0
1782423900,1.13741,1.13745,1.1373,1.13738,135,10,0
1782424200,1.13737,1.13772,1.13736,1.13762,118,10,0
1782424500,1.13762,1.13769,1.1372,1.13725,212,10,0
1782424800,1.13726,1.1374,1.13712,1.1373199999999999,177,10,0
1782425100,1.1373199999999999,1.13734,1.13708,1.1371,166,10,0
1782425400,1.1371,1.13726,1.13704,1.13726,65,10,0
1782425700,1.13726,1.13757,1.13724,1.13734,136,10,0
1782426000,1.13734,1.13755,1.13734,1.13755,140,10,0
1782426300,1.13756,1.13771,1.1375,1.1377,122,10,0
1782426600,1.1377,1.13779,1.13767,1.13774,78,10,0
1782426900,1.13774,1.1378,1.13768,1.13775,88,10,0
1782427200,1.13785,1.1379299999999999,1.13718,1.13725,318,10,0
1782427500,1.13724,1.1374,1.1371,1.13711,187,10,0
1782427800,1.13711,1.13721,1.1368,1.13687,256,10,0
1782428100,1.13689,1.13726,1.13689,1.13721,286,10,0
1782428400,1.1372,1.1374,1.1372,1.13731,165,10,0
1782428700,1.1373199999999999,1.13735,1.13719,1.1372,63,10,0
1782429000,1.13719,1.13724,1.1371,1.13715,39,10,0
1782429300,1.13715,1.13719,1.13712,1.13714,45,10,0
1782429600,1.13714,1.13724,1.13714,1.13717,54,10,0
1782429900,1.13717,1.13729,1.13717,1.13724,42,10,0
1782430200,1.13723,1.13728,1.1372,1.13726,42,10,0
1782430500,1.13726,1.13728,1.13711,1.13711,31,10,0
1782430800,1.13713,1.1372,1.1371,1.13717,72,10,0
1782431100,1.13716,1.13718,1.13711,1.13714,17,10,0
1782431400,1.13714,1.13716,1.13705,1.13708,29,10,0
1782431700,1.13706,1.13707,1.13678,1.13686,170,10,0
1782432000,1.13683,1.13683,1.13649,1.13649,14,29,0
1782432300,1.13646,1.13672,1.13619,1.13658,15,54,0
1782432600,1.13659,1.13702,1.13659,1.13702,30,33,0
1782432900,1.13702,1.13725,1.13702,1.1372,16,22,0
1782433200,1.13719,1.1373,1.13718,1.13729,18,17,0
1782433500,1.13727,1.13728,1.13662,1.13662,28,19,0
1782433800,1.1366100000000001,1.13668,1.1366,1.13666,26,46,0
1782434100,1.13666,1.1368800000000001,1.13665,1.13665,26,33,0
1782434400,1.13682,1.13712,1.13665,1.13704,32,24,0
1782434700,1.1371,1.13724,1.13704,1.1372200000000001,37,27,0
1782435000,1.1372200000000001,1.13725,1.13718,1.13718,12,40,0
1782435300,1.13721,1.13727,1.13712,1.13715,50,38,0
1782435600,1.13723,1.13723,1.13702,1.13704,93,19,0
1782435900,1.13704,1.13713,1.13702,1.13705,37,18,0
1782436200,1.13707,1.13708,1.13699,1.13699,31,19,0
1782436500,1.1369799999999999,1.13704,1.13697,1.13697,25,16,0
1782436800,1.1369799999999999,1.13711,1.1369799999999999,1.13711,31,12,0
1782437100,1.1371,1.13711,1.13681,1.13684,67,15,0
1782437400,1.13685,1.137,1.13684,1.13697,131,17,0
1782437700,1.1369799999999999,1.13699,1.13692,1.13693,60,16,0
1782438000,1.13694,1.13696,1.1368,1.1368,85,15,0
1782438300,1.13681,1.13684,1.13678,1.13678,26,15,0
1782438600,1.13678,1.13679,1.13663,1.13664,61,12,0
1782438900,1.13665,1.13693,1.13664,1.1368800000000001,266,11,0
1782439200,1.13686,1.13696,1.13638,1.13656,245,10,0
1782439500,1.13656,1.13665,1.13649,1.13655,59,17,0
1782439800,1.13655,1.13666,1.13653,1.13658,84,12,0
1782440100,1.13658,1.13659,1.1363,1.13635,150,10,0
1782440400,1.13636,1.13642,1.13632,1.13632,73,10,0
1782440700,1.13632,1.13645,1.13632,1.13642,48,10,0
1782441000,1.13642,1.13646,1.13612,1.13612,76,10,0
1782441300,1.13612,1.13615,1.13606,1.13613,50,10,0
1782441600,1.13613,1.1362700000000001,1.13613,1.13625,55,10,0
1782441900,1.13625,1.13626,1.13612,1.13622,63,10,0
1782442200,1.13623,1.13629,1.13618,1.13626,65,10,0
1782442500,1.13626,1.13626,1.13598,1.13609,82,10,0
1782442800,1.13609,1.13633,1.13604,1.13615,244,10,0
1782443100,1.13615,1.13628,1.13611,1.13628,123,10,0
1782443400,1.13626,1.13632,1.13611,1.13632,115,10,0
1782443700,1.13632,1.13633,1.13618,1.13621,117,10,0
1782444000,1.13621,1.13642,1.13617,1.13639,67,10,0
1782444300,1.13638,1.13644,1.13623,1.13643,94,10,0
1782444600,1.13643,1.13653,1.13636,1.13642,213,10,0
1782444900,1.13643,1.13657,1.13629,1.13629,136,10,0
1782445200,1.13631,1.13648,1.13628,1.13644,132,10,0
1782445500,1.13645,1.13663,1.13643,1.13653,77,10,0
1782445800,1.13653,1.13665,1.13625,1.13633,142,10,0
1782446100,1.13631,1.13651,1.13631,1.13643,148,10,0
1782446400,1.13641,1.13666,1.13641,1.1366100000000001,201,10,0
1782446700,1.13662,1.13667,1.13651,1.13667,156,10,0
1782447000,1.13667,1.13685,1.1366100000000001,1.13668,149,10,0
1782447300,1.13668,1.13678,1.13652,1.13667,178,10,0
1782447600,1.13668,1.1367,1.13643,1.13644,100,10,0
1782447900,1.13643,1.13651,1.13638,1.13651,87,10,0
1782448200,1.13654,1.13658,1.13606,1.13606,257,10,0
1782448500,1.13604,1.13604,1.13573,1.13587,242,10,0
1782448800,1.13587,1.13591,1.13577,1.13585,150,10,0
1782449100,1.13586,1.13592,1.13575,1.1357599999999999,116,10,0
1782449400,1.13577,1.13581,1.13574,1.13578,99,10,0
1782449700,1.13577,1.13593,1.1356,1.13591,230,10,0
1782450000,1.13592,1.13616,1.13587,1.13611,189,10,0
1782450300,1.13612,1.13623,1.1360999999999999,1.13613,125,10,0
1782450600,1.13612,1.13613,1.1358,1.13581,139,10,0
1782450900,1.1358,1.13585,1.1356,1.13562,230,10,0
1782451200,1.1356600000000001,1.1357,1.13538,1.13546,213,10,0
1782451500,1.13546,1.1356,1.13537,1.1355,196,10,0
1782451800,1.13553,1.1356,1.13547,1.13555,101,10,0
1782452100,1.13556,1.13565,1.13546,1.13561,120,10,0
1782452400,1.13561,1.13598,1.13555,1.13586,122,10,0
1782452700,1.13586,1.13588,1.13578,1.13581,124,10,0
1782453000,1.13585,1.13595,1.1357,1.13575,164,10,0
1782453300,1.1357599999999999,1.13589,1.13565,1.13586,187,10,0
1782453600,1.13585,1.13606,1.1358,1.13604,216,10,0
1782453900,1.13603,1.13609,1.13595,1.13608,169,10,0
1782454200,1.1360999999999999,1.13643,1.13607,1.13626,164,10,0
1782454500,1.13626,1.13641,1.13619,1.1363699999999999,116,10,0
1782454800,1.1363699999999999,1.13638,1.1362,1.13623,92,10,0
1782455100,1.13624,1.1363699999999999,1.13624,1.13635,101,10,0
1782455400,1.13636,1.13636,1.13616,1.13619,135,10,0
1782455700,1.13618,1.13654,1.13618,1.13635,102,10,0
1782456000,1.13636,1.1367099999999999,1.13631,1.1367099999999999,219,10,0
1782456300,1.1367099999999999,1.13672,1.13655,1.13656,155,10,0
1782456600,1.13657,1.13709,1.13655,1.137,165,10,0
1782456900,1.137,1.13711,1.13692,1.13711,205,10,0
1782457200,1.13712,1.13725,1.1369,1.13712,181,10,0
1782457500,1.13711,1.13716,1.1369,1.13696,151,10,0
1782457800,1.13697,1.13717,1.13697,1.13712,101,10,0
1782458100,1.13711,1.13728,1.13709,1.13728,96,10,0
1782458400,1.13728,1.13731,1.13719,1.13721,133,10,0
1782458700,1.1372200000000001,1.13743,1.13721,1.13735,85,10,0
1782459000,1.13733,1.13735,1.13711,1.13714,120,10,0
1782459300,1.13713,1.13728,1.13705,1.13706,116,10,0
1782459600,1.13705,1.13724,1.1368,1.13721,113,10,0
1782459900,1.13719,1.13737,1.13719,1.13733,91,10,0
1782460200,1.13733,1.13757,1.1373199999999999,1.13753,102,10,0
1782460500,1.13753,1.13767,1.13751,1.13765,126,10,0
1782460800,1.13766,1.13773,1.13751,1.13756,134,10,0
1782461100,1.13756,1.13768,1.1375,1.13764,128,10,0
1782461400,1.13763,1.13767,1.13754,1.13757,107,10,0
1782461700,1.13757,1.13773,1.13747,1.1375899999999999,159,10,0
1782462000,1.1375899999999999,1.13763,1.13748,1.13752,102,10,0
1782462300,1.13752,1.13781,1.13752,1.13773,84,10,0
1782462600,1.13773,1.13781,1.13769,1.13772,93,10,0
1782462900,1.13773,1.13773,1.13762,1.13766,115,10,0
1782463200,1.13765,1.13795,1.13764,1.13787,118,10,0
1782463500,1.13787,1.13789,1.13772,1.13787,98,10,0
1782463800,1.13788,1.13818,1.13777,1.1381000000000001,144,10,0
1782464100,1.1381000000000001,1.1381000000000001,1.13776,1.13776,123,10,0
1782464400,1.13777,1.13792,1.1374900000000001,1.13751,248,10,0
1782464700,1.13751,1.1376,1.13736,1.13738,194,10,0
1782465000,1.13737,1.1375,1.13724,1.13745,218,10,0
1782465300,1.13745,1.1376,1.13736,1.1375,198,10,0
1782465600,1.13751,1.13771,1.1375,1.13762,131,10,0
1782465900,1.13761,1.13787,1.13745,1.13784,171,10,0
1782466200,1.13784,1.1381999999999999,1.1378,1.138,209,10,0
1782466500,1.13801,1.13806,1.13781,1.13784,150,10,0
1782466800,1.1378300000000001,1.13803,1.1376,1.13761,152,10,0
1782467100,1.13758,1.13775,1.13716,1.13716,183,10,0
1782467400,1.13716,1.13769,1.1371,1.1375899999999999,164,10,0
1782467700,1.1375899999999999,1.13773,1.13741,1.13747,211,10,0
1782468000,1.13746,1.13771,1.13726,1.1373199999999999,249,10,0
1782468300,1.1373199999999999,1.13781,1.13731,1.13767,227,10,0
1782468600,1.13768,1.13777,1.1375,1.13763,238,10,0
1782468900,1.13762,1.13774,1.13754,1.1377,295,10,0
1782469200,1.13769,1.1377,1.13744,1.13761,231,10,0
1782469500,1.13762,1.13767,1.13739,1.13747,224,10,0
1782469800,1.13746,1.13811,1.13743,1.13799,202,10,0
1782470100,1.13796,1.13878,1.13796,1.13878,229,10,0
1782470400,1.13878,1.13882,1.13846,1.13852,199,10,0
1782470700,1.13848,1.13858,1.1384,1.13856,156,10,0
1782471000,1.13856,1.13882,1.13846,1.13862,193,10,0
1782471300,1.13862,1.13875,1.13845,1.13862,202,10,0
1782471600,1.13862,1.13877,1.13825,1.13842,332,10,0
1782471900,1.13843,1.13972,1.13829,1.13959,349,10,0
1782472200,1.13959,1.13973,1.13904,1.13972,443,10,0
1782472500,1.13974,1.13996,1.13945,1.1397,395,10,0
1782472800,1.1397,1.13971,1.13944,1.13949,245,10,0
1782473100,1.13954,1.14021,1.13939,1.14017,300,10,0
1782473400,1.14016,1.14019,1.13949,1.1397599999999999,345,10,0
1782473700,1.1397599999999999,1.13989,1.13961,1.1398,183,10,0
1782474000,1.13982,1.14029,1.13974,1.14026,253,10,0
1782474300,1.14026,1.14071,1.13999,1.14019,301,10,0
1782474600,1.1402,1.14067,1.14014,1.14058,285,10,0
1782474900,1.14057,1.14057,1.14001,1.14008,298,10,0
1782475200,1.14009,1.14009,1.13962,1.13965,311,10,0
1782475500,1.13964,1.13996,1.13948,1.13987,291,10,0
1782475800,1.13986,1.13988,1.13959,1.1396600000000001,169,10,0
1782476100,1.13967,1.13997,1.13953,1.13979,344,10,0
1782476400,1.13981,1.13994,1.13973,1.13983,252,10,0
1782476700,1.13981,1.14034,1.13981,1.14029,143,10,0
1782477000,1.14028,1.1404,1.13999,1.1404,144,10,0
1782477300,1.1404,1.14054,1.14035,1.14047,138,10,0
1782477600,1.14047,1.14069,1.14045,1.1405,142,10,0
1782477900,1.14052,1.14116,1.14047,1.1409,242,10,0
1782478200,1.14091,1.14111,1.14086,1.1409,220,10,0
1782478500,1.14089,1.1409,1.14058,1.14063,201,10,0
1782478800,1.14063,1.14077,1.14029,1.14049,265,10,0
1782479100,1.14049,1.14066,1.14036,1.14054,166,10,0
1782479400,1.14055,1.14056,1.14035,1.14043,218,10,0
1782479700,1.14043,1.1406399999999999,1.1402,1.1402,206,10,0
1782480000,1.14022,1.14026,1.13996,1.14008,232,10,0
1782480300,1.14007,1.1403,1.13996,1.14029,265,10,0
1782480600,1.14028,1.14049,1.14025,1.14049,286,10,0
1782480900,1.14048,1.14056,1.14033,1.14051,267,10,0
1782481200,1.14051,1.14063,1.14018,1.14024,263,10,0
1782481500,1.14024,1.14036,1.14011,1.14029,167,10,0
1782481800,1.14029,1.14049,1.14024,1.14043,146,10,0
1782482100,1.14042,1.14047,1.14023,1.14042,188,10,0
1782482400,1.14043,1.14053,1.14021,1.14031,208,10,0
1782482700,1.14032,1.14034,1.14015,1.14033,147,10,0
1782483000,1.14032,1.14052,1.14002,1.14015,234,10,0
1782483300,1.14014,1.14039,1.13996,1.1403699999999999,205,10,0
1782483600,1.14036,1.14058,1.1402700000000001,1.14032,223,10,0
1782483900,1.14032,1.14055,1.14016,1.14054,218,10,0
1782484200,1.14052,1.14055,1.14008,1.14012,214,10,0
1782484500,1.14012,1.14012,1.13985,1.14005,240,10,0
1782484800,1.14006,1.14013,1.13985,1.13992,178,10,0
1782485100,1.13991,1.13997,1.13972,1.13972,259,10,0
1782485400,1.13973,1.13973,1.13932,1.13955,259,10,0
1782485700,1.13954,1.13988,1.13953,1.13979,308,10,0
1782486000,1.1398,1.14008,1.13971,1.14004,297,10,0
1782486300,1.14004,1.1402,1.13996,1.14007,153,10,0
1782486600,1.14008,1.14021,1.14001,1.14004,147,10,0
1782486900,1.14005,1.14035,1.14004,1.14026,161,10,0
1782487200,1.14025,1.14026,1.13993,1.14012,302,10,0
1782487500,1.14012,1.1406,1.14012,1.14039,267,10,0
1782487800,1.14033,1.14058,1.1401,1.14022,286,10,0
1782488100,1.14023,1.14069,1.14015,1.14048,295,10,0
1782488400,1.14049,1.14091,1.14049,1.14073,258,10,0
1782488700,1.14074,1.14109,1.14058,1.14085,250,10,0
1782489000,1.14085,1.1414,1.14082,1.1412499999999999,221,10,0
1782489300,1.14129,1.14335,1.14129,1.14267,871,10,0
1782489600,1.14268,1.14294,1.14213,1.14237,713,10,0
1782489900,1.14237,1.14267,1.14177,1.14181,480,10,0
1782490200,1.14179,1.14208,1.14172,1.14193,356,10,0
1782490500,1.14193,1.14199,1.14113,1.14165,585,10,0
1782490800,1.14163,1.14229,1.14154,1.14201,431,10,0
1782491100,1.142,1.14229,1.14191,1.14211,361,10,0
1782491400,1.14211,1.14233,1.14193,1.14229,602,10,0
1782491700,1.14228,1.1424,1.14212,1.14223,485,10,0
1782492000,1.14223,1.14243,1.14208,1.14227,386,10,0
1782492300,1.14227,1.14227,1.1417,1.14177,451,10,0
1782492600,1.14178,1.14195,1.14161,1.14192,411,10,0
1782492900,1.1419,1.14247,1.14173,1.14243,338,10,0
1782493200,1.1424400000000001,1.1428,1.14193,1.14203,493,10,0
1782493500,1.14203,1.14222,1.1418300000000001,1.14208,389,10,0
1782493800,1.1421000000000001,1.14232,1.14192,1.14212,392,10,0
1782494100,1.14213,1.14255,1.14195,1.14199,318,10,0
1782494400,1.14201,1.14263,1.142,1.14225,305,10,0
1782494700,1.14226,1.14239,1.14167,1.14172,389,10,0
1782495000,1.14173,1.14189,1.14142,1.14148,387,10,0
1782495300,1.1414900000000001,1.14169,1.14144,1.14152,278,10,0
1782495600,1.14152,1.14163,1.14109,1.14153,394,10,0
1782495900,1.14154,1.14198,1.14142,1.14164,373,10,0
1782496200,1.14164,1.14167,1.14033,1.14038,611,10,0
1782496500,1.1404,1.14042,1.1393,1.13935,918,10,0
1782496800,1.13938,1.1398,1.13917,1.13964,691,10,0
1782497100,1.13964,1.14015,1.13956,1.14015,311,10,0
1782497400,1.14014,1.14032,1.1400000000000001,1.14023,206,10,0
1782497700,1.14024,1.14034,1.14007,1.14014,178,10,0
1782498000,1.14014,1.14056,1.14014,1.14048,177,10,0
1782498300,1.14048,1.14051,1.14031,1.1404,202,10,0
1782498600,1.14042,1.14062,1.14009,1.14019,223,10,0
1782498900,1.14019,1.14054,1.14015,1.14048,230,10,0
1782499200,1.14047,1.14053,1.14025,1.14046,215,10,0
1782499500,1.14046,1.14076,1.14044,1.14059,148,10,0
1782499800,1.1406100000000001,1.1406100000000001,1.13944,1.13973,661,10,0
1782500100,1.13974,1.14026,1.13974,1.14023,285,10,0
1782500400,1.14024,1.14028,1.13992,1.14013,281,10,0
1782500700,1.14012,1.14028,1.13985,1.1399,192,10,0
1782501000,1.1399,1.13998,1.13972,1.13989,232,10,0
1782501300,1.13988,1.13997,1.13978,1.13985,137,10,0
1782501600,1.13985,1.13985,1.13906,1.13907,393,10,0
1782501900,1.13906,1.13923,1.13897,1.13907,242,10,0
1782502200,1.13908,1.1394199999999999,1.1388099999999999,1.13882,314,10,0
1782502500,1.13883,1.1389,1.13825,1.1386,390,10,0
1782502800,1.13858,1.13899,1.13857,1.13887,168,10,0
1782503100,1.13886,1.13899,1.13883,1.13888,116,10,0
1782503400,1.13886,1.13901,1.13882,1.13894,104,10,0
1782503700,1.13896,1.1391,1.13886,1.13893,95,10,0
1782504000,1.13894,1.13913,1.13883,1.1390500000000001,138,10,0
1782504300,1.1390500000000001,1.13923,1.1390500000000001,1.13916,83,10,0
1782504600,1.13916,1.13927,1.13907,1.1391,93,10,0
1782504900,1.1391,1.13918,1.139,1.139,71,10,0
1782505200,1.139,1.13907,1.13892,1.13898,100,10,0
1782505500,1.13898,1.13902,1.13882,1.13883,166,10,0
1782505800,1.13884,1.13894,1.13846,1.13852,237,10,0
1782506100,1.13852,1.13863,1.13842,1.13852,150,10,0
1782506400,1.13852,1.13889,1.13842,1.13884,102,10,0
1782506700,1.13883,1.13888,1.13869,1.13874,67,10,0
1782507000,1.13875,1.13892,1.13875,1.1388,72,10,0
1782507300,1.1388099999999999,1.13882,1.13849,1.13859,121,10,0
1782507600,1.13861,1.13904,1.13848,1.13902,157,10,0
1782507900,1.13902,1.13907,1.13887,1.1389,117,10,0
1782508200,1.1389,1.139,1.13884,1.13894,89,10,0
1782508500,1.13894,1.13899,1.13876,1.13883,90,10,0
1782508800,1.13884,1.13889,1.13874,1.13877,102,10,0
1782509100,1.13875,1.13893,1.13874,1.1389,85,10,0
1782509400,1.1389,1.13906,1.1389,1.13903,74,10,0
1782509700,1.13902,1.13908,1.13892,1.13898,64,10,0
1782510000,1.13894,1.13899,1.13883,1.13893,69,10,0
1782510300,1.13892,1.13892,1.1386,1.13879,113,10,0
1782510600,1.13879,1.13893,1.13877,1.13883,72,10,0
1782510900,1.13884,1.13898,1.13852,1.13853,129,10,0
1782511200,1.1385,1.13864,1.1384400000000001,1.13853,109,10,0
1782511500,1.1385399999999999,1.13868,1.1385,1.13864,90,10,0
1782511800,1.13865,1.13866,1.13855,1.13858,78,10,0
1782512100,1.13856,1.13857,1.13833,1.13833,124,10,0
1782512400,1.13833,1.13834,1.13806,1.13807,99,10,0
1782512700,1.13807,1.13817,1.13806,1.13813,127,10,0
1782513000,1.13814,1.13834,1.13804,1.13834,111,10,0
1782513300,1.13833,1.13834,1.1381999999999999,1.1381999999999999,79,10,0
1782513600,1.13821,1.13824,1.13811,1.13818,126,10,0
1782513900,1.13816,1.13847,1.13811,1.13847,104,10,0
1782514200,1.13845,1.13886,1.13845,1.1388,136,10,0
1782514500,1.13877,1.13888,1.13862,1.13862,236,10,0
1782514800,1.13865,1.13882,1.13865,1.1387,246,10,0
1782515100,1.1387,1.13876,1.13848,1.13874,109,10,0
1782515400,1.13875,1.13883,1.13873,1.13879,72,10,0
1782515700,1.1388,1.139,1.13879,1.13897,79,10,0
1782516000,1.13896,1.1391,1.13895,1.1391,59,10,0
1782516300,1.13909,1.13911,1.13891,1.13893,110,10,0
1782516600,1.13893,1.1391499999999999,1.13873,1.1388099999999999,257,10,0
1782516900,1.1388099999999999,1.13885,1.13832,1.1385,243,10,0
1782517200,1.13849,1.13866,1.13827,1.1386,156,10,0
1782517500,1.13861,1.13869,1.13834,1.13863,259,10,0
1782517800,1.13864,1.13864,1.13811,1.13811,217,10,0
1782518100,1.13812,1.13838,1.13808,1.13837,118,11,0
1782691200,1.13874,1.13874,1.13809,1.13836,13,71,0
1782691500,1.13842,1.13845,1.138,1.13805,111,84,0
1782691800,1.13805,1.13826,1.13799,1.13815,27,48,0
1782692100,1.1381000000000001,1.13823,1.1381000000000001,1.13821,14,61,0
1782692400,1.13821,1.13822,1.13821,1.13822,5,69,0
1782692700,1.13822,1.13827,1.13822,1.13827,7,71,0
1782693000,1.13833,1.13876,1.1383,1.13859,56,70,0
1782693300,1.13859,1.13862,1.13814,1.13815,24,60,0
1782693600,1.13815,1.13817,1.138,1.13801,329,65,0
1782693900,1.13803,1.1381000000000001,1.13796,1.13798,12,50,0
1782694200,1.13796,1.13799,1.13791,1.13798,17,71,0
1782694500,1.13799,1.13802,1.13797,1.13798,30,95,0
1782694800,1.13799,1.13861,1.13799,1.13846,152,11,0
1782695100,1.13846,1.13853,1.13838,1.13845,77,10,0
1782695400,1.13845,1.13848,1.13823,1.1383,50,10,0
1782695700,1.13829,1.13833,1.13819,1.13819,49,11,0
1782696000,1.1381999999999999,1.13826,1.13819,1.13823,43,10,0
1782696300,1.13822,1.13838,1.1381999999999999,1.13829,51,10,0
1782696600,1.13829,1.1384,1.13826,1.13838,43,11,0
1782696900,1.13837,1.13838,1.13834,1.13838,20,11,0
1782697200,1.13838,1.1385399999999999,1.13838,1.1385,46,10,0
1782697500,1.13849,1.13857,1.13848,1.13857,28,11,0
1782697800,1.13857,1.13857,1.1384400000000001,1.13851,40,10,0
1782698100,1.13851,1.13857,1.13847,1.13848,21,10,0
1782698400,1.1385,1.13865,1.13848,1.1386,84,10,0
1782698700,1.13859,1.13864,1.13853,1.13864,35,10,0
1782699000,1.13864,1.13864,1.13852,1.13852,77,10,0
1782699300,1.13849,1.13853,1.13846,1.13846,22,11,0
1782699600,1.13847,1.13849,1.13842,1.13848,58,10,0
1782699900,1.13848,1.13853,1.13845,1.13846,31,11,0
1782700200,1.1384400000000001,1.1384400000000001,1.13817,1.13822,88,10,0
1782700500,1.13821,1.1383,1.13821,1.13829,51,10,0
1782700800,1.13829,1.13836,1.13826,1.13836,27,10,0
1782701100,1.13836,1.13843,1.13836,1.13838,59,10,0
1782701400,1.13837,1.1385,1.13834,1.13843,103,10,0
1782701700,1.13842,1.13859,1.13841,1.13848,109,10,0
1782702000,1.1384400000000001,1.13879,1.13828,1.13875,388,10,0
1782702300,1.13875,1.13876,1.13858,1.13866,264,10,0
1782702600,1.1387,1.13879,1.13856,1.13856,167,10,0
1782702900,1.13855,1.13866,1.13837,1.13845,240,10,0
1782703200,1.1384400000000001,1.13862,1.13843,1.13855,146,10,0
1782703500,1.13855,1.13858,1.13843,1.13843,184,10,0
1782703800,1.13843,1.13859,1.13834,1.13855,112,10,0
1782704100,1.13853,1.13877,1.1385,1.13869,130,10,0
1782704400,1.13868,1.13876,1.13867,1.13872,128,10,0
1782704700,1.13871,1.13872,1.1384400000000001,1.13846,138,10,0
1782705000,1.13847,1.13872,1.13846,1.13872,177,10,0
1782705300,1.13873,1.13887,1.13868,1.13871,191,10,0
1782705600,1.13872,1.13892,1.13841,1.13853,257,10,0
1782705900,1.13853,1.13872,1.13851,1.13861,171,10,0
1782706200,1.13862,1.1387,1.13856,1.13862,184,10,0
1782706500,1.13861,1.13872,1.13851,1.13866,227,10,0
1782706800,1.13863,1.13893,1.13861,1.13885,195,10,0
1782707100,1.13887,1.13892,1.13879,1.13882,121,10,0
1782707400,1.13882,1.13893,1.13873,1.13886,152,10,0
1782707700,1.13887,1.13901,1.13884,1.13891,204,10,0
1782708000,1.13891,1.1390500000000001,1.13886,1.1389,190,10,0
1782708300,1.1389,1.13893,1.13872,1.13873,187,10,0
1782708600,1.13873,1.13876,1.13857,1.1386,146,10,0
1782708900,1.1386,1.13862,1.13841,1.13847,166,10,0
1782709200,1.13848,1.1386,1.13842,1.13858,168,10,0
1782709500,1.13859,1.13863,1.13853,1.13857,121,10,0
1782709800,1.13858,1.1387,1.13858,1.13866,119,10,0
1782710100,1.13866,1.13893,1.13866,1.13892,153,10,0
1782710400,1.13892,1.13913,1.13886,1.13904,206,10,0
1782710700,1.13904,1.13929,1.13901,1.13924,111,10,0
1782711000,1.13924,1.13924,1.13894,1.139,151,10,0
1782711300,1.13899,1.13903,1.13888,1.13891,121,10,0
1782711600,1.13889,1.13892,1.13882,1.1389,127,10,0
1782711900,1.13889,1.13891,1.1388099999999999,1.13887,103,10,0
1782712200,1.13888,1.13888,1.13877,1.13878,116,10,0
1782712500,1.13879,1.13883,1.13871,1.13872,95,10,0
1782712800,1.13873,1.13884,1.13871,1.1388099999999999,133,10,0
1782713100,1.13882,1.13886,1.13875,1.13883,83,10,0
1782713400,1.13882,1.13896,1.13878,1.13886,64,10,0
1782713700,1.13885,1.13888,1.13876,1.13877,84,10,0
1782714000,1.13877,1.1388,1.13861,1.13866,84,10,0
1782714300,1.13865,1.13877,1.13865,1.13876,65,10,0
1782714600,1.13876,1.13888,1.13876,1.13886,85,10,0
1782714900,1.13889,1.13894,1.13886,1.13888,71,10,0
1782715200,1.13887,1.13896,1.13861,1.13866,119,10,0
1782715500,1.13865,1.13868,1.13852,1.13853,81,10,0
1782715800,1.13853,1.13863,1.13842,1.13862,107,10,0
1782716100,1.13862,1.13862,1.13826,1.13826,115,10,0
1782716400,1.13826,1.13843,1.13825,1.13828,80,10,0
1782716700,1.13828,1.13838,1.13823,1.13833,60,10,0
1782717000,1.13832,1.13832,1.13818,1.13822,92,10,0
1782717300,1.13821,1.13823,1.13817,1.13818,38,10,0
1782717600,1.13818,1.13818,1.13806,1.13817,80,10,0
1782717900,1.13815,1.13833,1.13814,1.13831,95,10,0
1782718200,1.13833,1.13847,1.13831,1.13842,73,10,0
1782718500,1.13843,1.13848,1.13833,1.13842,71,10,0
1782718800,1.1384,1.1384,1.13829,1.13834,55,10,0
1782719100,1.13834,1.13841,1.13828,1.13837,68,10,0
1782719400,1.13836,1.13837,1.13819,1.1381999999999999,77,10,0
1782719700,1.13819,1.13823,1.13804,1.13821,145,10,0
1782720000,1.13823,1.13848,1.13821,1.13843,91,10,0
1782720300,1.13843,1.13855,1.13842,1.1385399999999999,90,10,0
1782720600,1.13853,1.13868,1.13851,1.13865,139,10,0
1782720900,1.13864,1.13867,1.13848,1.13852,99,10,0
1782721200,1.13852,1.13857,1.13846,1.13856,76,10,0
1782721500,1.13857,1.13863,1.13855,1.13863,102,10,0
1782721800,1.13866,1.13893,1.13865,1.13893,133,10,0
1782722100,1.13893,1.13898,1.13886,1.13895,70,10,0
1782722400,1.13895,1.13918,1.13891,1.13906,127,10,0
1782722700,1.13906,1.13929,1.13903,1.13919,100,10,0
1782723000,1.13918,1.13947,1.13918,1.13933,155,10,0
1782723300,1.13934,1.1394199999999999,1.13928,1.1394,151,10,0
1782723600,1.1394,1.13949,1.13923,1.13926,241,10,0
1782723900,1.13925,1.1394199999999999,1.13923,1.13938,167,10,0
1782724200,1.13937,1.13953,1.13926,1.13948,137,10,0
1782724500,1.13948,1.13963,1.13936,1.13963,135,10,0
1782724800,1.13964,1.13964,1.13949,1.13959,131,10,0
1782725100,1.13959,1.13974,1.13953,1.13972,122,10,0
1782725400,1.13972,1.13991,1.13963,1.1399,142,10,0
1782725700,1.13991,1.1402,1.13989,1.14018,177,10,0
1782726000,1.14018,1.14019,1.13996,1.1400299999999999,153,10,0
1782726300,1.1400299999999999,1.14038,1.13996,1.14035,160,10,0
1782726600,1.14033,1.14091,1.14033,1.14073,320,10,0
1782726900,1.14072,1.14144,1.14068,1.14119,557,10,0
1782727200,1.14118,1.14127,1.1406,1.14075,537,10,0
1782727500,1.14074,1.14078,1.14048,1.14057,270,10,0
1782727800,1.14056,1.14063,1.14044,1.14058,161,10,0
1782728100,1.1406,1.14083,1.1405,1.14068,231,10,0
1782728400,1.14067,1.14095,1.1406399999999999,1.14079,209,10,0
1782728700,1.14078,1.1408,1.14056,1.14078,140,10,0
1782729000,1.14078,1.14086,1.14068,1.14072,175,10,0
1782729300,1.14074,1.14105,1.1406399999999999,1.14105,144,10,0
1782729600,1.14105,1.14105,1.14057,1.1406,183,10,0
1782729900,1.1406399999999999,1.14074,1.14051,1.14062,159,10,0
1782730200,1.1406100000000001,1.14073,1.1400000000000001,1.14002,228,10,0
1782730500,1.1400299999999999,1.14033,1.13996,1.1402,301,10,0
1782730800,1.14019,1.14068,1.14019,1.14046,339,10,0
1782731100,1.14046,1.14069,1.14029,1.14036,302,10,0
1782731400,1.1403699999999999,1.14046,1.14012,1.14015,214,10,0
1782731700,1.14014,1.14024,1.13994,1.13994,232,10,0
1782732000,1.13993,1.14014,1.1397,1.13987,266,10,0
1782732300,1.13987,1.14015,1.13986,1.14012,160,10,0
1782732600,1.14011,1.14048,1.14011,1.14022,169,10,0
1782732900,1.14022,1.14023,1.1398,1.13982,316,10,0
1782733200,1.13981,1.1400000000000001,1.13975,1.13983,200,10,0
1782733500,1.13982,1.13984,1.13956,1.13957,167,10,0
1782733800,1.13959,1.1396600000000001,1.13938,1.1394,197,10,0
1782734100,1.13941,1.1396,1.1392,1.13954,183,10,0
1782734400,1.13955,1.13981,1.13939,1.13963,256,10,0
1782734700,1.13963,1.13982,1.13954,1.13968,195,10,0
1782735000,1.13968,1.13993,1.13967,1.13979,111,10,0
1782735300,1.13977,1.13995,1.1397599999999999,1.13981,152,10,0
1782735600,1.13982,1.13993,1.13981,1.13984,170,10,0
1782735900,1.13984,1.1402,1.13972,1.13996,276,10,0
1782736200,1.13995,1.14021,1.13994,1.14006,212,10,0
1782736500,1.14005,1.14017,1.13979,1.13987,203,10,0
1782736800,1.13986,1.1399,1.13964,1.13982,200,10,0
1782737100,1.13981,1.13995,1.13973,1.13991,124,10,0
1782737400,1.13992,1.14006,1.13963,1.14004,325,10,0
1782737700,1.14004,1.14035,1.14002,1.14029,159,10,0
1782738000,1.14028,1.14033,1.14015,1.14033,171,10,0
1782738300,1.14032,1.14042,1.14021,1.14031,120,10,0
1782738600,1.14031,1.14048,1.14014,1.14016,140,10,0
1782738900,1.14014,1.14019,1.14001,1.14016,150,10,0
1782739200,1.14015,1.14016,1.13996,1.1400000000000001,89,10,0
1782739500,1.14001,1.14012,1.13991,1.14011,121,10,0
1782739800,1.14011,1.14019,1.13999,1.14001,118,10,0
1782740100,1.14002,1.14008,1.13993,1.14001,124,10,0
1782740400,1.14002,1.1402700000000001,1.14002,1.14005,148,10,0
1782740700,1.14004,1.1402,1.13993,1.14019,247,10,0
1782741000,1.14017,1.14051,1.14015,1.14041,211,10,0
1782741300,1.1404,1.14051,1.14038,1.14041,164,10,0
1782741600,1.1404,1.14072,1.14036,1.14072,196,10,0
1782741900,1.14071,1.14072,1.14049,1.14056,152,10,0
1782742200,1.14057,1.1406100000000001,1.14035,1.14053,150,10,0
1782742500,1.14052,1.14059,1.1403699999999999,1.14038,160,10,0
1782742800,1.14039,1.14041,1.14028,1.14028,150,10,0
1782743100,1.14026,1.14033,1.14016,1.14024,114,10,0
1782743400,1.14024,1.14058,1.14004,1.14043,321,10,0
1782743700,1.14045,1.1405,1.14009,1.1401,182,10,0
1782744000,1.14009,1.14014,1.13984,1.13992,228,10,0
1782744300,1.13993,1.1402,1.13984,1.1400299999999999,175,10,0
1782744600,1.1400299999999999,1.14045,1.1400299999999999,1.14042,145,10,0
1782744900,1.14041,1.14112,1.1404,1.14085,332,10,0
1782745200,1.14083,1.14084,1.14053,1.14056,298,10,0
1782745500,1.14057,1.14067,1.14049,1.14057,225,10,0
1782745800,1.14058,1.14069,1.14044,1.1406100000000001,157,10,0
1782746100,1.1406100000000001,1.14068,1.14024,1.14026,242,10,0
1782746400,1.14025,1.14052,1.14023,1.14033,300,10,0
1782746700,1.14033,1.14035,1.14001,1.1402700000000001,265,10,0
1782747000,1.14028,1.14051,1.14021,1.1404,200,10,0
1782747300,1.1404,1.1406100000000001,1.14021,1.14021,190,10,0
1782747600,1.1402,1.1403699999999999,1.14004,1.14034,236,10,0
1782747900,1.14035,1.14038,1.14005,1.14008,193,10,0
1782748200,1.14007,1.14034,1.14007,1.14014,225,10,0
1782748500,1.14017,1.14024,1.14001,1.14021,225,10,0
1782748800,1.14022,1.14048,1.14018,1.14039,277,10,0
1782749100,1.1404,1.14049,1.14028,1.14029,197,10,0
1782749400,1.14028,1.1404,1.14025,1.14033,120,10,0
1782749700,1.14031,1.14031,1.14004,1.14019,253,10,0
1782750000,1.14018,1.14033,1.14001,1.14032,211,10,0
1782750300,1.14032,1.14049,1.14028,1.14045,158,10,0
1782750600,1.14044,1.14069,1.14041,1.1406,369,10,0
1782750900,1.14059,1.1406399999999999,1.14018,1.14025,429,10,0
1782751200,1.14024,1.14047,1.14009,1.14039,314,10,0
1782751500,1.14039,1.14071,1.1402700000000001,1.14071,341,10,0
1782751800,1.1407,1.14076,1.14058,1.14069,298,10,0
1782752100,1.14069,1.14117,1.1406100000000001,1.14095,474,10,0
1782752400,1.14096,1.14128,1.14066,1.14081,628,10,0
1782752700,1.14082,1.14117,1.14079,1.14111,205,10,0
1782753000,1.14113,1.14142,1.14086,1.14094,394,10,0
1782753300,1.14094,1.1415899999999999,1.14041,1.14157,756,10,0
1782753600,1.14158,1.14197,1.14131,1.14187,570,10,0
1782753900,1.14188,1.14199,1.1414,1.14147,466,10,0
1782754200,1.14147,1.1419,1.14145,1.14176,409,10,0
1782754500,1.14176,1.14205,1.14175,1.14185,338,10,0
1782754800,1.14185,1.14218,1.14124,1.14137,444,10,0
1782755100,1.14136,1.14146,1.1411,1.14121,455,10,0
1782755400,1.1412499999999999,1.14213,1.14112,1.14213,483,10,0
1782755700,1.14212,1.14228,1.14197,1.14214,504,10,0
1782756000,1.14215,1.14219,1.14179,1.1418,662,10,0
1782756300,1.14181,1.14191,1.14166,1.14176,322,10,0
1782756600,1.14175,1.142,1.1415899999999999,1.14186,357,10,0
1782756900,1.14185,1.14213,1.14185,1.14196,306,10,0
1782757200,1.14196,1.14207,1.14186,1.14195,322,10,0
1782757500,1.14196,1.14234,1.14194,1.14219,263,10,0
1782757800,1.14218,1.14238,1.14214,1.14227,234,10,0
1782758100,1.14227,1.14227,1.14184,1.142,265,10,0
1782758400,1.14199,1.14208,1.14189,1.14205,312,10,0
1782758700,1.14203,1.14246,1.14201,1.14236,282,10,0
1782759000,1.14237,1.1424,1.14215,1.14226,214,10,0
1782759300,1.14219,1.14236,1.14204,1.14231,201,10,0
1782759600,1.14232,1.14267,1.14231,1.14257,287,10,0
1782759900,1.14256,1.14272,1.1425,1.1427100000000001,192,10,0
1782760200,1.1427100000000001,1.1427100000000001,1.14233,1.14234,164,10,0
1782760500,1.14235,1.14258,1.14235,1.14253,129,10,0
1782760800,1.14253,1.14255,1.14228,1.1424,143,10,0
1782761100,1.14241,1.14241,1.14226,1.1423,67,10,0
1782761400,1.14234,1.14248,1.14233,1.14234,117,10,0
1782761700,1.14233,1.1425,1.14233,1.14243,144,10,0
1782762000,1.14242,1.14261,1.1424,1.14259,108,10,0
1782762300,1.14256,1.14287,1.14252,1.14284,147,10,0
1782762600,1.14284,1.14302,1.1428,1.14297,202,10,0
1782762900,1.14296,1.14297,1.14248,1.14253,210,10,0
1782763200,1.14256,1.14263,1.14249,1.14259,137,10,0
1782763500,1.14259,1.14267,1.14253,1.14254,83,10,0
1782763800,1.14255,1.14267,1.14239,1.14265,104,10,0
1782764100,1.14264,1.14265,1.14228,1.14229,111,10,0
1782764400,1.14233,1.14233,1.14209,1.14211,111,10,0
1782764700,1.14211,1.14226,1.14211,1.1421999999999999,98,10,0
1782765000,1.14219,1.14229,1.14213,1.14228,106,10,0
1782765300,1.14229,1.14256,1.14229,1.14245,125,10,0
1782765600,1.14245,1.14247,1.14234,1.14238,84,10,0
1782765900,1.14237,1.14243,1.1421999999999999,1.14239,77,10,0
1782766200,1.14239,1.14276,1.14239,1.14275,84,10,0
1782766500,1.14276,1.14276,1.14255,1.14263,148,10,0
1782766800,1.14263,1.14276,1.14258,1.1427,137,10,0
1782767100,1.14269,1.14269,1.14251,1.14261,91,10,0
1782767400,1.14261,1.14286,1.14261,1.14286,87,10,0
1782767700,1.14286,1.14286,1.1427,1.14277,52,10,0
1782768000,1.14276,1.14282,1.14267,1.14282,69,10,0
1782768300,1.1428,1.1428,1.14267,1.14272,65,10,0
1782768600,1.14272,1.14275,1.14266,1.14268,47,10,0
1782768900,1.1427100000000001,1.14278,1.14267,1.14269,72,10,0
1782769200,1.1427,1.1428099999999999,1.14262,1.14277,68,10,0
1782769500,1.14275,1.14278,1.14268,1.14278,79,10,0
1782769800,1.14278,1.1428099999999999,1.14268,1.1427100000000001,62,10,0
1782770100,1.14269,1.14269,1.1424400000000001,1.14251,176,10,0
1782770400,1.14251,1.14263,1.14247,1.14252,137,10,0
1782770700,1.14253,1.14253,1.14245,1.14248,73,10,0
1782771000,1.14246,1.14247,1.14216,1.14224,133,10,0
1782771300,1.14223,1.14241,1.14223,1.14232,62,10,0
1782771600,1.14232,1.14243,1.14231,1.14237,75,10,0
1782771900,1.14236,1.14256,1.14236,1.1425,83,10,0
1782772200,1.14251,1.14257,1.14241,1.14241,79,10,0
1782772500,1.1424,1.14251,1.14238,1.14247,83,10,0
1782772800,1.14247,1.14255,1.1424400000000001,1.14252,61,10,0
1782773100,1.14252,1.1426,1.14248,1.1426,68,10,0
1782773400,1.14261,1.14264,1.14252,1.14254,76,10,0
1782773700,1.14252,1.14262,1.14242,1.14253,153,10,0
1782774000,1.14253,1.14253,1.14241,1.1425,130,10,0
1782774300,1.14251,1.1426,1.1425,1.1426,53,10,0
1782774600,1.14261,1.14269,1.14253,1.14255,42,10,0
1782774900,1.14256,1.1426,1.14252,1.14255,36,10,0
1782775200,1.14255,1.14261,1.14251,1.14259,22,10,0
1782775500,1.14259,1.14262,1.14259,1.14259,18,10,0
1782775800,1.14257,1.14258,1.14241,1.14241,46,10,0
1782776100,1.1424,1.14241,1.14215,1.14225,74,10,0
1782776400,1.14224,1.1423,1.14221,1.1423,26,10,0
1782776700,1.1423,1.14235,1.14226,1.14228,56,10,0
1782777000,1.14228,1.14234,1.14226,1.14232,40,10,0
1782777300,1.14231,1.14238,1.14207,1.14209,155,10,0
1782777600,1.14198,1.14211,1.14177,1.14209,11,43,0
1782777900,1.14207,1.14221,1.14199,1.14221,28,41,0
1782778200,1.14221,1.14238,1.14216,1.14221,29,33,0
1782778500,1.14221,1.14221,1.14221,1.14221,4,48,0
1782778800,1.14221,1.14247,1.1421999999999999,1.14246,24,34,0
1782779100,1.14247,1.14249,1.14246,1.14249,8,26,0
1782779400,1.14253,1.14253,1.14249,1.14249,8,23,0
1782779700,1.14249,1.14249,1.14242,1.14242,10,33,0
1782780000,1.14242,1.14242,1.1424,1.1424,6,40,0
1782780300,1.1424,1.14249,1.14236,1.1424,22,23,0
1782780600,1.14241,1.14245,1.14232,1.14232,23,40,0
1782780900,1.14231,1.14231,1.1421999999999999,1.14225,20,44,0
1782781200,1.14224,1.14237,1.14223,1.14237,93,24,0
1782781500,1.14236,1.14239,1.14232,1.14233,53,11,0
1782781800,1.14235,1.14251,1.14233,1.14239,61,10,0
1782782100,1.14241,1.14247,1.14241,1.14247,17,11,0
1782782400,1.14248,1.14248,1.14237,1.14242,27,11,0
1782782700,1.14241,1.14242,1.14232,1.14236,32,11,0
1782783000,1.14235,1.14237,1.14232,1.14233,42,11,0
1782783300,1.14232,1.14233,1.14221,1.14221,22,10,0
1782783600,1.14219,1.14227,1.14219,1.14224,72,11,0
1782783900,1.14223,1.1423,1.14223,1.14229,16,11,0
1782784200,1.14229,1.14237,1.14229,1.14235,27,11,0
1782784500,1.14236,1.14248,1.14236,1.14245,45,10,0
1782784800,1.1424400000000001,1.14248,1.1424,1.1424,26,10,0
1782785100,1.14241,1.14243,1.14237,1.14241,27,11,0
1782785400,1.1424,1.1424,1.14235,1.14237,19,11,0
1782785700,1.14237,1.14237,1.14233,1.14235,14,10,0
1782786000,1.14236,1.1424400000000001,1.14235,1.14237,24,10,0
1782786300,1.14236,1.14237,1.14226,1.14226,15,10,0
1782786600,1.14226,1.14233,1.14226,1.14226,32,10,0
1782786900,1.14225,1.14225,1.14211,1.14211,41,10,0
1782787200,1.14211,1.14215,1.1421000000000001,1.14212,34,10,0
1782787500,1.14211,1.14211,1.14196,1.14211,44,10,0
1782787800,1.14213,1.14216,1.14208,1.14208,21,10,0
1782788100,1.14207,1.14207,1.14185,1.14186,44,10,0
1782788400,1.14185,1.142,1.14169,1.14191,295,10,0
1782788700,1.14192,1.14192,1.14164,1.14164,160,10,0
1782789000,1.14165,1.1418300000000001,1.1416,1.14161,128,10,0
1782789300,1.14162,1.14165,1.14153,1.14157,90,10,0
1782789600,1.14156,1.1416,1.14145,1.14146,98,10,0
1782789900,1.14147,1.14153,1.14131,1.1414,106,10,0
1782790200,1.1414,1.14155,1.1414,1.14148,110,10,0
1782790500,1.1415,1.1416,1.14142,1.14147,81,10,0
1782790800,1.1414900000000001,1.1415,1.14131,1.14131,140,10,0
1782791100,1.14132,1.14148,1.14132,1.14146,74,10,0
1782791400,1.14147,1.14156,1.14119,1.14127,397,10,0
1782791700,1.1413,1.14163,1.1412,1.14158,338,10,0
1782792000,1.1415899999999999,1.14167,1.1414,1.14141,285,10,0
1782792300,1.14142,1.14142,1.14102,1.14109,257,10,0
1782792600,1.14108,1.1411,1.14055,1.14058,331,10,0
1782792900,1.14059,1.14107,1.14059,1.14097,302,10,0
1782793200,1.141,1.1413,1.14097,1.14129,181,10,0
1782793500,1.1413,1.14151,1.14114,1.14143,122,10,0
1782793800,1.14141,1.14156,1.14133,1.14152,210,10,0
1782794100,1.14152,1.14156,1.14109,1.14111,168,10,0
1782794400,1.14112,1.14115,1.14057,1.14059,263,10,0
1782794700,1.14059,1.14066,1.14046,1.14055,238,10,0
1782795000,1.14056,1.14076,1.14039,1.1404,121,10,0
1782795300,1.14039,1.14053,1.14015,1.14036,200,10,0
1782795600,1.14035,1.14056,1.14029,1.14054,157,10,0
1782795900,1.14054,1.14054,1.14029,1.14034,161,10,0
1782796200,1.14034,1.1404,1.14028,1.14031,100,10,0
1782796500,1.14031,1.14031,1.14019,1.14023,89,10,0
1782796800,1.14023,1.14052,1.14023,1.14041,68,10,0
1782797100,1.14041,1.14045,1.14029,1.1403,65,10,0
1782797400,1.14029,1.14048,1.1402700000000001,1.14046,141,10,0
1782797700,1.14047,1.1406,1.14046,1.14058,43,10,0
1782798000,1.14057,1.14059,1.14031,1.14041,78,10,0
1782798300,1.14042,1.1405,1.14029,1.14032,94,10,0
1782798600,1.14033,1.14038,1.14011,1.14015,156,10,0
1782798900,1.14016,1.14031,1.14015,1.1403,106,10,0
1782799200,1.14031,1.14047,1.1403,1.14044,84,10,0
1782799500,1.14044,1.14046,1.14015,1.14019,96,10,0
1782799800,1.14018,1.14024,1.14012,1.14013,67,10,0
1782800100,1.14013,1.14025,1.13993,1.1400000000000001,128,10,0
1782800400,1.1400000000000001,1.1400299999999999,1.13988,1.13992,81,10,0
1782800700,1.13991,1.14005,1.1398,1.13985,189,10,0
1782801000,1.13986,1.13994,1.13979,1.13981,110,10,0
1782801300,1.13982,1.13987,1.13969,1.13971,105,10,0
1782801600,1.13971,1.13977,1.13965,1.13967,92,10,0
1782801900,1.13968,1.13972,1.13967,1.13972,66,10,0
1782802200,1.13973,1.1399,1.13973,1.13981,64,10,0
1782802500,1.1398,1.13984,1.13973,1.13979,84,10,0
1782802800,1.13979,1.13983,1.13969,1.13979,58,10,0
1782803100,1.13978,1.13984,1.13975,1.13975,93,10,0
1782803400,1.13974,1.13975,1.13965,1.13973,78,10,0
1782803700,1.13973,1.13978,1.13968,1.13973,70,10,0
1782804000,1.13972,1.13974,1.13952,1.13955,51,10,0
1782804300,1.13957,1.1396,1.13947,1.13959,66,10,0
1782804600,1.13958,1.13973,1.13955,1.13972,52,10,0
1782804900,1.13973,1.13983,1.13969,1.13981,91,10,0
1782805200,1.1398,1.13985,1.13973,1.13978,46,10,0
1782805500,1.13978,1.13978,1.13958,1.13958,67,10,0
1782805800,1.13956,1.13973,1.13948,1.13965,95,10,0
1782806100,1.13964,1.1396600000000001,1.13885,1.13885,308,10,0
1782806400,1.13886,1.13906,1.13858,1.13879,438,10,0
1782806700,1.1388,1.13909,1.13872,1.13893,138,10,0
1782807000,1.13893,1.13902,1.13878,1.13896,155,10,0
1782807300,1.13895,1.1391499999999999,1.13894,1.13904,83,10,0
1782807600,1.13903,1.13921,1.13899,1.13919,74,10,0
1782807900,1.13919,1.1392,1.13898,1.1390500000000001,132,10,0
1782808200,1.13904,1.13917,1.13904,1.13911,86,10,0
1782808500,1.13912,1.1391499999999999,1.13904,1.13914,68,10,0
1782808800,1.1391499999999999,1.13921,1.13909,1.13911,71,10,0
1782809100,1.13911,1.13912,1.13895,1.13906,85,10,0
1782809400,1.13906,1.13923,1.13899,1.13901,99,10,0
1782809700,1.139,1.139,1.13821,1.13842,299,10,0
1782810000,1.13842,1.13866,1.13831,1.13863,271,10,0
1782810300,1.13862,1.13877,1.13847,1.13875,194,10,0
1782810600,1.13875,1.13891,1.1386,1.13882,154,10,0
1782810900,1.1388099999999999,1.13898,1.13877,1.13898,134,10,0
1782811200,1.13898,1.1395,1.13893,1.13941,170,10,0
1782811500,1.13941,1.13979,1.1394,1.13968,211,10,0
1782811800,1.1396600000000001,1.13991,1.13961,1.13988,248,10,0
1782812100,1.13988,1.13992,1.1396600000000001,1.13973,161,10,0
1782812400,1.13972,1.13998,1.13972,1.13983,174,10,0
1782812700,1.13969,1.1400299999999999,1.13947,1.13981,283,10,0
1782813000,1.1398,1.14008,1.13961,1.14006,199,10,0
1782813300,1.14007,1.14032,1.14004,1.14024,228,10,0
1782813600,1.14024,1.14048,1.14008,1.14044,359,10,0
1782813900,1.14045,1.1406100000000001,1.14031,1.14039,245,10,0
1782814200,1.14039,1.14057,1.14035,1.14042,247,10,0
1782814500,1.14042,1.14051,1.14031,1.14042,208,10,0
1782814800,1.14043,1.14062,1.14036,1.14059,161,10,0
1782815100,1.14059,1.1409,1.14057,1.14058,261,10,0
1782815400,1.1406100000000001,1.1407,1.14046,1.14068,140,10,0
1782815700,1.14068,1.14068,1.14043,1.14053,200,10,0
1782816000,1.14052,1.14063,1.14032,1.14052,184,10,0
1782816300,1.14053,1.14059,1.14015,1.14017,268,10,0
1782816600,1.14016,1.14016,1.13979,1.13989,233,10,0
1782816900,1.1399,1.1399,1.1396600000000001,1.13982,236,10,0
1782817200,1.13974,1.1399,1.13907,1.13943,656,10,0
1782817500,1.1394199999999999,1.13983,1.13876,1.13898,335,10,0
1782817800,1.13898,1.13938,1.13891,1.13893,238,10,0
1782818100,1.13885,1.13917,1.13876,1.1390500000000001,265,10,0
1782818400,1.13906,1.1392,1.13896,1.1391,195,10,0
1782818700,1.1391,1.13931,1.13903,1.1392,223,10,0
1782819000,1.13921,1.13926,1.13889,1.13898,203,10,0
1782819300,1.13898,1.1390500000000001,1.13835,1.13856,315,10,0
1782819600,1.13856,1.13875,1.13852,1.13866,149,10,0
1782819900,1.13867,1.13868,1.1383,1.13866,246,10,0
1782820200,1.13867,1.13898,1.13851,1.13897,250,10,0
1782820500,1.13897,1.13931,1.13896,1.1393,292,10,0
1782820800,1.1393,1.13937,1.13895,1.1393,289,10,0
1782821100,1.1393,1.13963,1.13911,1.1394,292,10,0
1782821400,1.13941,1.13948,1.1393,1.13931,222,10,0
1782821700,1.1393,1.1393,1.13911,1.1391499999999999,230,10,0
1782822000,1.13925,1.13943,1.1391499999999999,1.1391499999999999,203,10,0
1782822300,1.1391499999999999,1.13944,1.1391499999999999,1.13918,214,10,0
1782822600,1.13919,1.13922,1.13888,1.13888,222,10,0
1782822900,1.13889,1.13926,1.13886,1.13917,184,10,0
1782823200,1.13917,1.13943,1.1391,1.13938,178,10,0
1782823500,1.13938,1.13943,1.13929,1.13936,120,10,0
1782823800,1.13937,1.13969,1.13929,1.13963,259,10,0
1782824100,1.13963,1.13981,1.1395,1.13967,195,10,0
1782824400,1.13967,1.13975,1.13954,1.13962,228,10,0
1782824700,1.13961,1.13963,1.1394,1.13954,194,10,0
1782825000,1.13954,1.13954,1.13926,1.13944,147,10,0
1782825300,1.13944,1.13958,1.1393,1.1393,171,10,0
1782825600,1.13931,1.13951,1.13921,1.1393,159,10,0
1782825900,1.13931,1.13962,1.13931,1.13947,195,10,0
1782826200,1.13947,1.13953,1.13921,1.13946,131,10,0
1782826500,1.13946,1.13999,1.13943,1.13986,147,10,0
1782826800,1.13987,1.14005,1.1396600000000001,1.13989,205,10,0
1782827100,1.13987,1.13987,1.1397,1.13982,160,10,0
1782827400,1.13981,1.13994,1.13973,1.13992,133,10,0
1782827700,1.13993,1.14019,1.13975,1.14014,236,10,0
1782828000,1.14016,1.14023,1.14004,1.14013,172,10,0
1782828300,1.14012,1.14014,1.13981,1.13983,158,10,0
1782828600,1.13984,1.1400299999999999,1.1397599999999999,1.13986,106,10,0
1782828900,1.13987,1.1399,1.13954,1.13979,188,10,0
1782829200,1.1398,1.14007,1.13946,1.13972,338,10,0
1782829500,1.13971,1.13977,1.13957,1.13962,238,10,0
1782829800,1.13962,1.13964,1.13907,1.13921,228,10,0
1782830100,1.13922,1.13929,1.1386,1.13871,315,10,0
1782830400,1.1387,1.1398,1.13858,1.13965,313,10,0
1782830700,1.13965,1.1396600000000001,1.13937,1.1396,242,10,0
1782831000,1.1396,1.1396,1.1394199999999999,1.13946,185,10,0
1782831300,1.13944,1.13951,1.1392,1.13925,263,10,0
1782831600,1.13926,1.13935,1.13889,1.13927,237,10,0
1782831900,1.13927,1.13954,1.13922,1.1393,185,10,0
1782832200,1.1393,1.1396,1.13917,1.13953,190,10,0
1782832500,1.13954,1.13958,1.13932,1.13947,230,10,0
1782832800,1.13947,1.13948,1.13888,1.13891,313,10,0
1782833100,1.1389,1.13917,1.1388099999999999,1.13907,206,10,0
1782833400,1.13907,1.13958,1.1389,1.13941,471,10,0
1782833700,1.13941,1.1396,1.13936,1.13939,199,10,0
1782834000,1.13938,1.13983,1.13933,1.13978,220,10,0
1782834300,1.13977,1.13977,1.13929,1.13951,237,10,0
1782834600,1.1395,1.14025,1.13949,1.14017,314,10,0
1782834900,1.14018,1.14018,1.13953,1.13956,240,10,0
1782835200,1.13957,1.1396600000000001,1.1394,1.13948,296,10,0
1782835500,1.13947,1.14008,1.13938,1.14008,171,10,0
1782835800,1.14008,1.14022,1.13986,1.13992,226,10,0
1782836100,1.13992,1.1405,1.13992,1.14047,281,10,0
1782836400,1.14049,1.14065,1.14005,1.14012,233,10,0
1782836700,1.14012,1.14028,1.13996,1.14012,293,10,0
1782837000,1.14015,1.14032,1.13974,1.13984,385,10,0
1782837300,1.13983,1.14005,1.13965,1.1397599999999999,345,10,0
1782837600,1.1398,1.14008,1.13974,1.14005,169,10,0
1782837900,1.14004,1.14008,1.13967,1.1399,293,10,0
1782838200,1.13989,1.14011,1.13974,1.13982,468,10,0
1782838500,1.13983,1.13984,1.13952,1.13957,309,10,0
1782838800,1.13957,1.13973,1.1390500000000001,1.13972,572,10,0
1782839100,1.13971,1.14013,1.13965,1.14012,499,10,0
1782839400,1.14011,1.14062,1.14009,1.1406100000000001,537,10,0
1782839700,1.14062,1.14126,1.14057,1.14093,550,10,0
1782840000,1.14096,1.14155,1.14092,1.1414,395,10,0
1782840300,1.1414,1.14148,1.14116,1.1412499999999999,381,10,0
1782840600,1.14126,1.14158,1.1409799999999999,1.14116,617,10,0
1782840900,1.14116,1.14128,1.14083,1.14107,342,10,0
1782841200,1.14106,1.14192,1.14106,1.14186,399,10,0
1782841500,1.14186,1.14203,1.14154,1.1417,634,10,0
1782841800,1.14171,1.14295,1.14171,1.1428,1038,10,0
1782842100,1.1428099999999999,1.14343,1.14248,1.14325,1361,10,0
1782842400,1.14324,1.14362,1.14259,1.14276,1161,10,0
1782842700,1.14274,1.14309,1.14264,1.14278,498,10,0
1782843000,1.14279,1.14283,1.1425,1.14256,411,10,0
1782843300,1.14254,1.14264,1.14228,1.14239,423,10,0
1782843600,1.1424,1.14243,1.14218,1.14236,311,10,0
1782843900,1.14236,1.1425,1.1421000000000001,1.14211,293,10,0
1782844200,1.14211,1.14255,1.14211,1.14225,279,10,0
1782844500,1.14225,1.14228,1.1418300000000001,1.14191,302,10,0
1782844800,1.14192,1.14201,1.14175,1.14175,174,10,0
1782845100,1.14179,1.14201,1.14165,1.14186,201,10,0
1782845400,1.14186,1.14186,1.14166,1.14173,171,10,0
1782845700,1.14175,1.1419,1.14146,1.14166,247,10,0
1782846000,1.14165,1.14173,1.1412499999999999,1.14126,239,10,0
1782846300,1.14128,1.14151,1.14116,1.14151,188,10,0
1782846600,1.14151,1.14155,1.14135,1.14145,110,10,0
1782846900,1.14145,1.14146,1.14117,1.1413,171,10,0
1782847200,1.14133,1.14156,1.14133,1.14143,135,10,0
1782847500,1.14143,1.14145,1.1412200000000001,1.14143,153,10,0
1782847800,1.14144,1.1414900000000001,1.14128,1.1413,113,10,0
1782848100,1.14131,1.14155,1.14127,1.14154,121,10,0
1782848400,1.14154,1.14169,1.1415,1.1416,209,10,0
1782848700,1.14158,1.14174,1.14157,1.14167,86,10,0
1782849000,1.14167,1.14178,1.1412200000000001,1.1412499999999999,144,10,0
1782849300,1.1412499999999999,1.14143,1.14119,1.14136,168,10,0
1782849600,1.14136,1.14188,1.14136,1.14173,140,10,0
1782849900,1.14173,1.14175,1.14145,1.1415,88,10,0
1782850200,1.1414900000000001,1.14157,1.14139,1.1414,100,10,0
1782850500,1.14141,1.14173,1.14141,1.14171,89,10,0
1782850800,1.14171,1.14171,1.1415,1.14167,117,10,0
1782851100,1.14164,1.14185,1.14162,1.14182,124,10,0
1782851400,1.1418,1.1419,1.14173,1.1418,110,10,0
1782851700,1.14181,1.14181,1.14163,1.14165,81,10,0
1782852000,1.14166,1.14184,1.14163,1.1418300000000001,95,10,0
1782852300,1.1418300000000001,1.14216,1.14181,1.14214,87,10,0
1782852600,1.14215,1.14218,1.14201,1.14205,78,10,0
1782852900,1.14205,1.14211,1.14198,1.14211,66,10,0
1782853200,1.1421000000000001,1.14239,1.14209,1.14239,176,10,0
1782853500,1.1424,1.14264,1.14237,1.14259,160,10,0
1782853800,1.1426,1.14264,1.14249,1.1426,126,10,0
1782854100,1.1426,1.1426,1.14233,1.14249,95,10,0
1782854400,1.14253,1.14265,1.14243,1.14251,87,10,0
1782854700,1.14252,1.1426,1.14246,1.14255,58,10,0
1782855000,1.14255,1.14262,1.1424,1.14245,96,10,0
1782855300,1.14245,1.14251,1.14225,1.14229,93,10,0
1782855600,1.14229,1.14229,1.142,1.14204,99,10,0
1782855900,1.14204,1.1424400000000001,1.14204,1.14242,114,10,0
1782856200,1.14242,1.14259,1.14236,1.14238,135,10,0
1782856500,1.14237,1.14237,1.14189,1.14199,243,10,0
1782856800,1.142,1.14218,1.1419,1.14212,183,10,0
1782857100,1.14212,1.14216,1.1419,1.14198,120,10,0
1782857400,1.14198,1.14216,1.14197,1.14204,84,10,0
1782857700,1.14203,1.14217,1.14194,1.14196,126,10,0
1782858000,1.14197,1.14198,1.14161,1.14165,124,10,0
1782858300,1.14165,1.14172,1.14154,1.14156,131,10,0
1782858600,1.14155,1.14184,1.1414900000000001,1.1418300000000001,169,10,0
1782858900,1.14182,1.14186,1.14179,1.1418300000000001,107,10,0
1782859200,1.14182,1.14186,1.14161,1.14175,95,10,0
1782859500,1.14176,1.1418300000000001,1.14175,1.14181,67,10,0
1782859800,1.1418,1.14181,1.14166,1.14178,112,10,0
1782860100,1.14179,1.14261,1.14179,1.14261,339,10,0
1782860400,1.14261,1.1427,1.14251,1.14266,167,10,0
1782860700,1.14265,1.14265,1.1424400000000001,1.14247,93,10,0
1782861000,1.14246,1.1425,1.1424400000000001,1.14249,59,10,0
1782861300,1.1425,1.14257,1.14234,1.14256,77,10,0
1782861600,1.14254,1.14256,1.14249,1.14249,83,10,0
1782861900,1.14248,1.1425,1.14236,1.1424,68,10,0
1782862200,1.14239,1.1424400000000001,1.1423,1.14236,59,10,0
1782862500,1.14236,1.14236,1.1421999999999999,1.14223,59,10,0
1782862800,1.14224,1.1423,1.14222,1.1423,31,10,0
1782863100,1.14229,1.14229,1.14214,1.14221,52,10,0
1782863400,1.14225,1.14229,1.14214,1.14214,68,10,0
1782863700,1.14212,1.14214,1.14198,1.14204,158,10,0
1782864000,1.14207,1.14207,1.14163,1.14175,12,37,0
1782864300,1.14201,1.14202,1.1418300000000001,1.142,9,43,0
1782864600,1.14198,1.142,1.14195,1.142,13,43,0
1782864900,1.14202,1.14204,1.14202,1.14204,5,46,0
1782865200,1.14204,1.14204,1.14155,1.14166,32,38,0
1782865500,1.14166,1.14199,1.14153,1.14199,12,40,0
1782865800,1.142,1.14203,1.14175,1.14203,12,36,0
1782866100,1.14203,1.14203,1.14201,1.14201,6,38,0
1782866400,1.14201,1.14201,1.14201,1.14201,5,49,0
1782866700,1.14209,1.14213,1.142,1.1421000000000001,15,27,0
1782867000,1.14209,1.14213,1.14207,1.14208,44,38,0
1782867300,1.14212,1.14214,1.14202,1.14202,52,35,0
1782867600,1.14202,1.1421000000000001,1.14199,1.14209,64,11,0
1782867900,1.14217,1.14223,1.14213,1.14223,42,11,0
1782868200,1.14222,1.14222,1.14207,1.14209,53,11,0
1782868500,1.14209,1.14216,1.14209,1.14213,43,11,0
1782868800,1.14213,1.14216,1.14203,1.14206,44,11,0
1782869100,1.14206,1.14211,1.14205,1.14206,22,11,0
1782869400,1.14204,1.14208,1.14202,1.14207,36,10,0
1782869700,1.14207,1.14208,1.14207,1.14208,5,11,0
1782870000,1.14208,1.14209,1.14205,1.14206,32,11,0
1782870300,1.14206,1.14206,1.14184,1.14184,66,10,0
1782870600,1.14185,1.14186,1.14181,1.14185,19,11,0
1782870900,1.14186,1.14195,1.14186,1.14195,19,11,0
1782871200,1.14195,1.14197,1.14184,1.14188,68,10,0
1782871500,1.14187,1.14193,1.14187,1.1419,42,10,0
1782871800,1.1419,1.1419,1.14182,1.14185,27,10,0
1782872100,1.14184,1.14186,1.14184,1.14184,22,11,0
1782872400,1.14185,1.14188,1.14184,1.14184,25,10,0
1782872700,1.14185,1.14185,1.1416,1.14164,39,10,0
1782873000,1.14164,1.14178,1.14164,1.14175,27,10,0
1782873300,1.14174,1.14175,1.1415899999999999,1.1416,72,10,0
1782873600,1.14161,1.14161,1.14144,1.14144,32,10,0
1782873900,1.14144,1.14145,1.14135,1.14136,30,10,0
1782874200,1.14135,1.1414,1.1412499999999999,1.1412499999999999,40,10,0
1782874500,1.14126,1.14131,1.1412,1.14124,65,10,0
1782874800,1.1412499999999999,1.14136,1.14113,1.14131,155,10,0
1782875100,1.14132,1.14135,1.1412,1.14126,131,10,0
1782875400,1.14126,1.14131,1.14121,1.14126,72,10,0
1782875700,1.1412499999999999,1.1412499999999999,1.14097,1.1409799999999999,178,10,0
1782876000,1.14097,1.14117,1.14095,1.14117,140,10,0
1782876300,1.14123,1.14132,1.14121,1.1412200000000001,135,10,0
1782876600,1.14121,1.1412499999999999,1.14115,1.14118,113,10,0
1782876900,1.14118,1.14126,1.14101,1.14121,102,10,0
1782877200,1.14121,1.14121,1.1409,1.14091,104,10,0
1782877500,1.14092,1.14099,1.14084,1.14086,145,10,0
1782877800,1.14085,1.14103,1.1408,1.14086,201,10,0
1782878100,1.1408800000000001,1.14101,1.14082,1.1409,170,10,0
1782878400,1.1408800000000001,1.1409,1.14069,1.14073,172,10,0
1782878700,1.14072,1.14073,1.14046,1.14046,205,10,0
1782879000,1.14046,1.14056,1.14041,1.14047,118,10,0
1782879300,1.14047,1.14077,1.14046,1.14075,152,10,0
1782879600,1.14074,1.14078,1.14059,1.14059,115,10,0
1782879900,1.14059,1.14069,1.14051,1.1406100000000001,179,10,0
1782880200,1.14062,1.14063,1.14045,1.14049,189,10,0
1782880500,1.14049,1.14056,1.14042,1.14052,141,10,0
1782880800,1.14053,1.14056,1.14046,1.14055,115,10,0
1782881100,1.14056,1.14066,1.14032,1.14041,152,10,0
1782881400,1.1404,1.14043,1.14025,1.14026,126,10,0
1782881700,1.14025,1.14043,1.14021,1.14038,163,10,0
1782882000,1.14041,1.14053,1.1403699999999999,1.1403699999999999,138,10,0
1782882300,1.14038,1.14047,1.14031,1.1403699999999999,154,10,0
1782882600,1.1403699999999999,1.14062,1.14031,1.14062,125,10,0
1782882900,1.14062,1.14071,1.1406,1.14066,145,10,0
1782883200,1.14065,1.14075,1.14063,1.14067,98,10,0
1782883500,1.14066,1.14067,1.14034,1.1403699999999999,155,10,0
1782883800,1.14036,1.14048,1.14021,1.14026,125,10,0
1782884100,1.14026,1.14047,1.14025,1.14045,104,10,0
1782884400,1.14043,1.14059,1.14038,1.14049,83,10,0
1782884700,1.14051,1.14066,1.14051,1.14052,77,10,0
1782885000,1.14051,1.14063,1.14049,1.14062,75,10,0
1782885300,1.14062,1.14063,1.14043,1.14051,75,10,0
1782885600,1.1405,1.14063,1.14049,1.1406100000000001,119,10,0
1782885900,1.1406100000000001,1.14074,1.1406100000000001,1.1407,70,10,0
1782886200,1.1407,1.14077,1.14065,1.14066,94,11,0
1782886500,1.14065,1.14069,1.14055,1.14056,104,10,0
1782886800,1.14055,1.14057,1.14045,1.14046,82,10,0
1782887100,1.14045,1.1405,1.1404,1.14046,119,10,0
1782887400,1.14047,1.14052,1.14014,1.14016,132,10,0
1782887700,1.14017,1.14041,1.14016,1.14039,99,10,0
1782888000,1.1403699999999999,1.14046,1.14012,1.14016,90,10,0
1782888300,1.14016,1.1402700000000001,1.14015,1.1402,64,10,0
1782888600,1.1402,1.1402700000000001,1.14018,1.14018,68,10,0
1782888900,1.14018,1.1403699999999999,1.14014,1.14036,102,10,0
1782889200,1.14036,1.1404,1.1402700000000001,1.14032,89,10,0
1782889500,1.14033,1.14033,1.14021,1.14022,49,10,0
1782889800,1.14022,1.14043,1.1402,1.14043,66,10,0
1782890100,1.14043,1.14043,1.14034,1.14034,81,10,0
1782890400,1.14034,1.14041,1.1402700000000001,1.14032,80,10,0
1782890700,1.14031,1.14043,1.14025,1.14041,79,10,0
1782891000,1.14042,1.14082,1.1404,1.14068,179,10,0
1782891300,1.14068,1.14083,1.14067,1.14075,107,10,0
1782891600,1.14076,1.14082,1.14071,1.14076,101,10,0
1782891900,1.14075,1.14102,1.14075,1.14087,126,10,0
1782892200,1.1408800000000001,1.14099,1.14087,1.14092,99,10,0
1782892500,1.14091,1.14093,1.1408,1.14081,89,10,0
1782892800,1.1408,1.14093,1.14068,1.14081,99,10,0
1782893100,1.1408,1.14092,1.1408,1.1408800000000001,82,10,0
1782893400,1.1408800000000001,1.1409,1.1408,1.14086,83,10,0
1782893700,1.14085,1.14092,1.14075,1.14089,130,10,0
1782894000,1.1409,1.14096,1.1408800000000001,1.14089,135,10,0
1782894300,1.14089,1.1409799999999999,1.14086,1.14094,88,10,0
1782894600,1.14093,1.141,1.14085,1.14086,97,10,0
1782894900,1.14085,1.14085,1.1407,1.14078,106,10,0
1782895200,1.14077,1.14099,1.14073,1.14096,93,10,0
1782895500,1.14096,1.14096,1.14072,1.14076,142,10,0
1782895800,1.14075,1.14086,1.14045,1.14046,133,10,0
1782896100,1.14043,1.14055,1.14024,1.14052,240,10,0
1782896400,1.14053,1.1409,1.14051,1.14073,267,10,0
1782896700,1.14072,1.14077,1.14039,1.14043,246,10,0
1782897000,1.14042,1.14042,1.14012,1.1402,188,10,0
1782897300,1.14019,1.14043,1.14015,1.14035,163,10,0
1782897600,1.14039,1.14039,1.14013,1.1403699999999999,138,10,0
1782897900,1.14036,1.14038,1.14018,1.14019,134,10,0
1782898200,1.14019,1.14043,1.14019,1.14035,147,10,0
1782898500,1.14034,1.14043,1.14024,1.1402700000000001,143,10,0
1782898800,1.14026,1.14031,1.13998,1.14014,191,10,0
1782899100,1.14013,1.1403699999999999,1.14011,1.14019,182,10,0
1782899400,1.14021,1.14034,1.14015,1.14034,146,10,0
1782899700,1.14033,1.14034,1.14017,1.14025,247,10,0
1782900000,1.14024,1.1403699999999999,1.13977,1.14019,423,10,0
1782900300,1.14021,1.14022,1.13978,1.13978,221,10,0
1782900600,1.13975,1.1398,1.13956,1.13962,235,10,0
1782900900,1.13959,1.13967,1.13941,1.13945,179,10,0
1782901200,1.13943,1.13955,1.13937,1.13944,144,10,0
1782901500,1.13944,1.13953,1.13927,1.13928,120,10,0
1782901800,1.13927,1.13974,1.13926,1.13963,144,10,0
1782902100,1.13965,1.13982,1.13962,1.13977,156,10,0
1782902400,1.13977,1.13993,1.1397,1.13978,168,10,0
1782902700,1.13978,1.13993,1.13967,1.13972,176,10,0
1782903000,1.13973,1.13992,1.13973,1.13987,159,10,0
1782903300,1.13987,1.14032,1.13987,1.14016,171,10,0
1782903600,1.14015,1.14018,1.13993,1.13994,173,10,0
1782903900,1.13993,1.14017,1.13989,1.14009,111,10,0
1782904200,1.14011,1.14014,1.13992,1.13998,135,10,0
1782904500,1.13997,1.14033,1.13996,1.14016,175,10,0
1782904800,1.14017,1.14018,1.13973,1.13982,192,10,0
1782905100,1.13983,1.13996,1.1395,1.13957,188,10,0
1782905400,1.13955,1.13965,1.13935,1.13965,229,10,0
1782905700,1.13964,1.1398,1.13946,1.13969,200,10,0
1782906000,1.1397,1.13999,1.1397,1.13992,121,10,0
1782906300,1.13993,1.13993,1.13967,1.13975,138,10,0
1782906600,1.1397599999999999,1.14001,1.1397,1.13997,134,10,0
1782906900,1.13997,1.14013,1.13944,1.13955,203,10,0
1782907200,1.13951,1.13991,1.13937,1.13987,213,10,0
1782907500,1.13987,1.13988,1.13934,1.1394,244,10,0
1782907800,1.13941,1.13981,1.13941,1.13973,195,10,0
1782908100,1.13973,1.13973,1.13925,1.13925,218,10,0
1782908400,1.13926,1.13946,1.13926,1.13936,181,10,0
1782908700,1.13935,1.1394,1.13916,1.13919,191,10,0
1782909000,1.13916,1.13916,1.13886,1.13895,303,10,0
1782909300,1.13895,1.13911,1.13877,1.13878,161,10,0
1782909600,1.13877,1.13896,1.13865,1.13887,192,10,0
1782909900,1.13888,1.13889,1.13875,1.13883,160,10,0
1782910200,1.13883,1.13885,1.13846,1.1388,173,10,0
1782910500,1.1388099999999999,1.13887,1.13871,1.13874,90,10,0
1782910800,1.13873,1.13882,1.13857,1.13872,95,10,0
1782911100,1.13873,1.1389,1.13873,1.13882,103,10,0
1782911400,1.1388,1.1389,1.13874,1.13889,82,10,0
1782911700,1.13889,1.13937,1.13889,1.13934,163,10,0
1782912000,1.13934,1.13937,1.13913,1.13914,140,10,0
1782912300,1.13914,1.1394,1.13913,1.1394,105,10,0
1782912600,1.13941,1.13959,1.13936,1.13959,137,10,0
1782912900,1.13959,1.13972,1.13956,1.13967,74,10,0
1782913200,1.1396600000000001,1.13967,1.1395,1.13956,166,10,0
1782913500,1.13955,1.13974,1.13954,1.13973,126,10,0
1782913800,1.13971,1.13992,1.13971,1.13988,111,10,0
1782914100,1.13988,1.13999,1.13971,1.1397599999999999,158,10,0
1782914400,1.1397599999999999,1.13986,1.13933,1.13946,234,10,0
1782914700,1.13947,1.13951,1.1393,1.13943,178,10,0
1782915000,1.13941,1.1395,1.13914,1.13931,168,10,0
1782915300,1.13929,1.1394199999999999,1.1392,1.13941,203,10,0
1782915600,1.13941,1.1394199999999999,1.13926,1.1394,116,10,0
1782915900,1.1394,1.13947,1.13934,1.13946,101,10,0
1782916200,1.13946,1.13947,1.13927,1.13939,138,10,0
1782916500,1.1394,1.13953,1.13935,1.13938,97,10,0
1782916800,1.13938,1.13957,1.13937,1.13948,119,10,0
1782917100,1.13946,1.13947,1.13899,1.139,184,10,0
1782917400,1.13901,1.13929,1.13892,1.13892,217,10,0
1782917700,1.13889,1.139,1.1384400000000001,1.1385,467,10,0
1782918000,1.1385399999999999,1.13875,1.13847,1.13863,259,10,0
1782918300,1.13862,1.13863,1.13816,1.13819,252,10,0
1782918600,1.1381999999999999,1.13827,1.13801,1.13819,247,10,0
1782918900,1.13824,1.13867,1.13823,1.13866,244,10,0
1782919200,1.13865,1.13867,1.13825,1.13831,212,10,0
1782919500,1.1383,1.1384400000000001,1.13805,1.13806,230,10,0
1782919800,1.13806,1.13832,1.13765,1.13765,284,10,0
1782920100,1.13766,1.13767,1.1369,1.13692,470,10,0
1782920400,1.13695,1.13744,1.13685,1.13728,404,10,0
1782920700,1.13728,1.13741,1.13701,1.13734,275,10,0
1782921000,1.13735,1.13747,1.13713,1.13725,271,10,0
1782921300,1.13728,1.13729,1.13701,1.13706,295,10,0
1782921600,1.13707,1.13746,1.137,1.13738,229,10,0
1782921900,1.13738,1.13742,1.13703,1.13738,299,10,0
1782922200,1.13736,1.13737,1.13613,1.13614,895,10,0
1782922500,1.13614,1.13716,1.13613,1.13691,782,10,0
1782922800,1.13691,1.13803,1.13691,1.13796,677,10,0
1782923100,1.13795,1.1387,1.13772,1.13851,735,10,0
1782923400,1.13852,1.1394199999999999,1.1383,1.13892,1145,10,0
1782923700,1.13892,1.13917,1.13845,1.13872,930,10,0
1782924000,1.1387,1.14044,1.13865,1.1403699999999999,720,10,0
1782924300,1.14039,1.14112,1.14021,1.1403699999999999,989,10,0
1782924600,1.1403699999999999,1.14048,1.13973,1.1397599999999999,723,10,0
1782924900,1.13977,1.13986,1.13918,1.13945,562,10,0
1782925200,1.13962,1.1402,1.13911,1.13929,815,10,0
1782925500,1.13928,1.14023,1.1392,1.14022,671,10,0
1782925800,1.14023,1.1405,1.13986,1.13996,597,10,0
1782926100,1.13994,1.13998,1.13932,1.13936,625,10,0
1782926400,1.13937,1.13975,1.13917,1.13919,752,10,0
1782926700,1.1392,1.13935,1.13896,1.13912,489,10,0
1782927000,1.13912,1.1401,1.13901,1.1401,526,10,0
1782927300,1.14009,1.1401,1.1394199999999999,1.13957,501,10,0
1782927600,1.13956,1.13986,1.1393,1.1394,430,10,0
1782927900,1.13941,1.13983,1.13914,1.13917,613,10,0
1782928200,1.13918,1.13918,1.13858,1.13858,565,10,0
1782928500,1.13856,1.13949,1.13842,1.13948,576,10,0
1782928800,1.13949,1.13957,1.1388099999999999,1.13889,736,10,0
1782929100,1.13889,1.13935,1.13856,1.13859,487,10,0
1782929400,1.13859,1.13879,1.13853,1.13868,267,10,0
1782929700,1.13867,1.1387,1.13839,1.13843,314,10,0
1782930000,1.13843,1.13892,1.13842,1.13883,359,10,0
1782930300,1.13883,1.13924,1.13879,1.13919,245,10,0
1782930600,1.13918,1.13938,1.13824,1.13824,482,10,0
1782930900,1.13824,1.13849,1.13809,1.13832,302,10,0
1782931200,1.13832,1.13834,1.13784,1.13797,420,10,0
1782931500,1.13798,1.13827,1.1379,1.13818,312,10,0
1782931800,1.13819,1.13864,1.13817,1.13849,252,10,0
1782932100,1.1385,1.13869,1.13826,1.13832,319,10,0
1782932400,1.13833,1.13921,1.13832,1.13916,406,10,0
1782932700,1.1391499999999999,1.13936,1.13892,1.13896,337,10,0
1782933000,1.13897,1.13909,1.13862,1.13872,348,10,0
1782933300,1.1387,1.13872,1.13828,1.13835,317,10,0
1782933600,1.13836,1.13867,1.13836,1.1385399999999999,346,10,0
1782933900,1.13853,1.13888,1.13845,1.1385,288,10,0
1782934200,1.13851,1.13852,1.1381999999999999,1.13828,223,10,0
1782934500,1.13828,1.13828,1.13802,1.13806,229,10,0
1782934800,1.13806,1.13821,1.13802,1.13809,177,10,0
1782935100,1.13808,1.13831,1.13807,1.13817,169,10,0
1782935400,1.13817,1.13818,1.13797,1.13805,237,10,0
1782935700,1.13806,1.13835,1.1379299999999999,1.13818,268,10,0
1782936000,1.1381999999999999,1.13845,1.13816,1.13825,226,10,0
1782936300,1.13824,1.13838,1.1381999999999999,1.13829,184,10,0
1782936600,1.13828,1.13831,1.13795,1.13796,177,10,0
1782936900,1.13795,1.1383,1.13785,1.13829,147,10,0
1782937200,1.13828,1.13842,1.13821,1.13834,95,10,0
1782937500,1.13833,1.1385399999999999,1.1383,1.1384400000000001,113,10,0
1782937800,1.1384400000000001,1.1385399999999999,1.13838,1.13842,88,10,0
1782938100,1.13842,1.13847,1.13815,1.13819,110,10,0
1782938400,1.13818,1.13823,1.13797,1.13797,108,10,0
1782938700,1.13795,1.13822,1.13792,1.13816,112,10,0
1782939000,1.13816,1.13821,1.13797,1.13798,134,10,0
1782939300,1.13799,1.13808,1.13792,1.13804,160,10,0
1782939600,1.13806,1.13824,1.138,1.13806,204,10,0
1782939900,1.13807,1.13807,1.13782,1.1378300000000001,146,10,0
1782940200,1.13782,1.13788,1.13773,1.13784,131,10,0
1782940500,1.13782,1.13782,1.13752,1.13758,97,10,0
1782940800,1.1375899999999999,1.13773,1.13748,1.1376,148,10,0
1782941100,1.1375899999999999,1.13769,1.1375,1.13768,139,10,0
1782941400,1.13769,1.13784,1.13757,1.13774,129,10,0
1782941700,1.13774,1.13785,1.1377,1.1378300000000001,93,10,0
1782942000,1.1378300000000001,1.1379299999999999,1.13773,1.1379,175,10,0
1782942300,1.1379,1.13791,1.13778,1.13778,113,10,0
1782942600,1.13779,1.13785,1.13772,1.13779,123,10,0
1782942900,1.13778,1.13799,1.13778,1.13794,113,10,0
1782943200,1.13794,1.13812,1.13794,1.138,129,10,0
1782943500,1.13798,1.13805,1.13796,1.13804,64,10,0
1782943800,1.13804,1.13805,1.13788,1.1379,65,10,0
1782944100,1.1379,1.13795,1.13773,1.13775,93,10,0
1782944400,1.13776,1.13782,1.1377,1.13774,88,10,0
1782944700,1.13775,1.13794,1.13772,1.13791,98,10,0
1782945000,1.13791,1.13798,1.13781,1.1379299999999999,91,10,0
1782945300,1.13794,1.138,1.1379,1.13799,56,10,0
1782945600,1.13798,1.13798,1.13788,1.13798,78,10,0
1782945900,1.13798,1.13805,1.13791,1.13803,100,10,0
1782946200,1.13804,1.13805,1.13773,1.13774,212,10,0
1782946500,1.13775,1.13791,1.13773,1.13784,230,10,0
1782946800,1.13782,1.13789,1.13778,1.1378300000000001,167,10,0
1782947100,1.13782,1.13784,1.13771,1.13771,99,10,0
1782947400,1.13772,1.13777,1.13769,1.13773,62,10,0
1782947700,1.13774,1.13778,1.13758,1.1375899999999999,99,10,0
1782948000,1.1376,1.13771,1.13755,1.13767,71,10,0
1782948300,1.13767,1.13767,1.13757,1.1376,56,10,0
1782948600,1.1376,1.13768,1.13753,1.13754,56,10,0
1782948900,1.13755,1.13761,1.13753,1.13758,59,10,0
1782949200,1.13758,1.13758,1.13737,1.13741,67,10,0
1782949500,1.13742,1.13757,1.13735,1.13757,80,10,0
1782949800,1.13758,1.13769,1.13758,1.13761,45,10,0
1782950100,1.1376,1.1378,1.13751,1.13762,215,10,0
1782950400,1.13762,1.13762,1.13738,1.1375899999999999,8,17,0
1782950700,1.13755,1.13772,1.13753,1.13772,14,37,0
1782951000,1.13772,1.1378,1.13771,1.13771,14,20,0
1782951300,1.13771,1.13778,1.13771,1.13772,9,24,0
1782951600,1.13774,1.13774,1.13774,1.13774,5,23,0
1782951900,1.13772,1.13781,1.13771,1.13781,10,17,0
1782952200,1.13784,1.13786,1.1378,1.1378,7,17,0
1782952500,1.1378,1.1378,1.1378,1.1378,5,21,0
1782952800,1.1378,1.1378,1.13779,1.13779,4,23,0
1782953100,1.13781,1.13781,1.13777,1.13778,6,22,0
1782953400,1.13778,1.13778,1.13777,1.13777,6,24,0
1782953700,1.13777,1.13781,1.13774,1.13774,9,20,0
1782954000,1.13774,1.13784,1.13767,1.13768,47,10,0
1782954300,1.13769,1.13782,1.13768,1.13777,34,10,0
1782954600,1.13778,1.13781,1.13775,1.13776,39,10,0
1782954900,1.13776,1.13782,1.13772,1.13782,35,11,0
1782955200,1.1378300000000001,1.13791,1.1378300000000001,1.13791,18,10,0
1782955500,1.1379,1.1379,1.13785,1.13786,12,11,0
1782955800,1.13786,1.1379,1.13779,1.13788,60,11,0
1782956100,1.13788,1.1379,1.13787,1.13789,28,11,0
1782956400,1.13789,1.1379,1.13787,1.13788,32,11,0
1782956700,1.13787,1.13787,1.13782,1.13784,42,10,0
1782957000,1.1378300000000001,1.13784,1.13779,1.1378,15,10,0
1782957300,1.13779,1.13784,1.13778,1.13784,10,11,0
1782957600,1.13784,1.13784,1.13781,1.13782,19,10,0
1782957900,1.13782,1.1378300000000001,1.13779,1.13779,29,10,0
1782958200,1.1378,1.1378,1.13774,1.13779,15,10,0
1782958500,1.13779,1.13779,1.1377,1.13774,27,10,0
1782958800,1.13773,1.13781,1.13771,1.13775,26,10,0
1782959100,1.13775,1.13777,1.13774,1.13775,13,10,0
1782959400,1.13776,1.13777,1.13772,1.13776,30,10,0
1782959700,1.13775,1.13777,1.13772,1.13774,29,10,0
1782960000,1.13775,1.13779,1.13771,1.13779,25,10,0
1782960300,1.13779,1.1378,1.13771,1.13774,32,10,0
1782960600,1.13773,1.13775,1.13767,1.13775,61,10,0
1782960900,1.13774,1.1378,1.13769,1.1377,61,10,0
1782961200,1.1377,1.13792,1.13757,1.13788,214,10,0
1782961500,1.13788,1.13828,1.13785,1.13815,186,10,0
1782961800,1.13816,1.13818,1.13797,1.13801,149,10,0
1782962100,1.138,1.138,1.13773,1.13774,147,10,0
1782962400,1.13773,1.13785,1.13772,1.1378300000000001,101,10,0
1782962700,1.13782,1.13782,1.1376,1.13763,127,10,0
1782963000,1.13765,1.13766,1.13746,1.13746,141,10,0
1782963300,1.13747,1.13762,1.13747,1.13761,127,10,0
1782963600,1.1375899999999999,1.13782,1.13758,1.1377,104,10,0
1782963900,1.13768,1.13791,1.13768,1.13788,121,10,0
1782964200,1.13786,1.13786,1.13769,1.13774,189,10,0
1782964500,1.13773,1.13773,1.13753,1.13761,103,10,0
1782964800,1.1376,1.13784,1.13758,1.13777,122,10,0
1782965100,1.13777,1.1379,1.13772,1.13785,123,10,0
1782965400,1.13784,1.13796,1.13771,1.1379,116,10,0
1782965700,1.1379,1.13791,1.13771,1.1378300000000001,183,10,0
1782966000,1.13782,1.13798,1.13778,1.13791,74,10,0
1782966300,1.13791,1.1379299999999999,1.13776,1.13787,116,10,0
1782966600,1.13788,1.13789,1.13769,1.13778,187,10,0
1782966900,1.13777,1.13808,1.13774,1.13808,82,10,0
1782967200,1.13809,1.13825,1.13807,1.13808,109,10,0
1782967500,1.13807,1.13848,1.13802,1.13846,127,10,0
1782967800,1.13843,1.13853,1.13827,1.13832,125,10,0
1782968100,1.13831,1.13831,1.13804,1.13811,177,10,0
1782968400,1.1381000000000001,1.13836,1.1381000000000001,1.13834,141,10,0
1782968700,1.13833,1.13843,1.13829,1.13835,114,10,0
1782969000,1.13833,1.13861,1.13828,1.13861,91,10,0
1782969300,1.1386,1.13879,1.13856,1.13877,137,10,0
1782969600,1.13876,1.13876,1.13845,1.13846,119,10,0
1782969900,1.13847,1.13847,1.13835,1.13846,85,10,0
1782970200,1.13846,1.1386,1.1384400000000001,1.13857,83,10,0
1782970500,1.13856,1.13856,1.13842,1.13842,85,10,0
1782970800,1.1384,1.13847,1.13835,1.1384,78,10,0
1782971100,1.1384,1.13845,1.1383,1.13831,66,10,0
1782971400,1.1383,1.13843,1.1381999999999999,1.13828,90,10,0
1782971700,1.13829,1.13829,1.13806,1.13816,111,10,0
1782972000,1.13817,1.13828,1.13808,1.13808,119,10,0
1782972300,1.13808,1.13816,1.138,1.13801,119,10,0
1782972600,1.13801,1.13802,1.13784,1.13791,112,10,0
1782972900,1.13792,1.138,1.1378,1.13781,90,10,0
1782973200,1.13782,1.13786,1.13776,1.13781,53,10,0
1782973500,1.13781,1.13796,1.13776,1.13796,75,10,0
1782973800,1.13797,1.13808,1.13795,1.13796,104,10,0
1782974100,1.13792,1.13801,1.13786,1.13795,105,10,0
1782974400,1.13795,1.13807,1.13795,1.13803,54,10,0
1782974700,1.13802,1.13804,1.1379299999999999,1.13801,73,10,0
1782975000,1.13802,1.13807,1.13787,1.1379,105,10,0
1782975300,1.1379,1.1381999999999999,1.13789,1.13818,174,10,0
1782975600,1.13818,1.13868,1.13818,1.13832,252,10,0
1782975900,1.13834,1.13866,1.13832,1.1386,139,10,0
1782976200,1.13861,1.13864,1.13843,1.13853,110,10,0
1782976500,1.13852,1.13855,1.13843,1.1385,46,10,0
1782976800,1.13851,1.13857,1.13834,1.1384400000000001,100,10,0
1782977100,1.1384400000000001,1.13852,1.1384,1.13841,67,10,0
1782977400,1.13841,1.13858,1.13839,1.13856,75,10,0
1782977700,1.13856,1.13859,1.13849,1.13856,110,10,0
1782978000,1.13855,1.13856,1.1385,1.13853,68,10,0
1782978300,1.13852,1.13856,1.13849,1.1385,45,10,0
1782978600,1.13852,1.13878,1.1385,1.13865,121,10,0
1782978900,1.13866,1.13871,1.13859,1.13862,147,10,0
1782979200,1.13861,1.13874,1.13861,1.13864,144,10,0
1782979500,1.13865,1.1388099999999999,1.1385,1.13867,154,10,0
1782979800,1.13866,1.13872,1.13855,1.13859,125,10,0
1782980100,1.13858,1.13861,1.1385,1.13855,81,10,0
1782980400,1.13855,1.13862,1.13851,1.13859,63,10,0
1782980700,1.1386,1.1386,1.13834,1.13841,104,10,0
1782981000,1.1384,1.1384,1.1381000000000001,1.13825,130,10,0
1782981300,1.13825,1.13831,1.13818,1.1381999999999999,103,10,0
1782981600,1.13821,1.13848,1.13821,1.13834,116,10,0
1782981900,1.13835,1.13847,1.13831,1.13835,62,10,0
1782982200,1.13836,1.13853,1.13836,1.13836,110,10,0
1782982500,1.13837,1.13857,1.13829,1.13853,143,10,0
1782982800,1.13852,1.1389,1.1385,1.13882,244,10,0
1782983100,1.13882,1.13912,1.13869,1.13872,234,10,0
1782983400,1.13873,1.1391,1.13873,1.13886,239,10,0
1782983700,1.13887,1.13889,1.13857,1.13871,266,10,0
1782984000,1.1387,1.13883,1.13859,1.13873,222,10,0
1782984300,1.13872,1.13882,1.13862,1.1387,205,10,0
1782984600,1.13872,1.13885,1.13864,1.1388,166,10,0
1782984900,1.1388099999999999,1.13889,1.13874,1.13882,168,10,0
1782985200,1.13882,1.1391,1.13879,1.13908,201,10,0
1782985500,1.13909,1.13994,1.13902,1.13987,488,10,0
1782985800,1.1399,1.14039,1.13939,1.1394,920,10,0
1782986100,1.13939,1.13969,1.13937,1.13941,292,10,0
1782986400,1.13944,1.13944,1.13912,1.13925,408,10,0
1782986700,1.13926,1.1394,1.139,1.13937,310,10,0
1782987000,1.13937,1.13967,1.13926,1.13949,236,10,0
1782987300,1.1395,1.1396600000000001,1.13925,1.13941,264,10,0
1782987600,1.1394,1.13991,1.13939,1.13986,220,10,0
1782987900,1.13986,1.1401,1.13972,1.14001,285,10,0
1782988200,1.14002,1.14009,1.13964,1.13968,260,10,0
1782988500,1.13969,1.14017,1.13955,1.14015,253,10,0
1782988800,1.14016,1.14067,1.14015,1.1405,332,10,0
1782989100,1.14051,1.14052,1.1402,1.14041,300,10,0
1782989400,1.1404,1.14089,1.1402700000000001,1.14087,288,10,0
1782989700,1.14087,1.1408800000000001,1.1406100000000001,1.14073,313,10,0
1782990000,1.14072,1.14145,1.1406399999999999,1.14134,463,10,0
1782990300,1.14136,1.14176,1.1412200000000001,1.14143,467,10,0
1782990600,1.14144,1.14174,1.14144,1.14165,420,10,0
1782990900,1.14164,1.14174,1.14146,1.14165,420,10,0
1782991200,1.14166,1.14182,1.14144,1.14145,361,10,0
1782991500,1.14147,1.14168,1.1413,1.1416,480,10,0
1782991800,1.1415899999999999,1.1416,1.14123,1.14154,350,10,0
1782992100,1.14153,1.14171,1.14135,1.1415899999999999,331,10,0
1782992400,1.14158,1.14194,1.1414900000000001,1.1416,279,10,0
1782992700,1.14161,1.14205,1.14151,1.14196,378,10,0
1782993000,1.14196,1.14201,1.14169,1.14173,283,10,0
1782993300,1.14172,1.14199,1.14162,1.14194,207,10,0
1782993600,1.14196,1.14207,1.14143,1.14144,319,10,0
1782993900,1.14144,1.14151,1.14097,1.1411,303,10,0
1782994200,1.14113,1.14135,1.14105,1.14126,175,10,0
1782994500,1.1412499999999999,1.14157,1.14124,1.14145,204,10,0
1782994800,1.14146,1.14153,1.14117,1.14135,199,10,0
1782995100,1.14132,1.14132,1.1408800000000001,1.14091,200,10,0
1782995400,1.14091,1.14104,1.14085,1.14104,139,10,0
1782995700,1.14105,1.14136,1.14105,1.1412200000000001,204,10,0
1782996000,1.14123,1.14135,1.14109,1.14118,173,10,0
1782996300,1.14118,1.14132,1.14108,1.14123,187,10,0
1782996600,1.1412200000000001,1.14143,1.14109,1.14109,216,10,0
1782996900,1.14108,1.14139,1.14093,1.14093,291,10,0
1782997200,1.14089,1.14106,1.14073,1.14078,283,10,0
1782997500,1.14078,1.14095,1.14075,1.14086,299,10,0
1782997800,1.14085,1.1409,1.14068,1.14069,100,10,0
1782998100,1.14071,1.14074,1.14059,1.1406399999999999,114,10,0
1782998400,1.14063,1.14065,1.14045,1.14055,269,10,0
1782998700,1.14056,1.14076,1.14051,1.14066,223,10,0
1782999000,1.14066,1.14066,1.14045,1.14058,195,10,0
1782999300,1.14059,1.14063,1.14026,1.14041,202,10,0
1782999600,1.1404,1.1406100000000001,1.14039,1.14054,156,10,0
1782999900,1.14053,1.14081,1.14053,1.14067,128,10,0
1783000200,1.14067,1.14096,1.1406100000000001,1.14095,84,10,0
1783000500,1.14094,1.14109,1.1406399999999999,1.14099,166,10,0
1783000800,1.141,1.14102,1.14078,1.14089,219,10,0
1783001100,1.14087,1.14092,1.14066,1.14092,194,10,0
1783001400,1.14092,1.14112,1.14092,1.14096,217,10,0
1783001700,1.14097,1.14142,1.14096,1.14141,156,10,0
1783002000,1.1414,1.1414,1.1412200000000001,1.1413,172,10,0
1783002300,1.14128,1.14134,1.14109,1.14127,202,10,0
1783002600,1.14127,1.1414,1.14112,1.14117,174,10,0
1783002900,1.14118,1.1412,1.14104,1.14109,140,10,0
1783003200,1.14109,1.1411,1.1407,1.14073,157,10,0
1783003500,1.14074,1.14079,1.1405,1.14056,179,10,0
1783003800,1.14057,1.1406100000000001,1.14019,1.14023,167,10,0
1783004100,1.14019,1.14035,1.1400000000000001,1.14034,276,10,0
1783004400,1.14033,1.14042,1.1400000000000001,1.1402700000000001,298,10,0
1783004700,1.14026,1.14034,1.13978,1.1398,296,10,0
1783005000,1.13983,1.14006,1.13981,1.13982,216,10,0
1783005300,1.13983,1.13994,1.13951,1.13952,292,10,0
1783005600,1.13951,1.13988,1.13949,1.13987,308,10,0
1783005900,1.13988,1.14009,1.13984,1.13987,344,10,0
1783006200,1.13983,1.14505,1.1397,1.14493,1983,10,0
1783006500,1.14492,1.14621,1.14481,1.1461999999999999,1601,10,0
1783006800,1.14621,1.14713,1.1456,1.1471,1526,10,0
1783007100,1.1471,1.14722,1.14547,1.14582,1296,10,0
1783007400,1.14578,1.14624,1.1453,1.14554,1168,10,0
1783007700,1.14554,1.14563,1.14478,1.1451,896,10,0
1783008000,1.14509,1.14548,1.1445,1.14546,1047,10,0
1783008300,1.14544,1.14548,1.1444,1.14446,869,10,0
1783008600,1.14448,1.1452499999999999,1.14446,1.14491,812,10,0
1783008900,1.14491,1.14495,1.14452,1.14487,635,10,0
1783009200,1.14486,1.14486,1.14411,1.14422,697,10,0
1783009500,1.14422,1.14442,1.1438,1.14406,695,10,0
1783009800,1.14405,1.14513,1.1439,1.14484,1050,10,0
1783010100,1.14483,1.1451,1.14422,1.14458,894,10,0
1783010400,1.14457,1.14495,1.14422,1.14471,804,10,0
1783010700,1.14472,1.14508,1.14457,1.1448,759,10,0
1783011000,1.1448,1.14532,1.14472,1.14482,486,10,0
1783011300,1.14485,1.14528,1.14478,1.145,462,10,0
1783011600,1.14503,1.14514,1.14432,1.14447,538,10,0
1783011900,1.14448,1.14545,1.14439,1.14521,500,10,0
1783012200,1.14522,1.14578,1.14492,1.14561,754,10,0
1783012500,1.1456,1.1457600000000001,1.1453,1.14542,630,10,0
1783012800,1.14541,1.14547,1.1448,1.14491,568,10,0
1783013100,1.14492,1.14502,1.14416,1.14421,615,10,0
1783013400,1.14421,1.14449,1.1439,1.14397,594,10,0
1783013700,1.14397,1.1442,1.14371,1.14372,618,10,0
1783014000,1.14373,1.14381,1.1433200000000001,1.14351,585,10,0
1783014300,1.14352,1.14408,1.1434199999999999,1.14398,417,10,0
1783014600,1.14398,1.1443,1.14387,1.14388,376,10,0
1783014900,1.14395,1.14441,1.14395,1.14434,550,10,0
1783015200,1.14435,1.14469,1.1439300000000001,1.14443,769,10,0
1783015500,1.14443,1.14472,1.14421,1.14465,649,10,0
1783015800,1.14466,1.14472,1.14441,1.14444,436,10,0
1783016100,1.14445,1.14448,1.14401,1.1442700000000001,491,10,0
1783016400,1.14428,1.14475,1.14425,1.14439,386,10,0
1783016700,1.14439,1.14456,1.14401,1.14402,312,10,0
1783017000,1.14402,1.14483,1.14402,1.14467,390,10,0
1783017300,1.14468,1.14492,1.1446399999999999,1.1446399999999999,375,10,0
1783017600,1.14467,1.14468,1.1443,1.14441,425,10,0
1783017900,1.14443,1.14453,1.14426,1.1442700000000001,375,10,0
1783018200,1.14428,1.14445,1.14416,1.14441,297,10,0
1783018500,1.14445,1.14474,1.14445,1.14469,269,10,0
1783018800,1.14471,1.14477,1.14435,1.1446,463,10,0
1783019100,1.14463,1.14463,1.14409,1.14428,380,10,0
1783019400,1.14429,1.14445,1.1440299999999999,1.14426,286,10,0
1783019700,1.14426,1.14429,1.14377,1.14378,163,10,0
1783020000,1.14378,1.14388,1.14369,1.1437599999999999,206,10,0
1783020300,1.1437599999999999,1.1439300000000001,1.14355,1.14359,273,10,0
1783020600,1.14359,1.1437,1.14349,1.14357,193,10,0
1783020900,1.14357,1.14375,1.14348,1.14362,210,10,0
1783021200,1.14362,1.14394,1.14353,1.14389,178,10,0
1783021500,1.14389,1.14404,1.14387,1.1439300000000001,152,10,0
1783021800,1.1439300000000001,1.14395,1.14372,1.14378,245,10,0
1783022100,1.14379,1.14398,1.14365,1.14374,195,10,0
1783022400,1.14372,1.14372,1.14343,1.14346,267,10,0
1783022700,1.14345,1.14353,1.14318,1.14335,195,10,0
1783023000,1.14335,1.14355,1.14335,1.1434199999999999,155,10,0
1783023300,1.14341,1.14343,1.14318,1.14335,135,10,0
1783023600,1.14335,1.14345,1.14319,1.14325,121,10,0
1783023900,1.14326,1.14326,1.14292,1.14308,179,10,0
1783024200,1.14308,1.1433,1.14306,1.14309,151,10,0
1783024500,1.14307,1.1431,1.14294,1.14294,145,10,0
1783024800,1.14298,1.14301,1.14288,1.14289,182,10,0
1783025100,1.14289,1.14311,1.14284,1.14295,212,10,0
1783025400,1.14292,1.14314,1.14283,1.14308,220,10,0
1783025700,1.14309,1.1431499999999999,1.14291,1.143,182,10,0
1783026000,1.143,1.14333,1.14297,1.14328,167,10,0
1783026300,1.14329,1.14356,1.14329,1.14355,230,10,0
1783026600,1.14355,1.14359,1.14312,1.14313,224,10,0
1783026900,1.14314,1.14324,1.14289,1.14299,176,10,0
1783027200,1.14298,1.14316,1.14296,1.1431499999999999,75,10,0
1783027500,1.1431499999999999,1.1434199999999999,1.14314,1.14327,127,10,0
1783027800,1.14326,1.14365,1.14319,1.14354,184,10,0
1783028100,1.14355,1.14358,1.14346,1.1435,176,10,0
1783028400,1.14349,1.14349,1.14325,1.14325,127,10,0
1783028700,1.14325,1.14331,1.14319,1.14331,101,10,0
1783029000,1.1433,1.14336,1.14322,1.14327,95,10,0
1783029300,1.14326,1.14333,1.1432,1.14325,148,10,0
1783029600,1.14324,1.14334,1.14298,1.14301,160,10,0
1783029900,1.14304,1.14328,1.14304,1.14328,116,10,0
1783030200,1.14329,1.14329,1.14311,1.14318,111,10,0
1783030500,1.14317,1.1432,1.14303,1.14304,96,10,0
1783030800,1.1430500000000001,1.1430500000000001,1.14288,1.1429,105,10,0
1783031100,1.14289,1.14298,1.14285,1.14289,81,10,0
1783031400,1.1429,1.1430500000000001,1.14284,1.14288,106,10,0
1783031700,1.14287,1.14288,1.14272,1.14278,89,10,0
1783032000,1.14279,1.14289,1.14278,1.14284,93,10,0
1783032300,1.14284,1.14288,1.14257,1.14263,158,10,0
1783032600,1.14264,1.14297,1.14264,1.14295,179,10,0
1783032900,1.14296,1.14314,1.14295,1.14303,184,10,0
1783033200,1.14303,1.14311,1.1429,1.14311,127,10,0
1783033500,1.14312,1.14321,1.14311,1.14321,43,10,0
1783033800,1.1432,1.1432,1.14316,1.14317,12,10,0
1783034100,1.14317,1.14335,1.14317,1.14335,43,10,0
1783034400,1.14336,1.14346,1.14336,1.14346,20,10,0
1783034700,1.14346,1.14351,1.14343,1.14343,34,10,0
1783035000,1.14344,1.14344,1.14334,1.14336,46,10,0
1783035300,1.14337,1.14338,1.14329,1.14329,41,10,0
1783035600,1.14326,1.14326,1.14322,1.14324,28,10,0
1783035900,1.14325,1.14345,1.14325,1.14341,36,10,0
1783036200,1.1434199999999999,1.1435,1.14334,1.14336,66,10,0
1783036500,1.14336,1.14337,1.14285,1.14298,166,11,0
1783036800,1.14295,1.14295,1.14249,1.14249,7,66,0
1783037100,1.14246,1.143,1.14246,1.14299,15,83,0
1783037400,1.14295,1.14317,1.1429,1.14293,37,56,0
1783037700,1.14288,1.14311,1.14288,1.14302,29,31,0
1783038000,1.14303,1.14333,1.14303,1.14333,30,26,0
1783038300,1.14333,1.14333,1.14329,1.14329,9,48,0
1783038600,1.14327,1.14329,1.1431499999999999,1.14317,33,44,0
1783038900,1.14317,1.14317,1.14316,1.14316,12,45,0
1783039200,1.14317,1.14317,1.14308,1.14309,14,30,0
1783039500,1.1431,1.14311,1.14298,1.14299,23,26,0
1783039800,1.14298,1.14299,1.14298,1.14298,6,31,0
1783040100,1.14299,1.14328,1.14299,1.14328,13,26,0
1783040400,1.14329,1.14348,1.14328,1.14346,65,11,0
1783040700,1.1434,1.1434199999999999,1.14333,1.14333,22,11,0
1783041000,1.14334,1.14338,1.1433,1.14331,40,11,0
1783041300,1.1433,1.14331,1.14322,1.14327,66,11,0
1783041600,1.14327,1.14328,1.14318,1.14319,37,11,0
1783041900,1.14319,1.14319,1.1430500000000001,1.1431,47,11,0
1783042200,1.14306,1.1431,1.14299,1.14299,118,10,0
1783042500,1.143,1.1430500000000001,1.14295,1.14296,66,11,0
1783042800,1.14296,1.14297,1.14274,1.14285,65,10,0
1783043100,1.14284,1.14289,1.14275,1.14283,49,10,0
1783043400,1.1428099999999999,1.1428099999999999,1.14273,1.14273,49,10,0
1783043700,1.14273,1.14286,1.14273,1.14284,46,10,0
1783044000,1.14285,1.14286,1.14277,1.14279,54,10,0
1783044300,1.1428,1.14289,1.14279,1.14279,48,10,0
1783044600,1.14279,1.14288,1.14274,1.14275,52,10,0
1783044900,1.14276,1.14285,1.14276,1.14285,53,10,0
1783045200,1.14286,1.14295,1.14282,1.14295,57,10,0
1783045500,1.14295,1.14299,1.14295,1.14295,30,10,0
1783045800,1.14294,1.14294,1.1427100000000001,1.14272,67,10,0
1783046100,1.14272,1.14272,1.14234,1.14241,105,10,0
1783046400,1.14241,1.14258,1.1424,1.14255,97,10,0
1783046700,1.14254,1.14262,1.14245,1.14249,90,10,0
1783047000,1.14249,1.14251,1.14225,1.14229,96,10,0
1783047300,1.1423,1.1423,1.14213,1.14219,106,10,0
1783047600,1.14219,1.1424,1.14216,1.14223,321,10,0
1783047900,1.14222,1.14223,1.14202,1.14208,141,10,0
1783048200,1.14208,1.14226,1.14203,1.14216,163,10,0
1783048500,1.14215,1.14221,1.14201,1.14221,138,10,0
1783048800,1.14223,1.14226,1.14211,1.14223,72,10,0
1783049100,1.14223,1.14229,1.14211,1.14216,135,10,0
1783049400,1.14215,1.14218,1.14202,1.14205,171,10,0
1783049700,1.14208,1.14216,1.14206,1.1421000000000001,133,10,0
1783050000,1.14211,1.14216,1.14204,1.14216,70,10,0
1783050300,1.14216,1.14241,1.14215,1.14233,98,10,0
1783050600,1.14232,1.14274,1.14229,1.14274,186,10,0
1783050900,1.1427100000000001,1.14303,1.14254,1.14302,208,10,0
1783051200,1.14303,1.14334,1.14297,1.14329,265,10,0
1783051500,1.14329,1.14335,1.14298,1.14326,277,10,0
1783051800,1.14326,1.14368,1.14323,1.14368,273,10,0
1783052100,1.14369,1.14415,1.14364,1.14414,286,10,0
1783052400,1.14415,1.14441,1.14409,1.14435,267,10,0
1783052700,1.14435,1.14436,1.14387,1.14388,245,10,0
1783053000,1.14388,1.14415,1.14375,1.14415,249,10,0
1783053300,1.14418,1.14425,1.14378,1.14385,233,10,0
1783053600,1.14386,1.1441,1.14384,1.14404,193,10,0
1783053900,1.14401,1.14402,1.14368,1.1437599999999999,171,10,0
1783054200,1.1437599999999999,1.14379,1.14357,1.14373,214,10,0
1783054500,1.14372,1.14379,1.14359,1.14365,149,10,0
1783054800,1.14365,1.1437,1.14354,1.14359,148,10,0
1783055100,1.14359,1.1441,1.14359,1.1441,139,10,0
1783055400,1.14414,1.14419,1.14395,1.14401,145,10,0
1783055700,1.14401,1.14428,1.14401,1.14414,131,10,0
1783056000,1.14415,1.14428,1.14406,1.14425,121,10,0
1783056300,1.14424,1.1444,1.14413,1.14435,115,10,0
1783056600,1.14436,1.14443,1.1441,1.14411,126,10,0
1783056900,1.1441,1.14431,1.14408,1.14429,150,10,0
1783057200,1.14428,1.14436,1.14413,1.14428,146,10,0
1783057500,1.14429,1.14432,1.1441,1.14413,106,10,0
1783057800,1.14412,1.14429,1.14412,1.14419,74,10,0
1783058100,1.1442,1.1442700000000001,1.14382,1.14392,158,10,0
1783058400,1.14391,1.14398,1.14383,1.14384,103,10,0
1783058700,1.14382,1.14386,1.14373,1.14374,99,10,0
1783059000,1.14375,1.14394,1.14373,1.14394,82,10,0
1783059300,1.14394,1.14395,1.14381,1.14383,81,10,0
1783059600,1.14384,1.1439,1.14373,1.14375,74,10,0
1783059900,1.1437599999999999,1.14386,1.14363,1.14385,117,10,0
1783060200,1.14385,1.14388,1.14369,1.14383,120,10,0
1783060500,1.14382,1.14402,1.14382,1.14391,109,10,0
1783060800,1.14392,1.14404,1.14388,1.14392,84,10,0
1783061100,1.14391,1.14399,1.14385,1.14395,86,10,0
1783061400,1.14397,1.14405,1.14389,1.14396,101,10,0
1783061700,1.14396,1.1441,1.14396,1.14405,82,10,0
1783062000,1.14406,1.14406,1.14386,1.1439,71,10,0
1783062300,1.14389,1.14405,1.14388,1.14402,55,10,0
1783062600,1.14401,1.1442,1.14396,1.14418,57,10,0
1783062900,1.14419,1.14428,1.14417,1.14424,77,10,0
1783063200,1.14424,1.14425,1.14413,1.14413,56,10,0
1783063500,1.14415,1.14424,1.14414,1.14417,53,10,0
1783063800,1.14418,1.14422,1.14412,1.14418,67,10,0
1783064100,1.14419,1.14434,1.14418,1.14433,56,10,0
1783064400,1.14433,1.1445,1.14433,1.14443,76,10,0
1783064700,1.14444,1.1445,1.14438,1.14441,93,10,0
1783065000,1.1444,1.14449,1.14438,1.1444,66,10,0
1783065300,1.14438,1.14456,1.14433,1.14456,71,10,0
1783065600,1.14455,1.14495,1.1445,1.14486,201,10,0
1783065900,1.14487,1.1453,1.14484,1.14508,162,10,0
1783066200,1.14507,1.1452,1.14489,1.14519,177,10,0
1783066500,1.1452,1.14544,1.14519,1.14526,127,10,0
1783066800,1.14526,1.14526,1.14499,1.1451,119,10,0
1783067100,1.1451,1.14517,1.14508,1.1451500000000001,62,10,0
1783067400,1.14516,1.14527,1.1451500000000001,1.1452499999999999,46,10,0
1783067700,1.1452499999999999,1.14532,1.14503,1.14505,82,10,0
1783068000,1.14505,1.14519,1.14497,1.14519,120,10,0
1783068300,1.14521,1.14522,1.14512,1.14519,93,10,0
1783068600,1.14518,1.14534,1.14509,1.14532,83,10,0
1783068900,1.1452499999999999,1.1452499999999999,1.14461,1.14483,255,10,0
1783069200,1.14481,1.14503,1.14477,1.14493,260,10,0
1783069500,1.14492,1.14526,1.14491,1.14521,255,10,0
1783069800,1.1452,1.14536,1.145,1.14536,150,10,0
1783070100,1.14537,1.14578,1.14535,1.14575,136,10,0
1783070400,1.1457600000000001,1.1457600000000001,1.14508,1.14508,216,10,0
1783070700,1.14508,1.14546,1.14508,1.14524,162,10,0
1783071000,1.14524,1.14612,1.14521,1.14598,430,10,0
1783071300,1.14597,1.14617,1.14583,1.14605,435,10,0
1783071600,1.14603,1.14606,1.1457600000000001,1.14591,295,10,0
1783071900,1.1459,1.14602,1.14585,1.14587,271,10,0
1783072200,1.14588,1.14589,1.14551,1.14556,238,10,0
1783072500,1.14556,1.14556,1.14512,1.14536,185,10,0
1783072800,1.14534,1.14543,1.14516,1.14528,344,10,0
1783073100,1.14526,1.14532,1.14517,1.14532,149,10,0
1783073400,1.14532,1.14542,1.14523,1.14536,179,10,0
1783073700,1.14532,1.14533,1.14516,1.14517,165,10,0
1783074000,1.14516,1.14539,1.14504,1.14538,156,10,0
1783074300,1.14537,1.14564,1.14531,1.1455,252,10,0
1783074600,1.14551,1.14563,1.1449,1.1449,220,10,0
1783074900,1.14489,1.1451,1.14477,1.14494,166,10,0
1783075200,1.14494,1.14514,1.1447,1.14508,222,10,0
1783075500,1.14508,1.14533,1.14501,1.14533,115,10,0
1783075800,1.14532,1.14548,1.14518,1.14539,276,10,0
1783076100,1.14539,1.14574,1.14533,1.1454,206,10,0
1783076400,1.1454,1.14555,1.145,1.14513,235,10,0
1783076700,1.14512,1.14547,1.14512,1.14537,167,10,0
1783077000,1.14537,1.14542,1.14509,1.14533,159,10,0
1783077300,1.14531,1.1454,1.14522,1.14526,112,10,0
1783077600,1.14526,1.14533,1.14505,1.14506,148,10,0
1783077900,1.14507,1.14543,1.14506,1.14533,158,10,0
1783078200,1.14532,1.14558,1.14514,1.14551,141,10,0
1783078500,1.14553,1.14572,1.1453,1.14533,139,10,0
1783078800,1.14532,1.14543,1.14529,1.14541,85,10,0
1783079100,1.14541,1.14544,1.14529,1.1453,103,10,0
1783079400,1.1453,1.14532,1.14505,1.14517,143,10,0
1783079700,1.14518,1.14539,1.14518,1.14523,107,10,0
1783080000,1.14523,1.14524,1.14503,1.14503,156,10,0
1783080300,1.14504,1.14517,1.14482,1.14482,173,10,0
1783080600,1.14482,1.14496,1.14475,1.14496,140,10,0
1783080900,1.14493,1.14501,1.14485,1.14494,118,10,0
1783081200,1.14494,1.14513,1.14489,1.14493,128,10,0
1783081500,1.14492,1.14493,1.14469,1.1447,110,10,0
1783081800,1.14471,1.14486,1.14468,1.14477,114,10,0
1783082100,1.14477,1.14485,1.14469,1.1448,82,10,0
1783082400,1.14481,1.1448800000000001,1.14463,1.14466,76,10,0
1783082700,1.1446399999999999,1.1446399999999999,1.14442,1.14453,130,10,0
1783083000,1.14452,1.14453,1.14431,1.14436,134,10,0
1783083300,1.14435,1.14435,1.14398,1.14404,177,10,0
1783083600,1.1440299999999999,1.14423,1.144,1.14417,145,10,0
1783083900,1.14417,1.14461,1.14415,1.14453,78,10,0
1783084200,1.14455,1.14468,1.14452,1.14458,92,10,0
1783084500,1.14459,1.14461,1.14439,1.14447,141,10,0
1783084800,1.14448,1.14468,1.14447,1.14449,84,10,0
1783085100,1.14448,1.14448,1.1443699999999999,1.14441,66,10,0
1783085400,1.14441,1.14458,1.14436,1.14458,106,10,0
1783085700,1.14457,1.14463,1.14453,1.14462,61,10,0
1783086000,1.14461,1.14481,1.1445,1.14469,77,10,0
1783086300,1.14469,1.14473,1.14466,1.14472,61,10,0
1783086600,1.14473,1.14492,1.14472,1.14492,84,10,0
1783086900,1.1449,1.14496,1.1446,1.14462,129,10,0
1783087200,1.14462,1.14478,1.14457,1.14471,126,10,0
1783087500,1.1447,1.14503,1.1447,1.14503,106,10,0
1783087800,1.14503,1.14544,1.14503,1.14539,94,10,0
1783088100,1.1454,1.1455899999999999,1.14535,1.14539,102,10,0
1783088400,1.14539,1.14568,1.14532,1.14565,111,10,0
1783088700,1.14563,1.14563,1.14528,1.14544,137,10,0
1783089000,1.14543,1.1454900000000001,1.14521,1.14527,129,10,0
1783089300,1.14527,1.14528,1.14491,1.14501,132,10,0
1783089600,1.14502,1.14514,1.14489,1.14492,98,10,0
1783089900,1.14492,1.14502,1.14476,1.14476,71,10,0
1783090200,1.14475,1.14492,1.14473,1.14487,123,10,0
1783090500,1.14486,1.14499,1.14463,1.14499,209,10,0
1783090800,1.145,1.1451,1.14482,1.14491,186,10,0
1783091100,1.14491,1.14523,1.14472,1.14472,182,10,0
1783091400,1.14471,1.14508,1.14462,1.145,120,10,0
1783091700,1.14501,1.14502,1.1447,1.14472,174,10,0
1783092000,1.14473,1.14483,1.14457,1.14471,164,10,0
1783092300,1.14472,1.14479,1.1446399999999999,1.14473,105,10,0
1783092600,1.14473,1.14477,1.1446,1.14473,69,10,0
1783092900,1.14473,1.14501,1.14469,1.14499,69,10,0
1783093200,1.14499,1.14503,1.14471,1.14472,145,10,0
1783093500,1.1447,1.14484,1.1446399999999999,1.14476,142,10,0
1783093800,1.14474,1.14489,1.14468,1.14483,117,10,0
1783094100,1.14483,1.14486,1.14461,1.14465,126,10,0
1783094400,1.1446399999999999,1.14474,1.14451,1.14463,180,10,0
1783094700,1.14463,1.14463,1.14423,1.14433,159,10,0
1783095000,1.14431,1.14444,1.14413,1.14439,148,10,0
1783095300,1.14438,1.14438,1.14407,1.14417,131,10,0
1783095600,1.14418,1.14439,1.14418,1.14429,128,10,0
1783095900,1.14429,1.14439,1.14422,1.14432,127,10,0
1783096200,1.14432,1.14433,1.14406,1.14416,237,10,0
1783096500,1.14416,1.14423,1.14396,1.144,160,10,0
1783096800,1.14401,1.14415,1.14399,1.14412,111,10,0
1783097100,1.14411,1.14421,1.14404,1.14408,125,10,0
1783097400,1.14408,1.14414,1.14374,1.1437599999999999,140,10,0
1783097700,1.14377,1.14408,1.1437599999999999,1.14399,179,10,0
1783098000,1.14398,1.14408,1.14382,1.14401,166,10,0
1783098300,1.144,1.14417,1.14392,1.14417,152,10,0
1783098600,1.14417,1.14421,1.14405,1.14408,104,10,0
1783098900,1.14409,1.14433,1.14408,1.14429,93,10,0
1783099200,1.14429,1.14443,1.14416,1.14426,131,10,0
1783099500,1.1442700000000001,1.14473,1.14426,1.1446399999999999,126,10,0
1783099800,1.1446399999999999,1.14473,1.14447,1.1446399999999999,145,10,0
1783100100,1.1446399999999999,1.14465,1.14432,1.14436,88,10,0
1783100400,1.14436,1.1445,1.14428,1.14433,118,10,0
1783100700,1.14432,1.14443,1.14432,1.14434,71,10,0
1783101000,1.14433,1.14442,1.14419,1.14429,192,10,0
1783101300,1.14429,1.14434,1.14407,1.14411,170,10,0
1783101600,1.14412,1.14433,1.14411,1.14413,165,10,0
1783101900,1.14413,1.14432,1.14404,1.14428,92,10,0
1783102200,1.14426,1.14441,1.14408,1.14412,130,10,0
1783102500,1.14411,1.14434,1.14402,1.14422,115,10,0
1783102800,1.14422,1.14423,1.14388,1.14391,83,10,0
1783103100,1.1439,1.14404,1.14382,1.14397,88,10,0
1783103400,1.14398,1.14411,1.14391,1.14402,114,10,0
1783103700,1.14401,1.1441,1.14396,1.14396,69,10,0
1783104000,1.14395,1.14401,1.14381,1.14381,71,10,0
1783104300,1.14381,1.14391,1.14377,1.14389,62,10,0
1783104600,1.14388,1.14392,1.14371,1.1437599999999999,100,10,0
1783104900,1.1437599999999999,1.1437599999999999,1.14345,1.14365,254,10,0
1783105200,1.14365,1.1437599999999999,1.14359,1.14369,152,10,0
1783105500,1.14368,1.14383,1.14361,1.14381,59,10,0
1783105800,1.14381,1.14391,1.14378,1.14381,59,10,0
1783106100,1.1438,1.14383,1.14373,1.14381,35,10,0
1783106400,1.14382,1.14387,1.14374,1.14374,41,10,0
1783106700,1.14374,1.14379,1.14363,1.14367,44,10,0
1783107000,1.14368,1.14374,1.14363,1.1436600000000001,57,10,0
1783107300,1.14367,1.14368,1.14354,1.14356,55,10,0
1783107600,1.14356,1.14359,1.14348,1.1435,56,10,0
1783107900,1.14351,1.14354,1.14348,1.14354,36,10,0
1783108200,1.14355,1.14363,1.14354,1.14358,44,10,0
1783108500,1.14359,1.14371,1.14355,1.14371,37,10,0
1783108800,1.14372,1.14383,1.14371,1.14383,136,10,0
1783109100,1.14383,1.14416,1.14383,1.14401,260,10,0
1783109400,1.1440299999999999,1.14404,1.1439,1.14396,231,11,0
1783109700,1.14396,1.14401,1.14394,1.144,46,10,0
1783110000,1.14401,1.14409,1.14396,1.14398,94,10,0
1783110300,1.14396,1.14399,1.1439300000000001,1.14396,102,10,0
1783110600,1.14396,1.14397,1.14388,1.14395,125,11,0
1783110900,1.1439300000000001,1.14396,1.14387,1.14394,85,11,0
1783111200,1.14394,1.14409,1.14392,1.14399,190,10,0
1783111500,1.14399,1.14404,1.14394,1.14399,223,10,0
1783111800,1.14398,1.14405,1.14389,1.14394,244,10,0
1783112100,1.14395,1.14404,1.1439300000000001,1.14397,448,10,0
1783112400,1.14396,1.14406,1.14396,1.144,192,10,0
1783112700,1.14401,1.14405,1.14391,1.1439300000000001,128,11,0
1783113000,1.14394,1.14395,1.14373,1.14384,171,11,0
1783113300,1.14383,1.14398,1.14383,1.14391,116,11,0
1783113600,1.1439,1.14394,1.14384,1.14392,94,11,0
1783113900,1.1439300000000001,1.14395,1.14388,1.14389,56,11,0
1783114200,1.14388,1.1439300000000001,1.14386,1.14388,53,11,0
1783114500,1.14391,1.14396,1.14391,1.1439300000000001,42,10,0
1783114800,1.1439300000000001,1.14394,1.14389,1.14392,46,11,0
1783115100,1.1439300000000001,1.14399,1.14389,1.1439300000000001,105,11,0
1783115400,1.1439300000000001,1.1439300000000001,1.14378,1.14379,61,11,0
1783115700,1.14379,1.144,1.1437599999999999,1.14384,137,10,0
1783116000,1.14384,1.14398,1.14374,1.14392,174,10,0
1783116300,1.1439300000000001,1.14397,1.14388,1.1439,63,11,0
1783116600,1.1439,1.1439,1.14385,1.14387,142,10,0
1783116900,1.14388,1.14389,1.14379,1.14381,128,11,0
1783117200,1.14381,1.14384,1.14379,1.14381,73,11,0
1783117500,1.14381,1.14383,1.14379,1.14379,28,10,0
1783117800,1.1438,1.1438,1.14372,1.14377,89,11,0
1783118100,1.14378,1.14379,1.14364,1.14368,61,11,0
1783118400,1.14369,1.14373,1.14367,1.14372,27,12,0
1783118700,1.14368,1.14372,1.1436600000000001,1.14368,36,16,0
1783119000,1.14369,1.14371,1.14363,1.14365,67,11,0
1783119300,1.14369,1.14379,1.14349,1.14359,123,10,0
1783119600,1.1436,1.1436,1.1434199999999999,1.1435,154,11,0
1783119900,1.14349,1.14365,1.14349,1.14354,54,11,0
1783120200,1.14355,1.1436600000000001,1.14349,1.14354,59,15,0
1783120500,1.14354,1.14355,1.14346,1.14349,78,16,0
1783120800,1.14349,1.14357,1.14344,1.14354,128,11,0
1783121100,1.14345,1.14357,1.14343,1.14353,111,12,0
1783121400,1.14353,1.14353,1.14345,1.14351,37,11,0
1783121700,1.14351,1.14352,1.14348,1.14349,14,19,0
1783122000,1.1435,1.14355,1.14349,1.14352,29,19,0
1783122300,1.14352,1.14354,1.14312,1.14343,220,21,0
1783122600,1.1434199999999999,1.14348,1.14324,1.14345,60,22,0
1783122900,1.1434,1.14356,1.1434,1.14352,50,25,0
1783296000,1.14372,1.14372,1.14285,1.1431,14,98,0
1783296300,1.14311,1.14318,1.14311,1.14317,7,92,0
1783296600,1.14335,1.14338,1.14327,1.14327,14,83,0
1783296900,1.14327,1.14345,1.14321,1.14327,31,69,0
1783297200,1.14344,1.14346,1.14339,1.14339,13,66,0
1783297500,1.14339,1.14339,1.14329,1.14337,7,81,0
1783297800,1.14337,1.14338,1.14334,1.14338,1354,80,0
1783298100,1.14338,1.14346,1.14337,1.1434199999999999,193,69,0
1783298400,1.1434199999999999,1.14343,1.14323,1.14323,21,67,0
1783298700,1.14337,1.14346,1.14323,1.14341,26,53,0
1783299000,1.14341,1.1434199999999999,1.14341,1.1434199999999999,7,64,0
1783299300,1.1434199999999999,1.1435,1.1434,1.14344,20,63,0
1783299600,1.14345,1.14369,1.14334,1.14356,133,11,0
1783299900,1.14356,1.14357,1.14341,1.14348,80,11,0
1783300200,1.14348,1.1436,1.14347,1.14353,359,11,0
1783300500,1.14353,1.14354,1.14347,1.14352,437,11,0
1783300800,1.14353,1.14363,1.14351,1.14363,23,10,0
1783301100,1.14363,1.14363,1.14357,1.14358,47,10,0
1783301400,1.14357,1.14363,1.14356,1.14362,33,11,0
1783301700,1.14363,1.14372,1.14362,1.14368,12,11,0
1783302000,1.14368,1.14372,1.14365,1.14372,21,10,0
1783302300,1.14371,1.14372,1.14369,1.1437,31,10,0
1783302600,1.14369,1.14372,1.14362,1.14362,25,10,0
1783302900,1.14362,1.14362,1.14353,1.14361,23,10,0
1783303200,1.14361,1.1436600000000001,1.1434,1.1434,33,10,0
1783303500,1.14341,1.1434199999999999,1.14331,1.14331,44,10,0
1783303800,1.1433200000000001,1.14343,1.14331,1.14338,45,10,0
1783304100,1.14337,1.14338,1.14327,1.1433200000000001,35,10,0
1783304400,1.1433200000000001,1.14345,1.1433200000000001,1.1434,26,10,0
1783304700,1.14339,1.14363,1.14337,1.14357,51,10,0
1783305000,1.14356,1.14367,1.14353,1.1436,50,11,0
1783305300,1.14361,1.14368,1.14357,1.14367,30,10,0
1783305600,1.1436600000000001,1.14372,1.1436600000000001,1.14367,30,10,0
1783305900,1.14367,1.14375,1.14355,1.14361,145,10,0
1783306200,1.1436,1.14361,1.14346,1.14353,85,10,0
1783306500,1.14353,1.14372,1.14351,1.14362,130,10,0
1783306800,1.14361,1.14371,1.14347,1.14348,213,10,0
1783307100,1.14348,1.14355,1.14322,1.14326,158,10,0
1783307400,1.14324,1.14361,1.14324,1.14358,93,10,0
1783307700,1.14357,1.14406,1.14357,1.14381,192,10,0
1783308000,1.14381,1.14386,1.14371,1.14377,144,10,0
1783308300,1.14378,1.14381,1.1436,1.14381,222,10,0
1783308600,1.1438,1.14401,1.14377,1.14381,317,10,0
1783308900,1.1438,1.14398,1.14371,1.1439,126,10,0
1783309200,1.1439,1.14402,1.1439,1.1439,119,10,0
1783309500,1.14391,1.14397,1.1437,1.14377,108,10,0
1783309800,1.14377,1.14385,1.1436600000000001,1.14377,214,10,0
1783310100,1.1438,1.14396,1.14373,1.14378,225,10,0
1783310400,1.14378,1.14379,1.14361,1.14362,183,10,0
1783310700,1.14361,1.1436600000000001,1.14349,1.14361,159,10,0
1783311000,1.14362,1.14382,1.1435,1.14363,152,10,0
1783311300,1.14363,1.14363,1.14337,1.14343,132,10,0
1783311600,1.14343,1.14344,1.14312,1.14322,168,10,0
1783311900,1.14322,1.14326,1.14301,1.14311,200,10,0
1783312200,1.14312,1.14328,1.14301,1.1431499999999999,249,10,0
1783312500,1.14313,1.14343,1.14312,1.14343,149,10,0
1783312800,1.14343,1.14344,1.14328,1.14336,134,10,0
1783313100,1.14335,1.14336,1.14312,1.14313,159,10,0
1783313400,1.14314,1.1431499999999999,1.14299,1.14301,118,10,0
1783313700,1.14302,1.14308,1.14279,1.1428099999999999,152,10,0
1783314000,1.1428099999999999,1.14296,1.14278,1.14291,174,10,0
1783314300,1.14291,1.14291,1.1427100000000001,1.14286,151,10,0
1783314600,1.14285,1.14295,1.1428099999999999,1.14292,122,10,0
1783314900,1.14291,1.14297,1.1428099999999999,1.14295,115,10,0
1783315200,1.14295,1.14303,1.14286,1.14286,117,10,0
1783315500,1.14286,1.14295,1.14286,1.14287,99,10,0
1783315800,1.14288,1.14297,1.14286,1.14293,114,10,0
1783316100,1.14292,1.14301,1.14286,1.14291,104,10,0
1783316400,1.14291,1.14296,1.14282,1.1429,108,10,0
1783316700,1.14291,1.14309,1.14291,1.1430500000000001,67,10,0
1783317000,1.14306,1.1433,1.14302,1.14327,126,10,0
1783317300,1.14327,1.14346,1.14324,1.14334,85,10,0
1783317600,1.14333,1.14352,1.1433200000000001,1.1434199999999999,88,10,0
1783317900,1.14341,1.14341,1.14334,1.14335,64,10,0
1783318200,1.14333,1.14338,1.14324,1.14324,77,10,0
1783318500,1.14323,1.14328,1.14312,1.14322,90,10,0
1783318800,1.14321,1.14323,1.14296,1.14296,83,10,0
1783319100,1.14296,1.14303,1.14286,1.14286,98,10,0
1783319400,1.14287,1.14287,1.14275,1.1428099999999999,93,10,0
1783319700,1.1428099999999999,1.14294,1.1428099999999999,1.14292,67,10,0
1783320000,1.14291,1.14308,1.14291,1.14307,108,10,0
1783320300,1.14306,1.14316,1.143,1.14302,114,10,0
1783320600,1.14301,1.14306,1.14292,1.14295,42,10,0
1783320900,1.14296,1.14316,1.14296,1.14313,83,10,0
1783321200,1.14311,1.14321,1.14311,1.14318,55,10,0
1783321500,1.14317,1.14322,1.14312,1.14317,63,10,0
1783321800,1.14317,1.14337,1.14317,1.14329,90,10,0
1783322100,1.14327,1.14337,1.14321,1.14321,68,10,0
1783322400,1.14322,1.14323,1.14316,1.14322,51,10,0
1783322700,1.14322,1.14323,1.1431499999999999,1.14316,65,10,0
1783323000,1.14316,1.14329,1.14316,1.14321,74,10,0
1783323300,1.14321,1.14321,1.14313,1.14317,62,10,0
1783323600,1.14317,1.1433200000000001,1.14317,1.14331,45,10,0
1783323900,1.14331,1.14331,1.14318,1.14327,54,10,0
1783324200,1.14327,1.1433,1.14314,1.14324,88,10,0
1783324500,1.14326,1.14331,1.14321,1.14324,53,10,0
1783324800,1.14324,1.14327,1.14294,1.14294,163,10,0
1783325100,1.14294,1.14298,1.14282,1.14283,74,10,0
1783325400,1.14283,1.1430500000000001,1.14282,1.14293,113,10,0
1783325700,1.14292,1.14294,1.14279,1.1428,103,10,0
1783326000,1.1428,1.14286,1.14275,1.14275,96,10,0
1783326300,1.14276,1.14286,1.1427100000000001,1.14283,91,10,0
1783326600,1.14282,1.14319,1.14275,1.14312,103,10,0
1783326900,1.14313,1.14318,1.14306,1.14306,83,10,0
1783327200,1.14307,1.14311,1.14289,1.14291,105,10,0
1783327500,1.14291,1.14312,1.14285,1.14298,106,10,0
1783327800,1.14298,1.143,1.14287,1.14295,103,10,0
1783328100,1.14296,1.14299,1.14224,1.14231,225,10,0
1783328400,1.14231,1.1428099999999999,1.14231,1.14272,176,10,0
1783328700,1.14272,1.14284,1.1424,1.14277,203,10,0
1783329000,1.14279,1.14279,1.14242,1.14248,168,10,0
1783329300,1.14249,1.14249,1.1421000000000001,1.14221,181,10,0
1783329600,1.1421999999999999,1.14252,1.14211,1.1424400000000001,185,10,0
1783329900,1.14243,1.14246,1.14212,1.14235,141,10,0
1783330200,1.14234,1.14247,1.1421000000000001,1.14233,259,10,0
1783330500,1.1423,1.14238,1.14194,1.14231,150,10,0
1783330800,1.14231,1.14242,1.14224,1.1423,157,10,0
1783331100,1.14231,1.1425,1.14226,1.14229,116,10,0
1783331400,1.14229,1.14234,1.14211,1.14216,120,10,0
1783331700,1.14216,1.14233,1.14195,1.14225,181,10,0
1783332000,1.14223,1.14226,1.1416,1.14195,374,10,0
1783332300,1.14196,1.142,1.14176,1.14179,281,10,0
1783332600,1.14179,1.14249,1.14172,1.14249,233,10,0
1783332900,1.14248,1.14278,1.14246,1.14254,246,10,0
1783333200,1.14255,1.14258,1.14229,1.14238,290,10,0
1783333500,1.14238,1.14239,1.14201,1.14218,283,10,0
1783333800,1.14219,1.14252,1.14214,1.14221,203,10,0
1783334100,1.1421999999999999,1.14246,1.14212,1.14246,189,10,0
1783334400,1.14246,1.14268,1.14241,1.14246,190,10,0
1783334700,1.14246,1.14262,1.1424400000000001,1.14249,159,10,0
1783335000,1.14248,1.14254,1.14218,1.14236,132,10,0
1783335300,1.14237,1.1427100000000001,1.14236,1.1426,130,10,0
1783335600,1.14261,1.14266,1.1421000000000001,1.14234,176,10,0
1783335900,1.14233,1.14239,1.14207,1.14207,132,10,0
1783336200,1.14206,1.14211,1.14152,1.14187,194,10,0
1783336500,1.14189,1.14206,1.14165,1.14171,149,10,0
1783336800,1.14171,1.14191,1.14167,1.1417,155,10,0
1783337100,1.14169,1.14186,1.14164,1.14185,109,10,0
1783337400,1.14185,1.14202,1.14168,1.14175,159,10,0
1783337700,1.14175,1.14192,1.14174,1.14182,121,10,0
1783338000,1.1418300000000001,1.14191,1.14157,1.14161,154,10,0
1783338300,1.14164,1.14168,1.14148,1.14151,167,10,0
1783338600,1.14151,1.14188,1.14148,1.14176,160,10,0
1783338900,1.14175,1.14202,1.14171,1.14201,98,10,0
1783339200,1.14199,1.14207,1.14177,1.14196,203,10,0
1783339500,1.14195,1.14208,1.14192,1.14198,136,10,0
1783339800,1.14197,1.14197,1.14171,1.14182,133,10,0
1783340100,1.14182,1.1419,1.14171,1.14172,97,10,0
1783340400,1.14173,1.14193,1.14164,1.14192,112,10,0
1783340700,1.14192,1.14192,1.14168,1.14178,170,10,0
1783341000,1.14178,1.14191,1.14174,1.14187,169,10,0
1783341300,1.14187,1.14197,1.14176,1.14179,116,10,0
1783341600,1.14179,1.14187,1.14168,1.1417,115,10,0
1783341900,1.14167,1.1417,1.14143,1.14146,157,10,0
1783342200,1.14147,1.14154,1.14106,1.14114,195,10,0
1783342500,1.14115,1.14129,1.14113,1.14127,181,10,0
1783342800,1.14127,1.14141,1.14106,1.14117,176,10,0
1783343100,1.14118,1.1412499999999999,1.14091,1.14118,181,10,0
1783343400,1.14116,1.14155,1.14114,1.14152,186,10,0
1783343700,1.14153,1.1418300000000001,1.14138,1.14173,215,10,0
1783344000,1.14172,1.14192,1.14161,1.14191,131,10,0
1783344300,1.1419,1.14193,1.14152,1.14152,114,10,0
1783344600,1.14153,1.14192,1.1415,1.14189,93,10,0
1783344900,1.14189,1.14204,1.14186,1.14193,95,10,0
1783345200,1.14193,1.14193,1.14181,1.14186,123,10,0
1783345500,1.14186,1.1419,1.14177,1.1418,126,10,0
1783345800,1.1418,1.14202,1.14165,1.14202,242,10,0
1783346100,1.142,1.14208,1.14186,1.1419,214,10,0
1783346400,1.1419,1.14198,1.1417,1.14171,161,10,0
1783346700,1.14172,1.14181,1.14153,1.14171,185,10,0
1783347000,1.14171,1.14182,1.14167,1.14181,211,10,0
1783347300,1.14182,1.14188,1.14154,1.14166,131,10,0
1783347600,1.14166,1.14177,1.14161,1.14164,102,10,0
1783347900,1.14165,1.14185,1.14163,1.14177,134,10,0
1783348200,1.14178,1.14187,1.1417,1.14186,173,10,0
1783348500,1.14187,1.14187,1.14135,1.1414,130,10,0
1783348800,1.14141,1.14163,1.14134,1.1414,152,10,0
1783349100,1.1414,1.14147,1.14127,1.14131,164,10,0
1783349400,1.14132,1.14132,1.14115,1.14128,189,10,0
1783349700,1.1413,1.14162,1.14123,1.14147,197,10,0
1783350000,1.1414900000000001,1.14193,1.1414900000000001,1.14192,207,10,0
1783350300,1.14192,1.14193,1.14143,1.14147,189,10,0
1783350600,1.14146,1.14176,1.14137,1.14169,169,10,0
1783350900,1.14171,1.14191,1.14158,1.14169,191,10,0
1783351200,1.14166,1.14171,1.1415,1.1415,189,10,0
1783351500,1.14151,1.14177,1.14151,1.1417,160,10,0
1783351800,1.1417,1.14176,1.14155,1.1416,157,10,0
1783352100,1.1415899999999999,1.14168,1.14141,1.14168,154,10,0
1783352400,1.14167,1.14168,1.1412200000000001,1.14132,123,10,0
1783352700,1.14132,1.14147,1.14117,1.14134,238,10,0
1783353000,1.14135,1.1416,1.1413,1.14147,167,10,0
1783353300,1.14148,1.14148,1.14101,1.14127,250,10,0
1783353600,1.14127,1.1414900000000001,1.14106,1.14134,248,10,0
1783353900,1.14133,1.14163,1.14129,1.14163,140,10,0
1783354200,1.14161,1.14201,1.1415899999999999,1.14176,178,10,0
1783354500,1.14176,1.1421000000000001,1.14175,1.14203,177,10,0
1783354800,1.14203,1.14222,1.14192,1.14209,217,10,0
1783355100,1.14207,1.14217,1.14182,1.14199,211,10,0
1783355400,1.142,1.14209,1.14185,1.14193,437,10,0
1783355700,1.14193,1.14197,1.14172,1.14182,304,10,0
1783356000,1.14182,1.14187,1.1416,1.14166,264,10,0
1783356300,1.14163,1.14163,1.14117,1.14153,231,10,0
1783356600,1.14152,1.14163,1.14112,1.14117,258,10,0
1783356900,1.14116,1.14133,1.14079,1.1412,288,10,0
1783357200,1.14119,1.14164,1.14103,1.1414,368,10,0
1783357500,1.1414,1.14181,1.1414,1.14174,296,10,0
1783357800,1.14174,1.14197,1.14155,1.14187,274,10,0
1783358100,1.1419,1.14192,1.14157,1.14173,221,10,0
1783358400,1.14173,1.14178,1.14155,1.14157,239,10,0
1783358700,1.14158,1.14165,1.14139,1.14146,224,10,0
1783359000,1.14146,1.14176,1.14132,1.14175,261,10,0
1783359300,1.14175,1.14177,1.14143,1.14143,207,10,0
1783359600,1.14139,1.14146,1.14114,1.14115,255,10,0
1783359900,1.14116,1.14138,1.14109,1.14109,220,10,0
1783360200,1.14109,1.14142,1.14107,1.14138,274,10,0
1783360500,1.14137,1.1418,1.14137,1.14166,279,10,0
1783360800,1.14167,1.14187,1.14163,1.1418300000000001,269,10,0
1783361100,1.1418300000000001,1.14191,1.14168,1.14173,182,10,0
1783361400,1.14173,1.14173,1.14148,1.14163,215,10,0
1783361700,1.14163,1.14173,1.14153,1.14154,197,10,0
1783362000,1.14155,1.1418300000000001,1.14152,1.14174,127,10,0
1783362300,1.14175,1.1418,1.14161,1.14174,147,10,0
1783362600,1.14173,1.14186,1.14171,1.14178,184,10,0
1783362900,1.14178,1.14189,1.1416,1.14185,192,10,0
1783363200,1.14184,1.14234,1.14182,1.14228,163,10,0
1783363500,1.14228,1.14243,1.14227,1.14243,132,10,0
1783363800,1.1424400000000001,1.14257,1.14229,1.1424,158,10,0
1783364100,1.14239,1.14253,1.14222,1.14247,199,10,0
1783364400,1.14248,1.14269,1.14246,1.14259,162,10,0
1783364700,1.14259,1.1427100000000001,1.14248,1.1427,171,10,0
1783365000,1.1427100000000001,1.14282,1.14257,1.14258,112,10,0
1783365300,1.14258,1.14292,1.14258,1.14289,132,10,0
1783365600,1.14289,1.14306,1.14285,1.14287,125,10,0
1783365900,1.14287,1.14297,1.1428,1.14295,91,10,0
1783366200,1.14295,1.14297,1.14275,1.1428099999999999,172,10,0
1783366500,1.1428,1.14282,1.14269,1.14275,146,10,0
1783366800,1.14274,1.14278,1.14255,1.14276,121,10,0
1783367100,1.14275,1.14284,1.14269,1.14283,139,10,0
1783367400,1.14284,1.14317,1.14284,1.1431,110,10,0
1783367700,1.14312,1.14313,1.14293,1.14302,128,10,0
1783368000,1.14301,1.14322,1.14297,1.14316,133,10,0
1783368300,1.1431499999999999,1.14319,1.14308,1.14319,54,10,0
1783368600,1.14319,1.14337,1.14317,1.14337,81,10,0
1783368900,1.14337,1.1434199999999999,1.1433,1.1434,60,10,0
1783369200,1.1434,1.14362,1.14339,1.14355,99,10,0
1783369500,1.14354,1.14365,1.1435,1.14356,68,10,0
1783369800,1.14355,1.14371,1.14351,1.14367,76,10,0
1783370100,1.14368,1.1437599999999999,1.1435,1.1437599999999999,97,10,0
1783370400,1.1437599999999999,1.1439,1.14369,1.14382,105,10,0
1783370700,1.14381,1.14386,1.14373,1.1437599999999999,96,10,0
1783371000,1.14375,1.14385,1.14365,1.1436600000000001,92,10,0
1783371300,1.14365,1.1436600000000001,1.14354,1.14358,114,10,0
1783371600,1.14359,1.14377,1.14359,1.14364,106,10,0
1783371900,1.14363,1.14367,1.14346,1.14355,77,10,0
1783372200,1.14356,1.14361,1.14352,1.14358,100,10,0
1783372500,1.14359,1.14371,1.14359,1.14365,37,10,0
1783372800,1.1436600000000001,1.14368,1.14356,1.14361,51,10,0
1783373100,1.14364,1.14386,1.14364,1.14386,60,10,0
1783373400,1.14385,1.14411,1.14373,1.14406,82,10,0
1783373700,1.14406,1.14423,1.14406,1.14416,108,10,0
1783374000,1.14417,1.14422,1.14409,1.14416,34,10,0
1783374300,1.14415,1.14441,1.14415,1.14441,51,10,0
1783374600,1.14441,1.14444,1.14431,1.14431,33,10,0
1783374900,1.14431,1.14445,1.14424,1.14425,100,10,0
1783375200,1.14422,1.14424,1.14406,1.14421,121,10,0
1783375500,1.14421,1.14424,1.14411,1.14411,58,10,0
1783375800,1.14411,1.14416,1.14405,1.14408,54,10,0
1783376100,1.14407,1.1441,1.14402,1.14404,61,10,0
1783376400,1.14404,1.14404,1.14374,1.14379,131,10,0
1783376700,1.1438,1.14391,1.1438,1.14384,69,10,0
1783377000,1.14385,1.1440299999999999,1.14384,1.14394,55,10,0
1783377300,1.14394,1.14407,1.14394,1.14396,73,10,0
1783377600,1.14396,1.14397,1.14385,1.14392,77,10,0
1783377900,1.1439300000000001,1.1440299999999999,1.1439300000000001,1.14402,44,10,0
1783378200,1.14401,1.14414,1.14401,1.14409,59,10,0
1783378500,1.14408,1.14413,1.14397,1.14404,213,10,0
1783378800,1.14404,1.14415,1.14402,1.14413,132,10,0
1783379100,1.14408,1.14412,1.1440299999999999,1.14409,39,10,0
1783379400,1.14409,1.14413,1.14398,1.144,48,10,0
1783379700,1.144,1.14404,1.14391,1.14401,46,10,0
1783380000,1.14401,1.1441,1.14398,1.14406,32,10,0
1783380300,1.14407,1.14413,1.14404,1.1441,39,10,0
1783380600,1.14411,1.14412,1.14408,1.14408,16,10,0
1783380900,1.14408,1.14408,1.1439300000000001,1.14399,54,10,0
1783381200,1.14399,1.144,1.14394,1.14398,28,10,0
1783381500,1.14398,1.14398,1.1439300000000001,1.14398,34,10,0
1783381800,1.14398,1.14404,1.14394,1.14402,23,10,0
1783382100,1.14402,1.14409,1.144,1.14407,276,11,0
1783382400,1.14406,1.14411,1.14385,1.14409,15,18,0
1783382700,1.14406,1.14409,1.14406,1.14407,21,12,0
1783383000,1.14408,1.14416,1.14408,1.14408,68,21,0
1783383300,1.14408,1.14408,1.14407,1.14407,5,27,0
1783383600,1.14407,1.14415,1.14406,1.14406,8,21,0
1783383900,1.14406,1.14406,1.14406,1.14406,5,31,0
1783384200,1.14406,1.14414,1.14406,1.14407,9,22,0
1783384500,1.14407,1.14407,1.14404,1.14404,5,30,0
1783384800,1.14404,1.14412,1.14402,1.14406,27,17,0
1783385100,1.14405,1.14414,1.14404,1.14413,44,17,0
1783385400,1.14416,1.14428,1.14407,1.14424,45,26,0
1783385700,1.14424,1.14442,1.14424,1.14436,46,26,0
1783386000,1.14436,1.14441,1.14421,1.14422,83,11,0
1783386300,1.14422,1.14428,1.14416,1.1442,53,10,0
1783386600,1.14421,1.14435,1.14421,1.14434,82,10,0
1783386900,1.14434,1.14434,1.14429,1.1443,77,10,0
1783387200,1.14431,1.14432,1.1442700000000001,1.1442700000000001,33,11,0
1783387500,1.14426,1.1442700000000001,1.14424,1.14426,24,11,0
1783387800,1.14425,1.1443699999999999,1.14422,1.14436,55,11,0
1783388100,1.14434,1.14436,1.14428,1.14431,56,11,0
1783388400,1.14429,1.14431,1.14426,1.1442700000000001,43,11,0
1783388700,1.1442700000000001,1.14434,1.1442700000000001,1.14431,51,10,0
1783389000,1.1443,1.14435,1.1443,1.14434,17,11,0
1783389300,1.14434,1.14446,1.14434,1.14445,16,10,0
1783389600,1.14446,1.14476,1.14446,1.14463,84,11,0
1783389900,1.14462,1.14463,1.1445,1.1445400000000001,42,11,0
1783390200,1.14453,1.14453,1.14442,1.1445,46,11,0
1783390500,1.1445,1.14457,1.14449,1.14456,17,11,0
1783390800,1.14457,1.1446399999999999,1.14455,1.14455,29,10,0
1783391100,1.14455,1.14456,1.14436,1.14438,46,10,0
1783391400,1.1443699999999999,1.14446,1.1443699999999999,1.14444,33,10,0
1783391700,1.14444,1.14444,1.14434,1.14435,23,11,0
1783392000,1.14435,1.14442,1.14431,1.1444,29,10,0
1783392300,1.1444,1.14441,1.14434,1.14439,46,10,0
1783392600,1.14439,1.14439,1.14413,1.14417,148,10,0
1783392900,1.14418,1.14421,1.14407,1.1441,77,10,0
1783393200,1.14409,1.14417,1.1440299999999999,1.14413,199,10,0
1783393500,1.14414,1.14418,1.1440299999999999,1.14409,187,10,0
1783393800,1.14409,1.14414,1.14398,1.14406,92,10,0
1783394100,1.14406,1.14406,1.14389,1.14396,112,10,0
1783394400,1.14395,1.14398,1.14387,1.14391,113,10,0
1783394700,1.1439,1.14399,1.1437599999999999,1.14382,136,10,0
1783395000,1.14381,1.14397,1.14381,1.14391,100,10,0
1783395300,1.14391,1.14396,1.1437599999999999,1.14377,113,10,0
1783395600,1.1437599999999999,1.14392,1.14375,1.1439,66,10,0
1783395900,1.1439,1.14398,1.14388,1.14394,99,10,0
1783396200,1.14397,1.14416,1.14392,1.14407,243,10,0
1783396500,1.14406,1.1441,1.14379,1.14382,235,10,0
1783396800,1.14381,1.1439300000000001,1.14378,1.14386,241,10,0
1783397100,1.14385,1.1439300000000001,1.1438,1.14388,165,10,0
1783397400,1.14387,1.14395,1.1438,1.14391,157,10,0
1783397700,1.14391,1.14397,1.1438,1.14388,113,10,0
1783398000,1.14387,1.14387,1.1437,1.1437,117,10,0
1783398300,1.14371,1.14391,1.14365,1.1439,93,10,0
1783398600,1.14391,1.14461,1.14391,1.14441,456,10,0
1783398900,1.14443,1.14447,1.14411,1.14413,183,10,0
1783399200,1.14412,1.1442,1.14389,1.14392,141,10,0
1783399500,1.14392,1.14431,1.14392,1.14421,160,10,0
1783399800,1.14421,1.1446399999999999,1.14416,1.14461,244,10,0
1783400100,1.14461,1.14468,1.14425,1.14434,211,10,0
1783400400,1.14433,1.14456,1.14432,1.14444,218,10,0
1783400700,1.14444,1.14446,1.14421,1.14428,124,10,0
1783401000,1.14428,1.14433,1.1442,1.14425,135,10,0
1783401300,1.14426,1.14431,1.14418,1.14426,91,10,0
1783401600,1.1442700000000001,1.14433,1.14416,1.14426,72,10,0
1783401900,1.1442700000000001,1.14428,1.14412,1.14412,99,10,0
1783402200,1.14411,1.14418,1.14401,1.14417,100,10,0
1783402500,1.14418,1.14431,1.14417,1.14422,113,10,0
1783402800,1.14421,1.14431,1.14404,1.14408,96,10,0
1783403100,1.14407,1.14409,1.144,1.1440299999999999,47,10,0
1783403400,1.1440299999999999,1.14406,1.144,1.14405,93,10,0
1783403700,1.1440299999999999,1.14409,1.1439,1.1439,98,10,0
1783404000,1.14392,1.14407,1.14387,1.1440299999999999,106,10,0
1783404300,1.14404,1.14415,1.14404,1.14407,87,10,0
1783404600,1.14408,1.14408,1.144,1.14401,106,10,0
1783404900,1.14401,1.14416,1.14399,1.14412,92,10,0
1783405200,1.14412,1.14423,1.14409,1.14414,103,10,0
1783405500,1.14414,1.14415,1.14389,1.14389,80,10,0
1783405800,1.14389,1.14394,1.1438,1.14392,98,10,0
1783406100,1.14391,1.14397,1.14378,1.14381,81,10,0
1783406400,1.1438,1.14381,1.14364,1.1437,95,10,0
1783406700,1.14371,1.1437599999999999,1.1436,1.14363,108,10,0
1783407000,1.14364,1.14368,1.14358,1.1436600000000001,91,10,0
1783407300,1.14365,1.14365,1.14356,1.14363,62,10,0
1783407600,1.14363,1.14373,1.14361,1.14373,62,10,0
1783407900,1.14372,1.14381,1.14372,1.14378,51,10,0
1783408200,1.14379,1.14382,1.14371,1.14371,80,10,0
1783408500,1.1437,1.14378,1.1437,1.14371,51,10,0
1783408800,1.14371,1.14379,1.14364,1.14378,59,10,0
1783409100,1.14378,1.14378,1.14359,1.14365,77,10,0
1783409400,1.14365,1.14379,1.14361,1.14368,89,10,0
1783409700,1.14368,1.14377,1.1436600000000001,1.14377,58,10,0
1783410000,1.14377,1.14388,1.14373,1.14375,60,10,0
1783410300,1.14375,1.1438,1.1437,1.14373,58,10,0
1783410600,1.14373,1.14385,1.14368,1.14368,82,10,0
1783410900,1.14369,1.14369,1.1435,1.14351,99,10,0
1783411200,1.14351,1.14368,1.14344,1.14361,113,10,0
1783411500,1.14362,1.14367,1.14351,1.14361,80,10,0
1783411800,1.1436,1.14361,1.14335,1.14337,124,10,0
1783412100,1.14337,1.14343,1.14316,1.14319,128,10,0
1783412400,1.14318,1.14318,1.14295,1.14308,215,10,0
1783412700,1.14307,1.14307,1.14296,1.14302,183,10,0
1783413000,1.14301,1.14326,1.143,1.14322,224,10,0
1783413300,1.14321,1.14327,1.14309,1.14313,104,10,0
1783413600,1.14311,1.1432,1.14284,1.14287,145,10,0
1783413900,1.14286,1.1429,1.14277,1.14285,94,10,0
1783414200,1.14285,1.14308,1.1428,1.14308,131,10,0
1783414500,1.14306,1.14314,1.14299,1.14313,120,10,0
1783414800,1.14313,1.14318,1.14295,1.143,163,10,0
1783415100,1.14301,1.14303,1.14266,1.14268,210,10,0
1783415400,1.14269,1.1427,1.14248,1.14267,305,10,0
1783415700,1.14266,1.143,1.14263,1.14292,310,10,0
1783416000,1.1429,1.14294,1.14276,1.14289,200,10,0
1783416300,1.1429,1.14293,1.1427100000000001,1.1427100000000001,165,10,0
1783416600,1.14272,1.14308,1.14272,1.14298,165,10,0
1783416900,1.14297,1.14303,1.1429,1.14299,119,10,0
1783417200,1.14297,1.143,1.14283,1.14288,150,10,0
1783417500,1.14287,1.14296,1.1428,1.14296,112,10,0
1783417800,1.14298,1.14309,1.14279,1.14279,111,10,0
1783418100,1.1428,1.14294,1.1427100000000001,1.14294,173,10,0
1783418400,1.14295,1.14296,1.14255,1.14275,223,10,0
1783418700,1.14276,1.14283,1.14268,1.14272,158,10,0
1783419000,1.14273,1.14286,1.1427100000000001,1.1428,183,10,0
1783419300,1.1428099999999999,1.14302,1.1427,1.14296,157,10,0
1783419600,1.14297,1.14316,1.14261,1.14263,317,10,0
1783419900,1.14264,1.14279,1.14258,1.1426,182,10,0
1783420200,1.14258,1.14297,1.14254,1.14296,147,10,0
1783420500,1.14296,1.14297,1.1427100000000001,1.14273,169,10,0
1783420800,1.14274,1.14288,1.1427,1.1427100000000001,101,10,0
1783421100,1.1427,1.14273,1.14259,1.14259,154,10,0
1783421400,1.14259,1.14277,1.14257,1.14257,140,10,0
1783421700,1.14256,1.14262,1.1424400000000001,1.14246,93,10,0
1783422000,1.14245,1.1427,1.14245,1.14264,281,10,0
1783422300,1.14265,1.1428099999999999,1.14264,1.1428099999999999,130,10,0
1783422600,1.14282,1.14318,1.14279,1.14307,187,10,0
1783422900,1.14308,1.14316,1.1428,1.14285,175,10,0
1783423200,1.14286,1.14335,1.14277,1.14324,181,10,0
1783423500,1.14323,1.1433200000000001,1.14316,1.1432,148,10,0
1783423800,1.14322,1.14352,1.14319,1.1434199999999999,190,10,0
1783424100,1.1434199999999999,1.14352,1.14319,1.14343,169,10,0
1783424400,1.14344,1.14353,1.14304,1.14304,215,10,0
1783424700,1.14304,1.1433,1.14298,1.14311,177,10,0
1783425000,1.1431,1.14311,1.14269,1.14274,227,10,0
1783425300,1.14272,1.1428099999999999,1.14265,1.14273,227,10,0
1783425600,1.14273,1.1428099999999999,1.1426,1.14274,196,10,0
1783425900,1.14274,1.14285,1.14269,1.14273,132,10,0
1783426200,1.14273,1.1428099999999999,1.1426,1.14264,101,10,0
1783426500,1.14266,1.14287,1.14266,1.1427,127,10,0
1783426800,1.1427,1.1427100000000001,1.1425,1.14259,123,10,0
1783427100,1.1426,1.14277,1.14253,1.1427,142,10,0
1783427400,1.1427100000000001,1.14272,1.14256,1.1427100000000001,129,10,0
1783427700,1.14269,1.1428,1.14265,1.14279,108,10,0
1783428000,1.14279,1.14295,1.14275,1.14279,136,10,0
1783428300,1.14279,1.14289,1.1425,1.1425,159,10,0
1783428600,1.14251,1.1426,1.14241,1.14258,158,10,0
1783428900,1.14259,1.14261,1.1424400000000001,1.14246,172,10,0
1783429200,1.1424400000000001,1.14257,1.14229,1.14237,163,10,0
1783429500,1.14236,1.14277,1.1423,1.14277,129,10,0
1783429800,1.14277,1.14283,1.14259,1.14283,101,10,0
1783430100,1.14284,1.14296,1.14279,1.1429,111,10,0
1783430400,1.14289,1.14291,1.1428099999999999,1.14289,78,10,0
1783430700,1.1429,1.143,1.14285,1.14295,103,10,0
1783431000,1.14295,1.14306,1.14289,1.14291,111,10,0
1783431300,1.14289,1.14311,1.14286,1.1431,113,10,0
1783431600,1.14311,1.14312,1.14295,1.14295,94,10,0
1783431900,1.14296,1.14298,1.14286,1.14288,73,10,0
1783432200,1.14289,1.14321,1.14285,1.14321,91,10,0
1783432500,1.14321,1.14336,1.14319,1.14333,86,10,0
1783432800,1.14334,1.14335,1.1431,1.1433,133,10,0
1783433100,1.1433200000000001,1.14338,1.14314,1.14319,124,10,0
1783433400,1.1432,1.14339,1.1432,1.14326,120,10,0
1783433700,1.14325,1.14359,1.14323,1.14355,263,10,0
1783434000,1.14354,1.14386,1.14349,1.14355,171,10,0
1783434300,1.14355,1.14371,1.14349,1.1436600000000001,134,10,0
1783434600,1.1436600000000001,1.1436600000000001,1.14343,1.14354,120,10,0
1783434900,1.14354,1.14364,1.14345,1.14356,134,10,0
1783435200,1.14355,1.14356,1.14318,1.1432,173,10,0
1783435500,1.14324,1.14325,1.1431,1.14314,185,10,0
1783435800,1.14313,1.14329,1.14248,1.14265,346,10,0
1783436100,1.14264,1.1434199999999999,1.14258,1.1432,277,10,0
1783436400,1.14322,1.14341,1.14314,1.1434,257,10,0
1783436700,1.1434,1.14341,1.14321,1.14325,187,10,0
1783437000,1.14326,1.1434,1.14303,1.14334,262,10,0
1783437300,1.14334,1.14341,1.14308,1.14329,239,10,0
1783437600,1.14327,1.1438,1.14324,1.14355,172,10,0
1783437900,1.14354,1.14413,1.14354,1.14401,115,10,0
1783438200,1.14401,1.14416,1.14395,1.14401,216,10,0
1783438500,1.14402,1.1440299999999999,1.14377,1.1438,300,10,0
1783438800,1.1438,1.14381,1.1435,1.14355,156,10,0
1783439100,1.14356,1.14377,1.14355,1.14365,161,10,0
1783439400,1.1436600000000001,1.1436600000000001,1.14343,1.14349,140,10,0
1783439700,1.1435,1.14361,1.14339,1.1436,195,10,0
1783440000,1.14361,1.14361,1.14319,1.14319,202,10,0
1783440300,1.14317,1.14324,1.14299,1.1431499999999999,231,10,0
1783440600,1.14319,1.1434199999999999,1.14303,1.1433,185,10,0
1783440900,1.1433,1.14371,1.14329,1.14341,228,10,0
1783441200,1.14341,1.14361,1.14334,1.14339,224,10,0
1783441500,1.1434,1.1436,1.14322,1.14346,217,10,0
1783441800,1.14345,1.14389,1.14345,1.1436,352,10,0
1783442100,1.14358,1.1440299999999999,1.14355,1.14384,382,10,0
1783442400,1.14386,1.14407,1.14374,1.14396,405,10,0
1783442700,1.14396,1.14397,1.14371,1.14386,213,10,0
1783443000,1.14386,1.14415,1.1438,1.14391,251,10,0
1783443300,1.14391,1.14395,1.14339,1.14358,368,10,0
1783443600,1.14358,1.14373,1.1427100000000001,1.14278,547,10,0
1783443900,1.14278,1.14293,1.14245,1.14249,630,10,0
1783444200,1.14249,1.14264,1.14231,1.14259,388,10,0
1783444500,1.14261,1.1429,1.14248,1.1429,307,10,0
1783444800,1.1429,1.1431,1.14273,1.1428,229,10,0
1783445100,1.14279,1.14296,1.14253,1.14293,326,10,0
1783445400,1.14294,1.14306,1.14274,1.14301,235,10,0
1783445700,1.14301,1.14318,1.14283,1.14317,280,10,0
1783446000,1.14318,1.14328,1.14308,1.14321,275,10,0
1783446300,1.14322,1.14346,1.1432,1.14344,224,10,0
1783446600,1.14344,1.1436600000000001,1.14339,1.1435,292,10,0
1783446900,1.1435,1.1435,1.14312,1.14325,508,10,0
1783447200,1.14326,1.1433200000000001,1.14314,1.1432,445,10,0
1783447500,1.1432,1.14343,1.14312,1.14319,228,10,0
1783447800,1.14321,1.14322,1.14282,1.14296,238,10,0
1783448100,1.14295,1.14297,1.14249,1.14264,274,10,0
1783448400,1.14264,1.1428099999999999,1.14256,1.14267,240,10,0
1783448700,1.14268,1.1428099999999999,1.14256,1.1428,196,10,0
1783449000,1.1428,1.14283,1.14255,1.14269,359,10,0
1783449300,1.1427,1.14276,1.14259,1.14268,130,10,0
1783449600,1.14268,1.14276,1.14251,1.14251,177,10,0
1783449900,1.14251,1.14262,1.1424,1.14242,213,10,0
1783450200,1.14242,1.14261,1.14233,1.14233,173,10,0
1783450500,1.14233,1.14242,1.14217,1.14224,227,10,0
1783450800,1.14225,1.14253,1.14225,1.1423,289,10,0
1783451100,1.14231,1.1424,1.14209,1.1424,236,10,0
1783451400,1.14241,1.14241,1.14217,1.1421999999999999,164,10,0
1783451700,1.14221,1.14224,1.1418300000000001,1.14187,162,10,0
1783452000,1.14188,1.14188,1.14175,1.14185,139,10,0
1783452300,1.14185,1.1419,1.14177,1.1418,95,10,0
1783452600,1.14181,1.14211,1.14179,1.14196,118,10,0
1783452900,1.14195,1.14201,1.14184,1.142,88,10,0
1783453200,1.14199,1.14201,1.14191,1.14197,95,10,0
1783453500,1.14198,1.14219,1.14196,1.14219,91,10,0
1783453800,1.14221,1.14229,1.14207,1.14207,123,10,0
1783454100,1.14208,1.14232,1.14193,1.1423,181,10,0
1783454400,1.1423,1.14248,1.14224,1.14243,133,10,0
1783454700,1.1424400000000001,1.14257,1.14243,1.14247,94,10,0
1783455000,1.14246,1.14246,1.14218,1.14227,127,10,0
1783455300,1.14227,1.14237,1.14217,1.14236,109,10,0
1783455600,1.14238,1.14248,1.14238,1.14246,78,10,0
1783455900,1.14246,1.14247,1.14228,1.14234,102,10,0
1783456200,1.14235,1.14242,1.14226,1.14231,108,10,0
1783456500,1.14231,1.14247,1.1423,1.14243,76,10,0
1783456800,1.14243,1.1426,1.14241,1.14256,60,10,0
1783457100,1.14256,1.14263,1.1425,1.14255,60,10,0
1783457400,1.14256,1.14272,1.14256,1.1427,55,10,0
1783457700,1.1427,1.14289,1.1427,1.14278,123,10,0
1783458000,1.14277,1.1428,1.14257,1.1427,147,10,0
1783458300,1.1427100000000001,1.14282,1.14261,1.14279,87,10,0
1783458600,1.14282,1.14283,1.14252,1.14266,87,10,0
1783458900,1.14263,1.14268,1.14262,1.14268,33,10,0
1783459200,1.14268,1.14294,1.14267,1.14287,51,10,0
1783459500,1.14286,1.14294,1.14272,1.14272,97,10,0
1783459800,1.14273,1.14274,1.14254,1.1427100000000001,205,10,0
1783460100,1.14272,1.14284,1.14272,1.14274,81,10,0
1783460400,1.14273,1.14275,1.14261,1.14274,149,10,0
1783460700,1.14276,1.14284,1.14224,1.14253,260,10,0
1783461000,1.14253,1.14258,1.14168,1.14184,551,10,0
1783461300,1.14184,1.1421000000000001,1.14169,1.1418,442,10,0
1783461600,1.14179,1.14189,1.14139,1.14166,411,10,0
1783461900,1.14165,1.14166,1.1413,1.14144,295,10,0
1783462200,1.14143,1.14147,1.14108,1.14113,274,10,0
1783462500,1.14112,1.14113,1.14077,1.14112,436,10,0
1783462800,1.14111,1.14126,1.14103,1.14121,334,10,0
1783463100,1.1412,1.14134,1.14108,1.14121,276,10,0
1783463400,1.1412,1.1415899999999999,1.1412,1.14155,215,10,0
1783463700,1.14155,1.14162,1.14141,1.14148,227,10,0
1783464000,1.1414900000000001,1.1415899999999999,1.14142,1.1414900000000001,142,10,0
1783464300,1.1415,1.14154,1.14133,1.14146,217,10,0
1783464600,1.1414900000000001,1.14156,1.14141,1.14151,185,10,0
1783464900,1.1415,1.14166,1.1415,1.14161,122,10,0
1783465200,1.1416,1.14169,1.14145,1.14161,118,10,0
1783465500,1.1416,1.14167,1.14141,1.14142,66,10,0
1783465800,1.14144,1.1415,1.14134,1.14136,76,10,0
1783466100,1.14135,1.14136,1.14116,1.1413,117,10,0
1783466400,1.14131,1.14141,1.14131,1.14139,76,10,0
1783466700,1.14137,1.14144,1.14129,1.14134,92,10,0
1783467000,1.14133,1.14134,1.14114,1.14114,60,10,0
1783467300,1.14115,1.14119,1.14104,1.1411,31,10,0
1783467600,1.14109,1.14115,1.14109,1.14114,37,10,0
1783467900,1.14114,1.14114,1.14103,1.14109,77,10,0
1783468200,1.14107,1.14116,1.14104,1.14105,45,10,0
1783468500,1.14105,1.14118,1.1409799999999999,1.14114,151,10,0
1783468800,1.14089,1.14094,1.14033,1.1406399999999999,22,41,0
1783469100,1.14058,1.14105,1.14058,1.14101,19,53,0
1783469400,1.14117,1.14127,1.14076,1.14076,80,11,0
1783469700,1.14077,1.14084,1.14051,1.14054,130,11,0
1783470000,1.14051,1.14054,1.14045,1.14046,42,26,0
1783470300,1.14046,1.1407,1.14046,1.1406,28,26,0
1783470600,1.1406,1.14067,1.14007,1.14012,110,22,0
1783470900,1.14012,1.14052,1.14012,1.14049,43,27,0
1783471200,1.14049,1.14057,1.14047,1.14056,22,34,0
1783471500,1.1406100000000001,1.14077,1.14012,1.14015,67,20,0
1783471800,1.14016,1.14024,1.14013,1.14024,9,51,0
1783472100,1.14024,1.14066,1.14016,1.14033,20,39,0
1783472400,1.14033,1.14082,1.14018,1.14072,129,10,0
1783472700,1.14073,1.14073,1.14052,1.14057,55,11,0
1783473000,1.14056,1.1406,1.1405,1.14053,37,11,0
1783473300,1.14053,1.1406,1.1405,1.14056,92,11,0
1783473600,1.14058,1.14062,1.14054,1.14058,48,11,0
1783473900,1.14057,1.14063,1.14044,1.14046,54,10,0
1783474200,1.14046,1.1405,1.14042,1.14043,58,10,0
1783474500,1.14044,1.14049,1.14026,1.1404,72,10,0
1783474800,1.1404,1.1405,1.14038,1.14044,33,11,0
1783475100,1.14043,1.14047,1.14038,1.14044,48,11,0
1783475400,1.14044,1.1406399999999999,1.14044,1.1406399999999999,39,10,0
1783475700,1.1406399999999999,1.14066,1.1406399999999999,1.14065,17,11,0
1783476000,1.1406399999999999,1.14078,1.14049,1.14069,68,10,0
1783476300,1.14065,1.14065,1.14054,1.14054,62,11,0
1783476600,1.14053,1.14057,1.14033,1.14034,87,10,0
1783476900,1.14034,1.1406,1.14029,1.14052,95,10,0
1783477200,1.14051,1.14053,1.14042,1.14048,58,10,0
1783477500,1.14048,1.14052,1.14043,1.14043,27,10,0
1783477800,1.14043,1.14053,1.14041,1.14051,33,10,0
1783478100,1.1405,1.1405,1.14038,1.14043,28,10,0
1783478400,1.14043,1.14046,1.14036,1.14036,40,10,0
1783478700,1.14036,1.14038,1.14017,1.1402,62,10,0
1783479000,1.1402,1.14023,1.14015,1.14018,44,10,0
1783479300,1.14017,1.14019,1.13996,1.14009,112,10,0
1783479600,1.1401,1.14018,1.13997,1.14018,286,10,0
1783479900,1.14018,1.14048,1.14013,1.14045,259,10,0
1783480200,1.14044,1.1406,1.14038,1.1405,186,10,0
1783480500,1.1405,1.14058,1.14028,1.14039,188,10,0
1783480800,1.14042,1.14059,1.14025,1.14054,214,10,0
1783481100,1.14055,1.14079,1.1405,1.14066,170,10,0
1783481400,1.14065,1.1409799999999999,1.14062,1.14092,192,10,0
1783481700,1.14091,1.14109,1.14086,1.14109,154,10,0
1783482000,1.14109,1.1411,1.14092,1.14095,148,10,0
1783482300,1.14094,1.14105,1.14093,1.14095,134,10,0
1783482600,1.14094,1.14104,1.14079,1.14083,210,10,0
1783482900,1.14085,1.1408800000000001,1.14065,1.14074,244,10,0
1783483200,1.14075,1.14089,1.14069,1.14072,296,10,0
1783483500,1.14073,1.14076,1.14051,1.14055,195,10,0
1783483800,1.14055,1.14075,1.14055,1.1407,125,10,0
1783484100,1.14071,1.14073,1.14048,1.1405,144,10,0
1783484400,1.1405,1.14057,1.14038,1.14043,124,10,0
1783484700,1.14044,1.14048,1.14035,1.14035,109,10,0
1783485000,1.1403699999999999,1.14038,1.14022,1.14023,149,10,0
1783485300,1.14022,1.14025,1.14002,1.1400299999999999,183,10,0
1783485600,1.14004,1.14013,1.13981,1.13992,233,10,0
1783485900,1.13993,1.14039,1.13993,1.14038,419,10,0
1783486200,1.14039,1.14055,1.14019,1.14031,225,10,0
1783486500,1.14032,1.14057,1.14031,1.1405,115,10,0
1783486800,1.1405,1.1407,1.14042,1.14045,237,10,0
1783487100,1.14044,1.14066,1.14043,1.14055,148,10,0
1783487400,1.14056,1.14059,1.14044,1.14053,120,10,0
1783487700,1.14054,1.1408,1.14054,1.14074,127,10,0
1783488000,1.14073,1.14113,1.14068,1.14101,140,10,0
1783488300,1.14101,1.14115,1.14095,1.14104,166,10,0
1783488600,1.14102,1.14106,1.14082,1.141,112,10,0
1783488900,1.141,1.1412,1.14099,1.14116,91,10,0
1783489200,1.14116,1.14119,1.1411,1.14115,82,10,0
1783489500,1.14116,1.1412,1.14106,1.14106,68,10,0
1783489800,1.14106,1.14119,1.14102,1.1411,87,10,0
1783490100,1.14109,1.14114,1.14101,1.14107,71,10,0
1783490400,1.1411,1.14136,1.1411,1.1413,103,10,0
1783490700,1.14131,1.14134,1.14121,1.14126,101,10,0
1783491000,1.1412499999999999,1.14154,1.1412200000000001,1.14154,136,10,0
1783491300,1.14153,1.14156,1.1414,1.14144,75,10,0
1783491600,1.14143,1.1416,1.14135,1.1414900000000001,98,10,0
1783491900,1.1414900000000001,1.14154,1.14143,1.14147,100,10,0
1783492200,1.14147,1.14148,1.14131,1.14139,111,10,0
1783492500,1.14139,1.14143,1.14134,1.14134,76,10,0
1783492800,1.14132,1.14145,1.1413,1.14144,87,10,0
1783493100,1.14144,1.1415,1.1414,1.14147,68,10,0
1783493400,1.14148,1.1414900000000001,1.14132,1.14135,98,10,0
1783493700,1.14136,1.1414,1.14129,1.1414,67,10,0
1783494000,1.1414,1.14141,1.1412,1.1412,99,10,0
1783494300,1.1412,1.1413,1.14108,1.1412499999999999,90,10,0
1783494600,1.14124,1.14128,1.14114,1.14115,59,10,0
1783494900,1.14115,1.1412499999999999,1.14114,1.14116,93,10,0
1783495200,1.14116,1.1412,1.14105,1.14119,58,10,0
1783495500,1.14119,1.14131,1.14119,1.1413,83,10,0
1783495800,1.14129,1.14137,1.1412499999999999,1.14132,60,10,0
1783496100,1.14132,1.14154,1.14132,1.14146,59,10,0
1783496400,1.14148,1.1415,1.14136,1.14139,108,10,0
1783496700,1.14139,1.14151,1.14129,1.14129,96,10,0
1783497000,1.1413,1.14145,1.14128,1.14139,100,10,0
1783497300,1.14138,1.14142,1.14133,1.1414,60,10,0
1783497600,1.14139,1.14171,1.14135,1.14171,154,10,0
1783497900,1.1417,1.14182,1.1417,1.14175,129,10,0
1783498200,1.14173,1.14173,1.14139,1.1414,173,10,0
1783498500,1.14139,1.14157,1.14139,1.14145,132,10,0
1783498800,1.14144,1.14148,1.14119,1.14121,135,10,0
1783499100,1.1412,1.14136,1.14119,1.1413,90,10,0
1783499400,1.1413,1.14161,1.14128,1.1415899999999999,146,10,0
1783499700,1.14158,1.1417,1.14156,1.1417,144,10,0
1783500000,1.14169,1.14202,1.14163,1.14191,243,10,0
1783500300,1.1419,1.14199,1.14175,1.14181,185,10,0
1783500600,1.1418,1.14184,1.14162,1.14182,212,10,0
1783500900,1.14181,1.142,1.14181,1.1419,132,10,0
1783501200,1.14191,1.1423,1.14175,1.14175,369,10,0
1783501500,1.14177,1.14198,1.14172,1.1419,218,10,0
1783501800,1.14189,1.1419,1.14167,1.14172,162,10,0
1783502100,1.14173,1.14211,1.14173,1.14209,196,10,0
1783502400,1.14209,1.14226,1.14188,1.14219,349,10,0
1783502700,1.14217,1.14225,1.14196,1.14216,182,10,0
1783503000,1.14216,1.14227,1.14206,1.14209,204,10,0
1783503300,1.14209,1.14235,1.14193,1.14229,162,10,0
1783503600,1.14229,1.14235,1.14202,1.1421000000000001,209,10,0
1783503900,1.1421000000000001,1.14215,1.1418300000000001,1.14187,271,10,0
1783504200,1.14187,1.14214,1.14173,1.1421000000000001,144,10,0
1783504500,1.14209,1.14224,1.14204,1.14219,215,10,0
1783504800,1.1421999999999999,1.14224,1.142,1.14218,222,10,0
1783505100,1.14218,1.14218,1.14175,1.14199,275,10,0
1783505400,1.14198,1.1421999999999999,1.14182,1.14188,242,10,0
1783505700,1.14189,1.14214,1.14165,1.14214,203,10,0
1783506000,1.14215,1.14261,1.142,1.1424400000000001,227,10,0
1783506300,1.14243,1.1428,1.14228,1.14274,337,10,0
1783506600,1.14275,1.14311,1.14269,1.14284,323,10,0
1783506900,1.14284,1.14302,1.14258,1.14265,261,10,0
1783507200,1.14267,1.14293,1.14264,1.14286,212,10,0
1783507500,1.14285,1.14301,1.14272,1.14283,303,10,0
1783507800,1.14282,1.14283,1.14264,1.14266,223,10,0
1783508100,1.14265,1.14285,1.14249,1.14252,175,10,0
1783508400,1.14251,1.1427100000000001,1.14238,1.14269,264,10,0
1783508700,1.14268,1.14268,1.14239,1.14254,246,10,0
1783509000,1.14254,1.14254,1.14219,1.14222,329,10,0
1783509300,1.14221,1.14251,1.1400000000000001,1.14071,1342,10,0
1783509600,1.14071,1.14113,1.14046,1.14066,828,10,0
1783509900,1.14067,1.14148,1.1406,1.14136,499,10,0
1783510200,1.14135,1.14163,1.14105,1.14128,585,10,0
1783510500,1.14129,1.14132,1.14065,1.14091,585,10,0
1783510800,1.14091,1.14112,1.14045,1.14095,668,10,0
1783511100,1.14096,1.14182,1.14096,1.14157,437,10,0
1783511400,1.14158,1.1415899999999999,1.1411,1.14111,522,10,0
1783511700,1.14112,1.14144,1.14081,1.14097,480,10,0
1783512000,1.14096,1.14107,1.14046,1.14093,693,10,0
1783512300,1.14092,1.14092,1.14008,1.14016,487,10,0
1783512600,1.14018,1.14023,1.13956,1.1396,553,10,0
1783512900,1.13959,1.14066,1.13957,1.14046,495,10,0
1783513200,1.14048,1.14066,1.14023,1.1403699999999999,393,10,0
1783513500,1.14034,1.14056,1.14002,1.14051,451,10,0
1783513800,1.14051,1.1411,1.1404,1.1411,290,10,0
1783514100,1.14106,1.1411,1.14066,1.14101,388,10,0
1783514400,1.141,1.14103,1.14071,1.14099,296,10,0
1783514700,1.14097,1.14105,1.14083,1.14099,276,10,0
1783515000,1.14099,1.14103,1.14069,1.14092,292,10,0
1783515300,1.14095,1.14097,1.14034,1.14039,387,10,0
1783515600,1.14038,1.1407,1.14038,1.14055,412,10,0
1783515900,1.14053,1.14059,1.14014,1.14015,362,10,0
1783516200,1.14016,1.14046,1.14007,1.1402700000000001,314,10,0
1783516500,1.14026,1.14067,1.14015,1.14067,265,10,0
1783516800,1.14069,1.14114,1.14068,1.14111,250,10,0
1783517100,1.14108,1.14113,1.14096,1.14109,213,10,0
1783517400,1.14108,1.14131,1.14099,1.14126,285,10,0
1783517700,1.1412499999999999,1.14132,1.14109,1.14126,246,10,0
1783518000,1.14127,1.14142,1.14112,1.14128,214,10,0
1783518300,1.14127,1.14131,1.14094,1.1411,198,10,0
1783518600,1.14109,1.14111,1.14078,1.14096,173,10,0
1783518900,1.14095,1.14097,1.14076,1.14081,152,10,0
1783519200,1.14078,1.14084,1.14043,1.14056,292,10,0
1783519500,1.14056,1.14075,1.14051,1.14066,190,10,0
1783519800,1.14066,1.14076,1.14055,1.1406100000000001,149,10,0
1783520100,1.14062,1.14091,1.14062,1.14081,102,10,0
1783520400,1.14081,1.14081,1.14053,1.14071,132,10,0
1783520700,1.14072,1.14072,1.14053,1.14058,125,10,0
1783521000,1.14058,1.1406,1.14024,1.14026,239,10,0
1783521300,1.14026,1.14032,1.13938,1.13939,369,10,0
1783521600,1.13941,1.14068,1.13927,1.14038,654,10,0
1783521900,1.14038,1.14039,1.13994,1.13999,575,10,0
1783522200,1.13999,1.13999,1.13964,1.13988,329,10,0
1783522500,1.13988,1.13991,1.13965,1.13978,304,10,0
1783522800,1.1397599999999999,1.14032,1.13969,1.14031,383,10,0
1783523100,1.14032,1.14049,1.14022,1.1402700000000001,346,10,0
1783523400,1.14026,1.14033,1.14008,1.14019,288,10,0
1783523700,1.1402,1.14062,1.1402,1.14042,275,10,0
1783524000,1.14042,1.14047,1.1402700000000001,1.14033,192,10,0
1783524300,1.14033,1.14051,1.14026,1.14044,204,10,0
1783524600,1.14044,1.14058,1.14028,1.14036,237,10,0
1783524900,1.14035,1.14047,1.14026,1.14045,184,10,0
1783525200,1.14045,1.14051,1.14033,1.14042,157,10,0
1783525500,1.14043,1.14059,1.14039,1.14052,225,10,0
1783525800,1.14052,1.14065,1.1404,1.14053,251,10,0
1783526100,1.14051,1.1406,1.13951,1.13957,719,10,0
1783526400,1.13956,1.13995,1.13952,1.13984,346,10,0
1783526700,1.13984,1.14011,1.13969,1.1401,390,10,0
1783527000,1.14012,1.14032,1.13994,1.14004,277,10,0
1783527300,1.1400299999999999,1.14005,1.13968,1.13992,324,10,0
1783527600,1.13993,1.14012,1.13987,1.1400000000000001,356,10,0
1783527900,1.13999,1.14057,1.13991,1.1402700000000001,390,10,0
1783528200,1.1403,1.14112,1.1403,1.14109,487,10,0
1783528500,1.14108,1.14117,1.1408800000000001,1.14102,446,10,0
1783528800,1.14101,1.14118,1.14071,1.1411,514,10,0
1783529100,1.14109,1.14133,1.1409799999999999,1.1412200000000001,450,10,0
1783529400,1.14123,1.1413,1.14082,1.14087,513,10,0
1783529700,1.1408800000000001,1.14103,1.14071,1.14094,474,10,0
1783530000,1.14094,1.14128,1.14081,1.14102,379,10,0
1783530300,1.14101,1.14108,1.14067,1.14085,451,10,0
1783530600,1.14084,1.14091,1.14053,1.14057,396,10,0
1783530900,1.14058,1.14089,1.14053,1.14081,274,10,0
1783531200,1.14081,1.14118,1.14079,1.14099,297,10,0
1783531500,1.141,1.14103,1.14068,1.14079,476,10,0
1783531800,1.14077,1.14081,1.1403699999999999,1.14042,503,10,0
1783532100,1.14042,1.14062,1.14039,1.14055,327,10,0
1783532400,1.14055,1.14079,1.14053,1.14055,319,10,0
1783532700,1.14054,1.14068,1.14042,1.14048,275,10,0
1783533000,1.14047,1.1408,1.14045,1.14054,371,10,0
1783533300,1.14055,1.14076,1.14028,1.1407,522,10,0
1783533600,1.14071,1.1409,1.14042,1.14089,438,10,0
1783533900,1.14086,1.14113,1.14078,1.14078,392,10,0
1783534200,1.14076,1.1408,1.14022,1.14024,337,10,0
1783534500,1.14025,1.14031,1.13987,1.14006,451,10,0
1783534800,1.14008,1.1402700000000001,1.13992,1.14012,400,10,0
1783535100,1.14011,1.14018,1.13994,1.13999,380,10,0
1783535400,1.1400000000000001,1.14007,1.13949,1.13968,448,10,0
1783535700,1.13968,1.13987,1.13928,1.1393,404,10,0
1783536000,1.13929,1.13938,1.13907,1.13923,382,10,0
1783536300,1.13923,1.13935,1.13912,1.13923,307,10,0
1783536600,1.13923,1.13956,1.13918,1.1395,251,10,0
1783536900,1.1395,1.13965,1.13941,1.13947,224,10,0
1783537200,1.13946,1.13965,1.13943,1.1396,249,10,0
1783537500,1.13963,1.14005,1.13961,1.13978,320,10,0
1783537800,1.13977,1.13991,1.13967,1.13967,295,10,0
1783538100,1.13967,1.14008,1.13955,1.14007,222,10,0
1783538400,1.14007,1.14026,1.1400299999999999,1.14009,166,10,0
1783538700,1.14009,1.14019,1.13998,1.14009,272,10,0
1783539000,1.14007,1.14057,1.14002,1.14048,261,10,0
1783539300,1.14048,1.14087,1.14046,1.14081,284,10,0
1783539600,1.1408,1.1412,1.14072,1.14115,473,10,0
1783539900,1.14116,1.1413,1.14104,1.14118,225,10,0
1783540200,1.14119,1.14133,1.141,1.14131,273,10,0
1783540500,1.14131,1.14143,1.1412,1.14136,248,10,0
1783540800,1.14138,1.14171,1.14137,1.14144,315,10,0
1783541100,1.14143,1.1421000000000001,1.14143,1.14193,255,10,0
1783541400,1.14194,1.14233,1.14188,1.14207,231,10,0
1783541700,1.14207,1.14221,1.14203,1.14216,259,10,0
1783542000,1.14217,1.1425,1.14217,1.14224,274,10,0
1783542300,1.14225,1.14263,1.14215,1.14257,259,10,0
1783542600,1.14258,1.14266,1.14245,1.14256,151,10,0
1783542900,1.14256,1.14256,1.14229,1.14235,149,10,0
1783543200,1.14235,1.14236,1.1421000000000001,1.14211,200,10,0
1783543500,1.14212,1.14221,1.14205,1.14208,159,10,0
1783543800,1.14209,1.14218,1.14198,1.14204,211,10,0
1783544100,1.14202,1.14202,1.14179,1.14179,171,10,0
1783544400,1.14179,1.14237,1.14157,1.14212,265,10,0
1783544700,1.14212,1.14237,1.14205,1.14234,142,10,0
1783545000,1.14234,1.14276,1.14229,1.14274,155,10,0
1783545300,1.14275,1.14283,1.14253,1.1426,105,10,0
1783545600,1.14258,1.1428,1.14254,1.14275,100,10,0
1783545900,1.14273,1.14274,1.14249,1.14254,226,10,0
1783546200,1.14255,1.14256,1.14233,1.14248,202,10,0
1783546500,1.14248,1.14272,1.14239,1.1427100000000001,193,10,0
1783546800,1.1427100000000001,1.14283,1.14264,1.1428099999999999,133,10,0
1783547100,1.1428099999999999,1.14285,1.14263,1.14269,198,10,0
1783547400,1.14269,1.14276,1.14254,1.14264,183,10,0
1783547700,1.14263,1.14266,1.14246,1.14249,113,10,0
1783548000,1.1425,1.14274,1.1425,1.14269,191,10,0
1783548300,1.14269,1.1429,1.14266,1.1429,102,10,0
1783548600,1.1429,1.1429,1.14272,1.14282,89,10,0
1783548900,1.14283,1.14285,1.14267,1.14275,129,10,0
1783549200,1.14277,1.14289,1.14274,1.14282,97,10,0
1783549500,1.14283,1.1429,1.14273,1.14283,139,10,0
1783549800,1.14284,1.14298,1.14273,1.14273,181,10,0
1783550100,1.14272,1.14288,1.14269,1.1428099999999999,91,10,0
1783550400,1.1428,1.1428099999999999,1.14264,1.14269,124,10,0
1783550700,1.14268,1.14269,1.14222,1.14229,357,10,0
1783551000,1.14227,1.14262,1.14223,1.14261,249,10,0
1783551300,1.14262,1.14286,1.14257,1.1427100000000001,215,10,0
1783551600,1.1427100000000001,1.1427100000000001,1.1425,1.14253,117,10,0
1783551900,1.14251,1.14274,1.14251,1.14262,71,10,0
1783552200,1.14262,1.14262,1.1424,1.14242,70,10,0
1783552500,1.14241,1.14243,1.14221,1.14223,65,10,0
1783552800,1.14222,1.14228,1.14218,1.14219,51,10,0
1783553100,1.14218,1.14218,1.14197,1.14199,77,10,0
1783553400,1.14197,1.14198,1.14184,1.14185,93,10,0
1783553700,1.14184,1.14185,1.14147,1.14155,142,10,0
1783554000,1.14156,1.1417,1.14155,1.1415899999999999,119,10,0
1783554300,1.1415899999999999,1.14166,1.14157,1.14157,95,10,0
1783554600,1.14157,1.14165,1.14157,1.14163,70,10,0
1783554900,1.14163,1.14165,1.14143,1.14152,202,10,0
1783555200,1.14121,1.14157,1.14121,1.14127,11,101,0
1783555500,1.14128,1.14173,1.14119,1.14173,11,66,0
1783555800,1.14173,1.1418,1.14143,1.14166,19,48,0
1783556100,1.14167,1.14175,1.1414900000000001,1.14162,89,28,0
1783556400,1.14163,1.14182,1.14163,1.14177,17,32,0
1783556700,1.14176,1.14179,1.14175,1.14179,8,53,0
1783557000,1.14177,1.1418300000000001,1.14151,1.14161,37,29,0
1783557300,1.14152,1.14175,1.14144,1.1415899999999999,31,22,0
1783557600,1.14158,1.14161,1.14154,1.14154,9,31,0
1783557900,1.14156,1.14156,1.1414900000000001,1.14152,8,28,0
1783558200,1.14152,1.1416,1.14152,1.14153,10,33,0
1783558500,1.14154,1.14164,1.1415,1.14164,9,30,0
1783558800,1.14165,1.14172,1.14157,1.1415899999999999,52,11,0
1783559100,1.14158,1.14169,1.14158,1.14162,39,11,0
1783559400,1.14163,1.14174,1.14163,1.14165,27,11,0
1783559700,1.14166,1.14167,1.14162,1.14167,19,11,0
1783560000,1.14167,1.14167,1.14161,1.14163,19,11,0
1783560300,1.14163,1.14167,1.14161,1.14163,43,10,0
1783560600,1.14164,1.14178,1.14163,1.14178,76,10,0
1783560900,1.14177,1.1418300000000001,1.14173,1.14178,51,11,0
1783561200,1.14178,1.1418300000000001,1.14177,1.14178,35,11,0
1783561500,1.14178,1.14178,1.14173,1.14177,29,11,0
1783561800,1.14178,1.14178,1.14175,1.14175,22,11,0
1783562100,1.14177,1.14188,1.14173,1.14186,35,10,0
1783562400,1.14185,1.14191,1.14182,1.14188,30,11,0
1783562700,1.1419,1.1419,1.14174,1.14177,18,10,0
1783563000,1.14177,1.14177,1.14172,1.14173,26,11,0
1783563300,1.14172,1.14173,1.14167,1.14172,22,10,0
1783563600,1.14171,1.14177,1.14167,1.14172,30,10,0
1783563900,1.14172,1.1418,1.14172,1.14179,16,10,0
1783564200,1.1418,1.14186,1.14178,1.14185,27,10,0
1783564500,1.14188,1.14195,1.1418300000000001,1.14189,39,10,0
1783564800,1.14189,1.14203,1.14189,1.142,25,11,0
1783565100,1.142,1.14209,1.14199,1.14205,37,10,0
1783565400,1.14205,1.14205,1.14192,1.14198,51,10,0
1783565700,1.14198,1.14218,1.14197,1.14208,38,11,0
1783566000,1.14208,1.14236,1.14207,1.14235,179,10,0
1783566300,1.14235,1.14258,1.14235,1.14249,109,10,0
1783566600,1.14251,1.14283,1.14249,1.14273,182,10,0
1783566900,1.14273,1.14279,1.14255,1.14256,142,10,0
1783567200,1.14256,1.14268,1.14248,1.1426,172,10,0
1783567500,1.14261,1.14272,1.14261,1.1427,112,10,0
1783567800,1.1427100000000001,1.14296,1.14268,1.14288,141,10,0
1783568100,1.14288,1.14293,1.14283,1.14285,87,10,0
1783568400,1.14284,1.14289,1.14259,1.14261,114,10,0
1783568700,1.1426,1.14264,1.1425,1.14256,131,10,0
1783569000,1.14258,1.14258,1.14225,1.1423,209,10,0
1783569300,1.14231,1.14255,1.14226,1.14252,152,10,0
1783569600,1.14252,1.14267,1.14236,1.14241,210,10,0
1783569900,1.1424,1.1425,1.14231,1.1425,121,10,0
1783570200,1.1425,1.1425,1.14222,1.14224,114,10,0
1783570500,1.14224,1.14237,1.14223,1.14234,85,10,0
1783570800,1.14235,1.14242,1.14224,1.14229,80,10,0
1783571100,1.1423,1.14232,1.1421000000000001,1.14214,47,10,0
1783571400,1.14214,1.14222,1.14194,1.14218,90,10,0
1783571700,1.14219,1.14248,1.14218,1.14236,117,10,0
1783572000,1.14234,1.14235,1.14223,1.14229,90,10,0
1783572300,1.14228,1.14228,1.14206,1.14219,157,10,0
1783572600,1.14218,1.14223,1.14211,1.14217,83,10,0
1783572900,1.14219,1.14257,1.14218,1.14251,127,10,0
1783573200,1.14252,1.14267,1.1425,1.14263,140,10,0
1783573500,1.14262,1.14277,1.14256,1.14263,119,10,0
1783573800,1.14264,1.14273,1.14253,1.14267,151,10,0
1783574100,1.14268,1.14277,1.14264,1.14268,100,10,0
1783574400,1.14269,1.14269,1.14261,1.14263,137,10,0
1783574700,1.14266,1.14267,1.14253,1.14258,97,10,0
1783575000,1.14259,1.14262,1.14242,1.14242,88,10,0
1783575300,1.14241,1.14251,1.14227,1.14242,159,10,0
1783575600,1.14243,1.14246,1.14233,1.14242,108,10,0
1783575900,1.14242,1.14267,1.14242,1.14262,96,10,0
1783576200,1.14262,1.14267,1.1424400000000001,1.14248,89,10,0
1783576500,1.14249,1.14254,1.14238,1.14239,115,10,0
1783576800,1.14238,1.14248,1.14236,1.14247,112,10,0
1783577100,1.14248,1.14256,1.14246,1.14252,93,10,0
1783577400,1.14253,1.14254,1.14241,1.1425,102,10,0
1783577700,1.1425,1.1425,1.14226,1.14232,127,10,0
1783578000,1.14233,1.14238,1.14223,1.14237,128,10,0
1783578300,1.14236,1.14262,1.14236,1.14258,91,10,0
1783578600,1.14257,1.14297,1.14257,1.14277,154,10,0
1783578900,1.14278,1.14297,1.14277,1.14291,150,10,0
1783579200,1.14292,1.14295,1.14268,1.14274,160,10,0
1783579500,1.14275,1.14275,1.14256,1.14257,109,10,0
1783579800,1.14258,1.14283,1.14256,1.14277,106,10,0
1783580100,1.14277,1.14278,1.14259,1.14263,82,10,0
1783580400,1.14263,1.14265,1.1425,1.14256,117,10,0
1783580700,1.14256,1.14268,1.14256,1.14264,84,10,0
1783581000,1.14264,1.14268,1.14252,1.1426,85,10,0
1783581300,1.1426,1.1426,1.14228,1.14228,87,10,0
1783581600,1.14228,1.14253,1.14227,1.14246,69,10,0
1783581900,1.14247,1.14254,1.14246,1.14248,57,10,0
1783582200,1.14249,1.14265,1.14249,1.1426,62,10,0
1783582500,1.14261,1.14261,1.14248,1.14249,62,10,0
1783582800,1.1425,1.14253,1.14246,1.14251,50,10,0
1783583100,1.14251,1.14258,1.14248,1.14256,55,10,0
1783583400,1.14256,1.14268,1.14254,1.14267,64,10,0
1783583700,1.14266,1.14268,1.14259,1.14263,50,10,0
1783584000,1.14263,1.14274,1.14259,1.14263,93,10,0
1783584300,1.14262,1.1427,1.14258,1.14265,103,10,0
1783584600,1.14264,1.14335,1.14264,1.1431499999999999,384,10,0
1783584900,1.1431499999999999,1.14325,1.14291,1.14299,221,10,0
1783585200,1.14298,1.143,1.14286,1.14298,88,10,0
1783585500,1.14298,1.14321,1.14297,1.14319,109,10,0
1783585800,1.1432,1.14328,1.14303,1.14328,157,10,0
1783586100,1.14327,1.14329,1.14316,1.14328,122,10,0
1783586400,1.14327,1.14328,1.14293,1.14312,177,10,0
1783586700,1.14311,1.14324,1.1431,1.14324,121,10,0
1783587000,1.14325,1.1433200000000001,1.14316,1.14323,125,10,0
1783587300,1.14322,1.14322,1.14298,1.14302,162,10,0
1783587600,1.14304,1.14364,1.14303,1.14354,299,10,0
1783587900,1.14353,1.14358,1.1434,1.14354,235,10,0
1783588200,1.14353,1.14355,1.1433,1.14338,233,10,0
1783588500,1.14337,1.14363,1.1433200000000001,1.14356,218,10,0
1783588800,1.14355,1.14449,1.14351,1.14436,350,10,0
1783589100,1.14438,1.14471,1.14432,1.14463,286,10,0
1783589400,1.14461,1.1448800000000001,1.14448,1.14485,358,10,0
1783589700,1.14484,1.14487,1.1442,1.14443,300,10,0
1783590000,1.14442,1.14451,1.14411,1.14451,162,10,0
1783590300,1.1445,1.1445400000000001,1.1443,1.14431,180,10,0
1783590600,1.14431,1.14441,1.14402,1.1440299999999999,189,10,0
1783590900,1.1440299999999999,1.14418,1.14391,1.14414,265,10,0
1783591200,1.14417,1.14417,1.14379,1.14381,328,10,0
1783591500,1.14381,1.14381,1.14347,1.14373,215,10,0
1783591800,1.14372,1.14382,1.14353,1.14364,260,10,0
1783592100,1.14362,1.14386,1.14356,1.14371,245,10,0
1783592400,1.14372,1.14382,1.14357,1.14369,169,10,0
1783592700,1.14369,1.1438,1.14363,1.14373,192,10,0
1783593000,1.14374,1.1438,1.14348,1.14352,171,10,0
1783593300,1.14347,1.14368,1.14346,1.14359,161,10,0
1783593600,1.14358,1.14363,1.14343,1.1435,168,10,0
1783593900,1.14348,1.14352,1.14321,1.14337,186,10,0
1783594200,1.14338,1.14344,1.14327,1.14338,131,10,0
1783594500,1.14337,1.14355,1.14322,1.14352,181,10,0
1783594800,1.1435,1.14353,1.1433200000000001,1.14346,269,10,0
1783595100,1.14347,1.14375,1.14338,1.1436600000000001,207,10,0
1783595400,1.1436600000000001,1.14377,1.14333,1.14351,200,10,0
1783595700,1.14351,1.14371,1.14346,1.14368,189,10,0
1783596000,1.14369,1.14373,1.14345,1.14355,189,10,0
1783596300,1.14355,1.14365,1.14339,1.14361,146,10,0
1783596600,1.1436,1.14367,1.1433200000000001,1.14338,233,10,0
1783596900,1.1434,1.14352,1.14328,1.14331,201,10,0
1783597200,1.14327,1.14327,1.14306,1.14318,207,10,0
1783597500,1.14317,1.14322,1.14285,1.14288,191,10,0
1783597800,1.14287,1.143,1.1428,1.143,144,10,0
1783598100,1.14301,1.14302,1.1425,1.14262,234,10,0
1783598400,1.14261,1.1428099999999999,1.14259,1.14272,176,10,0
1783598700,1.1427100000000001,1.14274,1.14237,1.14243,252,10,0
1783599000,1.14242,1.14263,1.14232,1.14254,197,10,0
1783599300,1.14253,1.1427,1.14248,1.14259,133,10,0
1783599600,1.14258,1.14279,1.14255,1.14256,136,10,0
1783599900,1.14258,1.14277,1.14253,1.1427,159,10,0
1783600200,1.14269,1.14274,1.14246,1.1425,169,10,0
1783600500,1.14247,1.14269,1.14247,1.14263,188,10,0
1783600800,1.14264,1.14272,1.14236,1.14258,278,10,0
1783601100,1.14258,1.1427100000000001,1.14253,1.14268,128,10,0
1783601400,1.14268,1.1429,1.14268,1.1429,113,10,0
1783601700,1.14291,1.1431,1.14284,1.14304,177,10,0
1783602000,1.14303,1.14306,1.14277,1.14285,154,10,0
1783602300,1.14284,1.1429,1.14269,1.14284,152,10,0
1783602600,1.14285,1.14291,1.14275,1.14289,143,10,0
1783602900,1.14288,1.14296,1.14268,1.14273,159,10,0
1783603200,1.14274,1.1428,1.14263,1.14265,135,10,0
1783603500,1.14265,1.14269,1.14258,1.14266,129,10,0
1783603800,1.14265,1.14288,1.14261,1.14288,150,10,0
1783604100,1.14289,1.14312,1.14283,1.14284,118,10,0
1783604400,1.14283,1.14284,1.14263,1.14268,132,10,0
1783604700,1.14269,1.1428,1.14261,1.14276,181,10,0
1783605000,1.14275,1.14275,1.14208,1.14233,360,10,0
1783605300,1.14232,1.14234,1.14207,1.14229,330,10,0
1783605600,1.1423,1.14241,1.14216,1.14229,317,10,0
1783605900,1.14229,1.14237,1.14217,1.14237,233,10,0
1783606200,1.14236,1.14254,1.1423,1.14254,155,10,0
1783606500,1.14253,1.1426,1.14242,1.14246,132,10,0
1783606800,1.14246,1.14249,1.14231,1.14236,113,10,0
1783607100,1.14237,1.14247,1.14227,1.14232,145,10,0
1783607400,1.14232,1.14253,1.14215,1.14251,152,10,0
1783607700,1.14251,1.14261,1.14241,1.1426,110,10,0
1783608000,1.1426,1.14263,1.14254,1.14254,99,10,0
1783608300,1.14252,1.14269,1.14249,1.14259,145,10,0
1783608600,1.14259,1.14294,1.1424400000000001,1.14293,201,10,0
1783608900,1.14292,1.14294,1.14279,1.1429,172,10,0
1783609200,1.14291,1.14325,1.14291,1.1431499999999999,320,10,0
1783609500,1.14314,1.14347,1.14299,1.1434,297,10,0
1783609800,1.14341,1.14355,1.14326,1.14335,285,10,0
1783610100,1.14333,1.14346,1.14333,1.1434,196,10,0
1783610400,1.14336,1.1434,1.14311,1.14317,226,10,0
1783610700,1.14318,1.14325,1.1430500000000001,1.14318,167,10,0
1783611000,1.14321,1.1435,1.14312,1.14324,236,10,0
1783611300,1.14323,1.14325,1.14292,1.14294,240,10,0
1783611600,1.14295,1.14309,1.14263,1.14279,319,10,0
1783611900,1.14277,1.14279,1.14252,1.14263,213,10,0
1783612200,1.14263,1.14279,1.14243,1.14248,247,10,0
1783612500,1.14249,1.1427100000000001,1.14222,1.14243,259,10,0
1783612800,1.14243,1.14265,1.14234,1.14256,276,10,0
1783613100,1.14257,1.14301,1.14251,1.14294,209,10,0
1783613400,1.14294,1.143,1.14274,1.14299,200,10,0
1783613700,1.14299,1.14362,1.14299,1.14321,350,10,0
1783614000,1.14322,1.14327,1.1430500000000001,1.14323,248,10,0
1783614300,1.14325,1.1435,1.14322,1.14339,248,10,0
1783614600,1.14339,1.14361,1.1431,1.14323,413,10,0
1783614900,1.14324,1.14336,1.14317,1.1432,325,10,0
1783615200,1.14321,1.14364,1.14316,1.14343,303,10,0
1783615500,1.14344,1.14371,1.1433,1.1436600000000001,320,10,0
1783615800,1.14365,1.1438,1.14353,1.14354,347,10,0
1783616100,1.14355,1.14388,1.14354,1.14387,175,10,0
1783616400,1.14387,1.14455,1.14387,1.14455,311,10,0
1783616700,1.14453,1.14453,1.14394,1.14397,433,10,0
1783617000,1.14398,1.14422,1.14394,1.14405,315,10,0
1783617300,1.14404,1.14405,1.1436,1.1436600000000001,350,10,0
1783617600,1.14365,1.14405,1.14363,1.14399,330,10,0
1783617900,1.14397,1.14397,1.14374,1.14386,232,10,0
1783618200,1.14385,1.14412,1.14353,1.14412,304,10,0
1783618500,1.14415,1.14425,1.14369,1.14377,308,10,0
1783618800,1.1437599999999999,1.14377,1.14354,1.14361,288,10,0
1783619100,1.1436,1.14364,1.14347,1.14351,235,10,0
1783619400,1.1435,1.14353,1.14325,1.14329,404,10,0
1783619700,1.14328,1.14336,1.14308,1.14325,467,10,0
1783620000,1.14324,1.1433,1.14287,1.14306,413,10,0
1783620300,1.1430500000000001,1.14354,1.14304,1.14354,281,10,0
1783620600,1.14353,1.14356,1.14302,1.14308,260,10,0
1783620900,1.14308,1.14328,1.14299,1.143,219,10,0
1783621200,1.143,1.1431,1.14288,1.1430500000000001,181,10,0
1783621500,1.14306,1.1434,1.14306,1.14329,201,10,0
1783621800,1.1433,1.14336,1.14306,1.1432,196,10,0
1783622100,1.1432,1.14329,1.14307,1.14329,201,10,0
1783622400,1.1433,1.14369,1.14327,1.14369,153,10,0
1783622700,1.1436600000000001,1.14383,1.14354,1.14367,188,10,0
1783623000,1.14368,1.14401,1.14368,1.14395,233,10,0
1783623300,1.14395,1.14397,1.14374,1.14383,226,10,0
1783623600,1.14384,1.144,1.14384,1.14394,167,10,0
1783623900,1.14395,1.14397,1.1438,1.14388,165,10,0
1783624200,1.14389,1.14399,1.14369,1.14391,161,10,0
1783624500,1.1439,1.14408,1.14369,1.14371,164,10,0
1783624800,1.14372,1.14372,1.14353,1.14359,139,10,0
1783625100,1.14357,1.14377,1.14355,1.1436600000000001,102,10,0
1783625400,1.1436600000000001,1.14372,1.14347,1.14347,102,10,0
1783625700,1.14349,1.1439300000000001,1.14346,1.14387,168,10,0
1783626000,1.14385,1.14401,1.14378,1.14392,130,10,0
1783626300,1.14392,1.14402,1.14391,1.1439300000000001,74,10,0
1783626600,1.14394,1.14396,1.1438,1.14381,118,10,0
1783626900,1.14382,1.14384,1.14359,1.14364,143,10,0
1783627200,1.14363,1.14375,1.14354,1.1436,170,10,0
1783627500,1.14361,1.14369,1.14348,1.14354,168,10,0
1783627800,1.14355,1.14362,1.14337,1.14359,178,10,0
1783628100,1.14358,1.14392,1.14349,1.14391,156,10,0
1783628400,1.14392,1.14401,1.14385,1.14392,172,10,0
1783628700,1.14392,1.144,1.14385,1.14396,134,10,0
1783629000,1.14395,1.14401,1.1437599999999999,1.14379,133,10,0
1783629300,1.1438,1.14385,1.14363,1.14364,156,10,0
1783629600,1.14363,1.14365,1.14354,1.14363,96,10,0
1783629900,1.14364,1.14375,1.14363,1.14369,119,10,0
1783630200,1.14369,1.14378,1.1436600000000001,1.1436600000000001,113,10,0
1783630500,1.1436600000000001,1.14375,1.14362,1.14372,101,10,0
1783630800,1.14372,1.1437599999999999,1.14355,1.14356,87,10,0
1783631100,1.14357,1.1436600000000001,1.14349,1.14356,144,10,0
1783631400,1.14357,1.14363,1.1434199999999999,1.14347,133,10,0
1783631700,1.14347,1.14354,1.14335,1.14336,95,10,0
1783632000,1.14336,1.14339,1.14322,1.14325,113,10,0
1783632300,1.14324,1.14331,1.14314,1.1431499999999999,206,10,0
1783632600,1.14317,1.14327,1.14313,1.1432,102,10,0
1783632900,1.14319,1.14322,1.14309,1.1431,77,10,0
1783633200,1.14311,1.1433200000000001,1.1431,1.14326,95,10,0
1783633500,1.14325,1.14337,1.14318,1.14337,105,10,0
1783633800,1.14337,1.1434,1.14317,1.14328,75,10,0
1783634100,1.14329,1.14336,1.14328,1.1433,104,10,0
1783634400,1.1433,1.14339,1.1431499999999999,1.1432,126,10,0
1783634700,1.1432,1.14324,1.1431,1.1431,61,10,0
1783635000,1.14309,1.14311,1.14302,1.1431,97,10,0
1783635300,1.1431,1.14319,1.14307,1.1431499999999999,96,10,0
1783635600,1.1431499999999999,1.14319,1.14297,1.14297,67,10,0
1783635900,1.14296,1.14296,1.14282,1.14285,100,10,0
1783636200,1.14283,1.14288,1.14267,1.14267,159,10,0
1783636500,1.14268,1.14286,1.14268,1.14279,177,10,0
1783636800,1.1428,1.14286,1.14269,1.14269,87,10,0
1783637100,1.14269,1.1427100000000001,1.14261,1.14264,65,10,0
1783637400,1.14264,1.1427,1.1426,1.14261,60,10,0
1783637700,1.14261,1.1428,1.14251,1.14272,148,10,0
1783638000,1.1427100000000001,1.14283,1.14268,1.14275,76,10,0
1783638300,1.14275,1.14286,1.14274,1.14285,42,10,0
1783638600,1.14285,1.14294,1.1428099999999999,1.14291,27,10,0
1783638900,1.14291,1.14296,1.14286,1.14295,26,10,0
1783639200,1.14294,1.14295,1.1429,1.14292,20,10,0
1783639500,1.14291,1.14297,1.14282,1.14285,59,10,0
1783639800,1.14285,1.14293,1.14285,1.14292,30,10,0
1783640100,1.14292,1.14295,1.1429,1.14292,20,10,0
1783640400,1.14292,1.14293,1.14291,1.14292,10,10,0
1783640700,1.14292,1.14292,1.1428099999999999,1.14287,72,10,0
1783641000,1.14286,1.1429,1.1428,1.14288,56,10,0
1783641300,1.14287,1.14298,1.14287,1.14291,116,10,0
1783641600,1.1428,1.1430500000000001,1.14272,1.1430500000000001,7,48,0
1783641900,1.14302,1.14302,1.14298,1.14299,11,41,0
1783642200,1.14307,1.14307,1.14299,1.14299,19,39,0
1783642500,1.14299,1.14299,1.14293,1.14294,23,46,0
1783642800,1.14294,1.14299,1.14292,1.14293,65,47,0
1783643100,1.14297,1.14299,1.14276,1.14276,44,47,0
1783643400,1.14282,1.14282,1.14276,1.1428,29,50,0
1783643700,1.14279,1.1429,1.14279,1.14284,37,48,0
1783644000,1.1428099999999999,1.14286,1.14277,1.14277,47,49,0
1783644300,1.14307,1.14308,1.14276,1.14279,30,30,0
1783644600,1.14279,1.14279,1.14277,1.14278,8,57,0
1783644900,1.14278,1.1428,1.14277,1.1428,13,63,0
1783645200,1.1428,1.14304,1.14276,1.14304,64,10,0
1783645500,1.143,1.1433,1.143,1.14323,58,10,0
1783645800,1.14323,1.14324,1.1432,1.14323,22,11,0
1783646100,1.14323,1.14328,1.14322,1.14327,38,10,0
1783646400,1.14325,1.14326,1.14324,1.14324,25,10,0
1783646700,1.14325,1.14325,1.14323,1.14324,14,11,0
1783647000,1.14324,1.14326,1.14322,1.14324,30,11,0
1783647300,1.14325,1.14326,1.14322,1.14324,48,10,0
1783647600,1.14325,1.14325,1.14322,1.14324,37,11,0
1783647900,1.14325,1.14327,1.14323,1.14326,36,11,0
1783648200,1.14329,1.14329,1.14326,1.14328,19,11,0
1783648500,1.14328,1.14331,1.14326,1.14329,24,11,0
1783648800,1.1433,1.14331,1.14326,1.1433,38,10,0
1783649100,1.1433,1.14335,1.14329,1.14331,41,10,0
1783649400,1.1433,1.14333,1.14329,1.1433200000000001,25,11,0
1783649700,1.1433200000000001,1.1433200000000001,1.14328,1.14328,35,11,0
1783650000,1.14329,1.14329,1.14314,1.14314,33,10,0
1783650300,1.1431499999999999,1.14316,1.14309,1.1431499999999999,41,10,0
1783650600,1.14314,1.14316,1.14313,1.14314,23,11,0
1783650900,1.14313,1.14325,1.14313,1.14321,31,10,0
1783651200,1.14321,1.14327,1.1432,1.14325,31,10,0
1783651500,1.14326,1.1433,1.14323,1.14325,47,10,0
1783651800,1.14325,1.14325,1.1431499999999999,1.1432,33,10,0
1783652100,1.14319,1.14325,1.14319,1.14325,31,11,0
1783652400,1.14326,1.14336,1.14316,1.14328,230,10,0
1783652700,1.1433,1.14335,1.1432,1.14324,125,11,0
1783653000,1.14324,1.1433,1.14313,1.1431499999999999,97,10,0
1783653300,1.14316,1.14323,1.1431499999999999,1.14316,53,10,0
1783653600,1.14317,1.14317,1.14304,1.14307,66,10,0
1783653900,1.14309,1.14311,1.14304,1.14308,63,10,0
1783654200,1.14308,1.1431,1.14299,1.14301,110,10,0
1783654500,1.14303,1.14322,1.14303,1.14321,103,10,0
1783654800,1.14322,1.14347,1.14321,1.14344,153,10,0
1783655100,1.14344,1.14373,1.14343,1.1437,345,10,0
1783655400,1.14371,1.14386,1.1436,1.14384,242,10,0
1783655700,1.14385,1.14416,1.14381,1.14397,288,10,0
1783656000,1.14395,1.14399,1.14375,1.1439,302,10,0
1783656300,1.1439,1.14422,1.14377,1.14414,332,10,0
1783656600,1.14414,1.14441,1.14411,1.14441,178,10,0
1783656900,1.14441,1.14466,1.14441,1.14465,272,10,0
1783657200,1.14463,1.14466,1.14418,1.14426,234,10,0
1783657500,1.14426,1.1443,1.1441,1.14419,145,10,0
1783657800,1.1442,1.14441,1.14415,1.1444,308,10,0
1783658100,1.1444,1.14452,1.14418,1.14433,190,10,0
1783658400,1.14435,1.14445,1.14421,1.14428,198,10,0
1783658700,1.14429,1.14455,1.14415,1.14453,333,10,0
1783659000,1.1445400000000001,1.14471,1.14444,1.14465,270,10,0
1783659300,1.14466,1.14494,1.14466,1.14467,227,10,0
1783659600,1.14469,1.14484,1.1446399999999999,1.14481,260,10,0
1783659900,1.14481,1.14544,1.14481,1.14528,310,10,0
1783660200,1.14528,1.14556,1.14526,1.14552,276,10,0
1783660500,1.14552,1.14594,1.1454900000000001,1.14587,313,10,0
1783660800,1.14587,1.14592,1.14557,1.14569,320,10,0
1783661100,1.14567,1.14589,1.14564,1.14565,278,10,0
1783661400,1.14567,1.14574,1.14556,1.14564,417,10,0
1783661700,1.14563,1.14566,1.14543,1.1456,254,10,0
1783662000,1.14561,1.14587,1.14558,1.14581,254,10,0
1783662300,1.14581,1.14595,1.14567,1.14578,271,10,0
1783662600,1.14578,1.14603,1.14578,1.14596,231,10,0
1783662900,1.14596,1.14596,1.1457600000000001,1.1457600000000001,196,10,0
1783663200,1.14577,1.14589,1.14567,1.14572,239,10,0
1783663500,1.14572,1.14583,1.14564,1.1458,109,10,0
1783663800,1.14579,1.14579,1.14552,1.14554,116,10,0
1783664100,1.14555,1.14557,1.14547,1.14552,110,10,0
1783664400,1.14553,1.14553,1.14531,1.14531,90,10,0
1783664700,1.14532,1.14552,1.14532,1.14552,94,10,0
1783665000,1.14552,1.14562,1.14547,1.14557,102,10,0
1783665300,1.14558,1.14558,1.14531,1.14541,119,10,0
1783665600,1.14542,1.14542,1.14529,1.14537,71,10,0
1783665900,1.14535,1.14536,1.14509,1.14509,117,10,0
1783666200,1.1451,1.14523,1.14496,1.14497,121,10,0
1783666500,1.14497,1.14502,1.14468,1.14489,184,10,0
1783666800,1.14486,1.14486,1.14474,1.14478,109,10,0
1783667100,1.1448,1.14481,1.14466,1.1447,114,10,0
1783667400,1.14471,1.14485,1.14465,1.14483,93,10,0
1783667700,1.14483,1.14485,1.1446,1.14463,104,10,0
1783668000,1.14462,1.1446399999999999,1.14438,1.14438,114,10,0
1783668300,1.14438,1.1445400000000001,1.1443699999999999,1.14453,98,10,0
1783668600,1.14452,1.14452,1.14441,1.14446,69,10,0
1783668900,1.14445,1.14448,1.14436,1.1444,61,10,0
1783669200,1.1444,1.1444,1.14412,1.14414,104,10,0
1783669500,1.14413,1.14419,1.14402,1.14406,138,10,0
1783669800,1.14409,1.14409,1.14397,1.14398,51,10,0
1783670100,1.14397,1.14423,1.14391,1.14422,153,10,0
1783670400,1.14423,1.14431,1.14419,1.1443,118,10,0
1783670700,1.14429,1.1444,1.14418,1.14418,188,10,0
1783671000,1.14417,1.14419,1.14398,1.144,124,10,0
1783671300,1.14399,1.14405,1.1439,1.1439,122,10,0
1783671600,1.14389,1.1439,1.14371,1.1437599999999999,91,10,0
1783671900,1.1437599999999999,1.1438,1.14369,1.14375,118,10,0
1783672200,1.14375,1.14375,1.14365,1.14369,151,10,0
1783672500,1.14369,1.14379,1.14359,1.14359,92,10,0
1783672800,1.14359,1.14373,1.14351,1.1437,118,10,0
1783673100,1.14373,1.14392,1.1437,1.1439,94,10,0
1783673400,1.1439,1.14406,1.14386,1.1439,151,10,0
1783673700,1.14387,1.14399,1.14383,1.14392,98,10,0
1783674000,1.14392,1.14404,1.14387,1.14399,170,10,0
1783674300,1.14399,1.14416,1.14395,1.1441,233,10,0
1783674600,1.14411,1.1443699999999999,1.1441,1.14424,184,10,0
1783674900,1.14426,1.14456,1.14399,1.1445400000000001,241,10,0
1783675200,1.1445400000000001,1.1447,1.1444,1.14452,208,10,0
1783675500,1.14453,1.1445400000000001,1.14414,1.14415,234,10,0
1783675800,1.14414,1.14435,1.1441,1.14435,333,10,0
1783676100,1.14434,1.14457,1.14432,1.14445,240,10,0
1783676400,1.14445,1.14446,1.14397,1.14397,257,10,0
1783676700,1.14397,1.14401,1.14385,1.14388,172,10,0
1783677000,1.14387,1.14413,1.14386,1.1440299999999999,189,10,0
1783677300,1.1440299999999999,1.14426,1.144,1.14416,116,10,0
1783677600,1.14419,1.1442,1.14381,1.14387,253,10,0
1783677900,1.14386,1.14392,1.1437599999999999,1.14382,202,10,0
1783678200,1.14383,1.14394,1.1437,1.14379,239,10,0
1783678500,1.1438,1.14411,1.14368,1.14411,281,10,0
1783678800,1.14411,1.14417,1.14392,1.14397,257,10,0
1783679100,1.14397,1.14402,1.14373,1.14391,274,10,0
1783679400,1.1439,1.14405,1.14377,1.14379,282,10,0
1783679700,1.1438,1.14391,1.14368,1.1437599999999999,239,10,0
1783680000,1.1437599999999999,1.14407,1.14375,1.14396,256,10,0
1783680300,1.14396,1.14399,1.1436,1.14392,237,10,0
1783680600,1.1439300000000001,1.14411,1.1437599999999999,1.1437599999999999,250,10,0
1783680900,1.1437599999999999,1.14379,1.1436,1.14367,184,10,0
1783681200,1.14367,1.14418,1.14347,1.14396,480,10,0
1783681500,1.14395,1.14418,1.14383,1.144,243,10,0
1783681800,1.144,1.14404,1.14364,1.14365,282,10,0
1783682100,1.14365,1.14365,1.14345,1.1435,233,10,0
1783682400,1.14349,1.14352,1.14326,1.14328,219,10,0
1783682700,1.14329,1.14343,1.14316,1.14335,226,10,0
1783683000,1.14336,1.14354,1.14336,1.14345,357,10,0
1783683300,1.14346,1.14348,1.14313,1.14322,201,10,0
1783683600,1.14323,1.14349,1.14313,1.14347,214,10,0
1783683900,1.14346,1.14349,1.14316,1.14336,249,10,0
1783684200,1.14335,1.14337,1.143,1.14312,179,10,0
1783684500,1.14312,1.1433,1.14299,1.14301,215,10,0
1783684800,1.143,1.14338,1.14299,1.14337,252,10,0
1783685100,1.14337,1.14337,1.1431499999999999,1.14317,125,10,0
1783685400,1.14318,1.14336,1.14308,1.14328,156,10,0
1783685700,1.14328,1.14333,1.1431,1.14311,176,10,0
1783686000,1.1431,1.14318,1.14303,1.14317,150,10,0
1783686300,1.14319,1.1433,1.14314,1.14321,129,10,0
1783686600,1.14321,1.14327,1.14301,1.14301,166,10,0
1783686900,1.14301,1.14317,1.14294,1.14314,192,10,0
1783687200,1.14313,1.14324,1.14289,1.1429,190,10,0
1783687500,1.14291,1.14303,1.14278,1.14284,213,10,0
1783687800,1.14284,1.14292,1.14262,1.14279,216,10,0
1783688100,1.14279,1.1429,1.14267,1.14267,140,10,0
1783688400,1.14267,1.14282,1.14262,1.14278,179,10,0
1783688700,1.14279,1.14287,1.14273,1.14276,113,10,0
1783689000,1.14275,1.14287,1.1427100000000001,1.14284,123,10,0
1783689300,1.14283,1.1431,1.14278,1.14309,108,10,0
1783689600,1.14308,1.1433,1.1430500000000001,1.14327,146,10,0
1783689900,1.14328,1.14331,1.1431,1.14328,147,10,0
1783690200,1.14329,1.1433200000000001,1.14303,1.14306,139,10,0
1783690500,1.1430500000000001,1.14334,1.1430500000000001,1.14322,144,10,0
1783690800,1.14321,1.14321,1.14298,1.14313,126,10,0
1783691100,1.14314,1.14327,1.143,1.1432,166,10,0
1783691400,1.14319,1.14348,1.14319,1.14345,148,10,0
1783691700,1.14343,1.14349,1.1431499999999999,1.14328,284,10,0
1783692000,1.14329,1.14348,1.14324,1.1434,266,10,0
1783692300,1.14338,1.1434,1.14306,1.14309,119,10,0
1783692600,1.14309,1.14319,1.14298,1.143,152,10,0
1783692900,1.14301,1.14304,1.1429,1.14302,142,10,0
1783693200,1.14302,1.14314,1.143,1.14308,127,10,0
1783693500,1.1430500000000001,1.14307,1.14266,1.14297,261,10,0
1783693800,1.14299,1.14303,1.14277,1.14286,284,10,0
1783694100,1.14286,1.14289,1.14261,1.14266,236,10,0
1783694400,1.14266,1.14306,1.14262,1.14291,194,10,0
1783694700,1.14289,1.14298,1.14285,1.14298,136,10,0
1783695000,1.14299,1.1431499999999999,1.1429,1.1429,161,10,0
1783695300,1.1429,1.1431,1.14284,1.1430500000000001,240,10,0
1783695600,1.14306,1.14313,1.14261,1.14269,276,10,0
1783695900,1.1427,1.14302,1.14265,1.14294,276,10,0
1783696200,1.14294,1.14415,1.14287,1.14348,547,10,0
1783696500,1.1435,1.14359,1.14317,1.14329,380,10,0
1783696800,1.14329,1.14329,1.14297,1.14306,263,10,0
1783697100,1.1430500000000001,1.14308,1.14283,1.14285,181,10,0
1783697400,1.14284,1.14299,1.1425,1.14253,318,10,0
1783697700,1.14254,1.14289,1.14247,1.14288,236,10,0
1783698000,1.14287,1.14294,1.14248,1.14256,325,10,0
1783698300,1.14257,1.14262,1.14228,1.14247,282,10,0
1783698600,1.14247,1.14259,1.14233,1.14248,213,10,0
1783698900,1.14249,1.1429,1.14246,1.14287,191,10,0
1783699200,1.14287,1.14291,1.14224,1.14225,319,10,0
1783699500,1.14225,1.1424,1.14193,1.14215,310,10,0
1783699800,1.14214,1.14231,1.14194,1.14217,248,10,0
1783700100,1.14217,1.14221,1.14192,1.14215,222,10,0
1783700400,1.14216,1.14228,1.14199,1.142,157,10,0
1783700700,1.142,1.14214,1.14192,1.14196,208,10,0
1783701000,1.14197,1.14228,1.14192,1.14203,290,10,0
1783701300,1.14202,1.1424,1.14192,1.14235,282,10,0
1783701600,1.14235,1.14261,1.14227,1.14254,288,10,0
1783701900,1.14255,1.14255,1.14209,1.1421000000000001,332,10,0
1783702200,1.14209,1.14241,1.14207,1.14215,277,10,0
1783702500,1.14216,1.14216,1.14191,1.14203,371,10,0
1783702800,1.14204,1.14205,1.14162,1.1418,431,10,0
1783703100,1.14179,1.14201,1.14172,1.14197,291,10,0
1783703400,1.14198,1.14232,1.14188,1.14232,198,10,0
1783703700,1.14231,1.14231,1.142,1.14225,274,10,0
1783704000,1.14226,1.14255,1.14219,1.14239,329,10,0
1783704300,1.14237,1.14262,1.14236,1.14256,287,10,0
1783704600,1.14257,1.1428,1.14116,1.14196,891,10,0
1783704900,1.14196,1.14236,1.14173,1.14202,737,10,0
1783705200,1.14201,1.14223,1.14197,1.14201,417,10,0
1783705500,1.142,1.14227,1.14192,1.14212,434,10,0
1783705800,1.14213,1.1421999999999999,1.14197,1.14218,343,10,0
1783706100,1.14215,1.14224,1.1418,1.1421999999999999,435,10,0
1783706400,1.14219,1.14245,1.14209,1.14233,501,10,0
1783706700,1.14232,1.14272,1.14225,1.14262,244,10,0
1783707000,1.14263,1.14282,1.14254,1.1426,263,10,0
1783707300,1.14261,1.14319,1.1426,1.14309,430,10,0
1783707600,1.1431,1.14343,1.14306,1.1431499999999999,435,10,0
1783707900,1.14317,1.14335,1.14307,1.14327,370,10,0
1783708200,1.14326,1.14334,1.14316,1.1433,314,10,0
1783708500,1.1433,1.14344,1.14314,1.14344,291,10,0
1783708800,1.14344,1.14344,1.14309,1.14311,252,10,0
1783709100,1.14312,1.14334,1.14312,1.14326,198,10,0
1783709400,1.14327,1.14356,1.14324,1.14354,192,10,0
1783709700,1.14354,1.14385,1.1435,1.14372,274,10,0
1783710000,1.14372,1.14381,1.14357,1.14368,374,10,0
1783710300,1.14367,1.14381,1.14358,1.14378,308,10,0
1783710600,1.14377,1.14399,1.14365,1.14392,347,10,0
1783710900,1.14391,1.14407,1.14365,1.14368,357,10,0
1783711200,1.14367,1.14383,1.14354,1.14378,246,10,0
1783711500,1.14378,1.1439,1.14377,1.14388,210,10,0
1783711800,1.14386,1.14389,1.14363,1.14363,193,10,0
1783712100,1.14364,1.14373,1.14353,1.14363,201,10,0
1783712400,1.14362,1.1437599999999999,1.1434,1.14341,234,10,0
1783712700,1.14341,1.14349,1.1433200000000001,1.14335,182,10,0
1783713000,1.14335,1.1435,1.14312,1.1432,239,10,0
1783713300,1.14321,1.14327,1.14289,1.1429,272,10,0
1783713600,1.14289,1.14306,1.14272,1.14275,316,10,0
1783713900,1.14276,1.1428,1.14257,1.14258,174,10,0
1783714200,1.14258,1.14277,1.14257,1.14268,133,10,0
1783714500,1.14269,1.14272,1.14236,1.1424,161,10,0
1783714800,1.1424,1.14246,1.14224,1.14224,153,10,0
1783715100,1.14225,1.14243,1.14219,1.14243,131,10,0
1783715400,1.14243,1.14243,1.14221,1.14225,107,10,0
1783715700,1.14225,1.14227,1.14197,1.14201,128,10,0
1783716000,1.14201,1.14217,1.14198,1.14211,94,10,0
1783716300,1.14211,1.14222,1.14209,1.14216,58,10,0
1783716600,1.14216,1.14221,1.14202,1.14206,88,10,0
1783716900,1.14206,1.1421000000000001,1.14162,1.14172,269,10,0
1783717200,1.14171,1.14176,1.14155,1.14167,218,10,0
1783717500,1.14166,1.14169,1.14153,1.14157,124,10,0
1783717800,1.14157,1.14175,1.14157,1.14162,143,10,0
1783718100,1.14162,1.14165,1.14152,1.14156,94,10,0
1783718400,1.14154,1.14165,1.14137,1.14138,105,10,0
1783718700,1.14139,1.14163,1.14139,1.14142,153,10,0
1783719000,1.1414,1.14154,1.14132,1.14151,106,10,0
1783719300,1.14151,1.14158,1.1413,1.14137,109,10,0
1783719600,1.14134,1.14135,1.14112,1.14124,108,10,0
1783719900,1.14124,1.14147,1.14124,1.14147,76,10,0
1783720200,1.14147,1.14158,1.14142,1.1414900000000001,110,10,0
1783720500,1.1414900000000001,1.1416,1.14136,1.1415899999999999,107,10,0
1783720800,1.1416,1.1416,1.14143,1.14144,87,10,0
1783721100,1.14144,1.1415,1.14139,1.14148,57,10,0
1783721400,1.14147,1.1414900000000001,1.14135,1.14144,77,10,0
1783721700,1.14146,1.1415899999999999,1.14143,1.14155,68,10,0
1783722000,1.14154,1.1415899999999999,1.1415,1.14157,40,10,0
1783722300,1.14157,1.1415899999999999,1.1415,1.14155,56,10,0
1783722600,1.14154,1.14166,1.14146,1.14146,108,10,0
1783722900,1.14146,1.14156,1.14142,1.14143,119,10,0
1783723200,1.14144,1.14157,1.14142,1.14144,54,10,0
1783723500,1.14145,1.14148,1.14134,1.14138,147,10,0
1783723800,1.14138,1.14144,1.14136,1.14142,134,10,0
1783724100,1.14142,1.14164,1.14141,1.14154,149,10,0
1783724400,1.14155,1.14177,1.14153,1.14173,143,10,0
1783724700,1.14174,1.14178,1.14138,1.14139,71,10,0
1783725000,1.14139,1.14154,1.14139,1.14152,54,10,0
1783725300,1.14152,1.14163,1.1414900000000001,1.14161,45,10,0
1783725600,1.14162,1.14165,1.14151,1.14154,56,10,0
1783725900,1.14152,1.14152,1.14135,1.1414,57,10,0
1783726200,1.1414,1.1414,1.1412499999999999,1.14126,53,10,0
1783726500,1.14126,1.14127,1.1411,1.14115,46,10,0
1783726800,1.14116,1.14128,1.14116,1.14124,47,10,0
1783727100,1.14126,1.14138,1.1412499999999999,1.14128,54,10,0
1783727400,1.14129,1.14142,1.14128,1.14138,90,10,0
1783727700,1.1414,1.14144,1.14132,1.14144,284,11,0
1783900800,1.1400000000000001,1.14014,1.13999,1.14014,19,23,0
1783901100,1.14014,1.14031,1.14012,1.14031,18,19,0
1783901400,1.14034,1.14056,1.14031,1.14034,20,39,0
1783901700,1.14034,1.14034,1.14021,1.14026,12,37,0
1783902000,1.14026,1.1403699999999999,1.14026,1.1403699999999999,19,27,0
1783902300,1.1403699999999999,1.1403699999999999,1.14036,1.14036,7,32,0
1783902600,1.14036,1.14036,1.14021,1.14021,19,25,0
1783902900,1.14021,1.14025,1.14021,1.14025,7,28,0
1783903200,1.14025,1.14025,1.14023,1.14024,7,36,0
1783903500,1.1402700000000001,1.14051,1.14022,1.14045,30,26,0
1783903800,1.14044,1.14045,1.14028,1.14028,15,24,0
1783904100,1.14029,1.1403699999999999,1.14016,1.14025,31,20,0
1783904400,1.14023,1.1403,1.1392,1.13959,279,10,0
1783904700,1.13956,1.13956,1.13893,1.13919,230,10,0
1783905000,1.1392,1.13933,1.1388,1.13898,265,10,0
1783905300,1.13897,1.13932,1.13887,1.13926,186,10,0
1783905600,1.13925,1.13937,1.13924,1.13936,143,10,0
1783905900,1.13935,1.13957,1.13933,1.13944,123,10,0
1783906200,1.1394199999999999,1.13951,1.13933,1.13941,129,10,0
1783906500,1.13941,1.13948,1.13931,1.1394,95,10,0
1783906800,1.13939,1.1394199999999999,1.13931,1.13937,83,10,0
1783907100,1.13939,1.13952,1.13935,1.13951,71,10,0
1783907400,1.13952,1.13954,1.13935,1.13943,57,10,0
1783907700,1.1394199999999999,1.13946,1.13937,1.13941,63,10,0
1783908000,1.13941,1.13941,1.13926,1.13931,103,10,0
1783908300,1.13931,1.13945,1.1393,1.13944,121,10,0
1783908600,1.13944,1.13965,1.1394,1.13963,77,10,0
1783908900,1.13963,1.13969,1.13957,1.13968,84,10,0
1783909200,1.13969,1.13979,1.13968,1.13974,54,10,0
1783909500,1.13975,1.13978,1.13969,1.13978,49,11,0
1783909800,1.13978,1.13981,1.13956,1.1396,63,10,0
1783910100,1.13961,1.1397,1.13958,1.1397,62,10,0
1783910400,1.13969,1.13985,1.13969,1.13979,38,10,0
1783910700,1.1398,1.14025,1.13978,1.13999,140,10,0
1783911000,1.13999,1.14016,1.13998,1.14008,137,10,0
1783911300,1.14007,1.1403699999999999,1.13994,1.14036,146,10,0
1783911600,1.1403699999999999,1.14041,1.14007,1.14024,370,10,0
1783911900,1.14023,1.14039,1.14015,1.14018,322,10,0
1783912200,1.14019,1.14023,1.13999,1.14001,223,10,0
1783912500,1.14001,1.14007,1.13972,1.13975,205,10,0
1783912800,1.1397599999999999,1.1405,1.1397599999999999,1.14035,236,10,0
1783913100,1.14035,1.14035,1.1401,1.14011,205,10,0
1783913400,1.14011,1.14026,1.13986,1.13987,207,10,0
1783913700,1.13988,1.14002,1.13956,1.13959,244,10,0
1783914000,1.13958,1.1397599999999999,1.13949,1.13965,243,10,0
1783914300,1.13965,1.13979,1.1396,1.1396,164,10,0
1783914600,1.13961,1.13974,1.13947,1.13959,215,10,0
1783914900,1.13958,1.13967,1.13941,1.13949,185,10,0
1783915200,1.13949,1.13949,1.13914,1.1392,364,10,0
1783915500,1.1392,1.13925,1.139,1.13904,190,10,0
1783915800,1.13903,1.13916,1.139,1.13901,151,10,0
1783916100,1.139,1.1392,1.139,1.13909,258,10,0
1783916400,1.13908,1.13913,1.13838,1.13859,314,10,0
1783916700,1.13861,1.13892,1.13858,1.13892,296,10,0
1783917000,1.13892,1.13917,1.13885,1.13897,256,10,0
1783917300,1.13897,1.13947,1.13896,1.13931,184,10,0
1783917600,1.1393,1.13946,1.13923,1.13946,231,10,0
1783917900,1.13946,1.13967,1.13943,1.1396600000000001,175,10,0
1783918200,1.1396600000000001,1.13969,1.1394,1.13941,278,10,0
1783918500,1.1394199999999999,1.1397,1.13931,1.1397,259,10,0
1783918800,1.13972,1.13977,1.1393,1.13937,200,10,0
1783919100,1.13938,1.13952,1.13935,1.13948,180,10,0
1783919400,1.13952,1.13953,1.13945,1.13945,167,10,0
1783919700,1.13945,1.13956,1.13938,1.13946,140,10,0
1783920000,1.13946,1.13957,1.13941,1.13947,138,10,0
1783920300,1.13948,1.13953,1.13938,1.1395,143,10,0
1783920600,1.13949,1.13954,1.13939,1.13949,158,10,0
1783920900,1.1395,1.13987,1.1395,1.13981,144,10,0
1783921200,1.13981,1.13992,1.13975,1.13992,94,10,0
1783921500,1.13992,1.13992,1.13962,1.1396600000000001,89,10,0
1783921800,1.1396600000000001,1.1396600000000001,1.13943,1.13947,152,10,0
1783922100,1.13948,1.13954,1.13936,1.13937,100,10,0
1783922400,1.13936,1.13948,1.13917,1.13923,135,10,0
1783922700,1.13922,1.13923,1.13907,1.13919,123,10,0
1783923000,1.13918,1.13929,1.13902,1.13929,154,10,0
1783923300,1.13929,1.13945,1.13928,1.13943,155,10,0
1783923600,1.13944,1.13952,1.1394199999999999,1.13946,113,10,0
1783923900,1.13946,1.13949,1.13933,1.13946,98,10,0
1783924200,1.13945,1.13965,1.13944,1.13949,153,10,0
1783924500,1.1395,1.13953,1.13945,1.13951,112,10,0
1783924800,1.13952,1.13958,1.1395,1.13956,127,10,0
1783925100,1.13957,1.13969,1.13955,1.13968,67,10,0
1783925400,1.13968,1.13972,1.13952,1.13958,58,10,0
1783925700,1.13959,1.13985,1.13956,1.13984,84,10,0
1783926000,1.13984,1.13985,1.13965,1.13968,117,10,0
1783926300,1.13969,1.1398,1.13965,1.13974,94,10,0
1783926600,1.13972,1.13987,1.1396600000000001,1.13987,83,10,0
1783926900,1.13986,1.13995,1.13979,1.13993,83,10,0
1783927200,1.13994,1.13995,1.13981,1.13984,98,10,0
1783927500,1.13987,1.14009,1.13985,1.14009,102,10,0
1783927800,1.14009,1.14013,1.1400299999999999,1.14009,114,10,0
1783928100,1.14008,1.14021,1.14007,1.14021,74,10,0
1783928400,1.14021,1.14021,1.14004,1.14006,76,10,0
1783928700,1.14005,1.14015,1.14005,1.14006,78,10,0
1783929000,1.14007,1.1402700000000001,1.14005,1.14026,94,10,0
1783929300,1.14026,1.14046,1.14026,1.14034,93,10,0
1783929600,1.14034,1.1405,1.14032,1.14049,158,10,0
1783929900,1.14049,1.14068,1.14043,1.14067,165,10,0
1783930200,1.14067,1.14087,1.1406,1.14077,177,10,0
1783930500,1.14075,1.14079,1.14045,1.14045,118,10,0
1783930800,1.14046,1.1405,1.14014,1.14023,186,10,0
1783931100,1.14023,1.1403,1.14005,1.1401,189,10,0
1783931400,1.1401,1.14021,1.1399,1.14018,291,10,0
1783931700,1.14018,1.14029,1.14014,1.1402,248,10,0
1783932000,1.1402,1.14026,1.14005,1.14006,125,10,0
1783932300,1.14006,1.14028,1.13997,1.14026,148,10,0
1783932600,1.1402700000000001,1.14036,1.13991,1.13997,268,10,0
1783932900,1.1400000000000001,1.14004,1.13964,1.13982,364,10,0
1783933200,1.13981,1.13991,1.13959,1.1397599999999999,439,10,0
1783933500,1.1397599999999999,1.13986,1.13953,1.13968,329,10,0
1783933800,1.13969,1.13986,1.13952,1.13961,314,10,0
1783934100,1.1396,1.13995,1.1396,1.13993,250,10,0
1783934400,1.13992,1.1402,1.13987,1.14005,304,10,0
1783934700,1.14008,1.14033,1.14007,1.14032,272,10,0
1783935000,1.14032,1.14069,1.14023,1.14044,358,10,0
1783935300,1.14043,1.14068,1.14042,1.1406399999999999,262,10,0
1783935600,1.14065,1.14072,1.14038,1.14044,163,10,0
1783935900,1.14042,1.14049,1.14026,1.14047,215,10,0
1783936200,1.14046,1.1406399999999999,1.14014,1.1402700000000001,280,10,0
1783936500,1.14026,1.14026,1.13996,1.14005,338,10,0
1783936800,1.14005,1.14058,1.14004,1.14053,375,10,0
1783937100,1.14052,1.14077,1.1403699999999999,1.14073,378,10,0
1783937400,1.14074,1.14101,1.14066,1.14077,503,10,0
1783937700,1.14078,1.1408,1.1406100000000001,1.14069,223,10,0
1783938000,1.1407,1.14091,1.14063,1.14075,215,10,0
1783938300,1.14074,1.1408800000000001,1.1406100000000001,1.14087,209,10,0
1783938600,1.14086,1.14102,1.14063,1.1409799999999999,238,10,0
1783938900,1.1409799999999999,1.14217,1.1409799999999999,1.14192,725,10,0
1783939200,1.14191,1.14193,1.14158,1.14162,380,10,0
1783939500,1.14163,1.14221,1.14162,1.14214,336,10,0
1783939800,1.14214,1.14257,1.14207,1.14253,391,10,0
1783940100,1.14253,1.14256,1.14225,1.14242,361,10,0
1783940400,1.14243,1.14282,1.14236,1.14276,472,10,0
1783940700,1.14276,1.14349,1.14269,1.14349,656,10,0
1783941000,1.14347,1.14428,1.14337,1.14391,689,10,0
1783941300,1.14392,1.1445400000000001,1.1439,1.14411,512,10,0
1783941600,1.14412,1.14419,1.14395,1.14395,351,10,0
1783941900,1.1439300000000001,1.1440299999999999,1.14367,1.14381,468,10,0
1783942200,1.14381,1.14394,1.14359,1.14378,376,10,0
1783942500,1.1437599999999999,1.14381,1.14352,1.1437599999999999,290,10,0
1783942800,1.1437599999999999,1.14402,1.14372,1.1439,268,10,0
1783943100,1.1439,1.14392,1.14375,1.1439,279,10,0
1783943400,1.1439,1.14391,1.14365,1.14381,324,10,0
1783943700,1.14382,1.14382,1.14352,1.14354,313,10,0
1783944000,1.14355,1.14362,1.14333,1.14359,319,10,0
1783944300,1.1436,1.14368,1.14329,1.1433,266,10,0
1783944600,1.14329,1.14333,1.1430500000000001,1.1431,212,10,0
1783944900,1.1431,1.1434,1.14299,1.14306,243,10,0
1783945200,1.14306,1.1431,1.1428,1.14291,174,10,0
1783945500,1.14292,1.14321,1.14287,1.14312,241,10,0
1783945800,1.14312,1.14326,1.14293,1.14296,222,10,0
1783946100,1.14295,1.14299,1.14278,1.14279,198,10,0
1783946400,1.1428,1.14301,1.14272,1.14291,192,10,0
1783946700,1.14294,1.14307,1.14275,1.14283,188,10,0
1783947000,1.14282,1.14291,1.14268,1.14291,183,10,0
1783947300,1.14292,1.1431,1.14291,1.14309,228,10,0
1783947600,1.14309,1.14323,1.14301,1.14322,222,10,0
1783947900,1.14323,1.14343,1.1430500000000001,1.14333,239,10,0
1783948200,1.14334,1.14339,1.14312,1.14313,219,10,0
1783948500,1.14311,1.14313,1.14289,1.14297,206,10,0
1783948800,1.14297,1.14299,1.14287,1.14291,177,10,0
1783949100,1.14292,1.14303,1.14273,1.14286,218,10,0
1783949400,1.14286,1.14295,1.1427,1.1427100000000001,170,10,0
1783949700,1.1427100000000001,1.14297,1.14254,1.14294,179,10,0
1783950000,1.14294,1.14311,1.14284,1.14285,262,10,0
1783950300,1.14284,1.14326,1.14277,1.14325,236,10,0
1783950600,1.14326,1.14343,1.1432,1.14339,241,10,0
1783950900,1.14338,1.14351,1.14331,1.1435,246,10,0
1783951200,1.14353,1.14354,1.14319,1.14345,326,10,0
1783951500,1.14344,1.14368,1.14295,1.14296,382,10,0
1783951800,1.14295,1.14298,1.1427,1.14296,287,10,0
1783952100,1.14295,1.14297,1.14259,1.14262,246,10,0
1783952400,1.14263,1.1427,1.14247,1.1427,179,10,0
1783952700,1.14269,1.14298,1.14267,1.14286,223,10,0
1783953000,1.14285,1.14304,1.1428099999999999,1.14296,193,10,0
1783953300,1.14297,1.14297,1.14262,1.14266,192,10,0
1783953600,1.14266,1.14298,1.14266,1.14297,221,10,0
1783953900,1.14297,1.14297,1.1428,1.14292,196,10,0
1783954200,1.14291,1.14296,1.14272,1.14278,236,10,0
1783954500,1.14276,1.14283,1.14262,1.1427100000000001,224,10,0
1783954800,1.1427,1.14302,1.14259,1.14267,318,10,0
1783955100,1.14268,1.14273,1.14213,1.1423,359,10,0
1783955400,1.14229,1.14258,1.142,1.14219,418,10,0
1783955700,1.14221,1.14238,1.14215,1.14226,270,10,0
1783956000,1.14222,1.1424,1.14204,1.1424,227,10,0
1783956300,1.14242,1.14248,1.14209,1.14236,285,10,0
1783956600,1.14236,1.14263,1.14225,1.14263,313,10,0
1783956900,1.14261,1.1428099999999999,1.14256,1.14262,271,10,0
1783957200,1.1426,1.1428099999999999,1.14248,1.14249,234,10,0
1783957500,1.14248,1.14277,1.1424400000000001,1.14256,237,10,0
1783957800,1.14256,1.14258,1.14214,1.14249,241,10,0
1783958100,1.1425,1.14304,1.1425,1.14304,268,10,0
1783958400,1.1430500000000001,1.14328,1.14292,1.14304,425,10,0
1783958700,1.14303,1.14307,1.14284,1.14296,265,10,0
1783959000,1.14297,1.14301,1.14255,1.1426,275,10,0
1783959300,1.1426,1.14265,1.14245,1.1425,146,10,0
1783959600,1.14249,1.14269,1.1424400000000001,1.14248,197,10,0
1783959900,1.14248,1.14255,1.14223,1.1424,250,10,0
1783960200,1.14241,1.1426,1.14234,1.14251,440,10,0
1783960500,1.1425,1.14292,1.14225,1.14226,371,10,0
1783960800,1.14225,1.14237,1.1419,1.14204,440,10,0
1783961100,1.14203,1.14218,1.14177,1.14177,452,10,0
1783961400,1.14178,1.14185,1.14151,1.14181,424,10,0
1783961700,1.1418,1.14186,1.14139,1.14141,365,10,0
1783962000,1.14139,1.14156,1.14103,1.14135,629,10,0
1783962300,1.14136,1.14151,1.1413,1.14146,346,10,0
1783962600,1.14145,1.14146,1.14123,1.14133,266,10,0
1783962900,1.14133,1.14145,1.14002,1.14036,865,10,0
1783963200,1.14035,1.1407,1.14014,1.1406100000000001,635,10,0
1783963500,1.1406,1.14083,1.14048,1.14074,503,10,0
1783963800,1.14073,1.1408800000000001,1.14047,1.14047,472,10,0
1783964100,1.14046,1.14049,1.14014,1.14018,448,10,0
1783964400,1.14017,1.14025,1.13992,1.14024,348,10,0
1783964700,1.14025,1.14067,1.14011,1.14031,395,10,0
1783965000,1.14031,1.14032,1.13986,1.13991,469,10,0
1783965300,1.13989,1.14057,1.13979,1.14057,498,10,0
1783965600,1.14055,1.1406100000000001,1.14009,1.14014,406,10,0
1783965900,1.14013,1.14042,1.14011,1.14023,274,10,0
1783966200,1.14024,1.14024,1.13968,1.1397599999999999,280,10,0
1783966500,1.13974,1.14002,1.1396,1.14002,291,10,0
1783966800,1.14001,1.14015,1.1400000000000001,1.14002,292,10,0
1783967100,1.14001,1.1400299999999999,1.13984,1.13987,216,10,0
1783967400,1.13992,1.13994,1.1396,1.13964,269,10,0
1783967700,1.13963,1.13984,1.1396,1.13973,259,10,0
1783968000,1.13972,1.14004,1.1397,1.13993,200,10,0
1783968300,1.13993,1.13994,1.1396600000000001,1.1397599999999999,252,10,0
1783968600,1.13975,1.14007,1.13971,1.14006,212,10,0
1783968900,1.14005,1.14034,1.13998,1.14011,252,10,0
1783969200,1.14013,1.14015,1.13994,1.14006,227,10,0
1783969500,1.14007,1.14016,1.13997,1.14008,197,10,0
1783969800,1.14007,1.14022,1.1400000000000001,1.14009,161,10,0
1783970100,1.1401,1.14012,1.13971,1.1397599999999999,207,10,0
1783970400,1.13975,1.13975,1.13951,1.13951,139,10,0
1783970700,1.13952,1.13961,1.13885,1.1390500000000001,401,10,0
1783971000,1.13906,1.13909,1.13824,1.13836,831,10,0
1783971300,1.13837,1.13869,1.13822,1.13868,598,10,0
1783971600,1.13869,1.13898,1.13843,1.13893,477,10,0
1783971900,1.13894,1.13917,1.13852,1.13867,483,10,0
1783972200,1.13869,1.13882,1.13829,1.13857,560,10,0
1783972500,1.13859,1.13883,1.13845,1.13882,372,10,0
1783972800,1.13882,1.13888,1.13849,1.13878,399,10,0
1783973100,1.13878,1.13903,1.13877,1.13899,246,10,0
1783973400,1.13898,1.13898,1.13863,1.13865,178,10,0
1783973700,1.13866,1.1388,1.13855,1.13872,188,10,0
1783974000,1.13871,1.13887,1.13867,1.13867,170,10,0
1783974300,1.13868,1.13878,1.13852,1.13869,180,10,0
1783974600,1.1387,1.13874,1.13855,1.13874,170,10,0
1783974900,1.13875,1.13875,1.13856,1.13861,123,10,0
1783975200,1.13861,1.13884,1.1385,1.1388099999999999,167,10,0
1783975500,1.1388099999999999,1.13896,1.13871,1.13874,157,10,0
1783975800,1.13873,1.13878,1.13855,1.13865,156,10,0
1783976100,1.13867,1.13872,1.13857,1.13857,123,10,0
1783976400,1.13858,1.13868,1.13843,1.13846,198,10,0
1783976700,1.13846,1.13883,1.1384400000000001,1.13878,140,10,0
1783977000,1.13878,1.13878,1.1385399999999999,1.13861,187,10,0
1783977300,1.13861,1.13868,1.13846,1.13859,194,10,0
1783977600,1.13858,1.13865,1.1385,1.1386,157,10,0
1783977900,1.1386,1.13874,1.13857,1.13862,173,10,0
1783978200,1.13863,1.13872,1.13856,1.13862,199,10,0
1783978500,1.13863,1.13884,1.13863,1.1387,148,10,0
1783978800,1.13871,1.13883,1.13865,1.13874,101,10,0
1783979100,1.13876,1.13877,1.1386,1.13861,118,10,0
1783979400,1.1386,1.13873,1.13859,1.13867,98,10,0
1783979700,1.13866,1.13876,1.13853,1.1387,192,10,0
1783980000,1.13871,1.13874,1.13855,1.13868,208,10,0
1783980300,1.13868,1.13871,1.13845,1.13845,131,10,0
1783980600,1.13843,1.13843,1.13816,1.13816,147,10,0
1783980900,1.13816,1.13832,1.13813,1.13827,189,10,0
1783981200,1.13827,1.13839,1.13825,1.13834,130,10,0
1783981500,1.13834,1.13841,1.13822,1.13825,171,10,0
1783981800,1.13826,1.13841,1.13826,1.13837,169,10,0
1783982100,1.13838,1.13838,1.13819,1.13828,119,10,0
1783982400,1.13829,1.13837,1.13826,1.13829,150,10,0
1783982700,1.13829,1.13829,1.13821,1.13827,147,10,0
1783983000,1.13828,1.13829,1.13821,1.13822,134,10,0
1783983300,1.13823,1.13834,1.13818,1.1383,205,10,0
1783983600,1.1383,1.13839,1.13824,1.13836,78,10,0
1783983900,1.13836,1.13838,1.13824,1.13824,51,10,0
1783984200,1.13825,1.13825,1.1379,1.13794,76,10,0
1783984500,1.13795,1.13795,1.13776,1.13788,80,10,0
1783984800,1.13788,1.1379,1.1377,1.13771,59,10,0
1783985100,1.1377,1.13794,1.1377,1.13792,65,10,0
1783985400,1.13791,1.13797,1.13785,1.13792,60,10,0
1783985700,1.13792,1.13794,1.13778,1.13788,45,10,0
1783986000,1.13788,1.13797,1.13784,1.13791,52,10,0
1783986300,1.13792,1.13794,1.13788,1.13792,42,10,0
1783986600,1.13794,1.13795,1.13786,1.13787,47,10,0
1783986900,1.13787,1.13803,1.13757,1.1375899999999999,103,10,0
1783987200,1.13756,1.13767,1.13756,1.13757,10,102,0
1783987500,1.13779,1.1379299999999999,1.13774,1.13776,21,88,0
1783987800,1.13776,1.1379299999999999,1.13776,1.13776,11,89,0
1783988100,1.13776,1.13778,1.13774,1.13776,10,98,0
1783988400,1.13776,1.13813,1.13776,1.13813,7,78,0
1783988700,1.13795,1.13811,1.1379,1.13803,24,78,0
1783989000,1.13801,1.13841,1.13788,1.13805,31,56,0
1783989300,1.13805,1.13823,1.13791,1.13804,60,32,0
1783989600,1.13804,1.13813,1.138,1.13803,57,75,0
1783989900,1.13807,1.13808,1.13799,1.13802,25,59,0
1783990200,1.13802,1.13802,1.138,1.13801,12,80,0
1783990500,1.13801,1.13803,1.13785,1.13785,24,45,0
1783990800,1.13785,1.13857,1.13785,1.13831,93,10,0
1783991100,1.13832,1.13839,1.1381000000000001,1.13812,67,10,0
1783991400,1.13811,1.13824,1.13811,1.13824,90,10,0
1783991700,1.13822,1.13834,1.13822,1.1383,60,11,0
1783992000,1.13832,1.13833,1.13827,1.13828,79,11,0
1783992300,1.13829,1.13833,1.13825,1.13832,46,11,0
1783992600,1.13833,1.13837,1.1383,1.13831,83,11,0
1783992900,1.1383,1.13834,1.13825,1.13829,49,11,0
1783993200,1.1383,1.13845,1.13826,1.13845,86,10,0
1783993500,1.13843,1.13843,1.13824,1.13826,65,11,0
1783993800,1.13825,1.13826,1.1381000000000001,1.13815,72,11,0
1783994100,1.13816,1.13816,1.13804,1.13804,65,11,0
1783994400,1.13804,1.13813,1.13795,1.13812,113,11,0
1783994700,1.13812,1.13824,1.13812,1.13821,51,10,0
1783995000,1.1381999999999999,1.13821,1.13807,1.13808,47,10,0
1783995300,1.13809,1.13809,1.138,1.13802,67,10,0
1783995600,1.13801,1.13811,1.13796,1.13811,55,10,0
1783995900,1.13811,1.13816,1.13802,1.13805,54,10,0
1783996200,1.13804,1.13813,1.13798,1.1381000000000001,74,10,0
1783996500,1.1381000000000001,1.13817,1.13809,1.13816,60,10,0
1783996800,1.13816,1.13831,1.13816,1.1381999999999999,51,10,0
1783997100,1.1381999999999999,1.13833,1.13811,1.13822,121,10,0
1783997400,1.13823,1.13831,1.1381000000000001,1.13824,207,10,0
1783997700,1.13823,1.13831,1.13813,1.13828,190,10,0
1783998000,1.13831,1.13835,1.13807,1.13815,380,10,0
1783998300,1.13815,1.13842,1.13812,1.1384,237,10,0
1783998600,1.1384,1.1386,1.13837,1.13842,288,10,0
1783998900,1.13842,1.13843,1.13788,1.13788,284,10,0
1783999200,1.13789,1.13811,1.13777,1.1379299999999999,446,10,0
1783999500,1.1379299999999999,1.13802,1.13785,1.13798,274,10,0
1783999800,1.13798,1.13836,1.13792,1.13826,357,10,0
1784000100,1.13827,1.13851,1.13824,1.13843,198,10,0
1784000400,1.13842,1.13879,1.13836,1.1387,348,10,0
1784000700,1.1387,1.13882,1.13857,1.13875,434,10,0
1784001000,1.13876,1.13887,1.13871,1.1388,272,10,0
1784001300,1.13882,1.13891,1.13842,1.13843,230,10,0
1784001600,1.13842,1.13867,1.1384,1.13859,335,10,0
1784001900,1.13858,1.13868,1.13857,1.13862,190,10,0
1784002200,1.13861,1.13868,1.13855,1.13861,192,10,0
1784002500,1.13864,1.13889,1.13862,1.13885,235,10,0
1784002800,1.13885,1.13896,1.13879,1.13885,188,10,0
1784003100,1.13885,1.13886,1.13846,1.13846,186,10,0
1784003400,1.13847,1.13869,1.13845,1.13866,200,10,0
1784003700,1.13864,1.13864,1.1384400000000001,1.13856,210,10,0
1784004000,1.13857,1.1388099999999999,1.1385399999999999,1.13873,178,10,0
1784004300,1.13872,1.13876,1.1386,1.13871,271,10,0
1784004600,1.13872,1.1389,1.13869,1.13882,208,10,0
1784004900,1.13883,1.13901,1.13876,1.13884,141,10,0
1784005200,1.13884,1.13902,1.13884,1.13901,208,10,0
1784005500,1.139,1.13908,1.13891,1.13892,173,10,0
1784005800,1.13892,1.13903,1.13885,1.13901,178,10,0
1784006100,1.13901,1.13923,1.13899,1.13921,164,10,0
1784006400,1.13922,1.13928,1.13919,1.13927,131,10,0
1784006700,1.13928,1.13935,1.13926,1.13931,131,10,0
1784007000,1.13932,1.13938,1.1392,1.13921,178,10,0
1784007300,1.13921,1.13933,1.1392,1.13931,110,10,0
1784007600,1.1393,1.13937,1.13918,1.13919,125,10,0
1784007900,1.1392,1.13926,1.13914,1.1391499999999999,152,10,0
1784008200,1.1391499999999999,1.1391499999999999,1.13904,1.13908,147,10,0
1784008500,1.13909,1.13911,1.13901,1.13901,102,10,0
1784008800,1.13903,1.1391499999999999,1.13878,1.1388099999999999,254,10,0
1784009100,1.1388099999999999,1.13896,1.13879,1.13893,85,10,0
1784009400,1.13893,1.13919,1.13891,1.13909,94,10,0
1784009700,1.13907,1.13917,1.13889,1.13893,205,10,0
1784010000,1.13893,1.1390500000000001,1.1388099999999999,1.13899,156,10,0
1784010300,1.13903,1.13927,1.13903,1.13925,117,10,0
1784010600,1.13926,1.1394199999999999,1.1392,1.13925,174,10,0
1784010900,1.13925,1.13962,1.13925,1.13949,193,10,0
1784011200,1.1395,1.13951,1.13933,1.13934,129,10,0
1784011500,1.13934,1.13946,1.13934,1.13935,117,10,0
1784011800,1.13936,1.13945,1.13935,1.13939,109,10,0
1784012100,1.13939,1.13939,1.13927,1.1393,71,10,0
1784012400,1.13931,1.1394,1.13926,1.13935,121,10,0
1784012700,1.13934,1.13936,1.13909,1.13916,138,10,0
1784013000,1.1391499999999999,1.13926,1.139,1.13924,130,10,0
1784013300,1.13924,1.13935,1.13924,1.13934,75,10,0
1784013600,1.13933,1.1394,1.1393,1.13935,78,10,0
1784013900,1.13934,1.13935,1.13921,1.13922,136,10,0
1784014200,1.13924,1.13936,1.13918,1.13932,164,10,0
1784014500,1.13932,1.13935,1.1391499999999999,1.13926,239,10,0
1784014800,1.13926,1.13926,1.13913,1.13916,127,10,0
1784015100,1.1391499999999999,1.13916,1.13891,1.13892,111,10,0
1784015400,1.13892,1.13897,1.1387,1.13894,169,10,0
1784015700,1.13897,1.13904,1.13894,1.13901,84,10,0
1784016000,1.13901,1.13923,1.139,1.13911,113,10,0
1784016300,1.1391,1.13923,1.1391,1.13916,114,10,0
1784016600,1.13916,1.13927,1.13914,1.13921,72,10,0
1784016900,1.13921,1.13936,1.13921,1.13934,70,10,0
1784017200,1.13933,1.1394199999999999,1.13931,1.13932,115,10,0
1784017500,1.13934,1.13941,1.13927,1.13935,133,10,0
1784017800,1.13935,1.13953,1.13935,1.13944,254,10,0
1784018100,1.13945,1.13954,1.1392,1.13923,199,10,0
1784018400,1.13924,1.13941,1.13922,1.13936,114,10,0
1784018700,1.13937,1.13937,1.13925,1.1393,154,10,0
1784019000,1.1393,1.13932,1.13918,1.13929,168,10,0
1784019300,1.13929,1.13929,1.1390500000000001,1.13913,193,10,0
1784019600,1.13912,1.13921,1.13885,1.13888,306,10,0
1784019900,1.13887,1.1390500000000001,1.13884,1.13896,247,10,0
1784020200,1.13897,1.13912,1.13875,1.13879,229,10,0
1784020500,1.1388,1.13891,1.13862,1.13872,155,10,0
1784020800,1.13872,1.1388099999999999,1.13869,1.13876,151,10,0
1784021100,1.13876,1.13876,1.13857,1.13867,255,10,0
1784021400,1.13867,1.13933,1.13861,1.1391499999999999,251,10,0
1784021700,1.13916,1.13926,1.13892,1.13897,231,10,0
1784022000,1.13897,1.13897,1.1388,1.1388,212,10,0
1784022300,1.13879,1.1388,1.1385,1.1385,171,10,0
1784022600,1.13851,1.13872,1.13841,1.13861,215,10,0
1784022900,1.1386,1.13878,1.13853,1.13856,206,10,0
1784023200,1.13858,1.13876,1.13836,1.13873,387,10,0
1784023500,1.13874,1.13898,1.13872,1.13886,371,10,0
1784023800,1.13885,1.13887,1.1386,1.13862,285,10,0
1784024100,1.1386,1.13884,1.13859,1.13882,235,10,0
1784024400,1.1388099999999999,1.13914,1.13871,1.13907,257,10,0
1784024700,1.13907,1.1394199999999999,1.13906,1.13932,269,10,0
1784025000,1.13932,1.13933,1.13885,1.13897,305,10,0
1784025300,1.13896,1.1392,1.13887,1.13907,225,10,0
1784025600,1.13906,1.13914,1.13891,1.13912,236,10,0
1784025900,1.13914,1.1397,1.13912,1.13968,336,10,0
1784026200,1.13967,1.13967,1.13937,1.13954,369,10,0
1784026500,1.13954,1.13957,1.13932,1.13954,248,10,0
1784026800,1.13955,1.13977,1.13928,1.13951,421,10,0
1784027100,1.13951,1.1397599999999999,1.13943,1.13972,355,10,0
1784027400,1.13973,1.13978,1.13952,1.13962,245,10,0
1784027700,1.13961,1.13968,1.1395,1.1396600000000001,251,10,0
1784028000,1.13965,1.1397599999999999,1.13958,1.13971,281,10,0
1784028300,1.1397,1.14001,1.13969,1.13997,205,10,0
1784028600,1.13998,1.14018,1.13978,1.13981,336,10,0
1784028900,1.1398,1.14011,1.13978,1.14001,225,10,0
1784029200,1.14002,1.14055,1.13998,1.14051,491,10,0
1784029500,1.1405,1.14052,1.1400000000000001,1.14008,428,10,0
1784029800,1.14007,1.14021,1.13992,1.14007,302,10,0
1784030100,1.14007,1.14011,1.13985,1.1399,290,10,0
1784030400,1.1399,1.14029,1.13987,1.14026,277,10,0
1784030700,1.1402700000000001,1.14031,1.1400000000000001,1.14001,259,10,0
1784031000,1.14002,1.14032,1.14001,1.14029,248,10,0
1784031300,1.14028,1.14028,1.13977,1.13993,314,10,0
1784031600,1.13994,1.13995,1.13971,1.1398,189,10,0
1784031900,1.13981,1.13991,1.13977,1.13977,206,10,0
1784032200,1.13978,1.13988,1.13962,1.13962,190,10,0
1784032500,1.13963,1.13979,1.13962,1.13973,156,10,0
1784032800,1.13973,1.13979,1.13944,1.13947,272,10,0
1784033100,1.13948,1.13996,1.13944,1.13994,287,10,0
1784033400,1.13994,1.14023,1.13988,1.14016,275,10,0
1784033700,1.14015,1.14024,1.14001,1.14005,272,10,0
1784034000,1.14006,1.14012,1.13995,1.14004,243,10,0
1784034300,1.1400299999999999,1.14004,1.13974,1.13974,187,10,0
1784034600,1.13974,1.13979,1.13964,1.13971,173,10,0
1784034900,1.13972,1.13986,1.13963,1.13968,243,10,0
1784035200,1.13968,1.13969,1.13945,1.13946,182,10,0
1784035500,1.13946,1.13954,1.13935,1.13945,211,10,0
1784035800,1.13944,1.13957,1.13936,1.13949,249,10,0
1784036100,1.13949,1.13967,1.13937,1.13946,240,10,0
1784036400,1.13945,1.1395,1.13929,1.1394199999999999,238,10,0
1784036700,1.13943,1.13952,1.13933,1.13944,168,10,0
1784037000,1.1394199999999999,1.1395,1.13931,1.13934,152,10,0
1784037300,1.13934,1.13936,1.1390500000000001,1.13913,284,10,0
1784037600,1.13914,1.13916,1.13893,1.13898,448,10,0
1784037900,1.13899,1.13928,1.13899,1.13926,227,10,0
1784038200,1.13927,1.1394199999999999,1.13903,1.13937,216,10,0
1784038500,1.13937,1.13939,1.13921,1.13932,170,10,0
1784038800,1.13932,1.13964,1.13932,1.13963,227,10,0
1784039100,1.13964,1.13965,1.13947,1.13949,253,10,0
1784039400,1.13949,1.1399,1.13947,1.13977,322,10,0
1784039700,1.13978,1.14006,1.13977,1.14002,158,10,0
1784040000,1.14002,1.14009,1.13993,1.14008,169,10,0
1784040300,1.14007,1.14062,1.14007,1.14052,185,10,0
1784040600,1.14052,1.14089,1.1404,1.14075,306,10,0
1784040900,1.14075,1.14079,1.14053,1.1406100000000001,311,10,0
1784041200,1.1406,1.1407,1.14051,1.14054,372,10,0
1784041500,1.14054,1.14062,1.14035,1.14044,355,10,0
1784041800,1.14045,1.1407,1.14045,1.14057,230,10,0
1784042100,1.14058,1.14067,1.1403699999999999,1.1405,345,10,0
1784042400,1.1405,1.14129,1.1405,1.14127,532,10,0
1784042700,1.14126,1.14146,1.14123,1.14123,367,10,0
1784043000,1.14127,1.14618,1.14039,1.1449,1928,10,0
1784043300,1.14487,1.14519,1.14373,1.1442700000000001,1474,10,0
1784043600,1.14428,1.14584,1.14425,1.14574,1235,10,0
1784043900,1.14575,1.14587,1.14502,1.14517,932,10,0
1784044200,1.14513,1.14522,1.14414,1.14423,1058,10,0
1784044500,1.14424,1.1446,1.14406,1.14456,932,10,0
1784044800,1.14456,1.14541,1.14439,1.14485,1187,10,0
1784045100,1.14484,1.14547,1.14472,1.1448,906,10,0
1784045400,1.1448,1.14509,1.14411,1.14449,890,10,0
1784045700,1.14448,1.14502,1.14436,1.14474,654,10,0
1784046000,1.14473,1.1452,1.14434,1.1449799999999999,791,10,0
1784046300,1.14499,1.1453,1.14491,1.14495,786,10,0
1784046600,1.14494,1.14526,1.14463,1.145,880,10,0
1784046900,1.14501,1.14524,1.14491,1.14507,733,10,0
1784047200,1.14508,1.14533,1.14486,1.14523,760,10,0
1784047500,1.14521,1.14524,1.14473,1.14518,689,10,0
1784047800,1.14519,1.14532,1.14475,1.14524,625,10,0
1784048100,1.1452499999999999,1.14539,1.14501,1.14508,434,10,0
1784048400,1.14508,1.14553,1.1449799999999999,1.1453,510,10,0
1784048700,1.1453,1.1458,1.14523,1.14548,615,10,0
1784049000,1.1454900000000001,1.14584,1.14543,1.14546,493,10,0
1784049300,1.14545,1.14547,1.14491,1.14529,693,10,0
1784049600,1.14528,1.14538,1.14473,1.14479,617,10,0
1784049900,1.14479,1.14486,1.14432,1.14438,687,10,0
1784050200,1.14436,1.14582,1.14406,1.14481,800,10,0
1784050500,1.1448,1.14497,1.14459,1.14459,573,10,0
1784050800,1.14459,1.14479,1.14441,1.14475,419,10,0
1784051100,1.14476,1.14491,1.14459,1.1447,425,10,0
1784051400,1.1447,1.14473,1.14395,1.14414,464,10,0
1784051700,1.14414,1.14462,1.14405,1.14447,521,10,0
1784052000,1.14447,1.1453,1.14416,1.14496,706,10,0
1784052300,1.14495,1.14518,1.14465,1.1449799999999999,716,10,0
1784052600,1.1449799999999999,1.14502,1.14469,1.1448,414,10,0
1784052900,1.14479,1.14489,1.14446,1.14453,347,10,0
1784053200,1.14452,1.14453,1.14416,1.14418,351,10,0
1784053500,1.14419,1.14422,1.14404,1.14412,300,10,0
1784053800,1.1441,1.14432,1.1439,1.14407,361,10,0
1784054100,1.14408,1.14411,1.14372,1.14373,368,10,0
1784054400,1.14374,1.1437599999999999,1.14298,1.14327,597,10,0
1784054700,1.14328,1.14359,1.14317,1.14317,385,10,0
1784055000,1.14318,1.14318,1.14266,1.14287,506,10,0
1784055300,1.14285,1.14288,1.14253,1.14267,489,10,0
1784055600,1.1427100000000001,1.14274,1.14245,1.14254,320,10,0
1784055900,1.14255,1.14257,1.14237,1.14252,400,10,0
1784056200,1.14254,1.14285,1.14252,1.14278,292,10,0
1784056500,1.14277,1.1429,1.14261,1.14267,240,10,0
1784056800,1.14268,1.14288,1.14267,1.14285,148,10,0
1784057100,1.14284,1.14303,1.14283,1.14299,163,10,0
1784057400,1.143,1.14319,1.143,1.14316,189,10,0
1784057700,1.14317,1.14339,1.14317,1.14335,164,10,0
1784058000,1.14336,1.14336,1.1431499999999999,1.14318,103,10,0
1784058300,1.14319,1.14325,1.14292,1.14304,200,10,0
1784058600,1.1430500000000001,1.14329,1.14301,1.14324,153,10,0
1784058900,1.14324,1.14327,1.14309,1.14314,176,10,0
1784059200,1.14314,1.14329,1.14288,1.14288,223,10,0
1784059500,1.14289,1.1429,1.14257,1.14262,282,10,0
1784059800,1.14262,1.14267,1.14224,1.14225,257,10,0
1784060100,1.14228,1.1423,1.1419,1.14193,361,10,0
1784060400,1.14192,1.14227,1.14187,1.14218,183,10,0
1784060700,1.14218,1.14259,1.14218,1.14254,183,10,0
1784061000,1.14258,1.14262,1.14243,1.14245,170,10,0
1784061300,1.14246,1.14251,1.14235,1.14245,129,10,0
1784061600,1.1424400000000001,1.14256,1.14239,1.14254,149,10,0
1784061900,1.14254,1.14274,1.1424400000000001,1.14272,134,10,0
1784062200,1.14273,1.14277,1.14262,1.14269,156,10,0
1784062500,1.1427,1.1427,1.14223,1.14228,265,10,0
1784062800,1.14228,1.14246,1.14225,1.1424,179,10,0
1784063100,1.14241,1.14245,1.14232,1.14235,104,10,0
1784063400,1.14236,1.14238,1.14226,1.14236,162,10,0
1784063700,1.14237,1.14258,1.14237,1.14249,121,10,0
1784064000,1.14247,1.14247,1.14204,1.14208,168,10,0
1784064300,1.14209,1.14221,1.14197,1.14209,167,10,0
1784064600,1.14208,1.14226,1.14208,1.14225,102,10,0
1784064900,1.14225,1.14226,1.14185,1.14197,169,10,0
1784065200,1.14196,1.14197,1.14156,1.14186,334,10,0
1784065500,1.14185,1.14203,1.14184,1.14196,137,10,0
1784065800,1.14195,1.14205,1.14188,1.14205,157,10,0
1784066100,1.14206,1.14234,1.14203,1.14229,206,10,0
1784066400,1.1423,1.14243,1.14226,1.14236,141,10,0
1784066700,1.14236,1.14241,1.14229,1.14235,90,10,0
1784067000,1.14235,1.14256,1.14224,1.14251,124,10,0
1784067300,1.14251,1.14255,1.14235,1.14246,189,10,0
1784067600,1.14245,1.14247,1.14226,1.14237,169,10,0
1784067900,1.14236,1.14245,1.14233,1.1424,158,10,0
1784068200,1.14241,1.14241,1.14206,1.14224,367,10,0
1784068500,1.14223,1.14229,1.14214,1.14221,139,10,0
1784068800,1.1421999999999999,1.14225,1.14213,1.14222,130,10,0
1784069100,1.14223,1.14236,1.14221,1.14221,153,10,0
1784069400,1.14221,1.14233,1.1421999999999999,1.14229,161,10,0
1784069700,1.1423,1.1423,1.14197,1.14197,275,10,0
1784070000,1.14198,1.14201,1.1418,1.1419,163,10,0
1784070300,1.14189,1.14196,1.1418300000000001,1.14194,121,10,0
1784070600,1.14194,1.14221,1.14189,1.142,102,10,0
1784070900,1.14199,1.14199,1.14189,1.14191,49,10,0
1784071200,1.14191,1.14196,1.1419,1.14192,30,10,0
1784071500,1.1419,1.14205,1.14186,1.14189,76,10,0
1784071800,1.14189,1.14201,1.14187,1.1419,55,10,0
1784072100,1.1419,1.1421000000000001,1.1419,1.14209,52,10,0
1784072400,1.14208,1.1421000000000001,1.14199,1.14199,44,10,0
1784072700,1.14199,1.14199,1.14188,1.14194,42,10,0
1784073000,1.14195,1.14208,1.14192,1.14205,65,10,0
1784073300,1.14205,1.1421000000000001,1.14185,1.14186,183,10,0
1784073600,1.14185,1.1419,1.14139,1.14142,21,30,0
1784073900,1.14136,1.1418,1.14136,1.1418,32,78,0
1784074200,1.14175,1.1418,1.14174,1.1418,34,79,0
1784074500,1.1418,1.14194,1.14168,1.14193,28,64,0
1784074800,1.1419,1.1419,1.14182,1.14186,9,68,0
1784075100,1.14193,1.14196,1.14192,1.14194,12,63,0
1784075400,1.14193,1.14196,1.14193,1.14196,7,68,0
1784075700,1.14196,1.14211,1.14188,1.14188,14,52,0
1784076000,1.14187,1.1419,1.14187,1.1419,21,50,0
1784076300,1.14172,1.1419,1.14172,1.14179,79,38,0
1784076600,1.14179,1.14179,1.14177,1.14178,8,35,0
1784076900,1.14178,1.14181,1.14178,1.14178,9,38,0
1784077200,1.14178,1.14211,1.14178,1.14188,80,10,0
1784077500,1.14189,1.14189,1.14173,1.14182,54,10,0
1784077800,1.1418300000000001,1.14187,1.14169,1.14185,63,10,0
1784078100,1.14186,1.14187,1.14174,1.14179,48,10,0
1784078400,1.1418,1.14199,1.1418,1.14187,58,10,0
1784078700,1.14188,1.14199,1.14182,1.14197,122,10,0
1784079000,1.14197,1.14205,1.14193,1.14204,83,10,0
1784079300,1.142,1.14212,1.14199,1.1421000000000001,78,10,0
1784079600,1.1421000000000001,1.1421000000000001,1.14204,1.14206,59,10,0
1784079900,1.14205,1.14205,1.1419,1.14197,43,10,0
1784080200,1.14196,1.14197,1.14189,1.1419,48,10,0
1784080500,1.14189,1.142,1.14187,1.142,32,10,0
1784080800,1.142,1.14205,1.14194,1.142,34,11,0
1784081100,1.14201,1.14216,1.14199,1.14215,53,10,0
1784081400,1.14215,1.14215,1.1421000000000001,1.14213,27,10,0
1784081700,1.14214,1.14215,1.14201,1.14204,16,10,0
1784082000,1.14204,1.14211,1.14202,1.14206,19,10,0
1784082300,1.14207,1.14221,1.14207,1.14221,51,10,0
1784082600,1.1421999999999999,1.14228,1.1421000000000001,1.14218,62,10,0
1784082900,1.14219,1.14226,1.14218,1.14223,49,10,0
1784083200,1.14224,1.1424,1.14224,1.14237,65,10,0
1784083500,1.14237,1.1424,1.1423,1.1424,64,10,0
1784083800,1.1424,1.14241,1.14227,1.14241,39,10,0
1784084100,1.14243,1.14243,1.14231,1.14239,59,10,0
1784084400,1.14239,1.14266,1.14234,1.14265,171,10,0
1784084700,1.14265,1.14266,1.14247,1.14264,162,10,0
1784085000,1.14265,1.1427100000000001,1.14248,1.14251,104,10,0
1784085300,1.14251,1.14269,1.14251,1.14261,130,10,0
1784085600,1.14261,1.1427,1.14256,1.14265,86,10,0
1784085900,1.14264,1.143,1.14262,1.1429,119,10,0
1784086200,1.1429,1.14295,1.1428,1.1428,119,10,0
1784086500,1.1428,1.14284,1.14267,1.14272,114,10,0
1784086800,1.14272,1.14273,1.14258,1.14265,130,10,0
1784087100,1.14265,1.14287,1.14265,1.14287,75,10,0
1784087400,1.14286,1.1431499999999999,1.14286,1.14309,181,10,0
1784087700,1.14309,1.14336,1.14309,1.14325,159,10,0
1784088000,1.14325,1.14338,1.14319,1.14334,265,10,0
1784088300,1.14333,1.1435,1.14329,1.1434199999999999,178,10,0
1784088600,1.14343,1.14351,1.14334,1.14348,174,10,0
1784088900,1.14349,1.14369,1.14348,1.1436600000000001,159,10,0
1784089200,1.1436600000000001,1.1437,1.14356,1.14357,123,10,0
1784089500,1.14359,1.1436600000000001,1.14346,1.14354,186,10,0
1784089800,1.14354,1.14364,1.14344,1.14352,148,10,0
1784090100,1.14352,1.14361,1.1434199999999999,1.14356,101,10,0
1784090400,1.14357,1.14359,1.14326,1.14333,205,10,0
1784090700,1.14331,1.14339,1.14322,1.1433,215,10,0
1784091000,1.1433,1.14333,1.1432,1.14327,160,10,0
1784091300,1.14328,1.14352,1.14327,1.1435,110,10,0
1784091600,1.1435,1.14371,1.14336,1.14368,159,10,0
1784091900,1.14367,1.14387,1.14361,1.14381,175,10,0
1784092200,1.14381,1.14387,1.14354,1.14356,169,10,0
1784092500,1.14357,1.14358,1.14335,1.14335,159,10,0
1784092800,1.14336,1.14345,1.14326,1.14335,138,10,0
1784093100,1.14336,1.14348,1.14335,1.14346,91,10,0
1784093400,1.14345,1.14358,1.14343,1.14357,84,10,0
1784093700,1.14356,1.14364,1.14349,1.14359,88,10,0
1784094000,1.14359,1.14406,1.14359,1.14404,147,10,0
1784094300,1.14404,1.14409,1.14398,1.14409,137,10,0
1784094600,1.14409,1.14411,1.14389,1.14402,140,10,0
1784094900,1.14401,1.14418,1.14397,1.14397,122,10,0
1784095200,1.14398,1.14418,1.14397,1.14416,121,10,0
1784095500,1.14415,1.14416,1.14389,1.14401,88,10,0
1784095800,1.144,1.1440299999999999,1.1437,1.1437,179,10,0
1784096100,1.14371,1.14371,1.1433,1.14333,171,10,0
1784096400,1.1433200000000001,1.1434,1.14328,1.14334,122,10,0
1784096700,1.14335,1.14349,1.14335,1.14344,127,10,0
1784097000,1.14345,1.14364,1.1434,1.14363,98,10,0
1784097300,1.14363,1.14364,1.14353,1.14361,99,10,0
1784097600,1.1436,1.14363,1.14334,1.14337,94,10,0
1784097900,1.14337,1.14354,1.14336,1.14353,109,10,0
1784098200,1.14354,1.14371,1.14354,1.1436600000000001,115,10,0
1784098500,1.14367,1.14379,1.14361,1.14375,101,10,0
1784098800,1.14375,1.14387,1.14369,1.1437599999999999,80,10,0
1784099100,1.14377,1.14381,1.14367,1.1437,78,10,0
1784099400,1.14371,1.14375,1.14364,1.14369,98,10,0
1784099700,1.14368,1.1438,1.14365,1.14378,76,10,0
1784100000,1.14378,1.1438,1.14374,1.1438,62,10,0
1784100300,1.14381,1.14398,1.14379,1.14389,74,10,0
1784100600,1.14388,1.14399,1.14386,1.14396,66,10,0
1784100900,1.14396,1.1440299999999999,1.14388,1.1439,72,10,0
1784101200,1.1439,1.14391,1.14372,1.1437599999999999,69,10,0
1784101500,1.14377,1.14392,1.14374,1.14385,64,10,0
1784101800,1.14386,1.1439,1.14375,1.14375,75,10,0
1784102100,1.14375,1.1438,1.14361,1.1436600000000001,104,10,0
1784102400,1.14367,1.14367,1.14348,1.14355,258,10,0
1784102700,1.14355,1.14374,1.14348,1.14354,123,10,0
1784103000,1.14354,1.14364,1.14346,1.14362,108,10,0
1784103300,1.14363,1.14375,1.1436,1.14372,82,10,0
1784103600,1.14373,1.14379,1.14369,1.1437,92,10,0
1784103900,1.14369,1.1437599999999999,1.14365,1.1437,62,10,0
1784104200,1.14369,1.1439,1.14368,1.14387,149,10,0
1784104500,1.14387,1.1439300000000001,1.14379,1.14391,143,10,0
1784104800,1.1439,1.14404,1.14385,1.14404,140,10,0
1784105100,1.14404,1.14428,1.14399,1.1442700000000001,140,10,0
1784105400,1.14426,1.1442700000000001,1.14415,1.14426,106,10,0
1784105700,1.14426,1.14426,1.14398,1.14398,164,10,0
1784106000,1.144,1.14421,1.14398,1.14409,257,10,0
1784106300,1.1441,1.14411,1.14389,1.14407,207,10,0
1784106600,1.14408,1.14408,1.14389,1.14394,122,10,0
1784106900,1.14394,1.14429,1.14392,1.14429,125,10,0
1784107200,1.14428,1.14429,1.14413,1.14422,131,10,0
1784107500,1.14423,1.14432,1.14414,1.14414,138,10,0
1784107800,1.14414,1.14416,1.14382,1.14405,205,10,0
1784108100,1.14405,1.14405,1.14387,1.14394,139,10,0
1784108400,1.14395,1.14395,1.14372,1.1438,158,10,0
1784108700,1.14379,1.14382,1.14341,1.14347,191,10,0
1784109000,1.14347,1.14363,1.14325,1.14343,414,10,0
1784109300,1.14343,1.14356,1.14275,1.14283,568,10,0
1784109600,1.14284,1.14307,1.14272,1.14283,399,10,0
1784109900,1.14282,1.14294,1.14256,1.1428,300,10,0
1784110200,1.14283,1.14314,1.14283,1.14296,252,10,0
1784110500,1.14297,1.143,1.1424,1.14254,269,10,0
1784110800,1.14256,1.14265,1.14226,1.14233,271,10,0
1784111100,1.14234,1.14234,1.14193,1.14222,322,10,0
1784111400,1.14221,1.14243,1.14207,1.14221,256,10,0
1784111700,1.14222,1.14226,1.14209,1.14221,174,10,0
1784112000,1.14221,1.1424,1.14213,1.14235,296,10,0
1784112300,1.14236,1.14236,1.14211,1.1423,167,10,0
1784112600,1.1423,1.14243,1.14224,1.14238,145,10,0
1784112900,1.14238,1.14247,1.14221,1.14229,199,10,0
1784113200,1.1423,1.1427,1.14224,1.14263,277,10,0
1784113500,1.14263,1.14266,1.14225,1.14226,233,10,0
1784113800,1.14225,1.14233,1.1421000000000001,1.14223,185,10,0
1784114100,1.14224,1.14238,1.14219,1.14233,160,10,0
1784114400,1.14234,1.1424400000000001,1.14229,1.14243,136,10,0
1784114700,1.14243,1.1425,1.14225,1.14248,208,10,0
1784115000,1.14249,1.14263,1.14245,1.14251,149,10,0
1784115300,1.14251,1.14261,1.14241,1.1425,125,10,0
1784115600,1.14249,1.1425,1.14233,1.14241,164,10,0
1784115900,1.14242,1.1425,1.14221,1.1423,190,10,0
1784116200,1.1423,1.14231,1.14208,1.14218,223,10,0
1784116500,1.14216,1.1424,1.14206,1.14239,193,10,0
1784116800,1.1424,1.14246,1.14198,1.14227,222,10,0
1784117100,1.14226,1.14237,1.14219,1.1423,154,10,0
1784117400,1.1423,1.14254,1.1423,1.14238,258,10,0
1784117700,1.14241,1.14245,1.14225,1.14225,185,10,0
1784118000,1.14224,1.14247,1.14224,1.14243,178,10,0
1784118300,1.14242,1.14243,1.14212,1.14213,192,10,0
1784118600,1.14214,1.14221,1.14175,1.1418300000000001,212,10,0
1784118900,1.1418300000000001,1.14202,1.14178,1.14185,231,10,0
1784119200,1.14186,1.1421000000000001,1.14185,1.14201,126,10,0
1784119500,1.14204,1.14217,1.14193,1.14196,178,10,0
1784119800,1.14196,1.14204,1.1417,1.14204,297,10,0
1784120100,1.14205,1.14209,1.1416,1.14164,326,10,0
1784120400,1.14163,1.14175,1.14155,1.14169,251,10,0
1784120700,1.14168,1.14176,1.1413,1.14146,285,10,0
1784121000,1.14146,1.14153,1.14132,1.14144,223,10,0
1784121300,1.14143,1.14166,1.14136,1.14152,219,10,0
1784121600,1.1415,1.14178,1.14117,1.14121,371,10,0
1784121900,1.1412200000000001,1.14128,1.14119,1.14127,173,10,0
1784122200,1.14126,1.14141,1.14113,1.14114,246,10,0
1784122500,1.14113,1.14137,1.14111,1.14127,252,10,0
1784122800,1.14127,1.14127,1.14103,1.14121,171,10,0
1784123100,1.14121,1.14143,1.1412,1.14123,135,10,0
1784123400,1.1412200000000001,1.1413,1.14118,1.14129,149,10,0
1784123700,1.14128,1.14154,1.14115,1.14153,199,10,0
1784124000,1.14153,1.14172,1.1414900000000001,1.14171,238,10,0
1784124300,1.14171,1.14189,1.1415899999999999,1.14178,169,10,0
1784124600,1.14178,1.14189,1.14163,1.14166,111,10,0
1784124900,1.14166,1.14174,1.14153,1.14161,145,10,0
1784125200,1.14161,1.14181,1.14161,1.14173,134,10,0
1784125500,1.14172,1.14177,1.14147,1.14155,169,10,0
1784125800,1.14154,1.14173,1.14147,1.14171,145,10,0
1784126100,1.14171,1.14186,1.14166,1.14168,178,10,0
1784126400,1.14167,1.1417,1.14141,1.14142,188,10,0
1784126700,1.14143,1.14146,1.1412499999999999,1.14128,231,10,0
1784127000,1.14128,1.14151,1.1409799999999999,1.14113,457,10,0
1784127300,1.14112,1.14123,1.14096,1.14113,456,10,0
1784127600,1.14116,1.1414,1.14096,1.14097,322,10,0
1784127900,1.1409799999999999,1.14101,1.14055,1.14055,348,10,0
1784128200,1.14056,1.14097,1.14056,1.1408800000000001,252,10,0
1784128500,1.14089,1.14104,1.14074,1.14074,250,10,0
1784128800,1.14075,1.14135,1.14073,1.14135,238,10,0
1784129100,1.14136,1.14145,1.14115,1.14136,209,10,0
1784129400,1.14134,1.14238,1.14129,1.14209,719,10,0
1784129700,1.14209,1.14213,1.14167,1.14189,464,10,0
1784130000,1.14189,1.14248,1.14185,1.14247,481,10,0
1784130300,1.14246,1.14278,1.1424,1.1427,325,10,0
1784130600,1.14267,1.14268,1.1424400000000001,1.14258,324,10,0
1784130900,1.14258,1.14297,1.1424,1.14279,398,10,0
1784131200,1.1428,1.14322,1.14276,1.1431499999999999,420,10,0
1784131500,1.1431499999999999,1.14333,1.14306,1.14318,400,10,0
1784131800,1.14317,1.14319,1.14265,1.14267,491,10,0
1784132100,1.14266,1.1433,1.14265,1.14322,360,10,0
1784132400,1.14323,1.14323,1.1426,1.14269,382,10,0
1784132700,1.14269,1.14272,1.14232,1.1424,388,10,0
1784133000,1.14237,1.1427,1.14235,1.14266,417,10,0
1784133300,1.14267,1.14276,1.14252,1.14266,414,10,0
1784133600,1.14265,1.1427,1.14255,1.14261,186,10,0
1784133900,1.14262,1.143,1.14247,1.14295,339,10,0
1784134200,1.14294,1.14312,1.14263,1.14272,450,10,0
1784134500,1.14272,1.1435,1.14258,1.14296,582,10,0
1784134800,1.14299,1.14325,1.14297,1.14318,362,10,0
1784135100,1.14319,1.1435,1.1430500000000001,1.14314,447,10,0
1784135400,1.14314,1.14334,1.14298,1.14313,333,10,0
1784135700,1.1431499999999999,1.1435,1.14313,1.14346,367,10,0
1784136000,1.14346,1.1435,1.14309,1.14323,411,10,0
1784136300,1.14324,1.14328,1.14297,1.14318,496,10,0
1784136600,1.1432,1.14364,1.14319,1.14356,482,10,0
1784136900,1.14356,1.14368,1.1434199999999999,1.14345,502,10,0
1784137200,1.14344,1.14388,1.14334,1.14383,447,10,0
1784137500,1.14384,1.1441,1.14368,1.14409,399,10,0
1784137800,1.14408,1.14408,1.14334,1.14354,769,10,0
1784138100,1.1435,1.14368,1.14324,1.14365,725,10,0
1784138400,1.1436600000000001,1.1440299999999999,1.1436600000000001,1.14394,480,10,0
1784138700,1.14394,1.1441,1.14389,1.144,307,10,0
1784139000,1.144,1.14406,1.14351,1.14351,309,10,0
1784139300,1.1435,1.14362,1.14328,1.14354,394,10,0
1784139600,1.14353,1.14381,1.14349,1.14373,335,10,0
1784139900,1.14374,1.14396,1.14364,1.1439,357,10,0
1784140200,1.14391,1.14391,1.14359,1.14373,360,10,0
1784140500,1.14373,1.1437599999999999,1.14313,1.1432,458,10,0
1784140800,1.1432,1.14349,1.1432,1.14339,288,10,0
1784141100,1.1434,1.1436600000000001,1.14337,1.14337,275,10,0
1784141400,1.14338,1.14348,1.14313,1.14337,303,10,0
1784141700,1.14337,1.14357,1.14325,1.14349,218,10,0
1784142000,1.14348,1.14357,1.14309,1.14319,331,10,0
1784142300,1.14319,1.1433,1.14298,1.14323,253,10,0
1784142600,1.14323,1.14355,1.14323,1.1434,269,10,0
1784142900,1.1434,1.14364,1.14335,1.1434,283,10,0
1784143200,1.14343,1.14364,1.14336,1.14361,332,10,0
1784143500,1.14361,1.14392,1.14361,1.14384,330,10,0
1784143800,1.14383,1.14387,1.14359,1.1436600000000001,239,10,0
1784144100,1.14367,1.14367,1.14339,1.14354,268,10,0
1784144400,1.14354,1.14365,1.14341,1.14349,180,10,0
1784144700,1.1435,1.14407,1.1434199999999999,1.1436600000000001,402,10,0
1784145000,1.1436600000000001,1.14414,1.14362,1.144,309,10,0
1784145300,1.14401,1.14418,1.14383,1.14417,391,10,0
1784145600,1.14417,1.14471,1.14416,1.1446,439,10,0
1784145900,1.14459,1.14494,1.14452,1.14485,298,10,0
1784146200,1.14484,1.14497,1.14479,1.1449,276,10,0
1784146500,1.14489,1.14512,1.14474,1.14511,257,10,0
1784146800,1.14512,1.14537,1.14504,1.14533,212,10,0
1784147100,1.14531,1.14553,1.14531,1.14553,253,10,0
1784147400,1.14552,1.14654,1.14551,1.14635,543,10,0
1784147700,1.14635,1.14664,1.14629,1.14661,342,10,0
1784148000,1.14662,1.14705,1.14658,1.14701,332,10,0
1784148300,1.147,1.14741,1.14663,1.1474,429,10,0
1784148600,1.1474,1.1474,1.147,1.14711,372,10,0
1784148900,1.14712,1.14743,1.1471,1.14729,260,10,0
1784149200,1.14729,1.14764,1.14724,1.14757,290,10,0
1784149500,1.14755,1.14763,1.14733,1.14733,242,10,0
1784149800,1.14734,1.14744,1.14717,1.14728,243,10,0
1784150100,1.14726,1.1477,1.14717,1.1476899999999999,239,10,0
1784150400,1.1476899999999999,1.1477,1.14755,1.14759,145,10,0
1784150700,1.14758,1.14782,1.14758,1.1478,104,10,0
1784151000,1.1478,1.14821,1.1478,1.14801,185,10,0
1784151300,1.14801,1.14801,1.14775,1.14789,218,10,0
1784151600,1.14786,1.14786,1.14727,1.14728,238,10,0
1784151900,1.14728,1.14739,1.14706,1.14707,344,10,0
1784152200,1.1470799999999999,1.14712,1.14677,1.14686,362,10,0
1784152500,1.14685,1.14696,1.14655,1.14661,280,10,0
1784152800,1.14659,1.14698,1.14652,1.14695,313,10,0
1784153100,1.14696,1.14728,1.14693,1.14723,267,10,0
1784153400,1.14723,1.14734,1.14715,1.14733,237,10,0
1784153700,1.14731,1.1474199999999999,1.147,1.14709,265,10,0
1784154000,1.14709,1.14729,1.14696,1.14719,251,10,0
1784154300,1.14718,1.14731,1.14714,1.14723,204,10,0
1784154600,1.14722,1.14722,1.14642,1.1464699999999999,474,10,0
1784154900,1.1464699999999999,1.14658,1.14619,1.14641,397,10,0
1784155200,1.14642,1.14644,1.14624,1.14626,184,10,0
1784155500,1.14627,1.14634,1.14615,1.14615,175,10,0
1784155800,1.14619,1.1463,1.1461000000000001,1.14615,191,10,0
1784156100,1.14618,1.14644,1.14617,1.14634,184,10,0
1784156400,1.14635,1.1464,1.14626,1.14629,153,10,0
1784156700,1.14629,1.14633,1.14603,1.14608,115,10,0
1784157000,1.14609,1.14614,1.14608,1.1461000000000001,61,10,0
1784157300,1.14611,1.14619,1.14608,1.14619,35,10,0
1784157600,1.14618,1.14636,1.14618,1.14631,53,10,0
1784157900,1.1463,1.14634,1.14619,1.14632,42,10,0
1784158200,1.14633,1.14635,1.14605,1.14619,81,10,0
1784158500,1.14619,1.14623,1.14613,1.14614,75,10,0
1784158800,1.14614,1.14625,1.14614,1.1461999999999999,62,10,0
1784159100,1.14621,1.14625,1.14618,1.14624,37,10,0
1784159400,1.14623,1.14634,1.1461999999999999,1.14632,55,10,0
1784159700,1.14632,1.14635,1.14581,1.14596,145,10,0
1784160000,1.14587,1.146,1.1455899999999999,1.14596,10,90,0
1784160300,1.14596,1.14617,1.14558,1.146,18,69,0
1784160600,1.146,1.146,1.1458599999999999,1.14598,15,86,0
1784160900,1.14598,1.146,1.14598,1.146,5,85,0
1784161200,1.146,1.14612,1.14599,1.14612,6,73,0
1784161500,1.14612,1.14612,1.14612,1.14612,5,74,0
1784161800,1.14611,1.14614,1.14604,1.14611,8,77,0
1784162100,1.14611,1.14624,1.14611,1.14619,16,65,0
1784162400,1.14619,1.14625,1.14617,1.14618,38,57,0
1784162700,1.14613,1.14636,1.14613,1.14616,28,34,0
1784163000,1.14616,1.14635,1.14616,1.1463,23,50,0
1784163300,1.14627,1.14628,1.14608,1.14614,52,51,0
1784163600,1.14614,1.14676,1.14614,1.14656,140,11,0
1784163900,1.14655,1.14657,1.14652,1.14657,52,11,0
1784164200,1.14657,1.14663,1.14654,1.14659,62,10,0
1784164500,1.1466,1.1466,1.1465,1.14657,53,10,0
1784164800,1.14656,1.14657,1.14651,1.14653,58,11,0
1784165100,1.14653,1.14668,1.14651,1.14668,80,11,0
1784165400,1.14669,1.1467,1.14659,1.14659,69,11,0
1784165700,1.14659,1.14666,1.14658,1.14664,34,11,0
1784166000,1.14665,1.14667,1.14658,1.14662,84,11,0
1784166300,1.14663,1.14663,1.14657,1.14659,77,11,0
1784166600,1.1466,1.14665,1.14646,1.14653,72,11,0
1784166900,1.14654,1.14665,1.14654,1.14664,64,11,0
1784167200,1.14667,1.14673,1.14665,1.14665,44,10,0
1784167500,1.14665,1.14673,1.14661,1.14673,38,10,0
1784167800,1.14672,1.14683,1.1467100000000001,1.14683,26,11,0
1784168100,1.14683,1.14689,1.1467100000000001,1.14685,59,10,0
1784168400,1.14684,1.14684,1.14676,1.14676,39,10,0
1784168700,1.14677,1.14691,1.14677,1.14688,80,10,0
1784169000,1.14687,1.14688,1.14679,1.14688,53,10,0
1784169300,1.14688,1.14692,1.14684,1.1469,39,10,0
1784169600,1.14691,1.14701,1.14687,1.147,51,10,0
1784169900,1.14699,1.14703,1.14695,1.14703,64,10,0
1784170200,1.14703,1.14703,1.14689,1.14694,68,10,0
1784170500,1.14694,1.14699,1.14686,1.14693,98,10,0
1784170800,1.14693,1.14718,1.14687,1.14699,271,10,0
1784171100,1.14701,1.14709,1.14694,1.14706,113,10,0
1784171400,1.14706,1.14735,1.14704,1.14733,120,10,0
1784171700,1.14733,1.14734,1.1470799999999999,1.14718,140,10,0
1784172000,1.14718,1.14719,1.14697,1.14718,122,10,0
1784172300,1.14718,1.14723,1.14712,1.14713,56,10,0
1784172600,1.14714,1.14718,1.1468099999999999,1.14686,140,10,0
1784172900,1.14688,1.14688,1.14674,1.14683,110,10,0
1784173200,1.14684,1.14705,1.1468,1.14693,148,10,0
1784173500,1.14693,1.147,1.14668,1.14673,178,10,0
1784173800,1.14675,1.14711,1.1467,1.14688,422,10,0
1784174100,1.1469,1.14741,1.1468,1.14733,379,10,0
1784174400,1.1473200000000001,1.14735,1.14721,1.14724,241,10,0
1784174700,1.14723,1.14725,1.14703,1.1470799999999999,173,10,0
1784175000,1.14707,1.14724,1.147,1.14723,184,10,0
1784175300,1.14724,1.14725,1.1468,1.14688,280,10,0
1784175600,1.14687,1.14718,1.14685,1.1471,239,10,0
1784175900,1.14711,1.14719,1.14689,1.14692,222,10,0
1784176200,1.14691,1.14701,1.14661,1.14666,206,10,0
1784176500,1.14666,1.14667,1.1464699999999999,1.14662,205,10,0
1784176800,1.14661,1.1467,1.14654,1.14664,180,10,0
1784177100,1.14664,1.14666,1.14656,1.14662,161,10,0
1784177400,1.14661,1.14664,1.14651,1.14651,155,10,0
1784177700,1.14651,1.14653,1.14645,1.14653,140,10,0
1784178000,1.14652,1.14653,1.14636,1.14641,110,10,0
1784178300,1.1464,1.14643,1.14631,1.1463700000000001,202,10,0
1784178600,1.14636,1.14646,1.14599,1.14602,141,10,0
1784178900,1.14603,1.14621,1.14596,1.14619,77,10,0
1784179200,1.14618,1.14641,1.14617,1.14636,127,10,0
1784179500,1.1463700000000001,1.14639,1.1461999999999999,1.14639,127,10,0
1784179800,1.14638,1.14646,1.14627,1.14635,158,10,0
1784180100,1.1463700000000001,1.14641,1.1461999999999999,1.14623,130,10,0
1784180400,1.14624,1.14629,1.14616,1.14627,148,10,0
1784180700,1.14628,1.14631,1.14617,1.14618,76,10,0
1784181000,1.14619,1.14627,1.14611,1.14626,88,10,0
1784181300,1.14626,1.14643,1.14621,1.14641,149,10,0
1784181600,1.14642,1.14642,1.14628,1.1463700000000001,130,10,0
1784181900,1.1463700000000001,1.14661,1.14636,1.14657,127,10,0
1784182200,1.14657,1.14663,1.14644,1.14653,100,10,0
1784182500,1.14651,1.14667,1.14651,1.14661,113,10,0
1784182800,1.14662,1.14673,1.1466,1.14669,67,10,0
1784183100,1.14669,1.14679,1.14669,1.14676,92,10,0
1784183400,1.14674,1.14683,1.1467100000000001,1.1468099999999999,129,10,0
1784183700,1.14682,1.14683,1.14677,1.14677,43,10,0
1784184000,1.14678,1.1468099999999999,1.14666,1.14667,80,10,0
1784184300,1.14666,1.1467,1.1466,1.14665,74,10,0
1784184600,1.14665,1.14665,1.1465,1.14651,105,10,0
1784184900,1.14651,1.1466,1.1465,1.1466,81,10,0
1784185200,1.14661,1.14661,1.14646,1.1464699999999999,101,10,0
1784185500,1.14646,1.1465,1.14633,1.14633,95,10,0
1784185800,1.14635,1.1465,1.14635,1.14645,58,10,0
1784186100,1.14645,1.14645,1.14632,1.14632,63,10,0
1784186400,1.14633,1.14641,1.14632,1.1464,50,10,0
1784186700,1.1464,1.1464,1.14625,1.14626,123,10,0
1784187000,1.14627,1.14638,1.14626,1.1463700000000001,74,10,0
1784187300,1.14636,1.14653,1.14634,1.14653,100,10,0
1784187600,1.14652,1.14666,1.14652,1.14655,86,10,0
1784187900,1.14655,1.14662,1.14654,1.14657,84,10,0
1784188200,1.14657,1.14663,1.14654,1.14663,54,10,0
1784188500,1.14663,1.14663,1.1464699999999999,1.14657,76,10,0
1784188800,1.14658,1.14663,1.14657,1.14658,85,10,0
1784189100,1.1466,1.14663,1.14651,1.14659,84,10,0
1784189400,1.1466,1.1467,1.14658,1.14668,130,10,0
1784189700,1.14669,1.14679,1.14667,1.1467,140,10,0
1784190000,1.1467,1.14673,1.14662,1.14666,124,10,0
1784190300,1.14665,1.1467100000000001,1.14657,1.14662,108,10,0
1784190600,1.14662,1.14683,1.14656,1.1468099999999999,210,10,0
1784190900,1.14679,1.14679,1.14659,1.14661,178,10,0
1784191200,1.14662,1.14672,1.14661,1.14666,155,10,0
1784191500,1.14666,1.14666,1.1464,1.1464,207,10,0
1784191800,1.14639,1.14651,1.14632,1.14638,134,10,0
1784192100,1.1464,1.14648,1.14616,1.14627,209,10,0
1784192400,1.14627,1.14674,1.14627,1.14651,310,10,0
1784192700,1.14651,1.1468,1.1463700000000001,1.14672,301,10,0
1784193000,1.1467100000000001,1.14688,1.14662,1.14687,218,10,0
1784193300,1.14684,1.14684,1.14653,1.14661,166,10,0
1784193600,1.14662,1.14686,1.14657,1.1468099999999999,131,10,0
1784193900,1.14682,1.14688,1.14673,1.14678,178,10,0
1784194200,1.14677,1.14678,1.14654,1.14656,286,10,0
1784194500,1.14655,1.14667,1.1464699999999999,1.14662,227,10,0
1784194800,1.14663,1.14664,1.14646,1.14663,156,10,0
1784195100,1.14662,1.14678,1.14658,1.14675,194,10,0
1784195400,1.14674,1.14684,1.14669,1.1468099999999999,119,10,0
1784195700,1.14682,1.14705,1.14676,1.1468,264,10,0
1784196000,1.14682,1.14697,1.14675,1.14697,285,10,0
1784196300,1.14694,1.14695,1.14661,1.14676,239,10,0
1784196600,1.14675,1.14692,1.14667,1.14678,261,10,0
1784196900,1.14677,1.14713,1.14675,1.1470799999999999,213,10,0
1784197200,1.14707,1.14717,1.14687,1.14703,218,10,0
1784197500,1.14702,1.14704,1.14673,1.14687,170,10,0
1784197800,1.14686,1.14692,1.14668,1.14686,179,10,0
1784198100,1.14686,1.14715,1.14682,1.14704,167,10,0
1784198400,1.14706,1.14715,1.14697,1.14709,140,10,0
1784198700,1.14711,1.14759,1.1471,1.14758,192,10,0
1784199000,1.14758,1.14758,1.14703,1.14717,272,10,0
1784199300,1.14718,1.1473,1.1468099999999999,1.14687,307,10,0
1784199600,1.14687,1.14714,1.14668,1.14675,321,10,0
1784199900,1.14675,1.14677,1.14645,1.14658,244,10,0
1784200200,1.14656,1.14664,1.14631,1.14638,197,10,0
1784200500,1.14639,1.14645,1.14622,1.14629,198,10,0
1784200800,1.14628,1.14639,1.14621,1.14628,204,10,0
1784201100,1.14627,1.14658,1.14625,1.14645,267,10,0
1784201400,1.14645,1.14674,1.14645,1.14667,193,10,0
1784201700,1.14667,1.14673,1.14657,1.14664,196,10,0
1784202000,1.14664,1.14678,1.14659,1.14668,170,10,0
1784202300,1.14667,1.14669,1.14651,1.14657,148,10,0
1784202600,1.14656,1.1467,1.14631,1.14638,197,10,0
1784202900,1.14638,1.14655,1.14622,1.14654,208,10,0
1784203200,1.14654,1.14654,1.14622,1.14626,202,10,0
1784203500,1.14628,1.14642,1.14627,1.14629,215,10,0
1784203800,1.14628,1.14654,1.14627,1.1464699999999999,148,10,0
1784204100,1.1464699999999999,1.14663,1.14638,1.14655,165,10,0
1784204400,1.14654,1.14655,1.14633,1.14635,113,10,0
1784204700,1.14635,1.14644,1.14623,1.1463,157,10,0
1784205000,1.14629,1.14634,1.14603,1.1461000000000001,213,10,0
1784205300,1.1461000000000001,1.14634,1.146,1.14624,237,10,0
1784205600,1.14625,1.14649,1.14619,1.1464699999999999,144,10,0
1784205900,1.14648,1.14668,1.14648,1.14667,126,10,0
1784206200,1.14666,1.14673,1.14648,1.14673,130,10,0
1784206500,1.14675,1.14677,1.14652,1.14658,169,10,0
1784206800,1.14658,1.14658,1.14638,1.14645,193,10,0
1784207100,1.14646,1.14656,1.14639,1.14653,127,10,0
1784207400,1.14652,1.14658,1.14643,1.14652,105,10,0
1784207700,1.14652,1.14669,1.14652,1.1466,109,10,0
1784208000,1.14659,1.14679,1.14658,1.1467,120,10,0
1784208300,1.1467100000000001,1.14674,1.14645,1.14648,139,10,0
1784208600,1.1464699999999999,1.14649,1.14616,1.14623,196,10,0
1784208900,1.14624,1.14634,1.14619,1.14619,175,10,0
1784209200,1.14621,1.14646,1.14621,1.14642,141,10,0
1784209500,1.14641,1.14658,1.14641,1.14648,103,10,0
1784209800,1.14648,1.1465,1.14628,1.14641,136,10,0
1784210100,1.1464,1.1464,1.14589,1.14594,197,10,0
1784210400,1.14592,1.14618,1.14583,1.14599,316,10,0
1784210700,1.14598,1.14615,1.14591,1.14612,126,10,0
1784211000,1.1461000000000001,1.14614,1.14594,1.14598,105,10,0
1784211300,1.14599,1.14617,1.14578,1.14614,218,10,0
1784211600,1.14613,1.14627,1.14606,1.14623,140,10,0
1784211900,1.14623,1.14624,1.14583,1.14599,213,10,0
1784212200,1.14597,1.14623,1.14597,1.14622,197,10,0
1784212500,1.14623,1.14633,1.14617,1.14633,124,10,0
1784212800,1.14635,1.14659,1.14622,1.14641,158,10,0
1784213100,1.14641,1.14664,1.14581,1.14607,247,10,0
1784213400,1.14605,1.14642,1.1456,1.14634,597,10,0
1784213700,1.14636,1.14684,1.14633,1.1468,303,10,0
1784214000,1.1468099999999999,1.14697,1.14665,1.14688,407,10,0
1784214300,1.14688,1.14702,1.14666,1.14667,313,10,0
1784214600,1.14667,1.1467100000000001,1.14631,1.14642,304,10,0
1784214900,1.14643,1.14648,1.14616,1.1464699999999999,282,10,0
1784215200,1.14645,1.14645,1.14612,1.14619,411,10,0
1784215500,1.1461999999999999,1.14639,1.14594,1.14629,276,10,0
1784215800,1.14627,1.1464699999999999,1.14571,1.14577,419,10,0
1784216100,1.14577,1.14588,1.14521,1.14557,598,10,0
1784216400,1.14558,1.14569,1.14506,1.14521,433,10,0
1784216700,1.1452,1.14555,1.14509,1.14538,457,10,0
1784217000,1.14535,1.1454900000000001,1.1451,1.1451500000000001,306,10,0
1784217300,1.14516,1.14518,1.1446399999999999,1.1447,417,10,0
1784217600,1.14472,1.14486,1.1444,1.14449,511,10,0
1784217900,1.14448,1.14499,1.14448,1.14499,485,10,0
1784218200,1.1449799999999999,1.14531,1.14494,1.14529,255,10,0
1784218500,1.1453,1.14532,1.14504,1.14532,292,10,0
1784218800,1.14531,1.1455,1.14528,1.14544,293,10,0
1784219100,1.14541,1.14579,1.14534,1.14577,245,10,0
1784219400,1.14577,1.14587,1.1456,1.14563,435,10,0
1784219700,1.14564,1.14577,1.1454,1.14567,502,10,0
1784220000,1.14568,1.14583,1.14529,1.14531,484,10,0
1784220300,1.14533,1.14533,1.1451500000000001,1.14529,399,10,0
1784220600,1.1453,1.14556,1.14518,1.14548,450,10,0
1784220900,1.14546,1.14546,1.1449,1.14491,426,10,0
1784221200,1.14492,1.14535,1.14487,1.14534,444,10,0
1784221500,1.14534,1.14534,1.1449799999999999,1.1449799999999999,250,10,0
1784221800,1.14497,1.14497,1.14446,1.14478,429,10,0
1784222100,1.14477,1.14509,1.1446399999999999,1.14509,286,10,0
1784222400,1.1451,1.14519,1.14484,1.14496,300,10,0
1784222700,1.14495,1.14514,1.14486,1.14487,296,10,0
1784223000,1.1448800000000001,1.14517,1.14486,1.1451,315,10,0
1784223300,1.14509,1.1451,1.1443,1.14436,379,10,0
1784223600,1.14438,1.14443,1.14419,1.14442,340,10,0
1784223900,1.14444,1.14456,1.14413,1.14421,373,10,0
1784224200,1.14422,1.1443,1.14395,1.1441,386,10,0
1784224500,1.14409,1.14447,1.14395,1.14424,456,10,0
1784224800,1.14424,1.14426,1.14361,1.14372,546,10,0
1784225100,1.14374,1.14396,1.14371,1.14385,264,10,0
1784225400,1.14385,1.14414,1.14385,1.14414,287,10,0
1784225700,1.14415,1.14429,1.1441,1.14411,295,10,0
1784226000,1.14411,1.14435,1.14395,1.14395,264,10,0
1784226300,1.14396,1.14413,1.14394,1.144,279,10,0
1784226600,1.14401,1.14446,1.14396,1.14444,249,10,0
1784226900,1.14444,1.14449,1.14424,1.14445,210,10,0
1784227200,1.14445,1.14463,1.14439,1.1446,193,10,0
1784227500,1.14461,1.14483,1.14451,1.14482,178,10,0
1784227800,1.14481,1.14491,1.14467,1.1449,163,10,0
1784228100,1.14489,1.14491,1.14451,1.14465,212,10,0
1784228400,1.1446399999999999,1.14467,1.14429,1.14432,230,10,0
1784228700,1.14433,1.14436,1.14406,1.1441,216,10,0
1784229000,1.14409,1.14426,1.1440299999999999,1.14416,142,10,0
1784229300,1.14415,1.14424,1.144,1.14401,169,10,0
1784229600,1.14401,1.14401,1.14356,1.14364,463,10,0
1784229900,1.14364,1.14372,1.1435,1.14356,267,10,0
1784230200,1.14357,1.14382,1.14352,1.1437599999999999,172,10,0
1784230500,1.14375,1.14379,1.1436,1.14364,170,10,0
1784230800,1.14361,1.1437,1.1434199999999999,1.14365,160,10,0
1784231100,1.14365,1.1437,1.14355,1.1436600000000001,128,10,0
1784231400,1.1436600000000001,1.1437599999999999,1.14348,1.14351,146,10,0
1784231700,1.14351,1.14365,1.14337,1.14343,192,10,0
1784232000,1.1434199999999999,1.14348,1.14308,1.14319,251,10,0
1784232300,1.14318,1.14319,1.14308,1.14314,207,10,0
1784232600,1.14314,1.14321,1.14307,1.1431499999999999,166,10,0
1784232900,1.14316,1.14334,1.14313,1.14334,180,10,0
1784233200,1.14333,1.14341,1.14331,1.14341,87,10,0
1784233500,1.14341,1.14348,1.14335,1.14346,62,10,0
1784233800,1.14348,1.14352,1.1433,1.14334,89,10,0
1784234100,1.14334,1.14336,1.14322,1.1433,115,10,0
1784234400,1.1433,1.14346,1.14329,1.14341,142,10,0
1784234700,1.1434199999999999,1.14364,1.14339,1.1436,158,10,0
1784235000,1.14359,1.14378,1.14356,1.14371,149,10,0
1784235300,1.14371,1.14378,1.14361,1.14361,109,10,0
1784235600,1.14361,1.14363,1.14346,1.14346,150,10,0
1784235900,1.14345,1.14363,1.14345,1.14356,190,10,0
1784236200,1.14357,1.14375,1.14357,1.14371,116,10,0
1784236500,1.14371,1.14378,1.14371,1.1437599999999999,64,10,0
1784236800,1.1437599999999999,1.14387,1.14364,1.14367,147,10,0
1784237100,1.14367,1.14371,1.1436,1.14361,122,10,0
1784237400,1.14361,1.1437,1.14356,1.14356,122,10,0
1784237700,1.14355,1.14361,1.14352,1.1436,136,10,0
1784238000,1.14361,1.14373,1.14358,1.14371,133,10,0
1784238300,1.14371,1.14381,1.14367,1.14367,91,10,0
1784238600,1.1436600000000001,1.14373,1.14363,1.14371,108,10,0
1784238900,1.14369,1.14382,1.14367,1.1438,143,10,0
1784239200,1.14379,1.14396,1.14374,1.14391,183,10,0
1784239500,1.1439,1.1439,1.1438,1.14381,66,10,0
1784239800,1.14381,1.14384,1.14369,1.1437,97,10,0
1784240100,1.14369,1.14372,1.14355,1.1436600000000001,100,10,0
1784240400,1.14367,1.14371,1.14347,1.14349,128,10,0
1784240700,1.14349,1.14354,1.14338,1.14346,182,10,0
1784241000,1.14347,1.14361,1.14346,1.14355,126,10,0
1784241300,1.14355,1.14371,1.14352,1.1436600000000001,106,10,0
1784241600,1.14365,1.14375,1.14365,1.14367,120,10,0
1784241900,1.14368,1.14385,1.1436600000000001,1.14385,105,10,0
1784242200,1.14386,1.1441,1.14379,1.1441,137,10,0
1784242500,1.1441,1.14412,1.1439300000000001,1.14399,325,10,0
1784242800,1.14398,1.14414,1.14394,1.14413,159,10,0
1784243100,1.14415,1.14415,1.14406,1.14406,68,10,0
1784243400,1.14407,1.14409,1.14396,1.14398,65,10,0
1784243700,1.14398,1.14402,1.14398,1.14399,47,10,0
1784244000,1.14397,1.14397,1.14384,1.14384,24,10,0
1784244300,1.14383,1.14392,1.14381,1.14392,29,10,0
1784244600,1.14391,1.14436,1.14387,1.14422,142,10,0
1784244900,1.14422,1.14434,1.14422,1.14432,34,10,0
1784245200,1.14433,1.14433,1.14422,1.14423,31,10,0
1784245500,1.14424,1.14432,1.14423,1.14428,38,10,0
1784245800,1.14432,1.1443699999999999,1.14429,1.1443,104,10,0
1784246100,1.14431,1.14438,1.14395,1.14395,133,10,0
1784246400,1.14381,1.14391,1.14338,1.14384,11,55,0
1784246700,1.14384,1.14391,1.14384,1.14384,18,50,0
1784247000,1.14384,1.14396,1.14384,1.14396,17,56,0
1784247300,1.14396,1.14396,1.14384,1.14396,7,53,0
1784247600,1.14396,1.14396,1.1439,1.14396,9,33,0
1784247900,1.14384,1.14406,1.14384,1.14399,18,29,0
1784248200,1.14401,1.14401,1.14388,1.14396,21,51,0
1784248500,1.14397,1.14402,1.14396,1.14398,10,36,0
1784248800,1.14398,1.14406,1.14397,1.14404,38,28,0
1784249100,1.14401,1.14422,1.14397,1.14397,18,29,0
1784249400,1.14397,1.14397,1.14396,1.14396,6,65,0
1784249700,1.14396,1.14396,1.14396,1.14396,4,62,0
1784250000,1.14397,1.14443,1.14397,1.14442,74,11,0
1784250300,1.14443,1.14443,1.14432,1.14439,48,11,0
1784250600,1.1443699999999999,1.14443,1.1443699999999999,1.14439,89,11,0
1784250900,1.14439,1.14439,1.14434,1.14435,27,11,0
1784251200,1.14435,1.14435,1.1443,1.14433,39,11,0
1784251500,1.14433,1.14434,1.1442700000000001,1.14432,41,11,0
1784251800,1.14431,1.14435,1.1442700000000001,1.14428,52,11,0
1784252100,1.14428,1.14429,1.14425,1.14429,24,11,0
1784252400,1.14428,1.1443,1.1442700000000001,1.1442700000000001,18,11,0
1784252700,1.14426,1.14426,1.14418,1.14419,40,11,0
1784253000,1.14419,1.1442,1.14419,1.14419,10,11,0
1784253300,1.1442,1.14429,1.14418,1.14428,69,11,0
1784253600,1.1442700000000001,1.14433,1.14426,1.14431,53,10,0
1784253900,1.1443,1.1443,1.14423,1.14425,45,11,0
1784254200,1.14426,1.14438,1.14421,1.14436,49,11,0
1784254500,1.1443699999999999,1.1444,1.14434,1.14435,18,10,0
1784254800,1.14434,1.14436,1.14433,1.14435,31,10,0
1784255100,1.14435,1.1445,1.14435,1.14442,64,10,0
1784255400,1.14442,1.14445,1.14438,1.14443,31,11,0
1784255700,1.14444,1.14459,1.14444,1.14458,37,10,0
1784256000,1.14457,1.14457,1.14447,1.14447,32,10,0
1784256300,1.14447,1.14447,1.14436,1.14439,78,10,0
1784256600,1.14438,1.14439,1.14431,1.14432,72,10,0
1784256900,1.14433,1.14447,1.14432,1.14445,56,10,0
1784257200,1.14446,1.14457,1.14439,1.14448,219,10,0
1784257500,1.14448,1.1445400000000001,1.14444,1.14445,102,10,0
1784257800,1.14444,1.14447,1.14434,1.14439,105,10,0
1784258100,1.14438,1.1445400000000001,1.14438,1.14438,105,10,0
1784258400,1.1443699999999999,1.14439,1.14425,1.14426,102,10,0
1784258700,1.14426,1.1443,1.14412,1.14415,119,10,0
1784259000,1.14415,1.14426,1.14407,1.14414,119,10,0
1784259300,1.14415,1.14428,1.14414,1.14418,106,10,0
1784259600,1.14419,1.14419,1.14408,1.14409,101,10,0
1784259900,1.14408,1.14423,1.14408,1.14423,147,10,0
1784260200,1.14421,1.14451,1.14421,1.14447,228,10,0
1784260500,1.14447,1.1446399999999999,1.1443699999999999,1.1446399999999999,117,10,0
1784260800,1.14463,1.14476,1.14459,1.14461,132,10,0
1784261100,1.14462,1.1447,1.14445,1.14453,152,10,0
1784261400,1.1445400000000001,1.1445400000000001,1.14429,1.1444,156,10,0
1784261700,1.14441,1.14462,1.1444,1.1445400000000001,146,10,0
1784262000,1.14453,1.14462,1.14445,1.14449,132,10,0
1784262300,1.14449,1.14451,1.14428,1.1443,113,10,0
1784262600,1.14429,1.14439,1.14424,1.1443,106,10,0
1784262900,1.1443,1.1443,1.14412,1.14415,122,10,0
1784263200,1.14415,1.1443,1.14412,1.14428,91,10,0
1784263500,1.1442700000000001,1.1442700000000001,1.144,1.144,122,10,0
1784263800,1.144,1.14405,1.14369,1.14373,222,10,0
1784264100,1.14374,1.14389,1.14368,1.14386,153,10,0
1784264400,1.14385,1.14409,1.14385,1.1439,196,10,0
1784264700,1.14389,1.1440299999999999,1.14385,1.14398,128,10,0
1784265000,1.14399,1.14407,1.14398,1.14405,82,10,0
1784265300,1.14404,1.14409,1.144,1.14404,113,10,0
1784265600,1.14405,1.14406,1.14388,1.144,123,10,0
1784265900,1.14399,1.14401,1.14384,1.14385,103,10,0
1784266200,1.14385,1.14395,1.14367,1.1437,121,10,0
1784266500,1.14374,1.1438,1.14362,1.14371,161,10,0
1784266800,1.14372,1.1437599999999999,1.14364,1.1437599999999999,105,10,0
1784267100,1.14375,1.14384,1.14371,1.14383,100,10,0
1784267400,1.14383,1.1439,1.1436600000000001,1.1436600000000001,120,10,0
1784267700,1.14367,1.14374,1.14361,1.14364,124,10,0
1784268000,1.14365,1.14377,1.14359,1.14373,172,10,0
1784268300,1.14373,1.14397,1.14373,1.14378,165,10,0
1784268600,1.14377,1.14379,1.14367,1.14374,102,10,0
1784268900,1.14375,1.14396,1.14375,1.1439,94,10,0
1784269200,1.1439,1.14396,1.1438,1.14381,68,10,0
1784269500,1.1438,1.14389,1.14378,1.14389,104,10,0
1784269800,1.14388,1.14394,1.14373,1.14381,135,10,0
1784270100,1.14382,1.14384,1.14362,1.14362,64,10,0
1784270400,1.14362,1.1436600000000001,1.14354,1.14359,72,10,0
1784270700,1.14358,1.14365,1.14353,1.14363,81,10,0
1784271000,1.14362,1.14386,1.14361,1.14385,111,10,0
1784271300,1.14384,1.1439,1.14384,1.14388,78,10,0
1784271600,1.14389,1.14389,1.1437599999999999,1.14379,139,10,0
1784271900,1.14379,1.1438,1.14372,1.14374,70,10,0
1784272200,1.14373,1.14378,1.14373,1.14374,42,10,0
1784272500,1.14374,1.14379,1.14368,1.14375,85,10,0
1784272800,1.14375,1.14379,1.14368,1.14369,71,10,0
1784273100,1.14369,1.14369,1.14356,1.14359,98,10,0
1784273400,1.14358,1.14371,1.14354,1.14365,80,10,0
1784273700,1.14365,1.14375,1.14365,1.14372,57,10,0
1784274000,1.14372,1.14373,1.14357,1.14363,123,10,0
1784274300,1.14363,1.14374,1.14355,1.14355,64,10,0
1784274600,1.14354,1.14356,1.1434,1.14355,100,10,0
1784274900,1.14355,1.14361,1.14355,1.14356,31,10,0
1784275200,1.14357,1.14363,1.14352,1.14363,68,10,0
1784275500,1.14363,1.14364,1.14355,1.14361,42,10,0
1784275800,1.1436,1.14367,1.14359,1.14361,45,10,0
1784276100,1.1436,1.14375,1.14351,1.1436600000000001,78,10,0
1784276400,1.14365,1.14373,1.14354,1.14355,82,10,0
1784276700,1.14355,1.14369,1.14353,1.14365,116,10,0
1784277000,1.1436600000000001,1.14391,1.1436600000000001,1.14385,206,10,0
1784277300,1.14385,1.14413,1.14383,1.14412,176,10,0
1784277600,1.14412,1.14431,1.1440299999999999,1.14413,239,10,0
1784277900,1.14412,1.14421,1.1440299999999999,1.14419,152,10,0
1784278200,1.14419,1.14429,1.14409,1.1442,129,10,0
1784278500,1.14418,1.14418,1.14387,1.14392,175,10,0
1784278800,1.14389,1.14419,1.14389,1.14418,271,10,0
1784279100,1.14418,1.14422,1.14397,1.14404,222,10,0
1784279400,1.1440299999999999,1.1445400000000001,1.14399,1.1445400000000001,186,10,0
1784279700,1.1445400000000001,1.14482,1.14453,1.14475,156,10,0
1784280000,1.14475,1.14502,1.14458,1.14501,164,10,0
1784280300,1.14502,1.14508,1.14481,1.14481,159,10,0
1784280600,1.1448,1.145,1.14474,1.14492,164,10,0
1784280900,1.14495,1.1449799999999999,1.14486,1.14493,189,10,0
1784281200,1.14494,1.14511,1.14486,1.14491,159,10,0
1784281500,1.1449,1.14507,1.14479,1.14484,202,10,0
1784281800,1.14484,1.145,1.1448,1.1449,159,10,0
1784282100,1.14489,1.14517,1.14483,1.14493,427,10,0
1784282400,1.14494,1.14517,1.14492,1.14511,358,10,0
1784282700,1.1451,1.14516,1.1447,1.14478,157,10,0
1784283000,1.14478,1.14487,1.14468,1.14486,172,10,0
1784283300,1.14485,1.14487,1.1445,1.14452,237,10,0
1784283600,1.14452,1.1445400000000001,1.14438,1.14445,183,10,0
1784283900,1.14446,1.14466,1.14442,1.14463,223,10,0
1784284200,1.14463,1.14494,1.14448,1.14453,202,10,0
1784284500,1.14452,1.14459,1.14439,1.14459,159,10,0
1784284800,1.14459,1.14465,1.14439,1.1446399999999999,155,10,0
1784285100,1.14461,1.1448800000000001,1.14459,1.14481,122,10,0
1784285400,1.1448,1.1449,1.14467,1.14474,81,10,0
1784285700,1.14472,1.14475,1.14442,1.14443,219,10,0
1784286000,1.14444,1.14474,1.14444,1.14467,233,10,0
1784286300,1.14468,1.14472,1.14453,1.14457,252,10,0
1784286600,1.14456,1.1446,1.14397,1.1440299999999999,231,10,0
1784286900,1.14404,1.14404,1.14352,1.14357,349,10,0
1784287200,1.14358,1.144,1.14358,1.14388,338,10,0
1784287500,1.14386,1.14404,1.14373,1.14397,291,10,0
1784287800,1.14396,1.14432,1.14392,1.14425,235,10,0
1784288100,1.14424,1.1443,1.14411,1.14414,241,10,0
1784288400,1.14413,1.14422,1.14391,1.14421,267,10,0
1784288700,1.1442,1.14428,1.1440299999999999,1.14417,250,10,0
1784289000,1.14418,1.14419,1.14387,1.14392,275,10,0
1784289300,1.14395,1.14419,1.14395,1.14407,203,10,0
1784289600,1.14407,1.14414,1.1438,1.14395,317,10,0
1784289900,1.14395,1.14418,1.14386,1.14412,287,10,0
1784290200,1.14412,1.14415,1.1436600000000001,1.14381,240,10,0
1784290500,1.14381,1.1439,1.14369,1.1438,144,10,0
1784290800,1.14379,1.14404,1.14379,1.14404,164,10,0
1784291100,1.14404,1.1442,1.14401,1.14414,162,10,0
1784291400,1.14415,1.14415,1.14371,1.14373,181,10,0
1784291700,1.14373,1.14379,1.14358,1.14363,198,10,0
1784292000,1.14362,1.14379,1.14359,1.14373,178,10,0
1784292300,1.14374,1.14394,1.14371,1.14388,136,10,0
1784292600,1.14388,1.14395,1.1437,1.14394,177,10,0
1784292900,1.14395,1.14401,1.14388,1.144,114,10,0
1784293200,1.14399,1.14399,1.14352,1.1436600000000001,278,10,0
1784293500,1.14368,1.14383,1.1436600000000001,1.14372,176,10,0
1784293800,1.14373,1.14391,1.14369,1.14388,137,10,0
1784294100,1.14387,1.14399,1.14347,1.14348,195,10,0
1784294400,1.14347,1.14359,1.14321,1.14328,182,10,0
1784294700,1.14325,1.14329,1.14308,1.14318,216,10,0
1784295000,1.14318,1.14334,1.14307,1.14321,206,10,0
1784295300,1.14321,1.14325,1.14312,1.14316,112,10,0
1784295600,1.1431499999999999,1.14325,1.1430500000000001,1.14321,163,10,0
1784295900,1.14321,1.14326,1.1430500000000001,1.14316,123,10,0
1784296200,1.1431499999999999,1.1431499999999999,1.14262,1.14311,200,10,0
1784296500,1.14311,1.14319,1.14256,1.14262,463,10,0
1784296800,1.14262,1.14285,1.14248,1.14253,323,10,0
1784297100,1.14254,1.14284,1.1424,1.14284,222,10,0
1784297400,1.14284,1.14298,1.14275,1.14285,132,10,0
1784297700,1.14286,1.14301,1.14268,1.14296,205,10,0
1784298000,1.14296,1.14301,1.14273,1.14284,196,10,0
1784298300,1.14283,1.14304,1.14275,1.14299,163,10,0
1784298600,1.143,1.14323,1.14295,1.14323,162,10,0
1784298900,1.14323,1.14355,1.14321,1.1435,170,10,0
1784299200,1.14351,1.14356,1.14327,1.14329,176,10,0
1784299500,1.1433,1.14343,1.14307,1.14308,115,10,0
1784299800,1.14309,1.14323,1.14288,1.14317,240,10,0
1784300100,1.14317,1.14317,1.14288,1.14296,177,10,0
1784300400,1.14297,1.14336,1.14296,1.1432,242,10,0
1784300700,1.14321,1.14348,1.1431499999999999,1.14343,204,10,0
1784301000,1.14345,1.14348,1.14307,1.14324,189,10,0
1784301300,1.14323,1.14326,1.1430500000000001,1.1431499999999999,188,10,0
1784301600,1.14314,1.14331,1.14304,1.14326,181,10,0
1784301900,1.14327,1.14339,1.14318,1.14337,130,10,0
1784302200,1.14338,1.14338,1.14275,1.14278,215,10,0
1784302500,1.14279,1.14294,1.14269,1.14274,204,10,0
1784302800,1.14273,1.14275,1.14255,1.14264,270,10,0
1784303100,1.14264,1.14289,1.14243,1.1428,262,10,0
1784303400,1.14282,1.14285,1.14262,1.14263,262,10,0
1784303700,1.14264,1.14288,1.14264,1.14286,206,10,0
1784304000,1.14286,1.14297,1.14253,1.1427,421,10,0
1784304300,1.1427100000000001,1.1428099999999999,1.14252,1.14274,301,10,0
1784304600,1.14275,1.14313,1.1427,1.14289,267,10,0
1784304900,1.1429,1.14294,1.1424,1.14254,305,10,0
1784305200,1.14255,1.14279,1.14242,1.14257,332,10,0
1784305500,1.14258,1.14275,1.14246,1.14248,357,10,0
1784305800,1.14249,1.14295,1.14245,1.14288,460,10,0
1784306100,1.14289,1.14325,1.14287,1.14313,512,10,0
1784306400,1.14313,1.14319,1.14289,1.1431499999999999,445,10,0
1784306700,1.14316,1.14331,1.14297,1.14328,513,10,0
1784307000,1.14327,1.14363,1.14326,1.14349,452,10,0
1784307300,1.14349,1.14361,1.14339,1.14354,303,10,0
1784307600,1.14353,1.14368,1.14326,1.14347,401,10,0
1784307900,1.14347,1.1437,1.14343,1.14356,378,10,0
1784308200,1.14356,1.14371,1.1435,1.14359,296,10,0
1784308500,1.14359,1.14404,1.14359,1.14402,315,10,0
1784308800,1.1440299999999999,1.14406,1.14386,1.14386,242,10,0
1784309100,1.14385,1.14395,1.14339,1.14349,290,10,0
1784309400,1.1435,1.1438,1.14345,1.14361,318,10,0
1784309700,1.1436,1.14384,1.14352,1.1438,341,10,0
1784310000,1.1438,1.1442,1.14375,1.14416,320,10,0
1784310300,1.14416,1.1443699999999999,1.14406,1.1441,258,10,0
1784310600,1.14412,1.14419,1.1439300000000001,1.14404,283,10,0
1784310900,1.1440299999999999,1.14405,1.14375,1.14392,360,10,0
1784311200,1.1439300000000001,1.14414,1.14385,1.14414,365,10,0
1784311500,1.14416,1.14428,1.14409,1.14413,225,10,0
1784311800,1.14413,1.14418,1.14382,1.1439,272,10,0
1784312100,1.14392,1.14407,1.14388,1.14401,281,10,0
1784312400,1.14401,1.1444,1.144,1.14419,235,10,0
1784312700,1.14418,1.14422,1.14408,1.1441,203,10,0
1784313000,1.14411,1.14421,1.1439300000000001,1.14396,355,10,0
1784313300,1.14398,1.14415,1.14383,1.14399,295,10,0
1784313600,1.144,1.144,1.1436600000000001,1.14368,218,10,0
1784313900,1.14369,1.14406,1.14369,1.14391,211,10,0
1784314200,1.14392,1.1440299999999999,1.14384,1.1439,148,10,0
1784314500,1.1439,1.14402,1.14382,1.14395,180,10,0
1784314800,1.14394,1.14401,1.14336,1.14357,401,10,0
1784315100,1.14358,1.14392,1.14346,1.1439,290,10,0
1784315400,1.14391,1.14396,1.1437,1.14394,274,10,0
1784315700,1.14395,1.14397,1.14378,1.1438,234,10,0
1784316000,1.14381,1.1439,1.14374,1.14387,147,10,0
1784316300,1.14388,1.14412,1.14379,1.14405,254,10,0
1784316600,1.14404,1.14411,1.14399,1.14402,151,10,0
1784316900,1.1440299999999999,1.14405,1.14384,1.14389,166,10,0
1784317200,1.14389,1.144,1.14389,1.14394,113,10,0
1784317500,1.1439300000000001,1.14394,1.14367,1.14378,136,10,0
1784317800,1.14378,1.14389,1.14373,1.14387,111,10,0
1784318100,1.14388,1.14388,1.14368,1.1437599999999999,130,10,0
1784318400,1.14377,1.14383,1.14363,1.14368,180,10,0
1784318700,1.14367,1.14371,1.14348,1.14352,172,10,0
1784319000,1.14352,1.14357,1.14337,1.1434199999999999,106,10,0
1784319300,1.1434,1.1435,1.14328,1.14331,153,10,0
1784319600,1.14331,1.14344,1.14329,1.14335,163,10,0
1784319900,1.14336,1.14355,1.14334,1.14354,108,10,0
1784320200,1.14353,1.14355,1.1434199999999999,1.14355,138,10,0
1784320500,1.14355,1.14356,1.1434199999999999,1.14346,100,10,0
1784320800,1.14346,1.14346,1.14333,1.14335,104,10,0
1784321100,1.14334,1.14344,1.14333,1.14344,101,10,0
1784321400,1.14344,1.14346,1.14338,1.14343,59,10,0
1784321700,1.14344,1.14344,1.14335,1.14338,117,10,0
1784322000,1.14338,1.14338,1.14331,1.14338,80,10,0
1784322300,1.14338,1.14347,1.14333,1.1434199999999999,88,10,0
1784322600,1.14343,1.14356,1.14337,1.14348,114,10,0
1784322900,1.14347,1.14362,1.14338,1.14356,149,10,0
1784323200,1.14354,1.14368,1.14349,1.14349,147,10,0
1784323500,1.1435,1.14364,1.14348,1.14364,113,10,0
1784323800,1.14363,1.1437,1.14358,1.14365,107,10,0
1784324100,1.1436600000000001,1.1436600000000001,1.14354,1.14358,89,10,0
1784324400,1.14357,1.14357,1.1435,1.14354,55,10,0
1784324700,1.14353,1.14358,1.14346,1.14346,82,10,0
1784325000,1.14346,1.14357,1.14344,1.14355,74,10,0
1784325300,1.14355,1.1436,1.14348,1.14348,74,10,0
1784325600,1.14346,1.14358,1.14345,1.14353,103,10,0
1784325900,1.14353,1.1436,1.14352,1.14358,80,10,0
1784326200,1.14358,1.1436,1.14352,1.14354,60,10,0
1784326500,1.14355,1.14355,1.14343,1.14348,80,10,0
1784326800,1.14348,1.14365,1.14344,1.14344,110,10,0
1784327100,1.14345,1.14359,1.14333,1.14353,191,10,0
1784327400,1.14354,1.14361,1.14353,1.14357,107,10,0
1784327700,1.14356,1.14359,1.14337,1.14337,80,10,0
1784328000,1.14337,1.14384,1.14334,1.1437599999999999,140,10,0
1784328300,1.14375,1.14383,1.14372,1.14375,116,10,0
1784328600,1.1437599999999999,1.14389,1.14373,1.14387,118,10,0
1784328900,1.14386,1.1441,1.14383,1.14401,176,10,0
1784329200,1.1440299999999999,1.14419,1.14401,1.14406,160,10,0
1784329500,1.14405,1.14414,1.14396,1.14399,61,10,0
1784329800,1.14398,1.14398,1.14386,1.14387,26,10,0
1784330100,1.14388,1.14392,1.14386,1.14386,51,10,0
1784330400,1.14386,1.14386,1.14357,1.14369,83,10,0
1784330700,1.14368,1.14375,1.14362,1.14372,43,10,0
1784331000,1.14372,1.14379,1.14371,1.14373,71,10,0
1784331300,1.14374,1.14374,1.14365,1.14368,43,10,0
1784331600,1.14367,1.1437,1.14362,1.1437,69,10,0
1784331900,1.1437,1.1437599999999999,1.14358,1.14373,72,11,0
1784332200,1.14372,1.14382,1.14368,1.14374,168,10,0
1784332500,1.14373,1.1437599999999999,1.14361,1.14364,138,11,0
1784505600,1.14264,1.14264,1.14247,1.14247,6,41,0
1784505900,1.14239,1.14247,1.14239,1.14246,9,76,0
1784506200,1.14248,1.14249,1.14243,1.1424400000000001,8,94,0
1784506500,1.14242,1.14249,1.1424,1.14243,7,90,0
1784506800,1.14243,1.14264,1.14241,1.14264,9,77,0
1784507100,1.14263,1.14263,1.14259,1.14259,6,79,0
1784507400,1.14259,1.14267,1.14249,1.14267,10,71,0
1784507700,1.14267,1.14284,1.14255,1.14279,14,68,0
1784508000,1.14277,1.1428,1.14263,1.14275,19,70,0
1784508300,1.14275,1.14277,1.14265,1.14276,16,68,0
1784508600,1.14274,1.14278,1.14274,1.14276,7,74,0
1784508900,1.14272,1.1428,1.14265,1.14265,13,61,0
1784509200,1.14265,1.14286,1.14243,1.14255,178,10,0
1784509500,1.14261,1.1429,1.14261,1.1429,96,10,0
1784509800,1.14289,1.1430500000000001,1.1428,1.14292,145,10,0
1784510100,1.14292,1.14308,1.14272,1.14285,217,10,0
1784510400,1.14285,1.14291,1.14273,1.14273,168,10,0
1784510700,1.14273,1.14274,1.14258,1.1427,104,10,0
1784511000,1.14269,1.14294,1.14257,1.14283,200,10,0
1784511300,1.14283,1.14285,1.14278,1.14279,70,10,0
1784511600,1.14279,1.14285,1.14272,1.14278,77,10,0
1784511900,1.14276,1.14279,1.1427,1.14272,34,11,0
1784512200,1.14272,1.14275,1.1426,1.14262,66,10,0
1784512500,1.14262,1.14267,1.14259,1.14259,36,10,0
1784512800,1.1426,1.14265,1.14249,1.1425,88,10,0
1784513100,1.1425,1.14257,1.14249,1.14255,52,10,0
1784513400,1.14256,1.14258,1.14246,1.14246,38,10,0
1784513700,1.14248,1.14253,1.14234,1.14238,45,10,0
1784514000,1.14239,1.1424400000000001,1.14233,1.1424400000000001,41,10,0
1784514300,1.14245,1.14252,1.14241,1.1425,57,10,0
1784514600,1.14249,1.1425,1.14243,1.1424400000000001,22,10,0
1784514900,1.14248,1.14258,1.14243,1.1425,54,10,0
1784515200,1.14254,1.14265,1.14252,1.14263,62,10,0
1784515500,1.14262,1.14265,1.14248,1.14263,87,10,0
1784515800,1.14264,1.1427100000000001,1.14247,1.14254,127,10,0
1784516100,1.14255,1.14269,1.14254,1.14268,107,10,0
1784516400,1.14268,1.14289,1.14259,1.14286,230,10,0
1784516700,1.14287,1.14306,1.14286,1.143,166,10,0
1784517000,1.143,1.1430500000000001,1.14289,1.14292,153,10,0
1784517300,1.14293,1.1431499999999999,1.14293,1.1431,166,10,0
1784517600,1.1431,1.14322,1.143,1.14318,172,10,0
1784517900,1.14319,1.14322,1.1431,1.14318,148,10,0
1784518200,1.14318,1.14318,1.14304,1.14306,143,10,0
1784518500,1.14306,1.14311,1.14299,1.14303,96,10,0
1784518800,1.14304,1.14314,1.14303,1.14312,96,10,0
1784519100,1.14313,1.14321,1.14312,1.1431499999999999,126,10,0
1784519400,1.1431499999999999,1.14328,1.14314,1.14324,133,10,0
1784519700,1.14325,1.1433,1.14323,1.14329,149,10,0
1784520000,1.14329,1.1435,1.14329,1.14345,181,10,0
1784520300,1.14346,1.14349,1.14334,1.14346,108,10,0
1784520600,1.14346,1.14346,1.14309,1.14314,160,10,0
1784520900,1.1431499999999999,1.14326,1.14311,1.14316,238,10,0
1784521200,1.14317,1.14327,1.1431,1.14326,135,10,0
1784521500,1.14325,1.1434,1.14323,1.1434,149,10,0
1784521800,1.1434,1.14351,1.14338,1.1434199999999999,167,10,0
1784522100,1.14341,1.14343,1.14335,1.14337,166,10,0
1784522400,1.14338,1.14343,1.14311,1.14324,260,10,0
1784522700,1.14325,1.14333,1.14319,1.14329,131,10,0
1784523000,1.14329,1.14335,1.14321,1.1433,124,10,0
1784523300,1.14331,1.1436,1.14331,1.14356,101,10,0
1784523600,1.14356,1.1436600000000001,1.14341,1.1436,189,10,0
1784523900,1.14361,1.14372,1.14353,1.14364,155,10,0
1784524200,1.14364,1.1437599999999999,1.14354,1.14359,142,10,0
1784524500,1.14356,1.1436600000000001,1.14355,1.14358,77,10,0
1784524800,1.14358,1.14365,1.14358,1.14364,67,10,0
1784525100,1.14365,1.14385,1.14364,1.14384,140,10,0
1784525400,1.14384,1.14387,1.1437599999999999,1.14379,117,10,0
1784525700,1.1438,1.14396,1.14374,1.14389,152,10,0
1784526000,1.14389,1.14424,1.14387,1.14402,144,10,0
1784526300,1.14402,1.14415,1.14391,1.14414,103,10,0
1784526600,1.14414,1.14419,1.14414,1.14417,68,10,0
1784526900,1.14417,1.14418,1.14402,1.14405,58,10,0
1784527200,1.14406,1.14408,1.14395,1.14402,105,10,0
1784527500,1.14401,1.1440299999999999,1.14392,1.14395,97,10,0
1784527800,1.14394,1.14408,1.14394,1.14401,111,10,0
1784528100,1.144,1.14404,1.14395,1.14404,74,10,0
1784528400,1.14404,1.1441,1.1440299999999999,1.14405,74,10,0
1784528700,1.14404,1.14406,1.14398,1.14404,47,10,0
1784529000,1.14405,1.14408,1.1440299999999999,1.14406,88,10,0
1784529300,1.14405,1.14408,1.144,1.14406,95,10,0
1784529600,1.14405,1.14421,1.1440299999999999,1.14418,92,10,0
1784529900,1.14417,1.14419,1.14414,1.14414,56,10,0
1784530200,1.14414,1.1442,1.14412,1.14418,45,10,0
1784530500,1.14419,1.14419,1.14412,1.14415,56,10,0
1784530800,1.14414,1.1442,1.14412,1.14414,79,10,0
1784531100,1.14414,1.14415,1.14408,1.14413,37,10,0
1784531400,1.14413,1.14424,1.14413,1.14419,74,10,0
1784531700,1.1442,1.14428,1.1442,1.14423,67,10,0
1784532000,1.14424,1.1443,1.1442,1.14429,49,10,0
1784532300,1.1443,1.14441,1.1443,1.1444,38,10,0
1784532600,1.1444,1.1444,1.14431,1.14439,45,10,0
1784532900,1.1444,1.14445,1.14433,1.14436,38,10,0
1784533200,1.14436,1.14445,1.14435,1.14443,56,10,0
1784533500,1.14444,1.14444,1.14435,1.14438,67,10,0
1784533800,1.1443699999999999,1.14445,1.1443699999999999,1.14442,87,10,0
1784534100,1.14442,1.14442,1.14436,1.14439,55,10,0
1784534400,1.14439,1.14444,1.14426,1.1443,104,10,0
1784534700,1.14429,1.14435,1.14429,1.1443,27,10,0
1784535000,1.1443,1.14433,1.14419,1.14426,89,10,0
1784535300,1.14425,1.14432,1.14422,1.14423,86,10,0
1784535600,1.14422,1.14424,1.14418,1.14423,87,10,0
1784535900,1.14424,1.14424,1.14414,1.14415,91,10,0
1784536200,1.14414,1.14416,1.14407,1.14408,67,10,0
1784536500,1.14409,1.1441,1.14397,1.14399,92,10,0
1784536800,1.14398,1.14407,1.14398,1.14399,44,10,0
1784537100,1.14398,1.14405,1.14395,1.14397,95,10,0
1784537400,1.14398,1.14418,1.14397,1.14418,73,10,0
1784537700,1.14418,1.14418,1.14395,1.14396,132,10,0
1784538000,1.14397,1.14417,1.14394,1.14409,177,10,0
1784538300,1.14408,1.14408,1.14372,1.14373,203,10,0
1784538600,1.14372,1.14372,1.14356,1.14364,145,10,0
1784538900,1.14364,1.14389,1.14362,1.14372,175,10,0
1784539200,1.14372,1.14387,1.14372,1.14373,158,10,0
1784539500,1.14372,1.14373,1.14357,1.1436,162,10,0
1784539800,1.14363,1.14363,1.14336,1.14349,186,10,0
1784540100,1.14348,1.1437599999999999,1.1434,1.14374,218,10,0
1784540400,1.14375,1.14386,1.14348,1.14353,223,10,0
1784540700,1.14352,1.1439,1.14351,1.14372,208,10,0
1784541000,1.14373,1.1438,1.1436,1.14368,145,10,0
1784541300,1.14368,1.1438,1.14344,1.14346,259,10,0
1784541600,1.14347,1.1439,1.14339,1.14387,270,10,0
1784541900,1.14387,1.14388,1.14357,1.14358,159,10,0
1784542200,1.14357,1.14358,1.14337,1.14344,238,10,0
1784542500,1.14344,1.1436600000000001,1.1434,1.14364,121,10,0
1784542800,1.14364,1.14414,1.14357,1.14404,403,10,0
1784543100,1.1440299999999999,1.1442,1.14394,1.1442,256,10,0
1784543400,1.14419,1.14491,1.14414,1.14485,453,10,0
1784543700,1.14486,1.1448800000000001,1.14459,1.14473,281,10,0
1784544000,1.14473,1.1448800000000001,1.1446399999999999,1.14474,263,10,0
1784544300,1.14474,1.14483,1.14455,1.14462,284,10,0
1784544600,1.14462,1.1446399999999999,1.1442700000000001,1.1442700000000001,310,10,0
1784544900,1.1442700000000001,1.1444,1.14416,1.1443699999999999,285,10,0
1784545200,1.14436,1.14451,1.14425,1.1442700000000001,347,10,0
1784545500,1.14425,1.1443,1.14417,1.1442700000000001,154,10,0
1784545800,1.14426,1.1442700000000001,1.14412,1.14417,168,10,0
1784546100,1.14419,1.14426,1.14401,1.14401,208,10,0
1784546400,1.14399,1.14402,1.14387,1.14396,191,10,0
1784546700,1.14396,1.14402,1.14374,1.1437599999999999,159,10,0
1784547000,1.14377,1.14389,1.14369,1.14385,203,10,0
1784547300,1.14384,1.14422,1.14383,1.1442,132,10,0
1784547600,1.14421,1.14432,1.144,1.14404,160,10,0
1784547900,1.14404,1.1441,1.14397,1.14409,124,10,0
1784548200,1.14409,1.14409,1.14372,1.14401,194,10,0
1784548500,1.14401,1.14411,1.14378,1.14385,207,10,0
1784548800,1.14384,1.14392,1.14357,1.14359,221,10,0
1784549100,1.1436,1.1436,1.14325,1.14331,236,10,0
1784549400,1.1433200000000001,1.14346,1.1433,1.14339,140,10,0
1784549700,1.14338,1.14349,1.14317,1.14318,152,10,0
1784550000,1.14317,1.1434,1.14313,1.14338,153,10,0
1784550300,1.14338,1.1434,1.143,1.14303,211,10,0
1784550600,1.14303,1.14321,1.14301,1.14309,99,10,0
1784550900,1.14308,1.14317,1.14296,1.14298,125,10,0
1784551200,1.14298,1.14319,1.14287,1.14312,139,10,0
1784551500,1.14312,1.14312,1.14289,1.14294,116,10,0
1784551800,1.14294,1.14307,1.14289,1.14292,155,10,0
1784552100,1.14291,1.14298,1.14269,1.14296,174,10,0
1784552400,1.14297,1.143,1.14283,1.14288,170,10,0
1784552700,1.14288,1.14313,1.14279,1.14309,157,10,0
1784553000,1.14308,1.14328,1.14307,1.14311,173,10,0
1784553300,1.1431,1.14317,1.14307,1.1431,117,10,0
1784553600,1.1431,1.14319,1.14307,1.14313,111,10,0
1784553900,1.14313,1.14323,1.14312,1.14313,93,10,0
1784554200,1.14311,1.1433200000000001,1.14307,1.1433200000000001,82,10,0
1784554500,1.14334,1.14354,1.14333,1.14354,124,10,0
1784554800,1.14353,1.14357,1.14334,1.1434,104,10,0
1784555100,1.14339,1.14345,1.14326,1.14329,121,10,0
1784555400,1.14329,1.14335,1.1432,1.14327,126,10,0
1784555700,1.14328,1.1434,1.143,1.14307,204,10,0
1784556000,1.14306,1.14331,1.14303,1.14307,215,10,0
1784556300,1.14306,1.14309,1.14288,1.14295,196,10,0
1784556600,1.14293,1.14304,1.1428099999999999,1.14299,128,10,0
1784556900,1.14299,1.1431,1.14297,1.14307,111,10,0
1784557200,1.14307,1.14314,1.14302,1.14307,102,10,0
1784557500,1.14307,1.1433,1.14303,1.14329,148,10,0
1784557800,1.1433,1.144,1.14329,1.14381,966,10,0
1784558100,1.14381,1.14385,1.14339,1.14355,437,10,0
1784558400,1.14357,1.14364,1.1434199999999999,1.14345,333,10,0
1784558700,1.14344,1.14346,1.14327,1.14336,226,10,0
1784559000,1.14336,1.14338,1.14323,1.14326,207,10,0
1784559300,1.14325,1.14325,1.14276,1.14289,282,10,0
1784559600,1.14288,1.14289,1.14248,1.1428099999999999,502,10,0
1784559900,1.1428099999999999,1.14296,1.14247,1.14251,305,10,0
1784560200,1.14252,1.14256,1.14205,1.14218,223,10,0
1784560500,1.14218,1.14218,1.14179,1.14186,335,10,0
1784560800,1.14189,1.14193,1.14167,1.14192,327,10,0
1784561100,1.14194,1.14194,1.14168,1.14188,212,10,0
1784561400,1.14189,1.14198,1.14165,1.14189,243,10,0
1784561700,1.1419,1.14231,1.14188,1.14219,229,10,0
1784562000,1.14218,1.14219,1.14192,1.14194,205,10,0
1784562300,1.14196,1.14235,1.14196,1.14234,253,10,0
1784562600,1.14233,1.14274,1.14231,1.14254,285,10,0
1784562900,1.14255,1.14268,1.14229,1.14232,245,10,0
1784563200,1.14233,1.14242,1.14197,1.14201,372,10,0
1784563500,1.142,1.14205,1.14175,1.14189,284,10,0
1784563800,1.14188,1.14197,1.1418300000000001,1.14192,209,10,0
1784564100,1.14191,1.14194,1.14165,1.14171,202,10,0
1784564400,1.14171,1.14193,1.1417,1.14192,182,10,0
1784564700,1.14192,1.14202,1.14171,1.14188,235,10,0
1784565000,1.1419,1.14195,1.14175,1.14181,291,10,0
1784565300,1.14182,1.14185,1.1415899999999999,1.14168,306,10,0
1784565600,1.14168,1.14178,1.14141,1.14146,309,10,0
1784565900,1.14147,1.14177,1.14141,1.14173,292,10,0
1784566200,1.14174,1.14177,1.14155,1.14167,233,10,0
1784566500,1.14168,1.14179,1.14147,1.14147,222,10,0
1784566800,1.14146,1.14157,1.1414,1.14147,231,10,0
1784567100,1.14148,1.14158,1.14132,1.14132,210,10,0
1784567400,1.14131,1.14143,1.14116,1.14138,288,10,0
1784567700,1.14141,1.14171,1.14136,1.14162,242,10,0
1784568000,1.14161,1.14161,1.14127,1.14132,239,10,0
1784568300,1.14133,1.14168,1.1412200000000001,1.1415899999999999,327,10,0
1784568600,1.14158,1.1415899999999999,1.14104,1.14116,299,10,0
1784568900,1.14115,1.14116,1.1409,1.1409799999999999,294,10,0
1784569200,1.14097,1.1409799999999999,1.14058,1.1406100000000001,321,10,0
1784569500,1.1406,1.141,1.14052,1.14092,318,10,0
1784569800,1.14091,1.14092,1.1405,1.1405,254,10,0
1784570100,1.1405,1.14072,1.1402,1.14062,492,10,0
1784570400,1.1406100000000001,1.14085,1.14043,1.14084,502,10,0
1784570700,1.14083,1.141,1.1407,1.14093,430,10,0
1784571000,1.14093,1.1409799999999999,1.14068,1.14069,281,10,0
1784571300,1.14069,1.1407,1.14048,1.14053,277,10,0
1784571600,1.14053,1.14084,1.1405,1.14083,186,10,0
1784571900,1.14084,1.14092,1.14078,1.1409,154,10,0
1784572200,1.14089,1.14103,1.1408800000000001,1.14093,212,10,0
1784572500,1.14093,1.14108,1.14072,1.14081,251,10,0
1784572800,1.14082,1.14089,1.14066,1.14077,193,10,0
1784573100,1.14078,1.14111,1.14076,1.14106,228,10,0
1784573400,1.14105,1.1412,1.14092,1.14097,164,10,0
1784573700,1.1409799999999999,1.14117,1.14097,1.1411,130,10,0
1784574000,1.14108,1.14134,1.14104,1.14119,209,10,0
1784574300,1.14118,1.14146,1.14114,1.14144,149,10,0
1784574600,1.14143,1.14153,1.14141,1.14153,162,10,0
1784574900,1.14153,1.14166,1.1414900000000001,1.14154,137,10,0
1784575200,1.14153,1.14158,1.14144,1.1414900000000001,133,10,0
1784575500,1.14148,1.14152,1.14129,1.14135,174,10,0
1784575800,1.14135,1.14148,1.14131,1.14131,115,10,0
1784576100,1.1413,1.14138,1.14127,1.14128,135,10,0
1784576400,1.14127,1.1413,1.14068,1.14107,483,10,0
1784576700,1.14106,1.1411,1.14092,1.14105,209,10,0
1784577000,1.14105,1.1411,1.14093,1.14107,168,10,0
1784577300,1.14106,1.14113,1.14099,1.14111,149,10,0
1784577600,1.1411,1.14134,1.1411,1.14121,204,10,0
1784577900,1.14121,1.14141,1.14121,1.14141,157,10,0
1784578200,1.14141,1.14142,1.14108,1.14113,167,10,0
1784578500,1.14114,1.14136,1.14113,1.14135,153,10,0
1784578800,1.14134,1.14146,1.14131,1.14138,141,10,0
1784579100,1.14138,1.1414900000000001,1.14138,1.14143,115,10,0
1784579400,1.14142,1.14147,1.14136,1.14139,110,10,0
1784579700,1.14138,1.14139,1.14127,1.14127,73,10,0
1784580000,1.14127,1.14131,1.14124,1.14128,80,10,0
1784580300,1.14127,1.14132,1.1412200000000001,1.14131,52,10,0
1784580600,1.14131,1.14137,1.14128,1.14131,78,10,0
1784580900,1.14131,1.14142,1.14131,1.14135,84,10,0
1784581200,1.14136,1.1415,1.14135,1.14147,110,10,0
1784581500,1.14148,1.1416,1.1414,1.14158,99,10,0
1784581800,1.14158,1.14162,1.14153,1.14162,80,10,0
1784582100,1.14163,1.14184,1.14163,1.14177,106,10,0
1784582400,1.14177,1.14178,1.14158,1.14161,198,10,0
1784582700,1.1416,1.14172,1.14158,1.14168,101,10,0
1784583000,1.14168,1.14168,1.14146,1.14148,159,10,0
1784583300,1.14148,1.14157,1.14148,1.14152,57,10,0
1784583600,1.14152,1.14152,1.14134,1.14135,81,10,0
1784583900,1.14136,1.14142,1.14127,1.14137,155,10,0
1784584200,1.14136,1.14143,1.14132,1.14137,93,10,0
1784584500,1.14137,1.14151,1.14128,1.1414900000000001,107,10,0
1784584800,1.1414900000000001,1.1416,1.14143,1.1414900000000001,118,10,0
1784585100,1.1415,1.14154,1.14147,1.14154,58,10,0
1784585400,1.14154,1.14154,1.14133,1.14137,96,10,0
1784585700,1.14136,1.14143,1.14129,1.14143,82,10,0
1784586000,1.14144,1.14152,1.1414,1.14151,84,10,0
1784586300,1.1415,1.14174,1.14142,1.14168,177,10,0
1784586600,1.14168,1.14177,1.14162,1.14162,189,10,0
1784586900,1.14161,1.14167,1.14152,1.1415899999999999,139,10,0
1784587200,1.1415899999999999,1.14163,1.14157,1.14158,74,10,0
1784587500,1.14158,1.14168,1.14151,1.14168,87,10,0
1784587800,1.14165,1.1417,1.14156,1.14162,97,10,0
1784588100,1.14162,1.14162,1.14141,1.14151,190,10,0
1784588400,1.1415,1.14165,1.14147,1.14152,142,10,0
1784588700,1.14151,1.14152,1.14131,1.14137,66,10,0
1784589000,1.14137,1.14138,1.14134,1.14136,26,10,0
1784589300,1.14136,1.14136,1.1412200000000001,1.14126,55,10,0
1784589600,1.14126,1.14139,1.1412499999999999,1.14139,36,10,0
1784589900,1.1414,1.14145,1.14136,1.14142,34,10,0
1784590200,1.14141,1.14144,1.14137,1.14138,16,10,0
1784590500,1.14139,1.14139,1.1412200000000001,1.14124,47,10,0
1784590800,1.1412499999999999,1.14134,1.14124,1.14128,32,10,0
1784591100,1.14127,1.14131,1.14124,1.14127,32,10,0
1784591400,1.14128,1.14131,1.14123,1.14129,38,10,0
1784591700,1.14128,1.14139,1.14075,1.14075,75,10,0
1784592000,1.14081,1.14109,1.14081,1.14102,10,94,0
1784592300,1.14112,1.14142,1.14112,1.14118,11,34,0
1784592600,1.14118,1.14142,1.14089,1.14142,27,48,0
1784592900,1.14142,1.14152,1.14103,1.14112,13,20,0
1784593200,1.14112,1.14112,1.14112,1.14112,5,47,0
1784593500,1.14107,1.14107,1.14101,1.14101,13,52,0
1784593800,1.14101,1.1411,1.14084,1.14084,11,51,0
1784594100,1.14084,1.14107,1.14081,1.14084,16,41,0
1784594400,1.14084,1.14105,1.14084,1.14095,61,35,0
1784594700,1.14094,1.14095,1.14084,1.14087,77,34,0
1784595000,1.14087,1.1409,1.14087,1.1408800000000001,18,56,0
1784595300,1.1408800000000001,1.14091,1.14084,1.1409,21,54,0
1784595600,1.1409,1.14102,1.1409,1.141,164,20,0
1784595900,1.141,1.14118,1.14097,1.14112,52,11,0
1784596200,1.14115,1.14118,1.14114,1.14115,70,11,0
1784596500,1.14116,1.14117,1.14113,1.14116,78,10,0
1784596800,1.14116,1.14121,1.14116,1.1412,38,11,0
1784597100,1.1412,1.14121,1.1411,1.14115,61,11,0
1784597400,1.14114,1.14116,1.14112,1.14114,18,11,0
1784597700,1.14112,1.14117,1.1411,1.14116,32,11,0
1784598000,1.14115,1.14116,1.14109,1.14116,43,11,0
1784598300,1.14119,1.14132,1.14116,1.14123,104,10,0
1784598600,1.1412200000000001,1.14127,1.1412,1.14127,60,11,0
1784598900,1.14126,1.14128,1.1412200000000001,1.1412499999999999,33,11,0
1784599200,1.14126,1.14127,1.1412,1.14121,39,11,0
1784599500,1.14121,1.14126,1.1412,1.1412499999999999,36,11,0
1784599800,1.1412499999999999,1.14131,1.1412499999999999,1.1413,22,10,0
1784600100,1.1413,1.14135,1.14126,1.1413,18,10,0
1784600400,1.1413,1.14131,1.14121,1.14124,35,10,0
1784600700,1.1412499999999999,1.14126,1.14124,1.14126,20,11,0
1784601000,1.1412499999999999,1.14131,1.1412499999999999,1.14131,13,11,0
1784601300,1.1413,1.14131,1.14126,1.14126,16,11,0
1784601600,1.14126,1.14127,1.14126,1.14126,9,11,0
1784601900,1.14126,1.14132,1.1412499999999999,1.14132,39,10,0
1784602200,1.14134,1.1414,1.1413,1.1414,27,10,0
1784602500,1.14139,1.14155,1.14136,1.14153,64,10,0
1784602800,1.14154,1.14178,1.14148,1.14167,272,10,0
1784603100,1.14168,1.14168,1.1415,1.14158,161,10,0
1784603400,1.14157,1.14163,1.14151,1.14155,141,10,0
1784603700,1.14155,1.14157,1.14143,1.14147,116,10,0
1784604000,1.14147,1.1414900000000001,1.14116,1.14118,109,10,0
1784604300,1.14119,1.14126,1.14117,1.14123,54,10,0
1784604600,1.1412200000000001,1.1412200000000001,1.1411,1.14116,85,10,0
1784604900,1.14116,1.14123,1.14113,1.14118,61,10,0
1784605200,1.14117,1.14138,1.14117,1.14137,83,10,0
1784605500,1.14138,1.14157,1.14136,1.14151,100,10,0
1784605800,1.14151,1.14153,1.14135,1.14142,136,10,0
1784606100,1.14142,1.1415,1.14126,1.14128,118,10,0
1784606400,1.14126,1.14134,1.14117,1.14131,130,10,0
1784606700,1.14132,1.1414900000000001,1.14132,1.14135,110,10,0
1784607000,1.14136,1.14145,1.14126,1.14126,45,10,0
1784607300,1.14129,1.14161,1.14124,1.14155,147,10,0
1784607600,1.14154,1.14158,1.14127,1.14131,145,10,0
1784607900,1.1413,1.14148,1.1412499999999999,1.14142,137,10,0
1784608200,1.14143,1.14154,1.14126,1.14146,200,10,0
1784608500,1.14148,1.1415,1.14121,1.14126,180,10,0
1784608800,1.14127,1.14156,1.14127,1.14154,125,10,0
1784609100,1.14153,1.14157,1.14143,1.1415,124,10,0
1784609400,1.14151,1.14151,1.14138,1.14146,128,10,0
1784609700,1.14146,1.1414900000000001,1.14138,1.14142,130,10,0
1784610000,1.14143,1.14153,1.14142,1.14146,142,10,0
1784610300,1.14147,1.14156,1.14142,1.14145,92,10,0
1784610600,1.14146,1.14153,1.14143,1.14145,118,10,0
1784610900,1.14146,1.14146,1.14136,1.14137,141,10,0
1784611200,1.14138,1.14158,1.14135,1.14155,115,10,0
1784611500,1.14156,1.14156,1.1413,1.1413,108,10,0
1784611800,1.1413,1.14141,1.1413,1.14135,115,10,0
1784612100,1.14135,1.14146,1.14134,1.14138,69,10,0
1784612400,1.14139,1.14141,1.1413,1.1413,71,10,0
1784612700,1.14129,1.14129,1.14119,1.14121,46,10,0
1784613000,1.14121,1.14121,1.141,1.14102,60,10,0
1784613300,1.14101,1.14111,1.14101,1.14106,101,10,0
1784613600,1.14107,1.14121,1.1408800000000001,1.14091,116,10,0
1784613900,1.14092,1.14096,1.14084,1.14096,69,10,0
1784614200,1.14101,1.14104,1.1408800000000001,1.14091,59,10,0
1784614500,1.14091,1.14104,1.14089,1.14104,97,10,0
1784614800,1.14103,1.14112,1.14097,1.14103,81,10,0
1784615100,1.14103,1.14106,1.1409799999999999,1.14105,87,10,0
1784615400,1.14106,1.1412200000000001,1.14106,1.14121,71,10,0
1784615700,1.14121,1.1412200000000001,1.14113,1.1412,82,10,0
1784616000,1.14121,1.14126,1.14118,1.14123,64,10,0
1784616300,1.14124,1.1414900000000001,1.14123,1.14147,64,10,0
1784616600,1.14148,1.14148,1.14133,1.14133,71,10,0
1784616900,1.14132,1.14133,1.14119,1.14119,79,10,0
1784617200,1.14119,1.14127,1.14117,1.1412200000000001,69,10,0
1784617500,1.1412200000000001,1.14137,1.14121,1.14137,80,10,0
1784617800,1.14137,1.14147,1.14136,1.14144,67,10,0
1784618100,1.14145,1.14153,1.14142,1.14145,69,10,0
1784618400,1.14146,1.14151,1.14143,1.14148,39,10,0
1784618700,1.14147,1.1415,1.14139,1.14141,30,10,0
1784619000,1.14142,1.14153,1.14141,1.14148,51,10,0
1784619300,1.14147,1.14156,1.14147,1.14156,71,10,0
1784619600,1.14155,1.14164,1.14146,1.14161,69,10,0
1784619900,1.14161,1.14166,1.1415899999999999,1.14162,49,10,0
1784620200,1.14162,1.14169,1.14157,1.14167,55,10,0
1784620500,1.14172,1.14176,1.1417,1.14175,87,10,0
1784620800,1.14173,1.14176,1.1416,1.14167,77,10,0
1784621100,1.14169,1.14187,1.14163,1.14187,78,10,0
1784621400,1.14186,1.14187,1.14153,1.14156,104,10,0
1784621700,1.14156,1.14172,1.14155,1.14167,79,10,0
1784622000,1.14166,1.14171,1.14157,1.14162,63,10,0
1784622300,1.14161,1.14169,1.14161,1.14168,54,10,0
1784622600,1.14169,1.14188,1.14167,1.14182,78,10,0
1784622900,1.14182,1.14192,1.14181,1.14191,91,10,0
1784623200,1.14192,1.14213,1.14191,1.14212,125,10,0
1784623500,1.14211,1.14212,1.14185,1.14186,101,10,0
1784623800,1.14187,1.14196,1.14176,1.14185,111,10,0
1784624100,1.14184,1.14184,1.14166,1.14172,83,10,0
1784624400,1.14172,1.142,1.14169,1.14197,172,10,0
1784624700,1.14197,1.14198,1.14175,1.14191,186,10,0
1784625000,1.14191,1.14193,1.14181,1.14187,141,10,0
1784625300,1.14187,1.14196,1.1418300000000001,1.14192,128,10,0
1784625600,1.14191,1.14214,1.14184,1.14212,159,10,0
1784625900,1.14213,1.14216,1.14189,1.14196,151,10,0
1784626200,1.14198,1.142,1.14186,1.14195,127,10,0
1784626500,1.14196,1.14218,1.14192,1.14198,145,10,0
1784626800,1.14198,1.14221,1.14196,1.14216,167,10,0
1784627100,1.14215,1.14233,1.14214,1.14222,95,10,0
1784627400,1.14222,1.14223,1.14201,1.14201,147,10,0
1784627700,1.142,1.14223,1.14195,1.14208,251,10,0
1784628000,1.14209,1.14253,1.14209,1.14247,300,10,0
1784628300,1.14248,1.14262,1.14243,1.1424400000000001,141,10,0
1784628600,1.14241,1.14241,1.14214,1.14216,181,10,0
1784628900,1.14215,1.14256,1.14214,1.14256,244,10,0
1784629200,1.14255,1.14272,1.14247,1.14247,209,10,0
1784629500,1.14245,1.14264,1.14237,1.14238,167,10,0
1784629800,1.14238,1.14246,1.14216,1.1424,156,10,0
1784630100,1.1424,1.1424400000000001,1.1423,1.14239,117,10,0
1784630400,1.14238,1.14247,1.14216,1.14221,143,10,0
1784630700,1.14221,1.14228,1.14215,1.14225,168,10,0
1784631000,1.14224,1.14225,1.142,1.14208,198,10,0
1784631300,1.14206,1.14229,1.14205,1.14223,260,10,0
1784631600,1.14224,1.14233,1.14208,1.14221,209,10,0
1784631900,1.1421999999999999,1.14234,1.14214,1.14229,255,10,0
1784632200,1.14228,1.14233,1.14218,1.14225,229,10,0
1784632500,1.14225,1.14251,1.14215,1.1424400000000001,157,10,0
1784632800,1.14245,1.14257,1.14232,1.14242,163,10,0
1784633100,1.14242,1.14247,1.14219,1.14221,138,10,0
1784633400,1.1421999999999999,1.14222,1.14205,1.14208,147,10,0
1784633700,1.14209,1.1421999999999999,1.14177,1.14209,203,10,0
1784634000,1.14209,1.1423,1.14206,1.14227,109,10,0
1784634300,1.14226,1.14231,1.14205,1.1421000000000001,123,10,0
1784634600,1.14209,1.14225,1.14207,1.14213,131,10,0
1784634900,1.14212,1.14213,1.142,1.14206,111,10,0
1784635200,1.14206,1.14226,1.14204,1.1421999999999999,91,10,0
1784635500,1.1421999999999999,1.14227,1.14217,1.14218,87,10,0
1784635800,1.14217,1.14221,1.14206,1.14218,85,10,0
1784636100,1.14218,1.1424400000000001,1.14216,1.14242,116,10,0
1784636400,1.14242,1.14247,1.14221,1.14221,106,10,0
1784636700,1.14221,1.14227,1.14203,1.14206,121,10,0
1784637000,1.14205,1.1423,1.14197,1.14227,116,10,0
1784637300,1.14227,1.14283,1.14223,1.14248,185,10,0
1784637600,1.14249,1.14249,1.14228,1.1423,158,10,0
1784637900,1.14229,1.14241,1.14223,1.14238,109,10,0
1784638200,1.14237,1.1425,1.14236,1.14245,178,10,0
1784638500,1.14245,1.14245,1.14218,1.14219,148,10,0
1784638800,1.14218,1.1424,1.14213,1.14224,207,10,0
1784639100,1.14223,1.14237,1.14217,1.14234,112,10,0
1784639400,1.14235,1.14272,1.14234,1.1424,334,10,0
1784639700,1.14239,1.14248,1.14235,1.14242,118,10,0
1784640000,1.14241,1.14251,1.14237,1.14246,100,10,0
1784640300,1.14246,1.1427,1.14245,1.14265,128,10,0
1784640600,1.14264,1.1427100000000001,1.14261,1.1427,90,10,0
1784640900,1.1427,1.1428099999999999,1.14255,1.14256,145,10,0
1784641200,1.14255,1.14256,1.14238,1.14242,101,10,0
1784641500,1.14239,1.14239,1.1421999999999999,1.14222,135,10,0
1784641800,1.14222,1.14222,1.142,1.14217,156,10,0
1784642100,1.14216,1.14222,1.14195,1.14197,244,10,0
1784642400,1.14197,1.14206,1.14193,1.142,229,10,0
1784642700,1.142,1.14206,1.14167,1.14175,179,10,0
1784643000,1.14176,1.14199,1.1416,1.14192,214,10,0
1784643300,1.14193,1.14211,1.14187,1.14196,180,10,0
1784643600,1.14195,1.14201,1.14178,1.14199,109,10,0
1784643900,1.14199,1.14206,1.14191,1.14199,104,10,0
1784644200,1.142,1.14216,1.14196,1.14197,99,10,0
1784644500,1.14197,1.14224,1.14197,1.14222,101,10,0
1784644800,1.14222,1.14224,1.14207,1.14222,83,10,0
1784645100,1.14221,1.14221,1.14206,1.14215,121,10,0
1784645400,1.14215,1.1421999999999999,1.14175,1.14176,155,10,0
1784645700,1.14175,1.14188,1.14172,1.14186,198,10,0
1784646000,1.14187,1.142,1.1415899999999999,1.14169,234,10,0
1784646300,1.14171,1.14196,1.14168,1.1417,153,10,0
1784646600,1.1417,1.14174,1.14157,1.14166,159,10,0
1784646900,1.14167,1.14172,1.14146,1.14169,266,10,0
1784647200,1.14169,1.14171,1.1415899999999999,1.14164,187,10,0
1784647500,1.14163,1.14169,1.14143,1.14152,219,10,0
1784647800,1.14151,1.1418300000000001,1.14151,1.14174,221,10,0
1784648100,1.14172,1.14178,1.14157,1.14164,160,10,0
1784648400,1.14165,1.14167,1.14129,1.14148,228,10,0
1784648700,1.1414900000000001,1.14179,1.14148,1.14177,179,10,0
1784649000,1.14176,1.14176,1.14145,1.14162,215,10,0
1784649300,1.14163,1.14171,1.14145,1.14167,180,10,0
1784649600,1.14167,1.14171,1.14132,1.14157,222,10,0
1784649900,1.14158,1.14169,1.14152,1.14152,195,10,0
1784650200,1.14151,1.14176,1.14151,1.14161,119,10,0
1784650500,1.1416,1.14162,1.1412200000000001,1.14129,205,10,0
1784650800,1.14129,1.14136,1.14103,1.14106,260,10,0
1784651100,1.14108,1.14108,1.1409,1.14101,224,10,0
1784651400,1.14102,1.14131,1.14096,1.14114,368,10,0
1784651700,1.14111,1.14112,1.14053,1.1407,310,10,0
1784652000,1.14069,1.14081,1.1405,1.14059,331,10,0
1784652300,1.14058,1.14121,1.14055,1.14117,389,10,0
1784652600,1.14119,1.14119,1.14081,1.14104,370,10,0
1784652900,1.14105,1.14115,1.14095,1.14109,305,10,0
1784653200,1.14109,1.14147,1.14108,1.14145,247,10,0
1784653500,1.14147,1.14166,1.14145,1.14146,272,10,0
1784653800,1.14145,1.14191,1.14142,1.14185,267,10,0
1784654100,1.14184,1.14184,1.14142,1.14144,221,10,0
1784654400,1.14145,1.14151,1.14123,1.1413,290,10,0
1784654700,1.14131,1.14138,1.14091,1.14096,259,10,0
1784655000,1.14094,1.14105,1.14056,1.14056,302,10,0
1784655300,1.14057,1.14063,1.14033,1.1405,289,10,0
1784655600,1.14051,1.1408,1.14051,1.14075,253,10,0
1784655900,1.14075,1.14083,1.14038,1.14059,338,10,0
1784656200,1.14058,1.14059,1.14021,1.14041,353,10,0
1784656500,1.14044,1.14067,1.14038,1.14054,562,10,0
1784656800,1.14049,1.14055,1.1402700000000001,1.14044,394,10,0
1784657100,1.14044,1.14054,1.14022,1.1403699999999999,204,10,0
1784657400,1.14038,1.14058,1.14038,1.14049,154,10,0
1784657700,1.1405,1.14084,1.14048,1.14083,231,10,0
1784658000,1.14082,1.14106,1.14073,1.14089,308,10,0
1784658300,1.1408800000000001,1.1411,1.14083,1.14083,170,10,0
1784658600,1.14083,1.14104,1.14071,1.14104,287,10,0
1784658900,1.14103,1.14113,1.14071,1.14073,193,10,0
1784659200,1.14074,1.14079,1.14053,1.14053,188,10,0
1784659500,1.14053,1.14062,1.14033,1.14039,130,10,0
1784659800,1.1404,1.14058,1.1404,1.14051,119,10,0
1784660100,1.14052,1.14068,1.14045,1.14068,106,10,0
1784660400,1.14069,1.14081,1.14065,1.1408,120,10,0
1784660700,1.14084,1.14089,1.14076,1.1408,103,10,0
1784661000,1.14081,1.14091,1.1407,1.14075,87,10,0
1784661300,1.14074,1.14081,1.1407,1.14074,83,10,0
1784661600,1.14074,1.14085,1.14069,1.14081,113,10,0
1784661900,1.1408,1.14083,1.14069,1.14078,60,10,0
1784662200,1.14077,1.1409,1.1406399999999999,1.14076,103,10,0
1784662500,1.14078,1.14082,1.14068,1.1408,114,10,0
1784662800,1.14081,1.14104,1.1408,1.14095,129,10,0
1784663100,1.14094,1.14095,1.14086,1.14092,88,10,0
1784663400,1.14092,1.14092,1.14073,1.14076,110,10,0
1784663700,1.14076,1.1408800000000001,1.14073,1.14076,108,10,0
1784664000,1.14076,1.14089,1.14073,1.14073,104,10,0
1784664300,1.14073,1.14078,1.14068,1.14071,111,10,0
1784664600,1.14072,1.14089,1.14067,1.14085,70,10,0
1784664900,1.14085,1.14085,1.14075,1.1408,39,10,0
1784665200,1.14079,1.14089,1.14079,1.14089,29,10,0
1784665500,1.14089,1.1409799999999999,1.14086,1.1409799999999999,39,10,0
1784665800,1.1409799999999999,1.14101,1.1409,1.1409,40,10,0
1784666100,1.14089,1.14089,1.14077,1.14079,64,10,0
1784666400,1.14076,1.14077,1.14065,1.14073,44,10,0
1784666700,1.14072,1.14072,1.1406100000000001,1.14065,65,10,0
1784667000,1.1406399999999999,1.14078,1.1406399999999999,1.14074,43,10,0
1784667300,1.14073,1.14075,1.14058,1.14063,142,10,0
1784667600,1.1406399999999999,1.14065,1.14024,1.14024,169,10,0
1784667900,1.14025,1.14031,1.14006,1.1403,264,10,0
1784668200,1.1403,1.14039,1.14012,1.14012,104,10,0
1784668500,1.14013,1.14014,1.13998,1.14002,93,10,0
1784668800,1.14001,1.14002,1.13981,1.13998,170,10,0
1784669100,1.13999,1.14028,1.13999,1.14021,70,10,0
1784669400,1.14019,1.14024,1.13997,1.13997,68,10,0
1784669700,1.13997,1.13998,1.13987,1.13997,82,10,0
1784670000,1.13997,1.1401,1.13995,1.14008,72,10,0
1784670300,1.14008,1.14019,1.14004,1.14009,59,10,0
1784670600,1.14009,1.14019,1.14004,1.14013,52,10,0
1784670900,1.14013,1.14024,1.14007,1.14024,83,10,0
1784671200,1.14025,1.14035,1.14017,1.14017,113,10,0
1784671500,1.14016,1.14024,1.14013,1.14015,91,10,0
1784671800,1.14014,1.14026,1.14004,1.14012,128,10,0
1784672100,1.14013,1.14018,1.14012,1.14018,70,10,0
1784672400,1.14018,1.14032,1.14018,1.14028,93,10,0
1784672700,1.14029,1.14035,1.14024,1.14026,74,10,0
1784673000,1.1402700000000001,1.14028,1.14019,1.14024,66,10,0
1784673300,1.14025,1.14025,1.13998,1.14007,104,10,0
1784673600,1.14008,1.14014,1.14005,1.14006,40,10,0
1784673900,1.14006,1.14017,1.14004,1.14014,41,10,0
1784674200,1.14013,1.14025,1.14011,1.14023,81,10,0
1784674500,1.14023,1.14024,1.14008,1.14011,190,10,0
1784674800,1.14011,1.14023,1.14005,1.14021,83,10,0
1784675100,1.14022,1.14025,1.14012,1.14012,46,10,0
1784675400,1.14012,1.14013,1.14006,1.14006,44,10,0
1784675700,1.14006,1.14006,1.13994,1.13995,46,10,0
1784676000,1.13994,1.14002,1.13992,1.14001,31,10,0
1784676300,1.1400000000000001,1.14008,1.13999,1.14006,35,10,0
1784676600,1.14007,1.14008,1.14001,1.14002,35,10,0
1784676900,1.14002,1.14005,1.14001,1.1400299999999999,49,10,0
1784677200,1.14002,1.14007,1.13999,1.14002,48,10,0
1784677500,1.14001,1.14005,1.1400000000000001,1.1400000000000001,34,10,0
1784677800,1.1400000000000001,1.14001,1.13982,1.13982,61,10,0
1784678100,1.13981,1.13986,1.1396600000000001,1.13974,143,10,0
1784678400,1.13969,1.13969,1.13939,1.13958,9,29,0
1784678700,1.13951,1.1396600000000001,1.13951,1.13964,22,41,0
1784679000,1.13965,1.13965,1.13956,1.13964,16,49,0
1784679300,1.13961,1.13963,1.1396,1.13962,12,54,0
1784679600,1.13962,1.13962,1.1396,1.1396,5,53,0
1784679900,1.13956,1.13961,1.13956,1.1396,9,48,0
1784680200,1.13963,1.13973,1.13961,1.13967,24,39,0
1784680500,1.13968,1.13984,1.13967,1.13983,17,43,0
1784680800,1.13983,1.14004,1.13983,1.13986,22,42,0
1784681100,1.13985,1.13989,1.13985,1.13987,12,43,0
1784681400,1.13987,1.13988,1.13987,1.13987,7,45,0
1784681700,1.13987,1.13993,1.13984,1.13988,18,34,0
1784682000,1.13987,1.13996,1.1398,1.13989,93,11,0
1784682300,1.13993,1.13993,1.13988,1.13992,21,11,0
1784682600,1.1399,1.13995,1.13984,1.13986,271,10,0
1784682900,1.13986,1.13987,1.13984,1.13987,41,11,0
1784683200,1.13987,1.13991,1.13987,1.13987,17,11,0
1784683500,1.13987,1.13999,1.13984,1.13996,39,11,0
1784683800,1.13996,1.13997,1.1399,1.13997,41,11,0
1784684100,1.13996,1.1400000000000001,1.13992,1.13992,53,10,0
1784684400,1.13993,1.13997,1.13992,1.13996,66,11,0
1784684700,1.13996,1.13996,1.13986,1.1399,49,10,0
1784685000,1.1399,1.13992,1.13987,1.13988,25,10,0
1784685300,1.13988,1.13988,1.13986,1.13987,27,11,0
1784685600,1.13987,1.13991,1.1398,1.13983,23,10,0
1784685900,1.13983,1.13988,1.1397599999999999,1.13986,33,10,0
1784686200,1.13986,1.13988,1.13982,1.13986,43,10,0
1784686500,1.13987,1.13992,1.13987,1.13991,34,10,0
1784686800,1.13991,1.13991,1.13983,1.13987,15,10,0
1784687100,1.13987,1.13991,1.13985,1.13986,23,10,0
1784687400,1.13986,1.13993,1.13986,1.13992,18,10,0
1784687700,1.13992,1.13998,1.13992,1.13996,16,11,0
1784688000,1.13997,1.1400299999999999,1.13993,1.14002,29,10,0
1784688300,1.14001,1.14002,1.13998,1.13999,25,10,0
1784688600,1.13999,1.14015,1.13996,1.14015,39,10,0
1784688900,1.14015,1.14019,1.14013,1.14017,42,10,0
1784689200,1.14017,1.14034,1.14007,1.14034,166,10,0
1784689500,1.14035,1.14036,1.14011,1.14022,140,10,0
1784689800,1.14023,1.14035,1.14018,1.14033,137,10,0
1784690100,1.14032,1.14053,1.1403,1.14052,132,10,0
1784690400,1.14053,1.14066,1.1405,1.14058,147,10,0
1784690700,1.14058,1.1406399999999999,1.14056,1.14062,70,10,0
1784691000,1.14063,1.14066,1.14051,1.14054,129,10,0
1784691300,1.14054,1.14055,1.14024,1.14024,171,10,0
1784691600,1.14025,1.14029,1.14021,1.14028,139,10,0
1784691900,1.14028,1.14033,1.1402,1.1402700000000001,94,10,0
1784692200,1.14028,1.14032,1.14017,1.14019,180,10,0
1784692500,1.14018,1.14038,1.14011,1.14033,159,10,0
1784692800,1.14035,1.14059,1.14034,1.14047,243,10,0
1784693100,1.14048,1.1406100000000001,1.14048,1.14059,127,10,0
1784693400,1.14059,1.14059,1.1405,1.14053,110,10,0
1784693700,1.14052,1.14057,1.14031,1.14033,94,10,0
1784694000,1.14033,1.14043,1.14021,1.14023,105,10,0
1784694300,1.14026,1.14031,1.14018,1.14031,131,10,0
1784694600,1.14032,1.14032,1.13989,1.13995,172,10,0
1784694900,1.13994,1.1400299999999999,1.13983,1.14001,138,10,0
1784695200,1.1400000000000001,1.14006,1.13996,1.14005,92,10,0
1784695500,1.14006,1.14022,1.14006,1.14017,112,10,0
1784695800,1.14018,1.14022,1.14012,1.14019,81,10,0
1784696100,1.14019,1.14025,1.14014,1.14024,78,10,0
1784696400,1.14025,1.1403,1.14007,1.14015,157,10,0
1784696700,1.14014,1.1402700000000001,1.14007,1.14025,54,10,0
1784697000,1.14022,1.14044,1.14022,1.14041,71,10,0
1784697300,1.1404,1.14042,1.14035,1.14035,87,10,0
1784697600,1.14036,1.14058,1.14036,1.14057,102,10,0
1784697900,1.14057,1.14096,1.14056,1.14072,154,10,0
1784698200,1.14071,1.14078,1.1406,1.14071,136,10,0
1784698500,1.1407,1.14071,1.14058,1.14062,126,10,0
1784698800,1.1406100000000001,1.14075,1.1406100000000001,1.14067,114,10,0
1784699100,1.14067,1.14068,1.14051,1.14052,109,10,0
1784699400,1.14052,1.1406399999999999,1.1405,1.14063,64,10,0
1784699700,1.14063,1.1408,1.14051,1.14051,120,10,0
1784700000,1.1405,1.14067,1.1405,1.14062,77,10,0
1784700300,1.1406100000000001,1.14068,1.14048,1.14048,82,10,0
1784700600,1.14049,1.14056,1.14038,1.14051,71,10,0
1784700900,1.14051,1.14063,1.14051,1.14058,77,10,0
1784701200,1.14058,1.14065,1.14056,1.1406100000000001,59,10,0
1784701500,1.14062,1.14074,1.1406100000000001,1.14071,80,10,0
1784701800,1.1407,1.14072,1.14057,1.14062,137,10,0
1784702100,1.14062,1.1406399999999999,1.14052,1.1406,73,10,0
1784702400,1.1406,1.14062,1.14055,1.14057,56,10,0
1784702700,1.14057,1.14065,1.14055,1.14059,70,10,0
1784703000,1.1406,1.1406100000000001,1.14053,1.14057,42,10,0
1784703300,1.14056,1.14069,1.14054,1.14068,63,10,0
1784703600,1.1407,1.1407,1.14058,1.14058,56,10,0
1784703900,1.14059,1.14066,1.14057,1.14062,85,10,0
1784704200,1.1406100000000001,1.1406100000000001,1.14044,1.14053,69,10,0
1784704500,1.14055,1.1406399999999999,1.14055,1.14058,30,10,0
1784704800,1.14058,1.14063,1.14052,1.14062,46,10,0
1784705100,1.14063,1.14069,1.14057,1.14068,46,10,0
1784705400,1.14067,1.14073,1.14066,1.14071,77,10,0
1784705700,1.14071,1.14071,1.14067,1.14071,29,10,0
1784706000,1.1407,1.14081,1.1407,1.14078,45,10,0
1784706300,1.14077,1.14077,1.14071,1.14072,28,10,0
1784706600,1.1407,1.14075,1.14068,1.14071,31,10,0
1784706900,1.14071,1.14079,1.1407,1.14079,57,10,0
1784707200,1.14079,1.14089,1.14072,1.14087,90,10,0
1784707500,1.1408800000000001,1.1408800000000001,1.14074,1.14076,73,10,0
1784707800,1.14076,1.1408800000000001,1.14071,1.14075,114,10,0
1784708100,1.14076,1.14078,1.14067,1.14076,97,10,0
1784708400,1.14075,1.1409,1.14074,1.14081,83,10,0
1784708700,1.14082,1.14083,1.14066,1.14067,91,10,0
1784709000,1.14066,1.14069,1.1405,1.14057,154,10,0
1784709300,1.14056,1.14065,1.14056,1.14063,78,10,0
1784709600,1.1406399999999999,1.1407,1.1405,1.14069,95,10,0
1784709900,1.14069,1.14069,1.14055,1.1406,154,10,0
1784710200,1.1406,1.14078,1.14057,1.1407,155,10,0
1784710500,1.14071,1.14091,1.14066,1.14091,160,10,0
1784710800,1.1409,1.14133,1.14084,1.14118,266,10,0
1784711100,1.14118,1.14118,1.14097,1.14101,181,10,0
1784711400,1.14101,1.14119,1.14094,1.14107,149,10,0
1784711700,1.14106,1.14112,1.14099,1.14109,169,10,0
1784712000,1.14111,1.1412,1.14099,1.14101,213,10,0
1784712300,1.14102,1.14104,1.14069,1.14079,332,10,0
1784712600,1.1408,1.14106,1.14065,1.14101,192,10,0
1784712900,1.14101,1.1411,1.14084,1.14085,185,10,0
1784713200,1.14086,1.14112,1.14084,1.14107,132,10,0
1784713500,1.14107,1.14117,1.141,1.14111,136,10,0
1784713800,1.14112,1.14116,1.1409,1.1409799999999999,134,10,0
1784714100,1.14099,1.14118,1.14078,1.14115,261,10,0
1784714400,1.14116,1.14118,1.14082,1.14096,263,10,0
1784714700,1.14093,1.14115,1.14085,1.14114,120,10,0
1784715000,1.14112,1.1412499999999999,1.14104,1.14121,166,10,0
1784715300,1.1412,1.14133,1.14101,1.14131,174,10,0
1784715600,1.14132,1.14146,1.14117,1.14118,204,10,0
1784715900,1.14117,1.14132,1.14116,1.1412499999999999,161,10,0
1784716200,1.14124,1.14178,1.14124,1.14133,489,10,0
1784716500,1.14132,1.14145,1.14104,1.14104,267,10,0
1784716800,1.14105,1.14108,1.14051,1.1406100000000001,237,10,0
1784717100,1.1406100000000001,1.14063,1.14029,1.14053,276,10,0
1784717400,1.14052,1.14094,1.14049,1.14094,272,10,0
1784717700,1.14093,1.14106,1.14084,1.14089,163,10,0
1784718000,1.14089,1.1409799999999999,1.14066,1.14071,265,10,0
1784718300,1.14071,1.14076,1.14049,1.14062,243,10,0
1784718600,1.14063,1.14068,1.14048,1.14048,243,10,0
1784718900,1.14047,1.1406399999999999,1.14034,1.1405,203,10,0
1784719200,1.14051,1.14084,1.14047,1.14083,149,10,0
1784719500,1.14083,1.14093,1.14058,1.14078,173,10,0
1784719800,1.14079,1.14113,1.14079,1.1409799999999999,222,10,0
1784720100,1.1409799999999999,1.14111,1.14092,1.141,224,10,0
1784720400,1.141,1.1412,1.141,1.14109,214,10,0
1784720700,1.1411,1.14117,1.14082,1.14089,175,10,0
1784721000,1.1408800000000001,1.14089,1.14077,1.14087,142,10,0
1784721300,1.1408800000000001,1.141,1.14081,1.14096,176,10,0
1784721600,1.14095,1.14113,1.14093,1.14108,225,10,0
1784721900,1.14107,1.14118,1.14097,1.14112,185,10,0
1784722200,1.14112,1.14114,1.14077,1.14091,180,10,0
1784722500,1.14091,1.14093,1.1408,1.14091,161,10,0
1784722800,1.14092,1.14096,1.14072,1.14086,202,10,0
1784723100,1.14087,1.14092,1.14078,1.14087,127,10,0
1784723400,1.14086,1.14128,1.1408,1.14123,186,10,0
1784723700,1.14123,1.14124,1.14107,1.14109,151,10,0
1784724000,1.14109,1.14112,1.1408,1.14082,176,10,0
1784724300,1.14083,1.14089,1.1406399999999999,1.14066,246,10,0
1784724600,1.14065,1.14066,1.14041,1.14059,284,10,0
1784724900,1.14062,1.14063,1.1403699999999999,1.14043,220,10,0
1784725200,1.14042,1.14054,1.1401,1.14011,247,10,0
1784725500,1.1401,1.14029,1.13999,1.14011,212,10,0
1784725800,1.14012,1.14035,1.1401,1.14024,122,10,0
1784726100,1.14025,1.14056,1.14018,1.14055,152,10,0
1784726400,1.14054,1.14071,1.14053,1.14062,211,10,0
1784726700,1.1406100000000001,1.14062,1.14046,1.14047,145,10,0
1784727000,1.14046,1.14056,1.1403699999999999,1.14047,157,10,0
1784727300,1.14046,1.14054,1.1403,1.14047,209,10,0
1784727600,1.14047,1.14048,1.1403,1.14047,143,10,0
1784727900,1.14046,1.14057,1.14041,1.14055,158,10,0
1784728200,1.14055,1.14065,1.14049,1.14051,180,10,0
1784728500,1.14052,1.14062,1.14023,1.14031,231,10,0
1784728800,1.14032,1.14045,1.1402,1.14025,277,10,0
1784729100,1.1402700000000001,1.1404,1.14024,1.1404,180,10,0
1784729400,1.14041,1.14044,1.14035,1.14041,154,10,0
1784729700,1.1404,1.1406,1.1402700000000001,1.1403,161,10,0
1784730000,1.14029,1.1405,1.14029,1.14035,137,10,0
1784730300,1.14034,1.14041,1.1402,1.14035,157,10,0
1784730600,1.1403699999999999,1.14058,1.14034,1.14049,170,10,0
1784730900,1.1405,1.1406100000000001,1.14039,1.1406,190,10,0
1784731200,1.14059,1.1406,1.14029,1.14047,398,10,0
1784731500,1.14044,1.14069,1.14034,1.14049,216,10,0
1784731800,1.14049,1.14056,1.1403699999999999,1.14045,224,10,0
1784732100,1.14044,1.14067,1.14041,1.1406399999999999,264,10,0
1784732400,1.14067,1.14089,1.14062,1.14079,280,10,0
1784732700,1.1408,1.14099,1.14069,1.14074,252,10,0
1784733000,1.14075,1.14109,1.14075,1.14109,184,10,0
1784733300,1.1411,1.14111,1.14093,1.141,234,10,0
1784733600,1.141,1.14104,1.14085,1.14089,178,10,0
1784733900,1.14089,1.14101,1.14085,1.14097,187,10,0
1784734200,1.14096,1.14132,1.14096,1.14124,180,10,0
1784734500,1.14124,1.14132,1.14115,1.14119,157,10,0
1784734800,1.14117,1.14117,1.14103,1.14108,171,10,0
1784735100,1.14109,1.14109,1.14062,1.14081,268,10,0
1784735400,1.14081,1.14105,1.14077,1.141,145,10,0
1784735700,1.141,1.14101,1.14033,1.14073,395,10,0
1784736000,1.14072,1.14108,1.14068,1.14096,279,10,0
1784736300,1.14096,1.1412,1.14091,1.14116,178,10,0
1784736600,1.14116,1.1412,1.14091,1.14096,157,10,0
1784736900,1.14094,1.1412200000000001,1.14086,1.14119,170,10,0
1784737200,1.14118,1.14155,1.14107,1.14152,265,10,0
1784737500,1.14153,1.14164,1.14144,1.14147,257,10,0
1784737800,1.1415,1.14211,1.1414900000000001,1.1415899999999999,330,10,0
1784738100,1.14158,1.14188,1.14151,1.14169,303,10,0
1784738400,1.14167,1.14187,1.14156,1.14173,307,10,0
1784738700,1.14174,1.1418,1.1414900000000001,1.1415,323,10,0
1784739000,1.1414900000000001,1.14171,1.1414,1.14154,348,10,0
1784739300,1.14155,1.14155,1.14114,1.1413,302,10,0
1784739600,1.14132,1.1415,1.14129,1.1414,320,10,0
1784739900,1.14142,1.14143,1.14101,1.14115,332,10,0
1784740200,1.14114,1.1417,1.14108,1.1415899999999999,199,10,0
1784740500,1.1415899999999999,1.1418,1.14154,1.14155,247,10,0
1784740800,1.14154,1.14169,1.14123,1.14129,244,10,0
1784741100,1.14128,1.14134,1.14104,1.14109,292,10,0
1784741400,1.14108,1.14128,1.14095,1.14124,367,10,0
1784741700,1.14123,1.14126,1.14101,1.14118,267,10,0
1784742000,1.14118,1.14123,1.141,1.14107,285,10,0
1784742300,1.14107,1.14119,1.14102,1.14114,277,10,0
1784742600,1.14112,1.14126,1.14099,1.14115,313,10,0
1784742900,1.14114,1.14114,1.14074,1.1408800000000001,429,10,0
1784743200,1.14089,1.14108,1.14078,1.1409799999999999,395,10,0
1784743500,1.14097,1.14109,1.14092,1.14106,205,10,0
1784743800,1.14106,1.14109,1.14094,1.14095,148,10,0
1784744100,1.14094,1.14104,1.14078,1.14086,160,10,0
1784744400,1.1408800000000001,1.14126,1.1408800000000001,1.14119,132,10,0
1784744700,1.14119,1.14135,1.14119,1.14132,129,10,0
1784745000,1.1413,1.14134,1.14078,1.14078,272,10,0
1784745300,1.14081,1.141,1.14071,1.14074,230,10,0
1784745600,1.14075,1.1409799999999999,1.14071,1.14097,180,10,0
1784745900,1.14097,1.1412499999999999,1.14091,1.1412499999999999,208,10,0
1784746200,1.14126,1.1413,1.14102,1.1411,181,10,0
1784746500,1.14108,1.14133,1.14094,1.14132,232,10,0
1784746800,1.14131,1.14135,1.1411,1.14111,154,10,0
1784747100,1.1411,1.14114,1.14089,1.14094,148,10,0
1784747400,1.14095,1.14096,1.14058,1.14068,188,10,0
1784747700,1.14069,1.14079,1.14057,1.14075,143,10,0
1784748000,1.14074,1.14105,1.14072,1.14103,148,10,0
1784748300,1.14104,1.14113,1.1409,1.14104,174,10,0
1784748600,1.14105,1.14118,1.14085,1.14086,174,10,0
1784748900,1.14085,1.1409799999999999,1.14074,1.14074,133,10,0
1784749200,1.14075,1.14084,1.14071,1.14082,120,10,0
1784749500,1.14083,1.14089,1.14071,1.1408800000000001,135,10,0
1784749800,1.14087,1.1409,1.14082,1.14086,101,10,0
1784750100,1.14085,1.14095,1.14083,1.14089,107,10,0
1784750400,1.1408800000000001,1.141,1.14084,1.141,97,10,0
1784750700,1.14099,1.14108,1.14097,1.14105,68,10,0
1784751000,1.14108,1.1412,1.14107,1.1411,70,10,0
1784751300,1.14109,1.1412200000000001,1.14103,1.14105,141,10,0
1784751600,1.14105,1.1412,1.14103,1.14111,169,10,0
1784751900,1.1411,1.14119,1.14107,1.1411,109,10,0
1784752200,1.14109,1.14111,1.14094,1.14095,88,10,0
1784752500,1.14096,1.14097,1.14079,1.14085,111,10,0
1784752800,1.14084,1.14096,1.14075,1.14094,87,10,0
1784753100,1.14094,1.14102,1.14089,1.14099,63,10,0
1784753400,1.141,1.14108,1.14094,1.14094,90,10,0
1784753700,1.14093,1.141,1.14084,1.14095,116,10,0
1784754000,1.14096,1.14101,1.14084,1.14091,115,10,0
1784754300,1.1409,1.14093,1.14078,1.14078,96,10,0
1784754600,1.14076,1.14084,1.14076,1.14083,60,10,0
1784754900,1.14082,1.1409,1.14079,1.14089,84,10,0
1784755200,1.1408800000000001,1.14102,1.14085,1.14096,122,10,0
1784755500,1.14096,1.14101,1.14092,1.1409799999999999,136,10,0
1784755800,1.1409799999999999,1.1409799999999999,1.14086,1.14093,97,10,0
1784756100,1.14093,1.14105,1.1409,1.14104,68,10,0
1784756400,1.14105,1.14105,1.14086,1.14087,87,10,0
1784756700,1.14087,1.14095,1.14086,1.14094,84,10,0
1784757000,1.14093,1.14104,1.14089,1.14101,81,10,0
1784757300,1.14099,1.14107,1.14099,1.14104,88,10,0
1784757600,1.14105,1.14115,1.14099,1.14114,100,10,0
1784757900,1.14115,1.14118,1.14099,1.141,61,10,0
1784758200,1.14099,1.141,1.14092,1.14093,75,10,0
1784758500,1.14093,1.14105,1.14092,1.14104,47,10,0
1784758800,1.14104,1.14113,1.14103,1.14109,63,10,0
1784759100,1.1411,1.1411,1.14103,1.14106,91,10,0
1784759400,1.14106,1.14107,1.1409799999999999,1.14103,68,10,0
1784759700,1.14103,1.14107,1.1409799999999999,1.14102,80,10,0
1784760000,1.14103,1.14108,1.14102,1.14107,59,10,0
1784760300,1.14108,1.14115,1.14102,1.14103,62,10,0
1784760600,1.14104,1.14106,1.14095,1.14097,72,10,0
1784760900,1.14094,1.14111,1.14087,1.14108,202,10,0
1784761200,1.14107,1.14123,1.14101,1.14104,166,10,0
1784761500,1.14104,1.14119,1.14102,1.14117,79,10,0
1784761800,1.14118,1.14118,1.14111,1.14113,38,10,0
1784762100,1.14112,1.14114,1.1411,1.14113,30,10,0
1784762400,1.14113,1.1412,1.1411,1.14114,36,10,0
1784762700,1.14113,1.1412,1.14111,1.14112,33,10,0
1784763000,1.14113,1.14113,1.14105,1.14106,53,10,0
1784763300,1.14106,1.14114,1.14103,1.14113,42,10,0
1784763600,1.14114,1.1412,1.14114,1.14118,27,10,0
1784763900,1.14116,1.14118,1.14108,1.14109,33,10,0
1784764200,1.14109,1.14116,1.14107,1.14113,72,10,0
1784764500,1.14111,1.1412,1.14095,1.14095,131,10,0
1784764800,1.14084,1.14085,1.1404,1.14054,10,66,0
1784765100,1.1406100000000001,1.14063,1.1406100000000001,1.14063,5,64,0
1784765400,1.14063,1.1406399999999999,1.14053,1.1406399999999999,12,61,0
1784765700,1.1406,1.1406399999999999,1.14047,1.1405,15,43,0
1784766000,1.14051,1.14067,1.1405,1.14055,23,31,0
1784766300,1.14055,1.14055,1.1405,1.1405,9,57,0
1784766600,1.1405,1.14062,1.1405,1.14053,30,44,0
1784766900,1.14051,1.14062,1.14048,1.14051,59,43,0
1784767200,1.1405,1.14063,1.1405,1.14058,70,31,0
1784767500,1.14059,1.1407,1.14049,1.14062,62,33,0
1784767800,1.1406100000000001,1.14063,1.14053,1.14059,45,39,0
1784768100,1.14058,1.14073,1.14054,1.1407,60,31,0
1784768400,1.14072,1.14087,1.14063,1.14078,112,11,0
1784768700,1.14076,1.14084,1.14075,1.14076,39,11,0
1784769000,1.14075,1.14076,1.14066,1.14072,55,10,0
1784769300,1.14073,1.14076,1.14068,1.1407,53,11,0
1784769600,1.1407,1.14074,1.14069,1.14072,25,11,0
1784769900,1.14073,1.14075,1.14069,1.14071,48,11,0
1784770200,1.14071,1.14075,1.14069,1.1407,54,11,0
1784770500,1.14069,1.14071,1.14063,1.14063,25,11,0
1784770800,1.14062,1.14062,1.14054,1.14059,47,11,0
1784771100,1.14059,1.14063,1.14056,1.14063,59,10,0
1784771400,1.14063,1.14076,1.1406,1.14074,80,11,0
1784771700,1.14075,1.14076,1.14069,1.14075,44,11,0
1784772000,1.14076,1.14086,1.14076,1.14081,91,10,0
1784772300,1.14081,1.14085,1.1408,1.14081,34,10,0
1784772600,1.1408,1.14091,1.14076,1.1408800000000001,52,10,0
1784772900,1.14089,1.14097,1.14083,1.14096,55,10,0
1784773200,1.14096,1.14099,1.14092,1.14092,31,10,0
1784773500,1.14092,1.14097,1.14091,1.14097,18,10,0
1784773800,1.14097,1.14101,1.14095,1.14099,22,10,0
1784774100,1.14099,1.14101,1.14096,1.14096,21,10,0
1784774400,1.14097,1.14106,1.14092,1.14104,29,10,0
1784774700,1.14103,1.14108,1.14096,1.14104,52,10,0
1784775000,1.14104,1.14105,1.14099,1.14101,63,10,0
1784775300,1.14101,1.14112,1.14101,1.14109,64,10,0
1784775600,1.1411,1.14132,1.14109,1.14128,224,10,0
1784775900,1.14127,1.14128,1.14118,1.14121,147,10,0
1784776200,1.1412,1.1412,1.14106,1.14108,75,10,0
1784776500,1.14108,1.14113,1.141,1.14106,80,10,0
1784776800,1.14105,1.14131,1.14104,1.14131,138,10,0
1784777100,1.14131,1.14136,1.14112,1.14114,103,10,0
1784777400,1.14113,1.14121,1.14113,1.14118,93,10,0
1784777700,1.14119,1.14127,1.14119,1.14124,69,10,0
1784778000,1.14124,1.14133,1.14121,1.14129,70,10,0
1784778300,1.14128,1.1414,1.14117,1.1412,94,10,0
1784778600,1.14119,1.1414,1.14112,1.14138,159,10,0
1784778900,1.14139,1.1417,1.1413,1.14168,160,10,0
1784779200,1.14169,1.14199,1.14168,1.14171,271,10,0
1784779500,1.1417,1.14182,1.14165,1.14179,127,10,0
1784779800,1.1418,1.14182,1.14165,1.14168,148,10,0
1784780100,1.14168,1.14176,1.14161,1.14169,188,10,0
1784780400,1.14168,1.14178,1.14163,1.14172,106,10,0
1784780700,1.14171,1.14182,1.14168,1.14171,83,10,0
1784781000,1.14172,1.14195,1.14167,1.14192,317,10,0
1784781300,1.14193,1.14197,1.14167,1.1417,205,10,0
1784781600,1.1417,1.14194,1.14164,1.14169,210,10,0
1784781900,1.1417,1.14171,1.14155,1.14164,133,10,0
1784782200,1.14163,1.14175,1.14156,1.14169,183,10,0
1784782500,1.14169,1.1417,1.14155,1.14158,195,10,0
1784782800,1.14157,1.14173,1.14156,1.14171,117,10,0
1784783100,1.14168,1.14181,1.14164,1.14175,110,10,0
1784783400,1.14175,1.14181,1.14168,1.14178,83,10,0
1784783700,1.14178,1.1418300000000001,1.14173,1.1418300000000001,139,10,0
1784784000,1.1418300000000001,1.14199,1.14179,1.14197,60,10,0
1784784300,1.14196,1.14198,1.14192,1.14197,55,10,0
1784784600,1.14198,1.14235,1.14198,1.14227,147,10,0
1784784900,1.14225,1.14242,1.14225,1.14238,111,10,0
1784785200,1.14237,1.14256,1.14237,1.14252,77,10,0
1784785500,1.14252,1.14272,1.14251,1.14259,108,10,0
1784785800,1.14258,1.14262,1.14253,1.14262,71,10,0
1784786100,1.14263,1.14277,1.1426,1.1427,45,10,0
1784786400,1.1427100000000001,1.14287,1.14261,1.14261,103,10,0
1784786700,1.14261,1.14263,1.14252,1.14262,105,10,0
1784787000,1.14262,1.14265,1.1423,1.1423,108,10,0
1784787300,1.1423,1.14263,1.14226,1.14263,149,10,0
1784787600,1.14262,1.14276,1.14261,1.14276,106,10,0
1784787900,1.14276,1.14284,1.1427,1.1428099999999999,94,10,0
1784788200,1.14282,1.14291,1.14273,1.14289,91,10,0
1784788500,1.1429,1.14294,1.14286,1.14291,78,10,0
1784788800,1.1429,1.14296,1.14289,1.14292,112,10,0
1784789100,1.14292,1.14301,1.1428,1.14292,251,10,0
1784789400,1.14293,1.14295,1.14288,1.14294,212,10,0
1784789700,1.14293,1.14299,1.14284,1.14286,200,10,0
1784790000,1.14285,1.14292,1.14278,1.14288,254,10,0
1784790300,1.14289,1.14337,1.1428,1.14337,276,10,0
1784790600,1.14337,1.14351,1.14328,1.14333,211,10,0
1784790900,1.14334,1.14337,1.14302,1.14304,209,10,0
1784791200,1.1430500000000001,1.14321,1.14301,1.1432,60,10,0
1784791500,1.1432,1.14346,1.14319,1.14344,151,10,0
1784791800,1.14345,1.14352,1.14334,1.1434199999999999,160,10,0
1784792100,1.14343,1.14345,1.1433,1.1433,111,10,0
1784792400,1.14331,1.14331,1.14313,1.14313,38,10,0
1784792700,1.14313,1.14338,1.14313,1.14319,90,10,0
1784793000,1.1432,1.14323,1.14308,1.14312,126,10,0
1784793300,1.14313,1.14323,1.14292,1.14321,137,10,0
1784793600,1.1432,1.14345,1.1432,1.14331,168,10,0
1784793900,1.1433200000000001,1.1434,1.14326,1.14335,107,10,0
1784794200,1.14336,1.1434,1.14317,1.14319,97,10,0
1784794500,1.14318,1.14318,1.14294,1.14297,109,10,0
1784794800,1.14298,1.14304,1.1428099999999999,1.14289,110,10,0
1784795100,1.14288,1.14299,1.14287,1.14299,116,10,0
1784795400,1.14299,1.143,1.14285,1.14292,128,10,0
1784795700,1.14292,1.1430500000000001,1.14284,1.14292,115,10,0
1784796000,1.14291,1.14296,1.14285,1.14294,82,10,0
1784796300,1.14295,1.14301,1.14293,1.14293,70,10,0
1784796600,1.14292,1.14294,1.14288,1.14288,74,10,0
1784796900,1.14289,1.14311,1.14287,1.14294,147,10,0
1784797200,1.14293,1.14325,1.14288,1.14303,332,10,0
1784797500,1.14302,1.14308,1.14278,1.14285,185,10,0
1784797800,1.14284,1.14312,1.14284,1.1431,159,10,0
1784798100,1.14311,1.14313,1.14286,1.14287,203,10,0
1784798400,1.14288,1.14295,1.14284,1.1429,94,10,0
1784798700,1.1429,1.1429,1.14272,1.1428,124,10,0
1784799000,1.1428099999999999,1.1428099999999999,1.14261,1.14265,167,10,0
1784799300,1.14264,1.14269,1.14249,1.1425,135,10,0
1784799600,1.1425,1.14267,1.1424,1.1426,191,10,0
1784799900,1.14259,1.14274,1.14256,1.1427,102,10,0
1784800200,1.1427,1.1427,1.1425,1.14254,133,10,0
1784800500,1.14255,1.14255,1.14232,1.1425,191,10,0
1784800800,1.14251,1.1426,1.14216,1.14217,391,10,0
1784801100,1.14219,1.14236,1.14219,1.14231,256,10,0
1784801400,1.1423,1.14265,1.14224,1.14265,311,10,0
1784801700,1.14264,1.1427100000000001,1.14253,1.14264,184,10,0
1784802000,1.14264,1.14267,1.14234,1.14236,167,10,0
1784802300,1.14237,1.14256,1.14234,1.14251,164,10,0
1784802600,1.1425,1.1427,1.14245,1.14261,155,10,0
1784802900,1.14261,1.14265,1.14247,1.1425,156,10,0
1784803200,1.14251,1.14256,1.14217,1.14219,228,10,0
1784803500,1.14218,1.14234,1.14191,1.14234,300,10,0
1784803800,1.14233,1.14251,1.14216,1.14221,247,10,0
1784804100,1.1421999999999999,1.1425,1.14214,1.14241,315,10,0
1784804400,1.1424400000000001,1.14246,1.14218,1.14219,250,10,0
1784804700,1.14218,1.14237,1.14208,1.14223,259,10,0
1784805000,1.14224,1.1423,1.14188,1.14188,166,10,0
1784805300,1.14189,1.14189,1.14162,1.14165,251,10,0
1784805600,1.14167,1.14185,1.14163,1.14165,203,10,0
1784805900,1.14166,1.1417,1.14153,1.14165,218,10,0
1784806200,1.14166,1.14166,1.14118,1.14118,238,10,0
1784806500,1.14119,1.14129,1.14093,1.14096,261,10,0
1784806800,1.14096,1.141,1.1406399999999999,1.14087,326,10,0
1784807100,1.1408800000000001,1.14101,1.14081,1.14083,250,10,0
1784807400,1.14084,1.14112,1.14081,1.1411,261,10,0
1784807700,1.1411,1.14115,1.141,1.14101,175,10,0
1784808000,1.141,1.14144,1.14097,1.14144,293,10,0
1784808300,1.14146,1.14147,1.1412200000000001,1.1413,164,10,0
1784808600,1.14129,1.14136,1.14103,1.14103,147,10,0
1784808900,1.14104,1.14127,1.14103,1.14116,122,10,0
1784809200,1.14117,1.1412200000000001,1.14102,1.14111,125,10,0
1784809500,1.14111,1.14116,1.14092,1.14096,144,10,0
1784809800,1.14097,1.14108,1.14092,1.14103,194,10,0
1784810100,1.14102,1.14118,1.141,1.14112,170,10,0
1784810400,1.14112,1.14139,1.14104,1.14137,201,10,0
1784810700,1.14137,1.14143,1.14113,1.14121,183,10,0
1784811000,1.1412,1.14133,1.1411,1.14132,142,10,0
1784811300,1.14133,1.14137,1.14118,1.14126,168,10,0
1784811600,1.1412499999999999,1.14129,1.14112,1.14116,143,10,0
1784811900,1.14116,1.14123,1.14091,1.14096,214,10,0
1784812200,1.14096,1.14101,1.14082,1.14097,157,10,0
1784812500,1.1409799999999999,1.141,1.14071,1.14071,145,10,0
1784812800,1.1407,1.14079,1.14052,1.14065,274,10,0
1784813100,1.14066,1.14077,1.1406399999999999,1.14072,138,10,0
1784813400,1.14072,1.14095,1.1406100000000001,1.14071,195,10,0
1784813700,1.14071,1.14082,1.14062,1.14081,149,10,0
1784814000,1.1408,1.14081,1.14058,1.1406399999999999,115,10,0
1784814300,1.14065,1.14066,1.14031,1.14043,306,10,0
1784814600,1.14043,1.14072,1.1402700000000001,1.14072,216,10,0
1784814900,1.14065,1.14076,1.14035,1.1404,301,10,0
1784815200,1.14038,1.14041,1.14019,1.14035,217,10,0
1784815500,1.14035,1.14044,1.1402,1.14039,220,10,0
1784815800,1.14039,1.14062,1.14035,1.14053,147,10,0
1784816100,1.14053,1.14056,1.14018,1.14021,211,10,0
1784816400,1.14021,1.14021,1.13984,1.1399,206,10,0
1784816700,1.1399,1.1400000000000001,1.13968,1.13974,273,10,0
1784817000,1.13974,1.13981,1.13902,1.13911,386,10,0
1784817300,1.1391,1.1391,1.13856,1.13862,551,10,0
1784817600,1.13863,1.13871,1.13828,1.13868,399,10,0
1784817900,1.13871,1.13918,1.13868,1.13907,429,10,0
1784818200,1.13907,1.1396,1.13906,1.1392,307,10,0
1784818500,1.13919,1.13947,1.13911,1.1394199999999999,236,10,0
1784818800,1.1394,1.13944,1.13897,1.13911,320,10,0
1784819100,1.13912,1.13928,1.13901,1.13918,251,10,0
1784819400,1.13917,1.13948,1.13917,1.1394,204,10,0
1784819700,1.1394199999999999,1.1395,1.13853,1.13863,449,10,0
1784820000,1.13861,1.13862,1.13804,1.1381999999999999,390,10,0
1784820300,1.1381999999999999,1.13859,1.13806,1.1384,344,10,0
1784820600,1.1383,1.13852,1.13811,1.13841,338,10,0
1784820900,1.1384,1.13848,1.13794,1.13814,385,10,0
1784821200,1.13815,1.13815,1.13764,1.13779,470,10,0
1784821500,1.13779,1.13803,1.13753,1.13797,466,10,0
1784821800,1.13796,1.13815,1.13772,1.13815,404,10,0
1784822100,1.13815,1.13853,1.13811,1.13846,306,10,0
1784822400,1.13845,1.13858,1.13791,1.13802,463,10,0
1784822700,1.13803,1.1381000000000001,1.13734,1.1374,658,10,0
1784823000,1.13741,1.1374900000000001,1.13675,1.13684,608,10,0
1784823300,1.13679,1.13726,1.13679,1.13716,427,10,0
1784823600,1.13717,1.13745,1.13715,1.13739,394,10,0
1784823900,1.13741,1.13782,1.13729,1.13778,329,10,0
1784824200,1.13777,1.13818,1.13771,1.13818,467,10,0
1784824500,1.13817,1.13851,1.13805,1.13817,589,10,0
1784824800,1.13816,1.13827,1.13779,1.1378,513,10,0
1784825100,1.1378,1.13788,1.13754,1.13788,405,10,0
1784825400,1.1379,1.13791,1.13758,1.13772,352,10,0
1784825700,1.13772,1.13786,1.13716,1.1372,408,10,0
1784826000,1.13723,1.13755,1.13689,1.1369,503,10,0
1784826300,1.13691,1.13725,1.13672,1.13696,538,10,0
1784826600,1.13695,1.13717,1.13679,1.13711,568,10,0
1784826900,1.13712,1.1372,1.13643,1.13651,645,10,0
1784827200,1.1365,1.13685,1.13635,1.13684,507,10,0
1784827500,1.13681,1.137,1.13673,1.13699,490,10,0
1784827800,1.1369799999999999,1.13721,1.13685,1.13706,331,10,0
1784828100,1.13706,1.13731,1.13691,1.13723,413,10,0
1784828400,1.1372200000000001,1.13731,1.1367,1.1367099999999999,317,10,0
1784828700,1.13672,1.13692,1.13655,1.13656,333,10,0
1784829000,1.13655,1.1367099999999999,1.13639,1.13645,448,10,0
1784829300,1.13644,1.13711,1.13642,1.1371,534,10,0
1784829600,1.1371,1.1374,1.137,1.13736,472,10,0
1784829900,1.13734,1.1374900000000001,1.137,1.13703,353,10,0
1784830200,1.13702,1.13738,1.13697,1.13731,337,10,0
1784830500,1.1373,1.13751,1.13712,1.13715,362,10,0
1784830800,1.13716,1.1372200000000001,1.13676,1.1369799999999999,542,10,0
1784831100,1.13699,1.1373,1.13696,1.13709,337,10,0
1784831400,1.13708,1.13708,1.13663,1.13678,489,10,0
1784831700,1.13677,1.13736,1.13654,1.1373,529,10,0
1784832000,1.13729,1.13756,1.13724,1.1373,422,10,0
1784832300,1.13729,1.13731,1.13704,1.13725,307,10,0
1784832600,1.13724,1.13744,1.13708,1.13743,255,10,0
1784832900,1.13742,1.13751,1.13701,1.1372200000000001,288,10,0
1784833200,1.13723,1.13755,1.13721,1.13737,306,10,0
1784833500,1.13736,1.13745,1.13725,1.13729,182,10,0
1784833800,1.1373,1.13774,1.1373,1.13769,237,10,0
1784834100,1.1377,1.1378,1.13724,1.13733,259,10,0
1784834400,1.13734,1.1375,1.13731,1.13744,226,10,0
1784834700,1.13745,1.13778,1.13742,1.13778,190,10,0
1784835000,1.1378,1.13792,1.13769,1.13774,213,10,0
1784835300,1.13774,1.13779,1.13754,1.13765,227,10,0
1784835600,1.13765,1.13789,1.13754,1.13779,230,10,0
1784835900,1.13779,1.13789,1.13764,1.13785,154,10,0
1784836200,1.13785,1.13794,1.13779,1.13781,145,10,0
1784836500,1.1378300000000001,1.13797,1.13782,1.13795,219,10,0
1784836800,1.13795,1.13804,1.13778,1.13788,321,10,0
1784837100,1.13792,1.13801,1.13764,1.13778,199,10,0
1784837400,1.13776,1.13778,1.13762,1.13763,199,10,0
1784837700,1.13763,1.13778,1.13756,1.1377,232,10,0
1784838000,1.13772,1.13779,1.13757,1.13763,144,10,0
1784838300,1.13764,1.13766,1.1374900000000001,1.13754,173,10,0
1784838600,1.13755,1.13757,1.1374,1.1374900000000001,154,10,0
1784838900,1.13748,1.13751,1.13735,1.1375,133,10,0
1784839200,1.1374900000000001,1.13751,1.13734,1.13734,141,10,0
1784839500,1.1373199999999999,1.13743,1.13726,1.13734,153,10,0
1784839800,1.13735,1.13746,1.1373,1.13739,119,10,0
1784840100,1.13739,1.1374,1.13708,1.13708,167,10,0
1784840400,1.13708,1.13725,1.13707,1.1372,169,10,0
1784840700,1.1372,1.1374,1.13719,1.13735,89,10,0
1784841000,1.13734,1.13746,1.1373,1.13736,105,10,0
1784841300,1.13736,1.1374900000000001,1.13723,1.13727,145,10,0
1784841600,1.13729,1.13731,1.13723,1.13727,112,10,0
1784841900,1.13726,1.1375,1.13726,1.13745,95,10,0
1784842200,1.13745,1.1375899999999999,1.13745,1.13751,90,10,0
1784842500,1.13752,1.13753,1.13741,1.13743,108,10,0
1784842800,1.13743,1.13743,1.13735,1.1374,42,10,0
1784843100,1.13741,1.1374900000000001,1.13737,1.13746,44,10,0
1784843400,1.13746,1.13747,1.13741,1.13742,69,10,0
1784843700,1.1374,1.1375899999999999,1.13739,1.13756,137,10,0
1784844000,1.1375899999999999,1.13777,1.13753,1.1375899999999999,168,10,0
1784844300,1.13758,1.13762,1.1374900000000001,1.13751,90,10,0
1784844600,1.13753,1.13758,1.13745,1.13746,64,10,0
1784844900,1.13745,1.13752,1.13736,1.13736,84,10,0
1784845200,1.13737,1.13743,1.13733,1.13741,124,10,0
1784845500,1.1374,1.13764,1.1374,1.13764,133,10,0
1784845800,1.13765,1.13794,1.13765,1.13768,276,10,0
1784846100,1.13767,1.13771,1.13763,1.13768,101,10,0
1784846400,1.13768,1.13769,1.13753,1.13753,98,10,0
1784846700,1.13754,1.13758,1.13745,1.13755,67,10,0
1784847000,1.13758,1.13774,1.13758,1.13773,156,10,0
1784847300,1.13774,1.13782,1.13766,1.13769,160,10,0
1784847600,1.1377,1.13789,1.1377,1.13786,132,10,0
1784847900,1.13786,1.13788,1.1378,1.13784,50,10,0
1784848200,1.13784,1.13784,1.13774,1.13775,44,10,0
1784848500,1.13775,1.13777,1.13765,1.13769,49,10,0
1784848800,1.1377,1.13774,1.13769,1.13774,17,10,0
1784849100,1.13774,1.13788,1.13773,1.13788,35,10,0
1784849400,1.13787,1.13794,1.1377,1.13771,79,10,0
1784849700,1.1377,1.13772,1.13764,1.13767,36,10,0
1784850000,1.13766,1.13775,1.13764,1.13772,37,10,0
1784850300,1.13773,1.13777,1.13767,1.13769,101,10,0
1784850600,1.13768,1.13768,1.13761,1.13767,31,10,0
1784850900,1.13767,1.13771,1.13728,1.13731,155,10,0
1784851200,1.13715,1.13731,1.13662,1.13708,14,70,0
1784851500,1.13708,1.13728,1.13708,1.13728,6,75,0
1784851800,1.13728,1.13746,1.13728,1.13746,21,52,0
1784852100,1.13746,1.1375,1.13746,1.1374900000000001,15,55,0
1784852400,1.1374900000000001,1.1375,1.13747,1.13747,6,55,0
1784852700,1.13747,1.13748,1.13744,1.13744,5,55,0
1784853000,1.13744,1.13751,1.13744,1.13747,13,45,0
1784853300,1.13748,1.1375,1.13742,1.13747,16,37,0
1784853600,1.13747,1.13778,1.13744,1.13767,37,31,0
1784853900,1.13766,1.13787,1.13766,1.13773,27,24,0
1784854200,1.13772,1.13775,1.13752,1.13771,22,31,0
1784854500,1.1377,1.13788,1.13713,1.13724,58,24,0
1784854800,1.13728,1.13777,1.13728,1.13771,48,11,0
1784855100,1.13771,1.13784,1.13771,1.13779,25,11,0
1784855400,1.13779,1.13779,1.13772,1.13775,44,10,0
1784855700,1.13775,1.13776,1.13773,1.13774,22,11,0
1784856000,1.13774,1.13789,1.13774,1.13789,57,10,0
1784856300,1.13787,1.13787,1.13771,1.13773,79,11,0
1784856600,1.13772,1.13774,1.13765,1.13772,77,11,0
1784856900,1.13773,1.13778,1.13772,1.13774,47,11,0
1784857200,1.13775,1.13781,1.13772,1.13778,60,11,0
1784857500,1.13779,1.1378300000000001,1.13778,1.1378300000000001,24,11,0
1784857800,1.1378300000000001,1.13792,1.1378300000000001,1.13789,11,11,0
1784858100,1.13789,1.1379299999999999,1.13788,1.1379,17,11,0
1784858400,1.1379,1.1379299999999999,1.1378300000000001,1.13784,43,10,0
1784858700,1.13784,1.13786,1.1378300000000001,1.1378300000000001,29,11,0
1784859000,1.13784,1.13787,1.13782,1.1378300000000001,22,10,0
1784859300,1.1378300000000001,1.13786,1.1378300000000001,1.13785,26,11,0
1784859600,1.13784,1.13789,1.1378300000000001,1.13786,35,10,0
1784859900,1.13785,1.13787,1.1378300000000001,1.1378300000000001,25,10,0
1784860200,1.13784,1.1379299999999999,1.13782,1.13787,38,10,0
1784860500,1.13787,1.13787,1.13781,1.13782,42,11,0
1784860800,1.1378300000000001,1.1378300000000001,1.13758,1.13767,92,10,0
1784861100,1.13767,1.1378300000000001,1.13767,1.13772,56,10,0
1784861400,1.13772,1.13773,1.13752,1.13754,69,10,0
1784861700,1.13753,1.13768,1.13753,1.1375899999999999,87,10,0
1784862000,1.13758,1.13782,1.13746,1.13763,345,10,0
1784862300,1.13762,1.13798,1.13754,1.13791,221,10,0
1784862600,1.13789,1.13798,1.13782,1.13784,148,10,0
1784862900,1.13786,1.13788,1.13777,1.13784,134,10,0
1784863200,1.13782,1.13797,1.13778,1.13792,145,10,0
1784863500,1.13792,1.13795,1.13782,1.13791,118,10,0
1784863800,1.13791,1.13792,1.13779,1.1378,151,10,0
1784864100,1.13781,1.13785,1.13776,1.13776,91,10,0
1784864400,1.13776,1.13776,1.13766,1.13768,108,10,0
1784864700,1.13767,1.13776,1.13761,1.13772,99,10,0
1784865000,1.13772,1.13784,1.13768,1.13777,172,10,0
1784865300,1.13776,1.13837,1.13776,1.13837,282,10,0
1784865600,1.1384,1.13858,1.1383,1.13838,338,10,0
1784865900,1.13836,1.13836,1.13818,1.13826,210,10,0
1784866200,1.13825,1.1384,1.13824,1.13833,154,10,0
1784866500,1.13833,1.13849,1.13827,1.13848,144,10,0
1784866800,1.13848,1.13855,1.13841,1.13853,163,10,0
1784867100,1.13853,1.13853,1.13814,1.13815,169,10,0
1784867400,1.13813,1.13841,1.13812,1.13839,221,10,0
1784867700,1.1384,1.1385399999999999,1.13836,1.13841,159,10,0
1784868000,1.13842,1.13858,1.13841,1.13856,214,10,0
1784868300,1.1385399999999999,1.13868,1.13853,1.13865,113,10,0
1784868600,1.13865,1.13866,1.13848,1.13859,127,10,0
1784868900,1.13859,1.1386,1.1383,1.13834,146,10,0
1784869200,1.13835,1.1384400000000001,1.13826,1.13836,125,10,0
1784869500,1.13836,1.13838,1.13824,1.13829,91,10,0
1784869800,1.13828,1.13843,1.13825,1.13842,124,10,0
1784870100,1.13843,1.13846,1.13829,1.13838,79,10,0
1784870400,1.13837,1.13851,1.13833,1.13835,95,10,0
1784870700,1.13835,1.13843,1.13832,1.13839,93,10,0
1784871000,1.13839,1.1387,1.13837,1.13861,117,10,0
1784871300,1.13861,1.13861,1.1384400000000001,1.13846,59,10,0
1784871600,1.13847,1.1385,1.13839,1.13843,60,10,0
1784871900,1.13842,1.13846,1.13814,1.13817,146,10,0
1784872200,1.13818,1.1383,1.13813,1.13814,167,10,0
1784872500,1.13814,1.13823,1.13802,1.13803,135,10,0
1784872800,1.13803,1.13809,1.13796,1.13798,89,10,0
1784873100,1.13798,1.13802,1.13787,1.13788,71,10,0
1784873400,1.13788,1.13788,1.13773,1.13779,101,10,0
1784873700,1.13779,1.13789,1.13778,1.13778,80,10,0
1784874000,1.13778,1.13785,1.13774,1.13774,104,10,0
1784874300,1.13775,1.13789,1.13774,1.13784,119,10,0
1784874600,1.13789,1.1381000000000001,1.13789,1.1381000000000001,119,10,0
1784874900,1.1381000000000001,1.13819,1.13804,1.13808,81,10,0
1784875200,1.13809,1.13819,1.13808,1.13815,71,10,0
1784875500,1.13816,1.13816,1.13803,1.13806,62,10,0
1784875800,1.13805,1.13819,1.13804,1.13813,61,10,0
1784876100,1.13813,1.1381999999999999,1.13802,1.13819,117,10,0
1784876400,1.13818,1.13829,1.13816,1.13827,112,10,0
1784876700,1.13826,1.13829,1.13817,1.13828,116,10,0
1784877000,1.13828,1.1383,1.13818,1.13829,58,10,0
1784877300,1.13828,1.13834,1.1381999999999999,1.13824,63,10,0
1784877600,1.13823,1.13825,1.13807,1.13808,54,10,0
1784877900,1.13807,1.13808,1.13802,1.13803,76,10,0
1784878200,1.13803,1.13809,1.13796,1.13799,52,10,0
1784878500,1.13799,1.13803,1.1379299999999999,1.13799,68,10,0
1784878800,1.138,1.138,1.13772,1.13772,60,10,0
1784879100,1.13773,1.13779,1.13765,1.13768,73,10,0
1784879400,1.13766,1.13774,1.13762,1.13768,99,10,0
1784879700,1.13769,1.13788,1.13768,1.13786,70,10,0
1784880000,1.13786,1.1379299999999999,1.13777,1.13791,126,10,0
1784880300,1.13792,1.13802,1.1379,1.13798,118,10,0
1784880600,1.138,1.13808,1.13792,1.13799,115,10,0
1784880900,1.13799,1.1381000000000001,1.13797,1.13808,100,10,0
1784881200,1.13807,1.13819,1.13807,1.13812,110,10,0
1784881500,1.13811,1.13819,1.1381000000000001,1.13812,59,10,0
1784881800,1.13813,1.13828,1.13808,1.13818,139,10,0
1784882100,1.13818,1.1381999999999999,1.13808,1.13812,104,10,0
1784882400,1.13812,1.13819,1.13799,1.13804,95,10,0
1784882700,1.13804,1.13809,1.13797,1.13803,143,10,0
1784883000,1.13804,1.13804,1.13774,1.13778,139,10,0
1784883300,1.13778,1.13786,1.1376,1.13773,172,10,0
1784883600,1.13773,1.1379,1.13767,1.13774,158,10,0
1784883900,1.13775,1.13791,1.13772,1.1378300000000001,209,10,0
1784884200,1.13784,1.13794,1.13771,1.13794,179,10,0
1784884500,1.13794,1.13831,1.13794,1.1383,174,10,0
1784884800,1.1383,1.13851,1.13829,1.13849,127,10,0
1784885100,1.13849,1.1386,1.13842,1.13851,192,10,0
1784885400,1.1385,1.1386,1.13832,1.13858,177,10,0
1784885700,1.13858,1.13859,1.13848,1.13853,145,10,0
1784886000,1.1385399999999999,1.13855,1.13829,1.13833,167,10,0
1784886300,1.13832,1.13851,1.13832,1.13838,132,10,0
1784886600,1.13839,1.1385,1.13827,1.1383,193,10,0
1784886900,1.13829,1.13864,1.13827,1.13863,235,10,0
1784887200,1.13865,1.13888,1.13858,1.13879,346,10,0
1784887500,1.13879,1.13931,1.13879,1.1393,210,10,0
1784887800,1.1393,1.13953,1.13926,1.13932,205,10,0
1784888100,1.13946,1.13949,1.13896,1.13918,283,10,0
1784888400,1.13919,1.13961,1.13918,1.1396,216,10,0
1784888700,1.13959,1.1399,1.13959,1.13967,210,10,0
1784889000,1.13971,1.14006,1.13955,1.13965,317,10,0
1784889300,1.1396600000000001,1.1397,1.13907,1.13913,308,10,0
1784889600,1.13914,1.1393,1.13894,1.13923,182,10,0
1784889900,1.13923,1.13923,1.13899,1.13909,275,10,0
1784890200,1.13909,1.1391499999999999,1.13894,1.13913,185,10,0
1784890500,1.13914,1.13922,1.13887,1.13894,174,10,0
1784890800,1.13894,1.139,1.13867,1.13867,214,10,0
1784891100,1.13867,1.13873,1.1385399999999999,1.13873,224,10,0
1784891400,1.13874,1.13886,1.13868,1.13875,170,10,0
1784891700,1.13874,1.13879,1.13842,1.1385399999999999,220,10,0
1784892000,1.1385399999999999,1.1386,1.13832,1.13843,237,10,0
1784892300,1.13843,1.13876,1.13838,1.13869,241,10,0
1784892600,1.13872,1.13872,1.13852,1.13853,200,10,0
1784892900,1.1385399999999999,1.13868,1.13843,1.13862,196,10,0
1784893200,1.13864,1.1387,1.13849,1.13853,157,10,0
1784893500,1.13853,1.13857,1.13811,1.13811,188,10,0
1784893800,1.1381000000000001,1.13835,1.13808,1.13832,231,10,0
1784894100,1.13832,1.13832,1.13814,1.13829,203,10,0
1784894400,1.13829,1.1384400000000001,1.13821,1.13825,207,10,0
1784894700,1.13825,1.13861,1.13822,1.13861,130,10,0
1784895000,1.13861,1.13861,1.13841,1.13848,124,10,0
1784895300,1.13847,1.13866,1.13832,1.13863,186,10,0
1784895600,1.13862,1.13864,1.13829,1.13841,153,10,0
1784895900,1.13841,1.13872,1.1384,1.13867,145,10,0
1784896200,1.13866,1.13869,1.13853,1.13858,164,10,0
1784896500,1.13857,1.13865,1.13841,1.13845,149,10,0
1784896800,1.13845,1.13864,1.13831,1.13856,175,10,0
1784897100,1.13857,1.13866,1.13848,1.1385399999999999,130,10,0
1784897400,1.13855,1.13869,1.13849,1.13864,180,10,0
1784897700,1.13865,1.13887,1.1386,1.13887,169,10,0
1784898000,1.13888,1.13901,1.13869,1.13897,139,10,0
1784898300,1.13896,1.13896,1.13872,1.13886,133,10,0
1784898600,1.13887,1.13892,1.13871,1.13876,88,10,0
1784898900,1.13874,1.13892,1.13871,1.13888,103,10,0
1784899200,1.13887,1.13911,1.13882,1.1391,134,10,0
1784899500,1.1391,1.13925,1.13894,1.13895,281,10,0
1784899800,1.13894,1.13913,1.13891,1.13904,145,10,0
1784900100,1.1390500000000001,1.1391,1.1389,1.13891,112,10,0
1784900400,1.13888,1.1389,1.13864,1.13866,164,10,0
1784900700,1.13865,1.13875,1.13857,1.13861,134,10,0
1784901000,1.13863,1.13863,1.13817,1.13818,176,10,0
1784901300,1.1381999999999999,1.13837,1.13804,1.13825,269,10,0
1784901600,1.13826,1.13845,1.1381000000000001,1.13841,296,10,0
1784901900,1.1384,1.13851,1.1383,1.13849,120,10,0
1784902200,1.13848,1.13877,1.13847,1.13877,106,10,0
1784902500,1.13876,1.13876,1.13852,1.13853,171,10,0
1784902800,1.13853,1.13858,1.13841,1.13841,118,10,0
1784903100,1.13842,1.13847,1.13817,1.13817,162,10,0
1784903400,1.13817,1.13823,1.13808,1.13813,157,10,0
1784903700,1.13814,1.13816,1.1379,1.13792,112,10,0
1784904000,1.13791,1.13794,1.13778,1.1379299999999999,186,10,0
1784904300,1.13794,1.13807,1.13787,1.1379299999999999,138,10,0
1784904600,1.1379299999999999,1.13797,1.13752,1.1376,171,10,0
1784904900,1.1375899999999999,1.1375899999999999,1.13707,1.13743,562,10,0
1784905200,1.13742,1.13762,1.13713,1.13727,405,10,0
1784905500,1.13728,1.13775,1.13718,1.13766,214,10,0
1784905800,1.13768,1.13778,1.13754,1.13772,158,10,0
1784906100,1.13772,1.13774,1.13753,1.13763,243,10,0
1784906400,1.13761,1.13763,1.13743,1.13751,232,10,0
1784906700,1.13752,1.13753,1.1372,1.13736,225,10,0
1784907000,1.13736,1.13757,1.13697,1.13697,286,10,0
1784907300,1.1369799999999999,1.13723,1.1369799999999999,1.13715,229,10,0
1784907600,1.13715,1.13715,1.13669,1.13677,250,10,0
1784907900,1.13676,1.13712,1.13672,1.13684,268,10,0
1784908200,1.13684,1.137,1.13672,1.1369,218,10,0
1784908500,1.1369,1.13701,1.1367,1.13692,225,10,0
1784908800,1.13693,1.13709,1.13666,1.13675,352,10,0
1784909100,1.13675,1.1368,1.13657,1.13664,246,10,0
1784909400,1.13665,1.13721,1.13644,1.1369799999999999,346,10,0
1784909700,1.13699,1.13721,1.13687,1.13717,247,10,0
1784910000,1.13719,1.13736,1.13699,1.13708,240,10,0
1784910300,1.1371,1.13716,1.1368800000000001,1.137,217,10,0
1784910600,1.13699,1.13705,1.13672,1.13682,297,10,0
1784910900,1.13683,1.1372200000000001,1.13677,1.13721,340,10,0
1784911200,1.1372200000000001,1.1373,1.13709,1.13709,315,10,0
1784911500,1.13708,1.13715,1.13691,1.13696,295,10,0
1784911800,1.13696,1.13728,1.13682,1.13727,348,10,0
1784912100,1.13725,1.13763,1.13714,1.13762,345,10,0
1784912400,1.13764,1.13789,1.13756,1.13756,348,10,0
1784912700,1.13757,1.13762,1.137,1.13731,333,10,0
1784913000,1.1373,1.13746,1.13709,1.13716,332,10,0
1784913300,1.13717,1.13743,1.13716,1.13724,235,10,0
1784913600,1.13727,1.1375899999999999,1.1372200000000001,1.13747,397,10,0
1784913900,1.13748,1.13779,1.13748,1.1375,291,10,0
1784914200,1.1374900000000001,1.13784,1.13742,1.1378300000000001,236,10,0
1784914500,1.13784,1.13786,1.1375899999999999,1.1376,263,10,0
1784914800,1.1376,1.1377,1.13753,1.13756,229,10,0
1784915100,1.13754,1.1378300000000001,1.13754,1.13779,269,10,0
1784915400,1.13779,1.13784,1.13746,1.13766,427,10,0
1784915700,1.13765,1.13804,1.13764,1.13777,559,10,0
1784916000,1.13778,1.13799,1.13766,1.13788,507,10,0
1784916300,1.13789,1.13829,1.1378300000000001,1.13825,201,10,0
1784916600,1.13824,1.13887,1.13824,1.13867,598,10,0
1784916900,1.13867,1.13904,1.13846,1.13853,720,10,0
1784917200,1.13853,1.13869,1.13846,1.13849,282,10,0
1784917500,1.13848,1.13864,1.13839,1.13842,314,10,0
1784917800,1.13843,1.13867,1.13832,1.13848,298,10,0
1784918100,1.13849,1.13887,1.13841,1.13884,252,10,0
1784918400,1.13883,1.13888,1.13835,1.1384,343,10,0
1784918700,1.13841,1.13858,1.13839,1.13848,156,10,0
1784919000,1.13849,1.13861,1.13839,1.13843,200,10,0
1784919300,1.1384400000000001,1.1385,1.13821,1.13841,207,10,0
1784919600,1.13842,1.13842,1.13811,1.13823,171,10,0
1784919900,1.13824,1.13848,1.13813,1.13839,136,10,0
1784920200,1.13838,1.1385399999999999,1.13834,1.13848,152,10,0
1784920500,1.13849,1.13859,1.13842,1.13849,141,10,0
1784920800,1.13848,1.1385,1.13823,1.13829,124,10,0
1784921100,1.13828,1.1383,1.13812,1.13828,227,10,0
1784921400,1.13828,1.13834,1.13809,1.13829,268,10,0
1784921700,1.1383,1.13833,1.13798,1.13799,195,10,0
1784922000,1.138,1.13806,1.13791,1.13799,132,10,0
1784922300,1.13798,1.13801,1.1378,1.13789,183,10,0
1784922600,1.13788,1.1379,1.1378,1.13789,94,10,0
1784922900,1.1379,1.13803,1.13772,1.13772,144,10,0
1784923200,1.13772,1.13774,1.1375899999999999,1.1376,179,10,0
1784923500,1.1375899999999999,1.13762,1.1369799999999999,1.13718,362,10,0
1784923800,1.13718,1.13718,1.1369799999999999,1.13708,275,10,0
1784924100,1.13708,1.13719,1.13693,1.13693,172,10,0
1784924400,1.13693,1.13697,1.13681,1.13693,157,10,0
1784924700,1.13694,1.13713,1.13692,1.13713,114,10,0
1784925000,1.13714,1.1372,1.13705,1.13706,116,10,0
1784925300,1.13707,1.13709,1.1368800000000001,1.13692,109,10,0
1784925600,1.1369,1.13694,1.13678,1.1368800000000001,106,10,0
1784925900,1.13687,1.13689,1.13677,1.13679,93,10,0
1784926200,1.13678,1.13684,1.1367,1.13683,79,10,0
1784926500,1.13685,1.1369799999999999,1.13685,1.1369,95,10,0
1784926800,1.13691,1.13693,1.13673,1.13682,99,10,0
1784927100,1.13683,1.13697,1.1368,1.13697,91,10,0
1784927400,1.1369799999999999,1.13701,1.13691,1.13693,62,10,0
1784927700,1.13694,1.13708,1.13692,1.13693,84,10,0
1784928000,1.13693,1.13693,1.13673,1.1368800000000001,112,10,0
1784928300,1.1368800000000001,1.13693,1.13684,1.13686,86,10,0
1784928600,1.13687,1.13693,1.13672,1.13672,120,10,0
1784928900,1.13673,1.13687,1.13669,1.13681,98,10,0
1784929200,1.13679,1.13687,1.13673,1.13683,84,10,0
1784929500,1.13683,1.13701,1.13683,1.1369,74,10,0
1784929800,1.13691,1.13694,1.1368800000000001,1.13689,93,10,0
1784930100,1.1369,1.1369799999999999,1.13689,1.13695,91,10,0
1784930400,1.13696,1.13705,1.13693,1.1369799999999999,171,10,0
1784930700,1.13697,1.13704,1.13693,1.1369799999999999,133,10,0
1784931000,1.1369799999999999,1.13708,1.13697,1.13699,87,10,0
1784931300,1.137,1.13701,1.13693,1.13697,98,10,0
1784931600,1.1369799999999999,1.13702,1.13682,1.13684,67,10,0
1784931900,1.13684,1.13685,1.13675,1.1368,70,10,0
1784932200,1.1368,1.13695,1.13676,1.13687,152,10,0
1784932500,1.13686,1.13717,1.13684,1.13711,261,10,0
1784932800,1.13712,1.13717,1.13706,1.13708,91,10,0
1784933100,1.13708,1.13711,1.1369799999999999,1.13706,104,10,0
1784933400,1.13708,1.13708,1.13697,1.13701,93,10,0
1784933700,1.13702,1.13705,1.13695,1.13695,90,10,0
1784934000,1.13695,1.13702,1.13695,1.13699,73,10,0
1784934300,1.1369799999999999,1.13699,1.13693,1.13695,49,10,0
1784934600,1.13695,1.13696,1.13692,1.13693,24,10,0
1784934900,1.13692,1.13692,1.13683,1.13684,22,10,0
1784935200,1.13684,1.13686,1.13682,1.13685,28,10,0
1784935500,1.13685,1.13685,1.13675,1.1368,31,10,0
1784935800,1.13679,1.13681,1.1367,1.1367099999999999,23,10,0
1784936100,1.1367,1.13676,1.1367,1.1367,35,10,0
1784936400,1.1367,1.13687,1.13669,1.13682,44,10,0
1784936700,1.13681,1.13701,1.13681,1.13697,84,10,0
1784937000,1.1369799999999999,1.13705,1.13692,1.13695,332,10,0
1784937300,1.13695,1.13705,1.13693,1.13701,83,11,0
1785110400,1.13889,1.13919,1.13883,1.13902,33,77,0
1785110700,1.13877,1.13902,1.13872,1.13902,49,38,0
1785111000,1.1389,1.13919,1.13877,1.13914,69,28,0
1785111300,1.13909,1.13953,1.13904,1.1391499999999999,61,44,0
1785111600,1.1391499999999999,1.1393,1.13906,1.13912,54,60,0
1785111900,1.13912,1.13912,1.13899,1.13899,16,69,0
1785112200,1.13898,1.13898,1.13872,1.13894,31,79,0
1785112500,1.13892,1.13913,1.13892,1.1391,18,75,0
1785112800,1.13924,1.13936,1.1390500000000001,1.13907,24,58,0
1785113100,1.13909,1.13951,1.13906,1.13917,29,47,0
1785113400,1.13914,1.13914,1.13871,1.13889,36,82,0
1785113700,1.13889,1.13895,1.1385399999999999,1.1388,42,46,0
1785114000,1.1388,1.13995,1.1387,1.13973,312,10,0
1785114300,1.13975,1.13994,1.1395,1.13952,187,10,0
1785114600,1.1395,1.13961,1.1391499999999999,1.13928,199,10,0
1785114900,1.13925,1.13933,1.13914,1.13929,162,10,0
1785115200,1.13928,1.13936,1.13906,1.13909,111,10,0
1785115500,1.1391,1.13914,1.13901,1.13911,120,10,0
1785115800,1.13911,1.13913,1.139,1.13907,88,10,0
1785116100,1.13907,1.13912,1.13902,1.13907,70,10,0
1785116400,1.13907,1.1391499999999999,1.13902,1.13914,59,10,0
1785116700,1.13913,1.13914,1.13894,1.13898,80,10,0
1785117000,1.13898,1.13908,1.13898,1.13899,58,10,0
1785117300,1.13899,1.13899,1.13875,1.13888,64,10,0
1785117600,1.13889,1.13899,1.13885,1.13891,94,10,0
1785117900,1.13895,1.13906,1.13895,1.139,42,10,0
1785118200,1.13901,1.13901,1.13885,1.13885,54,10,0
1785118500,1.13886,1.13894,1.13882,1.13885,56,10,0
1785118800,1.13885,1.13891,1.1388,1.1388,48,10,0
1785119100,1.1388099999999999,1.1389,1.1388,1.13886,47,10,0
1785119400,1.13887,1.13902,1.13886,1.13901,61,10,0
1785119700,1.13901,1.13913,1.13901,1.13907,38,10,0
1785120000,1.13906,1.13925,1.13906,1.1392,83,10,0
1785120300,1.13919,1.13926,1.13912,1.13922,118,10,0
1785120600,1.13921,1.13921,1.13908,1.13911,77,10,0
1785120900,1.13912,1.13947,1.13912,1.1394,98,10,0
1785121200,1.1394199999999999,1.13978,1.1394199999999999,1.13971,405,10,0
1785121500,1.13972,1.13982,1.13959,1.13978,279,10,0
1785121800,1.1398,1.14031,1.13975,1.1403,332,10,0
1785122100,1.14029,1.14039,1.14007,1.14033,227,10,0
1785122400,1.14033,1.14072,1.14023,1.14066,221,10,0
1785122700,1.14068,1.14118,1.14065,1.14105,248,10,0
1785123000,1.14104,1.1412499999999999,1.14094,1.14107,390,10,0
1785123300,1.14106,1.14108,1.14042,1.14047,237,10,0
1785123600,1.14047,1.14059,1.1403699999999999,1.1404,199,10,0
1785123900,1.1404,1.1405,1.14031,1.14035,226,10,0
1785124200,1.14035,1.14035,1.1400000000000001,1.1400000000000001,221,10,0
1785124500,1.14001,1.14017,1.14001,1.14011,167,10,0
1785124800,1.14012,1.14055,1.14012,1.14032,307,10,0
1785125100,1.14033,1.14068,1.14032,1.14056,221,10,0
1785125400,1.14057,1.14065,1.14047,1.14047,203,10,0
1785125700,1.14047,1.14063,1.14045,1.14058,190,10,0
1785126000,1.14059,1.14072,1.14043,1.14049,208,10,0
1785126300,1.14049,1.14058,1.14043,1.14057,141,10,0
1785126600,1.14058,1.14083,1.14058,1.1406,188,10,0
1785126900,1.14059,1.14059,1.1403,1.14041,153,10,0
1785127200,1.1404,1.14072,1.1404,1.14071,156,10,0
1785127500,1.14071,1.14096,1.14071,1.14096,212,10,0
1785127800,1.14095,1.1409799999999999,1.14072,1.14081,129,10,0
1785128100,1.14082,1.14139,1.14081,1.14138,183,10,0
1785128400,1.14139,1.14139,1.14113,1.14116,266,10,0
1785128700,1.14117,1.14126,1.14104,1.14107,208,10,0
1785129000,1.14105,1.14114,1.14093,1.14097,165,10,0
1785129300,1.1409799999999999,1.14102,1.1407,1.14075,159,10,0
1785129600,1.14078,1.14086,1.14071,1.14085,49,10,0
1785129900,1.14086,1.14104,1.14086,1.1409799999999999,62,10,0
1785130200,1.14097,1.14097,1.14076,1.14093,107,10,0
1785130500,1.14094,1.14101,1.14072,1.14073,124,10,0
1785130800,1.14074,1.14086,1.14074,1.14082,106,10,0
1785131100,1.14081,1.14084,1.14066,1.14071,104,10,0
1785131400,1.14071,1.14081,1.14066,1.14077,89,10,0
1785131700,1.14076,1.14076,1.1405,1.14051,154,10,0
1785132000,1.1405,1.14066,1.1404,1.14045,159,10,0
1785132300,1.14046,1.14051,1.14036,1.14039,111,10,0
1785132600,1.14039,1.1404,1.14025,1.1403,76,10,0
1785132900,1.14029,1.14042,1.14024,1.14036,77,10,0
1785133200,1.14035,1.14036,1.14026,1.14032,84,10,0
1785133500,1.14033,1.14041,1.14029,1.1403,75,10,0
1785133800,1.14029,1.14029,1.14007,1.14015,150,10,0
1785134100,1.14015,1.14025,1.14014,1.14022,74,10,0
1785134400,1.14021,1.14034,1.14019,1.14028,94,10,0
1785134700,1.14028,1.1403699999999999,1.1402700000000001,1.14032,114,10,0
1785135000,1.14033,1.14042,1.14031,1.14031,63,10,0
1785135300,1.14031,1.1403699999999999,1.14026,1.1403,55,10,0
1785135600,1.1403,1.14042,1.14026,1.14035,83,10,0
1785135900,1.14035,1.14041,1.14032,1.14033,54,10,0
1785136200,1.14032,1.1404,1.14026,1.1404,65,10,0
1785136500,1.14039,1.14046,1.14033,1.14045,50,10,0
1785136800,1.14046,1.14046,1.14026,1.14028,44,10,0
1785137100,1.14028,1.14029,1.1402,1.14026,47,10,0
1785137400,1.14026,1.14031,1.14025,1.1403,39,10,0
1785137700,1.14031,1.14031,1.14025,1.14031,24,10,0
1785138000,1.1403,1.14043,1.14026,1.14028,63,10,0
1785138300,1.1402700000000001,1.14032,1.14026,1.14026,57,10,0
1785138600,1.1402700000000001,1.1402700000000001,1.14015,1.1402,43,10,0
1785138900,1.1402,1.14039,1.14019,1.14031,71,10,0
1785139200,1.14031,1.14032,1.1402,1.14026,94,10,0
1785139500,1.1402700000000001,1.14042,1.14022,1.14042,53,10,0
1785139800,1.14041,1.14066,1.14036,1.14066,122,10,0
1785140100,1.14066,1.1407,1.1406,1.14063,70,10,0
1785140400,1.14063,1.1406399999999999,1.14049,1.1405,61,10,0
1785140700,1.14049,1.14057,1.14041,1.14056,103,10,0
1785141000,1.14057,1.1406399999999999,1.14031,1.14036,121,10,0
1785141300,1.14035,1.14047,1.14032,1.14041,84,10,0
1785141600,1.14042,1.14048,1.14036,1.14042,75,10,0
1785141900,1.14042,1.1405,1.14031,1.14043,63,10,0
1785142200,1.14043,1.14066,1.14042,1.1406399999999999,67,10,0
1785142500,1.14065,1.14067,1.14053,1.14057,107,10,0
1785142800,1.14056,1.14108,1.14051,1.14102,269,10,0
1785143100,1.14099,1.14103,1.14082,1.14097,182,10,0
1785143400,1.14096,1.14133,1.14096,1.14117,172,10,0
1785143700,1.14118,1.14123,1.1408,1.1408,204,10,0
1785144000,1.14081,1.14105,1.14069,1.14104,219,10,0
1785144300,1.14103,1.1413,1.14101,1.14124,182,10,0
1785144600,1.14124,1.14127,1.1409,1.14118,240,10,0
1785144900,1.14115,1.14145,1.14102,1.14144,168,10,0
1785145200,1.14143,1.14178,1.14133,1.14147,276,10,0
1785145500,1.14146,1.14146,1.14101,1.14102,179,10,0
1785145800,1.14101,1.14105,1.14082,1.14084,186,10,0
1785146100,1.14083,1.14094,1.14067,1.14076,252,10,0
1785146400,1.14075,1.14093,1.14041,1.14058,311,10,0
1785146700,1.14057,1.14074,1.14051,1.14057,227,10,0
1785147000,1.14057,1.14094,1.14044,1.14094,220,10,0
1785147300,1.14096,1.14096,1.14053,1.14066,279,10,0
1785147600,1.14065,1.14093,1.14052,1.14068,321,10,0
1785147900,1.14067,1.14084,1.14057,1.14066,252,10,0
1785148200,1.14065,1.14065,1.1403,1.14048,305,10,0
1785148500,1.14051,1.1406399999999999,1.1402,1.14025,278,10,0
1785148800,1.14024,1.14043,1.14007,1.14021,262,10,0
1785149100,1.14021,1.14026,1.1400000000000001,1.14002,300,10,0
1785149400,1.1400299999999999,1.14019,1.13992,1.14017,240,10,0
1785149700,1.14018,1.14021,1.13955,1.13958,265,10,0
1785150000,1.13957,1.13981,1.13951,1.13961,326,10,0
1785150300,1.13959,1.1399,1.13951,1.13954,295,10,0
1785150600,1.13954,1.13971,1.13949,1.13959,226,10,0
1785150900,1.13957,1.13968,1.13946,1.13962,178,10,0
1785151200,1.13963,1.13968,1.1394199999999999,1.1396,221,10,0
1785151500,1.13961,1.13964,1.13945,1.1395,208,10,0
1785151800,1.13951,1.13964,1.13951,1.13955,188,10,0
1785152100,1.13956,1.1399,1.13956,1.1398,117,10,0
1785152400,1.1398,1.1401,1.13977,1.13982,156,10,0
1785152700,1.13983,1.13995,1.1397,1.1397,136,10,0
1785153000,1.13971,1.14015,1.13961,1.14014,200,10,0
1785153300,1.14013,1.14029,1.14013,1.14017,177,10,0
1785153600,1.14017,1.14029,1.14008,1.14024,138,10,0
1785153900,1.14024,1.14028,1.14002,1.1400299999999999,121,10,0
1785154200,1.1400299999999999,1.14004,1.13971,1.13974,196,10,0
1785154500,1.13975,1.13984,1.1396,1.13974,242,10,0
1785154800,1.13975,1.13986,1.13968,1.1397599999999999,136,10,0
1785155100,1.13977,1.1399,1.13947,1.13947,155,10,0
1785155400,1.13947,1.13975,1.1394199999999999,1.1396600000000001,227,10,0
1785155700,1.1396600000000001,1.13978,1.1396,1.13978,129,10,0
1785156000,1.13978,1.13979,1.13963,1.13969,132,10,0
1785156300,1.13968,1.13982,1.13962,1.13967,108,10,0
1785156600,1.1396600000000001,1.13973,1.13951,1.13967,183,10,0
1785156900,1.13967,1.1397599999999999,1.13955,1.13959,139,10,0
1785157200,1.13958,1.14008,1.13951,1.14005,152,10,0
1785157500,1.14004,1.14007,1.13974,1.13974,165,10,0
1785157800,1.13974,1.13979,1.13929,1.13948,324,10,0
1785158100,1.13947,1.13984,1.13947,1.13972,224,10,0
1785158400,1.13973,1.13995,1.13959,1.13984,189,10,0
1785158700,1.13981,1.13988,1.13967,1.13971,160,10,0
1785159000,1.13971,1.13989,1.13969,1.13978,191,10,0
1785159300,1.13977,1.13983,1.13961,1.13967,156,10,0
1785159600,1.1396600000000001,1.14009,1.1396600000000001,1.14001,156,10,0
1785159900,1.14002,1.14002,1.1397599999999999,1.13988,189,10,0
1785160200,1.13987,1.13989,1.13968,1.13988,149,10,0
1785160500,1.13989,1.13995,1.13941,1.13948,225,10,0
1785160800,1.13949,1.13955,1.13931,1.13933,342,10,0
1785161100,1.13933,1.13933,1.13911,1.13922,155,10,0
1785161400,1.1392,1.13927,1.1391,1.13911,159,10,0
1785161700,1.13912,1.13939,1.13908,1.13928,181,10,0
1785162000,1.13929,1.13932,1.13912,1.13913,107,10,0
1785162300,1.13913,1.13938,1.13907,1.13907,180,10,0
1785162600,1.13907,1.13946,1.13903,1.13926,348,10,0
1785162900,1.13927,1.13948,1.13917,1.13922,201,10,0
1785163200,1.13922,1.13947,1.1391,1.13911,212,10,0
1785163500,1.13912,1.13918,1.1388099999999999,1.13891,192,10,0
1785163800,1.1389,1.13894,1.13872,1.13876,192,10,0
1785164100,1.13877,1.13877,1.13846,1.13861,217,10,0
1785164400,1.13862,1.13893,1.13861,1.13889,161,10,0
1785164700,1.13888,1.13899,1.13882,1.13888,151,10,0
1785165000,1.13887,1.13887,1.13832,1.13837,332,10,0
1785165300,1.13837,1.13857,1.13837,1.13849,213,10,0
1785165600,1.1385,1.13852,1.13831,1.13832,179,10,0
1785165900,1.13832,1.1384400000000001,1.13828,1.13828,97,10,0
1785166200,1.13832,1.13833,1.13807,1.13828,200,10,0
1785166500,1.13829,1.1383,1.1377,1.13777,172,10,0
1785166800,1.13781,1.13804,1.13758,1.13801,242,10,0
1785167100,1.13802,1.13824,1.13794,1.13803,220,10,0
1785167400,1.13802,1.13839,1.13798,1.13828,223,10,0
1785167700,1.13829,1.13851,1.13826,1.13828,260,10,0
1785168000,1.13827,1.13832,1.13788,1.13794,588,10,0
1785168300,1.1379299999999999,1.13851,1.13787,1.13849,315,10,0
1785168600,1.1385,1.13861,1.13833,1.13833,239,10,0
1785168900,1.13832,1.13834,1.13808,1.1381000000000001,223,10,0
1785169200,1.13811,1.13818,1.13792,1.1379299999999999,208,10,0
1785169500,1.13792,1.13799,1.13769,1.13788,295,10,0
1785169800,1.1379299999999999,1.1383,1.13782,1.13795,542,10,0
1785170100,1.13796,1.1381000000000001,1.13784,1.13799,336,10,0
1785170400,1.13798,1.13811,1.13785,1.13799,299,10,0
1785170700,1.138,1.13807,1.13781,1.13795,280,10,0
1785171000,1.13794,1.13801,1.13757,1.13758,302,10,0
1785171300,1.13757,1.1376,1.1372,1.13737,345,10,0
1785171600,1.13735,1.13754,1.13706,1.13742,433,10,0
1785171900,1.13742,1.13764,1.13741,1.13743,316,10,0
1785172200,1.13742,1.13757,1.13736,1.13756,231,10,0
1785172500,1.13757,1.13758,1.1372200000000001,1.1373199999999999,276,10,0
1785172800,1.13733,1.13739,1.13723,1.13737,235,10,0
1785173100,1.13738,1.13738,1.13699,1.13699,316,10,0
1785173400,1.13702,1.13718,1.13693,1.13701,279,10,0
1785173700,1.13702,1.1373199999999999,1.13693,1.13728,240,10,0
1785174000,1.13726,1.1374,1.13696,1.13708,218,10,0
1785174300,1.13709,1.13745,1.13709,1.13729,266,10,0
1785174600,1.13731,1.13739,1.1368800000000001,1.13692,257,10,0
1785174900,1.13693,1.13724,1.13684,1.13718,328,10,0
1785175200,1.13719,1.13729,1.13701,1.13726,393,10,0
1785175500,1.13725,1.13728,1.137,1.137,239,10,0
1785175800,1.13701,1.13709,1.13679,1.13709,226,10,0
1785176100,1.13708,1.1373199999999999,1.13707,1.13728,226,10,0
1785176400,1.1373,1.13753,1.13726,1.13747,262,10,0
1785176700,1.13746,1.13762,1.13733,1.1375899999999999,200,10,0
1785177000,1.1375899999999999,1.1375899999999999,1.13731,1.13736,316,10,0
1785177300,1.13737,1.1375899999999999,1.13734,1.1374900000000001,237,10,0
1785177600,1.13748,1.13754,1.13739,1.13748,214,10,0
1785177900,1.13747,1.1374900000000001,1.13731,1.13737,230,10,0
1785178200,1.13738,1.13773,1.13737,1.13758,205,10,0
1785178500,1.13757,1.13778,1.13746,1.13746,204,10,0
1785178800,1.13745,1.13766,1.1373,1.1375899999999999,309,10,0
1785179100,1.13761,1.13763,1.13745,1.13757,229,10,0
1785179400,1.13757,1.13769,1.13752,1.13758,91,10,0
1785179700,1.1375899999999999,1.13801,1.13756,1.13796,242,10,0
1785180000,1.13795,1.13817,1.13795,1.13811,220,10,0
1785180300,1.1381000000000001,1.13833,1.13805,1.13819,479,10,0
1785180600,1.13818,1.13842,1.13812,1.13842,200,10,0
1785180900,1.13841,1.13847,1.13829,1.13836,223,10,0
1785181200,1.13833,1.1384400000000001,1.13818,1.13821,148,10,0
1785181500,1.1381999999999999,1.13821,1.13796,1.13796,141,10,0
1785181800,1.13797,1.13805,1.1379,1.13796,116,10,0
1785182100,1.13796,1.13797,1.13781,1.13792,139,10,0
1785182400,1.13791,1.13791,1.13719,1.13728,268,10,0
1785182700,1.13727,1.13754,1.13719,1.13738,351,10,0
1785183000,1.13737,1.13752,1.13729,1.13729,356,10,0
1785183300,1.1373,1.13731,1.13707,1.13711,123,10,0
1785183600,1.1371,1.13718,1.137,1.13702,163,10,0
1785183900,1.13701,1.13707,1.1369,1.13697,144,10,0
1785184200,1.13696,1.13724,1.13687,1.13712,150,10,0
1785184500,1.13713,1.13713,1.1369,1.1369,105,10,0
1785184800,1.1369,1.13696,1.13683,1.13689,74,10,0
1785185100,1.1368800000000001,1.13697,1.13682,1.13696,93,10,0
1785185400,1.13695,1.13717,1.13695,1.13717,105,10,0
1785185700,1.13718,1.13724,1.13711,1.13718,100,10,0
1785186000,1.13718,1.13725,1.13707,1.1372200000000001,97,10,0
1785186300,1.1372200000000001,1.1373199999999999,1.13721,1.13727,91,10,0
1785186600,1.13728,1.13728,1.13717,1.13723,68,10,0
1785186900,1.13723,1.13723,1.13708,1.13712,142,10,0
1785187200,1.13712,1.13712,1.13692,1.1369799999999999,82,10,0
1785187500,1.1369799999999999,1.137,1.1368800000000001,1.13699,92,10,0
1785187800,1.137,1.13709,1.1369,1.13691,133,10,0
1785188100,1.13691,1.13699,1.13685,1.13685,87,10,0
1785188400,1.13684,1.1372200000000001,1.13677,1.13694,260,10,0
1785188700,1.13694,1.13699,1.13678,1.13678,192,10,0
1785189000,1.13678,1.1368800000000001,1.13675,1.13685,140,10,0
1785189300,1.13684,1.13694,1.13669,1.13679,228,10,0
1785189600,1.1368,1.13694,1.13673,1.13674,146,10,0
1785189900,1.13673,1.13684,1.13673,1.13679,94,10,0
1785190200,1.13679,1.13689,1.13668,1.1367099999999999,111,10,0
1785190500,1.13672,1.13679,1.13668,1.13675,149,10,0
1785190800,1.13675,1.13689,1.13675,1.13687,97,10,0
1785191100,1.13687,1.13701,1.13685,1.137,80,10,0
1785191400,1.137,1.13714,1.13699,1.13708,103,10,0
1785191700,1.13708,1.13723,1.13705,1.13723,82,10,0
1785192000,1.13721,1.13728,1.1371,1.13718,102,10,0
1785192300,1.1372200000000001,1.13724,1.1369799999999999,1.13699,96,10,0
1785192600,1.13701,1.13706,1.1369799999999999,1.13702,71,10,0
1785192900,1.13701,1.13704,1.13694,1.13694,93,10,0
1785193200,1.13694,1.13709,1.13693,1.137,83,10,0
1785193500,1.137,1.13708,1.1369799999999999,1.13708,35,10,0
1785193800,1.13707,1.13716,1.13706,1.13715,38,10,0
1785194100,1.13715,1.13717,1.13704,1.13704,29,10,0
1785194400,1.13705,1.13705,1.13699,1.13703,14,10,0
1785194700,1.13703,1.13709,1.13701,1.13701,27,10,0
1785195000,1.13701,1.13701,1.13674,1.13677,49,10,0
1785195300,1.13676,1.13678,1.13673,1.13676,18,10,0
1785195600,1.13676,1.13679,1.13665,1.13668,37,10,0
1785195900,1.13668,1.1367099999999999,1.13666,1.13669,27,10,0
1785196200,1.1367,1.13674,1.13669,1.13674,12,10,0
1785196500,1.13673,1.13676,1.13648,1.13648,92,10,0
1785196800,1.13648,1.13708,1.13648,1.13668,28,24,0
1785197100,1.13667,1.13696,1.13665,1.13689,39,39,0
1785197400,1.13685,1.13708,1.13678,1.13703,90,42,0
1785197700,1.13703,1.13711,1.13702,1.13706,106,66,0
1785198000,1.13703,1.13703,1.13675,1.13693,9,85,0
1785198300,1.13686,1.13691,1.13686,1.13691,13,94,0
1785198600,1.1369,1.1369,1.13675,1.13675,122,96,0
1785198900,1.13674,1.13686,1.13666,1.13674,175,95,0
1785199200,1.13674,1.13685,1.13668,1.13677,221,78,0
1785199500,1.13679,1.13702,1.13678,1.13681,60,51,0
1785199800,1.13682,1.13684,1.1368,1.13683,29,76,0
1785200100,1.13683,1.13685,1.13676,1.13682,140,76,0
1785200400,1.13682,1.13694,1.13668,1.13694,134,21,0
1785200700,1.13695,1.13709,1.13694,1.13699,201,11,0
1785201000,1.1369799999999999,1.1369799999999999,1.13683,1.13694,65,11,0
1785201300,1.1369,1.13706,1.1369,1.13703,43,11,0
1785201600,1.13703,1.13704,1.13686,1.13687,63,10,0
1785201900,1.1368800000000001,1.13689,1.13686,1.1368800000000001,30,11,0
1785202200,1.13684,1.13691,1.13684,1.1369,36,11,0
1785202500,1.13691,1.137,1.1369,1.13694,39,10,0
1785202800,1.13694,1.13694,1.13686,1.13686,40,11,0
1785203100,1.13687,1.13689,1.13685,1.13686,42,11,0
1785203400,1.13686,1.13689,1.13686,1.1368800000000001,45,11,0
1785203700,1.13686,1.1368800000000001,1.13682,1.13686,45,11,0
1785204000,1.13685,1.13689,1.13678,1.1368800000000001,80,10,0
1785204300,1.1368800000000001,1.1369799999999999,1.1368800000000001,1.1369799999999999,49,10,0
1785204600,1.13697,1.1369799999999999,1.13691,1.13693,42,10,0
1785204900,1.13693,1.13699,1.13693,1.13696,13,11,0
1785205200,1.13697,1.13697,1.13691,1.13693,16,10,0
1785205500,1.13693,1.1369799999999999,1.13693,1.1369799999999999,31,10,0
1785205800,1.13697,1.1369799999999999,1.1368800000000001,1.13693,26,10,0
1785206100,1.13692,1.13693,1.13683,1.13685,22,10,0
1785206400,1.13685,1.13694,1.13685,1.13691,32,10,0
1785206700,1.13692,1.13696,1.13673,1.13677,41,10,0
1785207000,1.13677,1.13683,1.13674,1.13675,37,10,0
1785207300,1.13674,1.1368800000000001,1.13674,1.13687,43,10,0
1785207600,1.1368800000000001,1.13689,1.13668,1.13668,172,10,0
1785207900,1.13667,1.13684,1.13662,1.13683,178,10,0
1785208200,1.13684,1.13684,1.13678,1.13679,92,10,0
1785208500,1.13679,1.137,1.13676,1.1369799999999999,97,10,0
1785208800,1.13699,1.13709,1.13699,1.13706,111,10,0
1785209100,1.13706,1.13724,1.13705,1.13716,137,10,0
1785209400,1.13716,1.13727,1.13714,1.13718,86,10,0
1785209700,1.13718,1.13731,1.13714,1.13726,90,10,0
1785210000,1.13726,1.13726,1.13712,1.13718,51,10,0
1785210300,1.13717,1.13726,1.13713,1.13721,77,10,0
1785210600,1.13721,1.13721,1.13697,1.13701,46,10,0
1785210900,1.137,1.1374,1.13697,1.13738,104,10,0
1785211200,1.13738,1.13768,1.13737,1.13748,188,10,0
1785211500,1.1374900000000001,1.13766,1.1374900000000001,1.13765,113,10,0
1785211800,1.13765,1.13766,1.13744,1.13747,138,10,0
1785212100,1.13747,1.13748,1.1373199999999999,1.13741,162,10,0
1785212400,1.13742,1.13752,1.13741,1.13748,84,10,0
1785212700,1.13748,1.13751,1.13738,1.13747,104,10,0
1785213000,1.13747,1.13753,1.1374,1.13746,131,10,0
1785213300,1.13747,1.13751,1.13739,1.13741,63,10,0
1785213600,1.13741,1.13744,1.13725,1.13728,73,10,0
1785213900,1.13728,1.13736,1.13718,1.1372,88,10,0
1785214200,1.13719,1.13723,1.13701,1.13716,95,10,0
1785214500,1.13717,1.13728,1.13717,1.13727,120,10,0
1785214800,1.13727,1.1373,1.13714,1.13721,83,10,0
1785215100,1.13721,1.13742,1.13721,1.13739,89,10,0
1785215400,1.13737,1.13742,1.1373,1.13735,83,10,0
1785215700,1.13734,1.13737,1.13729,1.13736,84,10,0
1785216000,1.13737,1.13748,1.1373199999999999,1.1374,113,10,0
1785216300,1.13739,1.13739,1.13712,1.13712,99,10,0
1785216600,1.13712,1.13723,1.13708,1.13713,104,10,0
1785216900,1.13713,1.13718,1.13711,1.13716,54,10,0
1785217200,1.13715,1.13727,1.13714,1.13726,67,10,0
1785217500,1.13726,1.13741,1.1372200000000001,1.13741,80,10,0
1785217800,1.13741,1.13782,1.1374,1.13779,199,10,0
1785218100,1.13779,1.13782,1.13766,1.13767,114,10,0
1785218400,1.13768,1.13773,1.13761,1.13766,126,10,0
1785218700,1.13766,1.13769,1.13755,1.13757,115,10,0
1785219000,1.13756,1.13757,1.13745,1.13751,140,10,0
1785219300,1.1375,1.13769,1.13748,1.13765,147,10,0
1785219600,1.13764,1.13774,1.13761,1.13773,88,10,0
1785219900,1.13773,1.13775,1.1377,1.13772,38,10,0
1785220200,1.13772,1.13797,1.13772,1.1379299999999999,105,10,0
1785220500,1.13792,1.13792,1.13758,1.13766,179,10,0
1785220800,1.13765,1.13767,1.13752,1.13756,134,10,0
1785221100,1.13754,1.13754,1.13746,1.13748,78,10,0
1785221400,1.13748,1.1374900000000001,1.13738,1.13744,73,10,0
1785221700,1.13744,1.13744,1.13733,1.13741,59,10,0
1785222000,1.1374,1.1374,1.13705,1.13712,204,10,0
1785222300,1.13713,1.13718,1.13706,1.13713,64,10,0
1785222600,1.13713,1.13717,1.13702,1.13702,76,10,0
1785222900,1.13702,1.13714,1.13697,1.13713,48,10,0
1785223200,1.13713,1.13713,1.13697,1.13703,37,10,0
1785223500,1.13702,1.13702,1.13691,1.13702,63,10,0
1785223800,1.13703,1.13706,1.13695,1.13704,44,10,0
1785224100,1.13703,1.13706,1.13695,1.1369799999999999,46,10,0
1785224400,1.1369799999999999,1.13704,1.13696,1.13704,56,10,0
1785224700,1.13705,1.1371,1.1369799999999999,1.1369799999999999,83,10,0
1785225000,1.13699,1.13703,1.13677,1.13679,75,10,0
1785225300,1.13681,1.13684,1.13676,1.13681,63,10,0
1785225600,1.13682,1.13683,1.13666,1.13674,131,10,0
1785225900,1.13674,1.13675,1.13631,1.13635,234,10,0
1785226200,1.13634,1.13635,1.13613,1.13617,90,10,0
1785226500,1.13618,1.13628,1.13613,1.13621,81,10,0
1785226800,1.13622,1.13628,1.13614,1.13618,54,10,0
1785227100,1.13619,1.13647,1.13617,1.13646,99,10,0
1785227400,1.13647,1.13657,1.13644,1.13644,114,10,0
1785227700,1.13643,1.13648,1.13626,1.13636,106,10,0
1785228000,1.13635,1.13657,1.13626,1.1365,114,10,0
1785228300,1.1365,1.13654,1.1363699999999999,1.13638,71,10,0
1785228600,1.1363699999999999,1.13648,1.1363699999999999,1.13644,62,10,0
1785228900,1.13645,1.13659,1.13643,1.13655,80,10,0
1785229200,1.13655,1.13674,1.13649,1.13662,183,10,0
1785229500,1.13663,1.13665,1.13644,1.13654,146,10,0
1785229800,1.13655,1.13674,1.13651,1.13664,99,10,0
1785230100,1.13664,1.13677,1.13663,1.13669,112,10,0
1785230400,1.13668,1.13685,1.13663,1.13685,103,10,0
1785230700,1.1368800000000001,1.13707,1.1368,1.13704,162,10,0
1785231000,1.13703,1.13724,1.1369799999999999,1.13702,226,10,0
1785231300,1.13701,1.13707,1.13693,1.13699,135,10,0
1785231600,1.13697,1.13711,1.13684,1.13693,136,10,0
1785231900,1.13693,1.13693,1.13676,1.13678,97,10,0
1785232200,1.13679,1.13711,1.13678,1.1371,88,10,0
1785232500,1.1371,1.1371,1.13669,1.13682,240,10,0
1785232800,1.13681,1.1368800000000001,1.13665,1.13673,234,10,0
1785233100,1.13674,1.13719,1.13665,1.13714,185,10,0
1785233400,1.13715,1.1373,1.13705,1.13726,257,10,0
1785233700,1.13726,1.13731,1.13713,1.13713,97,10,0
1785234000,1.13713,1.13723,1.13695,1.13695,160,10,0
1785234300,1.13694,1.1371,1.13689,1.13694,136,10,0
1785234600,1.13694,1.13705,1.13691,1.13701,126,10,0
1785234900,1.137,1.13716,1.13692,1.13704,133,10,0
1785235200,1.13704,1.13708,1.1368,1.13686,117,10,0
1785235500,1.13687,1.13687,1.13657,1.1366,111,10,0
1785235800,1.1366,1.1366,1.13628,1.13646,231,10,0
1785236100,1.13647,1.13659,1.13641,1.13643,182,10,0
1785236400,1.13643,1.13678,1.13642,1.13675,182,10,0
1785236700,1.13674,1.1369799999999999,1.1367,1.1369,181,10,0
1785237000,1.13691,1.13691,1.1366100000000001,1.13676,198,10,0
1785237300,1.13678,1.13703,1.13678,1.13689,204,10,0
1785237600,1.13687,1.13718,1.13687,1.13709,154,10,0
1785237900,1.13708,1.13708,1.13675,1.13695,159,10,0
1785238200,1.13699,1.13699,1.13677,1.1369,163,10,0
1785238500,1.13694,1.1371,1.13689,1.13695,134,10,0
1785238800,1.13694,1.13709,1.13689,1.13707,122,10,0
1785239100,1.13708,1.1372,1.13697,1.13718,151,10,0
1785239400,1.13719,1.13721,1.13701,1.13706,99,10,0
1785239700,1.13706,1.13721,1.13705,1.13721,110,10,0
1785240000,1.1372,1.13726,1.13707,1.13708,137,10,0
1785240300,1.13709,1.13714,1.13672,1.13681,154,10,0
1785240600,1.1368,1.1368,1.13659,1.13664,98,10,0
1785240900,1.13665,1.13676,1.13664,1.1367,132,10,0
1785241200,1.1367099999999999,1.13675,1.13657,1.13665,109,10,0
1785241500,1.13664,1.13667,1.13653,1.13654,91,10,0
1785241800,1.1365,1.13651,1.13629,1.13639,122,10,0
1785242100,1.1364,1.13644,1.13632,1.1364,99,10,0
1785242400,1.13639,1.13647,1.13618,1.13619,97,10,0
1785242700,1.13619,1.1362,1.13597,1.13606,97,10,0
1785243000,1.13607,1.13608,1.13577,1.13589,163,10,0
1785243300,1.13591,1.13591,1.13554,1.13559,193,10,0
1785243600,1.13557,1.13563,1.13548,1.13554,151,10,0
1785243900,1.13554,1.13555,1.13537,1.13537,198,10,0
1785244200,1.13537,1.13569,1.13528,1.13562,169,10,0
1785244500,1.13561,1.13565,1.13543,1.1354899999999999,99,10,0
1785244800,1.1355,1.1357,1.13543,1.13565,94,10,0
1785245100,1.1356600000000001,1.13572,1.13559,1.13559,137,10,0
1785245400,1.13558,1.13596,1.13556,1.13595,156,10,0
1785245700,1.13595,1.13606,1.13574,1.13603,174,10,0
1785246000,1.13601,1.13605,1.13568,1.13568,107,10,0
1785246300,1.13568,1.13593,1.13568,1.13583,89,10,0
1785246600,1.13584,1.13616,1.13581,1.13615,109,10,0
1785246900,1.13615,1.13626,1.13598,1.13603,159,10,0
1785247200,1.13602,1.13608,1.13585,1.13591,134,10,0
1785247500,1.13591,1.13597,1.13568,1.13569,121,10,0
1785247800,1.1357,1.13586,1.13562,1.1358,127,10,0
1785248100,1.13579,1.1362,1.13579,1.13615,254,10,0
1785248400,1.13614,1.1364,1.13613,1.13638,136,10,0
1785248700,1.13638,1.13654,1.13631,1.13649,176,10,0
1785249000,1.13649,1.1365,1.13629,1.13635,93,10,0
1785249300,1.13635,1.13662,1.13635,1.13657,252,10,0
1785249600,1.13658,1.1366100000000001,1.1362700000000001,1.13629,143,10,0
1785249900,1.1363,1.1363699999999999,1.13613,1.13613,138,10,0
1785250200,1.13612,1.13644,1.13606,1.1363699999999999,184,10,0
1785250500,1.13638,1.13674,1.13634,1.13648,295,10,0
1785250800,1.13649,1.13656,1.13613,1.13633,225,10,0
1785251100,1.13634,1.1367099999999999,1.13632,1.13663,159,10,0
1785251400,1.13663,1.13663,1.13634,1.13647,118,10,0
1785251700,1.13649,1.13658,1.13638,1.13647,163,10,0
1785252000,1.13646,1.13654,1.13632,1.13633,189,10,0
1785252300,1.13633,1.13634,1.13618,1.13622,206,10,0
1785252600,1.13623,1.1362700000000001,1.13602,1.1362,148,10,0
1785252900,1.13621,1.1363699999999999,1.1360999999999999,1.13624,199,10,0
1785253200,1.13623,1.13647,1.13613,1.13641,168,10,0
1785253500,1.13641,1.13669,1.13641,1.13669,178,10,0
1785253800,1.13673,1.1368,1.13644,1.13649,206,10,0
1785254100,1.1365,1.13668,1.13649,1.13653,156,10,0
1785254400,1.13654,1.13685,1.13653,1.13674,205,10,0
1785254700,1.13673,1.13692,1.13669,1.13691,150,10,0
1785255000,1.13691,1.13702,1.13662,1.13664,191,10,0
1785255300,1.13665,1.1368,1.13658,1.13679,168,10,0
1785255600,1.1368,1.13702,1.13673,1.13678,143,10,0
1785255900,1.13678,1.13681,1.13665,1.1367,133,10,0
1785256200,1.13669,1.13699,1.13668,1.13689,269,10,0
1785256500,1.1369,1.13699,1.13669,1.1368,194,10,0
1785256800,1.13679,1.13703,1.13679,1.13687,249,10,0
1785257100,1.1368800000000001,1.13736,1.13677,1.13726,318,10,0
1785257400,1.13726,1.13735,1.1371,1.13724,339,10,0
1785257700,1.13723,1.13723,1.1369799999999999,1.13718,240,10,0
1785258000,1.13719,1.13737,1.13708,1.13735,282,10,0
1785258300,1.13734,1.13751,1.13713,1.13742,326,10,0
1785258600,1.13744,1.13754,1.13727,1.13734,222,10,0
1785258900,1.13734,1.13734,1.1371,1.13717,222,10,0
1785259200,1.13717,1.13743,1.13716,1.1374,155,10,0
1785259500,1.13739,1.13777,1.13739,1.13776,249,10,0
1785259800,1.13775,1.13785,1.13764,1.13766,211,10,0
1785260100,1.13765,1.13772,1.13754,1.13767,202,10,0
1785260400,1.13768,1.1379299999999999,1.13766,1.13785,182,10,0
1785260700,1.13784,1.13784,1.13757,1.1377,211,10,0
1785261000,1.13771,1.13828,1.13768,1.13825,397,10,0
1785261300,1.13824,1.1386,1.13822,1.13853,632,10,0
1785261600,1.1385399999999999,1.13869,1.13836,1.13839,397,10,0
1785261900,1.13839,1.13876,1.13835,1.13869,245,10,0
1785262200,1.13869,1.13955,1.13864,1.1394,779,10,0
1785262500,1.13944,1.13955,1.13922,1.13955,630,10,0
1785262800,1.13954,1.13988,1.13944,1.13945,511,10,0
1785263100,1.13946,1.13977,1.13937,1.13955,396,10,0
1785263400,1.13954,1.13978,1.13938,1.13964,460,10,0
1785263700,1.13965,1.13979,1.13948,1.13953,301,10,0
1785264000,1.13955,1.14017,1.13954,1.1401,332,10,0
1785264300,1.14009,1.1401,1.13983,1.13987,219,10,0
1785264600,1.13988,1.13997,1.13959,1.1399,256,10,0
1785264900,1.13989,1.14002,1.13981,1.1400000000000001,247,10,0
1785265200,1.14001,1.1402,1.13995,1.14004,302,10,0
1785265500,1.1400299999999999,1.14015,1.13982,1.14014,249,10,0
1785265800,1.14012,1.1402700000000001,1.13997,1.14019,228,10,0
1785266100,1.1402,1.14036,1.14019,1.1403,150,10,0
1785266400,1.1403,1.1403699999999999,1.14012,1.14029,165,10,0
1785266700,1.1403,1.14048,1.1403,1.14045,119,10,0
1785267000,1.14045,1.14046,1.14018,1.14038,221,10,0
1785267300,1.14039,1.1404,1.14015,1.14016,157,10,0
1785267600,1.14018,1.14018,1.13998,1.13998,179,10,0
1785267900,1.13998,1.1400299999999999,1.13967,1.13967,222,10,0
1785268200,1.13968,1.13983,1.13967,1.13974,160,10,0
1785268500,1.13974,1.13978,1.13952,1.13953,167,10,0
1785268800,1.13955,1.13969,1.1395,1.13963,172,10,0
1785269100,1.13962,1.13969,1.13946,1.13947,165,10,0
1785269400,1.13946,1.13946,1.1393,1.13936,142,10,0
1785269700,1.13937,1.13946,1.13932,1.13939,163,10,0
1785270000,1.13941,1.13973,1.13927,1.13927,279,10,0
1785270300,1.13928,1.13937,1.13924,1.13927,129,10,0
1785270600,1.13925,1.13936,1.1392,1.13934,68,10,0
1785270900,1.13934,1.13935,1.13918,1.1393,85,10,0
1785271200,1.13929,1.13929,1.13912,1.1391499999999999,146,10,0
1785271500,1.13914,1.13919,1.13901,1.13907,180,10,0
1785271800,1.13907,1.13907,1.13897,1.13903,78,10,0
1785272100,1.13904,1.13907,1.13878,1.13887,208,10,0
1785272400,1.13887,1.13903,1.13882,1.13886,226,10,0
1785272700,1.13885,1.13893,1.1388,1.13892,76,10,0
1785273000,1.13892,1.13895,1.13873,1.13888,96,10,0
1785273300,1.13888,1.1391,1.13888,1.13903,65,10,0
1785273600,1.13902,1.13903,1.13883,1.13884,94,10,0
1785273900,1.13883,1.13883,1.13868,1.13873,87,10,0
1785274200,1.13874,1.1388099999999999,1.13871,1.13872,89,10,0
1785274500,1.13872,1.13886,1.13872,1.13878,49,10,0
1785274800,1.13879,1.13883,1.13875,1.13878,68,10,0
1785275100,1.13876,1.13877,1.13857,1.13863,80,10,0
1785275400,1.13862,1.13872,1.13861,1.13862,65,10,0
1785275700,1.13862,1.13872,1.13858,1.13862,87,10,0
1785276000,1.13862,1.13879,1.13858,1.13879,87,10,0
1785276300,1.13878,1.13898,1.13878,1.13889,104,10,0
1785276600,1.1389,1.13891,1.13874,1.13877,50,10,0
1785276900,1.13877,1.13895,1.13874,1.13895,90,10,0
1785277200,1.13895,1.13903,1.13892,1.13894,71,10,0
1785277500,1.13895,1.13899,1.13884,1.13885,65,10,0
1785277800,1.13885,1.13901,1.13883,1.13896,74,10,0
1785278100,1.13896,1.13896,1.13884,1.1389,51,10,0
1785278400,1.13891,1.13895,1.13887,1.13895,69,10,0
1785278700,1.13896,1.13914,1.13896,1.1391,100,10,0
1785279000,1.13911,1.13911,1.13896,1.13907,65,10,0
1785279300,1.13906,1.13906,1.13867,1.13868,125,10,0
1785279600,1.13868,1.1388,1.13864,1.13871,83,10,0
1785279900,1.13872,1.13872,1.13863,1.13871,52,10,0
1785280200,1.13873,1.1388,1.13873,1.13879,39,10,0
1785280500,1.13878,1.13886,1.13873,1.13874,47,10,0
1785280800,1.13874,1.13874,1.13866,1.1387,23,10,0
1785281100,1.1387,1.1387,1.13849,1.13859,88,10,0
1785281400,1.13858,1.13861,1.1385,1.13861,65,10,0
1785281700,1.13862,1.13867,1.1385,1.1385399999999999,36,10,0
1785282000,1.1385399999999999,1.13868,1.13849,1.13868,30,10,0
1785282300,1.13868,1.13868,1.13861,1.13863,18,10,0
1785282600,1.13863,1.13873,1.1386,1.13863,86,10,0
1785282900,1.13862,1.13862,1.13842,1.13843,189,10,0
1785283200,1.13872,1.13874,1.13838,1.13874,19,56,0
1785283500,1.13869,1.13879,1.13869,1.13878,7,55,0
1785283800,1.13884,1.13895,1.1388,1.1388,24,42,0
1785284100,1.13878,1.13895,1.13874,1.13895,25,40,0
1785284400,1.13893,1.13907,1.13893,1.13904,37,43,0
1785284700,1.13904,1.13907,1.13896,1.13896,13,43,0
1785285000,1.13895,1.13898,1.13891,1.13891,15,46,0
1785285300,1.13892,1.13903,1.1389,1.13901,13,35,0
1785285600,1.13901,1.13916,1.13901,1.1391499999999999,12,36,0
1785285900,1.13917,1.13917,1.13879,1.13908,46,26,0
1785286200,1.13908,1.13909,1.13895,1.13896,21,33,0
1785286500,1.13896,1.13897,1.13882,1.13886,32,32,0
1785286800,1.13885,1.13894,1.13875,1.1389,109,17,0
1785287100,1.13891,1.13898,1.13888,1.13897,92,10,0
1785287400,1.13896,1.1390500000000001,1.13871,1.13873,144,10,0
1785287700,1.13874,1.13879,1.13857,1.13859,102,10,0
1785288000,1.13858,1.13859,1.13834,1.13838,103,10,0
1785288300,1.13839,1.13853,1.13838,1.1384400000000001,102,10,0
1785288600,1.13845,1.13859,1.13845,1.13859,118,10,0
1785288900,1.13859,1.13859,1.13841,1.13842,92,10,0
1785289200,1.13842,1.13852,1.13841,1.13847,134,10,0
1785289500,1.13846,1.13848,1.13838,1.13843,76,10,0
1785289800,1.13843,1.13848,1.13838,1.13846,115,10,0
1785290100,1.13845,1.13848,1.13843,1.13846,71,11,0
1785290400,1.13846,1.13847,1.13825,1.13837,127,11,0
1785290700,1.13836,1.13837,1.13817,1.13818,78,10,0
1785291000,1.13818,1.13839,1.13818,1.13837,84,10,0
1785291300,1.13838,1.13842,1.13835,1.1384,53,10,0
1785291600,1.13839,1.13848,1.13833,1.13845,68,10,0
1785291900,1.13845,1.13847,1.13838,1.13847,44,10,0
1785292200,1.13848,1.13848,1.1384,1.13842,31,10,0
1785292500,1.13842,1.13848,1.13842,1.13842,33,10,0
1785292800,1.1384400000000001,1.13859,1.13842,1.13857,29,10,0
1785293100,1.13856,1.13858,1.13835,1.13852,90,10,0
1785293400,1.13853,1.13858,1.13848,1.13848,70,10,0
1785293700,1.13848,1.13859,1.13847,1.13855,97,10,0
1785294000,1.13857,1.13859,1.13828,1.13848,197,10,0
1785294300,1.13848,1.1385399999999999,1.13834,1.13835,100,10,0
1785294600,1.13835,1.13836,1.13825,1.13832,85,10,0
1785294900,1.13831,1.13864,1.13831,1.13861,75,10,0
1785295200,1.1386,1.13892,1.1386,1.13876,128,10,0
1785295500,1.1388099999999999,1.13896,1.13876,1.13889,131,10,0
1785295800,1.1389,1.13895,1.13882,1.13886,87,10,0
1785296100,1.13886,1.13889,1.13877,1.13883,92,10,0
1785296400,1.13883,1.13885,1.13876,1.13884,67,10,0
1785296700,1.13882,1.13894,1.13871,1.13871,104,10,0
1785297000,1.13872,1.13885,1.13865,1.13884,128,10,0
1785297300,1.13883,1.13909,1.13874,1.13904,196,10,0
1785297600,1.1390500000000001,1.13912,1.13896,1.139,139,10,0
1785297900,1.13899,1.13908,1.13885,1.13889,129,10,0
1785298200,1.13887,1.13893,1.13877,1.1388,109,10,0
1785298500,1.1388,1.13909,1.13875,1.13909,131,10,0
1785298800,1.1391,1.13921,1.13909,1.13914,97,10,0
1785299100,1.13914,1.13914,1.13895,1.13896,104,10,0
1785299400,1.13895,1.139,1.13858,1.13898,456,10,0
1785299700,1.13899,1.13902,1.13852,1.13863,338,10,0
1785300000,1.13864,1.13865,1.13847,1.13856,210,10,0
1785300300,1.13858,1.13879,1.13851,1.13878,192,10,0
1785300600,1.13878,1.13896,1.13876,1.13891,158,10,0
1785300900,1.13892,1.13911,1.13892,1.13909,146,10,0
1785301200,1.13908,1.13912,1.13897,1.13904,177,10,0
1785301500,1.13903,1.13922,1.13903,1.13921,155,10,0
1785301800,1.1392,1.13944,1.1392,1.1393,128,10,0
1785302100,1.13932,1.13939,1.1392,1.13925,159,10,0
1785302400,1.13925,1.1395,1.13925,1.13946,157,10,0
1785302700,1.13946,1.13952,1.13927,1.13934,144,10,0
1785303000,1.13934,1.1394199999999999,1.13931,1.13939,107,10,0
1785303300,1.1394,1.13954,1.13939,1.13949,73,10,0
1785303600,1.1395,1.1395,1.13936,1.1394,83,10,0
1785303900,1.1394,1.1394,1.13926,1.13929,70,10,0
1785304200,1.13928,1.13932,1.13921,1.13921,59,10,0
1785304500,1.13922,1.13952,1.13922,1.13944,75,10,0
1785304800,1.13943,1.13953,1.1394,1.13948,92,10,0
1785305100,1.13947,1.13958,1.13946,1.1395,96,10,0
1785305400,1.13949,1.13959,1.13946,1.1395,85,10,0
1785305700,1.13952,1.13972,1.13951,1.13968,47,10,0
1785306000,1.13969,1.13987,1.13967,1.13986,59,10,0
1785306300,1.13987,1.13989,1.13978,1.13986,102,10,0
1785306600,1.13986,1.13994,1.1398,1.13988,69,10,0
1785306900,1.13989,1.13998,1.13983,1.13991,90,10,0
1785307200,1.13991,1.13994,1.13985,1.13987,67,10,0
1785307500,1.13987,1.13998,1.13987,1.13997,88,10,0
1785307800,1.13995,1.1400299999999999,1.13982,1.13986,92,10,0
1785308100,1.13985,1.13985,1.13958,1.1396600000000001,103,10,0
1785308400,1.13965,1.1398,1.13958,1.13977,104,10,0
1785308700,1.13975,1.13987,1.13973,1.13986,74,10,0
1785309000,1.13986,1.13995,1.13978,1.13992,77,10,0
1785309300,1.13991,1.14011,1.13991,1.14005,107,10,0
1785309600,1.14004,1.1402,1.14001,1.14006,115,10,0
1785309900,1.14005,1.14015,1.1398,1.13987,91,10,0
1785310200,1.13986,1.14005,1.13978,1.14002,85,10,0
1785310500,1.1400299999999999,1.14014,1.14001,1.14012,78,10,0
1785310800,1.14013,1.1403,1.14013,1.14023,176,10,0
1785311100,1.14022,1.14032,1.13987,1.13987,183,10,0
1785311400,1.13988,1.13997,1.13985,1.13986,80,10,0
1785311700,1.13988,1.14011,1.13985,1.14006,80,10,0
1785312000,1.14007,1.14021,1.14001,1.1402,92,10,0
1785312300,1.14022,1.14024,1.14018,1.14018,55,10,0
1785312600,1.14019,1.14023,1.14014,1.14019,49,10,0
1785312900,1.14018,1.14021,1.14012,1.14013,83,10,0
1785313200,1.14013,1.14015,1.14005,1.14012,81,10,0
1785313500,1.14013,1.14013,1.13989,1.13991,99,10,0
1785313800,1.1399,1.13991,1.13971,1.1398,123,10,0
1785314100,1.13979,1.13983,1.13975,1.13979,66,10,0
1785314400,1.1398,1.13997,1.13978,1.13994,86,10,0
1785314700,1.13995,1.13998,1.13988,1.13997,68,10,0
1785315000,1.13997,1.14011,1.13989,1.14005,105,10,0
1785315300,1.14006,1.14011,1.13971,1.13978,144,10,0
1785315600,1.1397599999999999,1.1400299999999999,1.1397599999999999,1.13989,193,10,0
1785315900,1.13988,1.1399,1.13957,1.13961,235,10,0
1785316200,1.13962,1.13972,1.13947,1.13971,129,10,0
1785316500,1.1397,1.13986,1.13947,1.13948,139,10,0
1785316800,1.13946,1.13946,1.13936,1.13939,152,10,0
1785317100,1.13939,1.13941,1.13926,1.13934,129,10,0
1785317400,1.13934,1.13944,1.13924,1.1394,140,10,0
1785317700,1.13941,1.13943,1.13926,1.13936,105,10,0
1785318000,1.13938,1.13944,1.13928,1.13939,106,10,0
1785318300,1.13937,1.13937,1.13896,1.139,136,10,0
1785318600,1.13901,1.13921,1.13899,1.13918,146,10,0
1785318900,1.13917,1.1392,1.13895,1.13916,235,10,0
1785319200,1.13914,1.13944,1.13898,1.13934,257,10,0
1785319500,1.13934,1.13958,1.13931,1.13956,158,10,0
1785319800,1.13955,1.13961,1.13923,1.13933,152,10,0
1785320100,1.13933,1.13956,1.13929,1.13951,195,10,0
1785320400,1.13952,1.13965,1.1394,1.13964,146,10,0
1785320700,1.13964,1.13967,1.13955,1.13964,95,10,0
1785321000,1.13964,1.13971,1.13954,1.13969,125,10,0
1785321300,1.13971,1.14005,1.13971,1.14001,159,10,0
1785321600,1.1400000000000001,1.1400000000000001,1.13972,1.13972,123,10,0
1785321900,1.13968,1.13996,1.13962,1.13996,174,10,0
1785322200,1.13996,1.14006,1.13992,1.13995,99,10,0
1785322500,1.13993,1.13996,1.13962,1.13973,165,10,0
1785322800,1.13973,1.13984,1.13968,1.1398,190,10,0
1785323100,1.1398,1.13993,1.13958,1.13959,189,10,0
1785323400,1.1396,1.13979,1.13948,1.13954,189,10,0
1785323700,1.13955,1.13974,1.13948,1.13973,197,10,0
1785324000,1.13973,1.13973,1.13946,1.13952,211,10,0
1785324300,1.13951,1.13955,1.13938,1.13954,183,10,0
1785324600,1.13953,1.13953,1.13927,1.13928,132,10,0
1785324900,1.13927,1.13948,1.13927,1.13944,159,10,0
1785325200,1.13945,1.13974,1.13944,1.13973,148,10,0
1785325500,1.1397,1.13995,1.13967,1.13992,116,10,0
1785325800,1.13993,1.1400000000000001,1.13972,1.13975,121,10,0
1785326100,1.13975,1.13979,1.13949,1.1396,162,10,0
1785326400,1.13959,1.1396,1.13941,1.13957,207,10,0
1785326700,1.13957,1.13964,1.13948,1.13964,185,10,0
1785327000,1.13963,1.13965,1.13952,1.13955,85,10,0
1785327300,1.13954,1.1396,1.13938,1.13944,105,10,0
1785327600,1.13943,1.13951,1.13932,1.13948,140,10,0
1785327900,1.13947,1.13952,1.13937,1.13949,104,10,0
1785328200,1.13949,1.13959,1.13937,1.13957,91,10,0
1785328500,1.13956,1.13956,1.13919,1.13919,113,10,0
1785328800,1.13918,1.13944,1.13913,1.13941,116,10,0
1785329100,1.1394199999999999,1.13958,1.13933,1.13954,170,10,0
1785329400,1.13954,1.13956,1.13939,1.13945,120,10,0
1785329700,1.13946,1.13952,1.13912,1.1391499999999999,196,10,0
1785330000,1.13914,1.13922,1.13899,1.13919,198,10,0
1785330300,1.13917,1.13924,1.13904,1.13913,177,10,0
1785330600,1.13913,1.13914,1.139,1.13907,112,10,0
1785330900,1.13906,1.1391,1.13871,1.13879,166,10,0
1785331200,1.13879,1.13889,1.1387,1.1387,127,10,0
1785331500,1.13871,1.139,1.13866,1.13899,119,10,0
1785331800,1.13899,1.13917,1.13889,1.1389,121,10,0
1785332100,1.13891,1.13898,1.13883,1.13888,140,10,0
1785332400,1.13887,1.13887,1.13867,1.13876,128,10,0
1785332700,1.13876,1.13877,1.13851,1.13851,140,10,0
1785333000,1.13851,1.13852,1.13831,1.13831,123,10,0
1785333300,1.13831,1.1385,1.13828,1.13849,112,10,0
1785333600,1.13851,1.13873,1.1385,1.1387,115,10,0
1785333900,1.1387,1.13871,1.13851,1.13855,129,10,0
1785334200,1.13856,1.13876,1.13853,1.13864,131,10,0
1785334500,1.13864,1.1388,1.13859,1.13869,104,10,0
1785334800,1.13869,1.13869,1.13845,1.13853,136,10,0
1785335100,1.13853,1.13868,1.13851,1.13867,127,10,0
1785335400,1.1387,1.13875,1.13848,1.1386,162,10,0
1785335700,1.1386,1.13863,1.13843,1.13848,128,10,0
1785336000,1.13849,1.13849,1.13811,1.13814,118,10,0
1785336300,1.13815,1.1384,1.13813,1.13834,203,10,0
1785336600,1.13833,1.13841,1.13822,1.13822,127,10,0
1785336900,1.13823,1.1383,1.13798,1.13816,310,10,0
1785337200,1.13817,1.13825,1.13798,1.13819,329,10,0
1785337500,1.13818,1.1381999999999999,1.13787,1.13791,157,10,0
1785337800,1.13792,1.13799,1.13773,1.1378300000000001,141,10,0
1785338100,1.13784,1.13785,1.13741,1.1375899999999999,502,10,0
1785338400,1.13761,1.1379299999999999,1.1375899999999999,1.13789,219,10,0
1785338700,1.13787,1.13791,1.13762,1.13764,154,10,0
1785339000,1.13764,1.13779,1.13741,1.13779,222,10,0
1785339300,1.13777,1.13796,1.13769,1.13792,216,10,0
1785339600,1.13792,1.13799,1.1378,1.13787,152,10,0
1785339900,1.13787,1.13798,1.13784,1.13787,170,10,0
1785340200,1.13788,1.13798,1.13784,1.13789,129,10,0
1785340500,1.13788,1.1379299999999999,1.13761,1.13779,162,10,0
1785340800,1.13781,1.1379299999999999,1.13766,1.1378300000000001,197,10,0
1785341100,1.1378300000000001,1.13788,1.13761,1.13785,177,10,0
1785341400,1.13785,1.13796,1.13779,1.13796,146,10,0
1785341700,1.13795,1.13824,1.13792,1.13804,186,10,0
1785342000,1.13804,1.1385,1.13804,1.13845,169,10,0
1785342300,1.13847,1.13865,1.13837,1.1385,200,10,0
1785342600,1.13851,1.13866,1.13829,1.13839,240,10,0
1785342900,1.13839,1.13864,1.1383,1.13857,223,10,0
1785343200,1.13857,1.13871,1.1384,1.13871,251,10,0
1785343500,1.1387,1.13906,1.13865,1.13902,286,10,0
1785343800,1.13902,1.13918,1.13883,1.1391499999999999,294,10,0
1785344100,1.1391499999999999,1.13918,1.13889,1.13914,240,10,0
1785344400,1.13916,1.13929,1.13911,1.13919,283,10,0
1785344700,1.13918,1.13923,1.13888,1.13888,252,10,0
1785345000,1.13888,1.13891,1.13875,1.13879,215,10,0
1785345300,1.1388,1.13904,1.13861,1.13904,241,10,0
1785345600,1.1390500000000001,1.13918,1.1388099999999999,1.13918,250,10,0
1785345900,1.13919,1.13941,1.13914,1.13939,218,10,0
1785346200,1.1394,1.13959,1.13939,1.13946,153,10,0
1785346500,1.13946,1.13965,1.13932,1.13958,206,10,0
1785346800,1.13959,1.13964,1.13891,1.13919,288,10,0
1785347100,1.1392,1.13924,1.13863,1.13864,376,10,0
1785347400,1.13863,1.13876,1.13824,1.1386,499,10,0
1785347700,1.13859,1.13871,1.13802,1.13803,579,10,0
1785348000,1.13802,1.13835,1.13787,1.13835,578,10,0
1785348300,1.13836,1.13847,1.13818,1.13843,244,10,0
1785348600,1.13843,1.13851,1.13832,1.13843,230,10,0
1785348900,1.1384400000000001,1.1385,1.13801,1.13803,264,10,0
1785349200,1.13802,1.1381000000000001,1.13781,1.13798,216,10,0
1785349500,1.13798,1.138,1.1378,1.1379299999999999,198,10,0
1785349800,1.13792,1.13799,1.1378,1.13787,239,10,0
1785350100,1.13786,1.1381000000000001,1.13786,1.13788,203,10,0
1785350400,1.13787,1.1381000000000001,1.13774,1.13809,187,10,0
1785350700,1.13807,1.13824,1.13805,1.13819,183,10,0
1785351000,1.13816,1.13824,1.1381000000000001,1.13823,114,10,0
1785351300,1.13822,1.13829,1.13813,1.13824,171,10,0
1785351600,1.13827,1.13831,1.13802,1.13803,237,10,0
1785351900,1.13804,1.13809,1.13775,1.13803,195,10,0
1785352200,1.13803,1.13803,1.13774,1.13776,143,10,0
1785352500,1.13776,1.13784,1.13762,1.13779,142,10,0
1785352800,1.13779,1.13808,1.13779,1.13799,151,10,0
1785353100,1.13799,1.13821,1.13798,1.13819,120,10,0
1785353400,1.13817,1.1381999999999999,1.13788,1.13796,100,10,0
1785353700,1.13798,1.13809,1.1379299999999999,1.13806,109,10,0
1785354000,1.13807,1.1381999999999999,1.13807,1.1381999999999999,84,10,0
1785354300,1.1381999999999999,1.1383,1.13815,1.13825,77,10,0
1785354600,1.13826,1.13845,1.13825,1.13836,160,10,0
1785354900,1.13836,1.1385399999999999,1.13835,1.13847,105,10,0
1785355200,1.13846,1.13861,1.13839,1.13855,181,10,0
1785355500,1.1385399999999999,1.13899,1.13843,1.13891,121,10,0
1785355800,1.13895,1.13895,1.13878,1.13892,157,10,0
1785356100,1.13891,1.13909,1.13884,1.13901,121,10,0
1785356400,1.139,1.13927,1.13899,1.13916,91,10,0
1785356700,1.13917,1.13921,1.13889,1.13906,224,10,0
1785357000,1.13906,1.13932,1.13896,1.1393,205,10,0
1785357300,1.13931,1.13934,1.13907,1.13914,114,10,0
1785357600,1.13913,1.13965,1.13913,1.13954,232,10,0
1785357900,1.13955,1.1397599999999999,1.13948,1.1397599999999999,205,10,0
1785358200,1.13975,1.13995,1.13961,1.13963,185,10,0
1785358500,1.13964,1.13967,1.13936,1.13936,258,10,0
1785358800,1.13936,1.14302,1.13864,1.14145,1737,10,0
1785359100,1.14145,1.14236,1.14141,1.1418300000000001,1183,10,0
1785359400,1.14181,1.14277,1.14155,1.1427100000000001,1010,10,0
1785359700,1.14272,1.14293,1.14227,1.14241,848,10,0
1785360000,1.14239,1.14241,1.14179,1.1418,706,10,0
1785360300,1.1418,1.1421999999999999,1.14146,1.14219,459,10,0
1785360600,1.14218,1.14274,1.1406399999999999,1.1415,1601,10,0
1785360900,1.1414900000000001,1.1427100000000001,1.14096,1.14251,1102,10,0
1785361200,1.14252,1.14363,1.14238,1.1435,1339,10,0
1785361500,1.1435,1.14483,1.1433200000000001,1.1447,1249,10,0
1785361800,1.1447,1.145,1.14419,1.1448800000000001,1061,10,0
1785362100,1.14487,1.14519,1.14441,1.14514,825,10,0
1785362400,1.14517,1.14552,1.14458,1.14479,1052,10,0
1785362700,1.14479,1.1449799999999999,1.14416,1.1443,955,10,0
1785363000,1.1443,1.1452,1.1439300000000001,1.1451,962,10,0
1785363300,1.14512,1.14662,1.14496,1.14644,801,10,0
1785363600,1.14645,1.14645,1.14508,1.14542,1258,10,0
1785363900,1.14542,1.1455,1.14489,1.14521,952,10,0
1785364200,1.14522,1.14527,1.14451,1.14479,988,10,0
1785364500,1.14478,1.14539,1.14465,1.1451500000000001,991,10,0
1785364800,1.14516,1.14581,1.14493,1.14571,804,10,0
1785365100,1.14572,1.1457600000000001,1.14543,1.1457,635,10,0
1785365400,1.1457,1.14571,1.14503,1.1451,793,10,0
1785365700,1.14509,1.1452,1.14472,1.14473,493,10,0
1785366000,1.14476,1.14511,1.1446399999999999,1.14489,423,10,0
1785366300,1.14492,1.14503,1.14473,1.14485,296,10,0
1785366600,1.14486,1.14523,1.14466,1.14511,237,10,0
1785366900,1.14511,1.14512,1.14483,1.14506,214,10,0
1785367200,1.14507,1.14522,1.14496,1.14516,175,10,0
1785367500,1.14516,1.14557,1.14512,1.14551,206,10,0
1785367800,1.1455,1.14625,1.14548,1.14625,217,10,0
1785368100,1.14625,1.14645,1.14611,1.14619,220,10,0
1785368400,1.1461999999999999,1.14655,1.14618,1.14654,180,10,0
1785368700,1.14654,1.14705,1.14649,1.14663,219,10,0
1785369000,1.14664,1.14677,1.1464,1.14658,182,10,0
1785369300,1.14655,1.1469,1.14616,1.14634,362,10,0
1785369600,1.14633,1.14633,1.14533,1.1454900000000001,161,77,0
1785369900,1.1454900000000001,1.14593,1.14513,1.14532,135,56,0
1785370200,1.14532,1.1457,1.14532,1.14558,84,42,0
1785370500,1.14565,1.14585,1.14565,1.14585,49,53,0
1785370800,1.14579,1.14606,1.14578,1.146,37,58,0
1785371100,1.14575,1.14624,1.14575,1.1461999999999999,139,43,0
1785371400,1.14624,1.14635,1.1461999999999999,1.14633,22,28,0
1785371700,1.14634,1.14636,1.14632,1.14634,11,26,0
1785372000,1.14634,1.14636,1.14633,1.14634,11,26,0
1785372300,1.14634,1.14641,1.1458,1.14585,294,20,0
1785372600,1.14585,1.14609,1.14584,1.1458599999999999,30,50,0
1785372900,1.14582,1.14589,1.14578,1.14578,15,53,0
1785373200,1.14581,1.14679,1.14571,1.14675,241,10,0
1785373500,1.14674,1.14682,1.14645,1.14666,159,15,0
1785373800,1.14672,1.14678,1.14662,1.14678,128,11,0
1785374100,1.14675,1.14684,1.1467,1.14679,68,12,0
1785374400,1.1468099999999999,1.14684,1.14673,1.14676,92,10,0
1785374700,1.14675,1.14678,1.14668,1.14675,146,10,0
1785375000,1.14674,1.14679,1.14672,1.14679,97,11,0
1785375300,1.14676,1.14684,1.14673,1.1468,90,11,0
1785375600,1.1468,1.1469,1.14679,1.14689,36,10,0
1785375900,1.14689,1.14697,1.14689,1.14695,25,10,0
1785376200,1.14694,1.14698,1.14689,1.14696,122,10,0
1785376500,1.14696,1.1470799999999999,1.14696,1.1470799999999999,83,10,0
1785376800,1.14707,1.14727,1.14707,1.14726,146,10,0
1785377100,1.14725,1.14745,1.14717,1.14738,107,10,0
1785377400,1.14738,1.14738,1.14698,1.147,147,10,0
1785377700,1.14699,1.14699,1.14685,1.14692,75,10,0
1785378000,1.14693,1.14694,1.14673,1.14673,95,10,0
1785378300,1.1467,1.1467100000000001,1.14663,1.14664,37,10,0
1785378600,1.14668,1.14669,1.14649,1.14669,58,10,0
1785378900,1.14669,1.14669,1.14658,1.14659,52,10,0
1785379200,1.1466,1.14664,1.14643,1.14643,86,10,0
1785379500,1.14644,1.1467100000000001,1.14638,1.14669,101,10,0
1785379800,1.1467,1.14689,1.14666,1.14673,136,10,0
1785380100,1.14672,1.14675,1.14661,1.14663,115,10,0
1785380400,1.14664,1.14675,1.1464,1.1464699999999999,341,10,0
1785380700,1.14648,1.14669,1.14629,1.14657,257,10,0
1785381000,1.14656,1.14668,1.14646,1.14662,194,10,0
1785381300,1.14663,1.1467,1.14624,1.14626,384,10,0
1785381600,1.14627,1.14628,1.14605,1.14613,284,10,0
1785381900,1.14613,1.14614,1.14556,1.14563,325,10,0
1785382200,1.14564,1.14578,1.14562,1.14567,229,10,0
1785382500,1.14567,1.14574,1.14553,1.14555,185,10,0
1785382800,1.14555,1.14574,1.14553,1.1457,171,10,0
1785383100,1.1457,1.14577,1.14567,1.14568,137,10,0
1785383400,1.1457,1.14575,1.14556,1.14568,186,10,0
1785383700,1.14566,1.1457600000000001,1.14564,1.14575,112,10,0
1785384000,1.14575,1.14604,1.1457,1.14588,265,10,0
1785384300,1.14589,1.14605,1.14582,1.14584,202,10,0
1785384600,1.14584,1.14592,1.14573,1.14588,178,10,0
1785384900,1.14588,1.14588,1.14565,1.14569,191,10,0
1785385200,1.14568,1.14573,1.1453,1.14539,205,10,0
1785385500,1.14538,1.14548,1.14529,1.14547,143,10,0
1785385800,1.14548,1.1458599999999999,1.14534,1.14573,198,10,0
1785386100,1.14574,1.14583,1.14566,1.14573,95,10,0
1785386400,1.14574,1.14582,1.14556,1.14556,115,10,0
1785386700,1.14556,1.14581,1.14552,1.1456,97,10,0
1785387000,1.14561,1.14562,1.1453,1.14533,79,10,0
1785387300,1.14534,1.14535,1.14519,1.14527,133,10,0
1785387600,1.14528,1.14545,1.14526,1.14539,124,10,0
1785387900,1.1454,1.1454,1.14523,1.1453,91,10,0
1785388200,1.14531,1.14536,1.14512,1.14517,95,10,0
1785388500,1.14517,1.14519,1.14508,1.14513,82,10,0
1785388800,1.14513,1.1452499999999999,1.14512,1.1452,77,10,0
1785389100,1.1452,1.14524,1.14517,1.1452,63,10,0
1785389400,1.14519,1.14539,1.14517,1.14536,108,10,0
1785389700,1.14534,1.14545,1.14532,1.14543,67,10,0
1785390000,1.14543,1.14545,1.14533,1.14537,61,10,0
1785390300,1.14538,1.14546,1.14536,1.14542,57,10,0
1785390600,1.14543,1.14548,1.14535,1.14537,81,10,0
1785390900,1.14538,1.14539,1.14523,1.14523,51,10,0
1785391200,1.14523,1.14538,1.14522,1.14534,104,10,0
1785391500,1.14534,1.14535,1.14519,1.14521,48,10,0
1785391800,1.14522,1.14522,1.14508,1.14513,122,10,0
1785392100,1.14514,1.1451500000000001,1.1449799999999999,1.145,115,10,0
1785392400,1.14499,1.14505,1.14472,1.14499,160,10,0
1785392700,1.14499,1.14504,1.14491,1.14495,109,10,0
1785393000,1.14496,1.1451500000000001,1.1448800000000001,1.14513,107,10,0
1785393300,1.14514,1.14522,1.14511,1.14511,60,10,0
1785393600,1.14511,1.14519,1.14508,1.14513,57,10,0
1785393900,1.14514,1.14518,1.14506,1.14512,64,10,0
1785394200,1.14511,1.14513,1.14502,1.14508,57,10,0
1785394500,1.14507,1.14507,1.14489,1.14492,52,10,0
1785394800,1.14492,1.14508,1.14485,1.14501,113,10,0
1785395100,1.14501,1.14509,1.145,1.14507,43,10,0
1785395400,1.14508,1.14524,1.14507,1.14523,52,10,0
1785395700,1.14523,1.14529,1.1452,1.14521,54,10,0
1785396000,1.1452,1.14528,1.1452,1.14522,52,10,0
1785396300,1.14523,1.14526,1.14517,1.14522,50,10,0
1785396600,1.14522,1.14529,1.1452,1.14528,47,10,0
1785396900,1.14528,1.14528,1.14519,1.14521,35,10,0
1785397200,1.1452,1.14535,1.1452,1.14522,54,10,0
1785397500,1.14522,1.14528,1.14511,1.14512,58,10,0
1785397800,1.14512,1.14514,1.14501,1.14504,114,10,0
1785398100,1.14503,1.14505,1.14494,1.14504,87,10,0
1785398400,1.14505,1.14522,1.14496,1.14517,133,10,0
1785398700,1.14518,1.14533,1.14512,1.14531,73,10,0
1785399000,1.14531,1.14545,1.14531,1.14544,109,10,0
1785399300,1.14544,1.14546,1.14538,1.14541,68,10,0
1785399600,1.14542,1.14556,1.14537,1.1454900000000001,81,10,0
1785399900,1.1455,1.14562,1.14544,1.1455,96,10,0
1785400200,1.14551,1.14556,1.14534,1.14536,117,10,0
1785400500,1.14536,1.14539,1.14521,1.14524,125,10,0
1785400800,1.14524,1.14532,1.1451,1.1452,119,10,0
1785401100,1.14518,1.14548,1.14516,1.14526,195,10,0
1785401400,1.14527,1.14527,1.14512,1.1452,100,10,0
1785401700,1.14519,1.14519,1.14484,1.14494,189,10,0
1785402000,1.14494,1.14509,1.14467,1.1448,358,10,0
1785402300,1.14481,1.14492,1.14461,1.14463,219,10,0
1785402600,1.14465,1.14486,1.14433,1.14443,221,10,0
1785402900,1.14444,1.1446,1.14441,1.14448,177,10,0
1785403200,1.14447,1.14453,1.14432,1.14445,182,10,0
1785403500,1.14443,1.14451,1.14433,1.14444,152,10,0
1785403800,1.14445,1.14457,1.1442700000000001,1.14445,164,10,0
1785404100,1.14444,1.1448,1.14438,1.14474,209,10,0
1785404400,1.14475,1.14477,1.1445,1.14455,172,10,0
1785404700,1.1445400000000001,1.14486,1.14453,1.14482,141,10,0
1785405000,1.14482,1.14507,1.14482,1.1449,152,10,0
1785405300,1.14493,1.14505,1.14458,1.1446399999999999,194,10,0
1785405600,1.14466,1.14506,1.14438,1.14493,559,10,0
1785405900,1.14494,1.14496,1.14453,1.14459,414,10,0
1785406200,1.14461,1.1447,1.1442,1.14422,290,10,0
1785406500,1.14423,1.14444,1.14412,1.14412,279,10,0
1785406800,1.14413,1.14429,1.14408,1.14414,251,10,0
1785407100,1.14417,1.14417,1.1436,1.14368,392,10,0
1785407400,1.14369,1.14374,1.14339,1.14346,304,10,0
1785407700,1.14348,1.14377,1.14344,1.14375,238,10,0
1785408000,1.1437599999999999,1.14384,1.14363,1.14364,254,10,0
1785408300,1.14364,1.14373,1.14358,1.14364,188,10,0
1785408600,1.14364,1.1438,1.1436,1.14362,176,10,0
1785408900,1.14362,1.14383,1.14357,1.1437,212,10,0
1785409200,1.14371,1.1443,1.1436600000000001,1.14411,416,10,0
1785409500,1.14412,1.14445,1.14412,1.14433,267,10,0
1785409800,1.14434,1.14469,1.14434,1.1445400000000001,247,10,0
1785410100,1.14453,1.14487,1.14453,1.14474,220,10,0
1785410400,1.14473,1.1451,1.14473,1.14497,240,10,0
1785410700,1.14499,1.14543,1.14492,1.14539,379,10,0
1785411000,1.14538,1.14551,1.14504,1.14504,263,10,0
1785411300,1.14505,1.14508,1.14457,1.14457,187,10,0
1785411600,1.1445400000000001,1.14512,1.14449,1.14509,245,10,0
1785411900,1.1451,1.14537,1.14503,1.14505,259,10,0
1785412200,1.14506,1.14511,1.14481,1.14496,208,10,0
1785412500,1.14496,1.14511,1.14462,1.14477,237,10,0
1785412800,1.14475,1.1454,1.14475,1.14532,210,10,0
1785413100,1.14531,1.14571,1.1452,1.14569,192,10,0
1785413400,1.14568,1.14579,1.14552,1.1457,294,10,0
1785413700,1.1457,1.14592,1.1456,1.1459,300,10,0
1785414000,1.1459,1.14613,1.14589,1.14607,195,10,0
1785414300,1.14606,1.14633,1.14599,1.1461000000000001,195,10,0
1785414600,1.14609,1.14615,1.14591,1.1461000000000001,196,10,0
1785414900,1.14611,1.14635,1.14608,1.14615,165,10,0
1785415200,1.14616,1.14626,1.14615,1.14623,161,10,0
1785415500,1.14623,1.14669,1.14604,1.14668,253,10,0
1785415800,1.14668,1.1467100000000001,1.1461999999999999,1.14632,175,10,0
1785416100,1.14633,1.14656,1.14629,1.14642,183,10,0
1785416400,1.14643,1.14653,1.14613,1.14615,291,10,0
1785416700,1.14614,1.14655,1.14609,1.14652,333,10,0
1785417000,1.14654,1.14724,1.14654,1.14715,445,10,0
1785417300,1.14714,1.1479300000000001,1.14711,1.14727,672,10,0
1785417600,1.14728,1.1473,1.14683,1.14694,387,10,0
1785417900,1.14694,1.1474,1.14688,1.14718,427,10,0
1785418200,1.14718,1.14755,1.14715,1.14735,324,10,0
1785418500,1.14735,1.14745,1.14726,1.1474,311,10,0
1785418800,1.1474,1.14836,1.14736,1.148,497,10,0
1785419100,1.14801,1.14831,1.14799,1.14815,330,10,0
1785419400,1.14816,1.14819,1.14758,1.14763,578,10,0
1785419700,1.14763,1.14771,1.14723,1.14723,367,10,0
1785420000,1.14726,1.14775,1.14726,1.14759,366,10,0
1785420300,1.14759,1.14763,1.1473200000000001,1.14748,231,10,0
1785420600,1.14748,1.14754,1.14713,1.14715,238,10,0
1785420900,1.14717,1.14724,1.14696,1.14696,200,10,0
1785421200,1.14697,1.14699,1.14648,1.1467,285,10,0
1785421500,1.1467,1.14678,1.1466,1.14672,217,10,0
1785421800,1.14672,1.14674,1.14653,1.14655,227,10,0
1785422100,1.14654,1.14669,1.14652,1.14663,160,10,0
1785422400,1.14664,1.14664,1.14645,1.14648,164,10,0
1785422700,1.14648,1.14686,1.14648,1.1468,175,10,0
1785423000,1.1468099999999999,1.14722,1.1468099999999999,1.1472,205,10,0
1785423300,1.14719,1.14754,1.14703,1.14754,179,10,0
1785423600,1.14753,1.14776,1.14748,1.1477,259,10,0
1785423900,1.14771,1.14786,1.14751,1.14752,254,10,0
1785424200,1.14754,1.14808,1.14751,1.14801,222,10,0
1785424500,1.14799,1.148,1.14738,1.14756,279,10,0
1785424800,1.14755,1.14773,1.14743,1.14755,250,10,0
1785425100,1.14756,1.14779,1.1475,1.14754,206,10,0
1785425400,1.14754,1.14824,1.1472,1.14752,567,10,0
1785425700,1.14752,1.14829,1.14744,1.1482,562,10,0
1785426000,1.14819,1.14823,1.14753,1.14805,639,10,0
1785426300,1.14805,1.1481,1.14744,1.14754,625,10,0
1785426600,1.14755,1.14764,1.14702,1.14715,489,10,0
1785426900,1.14715,1.14755,1.14689,1.1472,560,10,0
1785427200,1.14721,1.14747,1.1469,1.14706,511,10,0
1785427500,1.14704,1.14757,1.14704,1.14719,527,10,0
1785427800,1.14719,1.14745,1.14703,1.1472,445,10,0
1785428100,1.14719,1.14746,1.1471,1.1474,428,10,0
1785428400,1.14739,1.1479300000000001,1.14729,1.1479300000000001,306,10,0
1785428700,1.14795,1.14804,1.14779,1.14797,324,10,0
1785429000,1.14798,1.14823,1.14785,1.14799,435,10,0
1785429300,1.14799,1.14936,1.1479,1.14918,1383,10,0
1785429600,1.1492,1.15032,1.1487,1.15005,1409,10,0
1785429900,1.15006,1.15085,1.1497600000000001,1.15024,1091,10,0
1785430200,1.15024,1.1514199999999999,1.14984,1.15139,1330,10,0
1785430500,1.1514,1.15235,1.15119,1.15231,1138,10,0
1785430800,1.15233,1.15365,1.15215,1.1534200000000001,1297,10,0
1785431100,1.15343,1.1536,1.1517,1.15225,1582,10,0
1785431400,1.15223,1.15303,1.15222,1.15273,1480,10,0
1785431700,1.15272,1.15318,1.15228,1.15278,1629,10,0
1785432000,1.15278,1.15298,1.15197,1.1521,1537,10,0
1785432300,1.15209,1.15237,1.15185,1.15208,1364,10,0
1785432600,1.1521,1.15225,1.15153,1.15182,1201,10,0
1785432900,1.15182,1.1519,1.15124,1.15139,788,10,0
1785433200,1.15138,1.1517,1.15092,1.15118,673,10,0
1785433500,1.15119,1.15144,1.15094,1.15115,700,10,0
1785433800,1.15114,1.15118,1.15069,1.15083,572,10,0
1785434100,1.15079,1.15093,1.1502,1.15025,730,10,0
1785434400,1.15024,1.15043,1.15,1.15001,645,10,0
1785434700,1.15003,1.15066,1.14994,1.15024,578,10,0
1785435000,1.15025,1.15068,1.14982,1.15064,523,10,0
1785435300,1.15063,1.15111,1.15063,1.15105,474,10,0
1785435600,1.15106,1.15144,1.15106,1.15121,390,10,0
1785435900,1.15122,1.15156,1.1511,1.15151,380,10,0
1785436200,1.15152,1.15191,1.15129,1.15187,424,10,0
1785436500,1.15188,1.15211,1.15176,1.15205,393,10,0
1785436800,1.15207,1.15221,1.15192,1.15213,300,10,0
1785437100,1.15212,1.15238,1.15204,1.15234,308,10,0
1785437400,1.15233,1.15244,1.152,1.15205,325,10,0
1785437700,1.15207,1.15231,1.15201,1.15206,314,10,0
1785438000,1.15205,1.15277,1.15205,1.15267,382,10,0
1785438300,1.15266,1.15277,1.15236,1.15275,343,10,0
1785438600,1.15275,1.15275,1.15229,1.15239,377,10,0
1785438900,1.15239,1.15284,1.15231,1.15278,290,10,0
1785439200,1.15279,1.15297,1.15266,1.15273,372,10,0
1785439500,1.15272,1.15298,1.15257,1.15294,277,10,0
1785439800,1.15295,1.15301,1.15278,1.15278,281,10,0
1785440100,1.15279,1.15294,1.15263,1.15283,322,10,0
1785440400,1.15282,1.15286,1.15247,1.15247,240,10,0
1785440700,1.15248,1.15252,1.15237,1.1524,232,10,0
1785441000,1.15239,1.15246,1.1522000000000001,1.15233,227,10,0
1785441300,1.15233,1.1528,1.15233,1.1528,169,10,0
1785441600,1.1528,1.15299,1.15235,1.15238,477,10,0
1785441900,1.15239,1.1525400000000001,1.15235,1.15253,217,10,0
1785442200,1.15253,1.1526,1.1520299999999999,1.15205,221,10,0
1785442500,1.15204,1.15205,1.15184,1.15196,140,10,0
1785442800,1.15195,1.15196,1.15182,1.15195,133,10,0
1785443100,1.15195,1.15197,1.15183,1.15186,165,10,0
1785443400,1.15186,1.15196,1.15156,1.15156,172,10,0
1785443700,1.15157,1.15247,1.15133,1.15246,897,10,0
1785444000,1.15244,1.15295,1.15222,1.1529,622,10,0
1785444300,1.15289,1.1529,1.15251,1.15251,436,10,0
1785444600,1.15252,1.15304,1.15252,1.15263,496,10,0
1785444900,1.1526399999999999,1.15292,1.15252,1.15292,262,10,0
1785445200,1.15292,1.15318,1.15288,1.1531500000000001,232,10,0
1785445500,1.15316,1.15339,1.15289,1.15331,279,10,0
1785445800,1.15331,1.1535,1.15324,1.15345,194,10,0
1785446100,1.15344,1.15346,1.153,1.15302,171,10,0
1785446400,1.15303,1.15309,1.15275,1.15276,168,10,0
1785446700,1.15278,1.15298,1.1527,1.15297,126,10,0
1785447000,1.15298,1.15332,1.15297,1.15322,144,10,0
1785447300,1.15324,1.15326,1.1529,1.1529,95,10,0
1785447600,1.15289,1.15311,1.15285,1.15309,126,10,0
1785447900,1.15309,1.15326,1.15309,1.1532499999999999,123,10,0
1785448200,1.1532499999999999,1.15333,1.15313,1.1532499999999999,139,10,0
1785448500,1.15324,1.1535,1.1532,1.15349,136,10,0
1785448800,1.1535,1.1535199999999999,1.15328,1.15331,181,10,0
1785449100,1.1533,1.15346,1.15314,1.15317,142,10,0
1785449400,1.15319,1.15322,1.1528100000000001,1.15287,144,10,0
1785449700,1.15287,1.15326,1.15275,1.1532499999999999,145,10,0
1785450000,1.15324,1.15338,1.1532,1.1533,135,10,0
1785450300,1.1533,1.15336,1.15311,1.15316,126,10,0
1785450600,1.1531500000000001,1.15322,1.153,1.15305,153,10,0
1785450900,1.15307,1.15309,1.15295,1.15301,109,10,0
1785451200,1.153,1.15308,1.15296,1.15306,76,10,0
1785451500,1.15306,1.15319,1.15306,1.1531500000000001,96,10,0
1785451800,1.1531500000000001,1.15317,1.15284,1.15285,123,10,0
1785452100,1.15288,1.15316,1.1528,1.15306,256,10,0
1785452400,1.15307,1.1532,1.15289,1.1532,185,10,0
1785452700,1.15322,1.15322,1.15296,1.15309,80,10,0
1785453000,1.15308,1.15312,1.15302,1.15303,61,10,0
1785453300,1.15304,1.15305,1.1529,1.15295,75,10,0
1785453600,1.15296,1.15296,1.15275,1.15277,77,10,0
1785453900,1.15278,1.15286,1.15271,1.15272,79,10,0
1785454200,1.15273,1.15296,1.15266,1.15272,115,10,0
1785454500,1.15271,1.15273,1.15259,1.15271,99,10,0
1785454800,1.15271,1.15274,1.1526399999999999,1.1526399999999999,74,10,0
1785455100,1.15265,1.15271,1.1526399999999999,1.15269,87,10,0
1785455400,1.15268,1.15279,1.15266,1.15279,34,10,0
1785455700,1.15279,1.15289,1.15245,1.15266,115,10,0
1785456000,1.1526399999999999,1.1526399999999999,1.15212,1.15212,9,24,0
1785456300,1.15172,1.15237,1.15172,1.15225,10,45,0
1785456600,1.15225,1.1524,1.15221,1.15225,13,49,0
1785456900,1.15225,1.1522999999999999,1.15225,1.15225,18,33,0
1785457200,1.15225,1.15228,1.15225,1.15227,18,33,0
1785457500,1.1522999999999999,1.1522999999999999,1.15223,1.15223,19,32,0
1785457800,1.15225,1.15235,1.1522000000000001,1.15221,27,22,0
1785458100,1.15224,1.15227,1.15223,1.15227,10,39,0
1785458400,1.15227,1.15236,1.15224,1.15224,20,31,0
1785458700,1.15224,1.15242,1.15224,1.15233,20,23,0
1785459000,1.15233,1.15234,1.15232,1.15233,9,35,0
1785459300,1.15233,1.15234,1.15229,1.15229,11,38,0
1785459600,1.15231,1.15289,1.1522999999999999,1.15289,139,11,0
1785459900,1.15288,1.15289,1.15258,1.15259,53,11,0
1785460200,1.1526,1.15268,1.15247,1.15263,112,11,0
1785460500,1.1526399999999999,1.15277,1.15262,1.1527,109,10,0
1785460800,1.15268,1.15268,1.15256,1.15258,92,10,0
1785461100,1.15256,1.15267,1.15251,1.15266,127,10,0
1785461400,1.15266,1.1527,1.15257,1.15269,113,10,0
1785461700,1.15269,1.15307,1.15266,1.15297,190,10,0
1785462000,1.15297,1.15303,1.15285,1.15296,135,10,0
1785462300,1.15296,1.15303,1.15285,1.15296,95,10,0
1785462600,1.15296,1.15296,1.1528100000000001,1.15286,109,10,0
1785462900,1.15285,1.15286,1.15275,1.15282,113,11,0
1785463200,1.15283,1.15303,1.15258,1.15266,195,10,0
1785463500,1.15267,1.15273,1.15261,1.15262,52,10,0
1785463800,1.15262,1.1526399999999999,1.15241,1.15251,98,10,0
1785464100,1.15247,1.15252,1.15231,1.15252,98,10,0
1785464400,1.15252,1.15263,1.15248,1.15256,118,10,0
1785464700,1.15256,1.15267,1.15236,1.15236,96,10,0
1785465000,1.15238,1.15246,1.15236,1.15238,67,10,0
1785465300,1.15237,1.15237,1.15217,1.15231,84,10,0
1785465600,1.15232,1.15243,1.15228,1.15241,72,10,0
1785465900,1.15241,1.15256,1.15241,1.15242,89,10,0
1785466200,1.15242,1.15243,1.15227,1.15228,91,10,0
1785466500,1.15228,1.15238,1.15224,1.15225,124,10,0
1785466800,1.15227,1.15242,1.15218,1.15234,281,10,0
1785467100,1.15235,1.15238,1.15201,1.15211,245,10,0
1785467400,1.15209,1.15235,1.15208,1.1522000000000001,253,10,0
1785467700,1.15219,1.15233,1.15211,1.15226,315,10,0
1785468000,1.15228,1.15259,1.15212,1.15247,293,10,0
1785468300,1.15246,1.15247,1.15222,1.15223,144,10,0
1785468600,1.15223,1.15228,1.15186,1.15186,148,10,0
1785468900,1.15186,1.15189,1.15166,1.15167,243,10,0
1785469200,1.15167,1.1516899999999999,1.15148,1.15168,191,10,0
1785469500,1.15168,1.15178,1.15155,1.15173,305,10,0
1785469800,1.15173,1.15198,1.15173,1.15181,288,10,0
1785470100,1.15183,1.1519300000000001,1.15172,1.15173,356,10,0
1785470400,1.15174,1.15194,1.15171,1.15183,339,10,0
1785470700,1.15184,1.15187,1.15157,1.15174,251,10,0
1785471000,1.15173,1.15194,1.15147,1.1516,282,10,0
1785471300,1.1515900000000001,1.15164,1.15148,1.15153,239,10,0
1785471600,1.15153,1.15175,1.15147,1.15173,207,10,0
1785471900,1.15173,1.15185,1.15167,1.15167,161,10,0
1785472200,1.15166,1.15209,1.15161,1.15195,239,10,0
1785472500,1.15194,1.15194,1.15138,1.1514199999999999,237,10,0
1785472800,1.15141,1.15152,1.15137,1.15138,201,10,0
1785473100,1.15139,1.15143,1.15104,1.1511,240,10,0
1785473400,1.15109,1.15115,1.15096,1.15106,189,10,0
1785473700,1.15106,1.15114,1.15094,1.15094,181,10,0
1785474000,1.15096,1.15124,1.15096,1.15119,186,10,0
1785474300,1.1512,1.15157,1.1512,1.15135,209,10,0
1785474600,1.15135,1.15158,1.15129,1.15146,134,10,0
1785474900,1.15143,1.15144,1.15133,1.15135,160,10,0
1785475200,1.15137,1.15149,1.15129,1.15131,158,10,0
1785475500,1.15131,1.15134,1.15123,1.15127,114,10,0
1785475800,1.15128,1.15143,1.15127,1.15133,90,10,0
1785476100,1.15133,1.15133,1.15116,1.15126,130,10,0
1785476400,1.15126,1.15126,1.15114,1.15119,83,10,0
1785476700,1.1512,1.15123,1.15109,1.15113,111,10,0
1785477000,1.15112,1.15123,1.151,1.1510799999999999,116,10,0
1785477300,1.15109,1.15116,1.15103,1.15114,105,10,0
1785477600,1.15115,1.15116,1.15097,1.15102,199,10,0
1785477900,1.15101,1.15122,1.151,1.15118,117,10,0
1785478200,1.15117,1.15129,1.15083,1.151,417,10,0
1785478500,1.1509800000000001,1.15107,1.15076,1.15083,148,10,0
1785478800,1.15082,1.15095,1.15077,1.15093,101,10,0
1785479100,1.15093,1.15103,1.15077,1.15083,193,10,0
1785479400,1.15084,1.15097,1.15077,1.15083,138,10,0
1785479700,1.15082,1.15087,1.15067,1.15069,123,10,0
1785480000,1.1507,1.15075,1.15058,1.15074,94,10,0
1785480300,1.15074,1.15105,1.15074,1.1509800000000001,143,10,0
1785480600,1.15099,1.15118,1.15097,1.15113,120,10,0
1785480900,1.15113,1.15131,1.15113,1.15129,91,10,0
1785481200,1.15128,1.15134,1.15116,1.15131,109,10,0
1785481500,1.1513,1.15138,1.15122,1.1513200000000001,122,10,0
1785481800,1.15131,1.15136,1.15118,1.15126,100,10,0
1785482100,1.15125,1.15126,1.15114,1.15123,62,10,0
1785482400,1.15119,1.15133,1.15117,1.1513,73,10,0
1785482700,1.1513,1.15135,1.15104,1.15105,127,10,0
1785483000,1.15105,1.15106,1.15079,1.15088,123,10,0
1785483300,1.15089,1.15097,1.15067,1.15074,125,10,0
1785483600,1.15074,1.15075,1.15052,1.15057,131,10,0
1785483900,1.15057,1.15058,1.15038,1.1504,120,10,0
1785484200,1.15041,1.15072,1.15041,1.15069,148,10,0
1785484500,1.15069,1.15079,1.15057,1.15077,113,10,0
1785484800,1.15079,1.1508099999999999,1.15058,1.15069,155,10,0
1785485100,1.15068,1.1507,1.15059,1.15065,86,10,0
1785485400,1.15066,1.15088,1.15054,1.15055,151,10,0
1785485700,1.15056,1.15069,1.15052,1.1506,161,10,0
1785486000,1.15061,1.15064,1.15044,1.15051,138,10,0
1785486300,1.15051,1.15056,1.15046,1.15046,78,10,0
1785486600,1.15046,1.15089,1.15045,1.15078,143,10,0
1785486900,1.15078,1.15084,1.15067,1.15078,91,10,0
1785487200,1.15079,1.15091,1.15059,1.15069,182,10,0
1785487500,1.15068,1.15068,1.15041,1.15043,132,10,0
1785487800,1.15044,1.15064,1.15043,1.15055,132,10,0
1785488100,1.15055,1.15067,1.15048,1.15058,161,10,0
1785488400,1.15059,1.15107,1.15048,1.15104,271,10,0
1785488700,1.15106,1.15152,1.15106,1.15146,216,10,0
1785489000,1.15145,1.15165,1.15122,1.15162,190,10,0
