time,open,high,low,close,tick_volume,spread,real_volume
1782235800,1.32033,1.32065,1.32,1.32001,565,10,0
1782236100,1.32,1.32013,1.31968,1.31969,522,10,0
1782236400,1.3197,1.31981,1.31945,1.31966,570,10,0
1782236700,1.31965,1.32044,1.31965,1.32006,491,10,0
1782237000,1.32007,1.32017,1.31967,1.3201100000000001,595,10,0
1782237300,1.32009,1.32042,1.31972,1.32002,598,10,0
1782237600,1.32003,1.32015,1.31954,1.31971,532,10,0
1782237900,1.31972,1.31972,1.31936,1.31942,481,10,0
1782238200,1.31942,1.31993,1.31932,1.31977,505,10,0
1782238500,1.31978,1.32017,1.3197,1.31976,423,10,0
1782238800,1.31976,1.31993,1.31952,1.31975,453,10,0
1782239100,1.31977,1.31983,1.3195299999999999,1.3195700000000001,438,10,0
1782239400,1.31955,1.31986,1.31949,1.3195700000000001,462,10,0
1782239700,1.3195700000000001,1.31967,1.31895,1.31895,429,10,0
1782240000,1.3189600000000001,1.31902,1.3185799999999999,1.31883,404,10,0
1782240300,1.31884,1.31888,1.31845,1.31848,326,10,0
1782240600,1.3185,1.31891,1.31846,1.31882,367,10,0
1782240900,1.31882,1.31894,1.31861,1.3189199999999999,421,10,0
1782241200,1.31895,1.31902,1.31881,1.3188900000000001,406,10,0
1782241500,1.3188900000000001,1.31907,1.31855,1.31879,322,10,0
1782241800,1.3188,1.31942,1.31872,1.31933,342,10,0
1782242100,1.31934,1.31961,1.31911,1.31946,301,10,0
1782242400,1.31947,1.31966,1.31935,1.31955,270,10,0
1782242700,1.31954,1.31956,1.3189600000000001,1.319,334,10,0
1782243000,1.31898,1.31898,1.31873,1.31881,359,10,0
1782243300,1.31881,1.31922,1.3188,1.31922,263,10,0
1782243600,1.31921,1.3193,1.31906,1.31929,276,10,0
1782243900,1.3193,1.3193,1.3189199999999999,1.31902,281,10,0
1782244200,1.31902,1.31904,1.31873,1.31884,242,10,0
1782244500,1.31885,1.31895,1.31856,1.3186200000000001,315,10,0
1782244800,1.31861,1.31876,1.31836,1.31836,367,10,0
1782245100,1.3183500000000001,1.31883,1.31825,1.31872,290,10,0
1782245400,1.31872,1.31887,1.31863,1.31872,274,10,0
1782245700,1.31875,1.31883,1.31853,1.31856,262,10,0
1782246000,1.31855,1.31884,1.31844,1.3187,238,10,0
1782246300,1.3187,1.3187,1.3185,1.31855,186,10,0
1782246600,1.31854,1.31883,1.31848,1.31877,192,10,0
1782246900,1.31877,1.31907,1.31866,1.31906,275,10,0
1782247200,1.31905,1.31908,1.3188900000000001,1.31904,209,10,0
1782247500,1.31903,1.31904,1.31881,1.31885,191,10,0
1782247800,1.31883,1.3189199999999999,1.31875,1.31888,243,10,0
1782248100,1.3189,1.3189199999999999,1.3186499999999999,1.31869,244,10,0
1782248400,1.31868,1.31881,1.31854,1.31861,267,10,0
1782248700,1.3186200000000001,1.31875,1.31859,1.31873,165,10,0
1782249000,1.31873,1.31877,1.31863,1.31871,195,10,0
1782249300,1.3187,1.31876,1.31856,1.31863,168,10,0
1782249600,1.31863,1.31874,1.31853,1.3187,181,10,0
1782249900,1.31869,1.31869,1.31846,1.3185,129,10,0
1782250200,1.31848,1.31848,1.31823,1.31832,234,10,0
1782250500,1.31832,1.31854,1.31817,1.3185,256,10,0
1782250800,1.3185,1.31855,1.31832,1.3183500000000001,176,10,0
1782251100,1.31834,1.31856,1.31834,1.31854,281,10,0
1782251400,1.31853,1.31876,1.31853,1.31873,193,10,0
1782251700,1.31873,1.31881,1.31857,1.31881,194,10,0
1782252000,1.31881,1.31945,1.31874,1.31941,324,10,0
1782252300,1.3194,1.31976,1.3194,1.31965,305,10,0
1782252600,1.31965,1.31972,1.31954,1.31961,215,10,0
1782252900,1.31962,1.31972,1.31943,1.31944,216,10,0
1782253200,1.31945,1.31961,1.31943,1.31954,229,10,0
1782253500,1.31954,1.31981,1.31946,1.3197999999999999,268,10,0
1782253800,1.31981,1.32002,1.31974,1.31993,282,10,0
1782254100,1.31994,1.31995,1.31969,1.31974,250,10,0
1782254400,1.31975,1.31977,1.31962,1.31968,150,10,0
1782254700,1.31968,1.31976,1.31962,1.31966,235,10,0
1782255000,1.31967,1.31972,1.3195299999999999,1.31969,313,10,0
1782255300,1.31967,1.31975,1.31947,1.31947,270,10,0
1782255600,1.31947,1.31982,1.3194,1.31982,255,10,0
1782255900,1.31982,1.32005,1.31982,1.32003,145,10,0
1782256200,1.32003,1.32008,1.31994,1.32004,93,10,0
1782256500,1.32005,1.32005,1.31995,1.32002,75,10,0
1782256800,1.32001,1.32012,1.31997,1.32009,101,11,0
1782257100,1.3201,1.32023,1.32007,1.32013,79,12,0
1782257400,1.32013,1.32016,1.3201100000000001,1.32015,47,12,0
1782257700,1.3201399999999999,1.3201399999999999,1.32003,1.32005,51,10,0
1782258000,1.32006,1.32012,1.32004,1.32005,107,10,0
1782258300,1.32006,1.3201399999999999,1.32005,1.32009,115,10,0
1782258600,1.32008,1.3202099999999999,1.32008,1.32017,111,10,0
1782258900,1.32017,1.32032,1.32015,1.3201800000000001,124,11,0
1782259200,1.32016,1.32016,1.3198699999999999,1.3198699999999999,9,44,0
1782259500,1.31996,1.32016,1.31995,1.3201100000000001,26,61,0
1782259800,1.32005,1.32013,1.32001,1.32004,13,55,0
1782260100,1.32004,1.32004,1.32003,1.32003,7,64,0
1782260400,1.32003,1.32005,1.32001,1.32004,10,62,0
1782260700,1.32004,1.32007,1.32,1.32001,19,70,0
1782261000,1.32001,1.32003,1.31999,1.32002,13,57,0
1782261300,1.32002,1.32005,1.31999,1.32004,44,53,0
1782261600,1.32004,1.32009,1.31999,1.31999,17,48,0
1782261900,1.32013,1.3201399999999999,1.31993,1.32001,105,42,0
1782262200,1.32001,1.32002,1.31993,1.32001,117,48,0
1782262500,1.31998,1.32001,1.3199100000000001,1.31995,88,29,0
1782262800,1.32,1.32004,1.31972,1.31982,83,23,0
1782263100,1.31982,1.3198699999999999,1.31977,1.31986,45,18,0
1782263400,1.31985,1.31999,1.31985,1.31996,29,16,0
1782263700,1.31996,1.31999,1.31986,1.31989,50,18,0
1782264000,1.31989,1.3199,1.31978,1.31981,140,17,0
1782264300,1.31982,1.3199100000000001,1.31979,1.3197999999999999,130,15,0
1782264600,1.31981,1.31992,1.31978,1.31981,61,18,0
1782264900,1.3197999999999999,1.3199100000000001,1.3197999999999999,1.31989,68,16,0
1782265200,1.31989,1.31999,1.31989,1.31993,89,11,0
1782265500,1.31994,1.32004,1.31994,1.32,53,14,0
1782265800,1.32,1.32006,1.31999,1.32,38,16,0
1782266100,1.31999,1.32002,1.31994,1.31995,54,15,0
1782266400,1.31995,1.32007,1.31992,1.32001,93,12,0
1782266700,1.32002,1.32003,1.31992,1.31992,188,16,0
1782267000,1.31996,1.31996,1.3199100000000001,1.31994,64,14,0
1782267300,1.31994,1.32003,1.3198699999999999,1.3199100000000001,83,13,0
1782267600,1.3199100000000001,1.31994,1.31988,1.31992,51,13,0
1782267900,1.31992,1.31992,1.31978,1.31981,60,14,0
1782268200,1.3197999999999999,1.31981,1.31964,1.31968,109,13,0
1782268500,1.3197,1.31983,1.31968,1.31973,120,14,0
1782268800,1.31972,1.32009,1.3197,1.32005,121,13,0
1782269100,1.32005,1.32031,1.32002,1.32026,189,12,0
1782269400,1.32026,1.32032,1.32007,1.32007,155,11,0
1782269700,1.32006,1.3201100000000001,1.31983,1.3199,161,12,0
1782270000,1.3199100000000001,1.3201,1.3197999999999999,1.31994,573,10,0
1782270300,1.31994,1.3202,1.31992,1.32012,357,11,0
1782270600,1.32013,1.32024,1.31978,1.31982,307,10,0
1782270900,1.31981,1.3199100000000001,1.31968,1.31973,435,11,0
1782271200,1.31972,1.31977,1.31949,1.31951,402,11,0
1782271500,1.3195000000000001,1.31954,1.31933,1.3195000000000001,398,11,0
1782271800,1.31949,1.31971,1.31949,1.31967,258,11,0
1782272100,1.31967,1.31971,1.31944,1.31962,396,12,0
1782272400,1.31961,1.3197,1.31947,1.31964,238,12,0
1782272700,1.31965,1.31996,1.31964,1.31988,294,11,0
1782273000,1.3198699999999999,1.32005,1.31985,1.31994,247,10,0
1782273300,1.31992,1.31993,1.31969,1.31986,316,10,0
1782273600,1.3198400000000001,1.31986,1.31902,1.31924,538,10,0
1782273900,1.31925,1.31955,1.31922,1.31931,390,10,0
1782274200,1.31932,1.31954,1.3192599999999999,1.3195299999999999,298,11,0
1782274500,1.31952,1.31954,1.31911,1.31924,310,11,0
1782274800,1.3192599999999999,1.31931,1.31908,1.3192300000000001,267,11,0
1782275100,1.31922,1.31938,1.31916,1.3193,253,12,0
1782275400,1.31927,1.31961,1.31916,1.31939,407,11,0
1782275700,1.3194,1.31955,1.31925,1.31954,292,11,0
1782276000,1.31954,1.31992,1.31954,1.31974,344,10,0
1782276300,1.31974,1.31976,1.31952,1.31972,331,11,0
1782276600,1.31972,1.31992,1.31964,1.3199100000000001,231,12,0
1782276900,1.3199100000000001,1.32012,1.31986,1.32005,136,11,0
1782277200,1.32003,1.32008,1.31988,1.32005,260,12,0
1782277500,1.32006,1.32012,1.31981,1.32006,182,12,0
1782277800,1.32005,1.32015,1.3199100000000001,1.32008,211,11,0
1782278100,1.32007,1.32028,1.32,1.3201800000000001,205,10,0
1782278400,1.32019,1.32026,1.32003,1.3201,137,10,0
1782278700,1.3201,1.32038,1.32009,1.3202099999999999,156,10,0
1782279000,1.32022,1.32031,1.32009,1.3202,243,12,0
1782279300,1.3202,1.32022,1.31992,1.32,404,12,0
1782279600,1.32001,1.32008,1.31969,1.31976,430,12,0
1782279900,1.31975,1.31978,1.3195299999999999,1.3195700000000001,408,12,0
1782280200,1.3195700000000001,1.31961,1.31931,1.31941,349,12,0
1782280500,1.31941,1.3195000000000001,1.3189899999999999,1.319,373,10,0
1782280800,1.319,1.31912,1.31877,1.31878,415,12,0
1782281100,1.31877,1.31893,1.31866,1.31887,298,10,0
1782281400,1.31888,1.31921,1.31881,1.31903,323,10,0
1782281700,1.31904,1.31921,1.31884,1.31918,371,11,0
1782282000,1.31917,1.31943,1.31905,1.31934,223,12,0
1782282300,1.31935,1.31968,1.31932,1.31967,264,11,0
1782282600,1.31967,1.31971,1.3194,1.3195999999999999,323,11,0
1782282900,1.3195999999999999,1.31966,1.31951,1.31961,374,11,0
1782283200,1.3195999999999999,1.32008,1.31959,1.31993,266,10,0
1782283500,1.31993,1.31994,1.31974,1.31988,193,13,0
1782283800,1.31988,1.31995,1.31982,1.31983,350,12,0
1782284100,1.31985,1.3199,1.31978,1.31983,205,11,0
1782284400,1.3198400000000001,1.31985,1.31936,1.31941,241,12,0
1782284700,1.31941,1.31941,1.31911,1.31912,394,12,0
1782285000,1.31913,1.3192,1.31903,1.31917,378,10,0
1782285300,1.31917,1.31931,1.31915,1.31924,460,11,0
1782285600,1.31924,1.31933,1.31921,1.31929,446,11,0
1782285900,1.31928,1.31968,1.31927,1.31943,445,11,0
1782286200,1.31942,1.3195000000000001,1.31932,1.31938,231,10,0
1782286500,1.31938,1.31946,1.3193,1.3194,219,11,0
1782286800,1.31939,1.31958,1.31939,1.31943,271,13,0
1782287100,1.31941,1.31948,1.31933,1.31935,285,11,0
1782287400,1.31935,1.31938,1.31911,1.31912,323,13,0
1782287700,1.31913,1.31928,1.31911,1.3192599999999999,371,11,0
1782288000,1.3192599999999999,1.31935,1.31917,1.31931,279,11,0
1782288300,1.3193,1.31969,1.3191899999999999,1.31968,229,12,0
1782288600,1.31968,1.31975,1.31951,1.31961,214,12,0
1782288900,1.3195999999999999,1.31971,1.3195000000000001,1.31965,381,10,0
1782289200,1.31964,1.31966,1.3194,1.31951,282,12,0
1782289500,1.31951,1.3195700000000001,1.31932,1.31941,405,11,0
1782289800,1.31941,1.31951,1.31934,1.31939,329,11,0
1782290100,1.3194,1.31943,1.31933,1.31942,275,11,0
1782290400,1.31942,1.31951,1.3193,1.31936,250,12,0
1782290700,1.31936,1.31971,1.3193,1.3195299999999999,239,11,0
1782291000,1.31952,1.31952,1.31937,1.31947,234,10,0
1782291300,1.31946,1.31956,1.31933,1.31947,226,11,0
1782291600,1.31947,1.31963,1.3192599999999999,1.31963,345,10,0
1782291900,1.31963,1.32015,1.31959,1.3201399999999999,235,10,0
1782292200,1.32012,1.32085,1.32007,1.32071,255,10,0
1782292500,1.3207,1.3207,1.31979,1.31983,282,10,0
1782292800,1.31981,1.32025,1.31973,1.32001,288,10,0
1782293100,1.32,1.32,1.31895,1.31921,392,10,0
1782293400,1.31921,1.3195700000000001,1.31895,1.31939,384,10,0
1782293700,1.31939,1.31955,1.31881,1.31888,266,10,0
1782294000,1.31887,1.31942,1.31884,1.31935,350,11,0
1782294300,1.31932,1.31943,1.31918,1.31924,254,10,0
1782294600,1.3192300000000001,1.31925,1.31891,1.31902,352,10,0
1782294900,1.31901,1.31922,1.31836,1.31861,546,10,0
1782295200,1.3186,1.31871,1.3179400000000001,1.31823,657,10,0
1782295500,1.31821,1.31844,1.31803,1.3183,360,11,0
1782295800,1.31829,1.3183500000000001,1.31796,1.31799,429,10,0
1782296100,1.318,1.31841,1.31795,1.31834,478,10,0
1782296400,1.3183500000000001,1.31884,1.3183500000000001,1.3186499999999999,481,10,0
1782296700,1.31863,1.31903,1.31846,1.31886,514,10,0
1782297000,1.31887,1.3197,1.31886,1.31948,403,10,0
1782297300,1.31948,1.3195299999999999,1.31895,1.31921,437,10,0
1782297600,1.31921,1.31964,1.319,1.3195999999999999,399,10,0
1782297900,1.3195999999999999,1.31981,1.31917,1.31945,436,10,0
1782298200,1.31944,1.31951,1.31921,1.31935,377,10,0
1782298500,1.31935,1.3194,1.31854,1.3186200000000001,350,10,0
1782298800,1.31861,1.3189899999999999,1.3185,1.31883,505,10,0
1782299100,1.31883,1.31883,1.31844,1.31849,393,10,0
1782299400,1.31848,1.31856,1.31708,1.31737,554,10,0
1782299700,1.31737,1.31803,1.3172,1.31795,513,10,0
1782300000,1.3179400000000001,1.31823,1.31788,1.31822,375,10,0
1782300300,1.31821,1.3187,1.31818,1.31869,325,10,0
1782300600,1.31867,1.31936,1.3186499999999999,1.31909,374,10,0
1782300900,1.31909,1.31921,1.31849,1.31859,478,10,0
1782301200,1.3185799999999999,1.31937,1.31856,1.31904,329,10,0
1782301500,1.31903,1.31908,1.31885,1.31901,311,11,0
1782301800,1.31898,1.31951,1.31895,1.31951,275,10,0
1782302100,1.3195000000000001,1.3197,1.31918,1.31922,195,10,0
1782302400,1.31921,1.31951,1.31878,1.3188,478,10,0
1782302700,1.31879,1.3188,1.31851,1.31855,379,10,0
1782303000,1.31854,1.31909,1.31833,1.31905,424,10,0
1782303300,1.31905,1.3192300000000001,1.3189,1.31921,336,10,0
1782303600,1.31922,1.3192599999999999,1.31851,1.31853,326,10,0
1782303900,1.31852,1.31852,1.31805,1.31817,322,10,0
1782304200,1.31817,1.31839,1.3176700000000001,1.3177400000000001,330,10,0
1782304500,1.31775,1.31807,1.31764,1.31796,296,10,0
1782304800,1.31795,1.31798,1.31742,1.31759,320,10,0
1782305100,1.31759,1.31796,1.31756,1.31792,199,10,0
1782305400,1.31792,1.31824,1.31789,1.3180100000000001,257,10,0
1782305700,1.318,1.3180399999999999,1.3175,1.31752,433,10,0
1782306000,1.31751,1.31753,1.31701,1.31711,500,10,0
1782306300,1.3171,1.3171300000000001,1.31654,1.3166,421,10,0
1782306600,1.31659,1.3167,1.3164500000000001,1.3167,380,10,0
1782306900,1.31668,1.31678,1.3159399999999999,1.31625,441,10,0
1782307200,1.31624,1.31624,1.31555,1.31568,304,10,0
1782307500,1.31569,1.31585,1.31543,1.31576,430,10,0
1782307800,1.31575,1.31598,1.31554,1.3159100000000001,441,10,0
1782308100,1.3159,1.3159,1.31546,1.31556,220,11,0
1782308400,1.31552,1.31654,1.31552,1.3161,361,10,0
1782308700,1.3161,1.31623,1.31573,1.31595,296,10,0
1782309000,1.3159399999999999,1.31598,1.3155999999999999,1.31579,288,10,0
1782309300,1.31578,1.31583,1.31546,1.31552,349,10,0
1782309600,1.3155299999999999,1.3158,1.31478,1.31503,377,10,0
1782309900,1.31503,1.31551,1.31481,1.31548,311,10,0
1782310200,1.31549,1.31564,1.31527,1.31531,221,10,0
1782310500,1.31531,1.3155299999999999,1.3152300000000001,1.31532,274,10,0
1782310800,1.31532,1.31558,1.31509,1.31558,249,10,0
1782311100,1.31558,1.3159399999999999,1.31549,1.3159,339,10,0
1782311400,1.3159100000000001,1.31629,1.3158,1.31627,314,10,0
1782311700,1.31627,1.3166,1.31616,1.31638,401,10,0
1782312000,1.31637,1.3165200000000001,1.31595,1.31623,324,10,0
1782312300,1.31622,1.3166,1.31602,1.31658,273,10,0
1782312600,1.31659,1.31728,1.31653,1.31681,393,10,0
1782312900,1.31681,1.31681,1.3158699999999999,1.3162099999999999,527,10,0
1782313200,1.3162099999999999,1.31683,1.31619,1.3164,565,10,0
1782313500,1.3164,1.31643,1.31577,1.31602,490,10,0
1782313800,1.31601,1.31628,1.31572,1.3158,472,10,0
1782314100,1.3158,1.31609,1.31539,1.31602,397,10,0
1782314400,1.31602,1.31624,1.3159399999999999,1.3159399999999999,359,10,0
1782314700,1.31595,1.3161399999999999,1.31585,1.31602,416,10,0
1782315000,1.31601,1.3161100000000001,1.31525,1.3155700000000001,586,10,0
1782315300,1.3155700000000001,1.31585,1.3149,1.31508,596,10,0
1782315600,1.31505,1.31516,1.31413,1.31475,552,10,0
1782315900,1.31476,1.31515,1.31439,1.31452,503,10,0
1782316200,1.31452,1.3151,1.31444,1.315,494,10,0
1782316500,1.315,1.31503,1.31468,1.31498,414,10,0
1782316800,1.31498,1.31554,1.31474,1.31493,701,10,0
1782317100,1.31493,1.31507,1.3143799999999999,1.31461,579,10,0
1782317400,1.3146200000000001,1.3147,1.3143,1.3144,501,10,0
1782317700,1.31441,1.31512,1.31439,1.3151,442,10,0
1782318000,1.3151,1.31564,1.31491,1.31561,495,10,0
1782318300,1.31563,1.31651,1.31563,1.31642,518,10,0
1782318600,1.31642,1.31662,1.31593,1.316,744,10,0
1782318900,1.316,1.31623,1.31544,1.31575,606,10,0
1782319200,1.31576,1.31633,1.31569,1.31626,717,10,0
1782319500,1.31625,1.3163,1.31531,1.31581,693,10,0
1782319800,1.3158,1.31629,1.31556,1.31606,635,10,0
1782320100,1.31606,1.3165499999999999,1.31595,1.31615,515,10,0
1782320400,1.31615,1.31664,1.3158400000000001,1.31642,554,10,0
1782320700,1.31642,1.31644,1.3159399999999999,1.31622,662,10,0
1782321000,1.31623,1.31625,1.31541,1.31579,541,10,0
1782321300,1.31578,1.31595,1.31518,1.31524,578,10,0
1782321600,1.3152300000000001,1.3153299999999999,1.31483,1.31513,616,10,0
1782321900,1.31511,1.31578,1.31511,1.31567,502,10,0
1782322200,1.31566,1.3158,1.3153000000000001,1.31563,577,10,0
1782322500,1.31562,1.31562,1.31447,1.31454,548,10,0
1782322800,1.31455,1.31494,1.31448,1.31493,492,10,0
1782323100,1.31494,1.31527,1.31452,1.31461,337,10,0
1782323400,1.3146200000000001,1.31483,1.31405,1.3142,558,10,0
1782323700,1.31421,1.31467,1.31396,1.31466,695,10,0
1782324000,1.31467,1.3155999999999999,1.3145,1.31524,657,10,0
1782324300,1.31524,1.31534,1.3149,1.31503,516,10,0
1782324600,1.31504,1.31576,1.31493,1.3155999999999999,527,10,0
1782324900,1.31561,1.31633,1.31548,1.31632,293,10,0
1782325200,1.31633,1.31711,1.31615,1.31673,441,10,0
1782325500,1.31674,1.31704,1.31609,1.3166,580,10,0
1782325800,1.3166,1.3166,1.3161800000000001,1.3164,605,10,0
1782326100,1.3164,1.3165,1.31608,1.3161100000000001,482,10,0
1782326400,1.3161100000000001,1.31653,1.31596,1.31637,376,10,0
1782326700,1.31637,1.31643,1.31605,1.31633,450,10,0
1782327000,1.31633,1.31643,1.31558,1.3159,509,10,0
1782327300,1.3159,1.31593,1.31569,1.31578,498,10,0
1782327600,1.31579,1.316,1.31554,1.31593,510,10,0
1782327900,1.31595,1.31641,1.31595,1.31631,374,10,0
1782328200,1.31631,1.31641,1.316,1.3161,481,10,0
1782328500,1.3161100000000001,1.31663,1.31606,1.31654,413,10,0
1782328800,1.31654,1.31688,1.3165200000000001,1.3168199999999999,306,10,0
1782329100,1.31681,1.3173,1.31671,1.3173,329,10,0
1782329400,1.31731,1.31742,1.31717,1.31735,375,10,0
1782329700,1.31734,1.31787,1.3173300000000001,1.31757,462,10,0
1782330000,1.31757,1.31763,1.31687,1.31707,488,10,0
1782330300,1.31708,1.3171300000000001,1.3167900000000001,1.3168199999999999,345,10,0
1782330600,1.31683,1.31704,1.31681,1.31689,300,10,0
1782330900,1.31689,1.31701,1.3167900000000001,1.31701,187,10,0
1782331200,1.317,1.31717,1.31683,1.31707,331,10,0
1782331500,1.3170600000000001,1.31708,1.31647,1.31664,410,10,0
1782331800,1.31665,1.31668,1.31637,1.31641,318,11,0
1782332100,1.31642,1.31654,1.31625,1.3164500000000001,278,11,0
1782332400,1.31644,1.31644,1.31593,1.31609,332,10,0
1782332700,1.31608,1.31608,1.3158,1.31589,385,11,0
1782333000,1.31588,1.3167,1.31585,1.3164799999999999,475,10,0
1782333300,1.3164799999999999,1.31663,1.3159,1.31612,426,10,0
1782333600,1.31613,1.3161399999999999,1.31577,1.3159,255,10,0
1782333900,1.3159100000000001,1.31593,1.31554,1.31554,398,10,0
1782334200,1.31555,1.31567,1.31531,1.31552,378,10,0
1782334500,1.3155299999999999,1.3158699999999999,1.31548,1.31554,374,10,0
1782334800,1.31554,1.31572,1.31548,1.31562,457,10,0
1782335100,1.31564,1.31602,1.31563,1.3158699999999999,323,10,0
1782335400,1.3158699999999999,1.31612,1.31583,1.3159100000000001,306,10,0
1782335700,1.31592,1.31622,1.3159100000000001,1.3161399999999999,416,10,0
1782336000,1.3161399999999999,1.31633,1.3159100000000001,1.3163,391,10,0
1782336300,1.3163,1.31659,1.3163,1.3165,281,10,0
1782336600,1.31651,1.31692,1.31638,1.3164,345,11,0
1782336900,1.31639,1.31643,1.3162,1.31635,267,11,0
1782337200,1.31636,1.3164500000000001,1.3161800000000001,1.31624,175,10,0
1782337500,1.31623,1.3163,1.31615,1.3163,191,10,0
1782337800,1.31631,1.31644,1.31623,1.31634,304,10,0
1782338100,1.31634,1.31644,1.3159,1.31613,431,11,0
1782338400,1.31613,1.31647,1.31604,1.31641,399,10,0
1782338700,1.31641,1.31642,1.31592,1.316,378,10,0
1782339000,1.316,1.31601,1.31581,1.31582,369,10,0
1782339300,1.31582,1.31582,1.31554,1.31568,458,10,0
1782339600,1.31567,1.31592,1.31567,1.31582,405,10,0
1782339900,1.31583,1.3159399999999999,1.31575,1.31592,334,10,0
1782340200,1.31593,1.3161800000000001,1.31588,1.31596,282,11,0
1782340500,1.31598,1.3161,1.31593,1.31609,362,10,0
1782340800,1.31609,1.31619,1.31595,1.3161100000000001,373,10,0
1782341100,1.31612,1.31626,1.31612,1.31613,331,10,0
1782341400,1.31608,1.31639,1.31598,1.31633,373,10,0
1782341700,1.31633,1.31635,1.31597,1.31598,303,10,0
1782342000,1.31598,1.31633,1.3158699999999999,1.3162,408,11,0
1782342300,1.31619,1.31635,1.31619,1.31629,256,11,0
1782342600,1.31626,1.31639,1.31619,1.3163,211,10,0
1782342900,1.3163,1.31643,1.3162,1.3164,117,10,0
1782343200,1.3164,1.3164799999999999,1.31632,1.31642,157,11,0
1782343500,1.31644,1.31668,1.31641,1.31665,122,11,0
1782343800,1.31665,1.31685,1.3166,1.31661,186,10,0
1782344100,1.31662,1.31674,1.31662,1.31669,180,10,0
1782344400,1.31668,1.31677,1.31668,1.31671,202,10,0
1782344700,1.3167,1.31671,1.31642,1.31643,151,11,0
1782345000,1.31643,1.3167,1.31638,1.3166,97,12,0
1782345300,1.31658,1.31692,1.3164,1.3164,367,10,0
1782345600,1.31617,1.31627,1.31617,1.31627,3,86,0
1782345900,1.31589,1.31622,1.3158699999999999,1.3158699999999999,4,66,0
1782346200,1.31622,1.31622,1.31545,1.316,28,66,0
1782346500,1.3164,1.31654,1.3159399999999999,1.31595,37,78,0
1782346800,1.31595,1.31596,1.31583,1.31592,14,130,0
1782347100,1.31592,1.31592,1.31592,1.31592,5,126,0
1782347400,1.31592,1.3165499999999999,1.31536,1.31554,123,108,0
1782347700,1.3155299999999999,1.31583,1.31539,1.31555,629,131,0
1782348000,1.31556,1.31596,1.31541,1.31577,170,140,0
1782348300,1.3159399999999999,1.31608,1.31549,1.31579,521,107,0
1782348600,1.3158,1.31586,1.31561,1.31566,109,144,0
1782348900,1.31567,1.31586,1.31563,1.31586,36,142,0
1782349200,1.31588,1.31646,1.3158699999999999,1.31641,54,32,0
1782349500,1.31641,1.3165,1.3163,1.3163,37,20,0
1782349800,1.31632,1.31644,1.31631,1.31636,47,19,0
1782350100,1.31635,1.31636,1.31629,1.3163,49,18,0
1782350400,1.3163,1.31635,1.31628,1.31631,92,15,0
1782350700,1.3163,1.31641,1.3163,1.3164,35,15,0
1782351000,1.3164,1.31653,1.3164,1.31651,60,14,0
1782351300,1.3165200000000001,1.3165200000000001,1.3165,1.31651,58,17,0
1782351600,1.3165200000000001,1.31667,1.31651,1.31659,112,13,0
1782351900,1.31659,1.31661,1.31658,1.3166,28,18,0
1782352200,1.31659,1.3166,1.3164,1.3164,49,18,0
1782352500,1.3164,1.3164799999999999,1.3164,1.3164500000000001,46,16,0
1782352800,1.31644,1.31649,1.31631,1.31633,98,15,0
1782353100,1.31632,1.31637,1.31631,1.31636,32,14,0
1782353400,1.31636,1.31643,1.31631,1.31634,104,14,0
1782353700,1.31635,1.3165,1.31634,1.31643,99,14,0
1782354000,1.31643,1.31647,1.31637,1.31641,50,13,0
1782354300,1.31641,1.31644,1.31635,1.31635,26,13,0
1782354600,1.31633,1.31635,1.31628,1.31632,72,14,0
1782354900,1.31633,1.31643,1.3163,1.31642,53,13,0
1782355200,1.31641,1.3165499999999999,1.31637,1.31644,180,11,0
1782355500,1.31643,1.31662,1.31639,1.31643,173,11,0
1782355800,1.31642,1.31643,1.3163,1.31635,123,13,0
1782356100,1.31636,1.31651,1.31631,1.31636,141,12,0
1782356400,1.31636,1.31643,1.31605,1.3164,444,10,0
1782356700,1.3164,1.31651,1.31623,1.31625,288,13,0
1782357000,1.31624,1.31631,1.31601,1.3161,356,11,0
1782357300,1.3161,1.3162099999999999,1.31604,1.31609,419,12,0
1782357600,1.31609,1.31628,1.31602,1.31616,321,12,0
1782357900,1.31617,1.3161800000000001,1.31597,1.31612,215,13,0
1782358200,1.3161100000000001,1.3161100000000001,1.31586,1.31589,193,12,0
1782358500,1.31589,1.31589,1.31576,1.31581,189,12,0
1782358800,1.3158,1.31599,1.3158,1.31598,159,11,0
1782359100,1.31598,1.31608,1.3159100000000001,1.31601,237,11,0
1782359400,1.31602,1.3164799999999999,1.316,1.31636,237,10,0
1782359700,1.31637,1.31641,1.3162099999999999,1.31624,263,11,0
1782360000,1.31626,1.31676,1.31619,1.3167,431,11,0
1782360300,1.3167,1.3170899999999999,1.3165,1.31704,380,10,0
1782360600,1.31705,1.31728,1.31684,1.31726,301,11,0
1782360900,1.31727,1.31817,1.3171599999999999,1.31815,504,10,0
1782361200,1.31814,1.31822,1.31791,1.3179400000000001,450,11,0
1782361500,1.31795,1.3180100000000001,1.31749,1.31759,336,10,0
1782361800,1.3176,1.31793,1.31715,1.31722,466,11,0
1782362100,1.31721,1.31754,1.3170899999999999,1.31749,605,11,0
1782362400,1.31749,1.31751,1.31723,1.31732,461,10,0
1782362700,1.3173300000000001,1.3173300000000001,1.31705,1.31714,493,11,0
1782363000,1.31715,1.31734,1.31708,1.31719,257,10,0
1782363300,1.31718,1.31731,1.31691,1.31703,400,12,0
1782363600,1.31703,1.31721,1.3168199999999999,1.31711,344,12,0
1782363900,1.31711,1.3175,1.31707,1.3173599999999999,341,11,0
1782364200,1.31737,1.31739,1.3171300000000001,1.31737,374,10,0
1782364500,1.31735,1.31768,1.31722,1.31765,336,12,0
1782364800,1.31764,1.31788,1.3176,1.3176999999999999,278,10,0
1782365100,1.31771,1.3179,1.3176999999999999,1.3178,253,12,0
1782365400,1.3178,1.31781,1.3176,1.31766,330,12,0
1782365700,1.3176700000000001,1.3179400000000001,1.31765,1.31793,223,11,0
1782366000,1.31793,1.31793,1.31755,1.31759,180,12,0
1782366300,1.3176,1.31763,1.31744,1.31753,185,11,0
1782366600,1.31754,1.31764,1.31742,1.31763,201,10,0
1782366900,1.31762,1.31775,1.31756,1.3177400000000001,151,11,0
1782367200,1.3177400000000001,1.3180100000000001,1.31769,1.31798,214,12,0
1782367500,1.31798,1.31811,1.31783,1.31787,206,12,0
1782367800,1.31788,1.31793,1.31778,1.31791,188,11,0
1782368100,1.31792,1.31807,1.31768,1.31806,238,11,0
1782368400,1.31806,1.31811,1.3178,1.31795,259,11,0
1782368700,1.31796,1.31802,1.31783,1.31787,441,12,0
1782369000,1.31787,1.3179699999999999,1.31779,1.31783,320,10,0
1782369300,1.31781,1.31784,1.31771,1.31782,245,10,0
1782369600,1.31782,1.31791,1.31779,1.31789,162,11,0
1782369900,1.31789,1.31808,1.3178,1.31802,223,11,0
1782370200,1.31803,1.31827,1.31802,1.3182,227,12,0
1782370500,1.31819,1.31823,1.31799,1.31816,136,12,0
1782370800,1.31817,1.3182,1.3180100000000001,1.3180100000000001,240,11,0
1782371100,1.31802,1.31811,1.31792,1.3181,139,10,0
1782371400,1.3181,1.31842,1.3181,1.31832,155,10,0
1782371700,1.31833,1.31837,1.31821,1.31836,130,10,0
1782372000,1.31837,1.31844,1.3183099999999999,1.3183099999999999,200,11,0
1782372300,1.3183099999999999,1.31848,1.3183,1.31837,199,11,0
1782372600,1.31839,1.31842,1.31817,1.31821,144,12,0
1782372900,1.3182,1.3183099999999999,1.31808,1.31808,121,11,0
1782373200,1.31809,1.31809,1.31793,1.3180100000000001,214,12,0
1782373500,1.318,1.31807,1.31791,1.31799,144,11,0
1782373800,1.318,1.31816,1.31799,1.31811,113,10,0
1782374100,1.3181,1.31822,1.31807,1.31815,130,10,0
1782374400,1.31815,1.31841,1.31814,1.3184,181,10,0
1782374700,1.31841,1.31845,1.31824,1.3183500000000001,139,11,0
1782375000,1.31836,1.31842,1.31813,1.31815,154,12,0
1782375300,1.31814,1.31815,1.31791,1.31796,207,11,0
1782375600,1.31795,1.31798,1.31786,1.31793,206,11,0
1782375900,1.3179400000000001,1.31803,1.31787,1.31793,282,10,0
1782376200,1.31793,1.31798,1.31768,1.31781,299,10,0
1782376500,1.31782,1.3180100000000001,1.3178,1.31783,149,12,0
1782376800,1.31782,1.31788,1.31773,1.31781,166,12,0
1782377100,1.31781,1.31784,1.3176700000000001,1.31782,146,12,0
1782377400,1.31782,1.31795,1.3176700000000001,1.31772,153,11,0
1782377700,1.31772,1.31773,1.31749,1.31753,198,10,0
1782378000,1.3175,1.31771,1.31745,1.3176,269,10,0
1782378300,1.31761,1.31769,1.31731,1.31752,248,10,0
1782378600,1.3175,1.31785,1.31748,1.31783,190,10,0
1782378900,1.31782,1.31782,1.31756,1.31764,224,10,0
1782379200,1.31764,1.31783,1.31755,1.31779,261,10,0
1782379500,1.31778,1.3178,1.3173599999999999,1.31738,408,10,0
1782379800,1.31738,1.31738,1.3167,1.31674,476,10,0
1782380100,1.31674,1.31707,1.31671,1.3170600000000001,406,10,0
1782380400,1.31705,1.3170600000000001,1.3168,1.317,308,10,0
1782380700,1.31701,1.31722,1.31691,1.31715,233,10,0
1782381000,1.31714,1.31746,1.3171300000000001,1.31722,395,10,0
1782381300,1.31722,1.3173300000000001,1.31694,1.31726,556,10,0
1782381600,1.31727,1.3179400000000001,1.31722,1.31786,394,10,0
1782381900,1.31786,1.31817,1.3177400000000001,1.31782,358,10,0
1782382200,1.31783,1.31811,1.3174299999999999,1.31745,308,11,0
1782382500,1.31745,1.3175,1.317,1.31745,432,10,0
1782382800,1.31746,1.3178,1.31723,1.31756,371,10,0
1782383100,1.31759,1.31784,1.3174000000000001,1.31756,465,10,0
1782383400,1.31755,1.31813,1.31755,1.3179699999999999,495,10,0
1782383700,1.31798,1.31812,1.31784,1.31795,401,10,0
1782384000,1.3179400000000001,1.3179699999999999,1.31766,1.31772,241,10,0
1782384300,1.31772,1.31798,1.31761,1.31792,293,10,0
1782384600,1.3179400000000001,1.31832,1.31791,1.31808,225,10,0
1782384900,1.31809,1.31846,1.31795,1.3184,369,10,0
1782385200,1.31844,1.31881,1.3180399999999999,1.31824,547,10,0
1782385500,1.31822,1.31879,1.31819,1.31843,348,10,0
1782385800,1.31842,1.31882,1.31841,1.31842,252,10,0
1782386100,1.31842,1.31882,1.3183099999999999,1.31877,257,10,0
1782386400,1.31877,1.3193,1.31875,1.3193,315,10,0
1782386700,1.31927,1.31941,1.31904,1.3194,273,10,0
1782387000,1.31939,1.31959,1.3193,1.31946,334,10,0
1782387300,1.31945,1.31961,1.31939,1.31942,196,10,0
1782387600,1.31942,1.31954,1.31934,1.3195299999999999,182,11,0
1782387900,1.3195299999999999,1.3195299999999999,1.319,1.31906,333,10,0
1782388200,1.31907,1.31938,1.3188900000000001,1.3189,260,10,0
1782388500,1.3188900000000001,1.31901,1.31873,1.31898,273,11,0
1782388800,1.319,1.31914,1.3185799999999999,1.31913,292,10,0
1782389100,1.31914,1.31914,1.31881,1.31891,308,10,0
1782389400,1.3189199999999999,1.31903,1.31879,1.3189600000000001,159,10,0
1782389700,1.31895,1.31914,1.31886,1.31888,189,11,0
1782390000,1.3188900000000001,1.31905,1.31886,1.319,195,10,0
1782390300,1.31898,1.31936,1.31882,1.31935,251,10,0
1782390600,1.31935,1.3197,1.3193,1.31931,276,10,0
1782390900,1.3193,1.31931,1.3188,1.31898,237,10,0
1782391200,1.3189899999999999,1.3189899999999999,1.3186,1.31864,201,10,0
1782391500,1.3186499999999999,1.3186499999999999,1.31825,1.31853,234,11,0
1782391800,1.31854,1.31884,1.31849,1.31884,203,11,0
1782392100,1.31884,1.31886,1.31848,1.31849,243,10,0
1782392400,1.31848,1.31848,1.31783,1.31791,479,10,0
1782392700,1.3179,1.3179,1.3175,1.31758,377,10,0
1782393000,1.31757,1.31764,1.31727,1.3173599999999999,344,10,0
1782393300,1.3173599999999999,1.31752,1.31711,1.3173300000000001,230,10,0
1782393600,1.31734,1.31741,1.31717,1.31739,283,10,0
1782393900,1.3174000000000001,1.31751,1.31723,1.31746,210,10,0
1782394200,1.31746,1.31748,1.31707,1.3173300000000001,298,10,0
1782394500,1.3173300000000001,1.3174299999999999,1.3171599999999999,1.31722,197,10,0
1782394800,1.31721,1.3173,1.31689,1.31692,237,11,0
1782395100,1.31692,1.31692,1.3164799999999999,1.31661,266,10,0
1782395400,1.31662,1.31676,1.31638,1.3165,333,10,0
1782395700,1.3165,1.31684,1.31642,1.31683,323,10,0
1782396000,1.31684,1.31686,1.31629,1.3164799999999999,342,11,0
1782396300,1.3164799999999999,1.31653,1.31628,1.3164,189,10,0
1782396600,1.31639,1.31651,1.31629,1.31651,178,10,0
1782396900,1.3165,1.31659,1.31608,1.3161100000000001,219,10,0
1782397200,1.3161,1.31625,1.31599,1.31617,242,10,0
1782397500,1.31617,1.31627,1.31581,1.31581,280,10,0
1782397800,1.31581,1.31596,1.3157,1.3157,188,10,0
1782398100,1.31571,1.31578,1.31546,1.31561,333,10,0
1782398400,1.31561,1.31603,1.31559,1.3158,204,10,0
1782398700,1.3158,1.31581,1.3154,1.31542,235,10,0
1782399000,1.31541,1.31581,1.31524,1.31538,418,10,0
1782399300,1.31538,1.31548,1.31506,1.31547,390,10,0
1782399600,1.31547,1.3159399999999999,1.31538,1.31566,462,10,0
1782399900,1.31566,1.31603,1.31555,1.31592,191,10,0
1782400200,1.31592,1.31593,1.31558,1.31576,151,10,0
1782400500,1.31576,1.31578,1.31534,1.31567,275,10,0
1782400800,1.31566,1.31569,1.31544,1.31551,305,10,0
1782401100,1.31552,1.31573,1.31537,1.31566,293,10,0
1782401400,1.31566,1.31746,1.31566,1.31674,763,10,0
1782401700,1.3167499999999999,1.31786,1.31657,1.31755,883,10,0
1782402000,1.31756,1.31855,1.3171300000000001,1.31834,694,10,0
1782402300,1.31833,1.31861,1.3180399999999999,1.31813,678,10,0
1782402600,1.31814,1.31815,1.31769,1.31791,626,10,0
1782402900,1.3179,1.31816,1.3173599999999999,1.31757,574,10,0
1782403200,1.31756,1.31793,1.31737,1.31753,654,10,0
1782403500,1.31754,1.31785,1.3173,1.3173300000000001,446,10,0
1782403800,1.31734,1.31802,1.3173,1.318,371,10,0
1782404100,1.31802,1.31834,1.3180100000000001,1.31832,356,10,0
1782404400,1.31832,1.31941,1.3183099999999999,1.31934,404,10,0
1782404700,1.31934,1.31963,1.31922,1.31958,473,10,0
1782405000,1.31956,1.31978,1.31912,1.3192,679,10,0
1782405300,1.31916,1.31983,1.31916,1.31982,616,10,0
1782405600,1.31981,1.31982,1.31874,1.31879,682,10,0
1782405900,1.31879,1.31946,1.31852,1.31944,845,10,0
1782406200,1.31944,1.31968,1.31877,1.31886,869,10,0
1782406500,1.31887,1.31897,1.31842,1.31885,886,10,0
1782406800,1.31885,1.32149,1.31884,1.32147,1000,10,0
1782407100,1.32146,1.32182,1.32049,1.32083,983,10,0
1782407400,1.32084,1.32101,1.32024,1.32031,636,10,0
1782407700,1.3203,1.32066,1.3197999999999999,1.31994,590,10,0
1782408000,1.31994,1.32003,1.31909,1.31915,732,10,0
1782408300,1.31916,1.31986,1.31911,1.3197999999999999,592,10,0
1782408600,1.31979,1.32002,1.3195299999999999,1.31993,680,10,0
1782408900,1.31994,1.32016,1.31963,1.31986,716,10,0
1782409200,1.31986,1.32006,1.31955,1.32006,635,10,0
1782409500,1.32007,1.32036,1.31979,1.32036,592,10,0
1782409800,1.32035,1.32085,1.32008,1.32035,530,10,0
1782410100,1.32037,1.32083,1.32003,1.32008,712,10,0
1782410400,1.32007,1.32137,1.32005,1.32137,810,10,0
1782410700,1.32137,1.32168,1.3204099999999999,1.32047,878,10,0
1782411000,1.32047,1.32055,1.31982,1.32007,747,10,0
1782411300,1.32006,1.32058,1.31973,1.3205,778,10,0
1782411600,1.3205,1.3211,1.32033,1.3210899999999999,759,10,0
1782411900,1.3210899999999999,1.32151,1.32099,1.3214299999999999,716,10,0
1782412200,1.3214299999999999,1.32166,1.32096,1.32102,596,10,0
1782412500,1.32103,1.32131,1.3207499999999999,1.32076,512,10,0
1782412800,1.3207499999999999,1.32098,1.32056,1.32061,537,10,0
1782413100,1.32062,1.32115,1.3204,1.32076,626,10,0
1782413400,1.32076,1.32086,1.32051,1.32065,541,10,0
1782413700,1.32066,1.32153,1.32062,1.32144,519,10,0
1782414000,1.32145,1.32157,1.32119,1.32131,625,10,0
1782414300,1.3213,1.32141,1.321,1.32121,537,10,0
1782414600,1.3212,1.3214000000000001,1.32119,1.32129,316,10,0
1782414900,1.32129,1.32176,1.32123,1.32155,442,10,0
1782415200,1.32156,1.32185,1.32153,1.32158,451,10,0
1782415500,1.32158,1.32186,1.32152,1.32165,417,10,0
1782415800,1.32165,1.32166,1.3213,1.32142,398,10,0
1782416100,1.32141,1.32163,1.32125,1.32155,231,10,0
1782416400,1.32154,1.32155,1.32083,1.32089,299,10,0
1782416700,1.32088,1.3209,1.32054,1.32062,396,10,0
1782417000,1.32061,1.32063,1.32031,1.3205,371,10,0
1782417300,1.32051,1.32063,1.32039,1.32051,352,10,0
1782417600,1.3205200000000001,1.32053,1.32033,1.32037,365,10,0
1782417900,1.32037,1.32059,1.32019,1.32024,306,10,0
1782418200,1.32025,1.32043,1.32022,1.32031,379,10,0
1782418500,1.32031,1.32042,1.32017,1.32019,361,10,0
1782418800,1.32019,1.32022,1.32005,1.32015,300,10,0
1782419100,1.32015,1.32036,1.32009,1.3202099999999999,331,11,0
1782419400,1.3202,1.32027,1.3197999999999999,1.3199100000000001,284,10,0
1782419700,1.3199,1.32007,1.31982,1.31993,280,10,0
1782420000,1.31993,1.32012,1.31992,1.31993,438,10,0
1782420300,1.31994,1.32008,1.3198400000000001,1.32005,270,10,0
1782420600,1.32005,1.3204,1.32002,1.32032,340,10,0
1782420900,1.32032,1.32046,1.32012,1.32016,376,10,0
1782421200,1.32017,1.32017,1.31937,1.3195700000000001,722,10,0
1782421500,1.31956,1.31977,1.31941,1.31975,521,10,0
1782421800,1.31976,1.32032,1.31975,1.32026,338,10,0
1782422100,1.32025,1.32053,1.32016,1.32036,247,11,0
1782422400,1.32036,1.3204099999999999,1.3202099999999999,1.3203,222,10,0
1782422700,1.32029,1.32044,1.32029,1.32044,143,10,0
1782423000,1.32047,1.3205,1.32006,1.3201,298,10,0
1782423300,1.3201,1.32019,1.3199,1.32003,301,10,0
1782423600,1.32002,1.32003,1.31965,1.31971,395,10,0
1782423900,1.3197,1.3197999999999999,1.3195999999999999,1.3197999999999999,212,11,0
1782424200,1.31979,1.32026,1.31977,1.32016,203,10,0
1782424500,1.3201800000000001,1.32023,1.3197,1.31973,270,10,0
1782424800,1.31973,1.31994,1.31966,1.3198699999999999,378,10,0
1782425100,1.3198699999999999,1.31992,1.31963,1.31973,342,10,0
1782425400,1.31972,1.31994,1.31971,1.31993,333,10,0
1782425700,1.31994,1.32026,1.31992,1.32003,252,10,0
1782426000,1.32002,1.3203,1.32002,1.3203,253,10,0
1782426300,1.3203,1.32039,1.32016,1.32038,257,10,0
1782426600,1.32039,1.32047,1.3203,1.32042,344,10,0
1782426900,1.32042,1.32044,1.32023,1.32031,245,10,0
1782427200,1.3204099999999999,1.3204799999999999,1.31969,1.3198400000000001,485,10,0
1782427500,1.3198400000000001,1.3198699999999999,1.31956,1.3195700000000001,325,10,0
1782427800,1.3195999999999999,1.31968,1.31933,1.3195000000000001,497,10,0
1782428100,1.31951,1.31997,1.31951,1.31992,316,10,0
1782428400,1.31992,1.32009,1.31981,1.31989,384,10,0
1782428700,1.3199,1.31992,1.3195999999999999,1.31968,270,10,0
1782429000,1.31968,1.31971,1.31958,1.31964,237,11,0
1782429300,1.31965,1.31973,1.31956,1.31962,130,11,0
1782429600,1.31962,1.31971,1.31956,1.31961,75,10,0
1782429900,1.31963,1.31973,1.31963,1.31973,82,10,0
1782430200,1.31973,1.31975,1.31964,1.31964,135,10,0
1782430500,1.31965,1.31965,1.31945,1.31946,77,10,0
1782430800,1.31947,1.31959,1.31946,1.31947,223,10,0
1782431100,1.31948,1.31954,1.31944,1.31949,84,10,0
1782431400,1.3195000000000001,1.31951,1.31918,1.3191899999999999,176,10,0
1782431700,1.31917,1.3192,1.31881,1.31895,464,10,0
1782432000,1.31882,1.31885,1.31852,1.31885,6,89,0
1782432300,1.31852,1.3198699999999999,1.31839,1.31913,413,50,0
1782432600,1.31903,1.31956,1.31886,1.3191899999999999,152,73,0
1782432900,1.31936,1.31942,1.3191899999999999,1.31937,405,57,0
1782433200,1.31938,1.31944,1.31913,1.31942,70,45,0
1782433500,1.31941,1.31941,1.31901,1.31914,41,63,0
1782433800,1.3191,1.31914,1.31875,1.3189,30,62,0
1782434100,1.31891,1.31903,1.31885,1.31886,30,64,0
1782434400,1.31881,1.31949,1.31881,1.31931,56,39,0
1782434700,1.3192599999999999,1.31964,1.31909,1.31937,82,49,0
1782435000,1.31937,1.31963,1.31898,1.31901,102,84,0
1782435300,1.31901,1.31937,1.31873,1.31924,101,54,0
1782435600,1.31924,1.3193,1.31907,1.31922,109,36,0
1782435900,1.3192,1.31931,1.3192,1.31931,43,26,0
1782436200,1.31931,1.31936,1.31921,1.3192599999999999,42,19,0
1782436500,1.31925,1.31931,1.31922,1.31924,53,15,0
1782436800,1.31924,1.31928,1.31921,1.31928,33,15,0
1782437100,1.31928,1.31928,1.3191,1.3191,74,16,0
1782437400,1.31911,1.3191899999999999,1.3191,1.31917,93,15,0
1782437700,1.31916,1.31922,1.3191,1.31911,89,13,0
1782438000,1.31911,1.31912,1.31905,1.31905,42,15,0
1782438300,1.31904,1.31911,1.319,1.31903,108,11,0
1782438600,1.31903,1.31906,1.31895,1.31898,104,15,0
1782438900,1.31898,1.31924,1.31897,1.3192,179,14,0
1782439200,1.3191899999999999,1.3193,1.31877,1.31893,212,12,0
1782439500,1.3189199999999999,1.31894,1.3188,1.31881,75,12,0
1782439800,1.31882,1.31893,1.31881,1.31887,130,15,0
1782440100,1.31888,1.31888,1.3186499999999999,1.31875,223,11,0
1782440400,1.31874,1.3188,1.31869,1.3187,201,14,0
1782440700,1.31871,1.31884,1.31869,1.31883,182,14,0
1782441000,1.31882,1.31891,1.31854,1.3186,229,11,0
1782441300,1.31859,1.3186499999999999,1.3185,1.31863,231,12,0
1782441600,1.31863,1.31875,1.31861,1.31873,149,12,0
1782441900,1.31873,1.31881,1.31863,1.31872,173,12,0
1782442200,1.31872,1.31881,1.31861,1.31878,162,11,0
1782442500,1.31879,1.3188,1.31839,1.31867,197,12,0
1782442800,1.31869,1.31894,1.31864,1.3189,445,11,0
1782443100,1.3188900000000001,1.31902,1.31879,1.31902,391,10,0
1782443400,1.31902,1.31911,1.31884,1.31911,320,10,0
1782443700,1.31911,1.31922,1.3189600000000001,1.3191,328,10,0
1782444000,1.31911,1.31927,1.31904,1.31917,347,11,0
1782444300,1.31917,1.31922,1.31903,1.31921,434,11,0
1782444600,1.3192,1.31934,1.3191,1.31915,349,10,0
1782444900,1.31915,1.31925,1.31884,1.31884,429,11,0
1782445200,1.31885,1.31913,1.31885,1.31909,417,12,0
1782445500,1.31908,1.31925,1.31905,1.31909,394,12,0
1782445800,1.31909,1.31931,1.3189600000000001,1.31907,261,10,0
1782446100,1.31907,1.31932,1.31905,1.31924,338,11,0
1782446400,1.31924,1.31961,1.3192300000000001,1.31951,439,12,0
1782446700,1.31951,1.3195999999999999,1.31936,1.3195700000000001,292,11,0
1782447000,1.31958,1.31973,1.31951,1.3195999999999999,353,12,0
1782447300,1.31961,1.3199,1.31951,1.31976,307,11,0
1782447600,1.31977,1.31983,1.31959,1.31961,208,12,0
1782447900,1.31961,1.3197,1.3195299999999999,1.3197,284,12,0
1782448200,1.31972,1.31977,1.3191899999999999,1.3191899999999999,515,12,0
1782448500,1.3191899999999999,1.31921,1.31872,1.31901,683,11,0
1782448800,1.319,1.31904,1.3188900000000001,1.31893,403,12,0
1782449100,1.3189199999999999,1.3189600000000001,1.3187,1.31878,446,10,0
1782449400,1.31879,1.31885,1.3186499999999999,1.3188,244,11,0
1782449700,1.31881,1.31903,1.31869,1.31903,320,10,0
1782450000,1.31904,1.31922,1.31895,1.31907,253,11,0
1782450300,1.31906,1.3192,1.31904,1.31911,195,11,0
1782450600,1.31911,1.31912,1.31877,1.31879,274,10,0
1782450900,1.31875,1.31883,1.3184,1.31843,325,10,0
1782451200,1.31844,1.31852,1.31815,1.3182,306,11,0
1782451500,1.31821,1.31833,1.31809,1.31821,330,10,0
1782451800,1.31822,1.31834,1.31816,1.31829,235,10,0
1782452100,1.3183,1.31834,1.31813,1.3183,285,11,0
1782452400,1.3183,1.3186200000000001,1.3182,1.31844,230,12,0
1782452700,1.31844,1.31845,1.3183099999999999,1.31833,287,11,0
1782453000,1.31834,1.31845,1.31803,1.3181,305,10,0
1782453300,1.31811,1.31832,1.31798,1.31827,277,10,0
1782453600,1.3182800000000001,1.31863,1.31821,1.31856,274,11,0
1782453900,1.31857,1.3186200000000001,1.31848,1.3186,196,11,0
1782454200,1.31861,1.3189199999999999,1.3186,1.31879,283,11,0
1782454500,1.31879,1.31894,1.3187,1.3189,227,11,0
1782454800,1.3188900000000001,1.3188900000000001,1.3186499999999999,1.3187,172,11,0
1782455100,1.31871,1.31887,1.3187,1.31881,321,11,0
1782455400,1.3188,1.31881,1.31852,1.31861,283,11,0
1782455700,1.3186,1.31891,1.31859,1.31874,273,11,0
1782456000,1.31875,1.31924,1.31869,1.31924,368,11,0
1782456300,1.3192300000000001,1.3192300000000001,1.31903,1.31908,330,12,0
1782456600,1.31907,1.31968,1.31906,1.3195999999999999,329,12,0
1782456900,1.31961,1.31975,1.31955,1.31972,299,11,0
1782457200,1.31972,1.3199100000000001,1.3195999999999999,1.3197999999999999,259,11,0
1782457500,1.3197999999999999,1.31982,1.31965,1.31968,248,12,0
1782457800,1.31967,1.31988,1.31967,1.31982,180,12,0
1782458100,1.31982,1.31997,1.31977,1.3199100000000001,171,11,0
1782458400,1.31992,1.31996,1.31981,1.31981,237,11,0
1782458700,1.31982,1.3201100000000001,1.31981,1.31997,280,11,0
1782459000,1.31996,1.31999,1.31968,1.3197,285,11,0
1782459300,1.31969,1.3198400000000001,1.31965,1.31966,264,11,0
1782459600,1.31965,1.31981,1.31945,1.31978,361,12,0
1782459900,1.31978,1.3198400000000001,1.31973,1.31983,247,11,0
1782460200,1.3198400000000001,1.3201100000000001,1.31981,1.32004,183,12,0
1782460500,1.32003,1.3201,1.31996,1.32006,259,12,0
1782460800,1.32007,1.32015,1.31985,1.3199,284,12,0
1782461100,1.3199,1.32013,1.3198400000000001,1.3201100000000001,223,11,0
1782461400,1.3201100000000001,1.32015,1.31998,1.32013,206,10,0
1782461700,1.3201399999999999,1.32028,1.31997,1.32007,308,12,0
1782462000,1.32008,1.32012,1.31992,1.31995,235,12,0
1782462300,1.31995,1.3204099999999999,1.31993,1.32033,261,12,0
1782462600,1.32036,1.3205,1.32031,1.32033,313,11,0
1782462900,1.32034,1.3204500000000001,1.3202099999999999,1.3204,239,12,0
1782463200,1.32039,1.32068,1.32033,1.32056,272,12,0
1782463500,1.32056,1.32056,1.32035,1.32046,297,11,0
1782463800,1.32046,1.32071,1.32039,1.32067,254,10,0
1782464100,1.32067,1.32067,1.32046,1.32046,250,11,0
1782464400,1.3204500000000001,1.32055,1.32002,1.3201,492,10,0
1782464700,1.3201,1.3201100000000001,1.3197999999999999,1.31982,359,10,0
1782465000,1.31982,1.31998,1.31963,1.31988,378,11,0
1782465300,1.3198699999999999,1.3201100000000001,1.3198400000000001,1.32003,333,10,0
1782465600,1.32004,1.32036,1.32004,1.32031,475,10,0
1782465900,1.3203,1.32037,1.32009,1.32035,428,10,0
1782466200,1.32036,1.32067,1.32033,1.3204500000000001,464,10,0
1782466500,1.3204500000000001,1.3204500000000001,1.31995,1.31997,484,10,0
1782466800,1.31997,1.32009,1.31959,1.3195999999999999,380,10,0
1782467100,1.31961,1.3201,1.31943,1.31943,289,10,0
1782467400,1.31941,1.3199,1.31932,1.31981,336,10,0
1782467700,1.31981,1.31992,1.31963,1.31964,383,11,0
1782468000,1.31963,1.31985,1.31924,1.31927,482,10,0
1782468300,1.31927,1.31962,1.31917,1.31951,443,10,0
1782468600,1.3195000000000001,1.31976,1.31944,1.3195000000000001,328,10,0
1782468900,1.31949,1.3198400000000001,1.31947,1.31962,316,11,0
1782469200,1.31963,1.31966,1.31939,1.31959,344,10,0
1782469500,1.3195999999999999,1.31964,1.31905,1.31911,482,10,0
1782469800,1.31911,1.3198699999999999,1.31903,1.31971,350,10,0
1782470100,1.31971,1.32101,1.3197,1.32101,334,10,0
1782470400,1.321,1.32112,1.32058,1.32066,366,10,0
1782470700,1.32063,1.32067,1.3204,1.32053,280,10,0
1782471000,1.32051,1.32059,1.31999,1.3203,342,10,0
1782471300,1.32031,1.32053,1.3202099999999999,1.32042,332,10,0
1782471600,1.32042,1.32066,1.31994,1.32001,452,10,0
1782471900,1.32002,1.32135,1.31983,1.32122,390,10,0
1782472200,1.32122,1.32122,1.32049,1.32092,546,10,0
1782472500,1.32091,1.32134,1.3206,1.32104,395,10,0
1782472800,1.32103,1.32103,1.32028,1.32074,309,10,0
1782473100,1.3207499999999999,1.32137,1.32059,1.32135,391,10,0
1782473400,1.32132,1.32137,1.32056,1.3208199999999999,377,10,0
1782473700,1.3208199999999999,1.32112,1.32064,1.32104,238,10,0
1782474000,1.32104,1.32157,1.32097,1.32154,370,11,0
1782474300,1.32154,1.3219400000000001,1.32132,1.32149,300,10,0
1782474600,1.32148,1.32217,1.32145,1.32205,352,10,0
1782474900,1.3220399999999999,1.3220399999999999,1.32155,1.32158,434,10,0
1782475200,1.32159,1.32161,1.32107,1.32108,507,10,0
1782475500,1.32107,1.3214000000000001,1.32101,1.3213300000000001,432,10,0
1782475800,1.32132,1.32134,1.32092,1.32102,261,10,0
1782476100,1.32102,1.32142,1.32073,1.3213,475,10,0
1782476400,1.32131,1.32145,1.32119,1.32125,357,10,0
1782476700,1.32124,1.32182,1.32118,1.32179,274,11,0
1782477000,1.3218,1.322,1.32145,1.32199,278,10,0
1782477300,1.32198,1.32215,1.32193,1.32209,268,10,0
1782477600,1.3221,1.3226200000000001,1.3221,1.32219,300,10,0
1782477900,1.32219,1.32278,1.32209,1.32256,369,10,0
1782478200,1.32257,1.32279,1.32242,1.32243,309,10,0
1782478500,1.32243,1.32243,1.32183,1.32184,427,10,0
1782478800,1.32184,1.32212,1.32152,1.32177,448,10,0
1782479100,1.32176,1.32212,1.32163,1.3216999999999999,319,10,0
1782479400,1.32171,1.32203,1.32148,1.3220100000000001,286,10,0
1782479700,1.322,1.32218,1.32175,1.32175,308,10,0
1782480000,1.32175,1.32193,1.32152,1.3217400000000001,320,11,0
1782480300,1.32175,1.3219,1.32152,1.3219,203,10,0
1782480600,1.3219,1.32209,1.32182,1.3220399999999999,242,10,0
1782480900,1.32203,1.32203,1.32169,1.32189,257,10,0
1782481200,1.32189,1.32199,1.32163,1.32173,340,10,0
1782481500,1.32173,1.32189,1.32163,1.32178,302,10,0
1782481800,1.32179,1.32217,1.3216999999999999,1.32216,289,10,0
1782482100,1.32215,1.3223,1.3219400000000001,1.32215,322,10,0
1782482400,1.32216,1.32223,1.32186,1.3220399999999999,510,10,0
1782482700,1.32205,1.32205,1.32176,1.3220100000000001,334,10,0
1782483000,1.32202,1.32241,1.32181,1.32183,414,10,0
1782483300,1.32182,1.32213,1.3215,1.32202,356,10,0
1782483600,1.322,1.32222,1.32187,1.32189,375,10,0
1782483900,1.3219,1.322,1.32169,1.32199,448,10,0
1782484200,1.322,1.32218,1.32191,1.32198,366,10,0
1782484500,1.32198,1.32198,1.3216,1.32179,555,10,0
1782484800,1.32181,1.32186,1.3216,1.32162,454,10,0
1782485100,1.32162,1.32177,1.32137,1.32141,423,10,0
1782485400,1.32141,1.32148,1.32101,1.32134,444,10,0
1782485700,1.3213300000000001,1.32165,1.3212,1.32162,470,10,0
1782486000,1.32161,1.32189,1.32155,1.32176,470,10,0
1782486300,1.32175,1.3220100000000001,1.32163,1.32182,431,10,0
1782486600,1.32182,1.32203,1.32172,1.32182,376,10,0
1782486900,1.32182,1.32208,1.32175,1.32182,452,10,0
1782487200,1.32181,1.32186,1.32087,1.3209,572,10,0
1782487500,1.32091,1.32154,1.32091,1.32142,403,10,0
1782487800,1.32142,1.3216999999999999,1.32054,1.32061,431,10,0
1782488100,1.3206,1.32089,1.32028,1.32059,511,10,0
1782488400,1.32059,1.32089,1.32049,1.32073,379,10,0
1782488700,1.32073,1.3207499999999999,1.31997,1.32008,501,10,0
1782489000,1.32008,1.32137,1.31996,1.32097,447,10,0
1782489300,1.32103,1.32176,1.32057,1.32101,877,10,0
1782489600,1.32102,1.32152,1.32083,1.32149,798,10,0
1782489900,1.32149,1.32213,1.32132,1.32146,508,10,0
1782490200,1.3215,1.32179,1.32142,1.32166,505,10,0
1782490500,1.32166,1.3217400000000001,1.3201100000000001,1.3209,625,10,0
1782490800,1.32087,1.3218,1.32056,1.32157,695,10,0
1782491100,1.32157,1.32186,1.32145,1.32173,531,10,0
1782491400,1.32173,1.32185,1.32124,1.3216999999999999,768,10,0
1782491700,1.32171,1.3219,1.32146,1.32156,644,10,0
1782492000,1.32157,1.32177,1.3214000000000001,1.3216700000000001,650,10,0
1782492300,1.32168,1.32172,1.32124,1.32154,614,10,0
1782492600,1.32155,1.32184,1.3214000000000001,1.32171,529,10,0
1782492900,1.32172,1.32251,1.32159,1.32242,594,10,0
1782493200,1.3223799999999999,1.3229,1.32233,1.32244,578,10,0
1782493500,1.32243,1.32272,1.32216,1.32223,579,10,0
1782493800,1.32226,1.3226200000000001,1.3222,1.32253,558,10,0
1782494100,1.32254,1.32305,1.32242,1.32252,513,10,0
1782494400,1.32252,1.32314,1.32252,1.3228,365,10,0
1782494700,1.3228,1.32308,1.32219,1.3222800000000001,465,10,0
1782495000,1.3222800000000001,1.3225,1.32203,1.32213,364,10,0
1782495300,1.32212,1.32246,1.32212,1.32234,305,10,0
1782495600,1.3223500000000001,1.3223500000000001,1.32153,1.32184,424,10,0
1782495900,1.32183,1.3221,1.32152,1.32171,461,10,0
1782496200,1.32172,1.32175,1.3206,1.32073,648,10,0
1782496500,1.32069,1.32069,1.31967,1.31968,723,10,0
1782496800,1.31968,1.32022,1.31968,1.31998,644,10,0
1782497100,1.31999,1.32061,1.31988,1.32059,338,10,0
1782497400,1.32059,1.321,1.32042,1.32084,382,10,0
1782497700,1.32085,1.3210600000000001,1.3207200000000001,1.32089,416,10,0
1782498000,1.32089,1.32157,1.32089,1.32149,464,10,0
1782498300,1.32147,1.32164,1.32122,1.32151,420,10,0
1782498600,1.32158,1.3217400000000001,1.3212,1.32137,450,10,0
1782498900,1.32138,1.32193,1.3213599999999999,1.32183,323,10,0
1782499200,1.32184,1.32203,1.32159,1.32173,343,10,0
1782499500,1.3217400000000001,1.32222,1.3216700000000001,1.32212,323,10,0
1782499800,1.32213,1.32215,1.32108,1.32155,742,10,0
1782500100,1.32156,1.32218,1.32153,1.32205,522,10,0
1782500400,1.32206,1.32208,1.32163,1.32182,482,10,0
1782500700,1.32182,1.32193,1.32149,1.32154,306,10,0
1782501000,1.32155,1.3216999999999999,1.32147,1.32165,388,10,0
1782501300,1.32165,1.3217400000000001,1.32151,1.32163,277,10,0
1782501600,1.32165,1.3216999999999999,1.32108,1.32114,578,10,0
1782501900,1.32114,1.32132,1.32102,1.32114,429,10,0
1782502200,1.32115,1.32135,1.32081,1.32084,427,10,0
1782502500,1.32084,1.32094,1.32039,1.3206,318,10,0
1782502800,1.32061,1.32073,1.32044,1.3205200000000001,323,10,0
1782503100,1.32051,1.32064,1.32038,1.3204500000000001,299,10,0
1782503400,1.32044,1.32066,1.3204099999999999,1.32053,191,10,0
1782503700,1.32053,1.32062,1.32046,1.32053,174,10,0
1782504000,1.32055,1.3206,1.3204,1.3205,261,10,0
1782504300,1.32051,1.3208199999999999,1.32042,1.3208,208,10,0
1782504600,1.3208,1.32093,1.32064,1.32074,206,10,0
1782504900,1.32074,1.32074,1.32033,1.32034,202,10,0
1782505200,1.32034,1.32046,1.32022,1.32034,210,10,0
1782505500,1.32035,1.32043,1.3202099999999999,1.32023,309,10,0
1782505800,1.32024,1.32042,1.31996,1.32001,302,10,0
1782506100,1.32001,1.32006,1.3198400000000001,1.31992,235,10,0
1782506400,1.31992,1.32028,1.31978,1.32023,252,10,0
1782506700,1.32023,1.32032,1.32003,1.3201100000000001,248,10,0
1782507000,1.32012,1.32027,1.3201100000000001,1.3202,308,10,0
1782507300,1.3202099999999999,1.32024,1.31985,1.31997,245,10,0
1782507600,1.31999,1.32055,1.31996,1.32054,302,10,0
1782507900,1.32054,1.32056,1.32037,1.32043,260,10,0
1782508200,1.32043,1.3204500000000001,1.32033,1.3204099999999999,274,10,0
1782508500,1.3204,1.32044,1.32012,1.32024,272,10,0
1782508800,1.32024,1.32028,1.32009,1.3201100000000001,234,10,0
1782509100,1.3201,1.32027,1.32009,1.32023,168,10,0
1782509400,1.32024,1.3204799999999999,1.32023,1.32046,255,10,0
1782509700,1.3204500000000001,1.32047,1.32024,1.32028,202,10,0
1782510000,1.32029,1.3203,1.32015,1.3202,204,10,0
1782510300,1.32019,1.32019,1.31982,1.32,300,10,0
1782510600,1.32,1.3202099999999999,1.31994,1.3201100000000001,248,10,0
1782510900,1.32012,1.32031,1.3199100000000001,1.3199100000000001,299,10,0
1782511200,1.3199100000000001,1.31995,1.3197999999999999,1.31982,221,10,0
1782511500,1.31982,1.32007,1.31974,1.32004,245,10,0
1782511800,1.32004,1.32005,1.3199100000000001,1.32002,230,10,0
1782512100,1.32001,1.32003,1.3197999999999999,1.31981,264,10,0
1782512400,1.3197999999999999,1.31983,1.31955,1.3195700000000001,209,10,0
1782512700,1.31956,1.31962,1.31952,1.3195999999999999,249,10,0
1782513000,1.3195999999999999,1.31988,1.31947,1.31979,342,10,0
1782513300,1.31978,1.31978,1.3195999999999999,1.31961,247,10,0
1782513600,1.3195999999999999,1.31968,1.3195000000000001,1.31962,172,10,0
1782513900,1.31961,1.31997,1.3195299999999999,1.31995,280,10,0
1782514200,1.31996,1.32022,1.31993,1.3201,314,10,0
1782514500,1.3201100000000001,1.3202099999999999,1.31974,1.31978,351,10,0
1782514800,1.3197999999999999,1.31995,1.31977,1.31993,270,10,0
1782515100,1.31993,1.31994,1.31972,1.3198699999999999,372,10,0
1782515400,1.3198699999999999,1.31998,1.3198699999999999,1.31993,138,10,0
1782515700,1.31993,1.32008,1.31993,1.32002,196,10,0
1782516000,1.32,1.32027,1.32,1.32027,105,12,0
1782516300,1.32029,1.32034,1.32015,1.3201800000000001,160,11,0
1782516600,1.32017,1.3203,1.31975,1.31988,345,11,0
1782516900,1.3198699999999999,1.31994,1.31937,1.31951,510,10,0
1782517200,1.31951,1.32007,1.31941,1.32007,209,10,0
1782517500,1.32008,1.32013,1.31948,1.31962,306,10,0
1782517800,1.3195999999999999,1.31964,1.31916,1.31918,277,13,0
1782518100,1.3191899999999999,1.31958,1.31913,1.31947,148,14,0
1782691200,1.31986,1.31986,1.31986,1.31986,4,157,0
1782691500,1.31974,1.31982,1.31974,1.31982,6,157,0
1782691800,1.31983,1.31983,1.31972,1.31977,13,157,0
1782692100,1.31979,1.3197999999999999,1.31914,1.31914,33,157,0
1782692400,1.31916,1.31931,1.3189,1.31891,16,157,0
1782692700,1.3189199999999999,1.319,1.3188,1.31885,20,148,0
1782693000,1.31884,1.31965,1.31877,1.31964,42,111,0
1782693300,1.31963,1.31971,1.31884,1.31907,74,112,0
1782693600,1.31906,1.31913,1.31871,1.31874,26,112,0
1782693900,1.31874,1.31918,1.31872,1.31879,33,93,0
1782694200,1.31876,1.31943,1.31872,1.31939,26,88,0
1782694500,1.31942,1.31976,1.31942,1.31965,143,157,0
1782694800,1.31978,1.3199,1.31875,1.31963,95,17,0
1782695100,1.31965,1.31976,1.31947,1.31947,50,17,0
1782695400,1.31946,1.31949,1.31927,1.3193,161,14,0
1782695700,1.31929,1.3193,1.31908,1.31909,166,13,0
1782696000,1.31908,1.31922,1.319,1.31912,222,14,0
1782696300,1.31912,1.31931,1.3191,1.3192,57,13,0
1782696600,1.3192,1.31942,1.31918,1.31941,91,12,0
1782696900,1.31941,1.31944,1.3193,1.31941,43,11,0
1782697200,1.31943,1.31954,1.31943,1.31951,63,13,0
1782697500,1.31951,1.3195999999999999,1.3195000000000001,1.3195999999999999,15,15,0
1782697800,1.3195999999999999,1.31962,1.3192300000000001,1.31936,22,13,0
1782698100,1.31935,1.31946,1.31935,1.31942,25,14,0
1782698400,1.31941,1.31959,1.3194,1.31956,97,13,0
1782698700,1.31955,1.31965,1.31948,1.31964,83,11,0
1782699000,1.31962,1.31964,1.31947,1.31948,92,12,0
1782699300,1.31947,1.3195000000000001,1.31941,1.31941,126,12,0
1782699600,1.31941,1.31945,1.31939,1.31944,41,13,0
1782699900,1.31946,1.31951,1.31944,1.31947,40,13,0
1782700200,1.31948,1.31948,1.31914,1.31922,86,10,0
1782700500,1.31921,1.31931,1.3192,1.31929,71,13,0
1782700800,1.31929,1.31944,1.31925,1.31944,69,13,0
1782701100,1.31944,1.31949,1.3194,1.31941,114,13,0
1782701400,1.3194,1.31959,1.3194,1.3195000000000001,59,10,0
1782701700,1.3195000000000001,1.31978,1.3195000000000001,1.31958,182,12,0
1782702000,1.31959,1.31998,1.31932,1.3199100000000001,527,10,0
1782702300,1.31992,1.32002,1.31978,1.31985,362,11,0
1782702600,1.3198400000000001,1.32007,1.31965,1.31965,281,11,0
1782702900,1.31965,1.3197999999999999,1.31943,1.31952,395,10,0
1782703200,1.31951,1.31981,1.31949,1.31974,271,10,0
1782703500,1.31975,1.31983,1.31965,1.31966,263,11,0
1782703800,1.31966,1.31983,1.31955,1.31963,299,10,0
1782704100,1.31962,1.31983,1.31955,1.31973,270,11,0
1782704400,1.31973,1.31981,1.31967,1.31978,384,11,0
1782704700,1.31979,1.31979,1.31933,1.31936,477,10,0
1782705000,1.31935,1.31968,1.31935,1.31968,373,10,0
1782705300,1.31969,1.32002,1.31966,1.31983,325,10,0
1782705600,1.31983,1.32008,1.31954,1.31971,424,12,0
1782705900,1.3197,1.32001,1.31966,1.31989,275,10,0
1782706200,1.3199,1.32001,1.3198400000000001,1.3199100000000001,287,12,0
1782706500,1.3199100000000001,1.32004,1.31971,1.3199,276,11,0
1782706800,1.31989,1.32023,1.31982,1.3201399999999999,375,11,0
1782707100,1.3201399999999999,1.32019,1.31999,1.32001,562,11,0
1782707400,1.32,1.3201100000000001,1.31983,1.32003,567,11,0
1782707700,1.32002,1.32032,1.32001,1.3202099999999999,382,11,0
1782708000,1.3202099999999999,1.32043,1.3202,1.32024,381,11,0
1782708300,1.32025,1.32026,1.31993,1.32,247,11,0
1782708600,1.32001,1.32003,1.31989,1.31992,189,12,0
1782708900,1.31992,1.31992,1.31964,1.31977,238,11,0
1782709200,1.3197999999999999,1.31996,1.31974,1.31995,273,11,0
1782709500,1.31996,1.3201399999999999,1.31995,1.32002,295,12,0
1782709800,1.32003,1.32017,1.31995,1.32,265,11,0
1782710100,1.31999,1.3204500000000001,1.31999,1.32042,318,12,0
1782710400,1.32043,1.32071,1.32037,1.32058,291,12,0
1782710700,1.32058,1.32093,1.32055,1.32087,318,11,0
1782711000,1.32087,1.32087,1.3204799999999999,1.32053,270,11,0
1782711300,1.3205200000000001,1.32058,1.32038,1.32047,184,11,0
1782711600,1.32049,1.32049,1.32032,1.32043,236,12,0
1782711900,1.32043,1.3205,1.3203,1.32035,397,11,0
1782712200,1.32035,1.32039,1.3201800000000001,1.3202099999999999,315,10,0
1782712500,1.32022,1.32035,1.3201800000000001,1.3202,223,11,0
1782712800,1.32027,1.3204500000000001,1.32022,1.3204099999999999,158,11,0
1782713100,1.3204099999999999,1.32049,1.32037,1.32043,222,12,0
1782713400,1.32044,1.32057,1.32037,1.32039,117,11,0
1782713700,1.32039,1.3204500000000001,1.32032,1.32037,151,11,0
1782714000,1.32037,1.3204,1.32027,1.32031,260,12,0
1782714300,1.3203,1.3204099999999999,1.32027,1.3204,249,11,0
1782714600,1.3204,1.3205200000000001,1.32036,1.3204099999999999,142,10,0
1782714900,1.3204099999999999,1.3205200000000001,1.32034,1.32039,186,10,0
1782715200,1.32039,1.32049,1.32012,1.32017,248,11,0
1782715500,1.32016,1.32022,1.32002,1.32005,114,10,0
1782715800,1.32004,1.3201399999999999,1.31992,1.3201,139,10,0
1782716100,1.3201,1.3201,1.31975,1.31976,136,11,0
1782716400,1.31977,1.3199100000000001,1.31967,1.31971,218,10,0
1782716700,1.3197,1.31976,1.31961,1.31974,225,10,0
1782717000,1.31973,1.31981,1.31962,1.31976,219,11,0
1782717300,1.31974,1.31975,1.31965,1.31966,164,11,0
1782717600,1.31967,1.31976,1.3195700000000001,1.31974,133,13,0
1782717900,1.31975,1.31986,1.3197,1.31983,161,12,0
1782718200,1.3198400000000001,1.32,1.31983,1.31993,164,12,0
1782718500,1.31994,1.31999,1.31982,1.31993,119,11,0
1782718800,1.31993,1.31993,1.31977,1.31985,89,12,0
1782719100,1.31985,1.31996,1.31981,1.31994,128,11,0
1782719400,1.31994,1.31995,1.31981,1.31985,197,11,0
1782719700,1.31985,1.3199100000000001,1.31969,1.31985,201,11,0
1782720000,1.3198400000000001,1.32015,1.31983,1.32012,233,11,0
1782720300,1.3201100000000001,1.32035,1.3201,1.32035,209,12,0
1782720600,1.32035,1.32054,1.32033,1.32044,175,11,0
1782720900,1.3204500000000001,1.3205,1.3202099999999999,1.32023,203,10,0
1782721200,1.32022,1.3203,1.3201800000000001,1.32026,90,11,0
1782721500,1.32027,1.32043,1.32025,1.3204099999999999,141,11,0
1782721800,1.3204099999999999,1.3207499999999999,1.3204099999999999,1.32074,188,11,0
1782722100,1.32074,1.32085,1.32065,1.32083,229,11,0
1782722400,1.32083,1.32102,1.32077,1.3209,230,12,0
1782722700,1.32089,1.32107,1.32089,1.32091,154,12,0
1782723000,1.3209,1.32116,1.3209,1.32102,211,10,0
1782723300,1.32101,1.3211,1.32087,1.32096,248,10,0
1782723600,1.32095,1.32107,1.32083,1.32097,383,10,0
1782723900,1.32097,1.3211300000000001,1.32092,1.32104,225,10,0
1782724200,1.32105,1.32121,1.3209,1.32119,244,10,0
1782724500,1.32119,1.32141,1.3210899999999999,1.32141,271,10,0
1782724800,1.32142,1.32144,1.32126,1.32138,227,10,0
1782725100,1.32139,1.32156,1.32132,1.32144,396,10,0
1782725400,1.32144,1.32162,1.3213,1.32162,387,10,0
1782725700,1.32162,1.32187,1.32151,1.32184,313,10,0
1782726000,1.32184,1.32206,1.32175,1.32202,194,10,0
1782726300,1.32202,1.32233,1.32199,1.32224,223,10,0
1782726600,1.32224,1.32256,1.32217,1.3223,325,11,0
1782726900,1.3223099999999999,1.32274,1.32223,1.3225,375,10,0
1782727200,1.3225,1.32251,1.32189,1.32218,588,11,0
1782727500,1.32217,1.3222,1.32177,1.3220399999999999,386,10,0
1782727800,1.3220399999999999,1.32213,1.32183,1.32203,266,10,0
1782728100,1.3220399999999999,1.32223,1.32183,1.32187,483,10,0
1782728400,1.32185,1.32217,1.32169,1.3220399999999999,388,10,0
1782728700,1.3220399999999999,1.32229,1.32196,1.32227,308,10,0
1782729000,1.32227,1.3223099999999999,1.32205,1.32212,396,10,0
1782729300,1.32213,1.32274,1.32207,1.32273,270,10,0
1782729600,1.32273,1.32273,1.32214,1.32222,391,10,0
1782729900,1.32223,1.32239,1.32212,1.32222,282,10,0
1782730200,1.32223,1.32242,1.32148,1.32151,503,10,0
1782730500,1.3215,1.3216700000000001,1.32111,1.32127,460,10,0
1782730800,1.32127,1.32164,1.32102,1.32119,407,10,0
1782731100,1.32119,1.32161,1.32118,1.32125,313,10,0
1782731400,1.32117,1.3213300000000001,1.32095,1.32095,241,10,0
1782731700,1.32096,1.32105,1.32071,1.3207499999999999,325,10,0
1782732000,1.3207499999999999,1.32084,1.32039,1.32055,267,10,0
1782732300,1.32055,1.32088,1.32054,1.3208199999999999,233,10,0
1782732600,1.32081,1.32123,1.32081,1.32102,147,11,0
1782732900,1.32101,1.32103,1.32071,1.32083,241,10,0
1782733200,1.32083,1.32096,1.32067,1.3208199999999999,229,11,0
1782733500,1.32077,1.3208199999999999,1.32047,1.32054,191,11,0
1782733800,1.32055,1.32056,1.32027,1.32043,209,10,0
1782734100,1.32043,1.32065,1.32029,1.32064,155,10,0
1782734400,1.32065,1.32116,1.32058,1.32116,223,10,0
1782734700,1.32115,1.3212,1.321,1.32108,206,10,0
1782735000,1.32108,1.3213300000000001,1.32108,1.32126,179,10,0
1782735300,1.32125,1.32135,1.3211300000000001,1.32114,259,10,0
1782735600,1.32114,1.32124,1.32089,1.3211,308,10,0
1782735900,1.3210899999999999,1.32148,1.321,1.32142,305,10,0
1782736200,1.32142,1.32169,1.32131,1.3214299999999999,245,10,0
1782736500,1.3214299999999999,1.32157,1.32123,1.32134,291,11,0
1782736800,1.32132,1.32137,1.32085,1.32112,398,11,0
1782737100,1.32111,1.3213599999999999,1.3210899999999999,1.32121,246,10,0
1782737400,1.32119,1.32147,1.32099,1.32146,381,10,0
1782737700,1.32147,1.32182,1.32145,1.32176,309,10,0
1782738000,1.32177,1.32181,1.32148,1.32181,358,10,0
1782738300,1.3218,1.3218,1.32128,1.32128,306,10,0
1782738600,1.32128,1.32159,1.32119,1.32138,271,10,0
1782738900,1.32135,1.32135,1.32108,1.32129,248,10,0
1782739200,1.3213,1.32134,1.32108,1.3211300000000001,100,11,0
1782739500,1.3211300000000001,1.32134,1.3210899999999999,1.3213,237,10,0
1782739800,1.3213,1.32134,1.32094,1.32095,263,10,0
1782740100,1.32095,1.32111,1.32092,1.3210899999999999,206,11,0
1782740400,1.3211,1.3213,1.3211,1.32115,246,11,0
1782740700,1.32111,1.32211,1.3211,1.32206,342,10,0
1782741000,1.32205,1.32261,1.32178,1.32244,467,10,0
1782741300,1.32243,1.32247,1.3220100000000001,1.32223,396,10,0
1782741600,1.32222,1.32301,1.32222,1.3229899999999999,353,10,0
1782741900,1.323,1.323,1.32252,1.32261,313,10,0
1782742200,1.3226200000000001,1.32282,1.32241,1.32278,248,10,0
1782742500,1.32277,1.32302,1.32276,1.32288,205,10,0
1782742800,1.3228900000000001,1.32301,1.32276,1.32276,204,10,0
1782743100,1.32276,1.3232599999999999,1.32271,1.3231899999999999,274,10,0
1782743400,1.32317,1.32336,1.32275,1.32312,445,10,0
1782743700,1.32311,1.32329,1.32277,1.32287,281,10,0
1782744000,1.32287,1.32294,1.32241,1.32252,274,10,0
1782744300,1.32251,1.32272,1.32241,1.32249,269,10,0
1782744600,1.32249,1.32298,1.32249,1.32285,203,10,0
1782744900,1.32284,1.32341,1.32281,1.32308,538,10,0
1782745200,1.32309,1.32325,1.3229199999999999,1.32298,477,10,0
1782745500,1.32297,1.32308,1.32282,1.3229899999999999,495,10,0
1782745800,1.3229899999999999,1.32322,1.32282,1.32312,353,10,0
1782746100,1.32313,1.3235000000000001,1.32304,1.32308,384,10,0
1782746400,1.32309,1.32351,1.323,1.32342,429,10,0
1782746700,1.32343,1.32346,1.32293,1.32342,446,10,0
1782747000,1.32343,1.32393,1.32332,1.32383,291,10,0
1782747300,1.32383,1.32397,1.32311,1.32312,403,10,0
1782747600,1.3231,1.32333,1.32278,1.32325,432,10,0
1782747900,1.32324,1.32325,1.32281,1.3229,376,10,0
1782748200,1.32291,1.32312,1.32282,1.3229,350,10,0
1782748500,1.3229,1.3233,1.32274,1.32329,448,10,0
1782748800,1.32332,1.32372,1.32329,1.32362,425,10,0
1782749100,1.32362,1.32379,1.32351,1.3235999999999999,279,10,0
1782749400,1.32359,1.3237999999999999,1.32359,1.3237,209,10,0
1782749700,1.32368,1.32375,1.32344,1.3235999999999999,345,10,0
1782750000,1.3235999999999999,1.32395,1.32335,1.32392,359,10,0
1782750300,1.32393,1.3243,1.32389,1.3241399999999999,300,10,0
1782750600,1.3241399999999999,1.32464,1.32399,1.32461,500,10,0
1782750900,1.3246,1.3246,1.32342,1.32361,600,10,0
1782751200,1.32359,1.32415,1.32346,1.32375,517,10,0
1782751500,1.32374,1.32417,1.32362,1.32415,508,10,0
1782751800,1.3241399999999999,1.32424,1.32385,1.32401,486,10,0
1782752100,1.324,1.32443,1.32359,1.3235999999999999,659,10,0
1782752400,1.32361,1.32424,1.3235999999999999,1.3237999999999999,653,10,0
1782752700,1.32381,1.32416,1.32373,1.32392,398,10,0
1782753000,1.32394,1.32404,1.32334,1.32334,555,10,0
1782753300,1.32333,1.3241399999999999,1.32272,1.324,773,10,0
1782753600,1.324,1.32412,1.32359,1.32394,741,10,0
1782753900,1.32393,1.32437,1.32382,1.32416,748,10,0
1782754200,1.32415,1.32452,1.32404,1.32422,688,10,0
1782754500,1.32423,1.32433,1.32394,1.32407,564,10,0
1782754800,1.32406,1.32435,1.3235299999999999,1.32365,502,10,0
1782755100,1.32364,1.32378,1.32325,1.32356,595,10,0
1782755400,1.32356,1.32476,1.32356,1.3247499999999999,653,10,0
1782755700,1.32474,1.32476,1.3243800000000001,1.32444,626,10,0
1782756000,1.3244500000000001,1.3248,1.32437,1.32457,581,10,0
1782756300,1.32456,1.3246,1.32427,1.32434,360,10,0
1782756600,1.32435,1.3246,1.3242,1.32442,429,10,0
1782756900,1.3244099999999999,1.3247,1.32425,1.32428,476,10,0
1782757200,1.32427,1.32446,1.32425,1.32439,424,10,0
1782757500,1.3244,1.32481,1.3244,1.32474,346,10,0
1782757800,1.32477,1.32517,1.3247200000000001,1.32496,452,10,0
1782758100,1.32496,1.32496,1.32446,1.3247499999999999,422,10,0
1782758400,1.32474,1.32488,1.3245,1.32486,418,10,0
1782758700,1.32486,1.32518,1.3248,1.3249900000000001,499,10,0
1782759000,1.32498,1.32503,1.3248,1.32491,489,10,0
1782759300,1.32485,1.32532,1.32476,1.32526,294,10,0
1782759600,1.32527,1.32571,1.3252,1.32552,480,10,0
1782759900,1.32552,1.32565,1.32545,1.32551,350,10,0
1782760200,1.32551,1.32552,1.32524,1.32524,319,10,0
1782760500,1.32525,1.32565,1.32525,1.32564,219,10,0
1782760800,1.32565,1.32566,1.32521,1.32531,269,10,0
1782761100,1.32532,1.32532,1.32515,1.32521,348,10,0
1782761400,1.3252,1.32541,1.32519,1.32529,244,10,0
1782761700,1.3253,1.3255,1.32508,1.32522,325,10,0
1782762000,1.3252,1.32544,1.32519,1.32541,208,10,0
1782762300,1.32542,1.32574,1.32532,1.32571,284,10,0
1782762600,1.32572,1.32582,1.3256700000000001,1.32572,259,10,0
1782762900,1.32571,1.32572,1.32529,1.32538,226,10,0
1782763200,1.32538,1.32549,1.3253300000000001,1.32544,292,10,0
1782763500,1.32544,1.32557,1.3254299999999999,1.32544,148,10,0
1782763800,1.32544,1.32559,1.32529,1.32558,238,10,0
1782764100,1.32557,1.32561,1.32524,1.32524,187,10,0
1782764400,1.32521,1.32523,1.3250199999999999,1.3250600000000001,201,10,0
1782764700,1.32505,1.32528,1.32505,1.32518,216,11,0
1782765000,1.32519,1.32532,1.32511,1.32531,215,10,0
1782765300,1.32531,1.32545,1.32529,1.32535,284,10,0
1782765600,1.32534,1.32538,1.32521,1.3253,220,10,0
1782765900,1.3253,1.3254000000000001,1.32512,1.3253300000000001,196,10,0
1782766200,1.32534,1.32572,1.32531,1.3256999999999999,171,10,0
1782766500,1.3256999999999999,1.32573,1.32548,1.3256700000000001,328,10,0
1782766800,1.32568,1.32586,1.32564,1.32579,287,10,0
1782767100,1.32578,1.32578,1.32558,1.32571,247,10,0
1782767400,1.32571,1.32587,1.32568,1.32587,260,10,0
1782767700,1.32587,1.32588,1.32572,1.32578,165,10,0
1782768000,1.32579,1.32593,1.32573,1.32593,151,11,0
1782768300,1.32593,1.32593,1.32583,1.32592,145,10,0
1782768600,1.32593,1.32595,1.3258,1.32583,108,10,0
1782768900,1.32585,1.3259400000000001,1.32582,1.32587,119,10,0
1782769200,1.32587,1.32595,1.32584,1.32592,140,11,0
1782769500,1.32591,1.32596,1.32583,1.32592,197,10,0
1782769800,1.32593,1.3259699999999999,1.32583,1.32589,165,10,0
1782770100,1.32588,1.32588,1.32552,1.32572,363,10,0
1782770400,1.32571,1.32578,1.3256299999999999,1.3256299999999999,279,10,0
1782770700,1.32564,1.32575,1.3256299999999999,1.32571,173,11,0
1782771000,1.32571,1.32571,1.32542,1.32551,177,11,0
1782771300,1.32551,1.32572,1.32551,1.3256700000000001,161,10,0
1782771600,1.32566,1.32584,1.32566,1.32576,128,10,0
1782771900,1.32575,1.32593,1.32574,1.32591,160,10,0
1782772200,1.32591,1.32595,1.32584,1.32588,130,10,0
1782772500,1.32588,1.3259699999999999,1.32587,1.32595,133,10,0
1782772800,1.32595,1.3261,1.32593,1.32606,174,10,0
1782773100,1.32607,1.32607,1.32595,1.32602,107,10,0
1782773400,1.32603,1.32618,1.3260100000000001,1.32602,145,10,0
1782773700,1.32602,1.32613,1.32588,1.32603,296,10,0
1782774000,1.3260399999999999,1.3260399999999999,1.32589,1.326,213,10,0
1782774300,1.3260100000000001,1.32611,1.32598,1.3261,145,10,0
1782774600,1.3261,1.32614,1.32598,1.32603,88,11,0
1782774900,1.32602,1.32609,1.32602,1.32607,70,11,0
1782775200,1.32606,1.32613,1.32606,1.32612,70,10,0
1782775500,1.32612,1.32617,1.3261,1.32611,51,10,0
1782775800,1.3261,1.32611,1.3260399999999999,1.3260399999999999,114,10,0
1782776100,1.3260399999999999,1.3260399999999999,1.32577,1.32592,114,10,0
1782776400,1.32591,1.32596,1.32584,1.3259,209,10,0
1782776700,1.32589,1.32595,1.32588,1.3259,283,10,0
1782777000,1.32589,1.3259,1.3258,1.32589,214,10,0
1782777300,1.32589,1.32596,1.32545,1.32545,337,13,0
1782777600,1.32547,1.32547,1.3241,1.3244500000000001,75,61,0
1782777900,1.3244500000000001,1.3249900000000001,1.3244500000000001,1.3249900000000001,26,99,0
1782778200,1.3249900000000001,1.32523,1.32474,1.32512,44,81,0
1782778500,1.32512,1.32516,1.3250899999999999,1.32516,12,66,0
1782778800,1.32516,1.32517,1.3251,1.32517,11,68,0
1782779100,1.32517,1.32518,1.3251,1.32515,15,66,0
1782779400,1.32515,1.32542,1.32514,1.32541,20,63,0
1782779700,1.32541,1.32541,1.32528,1.32532,8,64,0
1782780000,1.32532,1.32532,1.32523,1.32523,11,74,0
1782780300,1.32523,1.32561,1.3252,1.32529,18,57,0
1782780600,1.32547,1.32547,1.32521,1.32521,11,66,0
1782780900,1.32521,1.3253300000000001,1.32521,1.32521,11,87,0
1782781200,1.3253,1.32568,1.32521,1.32557,115,30,0
1782781500,1.32558,1.32586,1.32558,1.32585,39,18,0
1782781800,1.32585,1.32598,1.32583,1.3259,59,17,0
1782782100,1.32589,1.32598,1.32589,1.32598,41,17,0
1782782400,1.3259699999999999,1.32598,1.32587,1.32598,38,17,0
1782782700,1.32598,1.32599,1.32595,1.32599,47,16,0
1782783000,1.32598,1.32598,1.3259,1.32591,47,16,0
1782783300,1.32591,1.32596,1.32587,1.32596,20,16,0
1782783600,1.32596,1.32598,1.32588,1.32596,55,15,0
1782783900,1.32596,1.3259699999999999,1.32596,1.3259699999999999,7,17,0
1782784200,1.3259699999999999,1.32606,1.32596,1.32599,49,16,0
1782784500,1.32599,1.32613,1.32589,1.3259699999999999,100,11,0
1782784800,1.3259699999999999,1.32605,1.32587,1.32587,43,15,0
1782785100,1.32587,1.32605,1.32585,1.3259699999999999,72,10,0
1782785400,1.3259699999999999,1.32598,1.32595,1.32598,41,15,0
1782785700,1.3259699999999999,1.326,1.32595,1.3259699999999999,87,14,0
1782786000,1.32596,1.32603,1.32595,1.32596,88,11,0
1782786300,1.32595,1.32596,1.32585,1.32586,98,14,0
1782786600,1.32585,1.3259,1.3258,1.3258,60,15,0
1782786900,1.32577,1.32577,1.32558,1.32559,78,11,0
1782787200,1.3256000000000001,1.32568,1.32558,1.3256700000000001,73,12,0
1782787500,1.3256700000000001,1.3256700000000001,1.32546,1.32556,87,13,0
1782787800,1.32557,1.32561,1.32549,1.32549,118,13,0
1782788100,1.32549,1.3255,1.32521,1.32525,166,11,0
1782788400,1.32525,1.32537,1.32504,1.3253300000000001,426,10,0
1782788700,1.32534,1.3253599999999999,1.3249900000000001,1.3250199999999999,359,12,0
1782789000,1.3250199999999999,1.32527,1.32501,1.32501,283,12,0
1782789300,1.32501,1.32508,1.3248,1.32488,241,11,0
1782789600,1.32488,1.32491,1.32476,1.3248199999999999,177,12,0
1782789900,1.32483,1.32487,1.32456,1.32467,232,12,0
1782790200,1.32468,1.3247900000000001,1.32463,1.3247,279,11,0
1782790500,1.32471,1.32489,1.32468,1.3247,184,11,0
1782790800,1.3247200000000001,1.32473,1.32442,1.32446,203,12,0
1782791100,1.32446,1.32451,1.3244,1.32447,314,12,0
1782791400,1.32447,1.32461,1.32389,1.32402,548,10,0
1782791700,1.32404,1.3244500000000001,1.32386,1.3244500000000001,663,11,0
1782792000,1.32446,1.32464,1.32417,1.3242,481,11,0
1782792300,1.3242,1.3242,1.32367,1.32378,502,10,0
1782792600,1.3237700000000001,1.32379,1.32342,1.32349,509,12,0
1782792900,1.32352,1.32404,1.32349,1.32388,503,12,0
1782793200,1.32389,1.32427,1.32388,1.32425,383,11,0
1782793500,1.32425,1.32446,1.3241,1.3244500000000001,448,12,0
1782793800,1.3244500000000001,1.3247,1.32436,1.32467,422,12,0
1782794100,1.32466,1.3247,1.32415,1.3242099999999999,361,10,0
1782794400,1.32422,1.32424,1.32379,1.3237999999999999,489,11,0
1782794700,1.32381,1.32385,1.32361,1.32369,332,11,0
1782795000,1.32369,1.32389,1.3235299999999999,1.32355,271,10,0
1782795300,1.32354,1.32369,1.3233,1.3235299999999999,417,11,0
1782795600,1.32354,1.32381,1.32349,1.32379,372,12,0
1782795900,1.32379,1.32379,1.3235000000000001,1.3235999999999999,332,10,0
1782796200,1.3235999999999999,1.32365,1.32349,1.3235999999999999,236,11,0
1782796500,1.3235999999999999,1.32362,1.32339,1.32346,294,11,0
1782796800,1.32345,1.32376,1.32345,1.32367,227,12,0
1782797100,1.32366,1.3237700000000001,1.32356,1.3235700000000001,238,11,0
1782797400,1.3235700000000001,1.3237,1.32354,1.32368,212,11,0
1782797700,1.32368,1.32391,1.32368,1.3239,273,11,0
1782798000,1.3239,1.32391,1.32348,1.32356,275,10,0
1782798300,1.3235700000000001,1.32363,1.32348,1.32352,301,11,0
1782798600,1.32352,1.32367,1.32327,1.32333,307,12,0
1782798900,1.32334,1.32366,1.32334,1.32362,196,12,0
1782799200,1.32361,1.32382,1.32361,1.32379,280,11,0
1782799500,1.32376,1.32383,1.32349,1.32352,383,13,0
1782799800,1.32352,1.32355,1.32341,1.32342,205,12,0
1782800100,1.32344,1.32355,1.32331,1.32336,319,13,0
1782800400,1.32336,1.32339,1.32314,1.32322,427,12,0
1782800700,1.32321,1.32347,1.32309,1.3233,506,11,0
1782801000,1.32329,1.32335,1.32314,1.3231899999999999,475,12,0
1782801300,1.3231899999999999,1.3233,1.32308,1.32314,412,11,0
1782801600,1.32314,1.32321,1.32308,1.3231600000000001,312,12,0
1782801900,1.32315,1.3231899999999999,1.32314,1.32318,210,13,0
1782802200,1.3231899999999999,1.32334,1.3231899999999999,1.32327,133,12,0
1782802500,1.32327,1.32332,1.32317,1.32328,168,11,0
1782802800,1.32328,1.32332,1.32318,1.32331,148,11,0
1782803100,1.32331,1.32339,1.3231899999999999,1.32321,182,12,0
1782803400,1.3232,1.32331,1.32317,1.3233,185,11,0
1782803700,1.3233,1.32334,1.32325,1.32333,194,11,0
1782804000,1.32333,1.32335,1.32315,1.3231899999999999,147,11,0
1782804300,1.3232,1.32325,1.32313,1.32324,168,12,0
1782804600,1.3232300000000001,1.32338,1.32322,1.32337,89,12,0
1782804900,1.32337,1.32354,1.32336,1.3235299999999999,141,12,0
1782805200,1.3235299999999999,1.32355,1.3234,1.32342,138,12,0
1782805500,1.32342,1.32343,1.32327,1.32334,219,12,0
1782805800,1.32333,1.32352,1.32327,1.32346,167,13,0
1782806100,1.32345,1.32347,1.32279,1.32281,306,12,0
1782806400,1.3228,1.3229899999999999,1.32266,1.32284,472,10,0
1782806700,1.32285,1.32307,1.32273,1.323,235,11,0
1782807000,1.32301,1.32309,1.32286,1.32308,195,10,0
1782807300,1.32307,1.3232,1.32305,1.32309,157,12,0
1782807600,1.3231,1.3232,1.3229899999999999,1.3231899999999999,148,12,0
1782807900,1.3231899999999999,1.3231899999999999,1.3229,1.3229600000000001,177,11,0
1782808200,1.32295,1.3231,1.3229,1.32298,172,11,0
1782808500,1.3229899999999999,1.32306,1.32287,1.32301,227,10,0
1782808800,1.32301,1.32314,1.323,1.32309,194,12,0
1782809100,1.32308,1.32309,1.32287,1.32301,241,11,0
1782809400,1.32302,1.32318,1.32294,1.3231,171,11,0
1782809700,1.32307,1.32307,1.32249,1.3226,346,10,0
1782810000,1.32247,1.32278,1.32218,1.32264,337,10,0
1782810300,1.32264,1.3229199999999999,1.32256,1.3228900000000001,460,10,0
1782810600,1.3228900000000001,1.3231,1.32278,1.32287,398,10,0
1782810900,1.32287,1.32311,1.32282,1.32301,309,10,0
1782811200,1.32301,1.32371,1.323,1.3235299999999999,349,10,0
1782811500,1.32352,1.3239,1.32341,1.32374,519,10,0
1782811800,1.32373,1.32382,1.32344,1.32382,602,10,0
1782812100,1.32382,1.324,1.32372,1.32396,399,10,0
1782812400,1.32395,1.32444,1.32395,1.3241399999999999,356,10,0
1782812700,1.32405,1.32433,1.32389,1.3241100000000001,339,10,0
1782813000,1.3241100000000001,1.32424,1.32383,1.32405,382,10,0
1782813300,1.32406,1.32424,1.32385,1.32412,345,10,0
1782813600,1.32417,1.3243800000000001,1.32378,1.32428,518,10,0
1782813900,1.32429,1.32466,1.32419,1.3244,297,10,0
1782814200,1.3244099999999999,1.32447,1.32423,1.32432,309,10,0
1782814500,1.32431,1.32443,1.3242,1.32437,281,10,0
1782814800,1.3243800000000001,1.3244,1.32417,1.32428,224,10,0
1782815100,1.32428,1.32457,1.32424,1.32432,332,10,0
1782815400,1.32433,1.32444,1.32407,1.32442,331,11,0
1782815700,1.3244099999999999,1.32443,1.3241100000000001,1.32412,319,10,0
1782816000,1.3241100000000001,1.32433,1.324,1.32428,245,10,0
1782816300,1.32429,1.32433,1.32363,1.32366,300,10,0
1782816600,1.32366,1.32366,1.32329,1.32352,318,11,0
1782816900,1.32352,1.32355,1.32335,1.32337,228,11,0
1782817200,1.32337,1.32349,1.32297,1.32313,646,10,0
1782817500,1.32312,1.3235299999999999,1.32256,1.32272,475,10,0
1782817800,1.32272,1.323,1.32272,1.32275,378,10,0
1782818100,1.32275,1.32293,1.32256,1.32273,354,10,0
1782818400,1.32275,1.32306,1.3226,1.3229600000000001,299,10,0
1782818700,1.3229600000000001,1.32309,1.32283,1.32302,451,10,0
1782819000,1.32303,1.32306,1.3228,1.3228900000000001,344,10,0
1782819300,1.3229,1.32291,1.32215,1.3223,373,10,0
1782819600,1.32229,1.3225,1.32219,1.32246,221,10,0
1782819900,1.32245,1.32261,1.3221,1.32259,270,10,0
1782820200,1.3226,1.32291,1.3225799999999999,1.32291,340,10,0
1782820500,1.32291,1.32312,1.3228900000000001,1.3229899999999999,336,10,0
1782820800,1.3229899999999999,1.32341,1.32286,1.32334,357,10,0
1782821100,1.32335,1.32375,1.32312,1.32362,355,10,0
1782821400,1.32362,1.32372,1.3233,1.32331,312,10,0
1782821700,1.3233,1.32356,1.32317,1.32348,254,10,0
1782822000,1.32352,1.32362,1.32346,1.32349,286,11,0
1782822300,1.32349,1.3237,1.32346,1.32351,236,10,0
1782822600,1.3235000000000001,1.3235299999999999,1.32307,1.32307,331,10,0
1782822900,1.32308,1.32343,1.32306,1.32322,275,10,0
1782823200,1.32322,1.32372,1.32312,1.3235700000000001,255,10,0
1782823500,1.3235700000000001,1.32372,1.3234,1.3235000000000001,208,10,0
1782823800,1.32351,1.32363,1.3233,1.32349,260,10,0
1782824100,1.32349,1.32368,1.32337,1.32355,253,10,0
1782824400,1.32355,1.3235999999999999,1.32337,1.32349,282,10,0
1782824700,1.3235000000000001,1.3235700000000001,1.32314,1.32341,242,10,0
1782825000,1.3234,1.3234,1.32309,1.32331,264,10,0
1782825300,1.3233,1.32356,1.32328,1.3234,207,10,0
1782825600,1.3234,1.32346,1.32313,1.32318,204,11,0
1782825900,1.3231899999999999,1.32362,1.3231899999999999,1.32346,219,10,0
1782826200,1.32346,1.32347,1.32306,1.32337,201,10,0
1782826500,1.32337,1.32392,1.32337,1.32371,265,10,0
1782826800,1.32371,1.32373,1.32336,1.32344,309,10,0
1782827100,1.32344,1.32344,1.3231600000000001,1.32329,252,10,0
1782827400,1.3233,1.32349,1.32317,1.32344,236,10,0
1782827700,1.32346,1.32367,1.32328,1.32355,378,10,0
1782828000,1.32356,1.32359,1.32331,1.32338,388,10,0
1782828300,1.32337,1.32345,1.32304,1.32304,261,10,0
1782828600,1.32305,1.32324,1.32278,1.32291,321,10,0
1782828900,1.3229,1.32294,1.32243,1.32267,394,10,0
1782829200,1.32268,1.32282,1.32205,1.32221,383,10,0
1782829500,1.3222,1.3226,1.32213,1.32248,292,10,0
1782829800,1.32248,1.32252,1.32191,1.32209,344,10,0
1782830100,1.32209,1.32216,1.32149,1.32154,392,10,0
1782830400,1.32152,1.32243,1.32144,1.32222,420,10,0
1782830700,1.32222,1.3225,1.32206,1.32249,331,10,0
1782831000,1.32249,1.32253,1.3222800000000001,1.32245,222,10,0
1782831300,1.32241,1.32269,1.32233,1.32261,240,10,0
1782831600,1.32261,1.3226499999999999,1.322,1.32217,282,10,0
1782831900,1.32217,1.3222800000000001,1.32206,1.32208,315,10,0
1782832200,1.32209,1.32246,1.32207,1.32243,260,11,0
1782832500,1.32244,1.32251,1.32218,1.32218,343,10,0
1782832800,1.3222,1.3222,1.32122,1.32132,411,10,0
1782833100,1.32131,1.32159,1.32121,1.32151,298,10,0
1782833400,1.32151,1.32191,1.32117,1.32173,532,10,0
1782833700,1.32173,1.32208,1.32169,1.32178,351,10,0
1782834000,1.32178,1.32232,1.32171,1.32221,316,10,0
1782834300,1.3222,1.32221,1.32161,1.32176,379,10,0
1782834600,1.32176,1.32227,1.3216999999999999,1.32215,357,10,0
1782834900,1.32213,1.32223,1.32147,1.32147,361,10,0
1782835200,1.32148,1.3216,1.32129,1.32139,428,10,0
1782835500,1.32138,1.32218,1.32135,1.32217,343,10,0
1782835800,1.32216,1.32233,1.32214,1.32221,329,10,0
1782836100,1.32222,1.32304,1.32221,1.32283,450,10,0
1782836400,1.32284,1.32312,1.32259,1.32272,452,10,0
1782836700,1.32272,1.32302,1.32268,1.32283,341,10,0
1782837000,1.32284,1.32304,1.32232,1.32248,551,10,0
1782837300,1.32247,1.32271,1.32211,1.3222800000000001,468,10,0
1782837600,1.3223099999999999,1.32243,1.32198,1.3223799999999999,247,10,0
1782837900,1.32239,1.32241,1.32189,1.32189,426,10,0
1782838200,1.3219,1.3223500000000001,1.3219,1.32211,578,10,0
1782838500,1.32211,1.32222,1.32202,1.32208,377,10,0
1782838800,1.32207,1.32225,1.32138,1.32224,658,10,0
1782839100,1.32224,1.32273,1.32208,1.3227,667,10,0
1782839400,1.32269,1.32351,1.32267,1.32349,727,10,0
1782839700,1.32349,1.3241399999999999,1.32343,1.32395,676,10,0
1782840000,1.32395,1.32455,1.32395,1.3242,580,10,0
1782840300,1.32419,1.3244,1.32392,1.32417,526,10,0
1782840600,1.3241800000000001,1.32457,1.32381,1.32399,542,10,0
1782840900,1.32399,1.3244799999999999,1.32398,1.3242099999999999,472,10,0
1782841200,1.32422,1.3251,1.32417,1.32476,558,10,0
1782841500,1.32477,1.32504,1.3246,1.3247900000000001,627,10,0
1782841800,1.32484,1.32622,1.32484,1.32608,911,10,0
1782842100,1.32608,1.32751,1.32608,1.32722,1071,10,0
1782842400,1.3272,1.32762,1.32656,1.32674,1030,10,0
1782842700,1.32673,1.32727,1.32671,1.32711,650,10,0
1782843000,1.3271,1.3276,1.3269,1.32713,591,10,0
1782843300,1.32712,1.32722,1.32679,1.32694,569,10,0
1782843600,1.3269199999999999,1.32702,1.32672,1.3268900000000001,419,10,0
1782843900,1.3269,1.32714,1.3267,1.32672,493,10,0
1782844200,1.32672,1.32711,1.3267,1.32682,533,10,0
1782844500,1.32682,1.32682,1.32619,1.3263099999999999,497,10,0
1782844800,1.3263099999999999,1.32642,1.32609,1.32611,445,10,0
1782845100,1.32614,1.3264,1.32588,1.32598,463,10,0
1782845400,1.32599,1.32599,1.32562,1.3256700000000001,282,10,0
1782845700,1.3256700000000001,1.3258,1.32548,1.32565,326,10,0
1782846000,1.32565,1.32582,1.32535,1.32537,378,10,0
1782846300,1.32537,1.32548,1.32522,1.32541,382,10,0
1782846600,1.32541,1.32544,1.32516,1.32525,282,10,0
1782846900,1.32525,1.32525,1.32478,1.32491,367,10,0
1782847200,1.32492,1.32521,1.32492,1.32512,220,10,0
1782847500,1.32512,1.32526,1.32489,1.32522,246,10,0
1782847800,1.32522,1.32532,1.32487,1.32492,271,10,0
1782848100,1.32491,1.32527,1.32488,1.32524,198,10,0
1782848400,1.32526,1.32542,1.32517,1.32522,281,10,0
1782848700,1.32521,1.3254299999999999,1.32519,1.32537,178,10,0
1782849000,1.32537,1.32552,1.3249900000000001,1.3250199999999999,182,10,0
1782849300,1.3250199999999999,1.32517,1.32487,1.32504,240,10,0
1782849600,1.32505,1.32546,1.32504,1.32546,247,10,0
1782849900,1.32547,1.32554,1.3250899999999999,1.3250899999999999,188,10,0
1782850200,1.3250600000000001,1.32524,1.32496,1.32496,206,10,0
1782850500,1.32497,1.3253300000000001,1.32496,1.32532,178,10,0
1782850800,1.3253,1.3253,1.32511,1.32518,214,10,0
1782851100,1.32518,1.32539,1.32513,1.3253,219,10,0
1782851400,1.32529,1.32557,1.32525,1.32549,205,10,0
1782851700,1.32549,1.32554,1.32531,1.32531,141,10,0
1782852000,1.32532,1.32548,1.32528,1.32546,188,10,0
1782852300,1.32545,1.32574,1.32541,1.3256999999999999,194,11,0
1782852600,1.32569,1.32571,1.32557,1.3256000000000001,166,10,0
1782852900,1.32561,1.32561,1.3254000000000001,1.32552,197,10,0
1782853200,1.32552,1.32589,1.32551,1.32589,236,10,0
1782853500,1.32589,1.32619,1.32586,1.32619,338,10,0
1782853800,1.32618,1.3262800000000001,1.32608,1.32621,253,10,0
1782854100,1.32621,1.32621,1.32586,1.32611,238,10,0
1782854400,1.32611,1.32626,1.32599,1.3261,239,10,0
1782854700,1.3261,1.32621,1.32606,1.32612,236,10,0
1782855000,1.32612,1.32619,1.32595,1.326,274,10,0
1782855300,1.326,1.32602,1.32562,1.32571,168,10,0
1782855600,1.32571,1.32572,1.32545,1.32548,293,10,0
1782855900,1.32547,1.32591,1.32547,1.3259,300,10,0
1782856200,1.32591,1.32608,1.32581,1.32585,290,10,0
1782856500,1.32584,1.32584,1.32532,1.32542,374,10,0
1782856800,1.3254000000000001,1.32559,1.32532,1.3255,315,10,0
1782857100,1.3255,1.32555,1.32528,1.32531,239,10,0
1782857400,1.32532,1.32558,1.32532,1.32541,154,10,0
1782857700,1.32541,1.32557,1.32537,1.32549,196,10,0
1782858000,1.32549,1.32551,1.3252,1.32523,208,10,0
1782858300,1.32521,1.32532,1.32511,1.32524,216,10,0
1782858600,1.32523,1.32565,1.32517,1.32556,204,10,0
1782858900,1.32556,1.32562,1.32551,1.32556,276,10,0
1782859200,1.32555,1.32572,1.32535,1.32553,259,10,0
1782859500,1.32554,1.32565,1.32552,1.32554,269,10,0
1782859800,1.32549,1.32549,1.32529,1.32538,318,10,0
1782860100,1.32538,1.32645,1.32538,1.32636,679,10,0
1782860400,1.32636,1.32646,1.32621,1.32643,326,10,0
1782860700,1.32643,1.32651,1.32637,1.32639,96,11,0
1782861000,1.32638,1.32645,1.32636,1.32645,153,10,0
1782861300,1.32645,1.32653,1.32625,1.32651,198,10,0
1782861600,1.3265,1.32652,1.32643,1.32643,56,10,0
1782861900,1.32644,1.32646,1.3262399999999999,1.3262800000000001,171,10,0
1782862200,1.3262800000000001,1.3262800000000001,1.3259699999999999,1.32605,182,10,0
1782862500,1.3260399999999999,1.3260399999999999,1.32583,1.32593,135,10,0
1782862800,1.32592,1.3260399999999999,1.32591,1.3260399999999999,137,10,0
1782863100,1.3260100000000001,1.3260100000000001,1.32591,1.3259699999999999,140,10,0
1782863400,1.32602,1.32614,1.32598,1.32598,291,10,0
1782863700,1.32598,1.32602,1.3258,1.32589,197,13,0
1782864000,1.32578,1.32578,1.32492,1.32492,6,86,0
1782864300,1.32505,1.3253300000000001,1.32505,1.32523,14,157,0
1782864600,1.32508,1.3255,1.32483,1.32505,72,118,0
1782864900,1.3250600000000001,1.32573,1.32484,1.32505,133,58,0
1782865200,1.32504,1.32559,1.32469,1.32559,82,56,0
1782865500,1.32557,1.32581,1.32489,1.32504,78,35,0
1782865800,1.32504,1.32565,1.3247900000000001,1.32558,39,51,0
1782866100,1.32557,1.32589,1.32525,1.32582,62,57,0
1782866400,1.32583,1.32584,1.3256000000000001,1.32569,94,70,0
1782866700,1.32569,1.32592,1.32556,1.32564,116,73,0
1782867000,1.3256299999999999,1.32576,1.32561,1.32566,68,127,0
1782867300,1.3256700000000001,1.32573,1.32504,1.3253300000000001,128,95,0
1782867600,1.3253,1.32582,1.3253,1.32578,48,20,0
1782867900,1.32587,1.32592,1.32587,1.32589,31,20,0
1782868200,1.32589,1.32589,1.32575,1.32576,28,16,0
1782868500,1.32576,1.32582,1.32576,1.32581,47,20,0
1782868800,1.32581,1.32588,1.32578,1.3258,25,16,0
1782869100,1.3258,1.32589,1.3258,1.32589,41,15,0
1782869400,1.32585,1.32592,1.32585,1.32591,32,14,0
1782869700,1.3259,1.3259,1.32588,1.32589,24,15,0
1782870000,1.32589,1.32589,1.32586,1.32587,9,17,0
1782870300,1.32587,1.32587,1.32562,1.32562,21,15,0
1782870600,1.32562,1.3256700000000001,1.32558,1.32559,38,11,0
1782870900,1.32561,1.32569,1.32558,1.32569,58,14,0
1782871200,1.32569,1.32573,1.32561,1.32568,63,11,0
1782871500,1.32569,1.32571,1.32568,1.32569,41,12,0
1782871800,1.32568,1.32571,1.32558,1.3256000000000001,73,11,0
1782872100,1.3256000000000001,1.32562,1.32558,1.3256000000000001,48,12,0
1782872400,1.3256000000000001,1.32561,1.32558,1.32558,63,12,0
1782872700,1.32558,1.32559,1.32532,1.3253300000000001,125,12,0
1782873000,1.32534,1.3255,1.3253300000000001,1.32549,117,13,0
1782873300,1.32548,1.3255,1.32537,1.32539,77,13,0
1782873600,1.3254000000000001,1.3254000000000001,1.32518,1.3252,48,12,0
1782873900,1.32521,1.32521,1.32503,1.32507,102,11,0
1782874200,1.32507,1.32511,1.32496,1.32497,62,14,0
1782874500,1.32497,1.3249900000000001,1.3248199999999999,1.32493,88,13,0
1782874800,1.32493,1.3250899999999999,1.32481,1.32503,207,11,0
1782875100,1.32504,1.3251,1.32496,1.325,146,12,0
1782875400,1.32501,1.3250199999999999,1.32493,1.325,94,12,0
1782875700,1.325,1.325,1.32469,1.3247,251,11,0
1782876000,1.3247,1.32492,1.32465,1.32492,222,12,0
1782876300,1.3249900000000001,1.32512,1.3249,1.32505,265,12,0
1782876600,1.32505,1.32505,1.32487,1.32489,445,11,0
1782876900,1.3249,1.3249,1.32461,1.32483,491,10,0
1782877200,1.32483,1.32484,1.32456,1.32457,304,11,0
1782877500,1.32456,1.32461,1.32437,1.32439,282,10,0
1782877800,1.3244,1.32454,1.32435,1.3244099999999999,384,10,0
1782878100,1.32439,1.32459,1.32439,1.3244799999999999,285,11,0
1782878400,1.3244799999999999,1.3245,1.32429,1.32431,402,11,0
1782878700,1.3243,1.32431,1.32402,1.32404,423,11,0
1782879000,1.32404,1.32404,1.32376,1.32389,393,12,0
1782879300,1.3239,1.3242,1.3237999999999999,1.32417,324,11,0
1782879600,1.3241800000000001,1.32424,1.32408,1.32409,364,11,0
1782879900,1.32408,1.3242099999999999,1.32405,1.32415,458,12,0
1782880200,1.32415,1.32419,1.32386,1.3239,480,11,0
1782880500,1.3239,1.324,1.3237700000000001,1.32392,255,11,0
1782880800,1.32393,1.32398,1.32379,1.32391,286,11,0
1782881100,1.32389,1.32403,1.32363,1.32368,373,10,0
1782881400,1.32369,1.32376,1.32346,1.32351,410,10,0
1782881700,1.32349,1.32375,1.32345,1.3237,194,11,0
1782882000,1.32372,1.3237700000000001,1.32358,1.3235999999999999,268,11,0
1782882300,1.32359,1.32364,1.32344,1.32347,218,10,0
1782882600,1.32347,1.3237,1.32334,1.3237,212,10,0
1782882900,1.3237,1.32395,1.3237,1.32385,157,11,0
1782883200,1.32385,1.32402,1.32382,1.32397,169,10,0
1782883500,1.32398,1.32399,1.32368,1.32373,230,10,0
1782883800,1.32372,1.32379,1.32343,1.32346,194,11,0
1782884100,1.32346,1.32375,1.32346,1.32369,165,11,0
1782884400,1.3237,1.32393,1.32362,1.3238400000000001,161,11,0
1782884700,1.32385,1.32397,1.32369,1.32369,263,11,0
1782885000,1.32368,1.32382,1.32365,1.32369,177,11,0
1782885300,1.32369,1.32378,1.3235299999999999,1.3235700000000001,215,11,0
1782885600,1.3235700000000001,1.32368,1.32339,1.32361,258,10,0
1782885900,1.32361,1.32383,1.3235999999999999,1.32376,118,11,0
1782886200,1.32376,1.3239,1.32372,1.32373,118,12,0
1782886500,1.32372,1.3237700000000001,1.3235700000000001,1.3235999999999999,185,11,0
1782886800,1.32359,1.32366,1.3235000000000001,1.32354,126,12,0
1782887100,1.32354,1.32356,1.32343,1.3235000000000001,214,12,0
1782887400,1.32351,1.32358,1.32314,1.3231600000000001,256,11,0
1782887700,1.32317,1.32344,1.3231600000000001,1.32342,192,12,0
1782888000,1.32343,1.32351,1.32318,1.32321,176,10,0
1782888300,1.3231899999999999,1.32341,1.3231899999999999,1.32331,109,12,0
1782888600,1.3233,1.32343,1.32318,1.3231899999999999,107,11,0
1782888900,1.32317,1.32348,1.32312,1.32347,165,11,0
1782889200,1.32346,1.3235000000000001,1.3233,1.32332,255,11,0
1782889500,1.32332,1.32333,1.32324,1.32325,153,11,0
1782889800,1.32324,1.32336,1.3231899999999999,1.32331,114,13,0
1782890100,1.3233,1.3234,1.32327,1.32328,169,12,0
1782890400,1.32328,1.32335,1.3231899999999999,1.32328,141,12,0
1782890700,1.32329,1.32341,1.32318,1.3234,184,12,0
1782891000,1.32341,1.32396,1.32339,1.32392,254,10,0
1782891300,1.32391,1.32403,1.3238400000000001,1.32395,175,12,0
1782891600,1.32395,1.324,1.3238699999999999,1.3239,194,12,0
1782891900,1.32391,1.32426,1.3239,1.32407,340,10,0
1782892200,1.32407,1.32431,1.32407,1.32423,128,11,0
1782892500,1.32422,1.32426,1.32409,1.32409,110,10,0
1782892800,1.32409,1.32423,1.32398,1.32407,175,11,0
1782893100,1.32407,1.32424,1.32407,1.3242099999999999,127,11,0
1782893400,1.32422,1.32429,1.32416,1.3242099999999999,144,10,0
1782893700,1.3242,1.32432,1.3241100000000001,1.32429,128,13,0
1782894000,1.32429,1.32437,1.32427,1.32428,113,12,0
1782894300,1.32428,1.32435,1.32422,1.3243,164,12,0
1782894600,1.32432,1.32442,1.32427,1.3243,143,10,0
1782894900,1.3243,1.32432,1.3241800000000001,1.32427,233,12,0
1782895200,1.32427,1.3244500000000001,1.32422,1.32444,238,12,0
1782895500,1.32444,1.32444,1.3242,1.3242099999999999,188,12,0
1782895800,1.3242,1.3244500000000001,1.3241,1.3241,186,10,0
1782896100,1.32406,1.32419,1.32386,1.3241,343,11,0
1782896400,1.3241100000000001,1.32442,1.32405,1.32422,326,10,0
1782896700,1.32422,1.32426,1.32385,1.32394,498,10,0
1782897000,1.32393,1.32395,1.32379,1.32394,341,10,0
1782897300,1.32394,1.32424,1.32383,1.32397,401,10,0
1782897600,1.32397,1.32397,1.32364,1.32393,448,10,0
1782897900,1.32394,1.32394,1.32375,1.32376,335,10,0
1782898200,1.3237700000000001,1.32389,1.32366,1.3237999999999999,447,10,0
1782898500,1.32381,1.32392,1.32365,1.32367,304,10,0
1782898800,1.32365,1.32373,1.32347,1.32363,205,10,0
1782899100,1.32363,1.32408,1.32361,1.32404,321,10,0
1782899400,1.32404,1.3244,1.32402,1.3244,228,10,0
1782899700,1.3244099999999999,1.32442,1.32417,1.32425,292,10,0
1782900000,1.32424,1.32446,1.32389,1.3243,497,10,0
1782900300,1.3243,1.32434,1.32385,1.3238699999999999,296,10,0
1782900600,1.32388,1.32388,1.32343,1.32347,445,10,0
1782900900,1.32346,1.32351,1.32304,1.3232,382,10,0
1782901200,1.32321,1.32329,1.32282,1.32287,446,10,0
1782901500,1.32288,1.32333,1.32287,1.3229199999999999,276,10,0
1782901800,1.32293,1.32336,1.32288,1.3232599999999999,259,10,0
1782902100,1.32327,1.32367,1.3232599999999999,1.3235999999999999,350,10,0
1782902400,1.3235999999999999,1.3239,1.32352,1.32383,317,11,0
1782902700,1.3237999999999999,1.32408,1.32376,1.32402,339,10,0
1782903000,1.32401,1.32422,1.3239,1.32408,303,10,0
1782903300,1.32408,1.32452,1.32398,1.3244,368,10,0
1782903600,1.32439,1.32451,1.32391,1.32391,390,10,0
1782903900,1.3239,1.3242,1.32386,1.32413,232,10,0
1782904200,1.32415,1.32443,1.32401,1.32427,290,10,0
1782904500,1.32426,1.32476,1.32426,1.32471,224,10,0
1782904800,1.32471,1.32478,1.32437,1.32451,278,10,0
1782905100,1.32452,1.32501,1.32452,1.325,396,10,0
1782905400,1.32501,1.32503,1.32443,1.32491,305,10,0
1782905700,1.32491,1.32523,1.3247900000000001,1.325,332,10,0
1782906000,1.3249900000000001,1.32514,1.32487,1.3250899999999999,269,10,0
1782906300,1.3250899999999999,1.3251,1.32481,1.32489,288,10,0
1782906600,1.32489,1.3251,1.3247499999999999,1.32486,236,10,0
1782906900,1.32487,1.32505,1.32435,1.3246,221,10,0
1782907200,1.32458,1.3250199999999999,1.32443,1.32478,235,10,0
1782907500,1.32478,1.32484,1.32424,1.32429,425,10,0
1782907800,1.3243,1.32493,1.3243,1.3247900000000001,310,10,0
1782908100,1.3247900000000001,1.3247900000000001,1.3244799999999999,1.32449,282,10,0
1782908400,1.32449,1.32484,1.32447,1.3248199999999999,226,10,0
1782908700,1.32481,1.32559,1.32467,1.32552,281,10,0
1782909000,1.32552,1.32564,1.3250600000000001,1.3250899999999999,315,10,0
1782909300,1.3250899999999999,1.32549,1.32508,1.32517,206,10,0
1782909600,1.32517,1.32535,1.325,1.32511,302,10,0
1782909900,1.32512,1.32537,1.32508,1.3250899999999999,258,11,0
1782910200,1.3250899999999999,1.3251,1.32449,1.32474,354,10,0
1782910500,1.3247499999999999,1.32491,1.3246,1.32461,261,11,0
1782910800,1.32461,1.32473,1.32444,1.32453,302,10,0
1782911100,1.32452,1.32471,1.32447,1.32457,349,10,0
1782911400,1.32456,1.32477,1.32451,1.32471,386,10,0
1782911700,1.32471,1.32526,1.32468,1.32517,278,11,0
1782912000,1.32516,1.32529,1.3249,1.32491,201,10,0
1782912300,1.3249,1.32507,1.32484,1.32507,265,10,0
1782912600,1.32507,1.32521,1.32496,1.32518,290,11,0
1782912900,1.32519,1.32531,1.3251,1.32531,397,10,0
1782913200,1.32531,1.32541,1.32516,1.32523,370,11,0
1782913500,1.32522,1.3253599999999999,1.32518,1.3253300000000001,362,11,0
1782913800,1.32532,1.32561,1.32532,1.32544,413,10,0
1782914100,1.3254299999999999,1.32557,1.3252,1.3252,334,10,0
1782914400,1.32519,1.3253,1.32447,1.32454,424,10,0
1782914700,1.32452,1.32468,1.32428,1.32462,332,10,0
1782915000,1.32461,1.32461,1.32409,1.32426,335,10,0
1782915300,1.32426,1.3244799999999999,1.32416,1.32442,332,10,0
1782915600,1.32442,1.32444,1.3241800000000001,1.32432,230,10,0
1782915900,1.32432,1.32447,1.32422,1.32443,258,10,0
1782916200,1.32444,1.32459,1.32429,1.3244099999999999,327,10,0
1782916500,1.32442,1.3247499999999999,1.3243800000000001,1.32459,344,10,0
1782916800,1.32459,1.32478,1.32452,1.32458,309,10,0
1782917100,1.32458,1.32469,1.32436,1.32439,303,10,0
1782917400,1.32439,1.3248,1.32433,1.32436,331,10,0
1782917700,1.32433,1.32447,1.32408,1.32419,438,10,0
1782918000,1.3241800000000001,1.32442,1.32396,1.32408,464,10,0
1782918300,1.32408,1.3241399999999999,1.32381,1.32391,391,10,0
1782918600,1.32392,1.3242,1.32385,1.32395,358,10,0
1782918900,1.32408,1.32452,1.32408,1.32451,367,10,0
1782919200,1.32451,1.32478,1.32446,1.3247200000000001,381,10,0
1782919500,1.3247200000000001,1.32478,1.32402,1.32403,380,10,0
1782919800,1.32404,1.32437,1.32369,1.3237,377,10,0
1782920100,1.32371,1.32393,1.3235299999999999,1.3235299999999999,573,10,0
1782920400,1.32354,1.32394,1.32337,1.32366,541,10,0
1782920700,1.32367,1.3239,1.32333,1.32382,493,10,0
1782921000,1.32382,1.32426,1.32382,1.3242,503,10,0
1782921300,1.32419,1.32419,1.32364,1.32364,360,10,0
1782921600,1.32365,1.32425,1.3235700000000001,1.32412,347,10,0
1782921900,1.3241100000000001,1.32428,1.32348,1.32358,496,10,0
1782922200,1.32358,1.32358,1.32185,1.32198,1010,10,0
1782922500,1.322,1.3237700000000001,1.32199,1.32333,840,10,0
1782922800,1.32333,1.32492,1.32331,1.32478,881,10,0
1782923100,1.32477,1.32537,1.3242,1.32504,756,10,0
1782923400,1.3250199999999999,1.32548,1.32469,1.32512,1104,10,0
1782923700,1.32512,1.3259,1.3250600000000001,1.32554,945,10,0
1782924000,1.32555,1.32729,1.32546,1.32718,675,10,0
1782924300,1.32718,1.32802,1.32702,1.32707,875,10,0
1782924600,1.32708,1.32714,1.32656,1.32661,781,10,0
1782924900,1.32661,1.3269,1.32622,1.3263099999999999,618,10,0
1782925200,1.32634,1.3272,1.32622,1.32637,804,10,0
1782925500,1.32638,1.32744,1.32626,1.32741,803,10,0
1782925800,1.32742,1.32767,1.32714,1.32733,762,10,0
1782926100,1.32734,1.32771,1.327,1.3272300000000001,691,10,0
1782926400,1.3272300000000001,1.32792,1.32722,1.32756,783,10,0
1782926700,1.32757,1.32763,1.32706,1.32713,662,10,0
1782927000,1.32713,1.32852,1.32706,1.32852,696,10,0
1782927300,1.3285,1.32877,1.32808,1.32856,711,10,0
1782927600,1.32855,1.32916,1.32765,1.32772,727,10,0
1782927900,1.32771,1.32832,1.32738,1.32742,772,10,0
1782928200,1.32741,1.3275000000000001,1.32697,1.32698,771,10,0
1782928500,1.32697,1.32774,1.3269,1.32772,708,10,0
1782928800,1.32773,1.3278699999999999,1.32728,1.32733,775,10,0
1782929100,1.32733,1.32769,1.32676,1.32699,728,10,0
1782929400,1.32699,1.32737,1.32698,1.32714,525,10,0
1782929700,1.32714,1.32732,1.32695,1.32706,485,10,0
1782930000,1.32705,1.32763,1.32704,1.32743,591,10,0
1782930300,1.32744,1.32786,1.32739,1.32779,455,10,0
1782930600,1.32779,1.32812,1.32704,1.32706,635,10,0
1782930900,1.32705,1.32738,1.32671,1.32676,555,10,0
1782931200,1.32675,1.32713,1.32659,1.32702,553,10,0
1782931500,1.32702,1.32741,1.32698,1.32722,479,10,0
1782931800,1.32722,1.32776,1.32722,1.32752,369,10,0
1782932100,1.32751,1.32778,1.32734,1.32771,376,10,0
1782932400,1.32775,1.32869,1.32771,1.32859,601,10,0
1782932700,1.3286,1.32895,1.3285,1.32858,453,10,0
1782933000,1.32859,1.32903,1.32834,1.32851,451,10,0
1782933300,1.32852,1.32862,1.32796,1.32822,425,10,0
1782933600,1.3282,1.32863,1.3282,1.32844,497,10,0
1782933900,1.32843,1.32914,1.3284,1.3288,486,10,0
1782934200,1.3287900000000001,1.32882,1.32859,1.32873,339,10,0
1782934500,1.32873,1.32874,1.32847,1.32852,345,10,0
1782934800,1.32853,1.3287,1.32815,1.32824,364,10,0
1782935100,1.32825,1.32866,1.32821,1.32843,328,10,0
1782935400,1.32842,1.32846,1.32809,1.32816,380,10,0
1782935700,1.32817,1.3284099999999999,1.32798,1.32808,457,10,0
1782936000,1.32809,1.32851,1.32809,1.3284,398,10,0
1782936300,1.32839,1.32847,1.3281800000000001,1.32821,285,10,0
1782936600,1.32821,1.32821,1.32785,1.3280699999999999,361,10,0
1782936900,1.3280699999999999,1.32827,1.32795,1.32823,381,10,0
1782937200,1.32822,1.32825,1.32802,1.32809,304,10,0
1782937500,1.3281,1.32817,1.32795,1.32808,257,11,0
1782937800,1.32808,1.32823,1.32803,1.3281800000000001,197,10,0
1782938100,1.3281800000000001,1.32822,1.32794,1.32798,213,10,0
1782938400,1.32798,1.32806,1.3277,1.32772,182,10,0
1782938700,1.32771,1.32802,1.32767,1.32796,204,10,0
1782939000,1.32797,1.32801,1.3277999999999999,1.32788,262,10,0
1782939300,1.32788,1.32802,1.32772,1.32772,227,11,0
1782939600,1.32771,1.32792,1.32768,1.32782,248,10,0
1782939900,1.32782,1.32782,1.32749,1.32752,210,10,0
1782940200,1.3275299999999999,1.32755,1.32729,1.32747,189,10,0
1782940500,1.32744,1.32744,1.32709,1.3272,211,10,0
1782940800,1.32721,1.32738,1.32712,1.32727,218,10,0
1782941100,1.32727,1.32737,1.32712,1.32732,244,10,0
1782941400,1.32732,1.3275299999999999,1.32727,1.32741,239,10,0
1782941700,1.3274,1.32755,1.32739,1.3275000000000001,245,10,0
1782942000,1.32751,1.3278400000000001,1.32747,1.3278400000000001,326,10,0
1782942300,1.32783,1.32783,1.32767,1.32767,220,10,0
1782942600,1.32768,1.32771,1.32741,1.3274599999999999,246,10,0
1782942900,1.3274599999999999,1.32786,1.3274599999999999,1.32776,321,10,0
1782943200,1.32776,1.32797,1.32775,1.3277700000000001,397,10,0
1782943500,1.3277700000000001,1.32795,1.32775,1.32794,242,10,0
1782943800,1.32793,1.32796,1.32773,1.32786,198,10,0
1782944100,1.32786,1.32805,1.32778,1.3279,319,10,0
1782944400,1.32791,1.3281100000000001,1.3278699999999999,1.328,240,10,0
1782944700,1.32803,1.3281800000000001,1.32791,1.32808,315,10,0
1782945000,1.32808,1.32815,1.32796,1.32808,455,10,0
1782945300,1.32809,1.32816,1.3280699999999999,1.3280699999999999,314,10,0
1782945600,1.32808,1.32808,1.32792,1.3280699999999999,405,10,0
1782945900,1.3280699999999999,1.32808,1.32792,1.32801,204,11,0
1782946200,1.32802,1.32805,1.32766,1.32778,362,10,0
1782946500,1.32776,1.32783,1.32768,1.32776,346,10,0
1782946800,1.32775,1.32788,1.3277,1.32776,240,10,0
1782947100,1.32776,1.32794,1.32769,1.3277700000000001,238,10,0
1782947400,1.32776,1.3278699999999999,1.32776,1.32781,143,10,0
1782947700,1.32781,1.32789,1.32775,1.3277700000000001,227,10,0
1782948000,1.32776,1.3278699999999999,1.32769,1.3278699999999999,167,10,0
1782948300,1.3278699999999999,1.32791,1.32785,1.3278699999999999,150,11,0
1782948600,1.32786,1.32798,1.32785,1.32785,63,10,0
1782948900,1.32785,1.32786,1.32757,1.32765,210,11,0
1782949200,1.32765,1.32765,1.32682,1.32697,160,10,0
1782949500,1.32698,1.32736,1.32696,1.32736,183,10,0
1782949800,1.32738,1.32755,1.32737,1.32738,129,12,0
1782950100,1.32738,1.32751,1.32728,1.3273,191,12,0
1782950400,1.32713,1.32713,1.32713,1.32713,2,66,0
1782950700,1.32672,1.32697,1.3265500000000001,1.32697,37,49,0
1782951000,1.32697,1.3272300000000001,1.32673,1.32704,54,91,0
1782951300,1.32709,1.3272599999999999,1.32688,1.32707,107,115,0
1782951600,1.32721,1.32721,1.32695,1.32709,44,120,0
1782951900,1.32707,1.32727,1.32697,1.32725,73,100,0
1782952200,1.32724,1.32742,1.32722,1.3274,73,110,0
1782952500,1.32741,1.32751,1.32721,1.32741,62,100,0
1782952800,1.32742,1.32768,1.3274,1.32767,76,98,0
1782953100,1.32768,1.3277700000000001,1.3276,1.32776,38,98,0
1782953400,1.32776,1.32781,1.32775,1.32781,40,101,0
1782953700,1.32783,1.32783,1.32676,1.3269,205,57,0
1782954000,1.3269,1.32772,1.3269,1.32743,72,14,0
1782954300,1.32743,1.32772,1.32743,1.32769,43,16,0
1782954600,1.32769,1.32769,1.32763,1.32763,40,14,0
1782954900,1.32764,1.32776,1.32763,1.32776,73,13,0
1782955200,1.32775,1.3278699999999999,1.32771,1.3278699999999999,94,16,0
1782955500,1.32786,1.32788,1.3278400000000001,1.32786,101,16,0
1782955800,1.32785,1.32792,1.32776,1.3278400000000001,60,12,0
1782956100,1.3278400000000001,1.32785,1.32783,1.32785,15,18,0
1782956400,1.32785,1.32786,1.32785,1.32785,16,17,0
1782956700,1.32786,1.3278699999999999,1.32783,1.32786,19,16,0
1782957000,1.32786,1.32786,1.3278400000000001,1.32785,17,17,0
1782957300,1.32786,1.32791,1.32785,1.3279,16,14,0
1782957600,1.32791,1.32792,1.32786,1.32786,51,12,0
1782957900,1.3278699999999999,1.3279,1.32785,1.32786,30,12,0
1782958200,1.32786,1.32788,1.32776,1.32786,56,13,0
1782958500,1.32785,1.32788,1.32776,1.3278400000000001,46,13,0
1782958800,1.3278400000000001,1.32785,1.3277700000000001,1.32778,55,13,0
1782959100,1.32778,1.32794,1.32778,1.32788,46,13,0
1782959400,1.32789,1.32791,1.32786,1.3278699999999999,103,13,0
1782959700,1.32786,1.32788,1.32785,1.32786,32,12,0
1782960000,1.3278699999999999,1.32791,1.32779,1.32788,50,13,0
1782960300,1.32789,1.32789,1.32779,1.32785,86,13,0
1782960600,1.32785,1.32786,1.32764,1.32779,71,14,0
1782960900,1.32779,1.32786,1.32774,1.32778,69,11,0
1782961200,1.32779,1.32797,1.3276,1.32788,356,10,0
1782961500,1.3278699999999999,1.32829,1.32783,1.32822,364,11,0
1782961800,1.32823,1.32826,1.32795,1.32797,274,12,0
1782962100,1.32796,1.32798,1.32762,1.32762,199,12,0
1782962400,1.32762,1.32781,1.32761,1.32774,198,12,0
1782962700,1.32773,1.32773,1.3274,1.32747,176,12,0
1782963000,1.32747,1.32754,1.32739,1.32745,239,12,0
1782963300,1.3274599999999999,1.32764,1.3274599999999999,1.32756,240,11,0
1782963600,1.32756,1.32796,1.32754,1.32772,176,12,0
1782963900,1.32772,1.32794,1.32769,1.32788,406,11,0
1782964200,1.3278699999999999,1.32791,1.32761,1.32778,433,10,0
1782964500,1.3277700000000001,1.32785,1.32757,1.32775,288,11,0
1782964800,1.32774,1.32794,1.32764,1.32791,365,10,0
1782965100,1.3279,1.32796,1.32778,1.32792,185,12,0
1782965400,1.32792,1.32801,1.32773,1.32794,217,11,0
1782965700,1.32793,1.328,1.32775,1.32795,281,12,0
1782966000,1.32795,1.32809,1.32785,1.32804,198,10,0
1782966300,1.32803,1.32806,1.32786,1.32797,219,10,0
1782966600,1.32797,1.32803,1.32786,1.32792,272,11,0
1782966900,1.32792,1.32821,1.3278699999999999,1.3282,249,12,0
1782967200,1.32821,1.32839,1.3282,1.32822,200,10,0
1782967500,1.32821,1.32901,1.32815,1.32896,203,10,0
1782967800,1.32896,1.32903,1.32861,1.3287499999999999,219,10,0
1782968100,1.32874,1.32874,1.32832,1.32839,296,10,0
1782968400,1.32839,1.3286,1.32834,1.32858,336,11,0
1782968700,1.32858,1.3287200000000001,1.32857,1.32862,205,10,0
1782969000,1.32862,1.32917,1.32857,1.32917,238,10,0
1782969300,1.32917,1.32943,1.3290600000000001,1.32942,221,10,0
1782969600,1.32941,1.32941,1.32901,1.32904,226,11,0
1782969900,1.32904,1.3290600000000001,1.32892,1.32898,131,12,0
1782970200,1.32898,1.32911,1.32894,1.3290899999999999,169,12,0
1782970500,1.32905,1.32905,1.32884,1.32885,143,12,0
1782970800,1.32886,1.32889,1.32876,1.32882,139,11,0
1782971100,1.32882,1.32889,1.32866,1.32867,137,11,0
1782971400,1.32868,1.3288,1.32851,1.3286,149,11,0
1782971700,1.32861,1.32861,1.32839,1.32849,184,10,0
1782972000,1.32849,1.32865,1.3284099999999999,1.32842,157,12,0
1782972300,1.32842,1.32843,1.32822,1.32823,122,12,0
1782972600,1.32823,1.32825,1.32804,1.3281100000000001,171,12,0
1782972900,1.3281100000000001,1.32825,1.328,1.328,145,12,0
1782973200,1.328,1.3281,1.32793,1.328,134,12,0
1782973500,1.32801,1.3282,1.32797,1.32819,110,12,0
1782973800,1.3282,1.32834,1.32817,1.32827,193,12,0
1782974100,1.32827,1.32828,1.32817,1.32821,164,12,0
1782974400,1.32822,1.32832,1.32819,1.32827,162,13,0
1782974700,1.32826,1.32828,1.3281100000000001,1.32817,163,12,0
1782975000,1.3281800000000001,1.3283,1.32816,1.32819,157,12,0
1782975300,1.3281800000000001,1.32862,1.3281800000000001,1.3286,251,11,0
1782975600,1.3286,1.32915,1.32859,1.32867,400,11,0
1782975900,1.32868,1.32911,1.32866,1.3290199999999999,208,12,0
1782976200,1.32903,1.3290600000000001,1.32881,1.3289900000000001,175,11,0
1782976500,1.32898,1.3289900000000001,1.32888,1.3289,119,11,0
1782976800,1.32891,1.32897,1.3287200000000001,1.32885,201,12,0
1782977100,1.32886,1.32892,1.32866,1.3287,231,12,0
1782977400,1.32871,1.32871,1.32859,1.32865,255,13,0
1782977700,1.32865,1.32866,1.32853,1.32865,264,10,0
1782978000,1.32863,1.32863,1.3284799999999999,1.32853,215,12,0
1782978300,1.32853,1.32856,1.32846,1.3284799999999999,205,13,0
1782978600,1.32849,1.3288,1.3284799999999999,1.32874,150,10,0
1782978900,1.32874,1.3289,1.32874,1.32885,154,12,0
1782979200,1.32884,1.32897,1.32882,1.32885,201,12,0
1782979500,1.32885,1.3290600000000001,1.3288,1.3289,169,13,0
1782979800,1.32889,1.32894,1.3287900000000001,1.32883,179,12,0
1782980100,1.32883,1.32885,1.32873,1.32883,150,11,0
1782980400,1.32883,1.3290600000000001,1.32878,1.3290199999999999,175,10,0
1782980700,1.32903,1.32903,1.32882,1.32888,182,12,0
1782981000,1.32888,1.32889,1.32855,1.32881,243,12,0
1782981300,1.32881,1.32888,1.32871,1.3287200000000001,163,12,0
1782981600,1.32871,1.32893,1.32871,1.32887,185,12,0
1782981900,1.32886,1.32897,1.3287499999999999,1.32878,177,11,0
1782982200,1.32877,1.3290899999999999,1.32877,1.329,181,11,0
1782982500,1.3290199999999999,1.32923,1.32897,1.32907,216,10,0
1782982800,1.32908,1.32962,1.3290600000000001,1.32943,492,10,0
1782983100,1.32944,1.32992,1.32934,1.32965,410,10,0
1782983400,1.32965,1.32975,1.32947,1.32948,383,10,0
1782983700,1.32948,1.32952,1.32916,1.3293599999999999,408,10,0
1782984000,1.32934,1.32947,1.32922,1.3293599999999999,463,10,0
1782984300,1.3293599999999999,1.32961,1.32925,1.32941,256,11,0
1782984600,1.32945,1.3296700000000001,1.32938,1.3295,267,10,0
1782984900,1.32953,1.32964,1.32945,1.3295,274,10,0
1782985200,1.3295,1.32978,1.32947,1.32975,340,10,0
1782985500,1.32976,1.3314,1.3296700000000001,1.3313,565,10,0
1782985800,1.33132,1.33254,1.33044,1.33076,882,10,0
1782986100,1.33074,1.33096,1.33046,1.33047,617,10,0
1782986400,1.33047,1.33047,1.3299400000000001,1.33009,508,10,0
1782986700,1.33014,1.33045,1.32974,1.33044,493,10,0
1782987000,1.33044,1.33069,1.33017,1.33051,662,10,0
1782987300,1.33052,1.33122,1.3304,1.33115,571,10,0
1782987600,1.33113,1.33163,1.33109,1.33149,403,10,0
1782987900,1.33149,1.33223,1.33136,1.33213,477,10,0
1782988200,1.33213,1.33223,1.3318400000000001,1.332,463,10,0
1782988500,1.33199,1.33264,1.33176,1.33258,495,10,0
1782988800,1.33259,1.33377,1.33259,1.3332600000000001,695,10,0
1782989100,1.3332600000000001,1.33338,1.33288,1.33328,565,10,0
1782989400,1.3333,1.33377,1.33307,1.33346,501,10,0
1782989700,1.33347,1.33375,1.3330600000000001,1.33359,493,10,0
1782990000,1.33358,1.3348900000000001,1.33352,1.3347,614,10,0
1782990300,1.3347,1.3353,1.33446,1.33488,710,10,0
1782990600,1.33488,1.33536,1.33479,1.33521,641,10,0
1782990900,1.33521,1.33527,1.33436,1.33463,563,10,0
1782991200,1.33463,1.33498,1.33434,1.33435,462,10,0
1782991500,1.33436,1.33506,1.33422,1.33483,632,10,0
1782991800,1.33478,1.33513,1.33459,1.33504,571,10,0
1782992100,1.33505,1.33554,1.33477,1.33518,644,10,0
1782992400,1.33518,1.33595,1.3351600000000001,1.33561,607,10,0
1782992700,1.33562,1.33625,1.33524,1.33613,626,10,0
1782993000,1.33613,1.33623,1.33557,1.33562,577,10,0
1782993300,1.33561,1.33592,1.33536,1.33564,415,10,0
1782993600,1.33562,1.33579,1.33514,1.33527,472,10,0
1782993900,1.33528,1.33538,1.33443,1.33453,450,10,0
1782994200,1.33453,1.33467,1.33375,1.33449,485,10,0
1782994500,1.3345,1.33481,1.33425,1.33459,507,10,0
1782994800,1.3346,1.33465,1.33429,1.33446,512,10,0
1782995100,1.33447,1.33448,1.33396,1.33405,546,10,0
1782995400,1.33406,1.33419,1.33384,1.33411,433,10,0
1782995700,1.33411,1.33472,1.33406,1.33453,443,10,0
1782996000,1.33454,1.33459,1.33425,1.33448,393,10,0
1782996300,1.33448,1.3345099999999999,1.33413,1.3342100000000001,491,10,0
1782996600,1.3342,1.33439,1.3338700000000001,1.3338700000000001,378,10,0
1782996900,1.3338700000000001,1.33423,1.33384,1.33401,538,10,0
1782997200,1.334,1.33442,1.3338,1.33419,393,10,0
1782997500,1.33419,1.33426,1.33385,1.33388,369,10,0
1782997800,1.3338999999999999,1.33403,1.3338,1.33382,211,10,0
1782998100,1.33382,1.33404,1.33323,1.33337,260,10,0
1782998400,1.33337,1.33345,1.33293,1.33295,458,10,0
1782998700,1.33295,1.33314,1.33293,1.33298,452,10,0
1782999000,1.33297,1.33297,1.33264,1.33281,263,10,0
1782999300,1.33282,1.33289,1.33257,1.33279,227,10,0
1782999600,1.33278,1.33305,1.33252,1.33281,270,10,0
1782999900,1.33282,1.33301,1.33259,1.3328,268,10,0
1783000200,1.33281,1.33307,1.3327200000000001,1.33305,223,10,0
1783000500,1.3330600000000001,1.33332,1.33279,1.33323,336,11,0
1783000800,1.33324,1.3332600000000001,1.33289,1.33294,324,10,0
1783001100,1.33291,1.3331,1.33247,1.33289,418,10,0
1783001400,1.33289,1.33304,1.33276,1.33284,314,10,0
1783001700,1.33284,1.3332600000000001,1.3327499999999999,1.33325,247,10,0
1783002000,1.33324,1.33324,1.3329,1.33297,290,10,0
1783002300,1.33296,1.33311,1.33276,1.33294,269,10,0
1783002600,1.33294,1.3331,1.33266,1.33269,269,11,0
1783002900,1.33269,1.33269,1.33247,1.33251,289,10,0
1783003200,1.3325,1.33252,1.33205,1.33209,237,10,0
1783003500,1.3321,1.33217,1.33158,1.33165,263,10,0
1783003800,1.33166,1.33168,1.33113,1.33118,333,10,0
1783004100,1.33118,1.33128,1.33077,1.33097,362,10,0
1783004400,1.33095,1.33121,1.33072,1.3312,522,10,0
1783004700,1.3311899999999999,1.3312599999999999,1.33034,1.33052,567,10,0
1783005000,1.33052,1.33072,1.33005,1.33026,443,10,0
1783005300,1.33026,1.3302800000000001,1.32966,1.32991,448,10,0
1783005600,1.32992,1.33052,1.32985,1.33048,541,10,0
1783005900,1.33047,1.33078,1.33032,1.33042,451,10,0
1783006200,1.33022,1.33619,1.33022,1.33616,1382,10,0
1783006500,1.33615,1.3374,1.33587,1.33739,1256,10,0
1783006800,1.3373599999999999,1.33825,1.33691,1.33791,1161,10,0
1783007100,1.33792,1.33801,1.33658,1.33708,1082,10,0
1783007400,1.337,1.3376299999999999,1.33674,1.33693,1017,10,0
1783007700,1.33691,1.33701,1.33602,1.33639,1051,10,0
1783008000,1.33642,1.33704,1.3357,1.33686,1041,10,0
1783008300,1.33684,1.33693,1.33556,1.33557,980,10,0
1783008600,1.33562,1.33661,1.33558,1.33609,937,10,0
1783008900,1.3361,1.33683,1.33569,1.3368,788,10,0
1783009200,1.3368,1.3368,1.3356,1.33569,835,10,0
1783009500,1.3357,1.33628,1.33522,1.33612,724,10,0
1783009800,1.33613,1.33769,1.33583,1.33744,1063,10,0
1783010100,1.33741,1.33765,1.3366,1.33707,980,10,0
1783010400,1.33708,1.33762,1.33651,1.33746,889,10,0
1783010700,1.33749,1.33795,1.33739,1.33747,889,10,0
1783011000,1.33747,1.33788,1.33728,1.3373599999999999,949,10,0
1783011300,1.3373599999999999,1.33802,1.33722,1.33753,598,10,0
1783011600,1.33752,1.33764,1.33657,1.33723,613,10,0
1783011900,1.33722,1.33818,1.33709,1.33756,830,10,0
1783012200,1.33759,1.3382800000000001,1.33709,1.33802,808,10,0
1783012500,1.33802,1.33843,1.33786,1.3381,835,10,0
1783012800,1.33809,1.33813,1.33722,1.3375,724,10,0
1783013100,1.33751,1.33762,1.33696,1.337,835,10,0
1783013400,1.337,1.3372600000000001,1.33636,1.33646,866,10,0
1783013700,1.3364500000000001,1.33673,1.33606,1.3363,965,10,0
1783014000,1.33632,1.3364099999999999,1.33563,1.3360400000000001,821,10,0
1783014300,1.3360400000000001,1.33656,1.3357999999999999,1.33654,850,10,0
1783014600,1.33655,1.33715,1.33652,1.33681,764,10,0
1783014900,1.33686,1.33752,1.3368,1.33751,705,10,0
1783015200,1.33752,1.33781,1.33697,1.33712,877,10,0
1783015500,1.33715,1.33719,1.33652,1.3370199999999999,808,10,0
1783015800,1.3370199999999999,1.33737,1.33682,1.33705,770,10,0
1783016100,1.33705,1.3370600000000001,1.33647,1.33653,704,10,0
1783016400,1.33653,1.33696,1.33646,1.33667,750,10,0
1783016700,1.3366799999999999,1.33695,1.33633,1.3363399999999999,619,10,0
1783017000,1.33639,1.33724,1.33639,1.33703,708,10,0
1783017300,1.33704,1.33744,1.3370199999999999,1.33712,653,10,0
1783017600,1.33715,1.33715,1.33633,1.3363800000000001,599,10,0
1783017900,1.3363800000000001,1.33664,1.33624,1.33625,594,10,0
1783018200,1.33625,1.33631,1.33599,1.3361399999999999,562,10,0
1783018500,1.3361399999999999,1.33632,1.33597,1.33613,559,10,0
1783018800,1.33616,1.33618,1.33574,1.33606,762,10,0
1783019100,1.33605,1.33613,1.33561,1.3357299999999999,702,10,0
1783019400,1.33574,1.33591,1.33554,1.33589,582,10,0
1783019700,1.3359,1.33595,1.3354300000000001,1.33559,567,10,0
1783020000,1.3356,1.33568,1.33539,1.3355000000000001,512,10,0
1783020300,1.3355000000000001,1.33575,1.33515,1.33515,560,10,0
1783020600,1.33515,1.33521,1.33497,1.33501,480,10,0
1783020900,1.335,1.33523,1.33486,1.3351199999999999,481,10,0
1783021200,1.33513,1.33548,1.33499,1.33537,479,10,0
1783021500,1.33536,1.33556,1.33534,1.33542,448,10,0
1783021800,1.3354300000000001,1.33558,1.3352,1.33538,461,10,0
1783022100,1.3354,1.33558,1.3352,1.33525,430,11,0
1783022400,1.33524,1.33533,1.33494,1.33495,504,10,0
1783022700,1.33495,1.33514,1.3348,1.33495,373,10,0
1783023000,1.33495,1.33511,1.33478,1.33481,389,10,0
1783023300,1.33481,1.33484,1.33449,1.33474,418,10,0
1783023600,1.33473,1.3348200000000001,1.3345099999999999,1.33454,368,10,0
1783023900,1.3345500000000001,1.33457,1.33418,1.33433,360,10,0
1783024200,1.33433,1.33457,1.33429,1.33437,438,10,0
1783024500,1.33437,1.33441,1.3341,1.33413,541,10,0
1783024800,1.33412,1.33426,1.33408,1.33415,505,10,0
1783025100,1.33414,1.33435,1.33398,1.33402,387,10,0
1783025400,1.33403,1.3342,1.33374,1.33411,441,10,0
1783025700,1.3341,1.33423,1.3338700000000001,1.33401,417,10,0
1783026000,1.334,1.33452,1.33396,1.33449,453,10,0
1783026300,1.3345,1.3349,1.33449,1.3349,409,10,0
1783026600,1.3348900000000001,1.33497,1.33454,1.33454,469,10,0
1783026900,1.3345500000000001,1.33468,1.33416,1.3343099999999999,454,10,0
1783027200,1.3343099999999999,1.33449,1.33425,1.33445,438,10,0
1783027500,1.33444,1.33476,1.33441,1.3345500000000001,289,10,0
1783027800,1.3345500000000001,1.3351,1.33454,1.33496,344,10,0
1783028100,1.33497,1.33508,1.3348900000000001,1.33505,366,10,0
1783028400,1.33504,1.33504,1.33483,1.33483,365,10,0
1783028700,1.33481,1.33488,1.33474,1.33487,320,10,0
1783029000,1.33486,1.3349,1.33463,1.3347,224,10,0
1783029300,1.33469,1.33478,1.33459,1.33474,334,10,0
1783029600,1.33474,1.33491,1.33433,1.33437,356,10,0
1783029900,1.33438,1.3347,1.33438,1.3347,447,10,0
1783030200,1.3347,1.33475,1.3345,1.33472,348,10,0
1783030500,1.33472,1.33475,1.3345099999999999,1.33454,307,10,0
1783030800,1.33454,1.33454,1.3343,1.33434,292,10,0
1783031100,1.33435,1.3344,1.3343,1.33434,290,11,0
1783031400,1.33435,1.33457,1.33429,1.3344,203,11,0
1783031700,1.33441,1.33442,1.3342,1.33433,284,10,0
1783032000,1.33432,1.33452,1.3343099999999999,1.33444,272,10,0
1783032300,1.33445,1.33445,1.33415,1.33422,238,10,0
1783032600,1.33422,1.33464,1.33422,1.33463,251,10,0
1783032900,1.33463,1.33474,1.33444,1.33449,288,10,0
1783033200,1.33448,1.3346,1.3343099999999999,1.3346,151,10,0
1783033500,1.3346,1.33471,1.3345799999999999,1.33463,71,10,0
1783033800,1.33462,1.33465,1.3346,1.33464,144,12,0
1783034100,1.33464,1.33484,1.33464,1.33481,121,11,0
1783034400,1.33481,1.33493,1.33481,1.3349199999999999,84,10,0
1783034700,1.33493,1.33503,1.3349199999999999,1.33498,91,12,0
1783035000,1.33498,1.33498,1.3348900000000001,1.3349199999999999,70,12,0
1783035300,1.3349199999999999,1.33493,1.33479,1.33479,66,11,0
1783035600,1.33479,1.33479,1.33459,1.33461,116,10,0
1783035900,1.3346,1.33484,1.3346,1.33483,142,11,0
1783036200,1.33483,1.33494,1.3348200000000001,1.33484,108,10,0
1783036500,1.33483,1.33484,1.33436,1.33437,338,10,0
1783036800,1.3342399999999999,1.33427,1.33358,1.33407,6,70,0
1783037100,1.33409,1.33435,1.3336700000000001,1.33415,13,94,0
1783037400,1.33413,1.33449,1.33355,1.334,122,148,0
1783037700,1.33403,1.33405,1.33349,1.33354,24,101,0
1783038000,1.33354,1.33444,1.33354,1.3342800000000001,60,78,0
1783038300,1.33433,1.33433,1.33392,1.33392,27,50,0
1783038600,1.33392,1.33417,1.3336700000000001,1.33377,36,62,0
1783038900,1.33378,1.33414,1.33378,1.33414,38,52,0
1783039200,1.33411,1.33419,1.3341,1.33413,31,58,0
1783039500,1.33412,1.3342800000000001,1.3341,1.33416,27,52,0
1783039800,1.33415,1.33439,1.33415,1.33439,44,64,0
1783040100,1.33442,1.33467,1.3342800000000001,1.3345500000000001,61,56,0
1783040400,1.3345500000000001,1.3348200000000001,1.33449,1.3348,75,19,0
1783040700,1.33479,1.33483,1.33472,1.33474,44,21,0
1783041000,1.33475,1.33481,1.33473,1.33478,42,19,0
1783041300,1.33478,1.33488,1.33469,1.33481,21,12,0
1783041600,1.3348200000000001,1.3348200000000001,1.33477,1.3348,27,16,0
1783041900,1.33481,1.33481,1.3347,1.3348,48,14,0
1783042200,1.3348,1.3348,1.33468,1.33469,49,14,0
1783042500,1.33468,1.33474,1.33461,1.33463,32,14,0
1783042800,1.33463,1.33463,1.3343,1.33435,79,13,0
1783043100,1.33434,1.33441,1.33422,1.3343099999999999,85,13,0
1783043400,1.3343099999999999,1.3343099999999999,1.33418,1.33418,46,14,0
1783043700,1.33419,1.33441,1.33418,1.33437,64,14,0
1783044000,1.33437,1.33442,1.33426,1.33436,78,15,0
1783044300,1.33437,1.33448,1.33433,1.3344,133,12,0
1783044600,1.33437,1.33445,1.3343,1.33435,110,12,0
1783044900,1.33435,1.33443,1.33435,1.33442,85,14,0
1783045200,1.33442,1.33461,1.33439,1.33459,80,10,0
1783045500,1.33459,1.33465,1.33454,1.33461,61,11,0
1783045800,1.33459,1.33459,1.33441,1.33441,115,12,0
1783046100,1.33441,1.33441,1.3339699999999999,1.33411,152,10,0
1783046400,1.3341,1.3345,1.3341,1.33443,114,12,0
1783046700,1.33445,1.33445,1.3342,1.3342100000000001,82,12,0
1783047000,1.33422,1.33423,1.33389,1.33401,137,11,0
1783047300,1.334,1.33402,1.33368,1.33374,179,13,0
1783047600,1.33376,1.3339699999999999,1.33374,1.33382,570,12,0
1783047900,1.33385,1.33385,1.33351,1.33357,479,12,0
1783048200,1.33358,1.33371,1.33348,1.33359,277,11,0
1783048500,1.33358,1.33374,1.33338,1.33373,277,11,0
1783048800,1.33375,1.33382,1.33359,1.33381,348,11,0
1783049100,1.33381,1.33389,1.33362,1.33366,332,11,0
1783049400,1.33365,1.33373,1.3335,1.33353,320,11,0
1783049700,1.33355,1.3336999999999999,1.33353,1.3336000000000001,350,11,0
1783050000,1.33361,1.33364,1.33349,1.3336000000000001,248,11,0
1783050300,1.33361,1.33378,1.33359,1.33372,373,10,0
1783050600,1.33373,1.33432,1.3336999999999999,1.33432,291,11,0
1783050900,1.3343099999999999,1.33475,1.33419,1.33472,370,11,0
1783051200,1.33473,1.33497,1.3345799999999999,1.33491,461,10,0
1783051500,1.33491,1.335,1.33469,1.3349,460,12,0
1783051800,1.33491,1.33531,1.33487,1.33525,396,10,0
1783052100,1.33526,1.33603,1.33524,1.33601,458,12,0
1783052400,1.33602,1.33632,1.33595,1.33627,387,12,0
1783052700,1.33627,1.33627,1.33568,1.33569,315,12,0
1783053000,1.33568,1.336,1.33549,1.336,331,11,0
1783053300,1.33601,1.3361100000000001,1.33554,1.33562,391,13,0
1783053600,1.33563,1.33599,1.3356,1.33591,470,11,0
1783053900,1.3359,1.3359,1.33549,1.33558,345,12,0
1783054200,1.33559,1.33561,1.33538,1.33554,403,12,0
1783054500,1.33555,1.33566,1.33548,1.3355299999999999,256,12,0
1783054800,1.33554,1.33564,1.33539,1.33555,290,12,0
1783055100,1.33554,1.3361399999999999,1.33551,1.33612,271,11,0
1783055400,1.33616,1.33621,1.33603,1.3361,272,11,0
1783055700,1.33609,1.33639,1.33606,1.3362,203,12,0
1783056000,1.33619,1.3364500000000001,1.33617,1.33644,168,12,0
1783056300,1.33643,1.33657,1.33629,1.33647,250,12,0
1783056600,1.33647,1.33652,1.33616,1.33618,334,12,0
1783056900,1.33618,1.33643,1.3361399999999999,1.33639,265,13,0
1783057200,1.3364,1.33643,1.33619,1.33635,343,12,0
1783057500,1.3363399999999999,1.3364,1.33615,1.33621,406,12,0
1783057800,1.3362,1.3364500000000001,1.33619,1.33635,272,11,0
1783058100,1.3363399999999999,1.3364,1.33595,1.33606,322,11,0
1783058400,1.3360400000000001,1.3360699999999999,1.33587,1.33592,347,12,0
1783058700,1.33592,1.33592,1.33569,1.3357,326,12,0
1783059000,1.3357,1.3359,1.33569,1.3359,193,13,0
1783059300,1.3359,1.33592,1.33581,1.33582,207,12,0
1783059600,1.33581,1.33592,1.33574,1.3357999999999999,128,11,0
1783059900,1.33579,1.33588,1.33563,1.33586,152,12,0
1783060200,1.33586,1.33589,1.33569,1.3357999999999999,184,12,0
1783060500,1.33581,1.33591,1.33574,1.33578,207,11,0
1783060800,1.33579,1.33595,1.3357700000000001,1.33579,190,11,0
1783061100,1.33579,1.33598,1.33576,1.33597,218,12,0
1783061400,1.33598,1.33612,1.3359,1.33605,171,12,0
1783061700,1.33606,1.33616,1.33601,1.3360699999999999,120,12,0
1783062000,1.33608,1.33609,1.3357700000000001,1.33588,139,10,0
1783062300,1.33588,1.33598,1.3358400000000001,1.33591,117,11,0
1783062600,1.3359,1.33615,1.33586,1.33613,119,11,0
1783062900,1.33612,1.33622,1.3361,1.33621,202,11,0
1783063200,1.33621,1.33624,1.33613,1.33616,180,11,0
1783063500,1.33616,1.33631,1.33616,1.33623,128,12,0
1783063800,1.33622,1.33624,1.3361399999999999,1.3362,108,12,0
1783064100,1.33619,1.33637,1.33618,1.33631,125,11,0
1783064400,1.33631,1.33644,1.33631,1.3363399999999999,127,11,0
1783064700,1.33636,1.33644,1.33628,1.3364,173,11,0
1783065000,1.33639,1.33652,1.33633,1.33633,189,12,0
1783065300,1.33632,1.33646,1.33631,1.33644,130,11,0
1783065600,1.33644,1.3369900000000001,1.33639,1.33687,311,11,0
1783065900,1.33687,1.33753,1.33684,1.3372899999999999,384,12,0
1783066200,1.3373300000000001,1.3374,1.33709,1.33737,286,10,0
1783066500,1.33739,1.33768,1.3373300000000001,1.33735,281,12,0
1783066800,1.33734,1.33734,1.33704,1.33714,203,12,0
1783067100,1.33714,1.33721,1.33711,1.33719,154,12,0
1783067400,1.33718,1.3373599999999999,1.33716,1.33731,284,11,0
1783067700,1.33732,1.33735,1.33697,1.337,287,12,0
1783068000,1.33701,1.3370199999999999,1.33682,1.3369,264,13,0
1783068300,1.33695,1.33695,1.33669,1.3368,209,11,0
1783068600,1.3368,1.3369,1.33669,1.33679,197,12,0
1783068900,1.33677,1.33677,1.33636,1.3365,321,11,0
1783069200,1.33649,1.3367,1.3364,1.33657,427,11,0
1783069500,1.33657,1.33709,1.33657,1.3366799999999999,424,10,0
1783069800,1.33669,1.33682,1.33646,1.3368,295,10,0
1783070100,1.3368,1.33746,1.33676,1.33741,376,10,0
1783070400,1.33742,1.33742,1.33651,1.33662,369,10,0
1783070700,1.33661,1.33714,1.33661,1.33696,408,10,0
1783071000,1.33695,1.33803,1.3368,1.33784,687,10,0
1783071300,1.33783,1.33807,1.33761,1.33786,604,11,0
1783071600,1.33784,1.33788,1.3373599999999999,1.33765,448,10,0
1783071900,1.33765,1.33772,1.33751,1.33757,306,10,0
1783072200,1.33758,1.33758,1.33694,1.3370600000000001,282,10,0
1783072500,1.33705,1.33712,1.33666,1.33674,347,11,0
1783072800,1.33669,1.33674,1.33621,1.33651,481,10,0
1783073100,1.33651,1.33678,1.33642,1.33669,285,10,0
1783073400,1.33669,1.33677,1.33647,1.33658,341,10,0
1783073700,1.33657,1.33658,1.33628,1.3363,320,10,0
1783074000,1.33629,1.3369,1.33629,1.3369,237,10,0
1783074300,1.3369,1.33728,1.33679,1.33704,267,10,0
1783074600,1.3370600000000001,1.33715,1.33623,1.33632,354,10,0
1783074900,1.33631,1.33664,1.33629,1.33651,392,10,0
1783075200,1.3365,1.33677,1.3362,1.33667,370,10,0
1783075500,1.33667,1.3367,1.33647,1.33667,274,10,0
1783075800,1.33667,1.33717,1.33661,1.33715,386,10,0
1783076100,1.33716,1.33758,1.337,1.33716,333,10,0
1783076400,1.33717,1.33731,1.33667,1.33682,383,10,0
1783076700,1.33683,1.33725,1.33681,1.33711,365,10,0
1783077000,1.3371,1.33711,1.33678,1.33681,264,10,0
1783077300,1.3368,1.33687,1.33649,1.3365,270,10,0
1783077600,1.3365,1.33663,1.33619,1.33632,313,10,0
1783077900,1.3363,1.3367200000000001,1.3363,1.33657,255,10,0
1783078200,1.33659,1.3366,1.3357999999999999,1.33632,347,10,0
1783078500,1.33633,1.33654,1.33601,1.33601,295,10,0
1783078800,1.33599,1.33623,1.33598,1.33622,231,10,0
1783079100,1.33623,1.33625,1.33602,1.33605,238,10,0
1783079400,1.3360400000000001,1.3361,1.33565,1.3358400000000001,225,10,0
1783079700,1.33587,1.33625,1.33587,1.33598,226,10,0
1783080000,1.33598,1.3360699999999999,1.33574,1.33574,264,10,0
1783080300,1.33575,1.33588,1.33559,1.33562,292,10,0
1783080600,1.33563,1.3357700000000001,1.33549,1.33576,248,10,0
1783080900,1.33575,1.33597,1.33566,1.33591,246,10,0
1783081200,1.3359,1.3361399999999999,1.33585,1.33598,219,10,0
1783081500,1.33595,1.33595,1.33566,1.3357,255,10,0
1783081800,1.3357,1.33598,1.33569,1.3359,225,10,0
1783082100,1.3359,1.33609,1.33579,1.3360699999999999,207,10,0
1783082400,1.33606,1.33613,1.33588,1.3359,165,10,0
1783082700,1.33589,1.33589,1.33531,1.3355299999999999,307,10,0
1783083000,1.33554,1.33563,1.33542,1.33555,203,10,0
1783083300,1.33556,1.33559,1.3349199999999999,1.33504,305,10,0
1783083600,1.33503,1.33518,1.3348499999999999,1.33497,288,10,0
1783083900,1.33499,1.33544,1.33493,1.33531,229,10,0
1783084200,1.33531,1.33563,1.33531,1.33545,240,10,0
1783084500,1.3354599999999999,1.33548,1.33511,1.33531,223,10,0
1783084800,1.33533,1.33559,1.33532,1.33542,161,10,0
1783085100,1.3354300000000001,1.3354300000000001,1.33527,1.33533,156,10,0
1783085400,1.33532,1.33562,1.33527,1.33552,176,10,0
1783085700,1.33552,1.33557,1.33534,1.33544,171,10,0
1783086000,1.3354300000000001,1.33565,1.33531,1.33548,160,10,0
1783086300,1.33549,1.33569,1.3354599999999999,1.33568,128,10,0
1783086600,1.33567,1.33596,1.33564,1.33594,138,10,0
1783086900,1.33593,1.33601,1.3355000000000001,1.33551,179,10,0
1783087200,1.33549,1.33569,1.33537,1.3355000000000001,274,10,0
1783087500,1.33551,1.33591,1.3355000000000001,1.33588,264,10,0
1783087800,1.33588,1.3363399999999999,1.33588,1.33628,250,10,0
1783088100,1.33628,1.33633,1.33594,1.33597,253,11,0
1783088400,1.33598,1.3363399999999999,1.33579,1.33631,272,10,0
1783088700,1.3363,1.33631,1.33589,1.33593,328,10,0
1783089000,1.33592,1.33603,1.33576,1.3358400000000001,271,10,0
1783089300,1.33585,1.33589,1.3356,1.3357,294,10,0
1783089600,1.3357,1.3357700000000001,1.33547,1.33551,256,10,0
1783089900,1.3355000000000001,1.33568,1.33529,1.33532,257,10,0
1783090200,1.33533,1.33562,1.33532,1.3355299999999999,326,10,0
1783090500,1.33552,1.33578,1.33542,1.3357700000000001,330,10,0
1783090800,1.33578,1.33583,1.3354300000000001,1.33562,329,10,0
1783091100,1.33561,1.33593,1.3354300000000001,1.3354300000000001,307,10,0
1783091400,1.33544,1.33593,1.33536,1.33592,231,10,0
1783091700,1.33591,1.33593,1.33558,1.3357,227,10,0
1783092000,1.33572,1.33581,1.33547,1.33563,265,10,0
1783092300,1.33563,1.33578,1.33557,1.33575,373,10,0
1783092600,1.3357299999999999,1.33583,1.33559,1.33569,343,10,0
1783092900,1.33569,1.3360699999999999,1.33561,1.33605,363,10,0
1783093200,1.3360400000000001,1.33613,1.3357,1.3357,358,10,0
1783093500,1.33567,1.3357700000000001,1.33559,1.33572,316,11,0
1783093800,1.33572,1.33582,1.33558,1.33578,211,11,0
1783094100,1.3357700000000001,1.3357700000000001,1.33545,1.3355299999999999,313,10,0
1783094400,1.33551,1.33555,1.33515,1.33518,521,10,0
1783094700,1.3351899999999999,1.3351899999999999,1.33477,1.33487,242,10,0
1783095000,1.3348499999999999,1.33523,1.33472,1.33506,234,11,0
1783095300,1.33505,1.33505,1.3348200000000001,1.33491,215,10,0
1783095600,1.33491,1.33537,1.33491,1.33534,151,10,0
1783095900,1.33533,1.33539,1.3351899999999999,1.3353,233,11,0
1783096200,1.3353,1.33532,1.335,1.33515,304,11,0
1783096500,1.33514,1.33522,1.33487,1.3349,273,11,0
1783096800,1.33491,1.33525,1.3349,1.3351899999999999,228,10,0
1783097100,1.3352,1.33524,1.33495,1.33501,246,10,0
1783097400,1.335,1.33501,1.33454,1.33462,243,10,0
1783097700,1.33463,1.33497,1.33461,1.33488,275,10,0
1783098000,1.3348900000000001,1.33502,1.33463,1.33493,307,10,0
1783098300,1.33494,1.33506,1.3348200000000001,1.33506,239,10,0
1783098600,1.33504,1.33518,1.33481,1.3349199999999999,237,10,0
1783098900,1.33491,1.3351899999999999,1.33491,1.33518,275,10,0
1783099200,1.33518,1.33522,1.33484,1.33491,289,10,0
1783099500,1.3349199999999999,1.33548,1.33491,1.33541,302,10,0
1783099800,1.33541,1.33554,1.33521,1.33551,229,10,0
1783100100,1.33551,1.3355299999999999,1.33521,1.33532,164,10,0
1783100400,1.33532,1.3354,1.33508,1.33508,255,10,0
1783100700,1.33507,1.33534,1.33507,1.3353,203,10,0
1783101000,1.3353,1.33582,1.33528,1.33575,324,10,0
1783101300,1.33574,1.33575,1.33539,1.3356,449,10,0
1783101600,1.33559,1.33566,1.33538,1.33541,363,10,0
1783101900,1.3354,1.33554,1.33517,1.3354300000000001,257,10,0
1783102200,1.33542,1.33555,1.33522,1.3353,300,10,0
1783102500,1.33529,1.33561,1.33517,1.3354599999999999,200,10,0
1783102800,1.33547,1.33548,1.3351199999999999,1.33514,123,11,0
1783103100,1.33513,1.33532,1.33501,1.33532,171,11,0
1783103400,1.33531,1.33552,1.3351899999999999,1.33532,213,10,0
1783103700,1.33532,1.33549,1.33529,1.33531,226,10,0
1783104000,1.33531,1.33534,1.33517,1.3351899999999999,220,10,0
1783104300,1.3352,1.33531,1.33518,1.3353,158,10,0
1783104600,1.33529,1.33532,1.33517,1.33528,126,11,0
1783104900,1.33527,1.33556,1.335,1.33549,333,10,0
1783105200,1.33549,1.33558,1.33522,1.33528,274,10,0
1783105500,1.33529,1.33529,1.33518,1.33523,174,10,0
1783105800,1.33523,1.33555,1.33523,1.33547,207,10,0
1783106100,1.33548,1.33554,1.3354,1.33547,152,10,0
1783106400,1.33548,1.33556,1.33539,1.33539,253,11,0
1783106700,1.3354,1.33544,1.33528,1.33529,303,11,0
1783107000,1.33528,1.33532,1.33524,1.33526,235,11,0
1783107300,1.33525,1.33528,1.33515,1.3351899999999999,164,10,0
1783107600,1.3351899999999999,1.33523,1.33506,1.33517,197,10,0
1783107900,1.33517,1.33534,1.33517,1.33534,104,10,0
1783108200,1.33535,1.3354300000000001,1.33534,1.33536,134,10,0
1783108500,1.33537,1.33547,1.33534,1.33544,119,10,0
1783108800,1.3354300000000001,1.33563,1.33541,1.33559,189,10,0
1783109100,1.33559,1.33578,1.33557,1.33565,303,10,0
1783109400,1.33565,1.33565,1.3355299999999999,1.33559,155,11,0
1783109700,1.33558,1.33566,1.33558,1.33566,102,10,0
1783110000,1.33565,1.3357,1.33561,1.33563,135,10,0
1783110300,1.33563,1.33565,1.33558,1.33562,553,10,0
1783110600,1.33561,1.33562,1.3355000000000001,1.33554,242,10,0
1783110900,1.3355299999999999,1.33554,1.33538,1.33539,465,10,0
1783111200,1.33538,1.33551,1.33538,1.3354300000000001,365,11,0
1783111500,1.3354300000000001,1.33551,1.3354300000000001,1.33549,23,10,0
1783111800,1.33549,1.33554,1.33548,1.3355000000000001,50,10,0
1783112100,1.3355000000000001,1.33558,1.3355000000000001,1.33557,84,10,0
1783112400,1.33558,1.33571,1.33558,1.33565,185,10,0
1783112700,1.33566,1.33566,1.33562,1.33563,77,11,0
1783113000,1.33563,1.33563,1.33557,1.33561,203,11,0
1783113300,1.3356,1.33566,1.3356,1.33563,138,10,0
1783113600,1.33563,1.33564,1.33554,1.33557,111,11,0
1783113900,1.33556,1.33559,1.33555,1.33557,31,12,0
1783114200,1.33557,1.33559,1.33555,1.33557,165,10,0
1783114500,1.33558,1.33559,1.33549,1.3355299999999999,460,10,0
1783114800,1.3355299999999999,1.33557,1.33551,1.33557,198,11,0
1783115100,1.33556,1.33562,1.33555,1.33562,169,10,0
1783115400,1.33561,1.33561,1.33551,1.33555,297,11,0
1783115700,1.33554,1.33567,1.3355299999999999,1.33555,447,10,0
1783116000,1.33554,1.33568,1.33549,1.33562,484,10,0
1783116300,1.33563,1.33566,1.33552,1.3355299999999999,498,10,0
1783116600,1.33554,1.33564,1.33545,1.33547,350,10,0
1783116900,1.33547,1.33547,1.33533,1.3354,394,10,0
1783117200,1.33539,1.3354599999999999,1.33533,1.3354,431,11,0
1783117500,1.3354,1.3354599999999999,1.33538,1.3354599999999999,48,12,0
1783117800,1.3354599999999999,1.33548,1.33537,1.33544,41,12,0
1783118100,1.3354300000000001,1.33547,1.33537,1.33537,154,10,0
1783118400,1.33537,1.33544,1.33536,1.33544,183,10,0
1783118700,1.3354300000000001,1.33548,1.33531,1.33534,694,10,0
1783119000,1.33535,1.33537,1.33527,1.33532,449,10,0
1783119300,1.33528,1.33531,1.3351600000000001,1.33523,407,10,0
1783119600,1.33522,1.33532,1.33518,1.33528,725,10,0
1783119900,1.33527,1.3353,1.33517,1.33527,490,11,0
1783120200,1.33528,1.33529,1.33456,1.33462,516,10,0
1783120500,1.33464,1.33496,1.33462,1.3349,235,12,0
1783120800,1.33491,1.33503,1.33486,1.33498,815,13,0
1783121100,1.33498,1.33522,1.33486,1.3349199999999999,239,13,0
1783121400,1.33488,1.33503,1.33486,1.33503,57,15,0
1783121700,1.33503,1.33508,1.33488,1.33493,191,13,0
1783122000,1.33494,1.335,1.33464,1.33473,462,14,0
1783122300,1.33477,1.33478,1.3345799999999999,1.33474,176,25,0
1783122600,1.33476,1.3349199999999999,1.33471,1.33487,411,24,0
1783122900,1.33484,1.3349,1.33479,1.3348499999999999,18,27,0
1783296000,1.33422,1.3344,1.33422,1.33423,7,157,0
1783296300,1.33427,1.3344,1.33403,1.3344,14,157,0
1783296600,1.33449,1.33463,1.33425,1.3345799999999999,11,91,0
1783296900,1.33457,1.3345799999999999,1.33362,1.3342100000000001,18,55,0
1783297200,1.3345099999999999,1.33479,1.3342399999999999,1.33469,29,95,0
1783297500,1.3347,1.33472,1.33433,1.33469,27,91,0
1783297800,1.33467,1.33493,1.33444,1.3349,490,157,0
1783298100,1.3348900000000001,1.33499,1.33483,1.33491,116,157,0
1783298400,1.3349,1.3349,1.33469,1.33478,26,114,0
1783298700,1.33452,1.33479,1.33446,1.33474,24,100,0
1783299000,1.33477,1.33481,1.33449,1.33479,31,100,0
1783299300,1.33478,1.33514,1.3343,1.33481,257,155,0
1783299600,1.33477,1.33533,1.3343099999999999,1.3352,101,21,0
1783299900,1.33518,1.33518,1.33496,1.33509,50,25,0
1783300200,1.33509,1.33532,1.33509,1.33523,184,20,0
1783300500,1.33523,1.33524,1.3351199999999999,1.33517,134,10,0
1783300800,1.33518,1.3352,1.33513,1.33518,137,14,0
1783301100,1.33517,1.33518,1.33513,1.33513,20,14,0
1783301400,1.33513,1.33513,1.33503,1.3351199999999999,170,11,0
1783301700,1.33511,1.3351600000000001,1.33505,1.33505,137,14,0
1783302000,1.33507,1.33507,1.33493,1.33493,51,10,0
1783302300,1.33494,1.33496,1.33494,1.33496,39,15,0
1783302600,1.33494,1.33494,1.33483,1.33483,12,10,0
1783302900,1.33483,1.33483,1.33472,1.33479,59,14,0
1783303200,1.33479,1.33494,1.33465,1.33465,119,13,0
1783303500,1.33465,1.33476,1.33463,1.3347,60,13,0
1783303800,1.33468,1.33469,1.33457,1.33467,90,12,0
1783304100,1.33466,1.33467,1.33454,1.33459,56,14,0
1783304400,1.3345799999999999,1.33475,1.3345799999999999,1.33471,59,15,0
1783304700,1.33471,1.33496,1.33469,1.33493,57,13,0
1783305000,1.33491,1.33507,1.33488,1.33497,61,13,0
1783305300,1.33497,1.33499,1.33486,1.33497,79,13,0
1783305600,1.33498,1.33525,1.33496,1.33518,107,13,0
1783305900,1.33518,1.33531,1.33505,1.33513,172,12,0
1783306200,1.3351199999999999,1.3351199999999999,1.33496,1.33506,103,13,0
1783306500,1.33506,1.3353,1.33502,1.33518,169,13,0
1783306800,1.3351600000000001,1.33523,1.3348200000000001,1.33486,475,11,0
1783307100,1.33486,1.33496,1.33457,1.3346,301,12,0
1783307400,1.3346,1.33501,1.3345799999999999,1.335,359,11,0
1783307700,1.33499,1.33559,1.33499,1.33522,469,11,0
1783308000,1.33521,1.33524,1.33503,1.33507,300,12,0
1783308300,1.33508,1.33525,1.33483,1.33525,482,10,0
1783308600,1.33522,1.33552,1.33514,1.33525,485,11,0
1783308900,1.33526,1.33541,1.33507,1.33527,457,13,0
1783309200,1.33528,1.3354300000000001,1.33527,1.33534,303,12,0
1783309500,1.33533,1.3354,1.33504,1.33511,325,12,0
1783309800,1.3351,1.33526,1.335,1.33518,390,10,0
1783310100,1.33517,1.33541,1.3351199999999999,1.33523,394,10,0
1783310400,1.33524,1.33525,1.33504,1.33505,441,10,0
1783310700,1.33504,1.33513,1.3348900000000001,1.33508,356,11,0
1783311000,1.33508,1.33535,1.33491,1.33518,294,11,0
1783311300,1.33517,1.33517,1.33469,1.33472,272,12,0
1783311600,1.33472,1.33476,1.3343099999999999,1.33444,351,12,0
1783311900,1.33444,1.33446,1.33411,1.33434,345,12,0
1783312200,1.33435,1.33445,1.33407,1.3342800000000001,280,12,0
1783312500,1.3343,1.33466,1.33425,1.33466,266,11,0
1783312800,1.33466,1.33468,1.3345,1.33461,221,11,0
1783313100,1.33461,1.33461,1.3343099999999999,1.33432,228,12,0
1783313400,1.33433,1.33433,1.33405,1.3341,245,11,0
1783313700,1.3341,1.33415,1.33386,1.3338999999999999,276,13,0
1783314000,1.33389,1.33425,1.3338700000000001,1.33418,274,12,0
1783314300,1.33417,1.33417,1.33385,1.33395,398,10,0
1783314600,1.3339400000000001,1.33408,1.33386,1.33407,403,10,0
1783314900,1.33406,1.33409,1.33392,1.33402,367,12,0
1783315200,1.33401,1.33413,1.334,1.33402,237,11,0
1783315500,1.33403,1.33411,1.33396,1.33402,190,10,0
1783315800,1.33403,1.33406,1.3339400000000001,1.33399,185,12,0
1783316100,1.33399,1.33411,1.3339400000000001,1.33403,138,12,0
1783316400,1.33404,1.33412,1.3339400000000001,1.33403,184,11,0
1783316700,1.33404,1.33429,1.33403,1.33425,230,12,0
1783317000,1.33425,1.3345099999999999,1.33422,1.33447,224,11,0
1783317300,1.33448,1.33466,1.33441,1.33456,248,11,0
1783317600,1.3345500000000001,1.33476,1.3345500000000001,1.33467,194,12,0
1783317900,1.33467,1.33467,1.3345099999999999,1.33452,191,12,0
1783318200,1.33452,1.33461,1.33443,1.33445,152,11,0
1783318500,1.33441,1.33447,1.33427,1.33437,159,10,0
1783318800,1.33436,1.33441,1.33398,1.33399,247,12,0
1783319100,1.334,1.33412,1.3339699999999999,1.33402,286,10,0
1783319400,1.334,1.33403,1.33389,1.33395,389,10,0
1783319700,1.3339400000000001,1.3341,1.33393,1.33404,382,10,0
1783320000,1.33404,1.3342,1.33401,1.3342,206,11,0
1783320300,1.33419,1.33426,1.33408,1.3341,176,10,0
1783320600,1.33409,1.33413,1.3338999999999999,1.33393,307,10,0
1783320900,1.33398,1.3342,1.33398,1.33416,217,11,0
1783321200,1.33413,1.33425,1.33406,1.3342100000000001,207,10,0
1783321500,1.33422,1.33426,1.33415,1.33418,176,12,0
1783321800,1.33419,1.33445,1.33419,1.33438,163,12,0
1783322100,1.33438,1.33447,1.33425,1.3342800000000001,142,10,0
1783322400,1.33429,1.33429,1.3342,1.33426,163,12,0
1783322700,1.3342399999999999,1.33434,1.33423,1.33427,115,11,0
1783323000,1.33426,1.33439,1.33426,1.33433,154,11,0
1783323300,1.33433,1.33441,1.33426,1.33427,144,11,0
1783323600,1.33426,1.33437,1.33419,1.3343099999999999,193,11,0
1783323900,1.3343,1.3343099999999999,1.33414,1.33423,193,11,0
1783324200,1.33422,1.33427,1.33407,1.33426,290,11,0
1783324500,1.33427,1.3343099999999999,1.3342,1.3342399999999999,178,11,0
1783324800,1.33425,1.33429,1.33389,1.3338999999999999,171,11,0
1783325100,1.3338999999999999,1.33396,1.33377,1.33378,229,12,0
1783325400,1.33377,1.33399,1.33374,1.33384,246,11,0
1783325700,1.33385,1.3338999999999999,1.33369,1.33372,234,11,0
1783326000,1.33372,1.33386,1.3336700000000001,1.33376,185,10,0
1783326300,1.33376,1.3338999999999999,1.33374,1.33385,171,11,0
1783326600,1.33384,1.33429,1.33377,1.33422,259,11,0
1783326900,1.33423,1.33436,1.33411,1.33414,194,10,0
1783327200,1.33413,1.33423,1.334,1.33403,276,10,0
1783327500,1.33404,1.3342,1.33396,1.33408,192,12,0
1783327800,1.33408,1.33418,1.33401,1.33417,214,12,0
1783328100,1.33417,1.33422,1.33339,1.33355,342,10,0
1783328400,1.33354,1.33393,1.33353,1.3338999999999999,411,10,0
1783328700,1.33391,1.33402,1.33353,1.33395,379,10,0
1783329000,1.33395,1.33395,1.33365,1.33366,442,10,0
1783329300,1.3336700000000001,1.33368,1.33295,1.33312,422,10,0
1783329600,1.3331,1.33359,1.33305,1.33342,419,10,0
1783329900,1.3334,1.33347,1.33314,1.33339,519,10,0
1783330200,1.33338,1.33377,1.3332600000000001,1.33362,479,10,0
1783330500,1.33362,1.33379,1.3333,1.33375,380,10,0
1783330800,1.33375,1.33379,1.33345,1.33352,394,10,0
1783331100,1.33353,1.33371,1.33346,1.33359,314,10,0
1783331400,1.33359,1.33364,1.33334,1.33337,300,11,0
1783331700,1.33337,1.33348,1.3331,1.33338,617,10,0
1783332000,1.3333599999999999,1.33341,1.33281,1.33327,669,10,0
1783332300,1.33328,1.33343,1.33317,1.3333599999999999,435,10,0
1783332600,1.33337,1.33401,1.33332,1.33401,338,10,0
1783332900,1.334,1.33423,1.33388,1.33413,387,10,0
1783333200,1.33413,1.3342,1.33389,1.33408,493,10,0
1783333500,1.33407,1.33412,1.33364,1.3336999999999999,449,10,0
1783333800,1.33368,1.3342100000000001,1.33366,1.33406,524,10,0
1783334100,1.33402,1.3342800000000001,1.3338700000000001,1.33427,469,10,0
1783334400,1.33427,1.33462,1.33422,1.33449,397,10,0
1783334700,1.33448,1.33467,1.33445,1.3345099999999999,241,10,0
1783335000,1.3345099999999999,1.3345799999999999,1.3342399999999999,1.33446,246,10,0
1783335300,1.33447,1.3349,1.33446,1.3348200000000001,411,10,0
1783335600,1.33483,1.33496,1.33425,1.33437,344,10,0
1783335900,1.33436,1.33447,1.33413,1.33413,271,10,0
1783336200,1.33409,1.33416,1.3336299999999999,1.33389,426,10,0
1783336500,1.3338999999999999,1.33429,1.33384,1.33393,317,10,0
1783336800,1.33395,1.33404,1.33385,1.33388,225,10,0
1783337100,1.33386,1.33396,1.33359,1.33391,383,10,0
1783337400,1.33392,1.3339400000000001,1.33351,1.33356,339,11,0
1783337700,1.33356,1.33375,1.33344,1.33356,260,10,0
1783338000,1.33356,1.33369,1.33317,1.33335,235,10,0
1783338300,1.33334,1.33337,1.33301,1.33311,278,10,0
1783338600,1.3331,1.33359,1.3330600000000001,1.3335,324,10,0
1783338900,1.3335,1.33377,1.33345,1.33371,221,10,0
1783339200,1.33372,1.33372,1.33325,1.33342,327,10,0
1783339500,1.33341,1.33377,1.33341,1.33369,287,10,0
1783339800,1.3336700000000001,1.3336700000000001,1.33307,1.33328,363,10,0
1783340100,1.3332600000000001,1.33346,1.33316,1.33335,273,10,0
1783340400,1.3333599999999999,1.33379,1.3333,1.33368,173,10,0
1783340700,1.33368,1.33386,1.33357,1.33379,238,10,0
1783341000,1.33375,1.33396,1.33373,1.33386,243,10,0
1783341300,1.33385,1.33405,1.33379,1.33396,215,10,0
1783341600,1.33396,1.33408,1.3338,1.33381,259,10,0
1783341900,1.3338,1.33381,1.33347,1.33349,251,10,0
1783342200,1.33349,1.33358,1.3330899999999999,1.33322,259,10,0
1783342500,1.33321,1.33346,1.33321,1.33345,262,10,0
1783342800,1.33346,1.33361,1.33316,1.3333,324,10,0
1783343100,1.3333,1.3336000000000001,1.33317,1.33359,264,10,0
1783343400,1.33357,1.33414,1.3335,1.33411,225,10,0
1783343700,1.3341,1.3344,1.33392,1.3342800000000001,300,10,0
1783344000,1.3342800000000001,1.33457,1.33419,1.33456,196,10,0
1783344300,1.33456,1.33465,1.33393,1.3339400000000001,252,11,0
1783344600,1.3339400000000001,1.33417,1.33383,1.33408,220,10,0
1783344900,1.33407,1.33446,1.33405,1.3343099999999999,236,10,0
1783345200,1.3343,1.3343,1.33408,1.33414,219,10,0
1783345500,1.33413,1.33414,1.33385,1.33391,372,10,0
1783345800,1.3338999999999999,1.3339699999999999,1.33375,1.33396,385,10,0
1783346100,1.33391,1.33408,1.33377,1.33403,307,10,0
1783346400,1.33402,1.33406,1.33366,1.33369,369,10,0
1783346700,1.3336999999999999,1.33375,1.33356,1.33374,224,10,0
1783347000,1.33373,1.334,1.3336999999999999,1.33395,200,10,0
1783347300,1.33395,1.33405,1.33366,1.3339400000000001,175,10,0
1783347600,1.33395,1.33412,1.33389,1.33406,156,10,0
1783347900,1.33406,1.33433,1.33404,1.3343,193,10,0
1783348200,1.3343,1.33452,1.33426,1.33442,297,10,0
1783348500,1.33441,1.33442,1.33406,1.33416,239,10,0
1783348800,1.33416,1.33439,1.33409,1.33419,290,10,0
1783349100,1.33418,1.33442,1.33406,1.33422,331,10,0
1783349400,1.33423,1.33442,1.3339699999999999,1.33441,466,10,0
1783349700,1.33441,1.3345099999999999,1.3339699999999999,1.3344,664,10,0
1783350000,1.33439,1.33505,1.33439,1.33505,567,10,0
1783350300,1.33504,1.33513,1.33445,1.33446,418,10,0
1783350600,1.33447,1.3348200000000001,1.33445,1.33478,386,10,0
1783350900,1.33477,1.33507,1.33467,1.33491,480,10,0
1783351200,1.33488,1.33499,1.33464,1.33466,396,10,0
1783351500,1.33467,1.33484,1.33447,1.33484,405,10,0
1783351800,1.33484,1.33491,1.33473,1.33475,276,10,0
1783352100,1.33476,1.33478,1.33446,1.33472,347,10,0
1783352400,1.33472,1.33473,1.33395,1.334,316,10,0
1783352700,1.33399,1.33402,1.33368,1.33371,385,10,0
1783353000,1.33372,1.33446,1.33372,1.33438,250,10,0
1783353300,1.33437,1.33452,1.33374,1.33417,493,10,0
1783353600,1.33418,1.3347,1.33406,1.33439,489,10,0
1783353900,1.33438,1.33463,1.33433,1.33462,243,10,0
1783354200,1.3346,1.33529,1.33459,1.33491,375,10,0
1783354500,1.3349,1.33523,1.3349,1.33509,293,10,0
1783354800,1.33509,1.3353,1.33486,1.33509,324,10,0
1783355100,1.33511,1.33547,1.33508,1.33536,354,10,0
1783355400,1.33537,1.33558,1.3351,1.33517,590,10,0
1783355700,1.3351600000000001,1.33522,1.33488,1.33496,396,10,0
1783356000,1.33496,1.33501,1.33469,1.33487,365,10,0
1783356300,1.33487,1.33488,1.33417,1.3348499999999999,367,10,0
1783356600,1.33486,1.33504,1.33442,1.33448,516,10,0
1783356900,1.33447,1.33461,1.33417,1.33449,477,10,0
1783357200,1.33447,1.33507,1.3342800000000001,1.33497,435,10,0
1783357500,1.33498,1.33532,1.33498,1.3352,510,10,0
1783357800,1.3352,1.33588,1.3351600000000001,1.3357999999999999,428,10,0
1783358100,1.33582,1.33586,1.33535,1.33559,479,10,0
1783358400,1.33559,1.33582,1.33552,1.33558,398,10,0
1783358700,1.33558,1.3357700000000001,1.33537,1.33547,453,10,0
1783359000,1.33547,1.33561,1.3351600000000001,1.33558,482,10,0
1783359300,1.33557,1.33561,1.33509,1.33509,457,10,0
1783359600,1.33498,1.33511,1.33466,1.33469,382,10,0
1783359900,1.33469,1.33502,1.33465,1.33478,290,10,0
1783360200,1.33478,1.33544,1.3347,1.3354,415,10,0
1783360500,1.33539,1.33571,1.33524,1.33556,458,10,0
1783360800,1.33556,1.33601,1.3355000000000001,1.33583,523,10,0
1783361100,1.33583,1.3360400000000001,1.33569,1.33578,495,10,0
1783361400,1.33578,1.33578,1.33537,1.33561,392,10,0
1783361700,1.33561,1.33565,1.33511,1.33517,369,10,0
1783362000,1.3351600000000001,1.33561,1.3351600000000001,1.33541,331,10,0
1783362300,1.3354,1.33551,1.33522,1.33548,327,10,0
1783362600,1.33547,1.3357999999999999,1.3354599999999999,1.3357,328,10,0
1783362900,1.33571,1.3357999999999999,1.33548,1.33571,320,10,0
1783363200,1.33571,1.33635,1.33567,1.33623,292,10,0
1783363500,1.33624,1.3364,1.3362,1.33637,274,10,0
1783363800,1.33637,1.3367200000000001,1.33637,1.33647,270,10,0
1783364100,1.33646,1.33677,1.3363399999999999,1.33671,309,10,0
1783364400,1.3367,1.33679,1.33653,1.33671,343,10,0
1783364700,1.33673,1.33687,1.33656,1.33682,239,10,0
1783365000,1.33683,1.3369,1.33653,1.33655,253,11,0
1783365300,1.33655,1.33691,1.33646,1.33687,331,10,0
1783365600,1.33688,1.33734,1.33686,1.3372,286,10,0
1783365900,1.3372,1.33739,1.33718,1.33738,211,10,0
1783366200,1.33738,1.33738,1.33708,1.33717,330,10,0
1783366500,1.33717,1.33721,1.33708,1.33718,246,10,0
1783366800,1.33717,1.33718,1.3370199999999999,1.33715,260,10,0
1783367100,1.33716,1.3372600000000001,1.3370600000000001,1.3372600000000001,246,10,0
1783367400,1.33728,1.33759,1.3372600000000001,1.33753,200,10,0
1783367700,1.33754,1.33762,1.33746,1.33751,215,10,0
1783368000,1.3375,1.33773,1.33744,1.33751,280,10,0
1783368300,1.33751,1.33766,1.33751,1.33764,231,10,0
1783368600,1.33764,1.33774,1.33751,1.33774,254,11,0
1783368900,1.33775,1.33775,1.33761,1.33768,158,11,0
1783369200,1.33768,1.33796,1.33764,1.33784,244,10,0
1783369500,1.33785,1.33803,1.33781,1.33785,190,10,0
1783369800,1.33784,1.33801,1.33777,1.33799,197,11,0
1783370100,1.33799,1.3382100000000001,1.33784,1.33818,133,10,0
1783370400,1.33818,1.33833,1.33804,1.33825,223,11,0
1783370700,1.33822,1.33823,1.33809,1.33816,198,10,0
1783371000,1.33816,1.33834,1.33813,1.33818,163,10,0
1783371300,1.33818,1.3382399999999999,1.33811,1.33813,222,10,0
1783371600,1.33814,1.33823,1.3381,1.33819,268,10,0
1783371900,1.33819,1.3382100000000001,1.33805,1.3381,171,10,0
1783372200,1.33809,1.33819,1.33804,1.33815,209,11,0
1783372500,1.33816,1.33834,1.33816,1.33829,121,10,0
1783372800,1.3382800000000001,1.3383099999999999,1.3382399999999999,1.3382800000000001,132,11,0
1783373100,1.33829,1.33863,1.3382800000000001,1.33861,134,10,0
1783373400,1.3386,1.33913,1.33846,1.33901,240,10,0
1783373700,1.33901,1.33915,1.33897,1.33907,372,10,0
1783374000,1.33908,1.33913,1.33899,1.33908,239,10,0
1783374300,1.33908,1.3395000000000001,1.33907,1.3395000000000001,192,10,0
1783374600,1.33949,1.33951,1.33936,1.33938,170,10,0
1783374900,1.33938,1.33964,1.33936,1.33938,295,10,0
1783375200,1.33937,1.33966,1.33929,1.3396,266,10,0
1783375500,1.33961,1.33961,1.33928,1.33928,181,10,0
1783375800,1.33924,1.33935,1.33917,1.33927,158,10,0
1783376100,1.33928,1.33928,1.33913,1.33918,205,11,0
1783376400,1.33918,1.33918,1.33893,1.33894,240,12,0
1783376700,1.33895,1.33905,1.33888,1.33895,150,10,0
1783377000,1.33896,1.33917,1.33895,1.33906,151,10,0
1783377300,1.33906,1.33917,1.33903,1.3390900000000001,200,10,0
1783377600,1.3391,1.33911,1.33901,1.33906,158,10,0
1783377900,1.33907,1.33913,1.33899,1.3391,130,11,0
1783378200,1.33908,1.33929,1.33907,1.33915,181,11,0
1783378500,1.3391600000000001,1.33922,1.3389199999999999,1.33911,199,10,0
1783378800,1.33911,1.33923,1.33908,1.3392,221,10,0
1783379100,1.3391899999999999,1.3391899999999999,1.3391199999999999,1.33918,50,10,0
1783379400,1.33917,1.33923,1.33894,1.33895,97,10,0
1783379700,1.33894,1.33895,1.33878,1.3388900000000001,131,10,0
1783380000,1.3388900000000001,1.33897,1.3388499999999999,1.33896,60,11,0
1783380300,1.33896,1.3391,1.33896,1.33907,165,11,0
1783380600,1.33907,1.3390900000000001,1.33904,1.33904,45,10,0
1783380900,1.33901,1.33901,1.33886,1.33886,102,10,0
1783381200,1.33887,1.3388900000000001,1.33879,1.33888,55,11,0
1783381500,1.33888,1.3388900000000001,1.33881,1.33888,62,11,0
1783381800,1.33888,1.33893,1.33883,1.3389,51,11,0
1783382100,1.33891,1.33894,1.33865,1.33886,71,13,0
1783382400,1.33884,1.33884,1.33816,1.3382100000000001,23,82,0
1783382700,1.33812,1.33837,1.33812,1.33818,14,91,0
1783383000,1.33805,1.33884,1.33805,1.33837,49,35,0
1783383300,1.33837,1.33837,1.33813,1.33825,31,102,0
1783383600,1.33826,1.33907,1.33825,1.33852,60,70,0
1783383900,1.33852,1.33852,1.3382100000000001,1.3382100000000001,9,97,0
1783384200,1.3382100000000001,1.33847,1.33815,1.33816,9,99,0
1783384500,1.33816,1.3384800000000001,1.33816,1.33841,52,82,0
1783384800,1.33841,1.3388900000000001,1.33826,1.3388900000000001,208,75,0
1783385100,1.3388900000000001,1.33891,1.3382,1.3382399999999999,186,44,0
1783385400,1.3382399999999999,1.3382399999999999,1.3381,1.33814,9,94,0
1783385700,1.33814,1.33894,1.33814,1.33852,23,58,0
1783386000,1.33863,1.33926,1.3385099999999999,1.33896,62,19,0
1783386300,1.33895,1.33903,1.3389199999999999,1.33897,27,13,0
1783386600,1.33895,1.33918,1.33895,1.3391600000000001,37,12,0
1783386900,1.3391600000000001,1.3391899999999999,1.33915,1.3391600000000001,31,13,0
1783387200,1.3391600000000001,1.33918,1.33915,1.3391600000000001,12,16,0
1783387500,1.3391600000000001,1.33918,1.33913,1.33915,21,14,0
1783387800,1.33917,1.33952,1.33915,1.33948,38,13,0
1783388100,1.33947,1.33948,1.33937,1.33945,35,11,0
1783388400,1.33945,1.33947,1.33938,1.33941,26,15,0
1783388700,1.33941,1.33954,1.33941,1.33948,37,11,0
1783389000,1.33949,1.33952,1.33947,1.3395000000000001,19,13,0
1783389300,1.3395000000000001,1.33958,1.33949,1.33958,25,13,0
1783389600,1.33957,1.34008,1.33957,1.33996,96,10,0
1783389900,1.33995,1.33997,1.33985,1.33989,43,14,0
1783390200,1.33989,1.3399,1.3397299999999999,1.33979,33,12,0
1783390500,1.3397999999999999,1.33996,1.33978,1.33994,47,13,0
1783390800,1.33994,1.34001,1.33994,1.33995,57,12,0
1783391100,1.33996,1.33996,1.33978,1.33978,31,14,0
1783391400,1.33978,1.33986,1.33975,1.33983,37,14,0
1783391700,1.33983,1.33984,1.33963,1.33966,34,14,0
1783392000,1.33967,1.33976,1.33964,1.33974,35,13,0
1783392300,1.33974,1.33976,1.33958,1.33967,83,11,0
1783392600,1.33967,1.33967,1.33934,1.33945,119,13,0
1783392900,1.33944,1.33949,1.3393,1.33934,116,13,0
1783393200,1.33934,1.33949,1.33924,1.33945,327,11,0
1783393500,1.33945,1.33949,1.33935,1.3394599999999999,250,11,0
1783393800,1.3394599999999999,1.33949,1.33923,1.33935,211,12,0
1783394100,1.33935,1.33936,1.33914,1.33928,194,10,0
1783394400,1.33927,1.33936,1.33921,1.33925,296,10,0
1783394700,1.33926,1.33932,1.33902,1.33906,283,11,0
1783395000,1.33906,1.33925,1.33902,1.33913,186,10,0
1783395300,1.33913,1.33917,1.33878,1.33886,255,11,0
1783395600,1.33887,1.33903,1.33884,1.33895,214,11,0
1783395900,1.33895,1.339,1.3388499999999999,1.33886,194,12,0
1783396200,1.33886,1.3391199999999999,1.3388499999999999,1.33907,308,12,0
1783396500,1.33908,1.33917,1.33873,1.33875,311,11,0
1783396800,1.33875,1.3390900000000001,1.33874,1.3389,320,11,0
1783397100,1.3389,1.33901,1.3388499999999999,1.33898,304,12,0
1783397400,1.33897,1.33901,1.33884,1.33891,265,12,0
1783397700,1.33891,1.33914,1.3388499999999999,1.33905,341,11,0
1783398000,1.33904,1.33904,1.33884,1.33884,206,12,0
1783398300,1.3388499999999999,1.3391899999999999,1.33877,1.3391899999999999,156,12,0
1783398600,1.3392,1.33989,1.3391899999999999,1.33962,516,10,0
1783398900,1.33963,1.3397299999999999,1.33931,1.33935,327,12,0
1783399200,1.33934,1.33942,1.33903,1.33907,297,12,0
1783399500,1.33906,1.33964,1.33906,1.33956,249,12,0
1783399800,1.33956,1.34009,1.33954,1.3400699999999999,290,10,0
1783400100,1.34006,1.34012,1.3395000000000001,1.33961,339,11,0
1783400400,1.33961,1.3399,1.33961,1.3397700000000001,372,12,0
1783400700,1.33976,1.33988,1.33956,1.33967,255,10,0
1783401000,1.33966,1.33976,1.33957,1.33967,193,11,0
1783401300,1.33967,1.33969,1.33944,1.33952,174,12,0
1783401600,1.33952,1.33959,1.3394300000000001,1.33955,104,10,0
1783401900,1.33956,1.33956,1.33926,1.33927,196,12,0
1783402200,1.33927,1.33932,1.33914,1.33931,149,11,0
1783402500,1.33931,1.3395000000000001,1.3393,1.33936,217,10,0
1783402800,1.33935,1.33941,1.33914,1.3391899999999999,182,10,0
1783403100,1.33918,1.3391899999999999,1.33906,1.3391,108,12,0
1783403400,1.3391,1.33918,1.3390900000000001,1.33917,139,10,0
1783403700,1.3391600000000001,1.33921,1.33904,1.33905,144,11,0
1783404000,1.33905,1.33927,1.33905,1.33921,202,12,0
1783404300,1.33921,1.33939,1.3392,1.33935,167,12,0
1783404600,1.33936,1.3394,1.33929,1.3393,131,10,0
1783404900,1.33931,1.3395299999999999,1.33925,1.33949,147,10,0
1783405200,1.33949,1.33963,1.3394300000000001,1.33952,241,10,0
1783405500,1.3395299999999999,1.33955,1.33928,1.33928,186,11,0
1783405800,1.33928,1.33933,1.3391600000000001,1.3393,173,10,0
1783406100,1.3393,1.33938,1.3392,1.33923,141,10,0
1783406400,1.33922,1.33922,1.33898,1.3391,148,11,0
1783406700,1.3390900000000001,1.33917,1.33897,1.33898,184,12,0
1783407000,1.33898,1.33902,1.33893,1.33898,133,11,0
1783407300,1.33898,1.33898,1.33886,1.33894,151,11,0
1783407600,1.33894,1.33901,1.33886,1.339,125,11,0
1783407900,1.33898,1.33915,1.33898,1.33913,165,11,0
1783408200,1.33914,1.33917,1.33906,1.33907,132,12,0
1783408500,1.33907,1.33925,1.33906,1.33913,119,12,0
1783408800,1.33913,1.3391600000000001,1.33906,1.33915,131,10,0
1783409100,1.33915,1.3391600000000001,1.33891,1.33896,101,11,0
1783409400,1.33897,1.33924,1.33893,1.33907,142,11,0
1783409700,1.33906,1.33911,1.33903,1.3391,116,12,0
1783410000,1.33911,1.33925,1.33908,1.3391,109,11,0
1783410300,1.3390900000000001,1.3391899999999999,1.33905,1.33907,122,10,0
1783410600,1.33908,1.33923,1.33906,1.33908,127,12,0
1783410900,1.3390900000000001,1.3390900000000001,1.3388200000000001,1.33884,152,12,0
1783411200,1.3388499999999999,1.33894,1.33873,1.33888,217,10,0
1783411500,1.33887,1.33891,1.33865,1.33874,151,12,0
1783411800,1.33875,1.33876,1.33834,1.33843,226,10,0
1783412100,1.33843,1.3384800000000001,1.33815,1.33818,175,12,0
1783412400,1.33817,1.33818,1.3378999999999999,1.33809,359,10,0
1783412700,1.33808,1.33809,1.3379400000000001,1.33809,213,11,0
1783413000,1.3381,1.33847,1.33805,1.3383099999999999,354,11,0
1783413300,1.3383099999999999,1.33845,1.33826,1.3382800000000001,210,11,0
1783413600,1.3382800000000001,1.33841,1.3379400000000001,1.33799,276,12,0
1783413900,1.33798,1.33811,1.3378700000000001,1.3381,200,12,0
1783414200,1.33809,1.33839,1.33808,1.33838,216,11,0
1783414500,1.33837,1.33845,1.3382100000000001,1.3384,203,10,0
1783414800,1.33839,1.33862,1.33818,1.3382100000000001,344,10,0
1783415100,1.3382100000000001,1.3382100000000001,1.33769,1.33775,407,10,0
1783415400,1.33776,1.33776,1.33745,1.33765,390,10,0
1783415700,1.33765,1.33805,1.33765,1.33805,271,10,0
1783416000,1.33805,1.33805,1.33764,1.33782,309,10,0
1783416300,1.33783,1.33792,1.33775,1.33777,319,11,0
1783416600,1.33779,1.33814,1.33776,1.33802,417,10,0
1783416900,1.33802,1.33818,1.33791,1.33816,175,10,0
1783417200,1.33814,1.33832,1.33806,1.33811,212,10,0
1783417500,1.3381,1.33826,1.33804,1.33826,196,10,0
1783417800,1.33827,1.3382800000000001,1.33793,1.3379400000000001,215,10,0
1783418100,1.33791,1.33801,1.33774,1.33799,334,10,0
1783418400,1.33801,1.33801,1.33744,1.33768,396,10,0
1783418700,1.33769,1.33776,1.33745,1.33758,321,10,0
1783419000,1.33758,1.33796,1.33758,1.33781,247,10,0
1783419300,1.33781,1.3382399999999999,1.33774,1.33817,302,10,0
1783419600,1.33818,1.33853,1.338,1.33802,432,10,0
1783419900,1.33801,1.33822,1.33789,1.3378999999999999,289,10,0
1783420200,1.33789,1.33846,1.33786,1.33843,281,10,0
1783420500,1.33844,1.33844,1.3379699999999999,1.33803,430,10,0
1783420800,1.33803,1.3383099999999999,1.33801,1.3381,258,10,0
1783421100,1.33811,1.3382399999999999,1.33802,1.33806,270,10,0
1783421400,1.33805,1.33829,1.33777,1.33778,334,10,0
1783421700,1.33778,1.3379699999999999,1.33768,1.33769,321,10,0
1783422000,1.33768,1.33807,1.33766,1.33796,388,10,0
1783422300,1.33795,1.33804,1.33779,1.33804,353,10,0
1783422600,1.33805,1.33862,1.33805,1.3384800000000001,380,10,0
1783422900,1.33847,1.3385099999999999,1.33819,1.33825,404,10,0
1783423200,1.33826,1.33904,1.3382100000000001,1.33886,380,10,0
1783423500,1.33886,1.33893,1.33868,1.3389,266,10,0
1783423800,1.3389,1.3391199999999999,1.33887,1.33896,356,10,0
1783424100,1.33898,1.33915,1.33863,1.33906,246,10,0
1783424400,1.33906,1.33923,1.33867,1.33868,290,10,0
1783424700,1.33868,1.33933,1.3385799999999999,1.33927,334,10,0
1783425000,1.33927,1.3393,1.33891,1.33893,246,10,0
1783425300,1.33891,1.33927,1.3386,1.33911,375,10,0
1783425600,1.3390900000000001,1.3391899999999999,1.33881,1.3391199999999999,349,10,0
1783425900,1.33911,1.3391899999999999,1.33894,1.33895,271,10,0
1783426200,1.33895,1.33915,1.3388200000000001,1.33886,223,10,0
1783426500,1.33887,1.33906,1.33873,1.33874,330,10,0
1783426800,1.33874,1.33879,1.33854,1.33864,134,10,0
1783427100,1.33865,1.33878,1.33856,1.33874,156,10,0
1783427400,1.33874,1.33877,1.33853,1.33867,269,10,0
1783427700,1.33867,1.3388,1.33863,1.33876,196,11,0
1783428000,1.33877,1.3388900000000001,1.33859,1.33864,200,10,0
1783428300,1.33864,1.33869,1.3382,1.3382,191,10,0
1783428600,1.33819,1.33827,1.33807,1.33825,199,10,0
1783428900,1.33825,1.3383,1.33796,1.3379699999999999,257,10,0
1783429200,1.33796,1.3379699999999999,1.33704,1.3370600000000001,384,10,0
1783429500,1.3370600000000001,1.3376700000000001,1.33688,1.3376000000000001,384,10,0
1783429800,1.3376000000000001,1.33798,1.33749,1.33788,203,10,0
1783430100,1.33788,1.33815,1.33778,1.33796,286,10,0
1783430400,1.33795,1.33813,1.33786,1.33812,147,10,0
1783430700,1.33811,1.3382800000000001,1.33805,1.33819,181,10,0
1783431000,1.33818,1.33838,1.33806,1.33817,196,10,0
1783431300,1.33817,1.33838,1.33802,1.33838,185,10,0
1783431600,1.33841,1.33841,1.3382100000000001,1.33823,153,10,0
1783431900,1.3382399999999999,1.3383099999999999,1.33816,1.33819,88,10,0
1783432200,1.3382,1.3385,1.33817,1.3384800000000001,189,10,0
1783432500,1.33849,1.3385799999999999,1.33838,1.33843,257,10,0
1783432800,1.33846,1.33881,1.3382100000000001,1.33879,369,10,0
1783433100,1.33878,1.33887,1.33836,1.33843,373,10,0
1783433400,1.33844,1.33868,1.33837,1.33859,198,10,0
1783433700,1.33859,1.33891,1.33853,1.33887,364,10,0
1783434000,1.3388499999999999,1.33937,1.33879,1.33887,371,10,0
1783434300,1.33886,1.33897,1.33875,1.3388200000000001,299,10,0
1783434600,1.3388200000000001,1.3388900000000001,1.3385799999999999,1.33875,257,10,0
1783434900,1.33874,1.3389199999999999,1.33859,1.33884,287,10,0
1783435200,1.33884,1.3389,1.3385799999999999,1.3386,256,10,0
1783435500,1.3386,1.33876,1.33845,1.33869,256,10,0
1783435800,1.33869,1.33879,1.3382100000000001,1.33859,355,10,0
1783436100,1.3385799999999999,1.33897,1.33856,1.33875,366,10,0
1783436400,1.33879,1.33903,1.33856,1.33887,435,10,0
1783436700,1.33887,1.3389,1.33849,1.33854,381,10,0
1783437000,1.33854,1.3388,1.3382100000000001,1.33873,396,10,0
1783437300,1.33872,1.33878,1.33814,1.33825,359,10,0
1783437600,1.33826,1.33864,1.33819,1.33829,409,10,0
1783437900,1.3382800000000001,1.33897,1.33827,1.3388200000000001,294,10,0
1783438200,1.33883,1.3392,1.33873,1.3389199999999999,285,10,0
1783438500,1.3389199999999999,1.33897,1.33846,1.33847,403,10,0
1783438800,1.3384800000000001,1.3385099999999999,1.33806,1.33811,339,10,0
1783439100,1.33809,1.3384800000000001,1.33804,1.33827,300,10,0
1783439400,1.33827,1.3382800000000001,1.33812,1.33825,246,11,0
1783439700,1.3382399999999999,1.3384800000000001,1.33818,1.3384800000000001,318,11,0
1783440000,1.33849,1.33856,1.33809,1.33809,375,10,0
1783440300,1.33808,1.33819,1.33776,1.33781,378,10,0
1783440600,1.33782,1.33809,1.33766,1.33801,301,11,0
1783440900,1.33801,1.33857,1.33798,1.33805,333,12,0
1783441200,1.33806,1.33818,1.33777,1.33785,420,10,0
1783441500,1.33784,1.33853,1.33746,1.33776,446,10,0
1783441800,1.33774,1.3385099999999999,1.3377,1.33807,619,10,0
1783442100,1.33808,1.33861,1.33801,1.33829,495,10,0
1783442400,1.3383,1.33852,1.33818,1.33823,456,10,0
1783442700,1.33823,1.33825,1.3378999999999999,1.33809,599,10,0
1783443000,1.33808,1.3383099999999999,1.33734,1.33739,433,10,0
1783443300,1.3373599999999999,1.33747,1.33689,1.33701,582,10,0
1783443600,1.33701,1.33739,1.33618,1.33629,682,10,0
1783443900,1.33628,1.33649,1.33603,1.33603,708,10,0
1783444200,1.3360400000000001,1.33671,1.3360400000000001,1.33651,643,10,0
1783444500,1.3365,1.33698,1.33637,1.33698,556,10,0
1783444800,1.337,1.33711,1.3367499999999999,1.33689,425,10,0
1783445100,1.33688,1.33713,1.33664,1.3371,485,11,0
1783445400,1.33714,1.3374,1.33698,1.33737,459,10,0
1783445700,1.33735,1.33745,1.33718,1.33728,430,10,0
1783446000,1.33728,1.33774,1.33728,1.33771,472,10,0
1783446300,1.33771,1.33817,1.33771,1.33814,391,10,0
1783446600,1.33813,1.3385099999999999,1.338,1.33842,330,11,0
1783446900,1.33842,1.33843,1.33718,1.33785,616,10,0
1783447200,1.33785,1.33793,1.3375,1.33753,452,10,0
1783447500,1.33753,1.33802,1.33752,1.33761,454,10,0
1783447800,1.3376299999999999,1.33768,1.33728,1.33743,510,10,0
1783448100,1.33742,1.33745,1.33698,1.33727,516,10,0
1783448400,1.3372600000000001,1.33742,1.33707,1.33741,358,10,0
1783448700,1.3374,1.33771,1.3372,1.33768,392,10,0
1783449000,1.33769,1.33776,1.3374,1.33772,516,10,0
1783449300,1.33772,1.33778,1.33738,1.33743,382,10,0
1783449600,1.33743,1.33759,1.33728,1.33728,356,10,0
1783449900,1.33728,1.33752,1.33718,1.33719,443,11,0
1783450200,1.33718,1.3373300000000001,1.33698,1.3369900000000001,429,10,0
1783450500,1.3369900000000001,1.33716,1.33692,1.3369900000000001,442,10,0
1783450800,1.33701,1.33747,1.3369900000000001,1.33727,470,10,0
1783451100,1.3372600000000001,1.33743,1.3369900000000001,1.3372600000000001,421,10,0
1783451400,1.3372600000000001,1.3372600000000001,1.33701,1.33704,257,12,0
1783451700,1.33704,1.3371,1.3366,1.3367,222,12,0
1783452000,1.33664,1.33684,1.3366,1.33671,275,11,0
1783452300,1.33671,1.33679,1.33661,1.33663,304,10,0
1783452600,1.33661,1.33679,1.33656,1.33662,234,11,0
1783452900,1.33663,1.33671,1.33646,1.33659,242,10,0
1783453200,1.33658,1.33674,1.3364500000000001,1.33671,214,10,0
1783453500,1.3367200000000001,1.33701,1.3367,1.33701,229,10,0
1783453800,1.33701,1.3370199999999999,1.33679,1.33681,187,10,0
1783454100,1.33682,1.33709,1.33673,1.3370600000000001,207,11,0
1783454400,1.3370600000000001,1.33711,1.3369900000000001,1.3371,317,10,0
1783454700,1.33711,1.33732,1.33704,1.33728,262,10,0
1783455000,1.33727,1.33727,1.33688,1.33696,247,10,0
1783455300,1.33696,1.33701,1.33676,1.33697,262,10,0
1783455600,1.33697,1.33717,1.33697,1.33716,265,10,0
1783455900,1.33715,1.33717,1.337,1.33707,278,10,0
1783456200,1.3370600000000001,1.33722,1.3370600000000001,1.33714,197,10,0
1783456500,1.33713,1.33722,1.33712,1.33718,157,10,0
1783456800,1.33717,1.33728,1.33709,1.33727,138,11,0
1783457100,1.33727,1.3373,1.3371,1.3372,216,10,0
1783457400,1.3372,1.33731,1.33713,1.3372899999999999,230,10,0
1783457700,1.33728,1.33753,1.33728,1.33737,243,10,0
1783458000,1.33738,1.33741,1.33708,1.33719,336,10,0
1783458300,1.33718,1.33735,1.33715,1.33731,262,10,0
1783458600,1.33738,1.33741,1.33714,1.33725,182,10,0
1783458900,1.33722,1.33728,1.33711,1.33727,173,11,0
1783459200,1.3372600000000001,1.33754,1.3372600000000001,1.33747,228,10,0
1783459500,1.33747,1.33758,1.3372899999999999,1.3373,251,10,0
1783459800,1.3372899999999999,1.33732,1.3370199999999999,1.33727,427,10,0
1783460100,1.3372600000000001,1.3374,1.33718,1.33721,301,10,0
1783460400,1.33721,1.33723,1.3370600000000001,1.3372,251,10,0
1783460700,1.3372,1.33727,1.33654,1.33689,455,10,0
1783461000,1.33688,1.33696,1.33597,1.33616,675,10,0
1783461300,1.33616,1.33657,1.33596,1.33629,601,10,0
1783461600,1.33629,1.3364099999999999,1.33576,1.33591,586,10,0
1783461900,1.3359,1.33591,1.3354300000000001,1.33559,495,10,0
1783462200,1.33557,1.33563,1.33517,1.33518,541,10,0
1783462500,1.3351899999999999,1.33531,1.33484,1.33529,645,10,0
1783462800,1.3353,1.33556,1.33521,1.3355299999999999,519,10,0
1783463100,1.33552,1.33562,1.33536,1.33549,540,10,0
1783463400,1.33549,1.33608,1.33549,1.33603,378,10,0
1783463700,1.33602,1.3360699999999999,1.33585,1.33589,401,10,0
1783464000,1.33588,1.336,1.33578,1.33589,306,10,0
1783464300,1.3359,1.3360400000000001,1.33583,1.33591,427,11,0
1783464600,1.3359,1.33612,1.33589,1.33609,438,10,0
1783464900,1.33608,1.33624,1.33599,1.33606,381,10,0
1783465200,1.33606,1.33618,1.33592,1.33608,167,10,0
1783465500,1.3360699999999999,1.33617,1.33592,1.33593,144,10,0
1783465800,1.33593,1.33599,1.33586,1.33588,111,10,0
1783466100,1.33587,1.33588,1.33561,1.3357999999999999,183,10,0
1783466400,1.3357999999999999,1.33592,1.33578,1.33591,196,10,0
1783466700,1.3359,1.33596,1.3358400000000001,1.33588,176,10,0
1783467000,1.33588,1.33588,1.33559,1.33562,273,10,0
1783467300,1.33561,1.33568,1.3355000000000001,1.33567,154,11,0
1783467600,1.33567,1.33572,1.33565,1.33566,89,11,0
1783467900,1.33567,1.33567,1.33555,1.33563,157,10,0
1783468200,1.33562,1.3357299999999999,1.33556,1.33569,104,10,0
1783468500,1.33568,1.33588,1.33568,1.3357299999999999,206,11,0
1783468800,1.33567,1.33567,1.33446,1.33467,11,49,0
1783469100,1.3346,1.33467,1.3346,1.33467,5,157,0
1783469400,1.33479,1.33509,1.33449,1.3349199999999999,348,111,0
1783469700,1.33509,1.33527,1.33477,1.33524,426,75,0
1783470000,1.33525,1.33531,1.33507,1.33526,124,85,0
1783470300,1.33525,1.3355299999999999,1.33525,1.3355299999999999,14,76,0
1783470600,1.33556,1.33556,1.3351600000000001,1.33525,87,60,0
1783470900,1.33525,1.3354300000000001,1.33521,1.3354300000000001,95,66,0
1783471200,1.33542,1.33574,1.3354,1.3357,52,64,0
1783471500,1.33566,1.33579,1.33468,1.33471,108,41,0
1783471800,1.3347,1.33475,1.33463,1.33471,129,86,0
1783472100,1.33473,1.33551,1.33467,1.33501,101,74,0
1783472400,1.33501,1.3354300000000001,1.33495,1.33533,69,13,0
1783472700,1.33533,1.33536,1.33495,1.33496,64,15,0
1783473000,1.33497,1.33508,1.33493,1.33507,57,13,0
1783473300,1.33508,1.3351899999999999,1.33506,1.33513,62,10,0
1783473600,1.33514,1.3351600000000001,1.33514,1.3351600000000001,18,18,0
1783473900,1.33514,1.33517,1.33499,1.335,48,15,0
1783474200,1.335,1.335,1.33491,1.33497,28,15,0
1783474500,1.33497,1.33498,1.33484,1.33496,32,10,0
1783474800,1.33496,1.33505,1.33495,1.33497,30,14,0
1783475100,1.33497,1.335,1.33496,1.33497,32,15,0
1783475400,1.33496,1.33515,1.33496,1.33515,44,12,0
1783475700,1.33515,1.3352,1.3351199999999999,1.3351899999999999,47,14,0
1783476000,1.33518,1.33539,1.33517,1.33536,76,12,0
1783476300,1.33533,1.33534,1.33517,1.33517,88,13,0
1783476600,1.33517,1.3351899999999999,1.33497,1.33498,73,13,0
1783476900,1.33498,1.33528,1.33496,1.33518,62,13,0
1783477200,1.33518,1.33521,1.33514,1.3351899999999999,50,11,0
1783477500,1.33518,1.33529,1.33517,1.33518,27,14,0
1783477800,1.33518,1.33528,1.3351,1.33526,48,12,0
1783478100,1.33525,1.33526,1.33507,1.33509,49,12,0
1783478400,1.33509,1.3351899999999999,1.33508,1.33509,70,11,0
1783478700,1.3351,1.33511,1.33478,1.33481,227,12,0
1783479000,1.33479,1.3349,1.33478,1.33488,107,13,0
1783479300,1.33488,1.33491,1.33444,1.33457,187,10,0
1783479600,1.3345799999999999,1.33465,1.3342399999999999,1.3345099999999999,453,10,0
1783479900,1.3345099999999999,1.3348900000000001,1.33447,1.33471,393,12,0
1783480200,1.33471,1.33486,1.33459,1.33478,333,11,0
1783480500,1.33478,1.33491,1.33446,1.33459,358,11,0
1783480800,1.33459,1.33479,1.33445,1.33475,469,11,0
1783481100,1.33475,1.33497,1.3347,1.3348,355,11,0
1783481400,1.3348,1.33518,1.33476,1.3351199999999999,314,12,0
1783481700,1.3351199999999999,1.33529,1.33496,1.33528,278,10,0
1783482000,1.33527,1.33532,1.33511,1.33517,207,11,0
1783482300,1.33518,1.33537,1.33515,1.33527,205,12,0
1783482600,1.33527,1.3354599999999999,1.33517,1.33529,276,11,0
1783482900,1.3353,1.33537,1.3351,1.3352,453,10,0
1783483200,1.3352,1.33541,1.3351199999999999,1.33524,514,11,0
1783483500,1.33525,1.33528,1.33496,1.33507,499,12,0
1783483800,1.33506,1.33527,1.33506,1.33526,347,12,0
1783484100,1.33526,1.33534,1.33501,1.33502,474,11,0
1783484400,1.33502,1.3351,1.3348900000000001,1.33497,486,10,0
1783484700,1.33497,1.33503,1.33486,1.33488,375,11,0
1783485000,1.3348900000000001,1.3349,1.33461,1.33462,344,10,0
1783485300,1.33463,1.3347,1.33436,1.33439,549,11,0
1783485600,1.33438,1.33449,1.33416,1.33432,341,11,0
1783485900,1.33432,1.33486,1.33432,1.33486,626,10,0
1783486200,1.33486,1.33506,1.33457,1.33469,378,11,0
1783486500,1.3347,1.33501,1.3347,1.33488,256,10,0
1783486800,1.3349,1.33506,1.33473,1.33494,453,10,0
1783487100,1.33494,1.33517,1.33491,1.33503,450,10,0
1783487400,1.33504,1.33504,1.33479,1.33493,346,10,0
1783487700,1.33493,1.33521,1.3349199999999999,1.33502,293,10,0
1783488000,1.33502,1.33537,1.33491,1.33525,288,10,0
1783488300,1.33525,1.3354300000000001,1.3352,1.33528,359,10,0
1783488600,1.33527,1.33532,1.33507,1.33529,330,10,0
1783488900,1.33529,1.33541,1.33517,1.33532,221,10,0
1783489200,1.33533,1.33537,1.3352,1.33528,248,11,0
1783489500,1.33527,1.33534,1.33515,1.3351600000000001,255,12,0
1783489800,1.33517,1.33534,1.3351600000000001,1.33525,213,12,0
1783490100,1.33525,1.3353,1.33514,1.3352,147,11,0
1783490400,1.33523,1.33556,1.33523,1.33552,292,10,0
1783490700,1.3355299999999999,1.33557,1.33537,1.33547,242,12,0
1783491000,1.3354599999999999,1.3357700000000001,1.33542,1.3357299999999999,268,11,0
1783491300,1.33574,1.33579,1.33561,1.33568,245,10,0
1783491600,1.33567,1.33585,1.3356,1.33572,223,10,0
1783491900,1.3357299999999999,1.3357299999999999,1.33559,1.33563,189,11,0
1783492200,1.33564,1.33566,1.3354599999999999,1.33555,235,12,0
1783492500,1.33554,1.33555,1.33545,1.33545,323,12,0
1783492800,1.3354599999999999,1.33558,1.33539,1.33558,186,11,0
1783493100,1.33558,1.33558,1.3355000000000001,1.3355299999999999,195,11,0
1783493400,1.33554,1.33556,1.33537,1.3354300000000001,154,10,0
1783493700,1.33544,1.3354599999999999,1.33533,1.33541,88,11,0
1783494000,1.33541,1.33542,1.33513,1.33518,166,11,0
1783494300,1.33518,1.3353,1.33505,1.33527,163,11,0
1783494600,1.33527,1.33529,1.3351600000000001,1.3351899999999999,129,11,0
1783494900,1.3351899999999999,1.33528,1.33515,1.33518,187,11,0
1783495200,1.33517,1.33521,1.335,1.3351600000000001,366,12,0
1783495500,1.33517,1.33528,1.3351,1.33514,280,12,0
1783495800,1.33514,1.33532,1.33514,1.33524,279,11,0
1783496100,1.33525,1.33542,1.3351899999999999,1.33532,284,12,0
1783496400,1.33531,1.3354,1.33523,1.33525,274,12,0
1783496700,1.33525,1.33538,1.3351600000000001,1.33517,265,11,0
1783497000,1.33517,1.33539,1.3351600000000001,1.33526,220,11,0
1783497300,1.33526,1.33532,1.33522,1.33529,238,11,0
1783497600,1.33528,1.33565,1.33525,1.33563,387,11,0
1783497900,1.33562,1.3357999999999999,1.33562,1.33568,326,11,0
1783498200,1.33568,1.33568,1.33527,1.33527,366,10,0
1783498500,1.33524,1.33555,1.33524,1.33532,402,10,0
1783498800,1.33534,1.33539,1.3351,1.3351600000000001,339,12,0
1783499100,1.33515,1.33531,1.33511,1.33522,271,11,0
1783499400,1.33522,1.33554,1.33521,1.3355000000000001,251,11,0
1783499700,1.3355000000000001,1.33563,1.33547,1.33561,298,11,0
1783500000,1.3356,1.33581,1.33554,1.33567,320,12,0
1783500300,1.33567,1.3357999999999999,1.3354599999999999,1.33555,209,10,0
1783500600,1.33555,1.33559,1.33532,1.33548,290,10,0
1783500900,1.33549,1.3357,1.33544,1.33557,287,10,0
1783501200,1.33558,1.33612,1.33549,1.3355000000000001,554,10,0
1783501500,1.33549,1.33575,1.33544,1.33566,467,10,0
1783501800,1.33566,1.3357700000000001,1.33551,1.33567,268,10,0
1783502100,1.33566,1.33648,1.33565,1.33632,498,10,0
1783502400,1.33631,1.33654,1.3360699999999999,1.33642,603,10,0
1783502700,1.33644,1.3364500000000001,1.33619,1.33632,571,10,0
1783503000,1.33633,1.33648,1.33623,1.33627,538,10,0
1783503300,1.33627,1.33644,1.3361100000000001,1.3364,641,10,0
1783503600,1.3364,1.33651,1.33619,1.33627,655,10,0
1783503900,1.33627,1.33632,1.33595,1.336,755,10,0
1783504200,1.33599,1.33627,1.33579,1.33622,486,10,0
1783504500,1.33622,1.33648,1.33618,1.33646,420,10,0
1783504800,1.33647,1.33652,1.33603,1.3361,623,10,0
1783505100,1.33609,1.3361100000000001,1.33547,1.3357999999999999,562,10,0
1783505400,1.3357999999999999,1.3361,1.33575,1.33585,467,10,0
1783505700,1.33585,1.33621,1.33563,1.33621,463,10,0
1783506000,1.33621,1.33676,1.33605,1.3366,485,10,0
1783506300,1.33658,1.33677,1.33637,1.33658,562,10,0
1783506600,1.33657,1.33693,1.3365,1.33657,562,10,0
1783506900,1.33658,1.33693,1.3364,1.33651,467,10,0
1783507200,1.3365,1.3368,1.33648,1.3366799999999999,440,10,0
1783507500,1.33667,1.33694,1.33653,1.3368,403,10,0
1783507800,1.33679,1.33679,1.3364500000000001,1.33649,373,10,0
1783508100,1.3365,1.33667,1.33643,1.33646,408,10,0
1783508400,1.33644,1.33669,1.33627,1.33669,435,10,0
1783508700,1.3366799999999999,1.33677,1.3365,1.33652,355,10,0
1783509000,1.33648,1.33697,1.33648,1.33652,381,10,0
1783509300,1.33651,1.33683,1.33395,1.33477,1123,10,0
1783509600,1.33478,1.33548,1.3346,1.33486,939,10,0
1783509900,1.33486,1.33537,1.33476,1.33503,747,10,0
1783510200,1.33501,1.33525,1.33456,1.33518,726,10,0
1783510500,1.33518,1.3352,1.33414,1.33435,800,10,0
1783510800,1.33434,1.33471,1.33382,1.3345,799,10,0
1783511100,1.33449,1.33513,1.33449,1.3346,775,10,0
1783511400,1.33461,1.33462,1.33427,1.33432,854,10,0
1783511700,1.3343099999999999,1.33462,1.3336999999999999,1.33391,734,10,0
1783512000,1.33391,1.33437,1.33366,1.33416,841,10,0
1783512300,1.33415,1.33415,1.33279,1.33285,747,10,0
1783512600,1.33285,1.33297,1.33218,1.33221,640,10,0
1783512900,1.33218,1.33348,1.33217,1.33331,699,10,0
1783513200,1.3333,1.33378,1.33327,1.33358,620,10,0
1783513500,1.33351,1.33357,1.33303,1.33348,601,10,0
1783513800,1.33347,1.33426,1.3332899999999999,1.33422,557,10,0
1783514100,1.3342100000000001,1.33432,1.33353,1.33415,593,10,0
1783514400,1.33413,1.3345099999999999,1.33393,1.33441,565,10,0
1783514700,1.33442,1.33477,1.3342800000000001,1.33468,567,10,0
1783515000,1.33469,1.3348200000000001,1.33446,1.33476,522,10,0
1783515300,1.33477,1.33479,1.33403,1.33412,560,10,0
1783515600,1.33415,1.33462,1.33411,1.33442,441,10,0
1783515900,1.33441,1.33459,1.33413,1.33417,365,10,0
1783516200,1.33418,1.33453,1.33408,1.3342800000000001,456,10,0
1783516500,1.33427,1.33474,1.334,1.33474,457,10,0
1783516800,1.33477,1.33501,1.33457,1.33486,527,10,0
1783517100,1.33483,1.33509,1.33471,1.33491,462,10,0
1783517400,1.33491,1.33521,1.33477,1.33517,536,10,0
1783517700,1.33517,1.33539,1.33503,1.33534,497,10,0
1783518000,1.33533,1.33566,1.3352,1.33556,449,10,0
1783518300,1.33554,1.33565,1.3351,1.33533,422,10,0
1783518600,1.33532,1.33533,1.3347,1.3348499999999999,530,10,0
1783518900,1.33484,1.33495,1.3345,1.3345099999999999,439,10,0
1783519200,1.33452,1.33464,1.33423,1.33433,503,10,0
1783519500,1.33433,1.3345099999999999,1.3341,1.33423,432,10,0
1783519800,1.33423,1.3342800000000001,1.3339699999999999,1.33403,412,10,0
1783520100,1.33404,1.33432,1.33404,1.33413,384,10,0
1783520400,1.33414,1.33414,1.33369,1.33399,380,10,0
1783520700,1.33399,1.33409,1.33385,1.33392,384,10,0
1783521000,1.3339400000000001,1.334,1.3336000000000001,1.33368,533,10,0
1783521300,1.33368,1.33381,1.33291,1.3330199999999999,556,10,0
1783521600,1.3330199999999999,1.33472,1.33298,1.33418,739,10,0
1783521900,1.33419,1.33433,1.3338999999999999,1.3339699999999999,738,10,0
1783522200,1.33396,1.33398,1.3336000000000001,1.3338999999999999,573,10,0
1783522500,1.3338999999999999,1.33401,1.33335,1.33353,591,10,0
1783522800,1.3335,1.33456,1.33342,1.3345,637,10,0
1783523100,1.3345099999999999,1.33486,1.3345099999999999,1.33468,602,10,0
1783523400,1.33468,1.33488,1.3345799999999999,1.33468,516,10,0
1783523700,1.33469,1.33524,1.33467,1.33503,588,10,0
1783524000,1.33503,1.3351199999999999,1.33467,1.33478,584,10,0
1783524300,1.33479,1.33529,1.33477,1.33524,390,10,0
1783524600,1.33523,1.33542,1.3348200000000001,1.3348900000000001,464,10,0
1783524900,1.33488,1.33513,1.33467,1.3351,501,10,0
1783525200,1.33511,1.33524,1.33495,1.33523,471,10,0
1783525500,1.33523,1.33539,1.33518,1.33532,462,10,0
1783525800,1.33533,1.33563,1.33514,1.3355299999999999,476,10,0
1783526100,1.33554,1.33562,1.3339400000000001,1.33404,845,10,0
1783526400,1.33399,1.33464,1.33399,1.3345,717,10,0
1783526700,1.3345099999999999,1.33479,1.3342399999999999,1.33477,653,10,0
1783527000,1.33477,1.33513,1.33456,1.3348499999999999,593,10,0
1783527300,1.3348499999999999,1.33517,1.3342800000000001,1.3348900000000001,566,10,0
1783527600,1.33488,1.3354599999999999,1.33477,1.33544,673,10,0
1783527900,1.3354300000000001,1.33632,1.3354300000000001,1.33603,676,10,0
1783528200,1.33606,1.33705,1.33606,1.33693,846,10,0
1783528500,1.33694,1.3376299999999999,1.33676,1.33747,773,10,0
1783528800,1.33748,1.3376299999999999,1.33658,1.33721,879,10,0
1783529100,1.3372,1.33769,1.33704,1.33757,737,10,0
1783529400,1.33757,1.33771,1.3365,1.33651,869,10,0
1783529700,1.33649,1.3370600000000001,1.33649,1.3370600000000001,670,10,0
1783530000,1.33705,1.33749,1.33692,1.33715,635,10,0
1783530300,1.33714,1.33722,1.3366799999999999,1.33701,675,10,0
1783530600,1.3370199999999999,1.33714,1.3366799999999999,1.3367200000000001,666,10,0
1783530900,1.33673,1.3370199999999999,1.3366,1.33693,681,10,0
1783531200,1.33693,1.33751,1.33688,1.3372899999999999,642,10,0
1783531500,1.33728,1.33737,1.33674,1.33689,754,10,0
1783531800,1.33688,1.3369,1.33633,1.33658,683,10,0
1783532100,1.33657,1.337,1.33656,1.33692,599,10,0
1783532400,1.33691,1.3372,1.33677,1.33682,552,10,0
1783532700,1.33683,1.33691,1.33658,1.33666,549,10,0
1783533000,1.33666,1.33705,1.33655,1.3368,602,10,0
1783533300,1.33677,1.33722,1.33655,1.33715,693,10,0
1783533600,1.33717,1.33721,1.33667,1.33715,742,10,0
1783533900,1.33714,1.33749,1.33692,1.33693,620,10,0
1783534200,1.33694,1.33697,1.33605,1.3361,584,10,0
1783534500,1.3361100000000001,1.33619,1.33563,1.33589,750,10,0
1783534800,1.3359,1.33647,1.33582,1.33642,692,10,0
1783535100,1.3364,1.33654,1.33616,1.33631,599,10,0
1783535400,1.33632,1.33642,1.33574,1.33605,732,10,0
1783535700,1.33605,1.33631,1.33583,1.33605,739,10,0
1783536000,1.33605,1.33625,1.33568,1.336,725,10,0
1783536300,1.33599,1.33621,1.33578,1.33587,616,10,0
1783536600,1.33588,1.33624,1.33581,1.3362,496,10,0
1783536900,1.33621,1.33636,1.33592,1.33599,529,10,0
1783537200,1.33602,1.33629,1.33596,1.33615,551,10,0
1783537500,1.3361399999999999,1.33659,1.3361,1.33627,610,10,0
1783537800,1.33627,1.33651,1.3361399999999999,1.33643,501,10,0
1783538100,1.33644,1.33679,1.33627,1.33678,456,10,0
1783538400,1.33678,1.33713,1.33677,1.3369900000000001,375,10,0
1783538700,1.3369900000000001,1.33731,1.33693,1.33716,423,10,0
1783539000,1.33716,1.33739,1.33704,1.33731,569,10,0
1783539300,1.33731,1.33802,1.3373,1.33791,552,10,0
1783539600,1.33791,1.3384,1.33776,1.33834,783,10,0
1783539900,1.33835,1.33852,1.33808,1.33819,571,10,0
1783540200,1.3382100000000001,1.33836,1.33803,1.33834,465,10,0
1783540500,1.33835,1.33854,1.33825,1.33842,461,10,0
1783540800,1.33843,1.3388200000000001,1.33841,1.33856,525,10,0
1783541100,1.33856,1.33947,1.33854,1.33939,482,10,0
1783541400,1.33941,1.34036,1.33934,1.33996,401,10,0
1783541700,1.33997,1.34024,1.33989,1.34013,452,10,0
1783542000,1.3401399999999999,1.34098,1.3401399999999999,1.34033,538,10,0
1783542300,1.3403399999999999,1.3406,1.34022,1.34054,514,10,0
1783542600,1.34055,1.34062,1.34032,1.3404099999999999,464,10,0
1783542900,1.3404099999999999,1.34052,1.34008,1.34012,366,10,0
1783543200,1.34012,1.34024,1.33997,1.33999,333,10,0
1783543500,1.34,1.3401399999999999,1.33991,1.33992,301,11,0
1783543800,1.33994,1.34,1.3397299999999999,1.33981,379,11,0
1783544100,1.33979,1.33979,1.33944,1.33944,245,10,0
1783544400,1.3394,1.3403399999999999,1.33918,1.33983,460,10,0
1783544700,1.33983,1.3401100000000001,1.3397700000000001,1.34009,456,10,0
1783545000,1.34008,1.34048,1.33993,1.34043,428,10,0
1783545300,1.34043,1.34051,1.34001,1.34015,328,10,0
1783545600,1.3401399999999999,1.3403399999999999,1.3400699999999999,1.34029,399,10,0
1783545900,1.34029,1.3403100000000001,1.3401100000000001,1.34025,460,10,0
1783546200,1.34024,1.34024,1.33992,1.33999,414,10,0
1783546500,1.34,1.3403,1.33991,1.3403,460,10,0
1783546800,1.3403,1.34045,1.34015,1.34044,372,10,0
1783547100,1.34044,1.34054,1.34025,1.3403399999999999,425,10,0
1783547400,1.34033,1.3403800000000001,1.34003,1.34012,443,10,0
1783547700,1.3401100000000001,1.34019,1.33985,1.33991,270,10,0
1783548000,1.33992,1.34029,1.33992,1.34025,456,10,0
1783548300,1.34025,1.34054,1.34018,1.34052,310,10,0
1783548600,1.34052,1.34053,1.34027,1.34037,332,10,0
1783548900,1.34036,1.34047,1.34021,1.34037,318,10,0
1783549200,1.34037,1.3405,1.34035,1.34039,352,10,0
1783549500,1.34039,1.34055,1.3403,1.34048,312,10,0
1783549800,1.34046,1.3406799999999999,1.34043,1.34043,347,10,0
1783550100,1.34042,1.3405,1.34036,1.34043,243,10,0
1783550400,1.34043,1.34044,1.34026,1.34029,262,10,0
1783550700,1.3403,1.34032,1.33966,1.33983,571,10,0
1783551000,1.33983,1.34012,1.33978,1.34012,444,10,0
1783551300,1.3401399999999999,1.3403100000000001,1.34006,1.34017,412,10,0
1783551600,1.34017,1.34024,1.34001,1.3401100000000001,263,10,0
1783551900,1.3401,1.3403399999999999,1.34008,1.34025,209,10,0
1783552200,1.34024,1.34024,1.33978,1.33979,316,10,0
1783552500,1.33978,1.33982,1.33955,1.3396,269,10,0
1783552800,1.3396,1.33971,1.33958,1.33959,239,10,0
1783553100,1.33961,1.33962,1.33921,1.33922,242,10,0
1783553400,1.33922,1.33922,1.33893,1.33893,246,11,0
1783553700,1.3389,1.33891,1.33846,1.33862,168,10,0
1783554000,1.33862,1.3388499999999999,1.33862,1.33871,218,10,0
1783554300,1.33871,1.33877,1.33862,1.33863,161,10,0
1783554600,1.33862,1.33874,1.33856,1.33871,80,10,0
1783554900,1.33871,1.33894,1.3385500000000001,1.33862,213,11,0
1783555200,1.33844,1.33927,1.33805,1.33884,20,48,0
1783555500,1.33875,1.3391199999999999,1.33874,1.33904,17,61,0
1783555800,1.33891,1.33899,1.33823,1.33897,74,49,0
1783556100,1.33829,1.33917,1.33816,1.33914,183,75,0
1783556400,1.3391899999999999,1.33921,1.33877,1.33893,45,67,0
1783556700,1.3389199999999999,1.33893,1.33875,1.3388499999999999,37,84,0
1783557000,1.3388499999999999,1.33887,1.33877,1.3388200000000001,29,81,0
1783557300,1.3388200000000001,1.33884,1.338,1.33834,190,71,0
1783557600,1.33836,1.33867,1.33836,1.33862,71,104,0
1783557900,1.3387,1.33872,1.33853,1.3385799999999999,115,70,0
1783558200,1.33868,1.33907,1.3382399999999999,1.33833,151,92,0
1783558500,1.33836,1.33856,1.33826,1.33842,119,118,0
1783558800,1.33842,1.33902,1.33842,1.33872,73,21,0
1783559100,1.33875,1.33895,1.33875,1.33887,29,20,0
1783559400,1.33888,1.339,1.33888,1.33897,21,21,0
1783559700,1.33897,1.33906,1.33897,1.339,65,14,0
1783560000,1.339,1.339,1.3389,1.33891,20,17,0
1783560300,1.33891,1.3389199999999999,1.3388900000000001,1.3388900000000001,23,18,0
1783560600,1.33888,1.33902,1.33888,1.33898,77,16,0
1783560900,1.33899,1.33906,1.3389199999999999,1.33898,41,14,0
1783561200,1.33898,1.339,1.33898,1.33898,36,17,0
1783561500,1.33899,1.33901,1.33898,1.339,32,18,0
1783561800,1.339,1.33901,1.33899,1.33899,12,17,0
1783562100,1.33898,1.33908,1.33895,1.33904,48,16,0
1783562400,1.33905,1.3391199999999999,1.33899,1.3391,74,13,0
1783562700,1.33911,1.3391199999999999,1.33901,1.33902,55,13,0
1783563000,1.33902,1.33902,1.33894,1.33898,91,11,0
1783563300,1.33897,1.33898,1.33891,1.33891,77,11,0
1783563600,1.33891,1.33898,1.33887,1.33896,88,11,0
1783563900,1.33896,1.339,1.3389199999999999,1.339,66,13,0
1783564200,1.339,1.3391199999999999,1.33896,1.3391,114,11,0
1783564500,1.3391,1.33922,1.33903,1.3391199999999999,108,11,0
1783564800,1.33911,1.33928,1.3391,1.33918,70,11,0
1783565100,1.33918,1.33931,1.33918,1.33927,111,13,0
1783565400,1.33927,1.33927,1.33913,1.33917,93,14,0
1783565700,1.33917,1.33939,1.3391600000000001,1.33931,167,12,0
1783566000,1.3393,1.33972,1.3393,1.33972,449,10,0
1783566300,1.3397000000000001,1.3399,1.3397000000000001,1.3397999999999999,357,11,0
1783566600,1.33981,1.34023,1.3397700000000001,1.34015,348,11,0
1783566900,1.3401399999999999,1.34022,1.33993,1.33997,304,10,0
1783567200,1.33997,1.3401100000000001,1.33986,1.34001,247,10,0
1783567500,1.34001,1.34009,1.33995,1.34006,177,11,0
1783567800,1.3400699999999999,1.34035,1.33997,1.34019,295,10,0
1783568100,1.34019,1.34021,1.3400400000000001,1.3400400000000001,301,12,0
1783568400,1.34003,1.3401,1.3397299999999999,1.33975,311,11,0
1783568700,1.33974,1.33979,1.33962,1.33971,299,11,0
1783569000,1.33972,1.3397299999999999,1.33941,1.33948,344,11,0
1783569300,1.33949,1.3397299999999999,1.33942,1.3397000000000001,329,12,0
1783569600,1.33971,1.33986,1.3395000000000001,1.33954,430,11,0
1783569900,1.3395299999999999,1.33961,1.3394300000000001,1.33959,391,10,0
1783570200,1.3396,1.3396,1.33908,1.33911,307,10,0
1783570500,1.3391,1.33932,1.33908,1.33928,349,10,0
1783570800,1.33928,1.33941,1.3391,1.33915,420,11,0
1783571100,1.33915,1.33918,1.33879,1.33886,230,12,0
1783571400,1.33886,1.33902,1.33859,1.339,334,11,0
1783571700,1.33901,1.33939,1.33899,1.33921,322,11,0
1783572000,1.33918,1.33924,1.3391199999999999,1.33923,307,11,0
1783572300,1.33923,1.33925,1.3390900000000001,1.33918,240,11,0
1783572600,1.3391899999999999,1.33925,1.33908,1.3391899999999999,185,12,0
1783572900,1.3391899999999999,1.33965,1.3391899999999999,1.3396,297,12,0
1783573200,1.33961,1.33975,1.33954,1.33968,320,11,0
1783573500,1.33967,1.33994,1.33965,1.33984,230,12,0
1783573800,1.33984,1.33994,1.33963,1.33982,208,11,0
1783574100,1.33983,1.33995,1.3397700000000001,1.3399,180,11,0
1783574400,1.33991,1.33992,1.3397999999999999,1.33987,185,10,0
1783574700,1.33988,1.33996,1.33976,1.33986,197,11,0
1783575000,1.33986,1.33991,1.33952,1.33952,292,12,0
1783575300,1.33952,1.33965,1.33934,1.33954,289,12,0
1783575600,1.33955,1.33958,1.3394,1.3394599999999999,252,12,0
1783575900,1.3394599999999999,1.33967,1.3394599999999999,1.33961,209,12,0
1783576200,1.33961,1.33968,1.33948,1.33951,261,12,0
1783576500,1.33952,1.33955,1.33931,1.33933,266,11,0
1783576800,1.33933,1.33947,1.3393,1.3394599999999999,353,11,0
1783577100,1.33945,1.3395000000000001,1.3394,1.3394599999999999,493,11,0
1783577400,1.3394599999999999,1.33947,1.3393,1.3394,303,11,0
1783577700,1.33938,1.3394,1.33906,1.33911,348,11,0
1783578000,1.33911,1.33917,1.33895,1.33917,323,11,0
1783578300,1.33917,1.3395000000000001,1.33915,1.3394300000000001,256,11,0
1783578600,1.33944,1.33994,1.3394300000000001,1.33967,328,11,0
1783578900,1.33968,1.33998,1.33967,1.33995,237,11,0
1783579200,1.33996,1.33999,1.33967,1.33976,265,11,0
1783579500,1.33974,1.33976,1.33954,1.33955,205,13,0
1783579800,1.33956,1.33984,1.33956,1.33975,217,12,0
1783580100,1.33976,1.33976,1.33948,1.33951,214,12,0
1783580400,1.33952,1.33955,1.33937,1.33949,268,12,0
1783580700,1.33949,1.33965,1.33948,1.33961,178,12,0
1783581000,1.33962,1.33971,1.33951,1.33961,260,11,0
1783581300,1.3396,1.33962,1.33929,1.33933,209,11,0
1783581600,1.33933,1.3396,1.33932,1.3395000000000001,168,12,0
1783581900,1.3395000000000001,1.33963,1.3395000000000001,1.33957,164,11,0
1783582200,1.33957,1.33978,1.33956,1.33972,243,10,0
1783582500,1.33972,1.33974,1.33956,1.33957,194,12,0
1783582800,1.33957,1.33966,1.33957,1.33965,123,11,0
1783583100,1.33964,1.33976,1.33962,1.33976,142,12,0
1783583400,1.33975,1.33992,1.33975,1.33988,183,11,0
1783583700,1.33989,1.33989,1.33979,1.33983,164,11,0
1783584000,1.33984,1.34003,1.3397999999999999,1.33993,202,10,0
1783584300,1.33994,1.34002,1.33989,1.33992,135,10,0
1783584600,1.33991,1.3406799999999999,1.3399,1.34052,488,10,0
1783584900,1.34051,1.34054,1.3401399999999999,1.34025,332,10,0
1783585200,1.34025,1.34036,1.34009,1.34033,176,11,0
1783585500,1.3403399999999999,1.34057,1.3403100000000001,1.34053,265,11,0
1783585800,1.34053,1.34064,1.3403399999999999,1.34064,301,11,0
1783586100,1.34064,1.34067,1.34051,1.34059,163,11,0
1783586400,1.34058,1.34058,1.3401100000000001,1.3403100000000001,264,11,0
1783586700,1.3403100000000001,1.34056,1.3403,1.34056,305,11,0
1783587000,1.34056,1.34061,1.34044,1.34053,231,10,0
1783587300,1.34052,1.34056,1.3403,1.34039,308,10,0
1783587600,1.3403800000000001,1.34105,1.3403800000000001,1.34093,517,10,0
1783587900,1.3409200000000001,1.3409499999999999,1.3407200000000001,1.34084,458,10,0
1783588200,1.34085,1.3409,1.34067,1.34081,352,10,0
1783588500,1.34081,1.34117,1.3407499999999999,1.34108,434,10,0
1783588800,1.34107,1.3428,1.34106,1.3424,577,10,0
1783589100,1.34239,1.34257,1.34216,1.34246,564,10,0
1783589400,1.34244,1.34301,1.3422100000000001,1.34289,516,10,0
1783589700,1.3429,1.34291,1.34212,1.34233,452,10,0
1783590000,1.34232,1.34261,1.34209,1.34261,360,10,0
1783590300,1.34261,1.34263,1.34238,1.34242,363,10,0
1783590600,1.34241,1.3426,1.34212,1.34215,232,10,0
1783590900,1.34215,1.34249,1.342,1.34247,345,10,0
1783591200,1.3425,1.3425500000000001,1.34214,1.34222,534,10,0
1783591500,1.3422100000000001,1.3422100000000001,1.34159,1.3419699999999999,412,10,0
1783591800,1.3419699999999999,1.34228,1.34196,1.34215,427,10,0
1783592100,1.34214,1.34269,1.34198,1.3425,367,10,0
1783592400,1.3425,1.34262,1.3423,1.34243,275,10,0
1783592700,1.34244,1.34252,1.3423,1.34245,277,10,0
1783593000,1.3424800000000001,1.3425099999999999,1.34205,1.3421,293,11,0
1783593300,1.34208,1.34237,1.34183,1.3418999999999999,330,10,0
1783593600,1.3418999999999999,1.3421,1.34178,1.34191,284,10,0
1783593900,1.34191,1.34193,1.34142,1.34145,330,10,0
1783594200,1.34144,1.3415300000000001,1.3412899999999999,1.34139,299,10,0
1783594500,1.34138,1.34151,1.34109,1.34144,393,10,0
1783594800,1.34145,1.34158,1.34121,1.34143,425,10,0
1783595100,1.34146,1.34205,1.34137,1.3419400000000001,338,10,0
1783595400,1.3419400000000001,1.34211,1.34157,1.3418,340,10,0
1783595700,1.34181,1.34198,1.34168,1.34172,281,10,0
1783596000,1.34173,1.34178,1.3415,1.3416000000000001,368,10,0
1783596300,1.3416000000000001,1.34182,1.34138,1.3418,315,10,0
1783596600,1.34181,1.34185,1.34148,1.34172,313,10,0
1783596900,1.34173,1.34204,1.34171,1.3418999999999999,241,10,0
1783597200,1.3418999999999999,1.3418999999999999,1.34161,1.34165,275,10,0
1783597500,1.34166,1.34171,1.3413,1.3413,360,10,0
1783597800,1.34131,1.34165,1.3412600000000001,1.34164,271,10,0
1783598100,1.34164,1.3417,1.3409900000000001,1.3412,351,10,0
1783598400,1.3412,1.34151,1.34115,1.34137,278,10,0
1783598700,1.3413599999999999,1.34137,1.34083,1.34088,407,10,0
1783599000,1.3409,1.3412,1.34079,1.3411,301,10,0
1783599300,1.34109,1.34124,1.3409900000000001,1.34105,254,10,0
1783599600,1.34111,1.3414,1.34111,1.3412,190,10,0
1783599900,1.34121,1.34152,1.3412,1.34145,227,10,0
1783600200,1.34143,1.34151,1.34104,1.34107,213,10,0
1783600500,1.34105,1.34131,1.3410199999999999,1.3410199999999999,252,10,0
1783600800,1.3410199999999999,1.34107,1.34061,1.34097,386,10,0
1783601100,1.34098,1.34107,1.34082,1.3409200000000001,230,10,0
1783601400,1.34094,1.34121,1.34093,1.34112,205,10,0
1783601700,1.34112,1.34147,1.34111,1.3412,226,10,0
1783602000,1.34119,1.34123,1.34059,1.34074,272,10,0
1783602300,1.3407499999999999,1.34084,1.34055,1.34082,179,10,0
1783602600,1.34081,1.34083,1.34061,1.3407,254,10,0
1783602900,1.34069,1.34081,1.34051,1.34057,216,10,0
1783603200,1.34057,1.34069,1.34039,1.34045,194,10,0
1783603500,1.34045,1.34045,1.3403,1.34035,279,10,0
1783603800,1.34035,1.34054,1.3402,1.34051,258,10,0
1783604100,1.34052,1.34073,1.34042,1.34043,271,10,0
1783604400,1.34042,1.34043,1.34013,1.34013,357,10,0
1783604700,1.3401100000000001,1.34054,1.3401,1.34054,275,10,0
1783605000,1.34053,1.34054,1.33965,1.33982,457,10,0
1783605300,1.3397999999999999,1.33982,1.33931,1.33954,439,10,0
1783605600,1.33954,1.33955,1.33891,1.33905,465,10,0
1783605900,1.33904,1.33921,1.33897,1.3391199999999999,400,10,0
1783606200,1.3391199999999999,1.33932,1.33901,1.33924,383,10,0
1783606500,1.33923,1.33949,1.33903,1.33906,335,10,0
1783606800,1.33904,1.33926,1.33899,1.33901,228,10,0
1783607100,1.33901,1.33911,1.3384800000000001,1.3385099999999999,219,10,0
1783607400,1.3385099999999999,1.33893,1.3384,1.3388499999999999,270,10,0
1783607700,1.33884,1.33914,1.33861,1.3391199999999999,247,10,0
1783608000,1.33911,1.3391899999999999,1.3389199999999999,1.3389199999999999,202,10,0
1783608300,1.3389199999999999,1.33906,1.33862,1.33874,253,10,0
1783608600,1.33874,1.3391600000000001,1.33866,1.33905,348,10,0
1783608900,1.33904,1.33911,1.33876,1.3388,340,10,0
1783609200,1.33879,1.33927,1.33874,1.33925,359,10,0
1783609500,1.33926,1.33956,1.33896,1.33945,281,10,0
1783609800,1.3394599999999999,1.33954,1.33931,1.33937,370,10,0
1783610100,1.3394,1.33952,1.33925,1.33935,290,10,0
1783610400,1.33935,1.33942,1.33898,1.33905,284,10,0
1783610700,1.33904,1.33931,1.33899,1.33931,188,10,0
1783611000,1.33932,1.33976,1.33929,1.33956,262,10,0
1783611300,1.33955,1.33975,1.33923,1.33934,493,10,0
1783611600,1.33933,1.33954,1.3388499999999999,1.33927,446,10,0
1783611900,1.33926,1.33937,1.3389199999999999,1.33896,482,10,0
1783612200,1.33895,1.33903,1.33801,1.3384800000000001,536,10,0
1783612500,1.33845,1.33878,1.33835,1.33842,360,10,0
1783612800,1.3384,1.33876,1.3384,1.33862,348,10,0
1783613100,1.33863,1.33918,1.33849,1.33915,390,10,0
1783613400,1.33915,1.33932,1.3388499999999999,1.3393,312,10,0
1783613700,1.3393,1.34,1.3393,1.33952,489,10,0
1783614000,1.33952,1.3397700000000001,1.33933,1.33963,333,10,0
1783614300,1.33962,1.33994,1.33952,1.33981,318,10,0
1783614600,1.33981,1.34012,1.33923,1.3395000000000001,460,10,0
1783614900,1.3395000000000001,1.33959,1.33929,1.33931,448,10,0
1783615200,1.33932,1.33995,1.33923,1.3395299999999999,507,10,0
1783615500,1.33952,1.33993,1.33917,1.3399,494,10,0
1783615800,1.3399,1.34,1.33969,1.3397999999999999,464,10,0
1783616100,1.33981,1.34021,1.33975,1.3400699999999999,254,10,0
1783616400,1.3400699999999999,1.34093,1.3400699999999999,1.3409200000000001,427,10,0
1783616700,1.34091,1.34104,1.34023,1.34025,620,10,0
1783617000,1.34024,1.3404099999999999,1.34006,1.3401100000000001,509,10,0
1783617300,1.34008,1.34008,1.33951,1.33956,551,10,0
1783617600,1.33958,1.34028,1.33958,1.34021,511,10,0
1783617900,1.3402,1.34021,1.3399,1.3400400000000001,443,10,0
1783618200,1.34005,1.34015,1.33954,1.34015,511,10,0
1783618500,1.3401399999999999,1.3404,1.33972,1.33984,473,10,0
1783618800,1.33984,1.33986,1.33954,1.33983,405,10,0
1783619100,1.33984,1.33984,1.33905,1.33906,513,10,0
1783619400,1.33908,1.33931,1.33871,1.33915,654,10,0
1783619700,1.3391199999999999,1.33935,1.33878,1.33907,698,10,0
1783620000,1.33908,1.33913,1.33864,1.33895,603,10,0
1783620300,1.33896,1.33983,1.3389,1.33982,512,10,0
1783620600,1.33983,1.33988,1.33944,1.33952,432,10,0
1783620900,1.33952,1.3397299999999999,1.33914,1.3391600000000001,490,10,0
1783621200,1.3391600000000001,1.33948,1.33905,1.33933,450,10,0
1783621500,1.33933,1.33978,1.33932,1.33966,366,10,0
1783621800,1.33966,1.33986,1.33948,1.33981,351,10,0
1783622100,1.33982,1.3400699999999999,1.33955,1.33981,327,10,0
1783622400,1.3397999999999999,1.34042,1.33979,1.34042,357,10,0
1783622700,1.34043,1.34057,1.34013,1.3403800000000001,387,10,0
1783623000,1.34039,1.34081,1.34039,1.34069,403,10,0
1783623300,1.3406799999999999,1.3407,1.34045,1.34066,335,10,0
1783623600,1.34067,1.34097,1.34053,1.34089,361,10,0
1783623900,1.3409,1.34097,1.34076,1.34088,316,10,0
1783624200,1.34087,1.34106,1.34071,1.3409900000000001,330,10,0
1783624500,1.341,1.34115,1.3406,1.34066,327,10,0
1783624800,1.34066,1.34067,1.3404,1.3404099999999999,209,10,0
1783625100,1.3404099999999999,1.34049,1.34018,1.3403800000000001,253,10,0
1783625400,1.34039,1.34058,1.34022,1.3404099999999999,275,10,0
1783625700,1.3404099999999999,1.34083,1.3403399999999999,1.34081,297,10,0
1783626000,1.34082,1.341,1.34074,1.3409499999999999,270,10,0
1783626300,1.34094,1.34106,1.34093,1.34101,217,10,0
1783626600,1.3410199999999999,1.34114,1.3409,1.34109,241,10,0
1783626900,1.34109,1.34114,1.34088,1.34091,282,10,0
1783627200,1.34091,1.34113,1.34074,1.34085,252,10,0
1783627500,1.34085,1.341,1.34074,1.34093,235,10,0
1783627800,1.3409200000000001,1.3409900000000001,1.34076,1.34093,268,10,0
1783628100,1.34093,1.34123,1.34083,1.34122,297,10,0
1783628400,1.34123,1.34142,1.34117,1.34135,257,10,0
1783628700,1.34135,1.34143,1.34125,1.34141,356,10,0
1783629000,1.34141,1.34152,1.34127,1.34137,284,10,0
1783629300,1.34137,1.34141,1.34121,1.34122,316,10,0
1783629600,1.34122,1.34128,1.34112,1.34127,212,10,0
1783629900,1.34127,1.34151,1.3412600000000001,1.34146,274,10,0
1783630200,1.34147,1.34157,1.34142,1.34149,157,10,0
1783630500,1.3415,1.3416000000000001,1.34139,1.34157,258,10,0
1783630800,1.34158,1.34175,1.34155,1.34164,354,10,0
1783631100,1.34165,1.34186,1.34151,1.34183,289,10,0
1783631400,1.34184,1.3418700000000001,1.34164,1.34182,274,10,0
1783631700,1.34183,1.34188,1.34148,1.34152,228,10,0
1783632000,1.34152,1.34154,1.34128,1.3413300000000001,230,10,0
1783632300,1.34134,1.34142,1.34114,1.34117,266,10,0
1783632600,1.34117,1.34127,1.34111,1.34116,216,10,0
1783632900,1.34117,1.34123,1.341,1.34105,188,10,0
1783633200,1.34105,1.3413599999999999,1.34105,1.34132,210,10,0
1783633500,1.34131,1.34155,1.3412899999999999,1.34155,180,10,0
1783633800,1.3415599999999999,1.3415599999999999,1.34132,1.34143,146,10,0
1783634100,1.34144,1.34159,1.34143,1.34152,201,10,0
1783634400,1.34152,1.34168,1.34141,1.34151,219,10,0
1783634700,1.34152,1.3415599999999999,1.34132,1.3413300000000001,175,10,0
1783635000,1.3413300000000001,1.34134,1.34121,1.34132,175,10,0
1783635300,1.34131,1.34155,1.34131,1.34146,186,10,0
1783635600,1.34146,1.34147,1.34125,1.3412600000000001,209,10,0
1783635900,1.34125,1.3412600000000001,1.34097,1.3410199999999999,276,10,0
1783636200,1.3410199999999999,1.34103,1.34059,1.34061,312,10,0
1783636500,1.34062,1.34093,1.34061,1.34088,292,10,0
1783636800,1.34089,1.34091,1.3405,1.34051,238,10,0
1783637100,1.34049,1.34063,1.34042,1.34056,192,10,0
1783637400,1.34055,1.34058,1.34051,1.34055,182,10,0
1783637700,1.34054,1.34078,1.34046,1.34069,235,10,0
1783638000,1.3407,1.34085,1.34064,1.3408,332,10,0
1783638300,1.34079,1.34105,1.3406799999999999,1.3409499999999999,232,10,0
1783638600,1.34096,1.34096,1.34085,1.3409499999999999,67,10,0
1783638900,1.34094,1.34101,1.3409,1.34098,113,10,0
1783639200,1.3409900000000001,1.3409900000000001,1.34093,1.3409499999999999,62,11,0
1783639500,1.34096,1.34103,1.34088,1.34089,114,10,0
1783639800,1.34089,1.3409900000000001,1.34085,1.34096,88,10,0
1783640100,1.3409499999999999,1.34097,1.34087,1.34091,131,10,0
1783640400,1.3409,1.34096,1.3409,1.3409499999999999,54,10,0
1783640700,1.34094,1.3409499999999999,1.34083,1.34086,85,10,0
1783641000,1.34081,1.34082,1.34071,1.34082,118,10,0
1783641300,1.34081,1.34085,1.3406500000000001,1.34067,77,10,0
1783641600,1.34057,1.34057,1.34032,1.34032,2,52,0
1783641900,1.33989,1.34006,1.33978,1.33983,12,134,0
1783642200,1.33963,1.33963,1.33963,1.33963,1,157,0
1783642500,1.33972,1.34081,1.33949,1.33984,18,78,0
1783642800,1.33963,1.33988,1.33959,1.33984,78,157,0
1783643100,1.33986,1.33986,1.33923,1.33925,65,157,0
1783643400,1.33924,1.34042,1.33923,1.34012,148,127,0
1783643700,1.33979,1.34005,1.3394599999999999,1.33954,390,109,0
1783644000,1.33998,1.33998,1.3395299999999999,1.33969,370,113,0
1783644300,1.33967,1.34032,1.33939,1.33941,403,78,0
1783644600,1.33938,1.3397000000000001,1.33934,1.33941,649,134,0
1783644900,1.3394300000000001,1.34088,1.33941,1.34013,221,69,0
1783645200,1.3403,1.34082,1.34022,1.34082,59,18,0
1783645500,1.34081,1.3411,1.34081,1.3409,50,19,0
1783645800,1.34091,1.34093,1.34085,1.34087,28,18,0
1783646100,1.34087,1.34109,1.34087,1.34107,19,21,0
1783646400,1.34107,1.34108,1.3410199999999999,1.34103,35,19,0
1783646700,1.34103,1.34107,1.3410199999999999,1.34105,43,19,0
1783647000,1.34105,1.34111,1.34103,1.3411,30,16,0
1783647300,1.3411,1.34117,1.34105,1.34111,22,12,0
1783647600,1.34111,1.34116,1.34111,1.34111,11,14,0
1783647900,1.34113,1.34117,1.3411,1.34115,19,17,0
1783648200,1.34117,1.3412,1.34116,1.34117,25,17,0
1783648500,1.34117,1.34119,1.34114,1.34114,21,16,0
1783648800,1.34115,1.34121,1.34113,1.34115,51,14,0
1783649100,1.34117,1.34122,1.34114,1.34122,88,12,0
1783649400,1.34122,1.34122,1.34115,1.34119,61,13,0
1783649700,1.34119,1.34119,1.34115,1.34115,81,13,0
1783650000,1.34115,1.34117,1.34103,1.34104,54,13,0
1783650300,1.34104,1.34106,1.34103,1.34106,67,13,0
1783650600,1.34106,1.34106,1.34103,1.34103,49,13,0
1783650900,1.34104,1.34121,1.34103,1.34113,47,14,0
1783651200,1.34114,1.34125,1.34113,1.34123,47,12,0
1783651500,1.34123,1.34125,1.34111,1.34114,86,13,0
1783651800,1.34114,1.34115,1.34109,1.34114,47,11,0
1783652100,1.34113,1.3412899999999999,1.34112,1.3412899999999999,110,12,0
1783652400,1.3412899999999999,1.3412899999999999,1.341,1.34116,322,11,0
1783652700,1.34119,1.34125,1.3410199999999999,1.34103,285,12,0
1783653000,1.3410199999999999,1.3411,1.34086,1.34087,162,10,0
1783653300,1.34088,1.3409900000000001,1.34087,1.34093,145,11,0
1783653600,1.34094,1.34098,1.34082,1.34084,155,10,0
1783653900,1.34083,1.3409200000000001,1.34081,1.34091,112,11,0
1783654200,1.34091,1.34096,1.3408,1.34084,108,11,0
1783654500,1.34087,1.34111,1.34087,1.34109,172,10,0
1783654800,1.34111,1.34147,1.34109,1.34141,212,12,0
1783655100,1.34143,1.34188,1.34142,1.34185,375,10,0
1783655400,1.34185,1.34205,1.34176,1.34205,273,11,0
1783655700,1.34204,1.34244,1.34196,1.3422100000000001,428,10,0
1783656000,1.3422,1.3422100000000001,1.34192,1.34213,576,11,0
1783656300,1.34213,1.34265,1.34196,1.3425500000000001,444,11,0
1783656600,1.34254,1.34283,1.3425099999999999,1.3428200000000001,365,10,0
1783656900,1.34281,1.34314,1.34281,1.3431,430,10,0
1783657200,1.3431,1.34311,1.34261,1.34267,309,11,0
1783657500,1.34269,1.34273,1.34253,1.34266,257,12,0
1783657800,1.34265,1.34292,1.3426,1.34292,337,11,0
1783658100,1.34293,1.3430900000000001,1.34252,1.34267,325,11,0
1783658400,1.34269,1.34292,1.34254,1.34274,311,10,0
1783658700,1.34275,1.3431199999999999,1.34263,1.3431,318,11,0
1783659000,1.34311,1.34332,1.3430900000000001,1.34322,359,11,0
1783659300,1.34324,1.34381,1.34324,1.34342,371,11,0
1783659600,1.3434300000000001,1.34359,1.34333,1.34349,330,12,0
1783659900,1.3435000000000001,1.34456,1.34349,1.34446,390,10,0
1783660200,1.34447,1.34467,1.34443,1.34467,481,10,0
1783660500,1.34467,1.34506,1.34462,1.34493,466,10,0
1783660800,1.34493,1.34501,1.34451,1.34462,447,11,0
1783661100,1.34462,1.34487,1.34451,1.34452,375,11,0
1783661400,1.3445,1.34456,1.34429,1.3444099999999999,429,12,0
1783661700,1.3444,1.34443,1.34419,1.34432,323,12,0
1783662000,1.34432,1.34482,1.3443100000000001,1.34471,302,10,0
1783662300,1.3447200000000001,1.3449200000000001,1.34466,1.34477,333,10,0
1783662600,1.34476,1.3451,1.34476,1.34505,306,11,0
1783662900,1.34504,1.34504,1.34476,1.34478,287,11,0
1783663200,1.34479,1.34489,1.34459,1.34471,273,10,0
1783663500,1.3447,1.34491,1.34459,1.34487,162,12,0
1783663800,1.34485,1.34487,1.34446,1.34451,177,12,0
1783664100,1.3445,1.34456,1.3444,1.34446,262,10,0
1783664400,1.34446,1.34446,1.34417,1.34422,269,12,0
1783664700,1.34422,1.34451,1.34422,1.34448,285,11,0
1783665000,1.34448,1.3446500000000001,1.34445,1.34461,196,12,0
1783665300,1.34461,1.34461,1.34433,1.34449,203,12,0
1783665600,1.34449,1.34451,1.34435,1.34443,121,12,0
1783665900,1.3444099999999999,1.34442,1.3440400000000001,1.3440400000000001,189,11,0
1783666200,1.34405,1.3442,1.34394,1.34396,258,11,0
1783666500,1.34396,1.34401,1.34367,1.34384,304,12,0
1783666800,1.34385,1.34385,1.34359,1.34364,224,11,0
1783667100,1.34364,1.34367,1.34354,1.3436,189,12,0
1783667400,1.3436,1.34369,1.34351,1.34368,178,12,0
1783667700,1.34367,1.34368,1.34345,1.34351,171,11,0
1783668000,1.3435000000000001,1.34351,1.34318,1.34321,171,12,0
1783668300,1.3431899999999999,1.34341,1.3431899999999999,1.3434,162,10,0
1783668600,1.34341,1.34341,1.34329,1.34333,109,11,0
1783668900,1.34334,1.34335,1.34323,1.34324,141,12,0
1783669200,1.34325,1.34326,1.34293,1.34294,212,12,0
1783669500,1.34294,1.34301,1.34279,1.34283,244,12,0
1783669800,1.34284,1.3428499999999999,1.34272,1.34273,269,12,0
1783670100,1.34272,1.343,1.34269,1.34299,183,11,0
1783670400,1.343,1.3431600000000001,1.3429,1.34313,236,10,0
1783670700,1.34313,1.34326,1.34302,1.34306,179,11,0
1783671000,1.34307,1.3431199999999999,1.34291,1.34293,236,10,0
1783671300,1.34292,1.34301,1.34279,1.3428,188,10,0
1783671600,1.3428,1.34281,1.3426,1.34266,204,10,0
1783671900,1.34266,1.34267,1.34256,1.34263,184,11,0
1783672200,1.34262,1.34262,1.34243,1.34243,173,10,0
1783672500,1.34244,1.34244,1.3422100000000001,1.34222,197,11,0
1783672800,1.3422100000000001,1.34241,1.34211,1.34237,191,12,0
1783673100,1.34238,1.34268,1.34238,1.34265,195,11,0
1783673400,1.34264,1.34284,1.34261,1.34264,231,11,0
1783673700,1.34261,1.34274,1.34257,1.34267,188,11,0
1783674000,1.3427,1.34304,1.34264,1.34281,341,10,0
1783674300,1.34281,1.34326,1.34279,1.34313,361,10,0
1783674600,1.34313,1.34356,1.3430900000000001,1.34332,373,10,0
1783674900,1.34331,1.3435000000000001,1.34275,1.3435000000000001,516,10,0
1783675200,1.34349,1.34353,1.3432,1.34323,442,10,0
1783675500,1.34323,1.34325,1.34272,1.34272,451,10,0
1783675800,1.34272,1.34302,1.34265,1.34301,461,10,0
1783676100,1.34302,1.34337,1.34292,1.34325,338,10,0
1783676400,1.34324,1.34326,1.34266,1.34266,357,10,0
1783676700,1.34266,1.34271,1.34237,1.3424,460,10,0
1783677000,1.34238,1.34264,1.34236,1.3426,329,10,0
1783677300,1.34259,1.34274,1.34252,1.34261,307,10,0
1783677600,1.3426,1.3429,1.34231,1.34253,436,10,0
1783677900,1.34252,1.34272,1.34249,1.34262,319,10,0
1783678200,1.34262,1.34293,1.3425,1.34261,371,10,0
1783678500,1.34262,1.34283,1.34242,1.3427,429,10,0
1783678800,1.34269,1.34281,1.34243,1.34253,460,10,0
1783679100,1.34254,1.3426,1.34228,1.3425099999999999,303,10,0
1783679400,1.3425,1.34261,1.34231,1.34243,334,11,0
1783679700,1.34242,1.34277,1.34239,1.34264,347,10,0
1783680000,1.34263,1.34303,1.34259,1.3428200000000001,333,10,0
1783680300,1.3428200000000001,1.34287,1.34229,1.34254,348,10,0
1783680600,1.34254,1.34272,1.34232,1.34233,315,10,0
1783680900,1.34234,1.34236,1.34199,1.34208,303,10,0
1783681200,1.34209,1.3426,1.34185,1.34214,560,10,0
1783681500,1.34213,1.34234,1.34202,1.34206,386,10,0
1783681800,1.34205,1.34219,1.34168,1.34173,345,10,0
1783682100,1.34172,1.34192,1.34155,1.34184,307,10,0
1783682400,1.34183,1.34192,1.34147,1.34147,317,10,0
1783682700,1.34148,1.34154,1.34119,1.34142,267,10,0
1783683000,1.34142,1.34175,1.34142,1.34157,435,10,0
1783683300,1.34157,1.34157,1.3412,1.3412600000000001,312,10,0
1783683600,1.34127,1.34137,1.3410199999999999,1.3412600000000001,388,10,0
1783683900,1.34124,1.34127,1.34101,1.34124,258,10,0
1783684200,1.34124,1.34128,1.34081,1.3410199999999999,350,10,0
1783684500,1.34101,1.34118,1.3409200000000001,1.3409200000000001,435,10,0
1783684800,1.34093,1.34152,1.34087,1.34152,447,10,0
1783685100,1.34151,1.34151,1.34101,1.34104,279,10,0
1783685400,1.34105,1.34141,1.3410199999999999,1.34134,228,10,0
1783685700,1.34135,1.34144,1.34119,1.34125,254,10,0
1783686000,1.3412600000000001,1.34152,1.34117,1.34151,209,10,0
1783686300,1.34152,1.34157,1.34142,1.34146,251,10,0
1783686600,1.34147,1.3415599999999999,1.3412600000000001,1.3412600000000001,198,10,0
1783686900,1.34125,1.3414,1.34111,1.34137,275,10,0
1783687200,1.34137,1.34148,1.34112,1.34113,242,10,0
1783687500,1.34114,1.3413599999999999,1.34107,1.34125,228,10,0
1783687800,1.34124,1.34137,1.34091,1.34111,330,10,0
1783688100,1.34112,1.34125,1.3409,1.34094,256,10,0
1783688400,1.34096,1.34119,1.34094,1.34117,306,10,0
1783688700,1.34117,1.34149,1.34117,1.34121,244,10,0
1783689000,1.34121,1.34147,1.34119,1.3413599999999999,229,10,0
1783689300,1.34135,1.34175,1.34132,1.34174,290,10,0
1783689600,1.34172,1.34213,1.34171,1.34208,237,10,0
1783689900,1.34208,1.34222,1.34191,1.34216,183,10,0
1783690200,1.34216,1.34228,1.34182,1.3419400000000001,219,10,0
1783690500,1.3419400000000001,1.34226,1.34189,1.34216,231,10,0
1783690800,1.3421699999999999,1.3421699999999999,1.34174,1.34198,234,10,0
1783691100,1.3419699999999999,1.34227,1.34171,1.34209,387,10,0
1783691400,1.34207,1.3429,1.34202,1.3428499999999999,459,10,0
1783691700,1.34286,1.34362,1.34264,1.34324,748,10,0
1783692000,1.34323,1.3437000000000001,1.3430900000000001,1.34351,544,10,0
1783692300,1.34351,1.34354,1.3428,1.34283,180,10,0
1783692600,1.34283,1.34304,1.34274,1.34289,179,10,0
1783692900,1.34289,1.34295,1.3425799999999999,1.3428200000000001,186,10,0
1783693200,1.3428200000000001,1.34291,1.34263,1.34265,172,10,0
1783693500,1.34266,1.34267,1.3421,1.34239,431,10,0
1783693800,1.34239,1.34243,1.34204,1.34222,436,10,0
1783694100,1.3422100000000001,1.34226,1.3417,1.34173,406,10,0
1783694400,1.34174,1.34232,1.3417,1.34214,312,10,0
1783694700,1.34214,1.34243,1.34208,1.34236,272,10,0
1783695000,1.34237,1.34275,1.34231,1.34234,285,10,0
1783695300,1.34233,1.34268,1.34227,1.3425500000000001,487,10,0
1783695600,1.34256,1.34267,1.34193,1.34198,531,10,0
1783695900,1.34199,1.34225,1.34191,1.3422100000000001,497,10,0
1783696200,1.34222,1.34364,1.34206,1.34279,579,10,0
1783696500,1.34279,1.3429,1.34229,1.3424800000000001,538,10,0
1783696800,1.34249,1.34257,1.34231,1.34237,399,10,0
1783697100,1.34234,1.34276,1.34223,1.3422399999999999,428,10,0
1783697400,1.34222,1.34234,1.34172,1.34183,531,10,0
1783697700,1.34184,1.34228,1.34169,1.34228,507,10,0
1783698000,1.34227,1.34238,1.34158,1.34166,386,10,0
1783698300,1.34165,1.34182,1.3413599999999999,1.34173,436,10,0
1783698600,1.34172,1.34185,1.3415300000000001,1.34167,295,10,0
1783698900,1.34168,1.34209,1.3416299999999999,1.34207,368,10,0
1783699200,1.34207,1.34208,1.34137,1.34147,422,10,0
1783699500,1.34147,1.34154,1.34105,1.34137,431,10,0
1783699800,1.3413599999999999,1.34154,1.3411,1.34143,443,10,0
1783700100,1.34142,1.34145,1.34118,1.34144,369,10,0
1783700400,1.34144,1.34161,1.34123,1.3412600000000001,313,10,0
1783700700,1.34125,1.34132,1.3410199999999999,1.34112,317,10,0
1783701000,1.34113,1.34137,1.34096,1.34113,500,10,0
1783701300,1.34113,1.34165,1.3410199999999999,1.34162,531,10,0
1783701600,1.34162,1.34175,1.34146,1.3415300000000001,535,10,0
1783701900,1.34154,1.34155,1.34112,1.34112,485,10,0
1783702200,1.34113,1.34137,1.34097,1.341,463,10,0
1783702500,1.3409900000000001,1.341,1.34037,1.34056,498,10,0
1783702800,1.34055,1.34057,1.34005,1.34033,503,10,0
1783703100,1.34033,1.34046,1.34019,1.3404099999999999,392,10,0
1783703400,1.34042,1.34063,1.34033,1.34063,386,10,0
1783703700,1.34063,1.34086,1.3404,1.34082,415,10,0
1783704000,1.34082,1.34127,1.34078,1.34086,514,10,0
1783704300,1.34085,1.3413,1.34083,1.34114,503,10,0
1783704600,1.34113,1.34134,1.33915,1.34049,826,10,0
1783704900,1.34048,1.34121,1.34025,1.34091,841,10,0
1783705200,1.3409,1.34115,1.34082,1.34086,592,10,0
1783705500,1.34086,1.3409900000000001,1.3406,1.34082,497,10,0
1783705800,1.34083,1.34097,1.34049,1.34093,350,10,0
1783706100,1.3409,1.34101,1.34023,1.34091,506,10,0
1783706400,1.34093,1.3412,1.34073,1.3409200000000001,652,10,0
1783706700,1.3409200000000001,1.34122,1.34071,1.34111,472,10,0
1783707000,1.34111,1.34142,1.34105,1.34124,399,10,0
1783707300,1.34124,1.34179,1.34123,1.34168,590,10,0
1783707600,1.34169,1.34204,1.34162,1.34176,543,10,0
1783707900,1.34176,1.34202,1.3417,1.34195,525,10,0
1783708200,1.3419400000000001,1.34205,1.34164,1.34204,512,10,0
1783708500,1.34205,1.34211,1.34179,1.34206,445,10,0
1783708800,1.34207,1.34214,1.34175,1.34178,379,10,0
1783709100,1.34178,1.34193,1.3416299999999999,1.34178,350,10,0
1783709400,1.34179,1.34192,1.34164,1.34175,424,10,0
1783709700,1.34176,1.34214,1.34167,1.34202,434,10,0
1783710000,1.34201,1.34219,1.3418700000000001,1.34203,427,10,0
1783710300,1.34203,1.3422,1.34185,1.34214,411,10,0
1783710600,1.34213,1.34225,1.34188,1.3421,461,10,0
1783710900,1.3421,1.34227,1.34159,1.34162,508,10,0
1783711200,1.34162,1.34182,1.34148,1.34179,342,10,0
1783711500,1.34179,1.34198,1.34173,1.34198,369,10,0
1783711800,1.3419699999999999,1.34207,1.34181,1.34182,281,10,0
1783712100,1.34181,1.3419699999999999,1.34171,1.34172,253,10,0
1783712400,1.34172,1.34191,1.3417,1.34172,284,10,0
1783712700,1.34173,1.3418,1.34162,1.34162,349,10,0
1783713000,1.34164,1.3418,1.3413300000000001,1.3414,323,10,0
1783713300,1.3414,1.3414,1.34103,1.34104,353,10,0
1783713600,1.34101,1.34122,1.34074,1.3407499999999999,392,10,0
1783713900,1.34076,1.34088,1.3403800000000001,1.34042,283,10,0
1783714200,1.3404099999999999,1.34066,1.3403800000000001,1.34056,282,10,0
1783714500,1.34057,1.34071,1.34025,1.34029,362,10,0
1783714800,1.34028,1.34039,1.3401,1.3401100000000001,331,10,0
1783715100,1.3401100000000001,1.34032,1.34001,1.34032,270,10,0
1783715400,1.34032,1.3404,1.34016,1.34023,355,10,0
1783715700,1.34022,1.34024,1.33988,1.33994,373,10,0
1783716000,1.33993,1.34021,1.33989,1.34018,283,10,0
1783716300,1.34018,1.3404,1.34016,1.3403100000000001,191,10,0
1783716600,1.3403,1.34044,1.34022,1.34027,164,10,0
1783716900,1.34028,1.3403,1.33988,1.33995,298,11,0
1783717200,1.33995,1.34,1.33982,1.3399,403,10,0
1783717500,1.33991,1.33997,1.3397700000000001,1.33981,368,10,0
1783717800,1.3397999999999999,1.34002,1.33978,1.33985,310,10,0
1783718100,1.33986,1.33993,1.33979,1.33984,261,10,0
1783718400,1.33982,1.34001,1.33971,1.33972,267,10,0
1783718700,1.3397299999999999,1.33998,1.33966,1.33972,320,10,0
1783719000,1.33971,1.33991,1.33959,1.33982,356,10,0
1783719300,1.33981,1.33989,1.33938,1.33944,287,10,0
1783719600,1.33944,1.33945,1.33923,1.33932,212,10,0
1783719900,1.33933,1.33962,1.33933,1.33961,315,10,0
1783720200,1.3396,1.3397299999999999,1.33945,1.33957,292,11,0
1783720500,1.33956,1.3397999999999999,1.3395000000000001,1.33979,276,11,0
1783720800,1.33979,1.33982,1.33956,1.33958,250,10,0
1783721100,1.33958,1.33963,1.33949,1.33957,225,10,0
1783721400,1.33958,1.3396,1.33942,1.3395299999999999,286,11,0
1783721700,1.33954,1.33972,1.3395299999999999,1.33968,233,10,0
1783722000,1.33968,1.33972,1.33959,1.33968,189,10,0
1783722300,1.33969,1.3397299999999999,1.33957,1.33967,228,10,0
1783722600,1.33967,1.3397999999999999,1.33961,1.33967,265,10,0
1783722900,1.33966,1.33971,1.33958,1.33969,217,10,0
1783723200,1.33969,1.33978,1.33956,1.3396,241,10,0
1783723500,1.3396,1.33962,1.33951,1.33958,238,10,0
1783723800,1.3396,1.3397000000000001,1.33957,1.33969,270,10,0
1783724100,1.33967,1.3399,1.33964,1.33978,255,10,0
1783724400,1.33978,1.34001,1.33978,1.33989,301,10,0
1783724700,1.3399,1.33996,1.33968,1.33969,319,10,0
1783725000,1.3397000000000001,1.33986,1.33969,1.33985,161,11,0
1783725300,1.33985,1.33987,1.33972,1.3397999999999999,161,11,0
1783725600,1.33979,1.33994,1.33979,1.33989,94,10,0
1783725900,1.3399,1.33991,1.3397299999999999,1.3397299999999999,102,10,0
1783726200,1.3397299999999999,1.3397299999999999,1.3395000000000001,1.33955,148,11,0
1783726500,1.33956,1.33958,1.33936,1.33939,168,11,0
1783726800,1.33939,1.33964,1.33939,1.33949,198,10,0
1783727100,1.33948,1.33956,1.33947,1.3395000000000001,293,10,0
1783727400,1.3395299999999999,1.33956,1.33945,1.33956,261,10,0
1783727700,1.3395299999999999,1.34003,1.33936,1.33998,228,12,0
1783900800,1.33846,1.33862,1.33843,1.33862,16,46,0
1783901100,1.33864,1.33869,1.33864,1.33868,8,39,0
1783901400,1.33868,1.33869,1.33868,1.33869,6,39,0
1783901700,1.33869,1.33869,1.33869,1.33869,5,40,0
1783902000,1.33869,1.33869,1.33869,1.33869,4,40,0
1783902300,1.33872,1.33872,1.33872,1.33872,5,37,0
1783902600,1.33869,1.33871,1.33852,1.33856,10,38,0
1783902900,1.3385500000000001,1.3385500000000001,1.33846,1.33846,5,71,0
1783903200,1.33849,1.3385099999999999,1.33829,1.33829,19,61,0
1783903500,1.33839,1.33839,1.33829,1.33834,14,62,0
1783903800,1.33834,1.33837,1.3383099999999999,1.3383099999999999,8,57,0
1783904100,1.33826,1.33835,1.3382100000000001,1.3382100000000001,14,61,0
1783904400,1.33825,1.33843,1.33743,1.3378700000000001,135,11,0
1783904700,1.33786,1.3378700000000001,1.33686,1.33745,158,10,0
1783905000,1.33745,1.33771,1.33717,1.33722,244,10,0
1783905300,1.33722,1.33762,1.3370600000000001,1.33756,231,13,0
1783905600,1.33756,1.33765,1.33747,1.33762,213,11,0
1783905900,1.33762,1.33786,1.33762,1.33777,162,12,0
1783906200,1.33775,1.3378700000000001,1.33765,1.33776,151,11,0
1783906500,1.33776,1.33776,1.33754,1.33759,204,13,0
1783906800,1.33759,1.3376299999999999,1.33744,1.33749,244,12,0
1783907100,1.33748,1.3376000000000001,1.33744,1.33758,278,12,0
1783907400,1.33759,1.33762,1.33737,1.33745,240,11,0
1783907700,1.33745,1.33748,1.33739,1.33744,170,13,0
1783908000,1.33745,1.33745,1.33724,1.3372600000000001,157,12,0
1783908300,1.33724,1.33734,1.33721,1.3373,206,12,0
1783908600,1.3372899999999999,1.33754,1.33717,1.33752,122,12,0
1783908900,1.33753,1.33755,1.33743,1.33753,187,11,0
1783909200,1.33753,1.33764,1.33744,1.33752,78,12,0
1783909500,1.33752,1.33757,1.33747,1.33757,88,13,0
1783909800,1.33756,1.3376299999999999,1.33746,1.33749,110,12,0
1783910100,1.33751,1.33766,1.33747,1.33765,133,12,0
1783910400,1.33766,1.33789,1.33764,1.33776,95,11,0
1783910700,1.33775,1.33836,1.33775,1.33813,328,10,0
1783911000,1.33813,1.33836,1.33812,1.33817,464,10,0
1783911300,1.33817,1.3385799999999999,1.33798,1.3385799999999999,404,11,0
1783911600,1.3385799999999999,1.33864,1.33819,1.33836,609,10,0
1783911900,1.33834,1.33853,1.3382800000000001,1.33836,522,11,0
1783912200,1.33836,1.3385099999999999,1.33825,1.3382800000000001,509,10,0
1783912500,1.33829,1.33836,1.33782,1.3378999999999999,546,10,0
1783912800,1.33791,1.33866,1.33789,1.33849,570,12,0
1783913100,1.3385,1.3385099999999999,1.33819,1.33826,436,11,0
1783913400,1.33825,1.33842,1.3379400000000001,1.3379699999999999,433,12,0
1783913700,1.3379699999999999,1.33808,1.33764,1.33775,451,11,0
1783914000,1.33774,1.33795,1.33765,1.33778,451,12,0
1783914300,1.33778,1.33796,1.3376000000000001,1.33764,416,10,0
1783914600,1.3376299999999999,1.33777,1.33747,1.33769,486,11,0
1783914900,1.33768,1.33776,1.3375,1.33757,469,12,0
1783915200,1.33756,1.33756,1.3370600000000001,1.33712,728,10,0
1783915500,1.33713,1.3372,1.33692,1.33696,524,11,0
1783915800,1.33696,1.3372600000000001,1.33693,1.33711,508,10,0
1783916100,1.33712,1.33746,1.3371,1.3373599999999999,539,11,0
1783916400,1.3373599999999999,1.33743,1.33661,1.33688,596,10,0
1783916700,1.3369,1.33725,1.33683,1.33725,591,10,0
1783917000,1.33724,1.33754,1.33716,1.33728,514,11,0
1783917300,1.33728,1.33784,1.33722,1.33769,552,12,0
1783917600,1.3377,1.33793,1.3376299999999999,1.33789,475,11,0
1783917900,1.33789,1.3382800000000001,1.33785,1.33827,462,12,0
1783918200,1.33827,1.3383099999999999,1.3378700000000001,1.33793,466,10,0
1783918500,1.33793,1.33826,1.33772,1.33825,522,10,0
1783918800,1.33827,1.33838,1.33756,1.33766,470,11,0
1783919100,1.3376700000000001,1.33786,1.33764,1.33778,403,10,0
1783919400,1.33777,1.33796,1.33775,1.3378,305,11,0
1783919700,1.33779,1.33796,1.33769,1.33785,378,11,0
1783920000,1.33785,1.33806,1.33785,1.33788,312,11,0
1783920300,1.33788,1.33795,1.3377,1.33784,402,12,0
1783920600,1.33784,1.3379699999999999,1.33773,1.3378999999999999,374,10,0
1783920900,1.3378999999999999,1.33832,1.3378999999999999,1.3382,358,11,0
1783921200,1.3382,1.33827,1.33812,1.33825,321,10,0
1783921500,1.3382399999999999,1.33826,1.33793,1.33799,373,12,0
1783921800,1.33799,1.338,1.33775,1.33778,318,11,0
1783922100,1.33779,1.33784,1.33759,1.33759,324,11,0
1783922400,1.33757,1.33771,1.33721,1.33731,419,10,0
1783922700,1.33731,1.33734,1.33716,1.33728,355,10,0
1783923000,1.33727,1.33737,1.33703,1.33737,460,11,0
1783923300,1.33737,1.33751,1.33734,1.33748,323,10,0
1783923600,1.33749,1.33762,1.33746,1.33757,331,11,0
1783923900,1.33757,1.33761,1.33741,1.33757,221,11,0
1783924200,1.33756,1.33776,1.33753,1.33757,431,11,0
1783924500,1.33756,1.33765,1.3375,1.33762,293,12,0
1783924800,1.3376299999999999,1.33772,1.33761,1.33765,216,10,0
1783925100,1.33766,1.33784,1.33766,1.33782,284,11,0
1783925400,1.33781,1.3378700000000001,1.33755,1.33762,333,10,0
1783925700,1.33762,1.33777,1.33756,1.33776,303,11,0
1783926000,1.33777,1.33777,1.33744,1.33748,265,11,0
1783926300,1.33748,1.33768,1.33746,1.3376299999999999,253,12,0
1783926600,1.33762,1.33776,1.33753,1.33776,199,10,0
1783926900,1.33775,1.33784,1.33766,1.33782,255,12,0
1783927200,1.33781,1.33791,1.33779,1.33781,250,12,0
1783927500,1.3378,1.33808,1.3378,1.33808,251,12,0
1783927800,1.33809,1.33816,1.33804,1.33808,231,11,0
1783928100,1.33809,1.33814,1.33801,1.33814,145,12,0
1783928400,1.33814,1.33814,1.33789,1.33791,241,10,0
1783928700,1.3378999999999999,1.33802,1.33789,1.33795,218,12,0
1783929000,1.33795,1.33823,1.3379400000000001,1.33823,291,12,0
1783929300,1.33823,1.33843,1.33823,1.33834,232,11,0
1783929600,1.33834,1.33849,1.33829,1.33837,419,11,0
1783929900,1.33836,1.33863,1.3382800000000001,1.33861,486,11,0
1783930200,1.3386,1.33871,1.33854,1.3386,464,10,0
1783930500,1.33859,1.33861,1.33823,1.3382399999999999,367,10,0
1783930800,1.33825,1.33829,1.33795,1.33802,291,11,0
1783931100,1.33802,1.33809,1.33783,1.33788,412,12,0
1783931400,1.3378700000000001,1.33817,1.33768,1.33814,431,10,0
1783931700,1.33815,1.3382399999999999,1.33791,1.33803,557,10,0
1783932000,1.33802,1.33813,1.33786,1.3378700000000001,394,11,0
1783932300,1.33786,1.3381,1.33785,1.33809,365,10,0
1783932600,1.3381,1.33839,1.33775,1.33786,492,10,0
1783932900,1.33788,1.338,1.33774,1.33789,477,11,0
1783933200,1.33789,1.33804,1.33774,1.3379400000000001,553,10,0
1783933500,1.33795,1.33802,1.33769,1.33779,420,10,0
1783933800,1.3378,1.33804,1.33772,1.3378700000000001,392,10,0
1783934100,1.33785,1.33829,1.33785,1.33822,318,10,0
1783934400,1.33822,1.33867,1.33817,1.33852,307,10,0
1783934700,1.33853,1.3388,1.3385,1.33878,370,10,0
1783935000,1.33878,1.33918,1.3385799999999999,1.33863,537,10,0
1783935300,1.33864,1.33898,1.33862,1.3388900000000001,545,10,0
1783935600,1.33888,1.33893,1.33842,1.3384800000000001,516,10,0
1783935900,1.3384800000000001,1.3384800000000001,1.33806,1.33811,506,10,0
1783936200,1.3381,1.33832,1.33737,1.33768,445,10,0
1783936500,1.33769,1.33779,1.33757,1.33778,459,10,0
1783936800,1.33782,1.33844,1.3377,1.33837,597,10,0
1783937100,1.33837,1.33861,1.3381,1.33849,554,10,0
1783937400,1.33849,1.33883,1.3383,1.33846,716,10,0
1783937700,1.33845,1.3385,1.33819,1.33827,500,10,0
1783938000,1.3382800000000001,1.33873,1.33826,1.33853,496,10,0
1783938300,1.33854,1.33869,1.3384,1.3385799999999999,470,10,0
1783938600,1.33859,1.33859,1.33782,1.33814,632,10,0
1783938900,1.33813,1.33929,1.33811,1.33902,776,10,0
1783939200,1.33902,1.33917,1.33846,1.33849,676,10,0
1783939500,1.3385,1.33871,1.3384,1.3385,585,10,0
1783939800,1.3385,1.33923,1.33845,1.3391600000000001,633,10,0
1783940100,1.33915,1.33949,1.3391,1.33926,521,10,0
1783940400,1.33929,1.3395299999999999,1.33923,1.33951,602,10,0
1783940700,1.33952,1.34002,1.33942,1.34002,777,10,0
1783941000,1.34002,1.3406,1.33996,1.3403,682,10,0
1783941300,1.3403100000000001,1.34112,1.34026,1.34056,654,10,0
1783941600,1.34056,1.34066,1.34023,1.34026,629,10,0
1783941900,1.34025,1.34029,1.3397700000000001,1.33988,591,10,0
1783942200,1.33987,1.3401,1.33978,1.33994,489,10,0
1783942500,1.3399,1.34001,1.33966,1.3397999999999999,375,10,0
1783942800,1.33979,1.33991,1.33972,1.33989,351,10,0
1783943100,1.33988,1.34012,1.33983,1.33999,298,10,0
1783943400,1.33998,1.3401100000000001,1.33965,1.33995,441,10,0
1783943700,1.33994,1.33995,1.33935,1.33939,461,11,0
1783944000,1.33936,1.33942,1.33906,1.33941,426,10,0
1783944300,1.33942,1.33952,1.33914,1.33924,328,11,0
1783944600,1.33925,1.33928,1.33905,1.3391199999999999,275,10,0
1783944900,1.33911,1.33938,1.33878,1.33888,368,10,0
1783945200,1.3388900000000001,1.33899,1.33879,1.33879,312,10,0
1783945500,1.3388,1.33899,1.33845,1.33893,419,10,0
1783945800,1.3389,1.33938,1.33872,1.33878,407,10,0
1783946100,1.33877,1.33897,1.33868,1.33868,304,10,0
1783946400,1.33869,1.3391,1.33865,1.339,289,10,0
1783946700,1.33901,1.33917,1.33887,1.339,272,10,0
1783947000,1.33899,1.339,1.33866,1.3388499999999999,371,10,0
1783947300,1.33886,1.3391,1.33886,1.33904,376,11,0
1783947600,1.33906,1.33926,1.33894,1.33918,355,10,0
1783947900,1.3391899999999999,1.33929,1.339,1.33918,382,10,0
1783948200,1.33917,1.3393,1.3388,1.33887,336,10,0
1783948500,1.33886,1.33886,1.33826,1.3383099999999999,342,10,0
1783948800,1.3383,1.33845,1.33818,1.33841,282,10,0
1783949100,1.33842,1.33847,1.33813,1.33826,293,10,0
1783949400,1.33827,1.33849,1.33817,1.3382399999999999,291,10,0
1783949700,1.33825,1.33863,1.3382,1.3386,234,10,0
1783950000,1.33862,1.33873,1.33846,1.33854,321,11,0
1783950300,1.33853,1.3391899999999999,1.3385099999999999,1.3391899999999999,315,10,0
1783950600,1.3391899999999999,1.33961,1.3390900000000001,1.33959,375,10,0
1783950900,1.33958,1.33985,1.33938,1.33984,416,10,0
1783951200,1.33986,1.34008,1.33967,1.34,454,10,0
1783951500,1.33999,1.34019,1.33948,1.33955,704,10,0
1783951800,1.33954,1.33958,1.3391899999999999,1.33948,441,10,0
1783952100,1.3394599999999999,1.3395000000000001,1.33865,1.33867,521,10,0
1783952400,1.33869,1.33891,1.33849,1.33887,424,10,0
1783952700,1.33881,1.3393,1.33869,1.3390900000000001,398,10,0
1783953000,1.33908,1.33927,1.33903,1.3392,390,10,0
1783953300,1.33921,1.33922,1.33893,1.33901,358,10,0
1783953600,1.339,1.3395000000000001,1.339,1.3395000000000001,290,10,0
1783953900,1.3395000000000001,1.3395000000000001,1.3391600000000001,1.33941,376,11,0
1783954200,1.3394,1.33947,1.33928,1.33942,291,10,0
1783954500,1.33941,1.33963,1.33922,1.3393,426,10,0
1783954800,1.33928,1.33958,1.3391,1.33921,551,10,0
1783955100,1.33922,1.33931,1.33861,1.33868,490,10,0
1783955400,1.33868,1.33895,1.33826,1.3384800000000001,663,10,0
1783955700,1.3385099999999999,1.33881,1.33841,1.33866,496,10,0
1783956000,1.33861,1.33904,1.33846,1.33898,487,10,0
1783956300,1.33899,1.3391,1.3385500000000001,1.33898,557,10,0
1783956600,1.33897,1.33939,1.3388200000000001,1.33939,512,10,0
1783956900,1.33939,1.33959,1.33926,1.33927,452,10,0
1783957200,1.33926,1.33966,1.33926,1.33937,342,10,0
1783957500,1.33938,1.33951,1.33928,1.3393,325,10,0
1783957800,1.33929,1.33936,1.33897,1.3391899999999999,592,10,0
1783958100,1.3391899999999999,1.33985,1.3391899999999999,1.33984,536,10,0
1783958400,1.33988,1.34017,1.33968,1.3397999999999999,639,10,0
1783958700,1.33979,1.33986,1.33961,1.3397700000000001,384,10,0
1783959000,1.3397700000000001,1.33982,1.3390900000000001,1.33929,359,10,0
1783959300,1.33929,1.33951,1.33927,1.33939,367,10,0
1783959600,1.3394,1.33982,1.33928,1.33944,310,10,0
1783959900,1.3394300000000001,1.33958,1.33918,1.33938,376,10,0
1783960200,1.33938,1.33948,1.3391199999999999,1.33928,602,10,0
1783960500,1.3393,1.33978,1.3389199999999999,1.33893,630,10,0
1783960800,1.33893,1.33906,1.33845,1.33869,664,10,0
1783961100,1.33869,1.33884,1.33844,1.33845,603,10,0
1783961400,1.33846,1.3389,1.33832,1.33883,657,10,0
1783961700,1.3388200000000001,1.33896,1.33846,1.33847,620,10,0
1783962000,1.33844,1.33869,1.33786,1.33799,821,10,0
1783962300,1.33798,1.33834,1.3378999999999999,1.33813,588,10,0
1783962600,1.33813,1.33814,1.33772,1.33792,529,10,0
1783962900,1.33791,1.33811,1.33631,1.33712,899,10,0
1783963200,1.33711,1.33782,1.33685,1.33771,696,10,0
1783963500,1.33772,1.33788,1.33748,1.33786,641,10,0
1783963800,1.3378700000000001,1.33796,1.33764,1.33765,629,10,0
1783964100,1.33765,1.33768,1.33723,1.33732,577,10,0
1783964400,1.3373300000000001,1.33734,1.33673,1.33716,509,10,0
1783964700,1.33715,1.33788,1.33691,1.33739,599,10,0
1783965000,1.33739,1.33744,1.33686,1.33686,616,10,0
1783965300,1.33678,1.33782,1.33663,1.33781,682,10,0
1783965600,1.33782,1.33789,1.33738,1.33741,716,10,0
1783965900,1.33742,1.33781,1.3373599999999999,1.33765,574,10,0
1783966200,1.33766,1.3376700000000001,1.33715,1.33731,573,10,0
1783966500,1.3373,1.33751,1.33698,1.3375,659,10,0
1783966800,1.33749,1.33786,1.33746,1.33769,523,10,0
1783967100,1.33768,1.3378999999999999,1.33755,1.3378,514,10,0
1783967400,1.33784,1.33789,1.33751,1.33756,520,10,0
1783967700,1.33757,1.33788,1.33749,1.33771,456,10,0
1783968000,1.33771,1.33795,1.33756,1.33779,472,10,0
1783968300,1.33778,1.33782,1.33743,1.33775,610,10,0
1783968600,1.33774,1.3378700000000001,1.33751,1.3378700000000001,517,10,0
1783968900,1.33784,1.33816,1.33778,1.3379699999999999,473,10,0
1783969200,1.3379699999999999,1.3381,1.33782,1.338,526,10,0
1783969500,1.33799,1.33817,1.33796,1.3381,457,10,0
1783969800,1.33811,1.33837,1.33806,1.33816,301,10,0
1783970100,1.33817,1.3382399999999999,1.33786,1.33792,375,10,0
1783970400,1.33791,1.33792,1.33758,1.33758,466,10,0
1783970700,1.33757,1.33768,1.33682,1.33703,689,10,0
1783971000,1.33704,1.33709,1.33601,1.33606,912,10,0
1783971300,1.3360699999999999,1.3363,1.33571,1.33619,869,10,0
1783971600,1.33618,1.33681,1.33598,1.33677,683,10,0
1783971900,1.33677,1.337,1.33595,1.33623,645,10,0
1783972200,1.33624,1.3363399999999999,1.33571,1.33597,703,10,0
1783972500,1.33598,1.33629,1.33579,1.33627,651,10,0
1783972800,1.33628,1.33632,1.3359,1.33618,673,10,0
1783973100,1.33618,1.33659,1.33616,1.33654,480,10,0
1783973400,1.33656,1.33656,1.33616,1.33618,279,10,0
1783973700,1.33618,1.3363399999999999,1.33606,1.33621,287,10,0
1783974000,1.33619,1.3363,1.33606,1.3360699999999999,488,10,0
1783974300,1.33608,1.33613,1.33588,1.33598,592,10,0
1783974600,1.33596,1.3361,1.33586,1.33608,389,10,0
1783974900,1.33609,1.33609,1.3357999999999999,1.33587,430,11,0
1783975200,1.33585,1.3360699999999999,1.33562,1.33599,445,10,0
1783975500,1.33599,1.33625,1.33588,1.33593,272,10,0
1783975800,1.33592,1.33597,1.33569,1.33583,328,10,0
1783976100,1.33585,1.3359,1.33574,1.33579,233,10,0
1783976400,1.33579,1.33589,1.33559,1.33569,331,11,0
1783976700,1.3357,1.33599,1.33567,1.33579,421,10,0
1783977000,1.33578,1.33579,1.33549,1.33566,394,11,0
1783977300,1.33566,1.33571,1.33542,1.33558,489,10,0
1783977600,1.33559,1.33561,1.33542,1.33557,540,10,0
1783977900,1.33557,1.33578,1.33556,1.3357,492,10,0
1783978200,1.33571,1.3357999999999999,1.33559,1.33569,433,10,0
1783978500,1.33569,1.33598,1.33567,1.33579,367,10,0
1783978800,1.33579,1.33602,1.33571,1.33588,414,10,0
1783979100,1.33587,1.33593,1.33576,1.33581,436,10,0
1783979400,1.33581,1.3360400000000001,1.3357999999999999,1.33591,333,10,0
1783979700,1.3359,1.33605,1.3357700000000001,1.33598,358,10,0
1783980000,1.33598,1.33606,1.33581,1.33592,450,10,0
1783980300,1.33589,1.33594,1.3355299999999999,1.33555,433,10,0
1783980600,1.33555,1.33555,1.3352,1.33523,449,10,0
1783980900,1.33524,1.33542,1.3351600000000001,1.33532,349,10,0
1783981200,1.33533,1.33542,1.33526,1.33539,400,10,0
1783981500,1.33538,1.33548,1.33527,1.33529,350,10,0
1783981800,1.3353,1.33538,1.33526,1.33535,426,10,0
1783982100,1.33535,1.33536,1.33511,1.33518,325,11,0
1783982400,1.33518,1.33538,1.33518,1.33535,323,10,0
1783982700,1.33535,1.33538,1.33526,1.3353,244,10,0
1783983000,1.33533,1.33533,1.33517,1.3351899999999999,244,10,0
1783983300,1.33523,1.33539,1.33513,1.33529,369,10,0
1783983600,1.33529,1.33545,1.3351899999999999,1.33539,243,10,0
1783983900,1.33538,1.33539,1.3351899999999999,1.3351899999999999,192,10,0
1783984200,1.3352,1.3352,1.33484,1.33486,217,10,0
1783984500,1.33486,1.3348900000000001,1.33463,1.33484,135,10,0
1783984800,1.3348499999999999,1.33487,1.33418,1.33425,189,10,0
1783985100,1.33426,1.33448,1.33426,1.33443,108,10,0
1783985400,1.33444,1.33447,1.33433,1.33446,114,10,0
1783985700,1.33446,1.33447,1.33425,1.33432,50,11,0
1783986000,1.33433,1.33463,1.33429,1.3345799999999999,121,10,0
1783986300,1.33459,1.3346,1.33441,1.33441,194,10,0
1783986600,1.3344,1.33447,1.33436,1.3344,204,11,0
1783986900,1.3344,1.33464,1.33437,1.33454,166,10,0
1783987200,1.33456,1.33475,1.33448,1.33475,8,51,0
1783987500,1.33456,1.33456,1.3342100000000001,1.33426,33,76,0
1783987800,1.3342100000000001,1.33478,1.3342100000000001,1.33463,25,72,0
1783988100,1.33474,1.3348,1.33446,1.33449,25,110,0
1783988400,1.33449,1.3345500000000001,1.33411,1.33454,40,96,0
1783988700,1.33457,1.3351899999999999,1.33434,1.33436,37,113,0
1783989000,1.33432,1.33439,1.3342100000000001,1.33435,20,89,0
1783989300,1.33439,1.33454,1.33426,1.33434,89,83,0
1783989600,1.33436,1.33468,1.33429,1.3346,101,114,0
1783989900,1.33461,1.33465,1.33427,1.33464,75,98,0
1783990200,1.33463,1.33467,1.3345,1.33453,155,157,0
1783990500,1.33461,1.33464,1.33433,1.33454,163,157,0
1783990800,1.33427,1.33511,1.33417,1.3348900000000001,92,15,0
1783991100,1.3348900000000001,1.3349199999999999,1.33459,1.33463,30,20,0
1783991400,1.33461,1.3348200000000001,1.33457,1.3348,78,16,0
1783991700,1.3348200000000001,1.33495,1.33479,1.33494,75,15,0
1783992000,1.33494,1.33495,1.33487,1.33493,66,15,0
1783992300,1.3349199999999999,1.33508,1.3349199999999999,1.33498,53,13,0
1783992600,1.335,1.3351199999999999,1.33498,1.33499,89,14,0
1783992900,1.33501,1.33507,1.33493,1.33498,88,12,0
1783993200,1.33498,1.33521,1.33496,1.33517,89,14,0
1783993500,1.33518,1.33518,1.33502,1.33503,91,15,0
1783993800,1.33503,1.33504,1.33484,1.3348900000000001,66,15,0
1783994100,1.33488,1.33488,1.33475,1.33476,79,15,0
1783994400,1.33477,1.3348200000000001,1.33464,1.33479,138,12,0
1783994700,1.3348,1.3349199999999999,1.3348,1.3348900000000001,112,12,0
1783995000,1.3348900000000001,1.3349,1.33477,1.33479,82,12,0
1783995300,1.33478,1.33478,1.33472,1.33474,71,11,0
1783995600,1.33473,1.33483,1.33464,1.3348,93,12,0
1783995900,1.33479,1.3348,1.33468,1.33471,105,12,0
1783996200,1.3347,1.33481,1.33466,1.3348,114,12,0
1783996500,1.33479,1.3349,1.33478,1.3348900000000001,124,10,0
1783996800,1.3348900000000001,1.33506,1.33474,1.33481,138,12,0
1783997100,1.33481,1.33497,1.33468,1.3348,274,12,0
1783997400,1.33479,1.33483,1.33456,1.33476,381,11,0
1783997700,1.33477,1.33494,1.33464,1.33491,335,12,0
1783998000,1.33494,1.33503,1.33467,1.33474,578,11,0
1783998300,1.33473,1.33495,1.33462,1.33491,600,11,0
1783998600,1.33491,1.33525,1.33491,1.33506,542,10,0
1783998900,1.33507,1.33508,1.33435,1.33437,621,11,0
1783999200,1.33435,1.33462,1.33417,1.3343099999999999,680,11,0
1783999500,1.3343099999999999,1.33444,1.33425,1.33436,561,12,0
1783999800,1.33438,1.33476,1.33433,1.33466,491,12,0
1784000100,1.33466,1.33501,1.33465,1.33494,426,11,0
1784000400,1.33495,1.33541,1.33487,1.33537,465,11,0
1784000700,1.33537,1.33554,1.33518,1.33538,703,11,0
1784001000,1.33538,1.33557,1.33536,1.33547,574,10,0
1784001300,1.33549,1.33568,1.33509,1.3351,445,10,0
1784001600,1.3351,1.33537,1.33502,1.33526,611,11,0
1784001900,1.33525,1.33534,1.3351899999999999,1.33522,494,11,0
1784002200,1.33524,1.33526,1.3351,1.33518,403,11,0
1784002500,1.33521,1.33568,1.33518,1.33561,427,10,0
1784002800,1.3356,1.33571,1.33547,1.33552,424,11,0
1784003100,1.33551,1.33556,1.33515,1.3351600000000001,354,12,0
1784003400,1.33517,1.33537,1.3351,1.33528,420,11,0
1784003700,1.33523,1.33523,1.33501,1.3351199999999999,450,10,0
1784004000,1.3351199999999999,1.33537,1.3351,1.33532,389,12,0
1784004300,1.33533,1.33551,1.33526,1.3354599999999999,426,11,0
1784004600,1.33547,1.33564,1.33541,1.3354599999999999,423,11,0
1784004900,1.33545,1.33563,1.33532,1.33542,374,11,0
1784005200,1.33542,1.33558,1.33537,1.33557,459,11,0
1784005500,1.33556,1.33576,1.33555,1.33566,381,11,0
1784005800,1.33566,1.33576,1.33548,1.3357,480,11,0
1784006100,1.33571,1.33585,1.33567,1.3358400000000001,416,10,0
1784006400,1.33585,1.3359,1.33567,1.33574,302,10,0
1784006700,1.33574,1.33591,1.33569,1.33586,351,11,0
1784007000,1.33586,1.33595,1.33566,1.33567,317,11,0
1784007300,1.33567,1.3358400000000001,1.33566,1.3357999999999999,275,11,0
1784007600,1.3357999999999999,1.33594,1.33576,1.33578,298,11,0
1784007900,1.33579,1.33586,1.33571,1.33582,271,11,0
1784008200,1.33582,1.33582,1.33566,1.33567,254,12,0
1784008500,1.33568,1.3357,1.33559,1.33562,199,10,0
1784008800,1.33562,1.33576,1.33541,1.33547,388,10,0
1784009100,1.3354599999999999,1.33562,1.33544,1.33556,212,12,0
1784009400,1.33556,1.33587,1.33551,1.33565,307,12,0
1784009700,1.33565,1.33576,1.3354599999999999,1.33556,387,10,0
1784010000,1.33556,1.33564,1.33541,1.33555,344,11,0
1784010300,1.33555,1.33586,1.33555,1.33582,426,11,0
1784010600,1.3358400000000001,1.3360699999999999,1.33578,1.3359,409,10,0
1784010900,1.3359,1.33635,1.3359,1.3362,377,11,0
1784011200,1.3362,1.33622,1.336,1.33603,373,12,0
1784011500,1.3360400000000001,1.33618,1.33602,1.33605,396,11,0
1784011800,1.33606,1.3362,1.33606,1.33616,237,11,0
1784012100,1.33616,1.33618,1.33597,1.33598,253,12,0
1784012400,1.33597,1.33618,1.33597,1.3361,247,11,0
1784012700,1.33609,1.3361100000000001,1.33578,1.33583,254,10,0
1784013000,1.33583,1.33595,1.33572,1.33592,343,12,0
1784013300,1.33591,1.3361,1.33591,1.33608,214,10,0
1784013600,1.33608,1.33615,1.33599,1.33601,223,12,0
1784013900,1.33601,1.33603,1.33592,1.33592,187,12,0
1784014200,1.33591,1.3361,1.33587,1.3360699999999999,226,12,0
1784014500,1.33608,1.3361100000000001,1.33596,1.3361,316,11,0
1784014800,1.3361,1.3361,1.33597,1.336,312,12,0
1784015100,1.33599,1.33605,1.33586,1.33588,215,12,0
1784015400,1.33587,1.33587,1.33557,1.3357700000000001,257,12,0
1784015700,1.33578,1.33591,1.3357700000000001,1.3358400000000001,246,12,0
1784016000,1.33585,1.33608,1.33583,1.33601,232,11,0
1784016300,1.33601,1.33617,1.33596,1.3360699999999999,185,12,0
1784016600,1.3360699999999999,1.3362,1.3360699999999999,1.3361,160,11,0
1784016900,1.3361100000000001,1.33637,1.33608,1.33635,205,11,0
1784017200,1.3363399999999999,1.33661,1.33633,1.33649,228,10,0
1784017500,1.33651,1.33657,1.33644,1.33651,185,10,0
1784017800,1.33651,1.33688,1.33651,1.33682,359,10,0
1784018100,1.33682,1.33692,1.33657,1.33661,302,10,0
1784018400,1.33662,1.33681,1.33659,1.33677,178,12,0
1784018700,1.33677,1.33679,1.33661,1.33663,265,11,0
1784019000,1.33664,1.33669,1.33646,1.33647,357,10,0
1784019300,1.33646,1.33649,1.33622,1.33624,365,10,0
1784019600,1.33625,1.33644,1.3361100000000001,1.3361100000000001,610,10,0
1784019900,1.33612,1.33613,1.33589,1.33602,568,10,0
1784020200,1.33603,1.33623,1.33587,1.33591,408,10,0
1784020500,1.33592,1.33597,1.33558,1.33567,407,10,0
1784020800,1.33567,1.33578,1.3355299999999999,1.33562,269,10,0
1784021100,1.33562,1.33562,1.33521,1.33529,348,10,0
1784021400,1.33528,1.3361100000000001,1.33526,1.33591,425,10,0
1784021700,1.33591,1.33602,1.33569,1.33578,443,10,0
1784022000,1.33578,1.33581,1.33564,1.33564,426,10,0
1784022300,1.33563,1.33567,1.33535,1.33535,354,10,0
1784022600,1.33535,1.33559,1.3353,1.33549,279,10,0
1784022900,1.33549,1.33576,1.33548,1.33556,359,10,0
1784023200,1.33557,1.3359,1.3354,1.3358400000000001,573,10,0
1784023500,1.3358400000000001,1.33598,1.33529,1.3354300000000001,550,10,0
1784023800,1.33542,1.3354300000000001,1.33507,1.33518,566,10,0
1784024100,1.33517,1.3354,1.3351199999999999,1.33526,508,10,0
1784024400,1.33525,1.33566,1.33509,1.33559,443,10,0
1784024700,1.33559,1.3360400000000001,1.33559,1.33587,467,10,0
1784025000,1.33587,1.33587,1.33539,1.33561,491,10,0
1784025300,1.3356,1.33615,1.3354599999999999,1.33603,427,10,0
1784025600,1.3360400000000001,1.3361100000000001,1.33579,1.33599,410,10,0
1784025900,1.33598,1.3364,1.3357999999999999,1.33633,491,10,0
1784026200,1.3363399999999999,1.3363399999999999,1.33561,1.33594,594,10,0
1784026500,1.33593,1.33593,1.3356,1.33569,518,10,0
1784026800,1.33569,1.33599,1.33536,1.33572,668,10,0
1784027100,1.3357299999999999,1.33586,1.33559,1.3357299999999999,418,10,0
1784027400,1.33574,1.33594,1.33559,1.33575,392,10,0
1784027700,1.33575,1.33585,1.3354300000000001,1.33559,418,10,0
1784028000,1.33559,1.3357700000000001,1.3355299999999999,1.3357299999999999,434,10,0
1784028300,1.33572,1.3361399999999999,1.33566,1.33609,510,10,0
1784028600,1.3361399999999999,1.33654,1.3361100000000001,1.3364099999999999,478,10,0
1784028900,1.3364,1.33682,1.33633,1.33682,343,10,0
1784029200,1.33683,1.33741,1.33683,1.3374,652,10,0
1784029500,1.33737,1.33756,1.3372,1.3373,513,10,0
1784029800,1.3373,1.33759,1.3371,1.33751,495,10,0
1784030100,1.33752,1.33759,1.3372600000000001,1.3374,481,10,0
1784030400,1.3374,1.33799,1.33734,1.3379699999999999,532,10,0
1784030700,1.33798,1.33803,1.33749,1.33749,361,10,0
1784031000,1.3375,1.33801,1.33746,1.33799,452,10,0
1784031300,1.338,1.338,1.33735,1.33768,499,10,0
1784031600,1.33768,1.33788,1.3376299999999999,1.33775,301,10,0
1784031900,1.33776,1.33793,1.33761,1.33772,497,10,0
1784032200,1.33772,1.33792,1.3377,1.33781,385,10,0
1784032500,1.3378,1.3379699999999999,1.33772,1.33773,377,10,0
1784032800,1.33771,1.33784,1.33732,1.33734,412,10,0
1784033100,1.33737,1.33812,1.33732,1.3381,370,10,0
1784033400,1.33809,1.33827,1.3378700000000001,1.33819,422,10,0
1784033700,1.3382,1.3383099999999999,1.33776,1.33789,405,10,0
1784034000,1.33789,1.3382,1.33776,1.33811,370,10,0
1784034300,1.3381,1.33812,1.33761,1.3377,309,10,0
1784034600,1.3377,1.33779,1.33757,1.33761,444,10,0
1784034900,1.33761,1.33793,1.33756,1.33768,373,10,0
1784035200,1.3376700000000001,1.33776,1.33749,1.33753,263,10,0
1784035500,1.33753,1.3377,1.33744,1.3376000000000001,366,10,0
1784035800,1.33759,1.33771,1.33741,1.33761,408,10,0
1784036100,1.3376000000000001,1.33778,1.33746,1.33758,422,10,0
1784036400,1.33759,1.33768,1.33746,1.33765,344,10,0
1784036700,1.33765,1.33768,1.33739,1.33742,302,10,0
1784037000,1.33741,1.33757,1.33731,1.33739,350,10,0
1784037300,1.33739,1.33746,1.33695,1.33721,438,10,0
1784037600,1.33722,1.33725,1.33656,1.3366,572,10,0
1784037900,1.3366,1.33713,1.33657,1.33693,425,10,0
1784038200,1.33693,1.3372,1.33677,1.33713,417,10,0
1784038500,1.33712,1.33728,1.33701,1.33725,435,10,0
1784038800,1.33724,1.3377,1.33723,1.33769,345,10,0
1784039100,1.3377,1.3377,1.33748,1.33753,323,10,0
1784039400,1.33753,1.338,1.33753,1.33776,382,10,0
1784039700,1.33776,1.33784,1.33765,1.3378,305,10,0
1784040000,1.3378,1.33795,1.33766,1.33789,308,10,0
1784040300,1.33789,1.33856,1.3378700000000001,1.33832,495,10,0
1784040600,1.33833,1.33867,1.33823,1.3384800000000001,515,10,0
1784040900,1.3384800000000001,1.3385500000000001,1.33819,1.33836,484,10,0
1784041200,1.33835,1.33853,1.33822,1.33847,549,10,0
1784041500,1.33846,1.33847,1.33809,1.33834,610,10,0
1784041800,1.33834,1.33864,1.33808,1.33809,598,10,0
1784042100,1.33809,1.33838,1.33798,1.33832,597,10,0
1784042400,1.3383,1.33876,1.33829,1.33865,568,10,0
1784042700,1.33865,1.3388900000000001,1.3386,1.33865,409,10,0
1784043000,1.3385799999999999,1.34427,1.3378700000000001,1.34246,1283,10,0
1784043300,1.34246,1.34273,1.3412899999999999,1.3419699999999999,1170,10,0
1784043600,1.3419699999999999,1.34328,1.34195,1.34328,1117,10,0
1784043900,1.34329,1.3437299999999999,1.3422100000000001,1.34245,832,10,0
1784044200,1.34245,1.3425500000000001,1.34033,1.34055,965,10,0
1784044500,1.34055,1.34094,1.34024,1.34087,810,10,0
1784044800,1.3409,1.3418700000000001,1.34052,1.34109,909,10,0
1784045100,1.34108,1.34159,1.34069,1.3407,811,10,0
1784045400,1.34071,1.34119,1.33975,1.34023,790,10,0
1784045700,1.34022,1.34116,1.34006,1.34026,688,10,0
1784046000,1.34026,1.34057,1.33987,1.34009,930,10,0
1784046300,1.34009,1.34053,1.34006,1.34013,900,10,0
1784046600,1.34017,1.34074,1.34002,1.34062,972,10,0
1784046900,1.3406,1.34108,1.34052,1.341,796,10,0
1784047200,1.341,1.34145,1.3408,1.3413300000000001,917,10,0
1784047500,1.34132,1.3415300000000001,1.34087,1.34143,922,10,0
1784047800,1.34143,1.34168,1.34109,1.34157,830,10,0
1784048100,1.34158,1.34183,1.34122,1.34154,560,10,0
1784048400,1.34152,1.34204,1.34119,1.34162,633,10,0
1784048700,1.3416299999999999,1.34226,1.34154,1.34196,748,10,0
1784049000,1.34198,1.34223,1.34154,1.3415599999999999,708,10,0
1784049300,1.34155,1.3416299999999999,1.34078,1.3412899999999999,917,10,0
1784049600,1.3412899999999999,1.34147,1.3407,1.3407200000000001,701,10,0
1784049900,1.3407200000000001,1.34083,1.33986,1.33988,870,10,0
1784050200,1.33987,1.34198,1.33961,1.34084,762,10,0
1784050500,1.34085,1.34098,1.34044,1.34054,793,10,0
1784050800,1.34055,1.34091,1.3404099999999999,1.34089,744,10,0
1784051100,1.3409,1.34119,1.3406,1.34094,567,10,0
1784051400,1.34094,1.34112,1.34035,1.34044,531,10,0
1784051700,1.34044,1.34085,1.3403399999999999,1.34046,615,10,0
1784052000,1.34049,1.34134,1.33996,1.3409200000000001,858,10,0
1784052300,1.34093,1.34093,1.34042,1.34058,810,10,0
1784052600,1.34057,1.3407200000000001,1.34042,1.34066,616,10,0
1784052900,1.3406500000000001,1.3407,1.34005,1.3401399999999999,563,10,0
1784053200,1.34013,1.34016,1.33965,1.33966,465,10,0
1784053500,1.33966,1.33976,1.33938,1.3397299999999999,472,10,0
1784053800,1.33971,1.33987,1.33917,1.33917,757,10,0
1784054100,1.33918,1.33939,1.33878,1.33904,692,10,0
1784054400,1.33905,1.33914,1.3382100000000001,1.33866,854,10,0
1784054700,1.33867,1.33914,1.3385799999999999,1.33871,749,10,0
1784055000,1.33872,1.33873,1.33803,1.33822,841,10,0
1784055300,1.3382100000000001,1.33832,1.3379400000000001,1.33822,696,10,0
1784055600,1.33826,1.33832,1.33783,1.33785,768,10,0
1784055900,1.3378700000000001,1.33793,1.33751,1.33786,658,10,0
1784056200,1.3378700000000001,1.33836,1.3378700000000001,1.3382399999999999,590,10,0
1784056500,1.33823,1.3382800000000001,1.33788,1.3379699999999999,597,10,0
1784056800,1.3379699999999999,1.33817,1.33785,1.33814,474,10,0
1784057100,1.33814,1.33868,1.33807,1.3385799999999999,454,10,0
1784057400,1.3385799999999999,1.33888,1.3385799999999999,1.3388499999999999,406,10,0
1784057700,1.33886,1.33915,1.3388499999999999,1.33913,428,10,0
1784058000,1.33913,1.33914,1.33856,1.33864,478,10,0
1784058300,1.33864,1.33878,1.33844,1.33865,540,10,0
1784058600,1.33866,1.339,1.33845,1.33896,504,10,0
1784058900,1.33896,1.33905,1.33872,1.33883,383,10,0
1784059200,1.33883,1.33904,1.33845,1.33847,535,10,0
1784059500,1.33847,1.33849,1.33792,1.338,513,10,0
1784059800,1.3379699999999999,1.33806,1.33746,1.33747,539,10,0
1784060100,1.33748,1.33753,1.33676,1.33678,680,10,0
1784060400,1.33679,1.33723,1.33676,1.33713,405,10,0
1784060700,1.33712,1.33766,1.33712,1.3376299999999999,360,10,0
1784061000,1.3376299999999999,1.3378,1.33762,1.33769,336,10,0
1784061300,1.33768,1.33773,1.33752,1.3376700000000001,292,10,0
1784061600,1.33766,1.33799,1.33766,1.3379400000000001,275,11,0
1784061900,1.33795,1.3381,1.33776,1.33807,351,11,0
1784062200,1.33808,1.33832,1.33795,1.33807,361,10,0
1784062500,1.33808,1.33809,1.33761,1.3376700000000001,396,10,0
1784062800,1.3376700000000001,1.3378700000000001,1.3376299999999999,1.33776,363,10,0
1784063100,1.33777,1.3378700000000001,1.3377,1.33781,301,10,0
1784063400,1.3378,1.3382399999999999,1.3376700000000001,1.33819,337,10,0
1784063700,1.33819,1.33836,1.33815,1.33817,384,10,0
1784064000,1.33818,1.33833,1.33791,1.33799,464,10,0
1784064300,1.33799,1.33809,1.33786,1.33802,333,10,0
1784064600,1.33801,1.33823,1.33799,1.3382,392,10,0
1784064900,1.3382,1.33825,1.33764,1.33775,504,10,0
1784065200,1.33775,1.33775,1.33704,1.33742,718,10,0
1784065500,1.33742,1.33757,1.33737,1.33745,485,10,0
1784065800,1.33744,1.33769,1.33738,1.33766,367,10,0
1784066100,1.33765,1.3382,1.3376299999999999,1.33813,407,10,0
1784066400,1.33816,1.3383099999999999,1.33806,1.33817,438,10,0
1784066700,1.33817,1.33825,1.33808,1.3382,333,10,0
1784067000,1.3382,1.33849,1.33808,1.33841,354,10,0
1784067300,1.33841,1.33854,1.33827,1.33854,431,10,0
1784067600,1.33854,1.33863,1.33829,1.3385500000000001,369,10,0
1784067900,1.33854,1.33868,1.3385099999999999,1.33861,322,10,0
1784068200,1.33861,1.33863,1.33814,1.33841,599,10,0
1784068500,1.33842,1.33857,1.33835,1.33856,387,10,0
1784068800,1.3385500000000001,1.33868,1.3384800000000001,1.33866,310,10,0
1784069100,1.33866,1.33908,1.33865,1.33888,298,10,0
1784069400,1.33886,1.33904,1.33886,1.33894,327,10,0
1784069700,1.33893,1.339,1.33874,1.33874,362,10,0
1784070000,1.33875,1.33876,1.3385799999999999,1.33875,340,10,0
1784070300,1.33875,1.33887,1.33872,1.33879,240,10,0
1784070600,1.3388,1.33893,1.33866,1.3388200000000001,243,10,0
1784070900,1.33883,1.33883,1.33872,1.33877,193,10,0
1784071200,1.33878,1.33879,1.33873,1.33876,77,11,0
1784071500,1.33875,1.33886,1.33866,1.33869,83,10,0
1784071800,1.33871,1.3388,1.33868,1.33869,103,10,0
1784072100,1.33869,1.33891,1.33869,1.3389,132,10,0
1784072400,1.3389,1.3389,1.3388,1.33881,140,10,0
1784072700,1.33883,1.3388900000000001,1.33881,1.33887,180,10,0
1784073000,1.3388499999999999,1.33905,1.3388200000000001,1.33905,92,10,0
1784073300,1.33903,1.3391600000000001,1.33815,1.33815,165,10,0
1784073600,1.33813,1.33816,1.33745,1.33816,7,157,0
1784073900,1.33795,1.33871,1.33752,1.33846,43,80,0
1784074200,1.33783,1.3384,1.33756,1.33768,63,100,0
1784074500,1.33758,1.33758,1.33717,1.33737,67,157,0
1784074800,1.33739,1.3382800000000001,1.33724,1.33827,21,108,0
1784075100,1.33827,1.33907,1.33827,1.3382800000000001,92,63,0
1784075400,1.3382800000000001,1.3382800000000001,1.33827,1.33827,6,126,0
1784075700,1.33827,1.33827,1.33826,1.33826,6,119,0
1784076000,1.33826,1.33829,1.33826,1.33826,8,119,0
1784076300,1.33827,1.3386,1.33779,1.33781,60,87,0
1784076600,1.33789,1.33796,1.33786,1.33793,34,142,0
1784076900,1.33785,1.3381,1.33783,1.3379699999999999,219,151,0
1784077200,1.33796,1.33879,1.33796,1.33863,61,18,0
1784077500,1.33862,1.33903,1.33862,1.33887,37,10,0
1784077800,1.33886,1.33895,1.33862,1.33894,160,13,0
1784078100,1.33895,1.33914,1.33884,1.33906,230,12,0
1784078400,1.33903,1.33923,1.33898,1.33915,181,13,0
1784078700,1.33914,1.33935,1.3391,1.33933,154,14,0
1784079000,1.33932,1.33936,1.33917,1.33922,108,12,0
1784079300,1.33922,1.33932,1.33915,1.33925,104,14,0
1784079600,1.33926,1.33927,1.33915,1.33917,55,15,0
1784079900,1.33917,1.33917,1.3389199999999999,1.3389199999999999,87,12,0
1784080200,1.33893,1.33904,1.3389199999999999,1.33893,50,12,0
1784080500,1.33894,1.33903,1.3388499999999999,1.339,87,14,0
1784080800,1.339,1.3391199999999999,1.33896,1.33906,181,11,0
1784081100,1.33906,1.33924,1.33899,1.33924,202,11,0
1784081400,1.33922,1.33929,1.33918,1.33924,253,12,0
1784081700,1.33923,1.33927,1.33915,1.3391600000000001,160,11,0
1784082000,1.33917,1.33921,1.33915,1.3391600000000001,176,11,0
1784082300,1.3391600000000001,1.33934,1.33915,1.33934,331,10,0
1784082600,1.33933,1.33938,1.3392,1.33926,325,11,0
1784082900,1.33926,1.33939,1.33926,1.33937,214,12,0
1784083200,1.33937,1.33957,1.33937,1.33955,245,12,0
1784083500,1.33956,1.33958,1.33947,1.33958,205,12,0
1784083800,1.33959,1.33959,1.33945,1.33957,125,12,0
1784084100,1.33958,1.33961,1.33951,1.33959,115,12,0
1784084400,1.33961,1.33965,1.33937,1.33961,414,11,0
1784084700,1.33961,1.33962,1.3394,1.33957,287,12,0
1784085000,1.33957,1.33962,1.33941,1.33945,382,11,0
1784085300,1.33944,1.33966,1.33944,1.33954,419,10,0
1784085600,1.3395299999999999,1.33964,1.3395000000000001,1.3396,290,11,0
1784085900,1.3396,1.33993,1.33957,1.33981,245,10,0
1784086200,1.33982,1.3399,1.33976,1.33976,182,10,0
1784086500,1.3397700000000001,1.33982,1.33958,1.33965,209,10,0
1784086800,1.33965,1.33966,1.3394,1.33952,291,11,0
1784087100,1.33951,1.3397299999999999,1.3395000000000001,1.3397299999999999,219,12,0
1784087400,1.33972,1.3400699999999999,1.33971,1.34001,240,10,0
1784087700,1.34001,1.34035,1.34001,1.34026,332,11,0
1784088000,1.34027,1.34037,1.3400400000000001,1.34022,506,10,0
1784088300,1.34021,1.34046,1.34019,1.3403800000000001,356,10,0
1784088600,1.3403800000000001,1.34046,1.34029,1.34043,212,10,0
1784088900,1.34043,1.34051,1.34033,1.34036,167,10,0
1784089200,1.34036,1.3403800000000001,1.34024,1.34025,177,10,0
1784089500,1.34025,1.34029,1.34003,1.3401399999999999,214,10,0
1784089800,1.34013,1.34028,1.34006,1.34016,381,12,0
1784090100,1.34015,1.34025,1.34002,1.3402,349,10,0
1784090400,1.34023,1.34025,1.33983,1.33997,276,10,0
1784090700,1.33996,1.34008,1.33991,1.34002,283,11,0
1784091000,1.34001,1.34008,1.33989,1.34001,349,11,0
1784091300,1.34002,1.3402,1.33999,1.34016,245,10,0
1784091600,1.34017,1.34036,1.34003,1.34035,262,11,0
1784091900,1.34035,1.34044,1.3403,1.34036,147,10,0
1784092200,1.34036,1.3404,1.34016,1.34019,254,10,0
1784092500,1.3402,1.3402,1.33994,1.33995,227,11,0
1784092800,1.33994,1.34005,1.33992,1.33997,178,12,0
1784093100,1.33998,1.34019,1.33997,1.34012,198,12,0
1784093400,1.34013,1.34024,1.34006,1.34024,283,11,0
1784093700,1.34024,1.3403100000000001,1.34018,1.34029,221,12,0
1784094000,1.3403,1.34086,1.34028,1.3407499999999999,233,11,0
1784094300,1.34074,1.34076,1.34056,1.34067,261,11,0
1784094600,1.3406799999999999,1.34071,1.34048,1.3406,214,12,0
1784094900,1.34059,1.3407200000000001,1.34052,1.34054,245,11,0
1784095200,1.34053,1.34085,1.34053,1.3408,302,10,0
1784095500,1.34079,1.34081,1.34053,1.34062,284,11,0
1784095800,1.34061,1.34063,1.34024,1.34025,304,10,0
1784096100,1.34025,1.34027,1.33978,1.33981,226,11,0
1784096400,1.33981,1.33994,1.33981,1.33991,232,10,0
1784096700,1.33992,1.34008,1.33991,1.34001,212,12,0
1784097000,1.34001,1.34018,1.33998,1.34015,199,11,0
1784097300,1.3401399999999999,1.34018,1.34005,1.34015,138,10,0
1784097600,1.34015,1.34017,1.33987,1.33988,172,10,0
1784097900,1.33987,1.34012,1.33987,1.3401100000000001,143,11,0
1784098200,1.3401100000000001,1.3403100000000001,1.3401100000000001,1.34024,160,11,0
1784098500,1.34025,1.34043,1.34018,1.3403100000000001,191,11,0
1784098800,1.34033,1.34045,1.34026,1.34032,213,11,0
1784099100,1.34032,1.34037,1.34018,1.3402,187,11,0
1784099400,1.34021,1.34027,1.34016,1.34023,140,10,0
1784099700,1.34024,1.3404,1.34019,1.34036,201,11,0
1784100000,1.34036,1.3404099999999999,1.3403,1.3403800000000001,132,11,0
1784100300,1.34039,1.34044,1.34032,1.34039,157,11,0
1784100600,1.3403800000000001,1.34047,1.34033,1.34044,115,11,0
1784100900,1.34044,1.34046,1.34036,1.34037,146,10,0
1784101200,1.34036,1.34037,1.34023,1.34027,122,10,0
1784101500,1.34027,1.34045,1.34026,1.34035,117,10,0
1784101800,1.34036,1.3404,1.34029,1.34029,94,11,0
1784102100,1.34029,1.3403800000000001,1.34018,1.3402,161,10,0
1784102400,1.3402,1.34022,1.33999,1.3401399999999999,353,10,0
1784102700,1.3401399999999999,1.34033,1.34003,1.34019,269,10,0
1784103000,1.3402,1.3403,1.3401100000000001,1.34026,117,11,0
1784103300,1.34027,1.3403800000000001,1.34023,1.3403800000000001,139,10,0
1784103600,1.3403800000000001,1.34049,1.34035,1.34037,178,11,0
1784103900,1.34036,1.34047,1.3403,1.34037,155,11,0
1784104200,1.34037,1.3406500000000001,1.3403399999999999,1.34064,207,11,0
1784104500,1.34063,1.34079,1.34047,1.34078,215,10,0
1784104800,1.34078,1.34113,1.34074,1.34112,185,10,0
1784105100,1.34113,1.34137,1.34105,1.34135,265,11,0
1784105400,1.34135,1.34138,1.34119,1.3413,239,10,0
1784105700,1.3412899999999999,1.3413,1.34096,1.34098,243,11,0
1784106000,1.34097,1.34139,1.34097,1.34135,290,10,0
1784106300,1.34135,1.34142,1.34122,1.3414,283,10,0
1784106600,1.34141,1.34165,1.34135,1.34164,249,10,0
1784106900,1.34164,1.3419400000000001,1.34157,1.3419400000000001,300,10,0
1784107200,1.34193,1.34193,1.34164,1.34175,192,10,0
1784107500,1.34175,1.34189,1.34168,1.34168,279,10,0
1784107800,1.34171,1.34172,1.34122,1.34125,433,10,0
1784108100,1.3412600000000001,1.34143,1.34101,1.3413599999999999,416,10,0
1784108400,1.3413599999999999,1.34164,1.34111,1.3415,407,10,0
1784108700,1.34147,1.3415300000000001,1.34122,1.34135,399,10,0
1784109000,1.3413599999999999,1.34188,1.3410199999999999,1.34154,621,10,0
1784109300,1.34159,1.34178,1.34124,1.34144,754,10,0
1784109600,1.34144,1.34165,1.34084,1.34145,644,10,0
1784109900,1.34145,1.3415300000000001,1.34122,1.34149,528,10,0
1784110200,1.34149,1.34192,1.34149,1.34152,513,10,0
1784110500,1.34152,1.34159,1.34101,1.34105,514,10,0
1784110800,1.34106,1.34123,1.3404,1.34047,481,10,0
1784111100,1.34047,1.34077,1.34019,1.34076,358,10,0
1784111400,1.34077,1.34112,1.34044,1.34081,387,10,0
1784111700,1.34082,1.34082,1.34052,1.34061,539,10,0
1784112000,1.34062,1.34077,1.34042,1.34052,498,10,0
1784112300,1.34051,1.34054,1.3402,1.34043,423,10,0
1784112600,1.34043,1.34045,1.34024,1.34029,289,10,0
1784112900,1.34029,1.3403800000000001,1.34005,1.34015,339,10,0
1784113200,1.34016,1.34067,1.34003,1.34052,412,10,0
1784113500,1.34053,1.34057,1.33991,1.33992,393,10,0
1784113800,1.33993,1.3400699999999999,1.3395299999999999,1.33955,397,10,0
1784114100,1.33954,1.33976,1.33942,1.33957,320,10,0
1784114400,1.33957,1.33983,1.33944,1.33982,356,10,0
1784114700,1.33983,1.33994,1.3395299999999999,1.33989,358,10,0
1784115000,1.33992,1.34009,1.33983,1.33983,348,10,0
1784115300,1.33983,1.33994,1.33956,1.33963,258,10,0
1784115600,1.33963,1.33964,1.33942,1.33948,293,10,0
1784115900,1.33947,1.33954,1.33913,1.33918,364,10,0
1784116200,1.3391899999999999,1.33936,1.33903,1.33928,322,10,0
1784116500,1.33927,1.33958,1.33922,1.33956,308,10,0
1784116800,1.33958,1.33968,1.33918,1.33955,198,10,0
1784117100,1.33955,1.33964,1.33941,1.33962,271,10,0
1784117400,1.33961,1.33983,1.33948,1.33949,309,11,0
1784117700,1.33948,1.33965,1.33936,1.3394300000000001,272,11,0
1784118000,1.3394300000000001,1.33959,1.33939,1.33956,234,11,0
1784118300,1.33957,1.33959,1.33925,1.33927,267,11,0
1784118600,1.33926,1.33934,1.3388,1.33896,289,11,0
1784118900,1.33898,1.33915,1.3388200000000001,1.339,267,11,0
1784119200,1.33901,1.33918,1.33901,1.3391,244,11,0
1784119500,1.3391,1.33917,1.33894,1.3390900000000001,248,11,0
1784119800,1.33908,1.33929,1.33891,1.33928,367,11,0
1784120100,1.33929,1.33932,1.33891,1.33898,296,11,0
1784120400,1.33897,1.33902,1.33859,1.3388200000000001,398,11,0
1784120700,1.33883,1.3388499999999999,1.33841,1.33865,356,11,0
1784121000,1.33864,1.33871,1.33849,1.3385099999999999,342,12,0
1784121300,1.3385,1.33872,1.33841,1.33845,365,11,0
1784121600,1.33844,1.3389199999999999,1.33805,1.3381,448,11,0
1784121900,1.3381,1.33818,1.338,1.33813,367,11,0
1784122200,1.33814,1.33857,1.33812,1.33845,315,11,0
1784122500,1.33846,1.33872,1.33843,1.33869,289,11,0
1784122800,1.33869,1.33875,1.33841,1.33872,243,11,0
1784123100,1.33871,1.339,1.33871,1.33895,229,11,0
1784123400,1.33894,1.33935,1.33883,1.33935,270,11,0
1784123700,1.33934,1.33992,1.33921,1.33992,474,11,0
1784124000,1.33991,1.33996,1.33963,1.33981,413,11,0
1784124300,1.33982,1.34003,1.33982,1.34001,287,11,0
1784124600,1.34,1.3401,1.33971,1.33975,235,11,0
1784124900,1.33975,1.33981,1.33952,1.33971,315,11,0
1784125200,1.33972,1.33995,1.33971,1.33983,276,11,0
1784125500,1.33984,1.33986,1.33958,1.33974,270,11,0
1784125800,1.3397299999999999,1.33995,1.3396,1.33989,359,11,0
1784126100,1.33991,1.34028,1.3399,1.34015,292,11,0
1784126400,1.3401399999999999,1.3403100000000001,1.34013,1.34026,286,11,0
1784126700,1.34027,1.34046,1.34022,1.3403399999999999,382,11,0
1784127000,1.34035,1.34115,1.34021,1.34087,712,11,0
1784127300,1.34086,1.34145,1.34059,1.34096,777,11,0
1784127600,1.34093,1.34127,1.3407200000000001,1.3407200000000001,687,11,0
1784127900,1.34073,1.34078,1.34022,1.3404,468,11,0
1784128200,1.3404099999999999,1.3409200000000001,1.3404,1.3408,413,11,0
1784128500,1.3408,1.3412600000000001,1.34063,1.3406500000000001,470,11,0
1784128800,1.34064,1.34084,1.34052,1.34079,375,11,0
1784129100,1.3408,1.34088,1.3406,1.34074,317,11,0
1784129400,1.34074,1.34178,1.34074,1.34142,598,11,0
1784129700,1.34142,1.34152,1.3409499999999999,1.34117,584,11,0
1784130000,1.34113,1.34212,1.3411,1.34211,639,11,0
1784130300,1.34211,1.34235,1.34199,1.34227,485,11,0
1784130600,1.3422399999999999,1.34235,1.34212,1.34235,468,11,0
1784130900,1.34234,1.34295,1.3422100000000001,1.34276,505,11,0
1784131200,1.34277,1.34322,1.34263,1.3431600000000001,602,11,0
1784131500,1.3431600000000001,1.34357,1.34308,1.3433,552,11,0
1784131800,1.3433,1.3433,1.34252,1.34267,549,11,0
1784132100,1.34266,1.34324,1.34265,1.34317,500,11,0
1784132400,1.34318,1.34318,1.34254,1.34276,452,11,0
1784132700,1.34275,1.3427799999999999,1.34213,1.34237,532,11,0
1784133000,1.34234,1.34288,1.3423,1.34284,669,11,0
1784133300,1.3428499999999999,1.3430900000000001,1.34272,1.34306,592,11,0
1784133600,1.34304,1.34328,1.34292,1.343,358,11,0
1784133900,1.34303,1.34396,1.34303,1.34374,454,11,0
1784134200,1.34374,1.34424,1.3434599999999999,1.34355,571,11,0
1784134500,1.34354,1.34489,1.34347,1.3440400000000001,671,11,0
1784134800,1.3441,1.34432,1.34372,1.34409,508,11,0
1784135100,1.34408,1.3444099999999999,1.34392,1.34412,712,11,0
1784135400,1.34412,1.34439,1.3440400000000001,1.34421,505,11,0
1784135700,1.34422,1.34451,1.34413,1.34443,523,11,0
1784136000,1.34444,1.3446799999999999,1.34419,1.3443399999999999,572,11,0
1784136300,1.34435,1.34448,1.34405,1.34446,619,11,0
1784136600,1.34445,1.3457,1.34444,1.34567,655,11,0
1784136900,1.34568,1.34604,1.34546,1.3456299999999999,702,11,0
1784137200,1.34562,1.34659,1.34548,1.3465799999999999,681,11,0
1784137500,1.34659,1.3473600000000001,1.3464800000000001,1.3473600000000001,695,11,0
1784137800,1.34737,1.3479999999999999,1.34724,1.34768,922,11,0
1784138100,1.34768,1.34818,1.34752,1.34778,819,11,0
1784138400,1.34779,1.3481,1.34757,1.34788,641,11,0
1784138700,1.34789,1.34808,1.34766,1.34771,575,11,0
1784139000,1.3477000000000001,1.3481,1.34726,1.34727,594,11,0
1784139300,1.34724,1.3477000000000001,1.34707,1.34764,605,11,0
1784139600,1.34763,1.34854,1.34762,1.34836,511,11,0
1784139900,1.34836,1.34882,1.34812,1.34873,595,11,0
1784140200,1.34874,1.34886,1.3484,1.34886,677,11,0
1784140500,1.34884,1.34893,1.3483,1.34856,677,11,0
1784140800,1.34859,1.3491,1.34859,1.34896,571,11,0
1784141100,1.34897,1.34946,1.34894,1.3490199999999999,549,11,0
1784141400,1.34901,1.34973,1.3489499999999999,1.34971,503,11,0
1784141700,1.34971,1.34971,1.34938,1.3495,457,11,0
1784142000,1.34949,1.34985,1.34947,1.34957,471,11,0
1784142300,1.34957,1.34981,1.34933,1.3495599999999999,399,11,0
1784142600,1.34955,1.34994,1.34943,1.34949,451,11,0
1784142900,1.34949,1.35009,1.34943,1.34993,397,11,0
1784143200,1.34996,1.35066,1.34994,1.35033,533,11,0
1784143500,1.35032,1.35113,1.35032,1.35113,538,11,0
1784143800,1.35113,1.3511600000000001,1.35076,1.35084,446,11,0
1784144100,1.3508499999999999,1.35101,1.35062,1.35101,413,11,0
1784144400,1.351,1.35131,1.35074,1.35087,411,11,0
1784144700,1.35088,1.35203,1.35077,1.35198,530,11,0
1784145000,1.3519700000000001,1.35277,1.3519,1.35262,561,11,0
1784145300,1.35263,1.35267,1.35203,1.35253,605,11,0
1784145600,1.35253,1.35381,1.35251,1.35351,648,11,0
1784145900,1.35351,1.35399,1.35324,1.35396,523,11,0
1784146200,1.35397,1.3541,1.35313,1.3532600000000001,472,11,0
1784146500,1.35325,1.35352,1.35297,1.35342,464,11,0
1784146800,1.35343,1.35355,1.3533,1.35341,369,11,0
1784147100,1.35341,1.35347,1.3529,1.3531900000000001,519,11,0
1784147400,1.35318,1.35422,1.35318,1.35364,701,11,0
1784147700,1.3536299999999999,1.35407,1.35354,1.35391,506,11,0
1784148000,1.35392,1.35442,1.35386,1.35436,503,11,0
1784148300,1.35435,1.35474,1.35386,1.35474,523,11,0
1784148600,1.35473,1.35473,1.35426,1.3546,518,11,0
1784148900,1.3546,1.35483,1.35456,1.3547,257,11,0
1784149200,1.35468,1.35516,1.35468,1.3551199999999999,308,11,0
1784149500,1.35511,1.35532,1.35506,1.35513,421,11,0
1784149800,1.3551199999999999,1.3553600000000001,1.35489,1.35504,419,11,0
1784150100,1.35504,1.3557299999999999,1.35492,1.3557299999999999,452,11,0
1784150400,1.3557299999999999,1.35574,1.35532,1.3553600000000001,340,11,0
1784150700,1.35535,1.35549,1.35522,1.35532,288,12,0
1784151000,1.35532,1.35554,1.35521,1.35522,349,11,0
1784151300,1.35522,1.35522,1.35491,1.35506,350,11,0
1784151600,1.35503,1.35504,1.35439,1.35442,448,11,0
1784151900,1.3544,1.3544800000000001,1.35409,1.35412,674,11,0
1784152200,1.35413,1.3541699999999999,1.35382,1.35392,584,11,0
1784152500,1.35391,1.35398,1.35352,1.3535599999999999,349,11,0
1784152800,1.35354,1.35415,1.35352,1.35405,400,11,0
1784153100,1.35406,1.35439,1.35403,1.35423,375,11,0
1784153400,1.3542399999999999,1.35431,1.35404,1.3541699999999999,538,11,0
1784153700,1.35416,1.35425,1.3536299999999999,1.35365,551,11,0
1784154000,1.35366,1.35378,1.35347,1.35364,417,11,0
1784154300,1.35364,1.35375,1.35358,1.35365,379,11,0
1784154600,1.35366,1.3537,1.35287,1.35304,666,11,0
1784154900,1.35304,1.35325,1.3527,1.35306,596,11,0
1784155200,1.35306,1.35313,1.35291,1.35293,343,11,0
1784155500,1.35293,1.35304,1.35283,1.3529200000000001,359,11,0
1784155800,1.3529499999999999,1.35305,1.35286,1.35301,366,11,0
1784156100,1.35305,1.35345,1.35304,1.35341,367,11,0
1784156400,1.35341,1.35364,1.3534,1.35355,262,11,0
1784156700,1.35355,1.35365,1.3532899999999999,1.35334,224,11,0
1784157000,1.35334,1.35345,1.35334,1.35343,207,11,0
1784157300,1.35344,1.3535599999999999,1.35341,1.35354,54,11,0
1784157600,1.35354,1.35382,1.35354,1.35378,141,11,0
1784157900,1.35377,1.35388,1.35368,1.35379,99,11,0
1784158200,1.35378,1.35379,1.35352,1.35359,283,11,0
1784158500,1.35359,1.35364,1.35351,1.35352,194,11,0
1784158800,1.3535300000000001,1.35364,1.3535,1.35354,272,11,0
1784159100,1.35352,1.35359,1.3534,1.35358,181,11,0
1784159400,1.35355,1.35375,1.35355,1.35374,255,13,0
1784159700,1.35375,1.35388,1.35368,1.35376,235,12,0
1784160000,1.35351,1.35351,1.35248,1.35289,13,76,0
1784160300,1.3529200000000001,1.3532199999999999,1.35279,1.35307,19,122,0
1784160600,1.35283,1.3529200000000001,1.3526799999999999,1.35286,17,157,0
1784160900,1.35279,1.3529499999999999,1.35277,1.35278,91,157,0
1784161200,1.35279,1.35293,1.35278,1.35278,47,157,0
1784161500,1.35282,1.35291,1.35276,1.35278,108,157,0
1784161800,1.35277,1.35297,1.35277,1.35284,129,134,0
1784162100,1.35284,1.3529900000000001,1.35278,1.3529,165,136,0
1784162400,1.3529200000000001,1.35321,1.35278,1.35282,213,111,0
1784162700,1.35281,1.35312,1.3528,1.35293,164,106,0
1784163000,1.3529499999999999,1.35301,1.3526799999999999,1.35285,179,137,0
1784163300,1.35286,1.3535599999999999,1.35247,1.35341,199,38,0
1784163600,1.3534,1.35393,1.3534,1.35377,59,24,0
1784163900,1.35378,1.3538700000000001,1.35377,1.3538700000000001,23,21,0
1784164200,1.3538700000000001,1.35397,1.3538700000000001,1.35392,94,15,0
1784164500,1.35393,1.35401,1.35386,1.354,87,17,0
1784164800,1.35399,1.35402,1.35398,1.35398,98,18,0
1784165100,1.35399,1.3541,1.35398,1.35409,92,16,0
1784165400,1.3541,1.3541400000000001,1.35399,1.35399,97,15,0
1784165700,1.35399,1.354,1.35393,1.35399,54,17,0
1784166000,1.35399,1.35401,1.35399,1.35399,34,18,0
1784166300,1.354,1.35405,1.35392,1.35395,55,14,0
1784166600,1.35397,1.35398,1.35359,1.35371,85,14,0
1784166900,1.3537,1.35374,1.35361,1.35372,87,16,0
1784167200,1.35375,1.35382,1.35369,1.35372,99,14,0
1784167500,1.35371,1.3538299999999999,1.35361,1.35382,117,11,0
1784167800,1.35382,1.35391,1.35379,1.35391,47,14,0
1784168100,1.3538999999999999,1.35403,1.3538000000000001,1.354,140,12,0
1784168400,1.354,1.35401,1.35389,1.3538999999999999,105,12,0
1784168700,1.3538999999999999,1.35405,1.3538999999999999,1.35401,108,14,0
1784169000,1.35401,1.35403,1.35389,1.35403,142,14,0
1784169300,1.35404,1.3541400000000001,1.354,1.35412,67,13,0
1784169600,1.35413,1.35425,1.35402,1.35423,109,12,0
1784169900,1.35423,1.35427,1.3542,1.3542399999999999,135,14,0
1784170200,1.35425,1.35426,1.354,1.35404,176,13,0
1784170500,1.35403,1.35408,1.35378,1.3538000000000001,298,11,0
1784170800,1.3538000000000001,1.35395,1.35368,1.35381,487,11,0
1784171100,1.35381,1.354,1.35371,1.35395,291,12,0
1784171400,1.35396,1.35436,1.35393,1.3543,289,11,0
1784171700,1.3543,1.35436,1.35391,1.35405,318,11,0
1784172000,1.35406,1.35407,1.35371,1.3538700000000001,352,12,0
1784172300,1.3538700000000001,1.35396,1.3538000000000001,1.35381,233,13,0
1784172600,1.35382,1.35386,1.35333,1.35336,393,12,0
1784172900,1.35338,1.35341,1.35303,1.35304,362,11,0
1784173200,1.35306,1.35324,1.35301,1.35321,209,11,0
1784173500,1.35321,1.3532899999999999,1.35296,1.35297,317,11,0
1784173800,1.35297,1.35314,1.3526799999999999,1.35282,628,11,0
1784174100,1.35283,1.35337,1.3528,1.35331,481,12,0
1784174400,1.35332,1.35344,1.35325,1.35336,469,12,0
1784174700,1.35336,1.35337,1.35304,1.3532,327,12,0
1784175000,1.35321,1.35327,1.35307,1.35321,395,11,0
1784175300,1.3532,1.35321,1.35269,1.35283,491,12,0
1784175600,1.35282,1.35324,1.3528,1.35312,370,11,0
1784175900,1.35313,1.35324,1.35278,1.3528,480,13,0
1784176200,1.35281,1.35296,1.3525800000000001,1.3527,422,11,0
1784176500,1.35271,1.35275,1.3525800000000001,1.35274,396,13,0
1784176800,1.35273,1.35283,1.35264,1.35276,319,11,0
1784177100,1.35275,1.3528,1.35262,1.35277,360,11,0
1784177400,1.35277,1.35283,1.3526500000000001,1.3526799999999999,247,11,0
1784177700,1.3526799999999999,1.3526799999999999,1.35251,1.35263,292,11,0
1784178000,1.35263,1.35263,1.35233,1.3523800000000001,227,13,0
1784178300,1.3523800000000001,1.35241,1.35223,1.3523,213,12,0
1784178600,1.35229,1.35235,1.35203,1.35206,268,11,0
1784178900,1.35206,1.35211,1.35189,1.35201,346,13,0
1784179200,1.35202,1.35245,1.35199,1.35239,312,11,0
1784179500,1.35239,1.35248,1.35228,1.35243,258,12,0
1784179800,1.35242,1.35251,1.3523,1.35241,338,12,0
1784180100,1.35241,1.35246,1.35213,1.35221,376,12,0
1784180400,1.35219,1.3523,1.3520699999999999,1.35229,319,12,0
1784180700,1.3523,1.3523800000000001,1.35219,1.35219,244,12,0
1784181000,1.3522,1.35237,1.35208,1.35232,288,11,0
1784181300,1.35233,1.35264,1.35225,1.35262,253,12,0
1784181600,1.35262,1.35269,1.35251,1.35263,273,12,0
1784181900,1.35264,1.35333,1.35262,1.35333,393,11,0
1784182200,1.35339,1.35342,1.3531900000000001,1.35332,235,11,0
1784182500,1.35331,1.35349,1.3532899999999999,1.35334,245,12,0
1784182800,1.35332,1.35346,1.35324,1.35337,361,12,0
1784183100,1.35336,1.35349,1.35333,1.35339,382,11,0
1784183400,1.35337,1.35373,1.35337,1.35361,359,11,0
1784183700,1.3536000000000001,1.35367,1.3535599999999999,1.35358,256,12,0
1784184000,1.35358,1.35362,1.35336,1.35337,218,13,0
1784184300,1.35336,1.35339,1.35323,1.35324,381,13,0
1784184600,1.35325,1.3532600000000001,1.35303,1.35313,288,12,0
1784184900,1.35312,1.35323,1.35302,1.35323,267,11,0
1784185200,1.35323,1.35333,1.35313,1.3531900000000001,236,13,0
1784185500,1.3531900000000001,1.35325,1.35307,1.35309,258,12,0
1784185800,1.35308,1.35339,1.35307,1.35339,179,12,0
1784186100,1.35338,1.35339,1.35313,1.35316,150,12,0
1784186400,1.35315,1.35327,1.35313,1.35321,201,12,0
1784186700,1.35321,1.35321,1.3529900000000001,1.35301,312,12,0
1784187000,1.35302,1.35318,1.353,1.35309,388,13,0
1784187300,1.35307,1.3533,1.35306,1.35328,192,13,0
1784187600,1.3532600000000001,1.35342,1.35325,1.35325,283,11,0
1784187900,1.35325,1.35334,1.3532199999999999,1.35323,312,12,0
1784188200,1.35324,1.3533,1.3531900000000001,1.35327,273,12,0
1784188500,1.3532600000000001,1.35327,1.3531,1.35317,264,12,0
1784188800,1.3531900000000001,1.35338,1.3531900000000001,1.35331,285,13,0
1784189100,1.35331,1.35345,1.3533,1.35343,259,12,0
1784189400,1.35344,1.3535599999999999,1.3534,1.3535,372,13,0
1784189700,1.3535,1.35373,1.35349,1.35361,198,11,0
1784190000,1.35361,1.35372,1.3536000000000001,1.35369,229,12,0
1784190300,1.35369,1.35373,1.35355,1.35362,215,12,0
1784190600,1.3536299999999999,1.35404,1.3535599999999999,1.35384,619,11,0
1784190900,1.35382,1.35382,1.35341,1.35343,559,11,0
1784191200,1.35343,1.35349,1.3532199999999999,1.3533,449,12,0
1784191500,1.3532899999999999,1.35336,1.35312,1.3532,453,11,0
1784191800,1.3532,1.35332,1.35307,1.3531,312,12,0
1784192100,1.35311,1.35321,1.35263,1.3528,409,11,0
1784192400,1.3526099999999999,1.35343,1.35254,1.35293,466,11,0
1784192700,1.3529200000000001,1.35335,1.35283,1.35325,592,11,0
1784193000,1.35324,1.35382,1.3532199999999999,1.35382,447,11,0
1784193300,1.35377,1.35378,1.35328,1.35341,465,11,0
1784193600,1.35342,1.35368,1.35324,1.35352,458,11,0
1784193900,1.35352,1.35365,1.35338,1.35352,433,11,0
1784194200,1.35351,1.35361,1.35321,1.35323,482,11,0
1784194500,1.35324,1.3535300000000001,1.3531900000000001,1.35351,421,11,0
1784194800,1.35352,1.35361,1.35333,1.3535599999999999,304,11,0
1784195100,1.35355,1.35359,1.3532,1.35355,473,11,0
1784195400,1.35354,1.35372,1.35341,1.35371,316,11,0
1784195700,1.35372,1.3541400000000001,1.35371,1.35393,492,11,0
1784196000,1.35396,1.35416,1.35371,1.35382,527,11,0
1784196300,1.3538000000000001,1.35381,1.35351,1.3535300000000001,487,11,0
1784196600,1.3535300000000001,1.35375,1.35352,1.35355,413,11,0
1784196900,1.35355,1.35361,1.35312,1.3535,411,11,0
1784197200,1.35351,1.35404,1.35342,1.3536000000000001,480,11,0
1784197500,1.35359,1.35367,1.3529900000000001,1.3532,391,11,0
1784197800,1.35318,1.35361,1.35318,1.35355,321,11,0
1784198100,1.35355,1.3536299999999999,1.35341,1.35351,313,11,0
1784198400,1.35351,1.35355,1.3533,1.35336,322,11,0
1784198700,1.35336,1.35373,1.35325,1.35371,456,11,0
1784199000,1.35369,1.35369,1.35333,1.35343,379,11,0
1784199300,1.35343,1.3537,1.35325,1.35325,423,11,0
1784199600,1.35324,1.35337,1.35275,1.35279,488,11,0
1784199900,1.35279,1.35279,1.3523,1.35245,390,11,0
1784200200,1.35246,1.3526099999999999,1.3521,1.35223,435,11,0
1784200500,1.35222,1.35237,1.35205,1.35214,396,11,0
1784200800,1.35213,1.3523,1.35199,1.3520699999999999,337,11,0
1784201100,1.3520699999999999,1.35223,1.35201,1.35212,383,11,0
1784201400,1.35212,1.35272,1.35212,1.35245,439,11,0
1784201700,1.35245,1.35253,1.35203,1.35215,431,11,0
1784202000,1.35215,1.35244,1.3521,1.35227,447,11,0
1784202300,1.35228,1.35229,1.35202,1.35213,295,11,0
1784202600,1.35214,1.3523100000000001,1.35182,1.35202,471,11,0
1784202900,1.35202,1.35214,1.35192,1.35201,434,11,0
1784203200,1.35202,1.35206,1.35183,1.35186,415,11,0
1784203500,1.35185,1.35198,1.35151,1.35151,368,11,0
1784203800,1.35152,1.35199,1.3514300000000001,1.35182,357,11,0
1784204100,1.35182,1.35188,1.35149,1.35165,403,11,0
1784204400,1.3516599999999999,1.35172,1.3515,1.35151,307,11,0
1784204700,1.3515,1.35154,1.35095,1.35099,322,11,0
1784205000,1.35099,1.35102,1.3505,1.35084,383,11,0
1784205300,1.3508499999999999,1.35096,1.35064,1.3507500000000001,276,11,0
1784205600,1.3507500000000001,1.35107,1.3507,1.35103,251,11,0
1784205900,1.35102,1.3510499999999999,1.35074,1.35094,310,11,0
1784206200,1.35091,1.35097,1.35076,1.35095,338,11,0
1784206500,1.35096,1.35103,1.35065,1.35069,350,11,0
1784206800,1.3507,1.3508200000000001,1.3505099999999999,1.35066,344,11,0
1784207100,1.35067,1.35081,1.35062,1.35069,274,11,0
1784207400,1.35069,1.35089,1.35063,1.35072,246,11,0
1784207700,1.35073,1.35084,1.35062,1.35066,238,11,0
1784208000,1.35065,1.35087,1.35062,1.3508200000000001,181,11,0
1784208300,1.35081,1.3508200000000001,1.35029,1.35037,432,11,0
1784208600,1.35036,1.35045,1.35019,1.35033,411,11,0
1784208900,1.35032,1.35055,1.35023,1.35025,350,11,0
1784209200,1.35026,1.35064,1.3502100000000001,1.35056,329,11,0
1784209500,1.35055,1.35077,1.35054,1.35064,294,12,0
1784209800,1.35063,1.35064,1.35036,1.35061,294,11,0
1784210100,1.35061,1.35064,1.35022,1.35031,375,11,0
1784210400,1.35031,1.35034,1.35005,1.35007,476,11,0
1784210700,1.35007,1.3501400000000001,1.34989,1.35002,477,11,0
1784211000,1.35002,1.35008,1.34966,1.34996,432,11,0
1784211300,1.34995,1.34996,1.34959,1.34992,370,11,0
1784211600,1.34992,1.35004,1.34981,1.34996,426,11,0
1784211900,1.34994,1.34997,1.34938,1.34958,567,11,0
1784212200,1.34957,1.34997,1.34957,1.34993,496,11,0
1784212500,1.34993,1.35016,1.34988,1.35016,375,11,0
1784212800,1.3501699999999999,1.35033,1.34991,1.35006,404,11,0
1784213100,1.35005,1.35027,1.34943,1.34972,389,11,0
1784213400,1.34968,1.35007,1.34927,1.35003,733,11,0
1784213700,1.35005,1.35064,1.34997,1.35061,490,11,0
1784214000,1.35064,1.3511,1.35043,1.35102,610,11,0
1784214300,1.35101,1.3514599999999999,1.35096,1.35107,583,11,0
1784214600,1.35106,1.35108,1.3507500000000001,1.35079,469,11,0
1784214900,1.35081,1.35099,1.3504399999999999,1.35098,424,11,0
1784215200,1.35096,1.35104,1.35043,1.3504800000000001,719,11,0
1784215500,1.3504800000000001,1.35058,1.35022,1.35035,393,11,0
1784215800,1.35034,1.35058,1.34996,1.3501400000000001,475,11,0
1784216100,1.35015,1.35062,1.34984,1.35047,676,11,0
1784216400,1.35041,1.35058,1.35006,1.35032,601,11,0
1784216700,1.35032,1.35053,1.35003,1.35025,636,11,0
1784217000,1.35023,1.35036,1.34997,1.34998,572,11,0
1784217300,1.34998,1.34998,1.34967,1.3497,630,11,0
1784217600,1.34971,1.35,1.34959,1.34978,752,11,0
1784217900,1.34979,1.35047,1.34977,1.35045,668,11,0
1784218200,1.3504399999999999,1.35071,1.35036,1.35055,540,11,0
1784218500,1.35054,1.3506,1.35022,1.35047,450,11,0
1784218800,1.35046,1.35062,1.35033,1.35043,563,11,0
1784219100,1.35041,1.35093,1.35041,1.3508,519,11,0
1784219400,1.3507799999999999,1.3510499999999999,1.35059,1.35076,723,11,0
1784219700,1.35074,1.351,1.35046,1.35092,697,11,0
1784220000,1.35094,1.35135,1.3509,1.3511600000000001,690,11,0
1784220300,1.35117,1.35133,1.35084,1.35095,695,11,0
1784220600,1.35094,1.3516599999999999,1.35094,1.35157,654,11,0
1784220900,1.35155,1.35155,1.35067,1.35076,636,11,0
1784221200,1.3507500000000001,1.35129,1.35063,1.35122,621,11,0
1784221500,1.3512,1.35127,1.35074,1.35074,511,11,0
1784221800,1.35074,1.35077,1.3503,1.35058,654,11,0
1784222100,1.35059,1.351,1.35037,1.35094,627,11,0
1784222400,1.35093,1.35102,1.35059,1.35068,621,11,0
1784222700,1.35069,1.35103,1.35069,1.35074,541,11,0
1784223000,1.35076,1.3511199999999999,1.35073,1.35107,590,11,0
1784223300,1.35107,1.3510900000000001,1.35033,1.35036,665,11,0
1784223600,1.35037,1.35037,1.3498700000000001,1.35003,628,11,0
1784223900,1.35006,1.3502100000000001,1.34964,1.34965,590,11,0
1784224200,1.34966,1.34973,1.34886,1.34913,658,11,0
1784224500,1.34911,1.34913,1.34866,1.34874,778,11,0
1784224800,1.34874,1.34887,1.34806,1.34825,641,11,0
1784225100,1.34825,1.34835,1.34795,1.34817,389,11,0
1784225400,1.34817,1.34887,1.34817,1.34886,436,11,0
1784225700,1.34887,1.34907,1.34844,1.34847,551,11,0
1784226000,1.34847,1.3487,1.34823,1.34824,487,11,0
1784226300,1.34825,1.34848,1.3480400000000001,1.34805,546,11,0
1784226600,1.34805,1.34869,1.34795,1.3486799999999999,535,11,0
1784226900,1.34867,1.34867,1.34812,1.34827,413,11,0
1784227200,1.34826,1.34844,1.34817,1.34833,464,11,0
1784227500,1.34833,1.34855,1.34802,1.34854,490,11,0
1784227800,1.34854,1.3489200000000001,1.34854,1.34876,429,11,0
1784228100,1.34875,1.34877,1.34816,1.34824,521,11,0
1784228400,1.34826,1.34829,1.34767,1.34767,549,11,0
1784228700,1.34768,1.34779,1.34752,1.34754,418,11,0
1784229000,1.34756,1.34764,1.34735,1.34735,409,11,0
1784229300,1.3473600000000001,1.34745,1.34725,1.3473,448,11,0
1784229600,1.34731,1.34731,1.34684,1.34696,580,11,0
1784229900,1.34696,1.34697,1.34663,1.34676,467,11,0
1784230200,1.3467799999999999,1.3471,1.3467,1.34695,299,11,0
1784230500,1.34694,1.34699,1.34677,1.34686,408,11,0
1784230800,1.34686,1.34687,1.34657,1.34683,318,11,0
1784231100,1.34684,1.34691,1.34667,1.34688,299,11,0
1784231400,1.34688,1.34696,1.3466,1.34665,338,11,0
1784231700,1.34662,1.3468499999999999,1.34646,1.34654,508,11,0
1784232000,1.3465500000000001,1.34656,1.34606,1.34626,519,11,0
1784232300,1.34625,1.34629,1.34593,1.34599,422,11,0
1784232600,1.346,1.34608,1.34592,1.34607,427,11,0
1784232900,1.34607,1.3465,1.34605,1.34649,405,11,0
1784233200,1.34649,1.34663,1.3464800000000001,1.34656,359,11,0
1784233500,1.3465500000000001,1.34672,1.34654,1.34666,281,11,0
1784233800,1.34667,1.34679,1.34656,1.34666,205,11,0
1784234100,1.34666,1.34666,1.34649,1.34657,259,11,0
1784234400,1.34657,1.34677,1.34654,1.34663,285,11,0
1784234700,1.34663,1.34699,1.34656,1.3469,267,11,0
1784235000,1.34689,1.34711,1.34688,1.34703,302,11,0
1784235300,1.34702,1.3471199999999999,1.34688,1.3469,277,11,0
1784235600,1.34691,1.34693,1.34642,1.34644,451,11,0
1784235900,1.34643,1.3466,1.34643,1.34653,443,11,0
1784236200,1.34652,1.34677,1.3465,1.34667,378,11,0
1784236500,1.34668,1.3468,1.34665,1.34676,289,11,0
1784236800,1.34676,1.34691,1.34669,1.34674,353,11,0
1784237100,1.34673,1.34687,1.34666,1.34674,396,11,0
1784237400,1.34672,1.3468,1.34663,1.34665,265,11,0
1784237700,1.34666,1.34676,1.3465799999999999,1.34676,303,11,0
1784238000,1.34676,1.34683,1.34669,1.3468,322,11,0
1784238300,1.34679,1.34697,1.3467799999999999,1.3468200000000001,425,11,0
1784238600,1.34681,1.34687,1.34667,1.3467799999999999,292,11,0
1784238900,1.34677,1.34706,1.34677,1.34698,308,11,0
1784239200,1.34699,1.34726,1.34695,1.34711,407,11,0
1784239500,1.3471,1.34718,1.34694,1.34695,212,11,0
1784239800,1.34694,1.34699,1.34677,1.3467799999999999,377,11,0
1784240100,1.34679,1.34687,1.34667,1.34686,321,11,0
1784240400,1.34686,1.34691,1.34672,1.34674,329,11,0
1784240700,1.3467500000000001,1.3468,1.34662,1.3467,315,11,0
1784241000,1.3467,1.34681,1.34665,1.34673,335,11,0
1784241300,1.34673,1.34702,1.34672,1.34696,264,11,0
1784241600,1.34695,1.34707,1.34694,1.34705,295,11,0
1784241900,1.34704,1.3471600000000001,1.34702,1.34715,257,11,0
1784242200,1.3471600000000001,1.3474599999999999,1.34708,1.34744,298,11,0
1784242500,1.34745,1.34748,1.34728,1.34741,391,11,0
1784242800,1.34741,1.34755,1.34731,1.3475,326,11,0
1784243100,1.3475,1.34761,1.34747,1.34752,170,11,0
1784243400,1.3475,1.34755,1.3473899999999999,1.3474300000000001,119,12,0
1784243700,1.34744,1.34753,1.3474300000000001,1.34747,81,11,0
1784244000,1.3474300000000001,1.34748,1.34734,1.34738,142,11,0
1784244300,1.34737,1.34747,1.34737,1.34747,133,11,0
1784244600,1.34747,1.34779,1.34744,1.34769,211,11,0
1784244900,1.34769,1.34779,1.34767,1.34778,196,11,0
1784245200,1.34779,1.34779,1.3477000000000001,1.34776,122,11,0
1784245500,1.34776,1.34788,1.34775,1.34784,177,11,0
1784245800,1.34785,1.34791,1.34781,1.34787,113,12,0
1784246100,1.34788,1.34796,1.34748,1.34748,228,11,0
1784246400,1.34745,1.34745,1.34657,1.3471600000000001,35,60,0
1784246700,1.34715,1.3475,1.34713,1.34721,31,72,0
1784247000,1.34721,1.34745,1.34689,1.34745,14,91,0
1784247300,1.34745,1.3477000000000001,1.3471899999999999,1.3471899999999999,19,72,0
1784247600,1.3471899999999999,1.3471899999999999,1.3471899999999999,1.3471899999999999,5,105,0
1784247900,1.3471899999999999,1.34725,1.34703,1.34725,10,101,0
1784248200,1.34725,1.34725,1.34704,1.34725,6,106,0
1784248500,1.34725,1.34725,1.34711,1.34724,6,88,0
1784248800,1.34724,1.34754,1.34724,1.34724,17,77,0
1784249100,1.34711,1.34727,1.34708,1.3471600000000001,25,91,0
1784249400,1.34707,1.34721,1.34707,1.34721,20,101,0
1784249700,1.3468,1.34722,1.3468,1.3468200000000001,11,114,0
1784250000,1.34711,1.34759,1.34684,1.34759,64,23,0
1784250300,1.3476,1.3476,1.3473899999999999,1.34742,26,18,0
1784250600,1.3474300000000001,1.34754,1.3474300000000001,1.34751,39,14,0
1784250900,1.34751,1.34753,1.34742,1.3475,76,17,0
1784251200,1.34748,1.34752,1.3474599999999999,1.34751,98,17,0
1784251500,1.34751,1.34752,1.3474599999999999,1.34748,86,16,0
1784251800,1.34747,1.34751,1.34741,1.34741,85,16,0
1784252100,1.34742,1.3474300000000001,1.3473899999999999,1.34742,51,16,0
1784252400,1.34741,1.34742,1.34734,1.34734,44,15,0
1784252700,1.34734,1.34734,1.34721,1.34724,87,13,0
1784253000,1.34724,1.34725,1.34721,1.34723,35,16,0
1784253300,1.34724,1.34735,1.34721,1.3473,137,14,0
1784253600,1.34731,1.3474,1.34731,1.34733,107,14,0
1784253900,1.34734,1.3473600000000001,1.34725,1.34733,157,13,0
1784254200,1.34734,1.34747,1.34729,1.3474599999999999,135,11,0
1784254500,1.3474599999999999,1.34753,1.34744,1.34745,159,12,0
1784254800,1.3474599999999999,1.34747,1.34742,1.34744,48,12,0
1784255100,1.34745,1.34763,1.34744,1.34756,177,12,0
1784255400,1.34755,1.3476,1.34747,1.34755,91,13,0
1784255700,1.34754,1.34768,1.34754,1.34766,78,13,0
1784256000,1.34766,1.34766,1.34755,1.34755,34,13,0
1784256300,1.34755,1.34756,1.34745,1.34754,120,13,0
1784256600,1.34754,1.34756,1.34747,1.3475,157,12,0
1784256900,1.34749,1.34775,1.34748,1.34771,225,12,0
1784257200,1.3477299999999999,1.34779,1.3476,1.3476,330,12,0
1784257500,1.3476,1.34761,1.34741,1.34742,263,11,0
1784257800,1.34741,1.34747,1.34731,1.34735,227,13,0
1784258100,1.34734,1.34759,1.34734,1.34737,323,11,0
1784258400,1.3473600000000001,1.34741,1.34718,1.3471899999999999,261,13,0
1784258700,1.3471899999999999,1.34724,1.34702,1.34704,238,13,0
1784259000,1.34705,1.34717,1.34697,1.34703,267,11,0
1784259300,1.34704,1.3471600000000001,1.34698,1.347,249,13,0
1784259600,1.347,1.34702,1.3469,1.34693,270,12,0
1784259900,1.34692,1.34721,1.34692,1.3472,334,12,0
1784260200,1.3472,1.34759,1.34718,1.34756,467,11,0
1784260500,1.34755,1.34768,1.3474,1.34765,353,11,0
1784260800,1.34765,1.34785,1.34759,1.34776,448,11,0
1784261100,1.34775,1.34792,1.34757,1.34769,332,11,0
1784261400,1.3477000000000001,1.3477000000000001,1.3474599999999999,1.34757,299,12,0
1784261700,1.34758,1.34779,1.34758,1.34768,293,12,0
1784262000,1.34769,1.3477999999999999,1.34759,1.34764,270,11,0
1784262300,1.34765,1.34766,1.3473899999999999,1.34741,344,12,0
1784262600,1.34741,1.34742,1.34726,1.34727,428,12,0
1784262900,1.34726,1.34727,1.34695,1.34701,484,11,0
1784263200,1.347,1.34718,1.34698,1.34711,428,11,0
1784263500,1.3471,1.34711,1.34664,1.34665,407,12,0
1784263800,1.34664,1.34673,1.34635,1.34643,499,11,0
1784264100,1.34642,1.3465500000000001,1.34632,1.34653,387,11,0
1784264400,1.34653,1.34677,1.34652,1.34661,469,12,0
1784264700,1.3466,1.3467799999999999,1.34656,1.34669,396,12,0
1784265000,1.34669,1.34677,1.34667,1.34676,307,11,0
1784265300,1.3467500000000001,1.3468499999999999,1.34672,1.3468,286,12,0
1784265600,1.3468,1.34681,1.3465799999999999,1.34671,348,11,0
1784265900,1.3467,1.34672,1.3465,1.34653,410,11,0
1784266200,1.34654,1.34669,1.34634,1.34641,250,11,0
1784266500,1.3464,1.34643,1.34623,1.34636,317,12,0
1784266800,1.34637,1.34644,1.34623,1.34637,281,12,0
1784267100,1.34638,1.34647,1.34628,1.34646,302,12,0
1784267400,1.34645,1.3465500000000001,1.34631,1.34631,321,13,0
1784267700,1.34632,1.34642,1.3462399999999999,1.34628,331,13,0
1784268000,1.34629,1.34645,1.34622,1.34639,366,11,0
1784268300,1.3464,1.34665,1.34639,1.3464800000000001,370,11,0
1784268600,1.3464800000000001,1.3464800000000001,1.34635,1.34643,262,13,0
1784268900,1.34644,1.34683,1.34643,1.34674,268,12,0
1784269200,1.34674,1.3468200000000001,1.34668,1.3467,411,13,0
1784269500,1.34669,1.34671,1.34662,1.34669,310,12,0
1784269800,1.34669,1.3467,1.34643,1.3465099999999999,291,11,0
1784270100,1.3465099999999999,1.34654,1.34634,1.34634,136,11,0
1784270400,1.34634,1.34635,1.3461400000000001,1.34625,167,12,0
1784270700,1.3462399999999999,1.34635,1.34619,1.34631,483,11,0
1784271000,1.3463,1.3465099999999999,1.34629,1.34649,361,11,0
1784271300,1.3464800000000001,1.3465,1.34641,1.34646,194,12,0
1784271600,1.34646,1.3464800000000001,1.34629,1.34634,241,11,0
1784271900,1.34634,1.34643,1.34628,1.34635,335,11,0
1784272200,1.34634,1.34639,1.34633,1.34634,233,12,0
1784272500,1.34635,1.34637,1.3462100000000001,1.34625,260,11,0
1784272800,1.3462399999999999,1.34628,1.34613,1.34616,351,12,0
1784273100,1.3461400000000001,1.3461400000000001,1.34588,1.3459699999999999,318,11,0
1784273400,1.34596,1.34608,1.34588,1.34596,337,11,0
1784273700,1.3459699999999999,1.34605,1.34593,1.34603,318,11,0
1784274000,1.34604,1.34604,1.34578,1.34582,412,11,0
1784274300,1.34583,1.34601,1.34581,1.34581,293,12,0
1784274600,1.34582,1.34585,1.34564,1.3458,279,12,0
1784274900,1.3458,1.34585,1.3458,1.34581,166,12,0
1784275200,1.34582,1.34589,1.34568,1.34585,226,11,0
1784275500,1.34585,1.3458700000000001,1.34576,1.34584,106,12,0
1784275800,1.34584,1.34593,1.34582,1.3458700000000001,188,11,0
1784276100,1.34586,1.34604,1.34574,1.34584,195,11,0
1784276400,1.34585,1.34593,1.34576,1.34579,280,13,0
1784276700,1.34579,1.34596,1.34572,1.34592,284,12,0
1784277000,1.34593,1.34611,1.34592,1.34602,566,12,0
1784277300,1.34602,1.34637,1.34601,1.34636,541,12,0
1784277600,1.34635,1.3465500000000001,1.3462399999999999,1.34635,474,11,0
1784277900,1.34635,1.3465,1.3462100000000001,1.34645,424,11,0
1784278200,1.34645,1.34654,1.34636,1.34654,403,12,0
1784278500,1.34652,1.34653,1.34616,1.34623,338,11,0
1784278800,1.3462399999999999,1.34654,1.3462100000000001,1.34647,453,11,0
1784279100,1.34645,1.34654,1.34602,1.34606,352,11,0
1784279400,1.34606,1.34671,1.34586,1.3467,436,11,0
1784279700,1.3467,1.34718,1.34666,1.3470900000000001,439,11,0
1784280000,1.34708,1.34737,1.34686,1.34737,338,11,0
1784280300,1.34737,1.34744,1.34705,1.34706,456,11,0
1784280600,1.34706,1.34726,1.34699,1.34722,447,11,0
1784280900,1.34723,1.34723,1.34706,1.34715,333,11,0
1784281200,1.34715,1.34752,1.34706,1.34713,405,11,0
1784281500,1.34713,1.34726,1.34695,1.34695,407,11,0
1784281800,1.34695,1.34721,1.34693,1.34704,421,11,0
1784282100,1.34701,1.34747,1.34695,1.3473600000000001,582,11,0
1784282400,1.34737,1.34801,1.34727,1.34774,584,11,0
1784282700,1.3477299999999999,1.34796,1.34706,1.34708,430,11,0
1784283000,1.34708,1.34714,1.34693,1.34703,389,11,0
1784283300,1.34703,1.34711,1.3465,1.34653,460,11,0
1784283600,1.34652,1.34654,1.3461699999999999,1.34638,362,11,0
1784283900,1.34638,1.34691,1.34636,1.34691,345,11,0
1784284200,1.34691,1.34729,1.3467,1.34674,405,11,0
1784284500,1.34673,1.34676,1.3465,1.34672,426,11,0
1784284800,1.34672,1.3468,1.34629,1.3466,374,11,0
1784285100,1.34656,1.34669,1.34642,1.34662,327,11,0
1784285400,1.34661,1.34668,1.3462,1.34633,262,12,0
1784285700,1.34632,1.34633,1.34564,1.34566,447,11,0
1784286000,1.34565,1.3458999999999999,1.3455599999999999,1.34585,479,11,0
1784286300,1.34582,1.34616,1.34564,1.3461400000000001,416,11,0
1784286600,1.34613,1.34615,1.34511,1.34522,513,11,0
1784286900,1.34523,1.3453300000000001,1.34482,1.3449200000000001,596,11,0
1784287200,1.34491,1.34543,1.34481,1.3452,671,11,0
1784287500,1.34518,1.34525,1.3448,1.34485,563,11,0
1784287800,1.34486,1.3452,1.3447200000000001,1.34507,581,11,0
1784288100,1.34506,1.34507,1.34463,1.34475,538,11,0
1784288400,1.34474,1.34476,1.3444099999999999,1.34466,479,11,0
1784288700,1.34466,1.34477,1.3444,1.34456,458,11,0
1784289000,1.34456,1.34463,1.34417,1.3442,435,11,0
1784289300,1.34423,1.34436,1.34412,1.34421,333,11,0
1784289600,1.34422,1.34424,1.34364,1.3441,386,11,0
1784289900,1.3441,1.34426,1.34399,1.3442,476,11,0
1784290200,1.3442,1.3444099999999999,1.34384,1.34403,429,11,0
1784290500,1.34402,1.34417,1.3437700000000001,1.34391,397,11,0
1784290800,1.34391,1.34402,1.3435000000000001,1.34374,501,11,0
1784291100,1.3437299999999999,1.34435,1.3437299999999999,1.3443399999999999,347,11,0
1784291400,1.34433,1.34436,1.34405,1.34406,384,11,0
1784291700,1.34405,1.34412,1.34366,1.34388,405,11,0
1784292000,1.34388,1.3439999999999999,1.34375,1.34395,350,11,0
1784292300,1.34393,1.34408,1.34385,1.34395,306,11,0
1784292600,1.34397,1.34417,1.34387,1.34406,394,11,0
1784292900,1.34406,1.34425,1.34403,1.34423,344,11,0
1784293200,1.34423,1.34424,1.3434599999999999,1.34382,503,11,0
1784293500,1.34384,1.34419,1.34382,1.34389,356,12,0
1784293800,1.34388,1.34409,1.34379,1.34398,288,11,0
1784294100,1.34397,1.3441,1.34374,1.34386,386,11,0
1784294400,1.34386,1.34399,1.34337,1.34353,382,11,0
1784294700,1.3435000000000001,1.34362,1.34332,1.34336,396,11,0
1784295000,1.34336,1.3434599999999999,1.34311,1.34326,454,11,0
1784295300,1.34325,1.34334,1.34314,1.3432,377,11,0
1784295600,1.34318,1.34325,1.34304,1.34317,280,11,0
1784295900,1.3431600000000001,1.34325,1.34308,1.3432,279,11,0
1784296200,1.3431899999999999,1.3432,1.34253,1.34317,379,11,0
1784296500,1.3431600000000001,1.34326,1.34295,1.3431199999999999,515,11,0
1784296800,1.34311,1.34347,1.3427,1.34277,555,11,0
1784297100,1.3427799999999999,1.3432,1.34274,1.3431899999999999,487,11,0
1784297400,1.3431899999999999,1.34356,1.34315,1.34347,348,11,0
1784297700,1.3435000000000001,1.34391,1.34347,1.34389,349,11,0
1784298000,1.34388,1.34388,1.34334,1.34351,420,11,0
1784298300,1.34351,1.34397,1.3434300000000001,1.34384,375,11,0
1784298600,1.34384,1.34402,1.34375,1.3439999999999999,313,11,0
1784298900,1.34399,1.34454,1.34396,1.3445,321,11,0
1784299200,1.34451,1.34461,1.34386,1.3439,510,11,0
1784299500,1.34391,1.34423,1.34379,1.34381,419,11,0
1784299800,1.34383,1.34409,1.34366,1.34399,457,11,0
1784300100,1.34397,1.34397,1.34369,1.3437700000000001,405,11,0
1784300400,1.34378,1.34397,1.3436,1.34364,534,11,0
1784300700,1.34363,1.3437700000000001,1.3434599999999999,1.34367,468,11,0
1784301000,1.34368,1.34374,1.3435000000000001,1.34365,427,11,0
1784301300,1.34366,1.34371,1.34326,1.34332,439,11,0
1784301600,1.34328,1.34342,1.34308,1.34314,478,11,0
1784301900,1.34315,1.34354,1.34313,1.34347,314,11,0
1784302200,1.34348,1.34349,1.3427799999999999,1.34281,397,11,0
1784302500,1.3428200000000001,1.34328,1.3427799999999999,1.34322,492,11,0
1784302800,1.34321,1.3434,1.34303,1.3433,449,11,0
1784303100,1.34329,1.34334,1.3430900000000001,1.34331,406,11,0
1784303400,1.34331,1.34357,1.34322,1.34325,541,11,0
1784303700,1.34324,1.34342,1.34286,1.34311,579,11,0
1784304000,1.34313,1.34329,1.34277,1.34306,829,11,0
1784304300,1.34305,1.34317,1.34287,1.34296,651,11,0
1784304600,1.34297,1.34348,1.34288,1.34328,416,11,0
1784304900,1.34328,1.3434,1.3429,1.34322,426,11,0
1784305200,1.34322,1.34348,1.3430900000000001,1.34336,498,11,0
1784305500,1.34337,1.34359,1.34324,1.34335,569,11,0
1784305800,1.34336,1.34419,1.34324,1.3441,757,11,0
1784306100,1.34409,1.34445,1.34384,1.3443100000000001,794,11,0
1784306400,1.34432,1.3446,1.3441100000000001,1.34421,727,11,0
1784306700,1.34421,1.3444,1.34402,1.3443,770,11,0
1784307000,1.3443100000000001,1.34494,1.34428,1.34476,801,11,0
1784307300,1.34481,1.34505,1.34473,1.345,452,11,0
1784307600,1.34501,1.34518,1.3446799999999999,1.34503,606,11,0
1784307900,1.34503,1.34534,1.34478,1.34484,644,11,0
1784308200,1.34486,1.34505,1.34458,1.34459,511,11,0
1784308500,1.34458,1.34506,1.34443,1.34496,506,11,0
1784308800,1.34497,1.3452899999999999,1.3449,1.34515,503,11,0
1784309100,1.34514,1.34516,1.34464,1.34475,512,11,0
1784309400,1.34475,1.34515,1.34464,1.34476,652,11,0
1784309700,1.34475,1.3451,1.3446799999999999,1.3449,667,11,0
1784310000,1.34491,1.34527,1.34485,1.34523,626,11,0
1784310300,1.34524,1.3454,1.34506,1.34507,547,11,0
1784310600,1.34508,1.34511,1.3447,1.3448,624,11,0
1784310900,1.34478,1.3449499999999999,1.34422,1.34445,816,11,0
1784311200,1.34444,1.34476,1.34439,1.34466,606,11,0
1784311500,1.3446500000000001,1.3449200000000001,1.3446500000000001,1.34469,477,11,0
1784311800,1.3446799999999999,1.34493,1.34443,1.34453,528,11,0
1784312100,1.34454,1.34496,1.34453,1.34491,472,11,0
1784312400,1.3449200000000001,1.34514,1.34491,1.34497,544,11,0
1784312700,1.34497,1.34528,1.34493,1.34528,384,11,0
1784313000,1.34532,1.34541,1.3449499999999999,1.34507,638,11,0
1784313300,1.34508,1.34512,1.34461,1.3448,674,11,0
1784313600,1.34481,1.3449,1.34457,1.34457,580,11,0
1784313900,1.34455,1.34463,1.34417,1.34442,654,11,0
1784314200,1.3444099999999999,1.34462,1.3443399999999999,1.3443399999999999,554,11,0
1784314500,1.3443399999999999,1.3446,1.3443399999999999,1.34442,494,11,0
1784314800,1.34444,1.34453,1.34368,1.34412,774,11,0
1784315100,1.34413,1.34443,1.34387,1.34436,579,11,0
1784315400,1.34436,1.34486,1.34428,1.34482,386,11,0
1784315700,1.34483,1.34503,1.34479,1.34497,315,11,0
1784316000,1.34498,1.34516,1.3449200000000001,1.34515,445,11,0
1784316300,1.34514,1.34531,1.34501,1.34527,436,11,0
1784316600,1.34528,1.3452899999999999,1.34498,1.34508,443,11,0
1784316900,1.34507,1.34516,1.3450199999999999,1.34516,338,11,0
1784317200,1.34516,1.34546,1.34516,1.34537,368,11,0
1784317500,1.34537,1.3455,1.34513,1.3454,389,11,0
1784317800,1.34539,1.34551,1.3452899999999999,1.34547,234,11,0
1784318100,1.34548,1.34552,1.34535,1.34552,347,11,0
1784318400,1.3455599999999999,1.34576,1.34549,1.3457,484,11,0
1784318700,1.34569,1.34592,1.3456299999999999,1.34567,419,11,0
1784319000,1.34568,1.3457,1.34543,1.34548,335,11,0
1784319300,1.34545,1.3455,1.34516,1.3452,489,11,0
1784319600,1.34518,1.34531,1.34512,1.34524,457,12,0
1784319900,1.34523,1.34549,1.34523,1.34541,326,11,0
1784320200,1.34542,1.34545,1.34523,1.34544,294,11,0
1784320500,1.34544,1.34545,1.34525,1.3452600000000001,359,11,0
1784320800,1.3452600000000001,1.34527,1.34506,1.34509,366,11,0
1784321100,1.34509,1.34527,1.34505,1.3452,356,11,0
1784321400,1.3452,1.34527,1.34511,1.34527,307,11,0
1784321700,1.34527,1.3453,1.34515,1.34525,255,11,0
1784322000,1.3452600000000001,1.3452600000000001,1.34512,1.34517,249,11,0
1784322300,1.34517,1.34527,1.34506,1.34525,281,11,0
1784322600,1.34524,1.34545,1.34524,1.3453,253,12,0
1784322900,1.3453,1.34551,1.34524,1.34535,263,12,0
1784323200,1.34535,1.34551,1.34523,1.34536,304,11,0
1784323500,1.34537,1.34549,1.3452899999999999,1.34548,335,11,0
1784323800,1.34547,1.3456000000000001,1.34539,1.34547,288,12,0
1784324100,1.34547,1.34549,1.3453,1.34539,221,11,0
1784324400,1.34539,1.3454,1.34522,1.3453,224,12,0
1784324700,1.34528,1.3453300000000001,1.34523,1.34523,260,12,0
1784325000,1.34524,1.34541,1.34517,1.34539,265,12,0
1784325300,1.3454,1.34543,1.3453300000000001,1.34534,377,11,0
1784325600,1.34534,1.34546,1.34525,1.34525,488,11,0
1784325900,1.3452600000000001,1.34531,1.34522,1.34524,306,11,0
1784326200,1.34523,1.3453300000000001,1.34518,1.34525,308,11,0
1784326500,1.34524,1.3452600000000001,1.34514,1.34521,358,11,0
1784326800,1.34519,1.34541,1.34511,1.34511,323,11,0
1784327100,1.34512,1.3453300000000001,1.34503,1.3452600000000001,441,11,0
1784327400,1.34527,1.34537,1.3452600000000001,1.34535,432,12,0
1784327700,1.34534,1.34536,1.34513,1.34514,392,11,0
1784328000,1.34514,1.34567,1.3451,1.34561,394,11,0
1784328300,1.34561,1.34565,1.34548,1.34555,384,11,0
1784328600,1.3455599999999999,1.34582,1.34547,1.34577,392,11,0
1784328900,1.34575,1.34591,1.34564,1.34575,286,11,0
1784329200,1.34578,1.34593,1.34574,1.34584,221,11,0
1784329500,1.34585,1.3458700000000001,1.34564,1.34566,132,12,0
1784329800,1.34565,1.34566,1.34555,1.34555,165,12,0
1784330100,1.3455599999999999,1.34557,1.34548,1.34548,101,11,0
1784330400,1.34548,1.34548,1.34517,1.34524,170,12,0
1784330700,1.34525,1.34525,1.34512,1.3452,218,12,0
1784331000,1.34517,1.34539,1.34517,1.34524,98,12,0
1784331300,1.34522,1.34524,1.34521,1.34524,30,14,0
1784331600,1.34524,1.34532,1.34521,1.34532,62,13,0
1784331900,1.34532,1.34534,1.34512,1.34531,169,14,0
1784332200,1.34532,1.34551,1.34522,1.34545,319,13,0
1784332500,1.34546,1.34549,1.34493,1.34508,186,15,0
1784505600,1.34462,1.34462,1.34462,1.34462,1,157,0
1784505900,1.34503,1.34512,1.34503,1.34512,7,57,0
1784506200,1.34512,1.34512,1.34512,1.34512,3,103,0
1784506500,1.34513,1.34522,1.3431199999999999,1.34361,245,93,0
1784506800,1.34355,1.34363,1.34353,1.34363,328,142,0
1784507100,1.34356,1.34493,1.34354,1.34493,257,104,0
1784507400,1.3441,1.3449,1.34379,1.34399,329,96,0
1784507700,1.34397,1.3441100000000001,1.34396,1.34397,201,157,0
1784508000,1.34398,1.34403,1.34393,1.34401,60,157,0
1784508300,1.34399,1.34416,1.34372,1.34372,119,157,0
1784508600,1.34371,1.34375,1.34321,1.34358,278,147,0
1784508900,1.34353,1.3437000000000001,1.34351,1.34353,324,144,0
1784509200,1.3437299999999999,1.34451,1.34354,1.34385,146,18,0
1784509500,1.34387,1.34424,1.34387,1.34424,63,24,0
1784509800,1.34423,1.34448,1.34418,1.34437,126,16,0
1784510100,1.34437,1.34461,1.34409,1.34429,190,13,0
1784510400,1.34428,1.34445,1.3442,1.34425,170,13,0
1784510700,1.34425,1.34442,1.3440400000000001,1.34435,137,13,0
1784511000,1.34435,1.34466,1.34426,1.34455,233,14,0
1784511300,1.34455,1.3446,1.3444099999999999,1.34442,159,14,0
1784511600,1.3444099999999999,1.34458,1.34429,1.34446,65,11,0
1784511900,1.34444,1.34445,1.3443399999999999,1.34442,55,13,0
1784512200,1.3444099999999999,1.34443,1.3443,1.34433,73,13,0
1784512500,1.34432,1.34436,1.3443,1.34432,68,14,0
1784512800,1.3443399999999999,1.3443800000000001,1.34428,1.34433,120,14,0
1784513100,1.34432,1.34437,1.3443100000000001,1.34435,129,14,0
1784513400,1.3443399999999999,1.34437,1.34425,1.34426,208,12,0
1784513700,1.34425,1.34432,1.3441100000000001,1.34413,125,13,0
1784514000,1.34413,1.34418,1.3440400000000001,1.34414,121,13,0
1784514300,1.34415,1.34424,1.34413,1.34422,186,13,0
1784514600,1.34422,1.34425,1.34412,1.34416,134,13,0
1784514900,1.3442,1.34422,1.3441100000000001,1.34415,148,13,0
1784515200,1.34414,1.34446,1.34414,1.34442,160,13,0
1784515500,1.34443,1.34445,1.34422,1.3443399999999999,208,15,0
1784515800,1.3443399999999999,1.34444,1.34415,1.34421,208,14,0
1784516100,1.34422,1.34444,1.34421,1.34443,240,15,0
1784516400,1.34444,1.34457,1.34422,1.34454,540,12,0
1784516700,1.34455,1.34473,1.3445,1.34464,402,12,0
1784517000,1.34463,1.3447200000000001,1.34455,1.34458,267,11,0
1784517300,1.34457,1.3449200000000001,1.34457,1.34484,311,12,0
1784517600,1.34485,1.34511,1.3448,1.34506,250,11,0
1784517900,1.34505,1.34511,1.3449200000000001,1.34498,275,13,0
1784518200,1.3449900000000001,1.3449900000000001,1.3447200000000001,1.34475,161,13,0
1784518500,1.34475,1.34486,1.3447,1.34476,314,12,0
1784518800,1.34477,1.34488,1.34476,1.3448,287,12,0
1784519100,1.3448,1.34483,1.3447200000000001,1.34473,190,13,0
1784519400,1.34473,1.3449499999999999,1.3447200000000001,1.3449200000000001,272,12,0
1784519700,1.34491,1.34505,1.3449,1.34501,352,11,0
1784520000,1.345,1.34532,1.345,1.34519,544,11,0
1784520300,1.3452,1.34523,1.34504,1.34521,310,11,0
1784520600,1.34521,1.34522,1.34479,1.34485,323,12,0
1784520900,1.34486,1.3450199999999999,1.34485,1.34491,519,12,0
1784521200,1.3449,1.3450199999999999,1.34482,1.3450199999999999,472,12,0
1784521500,1.3450199999999999,1.34521,1.34498,1.34516,380,12,0
1784521800,1.34516,1.34531,1.34511,1.34517,353,12,0
1784522100,1.34517,1.34517,1.34504,1.34507,360,13,0
1784522400,1.34508,1.34516,1.34481,1.34496,400,11,0
1784522700,1.34496,1.34504,1.34486,1.34501,421,12,0
1784523000,1.34501,1.34511,1.34494,1.34505,359,12,0
1784523300,1.34507,1.34535,1.34504,1.34534,281,11,0
1784523600,1.3453300000000001,1.34547,1.34524,1.34546,557,11,0
1784523900,1.34546,1.3456299999999999,1.34544,1.34562,280,12,0
1784524200,1.34562,1.3457,1.34547,1.3455599999999999,270,12,0
1784524500,1.34557,1.34571,1.34552,1.34558,165,13,0
1784524800,1.34559,1.34569,1.34558,1.34565,167,12,0
1784525100,1.34565,1.34588,1.3456000000000001,1.34585,216,12,0
1784525400,1.34585,1.34595,1.34581,1.34584,215,12,0
1784525700,1.34584,1.34595,1.34576,1.3458999999999999,267,11,0
1784526000,1.3458999999999999,1.34627,1.34586,1.34605,283,12,0
1784526300,1.34605,1.34612,1.3459400000000001,1.34611,176,12,0
1784526600,1.34612,1.3461400000000001,1.34603,1.34603,240,12,0
1784526900,1.34603,1.34604,1.34577,1.34583,197,13,0
1784527200,1.3458,1.34584,1.34573,1.34579,259,12,0
1784527500,1.34579,1.34583,1.3457,1.34576,194,11,0
1784527800,1.34575,1.34589,1.34575,1.34585,309,11,0
1784528100,1.34584,1.34588,1.34579,1.34586,187,12,0
1784528400,1.34586,1.34592,1.34585,1.34586,284,12,0
1784528700,1.3458700000000001,1.34588,1.3458,1.3458700000000001,141,12,0
1784529000,1.3458700000000001,1.34592,1.34584,1.34588,254,13,0
1784529300,1.34588,1.34592,1.3458,1.34588,206,13,0
1784529600,1.3458700000000001,1.34608,1.34585,1.34605,120,12,0
1784529900,1.34605,1.34607,1.34598,1.34598,245,13,0
1784530200,1.34599,1.3461,1.34595,1.34609,135,13,0
1784530500,1.3461,1.34611,1.34599,1.34599,149,11,0
1784530800,1.346,1.34616,1.34599,1.34607,150,11,0
1784531100,1.34606,1.3461,1.34602,1.34607,92,11,0
1784531400,1.34607,1.3462,1.34606,1.34618,77,11,0
1784531700,1.34618,1.34631,1.34618,1.34625,159,11,0
1784532000,1.34626,1.34637,1.34622,1.34635,154,12,0
1784532300,1.34635,1.3465500000000001,1.34635,1.3465099999999999,166,12,0
1784532600,1.3465,1.3465099999999999,1.34644,1.34649,119,11,0
1784532900,1.3465,1.34664,1.34649,1.3465500000000001,130,12,0
1784533200,1.3465500000000001,1.34662,1.34654,1.34657,112,13,0
1784533500,1.3465799999999999,1.34667,1.3465099999999999,1.34663,175,11,0
1784533800,1.34663,1.34673,1.34662,1.34666,130,12,0
1784534100,1.34666,1.34667,1.3465500000000001,1.34656,94,11,0
1784534400,1.34656,1.3466,1.34641,1.34646,178,11,0
1784534700,1.34646,1.34649,1.34645,1.34647,138,12,0
1784535000,1.3464800000000001,1.34649,1.34629,1.34641,150,11,0
1784535300,1.34641,1.34671,1.3464,1.34668,178,12,0
1784535600,1.34667,1.34669,1.34657,1.34667,129,11,0
1784535900,1.34666,1.34667,1.3465500000000001,1.3465799999999999,215,11,0
1784536200,1.34657,1.34659,1.34649,1.34657,228,12,0
1784536500,1.34657,1.34665,1.3465500000000001,1.3465799999999999,216,12,0
1784536800,1.3465799999999999,1.34668,1.34656,1.34663,150,12,0
1784537100,1.34662,1.34667,1.3465,1.34652,215,12,0
1784537400,1.34653,1.34668,1.34647,1.34667,170,11,0
1784537700,1.34667,1.34669,1.34654,1.34656,182,11,0
1784538000,1.34657,1.3468200000000001,1.3465500000000001,1.34676,289,11,0
1784538300,1.3467500000000001,1.3467500000000001,1.34636,1.34638,362,12,0
1784538600,1.34638,1.34638,1.34602,1.34611,459,11,0
1784538900,1.34611,1.34654,1.34607,1.34638,406,11,0
1784539200,1.34639,1.34649,1.34627,1.34628,554,11,0
1784539500,1.34629,1.34629,1.34598,1.34602,551,11,0
1784539800,1.34602,1.34609,1.34578,1.34595,523,11,0
1784540100,1.34595,1.3462,1.34584,1.3461400000000001,503,11,0
1784540400,1.3461400000000001,1.34641,1.34608,1.34616,474,11,0
1784540700,1.34615,1.34639,1.34607,1.34616,431,11,0
1784541000,1.3461400000000001,1.3462100000000001,1.34593,1.34598,367,11,0
1784541300,1.3459699999999999,1.34605,1.3457,1.34577,409,11,0
1784541600,1.34578,1.34661,1.34569,1.3465799999999999,448,11,0
1784541900,1.34657,1.34657,1.34622,1.34626,486,11,0
1784542200,1.34627,1.34635,1.34609,1.34625,491,11,0
1784542500,1.3462399999999999,1.34625,1.34602,1.34611,478,11,0
1784542800,1.34607,1.34674,1.34602,1.34659,578,11,0
1784543100,1.34659,1.34699,1.34644,1.34697,455,11,0
1784543400,1.34696,1.34765,1.34692,1.34764,642,11,0
1784543700,1.34764,1.34793,1.34742,1.34776,449,11,0
1784544000,1.34775,1.34805,1.34767,1.34787,469,11,0
1784544300,1.34786,1.34787,1.3475,1.34765,458,11,0
1784544600,1.34764,1.34769,1.34737,1.34737,485,11,0
1784544900,1.3473600000000001,1.34756,1.34734,1.34756,401,11,0
1784545200,1.34756,1.34762,1.34737,1.34745,504,11,0
1784545500,1.34744,1.34756,1.34724,1.34734,320,11,0
1784545800,1.34734,1.34738,1.34723,1.34733,221,11,0
1784546100,1.34733,1.34753,1.34723,1.34725,357,11,0
1784546400,1.34724,1.34724,1.3468499999999999,1.34689,385,11,0
1784546700,1.34688,1.34696,1.34654,1.34667,407,11,0
1784547000,1.34668,1.34679,1.34656,1.34665,310,11,0
1784547300,1.34665,1.34697,1.3465799999999999,1.34693,322,11,0
1784547600,1.34693,1.34708,1.34677,1.34683,256,11,0
1784547900,1.34684,1.34714,1.34681,1.34714,209,12,0
1784548200,1.34713,1.34713,1.34667,1.3467500000000001,269,12,0
1784548500,1.34677,1.34695,1.34672,1.3469,264,11,0
1784548800,1.34689,1.34689,1.3462399999999999,1.34625,332,12,0
1784549100,1.34626,1.34626,1.34591,1.34602,386,11,0
1784549400,1.34601,1.34615,1.3459400000000001,1.34606,263,11,0
1784549700,1.34606,1.3462,1.34571,1.34573,225,11,0
1784550000,1.34574,1.34611,1.3457,1.34609,246,11,0
1784550300,1.3461,1.34611,1.34569,1.34574,260,11,0
1784550600,1.34575,1.34615,1.34574,1.34599,226,11,0
1784550900,1.34598,1.3461,1.34592,1.34599,163,11,0
1784551200,1.34599,1.34647,1.3459400000000001,1.34646,213,11,0
1784551500,1.34645,1.34647,1.34616,1.34625,312,11,0
1784551800,1.3462399999999999,1.3465799999999999,1.34622,1.34643,386,11,0
1784552100,1.34641,1.34652,1.34592,1.34623,361,11,0
1784552400,1.3462399999999999,1.3462399999999999,1.34584,1.34602,335,11,0
1784552700,1.34605,1.34636,1.34596,1.3463,231,11,0
1784553000,1.3463,1.34686,1.34625,1.34672,377,11,0
1784553300,1.34672,1.34696,1.3466,1.34689,311,11,0
1784553600,1.3469,1.34702,1.34657,1.34669,279,11,0
1784553900,1.34668,1.3467799999999999,1.3465500000000001,1.34663,231,11,0
1784554200,1.34663,1.3468,1.34653,1.34679,258,11,0
1784554500,1.34679,1.34727,1.3467500000000001,1.34724,309,11,0
1784554800,1.34724,1.34729,1.34693,1.34703,279,11,0
1784555100,1.34703,1.34715,1.34695,1.347,259,11,0
1784555400,1.34699,1.34704,1.3467500000000001,1.34688,295,11,0
1784555700,1.34688,1.3471,1.34667,1.34676,427,11,0
1784556000,1.34677,1.34717,1.34673,1.3469,521,11,0
1784556300,1.3469,1.347,1.3466,1.34668,433,11,0
1784556600,1.34667,1.34687,1.34647,1.34684,338,11,0
1784556900,1.34684,1.34687,1.34657,1.34681,275,11,0
1784557200,1.3468,1.34689,1.34656,1.3467,290,11,0
1784557500,1.34669,1.34695,1.34665,1.34683,264,11,0
1784557800,1.34684,1.34779,1.3468200000000001,1.34748,1032,11,0
1784558100,1.34749,1.34756,1.34696,1.3471600000000001,809,11,0
1784558400,1.3471600000000001,1.34726,1.34676,1.34681,744,11,0
1784558700,1.3468,1.34681,1.34645,1.34654,505,11,0
1784559000,1.3465500000000001,1.3465500000000001,1.34637,1.34645,404,11,0
1784559300,1.34642,1.34642,1.34607,1.3462100000000001,457,11,0
1784559600,1.3462,1.34623,1.34548,1.34604,795,11,0
1784559900,1.34604,1.34641,1.34586,1.3458700000000001,450,11,0
1784560200,1.34588,1.34601,1.34555,1.3458,421,11,0
1784560500,1.34581,1.34581,1.3453300000000001,1.34538,621,11,0
1784560800,1.34538,1.34548,1.34514,1.34543,521,11,0
1784561100,1.34541,1.34545,1.34512,1.34521,263,11,0
1784561400,1.3452,1.34521,1.34477,1.3449200000000001,298,11,0
1784561700,1.34493,1.34545,1.34491,1.34523,422,12,0
1784562000,1.34522,1.34522,1.34493,1.34498,354,11,0
1784562300,1.34497,1.34548,1.34497,1.34541,500,11,0
1784562600,1.34539,1.34568,1.34528,1.34544,428,11,0
1784562900,1.34544,1.34561,1.3452899999999999,1.34541,370,11,0
1784563200,1.34541,1.3455300000000001,1.3452,1.34539,481,11,0
1784563500,1.34538,1.34541,1.34514,1.34524,416,11,0
1784563800,1.34524,1.3455300000000001,1.34524,1.34545,297,11,0
1784564100,1.34546,1.3455,1.34525,1.34547,415,11,0
1784564400,1.34547,1.34578,1.34539,1.34577,365,11,0
1784564700,1.34576,1.34582,1.34552,1.34567,511,11,0
1784565000,1.3457,1.34573,1.34545,1.34554,604,11,0
1784565300,1.34555,1.34566,1.34523,1.34554,624,11,0
1784565600,1.34555,1.34562,1.34474,1.34474,595,11,0
1784565900,1.34475,1.34497,1.34442,1.3449499999999999,547,11,0
1784566200,1.3449499999999999,1.34532,1.34486,1.34517,380,11,0
1784566500,1.34516,1.3454,1.34516,1.34518,337,11,0
1784566800,1.34517,1.3456299999999999,1.34517,1.3452600000000001,390,11,0
1784567100,1.34525,1.34538,1.34487,1.34487,498,11,0
1784567400,1.34486,1.34507,1.34464,1.34504,574,11,0
1784567700,1.34507,1.34531,1.34506,1.34522,477,11,0
1784568000,1.34521,1.34522,1.34473,1.3448,433,11,0
1784568300,1.3448,1.34535,1.34475,1.34523,487,11,0
1784568600,1.34523,1.34523,1.34446,1.3445,546,11,0
1784568900,1.34449,1.34467,1.3443800000000001,1.34457,469,11,0
1784569200,1.34458,1.34462,1.3440400000000001,1.34415,530,11,0
1784569500,1.34414,1.34414,1.34385,1.34401,575,11,0
1784569800,1.34399,1.34403,1.34365,1.34366,428,11,0
1784570100,1.34366,1.34396,1.34329,1.34386,518,11,0
1784570400,1.34383,1.34383,1.34243,1.34267,871,11,0
1784570700,1.34266,1.34289,1.34207,1.3428,673,11,0
1784571000,1.34279,1.34279,1.34191,1.3419699999999999,545,11,0
1784571300,1.3419699999999999,1.34205,1.3416299999999999,1.34167,512,11,0
1784571600,1.34168,1.3418,1.3413300000000001,1.34166,495,11,0
1784571900,1.34166,1.34199,1.34139,1.34198,407,11,0
1784572200,1.34202,1.34203,1.3415300000000001,1.34164,405,11,0
1784572500,1.34164,1.34185,1.3415,1.34169,418,11,0
1784572800,1.34169,1.34171,1.3414,1.34158,317,11,0
1784573100,1.3416299999999999,1.34172,1.3413300000000001,1.3417,372,11,0
1784573400,1.3417,1.34196,1.34157,1.34176,406,11,0
1784573700,1.34176,1.3419699999999999,1.34175,1.34176,341,11,0
1784574000,1.34173,1.34182,1.34131,1.34157,500,11,0
1784574300,1.34157,1.34216,1.34152,1.34207,333,11,0
1784574600,1.34207,1.34219,1.34199,1.34205,234,11,0
1784574900,1.34206,1.34229,1.342,1.34206,216,11,0
1784575200,1.34205,1.34216,1.34189,1.3419400000000001,222,11,0
1784575500,1.34193,1.34196,1.34158,1.34196,354,11,0
1784575800,1.34195,1.34207,1.34176,1.34177,270,11,0
1784576100,1.34176,1.34205,1.34174,1.34191,225,11,0
1784576400,1.3418999999999999,1.34198,1.3412,1.34167,553,11,0
1784576700,1.34166,1.34175,1.34141,1.34168,282,11,0
1784577000,1.34168,1.34169,1.34145,1.34162,273,11,0
1784577300,1.34161,1.34202,1.34155,1.34198,332,11,0
1784577600,1.34198,1.34232,1.34196,1.3422100000000001,330,11,0
1784577900,1.3422100000000001,1.34246,1.3422100000000001,1.34246,373,11,0
1784578200,1.34245,1.3424800000000001,1.3418,1.3419699999999999,354,11,0
1784578500,1.34196,1.34237,1.34186,1.34234,398,11,0
1784578800,1.34235,1.3427,1.34227,1.34262,372,11,0
1784579100,1.34262,1.34294,1.34259,1.34287,251,11,0
1784579400,1.34288,1.343,1.34284,1.34288,210,11,0
1784579700,1.34288,1.34293,1.34259,1.34261,250,11,0
1784580000,1.3426,1.34292,1.3425500000000001,1.34289,223,11,0
1784580300,1.34289,1.34317,1.34283,1.34308,318,11,0
1784580600,1.34307,1.3432,1.34299,1.34306,354,11,0
1784580900,1.34307,1.3431899999999999,1.34302,1.34306,261,12,0
1784581200,1.34307,1.34331,1.34306,1.34329,170,11,0
1784581500,1.34328,1.34358,1.34323,1.34354,284,11,0
1784581800,1.34355,1.34356,1.3434599999999999,1.34355,267,11,0
1784582100,1.34354,1.34389,1.34354,1.34369,321,11,0
1784582400,1.34368,1.34381,1.34348,1.34354,407,11,0
1784582700,1.34349,1.3437000000000001,1.34345,1.34362,326,11,0
1784583000,1.34366,1.34367,1.3433,1.34337,399,11,0
1784583300,1.34336,1.34357,1.34336,1.34341,263,11,0
1784583600,1.3433899999999999,1.34342,1.34327,1.3433,279,11,0
1784583900,1.34329,1.34336,1.34311,1.3433,456,11,0
1784584200,1.34329,1.34338,1.34326,1.34331,434,11,0
1784584500,1.3433,1.34356,1.34315,1.34355,347,11,0
1784584800,1.34355,1.34359,1.34333,1.3433899999999999,338,11,0
1784585100,1.3433899999999999,1.34341,1.34328,1.34337,321,11,0
1784585400,1.34336,1.3434,1.34317,1.34318,376,11,0
1784585700,1.3431899999999999,1.34331,1.3431199999999999,1.3433,230,11,0
1784586000,1.3433,1.3434,1.34326,1.3434,289,11,0
1784586300,1.3433899999999999,1.34382,1.34329,1.3437299999999999,294,11,0
1784586600,1.34376,1.34384,1.34367,1.34369,352,11,0
1784586900,1.34369,1.34383,1.34367,1.34383,291,11,0
1784587200,1.34381,1.34387,1.34362,1.34365,240,11,0
1784587500,1.34366,1.3437700000000001,1.34356,1.34376,265,11,0
1784587800,1.34372,1.34379,1.34345,1.34357,286,11,0
1784588100,1.34356,1.34356,1.34333,1.34345,348,11,0
1784588400,1.3434599999999999,1.34362,1.3434300000000001,1.34344,363,11,0
1784588700,1.34345,1.34347,1.34306,1.34315,137,11,0
1784589000,1.34314,1.34315,1.34306,1.34306,110,11,0
1784589300,1.34306,1.34307,1.34283,1.34289,112,11,0
1784589600,1.3429,1.34302,1.34281,1.34302,127,11,0
1784589900,1.34301,1.34305,1.34296,1.34301,107,11,0
1784590200,1.34301,1.3431,1.34299,1.34306,116,11,0
1784590500,1.34306,1.34307,1.34293,1.34294,62,11,0
1784590800,1.34294,1.34305,1.3429,1.3429,65,12,0
1784591100,1.3429,1.34303,1.34288,1.34295,126,13,0
1784591400,1.34294,1.34296,1.34291,1.34296,44,13,0
1784591700,1.34296,1.34306,1.34291,1.34294,68,11,0
1784592000,1.34233,1.34233,1.34233,1.34233,1,157,0
1784592300,1.34249,1.34261,1.34229,1.34244,19,157,0
1784592600,1.34245,1.34264,1.34223,1.34244,19,151,0
1784592900,1.34243,1.34271,1.34243,1.34271,49,157,0
1784593200,1.3427,1.34273,1.34267,1.34271,12,53,0
1784593500,1.34272,1.34272,1.34189,1.34206,10,42,0
1784593800,1.34206,1.3422,1.34206,1.34214,51,79,0
1784594100,1.34216,1.3422,1.34208,1.34208,41,71,0
1784594400,1.34208,1.34247,1.34206,1.34218,53,48,0
1784594700,1.34219,1.34222,1.34198,1.34215,41,67,0
1784595000,1.34215,1.34215,1.34191,1.34215,12,86,0
1784595300,1.34215,1.34228,1.34208,1.34216,15,82,0
1784595600,1.34239,1.3424,1.34204,1.34233,87,22,0
1784595900,1.34233,1.34244,1.34215,1.34234,42,13,0
1784596200,1.34239,1.34246,1.34234,1.34236,53,17,0
1784596500,1.34237,1.3424,1.34231,1.34234,111,13,0
1784596800,1.34234,1.34235,1.34232,1.34233,37,17,0
1784597100,1.34234,1.34235,1.34222,1.34234,48,12,0
1784597400,1.34234,1.34238,1.34228,1.34233,27,17,0
1784597700,1.34235,1.34236,1.34232,1.34234,42,16,0
1784598000,1.34235,1.34236,1.34232,1.34234,44,15,0
1784598300,1.34235,1.34261,1.34234,1.3425099999999999,151,14,0
1784598600,1.3425,1.3425500000000001,1.34242,1.3425500000000001,77,14,0
1784598900,1.34254,1.3426,1.34252,1.34254,45,13,0
1784599200,1.34253,1.34266,1.34252,1.34264,42,14,0
1784599500,1.34263,1.34274,1.34261,1.34273,84,14,0
1784599800,1.34273,1.34277,1.34271,1.34273,51,13,0
1784600100,1.34273,1.34277,1.3427,1.34276,41,13,0
1784600400,1.34276,1.34276,1.34267,1.3427,45,11,0
1784600700,1.34271,1.34273,1.3427,1.34271,17,15,0
1784601000,1.34271,1.34283,1.34271,1.34283,33,13,0
1784601300,1.34283,1.34284,1.3427799999999999,1.3428,27,13,0
1784601600,1.3428,1.3428200000000001,1.34273,1.34274,47,13,0
1784601900,1.34274,1.34287,1.34272,1.34283,76,13,0
1784602200,1.3428499999999999,1.34299,1.3427799999999999,1.34298,84,13,0
1784602500,1.34298,1.3430900000000001,1.34294,1.34305,118,13,0
1784602800,1.34306,1.34327,1.343,1.34304,382,11,0
1784603100,1.34305,1.3431,1.34294,1.34299,276,12,0
1784603400,1.34298,1.3431199999999999,1.34295,1.343,321,12,0
1784603700,1.343,1.34303,1.34286,1.34302,261,13,0
1784604000,1.34303,1.34305,1.34271,1.34272,207,11,0
1784604300,1.34273,1.3428200000000001,1.34271,1.3427799999999999,148,13,0
1784604600,1.34277,1.3427799999999999,1.34262,1.34277,171,13,0
1784604900,1.34277,1.34286,1.34275,1.34286,193,13,0
1784605200,1.34286,1.34314,1.3428499999999999,1.34311,183,13,0
1784605500,1.34311,1.34342,1.34311,1.34334,210,12,0
1784605800,1.34334,1.3434300000000001,1.3431899999999999,1.3433,249,11,0
1784606100,1.34328,1.34333,1.34304,1.34307,299,12,0
1784606400,1.34307,1.34315,1.34293,1.3431199999999999,357,11,0
1784606700,1.34311,1.3433899999999999,1.34311,1.34324,276,12,0
1784607000,1.34325,1.34335,1.34318,1.3431899999999999,208,12,0
1784607300,1.3432,1.34361,1.3431600000000001,1.34354,322,13,0
1784607600,1.34353,1.34357,1.34323,1.34327,452,12,0
1784607900,1.34327,1.34345,1.34317,1.34337,441,11,0
1784608200,1.34338,1.34356,1.34322,1.34347,369,12,0
1784608500,1.3434599999999999,1.34352,1.34318,1.34324,316,13,0
1784608800,1.34325,1.3436,1.34324,1.34355,239,11,0
1784609100,1.34355,1.34362,1.34342,1.34356,273,13,0
1784609400,1.34357,1.34358,1.34342,1.34352,286,13,0
1784609700,1.3435000000000001,1.34354,1.3433899999999999,1.34342,225,11,0
1784610000,1.3434300000000001,1.34361,1.34342,1.34349,293,13,0
1784610300,1.34348,1.34375,1.34348,1.3436,232,12,0
1784610600,1.34361,1.34374,1.34355,1.34356,285,12,0
1784610900,1.34357,1.34357,1.34348,1.34351,203,12,0
1784611200,1.3435000000000001,1.34375,1.3434599999999999,1.34374,230,12,0
1784611500,1.3437299999999999,1.34374,1.34334,1.34334,314,12,0
1784611800,1.34335,1.34355,1.34335,1.34344,245,11,0
1784612100,1.34345,1.34363,1.34344,1.3435000000000001,290,12,0
1784612400,1.3435000000000001,1.34352,1.3433899999999999,1.3434,269,12,0
1784612700,1.3434,1.3434,1.34325,1.34327,185,13,0
1784613000,1.34327,1.34327,1.34297,1.34299,259,13,0
1784613300,1.34299,1.3431199999999999,1.34298,1.34306,199,12,0
1784613600,1.34306,1.34318,1.34286,1.34295,274,12,0
1784613900,1.34295,1.34305,1.34287,1.34301,226,11,0
1784614200,1.34302,1.34318,1.343,1.34303,158,11,0
1784614500,1.34304,1.34325,1.34299,1.34324,259,11,0
1784614800,1.34324,1.34338,1.34321,1.34332,241,11,0
1784615100,1.34332,1.34335,1.34327,1.34335,184,11,0
1784615400,1.34335,1.34351,1.34334,1.34351,137,12,0
1784615700,1.34352,1.34355,1.3434300000000001,1.34353,147,11,0
1784616000,1.34354,1.34359,1.34349,1.34356,134,12,0
1784616300,1.34357,1.34387,1.34356,1.34386,114,12,0
1784616600,1.34386,1.34389,1.34366,1.34367,152,11,0
1784616900,1.34366,1.34369,1.34358,1.34359,214,13,0
1784617200,1.34358,1.34366,1.34352,1.34357,126,11,0
1784617500,1.34357,1.3437700000000001,1.34357,1.34368,213,12,0
1784617800,1.34369,1.3437000000000001,1.34355,1.34364,187,12,0
1784618100,1.34365,1.34372,1.34362,1.34364,199,12,0
1784618400,1.34364,1.34371,1.3436,1.34365,262,12,0
1784618700,1.34366,1.34369,1.3436,1.34363,83,13,0
1784619000,1.34362,1.34379,1.34359,1.34376,157,13,0
1784619300,1.34376,1.3439,1.34375,1.34389,140,12,0
1784619600,1.3439,1.34392,1.34374,1.34389,110,11,0
1784619900,1.34389,1.34399,1.34385,1.34394,230,12,0
1784620200,1.34393,1.3439999999999999,1.34384,1.34395,233,12,0
1784620500,1.34398,1.3439999999999999,1.34388,1.34396,249,11,0
1784620800,1.34395,1.34409,1.34394,1.34401,179,11,0
1784621100,1.34401,1.34423,1.34398,1.34423,341,12,0
1784621400,1.3442,1.34421,1.34384,1.34385,267,12,0
1784621700,1.34385,1.3439,1.34381,1.34382,295,12,0
1784622000,1.34382,1.34392,1.34381,1.34384,251,12,0
1784622300,1.34385,1.3439999999999999,1.34383,1.34397,246,13,0
1784622600,1.34398,1.34422,1.34395,1.34416,202,12,0
1784622900,1.34415,1.34428,1.34413,1.34425,138,12,0
1784623200,1.34426,1.34458,1.34424,1.34454,322,11,0
1784623500,1.34453,1.34453,1.3443,1.3443399999999999,288,11,0
1784623800,1.34436,1.3444,1.34427,1.34432,385,11,0
1784624100,1.34433,1.34433,1.34412,1.34412,255,11,0
1784624400,1.34409,1.34493,1.34409,1.34485,178,11,0
1784624700,1.34483,1.34483,1.34456,1.34473,382,11,0
1784625000,1.34474,1.34478,1.34463,1.34477,318,11,0
1784625300,1.34476,1.34481,1.34456,1.3447200000000001,435,11,0
1784625600,1.3447,1.3450199999999999,1.34462,1.34486,343,11,0
1784625900,1.34487,1.3449,1.34455,1.34466,429,11,0
1784626200,1.3446799999999999,1.34477,1.34454,1.34473,416,11,0
1784626500,1.34473,1.3449900000000001,1.34464,1.34475,366,11,0
1784626800,1.34476,1.34508,1.3446799999999999,1.34506,482,11,0
1784627100,1.34506,1.34522,1.3449499999999999,1.34511,328,11,0
1784627400,1.34511,1.34513,1.34474,1.34475,440,12,0
1784627700,1.34474,1.34487,1.34463,1.34471,506,11,0
1784628000,1.34471,1.34519,1.3447,1.34505,385,11,0
1784628300,1.34504,1.34549,1.34503,1.34514,323,11,0
1784628600,1.34513,1.34515,1.34461,1.34482,421,11,0
1784628900,1.34481,1.34484,1.3445,1.34462,484,11,0
1784629200,1.34462,1.34487,1.34444,1.3447,391,11,0
1784629500,1.34471,1.34478,1.34435,1.34437,459,11,0
1784629800,1.34436,1.34437,1.34385,1.3443399999999999,413,11,0
1784630100,1.3443399999999999,1.3443399999999999,1.3441100000000001,1.34416,472,11,0
1784630400,1.34414,1.34417,1.34359,1.3437000000000001,458,11,0
1784630700,1.3437000000000001,1.34396,1.34366,1.34384,373,11,0
1784631000,1.34384,1.34396,1.34375,1.34387,354,11,0
1784631300,1.34387,1.34408,1.34383,1.34399,373,11,0
1784631600,1.34401,1.34419,1.34388,1.34405,330,11,0
1784631900,1.34406,1.34436,1.34392,1.3443399999999999,466,11,0
1784632200,1.34433,1.34456,1.34426,1.34448,291,11,0
1784632500,1.34447,1.34478,1.3440699999999999,1.34475,346,11,0
1784632800,1.34475,1.34478,1.34413,1.34415,435,11,0
1784633100,1.34416,1.34421,1.34363,1.34364,385,11,0
1784633400,1.34363,1.34363,1.34294,1.343,496,11,0
1784633700,1.34301,1.34328,1.34266,1.3430900000000001,338,11,0
1784634000,1.3430900000000001,1.34324,1.34298,1.34324,237,11,0
1784634300,1.34324,1.34333,1.34306,1.3431600000000001,221,11,0
1784634600,1.34315,1.34328,1.34299,1.34303,229,11,0
1784634900,1.34303,1.34307,1.34283,1.3428499999999999,206,11,0
1784635200,1.3428499999999999,1.34291,1.34271,1.34276,328,11,0
1784635500,1.34279,1.34291,1.34244,1.34271,343,11,0
1784635800,1.34272,1.3428499999999999,1.34262,1.34271,263,11,0
1784636100,1.34269,1.34296,1.34269,1.34272,409,11,0
1784636400,1.34272,1.3428200000000001,1.3426,1.34271,286,11,0
1784636700,1.34269,1.34281,1.34242,1.34242,331,11,0
1784637000,1.34242,1.3428499999999999,1.34242,1.34283,246,11,0
1784637300,1.3428200000000001,1.3433,1.34264,1.34292,359,11,0
1784637600,1.34292,1.34294,1.34271,1.34275,332,11,0
1784637900,1.34274,1.34306,1.3427,1.34294,219,11,0
1784638200,1.34295,1.34302,1.3428200000000001,1.34296,286,11,0
1784638500,1.34296,1.34297,1.3426,1.34266,284,11,0
1784638800,1.34267,1.34275,1.34239,1.34254,372,11,0
1784639100,1.34254,1.34277,1.34241,1.34275,225,11,0
1784639400,1.34275,1.34333,1.34274,1.34306,478,11,0
1784639700,1.34306,1.34307,1.34268,1.34273,285,11,0
1784640000,1.34274,1.34302,1.34263,1.34277,288,11,0
1784640300,1.34277,1.34283,1.34253,1.34272,366,11,0
1784640600,1.34271,1.34295,1.34271,1.34273,239,11,0
1784640900,1.34272,1.34286,1.3425,1.3425099999999999,315,11,0
1784641200,1.3425,1.3425,1.34193,1.34206,305,11,0
1784641500,1.34205,1.34211,1.34173,1.34174,360,11,0
1784641800,1.34172,1.34184,1.34144,1.34152,333,11,0
1784642100,1.34152,1.34174,1.34132,1.34161,457,11,0
1784642400,1.34161,1.3419400000000001,1.34161,1.34193,378,11,0
1784642700,1.34192,1.34201,1.34112,1.34122,328,11,0
1784643000,1.34121,1.34121,1.3407,1.34091,262,11,0
1784643300,1.3409200000000001,1.34107,1.34061,1.34088,311,11,0
1784643600,1.34087,1.34105,1.34074,1.34103,184,11,0
1784643900,1.34103,1.34103,1.34071,1.34083,259,11,0
1784644200,1.34083,1.34098,1.34066,1.34076,255,11,0
1784644500,1.34077,1.34134,1.34076,1.3413300000000001,324,11,0
1784644800,1.3413300000000001,1.34139,1.34091,1.34106,230,11,0
1784645100,1.34105,1.34118,1.34096,1.3411,160,11,0
1784645400,1.34109,1.34115,1.34029,1.34032,310,11,0
1784645700,1.34032,1.34046,1.3401,1.34046,309,11,0
1784646000,1.34045,1.34063,1.33997,1.34019,569,11,0
1784646300,1.34018,1.34044,1.33986,1.33997,494,11,0
1784646600,1.33995,1.3400699999999999,1.33959,1.33976,411,11,0
1784646900,1.33975,1.33985,1.33935,1.3395000000000001,469,11,0
1784647200,1.33951,1.33961,1.33887,1.3389199999999999,434,11,0
1784647500,1.33891,1.33893,1.33829,1.33841,565,11,0
1784647800,1.33841,1.33907,1.33837,1.33893,591,11,0
1784648100,1.3389199999999999,1.3391600000000001,1.3388,1.33903,402,11,0
1784648400,1.33904,1.3390900000000001,1.33832,1.33869,453,11,0
1784648700,1.33868,1.33918,1.33864,1.33896,375,11,0
1784649000,1.33895,1.33895,1.33839,1.33852,474,11,0
1784649300,1.33853,1.33903,1.33813,1.33881,461,11,0
1784649600,1.33883,1.33893,1.33819,1.33867,601,11,0
1784649900,1.33866,1.33875,1.3384,1.33842,543,11,0
1784650200,1.33841,1.3391899999999999,1.33838,1.33917,382,11,0
1784650500,1.33915,1.33945,1.33862,1.33873,592,11,0
1784650800,1.33874,1.3388,1.33793,1.3379699999999999,587,11,0
1784651100,1.33798,1.33806,1.33768,1.33788,601,11,0
1784651400,1.33789,1.33798,1.33709,1.33712,794,11,0
1784651700,1.33708,1.33722,1.33592,1.33595,707,11,0
1784652000,1.33595,1.3363800000000001,1.33595,1.33636,692,11,0
1784652300,1.33636,1.3376700000000001,1.33631,1.33766,618,11,0
1784652600,1.33766,1.33845,1.33752,1.33822,609,11,0
1784652900,1.33822,1.33838,1.33783,1.33808,641,11,0
1784653200,1.33808,1.33847,1.33791,1.33841,689,11,0
1784653500,1.3384,1.33914,1.33834,1.33898,570,11,0
1784653800,1.339,1.33986,1.33891,1.33983,530,11,0
1784654100,1.33984,1.33984,1.33926,1.33931,534,11,0
1784654400,1.33932,1.3394599999999999,1.33881,1.3389199999999999,551,11,0
1784654700,1.33893,1.33915,1.3384800000000001,1.33862,481,11,0
1784655000,1.33861,1.33894,1.3377,1.33771,533,11,0
1784655300,1.33772,1.3378700000000001,1.33752,1.33783,478,11,0
1784655600,1.33786,1.33823,1.33771,1.3379699999999999,409,11,0
1784655900,1.3379699999999999,1.33801,1.3373300000000001,1.3376299999999999,578,11,0
1784656200,1.33762,1.33764,1.33701,1.3372899999999999,538,11,0
1784656500,1.33727,1.33759,1.33653,1.33708,755,11,0
1784656800,1.33707,1.33718,1.33674,1.33714,546,11,0
1784657100,1.33715,1.33732,1.33696,1.3372600000000001,396,11,0
1784657400,1.33727,1.33747,1.33719,1.3373599999999999,382,11,0
1784657700,1.3373599999999999,1.33782,1.33732,1.33759,406,11,0
1784658000,1.3376000000000001,1.33809,1.33741,1.33766,467,11,0
1784658300,1.33765,1.33784,1.33758,1.33769,353,11,0
1784658600,1.33769,1.33793,1.33742,1.33792,496,11,0
1784658900,1.3378999999999999,1.33793,1.33746,1.33752,403,11,0
1784659200,1.33753,1.33765,1.3373599999999999,1.33751,368,11,0
1784659500,1.33752,1.33762,1.33716,1.33723,428,11,0
1784659800,1.33724,1.3373,1.33707,1.3371,322,11,0
1784660100,1.33709,1.33724,1.33705,1.33724,335,11,0
1784660400,1.33725,1.33739,1.33711,1.33727,319,11,0
1784660700,1.33727,1.33731,1.33691,1.33692,293,11,0
1784661000,1.33693,1.33722,1.33686,1.33701,311,11,0
1784661300,1.337,1.33712,1.33691,1.33705,207,11,0
1784661600,1.33704,1.3373599999999999,1.337,1.33723,343,11,0
1784661900,1.33722,1.33727,1.33705,1.3372,312,11,0
1784662200,1.33721,1.33751,1.3371,1.33746,164,11,0
1784662500,1.33747,1.33783,1.3374,1.3378,141,11,0
1784662800,1.3378,1.33826,1.33776,1.3382,227,11,0
1784663100,1.3382,1.33823,1.3379699999999999,1.3382,186,11,0
1784663400,1.33819,1.33826,1.33805,1.33819,193,11,0
1784663700,1.3382,1.33835,1.33814,1.33819,313,11,0
1784664000,1.33819,1.33843,1.33808,1.33817,270,11,0
1784664300,1.33817,1.3383,1.33809,1.33812,237,11,0
1784664600,1.33812,1.33832,1.3379699999999999,1.33823,270,11,0
1784664900,1.33823,1.33834,1.33814,1.3383099999999999,298,11,0
1784665200,1.33832,1.33834,1.3382100000000001,1.33834,257,11,0
1784665500,1.33833,1.3385799999999999,1.33833,1.33857,238,11,0
1784665800,1.3385799999999999,1.33863,1.33842,1.33843,243,11,0
1784666100,1.33843,1.33847,1.33835,1.33845,85,12,0
1784666400,1.33845,1.33854,1.3384,1.33853,102,12,0
1784666700,1.33853,1.33862,1.33841,1.33843,187,11,0
1784667000,1.33843,1.33867,1.33842,1.3386,166,11,0
1784667300,1.3386,1.33863,1.33837,1.3384,205,11,0
1784667600,1.3384,1.3384,1.33775,1.33775,269,11,0
1784667900,1.33774,1.33791,1.33753,1.33782,429,11,0
1784668200,1.33782,1.33793,1.33762,1.33765,245,11,0
1784668500,1.33764,1.33783,1.33751,1.33765,382,11,0
1784668800,1.33766,1.33771,1.33743,1.3377,320,11,0
1784669100,1.3377,1.33806,1.3377,1.3379400000000001,261,11,0
1784669400,1.33792,1.33802,1.33752,1.33754,218,11,0
1784669700,1.33753,1.3376299999999999,1.33743,1.33761,270,11,0
1784670000,1.33762,1.33785,1.3376000000000001,1.3378,305,11,0
1784670300,1.33779,1.33789,1.33768,1.33781,174,11,0
1784670600,1.33781,1.33795,1.33774,1.33791,232,11,0
1784670900,1.33792,1.33805,1.33784,1.33804,241,11,0
1784671200,1.33804,1.3382,1.33793,1.33793,273,11,0
1784671500,1.33791,1.33808,1.33789,1.338,209,11,0
1784671800,1.33801,1.33816,1.33786,1.33803,260,11,0
1784672100,1.33803,1.3382100000000001,1.33802,1.33816,249,11,0
1784672400,1.33816,1.33827,1.33811,1.33823,227,11,0
1784672700,1.33823,1.33837,1.33823,1.33829,203,11,0
1784673000,1.3382800000000001,1.33832,1.33819,1.33826,213,11,0
1784673300,1.33827,1.33827,1.33795,1.33803,265,11,0
1784673600,1.33802,1.33816,1.33802,1.33802,129,11,0
1784673900,1.33801,1.33822,1.33801,1.33818,111,11,0
1784674200,1.33817,1.33839,1.33814,1.3382100000000001,254,11,0
1784674500,1.3382,1.3382,1.33789,1.3379699999999999,403,11,0
1784674800,1.3379699999999999,1.33799,1.3378,1.3378999999999999,252,11,0
1784675100,1.3378999999999999,1.338,1.33785,1.33786,201,11,0
1784675400,1.33786,1.33789,1.33779,1.3378,51,11,0
1784675700,1.33779,1.3378,1.33764,1.33765,148,11,0
1784676000,1.33765,1.33771,1.3376000000000001,1.3377,77,11,0
1784676300,1.33773,1.33786,1.33773,1.33781,55,11,0
1784676600,1.33781,1.33784,1.33776,1.33777,68,12,0
1784676900,1.33778,1.33783,1.33777,1.33783,100,12,0
1784677200,1.33782,1.33786,1.33771,1.33772,135,11,0
1784677500,1.33772,1.33777,1.33765,1.3377,75,12,0
1784677800,1.3377,1.33772,1.3376700000000001,1.33768,31,13,0
1784678100,1.3376700000000001,1.33769,1.33731,1.33734,199,11,0
1784678400,1.33728,1.3372899999999999,1.3364500000000001,1.33687,22,50,0
1784678700,1.33682,1.33753,1.33682,1.33749,29,84,0
1784679000,1.3373599999999999,1.33742,1.33704,1.33704,31,99,0
1784679300,1.3369900000000001,1.3369900000000001,1.33653,1.3369,13,96,0
1784679600,1.3369,1.337,1.3369,1.33696,41,112,0
1784679900,1.33714,1.33714,1.33694,1.33695,40,130,0
1784680200,1.337,1.33719,1.33692,1.33711,61,95,0
1784680500,1.3371,1.33728,1.33696,1.33724,237,101,0
1784680800,1.33725,1.33738,1.33708,1.33732,413,94,0
1784681100,1.3373300000000001,1.3376299999999999,1.33709,1.33728,304,70,0
1784681400,1.33727,1.33737,1.33703,1.33732,241,96,0
1784681700,1.33731,1.33739,1.33694,1.3372899999999999,703,91,0
1784682000,1.3373,1.33762,1.33728,1.33756,100,20,0
1784682300,1.33758,1.33762,1.33757,1.33759,27,20,0
1784682600,1.33759,1.33761,1.33748,1.33748,91,13,0
1784682900,1.33748,1.33752,1.33746,1.33748,98,14,0
1784683200,1.33747,1.33759,1.33747,1.33758,65,15,0
1784683500,1.33757,1.3376700000000001,1.33756,1.33759,115,14,0
1784683800,1.3376000000000001,1.33762,1.33754,1.3376000000000001,155,13,0
1784684100,1.33759,1.3376700000000001,1.33757,1.33757,129,13,0
1784684400,1.33759,1.33759,1.33753,1.33756,53,16,0
1784684700,1.33756,1.33757,1.33741,1.33746,108,14,0
1784685000,1.33747,1.33747,1.3373599999999999,1.3373599999999999,50,15,0
1784685300,1.33737,1.3374,1.33731,1.33734,52,15,0
1784685600,1.3373300000000001,1.33737,1.3372600000000001,1.3373,75,15,0
1784685900,1.33731,1.33739,1.33728,1.33737,53,13,0
1784686200,1.33738,1.33742,1.3373599999999999,1.33737,60,14,0
1784686500,1.33738,1.33742,1.33738,1.33741,26,12,0
1784686800,1.33741,1.33741,1.33731,1.33734,97,12,0
1784687100,1.3373300000000001,1.33742,1.3372899999999999,1.3373300000000001,105,12,0
1784687400,1.3373300000000001,1.33746,1.3373300000000001,1.3374,101,14,0
1784687700,1.3374,1.33749,1.3374,1.33741,93,11,0
1784688000,1.33741,1.33749,1.33739,1.33746,139,13,0
1784688300,1.33747,1.33752,1.33743,1.33749,77,12,0
1784688600,1.33749,1.3377,1.33748,1.33766,161,13,0
1784688900,1.33768,1.33779,1.3376700000000001,1.33777,85,14,0
1784689200,1.3378,1.33809,1.3377,1.33804,298,12,0
1784689500,1.33805,1.33806,1.33778,1.33799,354,12,0
1784689800,1.33799,1.33816,1.33792,1.33815,320,12,0
1784690100,1.33816,1.33832,1.33809,1.33832,270,12,0
1784690400,1.33832,1.3385799999999999,1.3383099999999999,1.33849,314,11,0
1784690700,1.33849,1.3386,1.33847,1.3386,298,12,0
1784691000,1.3386,1.33864,1.3385,1.33852,245,13,0
1784691300,1.3385,1.33853,1.33805,1.33806,329,11,0
1784691600,1.33807,1.33814,1.33802,1.33811,287,12,0
1784691900,1.3381,1.33819,1.33806,1.33816,289,12,0
1784692200,1.33817,1.33832,1.3381,1.33812,300,11,0
1784692500,1.33812,1.3385500000000001,1.33803,1.33844,307,12,0
1784692800,1.33845,1.33872,1.33839,1.33854,388,12,0
1784693100,1.33853,1.33871,1.33853,1.33865,290,12,0
1784693400,1.33866,1.33868,1.33854,1.33862,256,13,0
1784693700,1.3386,1.33867,1.3383099999999999,1.33834,301,12,0
1784694000,1.33833,1.33844,1.33823,1.33825,208,12,0
1784694300,1.3382399999999999,1.33835,1.3382100000000001,1.3383099999999999,246,11,0
1784694600,1.3383099999999999,1.33833,1.33788,1.33801,344,12,0
1784694900,1.33801,1.33803,1.33788,1.33801,268,12,0
1784695200,1.33802,1.33818,1.33798,1.33815,236,12,0
1784695500,1.33814,1.33834,1.33814,1.33829,215,12,0
1784695800,1.3382800000000001,1.33835,1.33819,1.3383099999999999,218,12,0
1784696100,1.33829,1.33833,1.33819,1.33827,239,11,0
1784696400,1.3382800000000001,1.33835,1.33799,1.33812,279,11,0
1784696700,1.33812,1.3382399999999999,1.33803,1.3382399999999999,222,12,0
1784697000,1.3382399999999999,1.33843,1.33822,1.33834,241,11,0
1784697300,1.33834,1.33837,1.33827,1.33829,326,11,0
1784697600,1.3382800000000001,1.3385500000000001,1.3382800000000001,1.3385099999999999,271,12,0
1784697900,1.3385099999999999,1.33891,1.3385,1.33872,306,12,0
1784698200,1.33873,1.33879,1.3386,1.33867,341,11,0
1784698500,1.33866,1.33867,1.3384800000000001,1.33852,317,12,0
1784698800,1.33852,1.3386,1.33846,1.33856,322,13,0
1784699100,1.3385500000000001,1.3386,1.33844,1.33844,196,12,0
1784699400,1.33844,1.3385799999999999,1.3384,1.33856,161,13,0
1784699700,1.3385799999999999,1.33867,1.33841,1.33846,186,13,0
1784700000,1.33845,1.3385799999999999,1.33841,1.33853,254,12,0
1784700300,1.33852,1.33857,1.33826,1.3382800000000001,251,12,0
1784700600,1.3382800000000001,1.33835,1.33806,1.3382,314,13,0
1784700900,1.3382100000000001,1.33837,1.3382,1.33834,203,12,0
1784701200,1.33835,1.33846,1.33832,1.3384,196,12,0
1784701500,1.3384,1.33863,1.3384,1.33862,179,12,0
1784701800,1.33861,1.33864,1.33838,1.33843,171,12,0
1784702100,1.33844,1.33844,1.3382800000000001,1.33838,239,12,0
1784702400,1.33838,1.33839,1.33826,1.3382800000000001,228,12,0
1784702700,1.33829,1.33841,1.3382399999999999,1.3383099999999999,261,13,0
1784703000,1.3383099999999999,1.3383099999999999,1.33816,1.3382,158,11,0
1784703300,1.3382,1.33827,1.3382,1.3382399999999999,161,12,0
1784703600,1.3382399999999999,1.33825,1.33816,1.3382,109,11,0
1784703900,1.3382,1.3382399999999999,1.33812,1.3382100000000001,208,13,0
1784704200,1.3382100000000001,1.3382100000000001,1.33799,1.33811,172,12,0
1784704500,1.33811,1.3382399999999999,1.33811,1.33814,148,12,0
1784704800,1.33813,1.33817,1.33803,1.33813,180,12,0
1784705100,1.33814,1.3382,1.33808,1.33819,114,12,0
1784705400,1.33819,1.33825,1.33817,1.33822,110,12,0
1784705700,1.3382,1.33829,1.33819,1.3382800000000001,69,13,0
1784706000,1.33827,1.33844,1.33827,1.33841,185,12,0
1784706300,1.3384,1.33841,1.33829,1.3383099999999999,173,12,0
1784706600,1.3383099999999999,1.33837,1.33819,1.3382100000000001,148,11,0
1784706900,1.3382,1.3383099999999999,1.33818,1.3383,159,13,0
1784707200,1.3383099999999999,1.3385,1.33826,1.33847,205,13,0
1784707500,1.3384800000000001,1.33853,1.33839,1.3384,199,12,0
1784707800,1.3384,1.3385,1.33837,1.33839,329,12,0
1784708100,1.3384,1.33841,1.33829,1.33841,275,12,0
1784708400,1.33841,1.33859,1.33839,1.33849,228,11,0
1784708700,1.33849,1.3385,1.33827,1.33829,288,11,0
1784709000,1.3382800000000001,1.3383099999999999,1.33806,1.33816,349,11,0
1784709300,1.33815,1.3382800000000001,1.33815,1.33823,376,11,0
1784709600,1.33823,1.33825,1.338,1.33809,448,12,0
1784709900,1.33809,1.33809,1.33786,1.33799,408,11,0
1784710200,1.33798,1.33832,1.3379699999999999,1.33823,313,12,0
1784710500,1.33823,1.33829,1.3378999999999999,1.33795,260,11,0
1784710800,1.33783,1.33904,1.33752,1.33879,390,11,0
1784711100,1.33878,1.33881,1.33845,1.33862,481,11,0
1784711400,1.33861,1.33865,1.3383,1.33833,442,11,0
1784711700,1.33834,1.33835,1.3378999999999999,1.33801,573,11,0
1784712000,1.3381,1.33814,1.33769,1.33772,419,11,0
1784712300,1.33771,1.33773,1.33696,1.33701,474,11,0
1784712600,1.33701,1.33745,1.33686,1.33718,328,11,0
1784712900,1.33718,1.3373,1.3369,1.3369900000000001,289,11,0
1784713200,1.3369900000000001,1.33743,1.33698,1.3374,244,11,0
1784713500,1.33739,1.33758,1.33738,1.33749,351,11,0
1784713800,1.3375,1.33784,1.33723,1.33773,320,11,0
1784714100,1.33771,1.3378999999999999,1.33758,1.33789,386,11,0
1784714400,1.33792,1.33798,1.33758,1.33775,628,11,0
1784714700,1.33776,1.33833,1.33769,1.33832,516,11,0
1784715000,1.3383099999999999,1.3385,1.33817,1.33838,386,11,0
1784715300,1.33838,1.33861,1.33815,1.33853,368,11,0
1784715600,1.33853,1.339,1.33852,1.33863,345,11,0
1784715900,1.33863,1.33878,1.33854,1.33861,389,11,0
1784716200,1.3386,1.3394599999999999,1.3386,1.3388200000000001,617,11,0
1784716500,1.3388200000000001,1.33884,1.33839,1.33846,393,11,0
1784716800,1.33842,1.33845,1.33761,1.33785,478,11,0
1784717100,1.33784,1.3379400000000001,1.33748,1.33772,387,11,0
1784717400,1.33772,1.33818,1.3377,1.33811,371,11,0
1784717700,1.3381,1.33841,1.33808,1.33817,316,11,0
1784718000,1.33817,1.33829,1.33768,1.3379400000000001,476,11,0
1784718300,1.33793,1.338,1.33755,1.33762,457,11,0
1784718600,1.3376299999999999,1.33771,1.33737,1.3374,333,11,0
1784718900,1.3374,1.33762,1.33724,1.33742,299,11,0
1784719200,1.33742,1.33796,1.3374,1.33791,350,11,0
1784719500,1.33791,1.33791,1.33747,1.33769,486,11,0
1784719800,1.3377,1.33832,1.33765,1.33796,460,11,0
1784720100,1.3379699999999999,1.33806,1.33779,1.33786,436,11,0
1784720400,1.33786,1.3381,1.33768,1.33801,361,11,0
1784720700,1.33801,1.33803,1.33747,1.3375,355,11,0
1784721000,1.33751,1.33753,1.33709,1.3372899999999999,306,11,0
1784721300,1.3372899999999999,1.33753,1.3372,1.3373,367,11,0
1784721600,1.33728,1.33742,1.3371,1.33737,411,11,0
1784721900,1.33737,1.3374,1.33708,1.33712,389,11,0
1784722200,1.33713,1.33721,1.33674,1.33683,347,11,0
1784722500,1.33682,1.33689,1.33666,1.33689,290,11,0
1784722800,1.33689,1.33714,1.33667,1.33693,342,11,0
1784723100,1.33696,1.33703,1.33676,1.33693,265,11,0
1784723400,1.33692,1.3373599999999999,1.33681,1.33723,305,11,0
1784723700,1.33723,1.3373,1.337,1.33712,344,11,0
1784724000,1.33711,1.3372,1.33681,1.33701,347,11,0
1784724300,1.337,1.33712,1.33692,1.33697,337,11,0
1784724600,1.33698,1.33698,1.33658,1.33673,358,11,0
1784724900,1.33673,1.33692,1.3366500000000001,1.33686,352,11,0
1784725200,1.33687,1.3370600000000001,1.33659,1.33663,426,11,0
1784725500,1.33662,1.33694,1.33658,1.33671,324,11,0
1784725800,1.33671,1.33715,1.3367,1.33704,349,11,0
1784726100,1.33703,1.33725,1.3370199999999999,1.3371,327,11,0
1784726400,1.33711,1.33739,1.33691,1.33705,435,11,0
1784726700,1.33705,1.33713,1.33682,1.33683,309,11,0
1784727000,1.33682,1.33687,1.3366,1.33679,335,11,0
1784727300,1.33679,1.33694,1.33655,1.3369,248,11,0
1784727600,1.33691,1.33691,1.33652,1.3366500000000001,229,11,0
1784727900,1.33664,1.33678,1.33656,1.33678,236,11,0
1784728200,1.33678,1.33685,1.33655,1.33667,334,11,0
1784728500,1.3366799999999999,1.33723,1.3366799999999999,1.33679,460,11,0
1784728800,1.33677,1.33721,1.33677,1.3370199999999999,487,11,0
1784729100,1.33701,1.33711,1.33677,1.33711,342,11,0
1784729400,1.3371,1.33721,1.33682,1.33683,301,11,0
1784729700,1.33682,1.3369900000000001,1.33659,1.3366,285,11,0
1784730000,1.33659,1.33685,1.33659,1.3367499999999999,260,11,0
1784730300,1.33674,1.33674,1.33629,1.33652,387,11,0
1784730600,1.33652,1.3368,1.3364500000000001,1.3367499999999999,316,11,0
1784730900,1.33676,1.33688,1.33646,1.33684,273,11,0
1784731200,1.33686,1.33688,1.33629,1.3367,614,11,0
1784731500,1.33669,1.33697,1.33652,1.33679,530,11,0
1784731800,1.33678,1.33683,1.33655,1.33666,514,11,0
1784732100,1.33666,1.3367,1.33647,1.33666,439,11,0
1784732400,1.33667,1.33686,1.33649,1.33676,524,11,0
1784732700,1.33677,1.33695,1.33655,1.3366799999999999,403,11,0
1784733000,1.33669,1.33698,1.33657,1.33698,366,11,0
1784733300,1.33698,1.33698,1.33652,1.33674,405,11,0
1784733600,1.33674,1.33678,1.33651,1.33659,366,11,0
1784733900,1.3366,1.33684,1.33658,1.33677,299,11,0
1784734200,1.33678,1.33717,1.33678,1.33711,285,11,0
1784734500,1.33713,1.3372,1.33671,1.3367200000000001,312,11,0
1784734800,1.33671,1.33671,1.33648,1.33669,316,11,0
1784735100,1.33671,1.3367200000000001,1.33579,1.33601,398,11,0
1784735400,1.33602,1.3363,1.33597,1.3361399999999999,321,11,0
1784735700,1.3361100000000001,1.33619,1.3354,1.3358400000000001,573,11,0
1784736000,1.33585,1.33669,1.33585,1.33652,535,11,0
1784736300,1.33651,1.33658,1.33636,1.33658,357,11,0
1784736600,1.33658,1.33667,1.33642,1.3365,379,11,0
1784736900,1.33649,1.33694,1.33633,1.3369,307,11,0
1784737200,1.33691,1.33773,1.3369,1.33771,438,11,0
1784737500,1.33772,1.33792,1.33758,1.33759,432,11,0
1784737800,1.33765,1.33877,1.33761,1.33833,604,11,0
1784738100,1.33832,1.33871,1.33809,1.3385799999999999,597,11,0
1784738400,1.33856,1.33888,1.3383099999999999,1.33859,637,11,0
1784738700,1.33859,1.33862,1.33808,1.33817,479,11,0
1784739000,1.33817,1.33864,1.33806,1.3386,509,11,0
1784739300,1.33859,1.33876,1.33833,1.33862,523,11,0
1784739600,1.33863,1.3389,1.33856,1.33868,587,11,0
1784739900,1.33868,1.33868,1.33814,1.33837,519,11,0
1784740200,1.33838,1.339,1.33823,1.33881,462,11,0
1784740500,1.3388200000000001,1.33902,1.33874,1.3388200000000001,458,11,0
1784740800,1.3388200000000001,1.3389199999999999,1.33818,1.3382800000000001,476,11,0
1784741100,1.33829,1.33849,1.3379699999999999,1.33817,506,11,0
1784741400,1.33817,1.33837,1.33793,1.33826,535,11,0
1784741700,1.33826,1.33829,1.33775,1.33802,424,11,0
1784742000,1.338,1.33807,1.33775,1.3378700000000001,460,11,0
1784742300,1.3378700000000001,1.33803,1.33765,1.33791,470,11,0
1784742600,1.3378999999999999,1.33804,1.3376700000000001,1.33785,511,11,0
1784742900,1.33786,1.33786,1.33715,1.33735,554,11,0
1784743200,1.33734,1.33771,1.33719,1.33761,550,11,0
1784743500,1.33759,1.33786,1.33751,1.33771,403,11,0
1784743800,1.33771,1.33777,1.33755,1.33755,289,11,0
1784744100,1.33755,1.33756,1.33717,1.3373599999999999,316,11,0
1784744400,1.33737,1.33765,1.33719,1.33753,320,11,0
1784744700,1.33752,1.33786,1.3375,1.33776,385,11,0
1784745000,1.33775,1.33782,1.33744,1.33745,496,11,0
1784745300,1.33745,1.3376000000000001,1.33707,1.33715,490,11,0
1784745600,1.33715,1.33751,1.33712,1.33747,452,11,0
1784745900,1.33748,1.33799,1.33747,1.33791,453,11,0
1784746200,1.33792,1.33796,1.3376000000000001,1.3376000000000001,449,11,0
1784746500,1.33759,1.33761,1.3372899999999999,1.33755,402,11,0
1784746800,1.33756,1.33757,1.33724,1.3373,363,11,0
1784747100,1.3373,1.33752,1.3370600000000001,1.33716,293,11,0
1784747400,1.33717,1.33717,1.33673,1.3368,399,11,0
1784747700,1.33681,1.33695,1.33649,1.33654,381,11,0
1784748000,1.33654,1.3369,1.33651,1.33687,278,11,0
1784748300,1.33688,1.33704,1.33679,1.33703,299,11,0
1784748600,1.33705,1.33724,1.33676,1.33678,371,11,0
1784748900,1.33679,1.33692,1.33667,1.33681,231,11,0
1784749200,1.33681,1.33698,1.33677,1.33697,238,11,0
1784749500,1.33696,1.337,1.3368,1.33697,275,11,0
1784749800,1.33696,1.3370199999999999,1.3368,1.33693,269,11,0
1784750100,1.33692,1.33735,1.33692,1.33724,352,11,0
1784750400,1.33723,1.33737,1.33707,1.33722,347,11,0
1784750700,1.33722,1.33727,1.3370199999999999,1.33712,216,11,0
1784751000,1.33712,1.33724,1.3370199999999999,1.33704,295,11,0
1784751300,1.3370199999999999,1.33718,1.3369900000000001,1.33707,398,11,0
1784751600,1.3370600000000001,1.33722,1.33701,1.3371,368,11,0
1784751900,1.33709,1.33731,1.3370600000000001,1.33723,179,11,0
1784752200,1.33722,1.33722,1.33703,1.33705,182,11,0
1784752500,1.33705,1.33707,1.33683,1.33688,208,11,0
1784752800,1.33688,1.3370600000000001,1.33679,1.33703,174,11,0
1784753100,1.3370199999999999,1.33712,1.3369900000000001,1.33708,160,11,0
1784753400,1.33709,1.3372600000000001,1.33707,1.33707,215,11,0
1784753700,1.33707,1.33711,1.33691,1.33708,231,11,0
1784754000,1.33709,1.33722,1.337,1.33701,225,11,0
1784754300,1.33701,1.33708,1.33687,1.33688,246,11,0
1784754600,1.33687,1.33696,1.33681,1.3369,164,11,0
1784754900,1.33689,1.33707,1.33689,1.33705,190,11,0
1784755200,1.33704,1.33717,1.33701,1.33711,198,11,0
1784755500,1.33711,1.33721,1.3371,1.3372,167,11,0
1784755800,1.33721,1.33721,1.33701,1.33712,226,11,0
1784756100,1.33712,1.33725,1.33711,1.33722,241,11,0
1784756400,1.33723,1.3372600000000001,1.3371,1.33718,166,11,0
1784756700,1.33718,1.33749,1.33718,1.33745,182,11,0
1784757000,1.33744,1.33747,1.33727,1.33738,235,11,0
1784757300,1.33737,1.33743,1.33727,1.33732,264,11,0
1784757600,1.33731,1.33738,1.33718,1.33731,318,11,0
1784757900,1.3373,1.33738,1.33723,1.33724,215,11,0
1784758200,1.33724,1.33724,1.33705,1.3370600000000001,160,11,0
1784758500,1.33705,1.33713,1.33701,1.3371,200,11,0
1784758800,1.3371,1.33724,1.33707,1.33718,193,11,0
1784759100,1.33718,1.33721,1.33713,1.3372,126,11,0
1784759400,1.33719,1.33719,1.3370600000000001,1.33714,148,11,0
1784759700,1.33713,1.33722,1.33712,1.33716,151,11,0
1784760000,1.33717,1.33725,1.33716,1.33722,168,11,0
1784760300,1.33723,1.33728,1.33713,1.33716,185,11,0
1784760600,1.33717,1.33717,1.3369900000000001,1.33708,216,11,0
1784760900,1.33703,1.33732,1.33703,1.3372899999999999,328,11,0
1784761200,1.3373,1.33752,1.33727,1.33728,469,11,0
1784761500,1.33727,1.33764,1.33725,1.33761,391,11,0
1784761800,1.33762,1.33765,1.33749,1.33758,190,11,0
1784762100,1.33757,1.33759,1.33752,1.33755,243,11,0
1784762400,1.33756,1.33758,1.3375,1.33755,89,11,0
1784762700,1.33755,1.33759,1.33754,1.33754,64,12,0
1784763000,1.33753,1.33757,1.3373599999999999,1.33739,261,11,0
1784763300,1.33738,1.33749,1.33737,1.33745,173,11,0
1784763600,1.33746,1.33756,1.33746,1.33752,112,11,0
1784763900,1.33752,1.33753,1.33741,1.33743,169,11,0
1784764200,1.33741,1.3375,1.33741,1.33749,96,11,0
1784764500,1.3375,1.33755,1.33722,1.33723,148,11,0
1784764800,1.33725,1.33742,1.33694,1.33694,10,49,0
1784765100,1.33701,1.3371,1.33696,1.33705,14,115,0
1784765400,1.33712,1.33715,1.3367,1.33704,20,157,0
1784765700,1.33705,1.33711,1.33687,1.33696,335,157,0
1784766000,1.33697,1.33711,1.33696,1.33705,37,157,0
1784766300,1.33704,1.3370600000000001,1.33691,1.33695,42,157,0
1784766600,1.33698,1.3369900000000001,1.33681,1.33681,63,144,0
1784766900,1.3368,1.33708,1.33677,1.3368,76,136,0
1784767200,1.33691,1.33703,1.33664,1.33683,69,134,0
1784767500,1.33684,1.33709,1.33678,1.33707,199,143,0
1784767800,1.33705,1.33716,1.33695,1.33708,79,130,0
1784768100,1.3370600000000001,1.33709,1.33692,1.33707,131,104,0
1784768400,1.33715,1.33717,1.33691,1.33696,44,15,0
1784768700,1.33695,1.33703,1.33691,1.33691,20,18,0
1784769000,1.3369,1.33694,1.3368,1.33683,34,12,0
1784769300,1.33684,1.33691,1.3367499999999999,1.33682,60,15,0
1784769600,1.33682,1.33686,1.33682,1.33685,22,19,0
1784769900,1.33685,1.33692,1.33683,1.33683,28,19,0
1784770200,1.33684,1.33687,1.3368,1.33684,36,19,0
1784770500,1.33685,1.3369,1.33673,1.33674,64,15,0
1784770800,1.33673,1.33674,1.33664,1.33674,78,16,0
1784771100,1.33673,1.33679,1.33671,1.33678,62,16,0
1784771400,1.33677,1.33694,1.33676,1.33692,150,19,0
1784771700,1.33693,1.33694,1.33686,1.33693,122,14,0
1784772000,1.33692,1.3370600000000001,1.33692,1.33705,101,14,0
1784772300,1.33704,1.33707,1.337,1.33704,80,14,0
1784772600,1.33705,1.33718,1.33703,1.33716,81,14,0
1784772900,1.33716,1.33724,1.33714,1.3372,70,13,0
1784773200,1.33719,1.33725,1.33715,1.33716,72,12,0
1784773500,1.33715,1.33719,1.33715,1.33718,39,14,0
1784773800,1.33719,1.33738,1.33717,1.33734,106,12,0
1784774100,1.33735,1.33737,1.33728,1.33728,88,12,0
1784774400,1.33727,1.33737,1.33725,1.3373,89,13,0
1784774700,1.3372899999999999,1.33737,1.33724,1.3373300000000001,103,14,0
1784775000,1.33734,1.3373599999999999,1.33725,1.3372899999999999,152,12,0
1784775300,1.33728,1.3375,1.3372600000000001,1.33741,245,13,0
1784775600,1.33743,1.33769,1.33739,1.33761,458,12,0
1784775900,1.3376000000000001,1.33762,1.33743,1.33748,328,12,0
1784776200,1.33748,1.33749,1.3373,1.3373599999999999,306,12,0
1784776500,1.3373599999999999,1.33743,1.33723,1.3374,422,12,0
1784776800,1.3374,1.33755,1.33731,1.33755,413,11,0
1784777100,1.33754,1.33761,1.33737,1.33739,337,12,0
1784777400,1.33737,1.33748,1.33737,1.33744,278,12,0
1784777700,1.33743,1.33757,1.33743,1.33751,269,11,0
1784778000,1.33751,1.33764,1.33746,1.33761,273,12,0
1784778300,1.33762,1.33764,1.33737,1.33742,326,12,0
1784778600,1.33742,1.33762,1.33732,1.33762,393,11,0
1784778900,1.33761,1.3381,1.33754,1.33806,433,11,0
1784779200,1.33806,1.33833,1.33806,1.33811,534,11,0
1784779500,1.3381,1.33825,1.33804,1.3382100000000001,495,12,0
1784779800,1.3382100000000001,1.33826,1.33806,1.33809,577,11,0
1784780100,1.33809,1.33816,1.338,1.33802,554,11,0
1784780400,1.33802,1.3381,1.33793,1.33801,506,12,0
1784780700,1.33802,1.33813,1.3379699999999999,1.33799,245,12,0
1784781000,1.33799,1.33834,1.33796,1.33833,561,11,0
1784781300,1.33833,1.3384,1.33819,1.33823,453,12,0
1784781600,1.33823,1.3385500000000001,1.3382,1.3382100000000001,448,11,0
1784781900,1.33822,1.3382399999999999,1.3379400000000001,1.3381,311,13,0
1784782200,1.33809,1.33822,1.33804,1.33816,335,13,0
1784782500,1.33816,1.3382399999999999,1.33805,1.33808,383,11,0
1784782800,1.33808,1.33835,1.33806,1.33835,287,12,0
1784783100,1.33835,1.3385099999999999,1.33827,1.3384,226,11,0
1784783400,1.33839,1.3384,1.33825,1.33834,189,11,0
1784783700,1.33832,1.33837,1.3382399999999999,1.3382399999999999,196,12,0
1784784000,1.33826,1.3385099999999999,1.3382399999999999,1.33844,189,12,0
1784784300,1.33843,1.33845,1.3382399999999999,1.3383099999999999,219,13,0
1784784600,1.3383,1.33867,1.3383,1.3385799999999999,297,12,0
1784784900,1.3385799999999999,1.33872,1.33845,1.3385,334,11,0
1784785200,1.33849,1.33872,1.33845,1.33869,227,11,0
1784785500,1.33868,1.33881,1.33865,1.33866,220,12,0
1784785800,1.33865,1.33881,1.33865,1.33874,177,12,0
1784786100,1.33875,1.33894,1.33874,1.3388900000000001,185,13,0
1784786400,1.3389,1.33908,1.33877,1.33877,225,11,0
1784786700,1.33879,1.3388,1.33863,1.33876,313,11,0
1784787000,1.33875,1.33877,1.33834,1.33834,338,11,0
1784787300,1.33835,1.33865,1.33827,1.33864,349,12,0
1784787600,1.33863,1.3388499999999999,1.33863,1.33884,246,12,0
1784787900,1.3388499999999999,1.33893,1.33878,1.3389,238,12,0
1784788200,1.33891,1.33898,1.33881,1.33896,199,12,0
1784788500,1.33893,1.33899,1.3388900000000001,1.33894,96,12,0
1784788800,1.33895,1.33898,1.33886,1.33894,256,12,0
1784789100,1.33893,1.33902,1.33874,1.33884,416,13,0
1784789400,1.3388499999999999,1.33894,1.3388,1.33884,287,12,0
1784789700,1.3388200000000001,1.3389199999999999,1.33875,1.33877,289,11,0
1784790000,1.33876,1.33884,1.3387,1.33875,256,12,0
1784790300,1.33876,1.33924,1.33872,1.33917,287,12,0
1784790600,1.33918,1.33926,1.33908,1.33915,233,11,0
1784790900,1.33915,1.33917,1.3386,1.33863,346,11,0
1784791200,1.33863,1.33877,1.33863,1.33874,315,12,0
1784791500,1.33873,1.33894,1.33873,1.3389199999999999,226,13,0
1784791800,1.33893,1.33903,1.3388499999999999,1.33897,205,11,0
1784792100,1.33897,1.33903,1.33893,1.33894,188,12,0
1784792400,1.33895,1.33895,1.3387,1.33871,154,13,0
1784792700,1.3387,1.33886,1.33864,1.33866,212,13,0
1784793000,1.33865,1.33869,1.33854,1.3385799999999999,326,11,0
1784793300,1.33859,1.33864,1.33837,1.3386,251,12,0
1784793600,1.33861,1.33871,1.33853,1.33857,274,12,0
1784793900,1.3385799999999999,1.33872,1.33854,1.33864,197,12,0
1784794200,1.33865,1.33867,1.33846,1.33847,199,13,0
1784794500,1.3384800000000001,1.33849,1.33818,1.3382399999999999,330,12,0
1784794800,1.33825,1.33834,1.33814,1.33823,380,12,0
1784795100,1.33823,1.33846,1.3382100000000001,1.33846,232,12,0
1784795400,1.33845,1.33859,1.33841,1.3385500000000001,264,11,0
1784795700,1.3385500000000001,1.33866,1.33845,1.33854,224,11,0
1784796000,1.33854,1.33863,1.3385,1.3385799999999999,174,12,0
1784796300,1.33857,1.33866,1.33854,1.33854,164,13,0
1784796600,1.33854,1.3385799999999999,1.3385099999999999,1.3385500000000001,169,11,0
1784796900,1.3385500000000001,1.33873,1.3385,1.33853,328,11,0
1784797200,1.3385,1.33904,1.33845,1.33886,463,11,0
1784797500,1.33884,1.33893,1.33871,1.33873,334,11,0
1784797800,1.33874,1.33888,1.33861,1.33886,290,11,0
1784798100,1.3388499999999999,1.33895,1.3385500000000001,1.3385799999999999,566,11,0
1784798400,1.33859,1.33873,1.33857,1.33872,361,11,0
1784798700,1.3387,1.33875,1.3385,1.33868,380,11,0
1784799000,1.33869,1.3387,1.33822,1.3382399999999999,290,11,0
1784799300,1.33825,1.33826,1.33793,1.3379400000000001,246,11,0
1784799600,1.33795,1.33799,1.33747,1.3379400000000001,281,11,0
1784799900,1.3379400000000001,1.33806,1.33784,1.33798,209,11,0
1784800200,1.33798,1.33807,1.33775,1.33777,332,11,0
1784800500,1.33776,1.33778,1.33751,1.33765,412,11,0
1784800800,1.3376700000000001,1.33769,1.3371,1.3371,677,11,0
1784801100,1.33712,1.33748,1.33711,1.33737,471,11,0
1784801400,1.33735,1.33757,1.33712,1.33755,474,11,0
1784801700,1.33756,1.33765,1.33735,1.33759,323,11,0
1784802000,1.33759,1.3379400000000001,1.33756,1.3376700000000001,273,11,0
1784802300,1.33768,1.33789,1.33756,1.33757,354,11,0
1784802600,1.33756,1.33785,1.33746,1.33775,346,11,0
1784802900,1.33775,1.33778,1.33745,1.33747,303,11,0
1784803200,1.33748,1.33757,1.33704,1.33717,386,11,0
1784803500,1.33718,1.33724,1.33662,1.3370600000000001,642,11,0
1784803800,1.33705,1.33721,1.33685,1.33686,426,11,0
1784804100,1.33687,1.3372899999999999,1.33676,1.3372899999999999,542,11,0
1784804400,1.33731,1.33739,1.3369900000000001,1.3370600000000001,489,11,0
1784804700,1.33705,1.33754,1.33703,1.33752,335,11,0
1784805000,1.33753,1.33759,1.33716,1.33719,280,11,0
1784805300,1.33717,1.33719,1.33664,1.33687,445,11,0
1784805600,1.33686,1.33705,1.33655,1.33662,411,11,0
1784805900,1.33662,1.3367,1.33646,1.3366,331,11,0
1784806200,1.33659,1.33659,1.3361399999999999,1.3363399999999999,466,11,0
1784806500,1.33635,1.33674,1.3363399999999999,1.33647,345,11,0
1784806800,1.33648,1.33649,1.33602,1.33632,501,11,0
1784807100,1.33631,1.33661,1.3363,1.33647,393,11,0
1784807400,1.33647,1.33694,1.3364500000000001,1.33691,351,11,0
1784807700,1.33691,1.33695,1.3367499999999999,1.33678,326,11,0
1784808000,1.33677,1.33732,1.33666,1.3373,463,11,0
1784808300,1.33731,1.3373599999999999,1.3369,1.3370600000000001,354,11,0
1784808600,1.33705,1.33711,1.3366500000000001,1.3366500000000001,331,11,0
1784808900,1.3366500000000001,1.33705,1.33663,1.33697,239,11,0
1784809200,1.33697,1.33701,1.3367499999999999,1.33686,263,11,0
1784809500,1.33687,1.33689,1.33661,1.33669,293,11,0
1784809800,1.33669,1.33701,1.33654,1.33698,326,11,0
1784810100,1.3369900000000001,1.33751,1.33697,1.33739,377,11,0
1784810400,1.33739,1.33768,1.3372899999999999,1.33755,282,11,0
1784810700,1.33756,1.33761,1.33728,1.33738,263,11,0
1784811000,1.33737,1.33743,1.33724,1.3374,250,11,0
1784811300,1.33743,1.33747,1.3369900000000001,1.33716,406,11,0
1784811600,1.33716,1.3372600000000001,1.337,1.33716,383,11,0
1784811900,1.33717,1.3372,1.3366799999999999,1.33676,437,11,0
1784812200,1.33677,1.3369900000000001,1.3367,1.3369900000000001,306,11,0
1784812500,1.33698,1.33708,1.33681,1.33682,231,11,0
1784812800,1.33682,1.3369,1.3366,1.33678,324,11,0
1784813100,1.33679,1.33689,1.3367,1.33682,242,11,0
1784813400,1.33681,1.3370600000000001,1.33677,1.33686,371,11,0
1784813700,1.33688,1.33693,1.33656,1.3366799999999999,411,11,0
1784814000,1.33667,1.33669,1.3364099999999999,1.33651,355,11,0
1784814300,1.33649,1.3365,1.3360400000000001,1.33629,517,12,0
1784814600,1.3363,1.33669,1.33616,1.33669,326,11,0
1784814900,1.33669,1.33708,1.33658,1.3367,552,11,0
1784815200,1.33669,1.33676,1.33644,1.3365,394,11,0
1784815500,1.33651,1.33679,1.3363,1.3367,387,11,0
1784815800,1.3367,1.33685,1.33647,1.33667,423,11,0
1784816100,1.33664,1.3367,1.33613,1.33619,419,11,0
1784816400,1.3362,1.33624,1.33588,1.33599,356,11,0
1784816700,1.33599,1.3360400000000001,1.3355299999999999,1.33583,543,11,0
1784817000,1.33583,1.33583,1.33522,1.3353,602,11,0
1784817300,1.3353,1.3353,1.33443,1.33445,683,11,0
1784817600,1.33445,1.33457,1.33395,1.33454,726,11,0
1784817900,1.3345500000000001,1.33509,1.33454,1.33505,597,11,0
1784818200,1.33505,1.3355000000000001,1.33496,1.33517,525,11,0
1784818500,1.33513,1.33561,1.33513,1.33551,538,11,0
1784818800,1.33548,1.3355299999999999,1.3348,1.3351,663,11,0
1784819100,1.33509,1.33529,1.3348,1.33521,479,11,0
1784819400,1.3351899999999999,1.33536,1.33514,1.33529,382,11,0
1784819700,1.33535,1.33537,1.33456,1.33471,544,11,0
1784820000,1.33469,1.33469,1.33396,1.33408,541,11,0
1784820300,1.33407,1.33468,1.3339400000000001,1.33468,460,11,0
1784820600,1.3341,1.33465,1.33398,1.3345099999999999,364,11,0
1784820900,1.3345,1.33453,1.3338999999999999,1.33413,686,11,0
1784821200,1.33412,1.33412,1.33361,1.33388,625,11,0
1784821500,1.33389,1.3342100000000001,1.33343,1.33398,659,11,0
1784821800,1.3339699999999999,1.33403,1.3336999999999999,1.33391,582,11,0
1784822100,1.3338999999999999,1.3343099999999999,1.33385,1.3342100000000001,570,11,0
1784822400,1.3342,1.33422,1.33344,1.3336000000000001,638,11,0
1784822700,1.33361,1.33379,1.33279,1.33291,819,11,0
1784823000,1.33292,1.33324,1.33262,1.33276,784,11,0
1784823300,1.33274,1.33316,1.3326799999999999,1.33297,721,11,0
1784823600,1.33298,1.33331,1.33279,1.3329,594,11,0
1784823900,1.33294,1.33357,1.3327200000000001,1.33352,590,11,0
1784824200,1.33352,1.33432,1.33337,1.33417,803,11,0
1784824500,1.33416,1.33442,1.3336999999999999,1.3338,827,11,0
1784824800,1.33379,1.33408,1.33349,1.33358,788,11,0
1784825100,1.33357,1.33382,1.33327,1.33382,675,11,0
1784825400,1.33382,1.33383,1.3333300000000001,1.33372,581,11,0
1784825700,1.33372,1.33393,1.3326500000000001,1.33277,621,11,0
1784826000,1.33281,1.33308,1.33234,1.33236,631,11,0
1784826300,1.33237,1.3328,1.3321,1.33228,724,11,0
1784826600,1.33233,1.3329,1.33216,1.33276,707,11,0
1784826900,1.3327499999999999,1.33291,1.33222,1.33226,786,11,0
1784827200,1.33227,1.3324500000000001,1.33195,1.33244,668,11,0
1784827500,1.33244,1.33262,1.3323,1.33259,634,11,0
1784827800,1.3326,1.33277,1.33221,1.33229,617,11,0
1784828100,1.33228,1.33289,1.33209,1.33271,608,11,0
1784828400,1.3327,1.33279,1.3317700000000001,1.3317700000000001,627,11,0
1784828700,1.33176,1.33202,1.33158,1.3317,700,11,0
1784829000,1.33169,1.3319,1.3311899999999999,1.33125,683,11,0
1784829300,1.33124,1.33194,1.3312,1.33191,682,11,0
1784829600,1.33194,1.33225,1.33178,1.3320699999999999,741,11,0
1784829900,1.3320699999999999,1.33236,1.33167,1.33171,706,11,0
1784830200,1.33171,1.33186,1.33141,1.33178,627,11,0
1784830500,1.3317700000000001,1.33196,1.3312,1.33129,651,11,0
1784830800,1.33129,1.33136,1.33056,1.33071,807,11,0
1784831100,1.33072,1.33095,1.33067,1.33068,695,11,0
1784831400,1.33067,1.33068,1.32995,1.33014,770,11,0
1784831700,1.33012,1.3309199999999999,1.32981,1.33084,753,11,0
1784832000,1.3308499999999999,1.33127,1.33076,1.33081,683,11,0
1784832300,1.33081,1.33084,1.33053,1.33072,573,11,0
1784832600,1.33071,1.33104,1.3305500000000001,1.33099,545,11,0
1784832900,1.331,1.33112,1.33064,1.33098,451,11,0
1784833200,1.33099,1.3314300000000001,1.33094,1.3312,524,11,0
1784833500,1.33121,1.33131,1.33096,1.33113,393,11,0
1784833800,1.33113,1.33193,1.33113,1.33188,453,11,0
1784834100,1.33188,1.33202,1.3312599999999999,1.33133,514,11,0
1784834400,1.33132,1.33175,1.33132,1.3316,420,11,0
1784834700,1.33159,1.332,1.33159,1.33196,400,11,0
1784835000,1.33195,1.33202,1.33167,1.33172,534,11,0
1784835300,1.33171,1.33179,1.3315299999999999,1.3317700000000001,505,11,0
1784835600,1.33178,1.33233,1.3317,1.33228,481,11,0
1784835900,1.33229,1.33247,1.33225,1.33239,408,11,0
1784836200,1.33239,1.3325,1.33223,1.33226,313,11,0
1784836500,1.33226,1.3324500000000001,1.33224,1.33231,385,11,0
1784836800,1.3323,1.3324,1.332,1.33227,476,11,0
1784837100,1.33227,1.3323800000000001,1.33186,1.33201,445,11,0
1784837400,1.33201,1.33216,1.3319,1.33191,352,11,0
1784837700,1.3319,1.3322,1.3318699999999999,1.33208,395,11,0
1784838000,1.3320699999999999,1.3322,1.33194,1.33208,273,11,0
1784838300,1.33208,1.3321,1.33188,1.33191,348,11,0
1784838600,1.33192,1.33194,1.33168,1.3317999999999999,419,11,0
1784838900,1.33179,1.3319,1.33155,1.3319,484,11,0
1784839200,1.33191,1.33191,1.33157,1.3316,470,11,0
1784839500,1.33161,1.33179,1.3315000000000001,1.33167,403,11,0
1784839800,1.33166,1.3318400000000001,1.33151,1.33174,390,11,0
1784840100,1.33173,1.33175,1.33127,1.33131,401,11,0
1784840400,1.3313,1.33149,1.33125,1.33136,316,11,0
1784840700,1.33136,1.33168,1.33132,1.3316,231,11,0
1784841000,1.33159,1.3317700000000001,1.3315000000000001,1.33152,345,11,0
1784841300,1.3315299999999999,1.33168,1.33129,1.33141,498,11,0
1784841600,1.33142,1.33147,1.33133,1.33141,474,11,0
1784841900,1.3314,1.33168,1.33137,1.33162,420,11,0
1784842200,1.33162,1.33181,1.3316,1.3317700000000001,478,11,0
1784842500,1.33176,1.33178,1.33155,1.33157,460,11,0
1784842800,1.33157,1.33157,1.33131,1.33138,226,11,0
1784843100,1.33138,1.33145,1.33131,1.33141,236,11,0
1784843400,1.33141,1.3314300000000001,1.33135,1.33136,165,11,0
1784843700,1.33135,1.33163,1.33135,1.33159,312,11,0
1784844000,1.33158,1.33186,1.33139,1.33147,253,11,0
1784844300,1.33147,1.33152,1.33133,1.33139,149,11,0
1784844600,1.33139,1.3314,1.33117,1.33118,120,11,0
1784844900,1.33118,1.33131,1.33108,1.3311600000000001,224,11,0
1784845200,1.33115,1.33127,1.33113,1.33125,240,11,0
1784845500,1.33125,1.33157,1.33122,1.33157,265,11,0
1784845800,1.33157,1.3319,1.33155,1.33167,354,11,0
1784846100,1.33166,1.33176,1.33159,1.33171,257,11,0
1784846400,1.3317,1.33171,1.33141,1.33141,276,11,0
1784846700,1.33142,1.33158,1.33137,1.3314599999999999,324,11,0
1784847000,1.33148,1.33168,1.33147,1.3316,336,11,0
1784847300,1.33161,1.33179,1.33158,1.33166,316,11,0
1784847600,1.33167,1.33188,1.33161,1.33182,243,11,0
1784847900,1.3317999999999999,1.33186,1.33175,1.3317999999999999,89,11,0
1784848200,1.33181,1.33181,1.33162,1.33164,69,11,0
1784848500,1.33164,1.33164,1.33145,1.33148,70,11,0
1784848800,1.33148,1.33152,1.33145,1.33152,70,11,0
1784849100,1.33151,1.33159,1.33147,1.33157,105,11,0
1784849400,1.33158,1.33169,1.33151,1.33155,87,11,0
1784849700,1.33152,1.33154,1.3314599999999999,1.33148,72,11,0
1784850000,1.33147,1.33151,1.33144,1.33151,51,12,0
1784850300,1.3315000000000001,1.33157,1.3315000000000001,1.33152,56,11,0
1784850600,1.33151,1.33151,1.3314,1.33147,38,12,0
1784850900,1.3314599999999999,1.33148,1.33102,1.33115,138,14,0
1784851200,1.33109,1.33109,1.33101,1.33101,2,82,0
1784851500,1.3306200000000001,1.33171,1.32999,1.33165,83,78,0
1784851800,1.33138,1.33138,1.33059,1.33071,19,86,0
1784852100,1.33071,1.3315000000000001,1.3307,1.33132,29,85,0
1784852400,1.33131,1.33137,1.3312300000000001,1.33137,21,78,0
1784852700,1.33138,1.33139,1.33124,1.33124,17,83,0
1784853000,1.33124,1.33141,1.33122,1.3314,23,82,0
1784853300,1.33141,1.33147,1.33064,1.33088,47,63,0
1784853600,1.33088,1.33106,1.33088,1.33088,7,82,0
1784853900,1.33088,1.33137,1.33087,1.33087,18,52,0
1784854200,1.33087,1.33087,1.33035,1.33069,19,107,0
1784854500,1.33069,1.3313,1.33069,1.33103,73,86,0
1784854800,1.33103,1.33144,1.33103,1.33132,65,25,0
1784855100,1.33132,1.3314300000000001,1.33132,1.33133,20,20,0
1784855400,1.33134,1.33141,1.33129,1.33134,26,16,0
1784855700,1.33134,1.33134,1.33134,1.33134,4,21,0
1784856000,1.33134,1.3314599999999999,1.33134,1.33145,36,19,0
1784856300,1.33144,1.33145,1.33124,1.33127,33,13,0
1784856600,1.33128,1.33133,1.3312300000000001,1.33132,86,15,0
1784856900,1.33131,1.33139,1.33131,1.33133,58,16,0
1784857200,1.33135,1.33138,1.33133,1.33135,27,16,0
1784857500,1.33134,1.3314,1.33134,1.33138,19,16,0
1784857800,1.33137,1.3314599999999999,1.33137,1.33144,66,17,0
1784858100,1.33144,1.3315299999999999,1.3314300000000001,1.3315000000000001,76,16,0
1784858400,1.33149,1.3315299999999999,1.33135,1.33135,102,14,0
1784858700,1.33136,1.33138,1.33133,1.33134,83,13,0
1784859000,1.33134,1.33138,1.3313,1.33131,71,14,0
1784859300,1.33131,1.33138,1.3313,1.33137,39,14,0
1784859600,1.33138,1.33147,1.33138,1.33147,110,12,0
1784859900,1.33147,1.33148,1.33145,1.3314599999999999,26,12,0
1784860200,1.3314599999999999,1.33154,1.33145,1.3314599999999999,34,12,0
1784860500,1.3314599999999999,1.33147,1.33138,1.33138,85,12,0
1784860800,1.33138,1.33139,1.33113,1.3312599999999999,232,12,0
1784861100,1.3312599999999999,1.33145,1.33125,1.33132,244,12,0
1784861400,1.33131,1.33135,1.33103,1.33104,245,12,0
1784861700,1.33105,1.33128,1.33103,1.3311600000000001,266,12,0
1784862000,1.3311600000000001,1.33147,1.33106,1.33131,534,11,0
1784862300,1.33131,1.33166,1.33124,1.33155,377,12,0
1784862600,1.33156,1.33165,1.3314599999999999,1.33147,296,12,0
1784862900,1.33147,1.3315299999999999,1.33139,1.33148,400,11,0
1784863200,1.33148,1.33167,1.33142,1.33159,350,11,0
1784863500,1.3316,1.33166,1.33152,1.3316,260,12,0
1784863800,1.33161,1.33166,1.33145,1.33147,182,11,0
1784864100,1.33148,1.33156,1.33144,1.3314599999999999,187,11,0
1784864400,1.3314599999999999,1.3315000000000001,1.33136,1.33139,193,12,0
1784864700,1.3314,1.33154,1.33131,1.33148,223,11,0
1784865000,1.33147,1.33165,1.33141,1.33154,283,11,0
1784865300,1.33155,1.33237,1.33152,1.33237,424,11,0
1784865600,1.33239,1.3326,1.33228,1.33237,487,11,0
1784865900,1.33237,1.3323800000000001,1.33218,1.33226,401,11,0
1784866200,1.33226,1.3323,1.33216,1.33229,424,11,0
1784866500,1.33228,1.33235,1.3321,1.33235,570,11,0
1784866800,1.33233,1.33239,1.33226,1.33236,428,12,0
1784867100,1.33237,1.33237,1.33194,1.33196,515,12,0
1784867400,1.33195,1.33225,1.33188,1.33218,489,11,0
1784867700,1.33218,1.33235,1.33213,1.3322,325,13,0
1784868000,1.33221,1.3325,1.33221,1.33249,266,13,0
1784868300,1.3325,1.3325,1.33232,1.33235,270,11,0
1784868600,1.33234,1.33235,1.33223,1.33232,308,12,0
1784868900,1.33232,1.33234,1.33193,1.33202,261,11,0
1784869200,1.33201,1.3321,1.3318400000000001,1.33196,409,11,0
1784869500,1.33194,1.33196,1.33173,1.3317700000000001,421,12,0
1784869800,1.33176,1.33201,1.33174,1.33197,350,12,0
1784870100,1.33196,1.33201,1.33176,1.33178,378,11,0
1784870400,1.3317700000000001,1.33197,1.33172,1.3317700000000001,309,11,0
1784870700,1.33176,1.33189,1.33173,1.33185,366,13,0
1784871000,1.33185,1.33217,1.33182,1.33203,344,12,0
1784871300,1.3320400000000001,1.33205,1.33183,1.3318400000000001,297,13,0
1784871600,1.3318400000000001,1.3318699999999999,1.33176,1.3317700000000001,321,13,0
1784871900,1.33178,1.33179,1.33144,1.33144,481,13,0
1784872200,1.33145,1.33159,1.33137,1.3314,487,11,0
1784872500,1.3314,1.33154,1.33132,1.33133,379,12,0
1784872800,1.33132,1.33138,1.33121,1.3312599999999999,302,11,0
1784873100,1.33125,1.33137,1.3312,1.3312300000000001,293,12,0
1784873400,1.33124,1.33124,1.33104,1.33114,396,12,0
1784873700,1.33113,1.33124,1.33112,1.33114,350,12,0
1784874000,1.33115,1.3312,1.33104,1.33105,323,11,0
1784874300,1.33106,1.3312,1.33106,1.3311,431,12,0
1784874600,1.3311,1.33135,1.33107,1.33133,356,12,0
1784874900,1.33132,1.33138,1.3312300000000001,1.33128,312,13,0
1784875200,1.33127,1.33141,1.33127,1.33135,246,12,0
1784875500,1.33135,1.33135,1.3312599999999999,1.3313,253,11,0
1784875800,1.33129,1.33145,1.33127,1.3314,196,11,0
1784876100,1.33139,1.33139,1.33125,1.33134,199,11,0
1784876400,1.33135,1.33141,1.33129,1.33137,137,13,0
1784876700,1.33136,1.33141,1.3312599999999999,1.33138,149,12,0
1784877000,1.33138,1.33138,1.33127,1.33135,184,13,0
1784877300,1.33134,1.33142,1.33127,1.33132,142,12,0
1784877600,1.33132,1.33136,1.33121,1.3312300000000001,237,13,0
1784877900,1.33124,1.33124,1.33114,1.33115,272,11,0
1784878200,1.33115,1.33121,1.33103,1.33107,229,13,0
1784878500,1.33108,1.33111,1.33102,1.33107,175,13,0
1784878800,1.33108,1.33108,1.3308200000000001,1.3308200000000001,110,13,0
1784879100,1.3308,1.33086,1.33067,1.33073,214,12,0
1784879400,1.33072,1.33078,1.33057,1.33073,284,12,0
1784879700,1.33073,1.33098,1.33073,1.33097,134,12,0
1784880000,1.33098,1.33105,1.33087,1.33102,237,11,0
1784880300,1.33103,1.3311600000000001,1.33102,1.33108,250,12,0
1784880600,1.33112,1.3312300000000001,1.33105,1.33112,211,13,0
1784880900,1.33111,1.33118,1.33106,1.33115,215,13,0
1784881200,1.33114,1.33135,1.33114,1.33133,143,12,0
1784881500,1.33133,1.3314300000000001,1.33129,1.33136,132,11,0
1784881800,1.33137,1.3316,1.33137,1.33151,195,11,0
1784882100,1.3315000000000001,1.33157,1.33139,1.3315000000000001,217,11,0
1784882400,1.33149,1.33157,1.33132,1.33137,213,12,0
1784882700,1.33136,1.33148,1.33132,1.33144,216,12,0
1784883000,1.33144,1.33144,1.33107,1.33111,341,11,0
1784883300,1.33112,1.3311600000000001,1.33068,1.33068,385,11,0
1784883600,1.33064,1.33118,1.33064,1.33114,352,11,0
1784883900,1.33113,1.3312300000000001,1.33094,1.33109,346,11,0
1784884200,1.3311,1.3311600000000001,1.33076,1.33114,424,11,0
1784884500,1.33113,1.3317700000000001,1.33111,1.33175,215,11,0
1784884800,1.33176,1.332,1.33176,1.33189,304,12,0
1784885100,1.33189,1.33221,1.3318400000000001,1.332,378,12,0
1784885400,1.33199,1.33224,1.33181,1.33221,303,11,0
1784885700,1.33219,1.33239,1.3321100000000001,1.33235,304,11,0
1784886000,1.33236,1.33242,1.33196,1.33201,322,11,0
1784886300,1.332,1.33229,1.33194,1.33205,318,11,0
1784886600,1.3320400000000001,1.33227,1.3318400000000001,1.33205,385,11,0
1784886900,1.3320400000000001,1.33254,1.33198,1.33254,595,11,0
1784887200,1.33255,1.3327,1.3322,1.33258,671,11,0
1784887500,1.33257,1.3333599999999999,1.33255,1.33334,346,11,0
1784887800,1.33334,1.3338,1.3333,1.3336700000000001,382,11,0
1784888100,1.33375,1.33379,1.33305,1.33337,599,11,0
1784888400,1.3333599999999999,1.33376,1.3333599999999999,1.33374,304,11,0
1784888700,1.33374,1.3341,1.33372,1.33393,296,11,0
1784889000,1.33392,1.33437,1.3338,1.33401,508,11,0
1784889300,1.33401,1.33413,1.33351,1.33353,454,11,0
1784889600,1.33355,1.33359,1.33305,1.33317,544,11,0
1784889900,1.33316,1.33337,1.33295,1.3333599999999999,491,11,0
1784890200,1.33335,1.33371,1.33317,1.33371,336,11,0
1784890500,1.3336999999999999,1.33372,1.3334,1.33351,311,11,0
1784890800,1.3335,1.33364,1.33307,1.33314,379,11,0
1784891100,1.33313,1.33347,1.33298,1.3334,453,11,0
1784891400,1.33341,1.33359,1.33337,1.33355,339,11,0
1784891700,1.33355,1.33355,1.33294,1.3330899999999999,425,11,0
1784892000,1.33308,1.3331,1.3327,1.33288,438,11,0
1784892300,1.33288,1.33321,1.3326799999999999,1.33314,393,11,0
1784892600,1.33307,1.33339,1.33286,1.33286,360,11,0
1784892900,1.33287,1.33291,1.33253,1.3327499999999999,381,11,0
1784893200,1.3327499999999999,1.33287,1.33258,1.33269,403,11,0
1784893500,1.33267,1.3327,1.3321399999999999,1.33215,403,11,0
1784893800,1.3321399999999999,1.33254,1.33205,1.33251,508,11,0
1784894100,1.3325,1.3325,1.33193,1.33205,390,11,0
1784894400,1.33205,1.33213,1.33156,1.33164,368,11,0
1784894700,1.33164,1.33216,1.33162,1.33216,307,11,0
1784895000,1.33215,1.33215,1.3314300000000001,1.3314599999999999,322,11,0
1784895300,1.33144,1.33163,1.3312300000000001,1.33151,381,11,0
1784895600,1.33151,1.33152,1.33125,1.3314599999999999,294,11,0
1784895900,1.33145,1.33185,1.3314,1.33181,271,11,0
1784896200,1.33181,1.3321399999999999,1.33165,1.3320699999999999,251,11,0
1784896500,1.3320699999999999,1.33208,1.33175,1.33178,235,11,0
1784896800,1.33179,1.33194,1.33164,1.33179,339,11,0
1784897100,1.33181,1.33195,1.33157,1.3316,294,11,0
1784897400,1.3316,1.33167,1.33131,1.33166,380,11,0
1784897700,1.33165,1.33185,1.33163,1.3318400000000001,350,11,0
1784898000,1.33186,1.33191,1.33144,1.3316,382,11,0
1784898300,1.33159,1.33161,1.3312599999999999,1.33158,269,11,0
1784898600,1.33157,1.33167,1.3314599999999999,1.33154,314,11,0
1784898900,1.33151,1.33183,1.3315000000000001,1.33176,217,11,0
1784899200,1.33176,1.33239,1.33172,1.3323800000000001,301,11,0
1784899500,1.33243,1.33279,1.33237,1.33246,388,11,0
1784899800,1.33246,1.33279,1.33246,1.33269,259,11,0
1784900100,1.33269,1.33269,1.33249,1.33252,234,11,0
1784900400,1.33252,1.33256,1.33234,1.33239,328,11,0
1784900700,1.3323800000000001,1.33258,1.33234,1.3324500000000001,214,11,0
1784901000,1.33244,1.3324500000000001,1.33209,1.3321100000000001,330,11,0
1784901300,1.3321100000000001,1.33253,1.33185,1.3321399999999999,440,11,0
1784901600,1.33212,1.33253,1.33195,1.33252,544,11,0
1784901900,1.33251,1.33264,1.33226,1.3324500000000001,327,11,0
1784902200,1.33246,1.33271,1.3324500000000001,1.33271,225,11,0
1784902500,1.33269,1.3327200000000001,1.33251,1.33252,296,11,0
1784902800,1.33252,1.33259,1.33234,1.33256,215,11,0
1784903100,1.33257,1.33263,1.3324,1.3324,222,11,0
1784903400,1.3324099999999999,1.33246,1.33231,1.33239,262,11,0
1784903700,1.3324,1.3324,1.33213,1.33221,459,11,0
1784904000,1.33222,1.33222,1.33192,1.3321,445,11,0
1784904300,1.3321,1.33231,1.33201,1.33215,449,11,0
1784904600,1.33215,1.33221,1.3316,1.33176,405,11,0
1784904900,1.33176,1.3324500000000001,1.33134,1.33223,685,11,0
1784905200,1.33225,1.33246,1.33169,1.33195,651,11,0
1784905500,1.33195,1.3324,1.33175,1.33233,432,11,0
1784905800,1.33233,1.3324799999999999,1.33217,1.3323800000000001,364,11,0
1784906100,1.3323800000000001,1.3323800000000001,1.3320699999999999,1.33209,359,11,0
1784906400,1.3320699999999999,1.3320699999999999,1.33172,1.33174,471,11,0
1784906700,1.33174,1.33175,1.33135,1.33154,476,11,0
1784907000,1.33155,1.33165,1.3309199999999999,1.33093,433,11,0
1784907300,1.33093,1.33134,1.33093,1.3312300000000001,413,11,0
1784907600,1.33124,1.33124,1.33064,1.3308200000000001,485,11,0
1784907900,1.3308200000000001,1.33113,1.33051,1.3308200000000001,474,11,0
1784908200,1.33081,1.33125,1.33081,1.33114,340,11,0
1784908500,1.33113,1.33118,1.33081,1.33093,423,11,0
1784908800,1.3309199999999999,1.33121,1.33081,1.33096,609,11,0
1784909100,1.33095,1.33103,1.33063,1.33064,486,11,0
1784909400,1.33063,1.33138,1.33052,1.33113,482,11,0
1784909700,1.33114,1.33128,1.3311,1.33124,417,11,0
1784910000,1.33124,1.33138,1.33101,1.3312300000000001,391,11,0
1784910300,1.33125,1.3317700000000001,1.33112,1.3317700000000001,368,11,0
1784910600,1.33176,1.33188,1.3315299999999999,1.33155,639,11,0
1784910900,1.33156,1.3319,1.33129,1.33175,597,11,0
1784911200,1.33176,1.33197,1.33162,1.33176,633,11,0
1784911500,1.33156,1.33218,1.33152,1.33202,486,11,0
1784911800,1.33202,1.33246,1.33175,1.3324500000000001,611,11,0
1784912100,1.3324500000000001,1.33262,1.33231,1.33249,437,11,0
1784912400,1.33251,1.33288,1.33228,1.33229,516,11,0
1784912700,1.3323,1.33236,1.33192,1.33235,598,11,0
1784913000,1.33234,1.3326799999999999,1.33233,1.33246,579,11,0
1784913300,1.33246,1.33266,1.3320400000000001,1.33235,520,11,0
1784913600,1.33234,1.33287,1.3321399999999999,1.33287,541,11,0
1784913900,1.3329,1.33307,1.33251,1.33252,436,11,0
1784914200,1.33254,1.3327499999999999,1.33236,1.3327,464,11,0
1784914500,1.33273,1.33283,1.33233,1.33234,435,11,0
1784914800,1.33235,1.3327,1.33234,1.3324500000000001,472,11,0
1784915100,1.33244,1.33278,1.33233,1.33269,446,11,0
1784915400,1.33271,1.33294,1.33251,1.33287,564,11,0
1784915700,1.33287,1.33338,1.33257,1.33259,707,11,0
1784916000,1.3326,1.33311,1.33237,1.3330199999999999,715,11,0
1784916300,1.33303,1.3338700000000001,1.3330199999999999,1.3338,515,11,0
1784916600,1.3338,1.33446,1.3336999999999999,1.33425,866,11,0
1784916900,1.33423,1.3348200000000001,1.33396,1.33405,848,11,0
1784917200,1.33406,1.33432,1.33389,1.33401,458,11,0
1784917500,1.334,1.33425,1.33384,1.3342,520,11,0
1784917800,1.3342,1.33426,1.33382,1.33405,516,11,0
1784918100,1.33405,1.33441,1.3338999999999999,1.3344,433,11,0
1784918400,1.33438,1.33444,1.33375,1.33391,442,11,0
1784918700,1.33392,1.33414,1.33385,1.3339400000000001,362,11,0
1784919000,1.3339400000000001,1.33433,1.3339400000000001,1.33415,295,11,0
1784919300,1.33415,1.3342800000000001,1.3339400000000001,1.33413,364,11,0
1784919600,1.33414,1.3342100000000001,1.334,1.33413,354,11,0
1784919900,1.33412,1.33437,1.3338999999999999,1.33432,318,11,0
1784920200,1.3343099999999999,1.33439,1.33422,1.3343099999999999,302,11,0
1784920500,1.33432,1.33448,1.33425,1.33434,316,11,0
1784920800,1.33433,1.33434,1.33412,1.33423,365,11,0
1784921100,1.33423,1.3342399999999999,1.3338999999999999,1.33396,302,11,0
1784921400,1.33395,1.33405,1.33373,1.33403,452,11,0
1784921700,1.334,1.33404,1.3336700000000001,1.33372,219,11,0
1784922000,1.33371,1.33373,1.33351,1.33354,192,11,0
1784922300,1.33353,1.33355,1.33319,1.33331,290,11,0
1784922600,1.33331,1.33332,1.33305,1.33325,272,11,0
1784922900,1.33324,1.33341,1.33319,1.33319,225,11,0
1784923200,1.33319,1.33321,1.33297,1.33301,336,11,0
1784923500,1.333,1.33303,1.3323,1.33242,462,11,0
1784923800,1.33242,1.33254,1.3323,1.33247,320,11,0
1784924100,1.33247,1.33255,1.33225,1.33225,241,11,0
1784924400,1.33225,1.3323800000000001,1.33213,1.33232,274,11,0
1784924700,1.33232,1.33256,1.33231,1.33256,245,11,0
1784925000,1.33254,1.33266,1.33249,1.33251,229,11,0
1784925300,1.33252,1.33252,1.33218,1.3322,213,11,0
1784925600,1.33221,1.33235,1.3321,1.3323,215,11,0
1784925900,1.33229,1.33231,1.3321399999999999,1.33221,170,11,0
1784926200,1.33221,1.33227,1.3321100000000001,1.33227,189,11,0
1784926500,1.33227,1.33254,1.33226,1.33243,267,11,0
1784926800,1.33244,1.33254,1.3324,1.33252,197,11,0
1784927100,1.33252,1.33262,1.33246,1.33262,201,11,0
1784927400,1.33262,1.33277,1.33261,1.33274,210,11,0
1784927700,1.3327499999999999,1.33286,1.33271,1.3327200000000001,176,11,0
1784928000,1.3327200000000001,1.3327200000000001,1.33251,1.33261,208,11,0
1784928300,1.33261,1.33266,1.3325,1.33254,275,11,0
1784928600,1.33253,1.3326500000000001,1.33232,1.3324099999999999,248,11,0
1784928900,1.3324,1.33252,1.33233,1.33243,301,11,0
1784929200,1.33243,1.33252,1.33235,1.33244,192,12,0
1784929500,1.3324500000000001,1.33277,1.33244,1.33254,144,11,0
1784929800,1.33254,1.33264,1.33246,1.33247,164,11,0
1784930100,1.33246,1.33258,1.33244,1.3324799999999999,250,11,0
1784930400,1.33251,1.33267,1.33251,1.33262,283,11,0
1784930700,1.33262,1.33264,1.33252,1.33252,252,11,0
1784931000,1.33252,1.33264,1.3324500000000001,1.33249,212,11,0
1784931300,1.33249,1.33255,1.3323800000000001,1.33247,210,11,0
1784931600,1.3324799999999999,1.33256,1.33221,1.33224,198,11,0
1784931900,1.33222,1.33228,1.33216,1.33225,175,11,0
1784932200,1.33226,1.33249,1.33223,1.33237,288,11,0
1784932500,1.33236,1.33259,1.33234,1.33237,407,11,0
1784932800,1.33237,1.33246,1.33227,1.33234,244,11,0
1784933100,1.33232,1.33237,1.33208,1.33228,231,11,0
1784933400,1.33228,1.33228,1.3321100000000001,1.33221,310,11,0
1784933700,1.3322,1.33224,1.3320699999999999,1.3320699999999999,230,11,0
1784934000,1.3320699999999999,1.33217,1.33205,1.33216,107,11,0
1784934300,1.33216,1.33217,1.332,1.33203,136,11,0
1784934600,1.33201,1.33205,1.332,1.33202,201,11,0
1784934900,1.33202,1.33206,1.33194,1.33194,151,11,0
1784935200,1.33195,1.33199,1.33194,1.33196,115,11,0
1784935500,1.33197,1.33198,1.33188,1.33189,154,11,0
1784935800,1.33188,1.33189,1.33183,1.33185,34,11,0
1784936100,1.3318400000000001,1.3318699999999999,1.33159,1.33161,49,11,0
1784936400,1.3316,1.33183,1.3316,1.33176,75,12,0
1784936700,1.33175,1.33194,1.33174,1.33188,182,12,0
1784937000,1.33189,1.3320400000000001,1.33181,1.3319,189,12,0
1784937300,1.33191,1.3322,1.33191,1.33208,127,13,0
1785110700,1.33327,1.33327,1.33174,1.33271,9,150,0
1785111000,1.33181,1.33271,1.33181,1.33194,5,130,0
1785111300,1.3327,1.33317,1.3318699999999999,1.3330899999999999,26,136,0
1785111600,1.3330899999999999,1.33312,1.3330199999999999,1.3330899999999999,11,133,0
1785111900,1.3330899999999999,1.33312,1.33307,1.33307,8,131,0
1785112200,1.3332,1.3332600000000001,1.3332,1.33322,8,110,0
1785112500,1.33301,1.33325,1.33269,1.33274,103,134,0
1785112800,1.33239,1.33281,1.3323800000000001,1.3328,92,154,0
1785113100,1.33267,1.33398,1.33267,1.3331,83,67,0
1785113400,1.33314,1.33314,1.33278,1.33285,37,157,0
1785113700,1.33286,1.33353,1.33277,1.3333599999999999,66,137,0
1785114000,1.33308,1.33556,1.33282,1.33523,198,14,0
1785114300,1.33523,1.33548,1.33497,1.33497,122,13,0
1785114600,1.33497,1.33497,1.3345099999999999,1.33462,193,11,0
1785114900,1.3346,1.33483,1.33447,1.33474,386,12,0
1785115200,1.33474,1.33484,1.33439,1.3344,284,13,0
1785115500,1.3344,1.33466,1.3343099999999999,1.33462,398,11,0
1785115800,1.33464,1.33466,1.33445,1.3345,286,11,0
1785116100,1.3345099999999999,1.3345500000000001,1.3343099999999999,1.33432,204,14,0
1785116400,1.33433,1.33452,1.33432,1.3345,285,13,0
1785116700,1.3345099999999999,1.33453,1.33427,1.33434,314,11,0
1785117000,1.33432,1.33443,1.3343,1.33433,317,12,0
1785117300,1.33433,1.33433,1.33411,1.33423,209,13,0
1785117600,1.33425,1.33443,1.33414,1.33433,176,12,0
1785117900,1.33435,1.3345,1.33433,1.33434,72,11,0
1785118200,1.33434,1.33441,1.33429,1.33435,53,11,0
1785118500,1.33435,1.33443,1.33429,1.3343099999999999,102,13,0
1785118800,1.3343099999999999,1.33436,1.3342100000000001,1.3342100000000001,88,13,0
1785119100,1.33422,1.33436,1.33419,1.33435,108,12,0
1785119400,1.33435,1.33456,1.33434,1.33454,90,13,0
1785119700,1.3345500000000001,1.33465,1.33454,1.33462,91,14,0
1785120000,1.33462,1.3348200000000001,1.33461,1.33473,147,11,0
1785120300,1.33474,1.33486,1.33462,1.33486,240,14,0
1785120600,1.33487,1.33487,1.33462,1.33465,226,12,0
1785120900,1.33464,1.3351199999999999,1.33462,1.335,224,13,0
1785121200,1.33501,1.33534,1.3349,1.3351199999999999,709,11,0
1785121500,1.33511,1.33515,1.33491,1.33504,531,11,0
1785121800,1.33503,1.3357999999999999,1.33496,1.33576,641,11,0
1785122100,1.3357700000000001,1.33586,1.33545,1.33562,560,11,0
1785122400,1.33564,1.33586,1.33541,1.3357700000000001,413,12,0
1785122700,1.33578,1.3361100000000001,1.33572,1.33601,497,12,0
1785123000,1.33602,1.33623,1.33592,1.3360400000000001,456,11,0
1785123300,1.3360400000000001,1.3360400000000001,1.33562,1.33571,395,11,0
1785123600,1.33571,1.3357999999999999,1.33562,1.33569,289,11,0
1785123900,1.33568,1.33575,1.33538,1.33539,331,11,0
1785124200,1.33539,1.3354,1.335,1.335,380,11,0
1785124500,1.335,1.3351600000000001,1.33497,1.33504,363,12,0
1785124800,1.33504,1.33547,1.33504,1.33525,466,11,0
1785125100,1.33524,1.33559,1.33524,1.33545,423,12,0
1785125400,1.3354599999999999,1.33556,1.33537,1.33537,363,11,0
1785125700,1.33538,1.33559,1.33533,1.33549,423,11,0
1785126000,1.33549,1.33554,1.33527,1.33537,357,11,0
1785126300,1.33538,1.33539,1.33525,1.33535,339,12,0
1785126600,1.33535,1.33569,1.33535,1.33549,372,11,0
1785126900,1.33549,1.33549,1.33514,1.33527,327,11,0
1785127200,1.33527,1.33559,1.33525,1.33547,370,12,0
1785127500,1.33547,1.33585,1.33547,1.3358400000000001,423,11,0
1785127800,1.3358400000000001,1.33586,1.33554,1.33565,272,13,0
1785128100,1.33566,1.33627,1.33561,1.33627,327,11,0
1785128400,1.3363,1.3363,1.33597,1.33601,405,11,0
1785128700,1.33601,1.3361100000000001,1.33596,1.33602,345,11,0
1785129000,1.33602,1.33606,1.33587,1.33589,291,12,0
1785129300,1.3359,1.33596,1.33558,1.33566,289,11,0
1785129600,1.33567,1.3358400000000001,1.33561,1.33582,241,13,0
1785129900,1.33583,1.33596,1.33583,1.3359,229,12,0
1785130200,1.33589,1.33589,1.33568,1.33585,322,12,0
1785130500,1.33585,1.33594,1.3355299999999999,1.33555,256,11,0
1785130800,1.33555,1.33574,1.33554,1.33565,201,11,0
1785131100,1.33565,1.33569,1.33549,1.33558,218,12,0
1785131400,1.33559,1.33563,1.3355000000000001,1.33558,229,11,0
1785131700,1.33556,1.33556,1.3354,1.33541,295,12,0
1785132000,1.33541,1.33558,1.33532,1.33535,413,11,0
1785132300,1.33535,1.33551,1.33518,1.33544,312,11,0
1785132600,1.3354300000000001,1.33544,1.3352,1.33525,412,12,0
1785132900,1.33525,1.3354,1.3351899999999999,1.33534,346,12,0
1785133200,1.33535,1.33535,1.33523,1.3353,306,12,0
1785133500,1.3353,1.33538,1.33518,1.33521,287,11,0
1785133800,1.33517,1.33518,1.3349199999999999,1.33502,522,11,0
1785134100,1.33503,1.33509,1.33495,1.33502,358,11,0
1785134400,1.33503,1.3351199999999999,1.33499,1.33508,240,12,0
1785134700,1.33509,1.33521,1.33504,1.33509,157,12,0
1785135000,1.3351,1.33518,1.33501,1.33509,195,13,0
1785135300,1.33509,1.33522,1.33508,1.3351899999999999,108,11,0
1785135600,1.3351899999999999,1.3354,1.3351600000000001,1.33531,189,11,0
1785135900,1.33531,1.33534,1.33521,1.33523,229,12,0
1785136200,1.33523,1.33532,1.3351899999999999,1.33532,146,12,0
1785136500,1.33533,1.3354,1.33527,1.33538,182,13,0
1785136800,1.33538,1.33539,1.33508,1.33508,152,12,0
1785137100,1.33509,1.3351199999999999,1.3349199999999999,1.335,181,12,0
1785137400,1.335,1.33518,1.33499,1.3351600000000001,138,11,0
1785137700,1.3351600000000001,1.3351899999999999,1.33511,1.3351899999999999,270,12,0
1785138000,1.3351600000000001,1.33535,1.3351,1.33514,160,11,0
1785138300,1.33515,1.3351899999999999,1.3351,1.33511,136,11,0
1785138600,1.3351199999999999,1.33513,1.33499,1.33506,148,11,0
1785138900,1.33504,1.33523,1.33502,1.33502,220,11,0
1785139200,1.33502,1.33515,1.33491,1.33506,184,11,0
1785139500,1.33506,1.33526,1.33502,1.33523,185,12,0
1785139800,1.33523,1.3355299999999999,1.3352,1.33551,174,12,0
1785140100,1.33551,1.33552,1.33534,1.33542,248,12,0
1785140400,1.3354300000000001,1.3354300000000001,1.33526,1.33526,193,12,0
1785140700,1.33525,1.33534,1.33515,1.33533,235,12,0
1785141000,1.33534,1.33545,1.33517,1.33522,242,11,0
1785141300,1.33522,1.33534,1.33515,1.33527,265,11,0
1785141600,1.33527,1.33534,1.3351600000000001,1.33521,261,11,0
1785141900,1.3352,1.33534,1.33514,1.33528,170,12,0
1785142200,1.33528,1.3355299999999999,1.33526,1.33549,213,11,0
1785142500,1.3355000000000001,1.33554,1.33518,1.33523,320,11,0
1785142800,1.3352,1.33571,1.33509,1.3355299999999999,482,11,0
1785143100,1.33551,1.33559,1.33533,1.33557,365,11,0
1785143400,1.33559,1.33581,1.33541,1.33555,445,11,0
1785143700,1.33555,1.33558,1.33515,1.3351600000000001,454,11,0
1785144000,1.3351899999999999,1.3354599999999999,1.3351,1.33544,394,11,0
1785144300,1.3354300000000001,1.33582,1.3354300000000001,1.33576,290,11,0
1785144600,1.33575,1.33579,1.3354,1.33556,347,11,0
1785144900,1.33557,1.33586,1.33541,1.33583,286,11,0
1785145200,1.33582,1.33602,1.3356,1.33574,336,11,0
1785145500,1.33575,1.33586,1.3354,1.33542,263,11,0
1785145800,1.33541,1.33548,1.33508,1.3351,279,11,0
1785146100,1.3351,1.33511,1.33473,1.3349,413,11,0
1785146400,1.33487,1.33517,1.3342100000000001,1.33443,558,11,0
1785146700,1.33442,1.33457,1.3342399999999999,1.33425,406,11,0
1785147000,1.3342399999999999,1.33473,1.33401,1.33473,398,11,0
1785147300,1.33474,1.33474,1.33423,1.33429,558,11,0
1785147600,1.3342800000000001,1.33474,1.33405,1.33445,578,11,0
1785147900,1.33444,1.3348900000000001,1.33441,1.33468,570,11,0
1785148200,1.33468,1.33469,1.3342,1.33448,584,11,0
1785148500,1.33448,1.33462,1.33416,1.33423,490,11,0
1785148800,1.33422,1.33452,1.33393,1.33415,393,11,0
1785149100,1.33416,1.3342100000000001,1.33391,1.33406,399,11,0
1785149400,1.33405,1.33423,1.33393,1.33395,554,11,0
1785149700,1.33396,1.334,1.33335,1.33339,398,11,0
1785150000,1.3333599999999999,1.33375,1.33334,1.33354,476,11,0
1785150300,1.33351,1.33365,1.33315,1.33317,591,11,0
1785150600,1.33318,1.33349,1.33316,1.33327,417,11,0
1785150900,1.3332600000000001,1.3333599999999999,1.33301,1.33324,357,11,0
1785151200,1.33325,1.33325,1.333,1.33324,401,11,0
1785151500,1.33325,1.33342,1.33319,1.33331,363,11,0
1785151800,1.33331,1.33343,1.33312,1.33331,361,11,0
1785152100,1.33331,1.3336299999999999,1.33331,1.33358,247,11,0
1785152400,1.33357,1.3338700000000001,1.33341,1.33351,349,11,0
1785152700,1.33351,1.33366,1.33346,1.33346,231,11,0
1785153000,1.33346,1.33381,1.33338,1.33373,360,11,0
1785153300,1.33372,1.33396,1.33371,1.33372,341,11,0
1785153600,1.33372,1.33392,1.33355,1.33392,321,11,0
1785153900,1.33391,1.33402,1.33369,1.33372,278,11,0
1785154200,1.33372,1.33376,1.3331,1.33321,376,11,0
1785154500,1.33322,1.33335,1.33311,1.33318,341,11,0
1785154800,1.33317,1.3333,1.33305,1.3331,272,11,0
1785155100,1.3331,1.33334,1.3329900000000001,1.33307,275,11,0
1785155400,1.33308,1.33324,1.33292,1.33314,330,11,0
1785155700,1.33313,1.3333599999999999,1.333,1.33335,274,11,0
1785156000,1.3333599999999999,1.33345,1.3332600000000001,1.3333,253,11,0
1785156300,1.33331,1.33338,1.3332,1.33323,272,11,0
1785156600,1.33322,1.33324,1.33292,1.33311,286,11,0
1785156900,1.33312,1.33335,1.33304,1.33304,317,11,0
1785157200,1.3330199999999999,1.33357,1.33293,1.33355,361,11,0
1785157500,1.33354,1.33354,1.33318,1.33321,278,11,0
1785157800,1.33321,1.3332600000000001,1.33269,1.33293,427,11,0
1785158100,1.33294,1.33328,1.33291,1.33295,384,11,0
1785158400,1.33295,1.33324,1.33295,1.33313,304,11,0
1785158700,1.33314,1.33318,1.33279,1.33279,286,12,0
1785159000,1.3328,1.33293,1.33271,1.33281,315,11,0
1785159300,1.33282,1.33285,1.33271,1.33285,250,11,0
1785159600,1.33284,1.33322,1.33282,1.3330199999999999,280,11,0
1785159900,1.33301,1.33301,1.33274,1.33287,331,11,0
1785160200,1.33286,1.3329,1.33239,1.33255,325,11,0
1785160500,1.33255,1.33261,1.33162,1.3317999999999999,444,11,0
1785160800,1.33181,1.3320699999999999,1.33161,1.33171,509,11,0
1785161100,1.3317,1.3317,1.33101,1.33111,420,11,0
1785161400,1.33111,1.33132,1.33096,1.33125,280,11,0
1785161700,1.3312599999999999,1.33174,1.3311899999999999,1.33162,252,11,0
1785162000,1.33162,1.33186,1.3314300000000001,1.33144,180,11,0
1785162300,1.33145,1.33173,1.33134,1.33134,288,11,0
1785162600,1.33134,1.33195,1.3308900000000001,1.33135,557,11,0
1785162900,1.33139,1.33164,1.33132,1.33141,377,11,0
1785163200,1.33142,1.33176,1.33137,1.3315299999999999,440,11,0
1785163500,1.33154,1.33162,1.33132,1.33141,352,11,0
1785163800,1.3314,1.33155,1.3311899999999999,1.33132,336,11,0
1785164100,1.33133,1.3314300000000001,1.33111,1.33132,293,11,0
1785164400,1.33133,1.33162,1.33133,1.3315299999999999,403,11,0
1785164700,1.33152,1.33174,1.33144,1.33162,334,11,0
1785165000,1.33162,1.33162,1.33074,1.3308,576,11,0
1785165300,1.3308,1.33106,1.33068,1.33105,375,11,0
1785165600,1.33104,1.33125,1.33099,1.3311600000000001,332,11,0
1785165900,1.33117,1.3314300000000001,1.33115,1.3312300000000001,213,11,0
1785166200,1.33128,1.33132,1.33078,1.3311,256,11,0
1785166500,1.3311,1.3311,1.33039,1.33051,339,11,0
1785166800,1.33051,1.33093,1.33036,1.3309199999999999,297,11,0
1785167100,1.33091,1.3312300000000001,1.33081,1.33106,281,11,0
1785167400,1.33104,1.33158,1.3309,1.33102,373,11,0
1785167700,1.33099,1.33167,1.3309199999999999,1.33131,512,11,0
1785168000,1.3313,1.33135,1.33091,1.33095,672,11,0
1785168300,1.33094,1.33121,1.33081,1.33121,441,11,0
1785168600,1.3312,1.33161,1.33105,1.3314599999999999,408,11,0
1785168900,1.3314599999999999,1.33147,1.3311,1.33122,366,11,0
1785169200,1.33124,1.33142,1.3311,1.3313,337,11,0
1785169500,1.33129,1.33135,1.33112,1.33132,414,11,0
1785169800,1.33133,1.3320400000000001,1.33133,1.3316,688,11,0
1785170100,1.33161,1.33182,1.3315000000000001,1.33167,549,11,0
1785170400,1.33167,1.33189,1.3314,1.33161,588,11,0
1785170700,1.33162,1.33181,1.3315000000000001,1.33171,565,11,0
1785171000,1.33172,1.33175,1.33111,1.33113,544,11,0
1785171300,1.33112,1.33112,1.33079,1.33099,615,11,0
1785171600,1.331,1.33133,1.33053,1.33121,736,11,0
1785171900,1.33122,1.33133,1.33103,1.33118,555,11,0
1785172200,1.33118,1.33166,1.33107,1.33162,513,11,0
1785172500,1.33162,1.33164,1.3311899999999999,1.3312,493,11,0
1785172800,1.3311899999999999,1.3312599999999999,1.33101,1.3312300000000001,485,11,0
1785173100,1.3312300000000001,1.3312300000000001,1.33052,1.33052,532,11,0
1785173400,1.33053,1.33093,1.33052,1.3308,549,11,0
1785173700,1.3308,1.33095,1.33064,1.3309199999999999,546,11,0
1785174000,1.33084,1.33104,1.33041,1.33045,540,11,0
1785174300,1.33045,1.33084,1.33045,1.33073,490,11,0
1785174600,1.33072,1.33081,1.3302399999999999,1.3303,517,11,0
1785174900,1.3303099999999999,1.33033,1.32986,1.33018,553,11,0
1785175200,1.3302,1.33048,1.32992,1.33044,603,11,0
1785175500,1.33043,1.33048,1.3301,1.33012,516,11,0
1785175800,1.33012,1.3302800000000001,1.32987,1.3302399999999999,530,11,0
1785176100,1.3302399999999999,1.33046,1.33019,1.33041,511,11,0
1785176400,1.3304,1.33064,1.3303,1.3305500000000001,503,11,0
1785176700,1.33054,1.33056,1.33032,1.33052,414,11,0
1785177000,1.33051,1.33053,1.3301,1.3302800000000001,438,11,0
1785177300,1.3302800000000001,1.3305,1.3302,1.33041,471,11,0
1785177600,1.33041,1.33052,1.33025,1.33033,401,11,0
1785177900,1.33033,1.33035,1.3299699999999999,1.3300100000000001,411,11,0
1785178200,1.33002,1.3305799999999999,1.33002,1.33033,354,11,0
1785178500,1.33032,1.33052,1.33013,1.33013,340,11,0
1785178800,1.33014,1.33036,1.32993,1.33022,460,11,0
1785179100,1.3302100000000001,1.33025,1.32989,1.33006,348,11,0
1785179400,1.33005,1.33019,1.32998,1.33008,261,11,0
1785179700,1.33008,1.33054,1.33,1.3305,292,11,0
1785180000,1.3305,1.33073,1.33046,1.33071,376,11,0
1785180300,1.3307,1.33135,1.33069,1.33096,744,11,0
1785180600,1.33096,1.33109,1.33078,1.331,442,11,0
1785180900,1.33099,1.33102,1.33071,1.33078,432,11,0
1785181200,1.33078,1.3309,1.33059,1.3306,383,11,0
1785181500,1.3306,1.33061,1.33023,1.33023,297,11,0
1785181800,1.33022,1.33035,1.33019,1.33032,373,11,0
1785182100,1.3303099999999999,1.33045,1.33008,1.33025,473,11,0
1785182400,1.33026,1.33027,1.32857,1.32889,417,11,0
1785182700,1.32888,1.32914,1.3285,1.32903,414,11,0
1785183000,1.32904,1.32931,1.32903,1.3291,340,11,0
1785183300,1.32911,1.32912,1.32865,1.32869,218,11,0
1785183600,1.32868,1.32884,1.32847,1.32852,251,11,0
1785183900,1.32853,1.32865,1.3284099999999999,1.32849,244,11,0
1785184200,1.32849,1.32892,1.32837,1.3288,287,11,0
1785184500,1.3287900000000001,1.32881,1.32847,1.32851,253,11,0
1785184800,1.32851,1.32858,1.3283800000000001,1.3285,211,11,0
1785185100,1.32851,1.32873,1.32847,1.32869,206,11,0
1785185400,1.32868,1.329,1.32868,1.329,174,11,0
1785185700,1.3289900000000001,1.32911,1.32888,1.32905,251,11,0
1785186000,1.32905,1.32916,1.32893,1.3291,255,11,0
1785186300,1.32911,1.32916,1.329,1.32908,196,11,0
1785186600,1.32908,1.32915,1.329,1.3291,210,11,0
1785186900,1.3291,1.32911,1.32894,1.32896,290,11,0
1785187200,1.32896,1.32897,1.32874,1.32886,274,11,0
1785187500,1.32885,1.32894,1.32878,1.32891,252,11,0
1785187800,1.32891,1.32903,1.32884,1.32884,225,11,0
1785188100,1.32884,1.32895,1.32878,1.32883,173,11,0
1785188400,1.32883,1.32931,1.32873,1.32891,447,11,0
1785188700,1.32891,1.32913,1.3287499999999999,1.32878,282,11,0
1785189000,1.3287900000000001,1.3289900000000001,1.3287499999999999,1.32894,290,11,0
1785189300,1.32893,1.32907,1.32862,1.3287499999999999,434,11,0
1785189600,1.32876,1.3290600000000001,1.32876,1.32882,179,11,0
1785189900,1.32881,1.32893,1.3287900000000001,1.32891,170,11,0
1785190200,1.32891,1.32905,1.32881,1.32885,202,11,0
1785190500,1.32884,1.3289900000000001,1.32884,1.32894,174,11,0
1785190800,1.32895,1.32915,1.32895,1.32914,131,11,0
1785191100,1.32913,1.32924,1.32912,1.32922,244,11,0
1785191400,1.32923,1.32944,1.32918,1.32932,259,11,0
1785191700,1.32932,1.32949,1.32928,1.32949,205,11,0
1785192000,1.32949,1.32959,1.3293599999999999,1.32944,249,12,0
1785192300,1.32943,1.32952,1.32914,1.32919,249,11,0
1785192600,1.32921,1.32932,1.32917,1.32924,316,11,0
1785192900,1.32921,1.32923,1.3291,1.32911,216,11,0
1785193200,1.32911,1.3292,1.32907,1.3290899999999999,149,11,0
1785193500,1.32907,1.32908,1.32891,1.32898,116,12,0
1785193800,1.3289900000000001,1.32913,1.32895,1.3291,159,11,0
1785194100,1.32911,1.32912,1.32901,1.32901,67,12,0
1785194400,1.329,1.32901,1.3289,1.32893,54,12,0
1785194700,1.32895,1.3290199999999999,1.32892,1.32893,62,12,0
1785195000,1.32893,1.32893,1.32862,1.32864,78,11,0
1785195300,1.32865,1.32871,1.32858,1.32866,47,12,0
1785195600,1.32865,1.32871,1.3286,1.32861,107,11,0
1785195900,1.32859,1.32863,1.32854,1.32863,67,11,0
1785196200,1.32863,1.32871,1.32858,1.32863,56,12,0
1785196500,1.32862,1.3288,1.32855,1.32863,109,13,0
1785196800,1.32851,1.32919,1.32846,1.32851,5,67,0
1785197100,1.32923,1.32925,1.32857,1.3287200000000001,15,157,0
1785197400,1.3292,1.3292,1.32857,1.32888,136,120,0
1785197700,1.32887,1.32911,1.32869,1.329,156,157,0
1785198000,1.32901,1.32924,1.3287499999999999,1.32892,13,157,0
1785198300,1.32896,1.32896,1.32887,1.32892,22,157,0
1785198600,1.32881,1.32946,1.32876,1.32891,161,141,0
1785198900,1.32893,1.32918,1.32889,1.32903,284,101,0
1785199200,1.3291,1.32942,1.32892,1.3293300000000001,518,156,0
1785199500,1.32934,1.32938,1.3287499999999999,1.32894,129,91,0
1785199800,1.32893,1.32911,1.32887,1.32911,167,157,0
1785200100,1.3289,1.32917,1.3287200000000001,1.32874,300,157,0
1785200400,1.3286,1.32904,1.32849,1.32892,65,33,0
1785200700,1.32893,1.3290600000000001,1.32892,1.32894,38,18,0
1785201000,1.32894,1.32894,1.32867,1.32888,66,17,0
1785201300,1.32887,1.32895,1.32882,1.3289,41,14,0
1785201600,1.3289,1.32891,1.32884,1.32889,94,15,0
1785201900,1.32888,1.32891,1.3288,1.32881,44,16,0
1785202200,1.32882,1.3289,1.32881,1.32883,47,15,0
1785202500,1.32882,1.32891,1.32882,1.32888,92,13,0
1785202800,1.32889,1.32889,1.32878,1.32878,35,14,0
1785203100,1.32878,1.32881,1.32877,1.3287900000000001,29,17,0
1785203400,1.32878,1.32886,1.32878,1.3288,47,14,0
1785203700,1.3287900000000001,1.3288,1.32871,1.32877,29,14,0
1785204000,1.32878,1.3287900000000001,1.32861,1.32871,92,16,0
1785204300,1.3287200000000001,1.32886,1.3287200000000001,1.32881,100,14,0
1785204600,1.3287900000000001,1.32882,1.32876,1.32881,33,16,0
1785204900,1.32881,1.32887,1.3288,1.3288,36,14,0
1785205200,1.3288,1.32882,1.32878,1.3288,45,15,0
1785205500,1.3288,1.32889,1.3288,1.32889,47,14,0
1785205800,1.32889,1.32892,1.32882,1.32892,36,15,0
1785206100,1.32892,1.32892,1.32882,1.32887,22,14,0
1785206400,1.32887,1.32892,1.32887,1.32889,81,16,0
1785206700,1.32889,1.32896,1.32863,1.32868,151,13,0
1785207000,1.3287,1.32881,1.32868,1.32871,99,12,0
1785207300,1.3287200000000001,1.3289,1.3287,1.3289,106,12,0
1785207600,1.32891,1.32898,1.32865,1.32865,402,11,0
1785207900,1.32865,1.32885,1.32852,1.32881,299,12,0
1785208200,1.32882,1.32883,1.32866,1.32869,223,11,0
1785208500,1.32869,1.32898,1.32867,1.32895,253,11,0
1785208800,1.32897,1.32907,1.32891,1.3289900000000001,247,13,0
1785209100,1.32898,1.32924,1.32898,1.32917,259,12,0
1785209400,1.32916,1.32922,1.32904,1.32915,188,13,0
1785209700,1.32916,1.3293,1.3290899999999999,1.32925,160,11,0
1785210000,1.32925,1.32926,1.329,1.32907,172,12,0
1785210300,1.32907,1.3290899999999999,1.32893,1.32903,243,12,0
1785210600,1.3290199999999999,1.32903,1.3287900000000001,1.32885,160,13,0
1785210900,1.32882,1.32926,1.3288,1.32924,291,11,0
1785211200,1.32923,1.32975,1.3292,1.3294000000000001,366,11,0
1785211500,1.3294000000000001,1.32955,1.32939,1.32949,208,12,0
1785211800,1.32948,1.3295,1.32918,1.32924,226,11,0
1785212100,1.32925,1.32937,1.32908,1.3293,262,12,0
1785212400,1.32931,1.32941,1.32929,1.32932,271,12,0
1785212700,1.32931,1.32943,1.32918,1.32938,142,12,0
1785213000,1.32937,1.32948,1.32929,1.32942,244,12,0
1785213300,1.32942,1.32947,1.32928,1.32931,208,13,0
1785213600,1.3293,1.3293300000000001,1.32911,1.32921,243,13,0
1785213900,1.32921,1.32925,1.3291,1.32916,237,11,0
1785214200,1.32915,1.32918,1.32889,1.3290199999999999,305,12,0
1785214500,1.3290199999999999,1.32915,1.3290199999999999,1.32911,160,12,0
1785214800,1.32917,1.32918,1.329,1.3290899999999999,163,12,0
1785215100,1.3290899999999999,1.3295,1.32908,1.32946,197,12,0
1785215400,1.32946,1.32954,1.3293599999999999,1.3294000000000001,213,12,0
1785215700,1.32942,1.32944,1.3293300000000001,1.3294000000000001,346,11,0
1785216000,1.32941,1.32953,1.32934,1.32946,292,11,0
1785216300,1.32945,1.32946,1.32919,1.32922,162,12,0
1785216600,1.32921,1.3293300000000001,1.32916,1.32921,153,12,0
1785216900,1.32922,1.32928,1.32919,1.32922,139,13,0
1785217200,1.32922,1.32937,1.32919,1.3293599999999999,237,12,0
1785217500,1.32935,1.3295,1.32923,1.32949,304,12,0
1785217800,1.3295,1.3300100000000001,1.32949,1.32988,382,11,0
1785218100,1.32989,1.3299,1.32975,1.32976,308,11,0
1785218400,1.32977,1.32988,1.32969,1.32977,213,13,0
1785218700,1.32978,1.32979,1.32965,1.32966,249,12,0
1785219000,1.32965,1.32969,1.32945,1.32965,242,12,0
1785219300,1.32966,1.3300100000000001,1.32962,1.32995,207,12,0
1785219600,1.32995,1.33004,1.32992,1.33,127,12,0
1785219900,1.3300100000000001,1.33005,1.32996,1.3300100000000001,164,12,0
1785220200,1.33,1.33036,1.33,1.3303099999999999,244,11,0
1785220500,1.3303099999999999,1.3303099999999999,1.3299400000000001,1.33005,313,12,0
1785220800,1.33004,1.33013,1.32993,1.3300100000000001,200,12,0
1785221100,1.33,1.3300100000000001,1.3299,1.32995,208,12,0
1785221400,1.32996,1.32996,1.32976,1.32983,147,12,0
1785221700,1.32981,1.32981,1.32966,1.32975,169,12,0
1785222000,1.32974,1.32974,1.32932,1.32946,349,11,0
1785222300,1.32947,1.32954,1.32938,1.32942,210,12,0
1785222600,1.32942,1.32947,1.32921,1.32926,190,11,0
1785222900,1.32926,1.32952,1.3292,1.32951,210,12,0
1785223200,1.32951,1.32952,1.32927,1.3293300000000001,155,12,0
1785223500,1.32932,1.32939,1.32921,1.32938,194,12,0
1785223800,1.32939,1.32942,1.3293,1.32939,109,13,0
1785224100,1.32938,1.32941,1.32926,1.32932,147,13,0
1785224400,1.32931,1.32939,1.3293,1.32939,129,13,0
1785224700,1.32939,1.32954,1.3293599999999999,1.32949,106,11,0
1785225000,1.3295,1.32954,1.32921,1.32921,134,12,0
1785225300,1.32921,1.3293599999999999,1.32917,1.32934,206,12,0
1785225600,1.32935,1.32945,1.32929,1.32942,205,11,0
1785225900,1.32941,1.32942,1.32896,1.3290199999999999,418,12,0
1785226200,1.32901,1.3290199999999999,1.32864,1.32868,410,11,0
1785226500,1.32868,1.32874,1.3286,1.32866,209,13,0
1785226800,1.32866,1.32877,1.32857,1.32867,244,13,0
1785227100,1.32867,1.32897,1.32863,1.32897,291,11,0
1785227400,1.32897,1.32903,1.32877,1.3287900000000001,332,12,0
1785227700,1.32877,1.32881,1.3285,1.32863,237,12,0
1785228000,1.32862,1.32895,1.3285,1.32886,269,11,0
1785228300,1.32888,1.32889,1.32853,1.32855,269,11,0
1785228600,1.32854,1.32873,1.32852,1.32871,165,11,0
1785228900,1.3287,1.3288,1.32868,1.3287200000000001,180,11,0
1785229200,1.3287200000000001,1.32893,1.32862,1.32866,388,12,0
1785229500,1.32865,1.32874,1.32854,1.32863,346,11,0
1785229800,1.32863,1.32895,1.3286,1.32892,242,12,0
1785230100,1.32891,1.32904,1.32889,1.32893,293,11,0
1785230400,1.32892,1.32911,1.3289,1.32908,286,11,0
1785230700,1.32908,1.32952,1.32893,1.3295,293,11,0
1785231000,1.32951,1.3296299999999999,1.32921,1.32921,249,11,0
1785231300,1.3292,1.32943,1.32912,1.32935,247,12,0
1785231600,1.32934,1.32955,1.32921,1.32942,219,11,0
1785231900,1.32942,1.32943,1.32917,1.32919,214,11,0
1785232200,1.3292,1.32981,1.32919,1.3298,189,11,0
1785232500,1.32981,1.3301,1.32959,1.3298,366,11,0
1785232800,1.32979,1.32979,1.32929,1.32945,361,11,0
1785233100,1.32944,1.33014,1.32938,1.3300100000000001,261,11,0
1785233400,1.33002,1.33015,1.32984,1.33011,365,11,0
1785233700,1.33011,1.33023,1.33006,1.3301,206,11,0
1785234000,1.3301,1.33034,1.33006,1.3302100000000001,249,11,0
1785234300,1.3302,1.33041,1.33017,1.33023,204,11,0
1785234600,1.3302399999999999,1.33039,1.3302100000000001,1.33029,172,11,0
1785234900,1.33029,1.33044,1.32985,1.32992,187,11,0
1785235200,1.32991,1.33014,1.32965,1.32974,285,11,0
1785235500,1.32974,1.32976,1.32927,1.32931,337,11,0
1785235800,1.32929,1.32947,1.32911,1.3293599999999999,351,11,0
1785236100,1.32939,1.32955,1.3291,1.32911,306,11,0
1785236400,1.32911,1.33008,1.3291,1.33006,411,11,0
1785236700,1.33006,1.33019,1.32996,1.33005,372,11,0
1785237000,1.33005,1.33007,1.32965,1.32985,415,11,0
1785237300,1.32985,1.33034,1.32985,1.32999,405,11,0
1785237600,1.32999,1.33046,1.32999,1.33027,369,11,0
1785237900,1.3302800000000001,1.3302800000000001,1.32983,1.33002,356,11,0
1785238200,1.33003,1.33011,1.32992,1.33,312,11,0
1785238500,1.3300100000000001,1.33004,1.3296000000000001,1.32962,296,11,0
1785238800,1.32959,1.3299699999999999,1.32958,1.3299400000000001,241,11,0
1785239100,1.3299400000000001,1.33027,1.32981,1.3302100000000001,316,11,0
1785239400,1.33023,1.33026,1.32988,1.3299,247,12,0
1785239700,1.32989,1.33023,1.32986,1.3302,249,11,0
1785240000,1.3302100000000001,1.3302399999999999,1.33002,1.3301,267,11,0
1785240300,1.3301,1.33013,1.3295,1.32955,192,11,0
1785240600,1.32954,1.32954,1.3292,1.32935,248,11,0
1785240900,1.3293599999999999,1.3295,1.32931,1.3293300000000001,277,11,0
1785241200,1.3293300000000001,1.32942,1.32922,1.32932,182,11,0
1785241500,1.32932,1.32945,1.32915,1.32921,214,11,0
1785241800,1.3292,1.32921,1.32891,1.32897,210,11,0
1785242100,1.32897,1.32926,1.32896,1.32912,192,11,0
1785242400,1.3291,1.32925,1.32874,1.32876,254,11,0
1785242700,1.32881,1.32883,1.32847,1.32855,307,11,0
1785243000,1.32859,1.32862,1.328,1.32809,278,11,0
1785243300,1.3281,1.32815,1.32792,1.32794,290,11,0
1785243600,1.32792,1.32792,1.32764,1.32771,270,11,0
1785243900,1.32772,1.32774,1.3274599999999999,1.32749,287,11,0
1785244200,1.32748,1.32767,1.3273,1.32762,262,11,0
1785244500,1.3276,1.3276,1.32728,1.32733,184,11,0
1785244800,1.32733,1.32795,1.32731,1.32779,225,11,0
1785245100,1.3277999999999999,1.32785,1.32763,1.32772,250,11,0
1785245400,1.32771,1.32803,1.32769,1.32798,313,11,0
1785245700,1.32797,1.3281100000000001,1.3276,1.32804,432,11,0
1785246000,1.32805,1.3280699999999999,1.3276,1.32763,346,11,0
1785246300,1.32762,1.32773,1.32748,1.32749,221,11,0
1785246600,1.32749,1.32786,1.3274,1.32779,309,11,0
1785246900,1.32778,1.3282,1.32778,1.3279,390,11,0
1785247200,1.32789,1.3280699999999999,1.32754,1.32761,339,11,0
1785247500,1.32762,1.32775,1.32745,1.32761,317,11,0
1785247800,1.3276,1.32771,1.32739,1.3275000000000001,281,11,0
1785248100,1.3275000000000001,1.32804,1.32748,1.32776,491,12,0
1785248400,1.32775,1.32809,1.32771,1.32809,321,11,0
1785248700,1.3280699999999999,1.32821,1.32791,1.32799,317,11,0
1785249000,1.32798,1.32809,1.32791,1.32799,249,12,0
1785249300,1.32798,1.32829,1.32795,1.3281100000000001,382,11,0
1785249600,1.3281,1.32825,1.32794,1.32795,299,11,0
1785249900,1.32796,1.32808,1.32774,1.32775,316,11,0
1785250200,1.32774,1.32782,1.32738,1.32772,421,11,0
1785250500,1.32775,1.32804,1.32774,1.3278699999999999,407,11,0
1785250800,1.32788,1.32835,1.32785,1.32824,434,11,0
1785251100,1.32824,1.32858,1.32816,1.32858,311,11,0
1785251400,1.32858,1.32862,1.32821,1.3285,275,11,0
1785251700,1.32851,1.32864,1.3284500000000001,1.32859,216,11,0
1785252000,1.3286,1.32892,1.3284099999999999,1.32856,341,11,0
1785252300,1.32855,1.32857,1.32837,1.3284500000000001,347,12,0
1785252600,1.32844,1.3288,1.32828,1.32874,227,11,0
1785252900,1.3287499999999999,1.32898,1.32866,1.3289,379,11,0
1785253200,1.32889,1.32939,1.32883,1.32932,338,11,0
1785253500,1.32931,1.32977,1.3293,1.32976,335,11,0
1785253800,1.32976,1.32981,1.32935,1.32952,358,11,0
1785254100,1.32948,1.32987,1.32948,1.32972,298,11,0
1785254400,1.32972,1.33025,1.32971,1.32984,301,11,0
1785254700,1.32983,1.33013,1.32981,1.33,420,11,0
1785255000,1.32999,1.33009,1.32949,1.32958,295,11,0
1785255300,1.32959,1.32964,1.32937,1.32948,282,11,0
1785255600,1.32947,1.3299400000000001,1.32947,1.3296999999999999,385,11,0
1785255900,1.3296999999999999,1.32982,1.32954,1.32957,280,11,0
1785256200,1.32958,1.32983,1.32956,1.32972,444,11,0
1785256500,1.32973,1.32979,1.32937,1.3295,399,11,0
1785256800,1.32949,1.3298,1.32949,1.3296299999999999,391,11,0
1785257100,1.32964,1.33026,1.32949,1.33018,396,11,0
1785257400,1.33019,1.33026,1.32986,1.32993,548,11,0
1785257700,1.32992,1.33003,1.32972,1.3299699999999999,316,11,0
1785258000,1.32995,1.33013,1.32989,1.33,311,11,0
1785258300,1.32999,1.33013,1.32966,1.32985,448,11,0
1785258600,1.32986,1.32993,1.32941,1.32944,394,11,0
1785258900,1.32946,1.32953,1.32911,1.32914,392,11,0
1785259200,1.32914,1.32943,1.3290899999999999,1.32919,424,11,0
1785259500,1.3292,1.32955,1.32918,1.32952,368,11,0
1785259800,1.32952,1.32982,1.32939,1.32939,347,11,0
1785260100,1.32938,1.32954,1.32926,1.32928,356,11,0
1785260400,1.32929,1.32946,1.32913,1.32928,413,11,0
1785260700,1.32927,1.32938,1.32895,1.32932,407,11,0
1785261000,1.32931,1.3293300000000001,1.32849,1.32929,649,11,0
1785261300,1.3293,1.3293,1.32876,1.32908,649,11,0
1785261600,1.32907,1.32954,1.32898,1.329,534,11,0
1785261900,1.32901,1.3295,1.32878,1.3294000000000001,411,11,0
1785262200,1.3294000000000001,1.33046,1.32937,1.33016,891,11,0
1785262500,1.33016,1.3304,1.33,1.33035,712,11,0
1785262800,1.33032,1.33066,1.33012,1.33015,704,11,0
1785263100,1.33014,1.3306200000000001,1.33005,1.33035,510,11,0
1785263400,1.33036,1.33075,1.3302,1.33064,508,11,0
1785263700,1.3306499999999999,1.33069,1.33027,1.33029,425,11,0
1785264000,1.3303099999999999,1.33099,1.3303099999999999,1.3309,452,11,0
1785264300,1.3309,1.33097,1.33078,1.3309,275,11,0
1785264600,1.33091,1.33104,1.33046,1.33066,429,11,0
1785264900,1.33066,1.3309,1.33043,1.33087,508,11,0
1785265200,1.33086,1.33106,1.33069,1.33083,461,11,0
1785265500,1.33081,1.33097,1.3306499999999999,1.33077,369,11,0
1785265800,1.33076,1.33078,1.3305500000000001,1.33063,433,11,0
1785266100,1.3306200000000001,1.33075,1.33045,1.33053,353,11,0
1785266400,1.33052,1.3308,1.33049,1.33071,291,11,0
1785266700,1.3307,1.33083,1.33064,1.33074,236,11,0
1785267000,1.33074,1.33074,1.33039,1.33063,339,11,0
1785267300,1.33063,1.33094,1.33063,1.33083,234,11,0
1785267600,1.33083,1.33084,1.3304,1.33041,285,11,0
1785267900,1.3304,1.33052,1.3300100000000001,1.33006,427,11,0
1785268200,1.33009,1.3303099999999999,1.33006,1.3302399999999999,245,11,0
1785268500,1.3302399999999999,1.33026,1.33005,1.33005,226,11,0
1785268800,1.33005,1.3302399999999999,1.33002,1.33022,223,11,0
1785269100,1.33022,1.33042,1.3300100000000001,1.33009,368,11,0
1785269400,1.33009,1.3301,1.32976,1.32992,326,11,0
1785269700,1.32992,1.33006,1.32988,1.33,290,11,0
1785270000,1.3300100000000001,1.33049,1.32982,1.32982,362,11,0
1785270300,1.32983,1.3300100000000001,1.3298,1.32989,247,11,0
1785270600,1.32989,1.3299400000000001,1.32978,1.32993,207,11,0
1785270900,1.3299400000000001,1.3299400000000001,1.3296700000000001,1.32972,148,11,0
1785271200,1.32971,1.32971,1.32947,1.32953,217,11,0
1785271500,1.32953,1.32957,1.32919,1.3293599999999999,280,11,0
1785271800,1.32935,1.3293599999999999,1.32924,1.32925,215,11,0
1785272100,1.32924,1.3293300000000001,1.32903,1.3291,330,11,0
1785272400,1.3291,1.32925,1.32888,1.329,383,11,0
1785272700,1.329,1.32905,1.32888,1.329,187,11,0
1785273000,1.32901,1.3290899999999999,1.32882,1.3289900000000001,168,11,0
1785273300,1.3289900000000001,1.32914,1.32897,1.32905,253,11,0
1785273600,1.3290600000000001,1.3290600000000001,1.32881,1.32887,219,11,0
1785273900,1.32886,1.32886,1.32858,1.3287200000000001,201,11,0
1785274200,1.32871,1.32889,1.3287,1.32882,268,12,0
1785274500,1.32883,1.3290199999999999,1.32881,1.32892,167,11,0
1785274800,1.32891,1.32904,1.32886,1.3289900000000001,190,11,0
1785275100,1.329,1.32901,1.32871,1.32882,231,11,0
1785275400,1.32881,1.32896,1.32881,1.32891,239,11,0
1785275700,1.32891,1.32897,1.3288,1.32882,195,11,0
1785276000,1.32883,1.329,1.32877,1.329,230,11,0
1785276300,1.3290199999999999,1.32923,1.32901,1.32918,197,11,0
1785276600,1.32918,1.32921,1.3290199999999999,1.32905,110,11,0
1785276900,1.3290600000000001,1.32934,1.32901,1.32932,101,11,0
1785277200,1.32932,1.32943,1.32923,1.32932,153,11,0
1785277500,1.32932,1.32932,1.3289900000000001,1.3290199999999999,147,11,0
1785277800,1.3290199999999999,1.32916,1.3289900000000001,1.3290899999999999,206,11,0
1785278100,1.3290899999999999,1.3291,1.3289900000000001,1.3291,153,11,0
1785278400,1.32911,1.32913,1.3289900000000001,1.32911,191,12,0
1785278700,1.3291,1.32945,1.3290899999999999,1.3293300000000001,220,11,0
1785279000,1.3293300000000001,1.3293300000000001,1.32914,1.32931,144,11,0
1785279300,1.32928,1.32928,1.32869,1.32871,275,11,0
1785279600,1.32871,1.32883,1.32867,1.3287,290,12,0
1785279900,1.32871,1.32892,1.32868,1.32891,134,11,0
1785280200,1.32891,1.32903,1.32891,1.3290199999999999,66,11,0
1785280500,1.3290199999999999,1.32908,1.32889,1.3289,122,11,0
1785280800,1.32891,1.32892,1.32881,1.32884,70,12,0
1785281100,1.32884,1.32886,1.32863,1.3287499999999999,76,12,0
1785281400,1.32874,1.32874,1.32861,1.32865,53,12,0
1785281700,1.32867,1.32881,1.32855,1.3287,105,11,0
1785282000,1.3287,1.32881,1.32861,1.32881,126,11,0
1785282300,1.3287499999999999,1.3287499999999999,1.32867,1.32867,50,11,0
1785282600,1.32866,1.32874,1.3286,1.32862,56,13,0
1785282900,1.32862,1.3290199999999999,1.32861,1.32874,293,11,0
1785283200,1.32868,1.32868,1.32856,1.32865,10,49,0
1785283500,1.32884,1.32884,1.32768,1.32833,34,67,0
1785283800,1.32858,1.32883,1.3284500000000001,1.32882,45,45,0
1785284100,1.32881,1.32916,1.32881,1.32912,76,42,0
1785284400,1.32911,1.32915,1.32901,1.32912,81,65,0
1785284700,1.32914,1.32916,1.32889,1.32889,59,63,0
1785285000,1.32883,1.32896,1.32883,1.32893,131,69,0
1785285300,1.32891,1.329,1.32888,1.32896,40,65,0
1785285600,1.32892,1.329,1.32887,1.32893,102,37,0
1785285900,1.32893,1.32901,1.32891,1.32895,68,33,0
1785286200,1.32896,1.3289900000000001,1.32893,1.32896,54,41,0
1785286500,1.32898,1.32907,1.3282,1.32836,78,36,0
1785286800,1.32849,1.32889,1.3284799999999999,1.32884,213,21,0
1785287100,1.32883,1.3289900000000001,1.32883,1.32897,23,21,0
1785287400,1.32897,1.32901,1.32869,1.32871,74,18,0
1785287700,1.3287200000000001,1.32878,1.32859,1.32859,90,15,0
1785288000,1.32859,1.32859,1.32827,1.3283,143,12,0
1785288300,1.32831,1.32846,1.32826,1.32837,131,14,0
1785288600,1.32837,1.3285,1.32828,1.3284799999999999,168,14,0
1785288900,1.32847,1.32849,1.32825,1.32828,142,17,0
1785289200,1.32826,1.32836,1.32824,1.3283,143,17,0
1785289500,1.32829,1.32831,1.32824,1.32828,106,19,0
1785289800,1.3283,1.32836,1.32825,1.32834,120,14,0
1785290100,1.32834,1.3283800000000001,1.32833,1.32837,36,18,0
1785290400,1.32836,1.32837,1.3281100000000001,1.32827,152,13,0
1785290700,1.32826,1.32827,1.328,1.328,131,15,0
1785291000,1.328,1.32831,1.328,1.3283,126,11,0
1785291300,1.3283,1.32833,1.3282,1.32824,121,15,0
1785291600,1.32824,1.3284099999999999,1.3282,1.3284,145,12,0
1785291900,1.32839,1.3284099999999999,1.3283,1.32839,89,15,0
1785292200,1.3284,1.3284099999999999,1.32833,1.32833,69,14,0
1785292500,1.32833,1.3284,1.32829,1.3283,90,15,0
1785292800,1.3283,1.32859,1.32827,1.32858,97,13,0
1785293100,1.32858,1.32861,1.3283800000000001,1.32858,263,12,0
1785293400,1.32859,1.32863,1.32847,1.32849,196,13,0
1785293700,1.32849,1.3286,1.3284799999999999,1.3286,163,12,0
1785294000,1.32861,1.3287200000000001,1.32824,1.32857,464,11,0
1785294300,1.32857,1.3287200000000001,1.3285,1.32851,335,11,0
1785294600,1.32853,1.32855,1.32837,1.3284500000000001,249,12,0
1785294900,1.3284500000000001,1.32885,1.32842,1.32881,266,11,0
1785295200,1.3288,1.32922,1.32876,1.3289,338,12,0
1785295500,1.32891,1.3291,1.3289,1.3290600000000001,331,12,0
1785295800,1.32907,1.32917,1.32897,1.329,262,11,0
1785296100,1.329,1.32915,1.32893,1.32908,258,11,0
1785296400,1.32907,1.32912,1.32897,1.32912,259,12,0
1785296700,1.32911,1.32926,1.32892,1.32892,265,11,0
1785297000,1.32892,1.32912,1.32881,1.3291,276,12,0
1785297300,1.3290600000000001,1.3293599999999999,1.32895,1.32917,334,11,0
1785297600,1.32918,1.32932,1.32912,1.32914,385,12,0
1785297900,1.32917,1.32926,1.32889,1.3289,289,11,0
1785298200,1.32889,1.32894,1.32866,1.32871,247,11,0
1785298500,1.32871,1.32905,1.32863,1.3290199999999999,309,12,0
1785298800,1.32903,1.32919,1.329,1.3290199999999999,383,12,0
1785299100,1.32901,1.3290199999999999,1.3288,1.3288,259,13,0
1785299400,1.3288,1.3288,1.32821,1.3287,670,11,0
1785299700,1.3287,1.32874,1.3281800000000001,1.3283,640,12,0
1785300000,1.32829,1.32832,1.32809,1.32819,440,11,0
1785300300,1.32819,1.3284,1.32813,1.32839,467,11,0
1785300600,1.32839,1.32853,1.32828,1.32849,286,12,0
1785300900,1.3285,1.32884,1.3285,1.3287900000000001,316,12,0
1785301200,1.32878,1.32888,1.32868,1.3287200000000001,410,11,0
1785301500,1.32873,1.32917,1.3287200000000001,1.32912,292,11,0
1785301800,1.32912,1.32929,1.32912,1.32916,241,12,0
1785302100,1.32918,1.32942,1.32918,1.3293300000000001,273,11,0
1785302400,1.32934,1.32968,1.32932,1.3296299999999999,266,13,0
1785302700,1.3296299999999999,1.32973,1.3293300000000001,1.32939,399,11,0
1785303000,1.32939,1.3295,1.32938,1.32944,333,13,0
1785303300,1.32944,1.32971,1.32943,1.32962,240,12,0
1785303600,1.3296299999999999,1.3296299999999999,1.32944,1.32955,204,12,0
1785303900,1.32955,1.32955,1.32931,1.3293300000000001,183,11,0
1785304200,1.32932,1.32937,1.32919,1.32919,251,11,0
1785304500,1.3292,1.32946,1.3292,1.32934,200,11,0
1785304800,1.3293,1.32946,1.3293,1.3293599999999999,202,13,0
1785305100,1.32937,1.32959,1.32932,1.32953,255,11,0
1785305400,1.32953,1.3296000000000001,1.32944,1.32945,364,12,0
1785305700,1.32946,1.3296999999999999,1.32944,1.32968,281,12,0
1785306000,1.32969,1.32977,1.32965,1.3296700000000001,182,11,0
1785306300,1.32968,1.32973,1.32962,1.3296700000000001,256,12,0
1785306600,1.3296700000000001,1.3296999999999999,1.32956,1.3296700000000001,232,11,0
1785306900,1.3296700000000001,1.32975,1.32956,1.32969,211,11,0
1785307200,1.32969,1.32972,1.32962,1.32968,223,12,0
1785307500,1.32969,1.32985,1.32966,1.32981,202,12,0
1785307800,1.32981,1.32985,1.32953,1.3296000000000001,258,13,0
1785308100,1.32959,1.32959,1.32934,1.32944,313,12,0
1785308400,1.32945,1.32965,1.32937,1.3296299999999999,293,12,0
1785308700,1.32961,1.32977,1.3296000000000001,1.32975,146,12,0
1785309000,1.32976,1.32983,1.32971,1.32975,164,12,0
1785309300,1.32976,1.32984,1.32973,1.32979,191,11,0
1785309600,1.32979,1.32987,1.32972,1.32985,193,12,0
1785309900,1.32985,1.32992,1.32959,1.3296700000000001,252,11,0
1785310200,1.3296700000000001,1.32989,1.32959,1.32982,277,12,0
1785310500,1.32983,1.3300100000000001,1.32981,1.32986,185,12,0
1785310800,1.32987,1.33006,1.32983,1.32991,322,12,0
1785311100,1.3299,1.33,1.32952,1.32953,363,12,0
1785311400,1.32952,1.32973,1.32948,1.32953,240,12,0
1785311700,1.32954,1.32976,1.32953,1.3296999999999999,156,11,0
1785312000,1.32972,1.3299,1.3296999999999999,1.3299,308,11,0
1785312300,1.32991,1.32998,1.32985,1.32988,212,12,0
1785312600,1.32988,1.33005,1.32987,1.3300100000000001,219,13,0
1785312900,1.3300100000000001,1.33005,1.3299,1.3299400000000001,211,14,0
1785313200,1.32993,1.3300100000000001,1.3299,1.32999,195,13,0
1785313500,1.32999,1.3300100000000001,1.32973,1.32973,197,12,0
1785313800,1.32974,1.32976,1.32959,1.32971,244,12,0
1785314100,1.32971,1.32984,1.32968,1.32975,174,11,0
1785314400,1.32974,1.3299,1.32971,1.32987,172,12,0
1785314700,1.32987,1.32995,1.32981,1.32991,204,12,0
1785315000,1.32991,1.33012,1.32989,1.33008,180,11,0
1785315300,1.33006,1.33012,1.32978,1.32982,221,11,0
1785315600,1.3298,1.33027,1.3298,1.33017,407,11,0
1785315900,1.33018,1.33019,1.32977,1.32981,374,11,0
1785316200,1.32981,1.33014,1.32964,1.33014,284,11,0
1785316500,1.33013,1.33034,1.32974,1.32975,292,11,0
1785316800,1.32976,1.32979,1.32942,1.32957,252,11,0
1785317100,1.32958,1.32962,1.32941,1.32957,307,12,0
1785317400,1.32956,1.32986,1.32941,1.32973,281,11,0
1785317700,1.32974,1.32978,1.32965,1.32976,218,12,0
1785318000,1.32976,1.32986,1.32968,1.32985,274,11,0
1785318300,1.32985,1.32986,1.32945,1.32953,316,11,0
1785318600,1.32954,1.32984,1.32954,1.32973,237,12,0
1785318900,1.32973,1.32976,1.32944,1.3296700000000001,367,11,0
1785319200,1.32966,1.32996,1.32945,1.32987,406,11,0
1785319500,1.32988,1.33005,1.32973,1.32989,281,11,0
1785319800,1.32987,1.32995,1.32948,1.32961,281,11,0
1785320100,1.32962,1.32996,1.32961,1.32992,208,11,0
1785320400,1.3299400000000001,1.33026,1.3299400000000001,1.3302399999999999,294,11,0
1785320700,1.3302399999999999,1.33026,1.33,1.33018,252,11,0
1785321000,1.33017,1.33029,1.32993,1.33026,239,11,0
1785321300,1.33026,1.33066,1.33026,1.33051,370,11,0
1785321600,1.33052,1.3305500000000001,1.3302100000000001,1.3302399999999999,223,11,0
1785321900,1.33023,1.3302399999999999,1.3299699999999999,1.33013,292,11,0
1785322200,1.33012,1.33022,1.33003,1.33016,176,11,0
1785322500,1.33016,1.33017,1.32987,1.33014,255,12,0
1785322800,1.33014,1.33017,1.32988,1.33014,377,11,0
1785323100,1.33015,1.33039,1.33007,1.33007,264,11,0
1785323400,1.33007,1.33037,1.32962,1.32962,303,11,0
1785323700,1.32962,1.33026,1.32962,1.33025,195,12,0
1785324000,1.33026,1.33035,1.33003,1.33014,287,11,0
1785324300,1.33013,1.33015,1.32981,1.33013,233,11,0
1785324600,1.33012,1.33013,1.32985,1.32987,159,11,0
1785324900,1.32986,1.33002,1.32976,1.33002,245,11,0
1785325200,1.3300100000000001,1.3305500000000001,1.3300100000000001,1.3305500000000001,228,11,0
1785325500,1.33054,1.33083,1.33047,1.33079,235,11,0
1785325800,1.33079,1.3308200000000001,1.33051,1.3306,225,11,0
1785326100,1.33059,1.33074,1.33044,1.33052,244,11,0
1785326400,1.33051,1.33053,1.33018,1.33038,265,11,0
1785326700,1.33038,1.33038,1.33012,1.33036,371,11,0
1785327000,1.33035,1.33045,1.33022,1.3304,179,11,0
1785327300,1.33041,1.33047,1.33026,1.33034,250,11,0
1785327600,1.33034,1.33044,1.33008,1.33041,267,12,0
1785327900,1.3304,1.3304,1.3302399999999999,1.33033,234,11,0
1785328200,1.33033,1.33033,1.33009,1.33014,176,11,0
1785328500,1.33013,1.33013,1.32951,1.32952,264,11,0
1785328800,1.32951,1.33012,1.32946,1.33012,248,11,0
1785329100,1.33012,1.33017,1.32987,1.33008,339,12,0
1785329400,1.33007,1.33007,1.32964,1.32973,241,11,0
1785329700,1.32974,1.32986,1.32962,1.3296299999999999,340,11,0
1785330000,1.3296299999999999,1.32966,1.3293,1.3295,362,11,0
1785330300,1.32945,1.32954,1.3290899999999999,1.32915,342,11,0
1785330600,1.3292,1.32932,1.3290600000000001,1.32914,288,11,0
1785330900,1.32914,1.3293300000000001,1.3291,1.32914,266,11,0
1785331200,1.32915,1.32924,1.32893,1.32901,289,12,0
1785331500,1.329,1.32912,1.32884,1.32901,296,11,0
1785331800,1.32901,1.32923,1.3289900000000001,1.32901,232,11,0
1785332100,1.32901,1.32926,1.32895,1.32905,314,11,0
1785332400,1.32904,1.32934,1.32894,1.32934,205,11,0
1785332700,1.32934,1.32935,1.329,1.3290199999999999,211,11,0
1785333000,1.32903,1.32904,1.3287900000000001,1.32885,307,12,0
1785333300,1.32884,1.32903,1.3287900000000001,1.32903,187,11,0
1785333600,1.32903,1.32924,1.32903,1.3292,188,11,0
1785333900,1.3292,1.3292,1.32895,1.32911,217,11,0
1785334200,1.32911,1.32943,1.3291,1.32941,242,11,0
1785334500,1.32943,1.32946,1.32923,1.32928,176,11,0
1785334800,1.32928,1.3293,1.32912,1.32921,236,11,0
1785335100,1.32922,1.3296700000000001,1.32921,1.3296700000000001,290,11,0
1785335400,1.32968,1.32972,1.32944,1.32944,303,11,0
1785335700,1.32945,1.32956,1.3293599999999999,1.32947,229,11,0
1785336000,1.32948,1.32948,1.32911,1.32928,390,11,0
1785336300,1.32928,1.32945,1.32913,1.3293599999999999,408,11,0
1785336600,1.32937,1.32947,1.32924,1.32925,357,11,0
1785336900,1.32924,1.32931,1.32892,1.3292,327,11,0
1785337200,1.32921,1.3293300000000001,1.32889,1.3290899999999999,493,11,0
1785337500,1.32908,1.32911,1.32861,1.3287499999999999,428,11,0
1785337800,1.32876,1.32881,1.32831,1.3285,339,11,0
1785338100,1.32851,1.32852,1.3277999999999999,1.32826,722,11,0
1785338400,1.32827,1.32852,1.3280699999999999,1.32829,462,11,0
1785338700,1.32829,1.32852,1.32826,1.3283,387,11,0
1785339000,1.32829,1.32856,1.328,1.32851,360,11,0
1785339300,1.32847,1.3287200000000001,1.3284099999999999,1.32867,353,11,0
1785339600,1.32868,1.32871,1.32847,1.32858,308,11,0
1785339900,1.32858,1.3287,1.32836,1.3284099999999999,335,11,0
1785340200,1.32842,1.32846,1.32804,1.32831,299,11,0
1785340500,1.32832,1.32834,1.32809,1.32833,215,11,0
1785340800,1.32834,1.32851,1.3282,1.32842,392,11,0
1785341100,1.32843,1.3284500000000001,1.32809,1.3282,280,11,0
1785341400,1.32819,1.32827,1.328,1.32826,286,11,0
1785341700,1.32826,1.32836,1.32809,1.3281,349,11,0
1785342000,1.32809,1.32863,1.3280699999999999,1.32861,310,11,0
1785342300,1.32862,1.32884,1.32853,1.3287200000000001,320,11,0
1785342600,1.32873,1.32917,1.32835,1.3283800000000001,642,11,0
1785342900,1.32839,1.32864,1.3281800000000001,1.3285,434,11,0
1785343200,1.32851,1.32883,1.32831,1.32882,403,11,0
1785343500,1.32883,1.32908,1.32869,1.32907,482,11,0
1785343800,1.3290600000000001,1.32929,1.32882,1.32926,436,11,0
1785344100,1.32925,1.3293599999999999,1.329,1.32935,360,11,0
1785344400,1.3293599999999999,1.32957,1.32934,1.32956,440,11,0
1785344700,1.32957,1.32959,1.32915,1.32915,386,11,0
1785345000,1.32914,1.3293,1.32903,1.32913,371,11,0
1785345300,1.32914,1.32921,1.32873,1.329,409,11,0
1785345600,1.32901,1.32965,1.32885,1.32965,368,11,0
1785345900,1.32965,1.32984,1.3295,1.32974,334,11,0
1785346200,1.32974,1.32993,1.3296700000000001,1.32987,266,11,0
1785346500,1.32986,1.33034,1.32982,1.33016,412,11,0
1785346800,1.33017,1.33038,1.32938,1.32979,449,11,0
1785347100,1.32978,1.32983,1.32915,1.32916,637,11,0
1785347400,1.32917,1.32925,1.3281100000000001,1.32876,718,11,0
1785347700,1.3287499999999999,1.3290899999999999,1.32862,1.32864,772,11,0
1785348000,1.32862,1.32877,1.32835,1.32856,708,11,0
1785348300,1.32857,1.3292,1.32855,1.32918,361,11,0
1785348600,1.32917,1.32925,1.32873,1.3289,491,11,0
1785348900,1.3289,1.32922,1.32843,1.32844,422,11,0
1785349200,1.32842,1.32864,1.32827,1.32856,451,11,0
1785349500,1.32856,1.32858,1.32812,1.32842,447,11,0
1785349800,1.32842,1.32873,1.32837,1.3286,474,11,0
1785350100,1.3286,1.32895,1.3285,1.32852,387,11,0
1785350400,1.32853,1.32873,1.3284099999999999,1.32871,407,11,0
1785350700,1.32868,1.32884,1.32862,1.3288,318,11,0
1785351000,1.3287900000000001,1.32885,1.32863,1.32877,269,11,0
1785351300,1.3287499999999999,1.32881,1.32842,1.32858,472,11,0
1785351600,1.32864,1.32867,1.32843,1.3284500000000001,356,11,0
1785351900,1.32846,1.32871,1.32819,1.32864,377,11,0
1785352200,1.32863,1.32863,1.32804,1.32806,319,11,0
1785352500,1.32802,1.32827,1.32797,1.32823,328,11,0
1785352800,1.32824,1.32846,1.32822,1.32842,365,11,0
1785353100,1.3284099999999999,1.32853,1.3284099999999999,1.32844,389,11,0
1785353400,1.32842,1.3284500000000001,1.32802,1.32813,349,11,0
1785353700,1.32812,1.32816,1.32792,1.32804,258,11,0
1785354000,1.32806,1.32825,1.32806,1.32822,236,11,0
1785354300,1.32823,1.32837,1.32815,1.32836,225,11,0
1785354600,1.32835,1.32874,1.32834,1.32862,263,11,0
1785354900,1.32862,1.32886,1.32859,1.32883,301,11,0
1785355200,1.32884,1.32907,1.32871,1.329,440,11,0
1785355500,1.329,1.32947,1.32882,1.32943,313,11,0
1785355800,1.32942,1.32949,1.32927,1.32944,254,11,0
1785356100,1.32943,1.3296299999999999,1.32934,1.32959,255,11,0
1785356400,1.32958,1.32995,1.32952,1.32979,362,11,0
1785356700,1.32978,1.32987,1.3295,1.32974,377,11,0
1785357000,1.32973,1.3302800000000001,1.32964,1.33016,367,11,0
1785357300,1.33017,1.3302399999999999,1.32988,1.32998,315,11,0
1785357600,1.3299699999999999,1.33047,1.32996,1.33036,252,11,0
1785357900,1.33037,1.3306200000000001,1.33011,1.33056,296,11,0
1785358200,1.33056,1.3305799999999999,1.33025,1.3303,277,11,0
1785358500,1.3303,1.3303,1.32991,1.32996,352,12,0
1785358800,1.32992,1.3345099999999999,1.32869,1.33292,1120,11,0
1785359100,1.33292,1.3336700000000001,1.33257,1.33293,1006,11,0
1785359400,1.33293,1.33384,1.3324799999999999,1.33374,967,11,0
1785359700,1.33377,1.3339400000000001,1.33295,1.3329900000000001,927,11,0
1785360000,1.33296,1.33304,1.33254,1.33262,889,11,0
1785360300,1.33261,1.3330600000000001,1.33227,1.33304,516,11,0
1785360600,1.33304,1.33374,1.33122,1.33227,1071,11,0
1785360900,1.33232,1.33385,1.33175,1.33356,875,11,0
1785361200,1.33357,1.33469,1.33345,1.33462,1145,11,0
1785361500,1.33461,1.33593,1.33443,1.3357999999999999,1153,11,0
1785361800,1.33579,1.33624,1.33517,1.33616,994,11,0
1785362100,1.33616,1.33652,1.33566,1.3364500000000001,829,11,0
1785362400,1.33649,1.33683,1.33589,1.33616,1074,11,0
1785362700,1.33616,1.3363399999999999,1.33547,1.33565,1047,11,0
1785363000,1.33563,1.337,1.3355299999999999,1.33696,968,11,0
1785363300,1.33697,1.33867,1.33679,1.33827,912,11,0
1785363600,1.3382800000000001,1.33829,1.33622,1.33655,1020,11,0
1785363900,1.33654,1.3366,1.33565,1.3358400000000001,904,11,0
1785364200,1.33585,1.33593,1.33493,1.33537,1079,11,0
1785364500,1.33537,1.33609,1.33517,1.3354599999999999,1008,11,0
1785364800,1.3355000000000001,1.33598,1.33523,1.33567,1046,11,0
1785365100,1.33566,1.33589,1.3355000000000001,1.33583,966,11,0
1785365400,1.33581,1.33581,1.3348200000000001,1.33495,1014,11,0
1785365700,1.33494,1.33507,1.33456,1.33456,659,11,0
1785366000,1.33457,1.33505,1.33444,1.33468,599,11,0
1785366300,1.33474,1.3348499999999999,1.33447,1.33453,420,11,0
1785366600,1.33452,1.33495,1.33423,1.33463,422,11,0
1785366900,1.33463,1.33478,1.33436,1.33473,239,11,0
1785367200,1.33474,1.33493,1.33463,1.33468,186,11,0
1785367500,1.33472,1.33486,1.33448,1.3345500000000001,235,11,0
1785367800,1.33453,1.33525,1.33445,1.33525,275,11,0
1785368100,1.33529,1.33552,1.3351600000000001,1.3355000000000001,312,11,0
1785368400,1.33551,1.33621,1.3355000000000001,1.33617,198,11,0
1785368700,1.33615,1.33651,1.3360699999999999,1.33616,300,11,0
1785369000,1.33616,1.33656,1.336,1.33625,390,12,0
1785369300,1.33626,1.33682,1.33626,1.33658,374,12,0
1785369600,1.33658,1.33658,1.33636,1.33636,4,92,0
1785369900,1.33636,1.33636,1.33636,1.33636,1,92,0
1785370200,1.3361100000000001,1.3361100000000001,1.33514,1.33538,57,67,0
1785370500,1.33534,1.3356,1.33497,1.33542,150,147,0
1785370800,1.3354300000000001,1.3357,1.33541,1.33562,299,151,0
1785371100,1.33566,1.33598,1.33562,1.3357,123,141,0
1785371400,1.33568,1.3357299999999999,1.33541,1.33559,112,149,0
1785371700,1.33559,1.33608,1.33542,1.33548,156,115,0
1785372000,1.33559,1.33617,1.33542,1.33549,296,104,0
1785372300,1.33569,1.33635,1.33541,1.33551,564,86,0
1785372600,1.33551,1.33617,1.33532,1.33537,186,101,0
1785372900,1.33537,1.33603,1.33527,1.33556,505,97,0
1785373200,1.3357,1.33686,1.33562,1.33677,585,23,0
1785373500,1.33677,1.33686,1.3365,1.33676,278,23,0
1785373800,1.33677,1.33682,1.33664,1.33669,134,22,0
1785374100,1.3367,1.33671,1.33656,1.33659,85,21,0
1785374400,1.33661,1.3366799999999999,1.33658,1.33662,58,16,0
1785374700,1.33663,1.33666,1.33662,1.33664,81,17,0
1785375000,1.3366500000000001,1.33679,1.3366,1.33679,142,14,0
1785375300,1.33676,1.3368,1.33664,1.33664,95,15,0
1785375600,1.33663,1.33674,1.33663,1.33674,47,16,0
1785375900,1.33674,1.3368,1.3367200000000001,1.33674,57,18,0
1785376200,1.33673,1.33676,1.33662,1.33673,95,14,0
1785376500,1.33674,1.33685,1.3367200000000001,1.33684,112,15,0
1785376800,1.33684,1.33724,1.33683,1.33724,224,13,0
1785377100,1.33723,1.33748,1.33714,1.33743,151,15,0
1785377400,1.33744,1.33744,1.33687,1.33687,250,11,0
1785377700,1.33688,1.33689,1.3367499999999999,1.33677,279,13,0
1785378000,1.33678,1.33679,1.33662,1.33662,129,13,0
1785378300,1.33659,1.33659,1.33651,1.33655,93,14,0
1785378600,1.33657,1.33669,1.3364099999999999,1.3366500000000001,96,13,0
1785378900,1.33666,1.33667,1.33655,1.33656,103,15,0
1785379200,1.33655,1.33662,1.33642,1.33646,167,14,0
1785379500,1.3364500000000001,1.3366500000000001,1.3363399999999999,1.33663,309,13,0
1785379800,1.33664,1.33684,1.33658,1.33664,202,14,0
1785380100,1.3366500000000001,1.33676,1.33655,1.3366,252,13,0
1785380400,1.33664,1.3367499999999999,1.33624,1.33633,618,12,0
1785380700,1.3363399999999999,1.33662,1.33617,1.33649,561,11,0
1785381000,1.33648,1.33658,1.33633,1.33654,368,11,0
1785381300,1.33653,1.33663,1.33613,1.33613,525,12,0
1785381600,1.33613,1.33617,1.33586,1.33599,458,12,0
1785381900,1.33599,1.33601,1.33526,1.3354,576,11,0
1785382200,1.33541,1.33564,1.33539,1.33548,446,12,0
1785382500,1.33548,1.33556,1.33521,1.33525,366,11,0
1785382800,1.33525,1.3354599999999999,1.33524,1.33535,454,11,0
1785383100,1.33537,1.33552,1.33532,1.3354300000000001,416,11,0
1785383400,1.33544,1.3355000000000001,1.33526,1.33542,394,12,0
1785383700,1.33542,1.33549,1.33527,1.33545,317,12,0
1785384000,1.33545,1.33578,1.3354300000000001,1.33564,597,11,0
1785384300,1.33563,1.33585,1.3355299999999999,1.33563,429,11,0
1785384600,1.33564,1.33574,1.33547,1.33567,266,12,0
1785384900,1.33567,1.33568,1.33542,1.3355299999999999,322,12,0
1785385200,1.3355299999999999,1.33557,1.33514,1.33531,349,12,0
1785385500,1.33532,1.33544,1.33522,1.33536,279,13,0
1785385800,1.33536,1.33576,1.33524,1.33565,294,11,0
1785386100,1.33565,1.33571,1.33555,1.33562,305,12,0
1785386400,1.33563,1.33575,1.33535,1.33537,365,11,0
1785386700,1.33537,1.33564,1.33533,1.33548,299,12,0
1785387000,1.33547,1.3355000000000001,1.33522,1.33529,236,12,0
1785387300,1.33529,1.3353,1.33505,1.33514,247,11,0
1785387600,1.33515,1.33555,1.33513,1.33547,290,12,0
1785387900,1.3354599999999999,1.3355000000000001,1.33523,1.33531,197,11,0
1785388200,1.33531,1.33538,1.33511,1.33517,244,12,0
1785388500,1.33515,1.33518,1.3348499999999999,1.33502,380,12,0
1785388800,1.33502,1.33509,1.33484,1.33488,283,11,0
1785389100,1.3348900000000001,1.33493,1.3348200000000001,1.33488,153,11,0
1785389400,1.33488,1.33509,1.33483,1.33499,214,12,0
1785389700,1.33498,1.33509,1.33484,1.33505,184,12,0
1785390000,1.33506,1.33509,1.33493,1.33499,168,12,0
1785390300,1.33498,1.33514,1.33496,1.33506,211,11,0
1785390600,1.33507,1.3351899999999999,1.33503,1.33507,147,11,0
1785390900,1.33506,1.33508,1.3348200000000001,1.3348200000000001,174,12,0
1785391200,1.33481,1.33495,1.33477,1.33484,200,12,0
1785391500,1.33483,1.33487,1.33465,1.33468,153,12,0
1785391800,1.33468,1.33473,1.33434,1.33446,343,12,0
1785392100,1.33445,1.3345099999999999,1.3342399999999999,1.33429,209,12,0
1785392400,1.3343,1.33444,1.33411,1.33443,320,11,0
1785392700,1.33442,1.33448,1.33435,1.3344,207,11,0
1785393000,1.33441,1.33462,1.33429,1.3346,313,11,0
1785393300,1.33461,1.33472,1.33454,1.3345500000000001,214,13,0
1785393600,1.33454,1.33472,1.3345,1.33466,233,13,0
1785393900,1.33467,1.33473,1.3345500000000001,1.33465,202,12,0
1785394200,1.33464,1.33468,1.3345799999999999,1.33468,154,11,0
1785394500,1.33465,1.33467,1.33444,1.33446,180,12,0
1785394800,1.33446,1.3346,1.33433,1.3345,308,11,0
1785395100,1.33449,1.33459,1.33447,1.33456,150,12,0
1785395400,1.3345500000000001,1.33472,1.33452,1.33468,142,12,0
1785395700,1.33469,1.33477,1.33463,1.3347,190,12,0
1785396000,1.3347,1.33476,1.33467,1.33468,167,12,0
1785396300,1.33469,1.33477,1.33464,1.33476,225,11,0
1785396600,1.33475,1.33479,1.33472,1.33476,122,12,0
1785396900,1.33475,1.33476,1.3345500000000001,1.33459,110,12,0
1785397200,1.3346,1.33486,1.33452,1.3345500000000001,168,11,0
1785397500,1.33454,1.33467,1.33449,1.33452,127,13,0
1785397800,1.3345099999999999,1.33452,1.33437,1.33445,235,12,0
1785398100,1.33446,1.33446,1.3343,1.33436,194,13,0
1785398400,1.33437,1.33452,1.33425,1.33445,318,11,0
1785398700,1.33446,1.33468,1.33444,1.33461,252,12,0
1785399000,1.3346,1.33477,1.3345500000000001,1.33463,274,12,0
1785399300,1.33464,1.33471,1.33461,1.3347,274,13,0
1785399600,1.33471,1.33505,1.3347,1.33505,261,12,0
1785399900,1.33505,1.3355299999999999,1.33502,1.33547,181,12,0
1785400200,1.33547,1.3355000000000001,1.33527,1.33531,206,11,0
1785400500,1.33531,1.33534,1.33508,1.33528,313,11,0
1785400800,1.3353,1.33539,1.33523,1.33536,205,11,0
1785401100,1.33535,1.33561,1.33509,1.33517,358,11,0
1785401400,1.3351899999999999,1.3351899999999999,1.33498,1.3351,250,12,0
1785401700,1.33507,1.33507,1.3345799999999999,1.33484,369,11,0
1785402000,1.3348499999999999,1.33514,1.33454,1.33473,476,11,0
1785402300,1.33474,1.33486,1.33425,1.3342800000000001,437,11,0
1785402600,1.3342800000000001,1.3344,1.33337,1.33358,626,11,0
1785402900,1.33357,1.33389,1.33357,1.33366,426,11,0
1785403200,1.33366,1.33376,1.33341,1.33372,414,11,0
1785403500,1.33372,1.33385,1.33346,1.33355,340,11,0
1785403800,1.33355,1.33365,1.33323,1.33352,391,12,0
1785404100,1.33352,1.33396,1.3334,1.3339400000000001,431,11,0
1785404400,1.33393,1.33396,1.33369,1.33371,301,11,0
1785404700,1.33371,1.33427,1.33369,1.33423,337,11,0
1785405000,1.3342399999999999,1.33441,1.33411,1.3343099999999999,301,11,0
1785405300,1.33432,1.33447,1.33406,1.33416,278,12,0
1785405600,1.33416,1.33502,1.33407,1.33495,719,11,0
1785405900,1.33496,1.33501,1.33463,1.33477,629,11,0
1785406200,1.33478,1.33488,1.33439,1.33446,536,11,0
1785406500,1.33446,1.3347,1.33427,1.3343099999999999,468,11,0
1785406800,1.33432,1.33491,1.3343,1.33478,414,11,0
1785407100,1.33478,1.3348,1.33382,1.33386,539,11,0
1785407400,1.33386,1.33396,1.33358,1.33374,539,11,0
1785407700,1.33375,1.33408,1.33375,1.33406,345,11,0
1785408000,1.33405,1.33432,1.33403,1.33408,372,11,0
1785408300,1.3341,1.3342100000000001,1.3338999999999999,1.3341,315,11,0
1785408600,1.3341,1.33433,1.33385,1.33385,392,11,0
1785408900,1.33383,1.33407,1.33365,1.33375,293,11,0
1785409200,1.33377,1.33463,1.33374,1.33441,559,11,0
1785409500,1.33442,1.33478,1.33435,1.33476,527,11,0
1785409800,1.33476,1.33504,1.33476,1.33486,449,11,0
1785410100,1.33486,1.33523,1.3348,1.3348499999999999,403,11,0
1785410400,1.3348499999999999,1.33528,1.3348200000000001,1.33521,418,11,0
1785410700,1.3352,1.33566,1.33506,1.33561,468,11,0
1785411000,1.33561,1.33609,1.33551,1.33569,515,11,0
1785411300,1.33568,1.33576,1.3351600000000001,1.3351600000000001,361,11,0
1785411600,1.3351199999999999,1.3358400000000001,1.33509,1.33583,450,11,0
1785411900,1.33583,1.33615,1.33569,1.33571,451,11,0
1785412200,1.33571,1.33582,1.3354300000000001,1.3354599999999999,480,11,0
1785412500,1.33545,1.33564,1.33533,1.33551,307,11,0
1785412800,1.33551,1.33613,1.3355000000000001,1.33606,399,12,0
1785413100,1.33606,1.33657,1.33595,1.33656,459,11,0
1785413400,1.33653,1.33709,1.33643,1.3370600000000001,549,11,0
1785413700,1.3370600000000001,1.33735,1.33696,1.3373,508,11,0
1785414000,1.3373,1.33743,1.33718,1.33722,357,11,0
1785414300,1.33721,1.33754,1.33704,1.33725,389,11,0
1785414600,1.33725,1.33737,1.33707,1.33724,324,11,0
1785414900,1.33723,1.3379699999999999,1.33723,1.33761,380,11,0
1785415200,1.33761,1.33795,1.33752,1.33788,378,11,0
1785415500,1.3378700000000001,1.33823,1.33755,1.33823,420,11,0
1785415800,1.33822,1.33836,1.33784,1.33795,456,11,0
1785416100,1.33795,1.33814,1.33788,1.338,439,11,0
1785416400,1.33801,1.33814,1.33761,1.33766,474,11,0
1785416700,1.33766,1.33799,1.33753,1.3378,445,11,0
1785417000,1.3378,1.33879,1.3378,1.33867,522,11,0
1785417300,1.33868,1.33952,1.33849,1.3385,798,11,0
1785417600,1.3385,1.33853,1.33759,1.3377,530,11,0
1785417900,1.33769,1.33822,1.33765,1.33815,639,11,0
1785418200,1.33815,1.33857,1.33809,1.3385500000000001,554,11,0
1785418500,1.33854,1.33944,1.33853,1.33941,517,11,0
1785418800,1.33941,1.3401399999999999,1.33935,1.3397999999999999,836,11,0
1785419100,1.33979,1.34062,1.33967,1.34056,613,11,0
1785419400,1.34057,1.34062,1.3391199999999999,1.33921,637,11,0
1785419700,1.33924,1.33952,1.33887,1.33887,543,11,0
1785420000,1.33871,1.3401100000000001,1.33871,1.3391899999999999,602,11,0
1785420300,1.3391899999999999,1.33922,1.33822,1.3388200000000001,770,11,0
1785420600,1.3388,1.33881,1.33809,1.33817,413,11,0
1785420900,1.33817,1.33838,1.33772,1.33772,467,11,0
1785421200,1.33773,1.33802,1.3372899999999999,1.33758,453,11,0
1785421500,1.33759,1.3378,1.33738,1.33757,432,11,0
1785421800,1.33758,1.3376700000000001,1.33738,1.33746,486,11,0
1785422100,1.33747,1.33796,1.33746,1.33784,334,11,0
1785422400,1.33785,1.33786,1.33725,1.3372899999999999,417,11,0
1785422700,1.3373,1.33769,1.3372600000000001,1.33765,476,11,0
1785423000,1.33766,1.3382800000000001,1.33765,1.3382399999999999,501,11,0
1785423300,1.3382399999999999,1.33874,1.33813,1.33874,351,11,0
1785423600,1.33872,1.33914,1.33868,1.33906,446,11,0
1785423900,1.33907,1.33918,1.33869,1.33876,589,11,0
1785424200,1.33877,1.33942,1.3387,1.3391600000000001,603,12,0
1785424500,1.3391600000000001,1.3391600000000001,1.3382100000000001,1.33852,555,11,0
1785424800,1.33852,1.33897,1.3384,1.3388,631,11,0
1785425100,1.3388,1.33936,1.33856,1.33856,473,11,0
1785425400,1.3385099999999999,1.33944,1.33799,1.3386,511,11,0
1785425700,1.33861,1.33945,1.3385,1.33933,813,11,0
1785426000,1.33934,1.33938,1.33743,1.33864,974,11,0
1785426300,1.33865,1.33867,1.33742,1.33762,861,11,0
1785426600,1.3376299999999999,1.33786,1.33707,1.33711,887,11,0
1785426900,1.33709,1.33762,1.3366500000000001,1.33707,866,11,0
1785427200,1.33707,1.33727,1.33673,1.33715,923,11,0
1785427500,1.33716,1.33792,1.33715,1.33737,922,11,0
1785427800,1.33737,1.33766,1.33687,1.33698,748,11,0
1785428100,1.33698,1.33725,1.33666,1.33713,671,11,0
1785428400,1.33712,1.33756,1.33679,1.33749,597,11,0
1785428700,1.33748,1.33755,1.33687,1.33715,640,11,0
1785429000,1.33712,1.338,1.33684,1.3372600000000001,864,11,0
1785429300,1.33728,1.33961,1.33713,1.33957,1253,11,0
1785429600,1.3396,1.34166,1.33904,1.34138,1290,11,0
1785429900,1.3414,1.34184,1.34074,1.34083,1163,11,0
1785430200,1.34085,1.34202,1.34,1.34195,1218,11,0
1785430500,1.3419400000000001,1.34277,1.34159,1.34275,1137,11,0
1785430800,1.34276,1.34471,1.34259,1.34425,1267,11,0
1785431100,1.3443100000000001,1.34453,1.34273,1.3433899999999999,1255,11,0
1785431400,1.34338,1.34444,1.34334,1.34439,1208,11,0
1785431700,1.3443800000000001,1.34463,1.34384,1.34417,1265,11,0
1785432000,1.34416,1.34446,1.34341,1.34355,1172,11,0
1785432300,1.34355,1.34365,1.34275,1.34304,1153,11,0
1785432600,1.34306,1.34359,1.34275,1.34314,1083,11,0
1785432900,1.34315,1.34355,1.34269,1.34302,898,11,0
1785433200,1.34298,1.34329,1.34227,1.3430900000000001,868,11,0
1785433500,1.3431,1.34336,1.34283,1.3431600000000001,842,11,0
1785433800,1.34317,1.34325,1.34272,1.3429,760,11,0
1785434100,1.34287,1.34329,1.34232,1.34242,891,11,0
1785434400,1.34241,1.34293,1.34222,1.34229,924,11,0
1785434700,1.34231,1.34333,1.34231,1.34263,862,11,0
1785435000,1.34265,1.34307,1.34209,1.34304,787,11,0
1785435300,1.34305,1.3437700000000001,1.34301,1.34376,761,11,0
1785435600,1.3437700000000001,1.34416,1.3437299999999999,1.34383,690,11,0
1785435900,1.34383,1.34426,1.3437000000000001,1.34425,628,11,0
1785436200,1.34422,1.34503,1.3439,1.34487,753,11,0
1785436500,1.34496,1.34536,1.3448,1.34518,786,11,0
1785436800,1.34521,1.34573,1.3450199999999999,1.34565,624,11,0
1785437100,1.34565,1.34605,1.34543,1.34596,497,11,0
1785437400,1.34595,1.34615,1.34568,1.34578,558,11,0
1785437700,1.34578,1.34625,1.34578,1.34583,519,11,0
1785438000,1.34583,1.3466,1.34583,1.34641,763,11,0
1785438300,1.3464,1.3465099999999999,1.3461,1.34649,597,11,0
1785438600,1.34646,1.3465500000000001,1.34601,1.34638,627,11,0
1785438900,1.34638,1.34686,1.34626,1.34681,579,11,0
1785439200,1.34681,1.34695,1.34649,1.34652,484,11,0
1785439500,1.34652,1.34669,1.3463,1.3466,425,11,0
1785439800,1.34662,1.34695,1.34645,1.34674,439,11,0
1785440100,1.34673,1.34698,1.34654,1.34672,424,11,0
1785440400,1.3467,1.3467799999999999,1.34601,1.34601,487,11,0
1785440700,1.34601,1.34612,1.34592,1.346,414,11,0
1785441000,1.34601,1.34605,1.3456299999999999,1.34581,437,11,0
1785441300,1.34582,1.3464,1.3458,1.34639,428,11,0
1785441600,1.3464,1.34663,1.3461400000000001,1.34619,436,11,0
1785441900,1.3462,1.34635,1.34611,1.34628,367,11,0
1785442200,1.34627,1.3464,1.34602,1.34605,394,11,0
1785442500,1.34604,1.34611,1.34583,1.34605,356,11,0
1785442800,1.34606,1.3461400000000001,1.3458700000000001,1.34601,358,11,0
1785443100,1.34592,1.34593,1.34569,1.34574,394,11,0
1785443400,1.34573,1.3458700000000001,1.3456000000000001,1.3456000000000001,339,11,0
1785443700,1.34561,1.34664,1.34538,1.3466,988,11,0
1785444000,1.34661,1.34696,1.34603,1.34696,839,11,0
1785444300,1.34697,1.34704,1.34661,1.3467,577,11,0
1785444600,1.3467,1.34727,1.34657,1.34689,512,11,0
1785444900,1.3469,1.34715,1.34677,1.34714,324,11,0
1785445200,1.3471600000000001,1.34734,1.34706,1.34715,392,11,0
1785445500,1.34715,1.34727,1.34665,1.34714,485,11,0
1785445800,1.34714,1.34725,1.34693,1.34722,435,11,0
1785446100,1.34718,1.34722,1.34688,1.34691,332,11,0
1785446400,1.34691,1.34695,1.34661,1.34663,416,11,0
1785446700,1.34663,1.34691,1.34654,1.3469,254,11,0
1785447000,1.3469,1.3471899999999999,1.3468200000000001,1.34705,308,11,0
1785447300,1.34705,1.34713,1.34677,1.3468200000000001,267,11,0
1785447600,1.3468200000000001,1.34696,1.34672,1.34695,218,11,0
1785447900,1.34694,1.34726,1.34694,1.34726,221,11,0
1785448200,1.34725,1.3473899999999999,1.34708,1.34724,271,11,0
1785448500,1.34725,1.34754,1.34721,1.34754,264,11,0
1785448800,1.34754,1.34754,1.34738,1.3474300000000001,304,11,0
1785449100,1.34742,1.3476,1.34728,1.34735,258,11,0
1785449400,1.34734,1.34737,1.34693,1.34696,406,11,0
1785449700,1.34696,1.34741,1.3468200000000001,1.3473600000000001,304,11,0
1785450000,1.3473600000000001,1.34748,1.34728,1.3473899999999999,229,12,0
1785450300,1.3473899999999999,1.34745,1.3470900000000001,1.34713,269,11,0
1785450600,1.3471199999999999,1.3471600000000001,1.34694,1.34706,300,11,0
1785450900,1.34706,1.34717,1.34699,1.34706,295,11,0
1785451200,1.34707,1.34721,1.34704,1.34713,319,11,0
1785451500,1.34713,1.34727,1.34703,1.3471600000000001,316,11,0
1785451800,1.34714,1.34723,1.34691,1.34692,370,11,0
1785452100,1.34693,1.3471,1.34662,1.34694,510,11,0
1785452400,1.34693,1.34723,1.34676,1.3472,364,11,0
1785452700,1.34721,1.34722,1.34691,1.34703,189,11,0
1785453000,1.34702,1.34707,1.34699,1.347,185,12,0
1785453300,1.347,1.34703,1.34673,1.3467500000000001,186,11,0
1785453600,1.3467500000000001,1.3467500000000001,1.34646,1.3464800000000001,156,12,0
1785453900,1.34649,1.34664,1.34646,1.34647,138,11,0
1785454200,1.3464800000000001,1.34695,1.3464,1.3467,145,11,0
1785454500,1.34672,1.34672,1.34656,1.34664,205,11,0
1785454800,1.34666,1.34667,1.34661,1.34664,75,13,0
1785455100,1.34665,1.34669,1.3465099999999999,1.34654,178,11,0
1785455400,1.34652,1.34666,1.34652,1.3466,74,12,0
1785455700,1.34662,1.34665,1.3463,1.34639,316,12,0
1785456000,1.34637,1.34637,1.34592,1.34592,6,45,0
1785456300,1.34592,1.34596,1.34574,1.34596,11,134,0
1785456600,1.34596,1.34596,1.34567,1.34574,15,102,0
1785456900,1.3457,1.34583,1.34567,1.34567,22,85,0
1785457200,1.34567,1.34581,1.3456299999999999,1.3458,13,87,0
1785457500,1.34578,1.34581,1.34578,1.34578,7,104,0
1785457800,1.34578,1.34578,1.34577,1.34577,6,88,0
1785458100,1.34577,1.34577,1.34577,1.34577,5,88,0
1785458400,1.34577,1.34605,1.34577,1.34582,40,65,0
1785458700,1.34582,1.3461400000000001,1.3455599999999999,1.34557,25,69,0
1785459000,1.34558,1.34579,1.34549,1.34576,23,87,0
1785459300,1.34577,1.3458,1.34551,1.3457,36,86,0
1785459600,1.34588,1.34667,1.34588,1.34667,129,24,0
1785459900,1.34665,1.34672,1.34637,1.34649,78,20,0
1785460200,1.34649,1.34657,1.34645,1.34646,43,20,0
1785460500,1.34646,1.34667,1.34646,1.34653,196,14,0
1785460800,1.34654,1.34654,1.34638,1.3464800000000001,170,14,0
1785461100,1.34647,1.34657,1.34647,1.34657,100,16,0
1785461400,1.34657,1.3465799999999999,1.34644,1.3465799999999999,89,16,0
1785461700,1.3465799999999999,1.34704,1.34657,1.34688,149,13,0
1785462000,1.34689,1.3469,1.34667,1.34677,136,16,0
1785462300,1.3467799999999999,1.3468,1.34667,1.34677,83,13,0
1785462600,1.34677,1.34677,1.34667,1.34668,67,13,0
1785462900,1.34667,1.34668,1.3465,1.34665,76,17,0
1785463200,1.34666,1.34686,1.34654,1.34659,189,13,0
1785463500,1.3465799999999999,1.34665,1.34631,1.34635,107,14,0
1785463800,1.34635,1.34637,1.34616,1.34627,93,15,0
1785464100,1.34627,1.34629,1.34607,1.34628,127,14,0
1785464400,1.34629,1.34647,1.34627,1.34637,189,12,0
1785464700,1.34632,1.34643,1.34609,1.34609,170,13,0
1785465000,1.34611,1.3462100000000001,1.346,1.3461400000000001,121,13,0
1785465300,1.3461400000000001,1.3461400000000001,1.34584,1.34596,218,11,0
1785465600,1.34599,1.3461,1.34593,1.34609,145,11,0
1785465900,1.34608,1.34632,1.34608,1.34615,181,13,0
1785466200,1.3461400000000001,1.34615,1.34599,1.34601,164,12,0
1785466500,1.34601,1.34615,1.34595,1.3459699999999999,209,12,0
1785466800,1.34601,1.3462399999999999,1.3458,1.3461400000000001,523,12,0
1785467100,1.34615,1.34618,1.34566,1.34593,452,11,0
1785467400,1.34592,1.34618,1.34584,1.34598,469,12,0
1785467700,1.34598,1.34613,1.34575,1.34596,433,12,0
1785468000,1.3459699999999999,1.34642,1.34585,1.34632,447,11,0
1785468300,1.34631,1.34632,1.34602,1.34606,283,11,0
1785468600,1.34605,1.34618,1.34573,1.34573,301,11,0
1785468900,1.34574,1.34579,1.3455599999999999,1.3455599999999999,391,11,0
1785469200,1.34554,1.34558,1.3453,1.34552,367,12,0
1785469500,1.3455300000000001,1.34557,1.34524,1.34544,362,12,0
1785469800,1.34543,1.3458999999999999,1.34543,1.34572,405,11,0
1785470100,1.34572,1.34601,1.34572,1.34577,487,11,0
1785470400,1.34579,1.3462,1.34577,1.34599,493,11,0
1785470700,1.34599,1.34605,1.34567,1.34593,457,11,0
1785471000,1.34592,1.34612,1.3455300000000001,1.3457,527,11,0
1785471300,1.34571,1.34572,1.34542,1.34543,534,11,0
1785471600,1.34543,1.34568,1.34534,1.34557,528,11,0
1785471900,1.34558,1.34576,1.34555,1.34559,321,12,0
1785472200,1.34559,1.34596,1.34546,1.3458,451,12,0
1785472500,1.3458,1.3458,1.34518,1.3452,453,11,0
1785472800,1.34519,1.34527,1.34508,1.34509,419,11,0
1785473100,1.3451,1.34519,1.34478,1.34481,437,13,0
1785473400,1.3448,1.3449900000000001,1.34475,1.34494,358,12,0
1785473700,1.34496,1.34513,1.3449499999999999,1.34501,353,12,0
1785474000,1.345,1.34532,1.3449499999999999,1.34527,379,11,0
1785474300,1.34527,1.34574,1.34527,1.34554,396,11,0
1785474600,1.34554,1.34591,1.3455300000000001,1.34574,307,11,0
1785474900,1.34571,1.34572,1.34554,1.34564,264,11,0
1785475200,1.34564,1.34581,1.3454,1.34543,337,12,0
1785475500,1.34544,1.3456000000000001,1.3453300000000001,1.3455,316,11,0
1785475800,1.34549,1.34566,1.34547,1.34558,251,12,0
1785476100,1.34554,1.34555,1.3451,1.34514,247,11,0
1785476400,1.34514,1.3453,1.3451,1.34523,203,12,0
1785476700,1.34523,1.34523,1.345,1.34512,233,11,0
1785477000,1.34511,1.34524,1.34489,1.34506,302,11,0
1785477300,1.34507,1.34517,1.34488,1.34498,316,11,0
1785477600,1.3449900000000001,1.34501,1.34471,1.34482,249,11,0
1785477900,1.34482,1.34508,1.34481,1.34503,196,12,0
1785478200,1.34503,1.34514,1.34451,1.34461,547,11,0
1785478500,1.34462,1.34474,1.34446,1.34457,267,11,0
1785478800,1.34458,1.34473,1.34455,1.34473,243,11,0
1785479100,1.34473,1.34486,1.34452,1.34455,239,11,0
1785479400,1.34455,1.34483,1.34452,1.34475,279,11,0
1785479700,1.34475,1.34484,1.3446799999999999,1.34474,216,11,0
1785480000,1.34475,1.34475,1.3445,1.34473,217,12,0
1785480300,1.3447200000000001,1.34505,1.34471,1.34488,330,11,0
1785480600,1.34487,1.3450199999999999,1.34485,1.34496,210,11,0
1785480900,1.34497,1.34508,1.3449200000000001,1.34507,206,12,0
1785481200,1.34507,1.34518,1.34496,1.34515,271,11,0
1785481500,1.34515,1.34518,1.34494,1.345,197,12,0
1785481800,1.34501,1.34506,1.34483,1.3449200000000001,337,11,0
1785482100,1.34493,1.34494,1.34476,1.3449,197,13,0
1785482400,1.34485,1.3449900000000001,1.34479,1.3449200000000001,227,12,0
1785482700,1.34493,1.34501,1.34474,1.34474,269,11,0
1785483000,1.34474,1.34479,1.34452,1.34469,337,13,0
1785483300,1.34469,1.34475,1.34447,1.34454,311,13,0
1785483600,1.34456,1.34459,1.3443100000000001,1.34433,269,11,0
1785483900,1.3443399999999999,1.3443800000000001,1.34415,1.34417,198,12,0
1785484200,1.34417,1.34446,1.34417,1.34444,238,13,0
1785484500,1.3444099999999999,1.34453,1.34433,1.3445,273,12,0
1785484800,1.34449,1.34463,1.3444,1.34454,257,11,0
1785485100,1.34452,1.34462,1.34448,1.34461,248,12,0
1785485400,1.34462,1.34486,1.34455,1.34456,293,11,0
1785485700,1.34456,1.34464,1.3445,1.34455,181,12,0
1785486000,1.34456,1.34457,1.34426,1.34442,222,11,0
1785486300,1.34442,1.34443,1.34425,1.34428,211,11,0
1785486600,1.34427,1.34463,1.34422,1.3443800000000001,424,11,0
1785486900,1.34439,1.34446,1.34414,1.3443100000000001,391,12,0
1785487200,1.34433,1.34451,1.3442,1.34424,284,12,0
1785487500,1.34422,1.34423,1.34399,1.34401,307,11,0
1785487800,1.34402,1.3442,1.34397,1.34412,386,11,0
1785488100,1.3441100000000001,1.34444,1.3440699999999999,1.3442,346,11,0
1785488400,1.34421,1.34476,1.34421,1.34475,404,11,0
1785488700,1.34474,1.34538,1.34474,1.3452600000000001,456,11,0
1785489000,1.34525,1.34539,1.34497,1.34535,371,12,0
