time,open,high,low,close,tick_volume,spread,real_volume
1782236100,161.561,161.565,161.546,161.559,336,11,0
1782236400,161.559,161.574,161.537,161.55,392,11,0
1782236700,161.551,161.551,161.505,161.511,354,11,0
1782237000,161.51,161.528,161.51,161.523,401,11,0
1782237300,161.524,161.576,161.524,161.537,550,11,0
1782237600,161.538,161.554,161.535,161.553,356,11,0
1782237900,161.553,161.579,161.553,161.579,302,11,0
1782238200,161.578,161.58,161.548,161.548,248,11,0
1782238500,161.547,161.572,161.526,161.567,379,11,0
1782238800,161.568,161.576,161.547,161.548,314,11,0
1782239100,161.547,161.551,161.528,161.536,306,11,0
1782239400,161.535,161.538,161.5,161.521,486,11,0
1782239700,161.521,161.533,161.509,161.533,340,11,0
1782240000,161.533,161.536,161.51,161.511,220,11,0
1782240300,161.51,161.535,161.503,161.531,240,11,0
1782240600,161.531,161.551,161.527,161.539,237,11,0
1782240900,161.539,161.568,161.539,161.543,269,11,0
1782241200,161.544,161.571,161.542,161.559,222,11,0
1782241500,161.559,161.58,161.557,161.568,202,11,0
1782241800,161.567,161.571,161.543,161.543,180,11,0
1782242100,161.543,161.556,161.537,161.545,237,11,0
1782242400,161.544,161.566,161.533,161.558,254,11,0
1782242700,161.557,161.572,161.553,161.57,227,11,0
1782243000,161.571,161.574,161.557,161.56,169,11,0
1782243300,161.56,161.562,161.542,161.543,185,11,0
1782243600,161.543,161.549,161.535,161.537,225,11,0
1782243900,161.537,161.555,161.536,161.553,222,11,0
1782244200,161.552,161.57,161.551,161.57,210,11,0
1782244500,161.569,161.594,161.566,161.592,186,11,0
1782244800,161.593,161.6,161.583,161.59,299,11,0
1782245100,161.589,161.601,161.578,161.595,261,11,0
1782245400,161.595,161.597,161.584,161.595,157,11,0
1782245700,161.594,161.598,161.593,161.597,104,12,0
1782246000,161.596,161.608,161.594,161.594,119,12,0
1782246300,161.595,161.612,161.591,161.598,141,11,0
1782246600,161.599,161.606,161.58,161.58,294,11,0
1782246900,161.579,161.581,161.568,161.57,222,11,0
1782247200,161.57,161.571,161.549,161.553,148,11,0
1782247500,161.552,161.568,161.548,161.553,158,11,0
1782247800,161.552,161.587,161.55,161.55,220,11,0
1782248100,161.549,161.558,161.541,161.554,161,11,0
1782248400,161.553,161.566,161.547,161.563,141,11,0
1782248700,161.563,161.566,161.56,161.562,110,11,0
1782249000,161.562,161.568,161.56,161.565,137,11,0
1782249300,161.566,161.579,161.562,161.565,169,11,0
1782249600,161.566,161.569,161.56,161.566,170,11,0
1782249900,161.566,161.578,161.565,161.573,110,11,0
1782250200,161.572,161.586,161.571,161.584,124,11,0
1782250500,161.584,161.589,161.55,161.565,227,11,0
1782250800,161.565,161.58,161.561,161.562,204,11,0
1782251100,161.561,161.568,161.54,161.565,239,11,0
1782251400,161.564,161.574,161.558,161.566,124,11,0
1782251700,161.566,161.576,161.558,161.562,221,11,0
1782252000,161.562,161.568,161.556,161.558,191,11,0
1782252300,161.559,161.56,161.545,161.549,283,11,0
1782252600,161.549,161.551,161.545,161.546,146,11,0
1782252900,161.546,161.564,161.536,161.562,171,11,0
1782253200,161.562,161.563,161.548,161.552,150,11,0
1782253500,161.551,161.555,161.546,161.546,168,12,0
1782253800,161.546,161.547,161.506,161.516,272,11,0
1782254100,161.513,161.544,161.513,161.525,175,11,0
1782254400,161.525,161.538,161.517,161.535,182,11,0
1782254700,161.536,161.541,161.532,161.538,150,11,0
1782255000,161.537,161.549,161.521,161.525,256,11,0
1782255300,161.525,161.571,161.525,161.571,303,11,0
1782255600,161.572,161.604,161.572,161.576,389,11,0
1782255900,161.577,161.597,161.566,161.59,155,12,0
1782256200,161.59,161.592,161.583,161.585,96,11,0
1782256500,161.585,161.588,161.584,161.586,69,11,0
1782256800,161.585,161.596,161.581,161.582,103,12,0
1782257100,161.583,161.583,161.565,161.566,79,11,0
1782257400,161.564,161.572,161.564,161.569,48,11,0
1782257700,161.569,161.584,161.568,161.582,45,12,0
1782258000,161.58,161.583,161.579,161.582,23,13,0
1782258300,161.581,161.585,161.581,161.584,47,14,0
1782258600,161.583,161.585,161.571,161.575,77,13,0
1782258900,161.572,161.575,161.498,161.498,91,14,0
1782259200,161.476,161.481,161.399,161.481,8,96,0
1782259500,161.477,161.482,161.474,161.48,8,81,0
1782259800,161.48,161.485,161.467,161.474,32,72,0
1782260100,161.474,161.475,161.474,161.474,6,71,0
1782260400,161.474,161.478,161.473,161.477,12,59,0
1782260700,161.474,161.494,161.474,161.494,8,53,0
1782261000,161.494,161.495,161.489,161.489,6,65,0
1782261300,161.489,161.498,161.487,161.498,6,64,0
1782261600,161.498,161.499,161.498,161.499,5,63,0
1782261900,161.495,161.542,161.495,161.531,514,49,0
1782262200,161.533,161.534,161.526,161.528,106,55,0
1782262500,161.529,161.534,161.455,161.499,32,48,0
1782262800,161.503,161.555,161.499,161.555,83,14,0
1782263100,161.555,161.593,161.555,161.578,54,18,0
1782263400,161.578,161.58,161.565,161.569,57,18,0
1782263700,161.569,161.577,161.555,161.557,100,11,0
1782264000,161.556,161.57,161.556,161.565,53,19,0
1782264300,161.565,161.566,161.559,161.566,47,17,0
1782264600,161.566,161.566,161.552,161.552,76,17,0
1782264900,161.552,161.555,161.539,161.54,159,14,0
1782265200,161.541,161.552,161.538,161.539,73,16,0
1782265500,161.538,161.547,161.527,161.546,50,14,0
1782265800,161.545,161.557,161.545,161.552,45,13,0
1782266100,161.553,161.555,161.551,161.553,45,18,0
1782266400,161.552,161.553,161.525,161.538,109,14,0
1782266700,161.538,161.544,161.526,161.539,109,14,0
1782267000,161.54,161.548,161.539,161.548,75,13,0
1782267300,161.547,161.55,161.545,161.548,80,13,0
1782267600,161.549,161.553,161.544,161.549,88,14,0
1782267900,161.548,161.567,161.547,161.558,85,13,0
1782268200,161.559,161.569,161.558,161.559,83,14,0
1782268500,161.559,161.559,161.545,161.545,83,11,0
1782268800,161.546,161.549,161.541,161.546,95,14,0
1782269100,161.546,161.573,161.545,161.559,153,13,0
1782269400,161.558,161.585,161.543,161.582,210,13,0
1782269700,161.583,161.602,161.582,161.594,309,13,0
1782270000,161.594,161.594,161.544,161.552,538,11,0
1782270300,161.551,161.56,161.544,161.549,216,11,0
1782270600,161.549,161.57,161.548,161.567,186,11,0
1782270900,161.567,161.585,161.554,161.584,253,11,0
1782271200,161.585,161.595,161.572,161.575,280,11,0
1782271500,161.576,161.61,161.563,161.597,386,11,0
1782271800,161.596,161.6,161.584,161.586,351,11,0
1782272100,161.587,161.6,161.586,161.588,234,11,0
1782272400,161.589,161.612,161.588,161.608,124,12,0
1782272700,161.609,161.609,161.59,161.604,130,12,0
1782273000,161.604,161.628,161.573,161.612,358,11,0
1782273300,161.612,161.626,161.603,161.617,344,11,0
1782273600,161.618,161.62,161.571,161.587,333,12,0
1782273900,161.584,161.584,161.565,161.579,241,11,0
1782274200,161.578,161.579,161.565,161.574,176,11,0
1782274500,161.572,161.581,161.565,161.565,199,12,0
1782274800,161.565,161.574,161.56,161.566,235,12,0
1782275100,161.566,161.573,161.559,161.568,145,11,0
1782275400,161.569,161.58,161.567,161.568,231,11,0
1782275700,161.57,161.579,161.561,161.567,188,11,0
1782276000,161.566,161.567,161.551,161.554,204,12,0
1782276300,161.553,161.568,161.542,161.568,190,11,0
1782276600,161.567,161.575,161.561,161.561,140,11,0
1782276900,161.562,161.574,161.559,161.563,152,11,0
1782277200,161.564,161.579,161.561,161.573,174,11,0
1782277500,161.573,161.579,161.566,161.573,231,12,0
1782277800,161.573,161.575,161.555,161.558,193,11,0
1782278100,161.559,161.559,161.527,161.542,300,11,0
1782278400,161.542,161.549,161.537,161.543,162,11,0
1782278700,161.543,161.554,161.54,161.549,100,11,0
1782279000,161.549,161.551,161.54,161.546,130,12,0
1782279300,161.546,161.553,161.54,161.547,193,11,0
1782279600,161.547,161.561,161.546,161.556,194,11,0
1782279900,161.555,161.56,161.553,161.555,116,11,0
1782280200,161.554,161.554,161.541,161.544,150,11,0
1782280500,161.545,161.556,161.542,161.544,187,11,0
1782280800,161.545,161.555,161.543,161.554,188,11,0
1782281100,161.554,161.571,161.552,161.564,201,11,0
1782281400,161.563,161.594,161.56,161.591,449,12,0
1782281700,161.59,161.592,161.565,161.567,385,11,0
1782282000,161.568,161.58,161.566,161.573,224,12,0
1782282300,161.574,161.576,161.546,161.548,253,12,0
1782282600,161.548,161.559,161.545,161.547,300,11,0
1782282900,161.547,161.561,161.546,161.549,228,11,0
1782283200,161.549,161.561,161.546,161.561,145,12,0
1782283500,161.561,161.563,161.545,161.547,168,11,0
1782283800,161.547,161.549,161.539,161.546,128,12,0
1782284100,161.546,161.548,161.538,161.545,131,11,0
1782284400,161.545,161.558,161.543,161.548,94,11,0
1782284700,161.547,161.55,161.522,161.544,137,11,0
1782285000,161.544,161.549,161.532,161.549,121,12,0
1782285300,161.548,161.55,161.54,161.544,157,12,0
1782285600,161.544,161.544,161.538,161.542,96,12,0
1782285900,161.543,161.555,161.541,161.553,144,12,0
1782286200,161.552,161.553,161.538,161.54,124,11,0
1782286500,161.541,161.544,161.539,161.543,85,12,0
1782286800,161.543,161.554,161.537,161.548,189,12,0
1782287100,161.547,161.552,161.538,161.55,187,11,0
1782287400,161.55,161.554,161.547,161.549,183,11,0
1782287700,161.548,161.551,161.537,161.549,174,12,0
1782288000,161.549,161.559,161.547,161.552,264,12,0
1782288300,161.553,161.561,161.546,161.549,199,11,0
1782288600,161.548,161.549,161.538,161.543,243,12,0
1782288900,161.542,161.599,161.542,161.573,350,11,0
1782289200,161.573,161.597,161.573,161.592,261,12,0
1782289500,161.593,161.608,161.591,161.595,441,12,0
1782289800,161.596,161.599,161.58,161.596,257,11,0
1782290100,161.597,161.599,161.586,161.594,97,12,0
1782290400,161.595,161.605,161.586,161.588,244,11,0
1782290700,161.588,161.589,161.572,161.583,193,11,0
1782291000,161.583,161.607,161.577,161.602,145,11,0
1782291300,161.602,161.608,161.6,161.603,134,12,0
1782291600,161.604,161.644,161.604,161.639,613,11,0
1782291900,161.638,161.642,161.621,161.629,531,11,0
1782292200,161.628,161.632,161.611,161.628,351,11,0
1782292500,161.629,161.66,161.624,161.656,407,11,0
1782292800,161.655,161.657,161.64,161.653,348,11,0
1782293100,161.654,161.68,161.654,161.68,246,11,0
1782293400,161.68,161.681,161.659,161.679,303,11,0
1782293700,161.68,161.68,161.649,161.663,274,11,0
1782294000,161.663,161.67,161.579,161.668,410,11,0
1782294300,161.669,161.672,161.65,161.671,364,11,0
1782294600,161.671,161.688,161.668,161.678,263,11,0
1782294900,161.678,161.71,161.678,161.703,318,11,0
1782295200,161.702,161.721,161.679,161.719,364,11,0
1782295500,161.719,161.723,161.691,161.693,300,11,0
1782295800,161.693,161.717,161.681,161.716,268,11,0
1782296100,161.716,161.72,161.691,161.691,267,11,0
1782296400,161.692,161.718,161.689,161.703,242,11,0
1782296700,161.704,161.707,161.678,161.68,203,11,0
1782297000,161.681,161.688,161.674,161.688,203,11,0
1782297300,161.687,161.693,161.679,161.688,231,11,0
1782297600,161.689,161.69,161.659,161.664,266,11,0
1782297900,161.665,161.686,161.665,161.679,223,11,0
1782298200,161.679,161.698,161.674,161.695,283,11,0
1782298500,161.695,161.734,161.694,161.709,168,11,0
1782298800,161.708,161.71,161.678,161.681,414,11,0
1782299100,161.682,161.713,161.681,161.71,234,11,0
1782299400,161.71,161.747,161.701,161.729,400,11,0
1782299700,161.73,161.731,161.691,161.702,315,11,0
1782300000,161.702,161.703,161.685,161.686,281,11,0
1782300300,161.686,161.695,161.682,161.693,196,11,0
1782300600,161.693,161.694,161.675,161.679,153,11,0
1782300900,161.679,161.734,161.678,161.729,298,11,0
1782301200,161.729,161.729,161.717,161.726,170,11,0
1782301500,161.727,161.736,161.718,161.722,234,11,0
1782301800,161.723,161.738,161.711,161.728,237,11,0
1782302100,161.728,161.75,161.725,161.748,279,11,0
1782302400,161.748,161.764,161.742,161.761,348,11,0
1782302700,161.762,161.767,161.742,161.754,359,11,0
1782303000,161.754,161.772,161.754,161.76,237,11,0
1782303300,161.759,161.767,161.755,161.757,315,11,0
1782303600,161.756,161.759,161.741,161.755,370,11,0
1782303900,161.756,161.761,161.747,161.759,393,11,0
1782304200,161.76,161.767,161.757,161.76,216,11,0
1782304500,161.759,161.763,161.703,161.724,323,11,0
1782304800,161.727,161.754,161.717,161.739,245,11,0
1782305100,161.739,161.747,161.734,161.74,103,11,0
1782305400,161.741,161.746,161.716,161.736,183,11,0
1782305700,161.735,161.747,161.732,161.735,236,11,0
1782306000,161.735,161.746,161.722,161.734,339,11,0
1782306300,161.734,161.739,161.723,161.739,256,11,0
1782306600,161.74,161.741,161.705,161.714,222,12,0
1782306900,161.714,161.733,161.714,161.724,176,11,0
1782307200,161.725,161.74,161.723,161.738,221,11,0
1782307500,161.737,161.737,161.708,161.719,200,11,0
1782307800,161.72,161.725,161.713,161.723,161,11,0
1782308100,161.723,161.726,161.706,161.715,274,11,0
1782308400,161.715,161.716,161.678,161.682,274,11,0
1782308700,161.682,161.714,161.678,161.71,206,11,0
1782309000,161.71,161.716,161.695,161.699,200,11,0
1782309300,161.699,161.7,161.682,161.684,292,11,0
1782309600,161.683,161.697,161.659,161.697,210,11,0
1782309900,161.697,161.703,161.686,161.686,153,11,0
1782310200,161.686,161.695,161.68,161.695,176,11,0
1782310500,161.695,161.701,161.688,161.699,244,11,0
1782310800,161.699,161.71,161.697,161.697,149,11,0
1782311100,161.697,161.7,161.647,161.654,168,11,0
1782311400,161.654,161.689,161.654,161.67,284,11,0
1782311700,161.669,161.673,161.649,161.665,392,11,0
1782312000,161.667,161.677,161.662,161.663,259,11,0
1782312300,161.664,161.671,161.649,161.659,391,11,0
1782312600,161.659,161.659,161.618,161.646,364,11,0
1782312900,161.647,161.676,161.647,161.649,466,11,0
1782313200,161.651,161.66,161.628,161.647,530,11,0
1782313500,161.647,161.675,161.644,161.674,412,11,0
1782313800,161.674,161.689,161.66,161.675,341,11,0
1782314100,161.674,161.687,161.654,161.661,409,11,0
1782314400,161.662,161.684,161.662,161.681,330,11,0
1782314700,161.68,161.69,161.678,161.681,249,11,0
1782315000,161.68,161.72,161.679,161.709,401,11,0
1782315300,161.709,161.716,161.683,161.704,465,11,0
1782315600,161.705,161.735,161.703,161.716,359,11,0
1782315900,161.716,161.736,161.707,161.724,322,11,0
1782316200,161.723,161.737,161.72,161.731,315,11,0
1782316500,161.731,161.749,161.726,161.747,349,11,0
1782316800,161.748,161.75,161.705,161.732,638,11,0
1782317100,161.732,161.753,161.726,161.746,490,11,0
1782317400,161.745,161.747,161.721,161.733,409,11,0
1782317700,161.734,161.748,161.728,161.731,334,11,0
1782318000,161.732,161.748,161.724,161.725,440,11,0
1782318300,161.724,161.727,161.699,161.704,560,11,0
1782318600,161.704,161.729,161.694,161.721,667,11,0
1782318900,161.72,161.739,161.71,161.72,404,11,0
1782319200,161.72,161.721,161.704,161.719,400,11,0
1782319500,161.719,161.758,161.719,161.754,475,11,0
1782319800,161.755,161.755,161.729,161.734,523,11,0
1782320100,161.735,161.749,161.726,161.746,434,11,0
1782320400,161.746,161.751,161.7,161.705,480,11,0
1782320700,161.704,161.723,161.7,161.706,490,11,0
1782321000,161.706,161.725,161.703,161.719,432,11,0
1782321300,161.719,161.736,161.714,161.736,356,11,0
1782321600,161.737,161.749,161.732,161.734,306,11,0
1782321900,161.735,161.735,161.715,161.732,333,11,0
1782322200,161.732,161.741,161.721,161.729,366,11,0
1782322500,161.73,161.744,161.72,161.736,209,11,0
1782322800,161.737,161.745,161.73,161.732,203,11,0
1782323100,161.731,161.735,161.721,161.73,258,11,0
1782323400,161.729,161.745,161.728,161.735,245,11,0
1782323700,161.735,161.81,161.735,161.786,528,11,0
1782324000,161.785,161.806,161.761,161.775,668,11,0
1782324300,161.774,161.778,161.758,161.769,276,11,0
1782324600,161.77,161.785,161.769,161.784,254,11,0
1782324900,161.784,161.788,161.744,161.747,415,11,0
1782325200,161.747,161.75,161.726,161.74,395,11,0
1782325500,161.741,161.768,161.74,161.766,599,11,0
1782325800,161.766,161.784,161.758,161.773,496,11,0
1782326100,161.774,161.783,161.76,161.781,401,11,0
1782326400,161.782,161.783,161.743,161.746,299,11,0
1782326700,161.746,161.762,161.743,161.747,255,11,0
1782327000,161.747,161.763,161.745,161.751,289,11,0
1782327300,161.75,161.759,161.744,161.753,236,11,0
1782327600,161.752,161.761,161.746,161.758,313,11,0
1782327900,161.757,161.757,161.733,161.735,197,11,0
1782328200,161.736,161.757,161.719,161.755,262,11,0
1782328500,161.754,161.763,161.738,161.751,449,11,0
1782328800,161.751,161.763,161.747,161.748,219,11,0
1782329100,161.748,161.749,161.719,161.719,289,11,0
1782329400,161.719,161.727,161.711,161.712,118,11,0
1782329700,161.712,161.712,161.683,161.708,234,11,0
1782330000,161.707,161.735,161.703,161.733,429,11,0
1782330300,161.733,161.748,161.73,161.746,254,11,0
1782330600,161.745,161.748,161.732,161.744,336,11,0
1782330900,161.742,161.754,161.738,161.751,190,11,0
1782331200,161.749,161.761,161.74,161.75,274,11,0
1782331500,161.75,161.779,161.749,161.777,179,11,0
1782331800,161.777,161.788,161.767,161.785,151,11,0
1782332100,161.785,161.788,161.779,161.787,130,11,0
1782332400,161.787,161.797,161.769,161.797,224,11,0
1782332700,161.798,161.802,161.783,161.784,198,11,0
1782333000,161.783,161.785,161.729,161.745,441,11,0
1782333300,161.745,161.778,161.737,161.761,314,11,0
1782333600,161.761,161.781,161.76,161.776,242,11,0
1782333900,161.776,161.799,161.776,161.799,279,11,0
1782334200,161.799,161.813,161.789,161.81,272,11,0
1782334500,161.809,161.814,161.787,161.809,324,11,0
1782334800,161.81,161.815,161.802,161.812,238,11,0
1782335100,161.812,161.814,161.798,161.801,426,11,0
1782335400,161.801,161.816,161.797,161.811,472,11,0
1782335700,161.811,161.811,161.798,161.806,287,11,0
1782336000,161.806,161.823,161.798,161.799,389,11,0
1782336300,161.798,161.798,161.783,161.787,347,11,0
1782336600,161.786,161.789,161.771,161.785,293,11,0
1782336900,161.785,161.799,161.776,161.776,321,11,0
1782337200,161.775,161.784,161.758,161.783,266,11,0
1782337500,161.783,161.786,161.771,161.771,169,11,0
1782337800,161.77,161.772,161.755,161.77,222,11,0
1782338100,161.769,161.772,161.755,161.755,277,11,0
1782338400,161.756,161.761,161.743,161.748,245,11,0
1782338700,161.748,161.782,161.747,161.777,322,11,0
1782339000,161.777,161.785,161.772,161.782,248,11,0
1782339300,161.781,161.811,161.781,161.806,203,11,0
1782339600,161.806,161.827,161.803,161.823,232,11,0
1782339900,161.823,161.835,161.819,161.83,144,11,0
1782340200,161.831,161.831,161.802,161.825,221,11,0
1782340500,161.823,161.834,161.82,161.821,262,12,0
1782340800,161.82,161.823,161.804,161.807,269,11,0
1782341100,161.806,161.806,161.784,161.795,236,11,0
1782341400,161.796,161.809,161.784,161.793,331,11,0
1782341700,161.793,161.819,161.792,161.813,297,11,0
1782342000,161.814,161.824,161.799,161.809,365,11,0
1782342300,161.81,161.815,161.798,161.803,179,11,0
1782342600,161.802,161.818,161.791,161.814,149,11,0
1782342900,161.814,161.819,161.81,161.812,163,11,0
1782343200,161.812,161.823,161.804,161.817,93,11,0
1782343500,161.817,161.818,161.8,161.805,138,11,0
1782343800,161.805,161.811,161.799,161.807,141,12,0
1782344100,161.807,161.82,161.806,161.816,104,12,0
1782344400,161.814,161.819,161.794,161.801,212,13,0
1782344700,161.8,161.814,161.799,161.809,251,13,0
1782345000,161.809,161.813,161.795,161.807,184,13,0
1782345300,161.806,161.812,161.733,161.755,191,15,0
1782345600,161.744,161.744,161.658,161.735,21,52,0
1782345900,161.733,161.745,161.733,161.74,10,50,0
1782346200,161.737,161.75,161.73,161.738,41,41,0
1782346500,161.737,161.744,161.734,161.735,15,50,0
1782346800,161.735,161.735,161.735,161.735,5,58,0
1782347100,161.73,161.745,161.73,161.731,24,50,0
1782347400,161.736,161.738,161.728,161.733,66,62,0
1782347700,161.735,161.737,161.735,161.735,12,56,0
1782348000,161.735,161.75,161.735,161.749,74,52,0
1782348300,161.753,161.782,161.74,161.751,90,38,0
1782348600,161.747,161.763,161.747,161.753,82,32,0
1782348900,161.753,161.754,161.745,161.754,67,32,0
1782349200,161.754,161.761,161.726,161.76,173,16,0
1782349500,161.76,161.774,161.755,161.756,52,17,0
1782349800,161.757,161.763,161.755,161.761,195,17,0
1782350100,161.761,161.764,161.756,161.762,216,16,0
1782350400,161.761,161.763,161.747,161.748,57,17,0
1782350700,161.748,161.762,161.748,161.749,80,14,0
1782351000,161.75,161.75,161.733,161.733,108,15,0
1782351300,161.734,161.746,161.734,161.738,49,17,0
1782351600,161.738,161.743,161.732,161.743,55,15,0
1782351900,161.744,161.752,161.741,161.752,51,15,0
1782352200,161.751,161.769,161.747,161.766,66,17,0
1782352500,161.766,161.768,161.761,161.762,28,16,0
1782352800,161.761,161.776,161.761,161.774,48,15,0
1782353100,161.774,161.776,161.763,161.763,64,14,0
1782353400,161.765,161.765,161.755,161.762,82,13,0
1782353700,161.762,161.77,161.743,161.763,141,14,0
1782354000,161.763,161.774,161.761,161.766,60,13,0
1782354300,161.765,161.778,161.764,161.778,75,13,0
1782354600,161.777,161.783,161.773,161.774,99,13,0
1782354900,161.769,161.77,161.761,161.765,75,13,0
1782355200,161.765,161.776,161.76,161.762,71,12,0
1782355500,161.761,161.768,161.759,161.767,147,11,0
1782355800,161.767,161.774,161.764,161.773,145,12,0
1782356100,161.773,161.782,161.758,161.763,124,11,0
1782356400,161.764,161.772,161.722,161.737,400,11,0
1782356700,161.737,161.745,161.722,161.737,274,11,0
1782357000,161.737,161.764,161.736,161.76,233,11,0
1782357300,161.759,161.774,161.738,161.739,274,11,0
1782357600,161.739,161.751,161.727,161.73,220,11,0
1782357900,161.731,161.746,161.731,161.739,211,13,0
1782358200,161.738,161.744,161.727,161.743,135,11,0
1782358500,161.742,161.745,161.736,161.742,192,11,0
1782358800,161.743,161.743,161.724,161.727,109,11,0
1782359100,161.727,161.728,161.696,161.718,178,12,0
1782359400,161.718,161.736,161.691,161.736,500,11,0
1782359700,161.733,161.743,161.703,161.706,407,11,0
1782360000,161.706,161.737,161.702,161.723,396,11,0
1782360300,161.724,161.734,161.703,161.706,430,11,0
1782360600,161.707,161.716,161.698,161.7,314,12,0
1782360900,161.699,161.71,161.664,161.668,421,11,0
1782361200,161.669,161.675,161.55,161.609,874,11,0
1782361500,161.608,161.662,161.608,161.661,317,11,0
1782361800,161.661,161.677,161.631,161.667,392,11,0
1782362100,161.666,161.678,161.658,161.673,288,12,0
1782362400,161.673,161.681,161.661,161.671,252,11,0
1782362700,161.672,161.715,161.672,161.713,265,11,0
1782363000,161.712,161.733,161.702,161.722,302,11,0
1782363300,161.721,161.728,161.704,161.71,350,11,0
1782363600,161.708,161.722,161.707,161.708,262,11,0
1782363900,161.711,161.72,161.69,161.691,347,11,0
1782364200,161.692,161.697,161.667,161.672,393,12,0
1782364500,161.671,161.675,161.662,161.668,180,11,0
1782364800,161.667,161.671,161.656,161.669,231,11,0
1782365100,161.669,161.674,161.659,161.67,221,11,0
1782365400,161.671,161.693,161.67,161.686,190,11,0
1782365700,161.685,161.685,161.678,161.68,103,12,0
1782366000,161.681,161.699,161.679,161.694,186,11,0
1782366300,161.695,161.706,161.691,161.706,162,12,0
1782366600,161.706,161.714,161.705,161.708,79,11,0
1782366900,161.708,161.71,161.699,161.707,153,11,0
1782367200,161.707,161.711,161.697,161.701,251,11,0
1782367500,161.701,161.705,161.691,161.694,160,11,0
1782367800,161.693,161.708,161.692,161.704,166,11,0
1782368100,161.704,161.718,161.702,161.706,200,11,0
1782368400,161.705,161.713,161.705,161.706,92,11,0
1782368700,161.706,161.714,161.689,161.709,119,11,0
1782369000,161.709,161.713,161.704,161.706,118,11,0
1782369300,161.706,161.708,161.701,161.707,60,12,0
1782369600,161.708,161.724,161.703,161.724,120,12,0
1782369900,161.724,161.746,161.723,161.724,215,12,0
1782370200,161.723,161.735,161.714,161.733,155,11,0
1782370500,161.734,161.739,161.715,161.717,215,11,0
1782370800,161.716,161.733,161.715,161.721,156,11,0
1782371100,161.721,161.721,161.708,161.715,141,11,0
1782371400,161.715,161.727,161.713,161.722,101,11,0
1782371700,161.721,161.736,161.72,161.722,90,11,0
1782372000,161.721,161.725,161.713,161.722,140,12,0
1782372300,161.722,161.724,161.703,161.718,129,11,0
1782372600,161.717,161.724,161.705,161.72,115,11,0
1782372900,161.72,161.725,161.71,161.725,95,11,0
1782373200,161.724,161.742,161.724,161.736,79,12,0
1782373500,161.737,161.748,161.736,161.741,96,11,0
1782373800,161.741,161.743,161.738,161.741,26,11,0
1782374100,161.741,161.767,161.741,161.758,177,11,0
1782374400,161.759,161.761,161.749,161.75,91,11,0
1782374700,161.75,161.76,161.738,161.739,133,11,0
1782375000,161.74,161.754,161.738,161.752,110,11,0
1782375300,161.751,161.752,161.741,161.749,122,12,0
1782375600,161.749,161.752,161.735,161.748,102,11,0
1782375900,161.748,161.748,161.722,161.727,164,11,0
1782376200,161.728,161.749,161.727,161.744,175,11,0
1782376500,161.744,161.761,161.744,161.76,117,11,0
1782376800,161.761,161.767,161.753,161.755,160,11,0
1782377100,161.756,161.763,161.753,161.762,201,11,0
1782377400,161.763,161.787,161.76,161.784,315,11,0
1782377700,161.784,161.827,161.784,161.821,378,11,0
1782378000,161.814,161.814,161.779,161.806,359,11,0
1782378300,161.806,161.833,161.805,161.815,285,11,0
1782378600,161.816,161.817,161.792,161.803,349,11,0
1782378900,161.802,161.821,161.802,161.819,340,11,0
1782379200,161.819,161.828,161.804,161.817,259,11,0
1782379500,161.816,161.829,161.805,161.828,228,11,0
1782379800,161.828,161.836,161.82,161.835,434,11,0
1782380100,161.834,161.847,161.826,161.832,210,11,0
1782380400,161.831,161.836,161.815,161.83,225,11,0
1782380700,161.831,161.845,161.83,161.837,174,11,0
1782381000,161.836,161.878,161.836,161.872,252,11,0
1782381300,161.873,161.882,161.859,161.877,318,11,0
1782381600,161.877,161.878,161.853,161.858,299,11,0
1782381900,161.858,161.859,161.747,161.842,620,11,0
1782382200,161.842,161.859,161.823,161.858,343,11,0
1782382500,161.857,161.892,161.854,161.86,400,11,0
1782382800,161.859,161.86,161.801,161.834,558,11,0
1782383100,161.835,161.842,161.803,161.815,408,11,0
1782383400,161.815,161.828,161.8,161.819,317,11,0
1782383700,161.819,161.827,161.795,161.803,308,11,0
1782384000,161.802,161.844,161.8,161.836,220,11,0
1782384300,161.835,161.853,161.835,161.848,223,11,0
1782384600,161.847,161.848,161.829,161.832,252,11,0
1782384900,161.83,161.831,161.799,161.807,378,11,0
1782385200,161.806,161.814,161.788,161.806,436,11,0
1782385500,161.804,161.828,161.797,161.814,280,11,0
1782385800,161.814,161.827,161.809,161.81,266,11,0
1782386100,161.811,161.812,161.784,161.789,372,11,0
1782386400,161.79,161.79,161.768,161.773,341,11,0
1782386700,161.774,161.804,161.774,161.791,309,11,0
1782387000,161.79,161.795,161.772,161.775,367,11,0
1782387300,161.775,161.791,161.771,161.778,247,11,0
1782387600,161.779,161.798,161.777,161.787,269,11,0
1782387900,161.788,161.796,161.774,161.793,319,11,0
1782388200,161.794,161.82,161.79,161.818,222,11,0
1782388500,161.818,161.828,161.79,161.793,405,11,0
1782388800,161.792,161.817,161.79,161.797,294,11,0
1782389100,161.798,161.819,161.787,161.815,221,11,0
1782389400,161.814,161.818,161.803,161.811,157,11,0
1782389700,161.811,161.831,161.804,161.828,204,11,0
1782390000,161.828,161.829,161.814,161.822,180,11,0
1782390300,161.822,161.834,161.821,161.829,198,11,0
1782390600,161.828,161.828,161.793,161.818,290,11,0
1782390900,161.817,161.82,161.803,161.812,264,11,0
1782391200,161.811,161.815,161.782,161.811,241,11,0
1782391500,161.812,161.818,161.804,161.817,175,11,0
1782391800,161.816,161.82,161.804,161.806,135,11,0
1782392100,161.806,161.817,161.804,161.808,257,11,0
1782392400,161.81,161.814,161.798,161.806,188,11,0
1782392700,161.806,161.807,161.799,161.802,145,11,0
1782393000,161.802,161.816,161.801,161.816,128,12,0
1782393300,161.816,161.818,161.81,161.812,119,11,0
1782393600,161.812,161.821,161.811,161.816,97,11,0
1782393900,161.816,161.827,161.813,161.823,114,11,0
1782394200,161.823,161.828,161.821,161.827,138,11,0
1782394500,161.826,161.831,161.819,161.83,134,11,0
1782394800,161.831,161.84,161.828,161.838,112,11,0
1782395100,161.839,161.852,161.837,161.851,89,11,0
1782395400,161.851,161.876,161.846,161.87,163,11,0
1782395700,161.873,161.891,161.869,161.87,199,11,0
1782396000,161.87,161.881,161.864,161.867,230,11,0
1782396300,161.866,161.87,161.853,161.863,210,11,0
1782396600,161.863,161.873,161.857,161.872,162,11,0
1782396900,161.873,161.89,161.87,161.88,138,11,0
1782397200,161.879,161.888,161.872,161.885,140,11,0
1782397500,161.884,161.897,161.883,161.891,158,11,0
1782397800,161.892,161.915,161.886,161.912,171,11,0
1782398100,161.912,161.933,161.874,161.903,313,11,0
1782398400,161.902,161.932,161.875,161.918,407,11,0
1782398700,161.918,161.932,161.91,161.919,163,11,0
1782399000,161.919,161.942,161.747,161.891,719,11,0
1782399300,161.891,161.893,161.858,161.862,377,11,0
1782399600,161.861,161.894,161.86,161.876,418,11,0
1782399900,161.877,161.88,161.842,161.843,281,11,0
1782400200,161.844,161.874,161.841,161.861,322,11,0
1782400500,161.86,161.875,161.85,161.858,241,11,0
1782400800,161.859,161.89,161.855,161.879,267,11,0
1782401100,161.879,161.894,161.87,161.872,235,11,0
1782401400,161.871,161.874,161.761,161.831,817,11,0
1782401700,161.831,161.842,161.794,161.808,831,11,0
1782402000,161.808,161.828,161.77,161.787,642,11,0
1782402300,161.786,161.811,161.772,161.811,625,11,0
1782402600,161.811,161.837,161.806,161.821,550,11,0
1782402900,161.822,161.843,161.811,161.833,553,11,0
1782403200,161.833,161.839,161.795,161.827,609,11,0
1782403500,161.828,161.845,161.822,161.842,545,11,0
1782403800,161.841,161.85,161.808,161.818,504,11,0
1782404100,161.818,161.835,161.814,161.829,377,11,0
1782404400,161.828,161.83,161.804,161.806,497,11,0
1782404700,161.807,161.81,161.776,161.777,399,11,0
1782405000,161.778,161.8,161.77,161.792,436,11,0
1782405300,161.793,161.8,161.763,161.763,309,11,0
1782405600,161.764,161.806,161.764,161.802,325,11,0
1782405900,161.801,161.816,161.76,161.787,452,11,0
1782406200,161.787,161.802,161.746,161.76,494,11,0
1782406500,161.76,161.771,161.696,161.736,582,11,0
1782406800,161.736,161.75,161.601,161.601,736,11,0
1782407100,161.602,161.726,161.553,161.684,879,11,0
1782407400,161.684,161.709,161.669,161.697,392,11,0
1782407700,161.697,161.718,161.679,161.712,521,11,0
1782408000,161.712,161.75,161.7,161.748,455,11,0
1782408300,161.748,161.755,161.733,161.741,523,11,0
1782408600,161.739,161.742,161.697,161.698,589,11,0
1782408900,161.699,161.704,161.67,161.672,494,11,0
1782409200,161.672,161.689,161.667,161.672,503,11,0
1782409500,161.673,161.675,161.62,161.621,428,11,0
1782409800,161.621,161.646,161.607,161.643,479,11,0
1782410100,161.642,161.672,161.61,161.67,589,11,0
1782410400,161.671,161.677,161.622,161.624,659,11,0
1782410700,161.624,161.675,161.608,161.67,652,11,0
1782411000,161.67,161.702,161.653,161.69,528,11,0
1782411300,161.69,161.71,161.682,161.69,492,11,0
1782411600,161.689,161.691,161.643,161.645,547,11,0
1782411900,161.645,161.661,161.615,161.643,529,11,0
1782412200,161.642,161.662,161.626,161.66,493,11,0
1782412500,161.661,161.67,161.65,161.666,245,11,0
1782412800,161.665,161.717,161.665,161.697,638,11,0
1782413100,161.697,161.699,161.67,161.689,599,11,0
1782413400,161.69,161.718,161.688,161.716,547,11,0
1782413700,161.716,161.716,161.65,161.667,485,11,0
1782414000,161.667,161.703,161.651,161.685,564,11,0
1782414300,161.685,161.707,161.677,161.696,348,11,0
1782414600,161.693,161.695,161.684,161.692,172,11,0
1782414900,161.692,161.696,161.654,161.682,350,11,0
1782415200,161.682,161.685,161.668,161.677,226,11,0
1782415500,161.676,161.683,161.667,161.682,296,11,0
1782415800,161.677,161.699,161.677,161.696,263,11,0
1782416100,161.698,161.707,161.692,161.696,175,11,0
1782416400,161.696,161.719,161.689,161.717,209,11,0
1782416700,161.716,161.726,161.707,161.708,287,11,0
1782417000,161.709,161.749,161.709,161.735,247,11,0
1782417300,161.734,161.761,161.731,161.761,295,11,0
1782417600,161.76,161.769,161.748,161.753,309,11,0
1782417900,161.754,161.76,161.722,161.738,406,11,0
1782418200,161.739,161.75,161.738,161.748,208,11,0
1782418500,161.749,161.757,161.747,161.753,202,12,0
1782418800,161.752,161.774,161.749,161.772,232,11,0
1782419100,161.772,161.775,161.759,161.767,244,11,0
1782419400,161.767,161.79,161.766,161.787,132,11,0
1782419700,161.788,161.8,161.787,161.799,186,11,0
1782420000,161.798,161.8,161.785,161.799,160,11,0
1782420300,161.799,161.801,161.788,161.789,142,11,0
1782420600,161.789,161.79,161.754,161.755,287,11,0
1782420900,161.755,161.773,161.743,161.772,227,11,0
1782421200,161.771,161.836,161.771,161.807,545,11,0
1782421500,161.807,161.817,161.792,161.794,287,11,0
1782421800,161.793,161.793,161.758,161.758,358,11,0
1782422100,161.758,161.771,161.758,161.769,191,11,0
1782422400,161.769,161.771,161.756,161.77,207,11,0
1782422700,161.77,161.77,161.757,161.757,222,12,0
1782423000,161.758,161.778,161.757,161.775,228,11,0
1782423300,161.775,161.789,161.758,161.777,309,11,0
1782423600,161.777,161.803,161.777,161.799,270,12,0
1782423900,161.799,161.808,161.797,161.802,139,11,0
1782424200,161.801,161.801,161.763,161.772,185,11,0
1782424500,161.771,161.789,161.764,161.788,200,11,0
1782424800,161.788,161.802,161.779,161.789,236,11,0
1782425100,161.79,161.795,161.784,161.789,199,12,0
1782425400,161.79,161.819,161.789,161.801,137,11,0
1782425700,161.803,161.803,161.778,161.79,242,11,0
1782426000,161.79,161.79,161.776,161.777,211,11,0
1782426300,161.776,161.787,161.772,161.777,125,11,0
1782426600,161.776,161.778,161.754,161.757,117,11,0
1782426900,161.757,161.76,161.743,161.748,68,11,0
1782427200,161.743,161.798,161.74,161.788,361,11,0
1782427500,161.789,161.802,161.788,161.8,230,11,0
1782427800,161.8,161.816,161.792,161.813,217,11,0
1782428100,161.811,161.813,161.775,161.782,334,11,0
1782428400,161.783,161.801,161.771,161.793,362,11,0
1782428700,161.792,161.8,161.788,161.794,239,11,0
1782429000,161.794,161.807,161.789,161.8,242,12,0
1782429300,161.8,161.802,161.786,161.787,260,12,0
1782429600,161.788,161.801,161.788,161.801,87,11,0
1782429900,161.8,161.801,161.788,161.789,75,12,0
1782430200,161.794,161.796,161.785,161.79,91,13,0
1782430500,161.791,161.802,161.786,161.801,84,12,0
1782430800,161.801,161.801,161.788,161.79,60,12,0
1782431100,161.791,161.791,161.785,161.789,117,14,0
1782431400,161.79,161.791,161.78,161.79,134,12,0
1782431700,161.789,161.798,161.775,161.775,196,15,0
1782432000,161.772,161.772,161.717,161.751,12,27,0
1782432300,161.748,161.754,161.748,161.754,9,60,0
1782432600,161.754,161.754,161.744,161.748,12,57,0
1782432900,161.748,161.748,161.738,161.74,11,44,0
1782433200,161.742,161.752,161.66,161.713,27,36,0
1782433500,161.713,161.784,161.713,161.784,27,26,0
1782433800,161.784,161.79,161.752,161.79,14,19,0
1782434100,161.796,161.812,161.757,161.76,170,29,0
1782434400,161.757,161.791,161.743,161.76,105,46,0
1782434700,161.755,161.802,161.755,161.773,122,40,0
1782435000,161.778,161.792,161.758,161.76,187,49,0
1782435300,161.761,161.769,161.714,161.759,56,49,0
1782435600,161.759,161.777,161.75,161.775,119,19,0
1782435900,161.777,161.783,161.764,161.769,65,22,0
1782436200,161.77,161.793,161.768,161.781,101,19,0
1782436500,161.782,161.791,161.777,161.781,84,16,0
1782436800,161.78,161.781,161.778,161.78,49,16,0
1782437100,161.779,161.781,161.767,161.779,61,15,0
1782437400,161.777,161.777,161.764,161.767,63,16,0
1782437700,161.767,161.778,161.766,161.772,80,14,0
1782438000,161.771,161.772,161.768,161.771,34,15,0
1782438300,161.77,161.777,161.768,161.769,47,16,0
1782438600,161.77,161.772,161.768,161.769,39,16,0
1782438900,161.769,161.792,161.764,161.78,170,11,0
1782439200,161.78,161.79,161.754,161.784,277,11,0
1782439500,161.784,161.794,161.78,161.781,71,15,0
1782439800,161.781,161.794,161.78,161.791,83,14,0
1782440100,161.791,161.808,161.79,161.806,178,13,0
1782440400,161.807,161.808,161.796,161.806,191,11,0
1782440700,161.803,161.805,161.792,161.794,78,13,0
1782441000,161.795,161.8,161.761,161.798,139,11,0
1782441300,161.798,161.805,161.782,161.789,112,13,0
1782441600,161.789,161.795,161.789,161.794,33,13,0
1782441900,161.794,161.795,161.779,161.78,131,11,0
1782442200,161.781,161.792,161.78,161.791,128,14,0
1782442500,161.791,161.801,161.789,161.798,85,13,0
1782442800,161.8,161.809,161.787,161.802,277,12,0
1782443100,161.802,161.811,161.795,161.81,156,11,0
1782443400,161.809,161.817,161.796,161.799,156,12,0
1782443700,161.8,161.814,161.789,161.812,172,11,0
1782444000,161.813,161.815,161.808,161.81,102,12,0
1782444300,161.809,161.816,161.808,161.814,141,11,0
1782444600,161.814,161.825,161.81,161.82,185,11,0
1782444900,161.82,161.823,161.791,161.796,223,11,0
1782445200,161.796,161.809,161.794,161.799,129,12,0
1782445500,161.799,161.825,161.797,161.822,173,12,0
1782445800,161.823,161.834,161.811,161.831,367,11,0
1782446100,161.832,161.832,161.803,161.826,272,11,0
1782446400,161.826,161.832,161.813,161.827,260,11,0
1782446700,161.827,161.828,161.812,161.814,231,11,0
1782447000,161.813,161.816,161.803,161.811,326,11,0
1782447300,161.811,161.827,161.806,161.825,240,11,0
1782447600,161.824,161.826,161.819,161.823,189,11,0
1782447900,161.824,161.836,161.821,161.835,146,12,0
1782448200,161.834,161.84,161.82,161.834,265,11,0
1782448500,161.835,161.842,161.819,161.82,293,11,0
1782448800,161.821,161.837,161.818,161.837,140,11,0
1782449100,161.837,161.837,161.823,161.835,183,11,0
1782449400,161.836,161.838,161.823,161.827,127,12,0
1782449700,161.827,161.827,161.787,161.798,259,11,0
1782450000,161.797,161.8,161.786,161.788,153,11,0
1782450300,161.788,161.804,161.776,161.798,205,11,0
1782450600,161.797,161.799,161.785,161.787,182,11,0
1782450900,161.787,161.797,161.782,161.796,264,11,0
1782451200,161.796,161.812,161.789,161.803,163,11,0
1782451500,161.804,161.808,161.797,161.803,134,11,0
1782451800,161.802,161.802,161.787,161.789,98,11,0
1782452100,161.789,161.79,161.776,161.785,100,11,0
1782452400,161.784,161.792,161.784,161.787,107,11,0
1782452700,161.787,161.797,161.772,161.788,187,11,0
1782453000,161.789,161.789,161.773,161.777,154,11,0
1782453300,161.776,161.779,161.765,161.77,127,11,0
1782453600,161.771,161.772,161.73,161.738,149,11,0
1782453900,161.737,161.749,161.729,161.748,150,11,0
1782454200,161.747,161.749,161.719,161.737,124,11,0
1782454500,161.736,161.75,161.729,161.731,126,11,0
1782454800,161.73,161.739,161.726,161.728,89,12,0
1782455100,161.727,161.731,161.719,161.723,87,11,0
1782455400,161.724,161.732,161.721,161.725,95,11,0
1782455700,161.725,161.726,161.688,161.708,183,11,0
1782456000,161.708,161.708,161.646,161.646,241,11,0
1782456300,161.647,161.656,161.616,161.641,335,11,0
1782456600,161.642,161.668,161.63,161.648,191,11,0
1782456900,161.648,161.663,161.619,161.644,183,11,0
1782457200,161.644,161.677,161.643,161.662,235,11,0
1782457500,161.663,161.675,161.632,161.638,270,11,0
1782457800,161.638,161.648,161.589,161.631,267,11,0
1782458100,161.631,161.645,161.621,161.644,185,11,0
1782458400,161.644,161.649,161.629,161.63,164,12,0
1782458700,161.631,161.631,161.56,161.595,316,11,0
1782459000,161.593,161.613,161.591,161.593,188,11,0
1782459300,161.592,161.6,161.57,161.598,188,11,0
1782459600,161.598,161.621,161.583,161.609,238,12,0
1782459900,161.608,161.644,161.607,161.643,172,12,0
1782460200,161.643,161.65,161.632,161.635,146,11,0
1782460500,161.634,161.635,161.618,161.621,222,12,0
1782460800,161.62,161.629,161.613,161.622,213,11,0
1782461100,161.623,161.637,161.61,161.617,177,11,0
1782461400,161.617,161.632,161.615,161.622,183,11,0
1782461700,161.621,161.632,161.609,161.617,268,11,0
1782462000,161.616,161.631,161.615,161.629,129,11,0
1782462300,161.63,161.63,161.59,161.597,262,11,0
1782462600,161.596,161.616,161.596,161.615,288,12,0
1782462900,161.615,161.618,161.603,161.606,231,12,0
1782463200,161.606,161.606,161.556,161.563,335,11,0
1782463500,161.564,161.579,161.536,161.579,397,11,0
1782463800,161.579,161.588,161.55,161.551,356,11,0
1782464100,161.549,161.553,161.532,161.537,207,11,0
1782464400,161.536,161.615,161.526,161.612,537,11,0
1782464700,161.616,161.635,161.614,161.614,390,11,0
1782465000,161.615,161.618,161.591,161.604,406,11,0
1782465300,161.604,161.644,161.602,161.63,280,11,0
1782465600,161.631,161.664,161.616,161.656,261,11,0
1782465900,161.657,161.679,161.648,161.669,372,11,0
1782466200,161.671,161.671,161.62,161.658,407,11,0
1782466500,161.658,161.697,161.658,161.69,309,11,0
1782466800,161.689,161.694,161.679,161.692,269,11,0
1782467100,161.693,161.723,161.69,161.72,289,11,0
1782467400,161.72,161.733,161.694,161.705,351,11,0
1782467700,161.705,161.742,161.701,161.711,470,11,0
1782468000,161.712,161.719,161.7,161.716,353,11,0
1782468300,161.716,161.718,161.666,161.671,455,11,0
1782468600,161.671,161.673,161.635,161.653,365,11,0
1782468900,161.654,161.671,161.648,161.653,346,11,0
1782469200,161.654,161.686,161.654,161.686,288,11,0
1782469500,161.687,161.701,161.681,161.685,285,11,0
1782469800,161.685,161.699,161.64,161.659,396,11,0
1782470100,161.66,161.661,161.616,161.617,315,11,0
1782470400,161.617,161.649,161.614,161.643,338,11,0
1782470700,161.643,161.657,161.638,161.64,327,11,0
1782471000,161.641,161.65,161.626,161.634,296,11,0
1782471300,161.633,161.635,161.615,161.62,435,11,0
1782471600,161.619,161.623,161.602,161.616,453,11,0
1782471900,161.616,161.632,161.531,161.551,453,11,0
1782472200,161.551,161.595,161.551,161.566,620,11,0
1782472500,161.566,161.587,161.565,161.575,487,11,0
1782472800,161.575,161.594,161.565,161.57,350,11,0
1782473100,161.569,161.589,161.554,161.578,396,11,0
1782473400,161.579,161.649,161.578,161.63,422,11,0
1782473700,161.63,161.635,161.617,161.627,333,11,0
1782474000,161.627,161.64,161.601,161.607,371,11,0
1782474300,161.606,161.635,161.585,161.621,465,11,0
1782474600,161.62,161.62,161.561,161.576,426,11,0
1782474900,161.578,161.598,161.578,161.582,241,11,0
1782475200,161.583,161.592,161.564,161.567,347,11,0
1782475500,161.567,161.577,161.539,161.558,312,11,0
1782475800,161.557,161.563,161.542,161.562,222,11,0
1782476100,161.561,161.587,161.543,161.58,339,11,0
1782476400,161.581,161.615,161.579,161.599,185,11,0
1782476700,161.599,161.618,161.585,161.586,413,11,0
1782477000,161.587,161.617,161.582,161.588,256,11,0
1782477300,161.587,161.592,161.576,161.588,204,11,0
1782477600,161.587,161.588,161.559,161.574,259,11,0
1782477900,161.573,161.584,161.525,161.549,383,11,0
1782478200,161.548,161.576,161.531,161.572,469,11,0
1782478500,161.572,161.603,161.569,161.602,598,11,0
1782478800,161.603,161.606,161.584,161.588,381,11,0
1782479100,161.589,161.594,161.563,161.577,258,11,0
1782479400,161.576,161.602,161.576,161.588,182,11,0
1782479700,161.589,161.62,161.589,161.619,198,11,0
1782480000,161.618,161.635,161.612,161.621,249,11,0
1782480300,161.621,161.622,161.599,161.599,270,11,0
1782480600,161.599,161.602,161.576,161.592,410,11,0
1782480900,161.592,161.602,161.59,161.596,254,11,0
1782481200,161.596,161.611,161.589,161.608,222,11,0
1782481500,161.609,161.626,161.609,161.618,141,11,0
1782481800,161.619,161.623,161.605,161.614,167,11,0
1782482100,161.615,161.62,161.611,161.613,357,11,0
1782482400,161.613,161.631,161.601,161.628,255,11,0
1782482700,161.628,161.628,161.616,161.627,166,11,0
1782483000,161.627,161.64,161.615,161.623,226,11,0
1782483300,161.624,161.633,161.609,161.616,276,11,0
1782483600,161.617,161.625,161.605,161.616,279,11,0
1782483900,161.617,161.627,161.609,161.614,221,11,0
1782484200,161.614,161.62,161.612,161.618,156,11,0
1782484500,161.618,161.642,161.618,161.633,201,11,0
1782484800,161.633,161.638,161.626,161.631,195,12,0
1782485100,161.632,161.664,161.631,161.664,271,11,0
1782485400,161.664,161.675,161.659,161.664,323,11,0
1782485700,161.663,161.671,161.655,161.659,369,11,0
1782486000,161.658,161.662,161.64,161.644,528,11,0
1782486300,161.645,161.656,161.637,161.642,307,11,0
1782486600,161.642,161.656,161.631,161.651,232,11,0
1782486900,161.65,161.651,161.635,161.643,280,11,0
1782487200,161.644,161.673,161.643,161.668,451,11,0
1782487500,161.667,161.674,161.657,161.665,281,11,0
1782487800,161.666,161.684,161.659,161.68,230,11,0
1782488100,161.679,161.685,161.677,161.682,219,11,0
1782488400,161.682,161.698,161.682,161.693,270,11,0
1782488700,161.692,161.696,161.677,161.69,290,11,0
1782489000,161.689,161.692,161.668,161.686,240,11,0
1782489300,161.686,161.686,161.642,161.652,586,11,0
1782489600,161.65,161.676,161.641,161.642,588,11,0
1782489900,161.643,161.657,161.627,161.657,485,11,0
1782490200,161.657,161.664,161.644,161.657,337,11,0
1782490500,161.657,161.715,161.657,161.695,771,11,0
1782490800,161.696,161.699,161.646,161.656,507,11,0
1782491100,161.656,161.669,161.634,161.648,376,11,0
1782491400,161.65,161.665,161.634,161.638,515,11,0
1782491700,161.639,161.65,161.63,161.641,378,11,0
1782492000,161.642,161.644,161.615,161.624,359,11,0
1782492300,161.624,161.652,161.619,161.65,367,11,0
1782492600,161.649,161.681,161.637,161.654,422,11,0
1782492900,161.652,161.665,161.618,161.621,386,11,0
1782493200,161.621,161.639,161.611,161.626,454,11,0
1782493500,161.627,161.631,161.599,161.618,359,11,0
1782493800,161.617,161.627,161.606,161.62,303,11,0
1782494100,161.62,161.622,161.582,161.595,315,11,0
1782494400,161.594,161.595,161.575,161.59,252,11,0
1782494700,161.59,161.614,161.577,161.608,371,11,0
1782495000,161.61,161.617,161.601,161.615,280,11,0
1782495300,161.615,161.616,161.597,161.605,229,11,0
1782495600,161.605,161.634,161.602,161.606,285,11,0
1782495900,161.605,161.621,161.585,161.609,413,11,0
1782496200,161.608,161.648,161.607,161.646,608,11,0
1782496500,161.646,161.735,161.646,161.72,732,11,0
1782496800,161.719,161.741,161.692,161.704,621,11,0
1782497100,161.704,161.707,161.669,161.678,340,11,0
1782497400,161.678,161.682,161.635,161.65,392,11,0
1782497700,161.65,161.674,161.645,161.668,249,11,0
1782498000,161.668,161.671,161.639,161.641,278,11,0
1782498300,161.642,161.662,161.641,161.651,334,11,0
1782498600,161.652,161.669,161.64,161.665,358,11,0
1782498900,161.665,161.667,161.645,161.652,368,11,0
1782499200,161.651,161.656,161.642,161.648,313,11,0
1782499500,161.647,161.651,161.628,161.642,371,11,0
1782499800,161.642,161.718,161.641,161.692,722,11,0
1782500100,161.696,161.696,161.664,161.666,384,11,0
1782500400,161.667,161.68,161.656,161.659,299,11,0
1782500700,161.659,161.682,161.655,161.681,273,11,0
1782501000,161.681,161.694,161.681,161.692,235,11,0
1782501300,161.692,161.696,161.684,161.692,173,11,0
1782501600,161.692,161.738,161.686,161.734,319,11,0
1782501900,161.733,161.741,161.723,161.729,200,11,0
1782502200,161.73,161.744,161.709,161.743,262,11,0
1782502500,161.742,161.765,161.741,161.741,268,11,0
1782502800,161.742,161.742,161.718,161.731,263,11,0
1782503100,161.732,161.736,161.728,161.734,167,11,0
1782503400,161.735,161.751,161.734,161.749,151,11,0
1782503700,161.748,161.76,161.736,161.749,171,11,0
1782504000,161.748,161.761,161.737,161.742,252,11,0
1782504300,161.742,161.747,161.723,161.732,168,11,0
1782504600,161.732,161.746,161.73,161.741,210,11,0
1782504900,161.742,161.745,161.731,161.743,197,11,0
1782505200,161.743,161.745,161.727,161.73,143,11,0
1782505500,161.731,161.745,161.729,161.737,158,11,0
1782505800,161.736,161.757,161.733,161.748,176,11,0
1782506100,161.747,161.758,161.744,161.748,176,11,0
1782506400,161.748,161.758,161.733,161.74,287,11,0
1782506700,161.739,161.747,161.736,161.745,107,11,0
1782507000,161.745,161.757,161.734,161.755,162,11,0
1782507300,161.754,161.77,161.747,161.764,211,11,0
1782507600,161.763,161.77,161.741,161.742,160,11,0
1782507900,161.742,161.752,161.742,161.748,121,11,0
1782508200,161.749,161.756,161.739,161.753,86,12,0
1782508500,161.753,161.762,161.746,161.749,137,11,0
1782508800,161.748,161.749,161.741,161.748,56,11,0
1782509100,161.748,161.748,161.726,161.732,105,11,0
1782509400,161.731,161.731,161.712,161.718,142,11,0
1782509700,161.719,161.724,161.717,161.723,84,11,0
1782510000,161.723,161.735,161.721,161.723,76,12,0
1782510300,161.724,161.742,161.717,161.722,188,11,0
1782510600,161.723,161.724,161.712,161.72,141,12,0
1782510900,161.719,161.734,161.705,161.73,209,11,0
1782511200,161.73,161.739,161.719,161.723,132,11,0
1782511500,161.723,161.725,161.709,161.711,113,12,0
1782511800,161.712,161.725,161.711,161.72,101,11,0
1782512100,161.719,161.727,161.718,161.723,100,11,0
1782512400,161.724,161.728,161.72,161.727,151,11,0
1782512700,161.726,161.734,161.723,161.734,54,11,0
1782513000,161.734,161.737,161.724,161.73,96,11,0
1782513300,161.73,161.745,161.723,161.745,141,11,0
1782513600,161.745,161.753,161.742,161.746,96,12,0
1782513900,161.747,161.748,161.731,161.731,120,11,0
1782514200,161.731,161.733,161.704,161.708,263,11,0
1782514500,161.709,161.759,161.709,161.749,498,11,0
1782514800,161.747,161.762,161.743,161.749,337,11,0
1782515100,161.745,161.75,161.737,161.745,201,11,0
1782515400,161.743,161.747,161.741,161.744,102,13,0
1782515700,161.744,161.77,161.743,161.75,151,11,0
1782516000,161.749,161.75,161.741,161.741,108,12,0
1782516300,161.74,161.759,161.721,161.736,172,11,0
1782516600,161.735,161.76,161.724,161.753,376,11,0
1782516900,161.754,161.77,161.749,161.755,284,12,0
1782517200,161.754,161.767,161.733,161.74,202,11,0
1782517500,161.738,161.742,161.727,161.737,164,11,0
1782517800,161.736,161.756,161.734,161.755,218,15,0
1782518100,161.756,161.766,161.736,161.736,144,11,0
1782691200,161.712,161.712,161.712,161.712,4,59,0
1782691500,161.708,161.709,161.705,161.708,9,65,0
1782691800,161.71,161.71,161.706,161.707,6,63,0
1782692100,161.705,161.71,161.703,161.71,12,72,0
1782692400,161.71,161.711,161.71,161.711,4,78,0
1782692700,161.711,161.711,161.711,161.711,5,78,0
1782693000,161.71,161.764,161.7,161.71,12,57,0
1782693300,161.72,161.72,161.694,161.712,17,55,0
1782693600,161.712,161.712,161.708,161.708,6,50,0
1782693900,161.708,161.785,161.695,161.726,27,50,0
1782694200,161.726,161.786,161.726,161.786,8,67,0
1782694500,161.786,161.788,161.786,161.788,6,56,0
1782694800,161.788,161.868,161.725,161.758,193,12,0
1782695100,161.757,161.757,161.74,161.753,31,15,0
1782695400,161.753,161.774,161.753,161.766,42,13,0
1782695700,161.766,161.788,161.765,161.783,125,13,0
1782696000,161.783,161.793,161.769,161.785,101,12,0
1782696300,161.793,161.794,161.781,161.783,53,15,0
1782696600,161.784,161.789,161.77,161.781,111,11,0
1782696900,161.782,161.795,161.781,161.793,68,13,0
1782697200,161.802,161.802,161.779,161.782,72,11,0
1782697500,161.782,161.783,161.771,161.772,82,17,0
1782697800,161.773,161.783,161.771,161.783,53,17,0
1782698100,161.784,161.799,161.779,161.783,53,11,0
1782698400,161.785,161.786,161.765,161.774,158,13,0
1782698700,161.774,161.787,161.774,161.778,171,12,0
1782699000,161.777,161.791,161.773,161.789,158,13,0
1782699300,161.788,161.791,161.784,161.789,55,13,0
1782699600,161.79,161.791,161.784,161.789,118,11,0
1782699900,161.788,161.788,161.782,161.786,89,11,0
1782700200,161.786,161.797,161.781,161.786,124,12,0
1782700500,161.785,161.8,161.778,161.8,122,11,0
1782700800,161.798,161.803,161.785,161.785,91,12,0
1782701100,161.785,161.788,161.771,161.786,149,12,0
1782701400,161.786,161.797,161.783,161.789,75,13,0
1782701700,161.788,161.8,161.786,161.786,176,11,0
1782702000,161.788,161.789,161.735,161.739,507,11,0
1782702300,161.739,161.755,161.737,161.742,372,11,0
1782702600,161.743,161.745,161.733,161.737,196,11,0
1782702900,161.737,161.748,161.721,161.747,221,11,0
1782703200,161.746,161.765,161.741,161.761,269,12,0
1782703500,161.761,161.782,161.759,161.763,364,11,0
1782703800,161.762,161.765,161.738,161.748,224,11,0
1782704100,161.749,161.755,161.732,161.739,246,11,0
1782704400,161.74,161.745,161.734,161.735,137,12,0
1782704700,161.735,161.752,161.734,161.75,191,11,0
1782705000,161.751,161.757,161.711,161.724,428,11,0
1782705300,161.725,161.763,161.724,161.755,393,11,0
1782705600,161.755,161.768,161.737,161.761,412,11,0
1782705900,161.762,161.765,161.752,161.758,207,12,0
1782706200,161.758,161.758,161.745,161.747,326,12,0
1782706500,161.748,161.751,161.727,161.743,339,11,0
1782706800,161.744,161.75,161.734,161.741,183,11,0
1782707100,161.741,161.77,161.741,161.763,301,11,0
1782707400,161.762,161.763,161.746,161.747,278,11,0
1782707700,161.746,161.765,161.744,161.761,257,11,0
1782708000,161.76,161.772,161.754,161.766,88,11,0
1782708300,161.765,161.775,161.761,161.77,158,11,0
1782708600,161.769,161.782,161.767,161.774,147,11,0
1782708900,161.775,161.786,161.771,161.784,146,12,0
1782709200,161.785,161.785,161.772,161.772,99,11,0
1782709500,161.772,161.775,161.736,161.747,269,11,0
1782709800,161.746,161.753,161.741,161.75,194,11,0
1782710100,161.75,161.75,161.735,161.737,155,11,0
1782710400,161.736,161.744,161.727,161.742,132,11,0
1782710700,161.743,161.756,161.735,161.752,121,11,0
1782711000,161.752,161.76,161.751,161.753,199,11,0
1782711300,161.754,161.776,161.752,161.769,299,11,0
1782711600,161.771,161.776,161.765,161.765,264,11,0
1782711900,161.76,161.775,161.758,161.774,112,11,0
1782712200,161.773,161.784,161.773,161.78,202,11,0
1782712500,161.78,161.781,161.769,161.781,127,11,0
1782712800,161.781,161.786,161.775,161.78,99,11,0
1782713100,161.781,161.784,161.774,161.779,94,11,0
1782713400,161.779,161.786,161.775,161.779,82,11,0
1782713700,161.778,161.781,161.771,161.774,97,11,0
1782714000,161.774,161.779,161.774,161.776,105,11,0
1782714300,161.776,161.776,161.769,161.772,59,11,0
1782714600,161.772,161.773,161.767,161.773,60,11,0
1782714900,161.772,161.782,161.77,161.779,105,11,0
1782715200,161.779,161.781,161.771,161.778,74,11,0
1782715500,161.777,161.777,161.767,161.776,120,11,0
1782715800,161.777,161.78,161.775,161.78,92,12,0
1782716100,161.78,161.791,161.778,161.79,92,11,0
1782716400,161.79,161.79,161.78,161.786,59,11,0
1782716700,161.786,161.79,161.786,161.787,74,11,0
1782717000,161.786,161.788,161.781,161.784,108,11,0
1782717300,161.785,161.798,161.784,161.797,63,11,0
1782717600,161.796,161.797,161.789,161.795,82,11,0
1782717900,161.794,161.806,161.794,161.805,191,11,0
1782718200,161.804,161.807,161.799,161.8,171,12,0
1782718500,161.8,161.803,161.796,161.799,124,11,0
1782718800,161.8,161.8,161.79,161.798,120,11,0
1782719100,161.797,161.8,161.785,161.79,124,11,0
1782719400,161.79,161.801,161.79,161.799,76,12,0
1782719700,161.798,161.808,161.798,161.807,72,11,0
1782720000,161.807,161.809,161.801,161.806,147,11,0
1782720300,161.804,161.806,161.79,161.796,88,11,0
1782720600,161.796,161.797,161.778,161.784,108,11,0
1782720900,161.785,161.793,161.782,161.784,109,11,0
1782721200,161.784,161.793,161.782,161.79,100,11,0
1782721500,161.79,161.804,161.79,161.795,130,11,0
1782721800,161.794,161.798,161.787,161.788,115,12,0
1782722100,161.788,161.794,161.786,161.788,93,11,0
1782722400,161.788,161.791,161.784,161.788,128,11,0
1782722700,161.788,161.79,161.778,161.788,90,11,0
1782723000,161.788,161.79,161.777,161.784,145,11,0
1782723300,161.783,161.801,161.78,161.796,215,11,0
1782723600,161.796,161.808,161.787,161.795,351,11,0
1782723900,161.794,161.8,161.788,161.793,373,11,0
1782724200,161.794,161.815,161.794,161.805,223,11,0
1782724500,161.804,161.817,161.803,161.813,209,11,0
1782724800,161.813,161.842,161.812,161.828,260,11,0
1782725100,161.828,161.843,161.824,161.835,303,11,0
1782725400,161.836,161.844,161.826,161.835,348,11,0
1782725700,161.834,161.834,161.801,161.804,436,11,0
1782726000,161.805,161.814,161.798,161.799,289,11,0
1782726300,161.8,161.809,161.783,161.788,296,11,0
1782726600,161.789,161.803,161.782,161.8,217,11,0
1782726900,161.799,161.8,161.771,161.784,428,11,0
1782727200,161.786,161.812,161.785,161.811,482,11,0
1782727500,161.811,161.812,161.788,161.803,297,11,0
1782727800,161.803,161.812,161.793,161.799,209,11,0
1782728100,161.799,161.804,161.796,161.804,189,11,0
1782728400,161.804,161.811,161.785,161.79,240,11,0
1782728700,161.79,161.795,161.781,161.783,185,11,0
1782729000,161.784,161.801,161.783,161.792,298,11,0
1782729300,161.792,161.805,161.786,161.788,257,11,0
1782729600,161.788,161.801,161.788,161.8,261,11,0
1782729900,161.799,161.806,161.795,161.803,215,11,0
1782730200,161.803,161.817,161.796,161.815,298,11,0
1782730500,161.816,161.824,161.809,161.818,391,11,0
1782730800,161.818,161.823,161.8,161.803,278,11,0
1782731100,161.803,161.813,161.795,161.81,144,11,0
1782731400,161.81,161.813,161.796,161.801,150,11,0
1782731700,161.801,161.835,161.801,161.833,235,11,0
1782732000,161.833,161.841,161.821,161.834,201,11,0
1782732300,161.833,161.846,161.827,161.836,166,11,0
1782732600,161.837,161.839,161.829,161.838,155,11,0
1782732900,161.839,161.846,161.837,161.84,210,11,0
1782733200,161.841,161.849,161.838,161.848,220,11,0
1782733500,161.849,161.852,161.84,161.841,125,11,0
1782733800,161.842,161.844,161.832,161.833,258,11,0
1782734100,161.834,161.849,161.832,161.847,172,11,0
1782734400,161.846,161.849,161.827,161.828,215,11,0
1782734700,161.828,161.849,161.827,161.846,173,11,0
1782735000,161.846,161.852,161.841,161.852,153,11,0
1782735300,161.852,161.855,161.846,161.85,187,11,0
1782735600,161.849,161.859,161.848,161.859,267,11,0
1782735900,161.859,161.874,161.859,161.867,233,11,0
1782736200,161.866,161.878,161.863,161.863,296,11,0
1782736500,161.864,161.88,161.864,161.879,224,11,0
1782736800,161.88,161.892,161.878,161.888,148,11,0
1782737100,161.888,161.893,161.873,161.875,175,11,0
1782737400,161.875,161.892,161.875,161.887,297,11,0
1782737700,161.887,161.892,161.875,161.878,174,11,0
1782738000,161.879,161.89,161.879,161.889,184,11,0
1782738300,161.889,161.895,161.879,161.881,232,11,0
1782738600,161.88,161.884,161.873,161.877,305,11,0
1782738900,161.878,161.884,161.876,161.881,221,11,0
1782739200,161.881,161.892,161.879,161.88,134,11,0
1782739500,161.879,161.883,161.873,161.874,145,11,0
1782739800,161.875,161.875,161.864,161.869,195,11,0
1782740100,161.869,161.878,161.866,161.867,195,11,0
1782740400,161.867,161.87,161.863,161.869,139,11,0
1782740700,161.87,161.878,161.857,161.858,212,11,0
1782741000,161.857,161.859,161.841,161.844,226,11,0
1782741300,161.843,161.857,161.843,161.85,256,11,0
1782741600,161.849,161.85,161.837,161.838,174,11,0
1782741900,161.839,161.856,161.838,161.851,162,11,0
1782742200,161.851,161.853,161.844,161.85,215,11,0
1782742500,161.85,161.855,161.835,161.838,169,12,0
1782742800,161.839,161.843,161.827,161.833,192,11,0
1782743100,161.834,161.839,161.826,161.831,190,11,0
1782743400,161.83,161.839,161.809,161.82,484,11,0
1782743700,161.82,161.84,161.817,161.836,205,11,0
1782744000,161.836,161.841,161.828,161.84,182,11,0
1782744300,161.84,161.846,161.827,161.834,208,12,0
1782744600,161.833,161.839,161.826,161.827,124,11,0
1782744900,161.827,161.835,161.81,161.831,219,11,0
1782745200,161.832,161.85,161.827,161.85,242,11,0
1782745500,161.849,161.853,161.84,161.845,152,11,0
1782745800,161.846,161.853,161.842,161.847,200,11,0
1782746100,161.846,161.856,161.842,161.853,342,11,0
1782746400,161.854,161.875,161.854,161.863,287,11,0
1782746700,161.863,161.882,161.862,161.878,160,12,0
1782747000,161.879,161.881,161.862,161.874,150,11,0
1782747300,161.873,161.888,161.865,161.881,267,11,0
1782747600,161.88,161.897,161.876,161.889,303,11,0
1782747900,161.89,161.892,161.873,161.876,268,11,0
1782748200,161.875,161.895,161.875,161.893,183,11,0
1782748500,161.892,161.894,161.881,161.888,220,11,0
1782748800,161.887,161.89,161.88,161.884,301,11,0
1782749100,161.884,161.892,161.881,161.887,250,11,0
1782749400,161.887,161.889,161.88,161.887,216,11,0
1782749700,161.886,161.907,161.883,161.9,250,11,0
1782750000,161.901,161.928,161.9,161.922,327,11,0
1782750300,161.922,161.929,161.916,161.918,329,11,0
1782750600,161.917,161.929,161.91,161.918,448,11,0
1782750900,161.916,161.94,161.89,161.929,413,11,0
1782751200,161.929,161.938,161.928,161.935,177,11,0
1782751500,161.935,161.943,161.915,161.927,407,11,0
1782751800,161.927,161.941,161.926,161.938,264,11,0
1782752100,161.937,161.958,161.892,161.951,528,11,0
1782752400,161.951,161.951,161.799,161.891,1007,11,0
1782752700,161.891,161.916,161.883,161.903,313,11,0
1782753000,161.901,161.905,161.868,161.903,494,11,0
1782753300,161.903,161.922,161.883,161.886,705,11,0
1782753600,161.886,161.899,161.879,161.883,512,11,0
1782753900,161.883,161.915,161.876,161.914,379,11,0
1782754200,161.914,161.914,161.894,161.903,366,11,0
1782754500,161.904,161.91,161.892,161.903,297,11,0
1782754800,161.904,161.921,161.893,161.918,345,11,0
1782755100,161.917,161.932,161.909,161.921,253,11,0
1782755400,161.921,161.928,161.905,161.905,330,11,0
1782755700,161.905,161.931,161.901,161.922,452,11,0
1782756000,161.923,161.936,161.921,161.928,391,11,0
1782756300,161.927,161.937,161.927,161.93,199,11,0
1782756600,161.931,161.933,161.921,161.925,203,11,0
1782756900,161.925,161.93,161.916,161.93,220,11,0
1782757200,161.929,161.941,161.927,161.934,166,11,0
1782757500,161.934,161.937,161.926,161.928,269,11,0
1782757800,161.929,161.938,161.919,161.936,360,11,0
1782758100,161.936,161.946,161.933,161.937,304,11,0
1782758400,161.938,161.94,161.925,161.926,305,11,0
1782758700,161.925,161.934,161.921,161.928,283,11,0
1782759000,161.928,161.933,161.92,161.929,329,11,0
1782759300,161.933,161.933,161.917,161.927,262,11,0
1782759600,161.926,161.932,161.918,161.925,293,11,0
1782759900,161.925,161.929,161.91,161.912,387,11,0
1782760200,161.912,161.93,161.911,161.926,363,11,0
1782760500,161.926,161.929,161.919,161.924,273,11,0
1782760800,161.924,161.932,161.922,161.926,444,11,0
1782761100,161.926,161.932,161.925,161.932,158,11,0
1782761400,161.931,161.934,161.928,161.931,493,11,0
1782761700,161.931,161.933,161.924,161.927,186,11,0
1782762000,161.928,161.932,161.92,161.926,104,11,0
1782762300,161.925,161.93,161.917,161.921,197,11,0
1782762600,161.921,161.924,161.914,161.916,255,11,0
1782762900,161.917,161.94,161.917,161.936,259,11,0
1782763200,161.935,161.939,161.932,161.932,242,11,0
1782763500,161.933,161.935,161.931,161.933,112,11,0
1782763800,161.934,161.936,161.929,161.932,199,11,0
1782764100,161.931,161.945,161.93,161.937,171,11,0
1782764400,161.936,161.955,161.935,161.952,149,11,0
1782764700,161.951,161.953,161.941,161.943,197,11,0
1782765000,161.944,161.945,161.931,161.931,176,11,0
1782765300,161.931,161.932,161.924,161.928,129,11,0
1782765600,161.928,161.941,161.928,161.941,134,11,0
1782765900,161.94,161.944,161.937,161.939,87,11,0
1782766200,161.938,161.941,161.926,161.928,83,11,0
1782766500,161.927,161.94,161.913,161.929,280,11,0
1782766800,161.929,161.934,161.927,161.93,197,11,0
1782767100,161.931,161.942,161.927,161.931,122,11,0
1782767400,161.93,161.933,161.924,161.928,90,11,0
1782767700,161.929,161.931,161.92,161.926,77,11,0
1782768000,161.926,161.929,161.919,161.924,132,11,0
1782768300,161.925,161.938,161.924,161.938,141,11,0
1782768600,161.937,161.939,161.936,161.939,56,11,0
1782768900,161.938,161.943,161.938,161.939,54,11,0
1782769200,161.939,161.94,161.937,161.938,63,11,0
1782769500,161.938,161.96,161.937,161.949,215,11,0
1782769800,161.948,161.965,161.948,161.961,190,11,0
1782770100,161.961,161.976,161.96,161.963,408,11,0
1782770400,161.964,161.964,161.943,161.943,176,11,0
1782770700,161.943,161.954,161.941,161.953,89,11,0
1782771000,161.954,161.966,161.952,161.953,126,11,0
1782771300,161.952,161.954,161.949,161.953,64,11,0
1782771600,161.95,161.953,161.944,161.944,189,11,0
1782771900,161.944,161.944,161.931,161.934,136,11,0
1782772200,161.933,161.934,161.921,161.926,203,11,0
1782772500,161.926,161.927,161.92,161.924,172,11,0
1782772800,161.922,161.927,161.921,161.923,196,11,0
1782773100,161.924,161.926,161.916,161.918,81,11,0
1782773400,161.917,161.92,161.898,161.919,204,11,0
1782773700,161.919,161.941,161.919,161.935,352,11,0
1782774000,161.935,161.948,161.931,161.939,228,11,0
1782774300,161.939,161.941,161.934,161.936,86,11,0
1782774600,161.936,161.937,161.929,161.929,65,12,0
1782774900,161.93,161.934,161.924,161.934,88,11,0
1782775200,161.934,161.937,161.932,161.934,44,12,0
1782775500,161.934,161.938,161.923,161.933,111,11,0
1782775800,161.934,161.944,161.932,161.943,58,13,0
1782776100,161.944,161.956,161.942,161.952,90,12,0
1782776400,161.953,161.953,161.941,161.943,120,13,0
1782776700,161.943,161.953,161.939,161.951,65,14,0
1782777000,161.951,161.958,161.948,161.95,110,11,0
1782777300,161.95,161.952,161.92,161.924,147,15,0
1782777600,161.925,161.925,161.836,161.872,20,28,0
1782777900,161.872,161.905,161.871,161.905,7,63,0
1782778200,161.903,161.907,161.885,161.899,10,47,0
1782778500,161.9,161.908,161.9,161.907,9,59,0
1782778800,161.907,161.907,161.878,161.878,9,60,0
1782779100,161.878,161.882,161.876,161.876,13,53,0
1782779400,161.878,161.879,161.876,161.876,12,61,0
1782779700,161.877,161.884,161.87,161.881,64,54,0
1782780000,161.874,161.883,161.871,161.883,39,52,0
1782780300,161.885,161.89,161.884,161.888,15,43,0
1782780600,161.886,161.891,161.86,161.891,102,43,0
1782780900,161.891,161.892,161.873,161.879,13,71,0
1782781200,161.879,161.911,161.879,161.91,64,34,0
1782781500,161.91,161.931,161.91,161.93,24,21,0
1782781800,161.93,161.93,161.915,161.924,28,17,0
1782782100,161.924,161.926,161.914,161.926,17,20,0
1782782400,161.926,161.932,161.921,161.932,15,18,0
1782782700,161.932,161.935,161.919,161.92,50,14,0
1782783000,161.921,161.928,161.92,161.926,31,18,0
1782783300,161.928,161.929,161.924,161.927,74,18,0
1782783600,161.927,161.928,161.919,161.925,84,17,0
1782783900,161.925,161.928,161.918,161.919,34,17,0
1782784200,161.92,161.92,161.913,161.914,31,17,0
1782784500,161.915,161.918,161.913,161.915,54,16,0
1782784800,161.914,161.916,161.906,161.916,54,15,0
1782785100,161.916,161.917,161.904,161.911,73,14,0
1782785400,161.91,161.917,161.91,161.917,63,14,0
1782785700,161.916,161.919,161.91,161.915,88,13,0
1782786000,161.914,161.92,161.914,161.919,68,13,0
1782786300,161.92,161.923,161.911,161.915,123,13,0
1782786600,161.916,161.919,161.912,161.918,41,14,0
1782786900,161.918,161.92,161.901,161.914,86,14,0
1782787200,161.914,161.915,161.903,161.905,79,13,0
1782787500,161.905,161.912,161.905,161.907,67,13,0
1782787800,161.907,161.912,161.907,161.911,34,13,0
1782788100,161.911,161.921,161.911,161.918,104,13,0
1782788400,161.917,161.941,161.917,161.939,261,11,0
1782788700,161.939,161.948,161.936,161.945,337,11,0
1782789000,161.946,161.95,161.938,161.944,163,11,0
1782789300,161.945,161.951,161.935,161.938,151,11,0
1782789600,161.937,161.958,161.933,161.947,235,11,0
1782789900,161.946,161.954,161.941,161.948,152,12,0
1782790200,161.947,161.964,161.942,161.958,201,11,0
1782790500,161.958,161.964,161.952,161.958,179,12,0
1782790800,161.957,161.965,161.946,161.962,162,11,0
1782791100,161.961,161.965,161.958,161.963,138,11,0
1782791400,161.964,162.346,161.964,162.33,1287,11,0
1782791700,162.334,162.395,162.042,162.128,1013,11,0
1782792000,162.129,162.154,162.098,162.144,413,11,0
1782792300,162.145,162.276,162.144,162.247,661,11,0
1782792600,162.248,162.297,162.188,162.255,842,11,0
1782792900,162.254,162.257,162.127,162.144,829,11,0
1782793200,162.143,162.155,162.07,162.077,615,11,0
1782793500,162.077,162.147,162.057,162.119,287,11,0
1782793800,162.12,162.125,162.047,162.073,412,11,0
1782794100,162.074,162.113,162.045,162.113,370,11,0
1782794400,162.109,162.187,162.092,162.182,423,11,0
1782794700,162.182,162.186,162.151,162.174,395,11,0
1782795000,162.172,162.175,162.137,162.156,326,11,0
1782795300,162.155,162.198,162.138,162.177,345,11,0
1782795600,162.177,162.187,162.147,162.154,328,11,0
1782795900,162.154,162.192,162.127,162.141,390,11,0
1782796200,162.141,162.153,162.118,162.126,272,11,0
1782796500,162.126,162.166,162.117,162.142,371,11,0
1782796800,162.142,162.142,162.103,162.132,269,11,0
1782797100,162.131,162.147,162.125,162.141,172,11,0
1782797400,162.14,162.145,162.11,162.114,218,11,0
1782797700,162.113,162.118,162.11,162.114,179,12,0
1782798000,162.115,162.136,162.112,162.125,153,12,0
1782798300,162.125,162.147,162.117,162.135,167,11,0
1782798600,162.135,162.181,162.128,162.177,316,11,0
1782798900,162.176,162.181,162.138,162.141,388,11,0
1782799200,162.141,162.158,162.126,162.153,225,11,0
1782799500,162.152,162.175,162.152,162.167,165,12,0
1782799800,162.167,162.196,162.165,162.196,159,11,0
1782800100,162.197,162.217,162.194,162.211,220,11,0
1782800400,162.21,162.226,162.209,162.218,238,11,0
1782800700,162.218,162.236,162.036,162.142,851,11,0
1782801000,162.143,162.145,162.118,162.124,382,11,0
1782801300,162.123,162.166,162.111,162.142,321,11,0
1782801600,162.143,162.167,162.143,162.164,184,11,0
1782801900,162.163,162.171,162.157,162.164,109,12,0
1782802200,162.164,162.171,162.16,162.168,115,12,0
1782802500,162.167,162.172,162.161,162.168,151,12,0
1782802800,162.167,162.188,162.161,162.163,177,11,0
1782803100,162.163,162.177,162.153,162.164,153,11,0
1782803400,162.163,162.179,162.16,162.176,90,11,0
1782803700,162.177,162.183,162.169,162.177,114,11,0
1782804000,162.178,162.178,162.158,162.167,136,11,0
1782804300,162.166,162.177,162.16,162.168,167,12,0
1782804600,162.169,162.182,162.168,162.176,167,11,0
1782804900,162.177,162.177,162.143,162.164,163,11,0
1782805200,162.165,162.186,162.164,162.173,158,11,0
1782805500,162.174,162.183,162.166,162.173,255,12,0
1782805800,162.173,162.184,162.164,162.172,275,11,0
1782806100,162.169,162.196,162.166,162.196,329,11,0
1782806400,162.198,162.202,162.165,162.166,286,11,0
1782806700,162.165,162.175,162.147,162.166,149,12,0
1782807000,162.167,162.218,162.167,162.204,314,11,0
1782807300,162.205,162.207,162.17,162.181,206,11,0
1782807600,162.181,162.189,162.171,162.189,150,12,0
1782807900,162.189,162.207,162.189,162.195,176,11,0
1782808200,162.194,162.208,162.19,162.208,165,12,0
1782808500,162.209,162.215,162.2,162.208,145,11,0
1782808800,162.208,162.228,162.2,162.216,190,11,0
1782809100,162.217,162.247,162.216,162.233,234,11,0
1782809400,162.234,162.255,162.234,162.254,214,11,0
1782809700,162.255,162.286,162.255,162.286,255,11,0
1782810000,162.285,162.348,162.281,162.347,469,11,0
1782810300,162.346,162.374,162.297,162.348,592,11,0
1782810600,162.349,162.407,162.243,162.319,851,11,0
1782810900,162.319,162.329,162.249,162.267,584,11,0
1782811200,162.267,162.281,162.228,162.25,418,11,0
1782811500,162.25,162.262,162.233,162.238,435,11,0
1782811800,162.243,162.312,162.241,162.268,568,11,0
1782812100,162.268,162.28,162.242,162.269,376,11,0
1782812400,162.27,162.27,162.246,162.258,305,11,0
1782812700,162.27,162.284,162.25,162.251,526,11,0
1782813000,162.251,162.277,162.241,162.249,414,11,0
1782813300,162.25,162.252,162.198,162.198,356,11,0
1782813600,162.197,162.232,162.178,162.216,368,11,0
1782813900,162.216,162.216,162.186,162.206,443,11,0
1782814200,162.207,162.219,162.18,162.214,348,11,0
1782814500,162.215,162.225,162.202,162.205,266,11,0
1782814800,162.206,162.207,162.164,162.169,326,11,0
1782815100,162.169,162.17,162.151,162.161,286,11,0
1782815400,162.156,162.166,162.138,162.152,289,11,0
1782815700,162.153,162.156,162.113,162.132,264,11,0
1782816000,162.131,162.171,162.131,162.17,258,11,0
1782816300,162.169,162.232,162.16,162.23,293,11,0
1782816600,162.231,162.247,162.219,162.224,279,11,0
1782816900,162.222,162.261,162.222,162.252,414,11,0
1782817200,162.25,162.26,162.231,162.247,814,11,0
1782817500,162.247,162.288,162.218,162.278,477,11,0
1782817800,162.276,162.32,162.273,162.319,392,11,0
1782818100,162.32,162.333,162.303,162.319,368,11,0
1782818400,162.318,162.327,162.288,162.317,338,11,0
1782818700,162.317,162.322,162.285,162.303,301,11,0
1782819000,162.304,162.32,162.295,162.317,356,11,0
1782819300,162.317,162.36,162.315,162.36,325,11,0
1782819600,162.361,162.382,162.356,162.375,267,11,0
1782819900,162.375,162.408,162.338,162.353,456,11,0
1782820200,162.353,162.403,162.35,162.385,259,11,0
1782820500,162.386,162.387,162.303,162.311,548,11,0
1782820800,162.312,162.342,162.311,162.321,312,11,0
1782821100,162.321,162.33,162.3,162.304,309,11,0
1782821400,162.305,162.306,162.262,162.288,497,11,0
1782821700,162.289,162.308,162.268,162.308,367,11,0
1782822000,162.307,162.32,162.305,162.313,279,11,0
1782822300,162.312,162.312,162.28,162.296,459,11,0
1782822600,162.296,162.314,162.283,162.296,286,11,0
1782822900,162.297,162.315,162.294,162.31,259,11,0
1782823200,162.31,162.314,162.286,162.301,258,11,0
1782823500,162.3,162.301,162.28,162.295,195,11,0
1782823800,162.295,162.309,162.265,162.281,380,11,0
1782824100,162.281,162.3,162.281,162.286,378,11,0
1782824400,162.285,162.304,162.285,162.295,304,11,0
1782824700,162.294,162.31,162.287,162.302,215,11,0
1782825000,162.303,162.324,162.298,162.319,314,11,0
1782825300,162.32,162.321,162.299,162.31,203,11,0
1782825600,162.311,162.329,162.306,162.325,231,11,0
1782825900,162.325,162.328,162.319,162.328,226,11,0
1782826200,162.327,162.337,162.322,162.332,196,11,0
1782826500,162.333,162.334,162.319,162.322,203,11,0
1782826800,162.323,162.349,162.322,162.343,381,11,0
1782827100,162.342,162.349,162.333,162.344,254,11,0
1782827400,162.343,162.349,162.324,162.33,331,11,0
1782827700,162.328,162.329,162.306,162.31,378,12,0
1782828000,162.311,162.33,162.307,162.323,401,11,0
1782828300,162.321,162.333,162.319,162.332,421,11,0
1782828600,162.331,162.346,162.331,162.341,327,11,0
1782828900,162.341,162.36,162.34,162.346,284,12,0
1782829200,162.346,162.386,162.346,162.381,573,11,0
1782829500,162.38,162.388,162.366,162.375,476,11,0
1782829800,162.374,162.385,162.368,162.385,302,12,0
1782830100,162.383,162.409,162.38,162.397,321,11,0
1782830400,162.397,162.422,162.371,162.386,430,11,0
1782830700,162.387,162.395,162.378,162.388,314,11,0
1782831000,162.388,162.404,162.381,162.401,258,11,0
1782831300,162.404,162.416,162.399,162.408,237,11,0
1782831600,162.407,162.442,162.397,162.424,301,11,0
1782831900,162.424,162.441,162.421,162.435,319,11,0
1782832200,162.434,162.441,162.412,162.415,287,11,0
1782832500,162.414,162.433,162.411,162.425,317,11,0
1782832800,162.424,162.491,162.423,162.487,403,11,0
1782833100,162.487,162.487,162.446,162.471,309,11,0
1782833400,162.472,162.503,162.018,162.351,1140,11,0
1782833700,162.351,162.401,162.325,162.4,764,11,0
1782834000,162.401,162.448,162.377,162.404,597,11,0
1782834300,162.405,162.433,162.404,162.426,468,11,0
1782834600,162.426,162.428,162.373,162.38,499,11,0
1782834900,162.381,162.401,162.371,162.397,497,11,0
1782835200,162.398,162.412,162.385,162.397,410,11,0
1782835500,162.398,162.399,162.359,162.362,457,11,0
1782835800,162.359,162.384,162.344,162.371,388,11,0
1782836100,162.37,162.371,162.33,162.341,443,11,0
1782836400,162.336,162.373,162.331,162.371,350,11,0
1782836700,162.369,162.376,162.309,162.331,393,11,0
1782837000,162.328,162.384,162.32,162.382,508,11,0
1782837300,162.382,162.417,162.37,162.404,341,11,0
1782837600,162.399,162.405,162.382,162.391,149,11,0
1782837900,162.392,162.437,162.392,162.437,429,11,0
1782838200,162.436,162.447,162.416,162.44,555,11,0
1782838500,162.439,162.47,162.439,162.463,237,11,0
1782838800,162.462,162.5,162.421,162.439,689,11,0
1782839100,162.44,162.467,162.41,162.445,522,11,0
1782839400,162.445,162.474,162.425,162.446,563,11,0
1782839700,162.447,162.452,162.381,162.437,602,11,0
1782840000,162.435,162.438,162.391,162.411,524,11,0
1782840300,162.41,162.416,162.387,162.401,511,11,0
1782840600,162.402,162.417,162.394,162.401,662,11,0
1782840900,162.402,162.424,162.397,162.416,609,11,0
1782841200,162.416,162.427,162.401,162.404,557,11,0
1782841500,162.405,162.454,162.4,162.441,677,11,0
1782841800,162.44,162.481,162.35,162.477,1221,11,0
1782842100,162.477,162.545,162.434,162.509,1350,11,0
1782842400,162.509,162.537,162.482,162.525,1021,11,0
1782842700,162.524,162.524,162.465,162.476,576,11,0
1782843000,162.477,162.504,162.471,162.503,425,11,0
1782843300,162.503,162.54,162.503,162.535,427,11,0
1782843600,162.533,162.541,162.53,162.539,352,11,0
1782843900,162.539,162.539,162.521,162.536,378,11,0
1782844200,162.538,162.544,162.522,162.543,463,11,0
1782844500,162.542,162.623,162.54,162.618,508,11,0
1782844800,162.617,162.656,162.595,162.651,495,11,0
1782845100,162.652,162.652,162.606,162.617,440,11,0
1782845400,162.618,162.619,162.582,162.584,353,11,0
1782845700,162.583,162.611,162.578,162.608,316,11,0
1782846000,162.609,162.65,162.606,162.647,327,11,0
1782846300,162.648,162.661,162.628,162.63,340,11,0
1782846600,162.63,162.657,162.628,162.651,225,11,0
1782846900,162.651,162.664,162.65,162.656,249,11,0
1782847200,162.654,162.656,162.637,162.648,244,11,0
1782847500,162.649,162.649,162.61,162.618,221,11,0
1782847800,162.619,162.63,162.608,162.609,293,11,0
1782848100,162.609,162.624,162.607,162.611,222,11,0
1782848400,162.611,162.612,162.596,162.608,313,11,0
1782848700,162.609,162.611,162.604,162.61,112,11,0
1782849000,162.61,162.64,162.596,162.638,218,11,0
1782849300,162.638,162.651,162.634,162.641,332,11,0
1782849600,162.641,162.642,162.606,162.615,244,11,0
1782849900,162.615,162.627,162.615,162.62,144,11,0
1782850200,162.623,162.628,162.615,162.624,191,11,0
1782850500,162.624,162.624,162.605,162.61,171,11,0
1782850800,162.609,162.619,162.592,162.596,194,11,0
1782851100,162.596,162.598,162.576,162.583,170,11,0
1782851400,162.584,162.597,162.583,162.594,219,11,0
1782851700,162.594,162.602,162.588,162.6,173,11,0
1782852000,162.6,162.604,162.593,162.593,132,11,0
1782852300,162.594,162.598,162.561,162.561,221,11,0
1782852600,162.559,162.574,162.551,162.573,121,11,0
1782852900,162.574,162.585,162.573,162.579,156,11,0
1782853200,162.579,162.59,162.574,162.578,222,11,0
1782853500,162.576,162.581,162.559,162.579,286,12,0
1782853800,162.58,162.599,162.579,162.588,250,11,0
1782854100,162.591,162.601,162.589,162.597,157,11,0
1782854400,162.596,162.596,162.577,162.584,175,11,0
1782854700,162.583,162.583,162.572,162.579,280,11,0
1782855000,162.58,162.591,162.573,162.583,267,11,0
1782855300,162.583,162.595,162.577,162.594,245,11,0
1782855600,162.593,162.609,162.592,162.608,164,11,0
1782855900,162.607,162.608,162.579,162.581,129,11,0
1782856200,162.577,162.577,162.554,162.572,207,11,0
1782856500,162.571,162.614,162.571,162.611,197,11,0
1782856800,162.612,162.614,162.568,162.573,300,11,0
1782857100,162.572,162.585,162.569,162.579,227,11,0
1782857400,162.58,162.589,162.574,162.586,175,12,0
1782857700,162.585,162.59,162.574,162.588,212,12,0
1782858000,162.587,162.616,162.587,162.613,173,12,0
1782858300,162.613,162.625,162.612,162.62,138,11,0
1782858600,162.62,162.625,162.589,162.597,193,11,0
1782858900,162.598,162.602,162.586,162.599,157,11,0
1782859200,162.599,162.613,162.598,162.603,168,11,0
1782859500,162.604,162.607,162.597,162.598,91,11,0
1782859800,162.6,162.613,162.6,162.608,263,11,0
1782860100,162.601,162.615,162.574,162.574,446,11,0
1782860400,162.576,162.588,162.567,162.577,379,11,0
1782860700,162.576,162.581,162.572,162.578,160,12,0
1782861000,162.578,162.579,162.565,162.572,139,11,0
1782861300,162.571,162.579,162.556,162.56,140,11,0
1782861600,162.56,162.563,162.546,162.55,83,12,0
1782861900,162.551,162.575,162.55,162.575,137,12,0
1782862200,162.575,162.588,162.571,162.584,109,11,0
1782862500,162.585,162.606,162.584,162.6,100,12,0
1782862800,162.598,162.599,162.564,162.567,207,12,0
1782863100,162.569,162.578,162.557,162.563,423,11,0
1782863400,162.562,162.576,162.544,162.574,250,11,0
1782863700,162.573,162.586,162.5,162.5,115,16,0
1782864000,162.5,162.533,162.411,162.503,9,76,0
1782864300,162.5,162.545,162.5,162.544,15,50,0
1782864600,162.545,162.608,162.545,162.598,57,39,0
1782864900,162.596,162.599,162.584,162.584,22,57,0
1782865200,162.584,162.604,162.584,162.604,9,44,0
1782865500,162.594,162.604,162.594,162.594,10,59,0
1782865800,162.592,162.606,162.584,162.585,77,58,0
1782866100,162.586,162.586,162.537,162.541,60,50,0
1782866400,162.542,162.564,162.519,162.526,37,28,0
1782866700,162.526,162.542,162.519,162.526,66,48,0
1782867000,162.527,162.532,162.523,162.53,152,57,0
1782867300,162.53,162.537,162.493,162.517,35,58,0
1782867600,162.548,162.612,162.535,162.595,108,11,0
1782867900,162.595,162.6,162.586,162.595,29,18,0
1782868200,162.595,162.61,162.591,162.61,267,18,0
1782868500,162.61,162.61,162.598,162.602,162,11,0
1782868800,162.602,162.615,162.598,162.614,96,13,0
1782869100,162.614,162.617,162.608,162.614,69,13,0
1782869400,162.614,162.617,162.611,162.615,66,15,0
1782869700,162.613,162.616,162.612,162.614,27,16,0
1782870000,162.614,162.615,162.598,162.601,39,15,0
1782870300,162.602,162.61,162.598,162.607,48,15,0
1782870600,162.607,162.614,162.603,162.608,75,14,0
1782870900,162.609,162.609,162.597,162.599,44,15,0
1782871200,162.598,162.599,162.592,162.595,59,14,0
1782871500,162.595,162.602,162.594,162.6,42,13,0
1782871800,162.601,162.602,162.583,162.583,32,14,0
1782872100,162.583,162.584,162.556,162.56,92,12,0
1782872400,162.561,162.565,162.521,162.54,129,13,0
1782872700,162.541,162.571,162.539,162.566,69,12,0
1782873000,162.566,162.574,162.544,162.547,86,11,0
1782873300,162.545,162.571,162.544,162.569,53,11,0
1782873600,162.57,162.581,162.569,162.579,69,13,0
1782873900,162.579,162.604,162.576,162.602,113,12,0
1782874200,162.601,162.625,162.6,162.623,180,13,0
1782874500,162.624,162.64,162.622,162.626,125,12,0
1782874800,162.629,162.662,162.626,162.638,322,11,0
1782875100,162.638,162.657,162.635,162.65,152,11,0
1782875400,162.65,162.68,162.65,162.676,108,11,0
1782875700,162.677,162.69,162.654,162.676,362,11,0
1782876000,162.677,162.677,162.651,162.658,273,11,0
1782876300,162.653,162.653,162.631,162.638,264,11,0
1782876600,162.638,162.673,162.637,162.672,193,11,0
1782876900,162.672,162.711,162.67,162.69,347,11,0
1782877200,162.689,162.725,162.689,162.724,278,11,0
1782877500,162.724,162.768,162.708,162.749,379,11,0
1782877800,162.749,162.752,162.651,162.68,644,11,0
1782878100,162.68,162.687,162.662,162.68,347,11,0
1782878400,162.679,162.696,162.652,162.661,373,11,0
1782878700,162.661,162.678,162.648,162.674,368,11,0
1782879000,162.673,162.727,162.671,162.726,331,11,0
1782879300,162.725,162.727,162.677,162.68,362,11,0
1782879600,162.68,162.681,162.633,162.651,341,12,0
1782879900,162.65,162.672,162.649,162.669,313,12,0
1782880200,162.668,162.67,162.646,162.66,319,11,0
1782880500,162.662,162.663,162.583,162.631,290,11,0
1782880800,162.633,162.639,162.612,162.627,173,11,0
1782881100,162.628,162.634,162.599,162.634,292,11,0
1782881400,162.633,162.653,162.626,162.653,186,11,0
1782881700,162.653,162.682,162.653,162.678,219,11,0
1782882000,162.676,162.694,162.659,162.685,228,11,0
1782882300,162.685,162.695,162.676,162.682,187,11,0
1782882600,162.682,162.697,162.662,162.664,171,11,0
1782882900,162.665,162.672,162.654,162.666,168,11,0
1782883200,162.667,162.669,162.659,162.66,144,11,0
1782883500,162.661,162.689,162.659,162.683,194,11,0
1782883800,162.682,162.713,162.68,162.71,234,11,0
1782884100,162.71,162.71,162.7,162.702,196,11,0
1782884400,162.703,162.731,162.701,162.731,214,11,0
1782884700,162.731,162.732,162.716,162.73,131,11,0
1782885000,162.729,162.782,162.723,162.759,220,11,0
1782885300,162.759,162.783,162.74,162.744,341,11,0
1782885600,162.742,162.763,162.734,162.752,291,11,0
1782885900,162.752,162.752,162.726,162.739,219,11,0
1782886200,162.74,162.764,162.732,162.763,185,11,0
1782886500,162.764,162.796,162.76,162.777,248,11,0
1782886800,162.777,162.791,162.771,162.78,125,11,0
1782887100,162.781,162.801,162.777,162.8,218,11,0
1782887400,162.799,162.833,162.792,162.827,259,11,0
1782887700,162.828,162.834,162.816,162.819,205,11,0
1782888000,162.818,162.83,162.791,162.829,191,11,0
1782888300,162.829,162.832,162.823,162.829,79,11,0
1782888600,162.829,162.829,162.8,162.802,141,11,0
1782888900,162.804,162.806,162.787,162.792,161,11,0
1782889200,162.792,162.796,162.784,162.793,172,11,0
1782889500,162.792,162.805,162.791,162.805,135,12,0
1782889800,162.804,162.805,162.778,162.779,175,11,0
1782890100,162.779,162.793,162.777,162.783,155,11,0
1782890400,162.784,162.784,162.771,162.772,172,13,0
1782890700,162.772,162.785,162.771,162.783,126,11,0
1782891000,162.783,162.785,162.561,162.704,678,11,0
1782891300,162.704,162.716,162.645,162.683,443,11,0
1782891600,162.679,162.704,162.67,162.691,303,11,0
1782891900,162.692,162.715,162.677,162.708,310,11,0
1782892200,162.707,162.708,162.67,162.703,157,11,0
1782892500,162.703,162.722,162.69,162.721,185,11,0
1782892800,162.721,162.752,162.709,162.751,238,11,0
1782893100,162.751,162.755,162.72,162.724,148,11,0
1782893400,162.723,162.736,162.708,162.713,203,11,0
1782893700,162.714,162.722,162.688,162.693,202,11,0
1782894000,162.693,162.725,162.689,162.72,167,11,0
1782894300,162.721,162.735,162.72,162.725,233,11,0
1782894600,162.726,162.736,162.712,162.725,178,11,0
1782894900,162.726,162.728,162.707,162.719,189,12,0
1782895200,162.72,162.722,162.687,162.691,212,11,0
1782895500,162.692,162.705,162.683,162.703,160,11,0
1782895800,162.703,162.703,162.68,162.697,188,11,0
1782896100,162.698,162.704,162.683,162.704,276,11,0
1782896400,162.705,162.728,162.696,162.726,402,11,0
1782896700,162.726,162.747,162.726,162.743,430,11,0
1782897000,162.743,162.749,162.73,162.733,277,11,0
1782897300,162.732,162.734,162.698,162.698,287,11,0
1782897600,162.698,162.72,162.689,162.708,261,11,0
1782897900,162.707,162.732,162.697,162.702,306,11,0
1782898200,162.701,162.721,162.7,162.705,251,11,0
1782898500,162.706,162.707,162.672,162.684,307,11,0
1782898800,162.685,162.708,162.676,162.687,312,11,0
1782899100,162.687,162.69,162.652,162.661,293,11,0
1782899400,162.662,162.694,162.659,162.681,180,11,0
1782899700,162.682,162.687,162.661,162.672,257,11,0
1782900000,162.673,162.682,162.645,162.655,417,11,0
1782900300,162.654,162.659,162.629,162.641,300,11,0
1782900600,162.641,162.646,162.606,162.631,365,11,0
1782900900,162.632,162.654,162.63,162.653,268,11,0
1782901200,162.653,162.694,162.645,162.693,376,11,0
1782901500,162.693,162.715,162.69,162.693,259,11,0
1782901800,162.694,162.695,162.654,162.657,270,11,0
1782902100,162.658,162.659,162.614,162.622,305,11,0
1782902400,162.623,162.655,162.614,162.654,263,11,0
1782902700,162.654,162.661,162.628,162.652,277,11,0
1782903000,162.651,162.656,162.637,162.652,250,11,0
1782903300,162.653,162.676,162.65,162.666,283,11,0
1782903600,162.667,162.683,162.655,162.682,320,11,0
1782903900,162.682,162.696,162.675,162.694,197,11,0
1782904200,162.693,162.694,162.673,162.677,219,11,0
1782904500,162.676,162.676,162.649,162.66,226,11,0
1782904800,162.66,162.679,162.648,162.663,243,11,0
1782905100,162.662,162.662,162.64,162.642,242,11,0
1782905400,162.642,162.655,162.634,162.64,192,11,0
1782905700,162.639,162.654,162.629,162.653,205,11,0
1782906000,162.653,162.654,162.63,162.636,168,11,0
1782906300,162.638,162.649,162.633,162.646,190,11,0
1782906600,162.647,162.653,162.639,162.645,137,11,0
1782906900,162.643,162.661,162.63,162.659,217,11,0
1782907200,162.658,162.677,162.644,162.666,345,11,0
1782907500,162.666,162.684,162.659,162.674,209,11,0
1782907800,162.674,162.681,162.669,162.673,320,11,0
1782908100,162.672,162.703,162.671,162.699,200,11,0
1782908400,162.7,162.709,162.696,162.704,199,11,0
1782908700,162.703,162.706,162.657,162.663,265,11,0
1782909000,162.664,162.681,162.659,162.681,219,11,0
1782909300,162.681,162.684,162.663,162.675,183,11,0
1782909600,162.676,162.692,162.673,162.683,162,11,0
1782909900,162.683,162.707,162.68,162.707,136,11,0
1782910200,162.707,162.71,162.695,162.71,249,12,0
1782910500,162.709,162.735,162.708,162.728,259,11,0
1782910800,162.728,162.738,162.715,162.718,366,11,0
1782911100,162.717,162.718,162.689,162.699,253,11,0
1782911400,162.699,162.702,162.683,162.688,186,11,0
1782911700,162.689,162.699,162.673,162.674,188,11,0
1782912000,162.674,162.694,162.669,162.691,203,11,0
1782912300,162.687,162.69,162.676,162.683,169,11,0
1782912600,162.683,162.69,162.671,162.676,191,11,0
1782912900,162.677,162.694,162.676,162.687,157,11,0
1782913200,162.686,162.695,162.684,162.688,171,11,0
1782913500,162.688,162.69,162.675,162.682,137,11,0
1782913800,162.683,162.683,162.669,162.677,200,11,0
1782914100,162.676,162.694,162.672,162.682,240,11,0
1782914400,162.683,162.694,162.677,162.689,232,11,0
1782914700,162.689,162.701,162.688,162.695,219,11,0
1782915000,162.694,162.713,162.692,162.701,244,12,0
1782915300,162.701,162.703,162.69,162.694,254,11,0
1782915600,162.694,162.702,162.693,162.699,153,11,0
1782915900,162.7,162.702,162.687,162.687,113,11,0
1782916200,162.688,162.727,162.687,162.693,367,11,0
1782916500,162.694,162.7,162.683,162.687,284,11,0
1782916800,162.688,162.702,162.686,162.69,203,11,0
1782917100,162.691,162.708,162.687,162.705,162,11,0
1782917400,162.705,162.705,162.686,162.704,225,11,0
1782917700,162.705,162.709,162.689,162.691,249,11,0
1782918000,162.69,162.706,162.683,162.692,388,11,0
1782918300,162.692,162.706,162.688,162.702,277,11,0
1782918600,162.701,162.705,162.692,162.694,240,11,0
1782918900,162.691,162.695,162.667,162.689,257,11,0
1782919200,162.689,162.703,162.675,162.689,320,11,0
1782919500,162.689,162.697,162.679,162.69,251,11,0
1782919800,162.69,162.699,162.681,162.698,221,11,0
1782920100,162.698,162.731,162.697,162.73,417,11,0
1782920400,162.73,162.752,162.727,162.739,333,11,0
1782920700,162.739,162.758,162.726,162.732,435,11,0
1782921000,162.733,162.741,162.691,162.698,458,11,0
1782921300,162.698,162.709,162.682,162.692,263,11,0
1782921600,162.693,162.708,162.682,162.687,215,11,0
1782921900,162.686,162.703,162.672,162.687,379,11,0
1782922200,162.686,162.728,162.686,162.717,528,11,0
1782922500,162.717,162.718,162.658,162.67,654,11,0
1782922800,162.669,162.67,162.552,162.59,830,11,0
1782923100,162.591,162.617,162.542,162.559,808,11,0
1782923400,162.56,162.56,162.48,162.518,1092,11,0
1782923700,162.519,162.545,162.477,162.521,893,11,0
1782924000,162.523,162.539,162.376,162.389,802,11,0
1782924300,162.388,162.391,162.288,162.346,1061,11,0
1782924600,162.352,162.457,162.35,162.45,823,11,0
1782924900,162.449,162.458,162.395,162.396,607,11,0
1782925200,162.392,162.436,162.338,162.418,783,11,0
1782925500,162.417,162.424,162.351,162.359,878,11,0
1782925800,162.357,162.376,162.333,162.374,805,11,0
1782926100,162.373,162.393,162.319,162.357,723,11,0
1782926400,162.358,162.39,162.303,162.389,749,11,0
1782926700,162.389,162.444,162.385,162.442,501,11,0
1782927000,162.443,162.445,162.32,162.32,707,11,0
1782927300,162.321,162.362,162.314,162.348,616,11,0
1782927600,162.348,162.367,162.325,162.361,519,11,0
1782927900,162.361,162.402,162.351,162.393,614,11,0
1782928200,162.396,162.433,162.396,162.43,613,11,0
1782928500,162.431,162.443,162.39,162.39,651,11,0
1782928800,162.389,162.441,162.368,162.429,675,11,0
1782929100,162.429,162.451,162.394,162.433,588,11,0
1782929400,162.432,162.433,162.399,162.412,428,11,0
1782929700,162.413,162.427,162.395,162.415,383,11,0
1782930000,162.415,162.47,162.41,162.452,475,11,0
1782930300,162.451,162.452,162.401,162.401,467,11,0
1782930600,162.402,162.436,162.387,162.422,564,11,0
1782930900,162.423,162.444,162.402,162.418,502,11,0
1782931200,162.419,162.46,162.415,162.451,373,11,0
1782931500,162.452,162.454,162.426,162.431,483,11,0
1782931800,162.431,162.432,162.391,162.414,328,11,0
1782932100,162.414,162.427,162.404,162.409,263,11,0
1782932400,162.408,162.408,162.357,162.357,376,11,0
1782932700,162.359,162.38,162.353,162.38,324,11,0
1782933000,162.38,162.391,162.359,162.388,256,11,0
1782933300,162.389,162.414,162.388,162.407,380,11,0
1782933600,162.408,162.408,162.38,162.392,502,11,0
1782933900,162.392,162.395,162.368,162.385,379,11,0
1782934200,162.386,162.406,162.377,162.403,393,11,0
1782934500,162.402,162.436,162.402,162.435,250,11,0
1782934800,162.435,162.454,162.432,162.443,242,11,0
1782935100,162.443,162.443,162.408,162.421,226,11,0
1782935400,162.421,162.438,162.42,162.429,325,11,0
1782935700,162.429,162.456,162.428,162.451,282,11,0
1782936000,162.451,162.468,162.419,162.428,302,11,0
1782936300,162.428,162.461,162.424,162.447,257,11,0
1782936600,162.448,162.48,162.44,162.476,312,11,0
1782936900,162.475,162.485,162.458,162.473,274,11,0
1782937200,162.473,162.488,162.47,162.48,273,11,0
1782937500,162.479,162.482,162.467,162.48,261,11,0
1782937800,162.48,162.487,162.474,162.487,170,11,0
1782938100,162.486,162.53,162.486,162.519,229,11,0
1782938400,162.519,162.521,162.499,162.518,326,11,0
1782938700,162.517,162.518,162.496,162.5,191,11,0
1782939000,162.501,162.52,162.498,162.518,126,11,0
1782939300,162.518,162.539,162.513,162.527,175,11,0
1782939600,162.526,162.531,162.512,162.514,232,11,0
1782939900,162.513,162.532,162.513,162.532,243,11,0
1782940200,162.531,162.544,162.529,162.535,214,11,0
1782940500,162.537,162.559,162.537,162.548,227,11,0
1782940800,162.548,162.574,162.548,162.567,225,11,0
1782941100,162.566,162.572,162.557,162.567,171,11,0
1782941400,162.568,162.572,162.542,162.547,191,11,0
1782941700,162.547,162.549,162.541,162.545,150,11,0
1782942000,162.544,162.546,162.533,162.537,235,11,0
1782942300,162.538,162.542,162.527,162.53,182,11,0
1782942600,162.531,162.533,162.517,162.519,199,11,0
1782942900,162.519,162.529,162.507,162.518,237,11,0
1782943200,162.518,162.521,162.503,162.51,201,11,0
1782943500,162.51,162.521,162.506,162.517,119,11,0
1782943800,162.515,162.524,162.507,162.519,136,12,0
1782944100,162.519,162.543,162.515,162.541,135,12,0
1782944400,162.541,162.541,162.527,162.53,91,11,0
1782944700,162.529,162.533,162.513,162.516,142,11,0
1782945000,162.514,162.519,162.502,162.508,157,11,0
1782945300,162.509,162.516,162.503,162.516,156,11,0
1782945600,162.515,162.52,162.514,162.515,154,12,0
1782945900,162.514,162.533,162.514,162.532,116,12,0
1782946200,162.53,162.578,162.53,162.553,277,11,0
1782946500,162.556,162.566,162.542,162.565,286,11,0
1782946800,162.566,162.566,162.549,162.557,283,11,0
1782947100,162.558,162.575,162.557,162.566,180,12,0
1782947400,162.566,162.567,162.544,162.563,202,11,0
1782947700,162.563,162.59,162.563,162.577,96,11,0
1782948000,162.577,162.595,162.575,162.585,158,11,0
1782948300,162.582,162.595,162.578,162.593,71,11,0
1782948600,162.593,162.6,162.586,162.6,105,12,0
1782948900,162.599,162.602,162.585,162.587,270,11,0
1782949200,162.588,162.6,162.586,162.596,114,11,0
1782949500,162.598,162.61,162.596,162.608,107,13,0
1782949800,162.61,162.61,162.597,162.599,121,13,0
1782950100,162.599,162.603,162.56,162.56,159,11,0
1782950400,162.548,162.549,162.491,162.534,15,42,0
1782950700,162.534,162.541,162.534,162.541,6,62,0
1782951000,162.542,162.542,162.536,162.542,8,53,0
1782951300,162.54,162.54,162.538,162.538,5,64,0
1782951600,162.538,162.538,162.524,162.529,17,63,0
1782951900,162.529,162.549,162.529,162.53,23,43,0
1782952200,162.53,162.533,162.529,162.532,10,59,0
1782952500,162.532,162.532,162.53,162.53,6,59,0
1782952800,162.53,162.533,162.529,162.529,11,55,0
1782953100,162.529,162.531,162.524,162.528,10,45,0
1782953400,162.528,162.528,162.525,162.528,20,62,0
1782953700,162.527,162.53,162.525,162.527,23,56,0
1782954000,162.527,162.561,162.524,162.557,80,18,0
1782954300,162.556,162.558,162.537,162.541,37,22,0
1782954600,162.545,162.556,162.544,162.546,46,18,0
1782954900,162.546,162.548,162.542,162.542,22,18,0
1782955200,162.542,162.545,162.542,162.542,42,17,0
1782955500,162.543,162.544,162.542,162.543,16,19,0
1782955800,162.543,162.546,162.539,162.542,44,16,0
1782956100,162.543,162.544,162.53,162.533,47,17,0
1782956400,162.532,162.533,162.531,162.532,22,20,0
1782956700,162.532,162.533,162.527,162.529,18,20,0
1782957000,162.531,162.533,162.529,162.532,16,19,0
1782957300,162.533,162.534,162.53,162.534,17,17,0
1782957600,162.533,162.535,162.533,162.535,13,16,0
1782957900,162.534,162.536,162.531,162.535,57,14,0
1782958200,162.536,162.548,162.523,162.546,127,11,0
1782958500,162.546,162.551,162.546,162.55,52,14,0
1782958800,162.55,162.565,162.55,162.565,51,13,0
1782959100,162.565,162.567,162.564,162.565,26,14,0
1782959400,162.565,162.579,162.564,162.569,96,11,0
1782959700,162.568,162.569,162.548,162.553,84,11,0
1782960000,162.553,162.567,162.548,162.563,56,14,0
1782960300,162.563,162.563,162.51,162.51,160,11,0
1782960600,162.511,162.54,162.511,162.538,125,11,0
1782960900,162.539,162.551,162.525,162.541,125,11,0
1782961200,162.542,162.563,162.485,162.487,472,11,0
1782961500,162.487,162.507,162.474,162.485,389,11,0
1782961800,162.485,162.51,162.481,162.51,337,12,0
1782962100,162.509,162.534,162.506,162.52,354,12,0
1782962400,162.525,162.561,162.525,162.55,331,11,0
1782962700,162.551,162.582,162.55,162.573,340,11,0
1782963000,162.573,162.584,162.551,162.553,345,11,0
1782963300,162.553,162.563,162.529,162.545,257,11,0
1782963600,162.546,162.577,162.545,162.563,279,11,0
1782963900,162.562,162.57,162.548,162.57,223,11,0
1782964200,162.57,162.591,162.524,162.566,722,11,0
1782964500,162.569,162.581,162.552,162.556,404,11,0
1782964800,162.555,162.563,162.522,162.532,498,11,0
1782965100,162.532,162.536,162.524,162.532,239,11,0
1782965400,162.533,162.567,162.525,162.554,285,11,0
1782965700,162.553,162.578,162.552,162.561,363,11,0
1782966000,162.568,162.575,162.552,162.568,282,11,0
1782966300,162.568,162.569,162.55,162.557,211,11,0
1782966600,162.557,162.574,162.555,162.56,359,11,0
1782966900,162.561,162.563,162.545,162.547,173,12,0
1782967200,162.547,162.548,162.529,162.537,214,11,0
1782967500,162.537,162.543,162.501,162.504,227,12,0
1782967800,162.505,162.525,162.502,162.521,184,12,0
1782968100,162.52,162.536,162.516,162.527,267,11,0
1782968400,162.528,162.547,162.508,162.538,276,11,0
1782968700,162.539,162.539,162.519,162.533,334,11,0
1782969000,162.532,162.537,162.518,162.519,185,12,0
1782969300,162.519,162.523,162.51,162.516,198,11,0
1782969600,162.517,162.533,162.516,162.528,296,11,0
1782969900,162.528,162.528,162.517,162.519,224,12,0
1782970200,162.518,162.519,162.49,162.491,256,11,0
1782970500,162.492,162.504,162.489,162.503,279,12,0
1782970800,162.504,162.522,162.501,162.51,172,11,0
1782971100,162.51,162.511,162.496,162.506,195,12,0
1782971400,162.505,162.518,162.496,162.516,194,11,0
1782971700,162.516,162.52,162.509,162.518,167,12,0
1782972000,162.519,162.527,162.518,162.523,126,12,0
1782972300,162.524,162.532,162.52,162.532,141,11,0
1782972600,162.531,162.538,162.527,162.531,165,11,0
1782972900,162.53,162.53,162.514,162.517,223,11,0
1782973200,162.516,162.519,162.513,162.514,138,12,0
1782973500,162.513,162.521,162.512,162.519,85,11,0
1782973800,162.519,162.52,162.514,162.518,103,12,0
1782974100,162.517,162.52,162.516,162.52,73,12,0
1782974400,162.52,162.521,162.511,162.517,121,11,0
1782974700,162.517,162.517,162.506,162.51,142,12,0
1782975000,162.507,162.515,162.502,162.503,106,11,0
1782975300,162.504,162.505,162.427,162.455,374,11,0
1782975600,162.455,162.455,162.355,162.441,628,11,0
1782975900,162.442,162.445,162.375,162.4,430,11,0
1782976200,162.401,162.421,162.383,162.414,288,11,0
1782976500,162.413,162.428,162.41,162.417,153,12,0
1782976800,162.417,162.438,162.412,162.421,193,11,0
1782977100,162.422,162.439,162.414,162.439,163,12,0
1782977400,162.438,162.447,162.415,162.417,241,11,0
1782977700,162.416,162.429,162.408,162.422,179,11,0
1782978000,162.422,162.431,162.41,162.413,174,11,0
1782978300,162.412,162.417,162.407,162.411,170,12,0
1782978600,162.41,162.413,162.384,162.402,217,11,0
1782978900,162.401,162.428,162.397,162.426,234,11,0
1782979200,162.426,162.426,162.401,162.409,284,11,0
1782979500,162.41,162.417,162.386,162.39,289,11,0
1782979800,162.39,162.405,162.384,162.396,270,12,0
1782980100,162.396,162.414,162.396,162.406,152,11,0
1782980400,162.407,162.407,162.383,162.392,211,11,0
1782980700,162.391,162.397,162.383,162.39,272,11,0
1782981000,162.39,162.404,162.39,162.392,357,11,0
1782981300,162.391,162.404,162.378,162.38,191,11,0
1782981600,162.38,162.38,162.36,162.379,150,11,0
1782981900,162.378,162.388,162.361,162.366,243,12,0
1782982200,162.365,162.365,162.334,162.338,297,11,0
1782982500,162.338,162.341,162.31,162.327,284,11,0
1782982800,162.328,162.33,162.249,162.259,628,11,0
1782983100,162.26,162.26,162.121,162.195,769,11,0
1782983400,162.195,162.231,162.179,162.226,638,11,0
1782983700,162.226,162.261,162.219,162.236,547,11,0
1782984000,162.237,162.237,162.187,162.212,591,11,0
1782984300,162.213,162.256,162.212,162.248,382,11,0
1782984600,162.248,162.25,162.168,162.181,438,11,0
1782984900,162.18,162.212,162.179,162.2,389,11,0
1782985200,162.199,162.215,162.194,162.199,332,11,0
1782985500,162.198,162.206,161.486,161.513,1361,11,0
1782985800,161.49,161.788,161.119,161.766,1658,11,0
1782986100,161.767,161.834,161.741,161.818,700,11,0
1782986400,161.817,161.943,161.815,161.841,878,11,0
1782986700,161.832,161.911,161.598,161.665,1344,11,0
1782987000,161.663,161.747,161.645,161.658,1303,11,0
1782987300,161.66,161.74,161.627,161.712,1050,11,0
1782987600,161.712,161.759,161.685,161.751,761,11,0
1782987900,161.751,161.794,161.664,161.676,990,11,0
1782988200,161.676,161.726,161.659,161.71,973,11,0
1782988500,161.71,161.716,161.55,161.556,998,11,0
1782988800,161.555,161.568,161.412,161.486,1320,11,0
1782989100,161.486,161.586,161.458,161.464,1010,11,0
1782989400,161.433,161.467,161.367,161.387,1136,11,0
1782989700,161.39,161.504,161.378,161.431,1075,11,0
1782990000,161.431,161.454,161.241,161.252,1231,11,0
1782990300,161.253,161.292,161.211,161.258,1199,11,0
1782990600,161.257,161.26,161.157,161.187,1253,11,0
1782990900,161.188,161.29,161.175,161.221,1190,11,0
1782991200,161.224,161.328,161.193,161.313,1138,11,0
1782991500,161.312,161.328,161.195,161.196,1209,11,0
1782991800,161.196,161.26,161.147,161.152,950,11,0
1782992100,161.152,161.19,161.056,161.152,1122,11,0
1782992400,161.149,161.197,161.101,161.195,1102,11,0
1782992700,161.196,161.251,160.892,161.016,1409,11,0
1782993000,161.016,161.13,161.012,161.102,1179,11,0
1782993300,161.1,161.15,161.015,161.018,862,11,0
1782993600,161.018,161.145,161.016,161.141,808,11,0
1782993900,161.14,161.301,161.136,161.286,928,11,0
1782994200,161.285,161.33,161.233,161.311,829,11,0
1782994500,161.311,161.334,161.215,161.231,839,11,0
1782994800,161.23,161.262,161.188,161.24,807,11,0
1782995100,161.24,161.255,161.224,161.237,602,11,0
1782995400,161.236,161.253,161.2,161.22,557,11,0
1782995700,161.22,161.221,161.138,161.157,597,11,0
1782996000,161.157,161.228,161.115,161.22,670,11,0
1782996300,161.221,161.235,161.182,161.203,764,11,0
1782996600,161.203,161.251,161.151,161.249,637,11,0
1782996900,161.25,161.258,161.111,161.195,954,11,0
1782997200,161.195,161.272,161.192,161.269,640,11,0
1782997500,161.267,161.286,161.231,161.28,529,11,0
1782997800,161.278,161.301,161.26,161.296,492,11,0
1782998100,161.295,161.356,161.286,161.355,486,11,0
1782998400,161.354,161.462,161.347,161.46,460,11,0
1782998700,161.46,161.483,161.439,161.462,683,11,0
1782999000,161.461,161.473,161.438,161.448,454,11,0
1782999300,161.447,161.456,161.419,161.441,375,11,0
1782999600,161.441,161.455,161.416,161.44,412,11,0
1782999900,161.44,161.44,161.393,161.42,544,11,0
1783000200,161.419,161.44,161.418,161.419,330,12,0
1783000500,161.418,161.435,161.323,161.354,515,11,0
1783000800,161.353,161.379,161.324,161.375,427,11,0
1783001100,161.374,161.422,161.355,161.356,565,11,0
1783001400,161.355,161.389,161.345,161.369,486,11,0
1783001700,161.37,161.378,161.319,161.329,440,11,0
1783002000,161.33,161.367,161.33,161.356,539,11,0
1783002300,161.357,161.361,161.317,161.356,351,12,0
1783002600,161.356,161.399,161.354,161.395,364,11,0
1783002900,161.396,161.404,161.369,161.385,241,11,0
1783003200,161.386,161.461,161.381,161.46,299,11,0
1783003500,161.459,161.461,161.439,161.45,263,12,0
1783003800,161.45,161.493,161.448,161.471,315,12,0
1783004100,161.473,161.491,161.456,161.471,287,11,0
1783004400,161.47,161.56,161.465,161.532,642,11,0
1783004700,161.533,161.594,161.528,161.585,667,11,0
1783005000,161.583,161.592,161.54,161.585,504,11,0
1783005300,161.585,161.636,161.585,161.632,646,11,0
1783005600,161.631,161.632,161.561,161.561,683,11,0
1783005900,161.563,161.565,161.491,161.526,465,11,0
1783006200,161.526,161.526,160.624,160.693,2177,11,0
1783006500,160.692,160.797,160.63,160.69,1831,11,0
1783006800,160.69,160.878,160.662,160.748,1390,11,0
1783007100,160.748,160.983,160.734,160.931,1248,11,0
1783007400,160.942,160.963,160.833,160.903,1568,11,0
1783007700,160.904,161.03,160.875,161.021,1121,11,0
1783008000,161.02,161.063,160.962,160.996,1339,11,0
1783008300,160.997,161.077,160.991,161.06,1434,11,0
1783008600,161.053,161.06,160.926,161.019,1167,11,0
1783008900,161.02,161.075,161.003,161.017,954,11,0
1783009200,161.017,161.105,161.017,161.09,923,11,0
1783009500,161.089,161.153,161.069,161.109,757,11,0
1783009800,161.11,161.114,160.927,160.954,1145,11,0
1783010100,160.955,161.026,160.923,160.979,1037,11,0
1783010400,160.978,161.048,160.945,160.964,886,11,0
1783010700,160.965,160.971,160.899,160.955,851,11,0
1783011000,160.955,160.959,160.898,160.933,849,11,0
1783011300,160.929,160.941,160.849,160.849,771,11,0
1783011600,160.849,160.982,160.824,160.968,714,11,0
1783011900,160.969,160.981,160.85,160.869,879,11,0
1783012200,160.869,160.936,160.838,160.853,871,11,0
1783012500,160.854,160.918,160.832,160.902,789,11,0
1783012800,160.902,160.983,160.902,160.93,765,11,0
1783013100,160.931,161.057,160.921,161.044,767,11,0
1783013400,161.042,161.077,161.005,161.069,714,11,0
1783013700,161.069,161.084,161.013,161.035,728,11,0
1783014000,161.034,161.108,161.018,161.083,766,11,0
1783014300,161.078,161.113,161.041,161.045,806,11,0
1783014600,161.044,161.062,161.008,161.06,539,11,0
1783014900,161.061,161.061,160.996,161.036,628,11,0
1783015200,161.035,161.075,160.946,160.961,841,11,0
1783015500,160.96,160.998,160.909,160.919,819,11,0
1783015800,160.919,160.932,160.899,160.922,654,11,0
1783016100,160.923,160.949,160.917,160.917,657,11,0
1783016400,160.918,160.918,160.853,160.871,659,11,0
1783016700,160.87,160.896,160.824,160.891,599,11,0
1783017000,160.892,160.896,160.76,160.782,774,11,0
1783017300,160.782,160.798,160.753,160.792,656,11,0
1783017600,160.79,160.853,160.786,160.849,585,11,0
1783017900,160.848,160.902,160.847,160.901,518,11,0
1783018200,160.901,160.93,160.899,160.901,542,11,0
1783018500,160.897,160.917,160.866,160.903,629,11,0
1783018800,160.903,160.942,160.885,160.91,716,11,0
1783019100,160.911,160.967,160.909,160.965,727,11,0
1783019400,160.965,160.981,160.936,160.937,753,11,0
1783019700,160.937,160.985,160.934,160.983,509,11,0
1783020000,160.982,161.036,160.978,161.023,465,11,0
1783020300,161.022,161.071,161.003,161.06,572,11,0
1783020600,161.06,161.085,161.06,161.071,518,11,0
1783020900,161.069,161.078,161.048,161.062,626,11,0
1783021200,161.058,161.063,160.995,161.016,608,11,0
1783021500,161.017,161.024,160.971,160.98,541,11,0
1783021800,160.979,161.008,160.961,160.991,435,11,0
1783022100,160.989,160.997,160.937,160.978,571,11,0
1783022400,160.978,161.013,160.978,161.013,487,11,0
1783022700,161.013,161.036,160.99,161.033,337,11,0
1783023000,161.031,161.033,161.008,161.022,348,11,0
1783023300,161.022,161.067,161.022,161.064,420,11,0
1783023600,161.063,161.068,161.043,161.064,300,11,0
1783023900,161.064,161.117,161.063,161.107,286,11,0
1783024200,161.107,161.115,161.062,161.079,422,11,0
1783024500,161.08,161.108,161.07,161.108,215,11,0
1783024800,161.108,161.119,161.085,161.095,360,11,0
1783025100,161.095,161.118,161.07,161.102,260,11,0
1783025400,161.101,161.112,161.058,161.068,438,11,0
1783025700,161.067,161.085,161.058,161.066,439,11,0
1783026000,161.066,161.067,161.029,161.031,429,11,0
1783026300,161.03,161.032,161.012,161.018,361,11,0
1783026600,161.017,161.068,161.017,161.066,407,11,0
1783026900,161.066,161.097,161.051,161.083,373,11,0
1783027200,161.083,161.086,161.049,161.053,463,11,0
1783027500,161.054,161.072,161.037,161.07,479,11,0
1783027800,161.07,161.082,161.028,161.038,368,11,0
1783028100,161.038,161.055,161.028,161.038,272,11,0
1783028400,161.038,161.055,161.035,161.055,193,11,0
1783028700,161.055,161.064,161.046,161.049,342,11,0
1783029000,161.05,161.056,161.035,161.043,272,11,0
1783029300,161.044,161.055,161.04,161.043,198,11,0
1783029600,161.042,161.091,161.042,161.079,476,11,0
1783029900,161.077,161.09,161.059,161.059,343,11,0
1783030200,161.06,161.084,161.047,161.054,288,11,0
1783030500,161.053,161.082,161.053,161.076,231,11,0
1783030800,161.076,161.119,161.076,161.113,273,11,0
1783031100,161.112,161.118,161.103,161.114,198,11,0
1783031400,161.114,161.135,161.114,161.134,424,11,0
1783031700,161.134,161.166,161.133,161.158,330,11,0
1783032000,161.157,161.16,161.145,161.154,217,11,0
1783032300,161.155,161.162,161.148,161.154,236,11,0
1783032600,161.155,161.157,161.139,161.14,167,11,0
1783032900,161.139,161.139,161.113,161.12,244,11,0
1783033200,161.119,161.133,161.099,161.1,252,12,0
1783033500,161.1,161.109,161.091,161.092,210,11,0
1783033800,161.093,161.1,161.088,161.089,76,12,0
1783034100,161.088,161.094,161.087,161.087,103,11,0
1783034400,161.087,161.09,161.073,161.076,43,12,0
1783034700,161.077,161.08,161.062,161.071,77,11,0
1783035000,161.072,161.077,161.071,161.075,71,12,0
1783035300,161.075,161.103,161.074,161.103,98,12,0
1783035600,161.104,161.11,161.103,161.109,32,13,0
1783035900,161.109,161.109,161.097,161.108,111,13,0
1783036200,161.107,161.12,161.1,161.104,146,11,0
1783036500,161.106,161.126,161.038,161.082,228,11,0
1783036800,161.077,161.077,161.0,161.038,9,39,0
1783037100,161.038,161.038,161.017,161.021,8,101,0
1783037400,161.021,161.096,161.016,161.087,72,50,0
1783037700,161.087,161.099,161.023,161.057,47,52,0
1783038000,161.059,161.074,161.023,161.049,25,62,0
1783038300,161.049,161.085,161.043,161.085,27,60,0
1783038600,161.084,161.084,161.072,161.072,25,86,0
1783038900,161.071,161.113,161.066,161.112,183,71,0
1783039200,161.104,161.122,161.1,161.102,150,63,0
1783039500,161.093,161.107,161.068,161.095,53,70,0
1783039800,161.096,161.101,161.091,161.096,12,77,0
1783040100,161.096,161.097,161.054,161.06,63,80,0
1783040400,161.069,161.105,161.064,161.088,114,19,0
1783040700,161.088,161.102,161.086,161.099,17,16,0
1783041000,161.099,161.101,161.083,161.099,28,19,0
1783041300,161.099,161.125,161.099,161.112,101,14,0
1783041600,161.112,161.12,161.11,161.117,69,16,0
1783041900,161.117,161.137,161.116,161.136,61,18,0
1783042200,161.135,161.169,161.135,161.169,86,11,0
1783042500,161.168,161.196,161.162,161.192,108,14,0
1783042800,161.193,161.268,161.191,161.244,266,12,0
1783043100,161.245,161.266,161.23,161.259,99,14,0
1783043400,161.259,161.284,161.258,161.281,123,18,0
1783043700,161.28,161.294,161.243,161.251,180,16,0
1783044000,161.251,161.267,161.241,161.249,133,13,0
1783044300,161.249,161.26,161.23,161.258,118,12,0
1783044600,161.258,161.269,161.239,161.246,200,15,0
1783044900,161.246,161.252,161.231,161.232,127,14,0
1783045200,161.232,161.252,161.224,161.241,149,11,0
1783045500,161.242,161.252,161.237,161.251,160,16,0
1783045800,161.251,161.282,161.251,161.281,220,13,0
1783046100,161.281,161.337,161.281,161.322,151,11,0
1783046400,161.321,161.348,161.317,161.343,96,13,0
1783046700,161.343,161.375,161.333,161.374,239,11,0
1783047000,161.375,161.409,161.363,161.397,220,11,0
1783047300,161.396,161.46,161.396,161.449,318,13,0
1783047600,161.451,161.452,161.388,161.424,656,11,0
1783047900,161.424,161.462,161.424,161.452,488,11,0
1783048200,161.451,161.514,161.422,161.486,415,11,0
1783048500,161.487,161.489,161.445,161.445,450,11,0
1783048800,161.444,161.483,161.438,161.449,280,11,0
1783049100,161.449,161.455,161.427,161.439,354,11,0
1783049400,161.437,161.449,161.411,161.43,252,11,0
1783049700,161.43,161.43,161.393,161.399,535,11,0
1783050000,161.398,161.433,161.384,161.389,310,11,0
1783050300,161.388,161.389,161.355,161.374,434,11,0
1783050600,161.375,161.391,161.211,161.211,626,11,0
1783050900,161.242,161.294,161.179,161.184,662,11,0
1783051200,161.181,161.229,161.175,161.227,478,11,0
1783051500,161.228,161.266,161.219,161.224,482,11,0
1783051800,161.225,161.243,161.076,161.077,807,11,0
1783052100,161.077,161.092,160.946,160.955,783,11,0
1783052400,160.956,161.034,160.912,161.012,720,11,0
1783052700,161.012,161.097,161.001,161.096,472,11,0
1783053000,161.096,161.147,161.068,161.076,678,11,0
1783053300,161.075,161.181,161.071,161.17,435,13,0
1783053600,161.17,161.18,161.126,161.143,382,11,0
1783053900,161.142,161.231,161.142,161.208,364,12,0
1783054200,161.208,161.252,161.208,161.24,347,13,0
1783054500,161.241,161.247,161.217,161.228,434,11,0
1783054800,161.227,161.239,161.176,161.194,485,11,0
1783055100,161.193,161.198,161.136,161.141,375,11,0
1783055400,161.14,161.167,161.128,161.158,314,11,0
1783055700,161.158,161.172,161.114,161.131,226,12,0
1783056000,161.129,161.143,161.115,161.14,242,12,0
1783056300,161.141,161.167,161.138,161.145,366,13,0
1783056600,161.145,161.211,161.142,161.21,243,11,0
1783056900,161.21,161.221,161.188,161.189,232,12,0
1783057200,161.19,161.192,161.116,161.165,421,11,0
1783057500,161.165,161.166,161.139,161.158,362,11,0
1783057800,161.157,161.157,161.127,161.135,297,12,0
1783058100,161.136,161.189,161.123,161.165,376,12,0
1783058400,161.166,161.17,161.14,161.165,316,12,0
1783058700,161.166,161.201,161.161,161.193,250,13,0
1783059000,161.192,161.214,161.173,161.175,208,12,0
1783059300,161.176,161.197,161.174,161.192,282,13,0
1783059600,161.193,161.21,161.177,161.202,248,12,0
1783059900,161.203,161.211,161.188,161.19,232,11,0
1783060200,161.189,161.207,161.179,161.19,309,11,0
1783060500,161.191,161.193,161.165,161.187,279,12,0
1783060800,161.187,161.193,161.177,161.191,194,12,0
1783061100,161.19,161.192,161.159,161.164,250,11,0
1783061400,161.165,161.166,161.137,161.154,252,11,0
1783061700,161.154,161.173,161.148,161.165,178,13,0
1783062000,161.165,161.181,161.161,161.176,290,12,0
1783062300,161.177,161.204,161.167,161.194,251,11,0
1783062600,161.193,161.195,161.168,161.174,351,11,0
1783062900,161.173,161.193,161.165,161.18,349,11,0
1783063200,161.18,161.192,161.17,161.178,232,13,0
1783063500,161.179,161.184,161.156,161.168,229,11,0
1783063800,161.169,161.201,161.164,161.189,209,12,0
1783064100,161.189,161.194,161.174,161.189,188,11,0
1783064400,161.189,161.191,161.167,161.177,235,11,0
1783064700,161.176,161.186,161.163,161.179,235,12,0
1783065000,161.181,161.188,161.154,161.184,193,11,0
1783065300,161.184,161.19,161.12,161.122,263,11,0
1783065600,161.121,161.122,161.048,161.06,448,11,0
1783065900,161.06,161.065,160.973,161.01,527,11,0
1783066200,161.014,161.084,161.014,161.052,255,11,0
1783066500,161.051,161.054,160.995,161.051,368,11,0
1783066800,161.051,161.079,161.049,161.063,232,11,0
1783067100,161.062,161.073,161.048,161.062,261,11,0
1783067400,161.063,161.067,161.038,161.06,285,11,0
1783067700,161.059,161.093,161.053,161.089,279,11,0
1783068000,161.089,161.142,161.079,161.122,399,12,0
1783068300,161.122,161.132,161.118,161.129,303,12,0
1783068600,161.13,161.143,161.119,161.132,251,11,0
1783068900,161.133,161.173,161.133,161.155,253,11,0
1783069200,161.154,161.156,161.089,161.09,400,11,0
1783069500,161.09,161.091,161.033,161.043,536,11,0
1783069800,161.042,161.086,161.041,161.044,325,11,0
1783070100,161.046,161.049,160.942,160.991,486,11,0
1783070400,160.991,161.041,160.99,161.04,344,11,0
1783070700,161.041,161.041,160.963,160.98,384,11,0
1783071000,160.981,161.009,160.471,160.624,931,11,0
1783071300,160.625,160.864,160.623,160.749,843,11,0
1783071600,160.748,160.812,160.725,160.753,405,11,0
1783071900,160.753,160.781,160.633,160.7,600,11,0
1783072200,160.699,160.8,160.698,160.773,579,11,0
1783072500,160.773,160.88,160.762,160.866,504,11,0
1783072800,160.873,160.918,160.811,160.846,705,11,0
1783073100,160.853,160.872,160.804,160.806,473,11,0
1783073400,160.806,160.822,160.724,160.735,643,11,0
1783073700,160.738,160.815,160.735,160.815,560,11,0
1783074000,160.816,160.864,160.81,160.813,369,11,0
1783074300,160.814,160.825,160.708,160.739,664,11,0
1783074600,160.738,160.894,160.733,160.885,619,11,0
1783074900,160.886,160.978,160.868,160.978,381,11,0
1783075200,160.978,160.991,160.887,160.909,474,11,0
1783075500,160.91,160.944,160.897,160.912,498,11,0
1783075800,160.911,160.912,160.747,160.77,575,11,0
1783076100,160.769,160.805,160.745,160.792,538,11,0
1783076400,160.794,160.863,160.766,160.855,402,11,0
1783076700,160.855,160.865,160.811,160.845,400,11,0
1783077000,160.844,160.897,160.844,160.853,311,11,0
1783077300,160.853,160.887,160.853,160.884,214,12,0
1783077600,160.885,160.892,160.862,160.886,234,11,0
1783077900,160.885,160.888,160.816,160.857,266,11,0
1783078200,160.857,160.928,160.857,160.896,278,11,0
1783078500,160.897,160.928,160.859,160.928,211,11,0
1783078800,160.928,160.931,160.901,160.916,276,11,0
1783079100,160.916,160.95,160.916,160.947,268,12,0
1783079400,160.947,160.995,160.947,160.979,264,13,0
1783079700,160.978,161.031,160.974,161.029,195,11,0
1783080000,161.029,161.06,161.014,161.045,288,11,0
1783080300,161.045,161.05,160.99,161.01,279,11,0
1783080600,161.01,161.017,160.959,160.962,236,12,0
1783080900,160.961,160.985,160.956,160.974,209,11,0
1783081200,160.976,161.005,160.97,161.004,179,11,0
1783081500,161.005,161.056,161.004,161.04,255,11,0
1783081800,161.041,161.043,161.028,161.028,187,12,0
1783082100,161.027,161.031,161.012,161.016,204,11,0
1783082400,161.016,161.033,161.012,161.028,167,12,0
1783082700,161.028,161.046,161.026,161.044,167,11,0
1783083000,161.043,161.081,161.042,161.075,223,11,0
1783083300,161.075,161.123,161.066,161.12,306,11,0
1783083600,161.12,161.161,161.115,161.148,313,11,0
1783083900,161.147,161.16,161.105,161.113,334,11,0
1783084200,161.113,161.124,161.1,161.12,209,11,0
1783084500,161.117,161.131,161.109,161.129,282,12,0
1783084800,161.127,161.127,161.101,161.115,191,12,0
1783085100,161.115,161.133,161.114,161.122,160,11,0
1783085400,161.126,161.139,161.121,161.128,230,11,0
1783085700,161.129,161.149,161.113,161.119,220,11,0
1783086000,161.119,161.138,161.114,161.128,182,11,0
1783086300,161.129,161.129,161.101,161.101,152,12,0
1783086600,161.101,161.113,161.087,161.092,218,11,0
1783086900,161.094,161.094,161.067,161.088,169,11,0
1783087200,161.089,161.121,161.085,161.103,312,11,0
1783087500,161.103,161.103,161.079,161.079,253,11,0
1783087800,161.079,161.083,161.048,161.064,368,11,0
1783088100,161.065,161.083,161.062,161.066,354,12,0
1783088400,161.065,161.076,161.053,161.065,262,11,0
1783088700,161.066,161.097,161.065,161.096,173,11,0
1783089000,161.096,161.131,161.095,161.128,201,11,0
1783089300,161.129,161.132,161.101,161.117,149,11,0
1783089600,161.117,161.133,161.115,161.127,148,13,0
1783089900,161.126,161.153,161.116,161.14,186,11,0
1783090200,161.141,161.147,161.119,161.123,213,11,0
1783090500,161.122,161.143,161.105,161.112,405,11,0
1783090800,161.112,161.133,161.1,161.13,391,11,0
1783091100,161.131,161.143,161.113,161.134,367,11,0
1783091400,161.134,161.14,161.119,161.13,285,11,0
1783091700,161.129,161.141,161.126,161.139,279,11,0
1783092000,161.14,161.144,161.131,161.14,298,11,0
1783092300,161.14,161.142,161.121,161.124,271,11,0
1783092600,161.125,161.138,161.115,161.124,236,11,0
1783092900,161.125,161.133,161.113,161.114,168,11,0
1783093200,161.114,161.13,161.105,161.126,313,12,0
1783093500,161.127,161.13,161.104,161.121,284,12,0
1783093800,161.121,161.133,161.116,161.122,198,12,0
1783094100,161.121,161.165,161.12,161.165,270,11,0
1783094400,161.165,161.191,161.163,161.189,269,11,0
1783094700,161.189,161.234,161.189,161.226,278,11,0
1783095000,161.226,161.268,161.226,161.245,351,11,0
1783095300,161.246,161.253,161.234,161.236,227,11,0
1783095600,161.237,161.248,161.221,161.229,267,11,0
1783095900,161.23,161.233,161.188,161.202,293,11,0
1783096200,161.203,161.248,161.203,161.236,308,11,0
1783096500,161.235,161.241,161.221,161.237,234,11,0
1783096800,161.234,161.249,161.232,161.244,285,12,0
1783097100,161.243,161.247,161.234,161.239,204,11,0
1783097400,161.239,161.264,161.227,161.262,191,11,0
1783097700,161.261,161.264,161.241,161.247,352,11,0
1783098000,161.248,161.271,161.248,161.265,306,11,0
1783098300,161.265,161.265,161.242,161.243,247,11,0
1783098600,161.243,161.25,161.228,161.24,268,11,0
1783098900,161.244,161.244,161.224,161.234,268,12,0
1783099200,161.233,161.236,161.209,161.224,398,11,0
1783099500,161.224,161.225,161.205,161.213,297,11,0
1783099800,161.214,161.223,161.201,161.218,234,11,0
1783100100,161.218,161.238,161.215,161.231,177,11,0
1783100400,161.231,161.24,161.225,161.235,224,11,0
1783100700,161.235,161.235,161.219,161.225,211,12,0
1783101000,161.225,161.234,161.221,161.23,277,12,0
1783101300,161.231,161.287,161.231,161.286,428,11,0
1783101600,161.286,161.338,161.269,161.332,469,11,0
1783101900,161.333,161.336,161.288,161.296,309,11,0
1783102200,161.295,161.3,161.28,161.288,272,11,0
1783102500,161.289,161.298,161.266,161.295,270,12,0
1783102800,161.294,161.311,161.294,161.299,134,11,0
1783103100,161.299,161.312,161.269,161.273,225,11,0
1783103400,161.272,161.301,161.271,161.296,233,11,0
1783103700,161.297,161.298,161.281,161.298,191,11,0
1783104000,161.299,161.299,161.282,161.298,123,12,0
1783104300,161.297,161.299,161.285,161.288,106,12,0
1783104600,161.289,161.304,161.289,161.297,217,13,0
1783104900,161.297,161.325,161.297,161.313,227,12,0
1783105200,161.312,161.323,161.3,161.319,160,13,0
1783105500,161.319,161.332,161.307,161.31,173,11,0
1783105800,161.31,161.335,161.307,161.33,116,11,0
1783106100,161.329,161.358,161.329,161.34,116,12,0
1783106400,161.34,161.351,161.333,161.35,169,12,0
1783106700,161.351,161.358,161.346,161.354,97,12,0
1783107000,161.355,161.367,161.351,161.364,231,11,0
1783107300,161.365,161.388,161.365,161.374,180,12,0
1783107600,161.372,161.386,161.371,161.383,128,11,0
1783107900,161.383,161.383,161.358,161.362,107,13,0
1783108200,161.36,161.366,161.348,161.35,148,11,0
1783108500,161.35,161.353,161.337,161.344,106,11,0
1783108800,161.344,161.344,161.292,161.333,513,11,0
1783109100,161.333,161.344,161.32,161.341,442,13,0
1783109400,161.341,161.35,161.33,161.334,438,14,0
1783109700,161.333,161.339,161.309,161.317,591,12,0
1783110000,161.317,161.329,161.317,161.324,760,12,0
1783110300,161.323,161.327,161.306,161.312,594,12,0
1783110600,161.313,161.327,161.307,161.318,486,12,0
1783110900,161.317,161.327,161.271,161.285,1134,11,0
1783111200,161.286,161.299,161.283,161.299,121,15,0
1783111500,161.299,161.301,161.277,161.286,311,15,0
1783111800,161.286,161.293,161.281,161.286,555,14,0
1783112100,161.287,161.301,161.274,161.296,255,15,0
1783112400,161.296,161.31,161.283,161.306,355,13,0
1783112700,161.307,161.321,161.306,161.319,520,12,0
1783113000,161.32,161.331,161.313,161.315,312,16,0
1783113300,161.316,161.33,161.313,161.322,333,16,0
1783113600,161.322,161.324,161.307,161.318,185,12,0
1783113900,161.319,161.32,161.312,161.316,181,18,0
1783114200,161.317,161.321,161.313,161.316,444,15,0
1783114500,161.315,161.321,161.312,161.314,538,12,0
1783114800,161.315,161.328,161.314,161.32,407,13,0
1783115100,161.321,161.337,161.321,161.335,58,11,0
1783115400,161.335,161.343,161.335,161.338,23,13,0
1783115700,161.338,161.351,161.331,161.347,80,11,0
1783116000,161.35,161.355,161.334,161.335,172,15,0
1783116300,161.336,161.348,161.332,161.334,86,11,0
1783116600,161.334,161.346,161.334,161.346,163,14,0
1783116900,161.345,161.348,161.339,161.347,135,14,0
1783117200,161.348,161.349,161.344,161.346,67,14,0
1783117500,161.347,161.351,161.341,161.348,87,15,0
1783117800,161.349,161.356,161.344,161.351,100,14,0
1783118100,161.352,161.369,161.349,161.367,142,15,0
1783118400,161.367,161.371,161.362,161.365,97,13,0
1783118700,161.362,161.362,161.341,161.345,145,13,0
1783119000,161.344,161.358,161.344,161.358,68,16,0
1783119300,161.361,161.362,161.349,161.356,132,15,0
1783119600,161.355,161.374,161.354,161.374,208,14,0
1783119900,161.374,161.376,161.347,161.355,226,14,0
1783120200,161.356,161.368,161.353,161.367,242,16,0
1783120500,161.365,161.373,161.358,161.361,359,16,0
1783120800,161.361,161.37,161.351,161.362,342,13,0
1783121100,161.362,161.38,161.358,161.376,263,16,0
1783121400,161.377,161.377,161.316,161.344,693,16,0
1783121700,161.348,161.364,161.33,161.355,245,16,0
1783122000,161.355,161.374,161.337,161.36,141,18,0
1783122300,161.357,161.405,161.334,161.344,547,28,0
1783122600,161.323,161.379,161.323,161.342,399,25,0
1783122900,161.314,161.358,161.314,161.345,116,33,0
1783296000,161.258,161.263,161.258,161.258,5,103,0
1783296300,161.255,161.263,161.255,161.261,8,98,0
1783296600,161.263,161.269,161.263,161.269,9,95,0
1783296900,161.268,161.271,161.267,161.269,17,88,0
1783297200,161.269,161.27,161.269,161.27,5,88,0
1783297500,161.27,161.27,161.265,161.27,5,92,0
1783297800,161.27,161.273,161.27,161.273,5,98,0
1783298100,161.273,161.273,161.266,161.271,26,84,0
1783298400,161.271,161.272,161.271,161.272,6,86,0
1783298700,161.262,161.273,161.262,161.273,8,85,0
1783299000,161.271,161.276,161.263,161.263,12,92,0
1783299300,161.262,161.276,161.259,161.275,58,95,0
1783299600,161.276,161.37,161.257,161.369,299,20,0
1783299900,161.37,161.468,161.369,161.419,140,18,0
1783300200,161.42,161.439,161.395,161.398,1166,11,0
1783300500,161.398,161.409,161.393,161.398,127,11,0
1783300800,161.397,161.411,161.385,161.389,172,11,0
1783301100,161.39,161.413,161.386,161.398,128,14,0
1783301400,161.398,161.403,161.396,161.399,226,16,0
1783301700,161.399,161.401,161.384,161.399,452,15,0
1783302000,161.4,161.411,161.396,161.411,519,14,0
1783302300,161.411,161.411,161.398,161.4,512,16,0
1783302600,161.399,161.411,161.395,161.411,272,16,0
1783302900,161.411,161.414,161.405,161.409,383,16,0
1783303200,161.409,161.468,161.409,161.46,140,12,0
1783303500,161.459,161.464,161.442,161.461,151,13,0
1783303800,161.46,161.464,161.447,161.461,117,15,0
1783304100,161.462,161.487,161.459,161.483,129,12,0
1783304400,161.484,161.498,161.47,161.491,92,11,0
1783304700,161.491,161.492,161.445,161.463,156,11,0
1783305000,161.463,161.475,161.45,161.453,169,12,0
1783305300,161.453,161.479,161.45,161.467,89,12,0
1783305600,161.466,161.468,161.449,161.452,126,13,0
1783305900,161.453,161.453,161.412,161.428,326,11,0
1783306200,161.428,161.468,161.427,161.464,176,11,0
1783306500,161.464,161.467,161.44,161.452,190,14,0
1783306800,161.453,161.529,161.452,161.526,571,11,0
1783307100,161.527,161.581,161.518,161.579,378,11,0
1783307400,161.579,161.58,161.531,161.532,373,11,0
1783307700,161.531,161.533,161.451,161.505,560,11,0
1783308000,161.505,161.535,161.49,161.523,332,12,0
1783308300,161.522,161.535,161.492,161.493,454,11,0
1783308600,161.492,161.507,161.469,161.501,548,11,0
1783308900,161.501,161.538,161.5,161.532,412,11,0
1783309200,161.532,161.538,161.51,161.519,349,11,0
1783309500,161.518,161.599,161.511,161.571,499,11,0
1783309800,161.572,161.597,161.534,161.534,787,11,0
1783310100,161.532,161.559,161.463,161.527,582,11,0
1783310400,161.527,161.57,161.524,161.562,404,11,0
1783310700,161.563,161.575,161.532,161.558,442,11,0
1783311000,161.558,161.613,161.532,161.593,471,11,0
1783311300,161.593,161.646,161.593,161.643,438,11,0
1783311600,161.642,161.722,161.638,161.71,464,11,0
1783311900,161.711,161.767,161.71,161.762,524,11,0
1783312200,161.761,161.766,161.7,161.73,487,11,0
1783312500,161.729,161.729,161.694,161.7,312,11,0
1783312800,161.699,161.719,161.695,161.699,242,12,0
1783313100,161.699,161.751,161.698,161.751,272,11,0
1783313400,161.75,161.768,161.737,161.754,314,11,0
1783313700,161.753,161.808,161.753,161.805,370,11,0
1783314000,161.806,161.809,161.773,161.789,377,11,0
1783314300,161.788,161.834,161.784,161.827,278,11,0
1783314600,161.827,161.844,161.816,161.823,348,11,0
1783314900,161.824,161.831,161.777,161.792,446,11,0
1783315200,161.792,161.803,161.781,161.801,377,11,0
1783315500,161.802,161.804,161.783,161.79,272,11,0
1783315800,161.789,161.803,161.787,161.792,312,11,0
1783316100,161.791,161.819,161.788,161.795,310,11,0
1783316400,161.796,161.814,161.789,161.792,237,11,0
1783316700,161.791,161.8,161.773,161.777,273,11,0
1783317000,161.776,161.792,161.742,161.759,289,11,0
1783317300,161.758,161.766,161.748,161.766,190,11,0
1783317600,161.767,161.775,161.756,161.77,209,12,0
1783317900,161.769,161.774,161.76,161.767,147,11,0
1783318200,161.768,161.796,161.765,161.792,244,11,0
1783318500,161.793,161.812,161.792,161.799,245,11,0
1783318800,161.8,161.817,161.779,161.808,207,11,0
1783319100,161.808,161.82,161.803,161.817,185,12,0
1783319400,161.817,161.828,161.813,161.817,213,12,0
1783319700,161.817,161.817,161.791,161.795,235,11,0
1783320000,161.794,161.805,161.788,161.79,242,11,0
1783320300,161.79,161.809,161.788,161.806,160,11,0
1783320600,161.805,161.817,161.8,161.816,106,11,0
1783320900,161.815,161.854,161.813,161.834,203,11,0
1783321200,161.836,161.843,161.826,161.84,191,11,0
1783321500,161.841,161.842,161.815,161.827,175,11,0
1783321800,161.828,161.828,161.803,161.817,226,11,0
1783322100,161.816,161.831,161.802,161.829,138,11,0
1783322400,161.829,161.834,161.827,161.832,124,11,0
1783322700,161.832,161.843,161.828,161.843,144,11,0
1783323000,161.842,161.844,161.83,161.836,127,12,0
1783323300,161.836,161.871,161.836,161.869,130,11,0
1783323600,161.869,161.928,161.866,161.908,280,11,0
1783323900,161.908,161.937,161.908,161.918,247,11,0
1783324200,161.918,161.935,161.91,161.921,205,12,0
1783324500,161.92,161.932,161.908,161.932,203,11,0
1783324800,161.933,161.938,161.91,161.934,308,11,0
1783325100,161.933,161.983,161.933,161.97,272,11,0
1783325400,161.969,161.972,161.878,161.933,485,11,0
1783325700,161.933,161.959,161.932,161.951,280,11,0
1783326000,161.95,161.959,161.938,161.948,143,11,0
1783326300,161.949,161.963,161.944,161.95,166,11,0
1783326600,161.952,161.959,161.933,161.95,244,11,0
1783326900,161.951,161.952,161.932,161.935,210,12,0
1783327200,161.934,161.941,161.932,161.94,164,11,0
1783327500,161.939,161.972,161.939,161.972,125,11,0
1783327800,161.972,161.988,161.962,161.969,246,11,0
1783328100,161.969,162.079,161.968,162.072,522,11,0
1783328400,162.069,162.091,162.022,162.081,577,11,0
1783328700,162.08,162.148,162.047,162.062,725,11,0
1783329000,162.061,162.123,162.056,162.121,444,11,0
1783329300,162.12,162.267,162.118,162.195,553,11,0
1783329600,162.194,162.2,162.116,162.15,783,11,0
1783329900,162.152,162.198,162.152,162.172,649,11,0
1783330200,162.174,162.205,162.113,162.14,841,11,0
1783330500,162.141,162.18,162.131,162.155,635,11,0
1783330800,162.155,162.167,162.108,162.108,622,11,0
1783331100,162.109,162.167,162.103,162.165,558,11,0
1783331400,162.166,162.204,162.155,162.197,377,11,0
1783331700,162.198,162.301,162.193,162.246,691,11,0
1783332000,162.247,162.308,162.223,162.244,914,11,0
1783332300,162.245,162.309,162.236,162.276,704,11,0
1783332600,162.276,162.291,162.231,162.232,658,11,0
1783332900,162.233,162.258,162.216,162.248,563,11,0
1783333200,162.249,162.284,162.244,162.272,503,11,0
1783333500,162.273,162.299,162.251,162.259,474,11,0
1783333800,162.26,162.261,162.154,162.191,665,11,0
1783334100,162.192,162.212,162.182,162.19,404,11,0
1783334400,162.191,162.205,162.156,162.168,654,11,0
1783334700,162.168,162.195,162.15,162.176,437,11,0
1783335000,162.177,162.197,162.157,162.168,404,11,0
1783335300,162.169,162.194,162.149,162.152,434,11,0
1783335600,162.153,162.266,162.152,162.235,523,11,0
1783335900,162.235,162.272,162.204,162.272,409,11,0
1783336200,162.272,162.287,162.242,162.244,463,11,0
1783336500,162.241,162.241,162.205,162.231,487,11,0
1783336800,162.232,162.249,162.225,162.249,328,11,0
1783337100,162.248,162.249,162.22,162.222,222,11,0
1783337400,162.222,162.258,162.221,162.251,294,11,0
1783337700,162.251,162.255,162.231,162.249,184,11,0
1783338000,162.248,162.249,162.225,162.243,254,11,0
1783338300,162.242,162.26,162.235,162.245,234,11,0
1783338600,162.245,162.257,162.229,162.238,250,11,0
1783338900,162.238,162.256,162.235,162.241,197,11,0
1783339200,162.242,162.25,162.222,162.238,319,11,0
1783339500,162.239,162.257,162.236,162.248,289,11,0
1783339800,162.249,162.293,162.249,162.274,408,11,0
1783340100,162.274,162.282,162.251,162.276,285,11,0
1783340400,162.275,162.287,162.265,162.275,206,11,0
1783340700,162.276,162.294,162.264,162.284,230,11,0
1783341000,162.284,162.294,162.267,162.268,233,11,0
1783341300,162.269,162.276,162.253,162.264,265,11,0
1783341600,162.263,162.267,162.247,162.265,232,11,0
1783341900,162.266,162.294,162.263,162.294,207,11,0
1783342200,162.294,162.342,162.278,162.325,286,11,0
1783342500,162.325,162.325,162.301,162.324,269,11,0
1783342800,162.324,162.401,162.313,162.358,518,11,0
1783343100,162.358,162.369,162.325,162.341,407,11,0
1783343400,162.342,162.344,162.248,162.252,403,11,0
1783343700,162.25,162.305,162.25,162.276,476,11,0
1783344000,162.276,162.294,162.271,162.291,356,11,0
1783344300,162.291,162.334,162.291,162.332,229,11,0
1783344600,162.333,162.343,162.318,162.322,291,11,0
1783344900,162.322,162.335,162.297,162.315,330,11,0
1783345200,162.315,162.324,162.302,162.305,304,11,0
1783345500,162.306,162.315,162.299,162.315,282,11,0
1783345800,162.315,162.317,162.294,162.294,310,11,0
1783346100,162.295,162.317,162.295,162.302,222,11,0
1783346400,162.301,162.317,162.301,162.312,285,11,0
1783346700,162.312,162.312,162.288,162.289,242,11,0
1783347000,162.29,162.299,162.277,162.297,259,11,0
1783347300,162.296,162.302,162.293,162.294,151,11,0
1783347600,162.294,162.311,162.293,162.305,149,11,0
1783347900,162.306,162.309,162.278,162.29,223,11,0
1783348200,162.289,162.302,162.284,162.299,239,11,0
1783348500,162.299,162.316,162.299,162.314,190,11,0
1783348800,162.313,162.317,162.304,162.312,175,11,0
1783349100,162.311,162.329,162.297,162.329,178,11,0
1783349400,162.33,162.344,162.326,162.335,250,11,0
1783349700,162.335,162.349,162.318,162.327,307,11,0
1783350000,162.327,162.343,162.304,162.309,376,11,0
1783350300,162.309,162.335,162.298,162.327,332,11,0
1783350600,162.328,162.338,162.314,162.315,289,11,0
1783350900,162.313,162.321,162.303,162.314,313,11,0
1783351200,162.315,162.337,162.313,162.334,372,11,0
1783351500,162.333,162.343,162.325,162.338,244,11,0
1783351800,162.339,162.363,162.318,162.358,298,11,0
1783352100,162.358,162.377,162.354,162.366,284,11,0
1783352400,162.367,162.404,162.365,162.381,300,11,0
1783352700,162.382,162.389,162.357,162.367,335,11,0
1783353000,162.366,162.373,162.35,162.361,284,11,0
1783353300,162.361,162.421,162.36,162.392,391,11,0
1783353600,162.391,162.414,162.387,162.392,555,11,0
1783353900,162.393,162.393,162.37,162.373,242,11,0
1783354200,162.373,162.381,162.305,162.358,382,11,0
1783354500,162.357,162.358,162.328,162.338,370,11,0
1783354800,162.338,162.351,162.306,162.319,338,11,0
1783355100,162.321,162.337,162.318,162.332,308,11,0
1783355400,162.331,162.359,162.317,162.354,544,11,0
1783355700,162.354,162.379,162.338,162.353,381,11,0
1783356000,162.352,162.359,162.334,162.353,431,11,0
1783356300,162.352,162.383,162.343,162.344,358,11,0
1783356600,162.345,162.346,162.317,162.33,378,11,0
1783356900,162.33,162.341,162.325,162.329,307,11,0
1783357200,162.332,162.354,162.296,162.31,492,11,0
1783357500,162.311,162.311,162.275,162.304,523,11,0
1783357800,162.304,162.315,162.268,162.274,344,11,0
1783358100,162.273,162.295,162.273,162.29,386,11,0
1783358400,162.289,162.304,162.283,162.303,359,11,0
1783358700,162.302,162.305,162.289,162.293,343,11,0
1783359000,162.292,162.307,162.286,162.289,237,11,0
1783359300,162.289,162.349,162.289,162.349,230,11,0
1783359600,162.353,162.353,162.329,162.33,305,11,0
1783359900,162.329,162.345,162.314,162.345,240,11,0
1783360200,162.345,162.347,162.323,162.34,300,11,0
1783360500,162.344,162.377,162.341,162.353,634,11,0
1783360800,162.352,162.363,162.297,162.307,519,11,0
1783361100,162.306,162.323,162.287,162.307,285,11,0
1783361400,162.308,162.336,162.307,162.324,267,11,0
1783361700,162.323,162.339,162.306,162.335,317,11,0
1783362000,162.334,162.337,162.321,162.335,236,11,0
1783362300,162.334,162.345,162.327,162.331,142,11,0
1783362600,162.332,162.347,162.324,162.33,208,11,0
1783362900,162.329,162.336,162.315,162.315,167,11,0
1783363200,162.316,162.316,162.285,162.289,235,11,0
1783363500,162.289,162.296,162.281,162.292,196,11,0
1783363800,162.292,162.297,162.281,162.281,126,11,0
1783364100,162.281,162.292,162.267,162.278,153,11,0
1783364400,162.278,162.31,162.278,162.306,162,11,0
1783364700,162.306,162.306,162.29,162.292,166,11,0
1783365000,162.293,162.293,162.274,162.281,118,11,0
1783365300,162.282,162.283,162.254,162.26,168,11,0
1783365600,162.259,162.267,162.249,162.253,219,11,0
1783365900,162.252,162.253,162.233,162.236,134,11,0
1783366200,162.236,162.262,162.236,162.262,208,11,0
1783366500,162.261,162.267,162.261,162.262,129,11,0
1783366800,162.261,162.277,162.261,162.273,115,11,0
1783367100,162.271,162.297,162.267,162.292,149,11,0
1783367400,162.29,162.29,162.255,162.258,155,11,0
1783367700,162.257,162.282,162.252,162.255,188,11,0
1783368000,162.254,162.266,162.245,162.258,246,11,0
1783368300,162.258,162.26,162.252,162.258,115,12,0
1783368600,162.258,162.259,162.247,162.247,130,11,0
1783368900,162.248,162.256,162.24,162.243,124,11,0
1783369200,162.243,162.245,162.2,162.201,174,12,0
1783369500,162.2,162.202,162.164,162.189,263,11,0
1783369800,162.189,162.201,162.186,162.191,193,11,0
1783370100,162.189,162.204,162.166,162.178,184,11,0
1783370400,162.178,162.181,162.138,162.147,245,11,0
1783370700,162.148,162.151,162.14,162.141,206,12,0
1783371000,162.14,162.157,162.138,162.154,139,11,0
1783371300,162.154,162.169,162.152,162.169,108,12,0
1783371600,162.169,162.171,162.154,162.156,155,11,0
1783371900,162.156,162.182,162.156,162.164,125,11,0
1783372200,162.164,162.168,162.153,162.155,124,11,0
1783372500,162.155,162.155,162.131,162.143,114,11,0
1783372800,162.143,162.145,162.132,162.132,82,11,0
1783373100,162.132,162.141,162.127,162.137,112,11,0
1783373400,162.137,162.157,162.113,162.116,150,11,0
1783373700,162.116,162.119,162.103,162.113,198,11,0
1783374000,162.112,162.116,162.095,162.1,132,11,0
1783374300,162.101,162.126,162.049,162.054,278,11,0
1783374600,162.055,162.062,162.017,162.048,338,11,0
1783374900,162.048,162.056,162.013,162.04,482,11,0
1783375200,162.041,162.078,162.041,162.051,302,11,0
1783375500,162.052,162.094,162.049,162.093,209,11,0
1783375800,162.093,162.093,162.065,162.077,211,11,0
1783376100,162.078,162.086,162.073,162.078,171,11,0
1783376400,162.078,162.104,162.078,162.101,198,12,0
1783376700,162.101,162.106,162.091,162.103,191,11,0
1783377000,162.102,162.103,162.063,162.065,188,11,0
1783377300,162.064,162.078,162.033,162.073,254,11,0
1783377600,162.073,162.109,162.065,162.1,278,11,0
1783377900,162.1,162.1,162.066,162.078,180,11,0
1783378200,162.078,162.079,162.051,162.054,274,11,0
1783378500,162.052,162.072,162.026,162.047,460,11,0
1783378800,162.047,162.051,162.026,162.034,174,11,0
1783379100,162.034,162.052,162.027,162.051,85,12,0
1783379400,162.051,162.088,162.051,162.083,146,11,0
1783379700,162.083,162.093,162.076,162.086,95,11,0
1783380000,162.086,162.093,162.073,162.078,48,11,0
1783380300,162.078,162.08,162.04,162.066,150,11,0
1783380600,162.065,162.079,162.057,162.079,145,11,0
1783380900,162.081,162.104,162.081,162.092,95,11,0
1783381200,162.091,162.102,162.086,162.087,554,13,0
1783381500,162.089,162.106,162.088,162.097,221,12,0
1783381800,162.091,162.097,162.073,162.088,174,12,0
1783382100,162.087,162.088,162.058,162.065,160,15,0
1783382400,162.069,162.069,161.993,162.04,10,35,0
1783382700,162.04,162.052,162.021,162.052,21,62,0
1783383000,162.049,162.055,162.045,162.05,14,62,0
1783383300,162.048,162.05,162.048,162.05,5,65,0
1783383600,162.05,162.051,162.048,162.051,6,64,0
1783383900,162.051,162.051,162.048,162.048,5,73,0
1783384200,162.048,162.061,162.046,162.046,41,57,0
1783384500,162.047,162.071,162.046,162.067,195,59,0
1783384800,162.067,162.076,162.064,162.069,175,50,0
1783385100,162.068,162.111,162.013,162.058,279,54,0
1783385400,162.058,162.087,162.056,162.075,270,48,0
1783385700,162.077,162.078,162.052,162.057,116,51,0
1783386000,162.057,162.072,162.03,162.058,52,14,0
1783386300,162.058,162.059,162.053,162.057,23,16,0
1783386600,162.058,162.06,162.044,162.059,298,15,0
1783386900,162.06,162.062,162.046,162.059,118,14,0
1783387200,162.06,162.087,162.055,162.074,109,12,0
1783387500,162.073,162.076,162.06,162.075,52,15,0
1783387800,162.075,162.077,162.06,162.072,70,17,0
1783388100,162.073,162.078,162.072,162.072,48,18,0
1783388400,162.071,162.077,162.071,162.076,48,17,0
1783388700,162.075,162.076,162.06,162.062,46,12,0
1783389000,162.059,162.065,162.058,162.062,35,16,0
1783389300,162.062,162.065,162.054,162.063,37,15,0
1783389600,162.06,162.06,161.995,162.001,175,12,0
1783389900,162.002,162.038,162.001,162.013,112,11,0
1783390200,162.013,162.029,162.013,162.026,100,14,0
1783390500,162.025,162.028,162.014,162.019,106,13,0
1783390800,162.017,162.025,162.008,162.024,71,12,0
1783391100,162.024,162.027,162.02,162.026,54,13,0
1783391400,162.026,162.028,162.006,162.013,72,13,0
1783391700,162.014,162.051,162.013,162.048,111,11,0
1783392000,162.048,162.068,162.047,162.06,113,11,0
1783392300,162.061,162.061,162.046,162.057,138,12,0
1783392600,162.057,162.089,162.053,162.077,197,12,0
1783392900,162.078,162.102,162.076,162.088,129,13,0
1783393200,162.089,162.106,162.072,162.093,348,11,0
1783393500,162.093,162.118,162.088,162.105,229,11,0
1783393800,162.105,162.123,162.098,162.122,231,11,0
1783394100,162.124,162.156,162.122,162.154,244,11,0
1783394400,162.154,162.175,162.151,162.169,303,11,0
1783394700,162.168,162.17,162.157,162.163,258,12,0
1783395000,162.162,162.165,162.139,162.146,193,11,0
1783395300,162.145,162.153,162.134,162.152,280,11,0
1783395600,162.153,162.161,162.135,162.142,268,11,0
1783395900,162.142,162.154,162.117,162.154,351,11,0
1783396200,162.154,162.17,162.085,162.091,620,11,0
1783396500,162.09,162.125,162.078,162.124,422,11,0
1783396800,162.125,162.136,162.1,162.118,321,11,0
1783397100,162.118,162.123,162.107,162.118,284,11,0
1783397400,162.118,162.14,162.112,162.123,204,11,0
1783397700,162.123,162.126,162.101,162.112,264,11,0
1783398000,162.113,162.114,162.062,162.087,315,11,0
1783398300,162.087,162.091,162.017,162.018,260,11,0
1783398600,162.017,162.018,161.681,161.89,922,11,0
1783398900,161.891,161.959,161.878,161.959,320,11,0
1783399200,161.959,161.97,161.936,161.969,251,11,0
1783399500,161.968,161.97,161.822,161.852,527,11,0
1783399800,161.85,161.867,161.77,161.783,732,11,0
1783400100,161.782,161.87,161.773,161.866,416,11,0
1783400400,161.867,161.884,161.788,161.79,511,11,0
1783400700,161.789,161.869,161.788,161.859,306,11,0
1783401000,161.86,161.874,161.834,161.865,231,11,0
1783401300,161.864,161.882,161.841,161.878,308,11,0
1783401600,161.878,161.904,161.864,161.866,259,11,0
1783401900,161.865,161.906,161.861,161.905,206,11,0
1783402200,161.905,161.92,161.891,161.894,150,11,0
1783402500,161.894,161.895,161.861,161.878,307,11,0
1783402800,161.877,161.895,161.868,161.891,229,11,0
1783403100,161.896,161.906,161.894,161.905,143,12,0
1783403400,161.905,161.905,161.879,161.891,190,11,0
1783403700,161.891,161.919,161.888,161.914,219,11,0
1783404000,161.914,161.918,161.879,161.915,239,12,0
1783404300,161.916,161.92,161.874,161.9,285,11,0
1783404600,161.901,161.906,161.888,161.894,200,12,0
1783404900,161.893,161.894,161.818,161.827,420,11,0
1783405200,161.825,161.829,161.786,161.81,435,11,0
1783405500,161.809,161.83,161.801,161.82,262,11,0
1783405800,161.821,161.845,161.809,161.813,270,11,0
1783406100,161.814,161.859,161.802,161.855,180,11,0
1783406400,161.856,161.891,161.856,161.88,182,12,0
1783406700,161.879,161.882,161.848,161.854,271,11,0
1783407000,161.853,161.873,161.85,161.861,170,12,0
1783407300,161.861,161.867,161.856,161.866,174,11,0
1783407600,161.866,161.876,161.865,161.872,161,11,0
1783407900,161.872,161.879,161.838,161.841,221,11,0
1783408200,161.842,161.851,161.825,161.829,150,12,0
1783408500,161.83,161.843,161.828,161.836,140,11,0
1783408800,161.836,161.841,161.786,161.798,205,11,0
1783409100,161.797,161.805,161.79,161.798,188,11,0
1783409400,161.798,161.799,161.746,161.763,242,11,0
1783409700,161.764,161.777,161.739,161.739,251,11,0
1783410000,161.739,161.739,161.673,161.719,414,11,0
1783410300,161.719,161.726,161.677,161.698,347,11,0
1783410600,161.698,161.721,161.68,161.71,270,12,0
1783410900,161.71,161.792,161.71,161.792,279,11,0
1783411200,161.792,161.796,161.761,161.776,350,11,0
1783411500,161.777,161.787,161.754,161.754,339,11,0
1783411800,161.753,161.791,161.744,161.777,336,11,0
1783412100,161.777,161.821,161.77,161.819,255,11,0
1783412400,161.819,161.887,161.818,161.878,375,11,0
1783412700,161.878,161.884,161.842,161.851,336,11,0
1783413000,161.85,161.865,161.799,161.815,566,11,0
1783413300,161.816,161.851,161.813,161.846,262,11,0
1783413600,161.846,161.856,161.834,161.853,352,11,0
1783413900,161.854,161.855,161.808,161.808,416,11,0
1783414200,161.811,161.864,161.808,161.853,365,11,0
1783414500,161.852,161.885,161.849,161.865,276,11,0
1783414800,161.858,161.895,161.853,161.894,431,11,0
1783415100,161.893,161.932,161.883,161.925,330,11,0
1783415400,161.926,161.947,161.907,161.923,325,11,0
1783415700,161.922,161.967,161.911,161.958,296,11,0
1783416000,161.958,161.984,161.946,161.98,219,11,0
1783416300,161.982,162.027,161.98,162.025,264,11,0
1783416600,162.025,162.026,161.983,161.994,410,11,0
1783416900,161.995,162.012,161.985,162.011,211,11,0
1783417200,162.012,162.021,161.986,161.995,234,11,0
1783417500,161.996,162.017,161.988,162.007,199,11,0
1783417800,162.008,162.024,161.996,162.023,271,11,0
1783418100,162.023,162.036,162.008,162.018,204,11,0
1783418400,162.019,162.077,162.018,162.071,428,11,0
1783418700,162.072,162.072,162.008,162.019,355,11,0
1783419000,162.019,162.02,161.984,161.984,342,11,0
1783419300,161.985,161.99,161.798,161.822,644,11,0
1783419600,161.818,161.901,161.645,161.899,872,11,0
1783419900,161.901,161.958,161.889,161.957,272,11,0
1783420200,161.958,161.976,161.928,161.928,322,11,0
1783420500,161.929,161.961,161.884,161.958,491,11,0
1783420800,161.957,161.976,161.948,161.971,331,11,0
1783421100,161.972,161.986,161.893,161.943,453,11,0
1783421400,161.942,161.943,161.847,161.931,835,11,0
1783421700,161.932,161.978,161.912,161.957,482,11,0
1783422000,161.957,161.965,161.898,161.913,515,11,0
1783422300,161.913,161.923,161.895,161.896,381,11,0
1783422600,161.895,161.895,161.821,161.848,577,11,0
1783422900,161.847,161.871,161.845,161.864,411,11,0
1783423200,161.865,161.876,161.846,161.856,385,11,0
1783423500,161.856,161.922,161.846,161.921,279,11,0
1783423800,161.92,161.921,161.886,161.897,318,11,0
1783424100,161.897,161.942,161.877,161.877,374,11,0
1783424400,161.876,161.892,161.847,161.877,430,12,0
1783424700,161.877,161.917,161.846,161.85,408,11,0
1783425000,161.851,161.891,161.849,161.889,331,11,0
1783425300,161.89,161.907,161.877,161.894,373,11,0
1783425600,161.894,161.915,161.852,161.867,499,11,0
1783425900,161.867,161.876,161.833,161.839,374,11,0
1783426200,161.838,161.875,161.808,161.865,379,11,0
1783426500,161.862,161.865,161.836,161.861,252,11,0
1783426800,161.862,161.888,161.852,161.884,254,11,0
1783427100,161.884,161.889,161.868,161.876,213,12,0
1783427400,161.875,161.913,161.86,161.911,294,11,0
1783427700,161.911,161.916,161.89,161.893,244,11,0
1783428000,161.893,161.911,161.876,161.906,184,11,0
1783428300,161.906,161.945,161.892,161.945,245,11,0
1783428600,161.944,161.96,161.929,161.933,321,11,0
1783428900,161.932,161.938,161.917,161.933,342,11,0
1783429200,161.933,161.944,161.92,161.943,256,11,0
1783429500,161.943,161.956,161.916,161.92,262,11,0
1783429800,161.919,161.944,161.915,161.919,189,11,0
1783430100,161.919,161.919,161.877,161.903,270,12,0
1783430400,161.903,161.907,161.885,161.894,170,11,0
1783430700,161.895,161.899,161.878,161.883,251,11,0
1783431000,161.882,161.895,161.871,161.89,264,11,0
1783431300,161.891,161.911,161.885,161.886,244,11,0
1783431600,161.885,161.909,161.884,161.905,182,11,0
1783431900,161.905,161.936,161.9,161.934,190,11,0
1783432200,161.932,161.933,161.912,161.931,149,11,0
1783432500,161.931,161.934,161.918,161.931,159,11,0
1783432800,161.931,161.947,161.929,161.931,164,11,0
1783433100,161.931,161.931,161.896,161.916,201,11,0
1783433400,161.916,161.916,161.885,161.894,178,11,0
1783433700,161.893,161.894,161.852,161.868,229,11,0
1783434000,161.867,161.876,161.838,161.872,298,12,0
1783434300,161.872,161.905,161.872,161.898,213,11,0
1783434600,161.899,161.923,161.893,161.913,269,11,0
1783434900,161.913,161.936,161.913,161.916,195,11,0
1783435200,161.915,161.942,161.914,161.942,264,11,0
1783435500,161.941,161.946,161.912,161.919,336,11,0
1783435800,161.918,161.95,161.911,161.937,293,11,0
1783436100,161.937,161.946,161.894,161.912,295,11,0
1783436400,161.911,161.922,161.894,161.901,356,11,0
1783436700,161.901,161.909,161.88,161.881,301,11,0
1783437000,161.881,161.897,161.859,161.863,361,11,0
1783437300,161.863,161.868,161.842,161.859,323,11,0
1783437600,161.858,161.86,161.795,161.827,411,11,0
1783437900,161.825,161.832,161.773,161.78,249,11,0
1783438200,161.78,161.796,161.749,161.763,361,11,0
1783438500,161.762,161.794,161.75,161.793,300,11,0
1783438800,161.793,161.847,161.792,161.844,246,11,0
1783439100,161.844,161.857,161.826,161.856,323,12,0
1783439400,161.856,161.866,161.853,161.857,299,11,0
1783439700,161.856,161.86,161.825,161.831,380,12,0
1783440000,161.831,161.891,161.831,161.878,390,11,0
1783440300,161.88,161.885,161.864,161.866,382,12,0
1783440600,161.866,161.883,161.865,161.874,254,11,0
1783440900,161.874,161.882,161.842,161.869,438,11,0
1783441200,161.868,161.887,161.857,161.881,436,12,0
1783441500,161.88,161.892,161.857,161.875,412,12,0
1783441800,161.875,161.895,161.867,161.872,482,11,0
1783442100,161.873,161.877,161.827,161.83,433,11,0
1783442400,161.829,161.843,161.805,161.831,341,11,0
1783442700,161.832,161.878,161.831,161.858,376,11,0
1783443000,161.858,161.879,161.856,161.877,297,11,0
1783443300,161.88,161.891,161.864,161.888,497,11,0
1783443600,161.887,162.005,161.874,162.0,746,11,0
1783443900,162.0,162.016,161.972,161.991,730,11,0
1783444200,161.991,161.997,161.943,161.949,528,11,0
1783444500,161.949,161.954,161.919,161.922,515,11,0
1783444800,161.923,161.928,161.891,161.927,456,11,0
1783445100,161.927,161.949,161.92,161.922,256,11,0
1783445400,161.921,161.944,161.919,161.928,266,11,0
1783445700,161.93,161.953,161.919,161.931,304,11,0
1783446000,161.93,161.935,161.893,161.893,424,11,0
1783446300,161.892,161.895,161.863,161.88,358,11,0
1783446600,161.88,161.884,161.85,161.866,444,11,0
1783446900,161.867,161.97,161.863,161.907,1085,11,0
1783447200,161.905,161.938,161.886,161.918,809,11,0
1783447500,161.918,161.921,161.877,161.89,331,11,0
1783447800,161.889,161.916,161.887,161.894,273,11,0
1783448100,161.895,161.911,161.887,161.89,354,12,0
1783448400,161.889,161.907,161.886,161.903,136,11,0
1783448700,161.905,161.914,161.885,161.885,162,12,0
1783449000,161.887,161.918,161.881,161.906,231,11,0
1783449300,161.906,161.911,161.891,161.895,179,11,0
1783449600,161.895,161.897,161.85,161.87,223,12,0
1783449900,161.87,161.896,161.868,161.896,187,11,0
1783450200,161.897,161.922,161.889,161.922,129,11,0
1783450500,161.922,161.938,161.893,161.907,164,11,0
1783450800,161.907,161.909,161.889,161.893,142,11,0
1783451100,161.893,161.904,161.88,161.88,165,11,0
1783451400,161.88,161.897,161.862,161.885,108,11,0
1783451700,161.885,161.916,161.885,161.905,85,11,0
1783452000,161.905,161.922,161.898,161.92,133,11,0
1783452300,161.92,161.922,161.91,161.912,93,11,0
1783452600,161.912,161.924,161.909,161.922,140,11,0
1783452900,161.922,161.95,161.919,161.949,115,11,0
1783453200,161.95,161.951,161.922,161.923,89,11,0
1783453500,161.923,161.929,161.902,161.902,113,11,0
1783453800,161.903,161.933,161.902,161.933,165,11,0
1783454100,161.933,161.947,161.92,161.927,285,11,0
1783454400,161.927,161.935,161.898,161.907,205,11,0
1783454700,161.908,161.909,161.879,161.889,242,12,0
1783455000,161.891,161.913,161.89,161.91,159,11,0
1783455300,161.909,161.921,161.903,161.918,129,11,0
1783455600,161.918,161.92,161.908,161.911,212,11,0
1783455900,161.911,161.933,161.91,161.929,128,11,0
1783456200,161.928,161.929,161.912,161.922,70,11,0
1783456500,161.921,161.925,161.893,161.896,121,11,0
1783456800,161.895,161.908,161.893,161.898,271,11,0
1783457100,161.898,161.908,161.895,161.897,147,11,0
1783457400,161.897,161.899,161.873,161.883,140,11,0
1783457700,161.882,161.885,161.873,161.885,108,11,0
1783458000,161.885,161.907,161.883,161.899,224,11,0
1783458300,161.898,161.907,161.893,161.895,162,11,0
1783458600,161.894,161.903,161.885,161.89,128,12,0
1783458900,161.889,161.891,161.878,161.881,114,12,0
1783459200,161.881,161.883,161.869,161.872,84,11,0
1783459500,161.872,161.884,161.868,161.884,76,12,0
1783459800,161.883,161.897,161.864,161.867,207,11,0
1783460100,161.868,161.868,161.853,161.859,165,11,0
1783460400,161.859,161.869,161.855,161.856,125,12,0
1783460700,161.856,161.916,161.853,161.886,306,11,0
1783461000,161.885,161.962,161.881,161.952,466,11,0
1783461300,161.953,161.966,161.897,161.926,543,11,0
1783461600,161.926,161.989,161.926,161.984,537,11,0
1783461900,161.985,162.038,161.984,162.034,453,11,0
1783462200,162.034,162.085,162.026,162.083,427,11,0
1783462500,162.083,162.133,162.082,162.083,661,11,0
1783462800,162.083,162.096,162.061,162.089,591,11,0
1783463100,162.09,162.105,162.081,162.09,463,11,0
1783463400,162.088,162.09,162.03,162.034,481,11,0
1783463700,162.033,162.048,162.02,162.047,351,11,0
1783464000,162.048,162.063,162.042,162.061,276,11,0
1783464300,162.062,162.078,162.048,162.067,248,11,0
1783464600,162.065,162.067,162.044,162.047,166,11,0
1783464900,162.048,162.081,162.045,162.067,272,11,0
1783465200,162.067,162.083,162.046,162.052,291,11,0
1783465500,162.052,162.081,162.051,162.081,85,11,0
1783465800,162.081,162.096,162.081,162.093,94,12,0
1783466100,162.094,162.098,162.083,162.092,74,11,0
1783466400,162.092,162.095,162.081,162.083,64,12,0
1783466700,162.083,162.083,162.06,162.069,110,11,0
1783467000,162.07,162.09,162.064,162.086,110,13,0
1783467300,162.086,162.096,162.08,162.087,59,12,0
1783467600,162.084,162.093,162.083,162.09,80,11,0
1783467900,162.094,162.096,162.088,162.091,103,13,0
1783468200,162.091,162.104,162.083,162.104,171,14,0
1783468500,162.103,162.119,162.075,162.085,153,13,0
1783468800,162.078,162.078,161.939,162.045,55,37,0
1783469100,162.042,162.045,162.042,162.043,6,86,0
1783469400,162.044,162.059,162.04,162.044,246,71,0
1783469700,162.044,162.095,162.039,162.095,10,37,0
1783470000,162.095,162.144,162.059,162.136,52,11,0
1783470300,162.135,162.154,162.134,162.147,78,38,0
1783470600,162.146,162.159,162.068,162.154,39,18,0
1783470900,162.154,162.158,162.108,162.116,48,14,0
1783471200,162.117,162.118,162.111,162.114,23,56,0
1783471500,162.114,162.145,162.108,162.145,58,41,0
1783471800,162.146,162.172,162.129,162.136,54,39,0
1783472100,162.135,162.143,162.132,162.136,79,56,0
1783472400,162.14,162.189,162.127,162.152,110,19,0
1783472700,162.151,162.17,162.151,162.169,44,11,0
1783473000,162.168,162.169,162.155,162.164,35,13,0
1783473300,162.164,162.166,162.103,162.104,84,14,0
1783473600,162.104,162.132,162.104,162.13,30,18,0
1783473900,162.13,162.133,162.114,162.132,301,11,0
1783474200,162.132,162.175,162.131,162.172,98,14,0
1783474500,162.172,162.173,162.155,162.156,88,14,0
1783474800,162.157,162.161,162.154,162.157,36,16,0
1783475100,162.157,162.187,162.157,162.183,44,13,0
1783475400,162.186,162.188,162.173,162.179,72,12,0
1783475700,162.178,162.179,162.169,162.172,30,16,0
1783476000,162.173,162.2,162.162,162.163,90,15,0
1783476300,162.163,162.214,162.163,162.213,80,11,0
1783476600,162.213,162.276,162.197,162.265,201,12,0
1783476900,162.265,162.284,162.235,162.256,244,11,0
1783477200,162.256,162.283,162.251,162.272,76,11,0
1783477500,162.273,162.288,162.269,162.278,96,11,0
1783477800,162.277,162.281,162.246,162.248,95,15,0
1783478100,162.249,162.316,162.248,162.291,184,11,0
1783478400,162.29,162.314,162.286,162.313,110,15,0
1783478700,162.313,162.342,162.297,162.337,257,12,0
1783479000,162.338,162.344,162.325,162.343,143,13,0
1783479300,162.343,162.358,162.324,162.354,305,11,0
1783479600,162.358,162.378,162.311,162.322,634,11,0
1783479900,162.323,162.344,162.305,162.336,400,11,0
1783480200,162.336,162.349,162.3,162.332,365,11,0
1783480500,162.334,162.396,162.325,162.364,517,11,0
1783480800,162.363,162.395,162.326,162.341,378,11,0
1783481100,162.342,162.388,162.33,162.378,405,11,0
1783481400,162.378,162.38,162.348,162.352,315,12,0
1783481700,162.35,162.356,162.309,162.32,296,11,0
1783482000,162.317,162.335,162.308,162.33,294,11,0
1783482300,162.331,162.336,162.296,162.301,259,11,0
1783482600,162.3,162.333,162.248,162.319,655,11,0
1783482900,162.318,162.347,162.3,162.341,416,11,0
1783483200,162.34,162.346,162.278,162.333,386,11,0
1783483500,162.333,162.36,162.328,162.346,302,11,0
1783483800,162.346,162.346,162.321,162.328,266,12,0
1783484100,162.327,162.373,162.324,162.372,270,11,0
1783484400,162.373,162.387,162.361,162.384,216,11,0
1783484700,162.382,162.412,162.378,162.409,264,11,0
1783485000,162.409,162.422,162.381,162.398,289,11,0
1783485300,162.397,162.409,162.374,162.401,223,11,0
1783485600,162.4,162.454,162.397,162.438,262,11,0
1783485900,162.438,162.438,162.367,162.372,590,11,0
1783486200,162.371,162.39,162.345,162.369,327,12,0
1783486500,162.369,162.371,162.341,162.351,137,11,0
1783486800,162.352,162.369,162.331,162.369,295,11,0
1783487100,162.369,162.382,162.341,162.376,317,11,0
1783487400,162.377,162.426,162.373,162.418,290,11,0
1783487700,162.418,162.418,162.385,162.388,317,11,0
1783488000,162.387,162.409,162.362,162.382,276,12,0
1783488300,162.382,162.384,162.365,162.383,254,11,0
1783488600,162.382,162.396,162.379,162.381,219,11,0
1783488900,162.381,162.398,162.369,162.375,147,12,0
1783489200,162.374,162.378,162.361,162.362,203,11,0
1783489500,162.362,162.377,162.358,162.361,193,11,0
1783489800,162.365,162.37,162.352,162.358,167,11,0
1783490100,162.359,162.366,162.338,162.34,126,11,0
1783490400,162.339,162.339,162.286,162.324,373,11,0
1783490700,162.324,162.345,162.319,162.338,232,11,0
1783491000,162.339,162.341,162.298,162.304,229,11,0
1783491300,162.303,162.317,162.3,162.303,131,11,0
1783491600,162.303,162.314,162.284,162.301,149,11,0
1783491900,162.301,162.316,162.295,162.301,161,11,0
1783492200,162.304,162.325,162.3,162.325,175,12,0
1783492500,162.325,162.331,162.324,162.33,89,12,0
1783492800,162.33,162.345,162.314,162.321,183,11,0
1783493100,162.322,162.331,162.314,162.329,204,11,0
1783493400,162.328,162.342,162.324,162.33,149,11,0
1783493700,162.33,162.345,162.33,162.335,145,11,0
1783494000,162.335,162.368,162.335,162.34,208,11,0
1783494300,162.341,162.371,162.33,162.339,197,11,0
1783494600,162.337,162.358,162.333,162.355,156,11,0
1783494900,162.357,162.377,162.356,162.373,110,11,0
1783495200,162.379,162.39,162.375,162.385,107,11,0
1783495500,162.384,162.384,162.367,162.378,88,11,0
1783495800,162.379,162.383,162.355,162.364,149,11,0
1783496100,162.365,162.368,162.349,162.36,82,11,0
1783496400,162.359,162.402,162.355,162.383,157,11,0
1783496700,162.384,162.395,162.371,162.393,127,11,0
1783497000,162.392,162.398,162.377,162.383,101,11,0
1783497300,162.382,162.383,162.358,162.36,139,12,0
1783497600,162.361,162.371,162.342,162.345,278,11,0
1783497900,162.345,162.355,162.338,162.353,179,12,0
1783498200,162.354,162.358,162.33,162.341,226,12,0
1783498500,162.34,162.34,162.319,162.325,153,11,0
1783498800,162.325,162.347,162.323,162.341,146,11,0
1783499100,162.341,162.349,162.325,162.325,129,11,0
1783499400,162.325,162.325,162.299,162.304,306,11,0
1783499700,162.305,162.307,162.286,162.287,161,12,0
1783500000,162.288,162.291,162.205,162.253,368,11,0
1783500300,162.253,162.276,162.231,162.269,260,11,0
1783500600,162.269,162.293,162.259,162.279,210,11,0
1783500900,162.28,162.325,162.28,162.292,268,11,0
1783501200,162.292,162.302,162.242,162.289,526,11,0
1783501500,162.287,162.291,162.242,162.248,365,11,0
1783501800,162.249,162.281,162.249,162.262,346,11,0
1783502100,162.263,162.277,162.237,162.24,355,12,0
1783502400,162.24,162.267,162.23,162.243,488,11,0
1783502700,162.242,162.254,162.173,162.199,523,11,0
1783503000,162.199,162.2,162.123,162.131,598,11,0
1783503300,162.132,162.171,162.079,162.082,460,11,0
1783503600,162.082,162.15,162.071,162.118,433,11,0
1783503900,162.119,162.189,162.117,162.185,342,11,0
1783504200,162.185,162.212,162.167,162.175,297,11,0
1783504500,162.176,162.21,162.162,162.201,288,11,0
1783504800,162.199,162.22,162.186,162.215,478,11,0
1783505100,162.216,162.284,162.213,162.251,560,11,0
1783505400,162.252,162.263,162.221,162.24,373,11,0
1783505700,162.238,162.267,162.201,162.204,417,11,0
1783506000,162.204,162.229,162.193,162.22,493,11,0
1783506300,162.221,162.241,162.191,162.195,495,11,0
1783506600,162.195,162.202,162.175,162.197,490,11,0
1783506900,162.197,162.225,162.188,162.196,458,11,0
1783507200,162.196,162.202,162.183,162.197,215,11,0
1783507500,162.197,162.233,162.194,162.209,324,11,0
1783507800,162.21,162.225,162.202,162.223,321,11,0
1783508100,162.224,162.226,162.19,162.218,359,11,0
1783508400,162.217,162.265,162.203,162.246,379,11,0
1783508700,162.246,162.262,162.24,162.249,323,11,0
1783509000,162.249,162.309,162.242,162.306,296,11,0
1783509300,162.306,162.44,162.286,162.407,1294,11,0
1783509600,162.406,162.408,162.361,162.385,910,11,0
1783509900,162.386,162.4,162.369,162.381,642,11,0
1783510200,162.381,162.413,162.342,162.378,681,11,0
1783510500,162.378,162.434,162.373,162.431,506,11,0
1783510800,162.432,162.457,162.415,162.427,511,11,0
1783511100,162.426,162.434,162.39,162.433,521,11,0
1783511400,162.433,162.461,162.426,162.461,502,11,0
1783511700,162.46,162.491,162.443,162.485,465,10,0
1783512000,162.484,162.534,162.256,162.444,736,10,0
1783512300,162.446,162.476,162.427,162.474,591,10,0
1783512600,162.474,162.538,162.472,162.53,644,10,0
1783512900,162.535,162.551,162.461,162.507,576,10,0
1783513200,162.508,162.508,162.459,162.476,516,10,0
1783513500,162.479,162.503,162.462,162.47,513,10,0
1783513800,162.47,162.499,162.43,162.435,573,10,0
1783514100,162.436,162.472,162.431,162.438,518,10,0
1783514400,162.438,162.476,162.438,162.442,424,10,0
1783514700,162.442,162.444,162.393,162.397,392,10,0
1783515000,162.396,162.42,162.384,162.402,410,10,0
1783515300,162.401,162.461,162.401,162.457,473,11,0
1783515600,162.456,162.459,162.418,162.429,473,10,0
1783515900,162.428,162.444,162.414,162.444,380,10,0
1783516200,162.443,162.46,162.433,162.443,346,10,0
1783516500,162.443,162.453,162.433,162.433,322,10,0
1783516800,162.433,162.434,162.41,162.431,419,10,0
1783517100,162.431,162.445,162.429,162.433,292,10,0
1783517400,162.433,162.438,162.402,162.408,390,10,0
1783517700,162.407,162.417,162.401,162.407,293,10,0
1783518000,162.406,162.42,162.403,162.407,253,11,0
1783518300,162.408,162.456,162.406,162.444,319,10,0
1783518600,162.444,162.471,162.442,162.458,323,10,0
1783518900,162.457,162.473,162.451,162.472,262,10,0
1783519200,162.471,162.496,162.471,162.484,236,10,0
1783519500,162.484,162.494,162.472,162.479,293,11,0
1783519800,162.479,162.487,162.466,162.468,217,10,0
1783520100,162.468,162.489,162.465,162.488,163,10,0
1783520400,162.489,162.504,162.475,162.482,302,10,0
1783520700,162.482,162.493,162.466,162.479,206,11,0
1783521000,162.479,162.51,162.479,162.505,328,10,0
1783521300,162.506,162.55,162.504,162.534,450,11,0
1783521600,162.534,162.539,162.417,162.469,632,10,0
1783521900,162.473,162.49,162.46,162.488,478,10,0
1783522200,162.489,162.52,162.488,162.512,381,10,0
1783522500,162.512,162.543,162.505,162.533,506,10,0
1783522800,162.534,162.538,162.48,162.483,555,10,0
1783523100,162.482,162.501,162.468,162.486,415,10,0
1783523400,162.487,162.494,162.468,162.492,408,10,0
1783523700,162.491,162.491,162.44,162.469,462,10,0
1783524000,162.469,162.496,162.468,162.495,472,10,0
1783524300,162.495,162.501,162.468,162.472,502,10,0
1783524600,162.472,162.48,162.458,162.47,462,10,0
1783524900,162.471,162.487,162.465,162.465,265,10,0
1783525200,162.466,162.482,162.46,162.476,309,10,0
1783525500,162.475,162.478,162.456,162.467,308,10,0
1783525800,162.467,162.479,162.44,162.442,261,10,0
1783526100,162.443,162.518,162.441,162.513,816,10,0
1783526400,162.514,162.544,162.506,162.522,471,10,0
1783526700,162.522,162.535,162.508,162.51,506,10,0
1783527000,162.509,162.527,162.501,162.516,442,10,0
1783527300,162.517,162.558,162.509,162.521,380,10,0
1783527600,162.52,162.528,162.503,162.513,321,10,0
1783527900,162.514,162.527,162.491,162.524,467,10,0
1783528200,162.521,162.521,162.478,162.499,601,10,0
1783528500,162.5,162.512,162.484,162.505,466,10,0
1783528800,162.507,162.54,162.496,162.518,432,10,0
1783529100,162.519,162.526,162.509,162.52,383,10,0
1783529400,162.521,162.562,162.517,162.547,398,10,0
1783529700,162.547,162.556,162.508,162.535,396,10,0
1783530000,162.536,162.545,162.51,162.523,331,10,0
1783530300,162.523,162.551,162.508,162.53,347,10,0
1783530600,162.531,162.54,162.521,162.537,270,10,0
1783530900,162.536,162.547,162.531,162.533,238,10,0
1783531200,162.532,162.537,162.519,162.525,192,10,0
1783531500,162.525,162.56,162.52,162.543,373,10,0
1783531800,162.545,162.595,162.542,162.577,322,10,0
1783532100,162.577,162.593,162.56,162.577,284,10,0
1783532400,162.576,162.577,162.546,162.562,280,10,0
1783532700,162.562,162.6,162.56,162.585,300,10,0
1783533000,162.585,162.592,162.564,162.591,334,10,0
1783533300,162.592,162.617,162.591,162.604,442,10,0
1783533600,162.604,162.643,162.601,162.619,473,10,0
1783533900,162.623,162.624,162.589,162.607,408,10,0
1783534200,162.608,162.642,162.607,162.64,255,10,0
1783534500,162.641,162.67,162.637,162.659,308,10,0
1783534800,162.659,162.685,162.659,162.665,249,10,0
1783535100,162.666,162.668,162.654,162.656,316,10,0
1783535400,162.655,162.698,162.649,162.683,353,10,0
1783535700,162.684,162.697,162.66,162.689,361,10,0
1783536000,162.689,162.702,162.684,162.685,280,10,0
1783536300,162.686,162.697,162.68,162.681,241,10,0
1783536600,162.68,162.683,162.65,162.658,361,10,0
1783536900,162.658,162.673,162.653,162.666,246,10,0
1783537200,162.666,162.667,162.641,162.642,388,10,0
1783537500,162.643,162.644,162.625,162.639,292,10,0
1783537800,162.639,162.651,162.628,162.644,307,10,0
1783538100,162.641,162.651,162.619,162.622,218,10,0
1783538400,162.622,162.629,162.608,162.628,286,10,0
1783538700,162.628,162.649,162.624,162.646,302,10,0
1783539000,162.647,162.653,162.626,162.629,309,10,0
1783539300,162.628,162.629,162.584,162.596,446,10,0
1783539600,162.597,162.605,162.515,162.517,699,10,0
1783539900,162.515,162.533,162.499,162.524,300,10,0
1783540200,162.524,162.536,162.518,162.523,499,10,0
1783540500,162.524,162.547,162.508,162.531,387,10,0
1783540800,162.531,162.531,162.492,162.523,339,10,0
1783541100,162.523,162.524,162.465,162.477,277,10,0
1783541400,162.476,162.485,162.44,162.482,346,10,0
1783541700,162.481,162.481,162.457,162.459,410,10,0
1783542000,162.459,162.459,162.413,162.436,345,10,0
1783542300,162.443,162.479,162.435,162.477,299,10,0
1783542600,162.477,162.487,162.458,162.46,264,10,0
1783542900,162.459,162.495,162.458,162.495,202,10,0
1783543200,162.494,162.522,162.494,162.519,181,10,0
1783543500,162.519,162.537,162.515,162.537,191,10,0
1783543800,162.537,162.548,162.525,162.541,175,10,0
1783544100,162.542,162.546,162.524,162.526,138,10,0
1783544400,162.521,162.552,162.498,162.532,275,10,0
1783544700,162.533,162.536,162.513,162.518,263,10,0
1783545000,162.518,162.524,162.449,162.461,432,10,0
1783545300,162.462,162.487,162.458,162.481,295,10,0
1783545600,162.482,162.486,162.456,162.462,365,10,0
1783545900,162.463,162.47,162.455,162.459,232,10,0
1783546200,162.458,162.489,162.456,162.48,218,10,0
1783546500,162.481,162.482,162.444,162.444,175,10,0
1783546800,162.443,162.459,162.438,162.448,164,10,0
1783547100,162.447,162.457,162.443,162.454,233,10,0
1783547400,162.455,162.481,162.443,162.468,196,10,0
1783547700,162.469,162.479,162.466,162.47,209,10,0
1783548000,162.47,162.472,162.45,162.453,185,10,0
1783548300,162.453,162.455,162.441,162.444,233,10,0
1783548600,162.444,162.457,162.431,162.442,219,10,0
1783548900,162.441,162.457,162.435,162.444,213,10,0
1783549200,162.443,162.453,162.43,162.443,165,10,0
1783549500,162.443,162.445,162.43,162.438,164,10,0
1783549800,162.438,162.443,162.419,162.438,251,10,0
1783550100,162.44,162.447,162.431,162.444,135,10,0
1783550400,162.445,162.488,162.444,162.484,202,10,0
1783550700,162.485,162.55,162.483,162.541,382,10,0
1783551000,162.546,162.55,162.504,162.504,245,10,0
1783551300,162.503,162.504,162.455,162.471,381,10,0
1783551600,162.471,162.502,162.466,162.499,182,10,0
1783551900,162.5,162.5,162.469,162.471,188,10,0
1783552200,162.471,162.521,162.466,162.52,173,10,0
1783552500,162.52,162.536,162.511,162.528,68,10,0
1783552800,162.527,162.532,162.516,162.53,52,10,0
1783553100,162.531,162.544,162.51,162.535,75,10,0
1783553400,162.535,162.569,162.531,162.562,93,10,0
1783553700,162.561,162.612,162.561,162.592,145,12,0
1783554000,162.591,162.601,162.578,162.599,114,10,0
1783554300,162.599,162.62,162.591,162.619,189,10,0
1783554600,162.618,162.618,162.604,162.612,99,15,0
1783554900,162.611,162.645,162.566,162.566,209,11,0
1783555200,162.439,162.518,162.414,162.518,11,114,0
1783555500,162.518,162.518,162.498,162.51,7,105,0
1783555800,162.51,162.512,162.469,162.496,19,82,0
1783556100,162.495,162.523,162.493,162.52,25,70,0
1783556400,162.525,162.595,162.504,162.556,44,35,0
1783556700,162.572,162.578,162.517,162.54,31,44,0
1783557000,162.541,162.552,162.534,162.543,99,41,0
1783557300,162.544,162.561,162.529,162.551,74,43,0
1783557600,162.542,162.561,162.539,162.561,92,42,0
1783557900,162.558,162.561,162.536,162.55,246,45,0
1783558200,162.549,162.559,162.535,162.544,139,44,0
1783558500,162.547,162.553,162.512,162.523,59,51,0
1783558800,162.544,162.604,162.533,162.602,68,10,0
1783559100,162.601,162.603,162.587,162.6,34,15,0
1783559400,162.601,162.604,162.583,162.585,43,15,0
1783559700,162.584,162.589,162.583,162.584,448,18,0
1783560000,162.584,162.587,162.583,162.585,449,17,0
1783560300,162.584,162.587,162.583,162.584,117,18,0
1783560600,162.584,162.587,162.57,162.57,79,16,0
1783560900,162.57,162.575,162.569,162.57,32,17,0
1783561200,162.57,162.571,162.569,162.57,13,21,0
1783561500,162.569,162.572,162.558,162.561,52,14,0
1783561800,162.559,162.563,162.555,162.557,56,16,0
1783562100,162.558,162.562,162.552,162.558,43,16,0
1783562400,162.557,162.561,162.542,162.543,70,13,0
1783562700,162.543,162.548,162.533,162.544,53,13,0
1783563000,162.544,162.553,162.544,162.55,66,14,0
1783563300,162.55,162.55,162.535,162.547,89,13,0
1783563600,162.547,162.558,162.543,162.557,60,13,0
1783563900,162.557,162.569,162.55,162.566,64,12,0
1783564200,162.566,162.574,162.56,162.572,120,10,0
1783564500,162.572,162.573,162.548,162.558,126,10,0
1783564800,162.557,162.56,162.555,162.556,48,13,0
1783565100,162.556,162.556,162.528,162.528,86,10,0
1783565400,162.528,162.549,162.528,162.544,95,13,0
1783565700,162.546,162.547,162.529,162.534,106,13,0
1783566000,162.536,162.536,162.481,162.484,327,10,0
1783566300,162.486,162.487,162.435,162.458,318,10,0
1783566600,162.459,162.46,162.355,162.393,345,10,0
1783566900,162.395,162.406,162.379,162.38,351,10,0
1783567200,162.381,162.42,162.361,162.369,346,10,0
1783567500,162.368,162.395,162.36,162.383,304,10,0
1783567800,162.382,162.41,162.36,162.381,419,10,0
1783568100,162.382,162.404,162.371,162.402,282,10,0
1783568400,162.403,162.443,162.391,162.442,302,11,0
1783568700,162.442,162.452,162.42,162.432,268,11,0
1783569000,162.432,162.477,162.396,162.472,600,10,0
1783569300,162.466,162.467,162.416,162.44,350,10,0
1783569600,162.438,162.453,162.409,162.425,614,10,0
1783569900,162.425,162.466,162.424,162.46,361,10,0
1783570200,162.46,162.5,162.449,162.467,422,10,0
1783570500,162.468,162.5,162.466,162.491,309,10,0
1783570800,162.491,162.531,162.478,162.521,414,11,0
1783571100,162.521,162.567,162.521,162.544,475,10,0
1783571400,162.545,162.551,162.516,162.519,306,10,0
1783571700,162.519,162.532,162.48,162.512,363,10,0
1783572000,162.512,162.52,162.487,162.503,236,11,0
1783572300,162.503,162.516,162.495,162.5,260,10,0
1783572600,162.501,162.501,162.469,162.47,317,10,0
1783572900,162.471,162.471,162.436,162.441,287,10,0
1783573200,162.441,162.454,162.434,162.453,228,10,0
1783573500,162.453,162.481,162.438,162.439,308,10,0
1783573800,162.439,162.466,162.431,162.45,223,10,0
1783574100,162.448,162.456,162.438,162.454,145,10,0
1783574400,162.454,162.471,162.452,162.458,162,11,0
1783574700,162.456,162.467,162.449,162.461,152,11,0
1783575000,162.46,162.477,162.459,162.476,192,10,0
1783575300,162.476,162.48,162.464,162.479,193,11,0
1783575600,162.478,162.5,162.476,162.476,175,10,0
1783575900,162.475,162.479,162.449,162.454,201,10,0
1783576200,162.455,162.463,162.45,162.458,174,11,0
1783576500,162.459,162.469,162.457,162.466,148,11,0
1783576800,162.467,162.469,162.443,162.453,152,11,0
1783577100,162.453,162.456,162.445,162.453,114,12,0
1783577400,162.453,162.472,162.452,162.461,129,10,0
1783577700,162.462,162.486,162.461,162.478,172,10,0
1783578000,162.477,162.491,162.465,162.466,155,10,0
1783578300,162.465,162.467,162.442,162.444,213,10,0
1783578600,162.444,162.449,162.408,162.428,197,10,0
1783578900,162.429,162.432,162.404,162.428,205,10,0
1783579200,162.428,162.443,162.414,162.436,217,11,0
1783579500,162.435,162.448,162.432,162.447,140,11,0
1783579800,162.446,162.448,162.418,162.429,198,10,0
1783580100,162.43,162.447,162.43,162.446,143,10,0
1783580400,162.446,162.458,162.441,162.453,119,10,0
1783580700,162.453,162.457,162.435,162.439,135,10,0
1783581000,162.439,162.44,162.42,162.424,168,10,0
1783581300,162.424,162.428,162.413,162.416,146,10,0
1783581600,162.417,162.426,162.41,162.425,160,10,0
1783581900,162.425,162.426,162.412,162.42,97,11,0
1783582200,162.419,162.431,162.414,162.427,70,11,0
1783582500,162.427,162.443,162.426,162.443,84,11,0
1783582800,162.442,162.444,162.43,162.439,84,11,0
1783583100,162.439,162.439,162.422,162.427,126,10,0
1783583400,162.428,162.431,162.406,162.412,112,12,0
1783583700,162.411,162.432,162.407,162.426,84,10,0
1783584000,162.426,162.431,162.416,162.422,93,10,0
1783584300,162.422,162.423,162.413,162.422,111,11,0
1783584600,162.422,162.422,162.356,162.386,443,10,0
1783584900,162.386,162.409,162.381,162.406,273,10,0
1783585200,162.405,162.407,162.39,162.395,222,11,0
1783585500,162.394,162.395,162.365,162.367,218,11,0
1783585800,162.366,162.374,162.339,162.343,209,11,0
1783586100,162.344,162.368,162.342,162.362,155,10,0
1783586400,162.362,162.387,162.362,162.376,208,10,0
1783586700,162.375,162.38,162.362,162.366,197,11,0
1783587000,162.366,162.383,162.356,162.369,186,10,0
1783587300,162.37,162.374,162.361,162.364,221,10,0
1783587600,162.366,162.368,162.338,162.341,297,10,0
1783587900,162.341,162.351,162.311,162.312,451,10,0
1783588200,162.311,162.364,162.309,162.354,303,10,0
1783588500,162.353,162.361,162.33,162.33,351,10,0
1783588800,162.33,162.345,162.246,162.263,613,10,0
1783589100,162.263,162.282,162.243,162.244,421,10,0
1783589400,162.245,162.273,162.244,162.259,541,10,0
1783589700,162.26,162.332,162.258,162.315,443,10,0
1783590000,162.317,162.328,162.259,162.259,357,10,0
1783590300,162.259,162.291,162.253,162.289,223,10,0
1783590600,162.29,162.309,162.276,162.28,282,10,0
1783590900,162.279,162.302,162.275,162.293,198,10,0
1783591200,162.292,162.329,162.292,162.328,248,10,0
1783591500,162.328,162.345,162.327,162.336,242,10,0
1783591800,162.335,162.364,162.334,162.361,244,10,0
1783592100,162.362,162.393,162.357,162.365,314,10,0
1783592400,162.366,162.377,162.356,162.361,368,10,0
1783592700,162.362,162.374,162.35,162.366,302,10,0
1783593000,162.364,162.376,162.353,162.362,318,10,0
1783593300,162.363,162.367,162.336,162.364,276,10,0
1783593600,162.363,162.364,162.337,162.343,299,10,0
1783593900,162.343,162.367,162.335,162.341,214,10,0
1783594200,162.342,162.348,162.321,162.323,238,10,0
1783594500,162.322,162.362,162.322,162.342,364,10,0
1783594800,162.342,162.356,162.321,162.356,329,10,0
1783595100,162.355,162.359,162.322,162.327,272,10,0
1783595400,162.327,162.338,162.304,162.321,343,10,0
1783595700,162.322,162.324,162.306,162.319,240,10,0
1783596000,162.317,162.322,162.298,162.302,265,10,0
1783596300,162.302,162.323,162.301,162.318,226,10,0
1783596600,162.319,162.337,162.31,162.323,335,10,0
1783596900,162.322,162.344,162.319,162.341,197,11,0
1783597200,162.341,162.366,162.336,162.357,254,10,0
1783597500,162.356,162.397,162.347,162.39,211,10,0
1783597800,162.39,162.398,162.365,162.367,241,10,0
1783598100,162.367,162.391,162.349,162.39,321,10,0
1783598400,162.391,162.405,162.375,162.393,311,10,0
1783598700,162.394,162.412,162.388,162.407,176,10,0
1783599000,162.408,162.418,162.398,162.415,227,10,0
1783599300,162.415,162.426,162.414,162.426,208,11,0
1783599600,162.425,162.426,162.401,162.401,189,10,0
1783599900,162.4,162.408,162.395,162.406,214,10,0
1783600200,162.406,162.423,162.404,162.419,249,10,0
1783600500,162.42,162.434,162.416,162.427,273,10,0
1783600800,162.428,162.446,162.422,162.425,185,10,0
1783601100,162.425,162.44,162.42,162.423,169,10,0
1783601400,162.422,162.425,162.413,162.415,190,10,0
1783601700,162.414,162.418,162.391,162.396,198,10,0
1783602000,162.395,162.415,162.395,162.408,132,11,0
1783602300,162.409,162.416,162.402,162.41,143,10,0
1783602600,162.41,162.42,162.4,162.412,195,10,0
1783602900,162.412,162.424,162.408,162.423,117,10,0
1783603200,162.422,162.438,162.419,162.435,99,10,0
1783603500,162.436,162.443,162.434,162.439,80,10,0
1783603800,162.44,162.441,162.414,162.415,102,10,0
1783604100,162.415,162.426,162.406,162.425,108,10,0
1783604400,162.425,162.43,162.415,162.427,111,11,0
1783604700,162.428,162.447,162.423,162.434,230,10,0
1783605000,162.435,162.49,162.435,162.481,374,10,0
1783605300,162.481,162.501,162.477,162.48,427,10,0
1783605600,162.481,162.492,162.46,162.478,415,10,0
1783605900,162.477,162.492,162.468,162.479,360,10,0
1783606200,162.48,162.484,162.464,162.47,308,11,0
1783606500,162.47,162.485,162.462,162.476,194,10,0
1783606800,162.476,162.489,162.465,162.487,181,11,0
1783607100,162.486,162.491,162.475,162.489,148,10,0
1783607400,162.49,162.503,162.477,162.479,176,10,0
1783607700,162.479,162.49,162.462,162.467,152,10,0
1783608000,162.468,162.49,162.467,162.48,179,10,0
1783608300,162.481,162.481,162.45,162.472,269,10,0
1783608600,162.473,162.478,162.452,162.455,295,10,0
1783608900,162.455,162.475,162.452,162.469,257,10,0
1783609200,162.469,162.469,162.425,162.437,435,10,0
1783609500,162.438,162.45,162.393,162.407,323,10,0
1783609800,162.406,162.406,162.392,162.401,347,10,0
1783610100,162.4,162.417,162.386,162.386,175,10,0
1783610400,162.388,162.411,162.387,162.409,320,10,0
1783610700,162.408,162.429,162.401,162.402,327,10,0
1783611000,162.402,162.425,162.396,162.412,228,10,0
1783611300,162.412,162.422,162.408,162.417,207,10,0
1783611600,162.417,162.449,162.413,162.435,306,10,0
1783611900,162.436,162.452,162.434,162.451,207,10,0
1783612200,162.45,162.45,162.424,162.438,270,10,0
1783612500,162.439,162.442,162.425,162.436,281,10,0
1783612800,162.437,162.448,162.429,162.435,267,10,0
1783613100,162.436,162.437,162.405,162.407,177,10,0
1783613400,162.408,162.43,162.408,162.412,189,10,0
1783613700,162.411,162.411,162.29,162.351,430,10,0
1783614000,162.35,162.383,162.349,162.37,285,10,0
1783614300,162.365,162.382,162.359,162.37,289,10,0
1783614600,162.371,162.372,162.348,162.364,436,10,0
1783614900,162.363,162.371,162.355,162.364,467,10,0
1783615200,162.365,162.366,162.304,162.327,494,10,0
1783615500,162.327,162.358,162.319,162.334,307,10,0
1783615800,162.335,162.359,162.333,162.358,297,10,0
1783616100,162.357,162.357,162.311,162.335,297,10,0
1783616400,162.332,162.333,162.283,162.284,437,10,0
1783616700,162.283,162.377,162.282,162.368,392,10,0
1783617000,162.363,162.387,162.361,162.379,435,10,0
1783617300,162.379,162.396,162.359,162.38,494,10,0
1783617600,162.378,162.383,162.351,162.358,265,10,0
1783617900,162.359,162.389,162.357,162.372,306,10,0
1783618200,162.373,162.386,162.346,162.346,316,10,0
1783618500,162.347,162.357,162.314,162.349,341,10,0
1783618800,162.35,162.377,162.349,162.365,212,10,0
1783619100,162.366,162.39,162.364,162.39,217,10,0
1783619400,162.39,162.418,162.358,162.372,506,10,0
1783619700,162.373,162.403,162.359,162.362,579,10,0
1783620000,162.361,162.406,162.36,162.4,484,10,0
1783620300,162.4,162.409,162.359,162.375,438,10,0
1783620600,162.376,162.397,162.37,162.391,343,10,0
1783620900,162.39,162.399,162.373,162.394,301,10,0
1783621200,162.394,162.402,162.367,162.368,287,10,0
1783621500,162.367,162.37,162.353,162.357,186,10,0
1783621800,162.357,162.387,162.356,162.37,284,10,0
1783622100,162.37,162.373,162.345,162.35,197,10,0
1783622400,162.349,162.35,162.316,162.316,245,10,0
1783622700,162.317,162.325,162.299,162.307,241,10,0
1783623000,162.306,162.307,162.251,162.288,320,10,0
1783623300,162.286,162.3,162.28,162.285,261,10,0
1783623600,162.284,162.287,162.257,162.271,323,10,0
1783623900,162.271,162.287,162.269,162.278,240,10,0
1783624200,162.278,162.297,162.277,162.278,207,10,0
1783624500,162.278,162.313,162.252,162.305,205,10,0
1783624800,162.305,162.31,162.302,162.309,159,10,0
1783625100,162.31,162.32,162.29,162.297,172,10,0
1783625400,162.296,162.309,162.279,162.309,224,10,0
1783625700,162.309,162.321,162.297,162.299,192,10,0
1783626000,162.298,162.303,162.278,162.288,185,10,0
1783626300,162.288,162.289,162.277,162.282,134,10,0
1783626600,162.282,162.293,162.269,162.28,145,10,0
1783626900,162.28,162.31,162.272,162.31,118,10,0
1783627200,162.31,162.311,162.299,162.3,63,10,0
1783627500,162.299,162.31,162.295,162.309,82,10,0
1783627800,162.308,162.324,162.308,162.314,132,10,0
1783628100,162.314,162.314,162.286,162.286,150,10,0
1783628400,162.286,162.286,162.269,162.283,163,11,0
1783628700,162.283,162.285,162.271,162.271,155,10,0
1783629000,162.271,162.285,162.269,162.279,156,10,0
1783629300,162.279,162.29,162.269,162.288,146,10,0
1783629600,162.288,162.298,162.288,162.294,114,10,0
1783629900,162.293,162.295,162.285,162.295,131,10,0
1783630200,162.294,162.294,162.273,162.28,90,10,0
1783630500,162.281,162.285,162.269,162.282,130,10,0
1783630800,162.282,162.301,162.281,162.294,170,10,0
1783631100,162.295,162.313,162.293,162.3,135,10,0
1783631400,162.299,162.317,162.295,162.313,136,10,0
1783631700,162.313,162.338,162.308,162.337,177,10,0
1783632000,162.336,162.351,162.334,162.351,252,10,0
1783632300,162.351,162.371,162.344,162.364,226,10,0
1783632600,162.363,162.371,162.347,162.35,141,10,0
1783632900,162.349,162.36,162.348,162.358,106,11,0
1783633200,162.358,162.359,162.333,162.336,185,10,0
1783633500,162.337,162.344,162.322,162.329,159,10,0
1783633800,162.328,162.341,162.328,162.333,135,10,0
1783634100,162.332,162.34,162.327,162.329,172,11,0
1783634400,162.328,162.345,162.314,162.336,180,10,0
1783634700,162.336,162.356,162.332,162.355,93,10,0
1783635000,162.354,162.358,162.352,162.354,80,10,0
1783635300,162.354,162.361,162.343,162.36,163,10,0
1783635600,162.36,162.371,162.356,162.371,126,11,0
1783635900,162.371,162.386,162.371,162.38,151,10,0
1783636200,162.38,162.395,162.378,162.391,203,10,0
1783636500,162.39,162.39,162.356,162.375,212,10,0
1783636800,162.374,162.386,162.371,162.382,137,10,0
1783637100,162.382,162.4,162.381,162.394,122,10,0
1783637400,162.395,162.409,162.394,162.401,165,11,0
1783637700,162.402,162.41,162.373,162.383,189,10,0
1783638000,162.382,162.399,162.355,162.372,168,10,0
1783638300,162.378,162.389,162.372,162.375,126,10,0
1783638600,162.375,162.38,162.372,162.372,112,11,0
1783638900,162.372,162.375,162.368,162.372,143,10,0
1783639200,162.372,162.377,162.371,162.372,295,12,0
1783639500,162.372,162.377,162.364,162.369,96,11,0
1783639800,162.369,162.382,162.368,162.379,54,10,0
1783640100,162.38,162.392,162.38,162.389,78,12,0
1783640400,162.39,162.392,162.386,162.39,114,12,0
1783640700,162.386,162.393,162.386,162.392,30,13,0
1783641000,162.391,162.399,162.382,162.389,38,10,0
1783641300,162.389,162.389,162.28,162.36,92,15,0
1783641600,162.352,162.352,162.317,162.341,10,53,0
1783641900,162.335,162.347,162.335,162.345,13,67,0
1783642200,162.346,162.346,162.339,162.34,12,67,0
1783642500,162.34,162.348,162.34,162.348,10,73,0
1783642800,162.349,162.352,162.349,162.351,7,97,0
1783643100,162.351,162.352,162.35,162.351,7,101,0
1783643400,162.35,162.351,162.348,162.349,10,79,0
1783643700,162.35,162.364,162.303,162.35,29,60,0
1783644000,162.35,162.35,162.35,162.35,4,59,0
1783644300,162.346,162.366,162.346,162.354,15,56,0
1783644600,162.356,162.369,162.351,162.357,25,49,0
1783644900,162.357,162.361,162.35,162.35,36,52,0
1783645200,162.36,162.417,162.36,162.375,104,10,0
1783645500,162.375,162.375,162.339,162.368,74,10,0
1783645800,162.369,162.372,162.365,162.368,711,18,0
1783646100,162.368,162.368,162.355,162.359,29,17,0
1783646400,162.359,162.36,162.354,162.357,15,18,0
1783646700,162.357,162.36,162.353,162.36,17,16,0
1783647000,162.355,162.36,162.348,162.357,23,11,0
1783647300,162.357,162.361,162.357,162.36,24,14,0
1783647600,162.36,162.361,162.347,162.348,49,17,0
1783647900,162.347,162.35,162.342,162.349,20,15,0
1783648200,162.349,162.349,162.347,162.348,13,15,0
1783648500,162.347,162.349,162.346,162.346,13,16,0
1783648800,162.346,162.35,162.346,162.348,20,15,0
1783649100,162.349,162.349,162.335,162.338,44,14,0
1783649400,162.338,162.349,162.335,162.335,26,10,0
1783649700,162.337,162.341,162.335,162.34,24,14,0
1783650000,162.34,162.375,162.34,162.369,49,11,0
1783650300,162.37,162.379,162.369,162.372,39,10,0
1783650600,162.373,162.375,162.361,162.363,38,15,0
1783650900,162.363,162.364,162.354,162.36,45,12,0
1783651200,162.361,162.361,162.354,162.359,70,13,0
1783651500,162.359,162.36,162.349,162.357,127,13,0
1783651800,162.357,162.376,162.354,162.369,81,13,0
1783652100,162.37,162.379,162.358,162.359,135,11,0
1783652400,162.361,162.362,162.321,162.353,363,10,0
1783652700,162.352,162.366,162.339,162.365,155,10,0
1783653000,162.367,162.404,162.361,162.389,165,10,0
1783653300,162.388,162.4,162.376,162.386,163,10,0
1783653600,162.387,162.414,162.387,162.413,212,10,0
1783653900,162.412,162.418,162.408,162.41,87,11,0
1783654200,162.41,162.411,162.36,162.384,291,10,0
1783654500,162.383,162.387,162.357,162.376,267,10,0
1783654800,162.376,162.376,162.291,162.305,361,10,0
1783655100,162.305,162.305,162.083,162.131,1110,10,0
1783655400,162.131,162.131,162.029,162.059,971,10,0
1783655700,162.064,162.081,161.886,162.051,1025,10,0
1783656000,162.051,162.1,161.95,161.971,848,10,0
1783656300,161.971,162.023,161.853,161.898,894,10,0
1783656600,161.902,161.923,161.787,161.792,890,10,0
1783656900,161.793,161.796,161.626,161.732,1234,10,0
1783657200,161.733,161.898,161.73,161.869,812,10,0
1783657500,161.87,161.896,161.847,161.893,558,10,0
1783657800,161.892,161.899,161.756,161.769,774,10,0
1783658100,161.771,161.84,161.727,161.824,829,10,0
1783658400,161.82,161.867,161.799,161.855,656,10,0
1783658700,161.855,161.855,161.764,161.774,726,10,0
1783659000,161.773,161.775,161.672,161.688,1052,10,0
1783659300,161.689,161.735,161.664,161.731,899,10,0
1783659600,161.73,161.749,161.651,161.708,643,10,0
1783659900,161.707,161.71,161.455,161.531,865,10,0
1783660200,161.53,161.544,161.428,161.436,908,10,0
1783660500,161.434,161.438,161.325,161.342,834,10,0
1783660800,161.342,161.442,161.279,161.419,807,10,0
1783661100,161.42,161.477,161.386,161.461,795,10,0
1783661400,161.461,161.519,161.434,161.499,758,10,0
1783661700,161.502,161.551,161.497,161.501,652,10,0
1783662000,161.5,161.502,161.368,161.397,741,10,0
1783662300,161.396,161.46,161.356,161.436,598,10,0
1783662600,161.436,161.439,161.344,161.363,681,10,0
1783662900,161.364,161.456,161.362,161.448,748,10,0
1783663200,161.448,161.495,161.387,161.473,606,10,0
1783663500,161.474,161.493,161.419,161.421,405,10,0
1783663800,161.421,161.467,161.421,161.457,396,10,0
1783664100,161.458,161.49,161.401,161.425,478,10,0
1783664400,161.424,161.469,161.405,161.446,492,10,0
1783664700,161.447,161.447,161.381,161.385,601,10,0
1783665000,161.386,161.417,161.348,161.349,599,10,0
1783665300,161.348,161.411,161.348,161.383,401,10,0
1783665600,161.383,161.435,161.376,161.418,264,10,0
1783665900,161.418,161.477,161.418,161.462,262,10,0
1783666200,161.463,161.491,161.444,161.49,277,10,0
1783666500,161.49,161.57,161.488,161.512,437,10,0
1783666800,161.514,161.556,161.513,161.539,325,10,0
1783667100,161.538,161.56,161.527,161.533,336,10,0
1783667400,161.534,161.568,161.529,161.553,217,10,0
1783667700,161.552,161.592,161.551,161.579,296,10,0
1783668000,161.578,161.67,161.578,161.661,404,10,0
1783668300,161.662,161.68,161.623,161.63,447,10,0
1783668600,161.631,161.656,161.63,161.633,271,10,0
1783668900,161.634,161.642,161.613,161.629,196,10,0
1783669200,161.629,161.678,161.626,161.674,284,10,0
1783669500,161.674,161.704,161.653,161.674,281,10,0
1783669800,161.675,161.688,161.669,161.684,177,10,0
1783670100,161.685,161.687,161.624,161.627,270,10,0
1783670400,161.628,161.644,161.551,161.576,459,10,0
1783670700,161.577,161.577,161.469,161.497,513,10,0
1783671000,161.498,161.539,161.491,161.498,316,10,0
1783671300,161.498,161.62,161.497,161.62,427,10,0
1783671600,161.623,161.652,161.606,161.647,392,10,0
1783671900,161.649,161.654,161.593,161.617,393,10,0
1783672200,161.617,161.645,161.604,161.645,370,10,0
1783672500,161.644,161.646,161.619,161.625,370,10,0
1783672800,161.627,161.659,161.611,161.641,392,10,0
1783673100,161.641,161.642,161.531,161.544,552,10,0
1783673400,161.545,161.57,161.495,161.568,600,10,0
1783673700,161.568,161.598,161.565,161.577,292,10,0
1783674000,161.581,161.581,161.481,161.502,422,10,0
1783674300,161.502,161.506,161.462,161.477,504,10,0
1783674600,161.477,161.531,161.476,161.502,487,10,0
1783674900,161.5,161.516,161.406,161.409,724,10,0
1783675200,161.409,161.48,161.408,161.479,535,10,0
1783675500,161.48,161.568,161.475,161.564,451,10,0
1783675800,161.565,161.576,161.506,161.513,576,10,0
1783676100,161.511,161.551,161.491,161.551,458,10,0
1783676400,161.553,161.566,161.538,161.566,562,10,0
1783676700,161.567,161.611,161.566,161.589,445,10,0
1783677000,161.59,161.595,161.561,161.594,366,10,0
1783677300,161.594,161.599,161.573,161.577,219,10,0
1783677600,161.577,161.671,161.571,161.659,468,10,0
1783677900,161.66,161.676,161.639,161.645,368,10,0
1783678200,161.645,161.683,161.641,161.67,398,10,0
1783678500,161.669,161.727,161.669,161.67,414,10,0
1783678800,161.669,161.724,161.634,161.722,509,10,0
1783679100,161.722,161.769,161.71,161.744,522,10,0
1783679400,161.743,161.765,161.74,161.759,353,10,0
1783679700,161.76,161.765,161.709,161.719,640,10,0
1783680000,161.719,161.727,161.651,161.667,458,10,0
1783680300,161.668,161.738,161.666,161.671,487,10,0
1783680600,161.672,161.702,161.651,161.699,444,10,0
1783680900,161.7,161.709,161.683,161.689,512,10,0
1783681200,161.689,161.693,161.538,161.617,910,10,0
1783681500,161.618,161.647,161.581,161.591,508,10,0
1783681800,161.59,161.642,161.586,161.629,541,10,0
1783682100,161.63,161.699,161.625,161.696,386,10,0
1783682400,161.696,161.718,161.682,161.716,419,10,0
1783682700,161.715,161.741,161.705,161.722,466,10,0
1783683000,161.723,161.729,161.576,161.649,969,10,0
1783683300,161.649,161.676,161.627,161.641,592,10,0
1783683600,161.64,161.643,161.575,161.59,695,10,0
1783683900,161.589,161.624,161.584,161.622,462,10,0
1783684200,161.616,161.672,161.612,161.658,391,10,0
1783684500,161.658,161.686,161.646,161.683,311,10,0
1783684800,161.688,161.695,161.638,161.639,490,10,0
1783685100,161.635,161.691,161.633,161.688,287,10,0
1783685400,161.687,161.722,161.683,161.7,342,10,0
1783685700,161.699,161.711,161.655,161.687,356,10,0
1783686000,161.687,161.709,161.686,161.702,352,10,0
1783686300,161.702,161.763,161.699,161.759,316,10,0
1783686600,161.759,161.824,161.759,161.81,494,10,0
1783686900,161.809,161.822,161.763,161.787,486,10,0
1783687200,161.787,161.791,161.752,161.784,330,10,0
1783687500,161.784,161.814,161.78,161.799,274,10,0
1783687800,161.799,161.855,161.795,161.825,253,10,0
1783688100,161.825,161.837,161.806,161.822,357,10,0
1783688400,161.82,161.82,161.768,161.768,507,10,0
1783688700,161.768,161.788,161.754,161.781,405,10,0
1783689000,161.782,161.79,161.773,161.784,255,10,0
1783689300,161.784,161.794,161.76,161.761,203,10,0
1783689600,161.762,161.769,161.727,161.73,372,10,0
1783689900,161.72,161.725,161.691,161.697,404,10,0
1783690200,161.697,161.74,161.695,161.738,208,10,0
1783690500,161.741,161.742,161.697,161.714,271,10,0
1783690800,161.715,161.745,161.712,161.743,229,10,0
1783691100,161.743,161.789,161.743,161.782,302,10,0
1783691400,161.781,161.791,161.767,161.782,258,10,0
1783691700,161.781,161.791,161.734,161.761,477,10,0
1783692000,161.761,161.785,161.753,161.761,506,10,0
1783692300,161.761,161.772,161.74,161.742,419,10,0
1783692600,161.742,161.77,161.742,161.767,357,10,0
1783692900,161.768,161.8,161.743,161.774,354,10,0
1783693200,161.773,161.786,161.769,161.78,193,10,0
1783693500,161.781,161.838,161.779,161.804,538,10,0
1783693800,161.803,161.837,161.794,161.82,391,10,0
1783694100,161.82,161.873,161.82,161.871,345,10,0
1783694400,161.871,161.88,161.825,161.838,306,10,0
1783694700,161.839,161.847,161.822,161.842,306,10,0
1783695000,161.842,161.852,161.823,161.847,369,10,0
1783695300,161.848,161.862,161.842,161.844,345,10,0
1783695600,161.845,161.883,161.837,161.883,383,10,0
1783695900,161.882,161.888,161.859,161.863,355,10,0
1783696200,161.861,161.864,161.681,161.76,569,10,0
1783696500,161.76,161.788,161.752,161.787,566,10,0
1783696800,161.788,161.831,161.788,161.822,298,10,0
1783697100,161.822,161.83,161.794,161.825,245,10,0
1783697400,161.824,161.859,161.81,161.85,416,10,0
1783697700,161.849,161.881,161.838,161.848,623,10,0
1783698000,161.848,161.855,161.798,161.804,598,10,0
1783698300,161.805,161.816,161.781,161.785,396,10,0
1783698600,161.786,161.814,161.784,161.81,287,10,0
1783698900,161.81,161.818,161.79,161.792,293,10,0
1783699200,161.792,161.854,161.79,161.85,369,10,0
1783699500,161.852,161.852,161.815,161.828,444,10,0
1783699800,161.828,161.836,161.796,161.803,321,10,0
1783700100,161.803,161.813,161.789,161.791,285,10,0
1783700400,161.792,161.793,161.76,161.788,314,10,0
1783700700,161.787,161.8,161.762,161.799,289,10,0
1783701000,161.799,161.829,161.786,161.817,264,10,0
1783701300,161.818,161.819,161.777,161.788,466,10,0
1783701600,161.789,161.798,161.752,161.773,351,10,0
1783701900,161.773,161.775,161.718,161.761,437,10,0
1783702200,161.761,161.774,161.736,161.774,379,10,0
1783702500,161.774,161.798,161.754,161.761,518,10,0
1783702800,161.761,161.82,161.759,161.82,498,10,0
1783703100,161.821,161.832,161.792,161.794,403,10,0
1783703400,161.794,161.808,161.76,161.76,355,10,0
1783703700,161.761,161.792,161.76,161.774,355,10,0
1783704000,161.775,161.802,161.758,161.802,398,10,0
1783704300,161.806,161.807,161.756,161.759,362,10,0
1783704600,161.76,161.859,161.741,161.792,831,10,0
1783704900,161.793,161.826,161.786,161.798,703,10,0
1783705200,161.798,161.839,161.789,161.835,407,10,0
1783705500,161.836,161.851,161.823,161.85,353,10,0
1783705800,161.849,161.853,161.82,161.82,333,10,0
1783706100,161.821,161.863,161.812,161.821,425,10,0
1783706400,161.822,161.839,161.781,161.788,509,10,0
1783706700,161.787,161.79,161.754,161.762,366,10,0
1783707000,161.763,161.763,161.706,161.708,346,10,0
1783707300,161.71,161.711,161.617,161.627,741,10,0
1783707600,161.628,161.638,161.513,161.54,847,10,0
1783707900,161.536,161.539,161.468,161.515,708,10,0
1783708200,161.516,161.519,161.458,161.459,664,10,0
1783708500,161.459,161.48,161.392,161.411,637,10,0
1783708800,161.411,161.455,161.402,161.455,563,10,0
1783709100,161.454,161.495,161.43,161.442,572,10,0
1783709400,161.441,161.444,161.392,161.425,616,10,0
1783709700,161.426,161.427,161.276,161.315,866,10,0
1783710000,161.315,161.386,161.297,161.383,827,10,0
1783710300,161.382,161.407,161.317,161.342,682,10,0
1783710600,161.342,161.369,161.306,161.334,639,10,0
1783710900,161.331,161.387,161.297,161.384,817,10,0
1783711200,161.385,161.411,161.362,161.378,517,10,0
1783711500,161.378,161.38,161.327,161.339,485,10,0
1783711800,161.34,161.408,161.339,161.408,381,10,0
1783712100,161.408,161.441,161.391,161.431,320,10,0
1783712400,161.43,161.449,161.401,161.448,357,10,0
1783712700,161.447,161.475,161.431,161.473,366,10,0
1783713000,161.475,161.507,161.449,161.494,474,10,0
1783713300,161.493,161.505,161.461,161.505,368,10,0
1783713600,161.504,161.52,161.486,161.515,410,10,0
1783713900,161.514,161.547,161.504,161.545,369,10,0
1783714200,161.545,161.547,161.52,161.532,301,10,0
1783714500,161.533,161.548,161.512,161.546,283,10,0
1783714800,161.547,161.582,161.538,161.581,211,10,0
1783715100,161.58,161.584,161.534,161.535,260,10,0
1783715400,161.534,161.54,161.517,161.53,287,10,0
1783715700,161.53,161.584,161.53,161.574,269,10,0
1783716000,161.575,161.576,161.555,161.562,192,10,0
1783716300,161.562,161.577,161.56,161.574,210,10,0
1783716600,161.575,161.619,161.57,161.605,241,10,0
1783716900,161.604,161.65,161.604,161.642,227,10,0
1783717200,161.642,161.67,161.628,161.666,214,10,0
1783717500,161.666,161.69,161.662,161.686,239,10,0
1783717800,161.686,161.689,161.661,161.68,257,10,0
1783718100,161.679,161.689,161.663,161.678,242,10,0
1783718400,161.679,161.693,161.668,161.693,187,10,0
1783718700,161.692,161.7,161.666,161.699,269,10,0
1783719000,161.7,161.728,161.685,161.689,282,10,0
1783719300,161.69,161.706,161.679,161.699,299,10,0
1783719600,161.7,161.726,161.7,161.719,156,10,0
1783719900,161.719,161.727,161.683,161.684,188,10,0
1783720200,161.684,161.692,161.662,161.685,243,10,0
1783720500,161.685,161.701,161.678,161.683,188,10,0
1783720800,161.684,161.702,161.671,161.699,233,10,0
1783721100,161.699,161.712,161.688,161.699,134,10,0
1783721400,161.699,161.73,161.698,161.723,178,10,0
1783721700,161.722,161.724,161.7,161.703,169,10,0
1783722000,161.704,161.708,161.682,161.686,156,10,0
1783722300,161.687,161.701,161.685,161.695,118,10,0
1783722600,161.696,161.699,161.673,161.695,218,10,0
1783722900,161.694,161.71,161.682,161.71,168,10,0
1783723200,161.711,161.724,161.7,161.724,130,10,0
1783723500,161.723,161.741,161.722,161.739,173,10,0
1783723800,161.738,161.741,161.726,161.727,165,10,0
1783724100,161.726,161.731,161.688,161.731,316,10,0
1783724400,161.73,161.746,161.7,161.707,259,10,0
1783724700,161.707,161.744,161.699,161.744,297,10,0
1783725000,161.743,161.743,161.722,161.724,223,10,0
1783725300,161.724,161.734,161.711,161.713,156,10,0
1783725600,161.713,161.721,161.7,161.719,113,11,0
1783725900,161.718,161.72,161.703,161.713,100,11,0
1783726200,161.713,161.738,161.71,161.728,236,10,0
1783726500,161.727,161.746,161.726,161.731,85,11,0
1783726800,161.732,161.736,161.72,161.729,114,12,0
1783727100,161.73,161.745,161.73,161.735,184,10,0
1783727400,161.73,161.754,161.727,161.728,197,10,0
1783727700,161.728,161.728,161.67,161.67,181,15,0
1783900800,161.667,161.67,161.667,161.67,5,106,0
1783901100,161.664,161.672,161.65,161.65,13,112,0
1783901400,161.65,161.65,161.65,161.65,4,137,0
1783901700,161.65,161.708,161.65,161.681,12,77,0
1783902000,161.681,161.682,161.677,161.679,11,102,0
1783902300,161.679,161.681,161.679,161.679,6,103,0
1783902600,161.679,161.682,161.678,161.68,16,101,0
1783902900,161.68,161.685,161.677,161.685,11,101,0
1783903200,161.683,161.696,161.679,161.695,34,106,0
1783903500,161.695,161.756,161.691,161.701,15,56,0
1783903800,161.702,161.707,161.694,161.701,27,107,0
1783904100,161.698,161.701,161.683,161.695,31,121,0
1783904400,161.678,161.943,161.678,161.881,353,10,0
1783904700,161.883,161.965,161.875,161.926,153,11,0
1783905000,161.926,162.03,161.9,161.991,495,10,0
1783905300,161.992,162.011,161.959,161.985,357,11,0
1783905600,161.984,162.019,161.98,161.994,323,13,0
1783905900,161.996,161.997,161.926,161.944,241,13,0
1783906200,161.945,161.983,161.945,161.967,239,13,0
1783906500,161.967,161.995,161.954,161.991,231,12,0
1783906800,161.993,162.02,161.99,162.009,246,12,0
1783907100,162.011,162.012,161.99,161.993,186,13,0
1783907400,161.993,162.056,161.989,162.024,243,10,0
1783907700,162.024,162.059,162.016,162.018,327,13,0
1783908000,162.022,162.059,162.018,162.053,278,10,0
1783908300,162.054,162.06,162.033,162.036,229,12,0
1783908600,162.037,162.049,161.989,161.995,269,12,0
1783908900,161.996,162.004,161.974,161.98,210,12,0
1783909200,161.978,161.991,161.967,161.985,175,11,0
1783909500,161.986,161.986,161.957,161.964,231,10,0
1783909800,161.966,162.005,161.958,161.995,211,12,0
1783910100,161.995,162.01,161.984,161.995,181,12,0
1783910400,161.996,161.998,161.98,161.99,182,11,0
1783910700,161.991,161.998,161.889,161.931,468,10,0
1783911000,161.933,161.961,161.918,161.958,468,12,0
1783911300,161.959,161.981,161.876,161.88,581,10,0
1783911600,161.879,161.97,161.873,161.922,1025,10,0
1783911900,161.922,161.945,161.896,161.915,743,10,0
1783912200,161.916,161.932,161.884,161.894,610,10,0
1783912500,161.895,161.998,161.895,161.983,719,10,0
1783912800,161.986,161.992,161.883,161.921,627,10,0
1783913100,161.922,161.965,161.919,161.963,566,10,0
1783913400,161.964,161.996,161.934,161.99,516,10,0
1783913700,161.99,162.049,161.955,162.03,728,10,0
1783914000,162.03,162.037,161.985,162.0,658,10,0
1783914300,161.999,162.032,161.977,162.03,543,10,0
1783914600,162.031,162.094,161.999,162.057,837,10,0
1783914900,162.054,162.092,162.047,162.089,530,10,0
1783915200,162.09,162.164,162.09,162.138,799,10,0
1783915500,162.138,162.147,162.123,162.138,566,10,0
1783915800,162.137,162.141,162.084,162.105,482,10,0
1783916100,162.105,162.11,162.05,162.063,511,10,0
1783916400,162.062,162.126,162.051,162.08,611,10,0
1783916700,162.081,162.081,162.038,162.038,578,10,0
1783917000,162.039,162.052,162.011,162.05,592,10,0
1783917300,162.051,162.051,162.01,162.02,415,10,0
1783917600,162.02,162.03,161.963,161.967,461,10,0
1783917900,161.965,161.978,161.952,161.961,599,10,0
1783918200,161.961,162.007,161.957,162.001,483,10,0
1783918500,162.0,162.02,161.969,161.972,593,10,0
1783918800,161.971,162.048,161.956,162.039,568,10,0
1783919100,162.039,162.087,162.033,162.057,456,10,0
1783919400,162.058,162.058,162.032,162.037,316,10,0
1783919700,162.037,162.052,162.026,162.052,385,10,0
1783920000,162.051,162.062,162.034,162.034,351,10,0
1783920300,162.034,162.055,162.025,162.047,238,10,0
1783920600,162.049,162.056,162.022,162.038,248,10,0
1783920900,162.036,162.038,162.004,162.019,295,10,0
1783921200,162.019,162.026,162.006,162.024,227,11,0
1783921500,162.024,162.04,162.012,162.021,233,10,0
1783921800,162.022,162.049,162.022,162.048,307,10,0
1783922100,162.048,162.073,162.046,162.066,217,10,0
1783922400,162.069,162.091,162.064,162.085,351,10,0
1783922700,162.086,162.108,162.085,162.099,287,10,0
1783923000,162.099,162.12,162.078,162.079,371,10,0
1783923300,162.078,162.092,162.072,162.086,229,10,0
1783923600,162.085,162.088,162.06,162.066,247,10,0
1783923900,162.065,162.09,162.063,162.088,271,11,0
1783924200,162.088,162.094,162.063,162.091,396,10,0
1783924500,162.091,162.092,162.086,162.091,236,11,0
1783924800,162.092,162.093,162.079,162.083,199,10,0
1783925100,162.084,162.087,162.063,162.072,272,10,0
1783925400,162.072,162.087,162.063,162.077,262,10,0
1783925700,162.077,162.078,162.064,162.064,309,10,0
1783926000,162.064,162.089,162.06,162.077,294,11,0
1783926300,162.077,162.088,162.065,162.079,271,10,0
1783926600,162.08,162.081,162.064,162.066,165,11,0
1783926900,162.067,162.078,162.029,162.032,207,10,0
1783927200,162.031,162.038,162.012,162.025,347,11,0
1783927500,162.02,162.023,161.986,161.986,239,10,0
1783927800,161.985,162.016,161.984,162.014,256,10,0
1783928100,162.014,162.017,162.001,162.013,158,10,0
1783928400,162.012,162.042,162.012,162.04,203,10,0
1783928700,162.041,162.041,162.008,162.013,148,10,0
1783929000,162.013,162.014,161.98,161.983,243,10,0
1783929300,161.983,161.99,161.957,161.99,317,10,0
1783929600,161.991,161.998,161.968,161.97,303,10,0
1783929900,161.97,161.976,161.942,161.948,383,10,0
1783930200,161.949,161.978,161.934,161.956,400,10,0
1783930500,161.957,161.979,161.944,161.973,443,10,0
1783930800,161.973,161.999,161.969,161.997,264,11,0
1783931100,161.998,162.062,161.995,162.049,370,10,0
1783931400,162.048,162.064,162.031,162.034,494,10,0
1783931700,162.034,162.052,162.014,162.04,530,10,0
1783932000,162.039,162.066,162.036,162.065,301,10,0
1783932300,162.065,162.075,162.052,162.061,349,10,0
1783932600,162.06,162.286,162.036,162.277,900,10,0
1783932900,162.274,162.33,162.222,162.263,942,10,0
1783933200,162.262,162.321,162.238,162.283,1060,10,0
1783933500,162.283,162.35,162.257,162.337,754,10,0
1783933800,162.338,162.34,162.295,162.324,649,10,0
1783934100,162.324,162.338,162.257,162.268,679,10,0
1783934400,162.268,162.274,162.217,162.266,787,10,0
1783934700,162.266,162.303,162.253,162.269,630,10,0
1783935000,162.271,162.314,162.248,162.28,775,10,0
1783935300,162.281,162.286,162.206,162.208,875,10,0
1783935600,162.208,162.252,162.193,162.239,540,10,0
1783935900,162.24,162.261,162.217,162.221,488,10,0
1783936200,162.222,162.247,162.201,162.218,575,10,0
1783936500,162.219,162.247,162.217,162.234,532,10,0
1783936800,162.233,162.277,162.207,162.232,750,10,0
1783937100,162.231,162.274,162.117,162.118,806,10,0
1783937400,162.12,162.155,161.823,162.094,1267,10,0
1783937700,162.095,162.153,162.084,162.131,491,10,0
1783938000,162.131,162.173,162.13,162.149,422,10,0
1783938300,162.151,162.167,162.102,162.118,903,10,0
1783938600,162.117,162.214,162.117,162.183,941,11,0
1783938900,162.185,162.194,162.126,162.154,1010,10,0
1783939200,162.153,162.22,162.153,162.217,440,10,0
1783939500,162.218,162.225,162.185,162.198,447,10,0
1783939800,162.199,162.207,162.097,162.106,653,10,0
1783940100,162.107,162.136,162.084,162.1,734,10,0
1783940400,162.096,162.116,162.068,162.106,851,10,0
1783940700,162.107,162.112,162.071,162.077,1028,10,0
1783941000,162.078,162.08,162.013,162.05,833,10,0
1783941300,162.05,162.064,162.019,162.056,758,10,0
1783941600,162.055,162.09,162.051,162.086,589,10,0
1783941900,162.087,162.115,162.081,162.106,549,10,0
1783942200,162.106,162.133,162.088,162.105,525,10,0
1783942500,162.106,162.138,162.096,162.119,429,10,0
1783942800,162.12,162.124,162.096,162.105,367,10,0
1783943100,162.106,162.115,162.055,162.067,455,10,0
1783943400,162.066,162.084,162.063,162.075,451,10,0
1783943700,162.076,162.082,162.068,162.075,463,10,0
1783944000,162.076,162.098,162.066,162.081,484,10,0
1783944300,162.08,162.098,162.063,162.078,439,10,0
1783944600,162.077,162.083,162.034,162.037,389,10,0
1783944900,162.038,162.047,161.991,162.028,618,10,0
1783945200,162.028,162.043,162.01,162.016,461,10,0
1783945500,162.015,162.018,161.977,161.992,555,10,0
1783945800,161.992,162.028,161.975,162.027,575,10,0
1783946100,162.025,162.028,162.002,162.007,266,10,0
1783946400,162.006,162.02,161.987,162.001,452,10,0
1783946700,162.001,162.009,161.978,161.999,386,10,0
1783947000,162.0,162.015,161.989,162.006,327,10,0
1783947300,162.006,162.018,161.987,161.993,353,10,0
1783947600,161.993,162.01,161.988,161.999,404,11,0
1783947900,161.998,162.051,161.998,162.051,498,10,0
1783948200,162.05,162.053,162.04,162.048,265,11,0
1783948500,162.049,162.09,162.049,162.076,463,11,0
1783948800,162.075,162.088,162.073,162.087,315,11,0
1783949100,162.088,162.119,162.086,162.117,371,11,0
1783949400,162.117,162.118,162.09,162.108,491,10,0
1783949700,162.108,162.114,162.088,162.1,340,10,0
1783950000,162.099,162.11,162.085,162.105,387,10,0
1783950300,162.106,162.114,162.091,162.092,426,10,0
1783950600,162.093,162.1,162.079,162.08,444,10,0
1783950900,162.081,162.081,162.059,162.061,426,10,0
1783951200,162.059,162.078,162.053,162.063,449,10,0
1783951500,162.064,162.07,162.025,162.052,601,10,0
1783951800,162.052,162.098,162.052,162.077,421,10,0
1783952100,162.078,162.122,162.078,162.121,568,10,0
1783952400,162.121,162.139,162.113,162.127,416,10,0
1783952700,162.127,162.133,162.091,162.094,344,11,0
1783953000,162.095,162.102,162.066,162.087,444,10,0
1783953300,162.087,162.113,162.083,162.103,396,11,0
1783953600,162.104,162.108,162.068,162.068,425,10,0
1783953900,162.068,162.087,162.066,162.073,434,10,0
1783954200,162.074,162.121,162.07,162.108,427,10,0
1783954500,162.109,162.117,162.099,162.112,306,10,0
1783954800,162.115,162.12,162.093,162.113,455,10,0
1783955100,162.112,162.148,162.107,162.138,548,10,0
1783955400,162.139,162.172,162.113,162.166,704,10,0
1783955700,162.165,162.191,162.154,162.155,493,10,0
1783956000,162.157,162.183,162.157,162.163,388,10,0
1783956300,162.162,162.181,162.152,162.169,289,10,0
1783956600,162.17,162.185,162.157,162.158,349,10,0
1783956900,162.159,162.186,162.153,162.18,377,10,0
1783957200,162.179,162.183,162.156,162.171,451,10,0
1783957500,162.172,162.173,162.141,162.154,302,10,0
1783957800,162.154,162.168,162.134,162.136,282,10,0
1783958100,162.135,162.138,162.101,162.108,440,10,0
1783958400,162.107,162.107,162.07,162.1,665,10,0
1783958700,162.099,162.118,162.099,162.113,395,10,0
1783959000,162.113,162.138,162.112,162.129,448,10,0
1783959300,162.13,162.134,162.116,162.122,427,10,0
1783959600,162.121,162.131,162.108,162.131,360,10,0
1783959900,162.131,162.145,162.118,162.121,497,10,0
1783960200,162.122,162.146,162.113,162.138,581,10,0
1783960500,162.139,162.173,162.129,162.173,553,10,0
1783960800,162.173,162.222,162.166,162.195,506,10,0
1783961100,162.195,162.22,162.168,162.212,560,10,0
1783961400,162.21,162.226,162.206,162.206,508,10,0
1783961700,162.203,162.225,162.192,162.219,395,10,0
1783962000,162.219,162.245,162.181,162.238,729,10,0
1783962300,162.237,162.268,162.232,162.255,597,10,0
1783962600,162.255,162.27,162.249,162.259,435,10,0
1783962900,162.259,162.368,162.247,162.313,967,10,0
1783963200,162.312,162.342,162.299,162.306,674,10,0
1783963500,162.307,162.331,162.29,162.295,637,10,0
1783963800,162.296,162.308,162.285,162.305,559,10,0
1783964100,162.305,162.37,162.304,162.368,469,10,0
1783964400,162.368,162.386,162.365,162.371,341,10,0
1783964700,162.372,162.382,162.34,162.353,588,10,0
1783965000,162.354,162.391,162.346,162.387,550,10,0
1783965300,162.388,162.406,162.343,162.343,775,10,0
1783965600,162.342,162.377,162.34,162.376,426,10,0
1783965900,162.376,162.376,162.342,162.353,591,10,0
1783966200,162.352,162.371,162.345,162.363,395,10,0
1783966500,162.364,162.367,162.32,162.325,387,10,0
1783966800,162.324,162.328,162.303,162.306,455,10,0
1783967100,162.307,162.323,162.3,162.31,267,10,0
1783967400,162.311,162.344,162.308,162.341,402,10,0
1783967700,162.341,162.342,162.312,162.328,371,10,0
1783968000,162.329,162.34,162.321,162.336,322,10,0
1783968300,162.336,162.356,162.334,162.348,309,10,0
1783968600,162.349,162.369,162.329,162.33,358,10,0
1783968900,162.33,162.338,162.302,162.32,342,10,0
1783969200,162.319,162.346,162.319,162.336,355,10,0
1783969500,162.336,162.342,162.322,162.322,347,10,0
1783969800,162.323,162.34,162.305,162.337,294,10,0
1783970100,162.336,162.354,162.334,162.345,378,10,0
1783970400,162.346,162.378,162.346,162.373,326,10,0
1783970700,162.376,162.41,162.366,162.402,490,10,0
1783971000,162.402,162.446,162.393,162.441,758,10,0
1783971300,162.44,162.447,162.425,162.43,517,10,0
1783971600,162.43,162.44,162.398,162.402,643,10,0
1783971900,162.402,162.441,162.391,162.436,590,10,0
1783972200,162.434,162.462,162.426,162.45,767,10,0
1783972500,162.45,162.457,162.444,162.449,321,10,0
1783972800,162.448,162.462,162.422,162.434,332,10,0
1783973100,162.434,162.444,162.426,162.434,242,10,0
1783973400,162.434,162.443,162.434,162.438,298,10,0
1783973700,162.438,162.447,162.425,162.428,312,10,0
1783974000,162.429,162.437,162.421,162.436,412,11,0
1783974300,162.434,162.442,162.428,162.436,343,10,0
1783974600,162.437,162.451,162.433,162.443,393,10,0
1783974900,162.441,162.45,162.437,162.447,132,10,0
1783975200,162.446,162.46,162.445,162.457,213,10,0
1783975500,162.456,162.457,162.435,162.443,227,10,0
1783975800,162.443,162.458,162.439,162.451,253,10,0
1783976100,162.452,162.46,162.447,162.459,141,10,0
1783976400,162.459,162.461,162.444,162.446,302,10,0
1783976700,162.447,162.449,162.43,162.439,299,11,0
1783977000,162.44,162.459,162.44,162.45,279,10,0
1783977300,162.451,162.47,162.448,162.462,190,10,0
1783977600,162.462,162.475,162.459,162.464,168,10,0
1783977900,162.464,162.465,162.424,162.428,229,10,0
1783978200,162.428,162.436,162.409,162.423,308,10,0
1783978500,162.424,162.424,162.391,162.41,316,10,0
1783978800,162.412,162.42,162.398,162.4,210,10,0
1783979100,162.4,162.418,162.397,162.402,423,10,0
1783979400,162.403,162.404,162.375,162.386,322,10,0
1783979700,162.387,162.398,162.351,162.355,484,10,0
1783980000,162.354,162.374,162.35,162.362,283,10,0
1783980300,162.363,162.412,162.362,162.411,245,11,0
1783980600,162.411,162.443,162.411,162.442,270,11,0
1783980900,162.442,162.445,162.428,162.432,135,11,0
1783981200,162.431,162.434,162.427,162.43,181,11,0
1783981500,162.43,162.439,162.42,162.436,199,11,0
1783981800,162.434,162.437,162.414,162.418,241,11,0
1783982100,162.418,162.443,162.418,162.436,173,10,0
1783982400,162.436,162.445,162.43,162.443,116,10,0
1783982700,162.444,162.445,162.438,162.443,134,11,0
1783983000,162.442,162.446,162.44,162.444,170,12,0
1783983300,162.445,162.461,162.44,162.447,417,10,0
1783983600,162.446,162.45,162.423,162.424,363,10,0
1783983900,162.424,162.439,162.424,162.437,184,10,0
1783984200,162.438,162.47,162.437,162.468,114,11,0
1783984500,162.469,162.48,162.454,162.465,192,10,0
1783984800,162.465,162.476,162.459,162.475,128,10,0
1783985100,162.474,162.475,162.445,162.45,99,10,0
1783985400,162.448,162.457,162.448,162.454,75,11,0
1783985700,162.454,162.459,162.453,162.458,116,12,0
1783986000,162.457,162.459,162.454,162.456,38,12,0
1783986300,162.456,162.473,162.455,162.471,112,13,0
1783986600,162.466,162.469,162.453,162.463,85,10,0
1783986900,162.464,162.466,162.354,162.354,100,14,0
1783987200,162.296,162.356,162.255,162.348,10,187,0
1783987500,162.348,162.388,162.348,162.375,24,105,0
1783987800,162.375,162.39,162.369,162.388,9,97,0
1783988100,162.376,162.379,162.375,162.379,7,110,0
1783988400,162.377,162.377,162.373,162.374,8,112,0
1783988700,162.374,162.458,162.374,162.452,8,37,0
1783989000,162.446,162.451,162.445,162.449,29,53,0
1783989300,162.449,162.449,162.413,162.414,24,53,0
1783989600,162.414,162.425,162.412,162.412,10,71,0
1783989900,162.409,162.414,162.408,162.414,8,70,0
1783990200,162.414,162.414,162.414,162.414,4,82,0
1783990500,162.414,162.425,162.413,162.423,22,69,0
1783990800,162.423,162.457,162.409,162.42,57,15,0
1783991100,162.42,162.436,162.419,162.436,13,10,0
1783991400,162.436,162.441,162.434,162.434,48,16,0
1783991700,162.434,162.435,162.422,162.422,62,14,0
1783992000,162.421,162.427,162.42,162.426,69,17,0
1783992300,162.425,162.427,162.422,162.425,62,17,0
1783992600,162.424,162.426,162.422,162.423,59,15,0
1783992900,162.422,162.427,162.42,162.422,50,18,0
1783993200,162.421,162.424,162.409,162.41,58,14,0
1783993500,162.411,162.416,162.411,162.414,67,17,0
1783993800,162.415,162.427,162.414,162.425,75,16,0
1783994100,162.425,162.441,162.424,162.441,70,14,0
1783994400,162.44,162.449,162.423,162.424,169,15,0
1783994700,162.423,162.423,162.406,162.408,150,14,0
1783995000,162.408,162.423,162.408,162.418,34,12,0
1783995300,162.418,162.43,162.416,162.428,72,12,0
1783995600,162.428,162.431,162.426,162.427,49,11,0
1783995900,162.427,162.427,162.407,162.41,102,10,0
1783996200,162.409,162.418,162.402,162.404,96,11,0
1783996500,162.402,162.407,162.4,162.404,71,12,0
1783996800,162.404,162.404,162.384,162.396,148,10,0
1783997100,162.395,162.41,162.384,162.403,125,12,0
1783997400,162.402,162.417,162.399,162.413,267,11,0
1783997700,162.413,162.434,162.411,162.415,258,10,0
1783998000,162.416,162.438,162.402,162.412,459,10,0
1783998300,162.414,162.425,162.385,162.397,422,11,0
1783998600,162.396,162.409,162.383,162.398,305,10,0
1783998900,162.398,162.455,162.395,162.453,357,10,0
1783999200,162.453,162.463,162.438,162.447,626,10,0
1783999500,162.446,162.452,162.422,162.424,336,11,0
1783999800,162.425,162.446,162.417,162.43,373,10,0
1784000100,162.429,162.431,162.408,162.418,231,10,0
1784000400,162.417,162.442,162.294,162.347,363,10,0
1784000700,162.349,162.42,162.227,162.367,1095,10,0
1784001000,162.366,162.366,162.289,162.31,943,10,0
1784001300,162.306,162.378,162.298,162.378,516,10,0
1784001600,162.378,162.382,162.345,162.358,614,10,0
1784001900,162.359,162.362,162.326,162.349,421,10,0
1784002200,162.349,162.358,162.333,162.339,348,10,0
1784002500,162.337,162.35,162.324,162.337,395,10,0
1784002800,162.337,162.356,162.319,162.344,311,10,0
1784003100,162.344,162.389,162.342,162.385,272,10,0
1784003400,162.385,162.386,162.333,162.365,423,10,0
1784003700,162.365,162.416,162.365,162.409,369,10,0
1784004000,162.409,162.419,162.376,162.389,306,10,0
1784004300,162.387,162.405,162.383,162.404,318,10,0
1784004600,162.404,162.416,162.373,162.401,456,10,0
1784004900,162.402,162.413,162.384,162.389,349,10,0
1784005200,162.389,162.408,162.385,162.4,277,10,0
1784005500,162.401,162.401,162.367,162.376,389,11,0
1784005800,162.376,162.379,162.336,162.343,309,10,0
1784006100,162.342,162.365,162.342,162.349,244,10,0
1784006400,162.348,162.363,162.335,162.353,321,10,0
1784006700,162.353,162.354,162.331,162.347,232,10,0
1784007000,162.347,162.365,162.339,162.365,313,10,0
1784007300,162.365,162.366,162.348,162.35,238,10,0
1784007600,162.349,162.358,162.333,162.335,255,10,0
1784007900,162.334,162.337,162.303,162.306,270,11,0
1784008200,162.307,162.326,162.307,162.317,284,10,0
1784008500,162.316,162.331,162.315,162.321,230,10,0
1784008800,162.321,162.347,162.314,162.338,363,10,0
1784009100,162.338,162.367,162.338,162.353,212,10,0
1784009400,162.354,162.358,162.326,162.336,222,10,0
1784009700,162.335,162.351,162.322,162.341,239,11,0
1784010000,162.341,162.352,162.331,162.336,221,10,0
1784010300,162.337,162.339,162.322,162.323,226,10,0
1784010600,162.322,162.326,162.299,162.305,302,10,0
1784010900,162.306,162.309,162.224,162.243,409,10,0
1784011200,162.244,162.27,162.241,162.259,310,10,0
1784011500,162.258,162.273,162.241,162.272,259,11,0
1784011800,162.273,162.273,162.247,162.256,214,10,0
1784012100,162.257,162.287,162.256,162.286,112,11,0
1784012400,162.284,162.285,162.257,162.275,181,10,0
1784012700,162.274,162.301,162.274,162.298,160,10,0
1784013000,162.299,162.31,162.296,162.3,209,11,0
1784013300,162.299,162.302,162.278,162.281,193,10,0
1784013600,162.282,162.299,162.281,162.297,165,11,0
1784013900,162.297,162.311,162.296,162.311,197,10,0
1784014200,162.311,162.316,162.298,162.298,162,10,0
1784014500,162.297,162.311,162.296,162.297,287,10,0
1784014800,162.297,162.3,162.289,162.298,88,10,0
1784015100,162.298,162.313,162.296,162.312,175,10,0
1784015400,162.313,162.334,162.307,162.319,301,10,0
1784015700,162.319,162.319,162.307,162.314,149,10,0
1784016000,162.314,162.314,162.292,162.309,215,10,0
1784016300,162.31,162.31,162.284,162.301,158,11,0
1784016600,162.301,162.301,162.294,162.298,109,10,0
1784016900,162.297,162.301,162.288,162.288,114,10,0
1784017200,162.289,162.293,162.256,162.286,265,10,0
1784017500,162.286,162.303,162.279,162.296,202,11,0
1784017800,162.297,162.297,162.267,162.281,321,10,0
1784018100,162.28,162.287,162.26,162.282,300,11,0
1784018400,162.283,162.283,162.256,162.26,224,11,0
1784018700,162.261,162.265,162.238,162.249,247,11,0
1784019000,162.249,162.271,162.241,162.271,274,10,0
1784019300,162.271,162.297,162.271,162.283,260,11,0
1784019600,162.282,162.313,162.27,162.312,477,10,0
1784019900,162.312,162.322,162.302,162.311,459,10,0
1784020200,162.31,162.312,162.279,162.306,453,10,0
1784020500,162.307,162.321,162.297,162.309,398,10,0
1784020800,162.309,162.348,162.297,162.323,393,10,0
1784021100,162.324,162.362,162.317,162.36,405,10,0
1784021400,162.361,162.364,162.29,162.313,548,10,0
1784021700,162.315,162.346,162.304,162.335,414,10,0
1784022000,162.334,162.341,162.32,162.337,418,10,0
1784022300,162.337,162.348,162.318,162.348,333,10,0
1784022600,162.348,162.367,162.339,162.358,255,10,0
1784022900,162.359,162.362,162.323,162.341,354,10,0
1784023200,162.341,162.366,162.341,162.35,481,10,0
1784023500,162.35,162.367,162.336,162.361,381,10,0
1784023800,162.362,162.365,162.332,162.346,365,10,0
1784024100,162.347,162.365,162.335,162.36,401,10,0
1784024400,162.361,162.361,162.299,162.305,386,10,0
1784024700,162.305,162.319,162.29,162.311,438,10,0
1784025000,162.312,162.355,162.312,162.334,456,10,0
1784025300,162.334,162.338,162.314,162.332,347,10,0
1784025600,162.332,162.361,162.331,162.347,396,10,0
1784025900,162.347,162.353,162.314,162.322,407,10,0
1784026200,162.323,162.349,162.313,162.321,385,10,0
1784026500,162.321,162.346,162.32,162.338,522,10,0
1784026800,162.338,162.382,162.335,162.36,603,10,0
1784027100,162.361,162.366,162.35,162.36,433,10,0
1784027400,162.36,162.367,162.347,162.35,257,10,0
1784027700,162.35,162.363,162.35,162.354,275,10,0
1784028000,162.354,162.357,162.333,162.335,256,10,0
1784028300,162.333,162.339,162.324,162.328,288,10,0
1784028600,162.329,162.336,162.316,162.326,246,10,0
1784028900,162.326,162.327,162.294,162.297,259,10,0
1784029200,162.297,162.299,162.047,162.206,805,10,0
1784029500,162.205,162.226,162.178,162.216,592,10,0
1784029800,162.215,162.241,162.201,162.221,337,10,0
1784030100,162.222,162.271,162.22,162.27,310,10,0
1784030400,162.269,162.277,162.221,162.228,513,11,0
1784030700,162.227,162.244,162.219,162.235,401,11,0
1784031000,162.235,162.235,162.187,162.192,428,10,0
1784031300,162.191,162.241,162.191,162.221,461,11,0
1784031600,162.221,162.241,162.22,162.23,238,11,0
1784031900,162.229,162.239,162.205,162.214,317,10,0
1784032200,162.214,162.224,162.197,162.221,365,10,0
1784032500,162.222,162.222,162.204,162.21,229,11,0
1784032800,162.212,162.218,162.204,162.21,231,10,0
1784033100,162.21,162.211,162.178,162.183,430,11,0
1784033400,162.184,162.196,162.153,162.154,313,10,0
1784033700,162.153,162.188,162.153,162.178,288,10,0
1784034000,162.177,162.179,162.152,162.156,407,11,0
1784034300,162.155,162.201,162.154,162.199,279,10,0
1784034600,162.199,162.211,162.188,162.209,294,11,0
1784034900,162.208,162.217,162.188,162.202,367,10,0
1784035200,162.202,162.214,162.188,162.193,284,11,0
1784035500,162.194,162.214,162.194,162.203,272,10,0
1784035800,162.204,162.227,162.197,162.223,320,10,0
1784036100,162.223,162.233,162.208,162.224,345,10,0
1784036400,162.224,162.252,162.224,162.238,279,11,0
1784036700,162.238,162.247,162.231,162.237,297,11,0
1784037000,162.237,162.247,162.232,162.239,392,10,0
1784037300,162.239,162.259,162.238,162.25,435,10,0
1784037600,162.251,162.273,162.24,162.253,493,10,0
1784037900,162.253,162.254,162.229,162.233,337,10,0
1784038200,162.233,162.248,162.229,162.239,316,10,0
1784038500,162.239,162.258,162.239,162.244,354,10,0
1784038800,162.245,162.25,162.222,162.222,285,10,0
1784039100,162.223,162.247,162.223,162.238,406,10,0
1784039400,162.237,162.238,162.197,162.215,328,10,0
1784039700,162.215,162.219,162.202,162.202,281,10,0
1784040000,162.202,162.218,162.198,162.211,299,10,0
1784040300,162.212,162.215,162.194,162.203,400,10,0
1784040600,162.203,162.207,162.186,162.196,258,10,0
1784040900,162.199,162.199,162.18,162.194,252,10,0
1784041200,162.194,162.203,162.161,162.182,452,10,0
1784041500,162.182,162.217,162.178,162.213,398,10,0
1784041800,162.212,162.218,162.191,162.201,344,10,0
1784042100,162.202,162.229,162.2,162.217,394,10,0
1784042400,162.219,162.222,162.185,162.19,521,10,0
1784042700,162.189,162.198,162.082,162.086,313,10,0
1784043000,162.078,162.13,161.605,161.748,2032,10,0
1784043300,161.748,161.859,161.713,161.812,1547,10,0
1784043600,161.81,161.82,161.692,161.729,1396,10,0
1784043900,161.728,161.819,161.691,161.787,1105,10,0
1784044200,161.789,161.929,161.784,161.913,1133,10,0
1784044500,161.912,161.945,161.881,161.906,1157,10,0
1784044800,161.905,161.931,161.827,161.875,1387,10,0
1784045100,161.874,161.892,161.845,161.877,1169,10,0
1784045400,161.877,161.951,161.865,161.914,960,10,0
1784045700,161.914,161.935,161.877,161.928,939,10,0
1784046000,161.927,161.965,161.854,161.887,1036,10,0
1784046300,161.885,161.896,161.852,161.868,958,10,0
1784046600,161.867,161.943,161.85,161.914,1103,10,0
1784046900,161.915,161.949,161.914,161.937,846,10,0
1784047200,161.938,161.973,161.927,161.945,859,10,0
1784047500,161.946,161.962,161.915,161.919,979,10,0
1784047800,161.919,161.954,161.906,161.923,824,10,0
1784048100,161.922,161.94,161.907,161.921,516,10,0
1784048400,161.923,161.928,161.851,161.87,693,10,0
1784048700,161.874,161.9,161.844,161.898,828,10,0
1784049000,161.897,161.904,161.856,161.881,786,10,0
1784049300,161.882,161.94,161.878,161.906,1091,10,0
1784049600,161.905,161.955,161.889,161.948,816,10,0
1784049900,161.947,161.989,161.94,161.983,946,10,0
1784050200,161.984,162.011,161.826,161.929,1040,10,0
1784050500,161.93,161.934,161.892,161.922,987,10,0
1784050800,161.921,161.95,161.912,161.941,641,10,0
1784051100,161.942,161.959,161.92,161.945,657,10,0
1784051400,161.944,161.965,161.924,161.95,637,10,0
1784051700,161.95,161.97,161.942,161.965,600,10,0
1784052000,161.966,162.024,161.874,161.914,947,10,0
1784052300,161.913,161.946,161.908,161.922,997,10,0
1784052600,161.921,161.958,161.918,161.92,699,10,0
1784052900,161.921,161.941,161.903,161.933,746,10,0
1784053200,161.934,161.962,161.918,161.96,555,10,0
1784053500,161.96,161.967,161.939,161.945,553,10,0
1784053800,161.944,161.992,161.94,161.99,687,10,0
1784054100,161.989,162.019,161.988,162.012,588,10,0
1784054400,162.013,162.101,162.009,162.088,887,10,0
1784054700,162.088,162.094,162.037,162.094,772,10,0
1784055000,162.094,162.153,162.092,162.136,726,10,0
1784055300,162.138,162.165,162.121,162.139,563,10,0
1784055600,162.137,162.194,162.134,162.179,607,10,0
1784055900,162.177,162.194,162.165,162.173,560,10,0
1784056200,162.171,162.173,162.131,162.147,620,10,0
1784056500,162.148,162.153,162.129,162.152,457,10,0
1784056800,162.153,162.161,162.14,162.144,452,10,0
1784057100,162.143,162.163,162.137,162.156,407,10,0
1784057400,162.155,162.156,162.139,162.14,381,10,0
1784057700,162.14,162.14,162.104,162.111,285,10,0
1784058000,162.11,162.137,162.103,162.13,308,10,0
1784058300,162.129,162.148,162.119,162.139,300,10,0
1784058600,162.139,162.143,162.113,162.113,297,10,0
1784058900,162.113,162.131,162.099,162.109,304,10,0
1784059200,162.109,162.151,162.109,162.148,343,10,0
1784059500,162.147,162.18,162.146,162.159,336,10,0
1784059800,162.159,162.197,162.159,162.19,350,10,0
1784060100,162.19,162.226,162.184,162.225,544,10,0
1784060400,162.227,162.232,162.19,162.2,385,10,0
1784060700,162.197,162.198,162.171,162.177,467,10,0
1784061000,162.175,162.186,162.167,162.186,302,10,0
1784061300,162.186,162.193,162.179,162.183,251,10,0
1784061600,162.182,162.183,162.155,162.159,241,10,0
1784061900,162.158,162.177,162.153,162.154,197,10,0
1784062200,162.155,162.16,162.145,162.157,256,10,0
1784062500,162.156,162.187,162.154,162.187,270,11,0
1784062800,162.186,162.197,162.181,162.187,234,10,0
1784063100,162.187,162.197,162.185,162.19,221,10,0
1784063400,162.189,162.195,162.173,162.176,226,10,0
1784063700,162.176,162.178,162.157,162.164,220,10,0
1784064000,162.166,162.203,162.165,162.2,403,10,0
1784064300,162.2,162.211,162.193,162.203,254,10,0
1784064600,162.206,162.22,162.195,162.208,289,10,0
1784064900,162.209,162.237,162.207,162.228,350,10,0
1784065200,162.229,162.282,162.229,162.25,599,10,0
1784065500,162.25,162.251,162.219,162.22,290,10,0
1784065800,162.219,162.238,162.218,162.223,378,10,0
1784066100,162.223,162.224,162.185,162.191,346,10,0
1784066400,162.19,162.191,162.164,162.174,348,10,0
1784066700,162.175,162.177,162.16,162.166,321,11,0
1784067000,162.167,162.172,162.138,162.145,235,10,0
1784067300,162.146,162.157,162.129,162.148,434,10,0
1784067600,162.147,162.181,162.147,162.169,297,10,0
1784067900,162.169,162.17,162.155,162.157,229,10,0
1784068200,162.158,162.197,162.151,162.175,662,10,0
1784068500,162.176,162.182,162.166,162.175,346,10,0
1784068800,162.176,162.187,162.163,162.165,288,10,0
1784069100,162.165,162.167,162.135,162.146,334,10,0
1784069400,162.149,162.172,162.148,162.16,273,10,0
1784069700,162.159,162.21,162.159,162.209,421,11,0
1784070000,162.209,162.223,162.2,162.219,145,10,0
1784070300,162.22,162.221,162.209,162.21,80,10,0
1784070600,162.209,162.223,162.201,162.223,80,10,0
1784070900,162.223,162.239,162.223,162.238,66,10,0
1784071200,162.237,162.238,162.225,162.23,53,11,0
1784071500,162.23,162.241,162.224,162.239,113,10,0
1784071800,162.241,162.242,162.232,162.238,99,10,0
1784072100,162.239,162.249,162.232,162.238,78,10,0
1784072400,162.237,162.242,162.234,162.241,68,10,0
1784072700,162.241,162.265,162.24,162.247,126,12,0
1784073000,162.246,162.257,162.242,162.249,135,12,0
1784073300,162.248,162.258,162.224,162.226,301,14,0
1784073600,162.203,162.203,162.035,162.161,35,66,0
1784073900,162.16,162.16,162.133,162.16,7,90,0
1784074200,162.16,162.184,162.155,162.161,20,99,0
1784074500,162.161,162.164,162.161,162.161,9,116,0
1784074800,162.162,162.163,162.114,162.161,11,116,0
1784075100,162.114,162.162,162.114,162.161,6,101,0
1784075400,162.152,162.162,162.117,162.162,8,123,0
1784075700,162.173,162.175,162.173,162.175,5,91,0
1784076000,162.175,162.175,162.171,162.172,7,91,0
1784076300,162.17,162.184,162.169,162.169,22,80,0
1784076600,162.172,162.174,162.171,162.171,7,93,0
1784076900,162.171,162.178,162.171,162.173,9,90,0
1784077200,162.19,162.257,162.188,162.225,66,20,0
1784077500,162.224,162.247,162.218,162.238,63,13,0
1784077800,162.238,162.249,162.232,162.241,65,19,0
1784078100,162.241,162.248,162.234,162.246,162,17,0
1784078400,162.246,162.246,162.227,162.232,122,14,0
1784078700,162.232,162.236,162.22,162.222,141,14,0
1784079000,162.222,162.223,162.202,162.204,119,15,0
1784079300,162.205,162.215,162.201,162.205,185,13,0
1784079600,162.206,162.22,162.205,162.212,155,12,0
1784079900,162.213,162.22,162.207,162.219,94,13,0
1784080200,162.218,162.231,162.216,162.23,52,11,0
1784080500,162.229,162.234,162.228,162.228,98,14,0
1784080800,162.231,162.232,162.222,162.229,80,11,0
1784081100,162.228,162.23,162.213,162.215,86,13,0
1784081400,162.215,162.218,162.202,162.203,102,12,0
1784081700,162.203,162.219,162.202,162.216,51,14,0
1784082000,162.217,162.217,162.213,162.214,31,15,0
1784082300,162.214,162.214,162.18,162.188,168,11,0
1784082600,162.189,162.193,162.185,162.19,120,13,0
1784082900,162.19,162.201,162.185,162.19,96,10,0
1784083200,162.19,162.19,162.159,162.161,144,13,0
1784083500,162.161,162.18,162.16,162.175,101,13,0
1784083800,162.176,162.188,162.174,162.175,95,10,0
1784084100,162.176,162.19,162.173,162.187,174,13,0
1784084400,162.189,162.195,162.167,162.174,341,10,0
1784084700,162.175,162.203,162.173,162.18,284,10,0
1784085000,162.181,162.23,162.18,162.226,288,10,0
1784085300,162.227,162.232,162.198,162.208,251,10,0
1784085600,162.208,162.21,162.177,162.195,199,10,0
1784085900,162.196,162.201,162.116,162.138,393,10,0
1784086200,162.137,162.163,162.134,162.163,228,10,0
1784086500,162.162,162.187,162.159,162.178,341,10,0
1784086800,162.178,162.224,162.178,162.21,472,10,0
1784087100,162.211,162.211,162.165,162.179,395,10,0
1784087400,162.182,162.184,162.118,162.126,729,10,0
1784087700,162.121,162.122,162.071,162.094,566,10,0
1784088000,162.096,162.108,162.066,162.079,443,10,0
1784088300,162.079,162.086,161.977,162.034,639,10,0
1784088600,162.035,162.05,161.977,161.988,755,10,0
1784088900,161.987,162.011,161.959,162.009,758,10,0
1784089200,162.01,162.041,161.989,162.038,444,10,0
1784089500,162.035,162.071,162.023,162.053,454,10,0
1784089800,162.053,162.064,162.03,162.056,506,10,0
1784090100,162.057,162.077,162.048,162.072,482,10,0
1784090400,162.07,162.104,162.063,162.084,411,10,0
1784090700,162.083,162.102,162.081,162.094,333,10,0
1784091000,162.094,162.121,162.088,162.108,359,10,0
1784091300,162.107,162.116,162.09,162.091,259,10,0
1784091600,162.092,162.102,162.056,162.056,271,10,0
1784091900,162.056,162.058,162.027,162.051,337,10,0
1784092200,162.05,162.11,162.045,162.102,363,10,0
1784092500,162.101,162.112,162.091,162.11,314,10,0
1784092800,162.11,162.117,162.095,162.111,242,10,0
1784093100,162.111,162.113,162.094,162.101,194,10,0
1784093400,162.1,162.105,162.089,162.094,201,10,0
1784093700,162.093,162.106,162.089,162.098,177,11,0
1784094000,162.098,162.098,162.045,162.06,321,11,0
1784094300,162.059,162.083,162.058,162.068,237,10,0
1784094600,162.068,162.1,162.06,162.094,232,11,0
1784094900,162.094,162.104,162.081,162.1,272,10,0
1784095200,162.101,162.104,162.078,162.081,273,10,0
1784095500,162.081,162.111,162.081,162.103,185,10,0
1784095800,162.103,162.152,162.102,162.138,344,11,0
1784096100,162.139,162.174,162.135,162.173,302,10,0
1784096400,162.174,162.174,162.156,162.161,213,11,0
1784096700,162.161,162.168,162.15,162.151,226,10,0
1784097000,162.154,162.16,162.149,162.151,230,11,0
1784097300,162.151,162.16,162.144,162.147,242,10,0
1784097600,162.148,162.174,162.146,162.173,174,10,0
1784097900,162.174,162.175,162.144,162.148,155,10,0
1784098200,162.147,162.15,162.136,162.146,183,10,0
1784098500,162.145,162.148,162.13,162.137,170,11,0
1784098800,162.136,162.15,162.132,162.144,127,11,0
1784099100,162.145,162.149,162.128,162.133,129,10,0
1784099400,162.134,162.164,162.13,162.162,164,10,0
1784099700,162.163,162.167,162.156,162.159,92,10,0
1784100000,162.159,162.173,162.153,162.162,144,10,0
1784100300,162.163,162.214,162.163,162.209,353,10,0
1784100600,162.209,162.213,162.187,162.198,243,11,0
1784100900,162.195,162.203,162.186,162.199,197,10,0
1784101200,162.2,162.223,162.199,162.213,157,10,0
1784101500,162.212,162.216,162.201,162.204,83,11,0
1784101800,162.203,162.215,162.198,162.212,157,10,0
1784102100,162.213,162.214,162.199,162.205,185,10,0
1784102400,162.203,162.229,162.203,162.214,322,10,0
1784102700,162.213,162.214,162.181,162.197,288,10,0
1784103000,162.197,162.204,162.17,162.174,177,10,0
1784103300,162.175,162.188,162.169,162.17,207,10,0
1784103600,162.17,162.194,162.168,162.189,136,10,0
1784103900,162.188,162.203,162.188,162.203,179,10,0
1784104200,162.203,162.204,162.185,162.196,189,10,0
1784104500,162.197,162.202,162.184,162.186,175,10,0
1784104800,162.187,162.192,162.181,162.182,137,10,0
1784105100,162.183,162.206,162.171,162.182,313,10,0
1784105400,162.184,162.205,162.169,162.172,369,10,0
1784105700,162.173,162.199,162.173,162.195,267,11,0
1784106000,162.196,162.206,162.179,162.184,327,10,0
1784106300,162.184,162.202,162.173,162.173,275,11,0
1784106600,162.174,162.194,162.163,162.191,209,10,0
1784106900,162.191,162.194,162.162,162.164,259,10,0
1784107200,162.164,162.176,162.154,162.156,279,10,0
1784107500,162.157,162.166,162.134,162.165,366,10,0
1784107800,162.164,162.191,162.164,162.188,368,10,0
1784108100,162.188,162.191,162.174,162.174,227,10,0
1784108400,162.175,162.175,162.116,162.124,470,10,0
1784108700,162.125,162.149,162.096,162.149,411,10,0
1784109000,162.148,162.184,162.133,162.166,516,11,0
1784109300,162.167,162.21,162.164,162.205,510,11,0
1784109600,162.206,162.218,162.192,162.208,440,10,0
1784109900,162.209,162.24,162.208,162.223,355,10,0
1784110200,162.222,162.225,162.21,162.221,306,10,0
1784110500,162.221,162.237,162.215,162.232,300,10,0
1784110800,162.231,162.269,162.223,162.268,274,11,0
1784111100,162.268,162.303,162.26,162.261,339,10,0
1784111400,162.261,162.279,162.254,162.277,335,10,0
1784111700,162.278,162.291,162.262,162.282,223,10,0
1784112000,162.282,162.289,162.232,162.238,343,10,0
1784112300,162.238,162.281,162.238,162.263,251,10,0
1784112600,162.264,162.264,162.239,162.253,262,10,0
1784112900,162.253,162.268,162.25,162.262,251,10,0
1784113200,162.261,162.277,162.24,162.256,364,10,0
1784113500,162.257,162.295,162.254,162.289,301,10,0
1784113800,162.288,162.345,162.288,162.329,302,10,0
1784114100,162.328,162.343,162.313,162.313,367,10,0
1784114400,162.313,162.316,162.285,162.292,361,10,0
1784114700,162.292,162.315,162.273,162.274,453,10,0
1784115000,162.275,162.295,162.263,162.295,377,10,0
1784115300,162.295,162.307,162.289,162.302,231,10,0
1784115600,162.302,162.308,162.286,162.289,329,10,0
1784115900,162.289,162.311,162.285,162.305,300,10,0
1784116200,162.305,162.319,162.304,162.314,248,10,0
1784116500,162.314,162.329,162.29,162.293,241,10,0
1784116800,162.292,162.32,162.282,162.295,296,10,0
1784117100,162.295,162.306,162.287,162.298,332,10,0
1784117400,162.299,162.303,162.236,162.272,584,10,0
1784117700,162.27,162.3,162.27,162.289,403,10,0
1784118000,162.288,162.296,162.275,162.28,391,10,0
1784118300,162.28,162.316,162.28,162.314,326,10,0
1784118600,162.313,162.332,162.312,162.314,235,10,0
1784118900,162.314,162.329,162.313,162.322,181,10,0
1784119200,162.323,162.324,162.312,162.314,88,10,0
1784119500,162.314,162.332,162.313,162.324,210,11,0
1784119800,162.325,162.354,162.318,162.332,242,10,0
1784120100,162.332,162.367,162.332,162.36,222,10,0
1784120400,162.36,162.381,162.355,162.367,196,10,0
1784120700,162.367,162.391,162.365,162.381,200,10,0
1784121000,162.382,162.385,162.369,162.373,130,10,0
1784121300,162.372,162.384,162.356,162.372,213,10,0
1784121600,162.372,162.406,162.364,162.404,275,10,0
1784121900,162.403,162.416,162.387,162.39,224,10,0
1784122200,162.389,162.405,162.382,162.391,175,10,0
1784122500,162.392,162.4,162.39,162.396,193,10,0
1784122800,162.395,162.412,162.392,162.408,184,10,0
1784123100,162.407,162.41,162.392,162.405,196,10,0
1784123400,162.406,162.408,162.394,162.394,129,11,0
1784123700,162.395,162.395,162.31,162.321,381,10,0
1784124000,162.322,162.357,162.295,162.354,380,10,0
1784124300,162.354,162.358,162.337,162.342,295,10,0
1784124600,162.342,162.346,162.319,162.342,216,10,0
1784124900,162.342,162.355,162.34,162.353,244,10,0
1784125200,162.352,162.358,162.345,162.358,260,11,0
1784125500,162.359,162.378,162.357,162.37,249,11,0
1784125800,162.369,162.389,162.366,162.369,219,10,0
1784126100,162.368,162.371,162.344,162.368,252,10,0
1784126400,162.368,162.371,162.354,162.36,194,10,0
1784126700,162.36,162.362,162.347,162.351,221,11,0
1784127000,162.35,162.355,162.318,162.344,429,10,0
1784127300,162.345,162.359,162.332,162.338,318,10,0
1784127600,162.337,162.372,162.327,162.37,328,10,0
1784127900,162.37,162.388,162.367,162.373,495,10,0
1784128200,162.374,162.387,162.354,162.361,402,10,0
1784128500,162.36,162.378,162.348,162.378,234,11,0
1784128800,162.378,162.379,162.357,162.359,200,11,0
1784129100,162.358,162.378,162.354,162.357,280,10,0
1784129400,162.356,162.356,162.267,162.292,863,10,0
1784129700,162.292,162.305,162.272,162.286,614,10,0
1784130000,162.287,162.29,162.228,162.231,581,10,0
1784130300,162.23,162.249,162.195,162.202,502,10,0
1784130600,162.203,162.239,162.203,162.214,459,10,0
1784130900,162.213,162.226,162.135,162.16,611,10,0
1784131200,162.159,162.179,162.143,162.159,584,10,0
1784131500,162.159,162.16,162.127,162.146,457,10,0
1784131800,162.145,162.229,162.142,162.227,449,10,0
1784132100,162.228,162.236,162.182,162.188,307,10,0
1784132400,162.188,162.231,162.188,162.227,314,10,0
1784132700,162.229,162.274,162.229,162.262,367,10,0
1784133000,162.265,162.266,162.238,162.239,474,10,0
1784133300,162.239,162.25,162.22,162.228,394,10,0
1784133600,162.229,162.244,162.206,162.241,205,10,0
1784133900,162.24,162.254,162.216,162.216,335,10,0
1784134200,162.217,162.244,162.214,162.241,521,10,0
1784134500,162.24,162.246,162.151,162.202,673,10,0
1784134800,162.203,162.203,162.173,162.198,380,10,0
1784135100,162.197,162.229,162.183,162.203,568,10,0
1784135400,162.204,162.212,162.186,162.2,429,10,0
1784135700,162.201,162.201,162.162,162.163,418,10,0
1784136000,162.163,162.209,162.161,162.2,479,10,0
1784136300,162.201,162.231,162.201,162.217,492,10,0
1784136600,162.216,162.222,162.163,162.179,508,10,0
1784136900,162.178,162.213,162.175,162.21,527,10,0
1784137200,162.211,162.223,162.183,162.195,594,10,0
1784137500,162.195,162.195,162.147,162.15,517,10,0
1784137800,162.149,162.194,162.146,162.174,764,10,0
1784138100,162.176,162.181,162.112,162.135,744,10,0
1784138400,162.135,162.147,162.104,162.136,509,10,0
1784138700,162.136,162.154,162.126,162.153,287,10,0
1784139000,162.152,162.204,162.138,162.204,422,10,0
1784139300,162.207,162.21,162.165,162.176,443,10,0
1784139600,162.176,162.186,162.135,162.144,317,10,0
1784139900,162.144,162.148,162.087,162.096,419,10,0
1784140200,162.097,162.124,162.09,162.093,420,10,0
1784140500,162.094,162.137,162.07,162.134,425,10,0
1784140800,162.134,162.135,162.109,162.122,316,10,0
1784141100,162.12,162.123,162.086,162.108,251,10,0
1784141400,162.109,162.14,162.108,162.116,284,10,0
1784141700,162.116,162.137,162.116,162.125,254,10,0
1784142000,162.125,162.159,162.119,162.154,372,10,0
1784142300,162.155,162.165,162.149,162.162,258,10,0
1784142600,162.161,162.167,162.149,162.161,245,10,0
1784142900,162.161,162.165,162.136,162.153,266,10,0
1784143200,162.153,162.163,162.126,162.137,353,10,0
1784143500,162.138,162.138,162.114,162.13,274,10,0
1784143800,162.131,162.156,162.128,162.153,248,10,0
1784144100,162.153,162.179,162.148,162.174,316,10,0
1784144400,162.174,162.195,162.16,162.185,265,10,0
1784144700,162.184,162.191,162.12,162.165,591,10,0
1784145000,162.166,162.177,162.15,162.173,477,10,0
1784145300,162.174,162.18,162.154,162.158,371,10,0
1784145600,162.157,162.162,162.106,162.12,483,10,0
1784145900,162.12,162.131,162.087,162.09,332,10,0
1784146200,162.091,162.115,162.069,162.109,391,10,0
1784146500,162.11,162.12,162.098,162.1,289,10,0
1784146800,162.101,162.108,162.092,162.106,194,10,0
1784147100,162.107,162.109,162.077,162.082,249,10,0
1784147400,162.082,162.104,162.057,162.072,640,10,0
1784147700,162.071,162.078,162.048,162.049,344,10,0
1784148000,162.048,162.054,161.98,162.02,564,10,0
1784148300,162.02,162.052,161.963,161.964,491,10,0
1784148600,161.963,162.006,161.962,161.995,436,10,0
1784148900,161.994,161.998,161.978,161.982,181,10,0
1784149200,161.98,161.982,161.889,161.902,348,10,0
1784149500,161.902,161.93,161.891,161.916,393,10,0
1784149800,161.916,161.951,161.911,161.944,291,10,0
1784150100,161.944,161.955,161.89,161.893,308,10,0
1784150400,161.892,161.918,161.892,161.914,234,10,0
1784150700,161.915,161.92,161.905,161.906,206,10,0
1784151000,161.906,161.913,161.89,161.904,288,10,0
1784151300,161.905,161.934,161.891,161.899,295,10,0
1784151600,161.899,161.979,161.898,161.978,433,10,0
1784151900,161.981,161.999,161.97,161.991,493,10,0
1784152200,161.99,162.032,161.99,162.022,406,10,0
1784152500,162.022,162.057,162.017,162.041,395,10,0
1784152800,162.044,162.053,162.007,162.03,344,10,0
1784153100,162.029,162.037,162.009,162.024,313,10,0
1784153400,162.025,162.035,162.015,162.021,366,10,0
1784153700,162.021,162.071,162.021,162.064,312,10,0
1784154000,162.063,162.089,162.063,162.084,311,10,0
1784154300,162.085,162.102,162.079,162.1,283,10,0
1784154600,162.101,162.185,162.09,162.173,740,10,0
1784154900,162.173,162.238,162.159,162.202,641,10,0
1784155200,162.201,162.25,162.199,162.241,347,10,0
1784155500,162.24,162.271,162.234,162.261,370,10,0
1784155800,162.26,162.275,162.245,162.266,461,10,0
1784156100,162.264,162.269,162.195,162.224,378,10,0
1784156400,162.223,162.227,162.197,162.21,216,10,0
1784156700,162.21,162.223,162.196,162.219,181,10,0
1784157000,162.218,162.224,162.21,162.213,234,10,0
1784157300,162.214,162.216,162.208,162.213,88,10,0
1784157600,162.213,162.213,162.196,162.199,91,11,0
1784157900,162.2,162.205,162.189,162.199,119,10,0
1784158200,162.198,162.216,162.192,162.198,123,10,0
1784158500,162.197,162.217,162.197,162.217,127,10,0
1784158800,162.216,162.217,162.196,162.204,169,10,0
1784159100,162.208,162.212,162.197,162.197,91,10,0
1784159400,162.199,162.199,162.188,162.19,100,12,0
1784159700,162.189,162.192,162.168,162.168,103,18,0
1784160000,162.167,162.167,162.018,162.038,33,35,0
1784160300,162.039,162.064,162.024,162.047,40,139,0
1784160600,162.051,162.151,162.036,162.144,14,39,0
1784160900,162.144,162.152,162.135,162.135,9,74,0
1784161200,162.135,162.137,162.119,162.123,9,79,0
1784161500,162.122,162.125,162.11,162.122,9,66,0
1784161800,162.122,162.127,162.119,162.124,45,58,0
1784162100,162.124,162.127,162.119,162.12,13,57,0
1784162400,162.144,162.144,162.111,162.132,48,33,0
1784162700,162.126,162.132,162.126,162.126,31,36,0
1784163000,162.126,162.127,162.115,162.127,38,47,0
1784163300,162.122,162.13,162.102,162.114,87,28,0
1784163600,162.115,162.134,162.08,162.123,184,17,0
1784163900,162.131,162.139,162.12,162.132,138,23,0
1784164200,162.132,162.139,162.122,162.122,140,16,0
1784164500,162.124,162.129,162.081,162.092,158,10,0
1784164800,162.092,162.094,162.074,162.092,95,18,0
1784165100,162.091,162.092,162.083,162.083,101,22,0
1784165400,162.085,162.105,162.084,162.098,80,21,0
1784165700,162.099,162.116,162.098,162.1,56,21,0
1784166000,162.1,162.103,162.094,162.101,50,22,0
1784166300,162.102,162.11,162.099,162.103,39,14,0
1784166600,162.104,162.129,162.102,162.119,58,17,0
1784166900,162.118,162.131,162.105,162.116,121,13,0
1784167200,162.115,162.115,162.101,162.105,192,14,0
1784167500,162.106,162.11,162.103,162.104,84,13,0
1784167800,162.103,162.108,162.082,162.085,68,13,0
1784168100,162.084,162.091,162.055,162.057,247,13,0
1784168400,162.056,162.076,162.056,162.076,82,14,0
1784168700,162.076,162.085,162.071,162.085,37,11,0
1784169000,162.085,162.091,162.06,162.07,125,10,0
1784169300,162.069,162.073,162.067,162.072,35,13,0
1784169600,162.073,162.083,162.065,162.069,130,11,0
1784169900,162.069,162.069,162.047,162.048,154,12,0
1784170200,162.048,162.063,162.024,162.06,214,10,0
1784170500,162.059,162.072,162.045,162.067,261,10,0
1784170800,162.069,162.12,162.059,162.116,422,10,0
1784171100,162.117,162.124,162.078,162.095,267,10,0
1784171400,162.095,162.097,162.066,162.071,272,12,0
1784171700,162.072,162.08,162.05,162.061,382,11,0
1784172000,162.062,162.094,162.061,162.074,365,10,0
1784172300,162.075,162.077,162.062,162.067,280,12,0
1784172600,162.066,162.119,162.065,162.11,259,11,0
1784172900,162.109,162.116,162.088,162.089,161,10,0
1784173200,162.09,162.091,162.063,162.076,313,10,0
1784173500,162.077,162.086,162.064,162.085,289,10,0
1784173800,162.086,162.149,162.047,162.129,722,10,0
1784174100,162.126,162.133,162.081,162.093,441,10,0
1784174400,162.091,162.097,162.075,162.083,278,10,0
1784174700,162.082,162.088,162.069,162.076,255,11,0
1784175000,162.077,162.085,162.045,162.058,276,10,0
1784175300,162.059,162.095,162.056,162.072,391,10,0
1784175600,162.073,162.073,162.026,162.026,358,10,0
1784175900,162.027,162.046,162.023,162.043,264,11,0
1784176200,162.042,162.059,162.028,162.058,320,10,0
1784176500,162.058,162.077,162.051,162.073,332,10,0
1784176800,162.074,162.074,162.055,162.06,198,11,0
1784177100,162.06,162.07,162.056,162.07,170,11,0
1784177400,162.07,162.098,162.068,162.096,208,10,0
1784177700,162.096,162.113,162.089,162.1,183,11,0
1784178000,162.098,162.115,162.096,162.111,211,11,0
1784178300,162.111,162.134,162.108,162.129,223,10,0
1784178600,162.128,162.161,162.121,162.156,312,10,0
1784178900,162.153,162.162,162.131,162.133,230,11,0
1784179200,162.133,162.135,162.104,162.107,251,11,0
1784179500,162.106,162.115,162.095,162.096,203,10,0
1784179800,162.096,162.124,162.091,162.092,273,10,0
1784180100,162.094,162.137,162.08,162.117,252,10,0
1784180400,162.117,162.137,162.116,162.125,268,11,0
1784180700,162.126,162.137,162.119,162.133,206,10,0
1784181000,162.133,162.147,162.121,162.134,164,10,0
1784181300,162.134,162.159,162.134,162.145,215,10,0
1784181600,162.144,162.153,162.13,162.132,297,11,0
1784181900,162.132,162.135,162.108,162.112,249,11,0
1784182200,162.111,162.126,162.106,162.121,216,11,0
1784182500,162.12,162.122,162.084,162.086,225,11,0
1784182800,162.087,162.097,162.087,162.095,156,11,0
1784183100,162.095,162.097,162.079,162.085,224,12,0
1784183400,162.09,162.09,162.069,162.07,238,10,0
1784183700,162.069,162.073,162.067,162.07,115,11,0
1784184000,162.07,162.093,162.068,162.093,126,11,0
1784184300,162.094,162.098,162.079,162.089,120,10,0
1784184600,162.089,162.097,162.087,162.094,165,11,0
1784184900,162.094,162.099,162.081,162.082,115,12,0
1784185200,162.082,162.099,162.077,162.091,202,10,0
1784185500,162.092,162.105,162.079,162.105,104,10,0
1784185800,162.104,162.119,162.091,162.117,195,10,0
1784186100,162.117,162.123,162.105,162.118,126,10,0
1784186400,162.118,162.119,162.105,162.112,67,12,0
1784186700,162.113,162.132,162.113,162.13,90,10,0
1784187000,162.131,162.133,162.115,162.132,101,10,0
1784187300,162.132,162.132,162.114,162.116,153,12,0
1784187600,162.115,162.118,162.103,162.116,213,10,0
1784187900,162.116,162.116,162.105,162.107,174,10,0
1784188200,162.107,162.11,162.086,162.086,208,10,0
1784188500,162.087,162.095,162.077,162.091,239,11,0
1784188800,162.091,162.101,162.085,162.094,150,11,0
1784189100,162.094,162.101,162.085,162.085,151,11,0
1784189400,162.086,162.098,162.081,162.09,132,10,0
1784189700,162.091,162.102,162.078,162.101,167,10,0
1784190000,162.102,162.113,162.099,162.112,133,12,0
1784190300,162.112,162.114,162.101,162.112,77,11,0
1784190600,162.112,162.122,162.105,162.113,156,10,0
1784190900,162.113,162.136,162.113,162.126,183,10,0
1784191200,162.127,162.132,162.105,162.105,310,10,0
1784191500,162.106,162.117,162.099,162.117,263,10,0
1784191800,162.117,162.126,162.116,162.126,418,11,0
1784192100,162.125,162.175,162.125,162.151,366,10,0
1784192400,162.152,162.166,162.125,162.153,388,10,0
1784192700,162.154,162.156,162.117,162.133,452,10,0
1784193000,162.132,162.15,162.115,162.132,418,10,0
1784193300,162.133,162.163,162.132,162.158,306,10,0
1784193600,162.158,162.163,162.132,162.143,355,10,0
1784193900,162.144,162.152,162.132,162.138,368,10,0
1784194200,162.139,162.17,162.136,162.165,471,11,0
1784194500,162.166,162.168,162.151,162.152,371,11,0
1784194800,162.151,162.157,162.147,162.15,378,10,0
1784195100,162.151,162.154,162.122,162.126,271,11,0
1784195400,162.126,162.151,162.126,162.131,186,10,0
1784195700,162.132,162.132,162.105,162.114,395,10,0
1784196000,162.115,162.123,162.071,162.071,551,10,0
1784196300,162.072,162.082,161.984,162.036,550,10,0
1784196600,162.036,162.065,162.029,162.036,317,10,0
1784196900,162.037,162.06,162.026,162.026,280,11,0
1784197200,162.025,162.026,161.976,162.005,573,10,0
1784197500,162.006,162.086,162.006,162.086,336,10,0
1784197800,162.087,162.089,162.047,162.054,327,10,0
1784198100,162.053,162.082,162.05,162.082,268,10,0
1784198400,162.082,162.092,162.061,162.067,291,10,0
1784198700,162.068,162.073,162.006,162.011,560,10,0
1784199000,162.012,162.057,162.012,162.045,385,10,0
1784199300,162.046,162.09,162.043,162.078,384,10,0
1784199600,162.077,162.09,162.059,162.089,340,10,0
1784199900,162.089,162.126,162.085,162.124,324,10,0
1784200200,162.125,162.148,162.12,162.137,436,10,0
1784200500,162.138,162.142,162.069,162.107,481,10,0
1784200800,162.107,162.122,162.1,162.103,310,10,0
1784201100,162.102,162.123,162.1,162.106,219,10,0
1784201400,162.106,162.111,162.092,162.105,262,10,0
1784201700,162.105,162.12,162.09,162.12,275,10,0
1784202000,162.12,162.138,162.111,162.138,199,11,0
1784202300,162.138,162.148,162.123,162.134,278,10,0
1784202600,162.134,162.161,162.129,162.156,367,10,0
1784202900,162.157,162.172,162.13,162.14,437,10,0
1784203200,162.139,162.166,162.138,162.163,358,10,0
1784203500,162.162,162.162,162.137,162.145,370,10,0
1784203800,162.146,162.149,162.114,162.118,249,10,0
1784204100,162.118,162.122,162.104,162.112,252,10,0
1784204400,162.112,162.135,162.107,162.122,202,10,0
1784204700,162.122,162.141,162.12,162.138,238,10,0
1784205000,162.139,162.18,162.137,162.172,280,10,0
1784205300,162.172,162.191,162.163,162.173,294,10,0
1784205600,162.173,162.189,162.166,162.173,286,10,0
1784205900,162.173,162.175,162.143,162.156,346,10,0
1784206200,162.156,162.169,162.148,162.148,196,10,0
1784206500,162.147,162.171,162.143,162.167,220,11,0
1784206800,162.167,162.179,162.163,162.171,246,10,0
1784207100,162.171,162.187,162.17,162.184,128,10,0
1784207400,162.184,162.189,162.173,162.186,172,11,0
1784207700,162.185,162.186,162.168,162.175,171,10,0
1784208000,162.175,162.177,162.166,162.173,110,11,0
1784208300,162.173,162.178,162.156,162.167,187,10,0
1784208600,162.168,162.179,162.164,162.172,171,10,0
1784208900,162.171,162.179,162.16,162.178,241,10,0
1784209200,162.178,162.178,162.162,162.165,144,11,0
1784209500,162.165,162.174,162.161,162.163,137,10,0
1784209800,162.164,162.177,162.16,162.164,133,10,0
1784210100,162.164,162.164,162.125,162.147,284,10,0
1784210400,162.148,162.153,162.12,162.126,250,10,0
1784210700,162.127,162.127,162.109,162.125,167,10,0
1784211000,162.125,162.144,162.125,162.138,213,10,0
1784211300,162.138,162.158,162.131,162.135,163,10,0
1784211600,162.135,162.159,162.135,162.152,182,10,0
1784211900,162.15,162.18,162.148,162.179,204,10,0
1784212200,162.179,162.187,162.164,162.165,185,10,0
1784212500,162.165,162.179,162.161,162.161,137,10,0
1784212800,162.162,162.176,162.144,162.16,178,10,0
1784213100,162.16,162.228,162.141,162.199,239,10,0
1784213400,162.199,162.224,162.176,162.183,834,10,0
1784213700,162.183,162.183,162.15,162.151,399,11,0
1784214000,162.15,162.176,162.147,162.163,498,10,0
1784214300,162.163,162.189,162.159,162.177,335,11,0
1784214600,162.178,162.194,162.172,162.188,363,10,0
1784214900,162.188,162.2,162.176,162.177,299,10,0
1784215200,162.177,162.212,162.177,162.196,487,10,0
1784215500,162.197,162.202,162.164,162.164,364,10,0
1784215800,162.165,162.225,162.152,162.217,384,10,0
1784216100,162.216,162.247,162.212,162.241,626,10,0
1784216400,162.241,162.277,162.24,162.265,564,10,0
1784216700,162.264,162.288,162.256,162.269,461,10,0
1784217000,162.27,162.277,162.26,162.265,360,10,0
1784217300,162.264,162.293,162.264,162.289,346,10,0
1784217600,162.289,162.312,162.285,162.303,478,10,0
1784217900,162.303,162.304,162.253,162.263,465,10,0
1784218200,162.264,162.269,162.221,162.238,375,10,0
1784218500,162.24,162.264,162.237,162.243,333,10,0
1784218800,162.244,162.259,162.226,162.24,309,10,0
1784219100,162.241,162.246,162.224,162.226,242,10,0
1784219400,162.227,162.229,162.209,162.223,370,10,0
1784219700,162.224,162.25,162.222,162.244,323,10,0
1784220000,162.244,162.269,162.236,162.269,342,10,0
1784220300,162.267,162.292,162.265,162.288,328,10,0
1784220600,162.289,162.31,162.281,162.304,351,10,0
1784220900,162.305,162.342,162.301,162.317,522,10,0
1784221200,162.317,162.326,162.305,162.314,398,10,0
1784221500,162.314,162.369,162.306,162.361,346,10,0
1784221800,162.362,162.397,162.357,162.364,504,10,0
1784222100,162.365,162.379,162.341,162.343,374,10,0
1784222400,162.342,162.385,162.33,162.38,321,10,0
1784222700,162.38,162.396,162.377,162.393,255,10,0
1784223000,162.391,162.393,162.356,162.365,346,10,0
1784223300,162.365,162.394,162.364,162.39,307,10,0
1784223600,162.389,162.423,162.382,162.412,269,10,0
1784223900,162.413,162.423,162.406,162.419,197,10,0
1784224200,162.418,162.438,162.409,162.425,324,10,0
1784224500,162.426,162.447,162.426,162.439,456,10,0
1784224800,162.442,162.472,162.431,162.46,406,10,0
1784225100,162.46,162.47,162.454,162.459,165,10,0
1784225400,162.458,162.46,162.434,162.443,219,10,0
1784225700,162.443,162.444,162.42,162.431,222,10,0
1784226000,162.43,162.446,162.415,162.445,177,10,0
1784226300,162.446,162.452,162.438,162.449,222,10,0
1784226600,162.45,162.461,162.42,162.421,329,10,0
1784226900,162.422,162.442,162.419,162.422,291,10,0
1784227200,162.423,162.427,162.419,162.42,273,10,0
1784227500,162.42,162.433,162.405,162.407,205,10,0
1784227800,162.406,162.42,162.406,162.411,168,10,0
1784228100,162.412,162.424,162.41,162.421,170,10,0
1784228400,162.42,162.437,162.412,162.435,193,10,0
1784228700,162.434,162.449,162.429,162.438,261,10,0
1784229000,162.438,162.457,162.434,162.455,201,10,0
1784229300,162.459,162.484,162.459,162.481,265,10,0
1784229600,162.482,162.503,162.474,162.486,391,10,0
1784229900,162.484,162.541,162.484,162.516,403,10,0
1784230200,162.516,162.517,162.465,162.479,351,10,0
1784230500,162.479,162.493,162.465,162.491,242,10,0
1784230800,162.49,162.51,162.474,162.477,264,10,0
1784231100,162.477,162.487,162.473,162.474,222,11,0
1784231400,162.473,162.476,162.449,162.466,226,10,0
1784231700,162.467,162.481,162.452,162.472,226,10,0
1784232000,162.472,162.501,162.472,162.494,174,10,0
1784232300,162.494,162.5,162.491,162.492,165,11,0
1784232600,162.491,162.495,162.487,162.494,113,12,0
1784232900,162.494,162.496,162.481,162.481,109,10,0
1784233200,162.481,162.482,162.477,162.479,81,11,0
1784233500,162.479,162.49,162.469,162.469,146,10,0
1784233800,162.469,162.469,162.455,162.46,104,10,0
1784234100,162.459,162.482,162.459,162.478,132,11,0
1784234400,162.478,162.479,162.464,162.468,178,10,0
1784234700,162.467,162.467,162.424,162.424,165,10,0
1784235000,162.423,162.437,162.406,162.41,288,10,0
1784235300,162.409,162.413,162.391,162.408,223,10,0
1784235600,162.408,162.41,162.397,162.406,305,10,0
1784235900,162.407,162.42,162.394,162.402,210,10,0
1784236200,162.401,162.41,162.37,162.374,317,10,0
1784236500,162.372,162.386,162.365,162.384,200,11,0
1784236800,162.384,162.398,162.371,162.395,324,10,0
1784237100,162.395,162.411,162.377,162.383,161,10,0
1784237400,162.384,162.4,162.378,162.399,171,10,0
1784237700,162.4,162.407,162.393,162.395,288,10,0
1784238000,162.394,162.396,162.382,162.387,248,10,0
1784238300,162.388,162.396,162.38,162.394,169,10,0
1784238600,162.393,162.401,162.393,162.394,123,11,0
1784238900,162.394,162.396,162.378,162.384,167,10,0
1784239200,162.384,162.389,162.373,162.385,189,11,0
1784239500,162.385,162.401,162.385,162.398,119,11,0
1784239800,162.399,162.409,162.387,162.394,104,11,0
1784240100,162.393,162.409,162.393,162.399,130,11,0
1784240400,162.398,162.418,162.396,162.418,147,10,0
1784240700,162.418,162.428,162.412,162.418,145,10,0
1784241000,162.418,162.422,162.396,162.411,210,10,0
1784241300,162.41,162.414,162.4,162.404,239,11,0
1784241600,162.402,162.412,162.4,162.407,95,10,0
1784241900,162.408,162.409,162.386,162.386,121,10,0
1784242200,162.386,162.39,162.383,162.385,105,10,0
1784242500,162.385,162.401,162.381,162.4,210,10,0
1784242800,162.398,162.401,162.375,162.376,168,10,0
1784243100,162.377,162.391,162.373,162.377,101,10,0
1784243400,162.379,162.389,162.377,162.389,46,11,0
1784243700,162.388,162.389,162.376,162.379,49,10,0
1784244000,162.378,162.391,162.376,162.387,40,10,0
1784244300,162.387,162.394,162.366,162.376,93,10,0
1784244600,162.375,162.385,162.349,162.364,122,10,0
1784244900,162.363,162.363,162.353,162.36,69,11,0
1784245200,162.36,162.365,162.359,162.364,41,13,0
1784245500,162.361,162.374,162.36,162.368,87,11,0
1784245800,162.368,162.368,162.355,162.36,104,13,0
1784246100,162.359,162.378,162.288,162.376,193,12,0
1784246400,162.377,162.388,162.356,162.387,12,35,0
1784246700,162.382,162.383,162.372,162.382,13,45,0
1784247000,162.379,162.382,162.315,162.361,35,62,0
1784247300,162.357,162.362,162.35,162.352,26,60,0
1784247600,162.353,162.361,162.349,162.357,21,60,0
1784247900,162.358,162.361,162.344,162.35,23,61,0
1784248200,162.344,162.344,162.341,162.342,9,79,0
1784248500,162.347,162.357,162.343,162.357,30,50,0
1784248800,162.351,162.381,162.344,162.352,44,44,0
1784249100,162.351,162.357,162.341,162.348,80,58,0
1784249400,162.345,162.351,162.34,162.345,49,66,0
1784249700,162.344,162.347,162.344,162.347,11,70,0
1784250000,162.347,162.354,162.307,162.308,52,19,0
1784250300,162.308,162.335,162.308,162.334,14,16,0
1784250600,162.334,162.334,162.319,162.333,38,16,0
1784250900,162.333,162.334,162.328,162.329,23,16,0
1784251200,162.329,162.352,162.328,162.35,39,16,0
1784251500,162.35,162.351,162.347,162.348,12,16,0
1784251800,162.348,162.351,162.336,162.348,29,10,0
1784252100,162.348,162.35,162.347,162.349,12,16,0
1784252400,162.349,162.361,162.349,162.361,47,16,0
1784252700,162.361,162.367,162.361,162.363,37,15,0
1784253000,162.363,162.364,162.356,162.362,29,13,0
1784253300,162.362,162.365,162.349,162.35,83,14,0
1784253600,162.349,162.353,162.339,162.352,83,12,0
1784253900,162.354,162.365,162.353,162.361,46,11,0
1784254200,162.359,162.365,162.348,162.349,124,10,0
1784254500,162.348,162.35,162.345,162.35,34,13,0
1784254800,162.352,162.352,162.348,162.349,55,13,0
1784255100,162.349,162.349,162.325,162.335,91,11,0
1784255400,162.336,162.336,162.326,162.328,133,11,0
1784255700,162.329,162.329,162.314,162.318,82,10,0
1784256000,162.319,162.336,162.319,162.336,43,12,0
1784256300,162.336,162.339,162.324,162.331,86,13,0
1784256600,162.333,162.352,162.332,162.352,98,13,0
1784256900,162.352,162.388,162.35,162.376,191,12,0
1784257200,162.377,162.39,162.364,162.39,316,10,0
1784257500,162.389,162.411,162.379,162.409,165,10,0
1784257800,162.41,162.419,162.387,162.387,215,10,0
1784258100,162.388,162.411,162.369,162.41,325,10,0
1784258400,162.411,162.424,162.4,162.416,181,10,0
1784258700,162.417,162.417,162.379,162.399,295,10,0
1784259000,162.399,162.415,162.39,162.403,326,10,0
1784259300,162.403,162.403,162.354,162.387,345,10,0
1784259600,162.387,162.402,162.373,162.384,247,11,0
1784259900,162.383,162.404,162.371,162.372,328,10,0
1784260200,162.373,162.449,162.354,162.414,714,10,0
1784260500,162.413,162.427,162.392,162.415,316,10,0
1784260800,162.416,162.431,162.408,162.429,331,10,0
1784261100,162.429,162.445,162.411,162.437,241,10,0
1784261400,162.44,162.461,162.437,162.438,194,10,0
1784261700,162.438,162.44,162.419,162.426,193,11,0
1784262000,162.426,162.438,162.421,162.426,231,10,0
1784262300,162.425,162.439,162.409,162.436,255,10,0
1784262600,162.436,162.436,162.42,162.434,214,10,0
1784262900,162.433,162.452,162.433,162.449,306,10,0
1784263200,162.45,162.46,162.434,162.439,251,10,0
1784263500,162.438,162.454,162.436,162.449,214,11,0
1784263800,162.448,162.467,162.439,162.462,293,10,0
1784264100,162.462,162.468,162.457,162.461,175,12,0
1784264400,162.462,162.462,162.431,162.44,282,11,0
1784264700,162.441,162.448,162.415,162.419,219,10,0
1784265000,162.419,162.441,162.415,162.426,115,11,0
1784265300,162.427,162.436,162.425,162.427,150,10,0
1784265600,162.425,162.426,162.407,162.412,187,10,0
1784265900,162.413,162.427,162.412,162.427,174,11,0
1784266200,162.423,162.434,162.42,162.423,143,10,0
1784266500,162.422,162.428,162.411,162.42,130,10,0
1784266800,162.42,162.421,162.396,162.406,176,11,0
1784267100,162.407,162.414,162.367,162.372,191,10,0
1784267400,162.372,162.382,162.364,162.369,180,10,0
1784267700,162.37,162.37,162.333,162.364,268,10,0
1784268000,162.366,162.38,162.353,162.367,186,10,0
1784268300,162.366,162.37,162.356,162.36,185,10,0
1784268600,162.36,162.371,162.36,162.367,99,11,0
1784268900,162.366,162.371,162.352,162.371,177,11,0
1784269200,162.371,162.375,162.368,162.372,79,12,0
1784269500,162.373,162.386,162.372,162.378,186,11,0
1784269800,162.377,162.387,162.372,162.378,115,10,0
1784270100,162.378,162.386,162.374,162.384,158,11,0
1784270400,162.384,162.391,162.373,162.39,176,10,0
1784270700,162.389,162.406,162.387,162.403,152,10,0
1784271000,162.403,162.403,162.389,162.399,150,10,0
1784271300,162.399,162.402,162.382,162.388,133,11,0
1784271600,162.389,162.392,162.365,162.379,137,11,0
1784271900,162.386,162.405,162.386,162.402,85,10,0
1784272200,162.403,162.411,162.397,162.404,78,11,0
1784272500,162.403,162.419,162.401,162.415,100,10,0
1784272800,162.414,162.418,162.404,162.413,69,10,0
1784273100,162.414,162.42,162.413,162.418,109,10,0
1784273400,162.418,162.42,162.411,162.42,70,10,0
1784273700,162.419,162.426,162.408,162.413,110,10,0
1784274000,162.414,162.419,162.406,162.408,261,11,0
1784274300,162.409,162.412,162.395,162.408,185,11,0
1784274600,162.408,162.414,162.396,162.408,256,10,0
1784274900,162.407,162.413,162.404,162.412,108,12,0
1784275200,162.411,162.415,162.405,162.406,108,12,0
1784275500,162.406,162.413,162.401,162.409,132,12,0
1784275800,162.41,162.438,162.409,162.427,134,11,0
1784276100,162.428,162.438,162.421,162.426,144,11,0
1784276400,162.425,162.434,162.424,162.427,125,11,0
1784276700,162.428,162.437,162.409,162.411,138,11,0
1784277000,162.412,162.412,162.395,162.412,209,11,0
1784277300,162.412,162.413,162.368,162.37,274,11,0
1784277600,162.371,162.385,162.354,162.377,321,10,0
1784277900,162.377,162.391,162.368,162.37,242,10,0
1784278200,162.371,162.385,162.368,162.384,252,10,0
1784278500,162.385,162.405,162.385,162.394,387,10,0
1784278800,162.395,162.399,162.383,162.384,437,10,0
1784279100,162.384,162.417,162.378,162.41,348,10,0
1784279400,162.411,162.414,162.389,162.393,368,10,0
1784279700,162.395,162.396,162.348,162.355,432,10,0
1784280000,162.355,162.363,162.329,162.33,421,11,0
1784280300,162.331,162.359,162.329,162.342,357,10,0
1784280600,162.342,162.369,162.327,162.369,352,10,0
1784280900,162.369,162.387,162.362,162.378,313,10,0
1784281200,162.379,162.393,162.374,162.377,250,10,0
1784281500,162.376,162.388,162.354,162.374,298,10,0
1784281800,162.373,162.376,162.343,162.349,228,10,0
1784282100,162.348,162.355,162.114,162.256,1130,10,0
1784282400,162.256,162.259,162.176,162.204,872,10,0
1784282700,162.205,162.219,162.168,162.206,582,10,0
1784283000,162.205,162.223,162.149,162.17,542,10,0
1784283300,162.169,162.192,162.153,162.178,453,10,0
1784283600,162.177,162.21,162.177,162.205,327,10,0
1784283900,162.206,162.234,162.204,162.216,322,10,0
1784284200,162.217,162.243,162.192,162.22,331,10,0
1784284500,162.221,162.244,162.211,162.22,281,10,0
1784284800,162.221,162.254,162.219,162.233,256,10,0
1784285100,162.234,162.243,162.217,162.231,218,11,0
1784285400,162.232,162.249,162.205,162.247,295,10,0
1784285700,162.248,162.286,162.241,162.285,462,10,0
1784286000,162.281,162.292,162.266,162.275,356,10,0
1784286300,162.275,162.31,162.255,162.308,350,10,0
1784286600,162.309,162.377,162.309,162.366,498,10,0
1784286900,162.365,162.375,162.35,162.35,473,10,0
1784287200,162.357,162.378,162.33,162.378,444,10,0
1784287500,162.383,162.417,162.383,162.408,677,10,0
1784287800,162.407,162.412,162.359,162.37,481,10,0
1784288100,162.371,162.374,162.344,162.357,370,10,0
1784288400,162.357,162.372,162.35,162.36,307,10,0
1784288700,162.359,162.387,162.359,162.385,335,10,0
1784289000,162.385,162.396,162.38,162.388,312,10,0
1784289300,162.386,162.388,162.362,162.384,225,10,0
1784289600,162.385,162.42,162.385,162.406,326,10,0
1784289900,162.406,162.41,162.396,162.407,284,10,0
1784290200,162.408,162.444,162.401,162.432,325,10,0
1784290500,162.432,162.445,162.421,162.432,364,10,0
1784290800,162.433,162.446,162.423,162.425,322,10,0
1784291100,162.425,162.428,162.413,162.422,241,10,0
1784291400,162.423,162.445,162.421,162.436,216,10,0
1784291700,162.437,162.438,162.423,162.432,310,10,0
1784292000,162.431,162.434,162.419,162.42,157,10,0
1784292300,162.42,162.42,162.402,162.41,201,10,0
1784292600,162.411,162.417,162.387,162.389,216,10,0
1784292900,162.388,162.393,162.352,162.355,329,10,0
1784293200,162.356,162.371,162.351,162.364,273,10,0
1784293500,162.364,162.382,162.354,162.38,188,10,0
1784293800,162.381,162.391,162.36,162.365,174,10,0
1784294100,162.365,162.386,162.361,162.386,208,10,0
1784294400,162.386,162.401,162.379,162.398,224,10,0
1784294700,162.398,162.414,162.398,162.408,118,10,0
1784295000,162.408,162.411,162.389,162.391,182,10,0
1784295300,162.392,162.397,162.384,162.386,200,10,0
1784295600,162.387,162.394,162.386,162.389,137,11,0
1784295900,162.389,162.394,162.383,162.385,108,11,0
1784296200,162.384,162.403,162.382,162.383,193,10,0
1784296500,162.384,162.384,162.352,162.354,460,10,0
1784296800,162.354,162.354,162.3,162.343,343,10,0
1784297100,162.343,162.368,162.34,162.344,172,10,0
1784297400,162.344,162.356,162.335,162.346,160,10,0
1784297700,162.347,162.358,162.341,162.344,126,10,0
1784298000,162.345,162.358,162.334,162.336,187,10,0
1784298300,162.336,162.348,162.32,162.331,197,10,0
1784298600,162.33,162.342,162.315,162.337,154,11,0
1784298900,162.337,162.339,162.306,162.314,146,10,0
1784299200,162.313,162.32,162.302,162.308,232,10,0
1784299500,162.308,162.326,162.298,162.32,166,11,0
1784299800,162.32,162.334,162.318,162.334,159,10,0
1784300100,162.337,162.362,162.331,162.356,274,10,0
1784300400,162.357,162.358,162.331,162.351,474,10,0
1784300700,162.35,162.36,162.346,162.347,321,10,0
1784301000,162.346,162.364,162.344,162.359,263,10,0
1784301300,162.358,162.363,162.347,162.352,286,10,0
1784301600,162.353,162.359,162.333,162.343,367,10,0
1784301900,162.341,162.349,162.297,162.321,226,10,0
1784302200,162.319,162.368,162.312,162.363,240,10,0
1784302500,162.362,162.37,162.351,162.369,350,10,0
1784302800,162.37,162.386,162.368,162.382,322,11,0
1784303100,162.382,162.4,162.38,162.397,331,10,0
1784303400,162.397,162.414,162.394,162.407,431,10,0
1784303700,162.407,162.412,162.386,162.404,424,10,0
1784304000,162.405,162.433,162.396,162.4,592,10,0
1784304300,162.399,162.414,162.394,162.41,342,11,0
1784304600,162.411,162.414,162.393,162.413,203,10,0
1784304900,162.412,162.426,162.395,162.416,325,10,0
1784305200,162.415,162.439,162.406,162.427,332,10,0
1784305500,162.426,162.429,162.401,162.411,370,10,0
1784305800,162.412,162.439,162.377,162.392,478,10,0
1784306100,162.391,162.392,162.318,162.338,618,10,0
1784306400,162.338,162.365,162.334,162.351,466,10,0
1784306700,162.352,162.387,162.345,162.375,467,10,0
1784307000,162.374,162.399,162.372,162.387,431,10,0
1784307300,162.384,162.392,162.336,162.352,446,10,0
1784307600,162.35,162.375,162.339,162.361,450,10,0
1784307900,162.361,162.364,162.335,162.336,439,10,0
1784308200,162.335,162.353,162.322,162.349,439,10,0
1784308500,162.349,162.366,162.332,162.353,487,10,0
1784308800,162.355,162.38,162.344,162.379,353,10,0
1784309100,162.379,162.399,162.374,162.392,409,10,0
1784309400,162.392,162.399,162.373,162.382,291,10,0
1784309700,162.381,162.387,162.362,162.363,218,10,0
1784310000,162.363,162.38,162.36,162.372,242,10,0
1784310300,162.372,162.377,162.358,162.373,358,10,0
1784310600,162.371,162.396,162.37,162.394,333,10,0
1784310900,162.395,162.407,162.386,162.404,565,10,0
1784311200,162.403,162.419,162.39,162.392,441,10,0
1784311500,162.392,162.394,162.371,162.379,278,10,0
1784311800,162.378,162.388,162.35,162.384,300,10,0
1784312100,162.379,162.383,162.361,162.364,292,10,0
1784312400,162.365,162.366,162.342,162.36,262,10,0
1784312700,162.359,162.364,162.345,162.357,155,11,0
1784313000,162.357,162.388,162.349,162.374,380,10,0
1784313300,162.375,162.399,162.374,162.397,252,10,0
1784313600,162.398,162.416,162.395,162.41,190,10,0
1784313900,162.41,162.422,162.395,162.413,197,10,0
1784314200,162.414,162.422,162.406,162.422,204,10,0
1784314500,162.421,162.437,162.417,162.43,331,10,0
1784314800,162.428,162.49,162.427,162.479,606,10,0
1784315100,162.48,162.488,162.448,162.454,376,10,0
1784315400,162.453,162.466,162.453,162.466,284,10,0
1784315700,162.465,162.489,162.462,162.488,335,10,0
1784316000,162.489,162.49,162.476,162.479,264,10,0
1784316300,162.479,162.483,162.461,162.464,255,10,0
1784316600,162.465,162.488,162.461,162.483,214,10,0
1784316900,162.484,162.495,162.477,162.478,254,10,0
1784317200,162.477,162.489,162.472,162.488,214,10,0
1784317500,162.484,162.515,162.484,162.492,244,10,0
1784317800,162.492,162.495,162.474,162.474,124,10,0
1784318100,162.473,162.478,162.423,162.423,133,10,0
1784318400,162.424,162.442,162.396,162.415,353,10,0
1784318700,162.413,162.431,162.41,162.43,248,11,0
1784319000,162.43,162.455,162.426,162.453,261,10,0
1784319300,162.455,162.47,162.452,162.47,250,10,0
1784319600,162.47,162.471,162.455,162.457,181,11,0
1784319900,162.456,162.459,162.444,162.451,226,10,0
1784320200,162.452,162.457,162.445,162.445,112,10,0
1784320500,162.445,162.458,162.444,162.455,171,10,0
1784320800,162.455,162.463,162.45,162.458,202,11,0
1784321100,162.458,162.467,162.444,162.465,191,10,0
1784321400,162.464,162.468,162.455,162.456,71,11,0
1784321700,162.456,162.46,162.438,162.441,175,10,0
1784322000,162.44,162.455,162.44,162.449,117,10,0
1784322300,162.45,162.452,162.423,162.425,205,10,0
1784322600,162.424,162.44,162.41,162.429,252,10,0
1784322900,162.43,162.455,162.429,162.441,250,10,0
1784323200,162.442,162.453,162.429,162.443,280,10,0
1784323500,162.443,162.445,162.424,162.425,203,10,0
1784323800,162.425,162.443,162.425,162.435,185,10,0
1784324100,162.435,162.439,162.428,162.432,247,11,0
1784324400,162.433,162.44,162.43,162.44,144,11,0
1784324700,162.441,162.443,162.428,162.434,198,11,0
1784325000,162.436,162.437,162.424,162.424,131,10,0
1784325300,162.424,162.44,162.423,162.439,190,10,0
1784325600,162.44,162.442,162.41,162.437,292,10,0
1784325900,162.437,162.439,162.426,162.437,124,10,0
1784326200,162.437,162.445,162.437,162.443,131,10,0
1784326500,162.443,162.46,162.442,162.455,200,10,0
1784326800,162.453,162.46,162.449,162.46,177,10,0
1784327100,162.46,162.469,162.451,162.454,281,11,0
1784327400,162.454,162.455,162.438,162.445,205,11,0
1784327700,162.448,162.465,162.448,162.464,158,11,0
1784328000,162.464,162.466,162.443,162.451,162,10,0
1784328300,162.45,162.464,162.449,162.454,153,10,0
1784328600,162.453,162.46,162.428,162.44,219,11,0
1784328900,162.442,162.45,162.378,162.38,470,10,0
1784329200,162.379,162.391,162.36,162.377,299,10,0
1784329500,162.377,162.405,162.367,162.398,121,10,0
1784329800,162.398,162.403,162.389,162.403,59,12,0
1784330100,162.403,162.421,162.397,162.42,56,12,0
1784330400,162.42,162.431,162.414,162.427,71,12,0
1784330700,162.428,162.439,162.422,162.422,78,12,0
1784331000,162.422,162.427,162.413,162.419,90,10,0
1784331300,162.419,162.428,162.416,162.417,61,10,0
1784331600,162.416,162.421,162.412,162.415,107,11,0
1784331900,162.415,162.421,162.386,162.393,174,10,0
1784332200,162.395,162.405,162.377,162.395,413,10,0
1784332500,162.39,162.41,162.39,162.396,108,16,0
1784505600,162.403,162.41,162.403,162.41,8,86,0
1784505900,162.395,162.409,162.395,162.408,9,92,0
1784506200,162.409,162.409,162.401,162.403,10,87,0
1784506500,162.404,162.407,162.396,162.407,6,83,0
1784506800,162.405,162.408,162.403,162.403,6,76,0
1784507100,162.403,162.409,162.403,162.408,7,71,0
1784507400,162.407,162.411,162.296,162.308,31,67,0
1784507700,162.308,162.31,162.307,162.309,10,182,0
1784508000,162.308,162.397,162.303,162.395,12,79,0
1784508300,162.403,162.41,162.319,162.397,46,54,0
1784508600,162.398,162.399,162.398,162.399,5,67,0
1784508900,162.4,162.404,162.335,162.335,14,64,0
1784509200,162.352,162.577,162.339,162.522,292,10,0
1784509500,162.522,162.522,162.496,162.504,108,10,0
1784509800,162.504,162.517,162.495,162.496,305,10,0
1784510100,162.496,162.522,162.456,162.496,175,10,0
1784510400,162.496,162.523,162.482,162.51,240,11,0
1784510700,162.509,162.535,162.508,162.511,155,10,0
1784511000,162.513,162.52,162.486,162.499,166,14,0
1784511300,162.499,162.509,162.498,162.501,53,14,0
1784511600,162.502,162.512,162.499,162.511,81,16,0
1784511900,162.512,162.523,162.498,162.509,41,15,0
1784512200,162.509,162.511,162.498,162.507,71,14,0
1784512500,162.507,162.512,162.499,162.5,101,14,0
1784512800,162.501,162.516,162.474,162.514,196,14,0
1784513100,162.515,162.519,162.51,162.515,91,13,0
1784513400,162.513,162.528,162.513,162.527,128,14,0
1784513700,162.526,162.527,162.497,162.517,145,11,0
1784514000,162.516,162.528,162.515,162.524,77,12,0
1784514300,162.525,162.531,162.515,162.527,97,10,0
1784514600,162.527,162.53,162.527,162.528,41,11,0
1784514900,162.528,162.54,162.525,162.534,89,13,0
1784515200,162.535,162.535,162.513,162.514,123,13,0
1784515500,162.515,162.526,162.498,162.511,225,12,0
1784515800,162.51,162.539,162.504,162.53,362,12,0
1784516100,162.53,162.539,162.513,162.513,214,12,0
1784516400,162.513,162.532,162.502,162.506,226,11,0
1784516700,162.506,162.519,162.498,162.5,178,11,0
1784517000,162.499,162.512,162.491,162.493,203,10,0
1784517300,162.493,162.493,162.475,162.479,269,11,0
1784517600,162.478,162.482,162.454,162.458,215,11,0
1784517900,162.458,162.47,162.451,162.454,162,10,0
1784518200,162.455,162.457,162.432,162.443,286,10,0
1784518500,162.444,162.458,162.441,162.441,146,10,0
1784518800,162.442,162.442,162.401,162.419,189,10,0
1784519100,162.418,162.418,162.401,162.407,112,10,0
1784519400,162.407,162.408,162.322,162.341,378,10,0
1784519700,162.34,162.354,162.322,162.334,447,10,0
1784520000,162.333,162.333,162.3,162.322,366,10,0
1784520300,162.323,162.345,162.317,162.32,255,10,0
1784520600,162.32,162.346,162.319,162.344,277,10,0
1784520900,162.343,162.37,162.339,162.369,334,10,0
1784521200,162.368,162.406,162.366,162.368,316,10,0
1784521500,162.367,162.393,162.365,162.376,311,10,0
1784521800,162.375,162.377,162.338,162.351,271,10,0
1784522100,162.352,162.371,162.352,162.368,92,10,0
1784522400,162.369,162.381,162.339,162.345,289,10,0
1784522700,162.346,162.379,162.341,162.377,157,11,0
1784523000,162.377,162.38,162.351,162.368,166,11,0
1784523300,162.368,162.37,162.35,162.354,103,10,0
1784523600,162.355,162.367,162.336,162.358,188,11,0
1784523900,162.357,162.358,162.33,162.339,199,10,0
1784524200,162.338,162.352,162.326,162.344,202,10,0
1784524500,162.345,162.352,162.335,162.341,127,11,0
1784524800,162.34,162.351,162.338,162.339,114,10,0
1784525100,162.338,162.343,162.329,162.335,153,11,0
1784525400,162.335,162.343,162.329,162.342,81,10,0
1784525700,162.342,162.354,162.338,162.349,127,10,0
1784526000,162.349,162.356,162.333,162.354,123,10,0
1784526300,162.354,162.354,162.339,162.347,88,10,0
1784526600,162.347,162.354,162.337,162.35,128,10,0
1784526900,162.351,162.366,162.35,162.364,137,11,0
1784527200,162.363,162.37,162.359,162.36,105,11,0
1784527500,162.359,162.363,162.349,162.351,82,10,0
1784527800,162.351,162.361,162.347,162.359,60,11,0
1784528100,162.359,162.375,162.354,162.366,109,10,0
1784528400,162.366,162.373,162.358,162.364,75,10,0
1784528700,162.365,162.374,162.361,162.364,66,10,0
1784529000,162.364,162.366,162.361,162.364,85,11,0
1784529300,162.364,162.367,162.361,162.363,47,12,0
1784529600,162.363,162.364,162.349,162.352,87,11,0
1784529900,162.352,162.362,162.348,162.36,101,10,0
1784530200,162.361,162.362,162.357,162.361,24,12,0
1784530500,162.361,162.367,162.361,162.365,97,11,0
1784530800,162.365,162.377,162.36,162.375,78,10,0
1784531100,162.374,162.379,162.363,162.378,59,10,0
1784531400,162.378,162.379,162.366,162.37,56,11,0
1784531700,162.37,162.374,162.361,162.374,56,10,0
1784532000,162.373,162.375,162.348,162.36,75,10,0
1784532300,162.36,162.367,162.344,162.364,85,10,0
1784532600,162.364,162.364,162.358,162.359,60,11,0
1784532900,162.36,162.364,162.338,162.35,146,10,0
1784533200,162.35,162.351,162.349,162.35,20,11,0
1784533500,162.349,162.351,162.325,162.332,105,10,0
1784533800,162.332,162.342,162.326,162.332,128,12,0
1784534100,162.332,162.337,162.33,162.334,55,10,0
1784534400,162.334,162.337,162.322,162.327,97,10,0
1784534700,162.329,162.33,162.318,162.33,136,10,0
1784535000,162.33,162.343,162.328,162.341,131,11,0
1784535300,162.341,162.342,162.337,162.338,86,12,0
1784535600,162.338,162.341,162.336,162.341,52,12,0
1784535900,162.341,162.358,162.341,162.353,76,11,0
1784536200,162.353,162.354,162.342,162.345,162,11,0
1784536500,162.345,162.35,162.34,162.343,88,11,0
1784536800,162.343,162.343,162.328,162.341,79,12,0
1784537100,162.341,162.357,162.341,162.356,113,10,0
1784537400,162.356,162.356,162.351,162.354,55,12,0
1784537700,162.354,162.37,162.354,162.368,150,11,0
1784538000,162.368,162.381,162.358,162.37,226,10,0
1784538300,162.37,162.388,162.362,162.386,202,10,0
1784538600,162.387,162.402,162.379,162.396,247,10,0
1784538900,162.396,162.397,162.375,162.383,239,10,0
1784539200,162.384,162.392,162.366,162.38,197,11,0
1784539500,162.38,162.393,162.38,162.386,151,10,0
1784539800,162.387,162.387,162.364,162.364,216,10,0
1784540100,162.365,162.383,162.364,162.377,135,11,0
1784540400,162.378,162.379,162.36,162.365,189,10,0
1784540700,162.364,162.376,162.356,162.371,176,10,0
1784541000,162.371,162.392,162.367,162.391,119,11,0
1784541300,162.392,162.409,162.386,162.405,175,10,0
1784541600,162.404,162.408,162.384,162.391,245,11,0
1784541900,162.392,162.424,162.391,162.422,199,10,0
1784542200,162.422,162.443,162.421,162.429,269,10,0
1784542500,162.428,162.448,162.428,162.435,178,10,0
1784542800,162.435,162.442,162.395,162.412,429,10,0
1784543100,162.412,162.42,162.393,162.393,390,10,0
1784543400,162.394,162.399,162.329,162.337,634,10,0
1784543700,162.335,162.357,162.335,162.343,469,10,0
1784544000,162.342,162.349,162.309,162.314,410,10,0
1784544300,162.314,162.354,162.312,162.352,402,11,0
1784544600,162.352,162.358,162.333,162.357,263,10,0
1784544900,162.357,162.37,162.349,162.358,349,10,0
1784545200,162.358,162.368,162.352,162.366,352,10,0
1784545500,162.367,162.369,162.363,162.364,227,10,0
1784545800,162.363,162.375,162.349,162.35,257,10,0
1784546100,162.349,162.349,162.331,162.338,316,10,0
1784546400,162.339,162.358,162.338,162.353,174,10,0
1784546700,162.353,162.37,162.353,162.369,107,10,0
1784547000,162.369,162.374,162.356,162.366,158,10,0
1784547300,162.366,162.37,162.344,162.345,95,10,0
1784547600,162.345,162.357,162.341,162.357,154,11,0
1784547900,162.357,162.365,162.34,162.34,142,10,0
1784548200,162.341,162.366,162.34,162.361,183,10,0
1784548500,162.361,162.364,162.355,162.363,202,12,0
1784548800,162.364,162.381,162.361,162.379,214,10,0
1784549100,162.38,162.398,162.377,162.388,258,11,0
1784549400,162.389,162.395,162.371,162.375,195,11,0
1784549700,162.374,162.389,162.367,162.389,114,11,0
1784550000,162.39,162.39,162.369,162.374,205,11,0
1784550300,162.375,162.4,162.375,162.399,153,11,0
1784550600,162.399,162.411,162.398,162.411,129,10,0
1784550900,162.408,162.415,162.398,162.409,138,10,0
1784551200,162.409,162.414,162.401,162.407,200,11,0
1784551500,162.407,162.417,162.406,162.413,223,10,0
1784551800,162.414,162.416,162.408,162.416,122,12,0
1784552100,162.415,162.428,162.412,162.412,152,10,0
1784552400,162.412,162.423,162.411,162.42,176,10,0
1784552700,162.421,162.422,162.408,162.412,198,11,0
1784553000,162.409,162.412,162.385,162.397,135,12,0
1784553300,162.398,162.4,162.385,162.392,150,11,0
1784553600,162.393,162.398,162.384,162.387,129,11,0
1784553900,162.388,162.397,162.388,162.397,134,12,0
1784554200,162.398,162.4,162.384,162.389,148,11,0
1784554500,162.388,162.392,162.383,162.386,170,10,0
1784554800,162.387,162.401,162.384,162.397,138,10,0
1784555100,162.397,162.398,162.391,162.397,136,11,0
1784555400,162.396,162.399,162.385,162.388,146,10,0
1784555700,162.388,162.4,162.384,162.398,224,11,0
1784556000,162.398,162.401,162.385,162.39,251,10,0
1784556300,162.391,162.4,162.387,162.399,221,10,0
1784556600,162.4,162.424,162.4,162.411,197,10,0
1784556900,162.411,162.419,162.409,162.41,89,10,0
1784557200,162.411,162.418,162.407,162.411,111,11,0
1784557500,162.411,162.416,162.397,162.399,142,10,0
1784557800,162.399,162.4,162.198,162.299,1230,10,0
1784558100,162.299,162.327,162.287,162.314,499,10,0
1784558400,162.314,162.322,162.298,162.311,459,10,0
1784558700,162.312,162.34,162.312,162.339,380,10,0
1784559000,162.34,162.341,162.335,162.338,176,11,0
1784559300,162.338,162.35,162.335,162.343,354,10,0
1784559600,162.342,162.394,162.34,162.382,760,10,0
1784559900,162.383,162.388,162.363,162.387,383,10,0
1784560200,162.388,162.399,162.383,162.387,255,11,0
1784560500,162.386,162.399,162.382,162.39,304,10,0
1784560800,162.388,162.422,162.386,162.411,311,10,0
1784561100,162.411,162.425,162.396,162.399,152,10,0
1784561400,162.398,162.411,162.385,162.399,178,10,0
1784561700,162.4,162.4,162.383,162.39,159,11,0
1784562000,162.39,162.414,162.388,162.409,181,10,0
1784562300,162.41,162.41,162.388,162.394,287,10,0
1784562600,162.394,162.403,162.379,162.39,257,10,0
1784562900,162.389,162.409,162.387,162.403,261,10,0
1784563200,162.404,162.418,162.399,162.401,309,10,0
1784563500,162.402,162.422,162.402,162.414,205,10,0
1784563800,162.413,162.421,162.407,162.414,175,11,0
1784564100,162.414,162.42,162.409,162.41,118,10,0
1784564400,162.409,162.415,162.399,162.399,148,10,0
1784564700,162.4,162.415,162.399,162.412,208,10,0
1784565000,162.413,162.42,162.407,162.413,262,11,0
1784565300,162.413,162.415,162.382,162.389,287,10,0
1784565600,162.389,162.415,162.386,162.411,260,10,0
1784565900,162.412,162.413,162.394,162.396,271,11,0
1784566200,162.396,162.412,162.381,162.402,183,10,0
1784566500,162.402,162.471,162.396,162.47,297,10,0
1784566800,162.471,162.485,162.458,162.476,323,10,0
1784567100,162.48,162.54,162.474,162.531,551,10,0
1784567400,162.54,162.561,162.511,162.528,504,10,0
1784567700,162.526,162.531,162.511,162.513,353,10,0
1784568000,162.514,162.55,162.514,162.543,353,10,0
1784568300,162.543,162.551,162.523,162.539,279,10,0
1784568600,162.539,162.571,162.539,162.552,339,10,0
1784568900,162.551,162.567,162.54,162.55,255,10,0
1784569200,162.551,162.582,162.549,162.566,374,10,0
1784569500,162.567,162.578,162.552,162.569,274,10,0
1784569800,162.569,162.582,162.554,162.58,226,10,0
1784570100,162.578,162.583,162.503,162.517,518,10,0
1784570400,162.518,162.559,162.518,162.54,553,10,0
1784570700,162.54,162.567,162.524,162.53,457,10,0
1784571000,162.531,162.569,162.53,162.564,359,10,0
1784571300,162.564,162.572,162.548,162.553,237,10,0
1784571600,162.552,162.558,162.54,162.544,182,10,0
1784571900,162.543,162.554,162.54,162.551,153,10,0
1784572200,162.552,162.569,162.545,162.566,240,10,0
1784572500,162.566,162.577,162.557,162.569,165,10,0
1784572800,162.569,162.578,162.557,162.557,123,10,0
1784573100,162.556,162.565,162.538,162.543,168,10,0
1784573400,162.544,162.565,162.54,162.559,203,10,0
1784573700,162.558,162.564,162.549,162.564,163,10,0
1784574000,162.565,162.591,162.53,162.543,359,10,0
1784574300,162.542,162.544,162.527,162.528,189,10,0
1784574600,162.528,162.532,162.526,162.528,131,10,0
1784574900,162.528,162.543,162.527,162.534,119,10,0
1784575200,162.533,162.541,162.529,162.533,144,10,0
1784575500,162.534,162.554,162.534,162.542,159,10,0
1784575800,162.541,162.544,162.529,162.533,171,10,0
1784576100,162.533,162.536,162.526,162.53,113,10,0
1784576400,162.529,162.567,162.528,162.53,346,10,0
1784576700,162.53,162.544,162.53,162.541,121,10,0
1784577000,162.54,162.546,162.54,162.543,82,10,0
1784577300,162.544,162.544,162.517,162.518,151,10,0
1784577600,162.517,162.518,162.474,162.487,231,10,0
1784577900,162.488,162.491,162.475,162.475,145,10,0
1784578200,162.476,162.502,162.476,162.493,177,10,0
1784578500,162.493,162.493,162.479,162.481,169,10,0
1784578800,162.482,162.488,162.467,162.473,160,10,0
1784579100,162.472,162.473,162.455,162.467,144,10,0
1784579400,162.468,162.471,162.461,162.469,86,10,0
1784579700,162.468,162.485,162.467,162.484,93,10,0
1784580000,162.484,162.484,162.466,162.468,98,10,0
1784580300,162.469,162.472,162.459,162.459,118,11,0
1784580600,162.458,162.467,162.454,162.458,131,10,0
1784580900,162.458,162.466,162.454,162.459,77,10,0
1784581200,162.459,162.46,162.452,162.455,78,10,0
1784581500,162.454,162.457,162.436,162.438,125,11,0
1784581800,162.439,162.441,162.437,162.441,78,11,0
1784582100,162.44,162.441,162.415,162.432,225,10,0
1784582400,162.433,162.476,162.433,162.47,263,10,0
1784582700,162.47,162.471,162.456,162.461,210,10,0
1784583000,162.458,162.483,162.458,162.481,223,10,0
1784583300,162.482,162.486,162.477,162.48,180,10,0
1784583600,162.483,162.494,162.481,162.494,71,10,0
1784583900,162.496,162.51,162.489,162.495,140,10,0
1784584200,162.494,162.512,162.494,162.509,131,10,0
1784584500,162.51,162.524,162.498,162.498,209,10,0
1784584800,162.498,162.505,162.481,162.49,255,10,0
1784585100,162.489,162.494,162.48,162.482,143,11,0
1784585400,162.483,162.503,162.482,162.495,230,10,0
1784585700,162.496,162.504,162.485,162.487,140,10,0
1784586000,162.486,162.493,162.478,162.481,186,10,0
1784586300,162.481,162.492,162.456,162.464,269,10,0
1784586600,162.462,162.471,162.455,162.468,262,10,0
1784586900,162.467,162.48,162.464,162.478,206,10,0
1784587200,162.478,162.494,162.477,162.493,89,10,0
1784587500,162.493,162.495,162.477,162.478,134,10,0
1784587800,162.478,162.479,162.463,162.469,184,10,0
1784588100,162.468,162.513,162.468,162.513,341,10,0
1784588400,162.513,162.521,162.482,162.489,265,10,0
1784588700,162.489,162.509,162.487,162.502,73,10,0
1784589000,162.504,162.511,162.498,162.498,64,10,0
1784589300,162.499,162.525,162.499,162.521,72,10,0
1784589600,162.52,162.521,162.497,162.497,90,11,0
1784589900,162.498,162.511,162.495,162.505,112,10,0
1784590200,162.504,162.509,162.502,162.506,85,10,0
1784590500,162.507,162.513,162.504,162.51,49,11,0
1784590800,162.51,162.527,162.508,162.525,49,11,0
1784591100,162.525,162.526,162.513,162.52,70,12,0
1784591400,162.52,162.524,162.492,162.494,122,13,0
1784591700,162.495,162.497,162.47,162.483,120,15,0
1784592000,162.466,162.466,162.388,162.461,13,66,0
1784592300,162.469,162.469,162.469,162.469,4,67,0
1784592600,162.481,162.481,162.466,162.466,17,54,0
1784592900,162.457,162.467,162.45,162.467,10,71,0
1784593200,162.467,162.469,162.467,162.469,5,67,0
1784593500,162.469,162.49,162.469,162.485,17,60,0
1784593800,162.484,162.485,162.482,162.483,34,67,0
1784594100,162.483,162.497,162.469,162.469,74,48,0
1784594400,162.467,162.492,162.467,162.471,59,48,0
1784594700,162.47,162.497,162.466,162.468,48,43,0
1784595000,162.468,162.468,162.463,162.463,12,63,0
1784595300,162.464,162.466,162.459,162.462,82,62,0
1784595600,162.461,162.488,162.461,162.485,134,27,0
1784595900,162.485,162.496,162.473,162.494,43,13,0
1784596200,162.495,162.499,162.492,162.496,29,17,0
1784596500,162.493,162.501,162.479,162.481,51,14,0
1784596800,162.481,162.491,162.478,162.484,68,12,0
1784597100,162.483,162.487,162.481,162.485,78,15,0
1784597400,162.486,162.494,162.482,162.492,41,16,0
1784597700,162.493,162.5,162.485,162.489,71,13,0
1784598000,162.489,162.508,162.487,162.499,92,10,0
1784598300,162.5,162.5,162.48,162.489,135,12,0
1784598600,162.489,162.496,162.484,162.484,64,13,0
1784598900,162.484,162.494,162.479,162.493,41,17,0
1784599200,162.493,162.501,162.484,162.495,93,13,0
1784599500,162.495,162.497,162.491,162.494,42,13,0
1784599800,162.494,162.497,162.486,162.496,96,13,0
1784600100,162.496,162.496,162.486,162.487,68,12,0
1784600400,162.487,162.501,162.487,162.495,35,14,0
1784600700,162.495,162.496,162.493,162.496,18,13,0
1784601000,162.496,162.5,162.493,162.494,36,14,0
1784601300,162.493,162.496,162.493,162.495,49,12,0
1784601600,162.494,162.496,162.493,162.494,36,12,0
1784601900,162.494,162.499,162.491,162.496,124,10,0
1784602200,162.495,162.501,162.483,162.485,138,10,0
1784602500,162.485,162.493,162.48,162.481,147,10,0
1784602800,162.482,162.487,162.44,162.474,427,10,0
1784603100,162.474,162.484,162.458,162.472,248,10,0
1784603400,162.473,162.485,162.459,162.48,321,10,0
1784603700,162.481,162.492,162.475,162.487,237,10,0
1784604000,162.486,162.504,162.478,162.497,275,10,0
1784604300,162.497,162.505,162.489,162.503,165,11,0
1784604600,162.503,162.523,162.502,162.517,148,10,0
1784604900,162.518,162.529,162.507,162.523,102,10,0
1784605200,162.524,162.524,162.502,162.504,176,10,0
1784605500,162.505,162.51,162.495,162.508,221,10,0
1784605800,162.506,162.523,162.478,162.508,525,10,0
1784606100,162.506,162.529,162.504,162.529,442,10,0
1784606400,162.529,162.532,162.506,162.518,248,10,0
1784606700,162.519,162.519,162.49,162.504,271,10,0
1784607000,162.502,162.51,162.497,162.505,160,10,0
1784607300,162.507,162.511,162.487,162.494,202,11,0
1784607600,162.495,162.511,162.493,162.506,150,10,0
1784607900,162.508,162.51,162.426,162.475,312,10,0
1784608200,162.476,162.496,162.45,162.488,452,10,0
1784608500,162.489,162.52,162.485,162.495,317,11,0
1784608800,162.494,162.498,162.485,162.496,291,11,0
1784609100,162.496,162.505,162.489,162.496,228,10,0
1784609400,162.497,162.517,162.496,162.51,185,11,0
1784609700,162.51,162.515,162.499,162.501,90,10,0
1784610000,162.501,162.52,162.493,162.512,186,10,0
1784610300,162.512,162.516,162.502,162.51,105,10,0
1784610600,162.506,162.51,162.495,162.505,182,10,0
1784610900,162.505,162.509,162.495,162.503,111,10,0
1784611200,162.504,162.505,162.492,162.495,109,11,0
1784611500,162.494,162.499,162.483,162.495,180,11,0
1784611800,162.494,162.499,162.491,162.492,120,11,0
1784612100,162.491,162.496,162.485,162.493,112,10,0
1784612400,162.493,162.497,162.481,162.49,129,10,0
1784612700,162.491,162.495,162.491,162.494,108,10,0
1784613000,162.494,162.495,162.482,162.491,120,11,0
1784613300,162.491,162.495,162.478,162.487,130,10,0
1784613600,162.487,162.504,162.481,162.503,169,10,0
1784613900,162.503,162.51,162.501,162.502,126,10,0
1784614200,162.501,162.51,162.494,162.506,113,10,0
1784614500,162.507,162.508,162.495,162.5,86,10,0
1784614800,162.5,162.5,162.488,162.495,94,10,0
1784615100,162.495,162.505,162.49,162.49,63,11,0
1784615400,162.49,162.491,162.486,162.488,70,10,0
1784615700,162.488,162.494,162.479,162.48,122,10,0
1784616000,162.48,162.488,162.466,162.467,126,10,0
1784616300,162.468,162.472,162.457,162.457,129,11,0
1784616600,162.455,162.471,162.448,162.47,128,11,0
1784616900,162.47,162.482,162.469,162.481,86,12,0
1784617200,162.481,162.486,162.479,162.485,117,11,0
1784617500,162.484,162.484,162.465,162.469,120,12,0
1784617800,162.47,162.481,162.467,162.474,106,10,0
1784618100,162.474,162.481,162.469,162.478,88,10,0
1784618400,162.477,162.477,162.47,162.471,36,12,0
1784618700,162.471,162.482,162.47,162.474,60,10,0
1784619000,162.474,162.493,162.469,162.478,109,10,0
1784619300,162.478,162.494,162.472,162.492,169,10,0
1784619600,162.491,162.495,162.478,162.484,143,10,0
1784619900,162.484,162.487,162.478,162.484,98,10,0
1784620200,162.484,162.491,162.484,162.488,57,12,0
1784620500,162.487,162.488,162.482,162.482,97,11,0
1784620800,162.483,162.493,162.48,162.493,118,11,0
1784621100,162.495,162.501,162.485,162.489,108,10,0
1784621400,162.489,162.511,162.486,162.507,150,10,0
1784621700,162.507,162.511,162.506,162.51,63,10,0
1784622000,162.51,162.521,162.504,162.508,157,11,0
1784622300,162.509,162.511,162.504,162.507,88,11,0
1784622600,162.509,162.509,162.491,162.5,131,11,0
1784622900,162.501,162.504,162.486,162.49,107,11,0
1784623200,162.489,162.492,162.467,162.468,165,10,0
1784623500,162.469,162.486,162.464,162.486,100,10,0
1784623800,162.485,162.513,162.48,162.512,238,10,0
1784624100,162.512,162.514,162.499,162.5,171,10,0
1784624400,162.503,162.507,162.481,162.498,253,10,0
1784624700,162.498,162.509,162.486,162.505,264,10,0
1784625000,162.506,162.522,162.502,162.516,183,10,0
1784625300,162.516,162.518,162.505,162.517,180,10,0
1784625600,162.518,162.522,162.507,162.519,199,10,0
1784625900,162.518,162.524,162.516,162.519,178,10,0
1784626200,162.519,162.541,162.514,162.527,310,10,0
1784626500,162.527,162.54,162.517,162.534,207,10,0
1784626800,162.534,162.548,162.533,162.541,254,10,0
1784627100,162.541,162.552,162.515,162.524,242,10,0
1784627400,162.524,162.529,162.512,162.519,237,11,0
1784627700,162.519,162.535,162.518,162.523,273,11,0
1784628000,162.524,162.54,162.517,162.534,362,11,0
1784628300,162.534,162.542,162.521,162.538,207,10,0
1784628600,162.54,162.557,162.54,162.554,268,10,0
1784628900,162.554,162.574,162.545,162.547,315,10,0
1784629200,162.547,162.573,162.541,162.572,226,10,0
1784629500,162.574,162.583,162.571,162.583,239,10,0
1784629800,162.582,162.595,162.567,162.568,221,10,0
1784630100,162.566,162.571,162.548,162.562,217,10,0
1784630400,162.562,162.587,162.561,162.582,167,10,0
1784630700,162.582,162.589,162.576,162.585,119,10,0
1784631000,162.584,162.611,162.583,162.606,249,10,0
1784631300,162.607,162.613,162.588,162.595,218,10,0
1784631600,162.594,162.611,162.581,162.609,174,10,0
1784631900,162.609,162.629,162.608,162.629,195,10,0
1784632200,162.628,162.643,162.628,162.639,143,10,0
1784632500,162.639,162.666,162.633,162.634,238,10,0
1784632800,162.635,162.65,162.633,162.636,230,10,0
1784633100,162.637,162.672,162.634,162.668,181,10,0
1784633400,162.668,162.69,162.668,162.675,182,10,0
1784633700,162.676,162.692,162.674,162.683,182,10,0
1784634000,162.683,162.685,162.667,162.674,109,10,0
1784634300,162.675,162.691,162.673,162.689,117,10,0
1784634600,162.688,162.693,162.677,162.677,128,10,0
1784634900,162.678,162.683,162.676,162.681,88,10,0
1784635200,162.681,162.691,162.675,162.676,99,10,0
1784635500,162.676,162.68,162.666,162.68,241,10,0
1784635800,162.679,162.691,162.677,162.69,111,10,0
1784636100,162.69,162.691,162.605,162.657,336,10,0
1784636400,162.656,162.668,162.651,162.664,245,10,0
1784636700,162.663,162.678,162.661,162.677,310,10,0
1784637000,162.677,162.689,162.654,162.66,204,10,0
1784637300,162.66,162.672,162.65,162.664,249,10,0
1784637600,162.662,162.667,162.653,162.665,197,10,0
1784637900,162.663,162.666,162.651,162.662,140,10,0
1784638200,162.662,162.678,162.652,162.662,158,11,0
1784638500,162.663,162.678,162.662,162.667,142,10,0
1784638800,162.667,162.676,162.636,162.671,262,10,0
1784639100,162.671,162.682,162.67,162.677,131,10,0
1784639400,162.677,162.677,162.642,162.667,481,10,0
1784639700,162.667,162.673,162.653,162.662,183,10,0
1784640000,162.663,162.663,162.645,162.658,180,10,0
1784640300,162.658,162.659,162.643,162.649,127,10,0
1784640600,162.65,162.666,162.644,162.665,191,10,0
1784640900,162.665,162.682,162.661,162.68,224,11,0
1784641200,162.678,162.687,162.677,162.683,197,11,0
1784641500,162.684,162.691,162.683,162.689,122,10,0
1784641800,162.689,162.693,162.676,162.678,158,10,0
1784642100,162.677,162.68,162.654,162.662,425,10,0
1784642400,162.66,162.689,162.655,162.68,320,10,0
1784642700,162.681,162.716,162.68,162.713,192,10,0
1784643000,162.714,162.731,162.713,162.719,187,10,0
1784643300,162.719,162.734,162.716,162.734,162,10,0
1784643600,162.733,162.74,162.732,162.733,104,10,0
1784643900,162.733,162.737,162.732,162.736,66,11,0
1784644200,162.736,162.744,162.724,162.743,140,10,0
1784644500,162.742,162.744,162.724,162.732,126,10,0
1784644800,162.731,162.741,162.729,162.732,129,10,0
1784645100,162.732,162.737,162.729,162.73,59,11,0
1784645400,162.729,162.745,162.729,162.741,106,10,0
1784645700,162.741,162.744,162.724,162.727,120,10,0
1784646000,162.724,162.746,162.715,162.743,273,10,0
1784646300,162.742,162.744,162.73,162.742,191,10,0
1784646600,162.741,162.744,162.733,162.736,126,10,0
1784646900,162.736,162.746,162.732,162.743,168,10,0
1784647200,162.742,162.772,162.742,162.77,185,10,0
1784647500,162.768,162.794,162.767,162.783,230,10,0
1784647800,162.784,162.794,162.77,162.78,204,10,0
1784648100,162.785,162.796,162.781,162.79,128,10,0
1784648400,162.789,162.797,162.78,162.784,290,10,0
1784648700,162.783,162.783,162.765,162.77,198,10,0
1784649000,162.771,162.775,162.689,162.725,483,10,0
1784649300,162.724,162.741,162.717,162.719,304,10,0
1784649600,162.719,162.762,162.718,162.749,333,10,0
1784649900,162.75,162.762,162.74,162.762,270,10,0
1784650200,162.761,162.762,162.733,162.75,207,10,0
1784650500,162.749,162.792,162.748,162.788,184,10,0
1784650800,162.788,162.799,162.78,162.785,243,10,0
1784651100,162.784,162.8,162.777,162.793,218,10,0
1784651400,162.793,162.803,162.766,162.786,285,10,0
1784651700,162.787,162.821,162.778,162.82,381,10,0
1784652000,162.819,162.832,162.79,162.826,425,10,0
1784652300,162.825,162.837,162.789,162.823,352,10,0
1784652600,162.821,162.888,162.815,162.868,643,10,0
1784652900,162.867,162.884,162.852,162.864,405,10,0
1784653200,162.864,162.88,162.852,162.858,354,10,0
1784653500,162.858,162.921,162.853,162.916,462,10,0
1784653800,162.915,162.92,162.89,162.891,418,10,0
1784654100,162.892,162.92,162.892,162.914,251,10,0
1784654400,162.913,162.914,162.899,162.902,328,10,0
1784654700,162.901,162.946,162.9,162.944,235,10,0
1784655000,162.945,162.983,162.918,162.973,485,10,0
1784655300,162.974,162.984,162.961,162.971,357,10,0
1784655600,162.972,162.972,162.947,162.961,353,10,0
1784655900,162.961,162.977,162.943,162.97,340,10,0
1784656200,162.971,163.037,162.955,162.982,338,10,0
1784656500,162.978,163.037,162.894,163.014,1086,10,0
1784656800,163.015,163.016,162.986,162.989,527,10,0
1784657100,162.988,162.996,162.976,162.987,439,10,0
1784657400,162.986,162.987,162.954,162.957,321,10,0
1784657700,162.957,162.958,162.929,162.933,391,10,0
1784658000,162.933,162.947,162.908,162.936,556,10,0
1784658300,162.936,162.961,162.935,162.959,271,10,0
1784658600,162.959,162.987,162.947,162.966,369,10,0
1784658900,162.967,162.978,162.956,162.974,313,10,0
1784659200,162.973,163.012,162.971,163.009,293,10,0
1784659500,163.007,163.024,163.003,163.021,243,10,0
1784659800,163.023,163.032,163.011,163.028,165,10,0
1784660100,163.027,163.029,163.009,163.011,180,10,0
1784660400,163.012,163.025,163.003,163.003,200,10,0
1784660700,163.002,163.012,163.0,163.008,257,10,0
1784661000,163.009,163.014,162.996,163.012,380,10,0
1784661300,163.013,163.016,163.004,163.013,145,10,0
1784661600,163.012,163.025,162.996,162.999,186,10,0
1784661900,162.998,163.001,162.982,162.994,174,10,0
1784662200,162.994,163.0,162.974,162.988,148,10,0
1784662500,162.987,162.997,162.985,162.989,185,10,0
1784662800,162.991,162.991,162.955,162.962,216,10,0
1784663100,162.961,162.992,162.954,162.991,169,10,0
1784663400,162.991,163.004,162.989,163.0,137,11,0
1784663700,163.0,163.005,162.99,163.001,170,10,0
1784664000,163.001,163.003,162.972,162.991,142,12,0
1784664300,162.989,163.011,162.989,163.01,111,10,0
1784664600,163.01,163.012,163.001,163.011,106,11,0
1784664900,163.01,163.014,162.993,162.999,103,11,0
1784665200,162.999,163.0,162.986,162.988,114,11,0
1784665500,162.988,162.989,162.972,162.975,136,11,0
1784665800,162.976,162.998,162.975,162.996,195,10,0
1784666100,162.996,163.001,162.995,162.999,82,10,0
1784666400,162.999,163.011,162.997,163.001,136,10,0
1784666700,163.001,163.013,163.0,163.011,117,10,0
1784667000,163.01,163.011,163.008,163.009,77,11,0
1784667300,163.01,163.025,163.009,163.023,79,10,0
1784667600,163.024,163.095,163.022,163.092,167,10,0
1784667900,163.093,163.219,163.08,163.142,705,10,0
1784668200,163.142,163.142,163.117,163.135,429,10,0
1784668500,163.136,163.151,163.131,163.148,352,10,0
1784668800,163.149,163.174,163.144,163.159,332,10,0
1784669100,163.16,163.16,163.124,163.15,317,10,0
1784669400,163.152,163.172,163.143,163.172,400,10,0
1784669700,163.171,163.186,163.171,163.172,202,10,0
1784670000,163.171,163.228,163.171,163.225,399,10,0
1784670300,163.226,163.229,163.217,163.229,313,10,0
1784670600,163.23,163.231,163.195,163.198,226,10,0
1784670900,163.199,163.211,163.172,163.183,233,10,0
1784671200,163.182,163.2,163.158,163.2,301,10,0
1784671500,163.2,163.204,163.182,163.197,224,10,0
1784671800,163.198,163.215,163.198,163.211,196,10,0
1784672100,163.211,163.211,163.194,163.195,168,10,0
1784672400,163.194,163.195,163.162,163.171,174,10,0
1784672700,163.17,163.177,163.158,163.168,280,10,0
1784673000,163.168,163.17,163.158,163.161,251,10,0
1784673300,163.16,163.2,163.16,163.195,187,10,0
1784673600,163.195,163.198,163.182,163.197,200,10,0
1784673900,163.194,163.199,163.184,163.19,158,10,0
1784674200,163.19,163.198,163.181,163.185,220,10,0
1784674500,163.184,163.207,163.184,163.2,398,10,0
1784674800,163.2,163.223,163.193,163.212,406,10,0
1784675100,163.212,163.217,163.207,163.217,88,10,0
1784675400,163.216,163.222,163.206,163.221,63,11,0
1784675700,163.222,163.228,163.221,163.223,73,11,0
1784676000,163.223,163.233,163.223,163.232,80,11,0
1784676300,163.233,163.233,163.22,163.226,56,10,0
1784676600,163.227,163.23,163.224,163.228,100,10,0
1784676900,163.228,163.228,163.211,163.212,114,10,0
1784677200,163.212,163.214,163.195,163.21,142,10,0
1784677500,163.21,163.213,163.197,163.197,68,10,0
1784677800,163.198,163.199,163.186,163.194,144,12,0
1784678100,163.189,163.214,163.075,163.159,237,13,0
1784678400,163.148,163.171,163.144,163.171,10,34,0
1784678700,163.169,163.175,163.163,163.169,17,39,0
1784679000,163.164,163.173,163.123,163.139,32,34,0
1784679300,163.138,163.164,163.13,163.164,69,47,0
1784679600,163.162,163.166,163.162,163.165,23,42,0
1784679900,163.167,163.171,163.16,163.17,35,34,0
1784680200,163.169,163.17,163.166,163.166,20,37,0
1784680500,163.166,163.178,163.152,163.158,33,26,0
1784680800,163.157,163.158,163.147,163.15,50,27,0
1784681100,163.142,163.15,163.142,163.147,19,30,0
1784681400,163.147,163.148,163.145,163.147,19,31,0
1784681700,163.146,163.151,163.146,163.149,12,29,0
1784682000,163.148,163.186,163.148,163.181,107,16,0
1784682300,163.18,163.181,163.158,163.167,34,14,0
1784682600,163.167,163.183,163.166,163.181,96,14,0
1784682900,163.18,163.185,163.174,163.177,71,12,0
1784683200,163.175,163.183,163.171,163.183,97,14,0
1784683500,163.184,163.185,163.172,163.184,88,14,0
1784683800,163.181,163.186,163.173,163.175,44,14,0
1784684100,163.174,163.184,163.171,163.184,43,10,0
1784684400,163.183,163.189,163.183,163.187,35,14,0
1784684700,163.185,163.19,163.179,163.186,70,13,0
1784685000,163.186,163.201,163.186,163.198,77,13,0
1784685300,163.198,163.205,163.195,163.2,63,11,0
1784685600,163.2,163.214,163.199,163.21,101,13,0
1784685900,163.211,163.212,163.199,163.201,53,12,0
1784686200,163.201,163.208,163.192,163.201,77,11,0
1784686500,163.2,163.209,163.194,163.208,65,13,0
1784686800,163.208,163.218,163.208,163.212,41,12,0
1784687100,163.211,163.221,163.199,163.201,103,11,0
1784687400,163.2,163.2,163.195,163.197,45,14,0
1784687700,163.197,163.205,163.196,163.2,71,13,0
1784688000,163.2,163.213,163.199,163.21,61,11,0
1784688300,163.21,163.213,163.209,163.21,22,13,0
1784688600,163.21,163.21,163.194,163.195,81,10,0
1784688900,163.196,163.204,163.18,163.182,85,12,0
1784689200,163.183,163.188,163.127,163.134,340,10,0
1784689500,163.134,163.199,163.131,163.158,375,10,0
1784689800,163.159,163.174,163.1,163.106,349,10,0
1784690100,163.106,163.124,163.066,163.066,466,10,0
1784690400,163.068,163.078,163.022,163.068,491,10,0
1784690700,163.069,163.095,163.055,163.057,334,10,0
1784691000,163.058,163.076,163.046,163.058,365,10,0
1784691300,163.058,163.124,163.058,163.124,326,10,0
1784691600,163.123,163.14,163.103,163.113,310,10,0
1784691900,163.113,163.153,163.112,163.142,327,10,0
1784692200,163.141,163.164,163.098,163.163,668,10,0
1784692500,163.16,163.172,163.129,163.133,482,10,0
1784692800,163.132,163.154,163.099,163.149,572,10,0
1784693100,163.15,163.15,163.119,163.132,322,10,0
1784693400,163.132,163.142,163.118,163.132,271,10,0
1784693700,163.133,163.159,163.129,163.145,246,10,0
1784694000,163.146,163.177,163.139,163.175,232,10,0
1784694300,163.175,163.179,163.161,163.162,294,10,0
1784694600,163.161,163.198,163.16,163.184,287,10,0
1784694900,163.184,163.19,163.17,163.174,274,10,0
1784695200,163.174,163.179,163.161,163.173,229,10,0
1784695500,163.173,163.174,163.157,163.158,199,10,0
1784695800,163.158,163.168,163.154,163.156,188,10,0
1784696100,163.157,163.16,163.143,163.145,143,10,0
1784696400,163.145,163.173,163.142,163.159,234,10,0
1784696700,163.159,163.164,163.15,163.157,141,10,0
1784697000,163.156,163.163,163.149,163.16,143,10,0
1784697300,163.159,163.164,163.151,163.159,144,11,0
1784697600,163.158,163.158,163.142,163.143,167,10,0
1784697900,163.144,163.144,163.066,163.092,512,10,0
1784698200,163.09,163.1,163.079,163.098,307,10,0
1784698500,163.098,163.108,163.094,163.102,153,10,0
1784698800,163.102,163.102,163.079,163.093,213,10,0
1784699100,163.093,163.124,163.086,163.124,214,11,0
1784699400,163.124,163.125,163.11,163.113,171,10,0
1784699700,163.112,163.118,163.096,163.114,195,10,0
1784700000,163.114,163.141,163.109,163.116,290,10,0
1784700300,163.115,163.15,163.115,163.148,264,10,0
1784700600,163.147,163.15,163.136,163.139,211,10,0
1784700900,163.139,163.146,163.131,163.139,161,10,0
1784701200,163.139,163.15,163.139,163.146,197,10,0
1784701500,163.147,163.147,163.124,163.125,181,10,0
1784701800,163.125,163.137,163.11,163.126,267,10,0
1784702100,163.125,163.139,163.117,163.123,145,10,0
1784702400,163.121,163.136,163.121,163.133,156,11,0
1784702700,163.133,163.148,163.131,163.148,163,10,0
1784703000,163.148,163.161,163.142,163.159,199,10,0
1784703300,163.16,163.161,163.139,163.153,302,10,0
1784703600,163.152,163.16,163.15,163.154,162,10,0
1784703900,163.153,163.162,163.143,163.162,157,11,0
1784704200,163.16,163.19,163.16,163.183,182,10,0
1784704500,163.183,163.183,163.171,163.174,129,11,0
1784704800,163.174,163.191,163.172,163.189,162,10,0
1784705100,163.188,163.189,163.169,163.171,121,10,0
1784705400,163.171,163.176,163.157,163.16,121,10,0
1784705700,163.161,163.17,163.161,163.164,73,10,0
1784706000,163.163,163.163,163.146,163.148,113,10,0
1784706300,163.147,163.163,163.147,163.163,111,10,0
1784706600,163.164,163.168,163.156,163.162,88,10,0
1784706900,163.163,163.177,163.161,163.168,83,11,0
1784707200,163.169,163.173,163.16,163.163,126,10,0
1784707500,163.164,163.167,163.158,163.166,136,11,0
1784707800,163.166,163.167,163.15,163.155,86,10,0
1784708100,163.155,163.165,163.151,163.151,89,10,0
1784708400,163.152,163.156,163.143,163.155,109,10,0
1784708700,163.155,163.168,163.153,163.166,64,10,0
1784709000,163.165,163.182,163.165,163.18,107,10,0
1784709300,163.181,163.181,163.158,163.164,121,10,0
1784709600,163.164,163.164,163.141,163.143,142,10,0
1784709900,163.143,163.155,163.141,163.144,179,11,0
1784710200,163.145,163.161,163.142,163.155,145,10,0
1784710500,163.157,163.16,163.077,163.082,481,10,0
1784710800,163.087,163.088,163.047,163.084,467,10,0
1784711100,163.085,163.09,163.065,163.066,317,10,0
1784711400,163.066,163.081,163.047,163.078,382,10,0
1784711700,163.077,163.116,163.077,163.096,269,10,0
1784712000,163.094,163.101,163.07,163.096,357,10,0
1784712300,163.095,163.12,163.092,163.105,379,10,0
1784712600,163.106,163.118,163.088,163.098,262,10,0
1784712900,163.099,163.137,163.091,163.131,213,10,0
1784713200,163.131,163.139,163.113,163.114,278,10,0
1784713500,163.115,163.12,163.103,163.116,177,10,0
1784713800,163.117,163.132,163.113,163.119,206,10,0
1784714100,163.118,163.124,163.083,163.085,279,10,0
1784714400,163.085,163.106,163.085,163.101,343,10,0
1784714700,163.102,163.109,163.079,163.082,224,11,0
1784715000,163.083,163.095,163.062,163.08,255,10,0
1784715300,163.082,163.105,163.082,163.092,258,10,0
1784715600,163.095,163.12,163.083,163.112,185,10,0
1784715900,163.112,163.132,163.101,163.127,208,10,0
1784716200,163.128,163.129,162.668,162.917,1255,10,0
1784716500,162.918,162.953,162.915,162.928,518,10,0
1784716800,162.928,162.944,162.891,162.938,504,10,0
1784717100,162.939,162.971,162.919,162.92,658,10,0
1784717400,162.92,162.939,162.894,162.905,499,10,0
1784717700,162.905,162.945,162.902,162.938,358,10,0
1784718000,162.937,162.96,162.904,162.952,548,10,0
1784718300,162.953,163.054,162.946,163.026,542,10,0
1784718600,163.026,163.054,163.018,163.053,429,10,0
1784718900,163.053,163.108,163.052,163.086,448,10,0
1784719200,163.087,163.101,163.068,163.068,332,10,0
1784719500,163.069,163.078,163.045,163.067,450,10,0
1784719800,163.068,163.069,163.011,163.029,510,10,0
1784720100,163.03,163.031,162.996,163.014,249,10,0
1784720400,163.014,163.036,163.001,163.006,412,10,0
1784720700,163.007,163.029,162.994,163.029,455,10,0
1784721000,163.029,163.032,163.012,163.012,282,10,0
1784721300,163.013,163.014,162.946,162.952,344,10,0
1784721600,162.953,162.978,162.938,162.947,536,10,0
1784721900,162.946,162.972,162.944,162.952,395,10,0
1784722200,162.951,162.988,162.945,162.977,334,10,0
1784722500,162.978,162.989,162.954,162.962,335,10,0
1784722800,162.962,162.989,162.962,162.98,352,11,0
1784723100,162.979,162.984,162.965,162.973,382,10,0
1784723400,162.974,163.003,162.974,162.995,339,10,0
1784723700,162.995,163.003,162.991,163.003,226,10,0
1784724000,163.003,163.022,162.992,162.996,396,10,0
1784724300,162.996,163.016,162.985,163.011,291,10,0
1784724600,163.012,163.046,163.011,163.036,270,10,0
1784724900,163.035,163.047,163.022,163.028,220,10,0
1784725200,163.028,163.049,163.008,163.045,327,10,0
1784725500,163.046,163.065,163.046,163.064,168,11,0
1784725800,163.064,163.072,163.05,163.072,208,10,0
1784726100,163.072,163.073,163.05,163.058,206,10,0
1784726400,163.058,163.06,163.039,163.053,283,10,0
1784726700,163.054,163.054,163.031,163.037,150,10,0
1784727000,163.038,163.049,163.027,163.029,131,10,0
1784727300,163.03,163.031,163.006,163.015,186,10,0
1784727600,163.016,163.046,163.016,163.024,176,11,0
1784727900,163.024,163.039,163.022,163.039,144,10,0
1784728200,163.039,163.06,163.037,163.059,159,10,0
1784728500,163.057,163.061,163.001,163.018,337,10,0
1784728800,163.016,163.032,162.987,163.006,359,10,0
1784729100,163.006,163.017,162.99,162.994,175,10,0
1784729400,162.994,163.017,162.992,163.006,122,10,0
1784729700,163.006,163.031,163.003,163.01,148,10,0
1784730000,163.01,163.032,163.007,163.029,146,10,0
1784730300,163.029,163.039,163.025,163.035,132,10,0
1784730600,163.036,163.037,163.008,163.014,148,10,0
1784730900,163.014,163.033,163.011,163.018,142,10,0
1784731200,163.022,163.061,163.02,163.046,410,10,0
1784731500,163.047,163.053,163.029,163.041,211,11,0
1784731800,163.041,163.07,163.036,163.059,235,10,0
1784732100,163.059,163.074,163.051,163.07,140,10,0
1784732400,163.066,163.068,163.046,163.062,344,10,0
1784732700,163.062,163.073,163.055,163.062,200,10,0
1784733000,163.061,163.063,163.044,163.046,374,10,0
1784733300,163.045,163.058,163.043,163.048,333,10,0
1784733600,163.047,163.071,163.042,163.059,274,10,0
1784733900,163.061,163.073,163.053,163.059,203,10,0
1784734200,163.06,163.061,163.045,163.049,143,10,0
1784734500,163.05,163.061,163.038,163.047,293,10,0
1784734800,163.048,163.055,163.033,163.047,215,10,0
1784735100,163.047,163.072,163.047,163.064,285,10,0
1784735400,163.063,163.077,163.06,163.071,226,10,0
1784735700,163.072,163.131,163.07,163.098,649,10,0
1784736000,163.099,163.102,163.063,163.077,624,10,0
1784736300,163.077,163.09,163.073,163.089,274,10,0
1784736600,163.088,163.102,163.073,163.09,223,10,0
1784736900,163.091,163.104,163.076,163.079,240,10,0
1784737200,163.078,163.093,163.064,163.065,301,10,0
1784737500,163.064,163.076,163.049,163.065,266,10,0
1784737800,163.063,163.067,163.008,163.033,474,10,0
1784738100,163.032,163.038,163.014,163.015,372,10,0
1784738400,163.016,163.031,163.009,163.023,403,10,0
1784738700,163.024,163.048,163.022,163.036,337,10,0
1784739000,163.035,163.051,163.034,163.047,295,10,0
1784739300,163.047,163.084,163.043,163.053,410,10,0
1784739600,163.052,163.064,163.042,163.049,295,10,0
1784739900,163.05,163.079,163.047,163.066,317,10,0
1784740200,163.07,163.073,163.048,163.054,227,10,0
1784740500,163.055,163.062,163.043,163.058,334,10,0
1784740800,163.059,163.069,163.046,163.061,302,10,0
1784741100,163.06,163.077,163.059,163.069,250,10,0
1784741400,163.068,163.077,163.05,163.059,285,10,0
1784741700,163.058,163.07,163.05,163.05,281,10,0
1784742000,163.05,163.062,163.046,163.051,278,10,0
1784742300,163.051,163.052,163.036,163.052,301,10,0
1784742600,163.051,163.077,163.05,163.075,416,10,0
1784742900,163.076,163.115,163.075,163.112,382,10,0
1784743200,163.113,163.113,163.072,163.086,374,10,0
1784743500,163.087,163.101,163.077,163.084,282,10,0
1784743800,163.083,163.095,163.074,163.095,153,10,0
1784744100,163.094,163.116,163.093,163.112,146,10,0
1784744400,163.111,163.113,163.098,163.103,144,10,0
1784744700,163.104,163.109,163.101,163.103,148,10,0
1784745000,163.102,163.119,163.097,163.114,214,10,0
1784745300,163.114,163.128,163.111,163.115,232,10,0
1784745600,163.115,163.121,163.095,163.1,225,10,0
1784745900,163.101,163.112,163.079,163.079,237,10,0
1784746200,163.078,163.096,163.065,163.096,256,10,0
1784746500,163.096,163.103,163.069,163.074,190,10,0
1784746800,163.074,163.078,163.06,163.073,257,10,0
1784747100,163.074,163.092,163.072,163.087,205,10,0
1784747400,163.087,163.101,163.087,163.099,279,10,0
1784747700,163.099,163.123,163.091,163.103,337,10,0
1784748000,163.103,163.112,163.095,163.097,222,10,0
1784748300,163.093,163.104,163.082,163.087,241,10,0
1784748600,163.087,163.102,163.075,163.1,203,10,0
1784748900,163.1,163.11,163.096,163.104,145,10,0
1784749200,163.104,163.107,163.097,163.106,125,10,0
1784749500,163.105,163.112,163.093,163.093,149,10,0
1784749800,163.092,163.101,163.089,163.096,138,10,0
1784750100,163.097,163.107,163.089,163.106,190,10,0
1784750400,163.106,163.12,163.101,163.108,243,10,0
1784750700,163.108,163.121,163.106,163.119,140,10,0
1784751000,163.118,163.131,163.116,163.129,87,10,0
1784751300,163.129,163.133,163.117,163.132,206,10,0
1784751600,163.132,163.141,163.126,163.139,229,10,0
1784751900,163.14,163.141,163.128,163.129,157,10,0
1784752200,163.13,163.144,163.13,163.144,149,10,0
1784752500,163.144,163.159,163.142,163.159,139,10,0
1784752800,163.162,163.172,163.154,163.158,151,10,0
1784753100,163.158,163.159,163.149,163.158,135,10,0
1784753400,163.157,163.16,163.142,163.155,122,10,0
1784753700,163.156,163.158,163.143,163.15,192,10,0
1784754000,163.15,163.167,163.15,163.164,152,10,0
1784754300,163.165,163.168,163.14,163.152,272,10,0
1784754600,163.153,163.154,163.146,163.152,171,11,0
1784754900,163.153,163.166,163.148,163.149,270,10,0
1784755200,163.149,163.152,163.122,163.126,266,10,0
1784755500,163.125,163.135,163.122,163.124,241,10,0
1784755800,163.124,163.131,163.121,163.123,107,10,0
1784756100,163.122,163.124,163.108,163.109,150,10,0
1784756400,163.11,163.124,163.11,163.115,161,10,0
1784756700,163.116,163.118,163.103,163.116,137,10,0
1784757000,163.117,163.127,163.116,163.119,140,10,0
1784757300,163.119,163.133,163.119,163.123,163,11,0
1784757600,163.122,163.138,163.114,163.116,220,10,0
1784757900,163.115,163.131,163.112,163.129,163,11,0
1784758200,163.13,163.141,163.129,163.141,106,11,0
1784758500,163.14,163.141,163.131,163.134,192,11,0
1784758800,163.135,163.135,163.128,163.131,128,10,0
1784759100,163.131,163.142,163.13,163.139,126,11,0
1784759400,163.14,163.145,163.128,163.139,180,11,0
1784759700,163.139,163.147,163.139,163.145,214,11,0
1784760000,163.144,163.149,163.142,163.146,152,11,0
1784760300,163.145,163.149,163.143,163.144,83,12,0
1784760600,163.145,163.155,163.142,163.153,167,10,0
1784760900,163.151,163.155,163.139,163.143,333,10,0
1784761200,163.143,163.149,163.129,163.149,275,10,0
1784761500,163.149,163.149,163.133,163.133,225,10,0
1784761800,163.133,163.144,163.133,163.142,175,10,0
1784762100,163.143,163.148,163.136,163.143,85,12,0
1784762400,163.143,163.148,163.139,163.148,71,11,0
1784762700,163.149,163.149,163.137,163.143,74,10,0
1784763000,163.143,163.146,163.137,163.142,129,10,0
1784763300,163.143,163.146,163.141,163.143,110,11,0
1784763600,163.142,163.147,163.14,163.144,90,12,0
1784763900,163.145,163.159,163.145,163.158,166,11,0
1784764200,163.159,163.159,163.151,163.155,553,13,0
1784764500,163.154,163.156,163.131,163.134,133,10,0
1784764800,163.127,163.127,163.075,163.079,10,32,0
1784765100,163.077,163.092,163.077,163.083,10,82,0
1784765400,163.084,163.111,163.079,163.083,16,60,0
1784765700,163.083,163.088,163.083,163.084,16,69,0
1784766000,163.085,163.089,163.084,163.089,17,71,0
1784766300,163.087,163.09,163.087,163.09,24,61,0
1784766600,163.089,163.095,163.083,163.084,35,58,0
1784766900,163.084,163.099,163.084,163.087,66,41,0
1784767200,163.084,163.103,163.083,163.084,40,49,0
1784767500,163.084,163.092,163.082,163.083,14,59,0
1784767800,163.081,163.094,163.081,163.093,34,53,0
1784768100,163.093,163.093,163.078,163.078,15,54,0
1784768400,163.078,163.122,163.078,163.09,53,11,0
1784768700,163.091,163.105,163.074,163.1,32,10,0
1784769000,163.102,163.106,163.084,163.09,70,10,0
1784769300,163.087,163.095,163.074,163.09,134,13,0
1784769600,163.09,163.095,163.086,163.091,26,11,0
1784769900,163.091,163.098,163.091,163.094,15,16,0
1784770200,163.096,163.116,163.09,163.109,53,10,0
1784770500,163.109,163.121,163.106,163.121,24,15,0
1784770800,163.12,163.143,163.12,163.121,99,14,0
1784771100,163.119,163.125,163.117,163.117,49,13,0
1784771400,163.117,163.118,163.103,163.104,78,15,0
1784771700,163.103,163.115,163.102,163.108,37,12,0
1784772000,163.108,163.109,163.085,163.099,92,12,0
1784772300,163.1,163.11,163.092,163.11,58,13,0
1784772600,163.109,163.117,163.108,163.108,61,14,0
1784772900,163.109,163.11,163.089,163.092,116,12,0
1784773200,163.091,163.105,163.089,163.105,55,13,0
1784773500,163.106,163.108,163.101,163.103,37,11,0
1784773800,163.104,163.107,163.094,163.095,79,12,0
1784774100,163.094,163.097,163.09,163.095,52,13,0
1784774400,163.094,163.1,163.089,163.09,82,14,0
1784774700,163.091,163.097,163.09,163.095,85,13,0
1784775000,163.094,163.105,163.094,163.098,88,12,0
1784775300,163.099,163.105,163.082,163.082,167,12,0
1784775600,163.082,163.095,163.058,163.075,357,10,0
1784775900,163.077,163.099,163.076,163.092,226,10,0
1784776200,163.092,163.1,163.082,163.096,179,10,0
1784776500,163.096,163.108,163.09,163.099,202,10,0
1784776800,163.099,163.108,163.076,163.081,291,10,0
1784777100,163.08,163.095,163.079,163.091,233,10,0
1784777400,163.091,163.101,163.087,163.094,192,10,0
1784777700,163.094,163.099,163.088,163.09,175,11,0
1784778000,163.089,163.097,163.082,163.091,207,11,0
1784778300,163.091,163.116,163.089,163.115,197,10,0
1784778600,163.114,163.133,163.058,163.064,427,10,0
1784778900,163.065,163.095,163.04,163.052,372,10,0
1784779200,163.048,163.08,163.019,163.079,569,10,0
1784779500,163.08,163.08,163.053,163.057,407,10,0
1784779800,163.057,163.067,163.024,163.059,401,10,0
1784780100,163.06,163.066,163.043,163.06,388,11,0
1784780400,163.06,163.066,163.057,163.062,139,10,0
1784780700,163.06,163.065,163.053,163.065,127,10,0
1784781000,163.065,163.065,163.028,163.029,357,10,0
1784781300,163.028,163.03,162.993,163.016,466,11,0
1784781600,163.014,163.024,162.989,163.024,450,10,0
1784781900,163.024,163.045,163.023,163.042,345,10,0
1784782200,163.043,163.052,163.037,163.041,306,10,0
1784782500,163.04,163.06,163.037,163.06,232,10,0
1784782800,163.06,163.072,163.058,163.064,195,10,0
1784783100,163.064,163.07,163.042,163.052,269,11,0
1784783400,163.054,163.063,163.051,163.057,169,10,0
1784783700,163.056,163.06,163.05,163.057,171,11,0
1784784000,163.058,163.059,163.04,163.053,202,10,0
1784784300,163.054,163.071,163.05,163.065,177,10,0
1784784600,163.065,163.079,163.057,163.078,160,10,0
1784784900,163.078,163.091,163.069,163.082,213,10,0
1784785200,163.082,163.084,163.069,163.071,104,10,0
1784785500,163.071,163.081,163.055,163.059,227,10,0
1784785800,163.059,163.07,163.058,163.068,122,10,0
1784786100,163.067,163.068,163.059,163.063,116,10,0
1784786400,163.062,163.071,163.053,163.063,178,10,0
1784786700,163.062,163.077,163.061,163.064,117,10,0
1784787000,163.065,163.079,163.055,163.078,156,11,0
1784787300,163.079,163.079,163.055,163.056,133,11,0
1784787600,163.055,163.068,163.054,163.054,175,10,0
1784787900,163.053,163.055,163.038,163.052,171,10,0
1784788200,163.051,163.057,163.041,163.041,209,11,0
1784788500,163.042,163.059,163.041,163.05,100,10,0
1784788800,163.051,163.053,163.037,163.041,112,13,0
1784789100,163.041,163.052,163.038,163.042,144,11,0
1784789400,163.042,163.049,163.035,163.037,131,10,0
1784789700,163.038,163.049,163.026,163.037,169,11,0
1784790000,163.038,163.05,163.035,163.05,125,11,0
1784790300,163.05,163.055,163.025,163.031,225,10,0
1784790600,163.03,163.052,163.03,163.047,160,10,0
1784790900,163.048,163.054,163.046,163.053,127,11,0
1784791200,163.052,163.054,163.047,163.05,56,10,0
1784791500,163.049,163.05,163.036,163.038,63,11,0
1784791800,163.037,163.05,163.037,163.047,74,11,0
1784792100,163.047,163.05,163.038,163.049,108,10,0
1784792400,163.049,163.055,163.049,163.051,45,11,0
1784792700,163.058,163.068,163.05,163.063,141,11,0
1784793000,163.063,163.072,163.054,163.07,187,10,0
1784793300,163.07,163.077,163.062,163.066,187,11,0
1784793600,163.066,163.075,163.062,163.074,192,10,0
1784793900,163.073,163.078,163.073,163.076,53,12,0
1784794200,163.076,163.078,163.072,163.074,91,10,0
1784794500,163.074,163.1,163.074,163.096,130,10,0
1784794800,163.095,163.103,163.089,163.09,105,10,0
1784795100,163.098,163.1,163.086,163.088,70,10,0
1784795400,163.089,163.09,163.078,163.081,113,10,0
1784795700,163.081,163.082,163.061,163.068,158,11,0
1784796000,163.068,163.087,163.066,163.078,137,10,0
1784796300,163.079,163.088,163.075,163.083,141,11,0
1784796600,163.083,163.095,163.081,163.093,163,10,0
1784796900,163.093,163.105,163.09,163.104,135,11,0
1784797200,163.103,163.112,163.089,163.099,281,10,0
1784797500,163.1,163.109,163.089,163.096,215,10,0
1784797800,163.095,163.096,163.067,163.072,270,10,0
1784798100,163.072,163.094,163.072,163.081,147,10,0
1784798400,163.081,163.084,163.07,163.074,207,10,0
1784798700,163.073,163.087,163.065,163.067,370,10,0
1784799000,163.067,163.079,163.064,163.071,313,11,0
1784799300,163.07,163.084,163.07,163.083,205,10,0
1784799600,163.083,163.092,163.077,163.083,137,10,0
1784799900,163.083,163.092,163.081,163.083,159,10,0
1784800200,163.084,163.102,163.082,163.088,212,10,0
1784800500,163.088,163.111,163.088,163.104,102,10,0
1784800800,163.106,163.146,163.105,163.142,226,10,0
1784801100,163.143,163.149,163.129,163.139,335,10,0
1784801400,163.14,163.143,163.124,163.128,432,10,0
1784801700,163.128,163.15,163.128,163.144,352,10,0
1784802000,163.144,163.151,163.139,163.143,314,11,0
1784802300,163.143,163.166,163.143,163.161,252,10,0
1784802600,163.162,163.172,163.159,163.16,150,10,0
1784802900,163.159,163.183,163.159,163.179,132,10,0
1784803200,163.179,163.256,163.179,163.224,520,10,0
1784803500,163.223,163.337,163.223,163.301,873,10,0
1784803800,163.3,163.409,163.297,163.401,754,10,0
1784804100,163.403,163.42,163.187,163.311,785,10,0
1784804400,163.311,163.36,163.283,163.352,711,10,0
1784804700,163.352,163.361,163.327,163.328,329,10,0
1784805000,163.328,163.392,163.328,163.377,343,10,0
1784805300,163.377,163.384,163.356,163.37,367,10,0
1784805600,163.369,163.395,163.365,163.376,361,10,0
1784805900,163.376,163.394,163.369,163.392,277,10,0
1784806200,163.393,163.42,163.389,163.403,341,10,0
1784806500,163.403,163.42,163.395,163.412,291,10,0
1784806800,163.412,163.436,163.365,163.389,407,10,0
1784807100,163.39,163.396,163.33,163.349,690,10,0
1784807400,163.348,163.37,163.344,163.367,419,10,0
1784807700,163.368,163.377,163.328,163.333,322,10,0
1784808000,163.333,163.353,163.297,163.298,545,10,0
1784808300,163.298,163.33,163.284,163.327,389,10,0
1784808600,163.327,163.358,163.324,163.357,243,10,0
1784808900,163.357,163.365,163.334,163.356,354,10,0
1784809200,163.356,163.376,163.349,163.375,401,10,0
1784809500,163.375,163.392,163.37,163.373,482,11,0
1784809800,163.372,163.375,163.351,163.354,299,11,0
1784810100,163.355,163.356,163.338,163.339,235,11,0
1784810400,163.339,163.348,163.315,163.335,281,10,0
1784810700,163.334,163.362,163.328,163.361,197,10,0
1784811000,163.362,163.37,163.351,163.355,200,10,0
1784811300,163.354,163.377,163.353,163.365,212,10,0
1784811600,163.366,163.371,163.353,163.364,223,10,0
1784811900,163.362,163.378,163.354,163.372,318,11,0
1784812200,163.372,163.379,163.35,163.354,201,10,0
1784812500,163.353,163.361,163.34,163.361,253,11,0
1784812800,163.36,163.365,163.346,163.354,274,10,0
1784813100,163.353,163.365,163.349,163.357,232,11,0
1784813400,163.358,163.359,163.344,163.348,251,10,0
1784813700,163.347,163.368,163.345,163.363,156,10,0
1784814000,163.363,163.367,163.35,163.353,187,10,0
1784814300,163.354,163.377,163.353,163.365,210,10,0
1784814600,163.364,163.373,163.352,163.354,184,10,0
1784814900,163.356,163.369,163.352,163.368,163,10,0
1784815200,163.368,163.376,163.364,163.366,275,10,0
1784815500,163.366,163.37,163.356,163.365,215,11,0
1784815800,163.366,163.367,163.353,163.356,168,12,0
1784816100,163.355,163.379,163.355,163.378,200,10,0
1784816400,163.379,163.397,163.377,163.394,178,10,0
1784816700,163.395,163.42,163.393,163.412,173,10,0
1784817000,163.413,163.439,163.409,163.427,373,11,0
1784817300,163.428,163.522,163.428,163.511,750,10,0
1784817600,163.51,163.643,163.509,163.582,749,10,0
1784817900,163.58,163.584,163.324,163.481,935,10,0
1784818200,163.482,163.487,163.408,163.487,912,10,0
1784818500,163.487,163.502,163.461,163.484,546,10,0
1784818800,163.486,163.509,163.476,163.478,548,10,0
1784819100,163.478,163.493,163.452,163.461,441,10,0
1784819400,163.461,163.488,163.456,163.471,281,10,0
1784819700,163.47,163.513,163.463,163.485,414,10,0
1784820000,163.486,163.568,163.486,163.561,441,10,0
1784820300,163.561,163.589,163.556,163.566,393,10,0
1784820600,163.594,163.605,163.574,163.596,388,10,0
1784820900,163.598,163.685,163.589,163.67,585,10,0
1784821200,163.669,163.752,163.668,163.706,730,10,0
1784821500,163.707,163.717,163.672,163.677,790,10,0
1784821800,163.678,163.701,163.663,163.666,737,10,0
1784822100,163.666,163.685,163.645,163.669,674,10,0
1784822400,163.67,163.745,163.66,163.73,719,10,0
1784822700,163.731,163.796,163.724,163.788,497,10,0
1784823000,163.788,163.845,163.771,163.806,624,10,0
1784823300,163.807,163.819,163.769,163.782,658,10,0
1784823600,163.783,163.819,163.77,163.809,538,10,0
1784823900,163.807,163.812,163.774,163.783,515,10,0
1784824200,163.783,163.787,163.736,163.747,761,10,0
1784824500,163.748,163.786,163.73,163.78,737,10,0
1784824800,163.78,163.838,163.776,163.838,754,10,0
1784825100,163.839,163.88,163.836,163.856,666,10,0
1784825400,163.855,163.888,163.838,163.877,604,10,0
1784825700,163.878,163.959,163.863,163.957,720,10,0
1784826000,163.956,163.956,163.883,163.941,479,10,0
1784826300,163.94,163.942,163.915,163.927,499,10,0
1784826600,163.928,163.936,163.875,163.89,571,10,0
1784826900,163.889,163.942,163.868,163.933,625,10,0
1784827200,163.934,163.946,163.899,163.899,475,10,0
1784827500,163.9,163.936,163.9,163.934,457,10,0
1784827800,163.933,163.948,163.916,163.931,390,10,0
1784828100,163.931,163.942,163.889,163.905,586,10,0
1784828400,163.905,163.934,163.901,163.934,382,10,0
1784828700,163.933,163.97,163.932,163.968,362,10,0
1784829000,163.968,163.972,163.94,163.955,340,10,0
1784829300,163.961,163.982,163.915,163.917,550,10,0
1784829600,163.915,163.947,163.86,163.862,778,10,0
1784829900,163.863,163.899,163.843,163.878,456,10,0
1784830200,163.877,163.891,163.845,163.855,410,10,0
1784830500,163.856,163.879,163.846,163.876,374,10,0
1784830800,163.875,163.876,163.768,163.842,1042,10,0
1784831100,163.843,163.866,163.812,163.863,519,10,0
1784831400,163.864,163.91,163.853,163.877,758,10,0
1784831700,163.876,163.906,163.807,163.818,779,10,0
1784832000,163.822,163.828,163.786,163.814,426,10,0
1784832300,163.813,163.839,163.813,163.827,367,10,0
1784832600,163.828,163.833,163.796,163.798,294,10,0
1784832900,163.797,163.827,163.782,163.799,332,10,0
1784833200,163.799,163.818,163.788,163.818,323,10,0
1784833500,163.817,163.829,163.811,163.817,285,10,0
1784833800,163.816,163.817,163.776,163.778,313,10,0
1784834100,163.777,163.826,163.761,163.814,388,10,0
1784834400,163.814,163.814,163.782,163.788,307,10,0
1784834700,163.786,163.788,163.738,163.74,359,10,0
1784835000,163.739,163.778,163.715,163.774,415,10,0
1784835300,163.775,163.792,163.759,163.776,301,10,0
1784835600,163.775,163.776,163.746,163.751,261,10,0
1784835900,163.752,163.774,163.746,163.752,243,10,0
1784836200,163.754,163.77,163.746,163.768,246,10,0
1784836500,163.768,163.771,163.76,163.764,199,10,0
1784836800,163.763,163.784,163.723,163.728,388,10,0
1784837100,163.724,163.76,163.712,163.749,469,10,0
1784837400,163.748,163.765,163.748,163.764,334,10,0
1784837700,163.764,163.773,163.747,163.751,323,10,0
1784838000,163.751,163.767,163.734,163.764,221,10,0
1784838300,163.765,163.78,163.764,163.777,156,10,0
1784838600,163.777,163.791,163.775,163.786,229,10,0
1784838900,163.787,163.803,163.786,163.787,274,10,0
1784839200,163.787,163.801,163.778,163.8,239,10,0
1784839500,163.8,163.82,163.8,163.814,300,10,0
1784839800,163.814,163.817,163.802,163.807,173,10,0
1784840100,163.808,163.839,163.807,163.836,230,10,0
1784840400,163.836,163.842,163.816,163.826,159,10,0
1784840700,163.827,163.831,163.814,163.817,164,10,0
1784841000,163.818,163.819,163.798,163.803,200,10,0
1784841300,163.803,163.805,163.785,163.797,238,10,0
1784841600,163.797,163.804,163.79,163.803,180,10,0
1784841900,163.804,163.804,163.778,163.789,318,10,0
1784842200,163.789,163.79,163.772,163.783,318,10,0
1784842500,163.783,163.807,163.775,163.804,180,10,0
1784842800,163.804,163.814,163.788,163.788,179,10,0
1784843100,163.787,163.801,163.787,163.799,142,10,0
1784843400,163.8,163.804,163.796,163.803,127,10,0
1784843700,163.803,163.814,163.791,163.799,186,10,0
1784844000,163.797,163.803,163.774,163.79,329,11,0
1784844300,163.79,163.803,163.787,163.8,146,10,0
1784844600,163.8,163.814,163.796,163.814,91,10,0
1784844900,163.815,163.827,163.809,163.827,160,11,0
1784845200,163.826,163.831,163.818,163.823,186,10,0
1784845500,163.823,163.831,163.801,163.803,130,10,0
1784845800,163.803,163.813,163.763,163.812,468,10,0
1784846100,163.813,163.817,163.808,163.814,223,10,0
1784846400,163.813,163.839,163.813,163.839,170,11,0
1784846700,163.839,163.853,163.837,163.838,143,10,0
1784847000,163.837,163.839,163.824,163.827,287,10,0
1784847300,163.826,163.828,163.804,163.818,136,11,0
1784847600,163.82,163.821,163.797,163.803,187,10,0
1784847900,163.807,163.812,163.799,163.799,123,10,0
1784848200,163.8,163.819,163.799,163.818,68,11,0
1784848500,163.818,163.829,163.817,163.818,99,11,0
1784848800,163.818,163.835,163.814,163.831,54,11,0
1784849100,163.831,163.834,163.81,163.821,81,10,0
1784849400,163.82,163.859,163.814,163.858,94,10,0
1784849700,163.858,163.859,163.852,163.857,61,12,0
1784850000,163.857,163.872,163.852,163.868,73,12,0
1784850300,163.867,163.868,163.853,163.856,133,10,0
1784850600,163.856,163.863,163.847,163.852,61,10,0
1784850900,163.85,163.855,163.822,163.822,125,21,0
1784851200,163.821,163.821,163.762,163.811,16,57,0
1784851500,163.799,163.799,163.785,163.799,6,123,0
1784851800,163.799,163.81,163.796,163.807,12,77,0
1784852100,163.807,163.84,163.807,163.838,15,47,0
1784852400,163.838,163.848,163.837,163.839,32,28,0
1784852700,163.839,163.852,163.838,163.84,9,35,0
1784853000,163.832,163.832,163.819,163.819,14,38,0
1784853300,163.819,163.821,163.808,163.808,16,57,0
1784853600,163.808,163.808,163.763,163.783,25,57,0
1784853900,163.781,163.785,163.762,163.762,23,51,0
1784854200,163.762,163.776,163.755,163.776,54,60,0
1784854500,163.776,163.797,163.741,163.766,29,41,0
1784854800,163.785,163.831,163.774,163.817,96,10,0
1784855100,163.817,163.822,163.807,163.821,39,21,0
1784855400,163.821,163.835,163.821,163.827,41,18,0
1784855700,163.827,163.829,163.827,163.829,28,19,0
1784856000,163.829,163.833,163.824,163.825,33,18,0
1784856300,163.827,163.841,163.827,163.835,45,14,0
1784856600,163.841,163.844,163.837,163.837,50,17,0
1784856900,163.837,163.837,163.819,163.822,52,10,0
1784857200,163.823,163.823,163.819,163.823,59,18,0
1784857500,163.822,163.839,163.821,163.837,34,18,0
1784857800,163.837,163.838,163.826,163.838,84,18,0
1784858100,163.838,163.839,163.836,163.839,26,17,0
1784858400,163.838,163.843,163.837,163.841,48,11,0
1784858700,163.841,163.843,163.84,163.84,32,12,0
1784859000,163.84,163.842,163.829,163.829,68,13,0
1784859300,163.828,163.829,163.821,163.825,83,13,0
1784859600,163.825,163.825,163.821,163.824,39,14,0
1784859900,163.822,163.822,163.81,163.812,68,12,0
1784860200,163.811,163.816,163.8,163.81,36,10,0
1784860500,163.811,163.823,163.81,163.822,42,11,0
1784860800,163.821,163.831,163.819,163.824,114,10,0
1784861100,163.823,163.834,163.82,163.833,164,10,0
1784861400,163.832,163.862,163.828,163.862,173,10,0
1784861700,163.86,163.862,163.834,163.834,337,12,0
1784862000,163.835,163.898,163.83,163.849,567,10,0
1784862300,163.849,163.891,163.79,163.849,545,10,0
1784862600,163.848,163.854,163.817,163.845,408,10,0
1784862900,163.844,163.884,163.839,163.843,529,10,0
1784863200,163.842,163.861,163.825,163.833,337,10,0
1784863500,163.834,163.866,163.833,163.856,310,10,0
1784863800,163.857,163.867,163.838,163.859,265,10,0
1784864100,163.859,163.877,163.849,163.876,173,10,0
1784864400,163.876,163.92,163.876,163.919,205,10,0
1784864700,163.919,163.921,163.887,163.902,332,10,0
1784865000,163.901,163.932,163.869,163.926,706,10,0
1784865300,163.927,163.927,163.809,163.809,799,10,0
1784865600,163.803,163.846,163.797,163.845,529,10,0
1784865900,163.846,163.852,163.809,163.827,421,10,0
1784866200,163.826,163.856,163.824,163.841,232,10,0
1784866500,163.842,163.849,163.773,163.806,550,10,0
1784866800,163.807,163.819,163.786,163.802,414,10,0
1784867100,163.803,163.837,163.802,163.836,376,11,0
1784867400,163.835,163.839,163.769,163.777,518,10,0
1784867700,163.777,163.791,163.741,163.764,577,11,0
1784868000,163.763,163.763,163.718,163.728,585,10,0
1784868300,163.728,163.761,163.727,163.753,376,10,0
1784868600,163.752,163.763,163.744,163.753,346,10,0
1784868900,163.753,163.776,163.753,163.772,203,10,0
1784869200,163.773,163.785,163.757,163.769,360,10,0
1784869500,163.771,163.801,163.762,163.784,230,10,0
1784869800,163.785,163.786,163.761,163.77,259,10,0
1784870100,163.77,163.781,163.767,163.772,221,10,0
1784870400,163.772,163.777,163.743,163.768,331,10,0
1784870700,163.766,163.776,163.759,163.771,205,11,0
1784871000,163.772,163.776,163.722,163.734,282,11,0
1784871300,163.734,163.758,163.729,163.751,148,10,0
1784871600,163.75,163.762,163.742,163.762,187,10,0
1784871900,163.762,163.773,163.746,163.762,226,10,0
1784872200,163.761,163.779,163.754,163.778,262,11,0
1784872500,163.776,163.779,163.759,163.771,227,11,0
1784872800,163.771,163.789,163.765,163.787,232,10,0
1784873100,163.787,163.791,163.775,163.79,171,11,0
1784873400,163.791,163.822,163.791,163.816,248,10,0
1784873700,163.815,163.824,163.811,163.817,199,10,0
1784874000,163.817,163.85,163.817,163.848,183,10,0
1784874300,163.848,163.863,163.843,163.854,101,10,0
1784874600,163.854,163.855,163.822,163.827,206,10,0
1784874900,163.827,163.83,163.814,163.83,214,10,0
1784875200,163.83,163.83,163.805,163.812,134,11,0
1784875500,163.813,163.821,163.809,163.812,165,11,0
1784875800,163.809,163.812,163.797,163.802,282,10,0
1784876100,163.803,163.814,163.788,163.797,270,11,0
1784876400,163.796,163.814,163.796,163.806,392,10,0
1784876700,163.804,163.808,163.795,163.799,643,10,0
1784877000,163.798,163.804,163.777,163.804,377,10,0
1784877300,163.808,163.818,163.806,163.808,144,11,0
1784877600,163.809,163.824,163.807,163.82,193,12,0
1784877900,163.819,163.831,163.815,163.828,171,11,0
1784878200,163.827,163.835,163.819,163.819,161,12,0
1784878500,163.813,163.82,163.808,163.812,209,11,0
1784878800,163.812,163.826,163.809,163.825,125,11,0
1784879100,163.825,163.837,163.821,163.834,157,11,0
1784879400,163.834,163.84,163.828,163.835,114,10,0
1784879700,163.835,163.837,163.819,163.821,89,12,0
1784880000,163.821,163.824,163.819,163.823,67,11,0
1784880300,163.822,163.823,163.799,163.812,153,11,0
1784880600,163.812,163.818,163.805,163.812,221,11,0
1784880900,163.812,163.822,163.808,163.815,280,10,0
1784881200,163.814,163.815,163.795,163.799,212,12,0
1784881500,163.8,163.81,163.797,163.802,149,11,0
1784881800,163.803,163.819,163.803,163.816,85,10,0
1784882100,163.816,163.819,163.801,163.809,81,10,0
1784882400,163.811,163.817,163.79,163.811,175,10,0
1784882700,163.81,163.814,163.797,163.809,167,10,0
1784883000,163.809,163.838,163.797,163.837,208,10,0
1784883300,163.836,163.842,163.827,163.833,250,10,0
1784883600,163.833,163.841,163.81,163.815,337,10,0
1784883900,163.815,163.815,163.77,163.805,386,10,0
1784884200,163.805,163.816,163.797,163.802,331,10,0
1784884500,163.801,163.804,163.787,163.791,263,10,0
1784884800,163.792,163.793,163.77,163.777,346,10,0
1784885100,163.776,163.787,163.761,163.781,404,10,0
1784885400,163.781,163.8,163.778,163.78,283,10,0
1784885700,163.779,163.795,163.769,163.777,301,10,0
1784886000,163.776,163.79,163.771,163.776,356,10,0
1784886300,163.776,163.787,163.766,163.775,189,11,0
1784886600,163.775,163.789,163.771,163.787,270,10,0
1784886900,163.786,163.79,163.759,163.759,307,10,0
1784887200,163.759,163.774,163.677,163.723,610,10,0
1784887500,163.724,163.757,163.704,163.706,474,10,0
1784887800,163.705,163.705,163.646,163.689,423,10,0
1784888100,163.688,163.741,163.688,163.734,325,11,0
1784888400,163.733,163.749,163.702,163.716,310,10,0
1784888700,163.716,163.719,163.68,163.687,317,11,0
1784889000,163.69,163.708,163.657,163.703,409,10,0
1784889300,163.703,163.758,163.702,163.754,268,10,0
1784889600,163.752,163.79,163.752,163.761,373,10,0
1784889900,163.763,163.796,163.763,163.78,389,10,0
1784890200,163.781,163.789,163.754,163.76,434,10,0
1784890500,163.76,163.78,163.752,163.76,255,11,0
1784890800,163.758,163.802,163.748,163.799,420,10,0
1784891100,163.799,163.807,163.769,163.771,288,10,0
1784891400,163.771,163.774,163.754,163.761,390,11,0
1784891700,163.764,163.787,163.759,163.76,327,10,0
1784892000,163.763,163.774,163.742,163.758,446,10,0
1784892300,163.759,163.765,163.729,163.729,388,11,0
1784892600,163.731,163.745,163.719,163.732,379,10,0
1784892900,163.731,163.762,163.73,163.748,222,10,0
1784893200,163.749,163.782,163.744,163.769,302,10,0
1784893500,163.77,163.795,163.756,163.781,346,10,0
1784893800,163.78,163.797,163.769,163.773,313,10,0
1784894100,163.773,163.775,163.717,163.725,332,10,0
1784894400,163.725,163.76,163.725,163.756,398,10,0
1784894700,163.757,163.759,163.729,163.729,387,10,0
1784895000,163.73,163.755,163.73,163.731,306,10,0
1784895300,163.732,163.743,163.721,163.723,211,11,0
1784895600,163.724,163.743,163.723,163.732,222,10,0
1784895900,163.733,163.746,163.728,163.738,209,10,0
1784896200,163.739,163.755,163.72,163.73,240,10,0
1784896500,163.73,163.756,163.73,163.745,226,10,0
1784896800,163.746,163.754,163.721,163.728,253,10,0
1784897100,163.727,163.74,163.724,163.726,282,10,0
1784897400,163.726,163.737,163.695,163.698,284,10,0
1784897700,163.697,163.707,163.679,163.683,215,10,0
1784898000,163.682,163.705,163.67,163.694,262,10,0
1784898300,163.694,163.722,163.694,163.717,175,10,0
1784898600,163.717,163.73,163.717,163.722,114,11,0
1784898900,163.723,163.725,163.699,163.707,162,10,0
1784899200,163.707,163.719,163.701,163.715,217,11,0
1784899500,163.716,163.719,163.704,163.714,227,10,0
1784899800,163.715,163.726,163.7,163.724,267,10,0
1784900100,163.727,163.739,163.722,163.739,126,11,0
1784900400,163.738,163.755,163.737,163.75,227,10,0
1784900700,163.751,163.767,163.75,163.767,197,11,0
1784901000,163.766,163.796,163.764,163.792,319,10,0
1784901300,163.792,163.801,163.783,163.785,232,11,0
1784901600,163.786,163.796,163.758,163.768,329,10,0
1784901900,163.769,163.781,163.755,163.772,269,10,0
1784902200,163.771,163.774,163.759,163.759,183,10,0
1784902500,163.759,163.772,163.755,163.771,259,10,0
1784902800,163.772,163.782,163.768,163.77,175,10,0
1784903100,163.77,163.782,163.767,163.781,173,10,0
1784903400,163.78,163.782,163.758,163.779,216,10,0
1784903700,163.78,163.793,163.773,163.79,189,10,0
1784904000,163.79,163.797,163.787,163.796,227,10,0
1784904300,163.796,163.796,163.781,163.791,266,10,0
1784904600,163.791,163.826,163.791,163.822,216,10,0
1784904900,163.822,163.835,163.779,163.801,573,11,0
1784905200,163.8,163.822,163.796,163.814,380,11,0
1784905500,163.814,163.827,163.809,163.814,270,10,0
1784905800,163.814,163.816,163.799,163.8,219,10,0
1784906100,163.8,163.811,163.795,163.809,283,10,0
1784906400,163.81,163.826,163.805,163.811,231,10,0
1784906700,163.81,163.835,163.81,163.824,287,10,0
1784907000,163.824,163.827,163.801,163.824,207,10,0
1784907300,163.823,163.824,163.811,163.815,238,10,0
1784907600,163.815,163.84,163.814,163.825,293,10,0
1784907900,163.824,163.841,163.82,163.835,208,11,0
1784908200,163.834,163.839,163.829,163.835,207,11,0
1784908500,163.836,163.859,163.835,163.847,277,10,0
1784908800,163.847,163.866,163.835,163.861,400,10,0
1784909100,163.86,163.868,163.856,163.865,207,10,0
1784909400,163.864,163.874,163.835,163.839,296,10,0
1784909700,163.839,163.852,163.838,163.849,248,10,0
1784910000,163.848,163.855,163.839,163.854,226,10,0
1784910300,163.853,163.869,163.851,163.861,204,10,0
1784910600,163.854,163.865,163.845,163.849,307,10,0
1784910900,163.848,163.865,163.834,163.838,287,10,0
1784911200,163.838,163.839,163.82,163.836,324,10,0
1784911500,163.856,163.856,163.833,163.841,448,10,0
1784911800,163.84,163.85,163.826,163.835,370,10,0
1784912100,163.836,163.841,163.776,163.776,401,10,0
1784912400,163.771,163.791,163.757,163.785,391,10,0
1784912700,163.785,163.83,163.784,163.812,380,10,0
1784913000,163.813,163.83,163.804,163.822,381,10,0
1784913300,163.822,163.822,163.797,163.803,170,10,0
1784913600,163.802,163.813,163.774,163.784,343,10,0
1784913900,163.783,163.797,163.773,163.784,192,10,0
1784914200,163.784,163.798,163.765,163.766,253,10,0
1784914500,163.765,163.779,163.753,163.779,250,10,0
1784914800,163.779,163.781,163.752,163.758,254,10,0
1784915100,163.758,163.767,163.714,163.718,241,10,0
1784915400,163.718,163.731,163.691,163.715,512,10,0
1784915700,163.713,163.752,163.701,163.752,624,10,0
1784916000,163.752,163.77,163.74,163.755,484,10,0
1784916300,163.754,163.755,163.72,163.728,320,10,0
1784916600,163.727,163.728,163.662,163.676,782,10,0
1784916900,163.677,163.7,163.637,163.678,793,10,0
1784917200,163.677,163.703,163.663,163.691,477,10,0
1784917500,163.691,163.701,163.68,163.692,329,10,0
1784917800,163.691,163.707,163.681,163.706,397,10,0
1784918100,163.706,163.729,163.689,163.694,242,10,0
1784918400,163.694,163.744,163.692,163.728,293,10,0
1784918700,163.727,163.735,163.716,163.729,186,10,0
1784919000,163.727,163.733,163.717,163.721,156,11,0
1784919300,163.721,163.732,163.702,163.705,173,10,0
1784919600,163.704,163.74,163.704,163.711,222,10,0
1784919900,163.711,163.721,163.704,163.713,225,10,0
1784920200,163.713,163.715,163.702,163.706,270,10,0
1784920500,163.705,163.713,163.697,163.707,350,10,0
1784920800,163.705,163.721,163.705,163.719,159,10,0
1784921100,163.719,163.73,163.717,163.722,170,11,0
1784921400,163.723,163.744,163.713,163.718,362,10,0
1784921700,163.718,163.749,163.71,163.746,294,10,0
1784922000,163.745,163.754,163.74,163.745,230,10,0
1784922300,163.746,163.756,163.742,163.754,281,10,0
1784922600,163.753,163.759,163.753,163.758,177,11,0
1784922900,163.758,163.776,163.754,163.776,142,10,0
1784923200,163.775,163.792,163.775,163.784,133,10,0
1784923500,163.783,163.811,163.783,163.799,349,10,0
1784923800,163.799,163.819,163.797,163.81,243,10,0
1784924100,163.809,163.822,163.8,163.818,165,10,0
1784924400,163.819,163.826,163.815,163.821,210,10,0
1784924700,163.82,163.824,163.802,163.805,131,10,0
1784925000,163.805,163.815,163.804,163.811,78,11,0
1784925300,163.812,163.825,163.812,163.824,124,10,0
1784925600,163.825,163.834,163.819,163.82,122,10,0
1784925900,163.82,163.83,163.819,163.825,108,10,0
1784926200,163.824,163.831,163.82,163.823,89,10,0
1784926500,163.822,163.822,163.805,163.807,67,10,0
1784926800,163.808,163.823,163.806,163.808,94,10,0
1784927100,163.807,163.819,163.804,163.809,91,11,0
1784927400,163.808,163.812,163.807,163.809,76,11,0
1784927700,163.809,163.809,163.793,163.809,118,10,0
1784928000,163.811,163.825,163.81,163.82,58,10,0
1784928300,163.82,163.834,163.819,163.834,33,10,0
1784928600,163.834,163.847,163.821,163.846,124,10,0
1784928900,163.846,163.848,163.834,163.846,206,10,0
1784929200,163.846,163.85,163.833,163.835,78,10,0
1784929500,163.834,163.843,163.825,163.839,121,10,0
1784929800,163.838,163.84,163.832,163.836,76,10,0
1784930100,163.836,163.84,163.832,163.837,101,10,0
1784930400,163.836,163.836,163.804,163.818,163,10,0
1784930700,163.819,163.82,163.806,163.818,91,10,0
1784931000,163.819,163.828,163.818,163.824,68,10,0
1784931300,163.824,163.836,163.824,163.829,83,10,0
1784931600,163.829,163.844,163.824,163.841,134,10,0
1784931900,163.841,163.85,163.835,163.845,136,10,0
1784932200,163.848,163.849,163.833,163.846,204,10,0
1784932500,163.845,163.845,163.823,163.823,229,10,0
1784932800,163.824,163.826,163.809,163.823,112,10,0
1784933100,163.823,163.834,163.821,163.832,120,10,0
1784933400,163.832,163.837,163.83,163.834,128,10,0
1784933700,163.833,163.849,163.82,163.847,209,10,0
1784934000,163.847,163.851,163.836,163.845,147,10,0
1784934300,163.844,163.855,163.844,163.849,113,10,0
1784934600,163.848,163.849,163.841,163.847,58,11,0
1784934900,163.847,163.85,163.846,163.849,36,12,0
1784935200,163.849,163.849,163.847,163.849,17,11,0
1784935500,163.854,163.859,163.848,163.854,75,10,0
1784935800,163.853,163.862,163.85,163.86,34,11,0
1784936100,163.859,163.861,163.851,163.853,41,12,0
1784936400,163.852,163.858,163.844,163.847,158,11,0
1784936700,163.847,163.856,163.844,163.845,139,12,0
1784937000,163.843,163.857,163.835,163.857,134,11,0
1784937300,163.858,163.861,163.844,163.844,99,13,0
1785110400,163.555,163.555,163.519,163.534,8,115,0
1785110700,163.534,163.585,163.515,163.522,15,93,0
1785111000,163.534,163.542,163.526,163.542,15,126,0
1785111300,163.541,163.621,163.541,163.608,63,58,0
1785111600,163.609,163.653,163.564,163.612,94,53,0
1785111900,163.614,163.614,163.614,163.614,5,84,0
1785112200,163.614,163.617,163.553,163.554,35,86,0
1785112500,163.554,163.624,163.552,163.623,53,82,0
1785112800,163.624,163.639,163.624,163.638,33,67,0
1785113100,163.639,163.64,163.53,163.56,38,47,0
1785113400,163.559,163.56,163.532,163.555,17,114,0
1785113700,163.553,163.586,163.553,163.586,25,89,0
1785114000,163.589,163.626,163.565,163.584,309,12,0
1785114300,163.583,163.583,163.547,163.574,142,10,0
1785114600,163.573,163.677,163.573,163.65,307,13,0
1785114900,163.649,163.664,163.645,163.659,156,14,0
1785115200,163.659,163.681,163.646,163.68,165,14,0
1785115500,163.68,163.702,163.676,163.689,121,15,0
1785115800,163.689,163.689,163.663,163.666,155,15,0
1785116100,163.666,163.694,163.663,163.689,50,13,0
1785116400,163.69,163.69,163.675,163.676,69,16,0
1785116700,163.675,163.68,163.664,163.68,88,11,0
1785117000,163.68,163.682,163.667,163.677,47,13,0
1785117300,163.677,163.694,163.677,163.688,67,14,0
1785117600,163.69,163.693,163.676,163.681,129,10,0
1785117900,163.681,163.683,163.669,163.674,135,13,0
1785118200,163.673,163.685,163.673,163.68,92,12,0
1785118500,163.679,163.68,163.666,163.679,93,12,0
1785118800,163.678,163.681,163.676,163.68,41,13,0
1785119100,163.68,163.682,163.676,163.678,59,13,0
1785119400,163.678,163.68,163.656,163.667,93,10,0
1785119700,163.667,163.667,163.641,163.654,82,10,0
1785120000,163.655,163.658,163.643,163.657,102,13,0
1785120300,163.658,163.659,163.643,163.645,158,10,0
1785120600,163.643,163.659,163.641,163.654,130,13,0
1785120900,163.654,163.655,163.603,163.615,171,12,0
1785121200,163.616,163.617,163.547,163.548,631,10,0
1785121500,163.549,163.598,163.548,163.573,496,10,0
1785121800,163.574,163.59,163.529,163.531,539,10,0
1785122100,163.532,163.557,163.521,163.547,656,10,0
1785122400,163.546,163.589,163.54,163.558,484,11,0
1785122700,163.556,163.561,163.527,163.534,607,10,0
1785123000,163.533,163.535,163.514,163.526,446,10,0
1785123300,163.525,163.582,163.525,163.577,420,11,0
1785123600,163.578,163.584,163.562,163.565,230,11,0
1785123900,163.565,163.6,163.555,163.587,318,10,0
1785124200,163.587,163.648,163.58,163.641,618,10,0
1785124500,163.64,163.643,163.605,163.627,348,10,0
1785124800,163.627,163.632,163.6,163.606,322,11,0
1785125100,163.607,163.607,163.577,163.58,324,10,0
1785125400,163.579,163.58,163.555,163.559,322,10,0
1785125700,163.559,163.575,163.54,163.569,362,10,0
1785126000,163.569,163.577,163.56,163.561,227,10,0
1785126300,163.56,163.575,163.556,163.56,197,11,0
1785126600,163.559,163.559,163.527,163.544,248,11,0
1785126900,163.543,163.57,163.543,163.569,187,10,0
1785127200,163.57,163.572,163.546,163.547,176,10,0
1785127500,163.546,163.553,163.533,163.535,288,10,0
1785127800,163.534,163.556,163.532,163.546,233,10,0
1785128100,163.546,163.547,163.472,163.472,346,10,0
1785128400,163.474,163.507,163.451,163.504,381,10,0
1785128700,163.504,163.523,163.5,163.513,267,10,0
1785129000,163.513,163.544,163.501,163.542,247,10,0
1785129300,163.542,163.545,163.527,163.543,278,10,0
1785129600,163.544,163.547,163.525,163.526,167,10,0
1785129900,163.527,163.527,163.508,163.515,108,11,0
1785130200,163.516,163.54,163.515,163.518,244,10,0
1785130500,163.519,163.52,163.498,163.518,188,11,0
1785130800,163.516,163.539,163.511,163.526,218,10,0
1785131100,163.526,163.554,163.522,163.542,172,10,0
1785131400,163.541,163.557,163.541,163.55,150,10,0
1785131700,163.55,163.575,163.55,163.571,166,10,0
1785132000,163.572,163.575,163.549,163.558,259,11,0
1785132300,163.558,163.57,163.555,163.566,162,11,0
1785132600,163.565,163.59,163.565,163.585,162,10,0
1785132900,163.584,163.588,163.567,163.58,170,11,0
1785133200,163.579,163.599,163.576,163.594,183,11,0
1785133500,163.593,163.595,163.57,163.584,241,10,0
1785133800,163.585,163.609,163.584,163.597,269,10,0
1785134100,163.598,163.601,163.583,163.589,155,10,0
1785134400,163.59,163.599,163.581,163.594,206,10,0
1785134700,163.593,163.595,163.573,163.582,226,10,0
1785135000,163.583,163.583,163.559,163.571,171,10,0
1785135300,163.57,163.575,163.564,163.571,124,11,0
1785135600,163.571,163.571,163.553,163.558,121,11,0
1785135900,163.559,163.561,163.546,163.557,133,10,0
1785136200,163.557,163.568,163.554,163.554,158,10,0
1785136500,163.555,163.557,163.543,163.548,156,11,0
1785136800,163.548,163.558,163.543,163.558,96,10,0
1785137100,163.558,163.579,163.557,163.572,83,10,0
1785137400,163.572,163.584,163.572,163.573,90,10,0
1785137700,163.574,163.586,163.572,163.585,34,10,0
1785138000,163.584,163.586,163.57,163.585,136,10,0
1785138300,163.585,163.585,163.572,163.585,123,10,0
1785138600,163.585,163.594,163.58,163.582,98,11,0
1785138900,163.582,163.584,163.568,163.574,157,11,0
1785139200,163.573,163.594,163.569,163.578,240,10,0
1785139500,163.578,163.586,163.56,163.566,222,10,0
1785139800,163.566,163.57,163.557,163.559,156,10,0
1785140100,163.559,163.575,163.559,163.569,181,10,0
1785140400,163.57,163.575,163.565,163.57,122,10,0
1785140700,163.57,163.582,163.558,163.563,261,10,0
1785141000,163.563,163.572,163.553,163.561,241,11,0
1785141300,163.563,163.573,163.561,163.566,226,10,0
1785141600,163.566,163.591,163.561,163.588,205,11,0
1785141900,163.588,163.601,163.586,163.599,114,10,0
1785142200,163.599,163.6,163.58,163.584,136,11,0
1785142500,163.584,163.595,163.575,163.584,232,10,0
1785142800,163.583,163.599,163.557,163.565,426,10,0
1785143100,163.565,163.575,163.554,163.56,349,10,0
1785143400,163.559,163.562,163.529,163.529,238,10,0
1785143700,163.528,163.559,163.52,163.559,425,10,0
1785144000,163.558,163.56,163.535,163.56,306,10,0
1785144300,163.561,163.561,163.54,163.558,119,10,0
1785144600,163.558,163.585,163.551,163.573,319,10,0
1785144900,163.574,163.585,163.546,163.547,252,10,0
1785145200,163.548,163.558,163.516,163.525,357,10,0
1785145500,163.525,163.546,163.522,163.532,277,10,0
1785145800,163.534,163.543,163.518,163.533,290,10,0
1785146100,163.532,163.545,163.507,163.515,297,10,0
1785146400,163.516,163.532,163.48,163.513,376,10,0
1785146700,163.514,163.517,163.493,163.505,417,10,0
1785147000,163.506,163.531,163.466,163.466,427,10,0
1785147300,163.465,163.493,163.465,163.476,388,10,0
1785147600,163.477,163.478,163.353,163.408,737,10,0
1785147900,163.409,163.411,163.324,163.33,633,10,0
1785148200,163.331,163.402,163.326,163.395,576,10,0
1785148500,163.395,163.441,163.38,163.441,388,10,0
1785148800,163.442,163.467,163.429,163.451,412,10,0
1785149100,163.451,163.457,163.434,163.441,348,10,0
1785149400,163.44,163.468,163.438,163.467,343,10,0
1785149700,163.466,163.522,163.463,163.521,484,10,0
1785150000,163.521,163.524,163.503,163.516,347,10,0
1785150300,163.516,163.521,163.487,163.511,356,10,0
1785150600,163.51,163.535,163.503,163.519,246,10,0
1785150900,163.52,163.536,163.513,163.535,223,10,0
1785151200,163.54,163.547,163.519,163.531,293,10,0
1785151500,163.531,163.546,163.526,163.537,347,10,0
1785151800,163.536,163.551,163.531,163.549,257,10,0
1785152100,163.55,163.55,163.527,163.537,288,10,0
1785152400,163.537,163.539,163.498,163.517,296,10,0
1785152700,163.516,163.54,163.516,163.534,232,10,0
1785153000,163.533,163.54,163.504,163.505,342,10,0
1785153300,163.506,163.516,163.502,163.514,308,10,0
1785153600,163.515,163.527,163.492,163.501,280,10,0
1785153900,163.501,163.522,163.501,163.508,252,10,0
1785154200,163.509,163.573,163.504,163.568,267,10,0
1785154500,163.567,163.6,163.565,163.598,301,10,0
1785154800,163.599,163.601,163.56,163.56,263,10,0
1785155100,163.56,163.571,163.531,163.571,412,10,0
1785155400,163.57,163.586,163.566,163.569,248,10,0
1785155700,163.569,163.57,163.555,163.566,201,10,0
1785156000,163.566,163.568,163.547,163.547,177,11,0
1785156300,163.546,163.573,163.543,163.543,239,10,0
1785156600,163.541,163.544,163.516,163.522,267,10,0
1785156900,163.521,163.531,163.499,163.531,267,10,0
1785157200,163.533,163.543,163.527,163.529,271,10,0
1785157500,163.528,163.566,163.528,163.562,296,10,0
1785157800,163.563,163.593,163.552,163.557,524,10,0
1785158100,163.557,163.558,163.526,163.54,340,10,0
1785158400,163.539,163.552,163.531,163.538,243,10,0
1785158700,163.539,163.546,163.531,163.546,173,10,0
1785159000,163.546,163.562,163.54,163.552,343,10,0
1785159300,163.552,163.57,163.551,163.566,155,10,0
1785159600,163.567,163.569,163.545,163.553,206,10,0
1785159900,163.554,163.569,163.553,163.558,188,10,0
1785160200,163.558,163.58,163.557,163.569,198,10,0
1785160500,163.568,163.596,163.559,163.587,258,10,0
1785160800,163.586,163.611,163.585,163.601,297,10,0
1785161100,163.601,163.64,163.601,163.619,287,10,0
1785161400,163.62,163.634,163.62,163.628,190,10,0
1785161700,163.627,163.633,163.609,163.622,194,10,0
1785162000,163.621,163.628,163.607,163.626,185,11,0
1785162300,163.627,163.637,163.607,163.637,346,10,0
1785162600,163.635,163.644,163.607,163.612,453,10,0
1785162900,163.61,163.613,163.592,163.599,341,11,0
1785163200,163.598,163.607,163.577,163.597,444,10,0
1785163500,163.596,163.622,163.592,163.616,320,10,0
1785163800,163.616,163.636,163.61,163.628,324,11,0
1785164100,163.627,163.646,163.627,163.644,238,10,0
1785164400,163.645,163.651,163.633,163.641,288,10,0
1785164700,163.64,163.649,163.621,163.626,299,11,0
1785165000,163.63,163.68,163.628,163.672,599,10,0
1785165300,163.673,163.683,163.658,163.663,357,10,0
1785165600,163.665,163.675,163.657,163.661,366,10,0
1785165900,163.661,163.663,163.65,163.662,144,10,0
1785166200,163.663,163.672,163.647,163.659,179,10,0
1785166500,163.657,163.693,163.654,163.69,266,10,0
1785166800,163.69,163.7,163.679,163.684,213,10,0
1785167100,163.683,163.69,163.674,163.689,186,10,0
1785167400,163.69,163.691,163.666,163.686,272,10,0
1785167700,163.686,163.691,163.669,163.686,297,10,0
1785168000,163.687,163.693,163.676,163.687,551,10,0
1785168300,163.688,163.693,163.671,163.671,296,10,0
1785168600,163.671,163.68,163.649,163.661,289,10,0
1785168900,163.661,163.677,163.654,163.674,276,10,0
1785169200,163.674,163.689,163.674,163.68,217,10,0
1785169500,163.679,163.716,163.679,163.703,318,10,0
1785169800,163.701,163.719,163.677,163.707,433,10,0
1785170100,163.707,163.72,163.693,163.705,315,10,0
1785170400,163.704,163.708,163.694,163.695,223,10,0
1785170700,163.695,163.707,163.692,163.694,239,10,0
1785171000,163.695,163.72,163.694,163.716,279,10,0
1785171300,163.717,163.755,163.714,163.745,391,10,0
1785171600,163.744,163.762,163.721,163.741,367,10,0
1785171900,163.741,163.741,163.718,163.722,315,10,0
1785172200,163.723,163.732,163.708,163.721,258,10,0
1785172500,163.72,163.743,163.72,163.739,220,10,0
1785172800,163.738,163.746,163.728,163.733,259,10,0
1785173100,163.734,163.756,163.734,163.754,240,10,0
1785173400,163.755,163.756,163.732,163.742,273,10,0
1785173700,163.742,163.763,163.719,163.719,325,10,0
1785174000,163.72,163.754,163.72,163.747,294,10,0
1785174300,163.747,163.747,163.719,163.742,325,10,0
1785174600,163.741,163.758,163.733,163.748,246,10,0
1785174900,163.748,163.756,163.691,163.702,391,10,0
1785175200,163.703,163.719,163.681,163.695,379,10,0
1785175500,163.695,163.715,163.693,163.709,256,10,0
1785175800,163.708,163.719,163.696,163.704,194,10,0
1785176100,163.704,163.705,163.676,163.69,310,10,0
1785176400,163.69,163.693,163.655,163.663,398,10,0
1785176700,163.662,163.669,163.653,163.662,265,10,0
1785177000,163.662,163.693,163.662,163.688,387,10,0
1785177300,163.688,163.689,163.67,163.678,293,10,0
1785177600,163.678,163.685,163.67,163.673,303,10,0
1785177900,163.673,163.683,163.668,163.679,255,10,0
1785178200,163.678,163.683,163.668,163.678,233,10,0
1785178500,163.679,163.709,163.676,163.709,198,10,0
1785178800,163.709,163.71,163.693,163.699,278,10,0
1785179100,163.7,163.704,163.695,163.699,333,10,0
1785179400,163.699,163.702,163.687,163.692,296,10,0
1785179700,163.692,163.693,163.652,163.663,251,10,0
1785180000,163.662,163.663,163.64,163.655,252,10,0
1785180300,163.655,163.656,163.61,163.619,817,10,0
1785180600,163.618,163.622,163.591,163.593,357,10,0
1785180900,163.592,163.608,163.582,163.595,498,10,0
1785181200,163.595,163.624,163.592,163.618,269,10,0
1785181500,163.619,163.654,163.619,163.653,292,10,0
1785181800,163.653,163.653,163.638,163.64,328,10,0
1785182100,163.641,163.655,163.637,163.651,345,10,0
1785182400,163.65,163.694,163.647,163.688,379,10,0
1785182700,163.687,163.691,163.675,163.682,395,10,0
1785183000,163.682,163.692,163.677,163.692,355,10,0
1785183300,163.692,163.708,163.689,163.707,266,10,0
1785183600,163.708,163.709,163.702,163.704,153,10,0
1785183900,163.703,163.708,163.694,163.704,169,11,0
1785184200,163.704,163.709,163.69,163.694,160,11,0
1785184500,163.694,163.706,163.693,163.706,167,10,0
1785184800,163.706,163.719,163.705,163.717,106,11,0
1785185100,163.717,163.73,163.717,163.722,163,10,0
1785185400,163.723,163.731,163.717,163.717,118,10,0
1785185700,163.718,163.723,163.71,163.723,140,11,0
1785186000,163.721,163.723,163.708,163.709,175,10,0
1785186300,163.709,163.71,163.694,163.704,204,10,0
1785186600,163.705,163.707,163.695,163.702,178,10,0
1785186900,163.703,163.717,163.7,163.708,137,10,0
1785187200,163.708,163.731,163.708,163.726,149,10,0
1785187500,163.725,163.741,163.725,163.727,133,10,0
1785187800,163.728,163.728,163.709,163.725,140,10,0
1785188100,163.724,163.729,163.713,163.726,118,10,0
1785188400,163.725,163.74,163.69,163.728,284,10,0
1785188700,163.728,163.75,163.725,163.74,265,10,0
1785189000,163.739,163.763,163.738,163.751,230,10,0
1785189300,163.751,163.794,163.737,163.775,392,10,0
1785189600,163.775,163.775,163.748,163.768,182,10,0
1785189900,163.768,163.768,163.752,163.756,118,10,0
1785190200,163.756,163.757,163.75,163.75,103,10,0
1785190500,163.749,163.755,163.739,163.742,84,11,0
1785190800,163.742,163.743,163.729,163.736,95,10,0
1785191100,163.735,163.74,163.723,163.725,75,10,0
1785191400,163.725,163.727,163.7,163.711,238,10,0
1785191700,163.71,163.715,163.699,163.7,117,10,0
1785192000,163.7,163.713,163.692,163.7,175,10,0
1785192300,163.701,163.716,163.696,163.715,251,10,0
1785192600,163.715,163.725,163.698,163.724,216,10,0
1785192900,163.725,163.734,163.713,163.733,354,10,0
1785193200,163.735,163.741,163.725,163.727,168,10,0
1785193500,163.728,163.74,163.727,163.738,68,10,0
1785193800,163.738,163.74,163.737,163.739,36,10,0
1785194100,163.739,163.739,163.725,163.729,45,10,0
1785194400,163.728,163.74,163.727,163.728,39,10,0
1785194700,163.727,163.74,163.723,163.738,34,10,0
1785195000,163.736,163.754,163.734,163.754,73,10,0
1785195300,163.754,163.759,163.751,163.754,79,11,0
1785195600,163.754,163.766,163.752,163.761,56,10,0
1785195900,163.761,163.763,163.75,163.752,195,11,0
1785196200,163.751,163.753,163.735,163.741,213,13,0
1785196500,163.74,163.744,163.716,163.719,111,14,0
1785196800,163.719,163.726,163.578,163.675,11,46,0
1785197100,163.675,163.676,163.675,163.676,5,90,0
1785197400,163.676,163.681,163.673,163.676,21,95,0
1785197700,163.676,163.694,163.668,163.677,18,77,0
1785198000,163.677,163.685,163.674,163.674,8,87,0
1785198300,163.674,163.675,163.674,163.675,5,96,0
1785198600,163.675,163.675,163.67,163.675,11,91,0
1785198900,163.675,163.677,163.675,163.675,16,90,0
1785199200,163.676,163.691,163.675,163.681,8,76,0
1785199500,163.693,163.698,163.675,163.676,39,68,0
1785199800,163.677,163.68,163.675,163.68,83,87,0
1785200100,163.673,163.691,163.673,163.691,117,81,0
1785200400,163.698,163.734,163.694,163.731,85,30,0
1785200700,163.731,163.734,163.723,163.727,70,18,0
1785201000,163.723,163.752,163.723,163.741,75,13,0
1785201300,163.74,163.742,163.736,163.737,92,13,0
1785201600,163.737,163.75,163.736,163.749,58,15,0
1785201900,163.748,163.751,163.746,163.75,28,13,0
1785202200,163.747,163.751,163.734,163.735,58,13,0
1785202500,163.734,163.743,163.734,163.741,50,13,0
1785202800,163.74,163.74,163.738,163.738,24,17,0
1785203100,163.739,163.742,163.739,163.739,35,16,0
1785203400,163.741,163.744,163.739,163.741,53,13,0
1785203700,163.742,163.745,163.736,163.737,51,16,0
1785204000,163.737,163.742,163.714,163.73,237,10,0
1785204300,163.73,163.732,163.718,163.721,116,13,0
1785204600,163.722,163.724,163.717,163.719,422,12,0
1785204900,163.72,163.722,163.718,163.721,759,11,0
1785205200,163.72,163.732,163.718,163.729,108,12,0
1785205500,163.729,163.73,163.716,163.726,68,10,0
1785205800,163.726,163.757,163.725,163.742,137,10,0
1785206100,163.741,163.746,163.741,163.746,34,13,0
1785206400,163.746,163.746,163.738,163.741,48,13,0
1785206700,163.74,163.757,163.729,163.752,127,10,0
1785207000,163.753,163.78,163.751,163.779,134,10,0
1785207300,163.778,163.778,163.768,163.772,59,12,0
1785207600,163.774,163.821,163.77,163.82,285,10,0
1785207900,163.821,163.835,163.807,163.818,359,10,0
1785208200,163.817,163.819,163.807,163.81,204,10,0
1785208500,163.81,163.816,163.777,163.782,196,10,0
1785208800,163.778,163.791,163.768,163.776,231,10,0
1785209100,163.777,163.779,163.752,163.774,255,10,0
1785209400,163.775,163.786,163.76,163.773,264,10,0
1785209700,163.772,163.778,163.753,163.768,204,10,0
1785210000,163.767,163.784,163.76,163.761,240,11,0
1785210300,163.761,163.777,163.752,163.763,234,10,0
1785210600,163.764,163.815,163.764,163.767,371,10,0
1785210900,163.772,163.787,163.733,163.741,299,10,0
1785211200,163.741,163.75,163.709,163.745,414,10,0
1785211500,163.745,163.752,163.731,163.741,224,11,0
1785211800,163.741,163.753,163.737,163.747,226,11,0
1785212100,163.748,163.761,163.734,163.739,282,11,0
1785212400,163.738,163.75,163.731,163.745,151,10,0
1785212700,163.745,163.753,163.737,163.741,345,10,0
1785213000,163.741,163.763,163.733,163.754,234,10,0
1785213300,163.753,163.759,163.747,163.755,270,11,0
1785213600,163.756,163.77,163.753,163.756,329,10,0
1785213900,163.757,163.77,163.745,163.76,250,10,0
1785214200,163.761,163.786,163.761,163.769,237,10,0
1785214500,163.769,163.778,163.759,163.761,181,11,0
1785214800,163.762,163.784,163.758,163.775,223,10,0
1785215100,163.776,163.781,163.763,163.774,128,11,0
1785215400,163.774,163.777,163.762,163.774,116,10,0
1785215700,163.774,163.775,163.758,163.763,83,11,0
1785216000,163.763,163.763,163.735,163.751,176,10,0
1785216300,163.75,163.762,163.747,163.748,117,10,0
1785216600,163.754,163.759,163.747,163.759,178,10,0
1785216900,163.759,163.76,163.747,163.757,151,11,0
1785217200,163.757,163.757,163.732,163.736,160,11,0
1785217500,163.735,163.745,163.719,163.733,117,10,0
1785217800,163.734,163.734,163.669,163.694,365,10,0
1785218100,163.694,163.711,163.692,163.709,196,11,0
1785218400,163.708,163.71,163.697,163.709,180,11,0
1785218700,163.709,163.722,163.704,163.71,195,10,0
1785219000,163.71,163.735,163.71,163.734,212,10,0
1785219300,163.735,163.736,163.718,163.723,191,11,0
1785219600,163.722,163.732,163.72,163.732,193,11,0
1785219900,163.731,163.734,163.714,163.716,167,11,0
1785220200,163.716,163.723,163.707,163.719,261,10,0
1785220500,163.718,163.744,163.718,163.738,212,10,0
1785220800,163.741,163.756,163.741,163.755,207,10,0
1785221100,163.756,163.762,163.753,163.757,140,11,0
1785221400,163.757,163.757,163.745,163.753,190,11,0
1785221700,163.753,163.757,163.752,163.756,144,12,0
1785222000,163.757,163.769,163.752,163.763,329,11,0
1785222300,163.763,163.77,163.759,163.766,221,10,0
1785222600,163.765,163.769,163.757,163.765,195,11,0
1785222900,163.766,163.772,163.753,163.756,186,11,0
1785223200,163.756,163.768,163.755,163.765,117,11,0
1785223500,163.765,163.771,163.758,163.761,97,11,0
1785223800,163.76,163.769,163.754,163.764,122,10,0
1785224100,163.765,163.77,163.754,163.754,99,11,0
1785224400,163.754,163.755,163.743,163.753,107,11,0
1785224700,163.752,163.754,163.741,163.748,121,11,0
1785225000,163.748,163.759,163.739,163.757,164,10,0
1785225300,163.758,163.759,163.74,163.745,79,10,0
1785225600,163.745,163.758,163.744,163.748,138,10,0
1785225900,163.749,163.756,163.74,163.753,223,11,0
1785226200,163.753,163.762,163.743,163.759,172,10,0
1785226500,163.76,163.764,163.754,163.757,177,11,0
1785226800,163.757,163.759,163.744,163.745,164,12,0
1785227100,163.744,163.749,163.72,163.721,195,10,0
1785227400,163.721,163.731,163.718,163.731,189,10,0
1785227700,163.731,163.748,163.731,163.737,144,10,0
1785228000,163.737,163.747,163.733,163.741,175,10,0
1785228300,163.741,163.758,163.74,163.753,152,11,0
1785228600,163.753,163.758,163.719,163.73,195,10,0
1785228900,163.729,163.74,163.724,163.733,127,11,0
1785229200,163.734,163.737,163.718,163.737,367,11,0
1785229500,163.737,163.737,163.72,163.723,226,10,0
1785229800,163.722,163.733,163.686,163.689,363,10,0
1785230100,163.69,163.711,163.674,163.707,289,10,0
1785230400,163.707,163.724,163.698,163.698,268,10,0
1785230700,163.696,163.714,163.69,163.695,283,10,0
1785231000,163.694,163.71,163.681,163.693,246,10,0
1785231300,163.693,163.711,163.683,163.698,308,10,0
1785231600,163.697,163.701,163.664,163.682,351,10,0
1785231900,163.682,163.697,163.666,163.697,191,10,0
1785232200,163.696,163.697,163.677,163.678,191,10,0
1785232500,163.678,163.706,163.664,163.705,403,11,0
1785232800,163.705,163.735,163.705,163.731,354,10,0
1785233100,163.73,163.745,163.717,163.719,252,10,0
1785233400,163.718,163.743,163.715,163.731,456,10,0
1785233700,163.732,163.733,163.717,163.722,252,11,0
1785234000,163.721,163.747,163.721,163.746,230,10,0
1785234300,163.746,163.761,163.742,163.752,246,10,0
1785234600,163.753,163.754,163.74,163.752,154,10,0
1785234900,163.752,163.76,163.74,163.743,276,10,0
1785235200,163.743,163.768,163.742,163.765,313,10,0
1785235500,163.765,163.788,163.764,163.78,285,10,0
1785235800,163.779,163.788,163.769,163.78,340,11,0
1785236100,163.78,163.786,163.772,163.778,231,10,0
1785236400,163.777,163.785,163.764,163.765,314,10,0
1785236700,163.765,163.776,163.754,163.77,252,10,0
1785237000,163.77,163.789,163.77,163.787,226,10,0
1785237300,163.788,163.815,163.781,163.81,203,10,0
1785237600,163.812,163.82,163.792,163.806,198,10,0
1785237900,163.807,163.837,163.807,163.834,228,11,0
1785238200,163.833,163.844,163.82,163.823,224,10,0
1785238500,163.824,163.837,163.821,163.834,176,10,0
1785238800,163.835,163.847,163.832,163.835,162,11,0
1785239100,163.831,163.835,163.805,163.812,153,11,0
1785239400,163.81,163.822,163.805,163.819,130,10,0
1785239700,163.819,163.827,163.808,163.819,115,10,0
1785240000,163.819,163.823,163.805,163.809,158,10,0
1785240300,163.808,163.819,163.804,163.812,249,10,0
1785240600,163.813,163.825,163.81,163.816,176,10,0
1785240900,163.815,163.822,163.808,163.811,328,10,0
1785241200,163.81,163.815,163.804,163.812,236,10,0
1785241500,163.812,163.826,163.81,163.823,150,10,0
1785241800,163.824,163.849,163.824,163.833,209,10,0
1785242100,163.834,163.843,163.833,163.833,255,11,0
1785242400,163.835,163.836,163.824,163.835,183,10,0
1785242700,163.835,163.849,163.833,163.844,187,10,0
1785243000,163.844,163.859,163.843,163.856,118,11,0
1785243300,163.858,163.884,163.857,163.874,160,10,0
1785243600,163.875,163.886,163.862,163.874,248,10,0
1785243900,163.874,163.895,163.874,163.884,236,10,0
1785244200,163.885,163.892,163.876,163.889,168,10,0
1785244500,163.89,163.917,163.89,163.912,187,10,0
1785244800,163.913,163.93,163.912,163.921,203,10,0
1785245100,163.92,163.93,163.917,163.923,151,10,0
1785245400,163.924,163.929,163.903,163.911,151,10,0
1785245700,163.913,163.926,163.913,163.92,142,10,0
1785246000,163.919,163.939,163.917,163.939,102,10,0
1785246300,163.938,163.944,163.93,163.935,108,10,0
1785246600,163.935,163.939,163.924,163.927,108,10,0
1785246900,163.926,163.939,163.917,163.932,86,10,0
1785247200,163.931,163.931,163.913,163.917,156,11,0
1785247500,163.916,163.931,163.915,163.93,111,10,0
1785247800,163.929,163.933,163.927,163.93,102,11,0
1785248100,163.931,163.932,163.909,163.915,240,10,0
1785248400,163.915,163.918,163.902,163.913,150,10,0
1785248700,163.913,163.918,163.911,163.917,115,11,0
1785249000,163.917,163.926,163.915,163.919,133,10,0
1785249300,163.92,163.921,163.904,163.91,168,10,0
1785249600,163.911,163.926,163.91,163.924,120,11,0
1785249900,163.924,163.928,163.921,163.924,53,10,0
1785250200,163.925,163.93,163.923,163.925,73,10,0
1785250500,163.927,163.934,163.916,163.927,121,10,0
1785250800,163.926,163.927,163.912,163.915,298,10,0
1785251100,163.916,163.924,163.909,163.916,177,10,0
1785251400,163.917,163.929,163.916,163.916,164,11,0
1785251700,163.917,163.92,163.906,163.913,170,10,0
1785252000,163.912,163.913,163.888,163.893,183,10,0
1785252300,163.892,163.896,163.878,163.887,130,12,0
1785252600,163.886,163.898,163.877,163.887,135,10,0
1785252900,163.888,163.892,163.876,163.888,208,10,0
1785253200,163.888,163.89,163.879,163.879,158,10,0
1785253500,163.88,163.88,163.841,163.853,180,10,0
1785253800,163.853,163.87,163.849,163.869,223,10,0
1785254100,163.87,163.881,163.868,163.874,155,10,0
1785254400,163.873,163.879,163.862,163.868,170,11,0
1785254700,163.867,163.875,163.852,163.852,172,10,0
1785255000,163.853,163.869,163.849,163.868,190,10,0
1785255300,163.868,163.869,163.853,163.859,203,10,0
1785255600,163.859,163.859,163.838,163.853,158,10,0
1785255900,163.853,163.871,163.843,163.868,167,10,0
1785256200,163.868,163.869,163.846,163.852,310,10,0
1785256500,163.852,163.872,163.844,163.865,239,10,0
1785256800,163.867,163.876,163.842,163.849,180,10,0
1785257100,163.852,163.856,163.813,163.826,349,10,0
1785257400,163.825,163.843,163.814,163.828,313,10,0
1785257700,163.829,163.842,163.819,163.823,129,10,0
1785258000,163.822,163.842,163.821,163.826,292,10,0
1785258300,163.826,163.848,163.824,163.841,288,10,0
1785258600,163.84,163.855,163.83,163.855,223,10,0
1785258900,163.855,163.857,163.837,163.848,157,10,0
1785259200,163.848,163.857,163.839,163.843,227,10,0
1785259500,163.843,163.844,163.829,163.839,205,10,0
1785259800,163.841,163.85,163.829,163.849,209,10,0
1785260100,163.85,163.851,163.84,163.846,155,10,0
1785260400,163.847,163.848,163.835,163.846,163,10,0
1785260700,163.845,163.877,163.845,163.859,231,10,0
1785261000,163.859,163.868,163.847,163.849,296,10,0
1785261300,163.849,163.879,163.849,163.862,373,10,0
1785261600,163.862,163.862,163.813,163.841,351,10,0
1785261900,163.841,163.851,163.815,163.815,212,10,0
1785262200,163.815,163.816,163.735,163.744,866,10,0
1785262500,163.744,163.755,163.719,163.719,654,10,0
1785262800,163.72,163.721,163.651,163.721,650,10,0
1785263100,163.721,163.729,163.679,163.689,418,10,0
1785263400,163.689,163.709,163.663,163.679,572,10,0
1785263700,163.679,163.704,163.669,163.695,358,10,0
1785264000,163.694,163.703,163.652,163.667,366,10,0
1785264300,163.668,163.682,163.654,163.677,297,10,0
1785264600,163.678,163.707,163.665,163.673,416,10,0
1785264900,163.672,163.692,163.643,163.644,378,10,0
1785265200,163.645,163.681,163.639,163.677,383,10,0
1785265500,163.677,163.68,163.666,163.667,335,10,0
1785265800,163.668,163.694,163.663,163.669,335,10,0
1785266100,163.668,163.672,163.652,163.66,275,10,0
1785266400,163.66,163.684,163.653,163.666,242,10,0
1785266700,163.667,163.677,163.658,163.674,160,10,0
1785267000,163.675,163.695,163.674,163.685,303,10,0
1785267300,163.684,163.689,163.665,163.671,210,10,0
1785267600,163.673,163.702,163.671,163.702,151,10,0
1785267900,163.701,163.735,163.698,163.731,297,10,0
1785268200,163.731,163.738,163.727,163.734,152,11,0
1785268500,163.735,163.744,163.732,163.739,190,10,0
1785268800,163.738,163.746,163.718,163.72,286,10,0
1785269100,163.721,163.733,163.711,163.72,220,10,0
1785269400,163.72,163.747,163.719,163.743,224,10,0
1785269700,163.743,163.762,163.743,163.759,192,10,0
1785270000,163.758,163.772,163.72,163.772,408,10,0
1785270300,163.772,163.775,163.758,163.769,146,10,0
1785270600,163.769,163.774,163.759,163.759,138,10,0
1785270900,163.759,163.774,163.759,163.768,117,11,0
1785271200,163.769,163.784,163.769,163.783,63,11,0
1785271500,163.784,163.79,163.772,163.783,105,10,0
1785271800,163.784,163.8,163.783,163.799,139,10,0
1785272100,163.798,163.81,163.796,163.799,168,10,0
1785272400,163.798,163.81,163.795,163.801,144,10,0
1785272700,163.801,163.802,163.782,163.782,129,11,0
1785273000,163.782,163.792,163.765,163.789,154,10,0
1785273300,163.789,163.789,163.772,163.784,214,10,0
1785273600,163.784,163.797,163.784,163.795,124,10,0
1785273900,163.795,163.815,163.794,163.812,127,11,0
1785274200,163.813,163.816,163.807,163.815,90,11,0
1785274500,163.815,163.816,163.808,163.815,93,10,0
1785274800,163.814,163.827,163.814,163.825,93,10,0
1785275100,163.825,163.845,163.825,163.841,93,10,0
1785275400,163.84,163.844,163.832,163.843,68,10,0
1785275700,163.844,163.856,163.84,163.855,63,10,0
1785276000,163.857,163.866,163.84,163.84,165,10,0
1785276300,163.841,163.841,163.822,163.824,212,10,0
1785276600,163.823,163.85,163.821,163.849,120,10,0
1785276900,163.849,163.849,163.83,163.831,124,10,0
1785277200,163.829,163.847,163.824,163.844,143,10,0
1785277500,163.844,163.848,163.842,163.842,93,11,0
1785277800,163.843,163.843,163.823,163.829,180,10,0
1785278100,163.83,163.836,163.821,163.827,110,10,0
1785278400,163.827,163.836,163.823,163.835,83,10,0
1785278700,163.835,163.835,163.823,163.828,92,10,0
1785279000,163.827,163.835,163.821,163.823,108,10,0
1785279300,163.831,163.857,163.83,163.85,175,11,0
1785279600,163.85,163.862,163.85,163.86,91,11,0
1785279900,163.861,163.871,163.855,163.856,62,11,0
1785280200,163.856,163.856,163.843,163.844,60,12,0
1785280500,163.844,163.857,163.836,163.855,116,11,0
1785280800,163.855,163.858,163.852,163.855,30,11,0
1785281100,163.856,163.862,163.856,163.86,51,11,0
1785281400,163.86,163.869,163.856,163.86,44,10,0
1785281700,163.859,163.882,163.856,163.869,83,10,0
1785282000,163.869,163.874,163.853,163.853,92,10,0
1785282300,163.855,163.86,163.833,163.837,99,11,0
1785282600,163.839,163.85,163.832,163.847,108,11,0
1785282900,163.847,163.859,163.794,163.794,114,14,0
1785283200,163.769,163.773,163.664,163.773,23,64,0
1785283500,163.773,163.79,163.742,163.79,9,63,0
1785283800,163.789,163.825,163.785,163.824,20,45,0
1785284100,163.814,163.832,163.814,163.822,37,35,0
1785284400,163.822,163.832,163.797,163.797,34,30,0
1785284700,163.796,163.797,163.785,163.785,38,51,0
1785285000,163.783,163.791,163.781,163.783,67,47,0
1785285300,163.784,163.784,163.762,163.765,31,35,0
1785285600,163.764,163.797,163.762,163.771,54,24,0
1785285900,163.772,163.8,163.762,163.769,56,21,0
1785286200,163.769,163.812,163.766,163.811,62,38,0
1785286500,163.811,163.812,163.794,163.798,56,34,0
1785286800,163.795,163.823,163.795,163.823,57,23,0
1785287100,163.823,163.823,163.817,163.819,28,19,0
1785287400,163.818,163.832,163.807,163.83,118,14,0
1785287700,163.829,163.858,163.828,163.853,144,14,0
1785288000,163.853,163.866,163.852,163.856,136,16,0
1785288300,163.855,163.873,163.84,163.844,221,10,0
1785288600,163.845,163.855,163.839,163.846,116,12,0
1785288900,163.846,163.855,163.844,163.852,135,15,0
1785289200,163.853,163.861,163.852,163.857,61,15,0
1785289500,163.856,163.862,163.856,163.862,159,16,0
1785289800,163.861,163.862,163.844,163.845,82,14,0
1785290100,163.844,163.846,163.84,163.843,54,17,0
1785290400,163.843,163.855,163.839,163.84,113,12,0
1785290700,163.841,163.859,163.841,163.855,97,10,0
1785291000,163.854,163.86,163.844,163.85,103,10,0
1785291300,163.85,163.867,163.849,163.866,59,10,0
1785291600,163.866,163.866,163.85,163.85,73,12,0
1785291900,163.851,163.859,163.85,163.856,29,12,0
1785292200,163.855,163.86,163.855,163.857,20,13,0
1785292500,163.858,163.861,163.857,163.861,24,13,0
1785292800,163.861,163.863,163.85,163.854,29,12,0
1785293100,163.855,163.865,163.854,163.855,113,11,0
1785293400,163.855,163.859,163.844,163.859,109,12,0
1785293700,163.859,163.862,163.855,163.862,70,11,0
1785294000,163.862,163.874,163.842,163.862,300,10,0
1785294300,163.861,163.877,163.861,163.871,140,10,0
1785294600,163.87,163.876,163.864,163.87,140,11,0
1785294900,163.87,163.874,163.809,163.828,272,10,0
1785295200,163.828,163.828,163.793,163.807,338,11,0
1785295500,163.808,163.818,163.797,163.799,240,10,0
1785295800,163.798,163.812,163.795,163.805,172,10,0
1785296100,163.805,163.811,163.782,163.788,158,10,0
1785296400,163.788,163.794,163.757,163.76,236,10,0
1785296700,163.761,163.77,163.742,163.761,258,10,0
1785297000,163.762,163.769,163.668,163.677,642,10,0
1785297300,163.677,163.712,163.673,163.702,365,10,0
1785297600,163.702,163.72,163.676,163.714,306,10,0
1785297900,163.714,163.727,163.704,163.722,323,10,0
1785298200,163.721,163.736,163.716,163.73,313,11,0
1785298500,163.73,163.733,163.705,163.729,445,10,0
1785298800,163.729,163.735,163.716,163.732,212,10,0
1785299100,163.732,163.759,163.73,163.739,191,10,0
1785299400,163.737,163.758,163.724,163.742,418,10,0
1785299700,163.742,163.774,163.733,163.769,247,10,0
1785300000,163.769,163.773,163.76,163.764,286,10,0
1785300300,163.763,163.768,163.745,163.746,278,10,0
1785300600,163.748,163.753,163.719,163.722,144,10,0
1785300900,163.721,163.723,163.702,163.718,255,11,0
1785301200,163.718,163.747,163.697,163.719,322,10,0
1785301500,163.718,163.72,163.691,163.716,283,10,0
1785301800,163.715,163.727,163.691,163.706,197,11,0
1785302100,163.705,163.721,163.701,163.707,161,10,0
1785302400,163.707,163.707,163.69,163.697,250,11,0
1785302700,163.697,163.706,163.681,163.704,251,10,0
1785303000,163.704,163.712,163.7,163.702,161,10,0
1785303300,163.702,163.703,163.652,163.674,221,10,0
1785303600,163.673,163.695,163.673,163.694,163,10,0
1785303900,163.694,163.714,163.693,163.707,204,10,0
1785304200,163.707,163.729,163.706,163.729,142,10,0
1785304500,163.728,163.73,163.703,163.714,175,10,0
1785304800,163.715,163.718,163.699,163.704,185,10,0
1785305100,163.704,163.708,163.685,163.7,157,11,0
1785305400,163.7,163.706,163.689,163.692,130,11,0
1785305700,163.691,163.695,163.677,163.682,152,10,0
1785306000,163.685,163.694,163.674,163.679,167,10,0
1785306300,163.678,163.679,163.66,163.667,241,11,0
1785306600,163.666,163.682,163.663,163.676,182,11,0
1785306900,163.677,163.677,163.625,163.637,242,10,0
1785307200,163.637,163.649,163.623,163.624,159,10,0
1785307500,163.624,163.626,163.558,163.585,462,10,0
1785307800,163.585,163.61,163.574,163.606,337,10,0
1785308100,163.607,163.625,163.607,163.621,221,10,0
1785308400,163.62,163.62,163.581,163.606,276,10,0
1785308700,163.606,163.613,163.58,163.582,162,10,0
1785309000,163.583,163.588,163.533,163.547,314,10,0
1785309300,163.546,163.56,163.529,163.533,283,10,0
1785309600,163.534,163.537,163.478,163.487,262,10,0
1785309900,163.487,163.514,163.477,163.51,356,10,0
1785310200,163.509,163.52,163.449,163.456,374,10,0
1785310500,163.455,163.456,163.375,163.41,534,10,0
1785310800,163.41,163.41,163.292,163.295,915,10,0
1785311100,163.293,163.52,163.272,163.439,907,10,0
1785311400,163.44,163.481,163.418,163.467,831,10,0
1785311700,163.466,163.47,163.403,163.419,462,10,0
1785312000,163.42,163.451,163.411,163.418,341,10,0
1785312300,163.418,163.424,163.392,163.412,286,10,0
1785312600,163.413,163.432,163.407,163.411,262,10,0
1785312900,163.412,163.414,163.378,163.393,209,10,0
1785313200,163.393,163.4,163.339,163.354,292,10,0
1785313500,163.354,163.393,163.354,163.38,196,11,0
1785313800,163.38,163.468,163.378,163.461,453,10,0
1785314100,163.46,163.475,163.428,163.44,308,10,0
1785314400,163.44,163.448,163.398,163.411,374,11,0
1785314700,163.412,163.453,163.41,163.425,323,11,0
1785315000,163.426,163.428,163.398,163.415,220,10,0
1785315300,163.413,163.491,163.413,163.489,353,10,0
1785315600,163.483,163.486,163.448,163.482,452,10,0
1785315900,163.483,163.559,163.475,163.532,528,10,0
1785316200,163.532,163.565,163.502,163.504,379,10,0
1785316500,163.504,163.521,163.492,163.499,252,10,0
1785316800,163.5,163.513,163.473,163.512,376,10,0
1785317100,163.512,163.557,163.505,163.543,430,10,0
1785317400,163.544,163.556,163.533,163.54,398,10,0
1785317700,163.54,163.574,163.536,163.563,262,10,0
1785318000,163.564,163.57,163.461,163.491,480,10,0
1785318300,163.492,163.548,163.492,163.533,344,10,0
1785318600,163.534,163.536,163.5,163.525,486,10,0
1785318900,163.526,163.546,163.512,163.525,484,10,0
1785319200,163.526,163.543,163.512,163.531,453,10,0
1785319500,163.531,163.554,163.514,163.52,422,10,0
1785319800,163.521,163.556,163.517,163.538,370,10,0
1785320100,163.539,163.543,163.508,163.519,384,10,0
1785320400,163.519,163.541,163.49,163.532,408,10,0
1785320700,163.534,163.589,163.524,163.583,389,10,0
1785321000,163.582,163.606,163.581,163.594,415,10,0
1785321300,163.595,163.597,163.563,163.569,283,10,0
1785321600,163.57,163.599,163.549,163.597,293,10,0
1785321900,163.598,163.608,163.583,163.599,293,10,0
1785322200,163.6,163.654,163.6,163.647,259,10,0
1785322500,163.649,163.689,163.648,163.676,561,10,0
1785322800,163.677,163.69,163.651,163.663,412,10,0
1785323100,163.664,163.667,163.647,163.663,321,10,0
1785323400,163.662,163.68,163.645,163.646,410,10,0
1785323700,163.647,163.651,163.632,163.637,274,10,0
1785324000,163.638,163.638,163.605,163.614,319,10,0
1785324300,163.615,163.634,163.602,163.604,223,10,0
1785324600,163.604,163.639,163.604,163.62,220,10,0
1785324900,163.62,163.625,163.602,163.605,319,10,0
1785325200,163.605,163.606,163.585,163.589,203,10,0
1785325500,163.59,163.592,163.558,163.566,189,10,0
1785325800,163.566,163.57,163.552,163.568,167,10,0
1785326100,163.568,163.597,163.567,163.58,249,10,0
1785326400,163.579,163.614,163.579,163.585,261,10,0
1785326700,163.585,163.59,163.55,163.555,363,10,0
1785327000,163.554,163.555,163.535,163.536,255,10,0
1785327300,163.537,163.538,163.522,163.531,214,10,0
1785327600,163.531,163.557,163.528,163.53,203,10,0
1785327900,163.529,163.546,163.529,163.532,137,10,0
1785328200,163.531,163.541,163.502,163.504,183,10,0
1785328500,163.504,163.559,163.501,163.559,224,10,0
1785328800,163.559,163.573,163.542,163.562,189,10,0
1785329100,163.561,163.585,163.549,163.57,267,10,0
1785329400,163.575,163.593,163.575,163.589,191,10,0
1785329700,163.59,163.61,163.583,163.605,261,10,0
1785330000,163.606,163.632,163.599,163.599,253,10,0
1785330300,163.6,163.639,163.599,163.625,353,10,0
1785330600,163.625,163.64,163.623,163.636,239,10,0
1785330900,163.636,163.648,163.612,163.625,216,10,0
1785331200,163.624,163.649,163.623,163.649,186,10,0
1785331500,163.649,163.665,163.647,163.648,232,11,0
1785331800,163.647,163.662,163.639,163.66,168,10,0
1785332100,163.659,163.68,163.657,163.678,216,11,0
1785332400,163.679,163.69,163.666,163.673,217,11,0
1785332700,163.673,163.682,163.666,163.674,256,11,0
1785333000,163.675,163.686,163.674,163.683,211,10,0
1785333300,163.683,163.685,163.651,163.655,134,11,0
1785333600,163.653,163.683,163.643,163.681,232,11,0
1785333900,163.681,163.681,163.663,163.664,186,10,0
1785334200,163.665,163.68,163.663,163.676,152,10,0
1785334500,163.676,163.68,163.655,163.656,148,10,0
1785334800,163.657,163.681,163.655,163.668,156,10,0
1785335100,163.668,163.669,163.637,163.637,195,10,0
1785335400,163.637,163.673,163.635,163.665,196,10,0
1785335700,163.666,163.676,163.658,163.659,156,11,0
1785336000,163.659,163.674,163.658,163.666,136,10,0
1785336300,163.667,163.676,163.651,163.663,212,10,0
1785336600,163.663,163.667,163.652,163.661,180,10,0
1785336900,163.661,163.666,163.64,163.641,220,11,0
1785337200,163.64,163.657,163.626,163.652,413,11,0
1785337500,163.652,163.68,163.652,163.676,294,10,0
1785337800,163.675,163.714,163.673,163.69,195,10,0
1785338100,163.691,163.764,163.69,163.744,730,10,0
1785338400,163.743,163.755,163.731,163.748,359,10,0
1785338700,163.749,163.759,163.741,163.754,326,11,0
1785339000,163.754,163.773,163.745,163.747,277,10,0
1785339300,163.748,163.752,163.734,163.741,318,10,0
1785339600,163.743,163.787,163.742,163.765,359,11,0
1785339900,163.764,163.774,163.759,163.766,228,10,0
1785340200,163.766,163.805,163.765,163.798,328,10,0
1785340500,163.797,163.816,163.792,163.792,294,10,0
1785340800,163.792,163.809,163.784,163.788,292,10,0
1785341100,163.789,163.795,163.77,163.781,295,10,0
1785341400,163.782,163.796,163.769,163.769,191,10,0
1785341700,163.769,163.773,163.755,163.758,251,10,0
1785342000,163.759,163.759,163.726,163.741,286,10,0
1785342300,163.742,163.747,163.726,163.743,260,10,0
1785342600,163.742,163.779,163.739,163.76,297,10,0
1785342900,163.759,163.772,163.745,163.748,303,10,0
1785343200,163.748,163.757,163.724,163.732,247,10,0
1785343500,163.732,163.745,163.727,163.727,244,10,0
1785343800,163.728,163.757,163.728,163.746,227,10,0
1785344100,163.745,163.763,163.744,163.747,253,10,0
1785344400,163.746,163.75,163.734,163.746,198,10,0
1785344700,163.747,163.768,163.744,163.768,260,10,0
1785345000,163.768,163.783,163.756,163.775,274,10,0
1785345300,163.775,163.788,163.77,163.775,230,10,0
1785345600,163.776,163.788,163.756,163.756,275,10,0
1785345900,163.757,163.761,163.745,163.753,278,10,0
1785346200,163.751,163.776,163.744,163.775,212,10,0
1785346500,163.774,163.787,163.768,163.783,250,10,0
1785346800,163.781,163.834,163.774,163.823,336,10,0
1785347100,163.822,163.845,163.82,163.842,331,10,0
1785347400,163.841,163.85,163.824,163.844,289,10,0
1785347700,163.844,163.882,163.844,163.881,482,10,0
1785348000,163.883,163.883,163.846,163.85,480,10,0
1785348300,163.849,163.856,163.838,163.839,183,10,0
1785348600,163.839,163.839,163.826,163.836,289,10,0
1785348900,163.837,163.865,163.828,163.863,189,11,0
1785349200,163.865,163.869,163.855,163.861,124,10,0
1785349500,163.866,163.868,163.841,163.845,215,10,0
1785349800,163.846,163.855,163.837,163.852,461,10,0
1785350100,163.853,163.856,163.839,163.855,254,10,0
1785350400,163.855,163.864,163.848,163.855,228,10,0
1785350700,163.855,163.856,163.838,163.851,172,10,0
1785351000,163.851,163.856,163.849,163.85,91,10,0
1785351300,163.85,163.865,163.841,163.855,198,10,0
1785351600,163.854,163.876,163.852,163.867,185,10,0
1785351900,163.867,163.89,163.866,163.88,243,10,0
1785352200,163.88,163.901,163.874,163.885,191,10,0
1785352500,163.885,163.892,163.876,163.882,217,10,0
1785352800,163.883,163.888,163.861,163.875,295,10,0
1785353100,163.875,163.881,163.868,163.875,191,10,0
1785353400,163.876,163.89,163.86,163.889,143,10,0
1785353700,163.888,163.891,163.875,163.877,125,10,0
1785354000,163.878,163.878,163.87,163.872,84,11,0
1785354300,163.873,163.876,163.87,163.873,90,10,0
1785354600,163.872,163.879,163.865,163.878,184,10,0
1785354900,163.879,163.89,163.873,163.89,151,10,0
1785355200,163.89,163.892,163.874,163.878,165,10,0
1785355500,163.878,163.89,163.86,163.86,208,10,0
1785355800,163.859,163.861,163.838,163.84,218,10,0
1785356100,163.84,163.849,163.828,163.831,225,11,0
1785356400,163.831,163.835,163.818,163.825,208,11,0
1785356700,163.826,163.848,163.824,163.839,278,10,0
1785357000,163.838,163.85,163.825,163.831,229,10,0
1785357300,163.832,163.851,163.827,163.846,164,10,0
1785357600,163.846,163.851,163.808,163.813,283,10,0
1785357900,163.816,163.821,163.786,163.8,342,10,0
1785358200,163.8,163.8,163.762,163.778,355,10,0
1785358500,163.776,163.792,163.768,163.787,205,11,0
1785358800,163.79,163.831,163.444,163.563,1491,10,0
1785359100,163.561,163.596,163.486,163.558,1373,10,0
1785359400,163.56,163.602,163.499,163.502,1224,10,0
1785359700,163.501,163.558,163.477,163.556,924,10,0
1785360000,163.557,163.585,163.55,163.584,720,10,0
1785360300,163.585,163.606,163.541,163.545,402,10,0
1785360600,163.543,163.646,163.443,163.58,1372,10,0
1785360900,163.579,163.623,163.47,163.478,813,10,0
1785361200,163.477,163.512,163.433,163.442,1151,10,0
1785361500,163.443,163.451,163.342,163.359,1186,10,0
1785361800,163.358,163.405,163.316,163.328,1230,10,0
1785362100,163.33,163.374,163.31,163.313,949,10,0
1785362400,163.312,163.354,163.225,163.338,1310,10,0
1785362700,163.338,163.423,163.327,163.421,1103,10,0
1785363000,163.422,163.442,163.344,163.355,1100,10,0
1785363300,163.355,163.37,163.249,163.254,1075,10,0
1785363600,163.255,163.433,163.252,163.392,1231,10,0
1785363900,163.392,163.41,163.362,163.392,1102,10,0
1785364200,163.39,163.497,163.386,163.463,1182,10,0
1785364500,163.464,163.48,163.409,163.422,1182,10,0
1785364800,163.42,163.446,163.386,163.412,1045,10,0
1785365100,163.411,163.449,163.41,163.423,792,10,0
1785365400,163.426,163.486,163.421,163.472,918,10,0
1785365700,163.474,163.515,163.463,163.508,592,10,0
1785366000,163.508,163.53,163.473,163.505,544,10,0
1785366300,163.503,163.53,163.499,163.517,327,10,0
1785366600,163.517,163.545,163.512,163.528,348,10,0
1785366900,163.528,163.557,163.522,163.534,245,10,0
1785367200,163.535,163.548,163.526,163.543,149,11,0
1785367500,163.543,163.562,163.525,163.546,251,10,0
1785367800,163.545,163.549,163.489,163.489,361,10,0
1785368100,163.489,163.5,163.476,163.49,209,10,0
1785368400,163.489,163.493,163.465,163.468,376,10,0
1785368700,163.467,163.467,163.423,163.454,496,11,0
1785369000,163.452,163.461,163.443,163.449,411,13,0
1785369300,163.448,163.449,163.331,163.376,445,13,0
1785369600,163.377,163.396,163.3,163.372,16,48,0
1785369900,163.365,163.374,163.358,163.374,9,83,0
1785370200,163.372,163.384,163.369,163.372,22,65,0
1785370500,163.372,163.372,163.372,163.372,5,78,0
1785370800,163.373,163.373,163.368,163.368,8,71,0
1785371100,163.369,163.374,163.369,163.371,32,61,0
1785371400,163.371,163.38,163.368,163.374,90,56,0
1785371700,163.375,163.378,163.354,163.358,167,45,0
1785372000,163.37,163.382,163.358,163.382,107,50,0
1785372300,163.379,163.394,163.368,163.375,112,37,0
1785372600,163.376,163.384,163.368,163.381,76,57,0
1785372900,163.385,163.385,163.372,163.383,72,60,0
1785373200,163.383,163.414,163.375,163.388,164,22,0
1785373500,163.385,163.415,163.381,163.41,231,20,0
1785373800,163.411,163.414,163.4,163.406,95,21,0
1785374100,163.406,163.412,163.39,163.409,134,19,0
1785374400,163.408,163.431,163.407,163.425,64,16,0
1785374700,163.426,163.443,163.425,163.437,146,14,0
1785375000,163.437,163.439,163.42,163.42,133,15,0
1785375300,163.421,163.423,163.406,163.42,56,16,0
1785375600,163.421,163.422,163.404,163.406,103,15,0
1785375900,163.406,163.407,163.393,163.398,106,12,0
1785376200,163.399,163.407,163.388,163.398,149,14,0
1785376500,163.398,163.398,163.374,163.378,145,14,0
1785376800,163.378,163.382,163.323,163.324,223,12,0
1785377100,163.323,163.339,163.296,163.307,219,10,0
1785377400,163.308,163.361,163.305,163.352,308,10,0
1785377700,163.352,163.376,163.35,163.373,125,10,0
1785378000,163.374,163.376,163.36,163.376,145,11,0
1785378300,163.377,163.381,163.363,163.365,106,12,0
1785378600,163.362,163.379,163.36,163.362,107,11,0
1785378900,163.362,163.377,163.362,163.376,78,12,0
1785379200,163.376,163.38,163.363,163.376,136,10,0
1785379500,163.376,163.38,163.322,163.322,168,10,0
1785379800,163.323,163.325,163.268,163.309,423,10,0
1785380100,163.309,163.328,163.295,163.302,303,10,0
1785380400,163.303,163.307,163.229,163.261,766,10,0
1785380700,163.26,163.291,163.203,163.235,615,10,0
1785381000,163.235,163.274,163.23,163.252,453,10,0
1785381300,163.252,163.335,163.247,163.334,607,10,0
1785381600,163.333,163.364,163.327,163.355,545,10,0
1785381900,163.356,163.494,163.356,163.486,740,10,0
1785382200,163.485,163.49,163.45,163.467,617,10,0
1785382500,163.468,163.509,163.451,163.484,517,10,0
1785382800,163.484,163.487,163.438,163.442,561,10,0
1785383100,163.442,163.465,163.412,163.42,380,10,0
1785383400,163.417,163.471,163.403,163.435,875,10,0
1785383700,163.434,163.49,163.412,163.486,395,10,0
1785384000,163.485,163.485,163.435,163.443,493,10,0
1785384300,163.442,163.459,163.422,163.436,378,10,0
1785384600,163.438,163.455,163.409,163.429,425,10,0
1785384900,163.427,163.469,163.426,163.454,540,10,0
1785385200,163.454,163.527,163.453,163.507,491,10,0
1785385500,163.507,163.512,163.472,163.481,352,10,0
1785385800,163.481,163.487,163.412,163.443,393,10,0
1785386100,163.444,163.447,163.418,163.436,291,10,0
1785386400,163.437,163.471,163.432,163.469,258,10,0
1785386700,163.47,163.489,163.461,163.484,294,10,0
1785387000,163.485,163.497,163.465,163.482,259,11,0
1785387300,163.482,163.511,163.481,163.496,241,10,0
1785387600,163.497,163.498,163.446,163.446,217,10,0
1785387900,163.445,163.482,163.444,163.458,281,11,0
1785388200,163.458,163.478,163.448,163.472,277,10,0
1785388500,163.472,163.496,163.471,163.487,197,10,0
1785388800,163.487,163.499,163.471,163.497,191,10,0
1785389100,163.495,163.497,163.478,163.486,193,11,0
1785389400,163.486,163.489,163.453,163.466,202,10,0
1785389700,163.467,163.474,163.457,163.469,131,10,0
1785390000,163.468,163.479,163.462,163.468,187,10,0
1785390300,163.467,163.47,163.46,163.467,130,11,0
1785390600,163.466,163.469,163.451,163.457,171,11,0
1785390900,163.457,163.484,163.456,163.483,200,10,0
1785391200,163.484,163.509,163.48,163.493,163,10,0
1785391500,163.494,163.509,163.489,163.505,160,11,0
1785391800,163.506,163.534,163.505,163.52,312,10,0
1785392100,163.52,163.54,163.518,163.533,177,10,0
1785392400,163.533,163.533,163.491,163.498,380,11,0
1785392700,163.498,163.521,163.496,163.511,222,10,0
1785393000,163.511,163.548,163.51,163.522,285,10,0
1785393300,163.521,163.523,163.506,163.512,168,11,0
1785393600,163.513,163.513,163.498,163.506,156,11,0
1785393900,163.507,163.509,163.492,163.496,184,11,0
1785394200,163.497,163.507,163.491,163.494,143,10,0
1785394500,163.494,163.498,163.491,163.496,80,10,0
1785394800,163.495,163.511,163.484,163.507,148,11,0
1785395100,163.507,163.518,163.496,163.498,138,10,0
1785395400,163.497,163.499,163.477,163.478,88,10,0
1785395700,163.475,163.479,163.457,163.477,134,11,0
1785396000,163.478,163.489,163.463,163.473,194,11,0
1785396300,163.474,163.481,163.47,163.474,139,10,0
1785396600,163.473,163.473,163.459,163.461,166,11,0
1785396900,163.462,163.473,163.462,163.468,135,12,0
1785397200,163.468,163.485,163.459,163.475,182,11,0
1785397500,163.475,163.485,163.474,163.483,141,10,0
1785397800,163.482,163.511,163.482,163.491,183,10,0
1785398100,163.49,163.507,163.482,163.485,187,11,0
1785398400,163.485,163.504,163.484,163.485,170,11,0
1785398700,163.484,163.488,163.479,163.481,108,11,0
1785399000,163.48,163.486,163.452,163.456,124,10,0
1785399300,163.457,163.486,163.456,163.485,120,10,0
1785399600,163.485,163.489,163.47,163.478,169,10,0
1785399900,163.478,163.487,163.476,163.487,120,11,0
1785400200,163.486,163.515,163.483,163.509,176,11,0
1785400500,163.51,163.516,163.501,163.51,119,11,0
1785400800,163.51,163.512,163.498,163.499,208,10,0
1785401100,163.503,163.511,163.478,163.496,221,10,0
1785401400,163.495,163.511,163.495,163.501,254,10,0
1785401700,163.502,163.543,163.502,163.532,283,10,0
1785402000,163.531,163.566,163.528,163.556,409,10,0
1785402300,163.556,163.572,163.554,163.568,240,10,0
1785402600,163.568,163.598,163.56,163.591,331,11,0
1785402900,163.591,163.614,163.586,163.613,326,10,0
1785403200,163.613,163.629,163.588,163.589,193,10,0
1785403500,163.589,163.597,163.579,163.594,209,10,0
1785403800,163.594,163.621,163.578,163.58,266,10,0
1785404100,163.58,163.591,163.549,163.565,341,10,0
1785404400,163.565,163.581,163.562,163.576,397,10,0
1785404700,163.577,163.588,163.558,163.58,333,10,0
1785405000,163.579,163.603,163.556,163.601,292,11,0
1785405300,163.602,163.64,163.601,163.636,324,10,0
1785405600,163.636,163.642,163.554,163.569,618,10,0
1785405900,163.568,163.593,163.56,163.586,568,10,0
1785406200,163.585,163.608,163.58,163.596,451,10,0
1785406500,163.597,163.62,163.597,163.618,473,10,0
1785406800,163.619,163.635,163.6,163.602,376,10,0
1785407100,163.603,163.647,163.602,163.642,431,10,0
1785407400,163.642,163.69,163.641,163.685,568,10,0
1785407700,163.684,163.696,163.663,163.666,385,10,0
1785408000,163.666,163.697,163.663,163.697,330,10,0
1785408300,163.696,163.725,163.694,163.719,335,10,0
1785408600,163.719,163.733,163.706,163.733,406,10,0
1785408900,163.732,163.734,163.715,163.726,365,10,0
1785409200,163.727,163.729,163.689,163.693,473,10,0
1785409500,163.692,163.693,163.659,163.678,412,10,0
1785409800,163.677,163.678,163.621,163.64,381,10,0
1785410100,163.64,163.655,163.626,163.654,296,10,0
1785410400,163.654,163.659,163.616,163.636,394,10,0
1785410700,163.637,163.643,163.603,163.61,406,10,0
1785411000,163.61,163.621,163.598,163.621,355,11,0
1785411300,163.621,163.647,163.619,163.647,213,10,0
1785411600,163.648,163.648,163.616,163.617,242,10,0
1785411900,163.616,163.632,163.605,163.627,299,10,0
1785412200,163.627,163.656,163.627,163.646,277,11,0
1785412500,163.645,163.655,163.636,163.646,212,10,0
1785412800,163.645,163.646,163.569,163.579,372,10,0
1785413100,163.58,163.591,163.482,163.496,398,10,0
1785413400,163.503,163.534,163.484,163.526,659,10,0
1785413700,163.527,163.537,163.478,163.495,509,10,0
1785414000,163.496,163.497,163.456,163.483,529,10,0
1785414300,163.483,163.498,163.451,163.461,393,10,0
1785414600,163.459,163.481,163.435,163.441,419,10,0
1785414900,163.442,163.442,163.378,163.413,448,10,0
1785415200,163.412,163.418,163.385,163.395,417,10,0
1785415500,163.396,163.407,163.289,163.298,567,10,0
1785415800,163.299,163.348,163.287,163.336,541,10,0
1785416100,163.336,163.337,163.277,163.302,515,10,0
1785416400,163.301,163.31,163.251,163.297,528,10,0
1785416700,163.297,163.306,163.19,163.208,558,10,0
1785417000,163.207,163.207,162.918,162.981,1113,10,0
1785417300,162.978,162.984,162.285,162.854,1699,10,0
1785417600,162.852,162.961,162.817,162.82,1157,10,0
1785417900,162.818,162.865,162.639,162.863,959,10,0
1785418200,162.863,162.863,162.736,162.811,1023,10,0
1785418500,162.81,162.846,162.79,162.814,800,10,0
1785418800,162.813,162.826,162.699,162.73,1057,10,0
1785419100,162.729,162.784,162.684,162.783,952,10,0
1785419400,162.785,162.851,162.773,162.827,798,10,0
1785419700,162.825,162.85,162.81,162.82,458,10,0
1785420000,162.818,162.83,162.715,162.732,598,10,0
1785420300,162.731,162.785,162.71,162.761,817,10,0
1785420600,162.763,162.823,162.759,162.791,580,10,0
1785420900,162.789,162.819,162.772,162.815,653,10,0
1785421200,162.814,162.921,162.806,162.893,704,10,0
1785421500,162.892,162.974,162.882,162.954,484,10,0
1785421800,162.953,163.007,162.927,163.007,608,10,0
1785422100,163.007,163.038,162.97,163.002,628,10,0
1785422400,163.002,163.025,162.974,162.979,548,10,0
1785422700,162.977,162.979,162.915,162.916,434,10,0
1785423000,162.915,162.961,162.887,162.922,704,10,0
1785423300,162.928,162.93,162.873,162.887,320,10,0
1785423600,162.888,162.917,162.872,162.898,533,10,0
1785423900,162.898,162.942,162.889,162.942,627,10,0
1785424200,162.94,162.94,162.849,162.873,705,10,0
1785424500,162.874,162.931,162.873,162.899,625,10,0
1785424800,162.899,162.913,162.87,162.892,609,10,0
1785425100,162.889,162.899,162.864,162.89,270,10,0
1785425400,162.89,162.924,162.774,162.868,740,10,0
1785425700,162.869,162.884,162.768,162.778,1021,10,0
1785426000,162.777,162.827,162.697,162.714,1034,10,0
1785426300,162.715,162.808,162.689,162.794,1078,10,0
1785426600,162.794,162.917,162.782,162.897,945,10,0
1785426900,162.897,162.952,162.884,162.95,870,10,0
1785427200,162.951,162.954,162.901,162.917,932,10,0
1785427500,162.916,162.922,162.845,162.904,990,10,0
1785427800,162.903,162.925,162.846,162.877,979,10,0
1785428100,162.879,162.9,162.863,162.866,801,10,0
1785428400,162.865,162.875,162.746,162.747,707,10,0
1785428700,162.745,162.804,162.706,162.773,821,10,0
1785429000,162.774,162.807,162.726,162.792,794,10,0
1785429300,162.794,162.803,160.776,161.054,2413,10,0
1785429600,161.059,161.464,160.28,160.601,2524,10,0
1785429900,160.598,160.972,160.426,160.831,2188,10,0
1785430200,160.831,161.183,160.113,160.128,2312,10,0
1785430500,160.129,160.268,159.736,159.741,2233,10,0
1785430800,159.739,159.835,159.197,159.233,2195,10,0
1785431100,159.233,159.949,159.006,159.187,2344,10,0
1785431400,159.191,159.36,158.785,158.865,2558,10,0
1785431700,158.865,158.883,158.247,158.263,2493,10,0
1785432000,158.263,158.64,157.958,158.634,2502,10,0
1785432300,158.635,159.357,158.62,159.226,2283,10,0
1785432600,159.223,159.434,158.717,159.222,2153,10,0
1785432900,159.218,159.395,159.158,159.363,1905,10,0
1785433200,159.364,159.652,159.298,159.441,1841,10,0
1785433500,159.441,159.649,159.332,159.582,1706,10,0
1785433800,159.581,159.67,159.461,159.506,1574,10,0
1785434100,159.506,159.55,159.27,159.276,1577,10,0
1785434400,159.277,159.481,159.262,159.478,1483,10,0
1785434700,159.476,159.508,158.899,159.249,1557,10,0
1785435000,159.251,159.61,159.234,159.417,1539,10,0
1785435300,159.418,159.507,159.348,159.458,1312,10,0
1785435600,159.458,159.478,159.405,159.429,1072,10,0
1785435900,159.428,159.451,159.38,159.444,923,10,0
1785436200,159.445,159.54,159.339,159.365,1001,10,0
1785436500,159.365,159.426,159.3,159.316,891,10,0
1785436800,159.315,159.356,159.278,159.307,713,10,0
1785437100,159.306,159.44,159.275,159.337,891,10,0
1785437400,159.336,159.479,159.308,159.438,951,10,0
1785437700,159.443,159.47,159.386,159.467,759,10,0
1785438000,159.468,159.522,159.427,159.466,818,10,0
1785438300,159.465,159.496,159.382,159.393,903,10,0
1785438600,159.398,159.485,159.388,159.441,1042,10,0
1785438900,159.442,159.496,159.385,159.391,811,10,0
1785439200,159.39,159.467,159.365,159.442,778,10,0
1785439500,159.443,159.48,159.392,159.431,698,10,0
1785439800,159.426,159.479,159.404,159.478,735,10,0
1785440100,159.477,159.54,159.464,159.518,633,10,0
1785440400,159.517,159.599,159.491,159.589,591,10,0
1785440700,159.589,159.634,159.562,159.582,466,10,0
1785441000,159.582,159.685,159.571,159.655,491,10,0
1785441300,159.654,159.662,159.565,159.566,484,10,0
1785441600,159.565,159.681,159.553,159.677,631,10,0
1785441900,159.676,159.681,159.63,159.63,422,10,0
1785442200,159.631,159.692,159.622,159.66,452,10,0
1785442500,159.66,159.728,159.658,159.715,513,10,0
1785442800,159.715,159.813,159.712,159.81,446,10,0
1785443100,159.809,159.839,159.767,159.784,526,10,0
1785443400,159.784,159.817,159.746,159.812,470,10,0
1785443700,159.811,159.82,158.508,158.536,1662,10,0
1785444000,158.536,159.257,158.503,158.785,1511,10,0
1785444300,158.784,159.054,158.755,159.034,1098,10,0
1785444600,159.033,159.107,158.943,159.101,1207,10,0
1785444900,159.1,159.137,158.975,158.991,896,10,0
1785445200,158.985,159.035,158.942,158.98,1081,10,0
1785445500,158.979,159.079,158.856,158.896,788,10,0
1785445800,158.894,158.94,158.838,158.871,638,10,0
1785446100,158.868,158.989,158.844,158.988,486,10,0
1785446400,158.988,159.086,158.952,159.07,629,10,0
1785446700,159.072,159.091,158.993,159.006,457,10,0
1785447000,159.007,159.084,158.94,158.974,569,10,0
1785447300,158.973,159.092,158.973,159.088,294,10,0
1785447600,159.088,159.094,158.992,159.02,407,10,0
1785447900,159.021,159.029,158.986,159.01,312,10,0
1785448200,159.002,159.067,158.979,159.002,578,10,0
1785448500,159.001,159.03,158.879,158.888,859,10,0
1785448800,158.888,159.099,158.888,159.091,750,10,0
1785449100,159.091,159.156,159.052,159.135,498,10,0
1785449400,159.135,159.202,159.112,159.17,504,10,0
1785449700,159.172,159.235,159.171,159.2,471,10,0
1785450000,159.201,159.228,159.176,159.213,389,10,0
1785450300,159.213,159.326,159.189,159.306,438,10,0
1785450600,159.307,159.392,159.299,159.39,585,10,0
1785450900,159.39,159.426,159.376,159.419,482,10,0
1785451200,159.418,159.423,159.376,159.392,363,10,0
1785451500,159.391,159.391,159.308,159.319,445,10,0
1785451800,159.32,159.419,159.303,159.376,445,10,0
1785452100,159.367,159.367,159.28,159.343,668,10,0
1785452400,159.344,159.384,159.334,159.352,365,10,0
1785452700,159.353,159.395,159.352,159.359,253,10,0
1785453000,159.361,159.391,159.35,159.387,154,11,0
1785453300,159.384,159.461,159.379,159.456,254,10,0
1785453600,159.455,159.515,159.449,159.509,339,10,0
1785453900,159.509,159.511,159.47,159.495,327,10,0
1785454200,159.494,159.507,159.341,159.495,444,10,0
1785454500,159.496,159.539,159.476,159.49,258,10,0
1785454800,159.491,159.537,159.477,159.537,229,10,0
1785455100,159.537,159.602,159.52,159.591,480,11,0
1785455400,159.591,159.592,159.559,159.586,150,10,0
1785455700,159.583,159.583,159.453,159.511,234,14,0
1785456000,159.502,159.502,159.39,159.42,16,66,0
1785456300,159.42,159.471,159.392,159.426,21,94,0
1785456600,159.411,159.471,159.403,159.471,12,91,0
1785456900,159.477,159.496,159.477,159.493,17,63,0
1785457200,159.493,159.493,159.489,159.491,7,61,0
1785457500,159.491,159.513,159.478,159.513,26,52,0
1785457800,159.512,159.557,159.509,159.543,24,48,0
1785458100,159.528,159.56,159.528,159.559,17,51,0
1785458400,159.559,159.592,159.555,159.59,15,40,0
1785458700,159.591,159.596,159.559,159.573,64,31,0
1785459000,159.574,159.621,159.568,159.616,71,20,0
1785459300,159.616,159.668,159.591,159.632,62,23,0
1785459600,159.632,159.641,159.493,159.493,553,18,0
1785459900,159.481,159.614,159.481,159.588,250,15,0
1785460200,159.588,159.689,159.586,159.67,131,14,0
1785460500,159.67,159.762,159.655,159.712,260,14,0
1785460800,159.722,159.777,159.713,159.744,338,10,0
1785461100,159.744,159.772,159.718,159.718,150,10,0
1785461400,159.718,159.757,159.705,159.708,238,11,0
1785461700,159.714,159.721,159.363,159.474,707,10,0
1785462000,159.476,159.64,159.467,159.576,475,10,0
1785462300,159.574,159.615,159.549,159.609,328,10,0
1785462600,159.608,159.706,159.602,159.68,472,10,0
1785462900,159.68,159.697,159.647,159.647,274,11,0
1785463200,159.65,159.65,159.571,159.633,588,10,0
1785463500,159.634,159.735,159.584,159.734,339,10,0
1785463800,159.736,159.861,159.729,159.837,418,10,0
1785464100,159.84,159.916,159.796,159.798,524,10,0
1785464400,159.797,159.858,159.77,159.858,568,10,0
1785464700,159.86,159.915,159.818,159.912,336,10,0
1785465000,159.911,160.005,159.9,159.968,394,10,0
1785465300,159.968,160.154,159.956,160.132,907,10,0
1785465600,160.133,160.188,160.063,160.185,775,10,0
1785465900,160.185,160.185,160.133,160.16,433,10,0
1785466200,160.16,160.186,160.121,160.173,521,10,0
1785466500,160.174,160.204,160.129,160.182,500,10,0
1785466800,160.176,160.252,160.156,160.221,1086,10,0
1785467100,160.221,160.398,160.217,160.306,1083,10,0
1785467400,160.307,160.339,160.214,160.307,970,10,0
1785467700,160.308,160.354,160.215,160.228,812,10,0
1785468000,160.229,160.283,160.139,160.193,761,10,0
1785468300,160.193,160.282,160.193,160.261,538,10,0
1785468600,160.26,160.374,160.245,160.362,614,10,0
1785468900,160.363,160.518,160.339,160.491,795,10,0
1785469200,160.491,160.538,160.465,160.52,838,10,0
1785469500,160.517,160.641,160.495,160.627,828,10,0
1785469800,160.626,160.68,160.494,160.639,1245,10,0
1785470100,160.632,160.634,160.427,160.534,1280,10,0
1785470400,160.532,160.637,160.514,160.563,929,10,0
1785470700,160.56,160.614,160.516,160.556,861,10,0
1785471000,160.554,160.608,160.333,160.476,1075,10,0
1785471300,160.475,160.581,160.461,160.504,1010,10,0
1785471600,160.503,160.535,160.427,160.486,787,10,0
1785471900,160.485,160.504,160.415,160.501,486,10,0
1785472200,160.503,160.551,160.442,160.51,717,10,0
1785472500,160.511,160.589,160.511,160.588,767,10,0
1785472800,160.588,160.611,160.554,160.597,680,10,0
1785473100,160.597,160.661,160.575,160.66,603,10,0
1785473400,160.66,160.716,160.642,160.71,527,10,0
1785473700,160.711,160.739,160.671,160.731,539,10,0
1785474000,160.73,160.73,160.63,160.658,688,10,0
1785474300,160.657,160.661,160.587,160.622,600,10,0
1785474600,160.622,160.633,160.532,160.553,512,10,0
1785474900,160.553,160.61,160.553,160.608,342,10,0
1785475200,160.608,160.608,160.498,160.601,578,10,0
1785475500,160.601,160.61,160.53,160.597,417,10,0
1785475800,160.597,160.605,160.472,160.509,318,10,0
1785476100,160.509,160.559,160.506,160.545,234,10,0
1785476400,160.547,160.624,160.546,160.609,194,10,0
1785476700,160.608,160.65,160.548,160.556,478,10,0
1785477000,160.556,160.572,160.428,160.513,387,10,0
1785477300,160.512,160.567,160.477,160.504,481,10,0
1785477600,160.505,160.624,160.466,160.624,495,10,0
1785477900,160.624,160.636,160.555,160.599,369,10,0
1785478200,160.599,160.875,160.583,160.738,1053,10,0
1785478500,160.734,160.834,160.706,160.787,577,10,0
1785478800,160.784,160.84,160.764,160.825,373,10,0
1785479100,160.825,160.841,160.766,160.829,619,10,0
1785479400,160.828,160.857,160.68,160.681,680,10,0
1785479700,160.68,160.726,160.649,160.695,679,10,0
1785480000,160.688,160.765,160.675,160.675,459,10,0
1785480300,160.676,160.68,160.493,160.65,696,10,0
1785480600,160.652,160.684,160.603,160.678,583,10,0
1785480900,160.678,160.678,160.578,160.606,570,10,0
1785481200,160.607,160.622,160.555,160.594,478,10,0
1785481500,160.595,160.675,160.576,160.645,402,10,0
1785481800,160.645,160.686,160.623,160.685,517,10,0
1785482100,160.686,160.74,160.666,160.691,520,10,0
1785482400,160.693,160.71,160.634,160.685,483,10,0
1785482700,160.685,160.738,160.659,160.725,398,10,0
1785483000,160.726,160.727,160.686,160.708,591,10,0
1785483300,160.71,160.75,160.697,160.739,453,10,0
1785483600,160.739,160.745,160.693,160.706,410,10,0
1785483900,160.705,160.795,160.701,160.789,298,10,0
1785484200,160.789,160.802,160.659,160.679,480,10,0
1785484500,160.679,160.72,160.659,160.677,540,10,0
1785484800,160.677,160.697,160.618,160.65,602,10,0
1785485100,160.652,160.673,160.585,160.629,490,10,0
1785485400,160.63,160.671,160.596,160.662,436,11,0
1785485700,160.661,160.662,160.584,160.616,401,10,0
1785486000,160.615,160.688,160.614,160.678,422,10,0
1785486300,160.679,160.738,160.676,160.733,480,10,0
1785486600,160.728,160.74,160.535,160.649,816,10,0
1785486900,160.648,160.689,160.611,160.664,683,10,0
1785487200,160.663,160.685,160.618,160.672,717,10,0
1785487500,160.673,160.698,160.661,160.68,596,10,0
1785487800,160.68,160.686,160.623,160.635,467,10,0
1785488100,160.635,160.645,160.556,160.596,505,10,0
1785488400,160.591,160.603,160.484,160.49,712,10,0
1785488700,160.491,160.522,160.314,160.38,1102,10,0
1785489000,160.38,160.447,160.359,160.371,676,10,0
